ply
format ascii 1.0
comment Created by Open3D
element vertex 4950
property double x
property double y
property double z
property double nx
property double ny
property double nz
property uchar red
property uchar green
property uchar blue
element face 8361
property list uchar uint vertex_indices
end_header
0.6975 0.395714 0.0075 0.123094 0.991873 -0.0321978 67 40 13
0.68302 0.3975 0.0075 0.394701 0.868671 0.299369 77 50 23
0.6975 0.3975 0.0177961 0.164772 0.966226 -0.198134 62 33 5
0.6825 0.39771 0.0075 0.175385 0.963047 -0.204401 77 50 23
0.6975 0.398677 0.0225 0.0915717 0.954249 -0.284648 61 31 3
0.6825 0.401197 0.0225 0.237355 0.932409 -0.272537 58 31 6
0.6975 0.401563 0.0375 0.110353 0.948484 -0.296985 60 30 3
0.6825 0.407977 0.0375 0.285795 0.908201 -0.305764 58 30 3
0.6975 0.408289 0.0525 0.11263 0.954341 -0.276674 59 28 1
0.6825 0.409621 0.0525 0.0882149 0.993361 -0.073837 57 26 0
0.692984 0.4125 0.0675 -0.197738 0.904068 -0.378895 58 27 1
0.6825 0.410207 0.0675 -0.0814916 0.972531 -0.218045 57 27 0
0.6975 0.4125 0.0636508 -0.0931648 0.938718 -0.331857 59 28 2
0.6825 0.4125 0.071479 -0.186192 0.851281 -0.490564 57 26 0
0.6975 0.416352 0.0825 0.0657894 0.989766 -0.126629 56 26 0
0.6825 0.419588 0.0825 0.214201 0.966181 -0.143569 57 25 0
0.6975 0.418491 0.0975 0.188825 0.9673 -0.169342 61 29 0
0.6825 0.421906 0.0975 0.263493 0.922735 -0.281302 63 29 0
0.6975 0.42278 0.1125 0.278705 0.934895 -0.219763 66 32 1
0.686565 0.4275 0.1125 0.371089 0.887533 -0.27309 94 60 24
0.6825 0.4275 0.109611 0.285576 0.87004 -0.401841 96 62 26
0.6975 0.423246 0.1275 0.167052 0.979295 -0.114349 65 29 0
0.689319 0.4275 0.1275 0.424346 0.903949 -0.0529795 83 46 12
0.7125 0.394336 0.0075 -0.0711663 0.995428 0.0637006 73 45 18
0.7125 0.395353 0.0225 -0.0422426 0.990646 -0.129755 60 30 2
0.701103 0.3975 0.0225 0.196895 0.945459 -0.259498 59 29 1
0.7125 0.3975 0.0261146 0.0458693 0.840991 -0.539102 61 30 2
0.7125 0.404706 0.0375 -0.0508799 0.960822 -0.272456 62 30 2
0.7125 0.406882 0.0525 0.0169429 0.968587 -0.248099 62 31 1
0.7125 0.410948 0.0675 0.0114907 0.939481 -0.342407 62 28 0
0.703988 0.4125 0.0675 0.175962 0.927375 -0.330172 60 27 1
0.7125 0.4125 0.0717006 0.0493736 0.935408 -0.350106 63 29 1
0.6975 0.413573 0.0675 0.0736957 0.962355 -0.261613 59 27 2
0.7125 0.416608 0.0825 0.0358845 0.989365 -0.140961 65 32 2
0.7125 0.417227 0.0975 0.022286 0.993713 -0.109717 68 34 3
0.7125 0.417807 0.1125 0.0795193 0.980658 -0.178849 67 33 0
0.7125 0.423455 0.1275 0.14025 0.981744 -0.128488 71 35 2
0.7125 0.423547 0.1425 0.176045 0.977002 -0.12031 73 36 2
0.701393 0.4275 0.1425 0.331455 0.918804 -0.214329 70 34 1
0.6975 0.4275 0.138589 0.335503 0.880854 -0.333967 68 32 1
0.7125 0.424456 0.1575 0.126853 0.985671 -0.111176 74 36 1
0.705141 0.4275 0.1575 0.355042 0.92731 -0.118499 73 35 0
0.7125 0.4275 0.170133 0.339271 0.914483 -0.220489 77 38 2
0.6975 0.428933 0.1425 0.348563 0.93089 -0.109303 69 33 1
0.6975 0.430392 0.1575 0.220506 0.974432 -0.04312 73 35 0
0.7125 0.428183 0.1725 0.0536483 0.998383 -0.0188071 78 38 2
0.6975 0.428938 0.1725 0.16744 0.983137 -0.0735178 73 35 0
0.7125 0.427893 0.1875 0.136651 0.984308 -0.111642 77 39 2
0.6975 0.434047 0.1875 0.309842 0.94403 -0.113159 75 38 0
0.7125 0.429882 0.2025 0.163062 0.986017 -0.0343599 79 41 0
0.6975 0.432344 0.2025 0.302828 0.94446 -0.127636 75 38 0
0.7125 0.430253 0.2175 0.299195 0.945494 -0.128543 80 42 0
0.6975 0.439758 0.2175 0.395495 0.915799 -0.0699754 80 41 0
0.7125 0.432806 0.2325 0.201238 0.97875 0.0393961 86 45 1
0.6975 0.433229 0.2325 0.130405 0.978739 0.158319 87 48 0
0.7125 0.430068 0.2475 0.118997 0.992833 -0.0110401 90 48 1
0.6975 0.435216 0.2475 0.255714 0.962736 -0.0880348 88 47 0
0.69824 0.4575 0.0225 0.73155 -0.646963 -0.215112 96 74 43
0.6975 0.456664 0.0225 0.73155 -0.646963 -0.215112 96 73 42
0.6975 0.4575 0.0199847 0.73155 -0.646963 -0.215112 95 72 41
0.717069 0.3975 0.0075 -0.827036 0.512245 0.231551 78 50 22
0.719076 0.3975 0.0225 -0.575236 0.817984 -0.00248361 61 32 3
0.724333 0.4125 0.0075 -0.791884 0.357162 0.495333 94 67 38
0.7275 0.400903 0.0225 -0.298369 0.94755 0.114567 66 38 8
0.7275 0.4125 0.00984212 -0.135901 0.617178 0.774998 92 64 35
0.7275 0.40336 0.0375 -0.178304 0.968568 -0.173445 63 31 3
0.7275 0.406062 0.0525 -0.111216 0.955041 -0.274824 61 31 1
0.717828 0.4125 0.0675 -0.215333 0.903144 -0.371434 62 28 0
0.7275 0.4125 0.0638794 -0.206839 0.84922 -0.485843 62 30 0
0.7275 0.426364 0.0075 -0.464749 0.197983 0.863024 93 68 38
0.7275 0.414498 0.0675 0.0147754 0.993104 -0.116299 63 30 0
0.7275 0.414699 0.0825 0.026781 0.993916 -0.106839 66 31 0
0.7275 0.415705 0.0975 -0.01136 0.988488 -0.150871 68 33 2
0.7275 0.421105 0.1125 -0.0426885 0.988198 -0.147112 70 35 2
0.7275 0.420773 0.1275 -0.0486641 0.996522 -0.0676372 71 35 0
0.7275 0.420608 0.1425 0.0372658 0.995152 -0.0910188 73 36 1
0.7275 0.424935 0.1575 0.0287665 0.988675 -0.147288 77 37 2
0.7275 0.425151 0.1725 0.0373719 0.995619 -0.085712 80 40 4
0.715344 0.4275 0.1725 0.18844 0.951194 -0.244376 78 38 2
0.7275 0.4275 0.181151 0.21011 0.94238 -0.260334 81 42 4
0.7275 0.426528 0.2025 0.0457765 0.998009 -0.0433857 82 43 2
0.722889 0.4275 0.2025 0.215083 0.973329 0.0798131 81 43 1
0.7275 0.4275 0.197387 0.25149 0.952226 0.173256 82 43 3
0.7275 0.4275 0.20846 0.200442 0.965112 -0.168471 83 45 2
0.7275 0.429219 0.1875 0.0609656 0.997994 -0.0170429 82 43 4
0.7275 0.429109 0.2175 0.084108 0.99521 -0.049833 84 46 2
0.7275 0.428084 0.2325 0.100127 0.990605 -0.0931446 89 48 4
0.7275 0.431359 0.2475 0.0751081 0.996819 -0.026671 93 50 3
0.7275 0.44677 0.0075 -0.416852 -0.107332 0.902615 93 70 38
0.726519 0.4575 0.0075 -0.561155 -0.345501 0.752153 94 71 39
0.7275 0.4575 0.0088129 0 -0.121453 0.992597 94 71 39
0.8475 0.0848477 0.0075 0.741937 0.627456 0.23628 73 49 23
0.84392 0.0975 0.0075 0.93207 0.256989 0.255347 85 60 33
0.8475 0.0975 -0.00411458 0.339452 0.414613 0.844315 93 68 41
0.838644 0.1125 0.0075 0.956518 0.146938 0.251958 83 56 27
0.8475 0.1125 -0.00734714 0.598563 0.201687 0.775271 94 69 42
0.8475 0.118248 -0.0075 0.531815 0.0278376 0.846403 94 68 41
0.847222 0.1275 -0.0075 0.833162 0.102447 0.543457 94 67 39
0.8475 0.1275 -0.00776775 0.0569264 0.0984501 0.993512 94 67 39
0.838182 0.1275 0.0075 0.983989 0.0455033 0.17232 83 55 25
0.843549 0.1425 -0.0075 0.854295 0.105361 0.508998 92 65 36
0.8475 0.1425 -0.0108183 0.0789935 0.142473 0.986641 94 68 39
0.838379 0.1425 0.0075 0.994861 0.0514818 0.0871897 82 55 24
0.841652 0.1575 -0.0075 0.873259 0.0445026 0.48522 92 64 34
0.8475 0.1575 -0.0114684 0.197572 -0.00272567 0.980285 97 70 41
0.8369 0.1575 0.0075 0.990445 0.0432437 0.13095 81 53 22
0.842375 0.1725 -0.0075 0.892466 -0.058889 0.447254 92 65 34
0.8475 0.1725 -0.0112467 0.174263 -0.0359317 0.984043 98 71 41
0.838 0.1725 0.0075 0.975542 -0.00402948 0.219777 84 56 24
0.843507 0.1875 -0.0075 0.861401 0.0409218 0.506274 94 67 35
0.8475 0.1875 -0.0103686 0.176322 -0.00293071 0.984328 98 71 40
0.837153 0.1875 0.0075 0.972912 0.0311654 0.229063 82 55 22
0.840988 0.2025 -0.0075 0.859616 0.0207785 0.510518 98 71 38
0.8475 0.2025 -0.0104931 0.16703 -0.0294318 0.985512 101 73 41
0.83764 0.2025 0.0075 0.985805 -0.0338885 0.164439 87 59 26
0.84185 0.2175 -0.0075 0.894817 -0.0761899 0.439883 102 73 40
0.8475 0.2175 -0.00993275 0.117031 -0.0422808 0.992228 104 76 43
0.838215 0.2175 0.0075 0.980733 -0.0882491 0.174285 90 61 27
0.844108 0.2325 -0.0075 0.917865 -0.107938 0.381933 103 74 41
0.8475 0.2325 -0.00912325 0.131453 -0.0483039 0.990145 104 76 43
0.840216 0.2325 0.0075 0.972213 -0.0471464 0.229301 95 66 32
0.845194 0.2475 -0.0075 0.913532 -0.023536 0.406086 105 76 43
0.8475 0.2475 -0.00854315 0.0139318 -0.0565729 0.998301 106 77 44
0.839648 0.2475 0.0075 0.968759 -0.027258 0.246502 94 65 31
0.8625 0.0817058 0.0075 0.109397 0.987057 0.117267 74 50 27
0.857598 0.0825 0.0075 0.199386 0.870275 0.450407 73 49 26
0.8625 0.0825 0.00611876 -0.0747127 0.596874 0.798849 76 52 29
0.8625 0.0975 -0.00530849 -0.0975068 0.382147 0.918943 87 64 38
0.8625 0.1125 -0.00648936 -0.0384559 0.113054 0.992844 93 68 41
0.8625 0.116207 -0.0075 -0.0283962 0.156769 0.987227 93 68 40
0.8625 0.1275 -0.0101053 -0.0164751 0.0918437 0.995637 93 68 40
0.8625 0.1425 -0.00917338 -0.0239656 0.0801521 0.996495 93 67 39
0.8625 0.1575 -0.0121117 -0.0671635 0.0443787 0.996755 95 68 40
0.8625 0.1725 -0.0109281 -0.0472139 -0.0543506 0.997405 98 71 42
0.8625 0.1875 -0.0103639 -0.083166 -0.00537553 0.996521 99 72 43
0.8625 0.2025 -0.0114279 -0.0798929 -0.015809 0.996678 101 74 44
0.8625 0.2175 -0.00971913 -0.0480547 -0.0692922 0.996438 103 76 44
0.8625 0.2325 -0.00910038 -0.0677388 -0.0632201 0.995698 104 76 43
0.8625 0.245879 -0.0075 -0.135346 -0.12466 0.982925 105 77 44
0.859922 0.2475 -0.0075 -0.0835019 -0.0838355 0.992975 105 77 44
0.8625 0.2475 -0.0072622 -0.0793962 -0.0713717 0.994285 105 77 44
0.86981 0.0825 0.0075 -0.162777 0.979498 0.118687 75 52 28
0.8775 0.0840483 0.0075 -0.229768 0.795567 0.560607 76 54 30
0.8775 0.0975 -0.000262528 -0.20771 0.457242 0.864746 87 63 37
0.8775 0.1125 -0.0062354 -0.125052 0.17959 0.975761 91 66 38
0.871341 0.1275 -0.0075 -0.270418 0.222737 0.936623 95 69 41
0.8775 0.1275 -0.00585393 -0.0214135 0.0640481 0.997717 96 70 41
0.8775 0.134627 -0.0075 -0.154457 0.247775 0.956426 96 71 42
0.8775 0.1425 -0.00969014 -0.0718745 0.0541893 0.995941 97 72 43
0.8775 0.1575 -0.00986595 -0.101288 0.0304363 0.994391 99 73 44
0.8775 0.1725 -0.00971356 -0.0969502 -0.0419911 0.994403 101 75 45
0.8775 0.1875 -0.0085266 -0.0790605 -0.0551072 0.995345 102 76 46
0.8775 0.2025 -0.00791946 -0.145079 -0.013436 0.989329 103 77 46
0.8775 0.2175 -0.00765686 -0.158172 -0.0524997 0.986015 104 78 46
0.8775 0.22094 -0.0075 -0.100759 -0.0488212 0.993712 104 78 46
0.874015 0.2325 -0.0075 -0.143086 -0.0813153 0.986364 104 77 45
0.8775 0.2325 -0.00691772 -0.0943325 -0.0579558 0.993852 104 78 45
0.8775 0.2475 -0.0059131 -0.0756108 -0.0368544 0.996456 106 78 46
0.8925 0.0915207 0.0075 -0.291678 0.685769 0.666816 81 57 31
0.8925 0.0975 0.0017326 -0.103652 0.34709 0.932086 87 63 36
0.8925 0.1125 -0.00271447 -0.134259 0.296606 0.945515 90 65 37
0.8925 0.1275 -0.00691544 -0.0693643 0.102366 0.992325 98 72 41
0.8925 0.136257 -0.0075 -0.0294815 0.15158 0.988005 99 73 43
0.8925 0.1425 -0.00785455 -0.0884396 0.0442347 0.995099 101 74 43
0.8925 0.1575 -0.00816107 -0.0611485 0.00301237 0.998124 101 74 43
0.8925 0.1725 -0.00793065 -0.0693982 -0.00651134 0.997568 102 75 43
0.8925 0.1875 -0.00799249 -0.0538553 -0.040521 0.997726 102 75 42
0.8925 0.192614 -0.0075 -0.0670118 -0.0818769 0.994387 102 75 43
0.882011 0.2025 -0.0075 -0.0792719 -0.0501868 0.995589 103 77 45
0.8925 0.2025 -0.0067615 -0.0498237 -0.0470383 0.99765 103 76 44
0.87929 0.2175 -0.0075 -0.081829 -0.0221946 0.996399 104 77 46
0.8925 0.2175 -0.00636486 -0.0747741 -0.0385821 0.996454 102 76 44
0.8925 0.2325 -0.00534101 -0.0624185 -0.0500226 0.996796 102 76 44
0.8925 0.2475 -0.00517114 -0.0661387 -0.0287505 0.997396 104 77 45
0.9075 0.0975 0.00310949 -0.0878632 0.275807 0.957189 85 63 36
0.9075 0.1125 -0.00121265 -0.0927049 0.290632 0.952333 93 69 39
0.9075 0.1275 -0.0061765 -0.0649923 0.179945 0.981527 97 72 42
0.894402 0.1425 -0.0075 -0.170494 0.113931 0.97875 101 75 43
0.9075 0.1425 -0.00526158 -0.126233 0.0536002 0.990551 100 74 43
0.9075 0.154797 -0.0075 -0.171469 0.179161 0.968762 99 73 41
0.9075 0.1575 -0.0080136 -0.0262897 0.0256473 0.999325 99 73 40
0.9075 0.1725 -0.00795722 -0.0141003 -0.0163117 0.999768 100 74 41
0.9075 0.180563 -0.0075 -0.0244148 -0.06386 0.99766 99 73 40
0.900151 0.1875 -0.0075 -0.0625056 -0.0710928 0.995509 100 74 41
0.9075 0.1875 -0.00701329 -0.0243691 -0.0501726 0.998443 99 73 41
0.9075 0.2025 -0.00671697 -0.00296273 -0.0630841 0.998004 100 74 41
0.9075 0.2175 -0.00511698 -0.0563121 -0.0417814 0.997539 103 76 44
0.9075 0.2325 -0.00522882 -0.0326575 -0.0507588 0.998177 103 76 44
0.9075 0.2475 -0.00385251 -0.0609609 -0.0280219 0.997747 105 78 46
0.910051 0.1575 -0.0075 -0.18775 0.177247 0.966092 99 73 40
0.910293 0.1875 -0.0075 0.17124 -0.0689514 0.982814 99 73 40
0.8175 0.246478 0.1425 0.459558 0.732722 -0.501921 84 47 5
0.817046 0.2475 0.1425 0.955082 0.140739 0.26079 84 47 5
0.8175 0.2475 0.141017 0.433276 0.29023 0.853252 84 47 5
0.8175 0.2475 0.148198 -0.0218746 0.721721 -0.691838 84 47 4
0.827886 0.1875 0.1875 0.464678 -0.648271 0.603174 101 61 18
0.8325 0.190808 0.1875 0.851624 -0.450029 0.268718 97 58 15
0.8325 0.1875 0.183945 0.901228 -0.0404898 0.43145 95 57 15
0.819253 0.2175 0.1875 -0.900697 0.303497 0.310861 102 61 17
0.8175 0.212923 0.1875 -0.888849 0.340352 0.306771 104 63 19
0.8175 0.2175 0.182422 -0.522015 0.836732 -0.165471 99 58 14
0.8325 0.219443 0.1725 0.118858 0.989371 0.0837692 82 44 5
0.8175 0.225087 0.1725 0.251443 0.668208 0.700196 89 48 6
0.8325 0.2325 0.159608 0.146779 0.0799385 0.985934 82 43 5
0.8175 0.2325 0.168107 0.37283 0.541533 0.753485 86 47 4
0.824097 0.2325 0.1875 -0.53135 0.526999 -0.663279 91 50 8
0.8325 0.2325 0.184737 2.36023e-17 0.569462 -0.822018 83 45 4
0.8325 0.23404 0.1425 0.673125 0.739372 -0.0152315 82 45 8
0.8325 0.2475 0.13448 0.358618 -0.0101584 0.933429 83 47 9
0.8325 0.2475 0.154751 0.660914 0.00534147 -0.750443 85 46 9
0.8325 0.245297 0.1725 0.113252 -0.789283 0.603495 84 44 5
0.825405 0.2475 0.1725 -0.854335 -0.10504 0.508998 86 46 6
0.8175 0.2475 0.1599 -0.496704 0.210428 0.842024 85 46 3
0.8325 0.241095 0.1875 0.305253 0.44058 -0.844221 83 44 4
0.8325 0.2475 0.180088 -0.306217 -0.116498 0.944806 83 44 5
0.8475 0.0808124 0.0375 0.259845 0.965484 0.0179352 58 35 10
0.846343 0.0825 0.0375 0.949588 0.313033 0.0171211 57 34 8
0.8475 0.0825 0.0292324 0.352119 0.910127 0.218358 56 33 8
0.8475 0.0825 0.0435041 0.80054 0.557992 -0.21859 60 37 12
0.8475 0.0846134 0.0225 0.842906 0.531996 0.0805521 57 34 8
0.842806 0.0975 0.0225 0.965883 0.257735 0.0253534 66 41 14
0.842325 0.0975 0.0375 0.983865 0.178597 0.0106102 58 34 7
0.8475 0.086294 0.0525 0.804335 0.581583 -0.121683 62 39 14
0.842536 0.0975 0.0525 0.975907 0.193974 -0.0998941 58 32 5
0.8475 0.0873202 0.0675 0.715219 0.69197 -0.0981791 74 53 29
0.844759 0.0975 0.0675 0.975366 0.218455 -0.0306236 64 41 15
0.8475 0.0893868 0.0825 0.595988 0.79888 -0.0811766 91 69 45
0.844325 0.0975 0.0825 0.981854 0.185685 -0.0385126 73 49 24
0.8475 0.0905088 0.0975 0.587908 0.808413 0.0288569 103 81 57
0.844845 0.0975 0.0975 0.979427 0.199374 0.0312047 94 70 44
0.8475 0.0899494 0.1125 0.58807 0.807639 -0.0434983 108 87 64
0.843538 0.0975 0.1125 0.981357 0.19189 -0.010843 96 73 48
0.8475 0.0901141 0.1275 0.51972 0.854276 0.0101411 105 84 58
0.844818 0.0975 0.1275 0.974019 0.222604 0.041647 98 75 49
0.8475 0.0894075 0.1425 0.500531 0.865453 -0.0214559 112 91 68
0.842635 0.0975 0.1425 0.980331 0.19527 -0.0286471 100 77 50
0.8475 0.0917832 0.1575 0.544796 0.838552 0.00523446 108 86 62
0.845129 0.0975 0.1575 0.968195 0.250194 0.00101556 102 79 52
0.8475 0.0883585 0.1725 0.507729 0.860816 0.0347501 113 90 67
0.843718 0.0975 0.1725 0.951276 0.305782 0.0396439 104 79 53
0.8475 0.0907636 0.1875 0.522198 0.852635 -0.0179934 111 86 60
0.844664 0.0975 0.1875 0.961332 0.275384 0.00224618 102 76 46
0.8475 0.0899224 0.2025 0.48882 0.866736 -0.0991117 113 87 61
0.841673 0.0975 0.2025 0.913552 0.404075 0.0463335 109 81 52
0.8475 0.0944212 0.2175 0.535272 0.839475 -0.0936224 104 76 47
0.846641 0.0975 0.2175 0.876134 0.357103 -0.323831 102 74 44
0.840805 0.1125 0.0225 0.995481 0.0682663 -0.06601 78 51 22
0.840536 0.1125 0.0375 0.997547 0.0666384 -0.0214502 64 38 10
0.842409 0.1125 0.0525 0.995115 0.0691706 -0.0704342 60 33 5
0.841471 0.1125 0.0675 0.996131 0.0842777 -0.0249096 60 34 5
0.843762 0.1125 0.0825 0.997259 0.0619944 -0.0403985 63 36 8
0.84254 0.1125 0.0975 0.995589 0.0874702 0.0339394 73 48 21
0.843421 0.1125 0.1125 0.997241 0.0739803 -0.00616747 83 58 30
0.841847 0.1125 0.1275 0.993845 0.102295 0.0425278 88 63 35
0.843497 0.1125 0.1425 0.996831 0.0731957 -0.0311397 85 59 30
0.841164 0.1125 0.1575 0.975364 0.180471 0.12687 89 63 33
0.839578 0.1125 0.1725 0.987758 0.155176 -0.0159406 89 60 27
0.841776 0.1125 0.1875 0.975774 0.187154 0.113308 94 66 34
0.835568 0.1125 0.2025 0.967205 0.241837 -0.0776472 101 68 30
0.842861 0.1125 0.2175 0.889536 0.147341 -0.432453 101 71 38
0.840846 0.1275 0.0225 0.998725 0.0142929 -0.0484105 83 55 25
0.839362 0.1275 0.0375 0.993038 0.116692 0.0160901 73 45 17
0.841639 0.1275 0.0525 0.992956 0.0579512 -0.103344 64 36 7
0.841618 0.1275 0.0675 0.998808 0.0305373 -0.0380817 62 34 4
0.842606 0.1275 0.0825 0.999426 0.0312716 -0.013002 62 36 4
0.841528 0.1275 0.0975 0.998244 0.0508529 0.0303832 67 39 9
0.842191 0.1275 0.1125 0.998986 0.0413591 0.0177695 78 51 22
0.84037 0.1275 0.1275 0.997431 0.067336 0.0244539 82 55 25
0.842052 0.1275 0.1425 0.996895 0.076446 0.0188731 82 55 25
0.839596 0.1275 0.1575 0.991738 0.0607117 0.113008 86 59 27
0.838876 0.1275 0.1725 0.999058 -0.00232818 -0.0433405 88 58 21
0.839437 0.1275 0.1875 0.962859 0.073754 0.259738 91 61 29
0.8325 0.125722 0.2025 0.843228 0.178882 -0.50692 104 67 24
0.8325 0.1275 0.202186 0.894628 0.122884 0.42958 104 67 23
0.841672 0.1275 0.2175 0.859897 0.107962 -0.498921 97 66 32
0.8325 0.1275 0.20267 0.855777 0.0568059 -0.514217 104 67 23
0.840649 0.1425 0.0225 0.986416 0.145687 0.0758869 84 54 24
0.835732 0.1425 0.0375 0.985665 0.168393 -0.0104252 74 48 16
0.841525 0.1425 0.0525 0.97974 0.0251742 -0.198684 69 40 11
0.840731 0.1425 0.0675 0.998631 0.0499602 -0.0155034 65 37 7
0.843304 0.1425 0.0825 0.997246 0.0740152 -0.00466077 64 35 4
0.840513 0.1425 0.0975 0.996472 0.0803217 0.0243181 66 37 5
0.842804 0.1425 0.1125 0.996447 0.0766374 0.0349355 73 44 12
0.839225 0.1425 0.1275 0.994414 0.0976663 0.0400298 79 51 18
0.841403 0.1425 0.1425 0.998501 0.0546279 -0.00328388 85 56 24
0.839085 0.1425 0.1575 0.99882 0.0198123 0.0443374 85 56 23
0.841108 0.1425 0.1725 0.999302 -0.0228855 -0.0295222 90 60 26
0.838697 0.1425 0.1875 0.973858 -0.0382546 0.223915 92 61 25
0.8325 0.1425 0.200328 0.90217 0.018109 0.431001 97 60 17
0.840392 0.1425 0.2175 0.856167 0.0572117 -0.513522 100 68 32
0.8325 0.1425 0.20388 0.864521 0.0404055 -0.500969 98 61 18
0.836755 0.1575 0.0225 0.980832 0.122911 0.151197 77 50 17
0.833679 0.1575 0.0375 0.979342 0.112617 -0.167948 71 45 12
0.841953 0.1575 0.0525 0.98985 0.0679738 -0.124804 72 42 11
0.838804 0.1575 0.0675 0.996962 0.0778444 0.0027801 70 40 9
0.840737 0.1575 0.0825 0.997784 0.0648985 0.0147018 68 37 6
0.838878 0.1575 0.0975 0.996293 0.083791 0.0194744 68 37 4
0.84012 0.1575 0.1125 0.994569 0.0927043 0.0473059 69 38 5
0.837616 0.1575 0.1275 0.997271 0.0737905 0.0021468 76 45 12
0.84065 0.1575 0.1425 0.996866 0.0783352 -0.0110208 85 54 21
0.837963 0.1575 0.1575 0.996362 0.0850807 0.0049148 88 56 22
0.840837 0.1575 0.1725 0.997858 0.0653931 -0.00182527 92 59 25
0.83753 0.1575 0.1875 0.976746 0.166546 0.135014 94 62 25
0.839016 0.1575 0.2025 0.999581 0.00916016 -0.027472 97 63 25
0.8325 0.144972 0.2025 0.815702 -0.413 0.405043 98 61 17
0.835486 0.1725 0.0225 0.986898 -0.0046171 0.161281 75 49 15
0.8325 0.162382 0.0375 0.893731 0.144953 -0.424539 70 44 10
0.8325 0.1725 0.0318352 0.945208 0.0805173 0.316384 70 44 9
0.839913 0.1725 0.0525 0.975158 0.0197438 -0.220628 76 44 12
0.8325 0.1725 0.0393357 0.856876 -0.141577 -0.495702 71 44 9
0.83952 0.1725 0.0675 0.999233 -0.00446958 -0.0389018 73 42 10
0.840836 0.1725 0.0825 0.998544 0.0298397 0.0449421 72 40 9
0.838021 0.1725 0.0975 0.998535 0.0412589 0.0350024 70 38 4
0.839842 0.1725 0.1125 0.996256 0.063992 0.0581373 70 38 4
0.836411 0.1725 0.1275 0.999641 0.00910802 -0.0251909 73 40 5
0.83903 0.1725 0.1425 0.997227 0.0569336 0.047935 79 47 11
0.836188 0.1725 0.1575 0.997486 -0.01489 -0.0692806 89 55 19
0.839631 0.1725 0.1725 0.987027 0.0857427 0.135745 92 58 23
0.832906 0.1725 0.1875 0.982638 0.171398 0.071028 96 59 15
0.837764 0.1725 0.2025 0.998032 0.0626921 -0.00121919 97 63 24
0.835844 0.1875 0.0225 0.998869 -0.0189424 0.0436023 79 51 16
0.836359 0.1875 0.0375 0.976602 -0.146815 -0.157143 76 46 12
0.8325 0.176771 0.0375 0.920892 -0.341995 0.187075 71 44 9
0.839459 0.1875 0.0525 0.998265 -0.0191148 -0.055684 75 45 12
0.839183 0.1875 0.0675 0.99744 -0.0444858 -0.0559896 75 43 10
0.83999 0.1875 0.0825 0.995519 0.00341867 0.0944961 75 43 9
0.837581 0.1875 0.0975 0.997438 -0.0709468 -0.00916074 74 41 8
0.838052 0.1875 0.1125 0.997538 -0.0429572 0.0554383 71 38 4
0.838911 0.1875 0.1275 0.998881 -0.0379068 -0.0282761 73 40 5
0.837719 0.1875 0.1425 0.99659 0.0604509 0.0561698 75 41 5
0.839894 0.1875 0.1575 0.99729 0.0137992 -0.0722589 82 48 12
0.837387 0.1875 0.1725 0.974453 0.0429364 0.22045 88 53 17
0.8325 0.174816 0.1875 0.923314 0.152204 -0.352597 96 59 15
0.8369 0.1875 0.2025 0.996532 -0.0808836 -0.0195433 97 60 22
0.8325 0.1875 0.192262 0.898541 -0.230382 -0.37356 98 59 17
0.8325 0.1725 0.208912 0.772714 0.0242691 0.634291 105 68 25
0.8325 0.1875 0.208338 0.783574 -0.107113 0.611995 103 65 23
0.841134 0.1725 0.2325 0.762496 0.0344224 -0.646076 108 72 31
0.840457 0.1875 0.2325 0.774635 0.0185138 -0.632138 109 71 31
0.8325 0.1725 0.22231 0.774635 0.0185138 -0.632138 114 77 32
0.8325 0.1875 0.222359 0.786733 0.00200893 -0.61729 113 74 29
0.835954 0.2025 0.0225 0.997733 -0.0596725 -0.0311092 79 51 16
0.839571 0.2025 0.0375 0.985873 -0.0849547 -0.144352 80 50 16
0.839337 0.2025 0.0525 0.998302 -0.0360205 -0.0457699 76 45 11
0.842011 0.2025 0.0675 0.997725 -0.0552393 -0.0386485 74 42 7
0.839487 0.2025 0.0825 0.998096 -0.0440874 0.0431319 75 43 7
0.842368 0.2025 0.0975 0.993038 -0.117391 -0.00969664 77 43 9
0.838136 0.2025 0.1125 0.990883 0.0191397 0.133357 76 42 7
0.838732 0.2025 0.1275 0.996331 0.046132 0.0720877 74 39 4
0.834537 0.2025 0.1425 0.993939 0.101351 0.0425877 75 41 4
0.838278 0.2025 0.1575 0.991226 0.131913 -0.00837949 78 43 6
0.835478 0.2025 0.1725 0.991577 0.128661 0.0148589 86 51 13
0.838296 0.2025 0.1875 0.998955 -0.0410018 -0.0202056 93 57 19
0.83498 0.2025 0.2025 0.975549 0.212556 0.0558875 99 60 21
0.837924 0.2025 0.2175 0.998957 -0.0386581 -0.0243119 106 68 26
0.8325 0.196429 0.2175 0.650876 -0.553035 0.520108 110 71 27
0.836642 0.2175 0.0225 0.997755 -0.0508151 -0.0436199 81 54 18
0.839954 0.2175 0.0375 0.99583 -0.0111778 -0.0905383 79 50 15
0.839477 0.2175 0.0525 0.997651 -0.000259749 -0.0685064 76 46 12
0.841855 0.2175 0.0675 0.99998 0.00631641 0.000345974 74 43 7
0.839662 0.2175 0.0825 0.999102 -0.0197691 -0.0374785 76 44 7
0.842771 0.2175 0.0975 0.995827 0.0203879 0.0889518 78 43 7
0.837071 0.2175 0.1125 0.992799 0.0144014 0.118927 78 43 7
0.838951 0.2175 0.1275 0.992432 0.0221349 0.120781 79 43 8
0.833829 0.2175 0.1425 0.993206 0.0749468 0.089024 78 41 5
0.835214 0.2175 0.1575 0.994154 0.107052 0.0140727 78 42 5
0.834053 0.2175 0.1725 0.988579 0.143326 -0.0465713 81 44 6
0.836493 0.2175 0.1875 0.976072 0.158048 0.149347 90 52 13
0.8325 0.205685 0.2025 0.747054 0.593773 -0.298903 100 60 20
0.8325 0.2175 0.192625 0.733493 0.336535 0.590535 95 55 15
0.835815 0.2175 0.2175 0.875696 0.264829 -0.403761 109 69 26
0.8325 0.2175 0.213686 0.722384 0.27704 -0.63357 110 69 25
0.837054 0.2325 0.0225 0.999816 -0.0178304 -0.00709643 84 56 21
0.8398 0.2325 0.0375 0.997787 0.00439437 -0.0663404 80 50 15
0.839504 0.2325 0.0525 0.997931 0.0321314 -0.0556921 77 47 11
0.841626 0.2325 0.0675 0.998325 0.057545 -0.00600129 75 44 7
0.840291 0.2325 0.0825 0.998057 0.0563598 -0.0265508 76 44 7
0.841665 0.2325 0.0975 0.994224 0.0532012 0.0932144 78 44 7
0.837927 0.2325 0.1125 0.992482 0.040158 0.115618 79 44 6
0.837655 0.2325 0.1275 0.990752 0.0289848 0.132555 79 44 8
0.833321 0.2325 0.1425 0.988827 0.0719243 0.130567 81 44 8
0.834398 0.2325 0.1575 0.998163 0.00546384 0.0603351 81 43 6
0.834996 0.2325 0.1875 0.960976 0.237558 -0.141743 83 45 5
0.8325 0.2325 0.190539 0.776534 0.106973 0.620928 87 48 7
0.833851 0.2325 0.2175 0.828925 0.0765244 -0.5541 108 67 24
0.8325 0.2325 0.21602 0.733864 0.113213 -0.669796 109 68 24
0.837805 0.2475 0.0225 0.999719 -0.0209632 0.0110999 88 59 24
0.839367 0.2475 0.0375 0.999334 0.0205803 -0.0301324 87 56 21
0.838359 0.2475 0.0525 0.998741 0.0484053 -0.013178 80 50 13
0.839519 0.2475 0.0675 0.997977 0.0630997 -0.00779918 76 46 8
0.838727 0.2475 0.0825 0.998749 0.0321238 -0.0383111 77 45 7
0.840717 0.2475 0.0975 0.996316 0.0341916 0.0786462 78 45 7
0.836373 0.2475 0.1125 0.989556 0.0775272 0.121529 79 44 7
0.838666 0.2475 0.1275 0.992544 -0.0319011 0.117635 81 45 8
0.834022 0.2475 0.1575 0.999392 0.0158959 -0.0310361 84 46 9
0.83474 0.2475 0.1725 0.996897 -0.021412 0.075752 83 44 6
0.835447 0.2475 0.2025 0.999349 -0.0185209 0.0309659 90 50 8
0.8325 0.244563 0.2025 0.70581 -0.708401 0 94 53 10
0.8325 0.2475 0.194061 0.948044 -0.00910058 -0.318009 86 47 6
0.8325 0.240063 0.2175 0.814493 0.112011 -0.569258 107 67 23
0.8325 0.2475 0.212901 0.962085 -0.00810156 0.272628 101 61 17
0.842259 0.2325 0.2325 0.87201 0.0259866 -0.488797 109 68 25
0.841812 0.2475 0.2325 0.842074 0.0602117 -0.535991 106 66 22
0.8325 0.2475 0.218489 0.773942 0.141985 -0.617134 106 66 22
0.8625 0.08005 0.0225 0.0268488 0.99066 0.133684 59 37 16
0.853731 0.0825 0.0225 0.25538 0.961786 0.0987359 58 35 11
0.8625 0.0789897 0.0375 0.0644303 0.993247 0.0964847 58 36 16
0.8625 0.0771279 0.0525 0.150227 0.981406 -0.119477 71 50 30
0.853011 0.0825 0.0525 0.500831 0.842881 -0.196773 63 42 19
0.8625 0.0804086 0.0675 0.0082404 0.984339 -0.176092 89 69 48
0.856199 0.0825 0.0675 0.454199 0.878178 -0.150019 83 63 41
0.8625 0.0825 0.077452 0.210348 0.950534 -0.228557 103 83 63
0.8625 0.0836095 0.0825 0.197494 0.973376 -0.11634 110 91 70
0.8625 0.0849911 0.0975 0.175123 0.984546 -0.000297549 118 98 78
0.8625 0.0830494 0.1125 0.175584 0.984032 -0.0291779 118 99 79
0.8625 0.0859131 0.1275 0.187778 0.979155 -0.0774327 120 101 81
0.8625 0.0870739 0.1425 0.136381 0.990629 0.0073897 120 101 81
0.8625 0.0853284 0.1575 0.167828 0.985651 -0.0180588 120 101 82
0.8625 0.0870695 0.1725 0.138532 0.989926 0.0292585 122 104 85
0.8625 0.0856846 0.1875 0.131423 0.990984 -0.026048 123 103 85
0.8625 0.0865284 0.2025 0.166762 0.985939 0.0107633 126 105 87
0.8625 0.087007 0.2175 0.26617 0.963258 -0.0358732 129 108 88
0.8625 0.0852261 0.2325 0.320459 0.947258 -0.00287886 132 111 89
0.8475 0.09656 0.2325 0.543914 0.838724 0.0264503 106 80 50
0.8625 0.0858568 0.2475 0.272679 0.96091 0.047932 139 118 94
0.8475 0.0923714 0.2475 0.546705 0.831894 -0.0952207 124 104 78
0.876394 0.0825 0.0225 -0.173601 0.969132 0.175061 58 36 15
0.8775 0.0784429 0.0375 -0.0562208 0.990787 0.123212 58 37 17
0.8775 0.0825 0.0234398 -0.0229753 0.959818 0.279682 57 36 15
0.8775 0.0770017 0.0525 -0.0295048 0.997476 -0.0645825 73 53 34
0.8775 0.0822653 0.0675 0.0284152 0.979702 -0.198434 98 76 57
0.8775 0.0825 0.0760223 -0.0226477 0.993878 -0.108139 110 88 69
0.8775 0.0827068 0.0225 -0.0920443 0.991345 0.0936058 58 36 15
0.8775 0.0826725 0.0825 0.0674922 0.993022 -0.096707 118 98 78
0.8775 0.0846035 0.0975 0.0545748 0.995771 -0.0739047 120 100 80
0.8775 0.0846289 0.1125 0.00866442 0.999924 0.00877243 120 101 83
0.8775 0.0860128 0.1275 0.0519167 0.996773 -0.0612286 121 102 82
0.8775 0.0849165 0.1425 0.0710393 0.997459 -0.00533984 123 103 83
0.8775 0.086121 0.1575 0.0585414 0.998283 -0.00220216 125 105 85
0.8775 0.085403 0.1725 0.029917 0.999387 -0.0181689 125 106 87
0.8775 0.0854554 0.1875 0.0362417 0.999207 0.0164955 127 108 90
0.8775 0.0864981 0.2025 0.0357983 0.99934 0.00617812 128 109 92
0.8775 0.083712 0.2175 0.0174046 0.999469 0.0275319 132 113 95
0.8775 0.0851696 0.2325 0.0141692 0.999331 -0.0337018 134 113 95
0.8775 0.0856047 0.2475 -0.00546332 0.999365 0.0352159 139 119 96
0.8925 0.0787245 0.0375 -0.0162337 0.987813 0.154794 60 39 15
0.8925 0.0825 0.0240483 -0.00632093 0.954392 0.298491 57 35 13
0.8925 0.0798953 0.0525 -0.133652 0.991016 0.0049836 74 54 31
0.8925 0.0799395 0.0675 0.0385141 0.985782 -0.163559 98 76 53
0.8925 0.0820979 0.0825 0.0953998 0.991335 -0.090296 122 101 80
0.881711 0.0825 0.0825 0.038408 0.998507 -0.0388376 120 99 79
0.8925 0.0825 0.0883052 0.036649 0.997159 -0.0658113 123 101 80
0.8925 0.0832102 0.0225 -0.217676 0.926619 0.306585 57 36 14
0.8925 0.0830767 0.0975 0.0855624 0.991454 -0.0984758 123 101 80
0.8925 0.084462 0.1125 0.0413088 0.99913 0.00568251 123 102 82
0.8925 0.0827954 0.1275 0.145038 0.98863 -0.0396948 124 103 82
0.8925 0.0848848 0.1425 0.0727131 0.997351 -0.00216761 126 105 83
0.8925 0.0839895 0.1575 0.0949662 0.995078 -0.0283068 126 106 84
0.8925 0.0849604 0.1725 0.0668512 0.997224 -0.0327823 128 107 86
0.8925 0.0861868 0.1875 -0.0226609 0.99949 0.0224838 130 109 87
0.8925 0.0838958 0.2025 0.0988998 0.994925 -0.0185354 132 112 89
0.8925 0.0859824 0.2175 -0.0430294 0.998827 0.0222005 134 113 92
0.8925 0.0856818 0.2325 -0.0729385 0.99616 -0.0484246 137 115 94
0.8925 0.0867123 0.2475 -0.0604586 0.997536 0.0355836 140 119 97
0.906147 0.0825 0.0225 0.0472513 0.907923 0.416466 57 36 12
0.902437 0.0825 0.1125 0 0 0 124 103 82
0.7125 0.426446 0.4725 0.102155 0.960812 0.25769 141 83 19
0.707843 0.4275 0.4725 0.259519 0.944022 0.203649 141 84 20
0.7125 0.4275 0.464862 0.0443287 0.986262 0.159127 140 82 18
0.7125 0.421504 0.4875 0.0373572 0.955107 0.293896 143 85 20
0.6975 0.425749 0.4875 0.278127 0.916703 0.286882 140 86 22
0.6975 0.4275 0.48152 0.243702 0.927568 0.283244 140 86 22
0.7125 0.432878 0.2625 0.144136 0.988557 -0.0444956 94 50 1
0.6975 0.434534 0.2625 0.152391 0.987778 0.0327367 96 54 3
0.7125 0.431487 0.2775 0.118868 0.992736 -0.0186072 101 55 3
0.6975 0.435116 0.2775 0.270997 0.948959 -0.161361 100 56 3
0.7125 0.43404 0.2925 0.213259 0.972483 -0.0937907 106 57 5
0.6975 0.439633 0.2925 0.310161 0.95035 0.0251894 98 55 1
0.7125 0.432231 0.3075 0.128185 0.988863 0.0756258 111 63 7
0.6975 0.435733 0.3075 0.151586 0.982492 0.108314 105 59 3
0.7125 0.433482 0.3225 0.0889721 0.995674 -0.026799 114 64 6
0.6975 0.433421 0.3225 -0.034925 0.99767 0.0586009 112 64 7
0.7125 0.434012 0.3375 -0.0439925 0.995909 0.0789269 116 65 6
0.6975 0.432559 0.3375 0.0281821 0.997322 0.0674822 114 66 7
0.7125 0.430105 0.3525 0.00265906 0.999258 0.0384359 121 70 8
0.6975 0.434282 0.3525 0.223191 0.972071 -0.0725554 114 66 7
0.7125 0.432023 0.3675 0.105907 0.992498 -0.0610814 125 72 9
0.6975 0.434001 0.3675 0.0487211 0.998302 0.0319257 122 72 13
0.7125 0.433313 0.3825 -0.0172562 0.99756 0.0676443 129 74 13
0.6975 0.431553 0.3825 -0.00790498 0.993393 0.114491 127 74 15
0.7125 0.429483 0.3975 -0.0558242 0.998205 0.0216731 130 75 14
0.6975 0.432645 0.3975 0.172146 0.982615 -0.069526 131 78 18
0.7125 0.43133 0.4125 -0.0112586 0.998346 -0.0563787 132 77 16
0.6975 0.432889 0.4125 0.111014 0.993146 -0.0365704 132 79 18
0.7125 0.43186 0.4275 0.0139045 0.998829 0.0463483 135 80 17
0.6975 0.433772 0.4275 0.0532533 0.992464 0.110361 135 82 18
0.7125 0.430578 0.4425 -0.00784011 0.989774 0.142431 135 81 16
0.6975 0.429167 0.4425 -0.0403043 0.989818 0.13651 135 85 19
0.7125 0.428578 0.4575 0.0503827 0.996186 0.071234 140 82 18
0.6975 0.429566 0.4575 0.0656865 0.996782 -0.0459381 137 83 18
0.6975 0.43055 0.4725 0.182225 0.979385 0.0871763 138 83 19
0.702617 0.4575 0.3525 0.861642 -0.506462 -0.0326867 154 109 49
0.6975 0.447627 0.3525 0.887843 -0.460106 0.00614403 129 84 24
0.703872 0.4575 0.3675 0.833042 -0.548797 -0.0697421 150 102 43
0.6975 0.447827 0.3675 0.861642 -0.506462 -0.0326867 141 93 34
0.705132 0.4575 0.4125 0.81616 -0.577768 -0.00814931 162 111 50
0.6975 0.446719 0.4125 0.816165 -0.577762 -0.00814275 146 95 35
0.705282 0.4575 0.4275 0.816156 -0.577774 -0.00815575 160 108 48
0.6975 0.446508 0.4275 0.81616 -0.577768 -0.00814931 149 98 35
0.7275 0.42586 0.4725 -0.0734121 0.977443 0.198029 142 87 22
0.7275 0.4275 0.463719 -0.0847437 0.979266 0.184001 143 87 21
0.7275 0.422495 0.4875 -0.110973 0.970845 0.212473 145 89 23
0.7275 0.430229 0.2625 0.0593643 0.997609 -0.0353884 97 53 5
0.7275 0.432124 0.2775 0.0497695 0.998184 -0.033949 103 56 7
0.7275 0.430905 0.2925 0.047717 0.997903 -0.0437328 109 59 9
0.7275 0.43358 0.3075 0.0503875 0.99868 -0.0099985 119 68 12
0.7275 0.431714 0.3225 -0.00562649 0.999758 -0.0212689 123 72 13
0.7275 0.432886 0.3375 0.0227614 0.999533 -0.0204001 127 76 13
0.7275 0.433367 0.3525 -0.0519911 0.997522 0.0473955 132 80 15
0.7275 0.432161 0.3675 -0.0877943 0.99595 0.0193655 133 81 15
0.7275 0.431566 0.3825 0.0190925 0.999798 -0.00620332 136 81 17
0.7275 0.432991 0.3975 -0.000604751 0.999595 -0.0284401 136 81 17
0.7275 0.433911 0.4125 -0.0550457 0.997555 -0.0430613 138 83 19
0.7275 0.433994 0.4275 -0.0763944 0.994798 0.0673811 140 85 18
0.7275 0.43044 0.4425 -0.11361 0.983321 0.142033 139 84 19
0.7275 0.428658 0.4575 -0.0953365 0.983861 0.151424 144 87 20
0.6225 0.260918 0.5775 0.923676 0.353072 0.148868 55 52 47
0.621686 0.2625 0.5775 0.950869 0.201923 0.23468 56 53 48
0.6225 0.2625 0.573927 0.927576 0.254301 0.273742 50 46 40
0.6225 0.26068 0.5925 0.967857 0.170161 0.1852 51 52 46
0.622046 0.2625 0.5925 0.90023 0.366335 0.23534 52 53 47
0.619197 0.2475 0.6075 0.853036 0.0891288 0.514184 61 63 55
0.615686 0.2625 0.6075 0.926551 0.164427 0.338331 73 75 65
0.6225 0.2475 0.59814 0.895142 0.160821 0.415761 43 44 38
0.6075 0.2475 0.62022 0.700275 -0.0573108 0.711569 62 68 57
0.6075 0.2625 0.622219 0.809859 0.0502617 0.584468 104 108 93
0.6225 0.274311 0.5775 0.956217 -0.0766709 0.282436 57 55 50
0.614443 0.2775 0.5925 0.935082 0.261091 0.239695 60 57 39
0.6225 0.2775 0.577944 0.874301 -0.0612469 0.481504 57 56 51
0.613234 0.2775 0.6075 0.98022 0.160242 0.116155 57 52 31
0.610888 0.2775 0.6225 0.921727 -0.0473431 0.384939 121 119 95
0.6075 0.262991 0.6225 0.82723 -0.19505 0.526921 105 108 93
0.6075 0.2775 0.625788 0.687365 -0.16053 0.70835 123 120 95
0.637121 0.2475 0.5475 0.916064 0.239425 0.321717 7 9 1
0.633267 0.2625 0.5475 0.881948 0.231621 0.41051 53 37 19
0.6375 0.2475 0.546638 0.516721 0.433356 0.738378 7 9 0
0.6375 0.2625 0.540751 0.665623 0.30087 0.682952 54 37 15
0.633695 0.2475 0.5625 0.901372 0.334918 0.274515 28 26 17
0.626086 0.2625 0.5625 0.923633 0.214006 0.317969 32 24 14
0.629851 0.2475 0.5775 0.897857 0.35327 0.262779 38 35 28
0.62477 0.2475 0.5925 0.923359 0.294473 0.24636 40 41 35
0.631104 0.2775 0.5475 0.904996 -0.0508359 0.422372 66 43 18
0.6375 0.2775 0.535853 0.738158 -0.0381394 0.673549 71 42 7
0.626071 0.2775 0.5625 0.944378 -0.023151 0.328046 43 33 18
0.622662 0.2775 0.5775 0.961827 0.0649964 0.265828 57 56 50
0.634483 0.2925 0.5475 0.864802 -0.153053 0.478217 86 56 19
0.6375 0.2925 0.544969 0.654696 -0.323805 0.683025 88 55 16
0.625316 0.2925 0.5625 0.854006 0.12394 0.505284 80 65 46
0.6225 0.278036 0.5775 0.882785 0.265979 0.387228 57 56 50
0.6225 0.2925 0.56764 0.832982 0.318633 0.452342 71 62 45
0.6375 0.297154 0.5475 0.669141 -0.158651 0.726002 89 56 16
0.6225 0.299186 0.5625 0.781754 0.329257 0.529576 86 69 43
0.6375 0.3075 0.553101 0.613409 -0.271477 0.741639 95 61 21
0.6225 0.3075 0.558314 0.608302 0.0444667 0.792459 92 67 30
0.6525 0.254357 0.5325 0.499381 0.405797 0.765472 13 12 2
0.646292 0.2625 0.5325 0.5003 0.170311 0.848937 32 21 6
0.6525 0.2625 0.529811 0.178665 0.135264 0.974568 18 12 1
0.6525 0.2475 0.536564 0.516238 0.443088 0.732919 13 14 5
0.645122 0.2775 0.5325 0.472382 -0.198799 0.858682 65 42 14
0.6525 0.2775 0.530254 0.295392 -0.0586754 0.953573 61 42 22
0.651377 0.2925 0.5325 0.726677 -0.141083 0.672337 87 54 18
0.6525 0.2925 0.531412 0.249934 -0.0289642 0.967829 85 52 17
0.649527 0.3075 0.5325 0.816758 0.066391 0.573148 99 61 19
0.6525 0.3075 0.530125 0.267363 0.151244 0.951652 94 58 16
0.640722 0.3075 0.5475 0.824082 0.0208707 0.566085 98 61 18
0.648968 0.3225 0.5325 0.811155 0.0203903 0.584475 84 52 12
0.6525 0.3225 0.528649 0.432435 -0.0112651 0.901595 74 49 13
0.638207 0.3225 0.5475 0.839287 -0.287678 0.461344 106 68 23
0.6375 0.3225 0.548334 0.843471 0.0588151 0.533945 105 68 23
0.650244 0.3375 0.5325 0.863962 -0.321638 0.387452 81 55 20
0.6525 0.3375 0.530179 0.267211 0.0610079 0.961705 70 49 19
0.648766 0.3375 0.5475 0.782693 -0.550978 0.289509 108 73 26
0.639147 0.3375 0.5625 0.735812 -0.50124 0.455345 112 80 33
0.6375 0.334667 0.5625 0.755841 -0.490067 0.434211 110 78 33
0.6375 0.3375 0.565616 0.786239 -0.457193 0.415696 111 81 35
0.660498 0.2475 0.5325 0.335839 0.341943 0.87766 17 19 7
0.6675 0.2475 0.530506 0.106079 0.119988 0.987092 22 23 11
0.6675 0.2625 0.529783 0.0105076 0.103266 0.994598 24 23 10
0.6675 0.2775 0.525596 -0.0177231 0.0339554 0.999266 42 29 9
0.6675 0.2925 0.527476 0.0732146 -0.043606 0.996362 65 45 20
0.6675 0.3075 0.528313 0.0424301 0.102947 0.993781 71 46 19
0.6675 0.3225 0.523482 -0.0215224 0.0906977 0.995646 71 50 25
0.6675 0.3375 0.524192 0.0608978 -0.0657799 0.995974 66 53 31
0.6675 0.3525 0.526548 0.0237381 -0.0443549 0.998734 68 61 40
0.6525 0.3525 0.522513 -0.232943 0.442544 0.865963 67 42 9
0.658678 0.3675 0.6375 0.57735 -0.57735 0.57735 105 97 72
0.6525 0.361322 0.6375 0.57735 -0.57735 0.57735 110 101 72
0.6525 0.3675 0.643678 0.57735 -0.57735 0.57735 143 129 92
0.6825 0.2475 0.530666 -0.0349001 0.0735292 0.996682 25 19 13
0.6825 0.2625 0.527464 -0.099202 0.0148888 0.994956 25 22 16
0.6825 0.2775 0.529498 -0.161076 -0.00617672 0.986923 39 35 24
0.6825 0.2925 0.530612 -0.193689 0.0162346 0.980929 48 34 14
0.6825 0.3075 0.527958 -0.152148 0.0601514 0.986526 63 50 32
0.6825 0.3225 0.527909 -0.185615 0.01723 0.982472 66 56 41
0.6825 0.3375 0.529429 -0.245074 -0.00406831 0.969496 73 62 45
0.6825 0.3525 0.527712 -0.267307 -0.0547679 0.962054 79 64 45
0.6825 0.3675 0.529193 -0.0573986 -0.229442 0.971628 86 72 49
0.6675 0.3675 0.531351 0.138675 -0.227304 0.963899 72 54 27
0.6825 0.372751 0.5325 -0.343834 -0.497359 0.7965 92 75 50
0.6675 0.37774 0.5325 -0.101654 -0.350616 0.930986 99 70 37
0.6825 0.3825 0.538517 -0.0517228 -0.275904 0.959792 105 84 52
0.6675 0.3825 0.533325 -0.322808 -0.161571 0.932572 111 78 41
0.6975 0.255233 0.5325 -0.63582 -0.11562 0.763128 20 7 0
0.694733 0.2625 0.5325 -0.373001 -0.0832409 0.924089 20 9 2
0.6975 0.2475 0.531557 -0.191326 0.0269888 0.981155 20 8 0
0.6975 0.2625 0.533564 -0.546098 0.103688 0.83128 21 7 0
0.693175 0.2775 0.5325 -0.308862 -0.0199866 0.950897 28 20 11
0.6975 0.2775 0.533717 -0.416744 0.00692809 0.908998 23 14 6
0.6975 0.290729 0.5325 -0.273815 0.0868738 0.957851 21 17 8
0.6975 0.2925 0.532356 -0.135252 -0.0189799 0.990629 21 17 8
0.6975 0.3075 0.532066 -0.228767 0.0789573 0.970274 35 31 20
0.6975 0.3225 0.531147 -0.236975 0.0178277 0.971352 48 44 31
0.6975 0.3375 0.531458 -0.231611 -0.061421 0.970868 65 61 47
0.6975 0.340303 0.5325 -0.532671 -0.325882 0.781065 69 64 48
0.690377 0.3525 0.5325 -0.538217 -0.206259 0.817178 84 71 51
0.6975 0.3525 0.537649 -0.347192 -0.143796 0.926704 90 78 57
0.687643 0.3675 0.5325 -0.54457 -0.15559 0.824157 92 74 50
0.6975 0.3675 0.539085 -0.335559 -0.107473 0.935869 106 81 53
0.6975 0.3825 0.537236 -0.22499 -0.0444788 0.973345 117 87 55
0.6975 0.3975 0.540456 -0.0868538 -0.0101364 0.996169 136 99 57
0.6825 0.3975 0.544197 0.331089 -0.204614 0.921148 122 86 44
0.695685 0.4125 0.5475 0.54769 -0.603576 0.579423 148 103 51
0.6825 0.400536 0.5475 0.585133 -0.587521 0.558962 121 87 46
0.6975 0.4125 0.538811 0.638839 -0.171056 0.750083 142 93 38
0.6825 0.4125 0.55299 0.353936 -0.390051 0.850053 109 74 30
0.698879 0.2475 0.5325 -0.617703 0.0265831 0.785962 21 8 0
0.7125 0.262474 0.5475 -0.278366 -0.292113 0.914977 47 32 13
0.71249 0.2625 0.5475 -0.67456 -0.113417 0.729455 47 32 13
0.7125 0.2475 0.54272 -0.420835 0.0655852 0.904763 33 19 5
0.7125 0.2625 0.547507 0 0 1 47 32 13
0.7125 0.26252 0.5475 -0.638952 0.335393 0.69228 47 32 13
0.7125 0.2775 0.540242 -0.357061 0.137714 0.923874 38 25 3
0.697764 0.2925 0.5325 -0.514316 0.0581459 0.855627 21 17 8
0.7125 0.2925 0.541364 -0.347514 0.0573074 0.935922 37 28 12
0.698868 0.3075 0.5325 -0.383087 0.112576 0.916826 35 31 21
0.7125 0.3075 0.536964 -0.402215 0.0809079 0.911963 28 29 22
0.70143 0.3225 0.5325 -0.357374 0.00402386 0.933953 41 39 28
0.7125 0.3225 0.537232 -0.434322 -0.0960922 0.895617 32 30 22
0.699205 0.3375 0.5325 -0.486906 -0.171648 0.856422 64 59 44
0.7125 0.3375 0.541374 -0.350919 -0.109554 0.929975 57 46 28
0.7125 0.3525 0.538688 -0.323001 -0.0817571 0.942861 95 79 51
0.7125 0.3675 0.54287 -0.262328 -0.155341 0.952393 108 85 48
0.7125 0.3825 0.545452 -0.310993 -0.0916336 0.945984 134 102 59
0.7125 0.395017 0.5475 0.05935 -0.165029 0.984501 152 104 48
0.711463 0.3975 0.5475 -0.44004 -0.113357 0.890794 154 104 48
0.7125 0.3975 0.547725 0 0 1 155 103 46
0.7125 0.408016 0.5325 0.0159376 0.897146 0.441447 147 90 28
0.703464 0.4125 0.5325 0.246461 0.73021 0.637221 141 87 27
0.7125 0.4125 0.519246 -0.0602126 0.954013 0.293654 151 90 23
0.7125 0.398598 0.5475 -0.11719 0.734311 0.668621 155 103 45
0.7125 0.416244 0.5025 0.055991 0.962852 0.264161 147 87 18
0.6975 0.421748 0.5025 0.353912 0.915426 0.191681 140 84 18
0.7125 0.41309 0.5175 0.263423 0.941673 0.209428 151 90 23
0.6975 0.419481 0.5175 0.386281 0.906624 0.169762 141 85 17
0.6975 0.41613 0.5325 0.425557 0.864987 0.265893 138 85 26
0.703487 0.4575 0.7125 0.57735 -0.57735 0.57735 153 140 104
0.6975 0.451513 0.7125 0.57735 -0.57735 0.57735 156 141 99
0.6975 0.4575 0.718487 0.57735 -0.57735 0.57735 213 196 148
0.722638 0.2475 0.5475 -0.345344 0.119068 0.930892 42 26 9
0.7275 0.257151 0.5475 -0.442239 0.228908 0.867194 43 27 8
0.712599 0.2625 0.5475 0.0908035 0.433138 0.896742 47 32 13
0.7275 0.2625 0.545991 -0.178698 0.0642311 0.981805 40 25 7
0.7275 0.2475 0.54995 -0.263453 0.00299055 0.964668 46 29 10
0.7275 0.2775 0.547247 -0.343408 0.124296 0.930925 40 27 8
0.7275 0.2925 0.542471 -0.226751 0.0882542 0.969946 33 23 4
0.7275 0.3075 0.544317 -0.188391 -0.0476577 0.980937 24 19 4
0.7275 0.3225 0.545619 -0.334962 -0.0272486 0.941838 33 34 26
0.7275 0.3375 0.545268 -0.325634 -0.0620582 0.943457 42 39 30
0.7275 0.349989 0.5475 -0.2909 -0.166745 0.942111 65 51 33
0.726944 0.3525 0.5475 -0.515995 -0.173768 0.838781 71 54 34
0.7275 0.3525 0.547891 -0.135849 -0.0939618 0.986264 70 53 34
0.721009 0.3675 0.5475 -0.465088 -0.119708 0.877133 114 83 44
0.7275 0.3675 0.550198 -0.195771 -0.0358893 0.979993 115 78 37
0.722791 0.3825 0.5475 -0.279619 0.0331877 0.959537 139 98 50
0.7275 0.3825 0.548181 -0.261752 0.122117 0.957378 140 96 45
0.7275 0.391663 0.5475 -0.207404 0.106838 0.972404 148 99 41
0.718574 0.3975 0.5475 0.0976149 0.608672 0.787394 154 103 43
0.7275 0.3975 0.546533 -0.143327 0.394327 0.907724 152 101 38
0.7275 0.412073 0.5325 -0.142468 0.808325 0.571239 148 88 25
0.7275 0.4125 0.530942 -0.0928658 0.959154 0.267205 148 88 25
0.7275 0.41982 0.5025 -0.160853 0.953522 0.254798 148 89 19
0.7275 0.415957 0.5175 -0.150845 0.959113 0.239473 150 90 20
0.84078 0.2175 0.2475 0.91739 0.0615639 -0.3932 117 78 32
0.84041 0.2325 0.2475 0.932614 0.0230009 -0.360141 117 76 31
0.8475 0.222066 0.2625 0.950211 0.11227 -0.290679 122 81 37
0.846203 0.2325 0.2625 0.915614 0.0624338 -0.397181 121 79 35
0.8475 0.2175 0.261692 0.892789 0.0967514 -0.439963 122 81 37
0.8625 0.0854761 0.2625 0.414914 0.909679 0.0181761 150 129 104
0.852829 0.0975 0.2625 0.798919 0.589824 -0.117625 134 110 84
0.8475 0.0975 0.254645 0.714881 0.503694 -0.485013 123 99 72
0.8625 0.0845498 0.2775 0.223127 0.973933 0.0408588 157 141 118
0.8475 0.0947878 0.2775 0.653396 0.75701 -0.00308397 141 118 91
0.8475 0.0975 0.273217 0.74982 0.545538 0.374378 135 111 83
0.8625 0.0833791 0.2925 0.443839 0.894932 0.0458613 161 146 125
0.849935 0.0975 0.2925 0.791772 0.605222 -0.0824825 146 116 84
0.8475 0.0975 0.284494 0.869573 0.417 -0.264489 141 113 82
0.8625 0.0840044 0.3075 0.247555 0.965371 -0.0823106 161 148 129
0.8475 0.0918723 0.3075 0.596742 0.798057 -0.0836887 157 129 99
0.8475 0.0975 0.297401 0.720379 0.594313 0.357556 147 114 82
0.8625 0.0867094 0.3225 0.423994 0.904033 -0.0543411 171 155 134
0.850709 0.0975 0.3225 0.718975 0.678762 -0.149525 161 132 99
0.8475 0.0975 0.316281 0.759272 0.519642 -0.391763 157 125 92
0.8625 0.0850996 0.3375 0.311235 0.948463 -0.0595852 176 163 141
0.8475 0.0955899 0.3375 0.607407 0.789484 -0.088162 174 151 121
0.8475 0.0975 0.333047 0.710934 0.661215 0.239514 169 143 111
0.8625 0.0890794 0.3525 0.457561 0.882617 -0.107819 184 175 155
0.852412 0.0975 0.3525 0.769129 0.576405 -0.27604 176 150 118
0.8475 0.0975 0.341689 0.740464 0.581844 -0.336409 173 147 114
0.8625 0.085608 0.3675 0.437498 0.896349 0.0717879 186 180 161
0.855361 0.0975 0.3675 0.890815 0.452486 0.0412947 184 161 131
0.8625 0.0889281 0.3825 0.473993 0.873491 -0.111105 195 185 165
0.852105 0.0975 0.3825 0.837968 0.545113 0.0257252 190 162 126
0.8625 0.0891503 0.3975 0.424632 0.904453 -0.0406413 200 188 166
0.855395 0.0975 0.3975 0.816839 0.576836 0.00586947 192 167 136
0.8625 0.0897452 0.4125 0.332028 0.932292 -0.143486 204 192 172
0.851751 0.0975 0.4125 0.877265 0.466363 -0.113633 202 177 147
0.8625 0.0943971 0.4275 0.421958 0.903211 -0.078494 205 189 166
0.858996 0.0975 0.4275 0.815071 0.556208 -0.162145 202 182 156
0.8625 0.0941245 0.4425 0.396424 0.91546 -0.0691371 203 191 169
0.860231 0.0975 0.4425 0.865121 0.501447 0.010814 202 185 160
0.8625 0.0945572 0.4575 0.267081 0.959099 -0.0937893 200 188 165
0.858642 0.0975 0.4575 0.79799 0.602193 -0.0239768 197 180 153
0.8625 0.0975 0.470472 0.534899 0.821713 -0.196652 205 190 166
0.8625 0.0968612 0.4875 0.311405 0.950035 0.0214591 211 194 174
0.862019 0.0975 0.4875 0.892347 0.448334 -0.0520932 210 193 172
0.8625 0.0975 0.479798 0.354562 0.931952 0.0758422 208 192 170
0.8475 0.106815 0.2625 0.86798 0.496598 0 121 94 65
0.8475 0.104302 0.2925 0.941479 0.337071 0 140 105 71
0.8475 0.103181 0.3225 0.870717 0.491785 0 156 123 87
0.851169 0.1125 0.3375 0.99922 -0.0245326 0.0309295 162 126 86
0.8475 0.0997798 0.3375 0.960827 -0.277147 0 171 145 112
0.8475 0.1125 0.328657 0.928924 -0.0127425 -0.37005 154 115 74
0.8475 0.104263 0.3525 0.77736 0.464761 -0.42392 169 136 97
0.8475 0.1125 0.347095 0.93331 -0.0393316 0.356912 164 126 84
0.851746 0.1125 0.3675 0.98302 0.177843 -0.0452143 176 141 102
0.8475 0.1125 0.358111 0.896325 0.184565 -0.40316 169 131 89
0.8475 0.103411 0.3825 0.809039 0.584997 -0.0568672 187 149 107
0.8475 0.1125 0.376535 0.825611 0.279353 0.490233 179 138 95
0.848182 0.1125 0.3975 0.948301 0.282058 -0.145497 190 145 99
0.8475 0.1125 0.395134 0.9065 0.331798 -0.261088 189 143 98
0.851356 0.1125 0.4125 0.986085 0.163908 -0.0277639 193 155 114
0.8475 0.110853 0.4275 0.750489 0.617688 -0.235005 192 149 105
0.8475 0.1125 0.42547 0.863461 0.420047 0.279279 192 147 102
0.852702 0.1125 0.4425 0.927464 0.370909 -0.0472988 201 160 117
0.8475 0.1125 0.429286 0.893914 0.278884 -0.350917 193 148 102
0.8475 0.111317 0.4575 0.765462 0.609421 -0.206576 193 155 117
0.8475 0.1125 0.45617 0.772024 0.552483 0.314233 193 154 114
0.8625 0.098147 0.4725 0.788899 0.608072 -0.0888052 206 190 167
0.851831 0.1125 0.4725 0.858909 0.46366 -0.217473 189 161 124
0.8475 0.1125 0.459741 0.894848 0.327073 -0.303761 192 154 115
0.856366 0.1125 0.4875 0.94123 0.325882 0.0888133 200 172 137
0.848142 0.1275 0.3075 0.992311 -0.0379243 0.117812 151 107 66
0.8475 0.125773 0.3075 0.937382 -0.348302 0 150 107 66
0.8475 0.1275 0.305116 0.954515 -0.0294617 -0.296703 148 104 63
0.8475 0.1275 0.309948 0.966656 -0.0370312 0.253388 151 106 64
0.848649 0.1275 0.3375 0.97537 0.137071 -0.172812 165 120 75
0.8475 0.1275 0.333936 0.946934 0.100408 -0.305342 162 116 71
0.8475 0.1275 0.340555 0.924986 0.144041 0.351643 165 120 74
0.84922 0.1275 0.3675 0.954998 0.124177 -0.269367 175 132 86
0.8475 0.1275 0.363598 0.917921 0.0952951 -0.385148 172 127 80
0.852033 0.1275 0.3825 0.995635 -0.0494123 0.079183 190 149 105
0.8475 0.116194 0.3825 0.862482 -0.376461 0.338234 185 143 98
0.8475 0.115215 0.3975 0.921594 0.161611 -0.35291 190 143 96
0.8475 0.1275 0.394247 0.915741 -0.191209 0.353352 192 142 92
0.851182 0.1275 0.4125 0.998104 -0.0269324 -0.0553517 200 153 105
0.8475 0.1275 0.402426 0.95954 0.0449038 -0.277969 195 143 92
0.8475 0.1275 0.419714 0.931824 -0.0141978 0.362632 196 145 93
0.848173 0.1275 0.4425 0.973027 0.137986 -0.184873 199 146 93
0.8475 0.1275 0.440744 0.919499 -0.325977 -0.219683 198 144 91
0.852705 0.1275 0.4575 0.99683 -0.0778909 0.0162345 208 164 118
0.8475 0.11324 0.4575 0.886577 -0.330291 0.323866 194 155 115
0.8475 0.125248 0.4725 0.914803 0.29996 -0.270482 196 150 103
0.8475 0.1275 0.471756 0.887642 -0.327209 0.324076 199 150 102
0.850733 0.1275 0.4875 0.978258 0.172345 -0.115366 201 157 110
0.8475 0.1275 0.474233 0.93486 -0.281292 -0.216593 198 150 102
0.849183 0.1425 0.2775 0.999397 -0.0124093 0.0324314 136 94 57
0.8475 0.139233 0.2775 0.888917 -0.458069 0 134 94 57
0.8475 0.1425 0.27327 0.936689 -0.00519581 -0.350124 133 91 52
0.8475 0.1425 0.281971 0.935469 -0.0291123 0.352207 137 94 56
0.84843 0.1425 0.3075 0.998538 0.0165659 -0.0514623 149 102 60
0.8475 0.1425 0.304864 0.942679 0.0266759 -0.332632 147 100 58
0.8475 0.1425 0.309945 0.946478 0.0135933 0.322481 150 102 59
0.8475 0.139391 0.3375 0.995362 0.0961957 0 166 118 71
0.848109 0.1425 0.3675 0.971767 0.0556117 -0.229296 177 130 79
0.8475 0.1425 0.365656 0.948706 0.0429887 -0.313223 176 129 77
0.851687 0.1425 0.3825 0.999664 -0.0251072 -0.00646451 190 145 96
0.8475 0.1425 0.396735 0.948055 -0.022733 0.317292 192 141 88
0.849975 0.1425 0.4125 0.994175 -0.0162982 -0.106538 198 145 92
0.8475 0.1425 0.399165 0.965332 -0.192803 -0.175959 193 141 88
0.851656 0.1425 0.4275 0.996878 -0.0704838 0.035585 204 156 104
0.8475 0.132944 0.4275 0.892635 -0.421643 0.159434 197 145 93
0.847772 0.1425 0.4425 0.999651 0.0263693 0.00170246 205 146 87
0.851434 0.1425 0.4575 0.984554 0.0835836 -0.153839 207 153 99
0.852592 0.1425 0.4725 0.99801 -0.0179575 0.0604396 204 159 108
0.8475 0.128096 0.4725 0.903379 -0.322502 0.282662 198 150 102
0.848528 0.1425 0.4875 0.995851 0.0807281 0.041991 201 152 98
0.847893 0.1575 0.2775 0.979545 0.0719114 -0.187939 136 92 50
0.8475 0.1575 0.276116 0.960857 0.0489734 -0.272682 135 91 49
0.8475 0.1575 0.27901 0.945585 0.0693448 0.3179 137 92 51
0.8475 0.157227 0.3075 0.998012 0.0630234 0 145 96 53
0.850107 0.1575 0.3525 0.998104 -0.0500316 0.0358387 175 124 72
0.8475 0.15134 0.3525 0.920942 -0.389699 0 174 123 70
0.8475 0.1575 0.338297 0.980357 -0.0288301 -0.195111 166 114 63
0.8475 0.155932 0.3675 0.977105 0.0437361 -0.208215 180 128 72
0.8475 0.1575 0.367156 0.983023 -0.0556635 0.174835 180 128 71
0.850433 0.1575 0.3825 0.981124 0.0825542 -0.174875 189 136 80
0.8475 0.1575 0.367809 0.973403 0.105975 -0.203116 180 128 71
0.852333 0.1575 0.3975 0.998753 -0.0482589 0.0127998 193 142 89
0.8475 0.143129 0.3975 0.921549 -0.310608 0.232959 192 141 88
0.849099 0.1575 0.4125 0.999319 0.0278814 0.0241684 200 146 90
0.851794 0.1575 0.4275 0.998062 0.0240853 0.0573734 199 142 88
0.847552 0.1575 0.4425 0.998719 -0.0505929 -0.000616293 206 147 87
0.849631 0.1575 0.4575 0.997799 0.0299597 -0.0591551 210 149 89
0.850891 0.1575 0.4725 0.996608 0.0587068 0.0576786 206 156 100
0.848371 0.1575 0.4875 0.996647 -0.0655311 -0.0489892 207 154 95
0.8475 0.16605 0.2775 0.998946 0.0458933 0 135 91 49
0.849526 0.1725 0.3225 0.999566 -0.0178863 0.0234262 152 103 53
0.8475 0.168216 0.3225 0.904005 -0.427522 0 155 104 52
0.8475 0.1725 0.313384 0.977956 -0.00772319 -0.20867 149 97 50
0.8475 0.1725 0.330242 0.966958 -0.0306629 0.253085 159 107 54
0.849204 0.1725 0.3525 0.994093 0.0882306 -0.0632015 173 119 60
0.8475 0.1725 0.3455 0.965298 0.114043 -0.234935 169 116 59
0.8475 0.1725 0.359237 0.974091 0.0892487 0.207801 178 122 63
0.848864 0.1725 0.3825 0.990004 0.0631171 -0.12613 192 135 74
0.8475 0.1725 0.376665 0.965762 -0.135459 -0.221255 189 132 72
0.851732 0.1725 0.3975 0.998921 0.0461845 -0.00490741 190 137 79
0.84895 0.1725 0.4125 0.998964 -0.0418997 -0.0177839 201 142 84
0.850754 0.1725 0.4275 0.999225 -0.037813 0.0109664 200 143 85
0.851473 0.1725 0.4425 0.996978 -0.0776568 -0.00181975 203 145 88
0.848973 0.1725 0.4575 0.998859 -0.0468737 0.00916465 207 145 82
0.850348 0.1725 0.4725 0.999632 -0.0268576 -0.00370026 211 150 91
0.851906 0.1725 0.4875 0.998501 -0.0400483 -0.0373168 207 152 95
0.84867 0.1875 0.2925 0.999245 -0.0181965 0.0343226 138 89 43
0.8475 0.184512 0.2925 0.931218 -0.364462 0 140 90 44
0.8475 0.1875 0.286298 0.97909 -0.00723062 -0.203301 137 89 44
0.8475 0.1875 0.297952 0.977553 -0.0204015 0.2097 141 90 43
0.848063 0.1875 0.3225 0.989971 0.08573 -0.112283 153 101 47
0.8475 0.1875 0.319375 0.981959 0.0670827 -0.176796 151 99 46
0.8475 0.1875 0.324836 0.965259 0.0878972 0.246066 154 101 47
0.8475 0.18676 0.3525 0.992938 0.118632 0 174 119 55
0.849796 0.1875 0.3675 0.999099 -0.0364464 -0.0217623 185 127 63
0.8475 0.179476 0.3675 0.947067 -0.271049 -0.172039 185 127 66
0.8475 0.1875 0.353032 0.98441 -0.0193618 -0.174819 175 119 55
0.847503 0.1875 0.3825 0.994567 0.0924887 -0.0477741 190 131 65
0.851007 0.1875 0.3975 0.996109 0.0390098 -0.0790254 193 134 70
0.851869 0.1875 0.4125 0.999494 -0.0181846 -0.0260976 196 138 78
0.850077 0.1875 0.4275 0.997672 0.0617804 0.0288909 200 141 80
0.851725 0.1875 0.4425 0.999238 0.0147337 -0.0361446 205 144 85
0.851889 0.1875 0.4575 0.99905 -0.00762554 0.0429117 207 147 88
0.848875 0.1875 0.4725 0.99795 0.0623135 0.0145925 214 149 88
0.851741 0.1875 0.4875 0.998199 0.0307473 -0.0515204 213 152 91
0.848422 0.2025 0.2625 0.997186 -0.0154318 0.0733555 124 86 40
0.8475 0.199861 0.2625 0.944024 -0.329876 0 123 86 40
0.8475 0.2025 0.260932 0.855914 -0.00899893 -0.517039 124 86 40
0.8475 0.2025 0.265568 0.957371 -0.0258859 0.287698 127 88 42
0.84804 0.2025 0.2925 0.992531 0.0571423 -0.107783 137 89 41
0.8475 0.2025 0.290581 0.958705 0.0896278 -0.26991 137 90 42
0.8475 0.2025 0.29425 0.970655 0.0540755 0.234317 138 90 41
0.8475 0.196526 0.3225 0.998062 0.0622207 0 153 101 48
0.849779 0.2025 0.3375 0.998314 -0.0447837 0.0369208 167 114 54
0.8475 0.195617 0.3375 0.949328 -0.314288 0 165 111 52
0.8475 0.2025 0.324388 0.982649 -0.0197517 -0.184418 155 103 49
0.8475 0.2025 0.345446 0.959291 -0.0638978 0.275095 172 117 53
0.848937 0.2025 0.3675 0.995668 0.092981 -6.84077e-05 184 125 57
0.8475 0.2025 0.361764 0.961211 0.134359 -0.240878 181 123 55
0.8475 0.187518 0.3825 0.950094 0.176287 -0.257381 190 131 65
0.8475 0.2025 0.372668 0.952047 0.153279 0.264787 188 127 58
0.848804 0.2025 0.3975 0.979603 0.105055 -0.171295 198 136 68
0.8475 0.2025 0.392711 0.954148 0.148758 -0.259756 197 135 66
0.851209 0.2025 0.4125 0.997012 0.0657049 0.0406232 197 138 75
0.848172 0.2025 0.4275 0.999951 -0.00317025 -0.00942177 205 141 77
0.850305 0.2025 0.4425 0.998862 0.030424 -0.0367421 205 144 82
0.850763 0.2025 0.4575 0.997789 0.0315489 0.0584959 206 147 86
0.848184 0.2025 0.4725 0.999463 -0.0324254 -0.00463113 210 148 87
0.849629 0.2025 0.4875 0.996343 0.0793091 -0.031785 211 149 90
0.848018 0.2175 0.2625 0.980429 0.0405291 -0.192656 122 81 38
0.8475 0.2175 0.264087 0.954329 0.0350282 0.296697 123 83 38
0.8475 0.206178 0.2925 0.989385 0.145315 0 138 90 41
0.848824 0.2175 0.3375 0.994043 0.0840949 -0.0693299 164 110 52
0.8475 0.2175 0.33186 0.967742 0.108877 -0.227203 160 107 50
0.8475 0.2175 0.342583 0.962589 0.0674836 0.262426 168 114 53
0.8475 0.213438 0.3675 0.991476 0.130291 0 184 124 54
0.850562 0.2175 0.3825 0.99887 -0.0372403 0.0295192 187 127 59
0.8475 0.20883 0.3825 0.942916 -0.33303 0 192 130 61
0.8475 0.2175 0.369372 0.977284 -0.0262658 -0.210301 184 124 54
0.8475 0.21371 0.3975 0.968065 0.114478 -0.223038 199 136 66
0.8475 0.2175 0.395943 0.973589 -0.0542918 0.221757 198 135 64
0.85035 0.2175 0.4125 0.995837 0.0339094 -0.0846113 199 136 68
0.8475 0.2175 0.399669 0.968973 0.106042 -0.223264 199 136 66
0.851359 0.2175 0.4275 0.999274 -0.0310221 -0.0221171 200 139 74
0.849323 0.2175 0.4425 0.996882 0.0775165 0.0147168 203 139 76
0.851302 0.2175 0.4575 0.999907 0.00160503 -0.0135702 205 144 82
0.851122 0.2175 0.4725 0.998737 -0.0311445 0.0394244 207 146 84
0.8475 0.21489 0.4875 0.977472 0.169858 -0.125287 210 148 88
0.8475 0.2175 0.486259 0.957417 0.129327 0.258124 210 148 87
0.847867 0.2325 0.3075 1 -4.48904e-18 0 143 96 41
0.8475 0.231442 0.3075 0.944824 -0.327578 0 144 97 41
0.8475 0.2325 0.305667 0.980577 0 -0.196133 143 96 41
0.8475 0.2325 0.309112 0.975084 0 0.221837 144 97 41
0.8475 0.229861 0.3375 0.994312 0.106507 0 164 111 51
0.84891 0.2325 0.3825 0.997713 -0.00816007 -0.0670978 187 126 55
0.8475 0.2325 0.374208 0.98237 0.0523192 -0.179476 184 124 53
0.8475 0.2325 0.388295 0.972005 0.0603727 0.227072 193 131 58
0.848881 0.2325 0.4125 0.984336 0.0869308 -0.153383 197 135 64
0.8475 0.2325 0.407083 0.961509 0.124172 -0.245115 198 135 63
0.850794 0.2325 0.4275 0.999276 0.00802221 0.0371982 200 139 71
0.8475 0.229959 0.4425 0.983068 0.146268 -0.110374 202 139 73
0.8475 0.2325 0.44137 0.965527 0.112706 0.234638 202 139 72
0.849234 0.2325 0.4575 0.997725 0.0588143 -0.0329503 204 143 78
0.8475 0.2325 0.445419 0.964222 -0.231386 -0.129369 202 140 73
0.849765 0.2325 0.4725 0.995379 0.0508717 -0.0814464 207 146 82
0.851592 0.2325 0.4875 0.998681 -0.0295881 0.0419526 209 146 81
0.8475 0.218565 0.4875 0.941241 -0.277056 0.193147 210 148 86
0.84833 0.2475 0.2775 0.99979 -0.0067149 0.0193732 130 88 38
0.8475 0.245663 0.2775 0.911307 -0.411728 0 131 89 38
0.8475 0.2475 0.272822 0.9741 0.0658962 -0.216301 127 85 36
0.8475 0.2475 0.279966 0.947755 -0.00986204 0.318846 132 89 38
0.8475 0.238289 0.3075 0.998 0.0632175 0 142 96 40
0.849311 0.2475 0.3525 0.993502 -0.110614 -0.0267939 169 115 50
0.8475 0.243035 0.3525 0.926695 -0.375815 0 172 117 51
0.8475 0.2475 0.342473 0.981733 -0.0100919 -0.189997 162 111 48
0.8475 0.2475 0.358577 0.890498 -0.369601 0.265347 175 119 52
0.848308 0.2475 0.3825 0.983687 0.0667199 -0.167059 184 124 51
0.8475 0.2475 0.379221 0.967096 0.089072 -0.238309 182 123 51
0.850615 0.2475 0.3975 0.995581 -0.0933956 0.00973962 191 132 62
0.8475 0.238292 0.3975 0.923395 -0.317554 0.215641 197 135 63
0.8475 0.242829 0.4125 0.970265 0.131649 -0.203111 197 134 63
0.8475 0.2475 0.410422 0.923999 -0.310824 0.222741 197 134 63
0.849821 0.2475 0.4275 0.995773 0.0402629 -0.0825523 201 138 69
0.8475 0.2475 0.41586 0.960239 -0.211987 -0.181665 198 135 64
0.85155 0.2475 0.4425 0.999042 -0.04171 0.013226 198 135 68
0.8475 0.233376 0.4425 0.945992 -0.272098 0.176245 202 139 72
0.848267 0.2475 0.4575 0.998355 -0.0470377 0.0327847 202 139 72
0.849689 0.2475 0.4725 0.999496 0.016432 -0.0271734 205 144 78
0.850323 0.2475 0.4875 0.999511 -0.00096931 -0.0312597 209 146 80
0.8775 0.0811797 0.3075 -1.06304e-17 1 0 167 152 131
0.869191 0.0825 0.3075 0.194643 0.970402 0.142947 164 150 130
0.8775 0.0825 0.30245 -0.210938 0.928892 0.304408 169 152 130
0.8775 0.0825 0.31596 0.0795833 0.977905 -0.193307 170 155 134
0.8775 0.084804 0.2625 0.0340288 0.999413 -0.00388951 149 129 107
0.8775 0.0849082 0.2775 -0.0211087 0.999597 -0.0189882 164 144 120
0.8775 0.0859558 0.2925 -0.0799635 0.99573 0.0461165 171 151 128
0.8775 0.0839465 0.3225 -0.0324165 0.997062 -0.0694007 173 158 137
0.8775 0.0852254 0.3375 0.0142341 0.999415 -0.0310891 180 165 144
0.8775 0.0851973 0.3525 0.0710596 0.994936 -0.0710867 187 172 151
0.8775 0.0873299 0.3675 0.0121212 0.999047 0.0419243 194 179 158
0.8775 0.0838336 0.3825 0.0201286 0.998874 0.0429586 198 184 163
0.8775 0.0852774 0.3975 0.17875 0.97333 -0.143795 207 191 168
0.8775 0.0891005 0.4125 0.115209 0.987313 -0.109267 213 197 173
0.8775 0.0893688 0.4275 0.136732 0.989593 -0.044825 214 198 174
0.8775 0.0884058 0.4425 0.221142 0.974028 -0.0486301 213 197 172
0.8775 0.0925659 0.4575 0.250135 0.96034 -0.123206 209 194 173
0.8775 0.0928959 0.4725 0.220436 0.974832 -0.0333321 213 198 173
0.864156 0.0975 0.4725 0.321796 0.938669 -0.123883 207 191 168
0.8775 0.0921181 0.4875 0.135544 0.99077 0.00182912 216 198 172
0.880986 0.0825 0.3075 -0.411656 0.908977 -0.065576 169 153 132
0.8925 0.0836414 0.2625 0.0270276 0.998882 0.0387963 147 126 104
0.8925 0.0857653 0.2775 -0.012235 0.998311 -0.0568013 160 138 116
0.8925 0.0860975 0.2925 -0.0252741 0.997354 -0.0681632 170 150 127
0.8925 0.0877932 0.3075 -0.244891 0.968642 0.0419579 176 156 133
0.8925 0.0860459 0.3225 -0.138024 0.986133 0.0921468 178 158 135
0.8925 0.0849899 0.3375 -0.0361227 0.998229 -0.0472672 179 164 140
0.8925 0.0868978 0.3525 -0.0701694 0.997531 -0.00268859 187 172 151
0.8925 0.0851393 0.3675 0.059352 0.996316 -0.0619056 195 180 159
0.8925 0.0875612 0.3825 -0.115708 0.989066 0.0914338 203 187 164
0.8925 0.0844756 0.3975 -0.0471387 0.998689 -0.0199386 207 191 168
0.8925 0.0870158 0.4125 0.108306 0.980429 -0.164405 214 198 175
0.8925 0.0881984 0.4275 0.0977481 0.993953 -0.0500304 216 200 177
0.8925 0.0890126 0.4425 -0.00095939 0.999221 0.0394563 215 199 176
0.8925 0.0873845 0.4575 0.210797 0.972318 -0.100809 215 198 175
0.8925 0.0895181 0.4725 0.254998 0.961291 -0.104379 216 199 178
0.8925 0.0919406 0.4875 0.0825875 0.995644 -0.0432747 215 200 180
0.5925 0.0947076 0.6825 0.0617628 0.979048 0.194039 23 9 1
0.5775 0.0946281 0.6825 -0.00502973 0.947951 0.318375 22 8 0
0.5925 0.0975 0.669241 0.103575 0.971189 0.214624 22 9 1
0.5775 0.0975 0.673949 0.147337 0.869877 0.47075 20 9 0
0.5925 0.109681 0.6525 0.352569 0.708998 0.610751 24 14 7
0.588628 0.1125 0.6525 0.501585 0.646337 0.575031 24 15 7
0.5925 0.1125 0.650041 0.207828 0.509289 0.835124 24 15 8
0.5925 0.0980392 0.6675 0.289784 0.721201 0.629202 22 9 1
0.5775 0.107532 0.6675 0.445932 0.607881 0.656982 21 9 1
0.5775 0.1125 0.664298 0.560159 0.612693 0.557521 23 10 2
0.5775 0.121383 0.6525 0.518941 0.650108 0.555031 25 16 7
0.5925 0.1275 0.64199 0.286698 0.276017 0.917398 23 18 10
0.5775 0.1275 0.646729 0.35331 0.3065 0.883872 25 17 8
0.5925 0.142147 0.6375 0.39236 0.268293 0.879814 16 12 3
0.592395 0.1425 0.6375 0.613076 -0.00752989 0.789988 16 12 3
0.5925 0.1425 0.637414 0.132472 0.168295 0.976795 16 12 3
0.5775 0.1425 0.649055 0.533803 0.0494556 0.844162 45 37 28
0.5925 0.148036 0.6375 0.306744 -0.0139782 0.951689 20 16 7
0.5925 0.1575 0.637646 0.581242 0.0339351 0.813023 26 23 14
0.5775 0.1575 0.647565 0.549689 0.0825645 0.831279 57 48 39
0.5925 0.158547 0.6375 0.438218 0.124808 0.890162 27 24 15
0.588657 0.1725 0.6375 0.452434 0.0703359 0.88902 44 39 30
0.5925 0.1725 0.635544 0.248673 0.0963374 0.963785 41 37 28
0.587013 0.1875 0.6375 0.452783 0.0496446 0.890238 29 24 14
0.5925 0.1875 0.634709 0.384642 0.0934443 0.918324 31 27 16
0.6075 0.0957329 0.6675 0.017663 0.982494 0.185454 21 8 0
0.59579 0.0975 0.6675 0.130564 0.805554 0.577959 22 9 1
0.6075 0.0975 0.665007 0.0380784 0.824902 0.563992 20 8 0
0.6075 0.0942662 0.6825 -0.125865 0.991777 0.0231687 23 9 0
0.6075 0.107205 0.6525 0.115506 0.764061 0.63472 18 9 2
0.6075 0.1125 0.646996 0.0962935 0.548115 0.830841 15 8 2
0.6075 0.100671 0.6975 0.466598 0.818921 -0.334148 31 10 0
0.5925 0.109217 0.6975 0.334988 0.779687 -0.529028 25 8 0
0.5925 0.0975 0.683329 0.262372 0.743679 -0.6149 22 9 1
0.6075 0.0975 0.689729 0.334988 0.779687 -0.529028 27 9 0
0.6075 0.1275 0.639813 0.140418 0.426892 0.893334 9 5 1
0.6075 0.136523 0.6375 0.133728 0.256385 0.957279 8 5 0
0.6075 0.1425 0.636114 0.118126 0.18762 0.975113 8 6 0
0.59292 0.1575 0.6375 0.302892 0.0759706 0.949992 26 23 14
0.6075 0.1575 0.632864 0.177611 0.101938 0.978807 11 11 3
0.6075 0.1725 0.633597 0.222098 0.0964804 0.970239 12 13 4
0.6075 0.1875 0.629764 0.21958 0.201695 0.954518 23 23 9
0.6075 0.2025 0.62609 0.323219 0.181721 0.928712 29 26 14
0.5925 0.2025 0.634209 0.445986 0.14217 0.883677 37 34 23
0.6075 0.2175 0.623543 0.395139 0.138594 0.908106 34 36 25
0.5925 0.2175 0.630017 0.394742 0.0886133 0.914509 46 46 39
0.6075 0.220459 0.6225 0.609459 0.248234 0.752954 34 36 25
0.603085 0.2325 0.6225 0.645792 0.118045 0.754333 43 46 38
0.6075 0.2325 0.61824 0.59273 0.225978 0.773049 37 40 32
0.5925 0.2325 0.631302 0.51869 0.0756093 0.851612 38 42 36
0.604069 0.2475 0.6225 0.553086 -0.0363086 0.832333 63 69 58
0.6225 0.0974002 0.6675 -0.00900074 0.997644 0.0680061 22 9 0
0.6225 0.0975 0.66711 0.215531 0.861093 0.460505 22 9 0
0.613248 0.0975 0.6825 -0.417027 0.870349 -0.261879 24 9 0
0.6225 0.0975 0.667767 -0.207854 0.940403 -0.269144 22 9 0
0.6225 0.10549 0.6525 0.167186 0.784866 0.596686 15 5 0
0.6225 0.1125 0.646472 0.225268 0.552164 0.802726 12 4 0
0.6225 0.101453 0.6825 -0.151434 0.926867 -0.343489 25 9 0
0.6225 0.125683 0.6375 0.246369 0.525834 0.814126 9 4 0
0.618795 0.1275 0.6375 0.18536 0.248119 0.95083 9 4 0
0.6225 0.1275 0.63681 0.192709 0.234237 0.952888 9 4 0
0.6225 0.1425 0.63356 0.230146 0.182258 0.955937 7 4 0
0.6225 0.132689 0.7125 -0.138211 0.756204 -0.639573 32 9 0
0.6075 0.131807 0.7125 -0.0468268 0.77261 -0.633152 26 7 0
0.6075 0.1275 0.707277 -0.0484072 0.770579 -0.635503 25 8 0
0.6225 0.1275 0.706135 -0.0854701 0.7712 -0.630829 30 9 0
0.6225 0.1575 0.632328 0.211258 0.135702 0.967964 7 6 1
0.6225 0.1725 0.628313 0.193625 0.127254 0.972788 13 14 7
0.6225 0.1875 0.627056 0.232269 0.21072 0.949551 15 17 8
0.6225 0.202153 0.6225 0.259545 0.288045 0.921774 18 22 8
0.622088 0.2025 0.6225 0.324005 0.251492 0.912016 18 22 8
0.6225 0.2025 0.622339 0.483258 0.390239 0.783694 18 22 8
0.609925 0.2175 0.6225 0.39861 0.316045 0.860944 33 35 24
0.6225 0.2175 0.616599 0.514115 0.40108 0.758169 27 29 18
0.6225 0.229053 0.6075 0.560352 0.535194 0.632117 20 21 13
0.619671 0.2325 0.6075 0.732312 0.175207 0.658044 24 25 18
0.6225 0.2325 0.603899 0.755126 0.467247 0.459853 23 24 16
0.6375 0.0967364 0.6525 0.260082 0.962477 0.0774331 19 8 2
0.635959 0.0975 0.6525 0.432425 0.729673 0.529703 19 8 2
0.6375 0.0975 0.651423 0.473255 0.535828 0.699227 19 8 2
0.6375 0.0959752 0.6675 0.0660485 0.997816 -7.7107e-05 23 10 1
0.6375 0.0975 0.669929 -0.0153698 0.906891 -0.421085 23 10 1
0.6375 0.1125 0.640416 0.482419 0.523285 0.702456 18 9 6
0.6375 0.104594 0.6825 -0.0209402 0.86743 -0.497119 24 10 0
0.6375 0.116996 0.6375 0.307668 0.457939 0.834046 19 11 9
0.6375 0.1275 0.633424 0.496879 0.241028 0.833677 18 11 10
0.62791 0.1125 0.6975 -0.0469423 0.896163 -0.441235 29 10 0
0.6375 0.113002 0.6975 -0.0865282 0.836917 -0.540447 28 11 1
0.6375 0.1125 0.69648 -0.0581547 0.895634 -0.440974 28 11 1
0.6375 0.1425 0.630612 0.429608 0.205353 0.879356 12 8 5
0.6375 0.13642 0.7125 -0.0370901 0.75128 -0.65894 31 9 0
0.6375 0.1275 0.702413 -0.0939354 0.751946 -0.652498 27 9 0
0.6375 0.1575 0.625276 0.405345 0.114785 0.906929 7 5 1
0.6375 0.1725 0.626401 0.321304 0.116567 0.939774 6 7 1
0.6375 0.186887 0.6225 0.394174 0.241387 0.886769 2 5 0
0.637002 0.1875 0.6225 0.295028 0.289923 0.910441 2 5 0
0.6375 0.1875 0.622245 0.653971 0.362333 0.664106 2 5 0
0.6375 0.2025 0.612991 0.59669 0.387762 0.702568 27 29 23
0.6375 0.211469 0.6075 0.683896 0.416937 0.598707 43 44 39
0.633997 0.2175 0.6075 0.641055 0.538233 0.547132 44 45 39
0.6375 0.2175 0.599511 0.77212 0.542359 0.331175 27 28 23
0.6375 0.226357 0.5775 0.783706 0.566121 0.25556 19 19 14
0.633347 0.2325 0.5775 0.906006 0.319866 0.277198 27 25 19
0.6375 0.2325 0.567064 0.712538 0.566332 0.414195 9 10 5
0.6375 0.220324 0.5925 0.799592 0.557132 0.224179 10 10 5
0.629255 0.2325 0.5925 0.85824 0.394888 0.327852 31 30 25
0.6375 0.246677 0.5475 0.729161 0.568833 0.380464 6 8 0
0.6375 0.236794 0.5625 0.762126 0.517356 0.389239 11 12 5
0.6525 0.0974099 0.6375 0.516032 0.839347 0.170899 12 2 1
0.652399 0.0975 0.6375 0.688195 0.517114 0.508901 12 2 1
0.6525 0.0975 0.637352 0.75707 0.589818 0.280998 12 2 1
0.6525 0.089987 0.6525 0.332075 0.941316 0.0604175 20 9 3
0.6525 0.0954843 0.6675 0.099986 0.92874 -0.356995 24 11 2
0.6525 0.105622 0.6225 0.83717 0.463484 0.290395 8 4 1
0.649581 0.1125 0.6225 0.845764 0.282566 0.452592 9 4 2
0.6525 0.1125 0.613353 0.893583 0.229312 0.385908 7 8 2
0.639699 0.1125 0.6375 0.744036 0.358153 0.564036 18 9 8
0.6525 0.103597 0.6825 -0.237175 0.803313 -0.546293 25 11 1
0.6525 0.0975 0.672246 -0.00456863 0.86453 -0.50256 24 11 2
0.648161 0.1275 0.6225 0.781451 0.139499 0.608172 9 5 2
0.6525 0.1275 0.616683 0.886662 0.0622417 0.45821 7 5 1
0.6525 0.114851 0.6975 -0.408873 0.701699 -0.583474 28 14 4
0.6525 0.1125 0.694257 -0.238204 0.798164 -0.553347 27 13 4
0.646952 0.1425 0.6225 0.767707 0.0602021 0.637967 6 5 0
0.6525 0.1425 0.608576 0.909619 0.0705589 0.409407 2 4 0
0.6525 0.135492 0.7125 0.0468149 0.75684 -0.651922 29 11 1
0.6525 0.1275 0.703222 0.0409876 0.752569 -0.657237 27 11 0
0.644635 0.1575 0.6225 0.675179 0.15748 0.720648 6 5 1
0.6525 0.1575 0.615197 0.878708 0.0602553 0.473541 5 5 0
0.6525 0.171912 0.5775 0.929194 0.369408 -0.0116292 16 0 1
0.652329 0.1725 0.5775 1 0 0 16 0 1
0.6525 0.1725 0.576533 0.879895 0.314312 0.35636 16 0 1
0.6525 0.1725 0.584838 0.990311 -0.136546 -0.025293 15 2 2
0.6525 0.167375 0.6075 0.8913 0.286523 0.351409 4 7 0
0.651029 0.1725 0.6075 0.919357 0.110512 0.377584 6 9 2
0.6525 0.1725 0.594808 0.990669 0.0965149 0.096231 12 5 3
0.6421 0.1725 0.6225 0.791856 0.159481 0.589517 6 6 1
0.640435 0.1575 0.7275 -0.240439 0.686363 -0.686363 34 8 0
0.6525 0.161726 0.7275 -0.240439 0.686363 -0.686363 29 7 0
0.6525 0.1575 0.723274 -0.240439 0.686363 -0.686363 28 7 0
0.6525 0.173688 0.5775 0.955411 -0.157056 0.250047 16 0 1
0.649626 0.1875 0.6075 0.840291 0.262248 0.474486 9 8 5
0.6525 0.1875 0.595466 0.98518 0.048627 0.164487 10 3 5
0.6525 0.19113 0.5925 0.942275 0.228542 0.244717 11 4 7
0.649365 0.2025 0.5925 0.840729 0.444644 0.308975 8 7 9
0.6525 0.2025 0.583201 0.950181 0.228009 0.212527 11 7 11
0.642267 0.2025 0.6075 0.801477 0.4343 0.411118 24 24 20
0.6525 0.217188 0.5625 0.870107 0.37864 0.315508 5 7 2
0.652337 0.2175 0.5625 0.72348 0.506691 0.468873 5 7 2
0.6525 0.2175 0.562213 0.85176 0.311354 0.421382 5 7 2
0.6525 0.204668 0.5775 0.809609 0.49434 0.316484 12 7 11
0.644408 0.2175 0.5775 0.76862 0.542788 0.338533 12 13 10
0.639706 0.2175 0.5925 0.799964 0.525709 0.289287 7 8 4
0.641773 0.2325 0.5625 0.682627 0.548203 0.483212 4 6 1
0.6525 0.2325 0.548808 0.760071 0.441213 0.477099 10 7 6
0.6525 0.233299 0.5475 0.557327 0.616056 0.556652 11 7 6
0.6675 0.0806036 0.6375 0.346487 0.930299 -0.120376 18 11 3
0.664568 0.0825 0.6375 0.74663 0.665223 0.00458933 17 9 3
0.6675 0.0825 0.630134 0.70622 0.659866 0.256574 13 9 3
0.6675 0.0825 0.643052 0.697487 0.655376 -0.289817 20 10 2
0.6675 0.09441 0.6075 0.571188 0.696341 0.434573 5 4 0
0.665269 0.0975 0.6075 0.761197 0.491057 0.423606 5 5 0
0.6675 0.0975 0.602962 0.458331 0.671201 0.582599 5 4 0
0.6675 0.0853112 0.6225 0.602455 0.686933 0.406412 6 6 2
0.657856 0.0975 0.6225 0.762127 0.55674 0.33046 7 4 0
0.6675 0.0861531 0.6525 0.301941 0.875201 -0.377961 24 7 0
0.661002 0.0975 0.6675 -0.248163 0.84898 -0.466528 25 12 3
0.6675 0.0975 0.663838 -0.0577067 0.752755 -0.655766 25 11 3
0.6675 0.108908 0.5925 0.543385 0.565241 0.620673 4 5 0
0.664764 0.1125 0.5925 0.80202 0.385209 0.456485 4 5 0
0.6675 0.1125 0.589599 0.454693 0.60441 0.654173 5 5 0
0.655621 0.1125 0.6075 0.864665 0.271941 0.422376 6 9 2
0.6675 0.0993064 0.6675 -0.107076 0.77126 -0.627449 25 12 3
0.6675 0.111634 0.6825 -0.209106 0.755499 -0.620883 23 10 1
0.6675 0.124053 0.5775 0.468442 0.610152 0.638965 14 4 3
0.665606 0.1275 0.5775 0.819383 0.362405 0.444155 16 5 4
0.6675 0.1275 0.575241 0.170691 0.434091 0.88455 18 5 5
0.660071 0.1275 0.5925 0.906303 0.284808 0.312248 6 5 1
0.656769 0.1275 0.6075 0.95591 0.16272 0.244455 3 5 0
0.6675 0.125259 0.6975 -0.462131 0.666015 -0.585542 26 12 4
0.6675 0.1125 0.682988 -0.452675 0.67907 -0.577884 23 10 1
0.658028 0.1425 0.5775 0.862075 0.254488 0.438249 18 4 3
0.6675 0.1425 0.567682 0.407771 0.415094 0.813277 29 8 7
0.653838 0.1425 0.5925 0.975478 0.132086 0.176056 4 4 0
0.652775 0.1425 0.6075 0.99402 0.0031124 0.109153 2 4 0
0.6675 0.152806 0.5625 0.444531 0.410655 0.796087 34 9 6
0.665046 0.1575 0.5625 0.814325 0.251726 0.52298 33 9 5
0.6675 0.1575 0.559938 0.293675 0.445456 0.845768 39 15 9
0.658283 0.1575 0.5775 0.950311 0.175461 0.257143 23 6 6
0.655847 0.1575 0.5925 0.992052 0.0128218 0.125177 12 10 3
0.654082 0.1575 0.6075 0.989404 0.0691348 0.127673 4 7 0
0.661002 0.1425 0.7125 -0.467577 0.651334 -0.597608 30 13 0
0.6675 0.147165 0.7125 -0.0423358 0.743834 -0.667022 30 13 0
0.6675 0.1425 0.707416 -0.101776 0.733017 -0.672553 30 13 0
0.658346 0.1725 0.5625 0.862679 0.184724 0.47081 23 5 0
0.6675 0.1725 0.552985 0.498126 0.294496 0.815563 54 36 22
0.6527 0.1725 0.5925 0.98569 0.148095 0.0805218 13 5 3
0.656724 0.1875 0.5625 0.90018 0.0957132 0.424871 36 27 20
0.6675 0.1875 0.549265 0.604914 0.196076 0.771772 72 65 44
0.654649 0.1875 0.5775 0.987457 0.00116229 0.157884 17 0 6
0.652801 0.1875 0.5925 0.99164 0.050706 0.118651 12 3 6
0.6675 0.192243 0.5475 0.722009 0.259603 0.641335 66 61 41
0.664224 0.2025 0.5475 0.828865 0.180545 0.529515 39 39 23
0.6675 0.2025 0.542744 0.305735 0.268093 0.913593 40 40 23
0.656659 0.2025 0.5625 0.932834 0.150662 0.327293 27 24 19
0.653183 0.2025 0.5775 0.970625 0.155869 0.183279 13 7 10
0.659794 0.2175 0.5475 0.794414 0.263833 0.547083 5 6 0
0.6675 0.2175 0.538231 0.474378 0.218213 0.852847 29 30 21
0.653048 0.2325 0.5475 0.600769 0.401708 0.691164 13 9 8
0.6675 0.2325 0.535442 0.492034 0.336748 0.80281 45 45 35
0.6675 0.240403 0.5325 0.343349 0.293562 0.892151 30 31 19
0.6825 0.0718906 0.6225 0.494213 0.855349 0.155343 17 7 0
0.670882 0.0825 0.6225 0.532986 0.668361 0.518864 9 6 2
0.6825 0.0825 0.613955 0.345974 0.703955 0.620281 11 5 0
0.6825 0.0780587 0.6375 0.164834 0.971563 -0.169985 21 13 0
0.6825 0.0771394 0.6525 0.292454 0.953547 -0.0722378 23 13 1
0.671724 0.0825 0.6525 0.385714 0.722204 -0.574148 23 8 0
0.6825 0.0866507 0.6075 0.311078 0.779935 0.543076 9 6 1
0.6825 0.0975 0.592829 0.122941 0.726591 0.675982 13 13 3
0.6825 0.0969036 0.6675 0.214922 0.622713 -0.752354 27 14 0
0.678793 0.0975 0.6675 0.257567 0.672727 -0.693612 27 14 1
0.6825 0.0825 0.656144 0.256626 0.598411 -0.758978 23 13 0
0.6825 0.0979726 0.5925 0.238275 0.658695 0.713685 13 13 3
0.6825 0.1125 0.578744 -0.113732 0.630432 0.767867 8 4 1
0.6825 0.1119 0.6825 0.0512543 0.73902 -0.671731 28 12 0
0.6825 0.0975 0.668095 0.1125 0.702766 -0.70247 27 14 0
0.6825 0.115496 0.5775 0.170128 0.467222 0.867618 9 4 1
0.6825 0.1275 0.573807 0.0103944 0.468572 0.883364 15 4 5
0.6825 0.1425 0.56511 0.108945 0.483033 0.868798 23 7 7
0.6825 0.147394 0.5625 0.167202 0.510908 0.843218 27 10 9
0.6825 0.1575 0.555349 0.127233 0.472109 0.87231 30 13 7
0.6825 0.145266 0.7125 -0.0983348 0.727832 -0.678669 28 12 2
0.6825 0.1425 0.709247 0.0262894 0.750556 -0.660283 28 12 2
0.6825 0.1725 0.548279 0.200852 0.371273 0.90654 68 55 40
0.6825 0.174164 0.5475 0.18574 0.341003 0.92153 70 58 42
0.670998 0.1875 0.5475 0.376788 0.33936 0.861896 73 66 45
0.6825 0.1875 0.542865 0.0701469 0.266155 0.961374 71 60 42
0.6825 0.2025 0.539987 -0.0115425 0.164702 0.986276 70 64 46
0.6825 0.2175 0.536338 -0.0788587 0.266475 0.96061 27 21 13
0.6825 0.225141 0.5325 0.138709 0.429436 0.892382 13 7 1
0.673323 0.2325 0.5325 0.329218 0.309551 0.892073 29 27 19
0.6825 0.2325 0.529677 -0.0361518 0.113318 0.992901 13 7 2
0.6975 0.084661 0.6075 0.0465602 0.770995 0.635137 19 0 0
0.6975 0.0975 0.594273 -0.0756491 0.613446 0.786105 35 18 9
0.6975 0.0825 0.609564 0.207076 0.675776 0.707422 20 1 0
0.690988 0.0825 0.6525 -0.325177 0.752941 -0.572135 25 11 0
0.6975 0.0853122 0.6525 -0.325177 0.752941 -0.572135 27 11 0
0.6975 0.0825 0.648799 -0.325177 0.752941 -0.572135 28 10 0
0.6975 0.103883 0.5925 -0.336244 0.493428 0.802165 27 16 8
0.6975 0.1125 0.589904 -0.50982 0.520115 0.685247 13 10 5
0.6975 0.123645 0.5775 -0.296749 0.531242 0.79355 12 9 0
0.6975 0.1275 0.574758 -0.367937 0.565714 0.737964 15 10 0
0.6975 0.1425 0.563631 -0.242691 0.551813 0.797874 14 3 0
0.6975 0.144016 0.5625 -0.183567 0.602426 0.776779 14 3 0
0.6975 0.1575 0.55416 -0.208031 0.432089 0.877509 20 10 7
0.6975 0.148977 0.7125 -0.170965 0.690994 -0.702352 30 15 2
0.6975 0.1425 0.706128 -0.15919 0.712098 -0.683794 30 14 1
0.6975 0.1725 0.548351 -0.135856 0.371348 0.918501 66 57 50
0.6975 0.175639 0.5475 -0.100095 0.263351 0.959493 67 58 50
0.6975 0.1875 0.544882 -0.141481 0.242754 0.959716 54 45 32
0.6975 0.2025 0.540724 -0.201186 0.134088 0.970332 46 35 25
0.6975 0.2175 0.541254 -0.234232 0.0525946 0.970757 27 14 4
0.686427 0.2325 0.5325 -0.484349 0.363319 0.795868 16 9 2
0.6975 0.2325 0.538566 -0.450224 0.262198 0.853552 28 17 5
0.6975 0.245379 0.5325 -0.473427 0.392407 0.788596 20 8 0
0.705053 0.1125 0.6225 -0.562316 0.752536 0.342768 30 11 0
0.7125 0.118064 0.6225 -0.562316 0.752536 0.342768 40 12 1
0.7125 0.1125 0.634716 -0.562316 0.752536 0.342768 42 10 0
0.699377 0.1275 0.5775 -0.656115 0.573216 0.490853 15 10 0
0.712481 0.1425 0.5775 -0.624122 0.538137 0.566463 30 6 0
0.710773 0.1275 0.5925 -0.634989 0.579852 0.510451 15 1 0
0.7125 0.12877 0.5925 -0.46944 0.637805 0.610599 16 1 0
0.7125 0.1425 0.577516 -0.505624 0.636071 0.582887 30 6 0
0.7125 0.1275 0.593176 -0.326503 0.443971 0.834437 17 1 0
0.712234 0.1275 0.6825 -0.400964 0.647776 -0.647776 31 6 0
0.7125 0.127664 0.6825 -0.400964 0.647776 -0.647776 31 6 0
0.7125 0.1275 0.682336 -0.400964 0.647776 -0.647776 31 6 0
0.7125 0.153869 0.5625 -0.418643 0.586044 0.693751 13 1 0
0.7125 0.1575 0.561792 -0.417055 0.392723 0.819654 10 0 0
0.7125 0.142516 0.5775 -0.478912 0.686201 0.547514 30 6 0
0.7125 0.1725 0.553573 -0.344164 0.388861 0.854598 17 11 8
0.70778 0.1575 0.7125 -0.436707 0.636116 -0.636116 25 17 1
0.7125 0.160741 0.7125 -0.180036 0.741272 -0.646609 24 17 0
0.7125 0.1575 0.709259 -0.251706 0.684341 -0.684341 24 17 0
0.7125 0.186676 0.5475 -0.234672 0.301489 0.924139 23 16 10
0.7125 0.1875 0.547255 -0.298055 0.115857 0.947491 23 16 10
0.7125 0.193022 0.5475 -0.500375 -0.0410829 0.864833 22 15 7
0.711499 0.2025 0.5475 -0.434029 -0.0136834 0.900795 24 16 5
0.7125 0.2025 0.547967 -0.572397 0.214004 0.791558 22 14 3
0.7125 0.203649 0.5475 -0.439351 0.280685 0.853338 21 13 2
0.7125 0.2175 0.543044 -0.28417 0.0236045 0.958483 27 13 2
0.7125 0.2325 0.546132 -0.315458 0.0455231 0.947847 35 19 4
0.72014 0.1575 0.6075 -0.638174 0.671167 0.377185 28 14 0
0.7275 0.164498 0.6075 -0.638174 0.671167 0.377185 33 12 0
0.7275 0.1575 0.619952 -0.638174 0.671167 0.377185 47 21 0
0.7275 0.163283 0.7125 -0.131377 0.775126 -0.617997 32 8 0
0.7275 0.1575 0.705247 -0.149756 0.749677 -0.644637 34 6 0
0.716905 0.1725 0.5625 -0.651993 0.249294 0.716071 17 6 2
0.722641 0.1875 0.5625 -0.707456 0.320936 0.629688 20 10 6
0.7275 0.1725 0.572147 -0.686054 0.223101 0.692499 25 7 1
0.7275 0.1875 0.568163 -0.731135 0.268181 0.627312 19 7 4
0.71273 0.1875 0.5475 -0.739911 0.136175 0.658777 23 16 10
0.7275 0.195064 0.5625 -0.675967 0.274912 0.683734 12 5 1
0.7275 0.2025 0.556534 -0.461184 0.367698 0.807532 11 6 2
0.720223 0.2175 0.5475 -0.518645 0.170359 0.837845 20 11 1
0.7275 0.2175 0.552284 -0.531928 0.212164 0.81978 18 10 1
0.721644 0.2325 0.5475 -0.287568 0.0149368 0.957644 37 23 7
0.7275 0.2325 0.548269 -0.424894 0.17393 0.888377 38 25 9
0.738053 0.2025 0.5925 -0.61101 0.588806 0.529126 25 1 0
0.7425 0.207114 0.5925 -0.61101 0.588806 0.529126 26 3 2
0.7425 0.2025 0.597635 -0.61101 0.588806 0.529126 26 0 0
0.74038 0.2175 0.5625 -0.617957 0.230652 0.751618 16 3 0
0.7425 0.223181 0.5625 -0.607726 0.206722 0.766769 13 2 0
0.7425 0.2325 0.560199 -0.59419 0.286088 0.751726 7 2 0
0.7425 0.2175 0.564617 -0.683168 0.254991 0.684296 16 3 0
0.7425 0.2475 0.551552 -0.458842 0.131813 0.878686 16 12 2
0.8625 0.0816779 0.6825 0.0195786 0.998917 -0.042198 222 212 187
0.862138 0.0825 0.6825 0.961216 0.2646 0.0777918 222 211 186
0.8625 0.0825 0.6793 0.0871737 0.971103 0.222171 222 212 187
0.8625 0.0825 0.690589 -0.00060579 0.994583 -0.103943 223 213 188
0.8625 0.0965712 0.5025 0.319512 0.947174 -0.0278024 205 193 171
0.861148 0.0975 0.5025 0.772259 0.632356 0.0611761 204 190 166
0.8625 0.0975 0.507903 0.437661 0.888643 -0.136989 207 193 170
0.8625 0.0969462 0.5325 0.278744 0.959268 0.0458876 205 194 172
0.862062 0.0975 0.5325 0.829145 0.557622 0.0397079 205 193 170
0.8625 0.0975 0.528723 0.426971 0.895805 0.123403 206 193 171
0.8625 0.0943869 0.5475 0.215212 0.976483 0.0128431 207 197 175
0.858276 0.0975 0.5475 0.916722 0.398923 -0.0219427 206 187 159
0.8625 0.0961995 0.5625 0.274813 0.957008 0.0928119 210 197 171
0.86144 0.0975 0.5625 0.860931 0.505306 0.0588507 209 193 166
0.8625 0.0928499 0.5775 0.289662 0.950792 0.109958 209 201 181
0.858893 0.0975 0.5775 0.884955 0.449094 0.123166 207 189 161
0.8625 0.0915689 0.5925 0.249685 0.968033 -0.0238779 210 203 185
0.853348 0.0975 0.5925 0.954084 0.298864 -0.0200886 206 180 146
0.8625 0.0934138 0.6075 0.329607 0.94374 0.0267179 218 206 184
0.857947 0.0975 0.6075 0.90357 0.426655 -0.0390722 215 193 165
0.8625 0.0912317 0.6225 0.386816 0.916601 0.101077 222 210 188
0.859016 0.0975 0.6225 0.926227 0.365297 -0.0930689 220 200 172
0.8625 0.0881151 0.6375 0.409694 0.90868 0.0803162 223 209 187
0.859471 0.0975 0.6375 0.965478 0.260475 -0.00234952 219 200 172
0.8625 0.0898506 0.6525 0.497456 0.864726 0.0691872 225 210 187
0.857656 0.0975 0.6525 0.888904 0.457983 -0.0100917 218 196 168
0.8625 0.0862068 0.6675 0.614793 0.760022 0.210703 224 212 188
0.859333 0.0975 0.6675 0.962076 0.26806 0.0505257 225 202 172
0.858236 0.0975 0.6825 0.989412 0.136804 0.0484582 221 200 169
0.8475 0.111221 0.5025 0.714614 0.687978 -0.126543 194 152 111
0.8475 0.1125 0.501709 0.674846 0.583692 0.451538 194 152 110
0.8625 0.0988835 0.5175 0.702811 0.711055 -0.0214122 210 192 167
0.85024 0.1125 0.5175 0.790967 0.5992 -0.123815 198 158 113
0.8475 0.1125 0.505409 0.897591 0.391076 -0.203444 194 152 108
0.853613 0.1125 0.5325 0.92202 0.366078 -0.125961 205 164 118
0.855677 0.1125 0.5475 0.956304 0.291257 0.025549 206 176 135
0.851029 0.1125 0.5625 0.920294 0.383264 0.0785341 202 162 116
0.854128 0.1125 0.5775 0.983426 0.160016 -0.0852485 210 173 128
0.857052 0.1125 0.5925 0.991185 0.0538566 -0.121045 215 188 153
0.85127 0.1125 0.6075 0.939508 0.342528 0.000402511 213 174 131
0.855963 0.1125 0.6225 0.979564 0.157577 -0.124993 223 186 149
0.857217 0.1125 0.6375 0.990992 0.0952696 -0.0941228 220 191 156
0.857629 0.1125 0.6675 0.996348 0.0770664 0.0367573 224 196 161
0.85762 0.1125 0.6825 0.999156 0.04106 0.000637331 226 194 153
0.852129 0.1275 0.5025 0.991853 -0.0457941 0.118874 206 160 114
0.8475 0.113393 0.5025 0.847137 -0.284288 0.448931 195 152 109
0.8475 0.119025 0.5175 0.90324 0.377408 -0.204258 197 150 100
0.8475 0.1275 0.513678 0.874899 -0.321403 0.362287 201 149 97
0.8475 0.127191 0.5325 0.896444 0.371245 -0.242003 205 148 93
0.85206 0.1275 0.5475 0.997123 0.0730116 -0.0203537 211 166 114
0.8475 0.1275 0.532725 0.952307 -0.0816736 -0.294009 205 148 93
0.8475 0.120902 0.5625 0.919382 0.330007 -0.214086 201 152 98
0.8475 0.1275 0.559361 0.892896 0.213673 0.396335 205 153 94
0.85094 0.1275 0.5775 0.977777 0.0735763 -0.196315 212 163 109
0.8475 0.1275 0.567015 0.908946 -0.321683 -0.26521 206 154 96
0.855434 0.1275 0.5925 0.959653 0.0610926 -0.274471 214 172 124
0.854671 0.1275 0.6225 0.99263 0.0685676 -0.0999237 223 179 135
0.856437 0.1275 0.6375 0.991819 0.0515893 -0.116764 217 176 132
0.851257 0.1425 0.5025 0.990135 0.0329253 -0.136195 204 151 99
0.852392 0.1425 0.5175 0.992922 -0.0886687 0.0790222 209 162 110
0.8475 0.130302 0.5175 0.910871 -0.377027 0.167823 202 150 97
0.848812 0.1425 0.5325 0.991284 -0.119075 -0.0563687 209 152 94
0.8475 0.128269 0.5325 0.969198 -0.226376 0.0970008 205 148 93
0.851829 0.1425 0.5475 0.992703 -0.031715 -0.116341 209 155 98
0.854289 0.1425 0.5625 0.993093 -0.117261 0.00406175 211 168 117
0.8475 0.128924 0.5625 0.867034 -0.451629 0.210437 205 153 95
0.850622 0.1425 0.5775 0.995693 -0.0662077 -0.0648963 216 162 101
0.854505 0.1425 0.5925 0.988598 -0.0453422 -0.14359 214 164 109
0.85096 0.1575 0.5025 0.998116 0.0103344 -0.0604786 205 152 94
0.851832 0.1575 0.5175 0.999545 -0.00135187 -0.0301351 211 159 102
0.85322 0.1575 0.5325 0.998113 -0.0550877 -0.027113 209 156 99
0.851054 0.1575 0.5475 0.998362 -0.0175962 -0.0544355 209 153 93
0.853734 0.1575 0.5625 0.999551 -0.0197016 -0.0225592 210 153 93
0.854674 0.1575 0.5775 0.991557 -0.0773369 -0.104085 211 157 98
0.853446 0.1575 0.5925 0.994205 0.0701849 0.0814334 214 157 95
0.849303 0.1725 0.5025 0.999934 -0.00793034 0.00834124 210 152 91
0.851077 0.1725 0.5175 0.997973 0.0387249 -0.0504962 216 153 89
0.85206 0.1725 0.5325 0.998073 0.012395 -0.0608082 212 153 91
0.85348 0.1725 0.5475 0.999421 -0.0157378 -0.0301643 211 152 93
0.851937 0.1725 0.5625 0.997642 -0.00646115 -0.068322 213 154 93
0.855275 0.1725 0.5775 0.988951 -0.0358616 -0.143842 218 157 92
0.857746 0.1575 0.7125 0.976626 -0.205043 -0.0644969 223 170 114
0.8625 0.164817 0.7125 0.835439 -0.531394 0.140223 223 171 115
0.862401 0.1575 0.7275 0.96421 0.0254481 -0.263917 220 168 111
0.86179 0.1725 0.7275 0.977045 -0.0197885 -0.212112 224 167 107
0.8625 0.1725 0.726422 0.817989 -0.487154 0.305899 224 167 108
0.851777 0.1875 0.5025 0.999784 0.00883593 0.0188248 216 151 90
0.849429 0.1875 0.5175 0.999058 -0.0190411 -0.0389933 219 153 87
0.852272 0.1875 0.5325 0.997587 0.00372482 -0.0693232 218 151 85
0.852555 0.1875 0.5475 0.998454 -0.0109546 -0.0544915 216 152 90
0.854187 0.1875 0.5625 0.997181 -0.02983 -0.0688519 216 155 93
0.854057 0.1875 0.5775 0.994477 -0.0279053 -0.101178 218 157 94
0.8625 0.174789 0.7275 0.952747 -0.191657 0.23567 225 167 106
0.850785 0.2025 0.5025 0.998927 0.0224007 -0.0405282 214 151 90
0.852324 0.2025 0.5175 0.998814 -0.000636776 -0.0486794 216 151 86
0.850907 0.2025 0.5325 0.998518 -0.00853964 -0.0537481 221 151 84
0.853531 0.2025 0.5475 0.99844 0.0227593 -0.0509914 222 154 86
0.853405 0.2025 0.5625 0.996056 0.00620849 -0.0885114 220 155 91
0.855899 0.2025 0.5775 0.993232 -0.00244654 -0.11612 219 156 91
0.857928 0.1875 0.5925 0.987795 -0.0207632 -0.154372 221 160 93
0.856716 0.2025 0.5925 0.989891 0.0431947 -0.135092 220 158 93
0.849488 0.2175 0.5025 0.996502 0.0592097 -0.0589695 211 151 91
0.8475 0.2175 0.490447 0.96098 -0.232839 -0.149347 210 149 88
0.850789 0.2175 0.5175 0.995456 0.0359256 -0.0881889 217 151 85
0.852937 0.2175 0.5325 0.998856 0.0172785 -0.044581 216 151 83
0.850905 0.2175 0.5475 0.998766 0.00664098 -0.0492158 222 153 83
0.854298 0.2175 0.5625 0.995901 0.0173862 -0.0887588 222 155 86
0.854327 0.2175 0.5775 0.994224 0.0269911 -0.103874 221 156 91
0.856799 0.2175 0.5925 0.989497 0.0363274 -0.139915 221 158 93
0.860797 0.2025 0.6075 0.995054 0.0850564 -0.0513128 224 160 92
0.858833 0.2175 0.6075 0.989996 0.0268155 -0.138521 224 161 92
0.857003 0.2025 0.6225 0.989822 -0.126899 -0.0644085 228 161 94
0.8625 0.215315 0.6225 0.898139 -0.412478 -0.152341 228 163 96
0.8625 0.2175 0.618008 0.945657 0.0872873 -0.313231 227 163 95
0.8625 0.208656 0.6375 0.941465 0.185666 -0.281374 232 163 96
0.860483 0.2175 0.6375 0.995593 -0.0423363 -0.0836755 233 164 95
0.8625 0.2025 0.635542 0.898919 0.123841 -0.420247 231 163 96
0.8625 0.2175 0.629122 0.97063 -0.126532 0.204615 231 164 96
0.8625 0.2175 0.649795 0.988002 -0.0314814 -0.151198 234 164 95
0.847957 0.2325 0.5025 0.999565 -0.0292929 -0.00339384 206 150 89
0.850451 0.2325 0.5175 0.997249 0.0365748 -0.0644783 212 151 89
0.85161 0.2325 0.5325 0.996115 0.0417451 -0.077541 217 152 85
0.853449 0.2325 0.5475 0.998158 0.00579833 -0.0603937 218 152 83
0.852134 0.2325 0.5625 0.997069 -0.0010019 -0.076496 220 153 84
0.855718 0.2325 0.5775 0.996141 0.0147374 -0.0865207 220 154 89
0.855351 0.2325 0.5925 0.99311 0.0354714 -0.111689 221 156 92
0.857976 0.2325 0.6075 0.989214 0.0538868 -0.136205 223 161 93
0.8625 0.224499 0.6225 0.98288 0.184244 0 228 164 96
0.860914 0.2325 0.6225 0.98336 0.115604 -0.140135 227 163 95
0.8625 0.227677 0.6375 0.97108 -0.181422 -0.155206 232 164 94
0.8625 0.2325 0.632339 0.979958 0.11932 -0.159517 229 164 95
0.8625 0.226579 0.6675 0.967182 0.252213 0.0307852 236 167 100
0.860255 0.2325 0.6675 0.985184 0.145368 0.0909942 236 167 99
0.8625 0.2325 0.661365 0.95053 0.223318 0.215921 236 166 98
0.8625 0.227472 0.6825 0.967784 0.251459 -0.0127713 236 169 101
0.860461 0.2325 0.6825 0.987046 0.160101 0.0104137 236 168 100
0.8625 0.228365 0.6975 0.966923 0.252939 0.032903 237 170 100
0.860553 0.2325 0.6975 0.937573 0.33563 0.0911527 237 170 99
0.8625 0.224694 0.7125 0.959188 0.268487 0.0887338 233 170 103
0.859766 0.2325 0.7125 0.92053 0.384015 0.0718078 235 170 99
0.8625 0.218996 0.7275 0.916388 0.299536 0.265539 234 169 101
0.857952 0.2325 0.7275 0.940063 0.301788 0.158764 236 170 101
0.85161 0.2475 0.5025 0.998858 -0.0430948 0.0206507 209 147 82
0.847975 0.2475 0.5175 0.99966 -0.0230554 -0.0121582 209 150 90
0.851017 0.2475 0.5325 0.996506 0.0148372 -0.0821915 217 152 85
0.852023 0.2475 0.5475 0.99573 0.0124353 -0.0914765 218 152 85
0.854361 0.2475 0.5625 0.997274 0.00138767 -0.0737694 221 153 86
0.853271 0.2475 0.5775 0.997341 0.0167633 -0.0709183 219 153 87
0.856843 0.2475 0.5925 0.993178 -0.0303747 -0.112582 224 157 91
0.856044 0.2475 0.6075 0.996651 0.0399589 -0.0713506 226 160 94
0.858324 0.2475 0.6225 0.98733 -0.0268267 -0.156395 227 163 95
0.8625 0.236689 0.6375 0.973086 0.220402 -0.0672809 230 164 95
0.860086 0.2475 0.6375 0.99219 0.121038 -0.030147 230 164 95
0.8625 0.24107 0.6525 0.960356 0.258278 0.104922 234 164 95
0.860404 0.2475 0.6525 0.983314 0.180631 0.0215842 234 164 95
0.859986 0.2475 0.6675 0.990034 0.133847 0.0437868 234 165 96
0.858812 0.2475 0.6825 0.960405 0.235154 0.149413 236 165 98
0.853909 0.2475 0.6975 0.959074 0.251439 0.130213 236 167 98
0.85329 0.2475 0.7125 0.978941 0.193128 0.0661493 237 168 97
0.851958 0.2475 0.7275 0.949038 0.281036 0.14264 236 168 98
0.8775 0.0818528 0.6825 -0.0310117 0.997282 0.06684 230 218 194
0.8775 0.0825 0.678083 -0.18781 0.970773 0.14942 231 219 194
0.8775 0.0825 0.68626 -0.0538328 0.990338 -0.1278 230 218 194
0.8775 0.0926711 0.5025 0.161491 0.986656 0.0207272 216 198 174
0.8775 0.0920788 0.5175 0.220752 0.975252 -0.012295 218 202 176
0.865843 0.0975 0.5175 0.415667 0.908947 -0.0321964 212 194 170
0.8775 0.0923987 0.5325 0.161313 0.986828 -0.0121897 218 201 173
0.8775 0.093507 0.5475 0.162788 0.986657 -0.00278249 216 203 178
0.8775 0.0934726 0.5625 0.12308 0.991688 0.0374944 219 204 181
0.8775 0.0909884 0.5775 0.0977112 0.99131 0.0880682 220 208 186
0.8775 0.0918282 0.5925 0.0776052 0.996984 -0.000999377 220 210 190
0.8775 0.0913413 0.6075 0.0710666 0.996836 0.0356028 227 215 192
0.8775 0.0897036 0.6225 0.076387 0.994998 0.0643741 233 217 191
0.8775 0.0898836 0.6375 0.0127887 0.994512 0.103842 231 215 190
0.8775 0.0875282 0.6525 0.00629421 0.995597 0.0935239 232 216 191
0.8775 0.0841609 0.6675 -0.0614608 0.980675 0.185738 234 220 194
0.8775 0.0841199 0.6975 -0.142646 0.989531 -0.0219116 231 219 195
0.8625 0.0832461 0.6975 -0.0388583 0.997116 -0.0651894 223 213 188
0.8775 0.0841403 0.7125 -0.0521419 0.998524 0.015185 232 220 196
0.8625 0.0840078 0.7125 0.0366292 0.997892 -0.0535744 221 214 195
0.8775 0.0839427 0.7275 -0.00682985 0.998878 -0.0468648 233 218 195
0.8625 0.0858595 0.7275 0.19022 0.977708 -0.0889051 225 213 194
0.865619 0.1575 0.6825 0.957306 -0.286286 0.0400643 226 177 122
0.8625 0.153316 0.6825 0.801795 -0.597599 0 221 171 116
0.8625 0.1575 0.675801 0.89916 -0.117012 -0.421686 222 167 107
0.8625 0.1575 0.687922 0.727765 -0.543245 0.418621 223 168 108
0.865636 0.1725 0.6375 0.965211 -0.259079 0.0352962 227 173 117
0.8625 0.169202 0.6375 0.724703 -0.689061 0 226 165 106
0.8625 0.1725 0.631276 0.888988 -0.0708332 -0.45242 228 164 101
0.8625 0.1725 0.641581 0.642923 -0.58533 0.494002 226 165 105
0.866452 0.1725 0.6825 0.972909 -0.0329987 -0.228821 228 180 127
0.8625 0.1725 0.674136 0.896667 -0.122682 -0.425367 225 167 108
0.867361 0.1725 0.6975 0.988739 -0.147919 0.0227066 230 180 125
0.8625 0.164874 0.6975 0.810737 -0.530078 0.248439 226 167 105
0.867333 0.1725 0.7125 0.987107 -0.109204 0.117019 230 182 129
0.865342 0.1875 0.6375 0.966984 0.0603125 -0.247597 229 170 113
0.8625 0.1875 0.631991 0.884233 0.0706772 -0.461668 229 162 98
0.86698 0.1875 0.6525 0.99623 -0.0524401 0.0691019 229 172 117
0.8625 0.181862 0.6525 0.715276 -0.581758 0.387219 226 164 104
0.862629 0.1875 0.6675 0.990959 -0.0931357 -0.0965738 227 165 104
0.8625 0.187056 0.6675 0.787205 -0.585038 0.195035 227 165 104
0.86588 0.1875 0.6825 0.995439 -0.0223201 -0.0927493 227 171 111
0.866156 0.1875 0.6975 0.996602 0.0791901 0.0226669 231 176 115
0.865958 0.1875 0.7125 0.994226 0.103812 0.0271647 231 178 121
0.865047 0.1875 0.7275 0.997464 0.0051912 0.070988 233 171 107
0.86359 0.2025 0.6375 0.976687 0.131549 -0.169637 230 163 97
0.865346 0.2025 0.6525 0.997864 0.065099 -0.00546688 226 163 101
0.865971 0.2025 0.6675 0.997183 -0.0127528 -0.0739134 228 168 109
0.866392 0.2025 0.6825 0.996576 0.075304 0.0341288 228 168 106
0.864217 0.2025 0.6975 0.996016 0.0770297 0.0449332 230 168 99
0.864387 0.2025 0.7125 0.996745 0.0685445 0.0424318 231 171 106
0.863167 0.2025 0.7275 0.994382 0.0828368 0.0658949 232 169 102
0.863726 0.2175 0.6225 1 -1.6598e-17 0 227 163 96
0.862863 0.2175 0.6525 0.994582 0.0607613 -0.0843474 234 164 95
0.86419 0.2175 0.6675 0.994658 0.102436 -0.0127502 232 166 101
0.86434 0.2175 0.6825 0.992137 0.123358 0.0211614 232 168 102
0.864488 0.2175 0.6975 0.996896 0.0778935 0.0114212 234 169 100
0.863668 0.2175 0.7125 0.994309 0.0875523 0.0606904 231 170 105
0.862743 0.2175 0.7275 0.994752 0.0753549 0.069208 234 169 101
0.86326 0.2325 0.6375 0.995151 -0.0528531 -0.0829534 230 164 94
0.864103 0.2325 0.6525 0.999022 0.0437703 -0.00626626 234 165 96
0.879133 0.0825 0.6825 -0.364817 0.927856 -0.0774087 231 218 194
0.8925 0.0922518 0.5025 0.0225696 0.999638 0.014612 216 202 182
0.8925 0.0907298 0.5175 0.0690994 0.997551 0.0108101 218 201 180
0.8925 0.0923565 0.5325 0.0318383 0.999493 -0.000369934 215 202 182
0.8925 0.0904265 0.5475 0.136556 0.990626 0.00344325 221 203 183
0.8925 0.0910918 0.5625 0.171672 0.985104 -0.00991232 222 204 180
0.8925 0.0909136 0.5775 0.0559182 0.994476 0.0888308 225 208 185
0.8925 0.0895565 0.5925 0.102087 0.99477 -0.00327442 227 211 189
0.8925 0.0902219 0.6075 0.0997223 0.994917 0.013965 230 215 192
0.8925 0.0894118 0.6225 0.0377213 0.996813 0.0702898 230 218 196
0.8925 0.0886865 0.6375 0.0594945 0.996722 0.0548291 232 219 193
0.8925 0.0867563 0.6525 0.0606618 0.995903 0.0670554 234 218 193
0.8925 0.088012 0.6675 -0.152018 0.987076 0.050716 236 220 195
0.8925 0.0878115 0.6825 -0.276514 0.960183 0.0398523 235 220 195
0.8925 0.0858267 0.6975 -0.112821 0.991506 0.0647169 235 221 195
0.8925 0.0858534 0.7125 -0.11325 0.992834 0.038147 235 221 195
0.8925 0.0840774 0.7275 -0.0439832 0.998435 -0.0345413 236 220 195
0.659163 0.2175 0.7575 0.57735 0.57735 -0.57735 40 14 0
0.6525 0.224163 0.7575 0.57735 0.57735 -0.57735 37 13 0
0.6525 0.2175 0.750837 0.57735 0.57735 -0.57735 34 14 0
0.707784 0.2025 0.7425 -0.538982 0.595608 -0.595608 37 14 0
0.7125 0.206768 0.7425 -0.152486 0.627099 -0.763869 36 14 1
0.7125 0.2025 0.738232 -0.183759 0.695066 -0.695066 36 14 1
0.7275 0.210073 0.7425 0.0436146 0.585999 -0.809137 28 17 1
0.7275 0.2025 0.737287 -0.00492005 0.603475 -0.797367 26 14 0
0.7425 0.205398 0.7425 0.205527 0.659436 -0.72312 37 18 1
0.7425 0.2025 0.739857 0.159954 0.592376 -0.789623 39 16 0
0.8475 0.231122 0.7725 0.931092 0.359966 0.0590924 229 166 99
0.847051 0.2325 0.7725 0.997287 -0.0196166 0.070949 229 166 99
0.8475 0.2325 0.771466 0.872521 0.222578 0.434932 229 166 99
0.8475 0.22957 0.7875 0.935247 0.349384 0.0569554 232 165 97
0.846425 0.2325 0.7875 0.997076 0.0577329 0.0500651 232 165 97
0.8475 0.226617 0.8025 0.9426 0.333259 0.0210798 233 165 94
0.845526 0.2325 0.8025 0.997676 0.0615664 0.029205 234 166 95
0.8475 0.227047 0.8175 0.947109 0.320073 -0.0232014 235 163 89
0.845725 0.2325 0.8175 0.997469 0.0699933 -0.01249 235 164 91
0.8475 0.228402 0.8325 0.929095 0.323343 -0.179531 234 163 90
0.846085 0.2325 0.8325 0.997294 0.0533174 -0.0506107 235 164 90
0.8475 0.2325 0.836584 0.903368 0.291805 -0.314287 234 164 91
0.8475 0.238917 0.7725 0.931111 -0.0705862 0.35784 231 166 98
0.846646 0.2475 0.7875 0.990787 0.11994 0.0628847 235 166 97
0.8475 0.2475 0.778459 0.994811 -0.0264902 0.098229 234 167 97
0.846085 0.2475 0.8025 0.991091 0.132236 0.0158902 234 166 95
0.84604 0.2475 0.8175 0.99126 0.130547 -0.0189847 236 166 95
0.846749 0.2475 0.8325 0.995697 0.0438219 -0.081653 233 166 96
0.8475 0.244415 0.8475 0.954921 0.288559 -0.0697177 232 168 97
0.846651 0.2475 0.8475 0.999292 0.015908 -0.0341049 232 168 97
0.8475 0.24363 0.8625 0.962822 0.270112 0.00364237 232 165 95
0.846559 0.2475 0.8625 0.999799 0.0191976 0.00580413 233 166 95
0.8475 0.243564 0.8775 0.959277 0.282461 -0.00184495 232 165 95
0.846495 0.2475 0.8775 0.99992 0.0126628 -0.00053116 232 165 95
0.8475 0.243511 0.8925 0.956922 0.290343 0.00103143 231 162 93
0.846413 0.2475 0.8925 0.999985 0.00449346 -0.00297665 231 162 93
0.8625 0.0900004 0.8175 0.574013 0.818458 0.0252271 219 210 190
0.861045 0.0975 0.8175 0.987656 0.15498 -0.0227312 216 205 182
0.8625 0.0890333 0.8325 0.60089 0.798244 0.0416916 220 207 183
0.861391 0.0975 0.8325 0.988532 0.150386 0.0136967 220 202 174
0.8625 0.0889536 0.8475 0.592889 0.801692 0.0759847 220 207 181
0.860481 0.0975 0.8475 0.982417 0.172055 0.0724896 222 201 167
0.8625 0.0860138 0.8625 0.590514 0.806515 0.0287479 215 207 186
0.858654 0.0975 0.8625 0.988451 0.150196 0.0201196 216 196 166
0.8625 0.0881282 0.8775 0.609865 0.788458 -0.0799916 219 206 185
0.85936 0.0975 0.8775 0.989836 0.138832 -0.0308149 221 197 167
0.8625 0.0888909 0.8925 0.569902 0.820879 0.037014 213 204 186
0.859682 0.0975 0.8925 0.991149 0.132661 -0.00492717 219 199 172
0.8625 0.085746 0.9075 0.671001 0.730441 0.127332 214 199 178
0.859218 0.0975 0.9075 0.988668 0.140013 0.0541461 216 190 160
0.8625 0.0838437 0.9225 0.602336 0.797792 0.0268249 211 196 173
0.858139 0.0975 0.9225 0.989673 0.142697 0.0136131 215 187 151
0.8625 0.0859547 0.9375 0.680068 0.731239 -0.0528899 217 201 175
0.858914 0.0975 0.9375 0.989834 0.138555 -0.032105 215 190 156
0.8625 0.0864656 0.9525 0.651038 0.759044 0.00139112 214 200 174
0.859053 0.0975 0.9525 0.990759 0.135511 -0.00574753 215 190 155
0.8625 0.086134 0.9675 0.638669 0.769203 0.0206968 217 197 170
0.859029 0.0975 0.9675 0.9912 0.132362 -0.00184289 218 188 152
0.858969 0.1125 0.8175 0.997131 -0.013573 0.0744641 218 194 161
0.858984 0.1125 0.8325 0.987873 0.151169 0.0354255 221 194 160
0.858079 0.1125 0.8475 0.992866 0.115553 0.0294175 224 189 146
0.858897 0.1125 0.8625 0.996388 0.0800307 -0.0283844 218 185 143
0.859026 0.1125 0.8775 0.994721 0.101193 -0.0170288 222 182 138
0.859446 0.1125 0.8925 0.993994 0.108641 0.013138 219 182 143
0.858566 0.1125 0.9075 0.993564 0.105157 0.0421027 220 177 133
0.858406 0.1125 0.9225 0.996354 0.0841984 -0.0137322 213 172 125
0.858826 0.1125 0.9375 0.995366 0.0947259 -0.0165087 216 173 123
0.858961 0.1125 0.9525 0.995175 0.0980233 -0.00425413 205 172 129
0.85901 0.1125 0.9675 0.995301 0.0967687 -0.00336785 212 167 119
0.85938 0.1125 0.7575 0.991548 0.06889 -0.109937 224 194 157
0.858338 0.1275 0.7575 0.991707 0.0811081 -0.0996941 226 185 141
0.861043 0.1125 0.7725 0.996828 0.07957 -0.0017692 224 188 150
0.859768 0.1275 0.7725 0.99835 0.0548875 -0.0168871 223 179 135
0.85803 0.1125 0.7875 0.997166 -0.0567313 0.0494046 225 194 157
0.859947 0.1275 0.7875 0.995456 -0.0326299 -0.0894555 222 180 134
0.858635 0.1125 0.8025 0.969525 -0.236271 -0.0647933 223 195 161
0.8625 0.125515 0.8025 0.949398 -0.297651 -0.100235 218 178 137
0.8625 0.1275 0.79891 0.970441 0.0981446 -0.220483 218 176 133
0.8625 0.125549 0.8175 0.957864 -0.287086 0.00884954 207 180 144
0.856853 0.1275 0.8325 0.99041 -0.0458852 0.130318 222 185 142
0.8625 0.1275 0.818945 0.911002 -0.160507 0.379886 207 178 141
0.856188 0.1275 0.8475 0.998452 -0.0458624 0.0314711 223 179 131
0.856152 0.1275 0.8625 0.999997 0.00122569 0.00231009 218 174 123
0.856273 0.1275 0.8775 0.999877 0.0066723 -0.0142267 221 173 121
0.856466 0.1275 0.8925 0.999669 0.0145833 0.0211792 219 171 123
0.855811 0.1275 0.9075 0.999493 0.0165474 0.027201 220 168 115
0.855758 0.1275 0.9225 0.999865 0.0026942 -0.0162271 215 164 111
0.856002 0.1275 0.9375 0.999858 0.016744 -0.00201441 216 165 110
0.856041 0.1275 0.9525 0.999735 0.0217147 -0.00767518 209 164 114
0.856204 0.1275 0.9675 0.999787 0.0204685 -0.00282564 214 161 108
0.856975 0.1425 0.7575 0.983384 -0.181498 0.00375358 224 177 129
0.858292 0.1425 0.7725 0.993442 -0.10317 -0.0492861 220 169 118
0.859143 0.1425 0.7875 0.998752 -0.0487117 0.0110138 222 172 123
0.8625 0.132476 0.8025 0.98674 0.159707 -0.028932 218 172 127
0.860782 0.1425 0.8025 0.983657 0.151694 -0.0969954 220 169 118
0.8625 0.132539 0.8175 0.968372 0.140329 0.20631 206 173 133
0.861013 0.1425 0.8175 0.994915 0.0961622 0.0299445 209 166 120
0.861465 0.1425 0.8325 0.998085 -0.0486253 0.0382341 216 165 111
0.859212 0.1425 0.8475 0.996394 -0.0203927 0.0823566 218 167 111
0.858706 0.1425 0.8625 0.99978 0.00475333 0.0204174 222 166 105
0.858939 0.1425 0.8775 0.999854 0.0152314 -0.00777271 224 165 107
0.858834 0.1425 0.8925 0.999068 0.0285611 0.0323702 222 163 104
0.857962 0.1425 0.9075 0.999672 0.0224318 0.012354 224 162 104
0.858622 0.1425 0.9225 0.999441 0.0333374 -0.00265879 222 160 100
0.8581 0.1425 0.9375 0.999132 0.0415441 0.0031323 218 160 98
0.858338 0.1425 0.9525 0.999258 0.038088 -0.00576608 218 160 98
0.85833 0.1425 0.9675 0.999287 0.0291255 -0.0240137 219 158 95
0.86202 0.1425 0.7275 0.991097 -0.0251734 -0.13074 215 167 114
0.8625 0.1425 0.731138 0.986297 -0.0814664 -0.143464 214 167 116
0.8625 0.1575 0.727922 0.986945 0.0289529 -0.158431 220 168 111
0.8625 0.15441 0.7575 0.88209 -0.431769 0.188393 221 172 119
0.8625 0.1425 0.74485 0.832858 -0.403162 0.37922 215 171 123
0.8625 0.153146 0.7725 0.921121 -0.388177 -0.0292464 223 168 113
0.8625 0.153398 0.7875 0.946499 -0.321829 0.0237811 227 169 112
0.8579 0.1575 0.8025 0.996564 0.0124211 0.0818897 226 168 109
0.8625 0.1575 0.791357 0.92562 -0.124404 0.357424 229 167 108
0.858147 0.1575 0.8175 0.999692 0.00797943 -0.0234904 219 165 109
0.858966 0.1575 0.8325 0.998763 0.0175969 0.0465152 223 166 105
0.857082 0.1575 0.8475 0.994939 0.0232351 0.097754 224 164 102
0.855671 0.1575 0.8625 0.999402 0.02014 0.028091 226 166 104
0.855921 0.1575 0.8775 0.999546 0.0289106 0.00849432 227 165 105
0.855613 0.1575 0.8925 0.99868 0.0388496 0.0336121 225 163 102
0.85498 0.1575 0.9075 0.998613 0.047794 0.0220889 227 163 98
0.854699 0.1575 0.9225 0.997494 0.0694848 0.013348 223 160 98
0.854944 0.1575 0.9375 0.998208 0.0591749 -0.00891493 221 158 95
0.854841 0.1575 0.9525 0.998358 0.0570437 -0.00516301 221 159 94
0.855086 0.1575 0.9675 0.988143 -0.00686979 -0.153381 221 157 93
0.8625 0.1725 0.732039 0.989403 -0.0857366 -0.117183 226 167 106
0.8625 0.16748 0.7875 0.954287 0.152306 0.257174 234 166 101
0.861444 0.1725 0.7875 0.980157 0.171315 0.0997147 235 166 99
0.8625 0.1725 0.777295 0.986945 0.145362 0.0693579 231 167 104
0.860882 0.1725 0.8025 0.997759 0.060593 0.0283712 233 165 100
0.860413 0.1725 0.8175 0.996948 0.0780593 -0.0013873 229 167 105
0.860605 0.1725 0.8325 0.993253 0.0995385 0.0595075 233 166 98
0.85886 0.1725 0.8475 0.994719 0.0721118 0.0730382 232 167 100
0.858419 0.1725 0.8625 0.998297 0.0524681 0.0254965 229 165 100
0.857873 0.1725 0.8775 0.997152 0.0703375 0.0272206 231 165 100
0.857598 0.1725 0.8925 0.99697 0.0700808 0.0337571 229 163 99
0.856777 0.1725 0.9075 0.995923 0.0784563 0.0445121 230 162 96
0.856166 0.1725 0.9225 0.9961 0.0874029 0.0120549 227 160 94
0.856447 0.1725 0.9375 0.995942 0.089473 -0.00969277 222 158 93
0.856638 0.1725 0.9525 0.996705 0.0796282 -0.0154147 223 159 92
0.856756 0.1725 0.9675 0.990209 0.0335083 -0.135508 222 157 94
0.8625 0.174326 0.7725 0.941918 0.264795 0.206579 229 167 106
0.858659 0.1875 0.7725 0.967699 0.174325 0.182127 232 168 103
0.8625 0.1875 0.763874 0.924418 0.215227 0.314848 234 166 99
0.857 0.1875 0.7875 0.986053 0.145601 0.0806271 236 167 98
0.856257 0.1875 0.8025 0.988081 0.150371 0.0329332 234 169 103
0.856117 0.1875 0.8175 0.989284 0.145714 0.00914381 235 168 103
0.855715 0.1875 0.8325 0.989572 0.136617 0.045633 233 166 98
0.85489 0.1875 0.8475 0.992509 0.113572 0.0450227 234 168 99
0.854314 0.1875 0.8625 0.992555 0.116279 0.0362581 231 166 100
0.853807 0.1875 0.8775 0.991749 0.124711 0.0296783 232 166 99
0.853585 0.1875 0.8925 0.992558 0.117991 0.0301119 231 164 99
0.852708 0.1875 0.9075 0.993808 0.101852 0.0444003 231 163 96
0.852033 0.1875 0.9225 0.994447 0.103277 0.0202325 227 160 93
0.85207 0.1875 0.9375 0.994366 0.104793 -0.0159743 223 159 93
0.8526 0.1875 0.9525 0.99086 0.0529357 -0.124072 222 158 92
0.857631 0.1875 0.9675 0.988751 0.0393372 -0.144308 219 154 91
0.8625 0.201232 0.7425 0.979334 0.193047 0.060318 243 167 92
0.862089 0.2025 0.7425 0.911863 0.332485 0.24075 243 167 92
0.8625 0.2025 0.73915 0.9933 0.096064 0.0642343 241 167 94
0.8625 0.196257 0.7575 0.938373 0.260234 0.227453 237 166 95
0.860157 0.2025 0.7575 0.948085 0.29036 0.129716 237 166 96
0.858955 0.2025 0.7725 0.976905 0.188101 0.101365 236 169 103
0.856964 0.2025 0.7875 0.981887 0.172838 0.0776256 237 166 97
0.856199 0.2025 0.8025 0.985481 0.167239 0.0292956 234 166 97
0.856258 0.2025 0.8175 0.985648 0.168747 0.00481934 234 167 100
0.856307 0.2025 0.8325 0.988233 0.151609 0.0202603 236 165 93
0.855467 0.2025 0.8475 0.990168 0.133925 0.0403822 234 166 94
0.854892 0.2025 0.8625 0.989014 0.139417 0.0491362 231 164 97
0.853932 0.2025 0.8775 0.992016 0.125032 0.016489 231 163 96
0.85422 0.2025 0.8925 0.994351 0.105519 0.0114744 229 161 97
0.853914 0.2025 0.9075 0.993808 0.104201 0.03856 228 161 94
0.853078 0.2025 0.9225 0.995229 0.0959223 0.0178329 227 160 93
0.853201 0.2025 0.9375 0.998673 0.0283582 -0.0429825 223 158 91
0.85323 0.2025 0.9525 0.995512 0.0118101 -0.0938979 222 158 90
0.853943 0.2025 0.9675 0.994975 0.0868401 -0.0498314 220 156 90
0.856105 0.2175 0.7425 0.944628 0.241768 0.221869 237 167 96
0.8625 0.2175 0.728555 0.945896 0.204872 0.251613 234 169 100
0.854256 0.2175 0.7575 0.976885 0.190243 0.0974904 234 167 99
0.852963 0.2175 0.7725 0.943126 0.298779 0.145758 232 168 101
0.852103 0.2175 0.7875 0.940083 0.336354 0.0557673 234 166 97
0.85098 0.2175 0.8025 0.938507 0.343146 0.0381425 234 166 95
0.850727 0.2175 0.8175 0.942248 0.33481 -0.00841223 235 165 93
0.851289 0.2175 0.8325 0.964033 0.262793 -0.0397401 234 164 94
0.851024 0.2175 0.8475 0.984847 0.169213 0.0379941 232 164 95
0.85013 0.2175 0.8625 0.990972 0.12903 0.0364091 228 163 96
0.850198 0.2175 0.8775 0.994128 0.108167 -0.00317089 230 161 94
0.850074 0.2175 0.8925 0.99356 0.112208 0.0157617 230 160 94
0.84954 0.2175 0.9075 0.994586 0.0999867 0.0283197 228 161 94
0.849317 0.2175 0.9225 0.99667 0.057289 -0.0580237 226 159 91
0.852357 0.2175 0.9375 0.993001 0.0457393 -0.108886 226 159 92
0.854332 0.2175 0.9525 0.994468 0.0765657 -0.0719142 222 157 90
0.855157 0.2175 0.9675 0.996288 0.0248212 -0.0824272 220 156 89
0.85596 0.2325 0.7425 0.979563 0.171444 0.105185 238 169 99
0.854462 0.2325 0.7575 0.962195 0.185411 0.199508 234 168 100
0.851405 0.2325 0.8475 0.989331 0.127689 -0.070135 232 167 97
0.850709 0.2325 0.8625 0.994124 0.107267 0.0145093 232 165 95
0.85082 0.2325 0.8775 0.995226 0.0974737 -0.00498673 231 164 97
0.851014 0.2325 0.8925 0.99574 0.0919085 0.0073834 231 162 94
0.8508 0.2325 0.9075 0.997586 0.0673092 -0.0170924 229 162 95
0.850284 0.2325 0.9225 0.999761 -0.00279824 -0.0216947 228 161 93
0.850094 0.2325 0.9375 0.997765 0.0573767 -0.0342401 226 159 91
0.85029 0.2325 0.9525 0.993504 0.0450613 -0.104496 225 158 90
0.854264 0.2325 0.9675 0.986816 0.0272685 -0.159533 222 157 90
0.851122 0.2475 0.7425 0.940314 0.328151 0.0901533 238 170 99
0.848922 0.2475 0.7575 0.934014 0.342788 0.100568 233 168 100
0.848144 0.2475 0.7725 0.965598 0.199943 0.166263 234 167 97
0.8475 0.244114 0.9075 0.953763 0.26362 -0.144362 229 160 91
0.850554 0.2475 0.9225 0.994668 0.0643868 -0.0805652 231 164 96
0.8475 0.2475 0.910341 0.968664 -0.021766 -0.247419 229 161 92
0.851655 0.2475 0.9375 0.997564 0.0596717 -0.0361378 228 161 93
0.851957 0.2475 0.9525 0.993949 0.0169627 -0.108521 226 160 92
0.852438 0.2475 0.9675 0.995772 0.0480324 -0.0782998 224 158 90
0.8775 0.0820245 0.7725 0.0722797 0.996531 0.0412404 233 218 195
0.875937 0.0825 0.7725 0.30456 0.946104 0.110141 232 217 194
0.8775 0.0825 0.770234 -0.0446476 0.977327 0.206973 233 218 195
0.8775 0.0816825 0.7875 -0.0291938 0.999435 -0.016657 231 216 193
0.874983 0.0825 0.7875 0.327757 0.944488 -0.022749 229 215 192
0.8775 0.0825 0.791947 0.220396 0.959915 -0.173176 232 217 193
0.8775 0.0820823 0.8175 7.67974e-18 1 0 232 216 193
0.876214 0.0825 0.8175 0.46383 0.880729 0.0957996 231 216 193
0.8775 0.0825 0.814827 -0.172681 0.974269 0.144848 232 216 193
0.8775 0.0825 0.819154 0.396197 0.892755 -0.214516 232 216 193
0.8775 0.0819149 0.9225 0.0740628 0.99684 0.0287267 226 208 184
0.872956 0.0825 0.9225 0.126794 0.9854 0.113621 221 204 181
0.8775 0.0825 0.920062 -0.145664 0.961764 0.23193 226 208 185
0.8775 0.0816453 0.9375 -0.0280682 0.99953 -0.0122925 226 208 184
0.874167 0.0825 0.9375 0.227867 0.972154 -0.0547174 224 206 182
0.8775 0.0823548 0.9525 -0.0168292 0.999845 0.00517292 224 208 185
0.876934 0.0825 0.9525 0.2682 0.963133 -0.021057 224 208 185
0.8775 0.0820457 0.9675 -0.00806098 0.999951 -0.00576359 222 206 183
0.875731 0.0825 0.9675 0.263553 0.964632 0.00502178 221 205 181
0.8775 0.0835605 0.7425 0.0381384 0.998752 -0.0322338 232 217 194
0.8625 0.088482 0.7425 0.193537 0.981093 0.000466167 224 209 185
0.8775 0.0851823 0.7575 0.0606751 0.996243 0.0618004 233 218 194
0.8625 0.0842163 0.7575 -0.0641702 0.99647 0.0541269 216 214 198
0.8625 0.0868524 0.7725 0.222712 0.974876 0.00404073 225 211 188
0.8625 0.087179 0.7875 0.388187 0.905076 -0.173631 220 207 185
0.8775 0.0843115 0.8025 0.230416 0.972422 -0.0361064 234 218 193
0.8625 0.0923174 0.8025 0.469248 0.879187 -0.0826861 222 208 186
0.8775 0.0854549 0.8325 0.0966409 0.994209 -0.046997 228 217 195
0.8775 0.0845257 0.8475 0.0881354 0.994636 0.0541461 228 214 191
0.8775 0.0843384 0.8625 0.0447708 0.998279 0.0378848 229 214 189
0.8775 0.0829439 0.8775 0.0503639 0.998721 -0.00440508 228 213 190
0.8775 0.0847682 0.8925 0.153552 0.984824 -0.0808924 227 213 190
0.8775 0.0855305 0.9075 0.0282708 0.994502 0.100825 224 209 189
0.863359 0.1275 0.8025 0.996907 -0.0713452 -0.0329504 218 176 134
0.863257 0.1275 0.8175 0.997213 0.067731 0.0312812 207 178 140
0.863769 0.1425 0.7425 0.980811 -0.183681 0.0653574 216 173 126
0.8625 0.140345 0.7425 0.861732 -0.507363 0 217 173 126
0.865071 0.1575 0.7425 0.997787 -0.00119288 -0.0664739 226 175 120
0.864215 0.1575 0.7575 0.997809 -0.0323477 0.057712 223 175 122
0.864154 0.1575 0.7725 0.999875 -0.00617508 0.0145789 228 173 117
0.863637 0.1575 0.7875 0.996551 0.0453925 0.0694662 230 170 112
0.863673 0.1725 0.7425 0.999784 0.00886112 -0.0187956 232 170 107
0.862864 0.1725 0.7575 0.999567 0.0140101 0.0258896 229 170 111
0.862785 0.1725 0.7725 0.997192 0.0593124 0.0457156 229 168 107
0.864399 0.1875 0.7425 0.998333 0.0376316 0.0437709 239 169 98
0.863905 0.1875 0.7575 0.997283 0.0437986 0.0592297 235 168 100
0.883541 0.0825 0.7725 -0.114033 0.993471 0.00333557 234 219 195
0.882879 0.0825 0.7875 -0.148784 0.984795 -0.0896785 233 217 194
0.879401 0.0825 0.8175 -0.209922 0.964332 -0.161235 233 217 194
0.879985 0.0825 0.9225 -0.251937 0.967688 0.010397 227 209 185
0.880475 0.0825 0.9375 -0.194009 0.97912 0.0607011 227 209 186
0.886456 0.0825 0.9525 -0.0400044 0.99918 -0.00630398 228 210 188
0.882906 0.0825 0.9675 -0.0837382 0.994207 -0.0673767 225 208 185
0.8925 0.0876077 0.7425 -0.179847 0.983475 -0.0207892 237 222 197
0.8925 0.0854108 0.7575 -0.0994166 0.993221 0.0602392 237 221 196
0.8925 0.0832567 0.7725 -0.0559152 0.990851 0.122835 236 220 195
0.8925 0.0839678 0.7875 -0.0466252 0.998721 -0.0195591 236 220 197
0.8925 0.0826361 0.8025 0.110882 0.992724 -0.0469474 236 220 197
0.8925 0.0853865 0.8175 -0.064474 0.996661 -0.0501066 235 219 196
0.8925 0.084771 0.8325 0.045495 0.997839 -0.0474105 236 220 197
0.8925 0.0868119 0.8475 -0.0860476 0.995756 0.0326405 229 218 199
0.8925 0.0842251 0.8625 -0.0457216 0.998952 0.00191614 231 216 195
0.8925 0.0869128 0.8775 -0.17124 0.984829 0.0280969 232 215 189
0.8925 0.0843358 0.8925 -0.0688065 0.997508 -0.0156029 233 216 190
0.8925 0.0857924 0.9075 -0.00202852 0.99912 -0.0418856 231 213 189
0.8925 0.08546 0.9225 -0.156038 0.984494 0.0801508 230 213 193
0.8925 0.0859692 0.9375 -0.260793 0.963372 0.0624586 230 212 191
0.8925 0.0826236 0.9525 -0.151566 0.983364 0.100112 230 212 190
0.8925 0.0833098 0.9675 -0.0492074 0.997177 -0.0567124 229 211 189
0.8625 0.0837973 0.9825 0.380897 0.924423 0.0189504 217 195 171
0.859152 0.0975 0.9825 0.994753 0.102215 -0.00425355 217 186 154
0.858971 0.1125 0.9825 0.995249 0.0894036 -0.0385469 207 165 121
0.859797 0.0975 0.9975 0.997418 -0.0152609 -0.0701738 217 190 160
0.860436 0.1125 0.9975 0.989277 0.115977 -0.088771 211 169 125
0.856193 0.1275 0.9825 0.998672 0.00385208 -0.0513671 212 161 107
0.857299 0.1275 0.9975 0.997479 -0.0474904 -0.0527335 209 158 108
0.859303 0.1425 0.9825 0.989394 -0.100054 -0.105306 214 156 96
0.859469 0.1425 0.9975 0.985267 -0.158749 -0.0636192 212 154 95
0.861281 0.1575 0.9825 0.986606 -0.00208096 -0.163111 225 160 96
0.862229 0.1575 0.9975 0.994912 0.027965 -0.0967862 217 154 87
0.862063 0.1425 1.0125 0.971201 -0.173757 -0.163024 217 157 103
0.8625 0.14537 1.0125 0.984167 -0.133795 -0.116246 217 156 101
0.8625 0.1575 0.99927 0.992619 -0.0129937 -0.120575 217 154 88
0.857183 0.1725 0.9825 0.994126 0.0927475 -0.0557771 223 158 93
0.858323 0.1725 0.9975 0.996885 0.0247089 -0.0748998 216 154 90
0.858598 0.1875 0.9825 0.994409 0.0828951 -0.0654179 222 154 88
0.859698 0.1875 0.9975 0.986606 0.114848 -0.115839 217 152 89
0.854588 0.2025 0.9825 0.992508 0.073502 -0.097601 220 153 85
0.857523 0.2025 0.9975 0.978219 0.0389969 -0.203878 219 153 87
0.861606 0.1875 1.0125 0.976935 0.0287493 -0.211594 215 152 97
0.862428 0.2025 1.0125 0.967406 0.050193 -0.248204 214 151 97
0.8625 0.1875 1.01808 0.990232 -0.0336503 -0.135311 217 152 96
0.8625 0.2025 1.01303 0.978243 0.0495879 -0.201447 214 151 97
0.855745 0.2175 0.9825 0.994103 -0.0373635 -0.101805 220 155 87
0.856915 0.2175 0.9975 0.989526 0.0074679 -0.14416 218 155 91
0.859315 0.2175 1.0125 0.980409 0.0695343 -0.18429 215 152 93
0.8625 0.2175 1.02153 0.926973 0.183649 -0.327098 217 153 95
0.85703 0.2325 0.9825 0.992399 0.0596319 -0.107648 222 156 86
0.858098 0.2325 0.9975 0.992487 0.0562471 -0.108652 218 155 87
0.859347 0.2325 1.0125 0.988547 -0.007492 -0.150726 219 153 90
0.8625 0.22843 1.0275 0.935421 0.181172 -0.303587 219 154 91
0.861628 0.2325 1.0275 0.982469 0.00537787 -0.186348 219 154 90
0.8625 0.2325 1.03009 0.974721 0.0941049 -0.202642 219 154 90
0.853363 0.2475 0.9825 0.992836 0.0546471 -0.106255 221 156 88
0.856182 0.2475 0.9975 0.983943 0.0326692 -0.175466 220 155 86
0.860557 0.2475 1.0125 0.982074 0.0376858 -0.184691 219 154 87
0.862246 0.2475 1.0275 0.984874 0.0346378 -0.169775 221 154 84
0.8625 0.2475 1.03086 0.996793 -0.0126166 -0.0790163 221 154 85
0.8775 0.0825 0.97142 0.174176 0.978058 -0.114301 222 205 183
0.8775 0.0824424 0.9975 0 0.995554 0.0941933 221 206 183
0.877215 0.0825 0.9975 0.228098 0.970246 0.0812085 221 206 183
0.8775 0.0825 0.996892 -0.0123888 0.995998 0.0885118 221 206 183
0.8775 0.0734628 1.1025 -0.0222195 0.995685 0.0901023 210 196 170
0.87431 0.0825 1.1025 0.951251 0.144676 0.272381 207 191 166
0.8775 0.0768991 1.1175 0.156204 0.985523 -0.0659179 209 196 171
0.870015 0.0825 1.1175 0.775564 0.486871 0.401817 205 187 162
0.8775 0.0783752 1.1325 0.0908911 0.98517 -0.145532 209 197 173
0.8625 0.081121 1.1325 0.134931 0.987149 -0.0856225 204 183 162
0.8625 0.0825 1.12955 0.552397 0.759046 0.344538 203 182 160
0.8775 0.0823523 1.1475 0.080497 0.996753 -0.00190071 202 194 171
0.8625 0.0812058 1.1475 -0.11326 0.976617 0.182731 197 168 134
0.8775 0.0789896 1.1625 -0.0700855 0.973052 0.219676 204 195 172
0.8625 0.0760639 1.1625 -0.188733 0.947823 0.256929 201 175 143
0.8775 0.0755531 1.1775 -0.134516 0.980673 0.142075 210 192 170
0.8625 0.0724441 1.1775 0.104547 0.976296 -0.189516 198 183 152
0.8775 0.0747045 1.1925 0.164545 0.984585 -0.0593042 203 191 165
0.867938 0.0825 1.1925 0.640101 0.724359 -0.256074 195 176 145
0.8625 0.0825 1.18793 0.524084 0.580067 -0.623585 193 172 139
0.8775 0.0748778 1.2075 0.122987 0.991185 -0.0492565 205 193 168
0.8625 0.0819485 1.2075 0.412988 0.910304 -0.0280787 195 174 143
0.8625 0.0825 1.20595 0.651143 0.711362 0.264532 195 173 142
0.8775 0.0837783 0.9825 0.0413332 0.999134 0.00486886 221 204 184
0.8625 0.085972 0.9975 0.248287 0.954139 -0.167248 217 197 173
0.8775 0.0847432 1.0125 0.298531 0.922096 -0.246208 217 205 183
0.8625 0.0932745 1.0125 0.455294 0.800517 -0.389717 218 194 170
0.8775 0.0825 0.997791 0.19069 0.970319 -0.148725 221 206 183
0.873844 0.0975 1.1025 0.839899 0.261284 0.47571 209 190 167
0.8625 0.0877371 1.1175 0.43515 0.624399 0.648668 199 177 154
0.8625 0.0975 1.11511 0.583367 0.404382 0.704385 197 175 152
0.8625 0.0885694 1.1925 0.74479 0.667299 0 191 168 134
0.862502 0.1125 1.0125 0.943961 -0.212838 -0.252265 207 167 131
0.8625 0.112485 1.0125 0.960164 -0.11065 -0.256595 207 167 131
0.8625 0.1125 1.01249 0.824976 -0.185966 -0.533696 207 167 131
0.865885 0.1275 1.0125 0.83954 6.05272e-08 -0.543298 213 166 122
0.8625 0.1275 1.00727 0.839446 0.000121568 -0.543442 211 158 109
0.867167 0.1275 1.1175 0.752537 -0.121353 0.647273 199 178 153
0.8625 0.11903 1.1175 0.714179 -0.393468 0.578905 195 172 149
0.8625 0.1275 1.12326 0.765945 -0.166891 0.620866 196 172 149
0.8625 0.14071 1.0125 0.82067 0.21032 -0.531287 217 157 103
0.868373 0.1425 1.1175 0.730699 -0.0587487 0.680167 200 180 155
0.8625 0.1425 1.12381 0.752473 -0.04234 0.65726 194 171 148
0.864071 0.1575 1.0125 0.989144 -0.0388875 -0.141713 216 154 98
0.863586 0.1425 1.0275 0.981957 -0.148661 -0.116876 223 160 107
0.866027 0.1575 1.0275 0.988623 -0.0774691 -0.128929 221 159 102
0.8625 0.1425 1.01694 0.98653 -0.131969 -0.0966563 219 157 103
0.8625 0.164475 1.0125 0.945429 0.204232 -0.253875 216 151 93
0.865937 0.1725 1.0275 0.963162 0.108051 -0.24626 219 157 99
0.8625 0.1725 1.01718 0.963314 0.101251 -0.248545 219 153 92
0.863744 0.1875 1.0275 0.979253 0.038653 -0.19892 220 153 93
0.864433 0.2025 1.0275 0.993295 -0.025231 -0.112823 220 154 94
0.864571 0.2175 1.0275 0.983879 0.0343875 -0.1755 219 154 93
0.865385 0.2025 1.0425 0.992853 -0.0530597 -0.106895 215 155 91
0.86685 0.2175 1.0425 0.988146 -0.032193 -0.150105 218 155 92
0.866362 0.2325 1.0425 0.960831 0.132489 -0.243416 220 154 91
0.863311 0.2475 1.0425 0.986609 0.0600808 -0.151637 219 154 90
0.880812 0.0825 0.9975 -0.0162784 0.999526 0.0261126 222 207 183
0.8925 0.0773109 1.0875 0.0556647 0.971529 -0.230289 217 202 181
0.8775 0.0781703 1.0875 -0.212978 0.976337 0.0374892 214 196 174
0.8925 0.0808664 1.1025 -0.294971 0.951667 0.0855661 217 200 180
0.8925 0.0779724 1.1175 -0.207454 0.977517 -0.037735 216 200 177
0.8925 0.0791673 1.1325 -0.0588323 0.99628 -0.0629644 215 199 176
0.8925 0.0793402 1.1475 0.115237 0.991126 -0.0662506 218 198 174
0.8925 0.0781982 1.1625 0.100674 0.985953 0.13327 215 197 174
0.8925 0.0766202 1.1775 -0.0295799 0.991184 0.129147 212 197 174
0.8925 0.0757715 1.1925 -0.0709529 0.997418 0.0111328 213 197 174
0.8925 0.0769665 1.2075 -0.115694 0.992703 -0.0339995 212 194 172
0.8925 0.0840203 0.9825 -0.016131 0.999657 0.0206495 227 211 188
0.8925 0.0826901 0.9975 -0.0161697 0.997025 0.075369 225 209 184
0.891865 0.0825 1.0125 0.152562 0.976998 -0.148996 224 208 183
0.8925 0.0825 1.00668 -0.0162613 0.999654 0.0206952 224 208 183
0.8775 0.0764816 1.2225 0.220781 0.954624 -0.19987 204 192 168
0.8625 0.0821589 1.2225 0.351315 0.912233 -0.210736 199 178 147
0.8775 0.0825 1.23566 0.434006 0.74796 -0.502191 201 191 164
0.8625 0.0825 1.22278 0.504703 0.632609 -0.587435 199 178 147
0.8775 0.080002 1.2975 0.0909434 0.992087 0.0865587 202 188 162
0.87639 0.0825 1.2975 0.915444 0.327551 0.233822 201 186 160
0.8775 0.0784094 1.3125 0.082953 0.993449 -0.0785962 200 188 164
0.872559 0.0825 1.3125 0.843169 0.526408 0.109365 197 180 154
0.8775 0.0813697 1.3275 0.0285814 0.996 -0.0846553 199 185 159
0.877086 0.0825 1.3275 0.900672 0.38371 -0.203856 199 184 158
0.8775 0.0816036 1.3425 -0.030941 0.998615 -0.0425547 198 183 160
0.872755 0.0825 1.3425 0.828523 0.531275 0.17691 193 174 148
0.8775 0.0825 1.35452 0.515308 0.854056 0.0710356 200 185 162
0.8775 0.0769547 1.3875 0.150949 0.985643 0.0756431 199 181 159
0.874957 0.0825 1.3875 0.919373 0.364797 0.14723 196 176 152
0.8775 0.0761061 1.4025 0.110115 0.99222 -0.0580916 198 180 158
0.872555 0.0825 1.4025 0.863669 0.46255 0.200306 192 171 145
0.8775 0.081558 1.4325 0.222871 0.970044 -0.0966559 192 180 158
0.877136 0.0825 1.4325 0.932008 0.35923 0.0481121 192 179 157
0.8775 0.0825 1.43888 0.794909 0.600942 -0.083598 192 180 158
0.8775 0.0833989 1.2375 0.519137 0.849378 -0.095154 201 191 164
0.8625 0.0960878 1.2375 0.641321 0.685874 -0.343926 193 160 129
0.8775 0.0845929 1.2525 0.567742 0.823202 -0.00269228 205 189 164
0.867512 0.0975 1.2525 0.806804 0.58971 -0.0361718 196 171 143
0.8625 0.0975 1.24091 0.778149 0.530351 -0.336469 193 160 130
0.8775 0.0857868 1.2675 0.316071 0.948648 0.0129121 207 189 167
0.8625 0.0922241 1.2675 0.563897 0.811957 0.15082 191 170 139
0.8625 0.0975 1.26052 0.718987 0.537509 0.440615 191 166 136
0.871239 0.0975 1.2975 0.86873 0.31472 0.38244 196 177 148
0.86325 0.0975 1.3125 0.945104 0.324759 -0.0361946 189 164 134
0.873687 0.0975 1.3275 0.955181 0.292713 0.0441425 196 176 149
0.863682 0.0975 1.3425 0.772609 0.483282 0.411721 183 155 124
0.8775 0.0827374 1.3575 1.88047e-05 0.999998 0.00185568 200 185 162
0.8625 0.0892783 1.3575 0.464681 0.795461 0.388989 186 157 126
0.8625 0.0975 1.34477 0.718365 0.586258 0.374505 182 153 121
0.869348 0.0975 1.3875 0.86921 0.404572 0.284246 188 164 135
0.863191 0.0975 1.4025 0.921189 0.387731 0.0327886 182 153 122
0.872061 0.0975 1.4325 0.946023 0.291257 0.142159 188 168 140
0.8775 0.0837739 1.4475 0.531947 0.834195 -0.145432 192 180 158
0.87055 0.0975 1.4475 0.917395 0.38674 0.093906 186 165 138
0.8625 0.105604 1.2525 0.850509 0.525961 0 193 161 131
0.869397 0.1125 1.2975 0.855474 0.163554 0.49134 193 173 143
0.8625 0.0992145 1.3125 0.847322 0.160681 -0.506189 188 163 132
0.8625 0.1125 1.3091 0.837275 0.188411 0.513296 188 161 130
0.87013 0.1125 1.3275 0.988002 0.132739 0.0789449 192 168 139
0.8625 0.1125 1.31545 0.828255 0.0500249 -0.558114 188 159 129
0.8625 0.0988603 1.3425 0.425998 0.37021 0.825512 182 153 121
0.8625 0.1125 1.33804 0.790506 0.117754 0.601027 183 152 120
0.863376 0.1125 1.3875 0.868049 0.343373 0.35859 180 151 118
0.8625 0.0985297 1.4025 0.807403 0.219593 -0.547612 181 152 120
0.8625 0.1125 1.38954 0.826869 0.376776 0.417526 179 149 116
0.874059 0.0975 1.4175 0.940277 0.196444 -0.278009 188 171 146
0.870926 0.1125 1.4175 0.951688 0.222957 -0.211142 186 163 134
0.8625 0.1125 1.40622 0.799131 0.148038 -0.582644 180 150 117
0.866929 0.1125 1.4325 0.918133 0.314852 0.240624 184 156 123
0.862931 0.1125 1.4475 0.890372 0.386137 0.241112 180 148 115
0.865576 0.1275 1.2975 0.854967 0.0998999 0.508972 189 166 134
0.8625 0.1275 1.30259 0.844721 0.173727 0.506227 187 160 128
0.870512 0.1275 1.3275 0.975157 0.00652477 -0.221417 192 169 140
0.8625 0.1275 1.31697 0.794265 0.0612217 -0.604479 188 158 127
0.8625 0.1275 1.33853 0.80942 -0.019903 0.586892 184 152 119
0.8625 0.116215 1.3875 0.898263 0.211813 0.385045 179 149 115
0.867946 0.1275 1.4175 0.990637 0.135272 0.0184264 183 156 124
0.8625 0.1275 1.40949 0.812419 0.0386806 -0.58179 180 148 112
0.8625 0.125429 1.4325 0.907586 0.319614 0.272277 180 146 109
0.8625 0.1275 1.43145 0.913327 0.181 0.364791 180 146 109
0.8625 0.113347 1.4475 0.837257 0.425836 0.343021 180 147 114
0.864888 0.1425 1.2975 0.841706 -0.056754 0.536945 189 163 132
0.8625 0.1425 1.30167 0.863194 0.00412237 0.504856 187 159 127
0.868448 0.1425 1.4175 0.993433 0.0451338 0.10514 186 160 128
0.8625 0.1425 1.41 0.783399 0.0209214 -0.621166 181 150 114
0.8625 0.1425 1.42898 0.903654 0.0554355 0.424661 180 146 109
0.866966 0.1575 1.2975 0.77976 -0.0778144 0.621224 191 166 136
0.8625 0.1575 1.30365 0.822172 -0.0687219 0.565076 186 159 126
0.866816 0.1575 1.4175 0.831805 0.0426146 0.553429 185 156 123
0.8625 0.1575 1.42456 0.864798 0.097525 0.492558 181 147 110
0.868828 0.1725 1.2975 0.738819 0.0115722 0.673804 192 170 140
0.8625 0.1725 1.30435 0.757196 -0.0176286 0.65295 186 159 126
0.867113 0.1725 1.4175 0.784406 0.0611286 0.617228 186 157 123
0.8625 0.1725 1.42329 0.808111 0.0453509 0.587282 181 147 110
0.867301 0.1875 1.2975 0.746615 -0.0127579 0.665134 191 167 137
0.8625 0.1875 1.30294 0.743373 0.0331908 0.668053 186 158 126
0.869178 0.1725 1.3725 0.957628 -0.0538099 0.282937 189 163 133
0.869933 0.1875 1.3725 0.999687 0.0238966 -0.0074518 192 168 138
0.8625 0.1725 1.36582 0.706659 -0.0355699 -0.706659 183 151 118
0.8625 0.1875 1.36507 0.70694 0.0217041 -0.70694 184 152 117
0.8625 0.1725 1.38109 0.788334 -0.053202 0.612942 182 148 113
0.8625 0.1875 1.38239 0.796388 0.00544332 0.604762 183 150 114
0.864903 0.1875 1.4175 0.792306 0.139016 0.594075 184 153 117
0.8625 0.1875 1.4207 0.78491 0.122495 0.607381 181 147 110
0.868428 0.2025 1.2975 0.759996 -0.0455105 0.648333 192 169 139
0.8625 0.2025 1.30406 0.742857 -0.058436 0.666894 186 157 125
0.868816 0.2025 1.3725 0.999854 -0.0167417 -0.00349439 191 165 134
0.8625 0.2025 1.36618 0.707036 -0.0141905 -0.707036 184 152 116
0.8625 0.2025 1.37983 0.774077 0.0175926 0.632847 184 150 114
0.8625 0.198793 1.4175 0.788726 0.167837 0.59139 182 148 111
0.868742 0.2175 1.2975 0.774196 0.0039729 0.632933 192 169 139
0.8625 0.2175 1.3056 0.777319 -0.0119671 0.628992 186 157 124
0.869776 0.2175 1.3725 0.964989 -0.0617796 -0.25491 193 168 138
0.8625 0.2175 1.36522 0.706383 -0.0452234 -0.706383 185 152 117
0.8625 0.2175 1.38282 0.789253 -0.0858946 0.608031 184 150 114
0.864836 0.2175 1.4175 0.707107 0 0.707107 185 153 118
0.8625 0.206302 1.4175 0.699538 -0.145921 0.699538 182 148 111
0.8625 0.2175 1.41984 0.707107 0 0.707107 182 148 111
0.869036 0.2325 1.2975 0.758621 -0.0234131 0.651112 195 170 142
0.8625 0.2325 1.30457 0.754937 -0.011963 0.655689 185 156 123
0.8625 0.228412 1.4175 0.699142 0.149671 0.699142 183 149 112
0.868896 0.2475 1.2975 0.815861 -0.010795 0.578147 196 169 141
0.8625 0.2475 1.30604 0.780322 -0.035275 0.624382 187 156 124
0.8925 0.0771394 1.2225 -0.0751434 0.993269 -0.0881444 214 196 174
0.8925 0.0793561 1.2375 0.161127 0.967792 -0.193436 215 192 174
0.880847 0.0825 1.2375 0.250265 0.934578 -0.252848 204 191 166
0.8925 0.0805511 1.2525 0.259977 0.962562 -0.0767235 210 194 169
0.885284 0.0825 1.2525 0.259429 0.962714 -0.0766676 208 192 167
0.8925 0.0817472 1.2675 0.131892 0.98788 0.0818351 210 194 169
0.889713 0.0825 1.2675 0.260035 0.965383 0.0204244 209 193 169
0.8925 0.0808985 1.2825 0.00838346 0.998368 0.0564848 210 192 168
0.8775 0.0818735 1.2825 0.0534939 0.994679 0.0880509 202 188 162
0.8775 0.0825 1.28011 0.252274 0.936284 0.244396 203 188 163
0.8925 0.0800499 1.2975 -0.0463229 0.997799 0.0474578 209 191 167
0.8925 0.0802225 1.3125 -0.0813639 0.996529 -0.017613 209 191 167
0.8925 0.0824378 1.3275 -0.087588 0.989123 -0.118173 206 190 167
0.884383 0.0825 1.3425 -0.129307 0.988824 -0.0742065 201 186 163
0.8925 0.0825 1.32828 -0.125706 0.989313 -0.0738818 206 190 167
0.8925 0.0798917 1.3725 -0.0819568 0.978818 0.187612 204 188 163
0.8775 0.0788247 1.3725 -0.0699236 0.983727 0.165506 198 182 157
0.8925 0.0825 1.35897 -0.0912912 0.977823 0.188488 205 187 163
0.8775 0.0825 1.35841 -0.0361477 0.974596 0.221034 200 185 162
0.8925 0.0780194 1.3875 -0.0705894 0.99381 0.0857795 203 187 162
0.8925 0.0778776 1.4025 -0.101822 0.994452 0.0264259 203 187 162
0.8925 0.0776722 1.4175 0.079543 0.99093 -0.108305 205 185 161
0.8775 0.080364 1.4175 0.181851 0.973776 -0.136712 191 179 157
0.8925 0.078538 1.4325 0.190009 0.979224 -0.0708281 204 184 160
0.8925 0.079733 1.4475 0.247645 0.963388 -0.102742 205 183 159
0.882239 0.0825 1.4475 0.258023 0.95791 -0.125825 196 181 158
0.8925 0.0835587 1.3425 -0.0681927 0.997561 -0.0149183 205 189 166
0.8925 0.0827828 1.3575 -0.00336867 0.997226 0.0743606 205 187 163
0.904009 0.0825 1.2825 -0.171003 0.984824 0.0296542 209 194 169
0.904325 0.0825 1.2975 -0.202896 0.979191 0.00426285 208 193 168
0.893377 0.0825 1.3275 -0.0664781 0.995013 -0.0743577 206 190 167
0.905087 0.0825 1.3725 -0.199392 0.962201 0.185503 208 189 164
0.6975 0.397152 -0.0075 0.0845304 0.987874 0.130226 90 64 39
0.696999 0.3975 -0.0075 0.585031 0.587076 0.559537 90 64 39
0.6975 0.3975 -0.00783089 0.144624 0.348101 0.926234 90 64 39
0.6825 0.412096 -0.0075 0.581429 0.589596 0.560639 82 58 30
0.6975 0.4125 -0.0132274 0.135362 0.163415 0.977227 88 65 39
0.6825 0.4125 -0.00772891 0.251188 0.260379 0.93226 82 58 30
0.6975 0.4275 -0.0143213 0.0613727 0.0266703 0.997759 86 65 38
0.6825 0.4275 -0.0135071 0.0505913 0.359003 0.931964 87 66 38
0.7125 0.396801 -0.0075 -0.0199184 0.978613 0.204742 90 64 36
0.7125 0.3975 -0.008898 -0.286808 0.335564 0.897295 91 65 38
0.7125 0.4125 -0.0135357 -0.268732 0.181768 0.945909 88 66 37
0.7125 0.4275 -0.0130965 -0.287309 -0.03829 0.957072 88 68 38
0.7125 0.4425 -0.0111034 -0.125793 -0.276234 0.952823 89 68 38
0.6975 0.4425 -0.0103532 0.0483259 -0.252741 0.966326 87 66 36
0.7125 0.444693 -0.0075 -0.361392 -0.553022 0.750708 89 67 37
0.6975 0.453581 -0.0075 -0.230633 -0.479229 0.846846 91 67 37
0.7125 0.4575 0.000874164 -0.338353 -0.506889 0.792831 91 67 35
0.6975 0.4575 -0.0053538 -0.342188 -0.451301 0.824157 92 67 36
0.713179 0.3975 -0.0075 -0.895413 0.372586 0.243754 91 65 38
0.716057 0.4125 -0.0075 -0.884658 0.186711 0.427223 89 64 36
0.716649 0.4275 -0.0075 -0.826141 0.0370009 0.562247 90 68 38
0.7275 0.4275 0.0071207 -0.381708 0.0327256 0.923703 93 68 38
0.715624 0.4425 -0.0075 -0.759829 -0.0944913 0.64322 90 68 39
0.7275 0.4425 0.00700863 -0.271343 -0.028223 0.962069 93 70 38
0.7575 0.422446 1.2675 -0.278946 0.957425 -0.0743364 105 59 3
0.7425 0.418514 1.2675 -0.227455 0.968211 -0.104073 101 57 2
0.7575 0.42365 1.2825 -0.268216 0.960804 -0.0701179 105 60 3
0.7425 0.420534 1.2825 -0.157765 0.981591 -0.107657 101 56 1
0.7575 0.42405 1.2975 -0.199782 0.977601 -0.0662066 103 58 1
0.7425 0.423049 1.2975 -0.0874128 0.992625 -0.0839904 100 54 1
0.7575 0.425176 1.3125 -0.173339 0.981977 -0.0753275 103 58 1
0.7425 0.423216 1.3125 -0.0697982 0.985936 -0.15185 98 55 1
0.7575 0.427236 1.3275 -0.137357 0.978129 -0.156193 102 57 2
0.75347 0.4275 1.3275 0.059522 0.960126 -0.273158 102 57 3
0.7425 0.4275 1.32548 0.0575059 0.948051 -0.312878 100 57 4
0.7575 0.4275 1.33083 0.0407365 0.996103 -0.078226 102 57 2
0.753946 0.4275 1.3725 -0.0713116 0.993577 -0.0878545 102 57 3
0.7425 0.426737 1.3725 -0.0664751 0.997788 0 100 54 4
0.7425 0.4275 1.35814 -0.0691857 0.996076 0.0551961 101 55 3
0.7425 0.4275 1.37627 -0.0718363 0.973319 -0.217921 99 53 3
0.744224 0.4275 1.4325 -0.0705644 0.968905 -0.237156 99 53 4
0.7425 0.427386 1.4325 -0.0661057 0.997813 0 99 53 4
0.7425 0.4275 1.43153 -0.0743756 0.976931 0.200184 99 53 4
0.7425 0.4275 1.43306 -0.0845894 0.962392 -0.258159 99 53 4
0.7425 0.428166 1.3275 0.072462 0.9922 -0.10143 101 58 5
0.7575 0.428427 1.3425 -0.0586131 0.997306 -0.0440944 102 57 2
0.7425 0.429699 1.3425 0.0312159 0.999479 0.00822322 100 56 1
0.7575 0.428681 1.3575 -0.0802508 0.995721 0.0458115 102 57 2
0.7425 0.427542 1.3575 -0.0754248 0.992062 0.100621 101 55 3
0.7575 0.427772 1.3725 -0.0738427 0.997198 0.0119718 103 58 3
0.7575 0.427899 1.3875 -0.0260509 0.99961 -0.0100247 104 59 4
0.7425 0.430096 1.3875 0.0801369 0.996057 -0.0380634 96 53 2
0.7575 0.42806 1.4025 -0.0209469 0.999781 -4.89702e-05 103 58 1
0.7425 0.429187 1.4025 0.0980682 0.995101 -0.0125341 95 52 1
0.7575 0.428271 1.4175 0.00279034 0.999909 -0.0131952 103 58 3
0.7425 0.430452 1.4175 0.0744583 0.996635 0.034285 96 52 3
0.7575 0.428443 1.4325 -0.00295778 0.999908 -0.0132315 101 56 1
0.7575 0.428615 1.4475 0.0318324 0.999427 -0.0115354 97 54 1
0.7425 0.43141 1.4475 0.0740584 0.996855 -0.0281912 98 53 3
0.7425 0.461135 1.4025 0 0 0 102 62 15
0.7725 0.425524 1.2525 -0.27367 0.958441 -0.0805971 106 60 1
0.7575 0.422282 1.2525 -0.211212 0.977382 -0.0106601 106 59 3
0.772175 0.4275 1.2675 -0.324364 0.942809 -0.0768023 107 61 2
0.7725 0.4275 1.26674 -0.317159 0.939331 -0.130644 107 61 2
0.768711 0.4275 1.2825 -0.320432 0.946601 -0.0356364 106 61 2
0.768218 0.4275 1.2975 -0.293447 0.955468 -0.0311365 106 60 2
0.766521 0.4275 1.3125 -0.237711 0.967956 -0.0809636 106 60 2
0.758781 0.4275 1.3275 -0.201818 0.975204 -0.0908161 102 57 2
0.7725 0.427612 1.2675 -0.203322 0.976029 -0.077638 107 61 2
0.7725 0.428805 1.2825 -0.221654 0.974495 -0.0350597 107 61 2
0.7725 0.428974 1.2975 -0.230178 0.973084 -0.0111999 107 61 2
0.7725 0.42915 1.3125 -0.197324 0.980038 -0.0242493 108 62 2
0.7725 0.43034 1.3275 -0.142645 0.988493 -0.0503359 107 61 1
0.7725 0.430516 1.3425 -0.105599 0.994381 -0.00749108 107 61 2
0.7725 0.430685 1.3575 -0.103536 0.994513 0.0149535 109 63 4
0.7725 0.430011 1.3725 -0.108577 0.993755 0.025734 109 63 4
0.7725 0.43001 1.3875 -0.09778 0.995206 0.00194246 109 63 4
0.7725 0.430186 1.4025 -0.0764134 0.997034 -0.00919509 106 61 2
0.7725 0.430355 1.4175 -0.0825831 0.996526 0.0107365 107 60 4
0.7725 0.429512 1.4325 -0.0821248 0.996561 0.0110751 104 59 2
0.7725 0.42968 1.4475 -0.070958 0.997414 -0.0114072 102 57 0
0.778649 0.4275 1.2525 -0.303368 0.943832 -0.130957 109 63 4
0.7875 0.430714 1.2675 -0.126308 0.991419 -0.0336818 111 65 6
0.7875 0.431908 1.2825 -0.115051 0.992327 -0.0452911 110 64 5
0.7875 0.432079 1.2975 -0.115643 0.993224 -0.0115443 110 64 5
0.7875 0.432253 1.3125 -0.12012 0.992722 0.00855651 111 65 5
0.7875 0.431691 1.3275 -0.0900958 0.995911 -0.00670023 113 67 7
0.7875 0.431876 1.3425 -0.0662041 0.997803 0.00258778 113 67 7
0.7875 0.431751 1.3575 -0.0473626 0.998582 0.0243242 112 66 6
0.7875 0.431152 1.3725 -0.0387479 0.998979 0.0232285 112 66 6
0.7875 0.431079 1.3875 -0.0379505 0.999008 0.0232802 112 66 7
0.7875 0.430428 1.4025 -0.0212192 0.999715 0.0109105 113 67 8
0.7875 0.430406 1.4175 -0.00045624 0.999987 0.00501446 111 65 5
0.7875 0.430574 1.4325 -0.00640249 0.999931 -0.00987417 112 66 6
0.7875 0.430751 1.4475 -0.0277288 0.999613 -0.00208021 109 65 4
0.8025 0.431903 1.2525 -0.0793342 0.996412 -0.0294889 115 69 9
0.7875 0.430543 1.2525 -0.114048 0.992847 -0.0353233 113 67 8
0.8025 0.432799 1.2675 -0.0790421 0.99684 -0.00784322 112 66 6
0.8025 0.432279 1.2825 -0.0558542 0.998409 -0.00771919 114 65 6
0.8025 0.432463 1.2975 -0.0367669 0.999251 -0.0120417 115 66 8
0.8025 0.43265 1.3125 -0.0334755 0.999435 0.00313353 114 65 7
0.8025 0.432475 1.3275 -0.0314136 0.99947 0.00852775 115 66 7
0.8025 0.432644 1.3425 -0.0272791 0.999558 0.0118375 115 66 7
0.8025 0.432114 1.3575 -0.0266713 0.999032 0.0349932 114 65 7
0.8025 0.431201 1.3725 -0.0267176 0.999027 0.035087 113 65 7
0.8025 0.431125 1.3875 -0.00676274 0.99955 0.0292254 111 65 6
0.8025 0.430477 1.4025 0.0134312 0.999589 0.0253085 110 63 7
0.8025 0.430665 1.4175 0.0181505 0.999708 0.0159687 111 65 6
0.8025 0.429753 1.4325 0.0266443 0.999609 -0.00849297 112 66 7
0.8025 0.430795 1.4475 0.0275462 0.999567 -0.0102985 111 66 7
0.8175 0.433692 1.2525 -0.0659528 0.99747 0.0265478 118 70 10
0.8175 0.433232 1.2675 -0.0451296 0.998875 0.0145395 117 68 9
0.8175 0.433018 1.2825 -0.0227085 0.999731 0.00465211 119 70 11
0.8175 0.433192 1.2975 -0.0232005 0.999692 -0.00879423 118 69 10
0.8175 0.433364 1.3125 -0.0199573 0.999775 0.0072241 117 69 7
0.8175 0.432884 1.3275 -0.0229527 0.999626 0.0149006 117 69 7
0.8175 0.432689 1.3425 -0.0234377 0.999589 0.0165078 117 69 7
0.8175 0.43216 1.3575 -0.0223915 0.999397 0.0265334 117 69 7
0.8175 0.432019 1.3725 -0.0275682 0.998961 0.0362761 117 68 9
0.8175 0.431435 1.3875 -0.0198964 0.998622 0.0485584 116 67 8
0.8175 0.430325 1.4025 -0.0159 0.998725 0.0479082 114 68 9
0.8175 0.429617 1.4175 0.00216315 0.999785 0.0206122 113 67 8
0.8175 0.429649 1.4325 0.0108055 0.99994 0.00174187 111 65 6
0.8175 0.429987 1.4475 0.0314063 0.999446 -0.0110138 112 65 6
0.8325 0.434194 1.2525 0.0320377 0.997449 0.0637874 121 72 13
0.8325 0.433917 1.2675 0.0230219 0.999589 0.0171089 119 70 11
0.8325 0.43306 1.2825 0.0095026 0.999341 0.0350279 118 69 10
0.8325 0.433242 1.2975 0.0406356 0.999006 -0.0183055 118 69 10
0.8325 0.433157 1.3125 0.0382305 0.99883 0.0296058 116 67 8
0.8325 0.432937 1.3275 0.0686009 0.997619 -0.00705911 117 68 9
0.8325 0.433119 1.3425 0.0421202 0.999039 0.012118 116 67 9
0.8325 0.432912 1.3575 0.0344317 0.99926 0.0171372 117 69 7
0.8325 0.432394 1.3725 0.0422999 0.996825 0.0674538 116 67 8
0.8325 0.431488 1.3875 0.0905968 0.994856 0.0453201 116 69 9
0.8325 0.430575 1.4025 0.0512569 0.997888 0.0399149 114 66 5
0.8325 0.430543 1.4175 0.086215 0.995923 0.0265317 113 67 7
0.8325 0.429851 1.4325 0.0396586 0.999058 0.0175913 112 66 6
0.8325 0.429867 1.4475 0.0955921 0.995257 0.0180605 111 66 7
0.8475 0.42643 1.4175 0.780107 0.62564 -0.00275036 135 88 35
0.843817 0.4275 1.4175 0.263148 0.964271 0.0305637 130 83 27
0.8475 0.4275 1.40952 0.77008 0.632067 0.0864111 125 78 24
0.8475 0.4275 1.43003 0.274003 0.958627 -0.0771753 117 68 15
0.8475 0.425827 1.4475 0.816321 0.577263 0.0196772 131 84 30
0.841311 0.4275 1.4475 0.259848 0.964925 0.037396 123 77 21
0.8475 0.4275 1.43409 0.785369 0.614283 0.0764932 116 66 13
0.8475 0.434243 1.2525 0.484429 0.869941 0.0923657 148 97 43
0.8475 0.431921 1.2675 0.326692 0.944268 0.0403863 173 123 70
0.8475 0.433109 1.2825 0.32279 0.946197 0.0227386 145 94 37
0.8475 0.431519 1.2975 0.31602 0.94872 0.00782185 170 119 64
0.8475 0.4328 1.3125 0.310043 0.950526 0.0193432 132 83 27
0.8475 0.430571 1.3275 0.292987 0.955773 0.0256204 165 115 62
0.8475 0.431764 1.3425 0.311132 0.950238 -0.0156298 126 77 21
0.8475 0.430916 1.3575 0.286852 0.957825 0.0169697 157 107 54
0.8475 0.431351 1.3725 0.242239 0.967643 0.0706227 124 75 19
0.8475 0.428251 1.3875 0.205463 0.975106 0.0833798 145 98 44
0.8475 0.428372 1.4025 0.206017 0.977688 0.0410254 117 70 16
0.8475 0.427697 1.4325 0.177418 0.983373 0.0387365 114 64 11
0.8625 0.380762 1.4325 0.883749 0.196914 0.424514 188 149 110
0.861908 0.3825 1.4325 0.987106 0.109432 0.11682 187 148 108
0.8625 0.3825 1.43099 0.955518 0.184853 0.229814 188 149 110
0.858175 0.3675 1.4475 0.983765 -0.178804 -0.015378 175 132 90
0.8625 0.379601 1.4475 0.912303 -0.346731 -0.217899 188 146 105
0.8625 0.3675 1.43795 0.89078 0.138164 0.432922 189 149 110
0.8625 0.3825 1.43607 0.973584 0.167973 -0.154656 188 148 109
0.8625 0.387041 1.2225 0.729867 0.634408 0.2546 205 163 121
0.853819 0.3975 1.2225 0.941466 0.294994 -0.163155 190 145 97
0.861118 0.3825 1.2375 0.97822 0.198335 0.0612276 199 160 118
0.861822 0.3975 1.2375 0.965275 0.061437 0.25391 201 162 119
0.8625 0.3825 1.23456 0.887374 0.150177 0.435906 202 162 121
0.854536 0.3825 1.2525 0.976564 0.041843 0.21112 188 145 99
0.85322 0.3975 1.2525 0.992177 0.111972 0.0551934 182 137 89
0.859992 0.3825 1.2675 0.989094 0.0378242 -0.142343 198 158 118
0.859789 0.3975 1.2675 0.993344 0.11485 0.00882579 198 156 117
0.854443 0.3825 1.2825 0.988714 0.05786 0.13819 182 138 92
0.853227 0.3975 1.2825 0.989244 0.138193 0.0479461 178 131 85
0.860265 0.3825 1.2975 0.979615 0.166106 -0.112974 198 154 117
0.857057 0.3975 1.2975 0.991223 0.13136 -0.0148738 194 149 106
0.855802 0.3825 1.3125 0.986834 0.159909 0.0242253 180 136 93
0.853831 0.3975 1.3125 0.969123 0.163476 -0.184595 172 127 80
0.8625 0.3825 1.32286 0.82248 0.115962 -0.556848 196 156 121
0.8625 0.3975 1.32618 0.804529 0.224034 -0.550038 196 157 118
0.8625 0.394656 1.3425 0.968668 0.193321 -0.155918 197 157 122
0.861474 0.3975 1.3425 0.91266 0.396585 0.0988522 193 152 116
0.8625 0.3975 1.33724 0.969235 0.216143 0.117756 197 157 121
0.8625 0.3975 1.34449 0.903396 0.255761 -0.344182 197 157 121
0.858012 0.3975 1.4325 0.93794 0.317255 0.140068 182 141 96
0.8625 0.3975 1.42016 0.938053 0.20476 0.279518 190 149 107
0.8625 0.388961 1.4475 0.942304 0.246729 -0.226248 188 146 104
0.859412 0.3975 1.4475 0.921729 0.37444 -0.101044 177 135 90
0.857911 0.4125 1.2375 0.868526 0.274103 0.412953 199 155 110
0.851514 0.4125 1.2525 0.97521 0.2187 -0.0337094 173 125 75
0.85625 0.4125 1.2675 0.969864 0.237731 0.0533672 194 148 106
0.85153 0.4125 1.2825 0.98686 0.160144 -0.0214667 166 119 69
0.856135 0.4125 1.2975 0.975906 0.215824 0.0320411 193 146 101
0.851489 0.4125 1.3125 0.975787 0.218003 -0.0177526 162 115 65
0.8625 0.402348 1.3275 0.911827 0.406556 0.057312 196 157 118
0.857166 0.4125 1.3275 0.923031 0.352044 -0.155175 187 144 100
0.855617 0.4125 1.3425 0.890415 0.43588 -0.131034 169 124 80
0.8625 0.4125 1.35579 0.776826 0.473171 -0.415513 198 154 116
0.8625 0.398811 1.3725 0.95023 0.306826 -0.0540393 193 153 117
0.857094 0.4125 1.3725 0.879767 0.473059 0.0471691 170 126 84
0.8625 0.4125 1.36015 0.885448 0.319552 0.337443 197 154 115
0.8625 0.411861 1.3875 0.957206 0.282285 0.0638054 192 153 112
0.861918 0.4125 1.3875 0.821626 0.568482 -0.0419389 190 151 110
0.8625 0.402549 1.4025 0.908296 0.402665 0.113404 192 150 110
0.857019 0.4125 1.4025 0.829206 0.544796 0.124962 165 122 76
0.8625 0.400633 1.4175 0.886319 0.417018 0.20133 191 149 107
0.856199 0.4125 1.4175 0.883024 0.454761 0.11602 171 126 80
0.85297 0.4125 1.4325 0.938583 0.339861 0.059631 141 95 46
0.853116 0.4125 1.4475 0.925676 0.377397 0.0263691 153 108 58
0.849326 0.4275 1.2375 0.920719 0.334794 0.200471 182 136 85
0.849191 0.4275 1.2525 0.966788 0.220809 -0.128703 158 109 57
0.850769 0.4275 1.2675 0.939046 0.334705 0.0785155 180 132 82
0.849126 0.4275 1.2825 0.957572 0.284034 -0.0487981 156 106 51
0.849478 0.4275 1.2975 0.935059 0.34445 0.0837764 176 126 73
0.848782 0.4275 1.3125 0.954284 0.285011 -0.0900621 140 91 37
0.849317 0.4275 1.3275 0.90311 0.429123 0.0156831 170 121 70
0.849412 0.4275 1.3425 0.91658 0.397734 -0.0410984 136 88 35
0.8625 0.414621 1.3575 0.73776 0.631456 0.23869 198 154 115
0.850657 0.4275 1.3575 0.829097 0.558288 -0.0301949 167 119 69
0.849713 0.4275 1.3725 0.840626 0.540972 -0.0264178 136 88 35
0.848148 0.4275 1.3875 0.778976 0.617626 0.108326 147 100 47
0.848146 0.4275 1.4025 0.853864 0.519461 0.0328184 120 73 20
0.847581 0.4275 1.4325 0.913436 0.404004 0.0491556 114 64 12
0.86875 0.2625 1.2975 0.849658 0.00939986 0.527251 197 170 140
0.8625 0.2625 1.30729 0.829874 -0.0146502 0.557759 188 157 124
0.868309 0.2775 1.2975 0.871811 0.0227206 0.489314 198 169 139
0.8625 0.2775 1.30743 0.856487 0.00697667 0.516122 189 156 123
0.863601 0.2925 1.2525 0.793531 -0.247303 0.556013 198 160 128
0.8625 0.291284 1.2525 0.741263 -0.671215 0 197 158 125
0.8625 0.2925 1.2514 0.69111 -0.211503 -0.69111 197 158 125
0.8625 0.2925 1.2536 0.687122 -0.236066 0.687122 197 158 125
0.867592 0.2925 1.2975 0.887894 0.024101 0.459417 197 168 137
0.8625 0.2925 1.30741 0.880593 0.0201068 0.473446 188 156 122
0.869207 0.2775 1.3725 0.774662 0.0176922 0.632128 193 167 135
0.869467 0.2925 1.3725 0.761084 -0.021527 0.648296 193 168 137
0.8625 0.2775 1.38146 0.799627 0.0462297 0.598715 187 152 115
0.8625 0.2925 1.3803 0.765491 -0.0050148 0.643427 187 153 115
0.868071 0.3075 1.2525 0.982177 -0.117794 0.146465 201 171 141
0.8625 0.3075 1.24693 0.705599 -0.065269 -0.705599 197 160 125
0.8625 0.3075 1.25807 0.702791 -0.110321 0.702791 196 158 125
0.867396 0.3075 1.2975 0.931975 0.0428989 0.359977 197 168 135
0.8625 0.3075 1.30683 0.886601 0.0238606 0.461918 191 156 122
0.869494 0.3075 1.3725 0.788607 -0.00142149 0.614896 194 167 137
0.8625 0.3075 1.38147 0.768272 -0.0256445 0.639609 189 153 116
0.863683 0.3225 1.2225 0.853309 -0.157291 0.497115 201 165 128
0.8625 0.321317 1.2225 0.707107 -0.707107 0 201 163 124
0.8625 0.3225 1.22132 0.855987 -0.172796 -0.487266 200 163 124
0.8625 0.3225 1.22368 0.698691 -0.153828 0.698691 201 163 124
0.867892 0.3225 1.2525 0.999966 -0.00615221 0.0055208 201 172 139
0.8625 0.3225 1.24711 0.70708 -0.00870462 -0.70708 199 162 125
0.8625 0.3225 1.25789 0.707107 5.24568e-05 0.707107 197 160 124
0.869657 0.3075 1.2825 0.886857 0.397058 -0.236283 199 174 143
0.8625 0.314657 1.2825 0.585734 0.624594 -0.516525 195 157 123
0.8625 0.3075 1.27534 0.57735 0.57735 -0.57735 196 158 123
0.866518 0.3225 1.2975 0.967478 0.251649 0.0256832 198 166 133
0.8625 0.3225 1.29348 0.681389 0.267242 -0.681389 195 157 123
0.8625 0.3225 1.30545 0.888448 0.0563767 0.455502 194 156 122
0.869923 0.3075 1.4325 0.989258 0.0734249 -0.126399 190 163 130
0.86881 0.3225 1.4325 0.993966 0.0416357 -0.10148 191 160 127
0.8625 0.3075 1.42103 0.872801 0.00604517 -0.488039 185 149 112
0.8625 0.3225 1.41941 0.89777 -0.0605791 -0.436278 186 151 113
0.865882 0.3075 1.4475 0.981224 0.147741 0.123981 190 154 118
0.863051 0.3225 1.4475 0.995008 0.0967606 -0.0244348 189 148 109
0.866063 0.3375 1.2225 0.97585 -0.218085 0.01247 201 169 132
0.8625 0.3375 1.21527 0.862317 -0.260631 -0.434144 198 161 122
0.8625 0.3375 1.22606 0.701668 -0.123792 0.701668 200 162 121
0.868253 0.3375 1.2525 0.997268 -0.0723135 0.0151059 201 174 144
0.8625 0.3375 1.24675 0.707044 -0.013305 -0.707044 200 163 125
0.8625 0.3375 1.25825 0.703344 -0.103021 0.703344 198 161 125
0.865297 0.3375 1.2975 0.991933 0.0796516 -0.0986144 198 164 130
0.8625 0.3375 1.2947 0.70608 0.05388 -0.70608 197 158 123
0.8625 0.3375 1.30289 0.887192 0.0750164 0.455262 197 157 123
0.862803 0.3375 1.4175 0.995663 0.0538558 -0.0758588 187 153 115
0.8625 0.335059 1.4175 0.771507 -0.0956687 -0.628987 187 152 114
0.868288 0.3375 1.4325 0.988833 0.080586 0.125364 190 159 126
0.8625 0.331506 1.4475 0.940316 0.0501943 -0.33658 190 148 108
0.8625 0.3375 1.44692 0.922892 0.0954883 0.373031 190 148 108
0.86425 0.3525 1.2075 0.92232 -0.0969313 -0.374072 197 165 129
0.8625 0.348262 1.2075 0.817367 -0.33739 -0.46699 195 161 124
0.869064 0.3525 1.2225 0.979788 -0.0748277 0.185515 203 176 142
0.8625 0.3525 1.22906 0.703675 -0.0984046 0.703675 202 163 122
0.868496 0.3525 1.2525 0.999901 0.0123215 -0.00674034 201 173 145
0.8625 0.3525 1.2465 0.730097 -0.00306194 -0.683336 201 162 125
0.8625 0.3525 1.26401 0.849557 -0.0601406 0.524057 199 159 126
0.8642 0.3525 1.2975 0.968911 0.0881687 -0.231167 198 162 128
0.8625 0.3525 1.2958 0.705463 0.0681491 -0.705463 197 158 123
0.8625 0.3525 1.30042 0.873172 0.0795396 0.480879 197 157 123
0.869976 0.3375 1.3275 0.979302 0.0676027 -0.190783 199 172 141
0.86894 0.3525 1.3275 0.979836 0.0667346 -0.188327 199 170 139
0.8625 0.3375 1.31687 0.811596 0.0631479 -0.580796 195 156 122
0.8625 0.3525 1.31868 0.807878 0.066234 -0.585615 195 156 122
0.867493 0.3375 1.3425 0.988329 0.0489132 0.144266 195 165 133
0.867044 0.3525 1.3425 0.998295 0.0447423 0.0374782 195 164 131
0.869161 0.3375 1.4025 0.920125 0.0350931 0.39005 192 163 131
0.868589 0.3525 1.4025 0.966551 -0.0154124 0.256009 192 162 129
0.8625 0.338715 1.4175 0.911136 0.177485 -0.371927 187 152 114
0.8625 0.3525 1.41368 0.875295 0.0177056 0.483265 188 152 113
0.866587 0.3525 1.4325 0.999344 0.0350732 -0.00907583 189 156 121
0.8625 0.3525 1.42326 0.896331 -0.211271 -0.389815 187 151 112
0.8625 0.3525 1.4411 0.908493 0.117205 0.401127 189 148 109
0.8625 0.35425 1.2075 0.606588 0.458552 -0.649446 195 161 124
0.868543 0.3675 1.2225 0.990095 0.118251 0.0756929 204 176 140
0.8625 0.3675 1.21646 0.637974 0.431251 -0.637974 200 163 123
0.8625 0.3675 1.22977 0.747403 -0.0702827 0.660643 202 164 122
0.867906 0.3675 1.2525 0.956708 0.216002 -0.195073 202 172 141
0.8625 0.3675 1.2459 0.760374 0.183112 -0.623138 202 161 124
0.8625 0.3675 1.26311 0.878328 0.155734 0.451982 200 160 125
0.8625 0.366451 1.2975 0.992657 0.120963 0 198 158 122
0.867686 0.3675 1.3275 0.980248 0.0791575 -0.181241 198 167 134
0.8625 0.3675 1.32021 0.808234 0.0826861 -0.583028 196 157 121
0.866551 0.3675 1.3425 0.996074 0.0784596 -0.0410059 195 164 130
0.869719 0.3525 1.3575 0.997105 0.0518268 -0.0556336 196 167 135
0.868796 0.3675 1.3575 0.996947 0.0780796 -0.000624948 196 166 133
0.86731 0.3525 1.3725 0.996946 0.0592806 0.0508352 194 163 130
0.866434 0.3675 1.3725 0.998141 0.0604487 -0.0077654 194 161 128
0.869786 0.3525 1.3875 0.994758 0.0630012 -0.080541 195 165 132
0.868799 0.3675 1.3875 0.996788 0.0743198 -0.0298522 195 163 129
0.867602 0.3675 1.4025 0.993595 0.0994291 0.0536971 193 160 125
0.867613 0.3675 1.4175 0.998201 -0.0352318 0.048509 193 159 124
0.8625 0.357169 1.4175 0.859743 -0.417308 0.294443 188 151 112
0.865251 0.3675 1.4325 0.962625 0.137714 0.233212 189 154 118
0.866539 0.3825 1.2225 0.909891 0.281392 0.304822 206 172 134
0.8625 0.372906 1.2525 0.707107 0.707107 0 201 161 124
0.865995 0.3825 1.3275 0.982111 0.127911 -0.138192 197 163 129
0.864806 0.3825 1.3425 0.988465 0.136038 -0.0665636 196 162 127
0.867505 0.3825 1.3575 0.995915 0.0900226 0.00698487 197 165 130
0.865724 0.3825 1.3725 0.992999 0.117489 0.0122125 194 160 126
0.867279 0.3825 1.3875 0.991159 0.132122 -0.012129 193 160 125
0.865597 0.3825 1.4025 0.989532 0.133126 0.0557039 193 156 119
0.865618 0.3825 1.4175 0.982474 0.1539 0.105165 192 155 117
0.863794 0.3825 1.4475 0.920839 0.0253775 -0.389117 188 149 109
0.863594 0.3975 1.3275 0.982501 0.174127 -0.066111 196 159 121
0.865761 0.3975 1.3575 0.986721 0.161101 -0.0207028 197 161 125
0.862742 0.3975 1.3725 0.983783 0.175461 0.0371977 193 154 118
0.865294 0.3975 1.3875 0.98774 0.156101 -0.00114521 192 158 120
0.863538 0.3975 1.4025 0.984452 0.162924 0.0656503 192 152 113
0.86311 0.3975 1.4175 0.983138 0.175404 0.0517011 191 150 109
0.863031 0.4125 1.3575 0.983129 0.182771 -0.00720803 198 155 117
0.8775 0.0765788 1.8525 0.0706179 0.982544 -0.172103 160 148 132
0.8625 0.0812408 1.8525 0.140137 0.986273 -0.0873336 159 141 121
0.8775 0.0804378 1.8675 0.114509 0.98317 -0.14235 155 146 131
0.8625 0.0800384 1.8675 -0.0265317 0.996451 0.0798798 158 140 120
0.869604 0.1275 1.8225 0.608185 0.620542 0.495013 149 132 111
0.8625 0.134463 1.8225 0.608185 0.620542 0.495013 141 120 97
0.8625 0.1275 1.83123 0.608185 0.620542 0.495013 141 119 96
0.8925 0.0816482 1.7025 0.383616 0.923314 0.0181685 182 165 147
0.890706 0.0825 1.7025 0.407317 0.911432 0.0581772 181 164 146
0.8925 0.0825 1.69566 0.227935 0.966196 0.120463 182 165 146
0.8925 0.0818209 1.7175 0.174477 0.982786 -0.060742 181 164 146
0.890492 0.0825 1.7175 0.355138 0.934673 0.0162497 180 163 145
0.8925 0.0825 1.72602 0.235536 0.96881 -0.0770126 180 163 145
0.8925 0.0821662 1.7475 0.090313 0.986168 0.138982 178 161 143
0.889999 0.0825 1.7475 0.124394 0.987131 0.100492 177 160 142
0.8925 0.0825 1.74159 0.0879454 0.994535 0.0562717 178 161 143
0.8925 0.0802962 1.7625 0.0697947 0.994044 0.0836991 177 162 143
0.8775 0.0813494 1.7625 0.110914 0.992604 0.0493477 166 154 138
0.8775 0.0825 1.75612 0.122994 0.97642 0.177417 168 154 137
0.8925 0.0796401 1.7775 0.147556 0.98865 0.0282407 172 159 142
0.8775 0.0824717 1.7775 0.160655 0.98399 0.077157 163 151 135
0.8925 0.0778885 1.7925 0.135144 0.980948 0.139562 171 158 142
0.8775 0.0795725 1.7925 0.107846 0.983889 0.142589 164 152 136
0.8925 0.076137 1.8075 0.106187 0.99281 0.0552555 168 155 139
0.8775 0.0777015 1.8075 0.114809 0.993201 -0.0192699 163 152 134
0.8925 0.0772549 1.8225 0.125681 0.99047 -0.0563364 163 153 136
0.8775 0.0793277 1.8225 0.0681932 0.9968 0.0417023 165 149 132
0.8925 0.0770704 1.8375 -0.00135658 0.997262 0.0739363 162 153 136
0.8775 0.0760034 1.8375 -0.0619583 0.996447 0.0570484 161 148 131
0.8925 0.0772429 1.8525 -0.0530358 0.996433 -0.0656382 156 149 131
0.8925 0.0794593 1.8675 0.0102716 0.980053 -0.19847 157 148 131
0.8925 0.0835177 1.6875 0.507708 0.859334 0.0614605 182 165 145
0.8775 0.0953042 1.6875 0.614241 0.78171 0.107877 174 157 137
0.8775 0.0883514 1.7025 0.450052 0.878557 0.159974 174 157 138
0.8775 0.0868801 1.7175 0.334368 0.941601 -0.0398268 173 158 139
0.8925 0.0830146 1.7325 0.264015 0.963192 0.0505754 179 162 144
0.8775 0.0888239 1.7325 0.359769 0.928935 0.0874402 170 154 134
0.8775 0.0840562 1.7475 0.227636 0.955798 0.186097 170 155 136
0.900157 0.0825 1.6875 0.131791 0.991249 -0.00753967 184 167 147
0.900426 0.0825 1.7325 0.0648369 0.9975 -0.028118 181 164 146
0.869377 0.1575 1.5075 0.925506 0.0790106 0.3704 182 155 125
0.868096 0.1725 1.5075 0.90948 0.113585 0.39993 180 152 121
0.863373 0.1575 1.5225 0.905884 0.116445 0.407204 173 141 109
0.8625 0.161191 1.5225 0.790107 0.186965 0.58376 172 139 106
0.8625 0.1725 1.51888 0.879513 0.159477 0.448357 172 139 106
0.86989 0.1875 1.4625 0.945216 0.0703411 0.318777 187 160 130
0.868774 0.2025 1.4625 0.923222 0.121798 0.364453 186 158 126
0.864831 0.1875 1.4775 0.920269 0.123775 0.371194 180 148 114
0.8625 0.198462 1.4775 0.820122 0.174419 0.544957 178 142 106
0.8625 0.2025 1.47621 0.890772 0.174597 0.419574 178 142 106
0.8925 0.0809281 1.4625 0.331585 0.943276 -0.0167735 201 180 159
0.888631 0.0825 1.4625 0.337706 0.93774 -0.0812251 198 179 158
0.8925 0.0811007 1.4775 0.227845 0.972361 0.0509928 198 180 158
0.887313 0.0825 1.4775 0.299458 0.951542 0.0699444 195 179 157
0.8925 0.0802521 1.4925 0.197113 0.978899 -0.0538892 198 182 157
0.881337 0.0825 1.4925 0.220883 0.975233 0.011417 194 178 153
0.8925 0.0825 1.50292 0.193001 0.959147 -0.206853 197 181 156
0.8925 0.0818057 1.6275 0.302472 0.952245 -0.0417231 189 173 150
0.891222 0.0825 1.6275 0.564136 0.81163 -0.151685 188 172 149
0.8925 0.0825 1.61523 0.388349 0.92004 0.0520647 190 174 151
0.8925 0.0825 1.63621 0.229844 0.970158 -0.0772281 187 171 148
0.8925 0.0821733 1.6575 0.67422 0.738526 0.00268159 185 168 148
0.892158 0.0825 1.6575 0.692622 0.720692 0.0296346 185 168 148
0.8925 0.0825 1.65133 0.674341 0.736438 0.0540732 185 169 148
0.8925 0.0823238 1.6725 0.247726 0.966543 -0.0665312 185 168 148
0.892284 0.0825 1.6725 0.625176 0.775503 0.0880378 185 168 148
0.8925 0.0825 1.67471 0.441593 0.894479 -0.0700155 185 168 148
0.8775 0.0870105 1.4625 0.341589 0.93957 -0.0229099 190 178 154
0.8775 0.0851404 1.4775 0.248133 0.962122 0.112922 190 178 156
0.8775 0.0832704 1.4925 0.261993 0.937575 -0.228721 192 176 151
0.8925 0.0834886 1.5075 0.299546 0.937954 -0.174684 196 180 155
0.8775 0.0885497 1.5075 0.335581 0.931903 -0.13763 191 173 149
0.8925 0.0836613 1.5225 0.357481 0.933859 -0.0107508 194 178 155
0.8775 0.0897437 1.5225 0.393602 0.91922 -0.0105823 189 173 150
0.8925 0.0828127 1.5375 0.410484 0.910395 -0.051805 195 179 156
0.8775 0.0899164 1.5375 0.439453 0.885504 -0.150874 189 173 150
0.8925 0.0860493 1.5525 0.456725 0.880062 -0.129971 194 178 155
0.8775 0.0941742 1.5525 0.46042 0.887182 -0.0303452 185 170 147
0.8925 0.0852006 1.5675 0.442699 0.892045 0.0909624 194 178 155
0.8775 0.0923043 1.5675 0.388898 0.908241 0.154453 185 170 147
0.8925 0.0833306 1.5825 0.355889 0.929707 0.0948029 191 175 152
0.8775 0.0883917 1.5825 0.346892 0.937904 0.00134283 184 167 147
0.8925 0.0845245 1.5975 0.372928 0.926965 -0.0407492 191 175 152
0.8775 0.0910459 1.5975 0.408588 0.912662 0.0102241 182 166 143
0.8925 0.0826545 1.6125 0.429617 0.90117 0.0576354 190 174 151
0.8775 0.0897575 1.6125 0.427735 0.90328 0.0336022 181 165 142
0.8775 0.0899299 1.6275 0.460326 0.876011 -0.14389 182 166 144
0.8925 0.0829998 1.6425 0.662057 0.748611 -0.0355142 186 170 147
0.878262 0.0975 1.6425 0.646975 0.749587 -0.139795 177 162 141
0.8775 0.0975 1.64111 0.664398 0.653126 -0.363319 177 162 141
0.8775 0.0964736 1.6575 0.642636 0.760117 0.0961335 178 161 141
0.8775 0.0975 1.64871 0.695414 0.715048 0.0714573 177 162 141
0.8775 0.0924915 1.6725 0.580675 0.814135 -0.000898208 177 162 141
0.8775 0.0982741 1.6425 0.712505 0.701667 0 177 162 141
0.894881 0.0825 1.6125 0.0646592 0.996313 0.0563959 190 174 151
0.896262 0.0825 1.6425 0.131746 0.990863 -0.0288673 187 171 148
0.730402 0.2625 0.5475 -0.444182 0.152334 0.882891 36 23 6
0.7425 0.2625 0.553586 -0.37121 0.148314 0.916627 22 15 2
0.732884 0.2775 0.5475 -0.194545 0.102794 0.975492 36 24 7
0.7425 0.2775 0.547936 -0.282226 0.185175 0.941307 30 18 6
0.739716 0.2925 0.5475 -0.243695 0.146806 0.958677 18 10 1
0.7425 0.2925 0.54874 -0.226525 0.0654857 0.971801 15 8 1
0.7425 0.296575 0.5475 -0.361053 0.25556 0.896844 14 7 0
0.7425 0.3075 0.544416 -0.180718 -0.0191819 0.983348 17 11 2
0.7425 0.3225 0.546892 -0.104869 -0.0977671 0.989669 19 15 5
0.7425 0.325607 0.5475 -0.262115 -0.181059 0.9479 21 17 7
0.7352 0.3375 0.5475 -0.278917 -0.172514 0.944693 36 33 23
0.7425 0.3375 0.54968 -0.109293 -0.072316 0.991376 36 30 16
0.7425 0.3525 0.549321 -0.200108 -0.0707106 0.977219 66 53 33
0.7425 0.3675 0.551021 -0.142004 -0.075392 0.986991 98 67 32
0.7425 0.3825 0.552982 -0.114934 0.0627658 0.991388 138 90 41
0.730518 0.3975 0.5475 -0.242003 0.209112 0.947474 152 101 40
0.7425 0.3975 0.550592 -0.140388 0.233708 0.962118 151 98 46
0.7425 0.412301 0.5325 0.0177687 0.876246 0.481536 149 92 25
0.7425 0.4125 0.531912 -0.0490271 0.951767 0.302878 149 92 25
0.7425 0.403976 0.5475 -0.112128 0.747059 0.655232 152 98 43
0.7425 0.425458 0.4875 -0.121404 0.975141 0.185368 144 89 22
0.7425 0.422784 0.5025 -0.148083 0.957356 0.248076 149 90 21
0.7425 0.417069 0.5175 -0.113944 0.941877 0.316046 149 89 21
0.748991 0.2475 0.5625 -0.773897 0.458927 0.436428 17 7 1
0.7575 0.261732 0.5625 -0.772232 0.463702 0.434325 5 2 0
0.7575 0.2625 0.561569 -0.488145 0.132144 0.8627 5 2 0
0.757263 0.2475 0.5775 -0.830095 0.327192 0.45154 16 2 0
0.7575 0.2481 0.5775 -0.780279 0.459797 0.423971 16 2 0
0.7575 0.2475 0.578143 -0.880101 0.346902 0.324163 16 2 0
0.7575 0.2775 0.555753 -0.442921 0.302539 0.843973 7 4 4
0.7575 0.2925 0.551087 -0.352111 0.165125 0.921277 10 6 0
0.750733 0.3075 0.5475 -0.362918 0.0711122 0.929104 12 10 3
0.7575 0.3075 0.550243 -0.217191 0.0753704 0.973215 9 10 4
0.74522 0.3225 0.5475 -0.304092 -0.109587 0.946318 15 13 5
0.7575 0.3225 0.550879 -0.0686812 0.00621191 0.997619 9 13 6
0.7575 0.3375 0.548129 0.0101097 -0.0538134 0.9985 11 13 2
0.7575 0.3525 0.553139 0.0148847 -0.207296 0.978165 65 54 36
0.7575 0.3675 0.555884 -0.141015 -0.0363904 0.989338 87 62 29
0.7575 0.3825 0.55313 -0.155251 0.119593 0.980609 117 80 36
0.7575 0.3975 0.550307 -0.091987 0.29885 0.949856 147 97 40
0.745026 0.4125 0.5325 -0.0922122 0.814823 0.572329 149 92 25
0.7575 0.4028 0.5475 -0.0511267 0.74143 0.669079 152 101 42
0.7575 0.4125 0.534616 -0.117599 0.821641 0.557742 149 92 29
0.7575 0.425917 0.4875 -0.0358294 0.98374 0.175987 146 85 18
0.7575 0.423845 0.5025 -0.0157392 0.981449 0.191077 146 85 18
0.7575 0.419977 0.5175 -0.0935053 0.940302 0.327245 150 89 21
0.7575 0.41355 0.5325 -0.116188 0.922109 0.369074 148 90 26
0.772267 0.2925 0.5625 -0.570683 0.353028 0.741412 20 4 5
0.7725 0.292877 0.5625 -0.565117 0.38416 0.730113 20 4 5
0.7725 0.3075 0.554787 -0.400784 0.267361 0.876293 9 3 2
0.7725 0.2925 0.562633 -0.473374 0.292832 0.830762 20 4 5
0.7725 0.3225 0.54973 -0.21692 0.135042 0.966804 7 7 3
0.7725 0.3375 0.550739 -0.120169 0.0394521 0.991969 26 23 13
0.7725 0.3525 0.550261 -0.00732291 -0.171159 0.985216 65 62 45
0.7725 0.3675 0.554184 0.05902 -0.142057 0.988097 77 63 39
0.7725 0.3825 0.555813 -0.0182906 0.0298647 0.999387 105 74 35
0.7725 0.3975 0.55403 -0.140805 0.338554 0.930352 143 95 46
0.7725 0.406039 0.5475 -0.14556 0.731607 0.666005 159 101 47
0.7725 0.4125 0.537159 -0.140421 0.847893 0.511234 150 89 25
0.769293 0.4275 0.4875 -0.128749 0.964505 0.230552 146 87 16
0.7725 0.423166 0.5025 -0.0595684 0.97622 0.208439 148 88 17
0.7725 0.4275 0.488858 0.012447 0.953419 0.301392 146 88 15
0.7725 0.420198 0.5175 -0.0681423 0.963223 0.259918 148 88 18
0.7725 0.415181 0.5325 -0.0967454 0.922423 0.373867 145 84 17
0.7725 0.427906 0.4875 -0.0339753 0.989762 0.138627 146 88 15
0.780878 0.3075 0.7125 -0.57735 0.57735 0.57735 57 38 8
0.7875 0.314122 0.7125 -0.57735 0.57735 0.57735 62 36 6
0.7875 0.3075 0.719122 -0.57735 0.57735 0.57735 56 27 1
0.7875 0.3225 0.561561 -0.570464 0.389244 0.723229 15 0 0
0.7875 0.3375 0.553488 -0.353344 0.182624 0.917495 18 2 0
0.7875 0.3525 0.551595 -0.236063 0.126524 0.963465 43 34 19
0.7875 0.3675 0.555331 0.0205973 -0.132281 0.990998 66 51 26
0.7875 0.3825 0.554421 -0.00782056 -0.0230037 0.999705 80 56 24
0.7875 0.3975 0.554794 -0.0452811 0.288035 0.956549 121 87 39
0.7875 0.408912 0.5475 -0.109078 0.674436 0.730232 154 110 48
0.7875 0.4125 0.542449 -0.111622 0.859817 0.498253 155 107 40
0.7875 0.427262 0.4875 -0.0234461 0.981483 0.190111 148 89 19
0.781994 0.4275 0.4875 0.0424374 0.988911 0.142315 147 89 18
0.7875 0.425309 0.5025 -0.0422017 0.985844 0.162268 150 91 21
0.7875 0.42221 0.5175 -0.087502 0.96963 0.228387 151 93 20
0.7875 0.417761 0.5325 -0.129996 0.923793 0.360149 152 96 25
0.796333 0.3525 0.5625 -0.754066 0.645256 0.122597 45 24 2
0.8025 0.358953 0.5625 -0.674147 0.644876 0.360084 63 37 13
0.8025 0.3675 0.552382 -0.424737 0.0673216 0.90281 56 37 13
0.79653 0.3525 0.5775 -0.790002 0.569706 0.226565 37 21 4
0.8025 0.360779 0.5775 -0.774525 0.622521 0.112155 35 12 0
0.8025 0.3525 0.584003 -0.650548 0.469139 0.597241 45 19 0
0.8025 0.3825 0.554821 -0.246965 0.0662402 0.966758 67 44 11
0.8025 0.3975 0.556336 -0.108846 0.240556 0.964513 109 77 30
0.8025 0.41091 0.5475 -0.0978197 0.626863 0.772965 161 110 58
0.8025 0.4125 0.544303 -0.1651 0.860138 0.482601 159 107 51
0.788802 0.4275 0.4875 -0.163734 0.940528 0.297653 148 89 19
0.8025 0.424664 0.5025 -0.094474 0.978357 0.184101 150 91 23
0.8025 0.4275 0.494542 -0.0812122 0.96792 0.237772 148 89 21
0.8025 0.422424 0.5175 -0.090769 0.978284 0.186336 149 90 21
0.8025 0.419288 0.5325 -0.127117 0.925184 0.357598 150 91 23
0.8025 0.429751 0.4875 -0.0417087 0.992132 0.118042 147 88 20
0.810158 0.3525 0.6975 -0.997229 0.074282 -0.00396265 105 55 20
0.811276 0.3675 0.6975 -0.982131 0.188109 0.00588398 112 72 41
0.810099 0.3525 0.7125 -0.996511 0.0833006 0.00511225 103 57 22
0.811489 0.3675 0.7125 -0.978722 0.205013 0.00858742 109 73 43
0.806795 0.3675 0.5625 -0.977041 0.0401529 0.209235 86 62 36
0.807412 0.3825 0.5625 -0.909938 0.302433 0.283808 86 62 28
0.807879 0.3675 0.5775 -0.964724 0.195038 0.176826 71 44 22
0.81212 0.3825 0.5775 -0.915857 0.351553 0.193949 102 75 35
0.810336 0.3675 0.5925 -0.962657 0.252217 0.0983754 96 65 32
0.81411 0.3825 0.5925 -0.932041 0.353441 0.079874 94 64 28
0.810487 0.3675 0.6075 -0.956331 0.290194 0.0348983 100 70 33
0.815427 0.3825 0.6075 -0.875884 0.452476 0.167611 89 60 22
0.810661 0.3675 0.6225 -0.840848 0.538638 0.0533246 99 68 39
0.8175 0.374392 0.6225 -0.660951 0.73853 0.133104 129 91 44
0.8175 0.3825 0.609599 -0.6152 0.626255 0.478888 100 67 22
0.810374 0.3675 0.6375 -0.899585 0.415154 -0.135623 97 62 29
0.8175 0.378903 0.6375 -0.716265 0.673348 -0.183213 92 54 16
0.810696 0.3675 0.6525 -0.987439 0.157123 0.0166623 84 58 28
0.813083 0.3825 0.6525 -0.933217 0.356047 -0.04833 68 44 14
0.8175 0.3825 0.643593 -0.702929 0.607389 -0.370094 78 45 10
0.81088 0.3675 0.6675 -0.978348 0.202315 0.043636 97 66 31
0.81434 0.3825 0.6675 -0.939684 0.337568 0.0551464 61 35 0
0.811447 0.3675 0.6825 -0.972086 0.233256 0.0253203 101 67 37
0.815116 0.3825 0.6825 -0.94274 0.332975 0.0192231 64 34 8
0.81537 0.3825 0.6975 -0.94183 0.336087 0.00110161 92 51 21
0.815031 0.3825 0.7125 -0.9479 0.318562 0.00206306 70 37 14
0.811927 0.3675 0.7275 -0.976842 0.213949 -0.00221391 102 71 42
0.815084 0.3825 0.7275 -0.949119 0.314806 -0.0083601 101 63 29
0.8175 0.394504 0.5625 -0.707318 0.659168 0.255341 79 46 13
0.8175 0.3975 0.557384 -0.431591 0.31917 0.843718 77 40 8
0.8175 0.392095 0.5775 -0.743884 0.645486 0.17316 87 55 16
0.8175 0.387103 0.5925 -0.746765 0.648119 0.149279 91 57 25
0.8175 0.384573 0.6075 -0.734479 0.665078 0.13495 92 60 21
0.8175 0.386917 0.6525 -0.650714 0.735671 -0.188044 73 43 14
0.8175 0.38566 0.6675 -0.700392 0.712963 0.0336803 62 36 0
0.8175 0.384884 0.6825 -0.719027 0.694595 0.0231889 66 33 8
0.8175 0.38463 0.6975 -0.716839 0.6972 0.00733078 95 53 21
0.8175 0.384969 0.7125 -0.691531 0.722289 0.00912121 71 36 14
0.8175 0.384916 0.7275 -0.683797 0.729673 -0.00017317 104 62 29
0.808021 0.4125 0.5475 -0.250761 0.635065 0.730624 168 115 62
0.8175 0.4125 0.551058 -0.392927 0.485337 0.781061 163 111 62
0.8175 0.42741 0.5025 0.0615173 0.98562 0.157384 152 92 22
0.8175 0.4275 0.501283 0.0324372 0.997133 0.0683574 152 92 22
0.8175 0.425332 0.5175 -0.0560744 0.98891 0.137523 156 96 24
0.8175 0.42204 0.5325 -0.142209 0.943854 0.298187 156 94 26
0.8175 0.415437 0.5475 -0.214814 0.892352 0.396942 174 118 62
0.8175 0.428411 0.4875 0.0675761 0.995654 0.0640815 150 90 18
0.82721 0.3825 0.6225 -0.834997 0.541854 0.0957872 162 107 45
0.822735 0.3825 0.6375 -0.829668 0.516363 -0.212181 111 67 20
0.821627 0.3975 0.5625 -0.770532 0.586467 0.249674 94 56 16
0.824536 0.3975 0.5775 -0.813046 0.559632 0.160527 113 70 26
0.82743 0.3975 0.5925 -0.831215 0.542521 0.121462 126 81 31
0.82924 0.3975 0.6075 -0.870609 0.455056 0.186986 143 95 40
0.829814 0.3975 0.6225 -0.962746 0.26461 -0.0557007 154 98 37
0.829685 0.3975 0.6375 -0.941843 0.335953 -0.00820037 147 95 28
0.829384 0.3975 0.6525 -0.834023 0.546669 -0.0745574 147 92 36
0.829093 0.3975 0.6675 -0.838585 0.544759 0.0036888 138 96 45
0.829475 0.3975 0.6825 -0.844645 0.534458 0.0304883 141 100 43
0.830074 0.3975 0.6975 -0.794078 0.606963 0.0321767 153 106 48
0.83118 0.3975 0.7125 -0.750746 0.660389 0.0163232 172 115 58
0.831019 0.3975 0.7275 -0.764777 0.644192 -0.0114824 164 104 46
0.829018 0.4125 0.5625 -0.789375 0.461396 0.40497 163 109 50
0.8325 0.410987 0.5775 -0.175375 0.97982 0.095897 171 119 61
0.8325 0.4125 0.571625 0.310833 0.916531 0.251701 173 119 58
0.8325 0.410434 0.5925 -0.425229 0.89706 0.120264 166 120 59
0.8325 0.406857 0.6075 -0.431681 0.891938 0.13453 168 122 57
0.8325 0.406265 0.6225 -0.325396 0.943717 -0.0592935 166 115 54
0.8325 0.408993 0.6375 -0.359969 0.932641 -0.0245584 173 127 56
0.8325 0.408 0.6525 -0.404725 0.91439 -0.00944081 169 122 64
0.8325 0.40775 0.6675 -0.376065 0.926545 -0.00946894 161 116 63
0.8325 0.409976 0.6825 -0.326725 0.938928 0.108002 172 130 66
0.8325 0.405562 0.6975 -0.439688 0.869574 0.224757 165 119 56
0.8325 0.401978 0.7125 0.0227589 0.98617 0.164168 184 125 65
0.8325 0.402055 0.7275 0.0663028 0.997375 -0.0291182 178 116 57
0.8325 0.426994 0.4875 0.602503 0.796532 0.0502629 161 98 19
0.827721 0.4275 0.4875 0.114919 0.993288 0.0131461 157 95 19
0.8325 0.424356 0.5025 0.519643 0.849546 0.0907919 168 104 26
0.8325 0.422927 0.5175 0.458747 0.884246 0.0875261 173 107 30
0.8325 0.423391 0.5325 0.378034 0.912442 0.156653 179 111 40
0.8325 0.417883 0.5475 0.109375 0.951547 0.287395 187 127 60
0.8325 0.415001 0.5625 -0.14428 0.94108 0.305864 178 121 55
0.8475 0.260222 0.7275 0.942173 0.325252 0.080757 237 169 98
0.846884 0.2625 0.7275 0.99357 -0.0428721 0.104788 237 169 98
0.8475 0.2625 0.725952 0.888431 0.196658 0.414747 237 169 98
0.8475 0.267641 0.7275 0.936306 -0.118711 0.330512 238 169 97
0.8475 0.282947 0.6975 0.97348 0.217779 0.0700705 238 166 94
0.845855 0.2925 0.6975 0.993406 -0.0502674 0.103046 237 165 93
0.8475 0.2925 0.693797 0.896299 0.0407427 0.441574 237 165 92
0.8475 0.282338 0.7125 0.966545 0.256184 0.0126654 239 167 95
0.84503 0.2925 0.7125 0.998504 0.043373 0.0332941 238 166 93
0.8475 0.28187 0.7275 0.963577 0.256991 0.073989 240 168 96
0.844705 0.2925 0.7275 0.994228 0.0828948 0.0681083 239 167 95
0.8475 0.304581 0.6975 0.933387 -0.135989 0.332107 236 164 91
0.847022 0.3075 0.7125 0.996894 0.0144504 0.0774117 237 163 90
0.8475 0.3075 0.704199 0.994254 -0.0894146 0.0588566 236 164 90
0.845456 0.3075 0.7275 0.994311 0.0615005 0.0869662 237 165 93
0.8475 0.310789 0.6975 0.988776 0.116139 0.0939868 236 164 90
0.846155 0.3225 0.6975 0.993102 -0.00711936 0.117041 235 163 89
0.8475 0.3225 0.688757 0.986392 0.0190017 0.163308 235 163 89
0.844169 0.3225 0.7125 0.993832 0.0275043 0.107432 236 163 89
0.842885 0.3225 0.7275 0.995326 0.0023476 0.0965471 238 164 91
0.8475 0.330038 0.6975 0.97324 -0.184202 0.137379 236 164 88
0.84727 0.3375 0.7125 0.988952 -0.0653007 0.133081 237 163 88
0.8475 0.3375 0.710143 0.99221 -0.0602118 0.109059 237 163 88
0.845317 0.3375 0.7275 0.994435 -0.023915 0.102599 239 165 90
0.844982 0.3525 0.7125 0.99052 -0.035481 0.132704 234 162 86
0.8475 0.3525 0.701754 0.98283 0.00444156 0.184461 232 160 86
0.843768 0.3525 0.7275 0.994408 -0.0231378 0.103045 235 163 87
0.8475 0.361492 0.7125 0.945773 -0.273783 0.174806 236 164 88
0.847322 0.3675 0.7275 0.983826 -0.00263178 0.17911 239 167 91
0.8475 0.3675 0.726425 0.988033 -0.0846996 0.128904 239 167 91
0.842192 0.3825 0.7275 0.968695 0.182117 0.168709 222 151 76
0.8475 0.3825 0.712901 0.948382 0.207253 0.240037 236 167 90
0.8475 0.390173 0.5025 0.969083 0.246335 -0.0140577 212 140 61
0.844962 0.3975 0.5025 0.980574 0.190868 0.0452117 213 142 62
0.8475 0.3975 0.494894 0.938639 0.24534 0.242416 214 143 62
0.8475 0.395355 0.5175 0.97397 0.216862 -0.065976 209 140 63
0.846646 0.3975 0.5175 0.978842 0.204029 0.0155217 210 141 64
0.8475 0.3975 0.526007 0.877339 0.470358 -0.0950757 214 145 69
0.8475 0.384463 0.7125 0.899686 0.203545 0.386179 236 168 90
0.844234 0.3975 0.7125 0.78011 0.557894 0.283165 227 162 87
0.8475 0.3975 0.707341 0.928076 0.246884 0.278789 241 172 92
0.841709 0.3975 0.7275 0.867546 0.492279 0.0708893 217 150 79
0.8475 0.404615 0.4875 0.92525 0.35546 0.132515 213 142 60
0.843638 0.4125 0.4875 0.878161 0.478207 -0.0123101 201 131 50
0.844318 0.4125 0.5025 0.909305 0.41578 -0.0170478 210 140 55
0.844663 0.4125 0.5175 0.835975 0.534717 0.12338 209 139 56
0.8475 0.398995 0.5325 0.844114 0.530104 -0.0803844 217 149 73
0.839522 0.4125 0.5325 0.855767 0.507477 0.100647 211 143 68
0.8475 0.403917 0.5475 0.784289 0.61343 -0.0927043 217 150 79
0.838304 0.4125 0.5475 0.757784 0.651647 0.0334421 204 140 70
0.8475 0.406232 0.5625 0.689142 0.724625 0.00138313 218 153 80
0.837 0.4125 0.5625 0.58175 0.810844 0.0640287 189 130 61
0.8475 0.406943 0.5775 0.662112 0.749405 -0.000758567 223 154 77
0.8475 0.406205 0.5925 0.56357 0.825724 0.023851 228 153 80
0.8475 0.405873 0.6075 0.457156 0.88369 0.100505 230 157 81
0.8475 0.403973 0.6225 0.415067 0.909645 0.0163179 235 163 85
0.8475 0.405182 0.6375 0.480431 0.87574 -0.0475982 235 163 91
0.8475 0.40445 0.6525 0.502905 0.864334 -0.00351605 232 161 88
0.8475 0.406279 0.6675 0.485051 0.87425 0.0203102 236 162 90
0.8475 0.404212 0.6825 0.500482 0.862764 0.0718033 238 159 88
0.8475 0.400838 0.6975 0.383165 0.892513 0.237918 243 171 89
0.850638 0.2625 0.4875 0.99908 -0.000737181 -0.0428693 208 144 77
0.850979 0.2625 0.5025 0.999934 0.00731933 -0.00889872 210 146 78
0.852101 0.2625 0.5175 0.999038 -0.0422532 -0.0116975 212 149 81
0.84959 0.2625 0.5325 0.998677 -0.0324266 -0.0399209 214 150 85
0.852487 0.2625 0.5475 0.99697 0.0141087 -0.0764946 220 153 84
0.853062 0.2625 0.5625 0.99689 0.022401 -0.0755517 221 153 86
0.854864 0.2625 0.5775 0.992325 -0.0115463 -0.123116 223 156 88
0.856897 0.2625 0.5925 0.997103 0.0305854 -0.06964 227 158 89
0.85744 0.2625 0.6075 0.98972 -0.0377285 -0.137951 226 160 93
0.861235 0.2625 0.6225 0.998932 0.0158185 -0.043402 229 162 92
0.857466 0.2625 0.6375 0.995234 0.0641953 0.0733986 230 164 94
0.857466 0.2625 0.6525 0.999208 0.029454 0.0267475 232 163 93
0.856465 0.2625 0.6675 0.975152 0.166717 0.145889 235 164 94
0.854525 0.2625 0.6825 0.971637 0.199121 0.127565 237 165 96
0.854137 0.2625 0.6975 0.988001 0.14652 0.0488496 237 166 95
0.853771 0.2625 0.7125 0.976854 0.15938 0.142669 238 168 96
0.848685 0.2775 0.4875 0.999679 -0.0143358 0.0208784 210 144 76
0.850194 0.2775 0.5025 0.999486 0.0126795 -0.0294366 211 145 76
0.850984 0.2775 0.5175 0.998805 0.00288753 -0.0487914 213 147 79
0.852805 0.2775 0.5325 0.999304 -0.0231501 -0.029243 214 150 84
0.850428 0.2775 0.5475 0.998932 -0.0160477 -0.043327 218 153 84
0.853582 0.2775 0.5625 0.992089 -0.0661435 -0.106699 219 153 86
0.853508 0.2775 0.5775 0.998382 0.00474647 -0.0566705 221 155 87
0.855443 0.2775 0.5925 0.993 -0.0207666 -0.116272 225 157 88
0.857031 0.2775 0.6075 0.993945 0.043447 -0.100925 225 158 90
0.859126 0.2775 0.6225 0.995605 0.0874808 -0.0334367 229 162 93
0.859707 0.2775 0.6375 0.999405 -0.0194301 -0.0285085 230 162 91
0.859718 0.2775 0.6525 0.986709 0.042505 0.156842 231 163 90
0.85331 0.2775 0.6675 0.972601 0.0613472 0.224242 233 164 92
0.851054 0.2775 0.6825 0.988558 0.056705 0.13978 236 165 93
0.848731 0.2775 0.6975 0.966903 0.215026 0.137339 238 166 94
0.848984 0.2775 0.7125 0.956433 0.29195 0.00125455 239 167 95
0.848724 0.2775 0.7275 0.97868 0.147415 0.143016 240 168 96
0.852253 0.2925 0.4875 0.998527 -0.0483252 0.0246828 208 142 72
0.849183 0.2925 0.5025 0.999572 -0.0272013 0.0107659 210 144 74
0.850869 0.2925 0.5175 0.998766 0.0305147 -0.0391841 213 146 76
0.85172 0.2925 0.5325 0.997811 0.016212 -0.0641163 214 149 80
0.853492 0.2925 0.5475 0.991695 -0.0536499 -0.116889 216 151 86
0.855209 0.2925 0.5625 0.998978 -0.00673216 -0.0447017 219 153 84
0.854564 0.2925 0.5775 0.993911 -0.0610636 -0.0917194 220 154 86
0.857514 0.2925 0.5925 0.997349 -0.0442543 -0.0577582 222 156 90
0.855491 0.2925 0.6075 0.999888 0.0104672 -0.0107263 224 156 88
0.85693 0.2925 0.6225 0.994916 -0.0297334 -0.0962216 226 160 90
0.858314 0.2925 0.6375 0.997607 0.0647428 0.0242531 230 163 91
0.857802 0.2925 0.6525 0.988835 0.0850892 0.122329 232 163 89
0.856321 0.2925 0.6675 0.990034 -0.0186686 0.139583 233 163 90
0.853142 0.2925 0.6825 0.96482 0.0232115 0.261886 235 164 92
0.851064 0.3075 0.4875 0.999981 0.00484899 0.00392308 209 140 71
0.852071 0.3075 0.5025 0.999088 -0.0201276 0.0376572 210 142 73
0.848708 0.3075 0.5175 0.99986 -0.0128154 -0.0107157 213 145 74
0.851622 0.3075 0.5325 0.991904 -0.0615379 -0.11108 214 147 76
0.852098 0.3075 0.5475 0.998046 0.0145839 -0.0607542 216 151 82
0.854055 0.3075 0.5625 0.994032 -0.0208753 -0.107077 219 152 84
0.855814 0.3075 0.5775 0.995031 -0.00949983 -0.099111 222 155 84
0.857584 0.3075 0.5925 0.998979 0.0266501 -0.0364675 223 156 88
0.857623 0.3075 0.6075 0.994545 -0.0584731 -0.0863763 226 160 91
0.860102 0.3075 0.6225 0.999852 -0.0172044 -0.00037252 232 162 92
0.856158 0.3075 0.6375 0.994794 0.0103192 0.101381 230 162 90
0.855418 0.3075 0.6525 0.995555 0.0147931 0.093012 233 164 90
0.854307 0.3075 0.6675 0.98668 0.05652 0.152537 233 164 90
0.851124 0.3075 0.6825 0.964526 0.117199 0.236547 235 163 89
0.847934 0.3075 0.6975 0.971099 0.114649 0.209336 236 164 90
0.851379 0.3225 0.4875 0.99936 0.0357736 -0.0001487 211 140 70
0.851012 0.3225 0.5025 0.999508 0.0305417 0.0071418 211 141 70
0.852024 0.3225 0.5175 0.993764 -0.0599684 -0.0940022 210 143 73
0.85355 0.3225 0.5325 0.99942 -0.00896375 -0.0328537 213 146 76
0.852447 0.3225 0.5475 0.996047 -0.042735 -0.0778775 215 148 80
0.855354 0.3225 0.5625 0.996136 -0.0358566 -0.0801719 220 151 82
0.854309 0.3225 0.5775 0.999259 0.0108549 -0.0369356 221 154 84
0.856001 0.3225 0.5925 0.99719 0.0552728 -0.0505729 225 157 89
0.857343 0.3225 0.6075 0.991787 0.0675287 -0.108624 225 158 90
0.858922 0.3225 0.6225 0.998339 0.0559756 -0.0136046 231 161 91
0.859629 0.3225 0.6375 0.998401 -0.00984468 0.0556685 232 161 88
0.856405 0.3225 0.6525 0.990336 0.00131789 0.138682 232 164 89
0.854258 0.3225 0.6675 0.976207 0.00346675 0.216814 235 164 88
0.848609 0.3225 0.6825 0.966032 -0.0635925 0.250477 235 163 89
0.848865 0.3375 0.4875 0.999273 0.00874675 0.0370967 211 140 68
0.850295 0.3375 0.5025 0.995999 -0.0603594 -0.0658969 211 140 69
0.850818 0.3375 0.5175 0.998917 0.0361109 -0.0293499 210 140 69
0.852454 0.3375 0.5325 0.995864 0.0609865 -0.0673438 210 143 73
0.853927 0.3375 0.5475 0.992562 0.024775 -0.119196 216 148 77
0.855687 0.3375 0.5625 0.997938 0.0371138 -0.0523726 219 150 80
0.855951 0.3375 0.5775 0.999903 0.00555523 -0.0127812 222 153 84
0.854409 0.3375 0.5925 0.999385 -0.0135752 -0.0323184 226 158 87
0.855945 0.3375 0.6075 0.9973 -0.0195316 -0.0707866 225 157 85
0.856543 0.3375 0.6225 0.998705 -9.31695e-07 -0.0508693 231 161 90
0.857298 0.3375 0.6375 0.993934 0.0739071 0.0814485 232 162 87
0.856548 0.3375 0.6525 0.995422 0.0604349 0.0740425 231 162 88
0.855333 0.3375 0.6675 0.988779 -0.00742437 0.149199 233 163 87
0.852977 0.3375 0.6825 0.978943 -0.0364892 0.200846 233 162 89
0.848948 0.3375 0.6975 0.980045 -0.0465677 0.193244 236 164 88
0.851826 0.3525 0.4875 0.997534 -0.0512777 -0.0479227 208 134 62
0.852862 0.3525 0.5025 0.999428 0.0129718 0.0312427 206 135 63
0.849662 0.3525 0.5175 0.999753 0.00972541 0.019971 209 139 65
0.850633 0.3525 0.5325 0.997184 0.0653842 -0.0367333 209 141 70
0.852068 0.3525 0.5475 0.989334 0.0909933 -0.113747 214 146 74
0.853789 0.3525 0.5625 0.991326 0.0990619 -0.0863738 218 149 75
0.855804 0.3525 0.5775 0.995329 0.0553085 -0.0791274 220 152 82
0.857384 0.3525 0.5925 0.996628 0.00181729 -0.0820354 223 154 82
0.857926 0.3525 0.6075 0.998149 -0.00325066 -0.0607369 225 157 84
0.859096 0.3525 0.6225 0.998439 0.031155 0.0463504 231 159 86
0.854935 0.3525 0.6375 0.992097 0.0502015 0.114997 229 160 85
0.854317 0.3525 0.6525 0.998779 -0.00734333 0.0488618 230 161 86
0.853527 0.3525 0.6675 0.993274 -0.00499252 0.115676 231 161 87
0.85091 0.3525 0.6825 0.984706 -0.0351657 0.17064 234 160 90
0.848508 0.3525 0.6975 0.976922 -0.132947 0.167179 232 160 86
0.85014 0.3675 0.4875 0.993957 0.106609 -0.0261689 208 134 60
0.851131 0.3675 0.5025 0.997207 0.0735011 -0.013258 206 133 59
0.852156 0.3675 0.5175 0.999321 0.0303192 0.0209395 208 139 66
0.849186 0.3675 0.5325 0.999659 0.0243021 -0.00957494 208 139 66
0.851461 0.3675 0.5475 0.996227 0.00196639 -0.0867589 210 143 72
0.851568 0.3675 0.5625 0.996984 0.0252709 -0.0733802 213 144 68
0.853073 0.3675 0.5775 0.993737 0.0862361 -0.0710697 219 149 75
0.854702 0.3675 0.5925 0.984853 0.161239 -0.0637683 223 154 83
0.856156 0.3675 0.6075 0.980581 0.180029 -0.0777889 227 158 84
0.857206 0.3675 0.6225 0.988076 0.152941 0.0177409 231 161 88
0.857082 0.3675 0.6375 0.997943 0.0617878 0.0170606 231 162 88
0.856708 0.3675 0.6525 0.997569 0.0520798 0.0463028 232 162 87
0.855397 0.3675 0.6675 0.99392 0.0402488 0.102487 232 160 85
0.853869 0.3675 0.6825 0.991445 -0.00180665 0.130515 237 162 91
0.850994 0.3675 0.6975 0.989169 0.00860597 0.146529 236 166 92
0.84932 0.3675 0.7125 0.991418 -0.0136956 0.130014 238 166 90
0.848669 0.3825 0.4875 0.996577 0.0665631 -0.0490204 207 135 58
0.849034 0.3825 0.5025 0.992515 0.121642 -0.0108322 211 138 61
0.850069 0.3825 0.5175 0.991433 0.129225 -0.0190293 210 140 65
0.850886 0.3825 0.5325 0.995823 0.0248443 -0.0878626 212 144 71
0.85224 0.3825 0.5475 0.995251 0.0590708 -0.0773674 215 149 77
0.853624 0.3825 0.5625 0.99708 0.0714552 -0.0269354 215 147 72
0.852212 0.3825 0.5775 0.992235 0.121785 0.0252632 223 152 75
0.851333 0.3825 0.5925 0.99036 0.13718 -0.0192125 223 152 79
0.852294 0.3825 0.6075 0.987051 0.151457 -0.0528344 226 155 82
0.852988 0.3825 0.6225 0.983496 0.180398 -0.0138264 232 160 87
0.853062 0.3825 0.6375 0.98626 0.165081 -0.00631835 230 159 86
0.853043 0.3825 0.6525 0.987456 0.15269 0.0402019 233 163 88
0.852058 0.3825 0.6675 0.990544 0.1252 0.0561108 236 162 88
0.851419 0.3825 0.6825 0.98799 0.110681 0.107825 237 161 91
0.849407 0.3825 0.6975 0.99051 0.0792006 0.112329 238 165 93
0.847579 0.3825 0.7125 0.98937 0.0668785 0.12913 236 167 90
0.849208 0.3975 0.4875 0.996836 0.0774168 0.0180374 214 143 62
0.84786 0.3975 0.5325 0.977654 0.19749 -0.0720475 217 149 74
0.849274 0.3975 0.5475 0.972916 0.216604 -0.0807245 214 149 78
0.850256 0.3975 0.5625 0.97595 0.217009 -0.0207261 219 152 77
0.850918 0.3975 0.5775 0.985554 0.169202 -0.00731014 223 151 76
0.851046 0.3975 0.5925 0.986341 0.16302 -0.023568 233 159 83
0.851503 0.3975 0.6075 0.978621 0.205105 -0.0152848 230 158 82
0.851357 0.3975 0.6225 0.972598 0.232349 -0.00822898 235 163 86
0.852198 0.3975 0.6375 0.971842 0.235149 -0.0151169 236 165 91
0.851852 0.3975 0.6525 0.970783 0.237824 0.0319367 237 166 91
0.851531 0.3975 0.6675 0.976491 0.210742 0.0453156 239 164 92
0.849885 0.3975 0.6825 0.979808 0.178473 0.090126 244 166 94
0.849033 0.3975 0.6975 0.987881 0.118564 0.100173 244 171 91
0.753267 0.4275 1.4775 -0.285503 0.958077 -0.0240243 99 55 1
0.7425 0.424595 1.4775 -0.260464 0.965483 0 98 54 3
0.7425 0.4275 1.46629 -0.280203 0.921534 0.268814 98 53 3
0.7425 0.4275 1.4905 -0.268719 0.937159 -0.222539 97 54 3
0.747137 0.4275 1.5375 -0.202127 0.968912 -0.14267 96 52 2
0.7425 0.426705 1.5375 -0.168951 0.985624 0 94 50 1
0.7425 0.4275 1.53459 -0.187397 0.942441 0.276926 95 51 2
0.7425 0.4275 1.54193 -0.208461 0.953398 -0.218122 94 51 1
0.748735 0.4275 1.5975 -0.172101 0.985078 0.00151813 97 54 4
0.7425 0.42643 1.5975 -0.169114 0.985586 0.00457059 97 53 4
0.7425 0.4275 1.59256 -0.197562 0.951584 0.235492 97 53 3
0.743168 0.4275 1.6125 -0.137005 0.9857 -0.0981123 99 53 3
0.7425 0.427408 1.6125 -0.165589 0.984171 -0.0631429 99 53 3
0.7425 0.4275 1.61312 -0.134821 0.98027 -0.144547 99 53 3
0.7575 0.428788 1.4625 -0.00555858 0.999783 0.0200801 97 54 1
0.7425 0.428742 1.4625 -0.0408112 0.993113 0.109826 99 53 3
0.7575 0.428961 1.4775 -0.104906 0.994436 -0.00959636 100 55 0
0.7575 0.429133 1.4925 -0.098294 0.995157 -0.000620478 98 55 0
0.7425 0.428157 1.4925 -0.0389691 0.994031 -0.101903 97 54 3
0.7575 0.429306 1.5075 -0.00671565 0.999086 -0.0422042 99 56 1
0.7425 0.431301 1.5075 0.121235 0.990408 -0.0662922 97 56 4
0.7575 0.429478 1.5225 0.0176822 0.999805 -0.00877628 98 55 2
0.7425 0.430997 1.5225 0.0148033 0.996196 0.085869 98 55 4
0.7575 0.429651 1.5375 -0.0785868 0.996907 0.000225739 99 56 3
0.7575 0.429823 1.5525 -0.0794362 0.996714 -0.0158511 99 56 3
0.7425 0.430137 1.5525 0.000352288 0.995094 -0.0989367 96 53 2
0.7575 0.429996 1.5675 -0.0219253 0.999305 -0.030144 98 55 0
0.7425 0.432319 1.5675 0.0980662 0.99518 0.000199835 96 54 5
0.7575 0.430168 1.5825 -0.0582972 0.997637 0.0363706 99 56 3
0.7425 0.429955 1.5825 -0.062788 0.98864 0.136562 97 54 2
0.7575 0.429454 1.5975 -0.168487 0.984241 0.0536744 98 55 4
0.7575 0.429493 1.6125 -0.15521 0.987271 -0.0347272 99 53 3
0.7575 0.429666 1.6275 -0.124588 0.992142 -0.0114884 95 54 0
0.7425 0.429619 1.6275 -0.0265446 0.998093 -0.0557347 95 53 4
0.7575 0.429837 1.6425 -0.090968 0.995686 -0.0182719 95 54 2
0.7425 0.430416 1.6425 0.00434825 0.999952 0.0088048 93 53 5
0.7575 0.430011 1.6575 -0.108205 0.993743 -0.0276721 103 53 0
0.7425 0.42905 1.6575 -0.0192308 0.99668 -0.0791191 99 53 4
0.7575 0.431473 1.6725 -0.0373858 0.99315 -0.110701 110 46 8
0.7425 0.432526 1.6725 0.110777 0.973159 -0.201718 90 49 3
0.7575 0.433417 1.6875 0.0766326 0.992832 -0.0917207 152 53 39
0.7425 0.436433 1.6875 0.154769 0.986709 -0.0495115 111 32 3
0.7425 0.461579 1.5675 0 0 0 106 71 25
0.7425 0.461942 1.6575 0 0 0 107 68 24
0.7725 0.429857 1.4625 -0.0709097 0.997416 -0.0115356 100 58 0
0.7725 0.430026 1.4775 -0.0596532 0.997637 -0.0340754 103 58 1
0.7725 0.431224 1.4925 -0.0685966 0.997513 -0.0161829 102 57 2
0.7725 0.430581 1.5075 -0.0822222 0.996551 0.011196 103 57 3
0.7725 0.430548 1.5225 -0.0706335 0.997429 -0.0121095 102 57 2
0.7725 0.430952 1.5375 -0.0709174 0.996451 -0.0453399 102 57 2
0.7725 0.431915 1.5525 -0.0922643 0.995073 -0.0362777 102 57 0
0.7725 0.432417 1.5675 -0.109275 0.993881 -0.0160789 102 57 1
0.7725 0.43226 1.5825 -0.117535 0.993069 0.000614339 103 58 1
0.7725 0.432427 1.5975 -0.123975 0.992284 -0.00157263 104 59 4
0.7725 0.432605 1.6125 -0.129518 0.991573 -0.00297168 102 57 2
0.7725 0.432772 1.6275 -0.117361 0.993022 -0.0115564 102 57 5
0.7725 0.432951 1.6425 -0.117761 0.992975 -0.0115403 99 58 6
0.7725 0.433116 1.6575 -0.125417 0.991558 -0.0329148 101 57 3
0.7725 0.433718 1.6725 -0.120653 0.992492 -0.0200816 117 37 5
0.7725 0.433461 1.6875 -0.0612782 0.997884 -0.0217177 162 59 50
0.7875 0.430919 1.4625 -0.0213968 0.999704 -0.0115639 109 65 4
0.7875 0.431097 1.4775 -0.28765 0.956009 -0.0574911 110 65 6
0.7875 0.431264 1.4925 -0.00855475 0.999646 -0.0251789 109 64 5
0.7875 0.431442 1.5075 -0.362973 0.910728 -0.197039 109 64 7
0.7875 0.43161 1.5225 -0.405349 0.909096 0.0961055 109 64 7
0.7875 0.431788 1.5375 -0.146932 0.988889 -0.0225669 108 63 6
0.7875 0.432977 1.5525 -0.0787528 0.996664 -0.0214045 110 65 8
0.7875 0.433154 1.5675 -0.0185445 0.999689 -0.0166606 111 66 9
0.7875 0.433747 1.5825 -0.021574 0.999742 -0.00711093 109 64 7
0.7875 0.4335 1.5975 -0.33326 0.92311 -0.191847 108 63 6
0.7875 0.433666 1.6125 -0.405038 0.913851 0.0286505 109 64 9
0.7875 0.433207 1.6275 -0.332338 0.939061 0.0878389 108 62 10
0.7875 0.433391 1.6425 -0.102879 0.99447 0.0210892 109 66 8
0.7875 0.433576 1.6575 -0.0302384 0.998668 -0.0418165 108 67 9
0.7875 0.434857 1.6725 -0.0433623 0.998429 -0.0354744 124 37 5
0.7875 0.434527 1.6875 -0.0664425 0.997741 0.00992819 142 49 35
0.8025 0.430124 1.4625 0.0206024 0.949007 -0.314582 111 67 6
0.797109 0.4425 1.4775 -0.731279 0.594065 0.335138 115 70 14
0.8025 0.4425 1.47213 -0.320349 0.618083 -0.717878 115 71 14
0.8025 0.431009 1.4925 -0.0957712 0.995375 -0.00755752 110 65 7
0.8025 0.4425 1.4854 0.243635 0.651565 0.718404 115 70 16
0.795171 0.4425 1.5075 -0.698386 0.712989 -0.0624788 121 78 23
0.8025 0.4425 1.49779 -0.283043 0.612647 -0.737937 119 76 22
0.798663 0.4425 1.5225 -0.664139 0.688179 0.29211 121 79 25
0.8025 0.436092 1.5375 -0.087323 0.977748 0.190742 116 71 18
0.8025 0.4425 1.53157 0.36951 0.783212 0.50004 123 80 28
0.8025 0.435008 1.5525 -0.0442648 0.997802 0.0493215 113 69 16
0.8025 0.433244 1.5675 -0.00779506 0.997932 0.0638109 111 67 13
0.8025 0.432701 1.5825 0.136602 0.95529 -0.262225 109 64 9
0.792921 0.4425 1.5975 -0.679996 0.726396 -0.0997723 117 74 19
0.8025 0.4425 1.58794 -0.233894 0.617805 -0.75074 117 74 21
0.795977 0.4425 1.6125 -0.604388 0.788699 0.112555 120 77 24
0.799912 0.4425 1.6275 -0.569622 0.780482 0.257641 122 81 28
0.8025 0.437059 1.6425 0.0447571 0.973757 0.223145 116 72 18
0.8025 0.4425 1.63298 0.42108 0.832209 0.360722 122 81 29
0.8025 0.434234 1.6575 0.180588 0.983053 0.0315359 109 65 10
0.8025 0.434906 1.6725 0.180305 0.982206 -0.0525407 119 58 12
0.8025 0.4356 1.6875 0.273653 0.961828 -0.000983255 125 29 12
0.8025 0.446498 1.4775 0 1 0 116 72 16
0.8025 0.447195 1.5075 0.0649964 0.996516 -0.0522687 126 84 30
0.8025 0.444556 1.5225 -0.214167 0.961493 0.172229 123 82 29
0.8025 0.448721 1.5975 0.0921133 0.991585 -0.0909674 123 82 31
0.8025 0.445777 1.6125 -0.146662 0.976746 0.156391 125 84 32
0.8025 0.443469 1.6275 -0.24875 0.958483 0.139407 124 83 31
0.8175 0.427457 1.6425 0.368951 0.928112 0.0498365 115 70 16
0.817368 0.4275 1.6425 0.529971 0.819594 0.217708 115 70 16
0.8175 0.4275 1.64198 0.345373 0.929666 0.128214 115 70 16
0.8175 0.426638 1.6575 -0.00518604 0.999986 -0.000700509 115 70 15
0.815608 0.4275 1.6575 0.482933 0.873918 0.0551709 114 69 14
0.8175 0.4275 1.67091 0.359165 0.930828 -0.0675321 119 65 17
0.8175 0.426856 1.6875 0.0249745 0.999682 0.00357441 135 55 26
0.816208 0.4275 1.6875 0.504488 0.863364 0.00976819 134 52 24
0.8175 0.4275 1.67445 -0.357878 0.931853 0.0597752 122 63 18
0.8175 0.429994 1.4625 0.0246099 0.985355 -0.168728 110 64 4
0.8175 0.434875 1.4775 0.159714 0.986516 -0.0357408 116 68 10
0.809502 0.4425 1.4775 0.601644 0.702714 -0.379761 117 71 15
0.8175 0.433834 1.4925 -0.186634 0.981927 -0.0314156 115 68 10
0.8175 0.434686 1.5075 0.0925582 0.991633 -0.0899795 114 68 10
0.811435 0.4425 1.5075 0.674164 0.656725 -0.337958 122 78 23
0.8175 0.433613 1.5225 0.0952791 0.984098 0.149908 115 68 12
0.807233 0.4425 1.5225 0.600995 0.780879 0.17039 122 80 26
0.8175 0.433313 1.5375 -0.123085 0.992034 0.0268083 115 68 13
0.8175 0.432943 1.5525 -0.0769587 0.996782 0.0224325 115 69 15
0.8175 0.433 1.5675 -0.125336 0.990719 0.0526016 115 69 17
0.8175 0.431681 1.5825 -0.145716 0.986384 0.0762493 114 68 16
0.8175 0.430427 1.5975 0.263483 0.963925 -0.0377607 115 69 17
0.811273 0.4425 1.5975 0.765656 0.566132 -0.305393 122 78 27
0.8175 0.429358 1.6125 0.2921 0.953345 0.0762291 115 69 17
0.807735 0.4425 1.6125 0.743178 0.654047 0.141097 124 82 30
0.8175 0.428962 1.6275 0.147669 0.987453 0.055959 114 68 15
0.804383 0.4425 1.6275 0.702134 0.703971 0.106923 124 82 30
0.8175 0.427644 1.6725 0.061677 0.99778 -0.0251094 120 64 17
0.817634 0.4275 1.6425 -0.384855 0.921792 0.0467487 116 70 17
0.819952 0.4275 1.6575 -0.394738 0.918773 -0.00616564 115 70 16
0.819311 0.4275 1.6875 -0.42062 0.907186 -0.00964285 134 55 24
0.8325 0.429126 1.4625 0.0847847 0.976148 -0.199867 114 65 6
0.8325 0.435431 1.4775 0.0197173 0.967991 -0.250209 117 67 11
0.8325 0.43606 1.4925 -0.0990632 0.992224 -0.075357 115 67 12
0.8325 0.438839 1.5075 -0.145821 0.983157 -0.110178 115 67 11
0.8325 0.439307 1.5225 -0.262964 0.964461 0.0257796 115 68 15
0.8325 0.438373 1.5375 -0.288316 0.957164 0.0266658 114 69 16
0.8325 0.437686 1.5525 -0.302435 0.952297 0.0407754 114 68 14
0.8325 0.437371 1.5675 -0.255614 0.966651 0.0157061 113 69 14
0.8325 0.436879 1.5825 -0.277653 0.958347 0.0669304 114 68 17
0.8325 0.435611 1.5975 -0.290264 0.95528 0.0564589 114 66 16
0.8325 0.434824 1.6125 -0.302682 0.951084 0.0618229 116 69 20
0.8325 0.434061 1.6275 -0.273349 0.960882 0.0445735 114 68 16
0.8325 0.433562 1.6425 -0.248863 0.965973 0.0704502 115 70 18
0.8325 0.433064 1.6575 -0.236735 0.971551 -0.00674215 116 69 18
0.8325 0.433335 1.6725 -0.168644 0.985665 -0.00495164 118 69 18
0.8325 0.433757 1.6875 -0.187597 0.982113 -0.0161707 124 61 18
0.8475 0.427171 1.4625 0.909217 0.407562 -0.0849571 109 64 5
0.843915 0.4275 1.4625 0.193793 0.980604 -0.0293267 110 64 5
0.8475 0.4275 1.46348 0.395502 0.844879 -0.36022 110 65 6
0.8475 0.433443 1.4775 0.462116 0.831992 -0.306982 120 73 17
0.8475 0.437958 1.4925 0.493929 0.860315 -0.126065 114 67 14
0.8475 0.43902 1.5075 0.531166 0.839287 -0.116016 111 67 12
0.8475 0.441761 1.5225 0.306139 0.950157 -0.0589939 112 65 13
0.846469 0.4425 1.5375 -0.307766 0.95145 -0.0048666 114 67 15
0.8475 0.4425 1.53353 -0.263394 0.962407 -0.0663093 113 66 14
0.845178 0.4425 1.5525 -0.349286 0.934349 0.0706485 117 69 18
0.8475 0.440614 1.5675 0.408312 0.910831 0.0605706 116 68 19
0.8475 0.4425 1.5573 0.918838 0.38835 0.0701523 117 69 19
0.8475 0.440708 1.5825 0.454015 0.890458 0.0309044 114 69 18
0.8475 0.439261 1.5975 0.408844 0.911113 0.0521552 114 68 15
0.8475 0.439305 1.6125 0.358983 0.932809 0.0315905 117 71 18
0.8475 0.437625 1.6275 0.294086 0.952117 0.0835915 114 70 20
0.8475 0.436372 1.6425 0.256588 0.960006 0.112029 115 70 20
0.8475 0.433322 1.6575 0.282585 0.957773 0.0530658 114 70 19
0.8475 0.434295 1.6725 0.318928 0.947775 -0.00276395 119 72 21
0.8475 0.433286 1.6875 0.311309 0.950197 -0.0146077 118 69 21
0.8475 0.442666 1.5375 0.420161 0.90679 -0.0345905 114 67 15
0.8475 0.443245 1.5525 -0.0379892 0.999273 0.00312753 117 69 19
0.8625 0.3675 1.4585 0.51876 -0.283467 -0.806557 189 147 107
0.860628 0.3675 1.4775 0.983098 0.182089 0.0190173 184 144 104
0.857312 0.3825 1.4775 0.995425 -0.0933912 0.0201798 165 124 79
0.8625 0.3675 1.47039 0.648253 0.189717 0.737411 186 146 107
0.8625 0.3825 1.4696 0.803302 0.03875 0.59431 168 127 83
0.8625 0.380431 1.4925 0.974731 0.222261 0.0223309 184 142 104
0.861811 0.3825 1.4925 0.996884 0.0759658 -0.021234 182 140 102
0.8625 0.3675 1.48309 0.939704 0.184473 -0.287967 185 145 106
0.861941 0.3675 1.5075 0.947231 0.230194 0.223077 182 143 104
0.8585 0.3825 1.5075 0.989002 -0.117128 0.0903052 165 124 82
0.8625 0.3675 1.50531 0.967795 0.143215 0.20703 183 144 105
0.8625 0.3975 1.45429 0.8068 0.52444 -0.272097 172 130 87
0.8625 0.391147 1.4775 0.867746 -0.477347 0.13841 163 122 81
0.8625 0.384192 1.4925 0.939067 -0.340033 -0.0503007 180 138 99
0.8625 0.391753 1.5075 0.940119 -0.340664 0.011181 163 122 79
0.8625 0.3825 1.51944 0.911268 -0.282239 -0.299885 181 142 101
0.859631 0.3825 1.5375 0.924483 -0.381188 0.00517935 164 125 85
0.8625 0.389457 1.5375 0.934771 -0.351454 0.0518041 163 123 83
0.8625 0.3825 1.52659 0.96411 -0.0945742 0.248087 179 140 101
0.861811 0.3825 1.5525 0.916728 -0.374347 0.13955 173 134 95
0.8625 0.38417 1.5525 0.952691 -0.303366 -0.0186735 172 133 94
0.858837 0.3825 1.5675 0.930012 -0.367505 -0.00410166 169 126 85
0.8625 0.391502 1.5675 0.940373 -0.33637 0.0505362 160 114 72
0.86123 0.3825 1.5825 0.941968 -0.326712 0.0771718 172 129 86
0.8625 0.386249 1.5825 0.95086 -0.308006 -0.0315796 170 127 83
0.858974 0.3825 1.5975 0.941945 -0.332409 -0.0473738 164 123 83
0.8625 0.39249 1.5975 0.949388 -0.314074 0.00449438 155 115 72
0.8625 0.3825 1.60775 0.896818 -0.312555 -0.313092 171 133 94
0.8625 0.399924 1.4625 0.798365 0.560016 -0.22135 151 109 66
0.852253 0.4125 1.4625 0.876033 0.461461 -0.140074 128 82 30
0.8625 0.406927 1.4775 0.841099 0.537966 0.0560817 156 116 75
0.857878 0.4125 1.4775 0.82422 0.560017 -0.0839167 149 107 62
0.8625 0.401435 1.4925 0.745098 0.64555 -0.167616 155 113 69
0.852752 0.4125 1.4925 0.864522 0.495987 -0.0812333 133 88 38
0.8625 0.4125 1.50509 0.642734 0.574483 -0.506815 146 107 63
0.8625 0.402687 1.5525 0.774966 0.631723 -0.0188107 151 109 65
0.853926 0.4125 1.5525 0.855093 0.518438 0.00619819 134 93 47
0.8625 0.4125 1.53806 0.711667 0.579812 0.396671 150 110 68
0.8625 0.4125 1.56636 0.686858 0.588863 -0.425989 147 103 57
0.8625 0.408159 1.5825 0.906511 0.397165 0.143173 144 102 58
0.859593 0.4125 1.5825 0.811317 0.569733 0.131034 139 96 52
0.8625 0.4125 1.57233 0.910511 0.384359 0.152439 146 101 57
0.8625 0.402442 1.5975 0.882227 0.470547 -0.0161807 144 105 61
0.856745 0.4125 1.5975 0.885353 0.461495 0.0563325 130 89 45
0.8625 0.406793 1.6125 0.848265 0.501161 -0.171126 142 104 61
0.857433 0.4125 1.6125 0.860009 0.497329 -0.114231 134 93 50
0.8625 0.4125 1.62707 0.763102 0.58953 -0.264819 140 102 59
0.849373 0.4275 1.4775 0.928575 0.367357 -0.0528936 131 85 31
0.849983 0.4275 1.4925 0.975712 0.212406 -0.0535662 130 84 32
0.8625 0.414926 1.5075 0.756687 0.653313 -0.02463 148 108 64
0.85088 0.4275 1.5075 0.887451 0.431773 -0.161254 126 82 30
0.8625 0.413514 1.5225 0.775169 0.630812 0.0344892 149 109 67
0.851107 0.4275 1.5225 0.893043 0.449947 0.00472411 129 85 36
0.8625 0.41293 1.5375 0.756149 0.610069 0.23676 151 111 70
0.850739 0.4275 1.5375 0.886981 0.449835 0.104466 131 87 39
0.850467 0.4275 1.5525 0.979031 0.203668 0.00421186 131 87 39
0.8625 0.413371 1.5675 0.745895 0.652377 0.134335 148 103 58
0.850516 0.4275 1.5675 0.907768 0.417223 -0.0433789 125 79 31
0.850233 0.4275 1.5825 0.929527 0.367465 0.0307924 125 81 31
0.850531 0.4275 1.5975 0.944951 0.327125 -0.00757268 126 82 34
0.850363 0.4275 1.6125 0.943382 0.330413 -0.0292824 129 84 36
0.8625 0.412714 1.6275 0.775694 0.628619 -0.0560005 140 102 59
0.851661 0.4275 1.6275 0.884683 0.46144 -0.0663996 123 79 33
0.8625 0.415837 1.6425 0.743436 0.668748 0.0089257 141 101 62
0.850873 0.4275 1.6425 0.826085 0.563415 0.012114 123 80 32
0.8625 0.41356 1.6575 0.735204 0.677512 0.0212864 138 100 62
0.84956 0.4275 1.6575 0.79908 0.598719 0.0548307 120 76 27
0.8625 0.414286 1.6725 0.723398 0.690295 -0.0137349 137 101 63
0.849605 0.4275 1.6725 0.798928 0.601383 -0.00724056 125 81 32
0.8625 0.414623 1.6875 0.733187 0.671483 -0.107457 142 105 67
0.849396 0.4275 1.6875 0.785638 0.616609 -0.0506591 124 76 30
0.847579 0.4425 1.5375 0.977584 0.210502 0.0041869 114 68 16
0.847704 0.4425 1.5525 0.981678 0.190546 0.000855213 119 71 21
0.869724 0.2625 1.4475 0.89952 0.0703431 0.43118 189 163 132
0.868551 0.2775 1.4475 0.911047 0.0444396 0.4099 188 160 128
0.862533 0.2625 1.4625 0.91092 0.0444064 0.410186 183 145 108
0.8625 0.263658 1.4625 0.81851 0.0236736 0.574004 183 145 108
0.8625 0.2775 1.46193 0.921788 0.0167997 0.38733 184 144 108
0.86983 0.2625 1.5225 0.97494 0.0735735 0.209952 184 156 124
0.868698 0.2775 1.5225 0.961745 0.114388 0.24892 183 153 120
0.8666 0.2625 1.5375 0.961745 0.114388 0.24892 177 145 112
0.864164 0.2775 1.5375 0.945858 0.153617 0.285927 175 140 104
0.869497 0.2925 1.4775 0.984548 0.081651 0.154911 187 160 129
0.868253 0.3075 1.4775 0.984416 0.0704351 0.161134 186 157 126
0.867137 0.2925 1.4925 0.976536 0.111549 0.184213 183 150 118
0.864954 0.3075 1.4925 0.993542 -0.113408 0.00349984 181 145 112
0.869996 0.3075 1.4625 0.977996 0.0944785 -0.186002 189 161 129
0.869238 0.3225 1.4625 0.993068 0.0632863 -0.0990509 190 160 127
0.867663 0.3225 1.4775 0.99863 0.0178333 0.0491947 187 156 124
0.869766 0.3225 1.4925 0.995396 -0.0445761 -0.0848553 186 156 124
0.869238 0.3075 1.5075 0.998064 -0.0477055 0.0399115 186 156 123
0.867908 0.3225 1.5075 0.960903 0.1167 0.251089 185 154 119
0.865012 0.3075 1.5225 0.93789 0.135091 0.319551 179 145 108
0.8625 0.319497 1.5225 0.87527 0.18328 0.447561 177 139 100
0.8625 0.3225 1.52127 0.916563 0.166172 0.36373 177 139 100
0.868986 0.3075 1.5825 0.991063 0.09383 0.0948164 179 147 116
0.867566 0.3225 1.5825 0.997008 0.0697512 0.0333051 178 144 112
0.867551 0.3075 1.5975 0.998314 -0.0342055 -0.046896 176 144 112
0.869032 0.3225 1.5975 0.997316 0.0336837 -0.065011 178 147 115
0.869634 0.3075 1.6125 0.999595 0.0204261 -0.0198005 175 147 117
0.868433 0.3225 1.6125 0.993803 0.0995391 0.0494763 175 145 114
0.86904 0.3075 1.6275 0.995184 0.0864626 0.0461814 172 146 117
0.867634 0.3225 1.6275 0.999006 0.0356918 -0.0267007 171 142 113
0.867902 0.3375 1.4625 0.987132 0.10007 -0.124723 189 157 122
0.8625 0.3375 1.44815 0.923128 0.116494 -0.36642 190 148 108
0.865712 0.3375 1.4775 0.990128 0.140138 -0.00293746 186 152 119
0.86861 0.3375 1.4925 0.993068 0.112443 -0.0342436 186 154 121
0.866068 0.3375 1.5075 0.985467 0.0350417 0.166211 184 150 113
0.8625 0.3375 1.51512 0.918997 0.0531141 0.39067 179 141 101
0.869512 0.3225 1.5375 0.975463 0.106819 -0.192513 181 153 122
0.867869 0.3375 1.5375 0.990212 0.0524008 -0.129364 180 150 118
0.8625 0.3225 1.52331 0.882058 0.116106 -0.456611 177 139 100
0.8625 0.3375 1.52777 0.856348 -0.205066 -0.473937 177 139 101
0.86826 0.3225 1.5525 0.993206 0.111042 0.0348178 178 149 118
0.866566 0.3375 1.5525 0.991913 0.126575 0.00935775 177 145 113
0.869238 0.3225 1.5675 0.995248 0.0963191 -0.0143111 179 146 114
0.867907 0.3375 1.5675 0.992721 0.11898 0.0186898 178 143 110
0.865577 0.3375 1.5825 0.98903 0.144986 0.028257 177 141 106
0.867625 0.3375 1.5975 0.9906 0.128013 -0.0482029 178 145 111
0.866533 0.3375 1.6125 0.994937 0.0998813 -0.0111392 174 140 108
0.869333 0.3375 1.6275 0.98691 0.0558319 -0.1513 171 142 112
0.86605 0.3525 1.4625 0.995958 -0.0743006 -0.0504619 188 153 116
0.8625 0.3525 1.4546 0.71067 0.00217986 -0.703522 189 147 107
0.862798 0.3525 1.4775 0.993351 0.0789264 0.0838172 185 146 110
0.867048 0.3525 1.4925 0.991769 0.126635 0.0189307 185 151 116
0.863353 0.3525 1.5075 0.990872 0.134644 -0.00668891 183 145 105
0.867671 0.3525 1.5225 0.993816 -0.0453914 -0.101339 182 151 117
0.8625 0.342969 1.5225 0.856376 -0.478069 0.195116 178 140 101
0.866014 0.3525 1.5375 0.9818 0.148264 0.118688 179 146 112
0.864111 0.3525 1.5525 0.997567 0.0321908 -0.0618417 175 140 105
0.866066 0.3525 1.5675 0.993576 0.0821665 0.0778153 177 139 104
0.862593 0.3525 1.5825 0.998553 0.0512152 -0.0164282 176 134 96
0.865659 0.3525 1.5975 0.992524 0.121961 0.00472652 177 141 105
0.864049 0.3525 1.6125 0.984832 0.123751 -0.12162 173 135 100
0.868028 0.3525 1.6275 0.996208 0.0058202 -0.086805 171 140 108
0.868952 0.3375 1.6425 0.995262 0.0927164 0.0292751 170 142 112
0.867508 0.3525 1.6425 0.997952 0.0566138 0.0297796 169 140 108
0.86853 0.3375 1.6575 0.998746 0.0242282 -0.0438222 169 141 112
0.869246 0.3525 1.6575 0.99251 0.0789395 -0.0932296 168 139 108
0.875005 0.3675 1.4625 0.999877 -0.00598881 0.0144756 162 135 99
0.8625 0.354534 1.4775 0.9647 0.124447 -0.232093 185 145 109
0.865179 0.3675 1.4925 0.990237 0.138948 -0.0111544 182 143 106
0.8625 0.361775 1.5075 0.975894 0.0848933 -0.201056 183 144 104
0.865729 0.3675 1.5225 0.989441 0.135586 -0.0512188 182 147 111
0.8625 0.3675 1.50929 0.959338 0.135914 -0.247382 183 144 105
0.863272 0.3675 1.5375 0.994243 0.0953206 0.0489432 177 141 104
0.867405 0.3675 1.5525 0.994685 0.102016 -0.0139713 170 134 97
0.8625 0.367104 1.5675 0.962743 0.235812 -0.132357 175 131 92
0.8625 0.3675 1.56692 0.908738 0.284054 0.305791 175 131 92
0.864637 0.3675 1.5825 0.996331 0.0854869 0.00407191 178 139 99
0.8625 0.3675 1.56823 0.966669 0.211203 -0.144718 175 131 92
0.8625 0.366461 1.5975 0.965918 0.230615 0.117558 174 135 96
0.8625 0.3675 1.5959 0.964468 0.21536 0.153039 174 135 96
0.8625 0.358182 1.6125 0.87287 0.304858 -0.380998 171 132 96
0.869836 0.3675 1.6275 0.987306 0.131397 -0.0892283 158 125 92
0.8625 0.3675 1.61834 0.797323 -0.0779473 -0.598499 169 131 95
0.865137 0.3675 1.6425 0.998212 0.0190535 -0.0566596 168 135 101
0.867687 0.3675 1.6575 0.99896 -0.0395003 -0.0227729 167 136 104
0.868856 0.3525 1.6725 0.994099 0.105387 0.0256936 165 138 109
0.86725 0.3675 1.6725 0.999979 0.00583278 0.00294583 163 135 104
0.868521 0.3525 1.6875 0.998318 0.0512561 -0.0271082 162 135 107
0.868168 0.3675 1.6875 0.999762 0.00843479 -0.0201166 163 134 104
0.86633 0.3825 1.4625 0.983097 0.176209 0.0496996 166 127 84
0.863533 0.3825 1.5225 0.997836 -0.0657459 0.000215418 180 143 103
0.8625 0.370736 1.5375 0.931891 0.319623 -0.171521 177 139 102
0.8625 0.380101 1.5525 0.931146 0.36246 0.0398623 175 137 98
0.8625 0.377382 1.5825 0.977411 0.211347 0 177 134 92
0.86418 0.3825 1.6125 0.983945 -0.067847 -0.165076 171 135 97
0.8625 0.376495 1.6125 0.899745 -0.251732 -0.356497 170 132 94
0.863119 0.3825 1.6275 0.996086 0.00336498 -0.0883214 169 131 95
0.870787 0.3825 1.6425 0.981063 -0.0892533 -0.171898 159 127 94
0.869003 0.3825 1.6575 0.995862 0.0554904 0.0719637 149 115 78
0.868111 0.3825 1.6725 0.999458 0.0328597 -0.00189218 150 115 78
0.868458 0.3825 1.6875 0.985604 -0.0457411 -0.162764 152 117 81
0.864465 0.3975 1.4625 0.969133 0.193313 -0.153007 158 119 78
0.865783 0.3975 1.4775 0.999829 0.00973702 -0.0157385 160 123 84
0.865723 0.3975 1.4925 0.999575 0.0209213 0.0202843 162 124 83
0.864783 0.3975 1.5075 0.98808 -0.131099 -0.0806928 158 120 78
0.866596 0.3975 1.5225 0.999957 0.00926022 0.000817917 164 128 87
0.865286 0.3975 1.5375 0.998562 -0.0466122 0.0264698 157 119 79
0.866149 0.3975 1.5525 0.999134 0.0280248 0.0307705 162 124 84
0.864717 0.3975 1.5675 0.996422 -0.0843517 -0.00524747 156 114 73
0.865579 0.3975 1.5825 0.999133 0.00283294 0.0415421 158 119 76
0.864301 0.3975 1.5975 0.997353 -0.00432819 -0.0725789 152 114 71
0.866322 0.3975 1.6125 0.996971 0.0679061 -0.0379153 158 122 81
0.865788 0.3975 1.6275 0.990238 0.0607824 -0.125435 155 119 79
0.867238 0.3975 1.6425 0.97904 0.20311 -0.0150679 158 123 85
0.866523 0.3975 1.6575 0.984519 0.172728 0.0297756 156 120 83
0.866865 0.3975 1.6725 0.988585 0.149794 -0.0161368 157 123 86
0.866796 0.3975 1.6875 0.970743 0.223732 -0.08719 154 119 83
0.86443 0.4125 1.5075 0.976497 0.201089 -0.0775722 150 113 71
0.863362 0.4125 1.5225 0.967347 0.2457 0.0622131 150 111 69
0.862848 0.4125 1.5375 0.979583 0.201032 0.00178489 151 111 70
0.863215 0.4125 1.5675 0.975592 0.215315 -0.0431169 149 105 61
0.862591 0.4125 1.6275 0.968796 0.236502 -0.074165 140 102 59
0.86429 0.4125 1.6425 0.970522 0.241012 -0.00103219 144 106 68
0.863206 0.4125 1.6575 0.968711 0.248026 0.00907377 138 102 64
0.863783 0.4125 1.6725 0.970737 0.239589 -0.0163211 138 103 66
0.863983 0.4125 1.6875 0.971055 0.237815 -0.0222641 143 106 69
0.7575 0.388407 1.8225 -0.0176779 0.719775 0.693982 104 81 51
0.7425 0.387993 1.8225 -0.0197543 0.715104 0.698739 108 85 53
0.7575 0.3975 1.81275 -0.0166952 0.452133 0.891794 100 71 37
0.7425 0.3975 1.81264 0.00523983 0.43954 0.898208 103 74 38
0.7425 0.3825 1.82799 -0.0195296 0.706972 0.706972 109 90 62
0.7575 0.3825 1.82841 -0.0214413 0.706944 0.706944 109 90 65
0.7575 0.4125 1.81025 -0.00424099 0.209913 0.977711 102 75 37
0.7425 0.4125 1.81097 0.0364083 0.252613 0.966882 97 72 37
0.75268 0.4275 1.7925 -0.144901 0.885195 0.442079 58 24 0
0.7425 0.425747 1.7925 -0.0686035 0.916342 0.394474 62 28 1
0.7425 0.4275 1.78718 -0.186276 0.90723 0.377141 70 35 1
0.7575 0.419987 1.8075 -0.0836057 0.764825 0.63879 95 66 25
0.7425 0.420206 1.8075 0.0118501 0.812558 0.58276 90 64 30
0.7575 0.4275 1.79364 -0.175889 0.868619 0.463211 61 26 2
0.7575 0.433587 1.7025 0.0432357 0.998505 0.033446 133 81 69
0.7425 0.434614 1.7025 0.045544 0.993918 0.10026 119 8 5
0.7575 0.432736 1.7175 -0.0239236 0.994569 0.101292 136 63 50
0.7425 0.432745 1.7175 0.0371092 0.995486 0.0873509 116 5 0
0.7575 0.430871 1.7325 -0.000450175 0.997142 0.0755426 109 16 8
0.7425 0.432531 1.7325 0.142888 0.989613 0.0157734 117 5 3
0.7575 0.42986 1.7475 0.0403908 0.997015 0.0657945 138 77 64
0.7425 0.433038 1.7475 0.218478 0.974521 0.0507517 108 10 3
0.7575 0.428157 1.7625 0.0524854 0.997701 0.0428747 106 8 0
0.7425 0.431891 1.7625 0.239175 0.970774 0.0198126 108 23 2
0.7575 0.428328 1.7775 0.0451874 0.998889 -0.0133875 104 37 3
0.7425 0.431948 1.7775 0.126572 0.986084 0.107785 90 53 4
0.7575 0.428381 1.7925 -0.0425539 0.98913 0.140751 60 25 1
0.768875 0.3525 1.8375 -0.57735 0.57735 0.57735 112 91 70
0.7725 0.356125 1.8375 -0.168693 0.696973 0.696973 117 98 80
0.7725 0.3525 1.84112 -0.105742 0.703142 0.703142 117 98 79
0.7725 0.388882 1.8225 -0.0176083 0.724262 0.6893 117 93 68
0.7725 0.3975 1.81307 -0.0145304 0.449416 0.893204 107 79 47
0.7725 0.3825 1.82888 -0.015342 0.707024 0.707024 114 94 69
0.7725 0.4125 1.8106 0.00634155 0.232879 0.972485 106 78 41
0.7725 0.423637 1.8075 0.00144512 0.656491 0.754333 96 66 29
0.7725 0.4275 1.79932 0.122543 0.807564 0.576909 71 39 15
0.7725 0.433639 1.7025 -0.0257059 0.99967 -0.000120702 161 98 90
0.7725 0.433805 1.7175 -0.0370573 0.997716 0.0564749 133 71 61
0.7725 0.431941 1.7325 -0.0706338 0.99344 0.0899293 140 81 69
0.7725 0.431088 1.7475 -0.0735348 0.995194 0.0646586 128 71 62
0.7725 0.430069 1.7625 -0.0896159 0.99555 0.0291575 115 13 9
0.7725 0.430413 1.7775 -0.111924 0.99282 -0.042198 104 27 2
0.7725 0.431113 1.7925 -0.151246 0.982429 0.109349 60 25 3
0.7875 0.357008 1.8375 -0.0519718 0.706151 0.706151 113 95 76
0.7875 0.3525 1.84201 -0.0619405 0.705749 0.705749 113 95 75
0.7875 0.389134 1.8225 -0.00851333 0.726191 0.68744 119 96 69
0.7875 0.3975 1.81327 -0.00825053 0.447353 0.89432 102 73 43
0.7875 0.3825 1.82913 -0.00596917 0.707094 0.707094 117 98 72
0.7875 0.4125 1.81077 -0.0125425 0.299047 0.954156 109 81 43
0.7875 0.415851 1.8075 0.14619 0.70073 0.698288 101 71 31
0.7875 0.4275 1.79383 0.0871314 0.664168 0.742489 61 26 6
0.7875 0.4347 1.7025 -0.057771 0.998207 0.0156323 124 77 65
0.7875 0.433851 1.7175 -0.213939 0.97559 -0.0495497 127 71 61
0.7875 0.433003 1.7325 -0.288937 0.948162 0.132305 113 49 40
0.7875 0.432154 1.7475 -0.0622339 0.995381 0.0731024 159 115 102
0.7875 0.431061 1.7625 -0.0562534 0.998377 0.00891728 131 44 31
0.7875 0.431479 1.7775 -0.0588623 0.997401 -0.0415542 112 37 5
0.7875 0.433046 1.7925 -0.019701 0.980482 0.195621 72 36 6
0.8025 0.35851 1.8375 0.0739065 0.705173 0.705173 121 101 82
0.8025 0.3525 1.84351 0.149998 0.699107 0.699107 119 101 78
0.8025 0.389198 1.8225 0.0487585 0.725381 0.686619 119 94 64
0.8025 0.3975 1.81336 0.0304118 0.444761 0.895133 116 84 54
0.8025 0.3825 1.8292 0.0952179 0.6926 0.71501 121 99 72
0.8025 0.4125 1.81093 0.0335824 0.279661 0.959511 115 84 47
0.8025 0.416437 1.8075 0.0192283 0.751509 0.659443 106 73 33
0.8025 0.4275 1.79376 -0.00580592 0.643643 0.765304 66 31 5
0.8025 0.435276 1.7025 0.0589155 0.987031 -0.149326 166 127 106
0.801665 0.4425 1.7175 -0.781764 0.608482 -0.13636 136 55 41
0.8025 0.4425 1.71643 -0.445782 0.796108 -0.409257 140 61 47
0.801091 0.4425 1.7325 -0.807519 0.540375 0.236447 122 53 36
0.8025 0.433226 1.7475 0.069515 0.979881 0.187085 107 33 22
0.8025 0.4425 1.73394 0.285306 0.553154 0.782701 123 54 36
0.8025 0.431352 1.7625 -0.070524 0.997317 -0.0196474 129 27 12
0.8025 0.432919 1.7775 -0.141842 0.98932 -0.0335667 112 55 14
0.8025 0.432355 1.7925 -0.098299 0.952309 0.28887 74 37 6
0.8025 0.442729 1.7175 0.468196 0.534159 -0.703894 137 55 41
0.797312 0.4575 1.7325 -0.996242 -0.0814609 0.0294425 183 119 106
0.8025 0.4575 1.72837 -0.0168222 0.600666 -0.799323 171 96 82
0.8025 0.4575 1.74018 0.119093 -0.378168 0.918044 190 119 105
0.80851 0.3525 1.8375 0.57735 0.57735 0.57735 113 92 67
0.8175 0.386035 1.8225 0.123906 0.65652 0.744062 114 91 63
0.8175 0.3975 1.81387 0.0416684 0.409567 0.911328 124 97 67
0.8175 0.3825 1.8255 0.204595 0.633889 0.745872 110 89 61
0.8175 0.4125 1.80934 0.00337558 0.319474 0.947589 108 79 46
0.8175 0.427347 1.7025 0.145146 0.988811 0.0344152 162 68 54
0.817164 0.4275 1.7025 0.568921 0.818854 -0.0761977 162 69 54
0.8175 0.426 1.7175 -0.0151017 0.999882 -0.00297099 145 52 37
0.814945 0.4275 1.7175 0.74072 0.671644 -0.0151059 138 48 34
0.8175 0.4275 1.72896 0.589787 0.793686 -0.149042 141 50 33
0.8175 0.414726 1.8075 0.00117375 0.714553 0.69958 105 74 40
0.8175 0.4275 1.79494 -0.0266328 0.584553 0.810919 74 37 11
0.802946 0.4425 1.7175 0.827662 0.55088 -0.107269 137 54 40
0.8175 0.427993 1.7325 0.0238971 0.997697 0.063476 139 49 32
0.80351 0.4425 1.7325 0.930756 0.362652 0.0466568 126 55 37
0.8175 0.429826 1.7475 0.00412252 0.9923 -0.123789 138 59 45
0.8175 0.432284 1.7625 -0.00593529 0.990568 -0.136897 123 38 14
0.8175 0.435765 1.7775 -0.0572314 0.99341 -0.0993041 112 69 24
0.8175 0.436395 1.7925 -0.111931 0.913174 0.391899 87 48 15
0.807433 0.4575 1.7325 0.996811 -0.0706774 -0.0370504 170 93 78
0.826919 0.3825 1.8225 0.24965 0.601701 0.758703 114 89 60
0.8325 0.3825 1.82031 0.108441 0.416721 0.902543 112 85 58
0.8325 0.3975 1.8132 0.0319937 0.299459 0.953573 122 92 63
0.8325 0.4125 1.81014 0.00721529 0.31559 0.948868 117 89 60
0.817896 0.4275 1.7025 -0.44072 0.897355 0.0228019 161 68 53
0.820477 0.4275 1.7175 -0.470656 0.882074 -0.0207195 144 49 33
0.8325 0.41588 1.8075 -0.00347902 0.710407 0.703782 112 82 52
0.8325 0.4275 1.79463 0.0378219 0.640443 0.767074 74 34 10
0.8325 0.434401 1.7025 -0.191668 0.981458 -0.00208928 134 46 17
0.8325 0.433992 1.7175 -0.218831 0.975629 0.0161735 138 35 12
0.8325 0.433218 1.7325 -0.106818 0.992251 0.0634668 136 37 13
0.8325 0.43255 1.7475 -0.0632366 0.997544 -0.0301254 130 48 17
0.8325 0.433325 1.7625 0.0423279 0.995326 -0.0868053 120 64 20
0.8325 0.435759 1.7775 0.147935 0.986021 -0.0766707 112 73 24
0.8325 0.434967 1.7925 0.113927 0.89589 0.42942 84 42 12
0.837041 0.3375 1.8375 0.57735 0.57735 0.57735 178 161 136
0.8325 0.342041 1.8375 0.57735 0.57735 0.57735 168 151 125
0.8325 0.3375 1.84204 0.57735 0.57735 0.57735 174 158 134
0.8475 0.3825 1.81743 0.514416 0.0569369 0.855649 110 81 55
0.8475 0.3975 1.81286 0.278698 0.264252 0.923308 119 89 59
0.8475 0.4125 1.80964 0.176816 0.24388 0.953551 117 88 58
0.8475 0.415083 1.8075 0.0900075 0.721279 0.686771 113 82 51
0.8475 0.4275 1.79369 0.161384 0.690268 0.705327 70 29 6
0.8475 0.433557 1.7025 0.307371 0.95159 0.000304854 120 70 23
0.8475 0.432689 1.7175 0.304274 0.952182 0.0276832 119 68 21
0.8475 0.432841 1.7325 0.279565 0.958085 0.0625758 121 63 22
0.8475 0.430928 1.7475 0.276178 0.960388 0.0371627 121 70 29
0.8475 0.431601 1.7625 0.306359 0.951905 -0.00464412 115 73 26
0.8475 0.430574 1.7775 0.39679 0.917431 -0.0296283 112 73 28
0.8475 0.430806 1.7925 0.346586 0.890235 0.295566 73 31 6
0.854483 0.3225 1.8375 0.418993 0.642045 0.642045 142 124 102
0.8475 0.327057 1.8375 0.418993 0.642045 0.642045 150 129 105
0.8475 0.3225 1.84206 0.418993 0.642045 0.642045 145 125 103
0.854926 0.3675 1.8075 0.624465 -0.191881 0.757116 139 114 86
0.861929 0.3825 1.8075 0.801504 0.117516 0.586328 127 100 72
0.8475 0.3675 1.8156 0.734602 -0.0820328 0.673521 137 108 79
0.8625 0.387174 1.7625 0.908581 0.322422 0.265564 133 95 62
0.859108 0.3975 1.7625 0.98278 0.0890805 0.161887 128 91 54
0.8625 0.3975 1.75737 0.847528 0.300996 0.437147 131 98 62
0.862069 0.3825 1.7775 0.973652 0.224891 0.0377695 129 95 59
0.85914 0.3975 1.7775 0.976667 0.21473 0.0035589 125 92 54
0.8625 0.3825 1.77385 0.984496 0.0209926 0.174144 131 95 61
0.861917 0.3825 1.7925 0.981937 0.18914 0.00506255 140 108 75
0.859047 0.3975 1.7925 0.971389 0.235603 0.0299028 129 98 64
0.857899 0.3975 1.8075 0.848192 0.28283 0.447858 125 98 70
0.8625 0.41093 1.7475 0.886167 0.307249 0.346851 130 95 61
0.86097 0.4125 1.7475 0.846089 0.523362 0.101118 128 91 56
0.8625 0.4125 1.74408 0.933211 0.324206 0.154942 129 95 60
0.8625 0.41146 1.7625 0.964841 -0.245116 -0.0948675 127 94 57
0.8625 0.4125 1.75877 0.776265 0.622949 -0.096682 127 94 58
0.855259 0.4125 1.7775 0.941039 0.305659 0.144975 123 88 48
0.8625 0.4125 1.76306 0.877841 -0.193356 0.438187 127 94 57
0.854958 0.4125 1.7925 0.937086 0.336974 0.0912046 119 86 50
0.851338 0.4125 1.8075 0.817326 0.434967 0.377865 117 88 58
0.8625 0.419066 1.7025 0.79286 0.608892 -0.0249736 137 104 68
0.852457 0.4275 1.7025 0.722593 0.682499 -0.109794 126 81 38
0.8625 0.416425 1.7175 0.803122 0.595144 0.0282497 133 99 63
0.852837 0.4275 1.7175 0.721793 0.690817 0.0422705 127 81 39
0.8625 0.417376 1.7325 0.755475 0.644058 0.120193 134 99 64
0.851813 0.4275 1.7325 0.735473 0.670359 0.0984843 127 73 37
0.849282 0.4275 1.7475 0.802082 0.594041 0.0614719 126 75 36
0.8625 0.4129 1.7625 0.722476 0.632497 0.27924 127 93 57
0.849628 0.4275 1.7625 0.815878 0.574436 0.0660696 118 75 32
0.849029 0.4275 1.7775 0.921055 0.389151 0.014823 114 76 32
0.849261 0.4275 1.7925 0.906527 0.401343 0.130893 72 31 8
0.869077 0.3225 1.7775 0.707107 0 0.707107 151 128 105
0.8625 0.307956 1.7775 0.673512 -0.30457 0.673512 137 111 86
0.8625 0.3225 1.78408 0.707107 0 0.707107 146 119 93
0.8625 0.337247 1.7775 0.674366 0.300766 0.674366 142 115 88
0.869813 0.3375 1.7475 0.979049 0.101812 0.176347 159 136 111
0.868253 0.3525 1.7475 0.994407 0.0878439 0.0586408 154 131 106
0.867111 0.3375 1.7625 0.966991 0.0469303 0.250451 150 128 104
0.868388 0.3525 1.7625 0.956388 0.149053 0.251205 153 130 104
0.8625 0.3375 1.77706 0.939135 0.171961 0.297414 142 115 88
0.8625 0.3525 1.76839 0.840576 0.143122 0.522444 145 117 89
0.869159 0.3525 1.7025 0.997218 0.0741248 0.00790333 161 135 109
0.867663 0.3675 1.7025 0.987162 -0.142428 -0.0722942 157 131 104
0.86867 0.3525 1.7175 0.998081 0.0618997 -0.00178868 157 134 109
0.868022 0.3675 1.7175 0.97627 -0.216247 0.0115691 159 135 112
0.86888 0.3525 1.7325 0.995939 0.0861463 0.0261603 157 133 108
0.867257 0.3675 1.7325 0.979939 -0.191512 0.0551664 154 129 103
0.865893 0.3675 1.7475 0.972184 -0.141135 0.186918 152 127 103
0.8625 0.367379 1.7625 0.692161 0.273892 0.667755 145 115 87
0.8625 0.3675 1.76224 0.917099 0.338585 0.210452 145 115 87
0.87583 0.3825 1.7025 0.986019 -0.0503646 -0.158838 138 113 84
0.875365 0.3825 1.7175 0.998769 0.040429 0.0287265 143 114 85
0.875183 0.3825 1.7325 0.998905 0.0129578 0.0449624 145 117 87
0.873753 0.3825 1.7475 0.954493 0.0954317 0.282554 150 120 92
0.864561 0.3825 1.7625 0.921456 0.0129489 0.388266 137 99 69
0.8625 0.368467 1.7625 0.968517 -0.139262 0.206351 144 114 85
0.867121 0.3975 1.7025 0.934603 0.355673 0.00370823 155 123 90
0.866593 0.3975 1.7175 0.932696 0.360394 0.0139611 147 115 80
0.86713 0.3975 1.7325 0.939396 0.34253 0.014456 149 117 84
0.866171 0.3975 1.7475 0.918048 0.318443 0.23618 145 114 81
0.864498 0.4125 1.7025 0.973906 0.226316 0.0169577 144 111 77
0.863315 0.4125 1.7175 0.976513 0.215437 0.00303666 135 100 65
0.864204 0.4125 1.7325 0.972121 0.23175 0.0356805 136 102 68
0.862686 0.4125 1.7625 1 -2.13856e-18 0 128 94 58
0.7875 0.297088 0.9825 0.213173 0.881197 -0.421959 60 25 0
0.7725 0.300716 0.9825 0.0213505 0.775187 -0.63137 34 17 2
0.7725 0.2925 0.97636 -0.180722 0.58875 -0.787854 35 15 2
0.7875 0.2925 0.972919 0.0213505 0.775187 -0.63137 57 21 0
0.810104 0.3675 0.9675 -0.705847 0.705847 0.0596776 78 49 16
0.8175 0.374896 0.9675 -0.70698 0.70698 0.0189123 85 49 14
0.812521 0.3675 0.9825 -0.702564 0.702564 0.11317 73 38 7
0.8175 0.372479 0.9825 -0.702564 0.702564 0.11317 72 36 5
0.825477 0.3825 0.9675 -0.995431 0.0934613 -0.019535 110 69 26
0.826928 0.3975 0.9675 -0.965031 0.260647 0.0279102 125 86 43
0.825158 0.3825 0.9825 -0.99456 0.103195 -0.0141749 103 65 26
0.82682 0.3975 0.9825 -0.864854 0.502022 0.000928919 114 80 42
0.825155 0.3825 1.0125 -0.993989 0.0556609 -0.0942703 107 70 26
0.825995 0.3975 1.0125 -0.907165 0.420653 -0.0101525 111 75 35
0.823732 0.3825 1.0275 -0.941946 0.257181 -0.21586 92 55 21
0.826733 0.3975 1.0275 -0.948604 0.312117 -0.052291 106 69 27
0.823739 0.3975 1.0425 -0.864174 0.356018 -0.355604 89 56 24
0.8175 0.390071 1.0425 -0.683377 0.496985 -0.534791 43 17 3
0.8175 0.3825 1.03653 -0.751312 0.408477 -0.518341 44 16 2
0.8325 0.411752 0.9675 -0.798396 0.588392 -0.127899 105 67 21
0.8325 0.40318 0.9825 -0.715271 0.677761 0.170375 124 84 42
0.827067 0.3975 0.9975 -0.706765 0.706765 -0.0310861 95 58 25
0.8325 0.402933 0.9975 -0.667275 0.744513 -0.0210623 95 58 23
0.8325 0.404005 1.0125 -0.655567 0.755094 -0.00809721 123 80 35
0.8325 0.403267 1.0275 -0.645474 0.763735 0.00846047 108 68 26
0.834444 0.4125 0.9675 -0.792095 0.605098 0.080263 111 71 23
0.844382 0.4125 0.9825 -0.80533 0.570984 0.159443 150 94 33
0.843391 0.4125 0.9975 -0.871715 0.489069 -0.0304131 136 87 36
0.843749 0.4125 1.0125 -0.874281 0.485367 0.00718295 148 93 31
0.84395 0.4125 1.0275 -0.889107 0.456715 -0.0300078 141 87 32
0.842779 0.4125 1.0425 -0.843836 0.454968 -0.284508 130 80 28
0.8325 0.404271 1.0425 -0.614866 0.765856 -0.188159 107 69 28
0.8325 0.4125 1.05265 -0.580178 0.564138 -0.587488 47 14 0
0.846947 0.4275 0.9675 -0.848277 0.503728 0.16335 167 119 55
0.846756 0.4275 0.9825 -0.980057 0.194786 -0.0393262 165 113 46
0.846063 0.4275 0.9975 -0.979154 0.199744 -0.0368769 155 112 58
0.845209 0.4275 1.0125 -0.98691 0.160063 -0.0197353 147 101 41
0.845044 0.4275 1.0275 -0.982839 0.184313 -0.00750272 144 97 40
0.845092 0.4275 1.0425 -0.977208 0.212072 -0.00946316 142 95 38
0.844723 0.4275 1.0575 -0.77223 0.496494 -0.396427 140 93 37
0.8325 0.419892 1.0575 -0.48847 0.602167 -0.6315 46 13 0
0.8475 0.4286 0.9675 0.155069 0.987287 -0.0348945 167 120 55
0.8475 0.429523 0.9825 0.159072 0.983397 -0.0873288 166 115 47
0.8475 0.430505 0.9975 0.259162 0.955305 -0.142223 155 109 54
0.8475 0.435166 1.0125 0.174815 0.974058 -0.143701 161 115 54
0.8475 0.435314 1.0275 -0.162434 0.980032 0.114682 147 100 42
0.8475 0.429908 1.0425 -0.0589179 0.9842 0.166971 148 98 38
0.85377 0.2625 0.9675 0.994158 -0.0166407 -0.106647 225 159 91
0.854845 0.2625 0.9825 0.993985 -0.0545553 -0.0949655 224 158 89
0.855257 0.2625 0.9975 0.993125 0.000837266 -0.117054 220 158 89
0.857773 0.2625 1.0125 0.980851 0.0260034 -0.193016 220 155 88
0.862378 0.2625 1.0275 0.979106 0.0508847 -0.196879 219 155 83
0.8625 0.2625 1.02874 0.984626 0.0785946 -0.155997 219 155 83
0.853584 0.2775 0.9675 0.98739 -0.0037654 -0.158263 225 159 90
0.856388 0.2775 0.9825 0.993937 -0.0147876 -0.108954 223 158 89
0.856765 0.2775 0.9975 0.992723 -0.0594831 -0.1047 221 157 88
0.858544 0.2775 1.0125 0.994666 0.0151396 -0.102035 219 155 85
0.859061 0.2775 1.0275 0.987927 0.074775 -0.135683 219 154 83
0.8625 0.2775 1.03954 0.962403 0.042036 -0.268353 218 153 84
0.852307 0.2925 0.9675 0.991084 -0.0108417 -0.132796 227 160 91
0.855399 0.2925 0.9825 0.991019 0.00563899 -0.133602 222 157 88
0.858063 0.2925 0.9975 0.994767 0.0255371 -0.0989253 224 158 89
0.858098 0.2925 1.0125 0.996873 -0.00936896 -0.0784656 223 156 87
0.859722 0.2925 1.0275 0.990829 -0.0106952 -0.1347 220 156 86
0.8625 0.2925 1.03776 0.95925 0.109682 -0.260402 221 154 89
0.85426 0.3075 0.9675 0.99304 -0.00820094 -0.117489 227 159 90
0.854506 0.3075 0.9825 0.995051 0.00501623 -0.0992352 225 158 89
0.856279 0.3075 0.9975 0.992307 -0.0170493 -0.122624 224 157 88
0.859528 0.3075 1.0125 0.995086 0.0109926 -0.0984011 226 155 87
0.860085 0.3075 1.0275 0.998351 0.0326339 -0.0472322 222 157 89
0.8625 0.297616 1.0425 0.937214 0.243249 -0.249919 221 153 90
0.859868 0.3075 1.0425 0.992366 0.0738498 -0.0987738 221 154 89
0.8625 0.3075 1.05237 0.964744 0.0835495 -0.249578 222 154 91
0.853946 0.3225 0.9675 0.987298 -0.0631755 -0.145782 228 159 90
0.856221 0.3225 0.9825 0.994916 -0.0375921 -0.0934288 227 159 89
0.857263 0.3225 0.9975 0.996598 0.0046808 -0.0822771 225 158 88
0.856927 0.3225 1.0125 0.997543 0.0328379 -0.0618835 226 156 88
0.859797 0.3225 1.0275 0.996433 -0.0111555 -0.0836466 222 154 89
0.859629 0.3225 1.0425 0.994707 -0.0102239 -0.102245 223 156 91
0.8625 0.3225 1.05428 0.973706 -0.00692683 -0.227701 222 154 88
0.855095 0.3375 0.9675 0.995657 -0.00641051 -0.0928751 229 160 90
0.85514 0.3375 0.9825 0.995792 -0.00971755 -0.0911268 226 158 89
0.857909 0.3375 0.9975 0.994033 -0.066522 -0.0864423 223 156 86
0.857869 0.3375 1.0125 0.994938 -0.0610246 -0.0798339 223 154 85
0.860238 0.3375 1.0275 0.9986 0.0423733 -0.0316582 219 154 89
0.86026 0.3375 1.0425 0.993304 0.0587096 -0.0995025 219 151 86
0.8625 0.3375 1.05302 0.969028 0.13549 -0.206465 218 152 83
0.854879 0.3525 0.9675 0.99222 -0.0638976 -0.106849 228 159 89
0.856446 0.3525 0.9825 0.986749 -0.0897228 -0.135192 225 156 87
0.859151 0.3525 0.9975 0.998963 -0.00515767 -0.045244 221 154 84
0.858845 0.3525 1.0125 0.99973 0.0217517 -0.00823338 221 153 84
0.857083 0.3525 1.0275 0.998466 0.055239 -0.0037878 219 154 88
0.860004 0.3525 1.0425 0.996461 -0.000490033 -0.0840523 218 153 84
0.8625 0.340809 1.0575 0.971989 0.198781 -0.125391 217 153 82
0.858986 0.3525 1.0575 0.992076 0.111937 -0.057049 218 153 82
0.8625 0.350785 1.0725 0.994805 0.0847669 -0.056375 216 152 80
0.862302 0.3525 1.0725 0.971024 0.133372 -0.198305 216 152 80
0.856688 0.3675 0.9675 0.995122 -0.0291491 -0.0942523 228 159 89
0.857706 0.3675 0.9825 0.997725 0.0155461 -0.0655927 226 156 88
0.857023 0.3675 0.9975 0.998965 0.0198721 -0.04092 222 155 85
0.859531 0.3675 1.0125 0.999195 -0.0379659 -0.0129222 221 154 85
0.857534 0.3675 1.0275 0.999517 -0.0219433 -0.0220267 220 153 87
0.860053 0.3675 1.0425 0.999684 0.0138936 -0.0209552 221 153 84
0.858103 0.3675 1.0575 0.99853 0.0350847 -0.0413213 218 153 82
0.860935 0.3675 1.0725 0.985029 0.0399772 -0.167691 218 153 83
0.855073 0.3825 0.9675 0.995931 0.0384911 -0.081482 229 159 90
0.857616 0.3825 0.9825 0.996075 -0.0247692 -0.0849778 227 158 89
0.857958 0.3825 0.9975 0.995893 -0.0406352 -0.0809094 225 157 87
0.859862 0.3825 1.0125 0.999368 -0.0355317 -0.00141159 219 154 84
0.85788 0.3825 1.0275 0.999913 -0.00441691 0.0124558 222 154 87
0.859647 0.3825 1.0425 0.999667 0.0254873 -0.00401057 223 156 86
0.858291 0.3825 1.0575 0.998999 0.0377093 -0.0240597 220 153 82
0.860287 0.3825 1.0725 0.983873 0.124792 -0.128142 221 154 86
0.855534 0.3975 0.9675 0.991604 0.0463778 -0.120713 224 157 87
0.858127 0.3975 0.9825 0.992505 0.0935922 -0.0785797 230 160 90
0.858438 0.3975 0.9975 0.992422 0.0362926 -0.117393 222 154 84
0.860718 0.3975 1.0125 0.999868 0.00301839 0.0159724 221 157 86
0.857508 0.3975 1.0275 0.997298 0.0429273 0.059621 217 146 80
0.858998 0.3975 1.0425 0.998547 0.05367 0.00485491 216 147 79
0.857053 0.3975 1.0575 0.994139 0.100984 0.0386014 220 152 81
0.857773 0.3975 1.0725 0.986225 0.137046 -0.0926176 213 147 78
0.8625 0.386033 1.0875 0.953724 0.186978 -0.235477 221 153 90
0.860252 0.3975 1.0875 0.956709 0.290619 -0.0157594 216 150 84
0.8625 0.3825 1.08469 0.966258 0.179385 -0.18484 221 153 89
0.853282 0.4125 0.9675 0.970337 0.232565 -0.0660267 193 134 64
0.854259 0.4125 0.9825 0.966325 0.234125 -0.106778 200 134 64
0.857818 0.4125 0.9975 0.966813 0.172652 -0.188318 211 144 78
0.860222 0.4125 1.0125 0.975277 0.214195 0.0543594 216 153 84
0.856515 0.4125 1.0275 0.993107 0.117169 0.00298245 205 136 71
0.858344 0.4125 1.0425 0.99318 0.104837 0.0510194 211 144 77
0.855305 0.4125 1.0575 0.978868 0.182098 0.0930452 196 132 61
0.85595 0.4125 1.0725 0.957201 0.275868 0.0875432 198 134 65
0.849225 0.4125 1.0875 0.824968 0.385172 0.413606 175 116 51
0.849076 0.4275 0.9675 0.942711 0.329814 -0.050195 177 127 61
0.849637 0.4275 0.9825 0.918954 0.36562 -0.147801 180 124 54
0.852961 0.4275 0.9975 0.869113 0.47913 -0.122793 191 136 74
0.85376 0.4275 1.0125 0.894015 0.446945 -0.0312737 191 135 66
0.855757 0.4275 1.0275 0.927572 0.368524 -0.0616427 198 137 69
0.855501 0.4275 1.0425 0.847327 0.50334 0.169368 193 131 66
0.851014 0.4275 1.0575 0.897321 0.439696 0.038511 176 121 56
0.852462 0.4275 1.0725 0.934364 0.329485 0.135662 179 124 59
0.8475 0.415256 1.0875 0.608462 0.380981 0.696151 167 110 46
0.8475 0.4275 1.0808 0.78618 0.325197 0.525517 158 106 45
0.8475 0.431446 1.0575 0.831268 0.539974 -0.131992 138 92 34
0.8475 0.438066 1.0725 0.889643 0.417781 -0.184376 137 91 40
0.863816 0.2625 1.0425 0.997979 0.00703805 -0.0631476 217 152 85
0.863315 0.2775 1.0425 0.996129 0.00168808 -0.0878836 218 153 85
0.8638 0.2625 1.0575 0.998865 -0.0134338 -0.0456997 221 152 84
0.864704 0.2775 1.0575 0.998092 -0.00853974 -0.0611488 218 153 88
0.86376 0.2925 1.0425 0.995807 0.0302974 -0.0863194 221 153 90
0.86374 0.2925 1.0575 0.999615 0.0277179 0.00130513 218 155 88
0.863872 0.3075 1.0575 0.989446 0.0768866 -0.122821 222 154 91
0.863305 0.3225 1.0575 0.96814 0.0225402 -0.249394 221 154 86
0.863432 0.3375 1.0575 0.982662 0.0905137 -0.161814 217 153 82
0.86358 0.3375 1.0725 0.991732 0.120225 -0.0448651 218 154 82
0.7425 0.407231 0.0225 -0.130116 0.968387 0.212829 86 57 27
0.7425 0.4125 0.00885219 0.0678488 0.834788 0.546374 95 67 38
0.7425 0.408723 0.0375 -0.170792 0.975421 -0.139229 75 43 13
0.7425 0.411835 0.0525 -0.100775 0.981683 -0.161688 62 31 0
0.7425 0.4125 0.0572674 -0.0905826 0.957658 -0.273286 62 31 0
0.7425 0.418042 0.0075 0.0889949 0.177352 0.980115 94 67 38
0.7425 0.413572 0.0675 0.0976775 0.994544 -0.0366341 63 30 0
0.7425 0.413751 0.0825 0.0907267 0.967705 -0.235193 65 30 0
0.7425 0.419398 0.0975 -0.104304 0.976277 -0.189746 69 33 1
0.7425 0.419705 0.1125 -0.109954 0.985947 -0.125775 70 35 0
0.7425 0.422387 0.1275 -0.0378191 0.996279 -0.0774445 72 36 1
0.7425 0.423841 0.1425 -0.0783639 0.995733 -0.0487249 75 37 0
0.7425 0.423657 0.1575 0.00720278 0.994522 -0.104274 76 38 1
0.7425 0.427069 0.1725 0.0400493 0.99731 -0.0613931 78 40 3
0.7425 0.425011 0.1875 0.0234004 0.999699 -0.0073193 82 42 3
0.733807 0.4275 0.1875 0.26907 0.958859 -0.0904962 82 43 4
0.7425 0.427306 0.2025 0.068011 0.997681 0.0025433 84 45 2
0.7425 0.426528 0.2175 0.167759 0.982935 -0.0754652 84 46 1
0.736398 0.4275 0.2175 0.164482 0.971018 -0.173407 84 46 1
0.7425 0.4275 0.222397 0.19288 0.960799 -0.199154 85 46 1
0.7425 0.427412 0.2475 0.172751 0.983018 -0.0619114 91 49 1
0.742193 0.4275 0.2475 0.252541 0.958873 0.129563 91 49 1
0.7425 0.4275 0.246869 0.248706 0.958095 0.142124 91 49 1
0.7425 0.429587 0.2325 0.0887464 0.995555 -0.0315214 87 47 1
0.734426 0.4575 0.0075 0.191888 -0.123854 0.97357 96 72 40
0.7575 0.41175 0.0075 0.0541561 0.970778 0.23379 85 57 29
0.750974 0.4125 0.0075 0.108864 0.208085 0.972034 89 62 33
0.7575 0.408758 0.0225 0.0079829 0.997092 0.0757906 81 52 22
0.7575 0.408935 0.0375 0.0108437 0.998372 -0.0560055 72 40 10
0.7575 0.410116 0.0525 -0.00852772 0.993858 -0.110335 64 31 2
0.7575 0.410944 0.0675 0.0965014 0.99526 -0.0120257 66 30 2
0.752005 0.4125 0.0675 0.175889 0.982889 -0.0547085 65 30 1
0.7575 0.411012 0.0825 0.222631 0.97118 -0.0851213 68 30 2
0.748234 0.4125 0.0825 0.176404 0.983757 -0.0332332 66 30 1
0.7575 0.4125 0.0863106 0.301128 0.838129 -0.454821 69 32 3
0.7575 0.419033 0.0975 0.324864 0.892609 -0.312592 71 36 3
0.7575 0.423612 0.1125 0.207998 0.946612 -0.246297 75 39 4
0.7575 0.423716 0.1275 -0.0854464 0.995768 -0.0338381 74 38 3
0.7575 0.422771 0.1425 -0.031083 0.999245 -0.0232886 76 38 1
0.7575 0.4248 0.1575 -0.016785 0.999048 -0.0402694 79 40 3
0.7575 0.423454 0.1725 0.0407119 0.998577 -0.0344402 80 41 3
0.7575 0.42607 0.1875 0.1234 0.992224 -0.0162595 81 42 1
0.7575 0.425899 0.2025 0.0974015 0.994794 0.0299653 85 43 3
0.7575 0.422674 0.2175 0.117827 0.992595 0.0295362 87 45 2
0.7575 0.425702 0.2325 0.202958 0.976943 -0.0662641 89 48 2
0.750754 0.4275 0.2325 0.249792 0.96777 -0.0320248 89 48 2
0.7575 0.4248 0.2475 0.128673 0.987845 -0.0872066 93 50 2
0.7725 0.409364 0.0075 0.0309564 0.98485 0.170626 78 51 24
0.7725 0.407622 0.0225 0.00266862 0.996127 0.0878875 77 47 20
0.7725 0.407552 0.0375 -0.100457 0.985876 -0.134004 67 35 7
0.767779 0.4125 0.0525 -0.21436 0.973035 0.0851624 65 32 2
0.7725 0.4125 0.0506334 -0.243388 0.904505 -0.35019 66 33 3
0.7725 0.411024 0.0675 -0.0472823 0.997564 0.0512804 67 30 1
0.7725 0.4125 0.0588979 0.0274192 0.986765 0.159821 66 31 2
0.7725 0.409389 0.0825 -0.0364226 0.993795 0.105091 69 31 1
0.7725 0.40759 0.0975 0.204846 0.976918 0.0605687 75 36 2
0.768308 0.4125 0.0975 0.577554 0.77572 -0.254341 74 36 3
0.7725 0.406466 0.1125 0.467984 0.865412 -0.179032 79 38 2
0.768443 0.4125 0.1125 0.690334 0.705844 -0.158818 77 37 1
0.7725 0.4125 0.11706 0.621622 0.53995 -0.567486 77 37 2
0.7725 0.413236 0.0525 -0.00659192 0.999968 -0.00446748 66 33 3
0.7725 0.423101 0.1275 0.538848 0.805386 -0.246974 75 38 2
0.7725 0.425159 0.1425 0.27986 0.932672 -0.227597 77 39 2
0.7725 0.423635 0.1575 -0.0552389 0.998424 -0.00990729 79 41 3
0.7725 0.426081 0.1725 0.0187516 0.998378 0.0537476 81 42 3
0.7725 0.423233 0.1875 0.0542021 0.997768 0.038991 83 43 2
0.7725 0.421876 0.2025 0.103765 0.994471 0.0161332 85 43 0
0.7725 0.423662 0.2175 0.0627922 0.997904 0.0156585 88 45 1
0.7725 0.422156 0.2325 0.0791846 0.996749 -0.0148772 90 47 1
0.7725 0.423581 0.2475 0.145732 0.985128 -0.0910243 95 51 3
0.7875 0.380194 0.0825 0.280078 0.836503 0.470977 82 38 1
0.780453 0.3825 0.0825 0.320901 -0.7366 0.595351 82 38 1
0.7875 0.3825 0.0757781 0.625305 0.1932 0.756087 82 38 2
0.7875 0.371878 0.0975 0.326712 0.805323 0.494686 85 40 0
0.7725 0.37396 0.0975 0.187011 0.826733 0.530603 84 38 0
0.7725 0.3825 0.0862371 0.371341 0.451665 0.811236 81 37 0
0.7875 0.383839 0.0825 0.428634 -0.903064 0.0273528 82 38 1
0.7875 0.387487 0.0975 0.118111 -0.966034 0.229844 83 39 1
0.7725 0.387958 0.0975 0.074837 -0.941105 0.329728 81 37 1
0.7875 0.408892 0.0075 -0.0125881 0.98928 0.145484 83 56 29
0.7875 0.40985 0.0225 -0.0719716 0.995046 -0.0685819 72 43 15
0.787484 0.4125 0.0375 -0.296702 0.893199 -0.33788 67 34 6
0.7875 0.4125 0.0374579 -0.307102 0.937112 -0.165857 67 34 6
0.7875 0.409901 0.0675 0.5429 0.83178 0.115768 68 30 2
0.7875 0.4125 0.0533746 -0.0928334 0.878448 0.468733 67 31 2
0.7875 0.41185 0.0825 0.317134 0.942126 -0.108742 71 31 1
0.7875 0.409132 0.0975 -0.0507041 0.98049 0.189919 80 39 5
0.7875 0.405669 0.1125 0.0250768 0.976719 0.213051 81 39 2
0.7875 0.402392 0.1275 0.527778 0.846086 0.0747626 83 41 2
0.781601 0.4125 0.1275 0.774607 0.548161 -0.315442 80 39 2
0.7875 0.39764 0.1425 0.692199 0.692052 -0.204754 83 41 2
0.780634 0.4125 0.1425 0.846095 0.513377 -0.143414 81 41 4
0.7875 0.4125 0.149022 0.648773 0.359477 -0.670724 82 42 3
0.7875 0.412506 0.0375 -0.0464413 0.995128 -0.0869642 67 34 6
0.7875 0.412616 0.0525 -0.11074 0.993201 0.0358913 67 32 3
0.7875 0.427084 0.1575 0.560154 0.800571 -0.212872 80 42 5
0.7875 0.424104 0.1725 0.320106 0.938116 -0.132175 83 43 4
0.7875 0.421408 0.1875 0.00941937 0.997225 0.0738487 85 44 3
0.7875 0.423684 0.2025 0.00126194 0.999978 -0.00645017 87 45 1
0.7875 0.421537 0.2175 0.003796 0.999638 0.0266421 89 45 1
0.7875 0.42279 0.2325 0.0339753 0.999402 0.00637473 93 48 1
0.7875 0.421267 0.2475 0.0521246 0.998624 0.00577092 95 50 2
0.8025 0.334401 0.1275 0.656424 0.429887 0.619923 95 52 9
0.801218 0.3375 0.1275 0.621599 0.645797 0.443351 94 51 8
0.8025 0.3375 0.125948 0.610211 0.529612 0.589197 94 51 9
0.8025 0.3517 0.1125 0.672684 0.512903 0.533317 88 46 4
0.801325 0.3525 0.1125 0.471671 0.668596 0.574897 88 46 4
0.8025 0.3525 0.111522 0.610828 0.627295 0.483105 88 46 4
0.7875 0.350346 0.1275 0.625591 0.668023 0.402966 85 41 0
0.7875 0.3525 0.12393 0.508091 0.652776 0.561896 84 41 0
0.8025 0.360995 0.0975 0.514349 0.712394 0.477431 86 43 0
0.792876 0.3675 0.0975 0.501663 0.703331 0.503647 85 41 0
0.8025 0.3675 0.0891397 0.446848 0.658781 0.605256 84 41 0
0.7875 0.360883 0.1125 0.439321 0.72453 0.531086 86 41 0
0.7875 0.3675 0.103466 0.477078 0.726928 0.493936 85 40 0
0.8025 0.373176 0.0825 0.372836 0.77687 0.507412 83 40 0
0.8025 0.3825 0.0684376 0.297907 0.791325 0.533906 83 41 1
0.8025 0.382984 0.0675 0.70342 0.102548 0.703338 82 40 1
0.796284 0.3975 0.0675 0.831937 0.463616 0.304861 66 27 0
0.8025 0.3975 0.0621002 0.097492 0.0588303 0.993496 66 26 0
0.795025 0.3975 0.0825 0.983139 0.0860212 -0.161364 81 39 3
0.8025 0.390491 0.0975 0.205049 -0.976413 -0.0676157 83 41 1
0.8025 0.3975 0.0912922 -0.295638 -0.223978 -0.928672 82 39 2
0.8025 0.393378 0.1125 0.0907229 -0.976425 0.195866 84 42 2
0.7875 0.391579 0.1125 0.105346 -0.971501 0.212342 83 40 1
0.8025 0.395991 0.1275 0.0754812 -0.982588 0.169774 84 42 2
0.7875 0.39471 0.1275 0.0835617 -0.978105 0.1906 84 41 2
0.789221 0.3975 0.1425 0.620691 0.677968 -0.393829 84 42 3
0.7875 0.397425 0.1425 0.0661532 -0.984848 0.160307 84 41 2
0.8025 0.3975 0.138385 0.321361 0.17873 0.929937 85 43 3
0.8025 0.410165 0.0075 0.0535762 0.983312 0.173861 89 61 31
0.8025 0.409683 0.0225 0.0686407 0.996467 -0.048404 82 51 21
0.8025 0.411508 0.0375 0.0372428 0.975544 -0.216627 70 36 5
0.7876 0.4125 0.0375 0.065172 0.978463 -0.195865 67 34 6
0.8025 0.4125 0.04072 0.000242598 0.959332 -0.282281 69 35 4
0.8025 0.409334 0.0675 0.016851 -0.891874 0.451969 69 30 0
0.795382 0.4125 0.0675 -0.793788 -0.183417 0.579878 69 31 1
0.8025 0.412197 0.0825 -0.199481 -0.923857 -0.326643 72 33 1
0.797827 0.4125 0.0825 -0.915674 -8.38058e-17 0.401923 72 32 1
0.8025 0.408771 0.0975 0.17727 0.951451 -0.251628 81 40 3
0.8025 0.4125 0.0837165 -0.00482637 0.00211699 0.999986 73 34 1
0.8025 0.4055 0.1125 0.0226451 0.960799 0.276321 82 41 3
0.8025 0.400472 0.1275 0.0778959 0.956561 0.280933 84 42 3
0.800827 0.3975 0.1575 0.897747 0.299176 -0.323331 85 43 3
0.795828 0.4125 0.1575 0.871511 0.385465 -0.303125 84 43 4
0.800026 0.3975 0.1725 0.944445 0.328387 -0.0136136 87 44 2
0.794625 0.4125 0.1725 0.880796 0.431798 -0.194292 85 43 2
0.8025 0.3975 0.175041 0.695805 0.229565 -0.680556 86 44 2
0.8025 0.4125 0.180185 0.662442 0.334955 -0.670057 85 43 2
0.8025 0.415922 0.0525 -0.0489414 0.996404 -0.0691601 69 32 2
0.8025 0.414749 0.0675 -0.0167075 0.995573 0.092496 70 32 1
0.8025 0.412768 0.0825 -0.0792 0.990123 0.115685 72 33 0
0.8025 0.424752 0.1875 0.510567 0.844491 -0.161729 84 42 2
0.8025 0.421774 0.2025 0.323442 0.924365 -0.202323 85 44 1
0.8025 0.423453 0.2175 0.00145597 0.999002 0.0446493 87 46 0
0.8025 0.421058 0.2325 0.044413 0.998288 0.0380629 91 46 0
0.8025 0.42253 0.2475 0.0585439 0.998154 0.0161606 94 48 0
0.816552 0.2625 0.1425 0.912924 0.123077 0.38913 88 48 5
0.8175 0.2625 0.140391 0.13202 0.322061 0.937469 87 48 5
0.8175 0.249035 0.1575 -0.163401 0.985161 -0.0525195 85 46 3
0.810734 0.2625 0.1575 0.942457 0.216327 0.254907 96 53 9
0.813377 0.2775 0.1425 0.911492 0.137495 0.387656 89 48 4
0.8175 0.2775 0.135299 0.438959 0.276689 0.854844 87 48 5
0.807897 0.2775 0.1575 0.917693 0.139312 0.372063 100 56 11
0.812281 0.2925 0.1425 0.857176 0.22664 0.462476 92 50 6
0.8175 0.2925 0.13079 -0.093553 0.00935937 0.99557 87 48 5
0.804999 0.2925 0.1575 0.894703 0.296382 0.334161 102 55 10
0.803771 0.3075 0.1425 0.769479 0.365675 0.523625 91 49 1
0.8175 0.3075 0.128973 0.245972 0.587028 0.771295 88 49 6
0.8025 0.304591 0.1575 0.975562 0.201601 0.0873814 105 59 10
0.8025 0.3075 0.150789 0.966219 0.223885 0.127655 99 55 6
0.8175 0.311774 0.1275 0.522142 0.646494 0.55625 88 49 6
0.810405 0.3225 0.1275 0.622192 0.391801 0.677768 91 50 7
0.8175 0.3225 0.12213 0.704069 0.437929 0.559022 88 49 7
0.8025 0.31215 0.1425 0.929917 0.254162 0.265811 93 51 3
0.8025 0.3225 0.136446 0.685631 0.368948 0.627525 96 54 8
0.8175 0.331607 0.1125 0.781865 0.475468 0.403257 87 48 7
0.812762 0.3375 0.1125 0.691857 0.52761 0.492911 88 48 6
0.8175 0.3375 0.104444 0.672318 0.512553 0.534114 87 48 6
0.8175 0.346321 0.0975 0.713559 0.419301 0.561267 87 49 5
0.813652 0.3525 0.0975 0.619882 0.585241 0.522723 86 48 4
0.8175 0.3525 0.0932377 0.261088 0.391816 0.882221 87 50 5
0.8175 0.365687 0.0825 0.323671 0.88903 -0.323825 89 48 4
0.815036 0.3675 0.0825 0.364435 0.688291 0.62725 88 47 3
0.8175 0.3675 0.0810204 0.45709 0.683645 0.568945 89 48 4
0.8175 0.378841 0.0675 0.485231 0.701193 0.522379 86 44 2
0.804884 0.3825 0.0675 0.233085 0.809496 0.538876 83 41 1
0.8175 0.3825 0.0586981 -0.141486 0.0618312 0.988007 83 41 1
0.8175 0.384223 0.0675 -0.773149 -0.613126 0.162229 85 43 2
0.808857 0.3975 0.0675 -0.958598 -0.0437352 0.281384 69 29 0
0.8175 0.388804 0.0825 -0.594688 -0.80354 -0.0258853 81 41 0
0.810912 0.3975 0.0825 -0.966645 0.1513 -0.206655 79 38 1
0.8175 0.391863 0.0975 -0.104098 -0.93279 0.34506 85 45 3
0.8175 0.393849 0.1125 0.15273 -0.9756 0.157728 84 44 3
0.8175 0.39681 0.1275 0.118283 -0.975453 0.185744 87 47 5
0.8175 0.3975 0.131269 0.209089 -0.902028 0.377661 87 46 5
0.816281 0.3825 0.2025 0.741315 0.102783 -0.663241 101 59 12
0.814201 0.3975 0.2025 0.940894 0.296931 -0.162943 91 48 3
0.8175 0.3825 0.203862 0.749873 0.108573 -0.652612 102 61 14
0.8175 0.3975 0.20606 0.738373 0.200961 -0.643755 93 49 5
0.8175 0.408848 0.0075 0.304488 0.919102 0.250078 99 71 40
0.8175 0.406631 0.0225 0.335033 0.940116 -0.0627322 86 53 21
0.809872 0.4125 0.0375 -0.116953 0.948027 -0.295917 72 38 6
0.8175 0.4125 0.0354821 -0.0530063 0.908983 -0.413448 76 42 9
0.8175 0.412401 0.0675 0.122797 0.992417 -0.00535575 70 31 0
0.817011 0.4125 0.0675 0.431683 0.895394 0.109179 70 31 0
0.8175 0.4125 0.0669457 0.326257 0.50128 0.80142 70 31 0
0.8175 0.4125 0.0800569 -0.921176 0.0114414 -0.388979 74 35 3
0.8175 0.408112 0.0975 0.186171 0.98141 0.0466271 79 40 1
0.8175 0.4125 0.0825754 -0.100371 0.698025 0.709004 75 36 3
0.8175 0.405291 0.1125 0.29126 0.924496 0.245917 82 41 2
0.8175 0.399468 0.1275 0.105445 0.936471 0.334518 87 46 5
0.814291 0.3975 0.1875 0.885531 0.270985 -0.377361 87 46 2
0.809701 0.4125 0.1875 0.886537 0.35393 -0.297969 85 44 2
0.808639 0.4125 0.2025 0.871611 0.433993 -0.227912 87 45 2
0.8175 0.4125 0.211972 0.688759 0.334708 -0.643103 90 48 5
0.8175 0.413398 0.0375 0.116233 0.984531 -0.131106 75 40 7
0.8175 0.414261 0.0525 0.175448 0.983465 0.0448888 70 34 1
0.8175 0.41252 0.0825 0.0347111 0.99228 0.119058 75 36 3
0.8175 0.422118 0.2175 0.577308 0.783069 -0.231341 87 46 2
0.8175 0.421675 0.2325 0.332748 0.942908 0.0142429 90 49 2
0.8175 0.418838 0.2475 0.26478 0.964307 0.00196223 92 49 1
0.8325 0.255568 0.1425 -0.0438896 -0.998173 0.0415355 84 47 10
0.818547 0.2625 0.1425 -0.915186 -0.11191 0.387182 87 48 5
0.82877 0.2625 0.1575 -0.937789 0.309194 0.157957 86 48 9
0.829034 0.2625 0.1725 -0.958844 0.18006 0.219539 88 48 9
0.8325 0.2625 0.177093 0.345246 0.164155 0.924044 86 47 8
0.8325 0.273155 0.1125 0.949007 0.132366 -0.286121 84 45 3
0.831085 0.2775 0.1125 1 3.19662e-17 0 84 45 2
0.8325 0.2775 0.111476 0.875666 0.0787608 0.476451 84 45 2
0.8325 0.2775 0.113932 0.867667 -0.373267 -0.328368 84 45 3
0.8325 0.268914 0.1425 -0.0457115 0.998718 0.0217437 85 48 10
0.8325 0.2775 0.133492 -0.0450466 0.117344 0.992069 85 49 9
0.831513 0.2775 0.1575 -0.991966 -0.0331617 0.122083 85 48 10
0.8325 0.2775 0.156924 -0.0600299 0.586546 -0.807688 85 48 10
0.831102 0.2775 0.1725 -0.991879 0.0617855 0.111167 88 49 9
0.8325 0.2775 0.175038 -0.551871 0.00982367 0.833872 87 48 9
0.8325 0.278548 0.1125 0.801626 -0.480355 0.355886 84 45 2
0.8325 0.28705 0.1425 0.182672 -0.974585 0.129672 86 49 10
0.822399 0.2925 0.1425 -0.877941 -0.290143 0.380836 87 49 7
0.831157 0.2925 0.1575 -0.956684 0.102291 0.272567 86 48 9
0.831844 0.2925 0.1725 -0.994794 0.0456042 0.0911342 87 49 9
0.8325 0.2925 0.181299 0.742582 0.0678644 0.666308 88 49 8
0.8325 0.302841 0.1125 0.710991 0.694136 -0.112553 84 46 4
0.824898 0.3075 0.1125 0.851329 0.368277 0.373645 87 48 5
0.8325 0.3075 0.107257 0.720669 0.346686 0.600371 84 46 4
0.8325 0.3075 0.120655 0.635529 0.765317 -0.101942 84 46 5
0.826225 0.3075 0.1425 -0.839638 0.143633 0.52381 85 48 6
0.8325 0.293223 0.1575 0.24103 0.756127 0.608422 86 48 9
0.8325 0.3075 0.145381 -0.0373473 -0.072729 0.996652 83 47 7
0.8325 0.298373 0.1725 -0.225467 0.973871 0.0271981 86 49 9
0.821883 0.3225 0.1125 0.731569 0.460561 0.502683 86 47 6
0.8325 0.3225 0.105871 0.630447 0.324512 0.705145 85 47 5
0.8325 0.311501 0.1275 0.0233618 0.850507 -0.525445 85 47 7
0.828361 0.3225 0.1425 -0.910646 0.381507 -0.158672 86 50 7
0.8325 0.3225 0.139694 0.173423 0.378912 -0.909038 85 49 7
0.8325 0.32097 0.1575 0.241296 -0.720755 0.649837 86 49 10
0.830283 0.3225 0.1575 -0.958361 -0.0555797 0.2801 87 49 10
0.8325 0.3225 0.164407 -0.453032 -0.0912148 0.886816 86 49 10
0.8325 0.333461 0.0975 0.598915 0.648476 0.469872 86 47 5
0.822466 0.3375 0.0975 0.583151 0.591847 0.556464 87 48 5
0.8325 0.3375 0.0851688 0.670296 0.311045 0.673761 85 48 6
0.8325 0.329803 0.1125 2.36692e-17 -1 0 85 47 6
0.820533 0.3375 0.1125 -0.936471 -0.23746 -0.258137 87 48 7
0.8325 0.3375 0.102094 0.232474 -0.269771 -0.934441 86 47 5
0.8325 0.3375 0.118292 -0.132678 -0.129767 0.982628 86 48 7
0.829469 0.3375 0.1425 -0.99304 0.117718 -0.00368126 87 48 8
0.8325 0.3375 0.140083 -0.190882 0.0772447 -0.978569 87 48 8
0.831497 0.3375 0.1575 -0.977889 0.124447 0.168065 86 50 9
0.8325 0.3375 0.160396 0.79006 0.159073 0.592031 86 50 9
0.8325 0.344255 0.0075 0.948203 0.283603 -0.143109 94 64 29
0.830998 0.3525 0.0075 0.999873 0.0060115 0.0147282 100 69 35
0.8325 0.3525 0.0130899 0.965329 -0.00478205 -0.260993 94 64 29
0.8325 0.351246 0.0675 0.879486 0.324401 -0.348235 86 49 5
0.830617 0.3525 0.0675 0.751946 0.331627 0.569737 86 49 5
0.8325 0.3525 0.0662372 0.914401 0.189824 0.357543 86 49 5
0.8325 0.3525 0.0686881 0.46969 0.272368 -0.839766 86 49 5
0.8325 0.3525 0.0925573 0.481218 -0.116084 0.868881 86 49 6
0.823537 0.3525 0.1125 -0.982878 0.0654781 0.172229 86 49 6
0.8325 0.3525 0.104493 -0.135351 0.187417 -0.972911 86 49 7
0.8325 0.3525 0.117321 0.0762391 -0.311495 0.947185 86 49 8
0.832398 0.3525 0.1425 -0.99921 -0.0210234 0.0337325 87 49 10
0.8325 0.3525 0.142418 0.0725128 -0.435635 -0.897198 87 48 9
0.8325 0.344752 0.1575 -0.276074 0.724856 0.631163 87 50 9
0.8325 0.3525 0.143476 0.270836 0.187313 0.944226 87 49 10
0.832267 0.3675 0.0075 0.973925 -0.0857336 -0.210048 102 72 40
0.8325 0.3675 0.00828093 0.946374 -0.2337 -0.223071 101 71 39
0.82595 0.3675 0.0675 0.712578 0.349262 0.60848 86 46 3
0.8325 0.3675 0.06417 0.705536 0.0212388 0.708355 86 48 5
0.818241 0.3675 0.0825 -0.935299 0.0253512 0.35295 89 48 4
0.8325 0.3675 0.0715363 -0.0346498 -0.405791 -0.913309 86 48 6
0.8325 0.3675 0.0885313 0.0956292 0.00585006 0.9954 86 50 8
0.827323 0.3675 0.1125 -0.993094 0.0749016 -0.0902991 86 50 8
0.8325 0.3675 0.10826 -0.106983 -0.246911 -0.963114 85 49 8
0.8325 0.364602 0.1275 0.279385 -0.907149 0.314683 87 49 8
0.829415 0.3675 0.1275 -0.981801 0.0239658 0.188394 87 49 8
0.830768 0.3675 0.1425 -0.990004 0.00288159 0.141011 87 50 9
0.8325 0.3675 0.149002 0.156029 0.0187708 0.987574 87 50 10
0.8325 0.36817 0.0075 0.772344 -0.334494 0.54 101 71 40
0.8325 0.370882 0.0675 0.616945 -0.756465 0.217116 86 47 5
0.819121 0.3825 0.0675 -0.870473 -0.479786 -0.109919 86 44 3
0.825396 0.3825 0.0825 -0.965256 -0.0675765 0.252415 85 45 4
0.8325 0.377631 0.0975 0.0739183 -0.996748 -0.0320924 85 48 6
0.826935 0.3825 0.0975 -0.857493 -0.291819 0.423731 85 47 5
0.831683 0.3825 0.1125 -0.951197 0.234733 0.200313 85 49 8
0.8325 0.379361 0.1275 0.262023 0.930942 0.254342 86 50 8
0.8325 0.3825 0.118984 0.915928 0.360909 0.17556 85 49 8
0.8325 0.377802 0.1425 -0.791543 0.551957 0.262304 87 50 10
0.8325 0.390438 0.0225 0.945297 0.312948 -0.0920698 80 49 16
0.829297 0.3975 0.0225 0.657452 0.728 -0.194354 79 47 14
0.8325 0.3975 0.00957939 0.90874 0.359544 0.211942 95 65 35
0.8325 0.3975 0.0279422 0.860593 0.379369 -0.339793 81 49 15
0.8325 0.390641 0.1125 0 0.684006 0.729476 85 49 8
0.830533 0.3975 0.1125 0.870058 0.201744 0.449777 86 48 8
0.8325 0.3975 0.104919 -0.14244 -0.677713 0.721398 86 48 8
0.819704 0.3975 0.1275 0.596134 0.698921 0.395136 87 47 6
0.829546 0.3825 0.2175 0.922554 0.153789 -0.353897 102 61 14
0.827045 0.3975 0.2175 0.92163 0.181423 -0.34305 99 57 12
0.828486 0.3825 0.2325 0.989248 0.119036 -0.0849646 103 60 11
0.827179 0.3975 0.2325 0.953591 0.211061 -0.214749 105 63 14
0.8325 0.3825 0.238448 0.698273 0.105453 -0.708022 106 64 14
0.8325 0.3975 0.240542 0.75773 0.20639 -0.61907 109 68 18
0.8325 0.398636 0.0075 0.482057 0.77086 0.416409 99 69 38
0.8325 0.403874 0.0375 0.697519 0.706431 -0.120093 83 48 14
0.819511 0.4125 0.0375 0.536624 0.795604 -0.281157 75 41 7
0.8325 0.401509 0.0525 0.712736 0.69855 -0.0635293 84 49 12
0.820554 0.4125 0.0525 0.612544 0.787797 0.0645492 73 37 3
0.8325 0.40824 0.0675 0.685659 0.727891 0.00687463 85 48 11
0.8325 0.401745 0.0825 0.577667 0.796189 0.179955 85 46 7
0.817569 0.4125 0.0825 0.583363 0.812194 -0.00532255 75 36 3
0.8325 0.398931 0.0975 0.535793 0.830421 0.152729 86 48 8
0.822185 0.4125 0.2175 0.906936 0.326505 -0.266197 92 52 8
0.822357 0.4125 0.2325 0.886986 0.353489 -0.297156 96 56 8
0.8325 0.4125 0.246932 0.774268 0.298413 -0.558086 106 68 21
0.8325 0.413892 0.2475 0.394748 0.916689 0.062089 105 67 20
0.840815 0.2625 0.0075 0.965502 0.115353 0.233452 95 66 32
0.837631 0.2625 0.0225 0.983962 0.173734 0.0404495 89 59 24
0.839533 0.2625 0.0375 0.994838 0.0726246 -0.070879 89 57 22
0.838293 0.2625 0.0525 0.999568 0.0293968 -0.000798983 83 50 14
0.839596 0.2625 0.0675 0.99935 0.00418236 -0.035808 78 46 9
0.839279 0.2625 0.0825 0.996138 0.0875816 0.00626968 78 46 8
0.840622 0.2625 0.0975 0.989238 0.0953706 0.110964 79 46 8
0.833943 0.2625 0.1125 0.992137 0.102865 0.0712897 82 46 4
0.837802 0.2625 0.1275 0.990038 0.0440421 -0.133735 82 46 8
0.837996 0.2625 0.1425 0.987386 0.0452371 0.151734 82 46 8
0.833775 0.2625 0.1575 0.994377 0.0420991 0.0971682 85 48 10
0.833972 0.2625 0.1725 0.997291 0.053565 0.0504121 86 48 9
0.833215 0.2625 0.2025 0.962293 0.139624 -0.233445 90 49 7
0.8325 0.2625 0.199954 0.955242 0.125139 -0.268053 89 49 7
0.8325 0.2625 0.203033 0.931219 0.172334 0.321144 90 50 7
0.841062 0.2625 0.2325 0.836479 0.110595 -0.536722 100 61 18
0.8325 0.2625 0.225252 0.633753 0.145326 -0.759761 106 64 19
0.835255 0.2775 0.0075 0.893526 0.151622 0.422637 94 64 28
0.832557 0.2775 0.0225 0.989186 -0.0187349 -0.145466 82 51 15
0.838652 0.2775 0.0375 0.996325 -0.0293655 -0.0804585 87 56 21
0.837438 0.2775 0.0525 0.999224 0.00381942 -0.0391896 83 51 15
0.839483 0.2775 0.0675 0.998365 0.0330726 0.0466245 78 47 9
0.834875 0.2775 0.0825 0.999646 0.0257626 -0.0066173 81 45 4
0.839795 0.2775 0.0975 0.992222 -0.0844148 0.0914861 80 47 8
0.837331 0.2775 0.1275 0.998469 -0.0510509 0.0213172 83 48 9
0.832818 0.2775 0.1575 0.995243 0.0887285 0.0402342 85 48 10
0.833215 0.2775 0.1725 0.999702 0.0111087 0.0217527 87 48 10
0.8325 0.265576 0.2025 0.974058 0.226301 0 89 49 6
0.840258 0.2775 0.2325 0.861506 -0.0161622 -0.50749 96 56 12
0.8325 0.2775 0.22624 0.753553 -0.0728001 -0.653343 103 61 15
0.842542 0.2625 0.2475 0.96828 -0.15543 -0.195638 107 67 25
0.846556 0.2775 0.2475 0.989963 -0.0448427 -0.134025 103 65 20
0.834675 0.2925 0.0075 0.979541 -0.0259353 0.199568 90 60 24
0.839213 0.2925 0.0225 0.974858 -0.102606 -0.197796 93 62 27
0.837959 0.2925 0.0375 0.999206 0.0149447 0.0369257 88 55 20
0.838525 0.2925 0.0525 0.997699 -0.0154632 -0.0660077 81 48 11
0.839764 0.2925 0.0675 0.998673 -0.0342323 0.0384723 80 48 10
0.838392 0.2925 0.0825 0.997208 -0.0643872 -0.0378116 81 45 6
0.839795 0.2925 0.0975 0.996557 0.0348018 -0.0752464 81 47 8
0.840822 0.2925 0.1125 0.992565 0.0389153 0.115331 81 46 7
0.836238 0.2925 0.1275 0.990651 0.0537146 0.125398 83 48 8
0.837025 0.2925 0.1425 0.994006 -0.0697772 0.0841618 84 48 9
0.833145 0.2925 0.1575 0.981245 0.0723402 0.178677 85 48 9
0.832967 0.2925 0.1725 0.998422 0.0524904 0.0199403 86 49 9
0.839486 0.2925 0.2325 0.888488 -0.0404854 -0.457111 93 52 8
0.8325 0.2925 0.219066 0.872621 -0.0969357 -0.478682 93 53 7
0.84557 0.2925 0.2475 0.996998 0.0385762 -0.067134 93 54 10
0.832919 0.3075 0.0075 0.937884 -0.0370108 0.34497 89 59 22
0.838518 0.3075 0.0225 0.991437 -0.00384444 -0.130527 93 62 25
0.837783 0.3075 0.0375 0.999084 0.0358552 0.0233566 88 56 19
0.838082 0.3075 0.0525 0.997055 0.0555737 -0.0528438 82 49 10
0.839488 0.3075 0.0675 0.998106 0.0612484 0.00582604 80 48 11
0.837919 0.3075 0.0825 0.991432 0.123286 0.043174 82 45 6
0.838722 0.3075 0.0975 0.979278 0.157446 0.127377 82 47 9
0.835705 0.3075 0.1275 0.970907 0.225926 -0.0793512 84 47 8
0.836025 0.3075 0.1425 0.982933 0.0432103 0.178817 82 47 7
0.840699 0.3075 0.2325 0.920113 -0.00583008 -0.391609 96 55 11
0.8325 0.3075 0.218953 0.854432 0.00906509 -0.519484 95 53 9
0.844166 0.3075 0.2475 0.990508 0.0279688 -0.134579 94 54 9
0.83504 0.3225 0.0075 0.958659 -0.0368959 0.282156 93 63 27
0.838415 0.3225 0.0225 0.998193 0.0178199 -0.0573798 92 60 23
0.836616 0.3225 0.0375 0.996681 0.0576432 0.0574776 90 57 20
0.836738 0.3225 0.0525 0.996892 0.0620766 -0.0485064 85 51 11
0.837911 0.3225 0.0675 0.993375 0.0946542 0.0651621 82 50 12
0.834121 0.3225 0.0825 0.993649 0.111006 0.0184183 83 44 4
0.838707 0.3225 0.0975 0.9784 0.194887 0.0689352 83 47 8
0.834605 0.3225 0.1425 0.981566 0.146964 -0.12219 85 49 8
0.834518 0.3225 0.1575 0.993718 0.00586754 0.111759 85 49 10
0.84048 0.3225 0.2325 0.911694 0.159347 -0.378711 97 57 12
0.8325 0.3225 0.219498 0.826665 0.243304 -0.507374 97 55 11
0.842054 0.3225 0.2475 0.981505 0.0526199 -0.184061 98 57 12
0.835375 0.3375 0.0075 0.97499 0.14542 0.16807 92 62 26
0.838131 0.3375 0.0225 0.996077 0.088184 0.00741954 92 60 22
0.835995 0.3375 0.0375 0.993244 0.100872 0.0573748 88 55 17
0.836379 0.3375 0.0525 0.996427 0.0246389 -0.0807898 87 51 9
0.837279 0.3375 0.0675 0.994909 0.0540348 0.0850666 81 48 10
0.833216 0.3375 0.0825 0.977316 -0.103741 0.184641 85 48 6
0.838208 0.3375 0.1125 0.966808 -0.182025 0.179303 83 48 9
0.834345 0.3375 0.1425 0.994779 0.0624754 -0.0806899 87 48 8
0.833626 0.3375 0.1575 0.991021 0.100085 0.088659 86 50 9
0.8325 0.335751 0.2325 0.732075 0.448174 -0.513036 106 63 16
0.842941 0.3375 0.2475 0.945917 0.12182 -0.300667 99 58 11
0.8325 0.3375 0.234216 0.785601 0.0689736 -0.614878 107 64 16
0.835406 0.3525 0.0225 0.989233 0.136325 -0.0532308 87 56 19
0.833588 0.3525 0.0375 0.998691 0.049069 -0.0144249 83 50 11
0.837145 0.3525 0.0525 0.998424 0.0524189 0.0200551 86 52 13
0.838939 0.3525 0.0825 0.993404 0.00220547 0.114646 84 49 10
0.83794 0.3525 0.1125 0.997175 -0.0539793 -0.0522324 84 48 9
0.832573 0.3525 0.1425 0.998628 -0.012318 0.0508975 87 49 9
0.842195 0.3525 0.2475 0.940436 -0.029246 -0.338711 99 59 14
0.8325 0.3525 0.235052 0.742631 -0.0156521 -0.669518 107 64 17
0.835778 0.3675 0.0225 0.998433 -0.0544784 0.0127844 87 56 21
0.833215 0.3675 0.0375 0.993652 -0.070752 -0.0874633 83 47 5
0.836607 0.3675 0.0525 0.994136 -0.104815 0.0266001 86 53 13
0.836899 0.3675 0.0825 0.996542 -0.0758663 -0.0338963 86 50 10
0.836052 0.3675 0.1125 0.988955 0.0900367 -0.117734 85 50 9
0.835718 0.3675 0.1275 0.996611 0.0430193 0.0701145 86 49 9
0.834386 0.3675 0.1425 0.990588 0.0683684 0.118581 87 50 9
0.84537 0.3675 0.2475 0.937957 -0.0238816 -0.345927 100 59 14
0.8325 0.3675 0.236614 0.637683 0.0799526 -0.766138 107 64 16
0.8386 0.3825 0.0075 0.911016 -0.0101232 0.412247 92 63 31
0.834829 0.3825 0.0225 0.992512 0.113814 0.0443425 84 53 20
0.837536 0.3825 0.0375 0.995225 -0.0492403 -0.0842768 90 57 21
0.836309 0.3825 0.0525 0.993986 0.10889 0.0115914 87 51 13
0.83788 0.3825 0.0675 0.99974 -0.0214985 -0.00756292 83 47 8
0.835269 0.3825 0.0825 0.990253 0.13508 0.0339395 84 48 8
0.837694 0.3825 0.0975 0.999176 0.0329875 0.0236638 85 49 8
0.833139 0.3825 0.1125 0.966941 0.19428 0.16517 84 49 8
0.843794 0.3825 0.2475 0.932637 0.145591 -0.330137 97 58 13
0.833352 0.3975 0.0075 0.718686 0.350292 0.600654 98 68 38
0.835219 0.3975 0.0375 0.974481 0.216118 -0.0606576 88 53 19
0.833657 0.3975 0.0525 0.976896 0.212772 -0.0200743 85 50 14
0.835281 0.3975 0.0675 0.979671 0.196 0.0427666 84 47 9
0.833083 0.3975 0.0825 0.980254 0.196376 0.0232033 85 47 8
0.833144 0.3975 0.0975 0.961787 0.247807 0.116433 86 48 8
0.840174 0.3975 0.2475 0.910597 0.219626 -0.35011 101 62 15
0.83313 0.4125 0.2475 0.8721 0.439839 -0.214437 105 67 20
0.7425 0.283399 0.7875 0.00316711 0.728055 -0.685511 53 23 0
0.7275 0.284512 0.7875 0.0390916 0.720092 -0.692776 65 36 13
0.7275 0.2775 0.780488 0.00976862 0.707073 -0.707073 64 38 16
0.7425 0.2775 0.781601 0.0258757 0.70687 -0.70687 50 23 1
0.7425 0.2925 0.797266 0.037179 0.450061 -0.892224 96 62 29
0.7275 0.2925 0.796282 0.0802639 0.247324 -0.965603 91 57 24
0.7425 0.290467 0.8775 0.523781 0.846412 0.0961301 80 76 60
0.73945 0.2925 0.8775 0.616078 0.77491 0.141292 75 73 56
0.7425 0.2925 0.871958 0.565261 0.75139 0.340431 92 87 71
0.7425 0.2925 0.891515 0.606889 0.78392 -0.130975 91 92 78
0.7425 0.290654 0.9075 0.627061 0.77704 0.0548033 71 72 58
0.739408 0.2925 0.9075 0.509343 0.852888 0.114684 72 72 58
0.7425 0.2925 0.893769 0.625951 0.773126 0.102281 90 91 77
0.7425 0.3075 0.79965 0.0799509 0.277611 -0.957361 74 44 16
0.7275 0.3075 0.797485 0.0322203 0.31181 -0.949598 88 58 25
0.7425 0.30535 0.8475 0.512156 0.753559 0.412123 75 50 21
0.739937 0.3075 0.8475 0.542206 0.707827 0.452762 76 50 20
0.7425 0.3075 0.844784 0.401362 0.666323 0.628429 78 49 18
0.7425 0.29779 0.8625 0.541424 0.754573 0.370781 117 108 94
0.7275 0.307189 0.8625 0.501233 0.795439 0.34065 120 113 97
0.7275 0.3075 0.862098 0.5457 0.696966 0.465241 119 111 95
0.7275 0.302045 0.8775 0.568847 0.810646 0.138799 70 68 59
0.7425 0.292655 0.8925 0.534539 0.845129 -0.00505246 92 93 79
0.7275 0.301985 0.8925 0.528173 0.84913 0.00336054 100 96 89
0.7425 0.311264 0.8025 0.0976252 0.740644 -0.664768 75 41 14
0.7275 0.312515 0.8025 0.0247616 0.742734 -0.669128 88 56 25
0.7425 0.3225 0.815611 0.0760773 0.66125 -0.746298 121 81 36
0.7275 0.3225 0.814479 0.0241591 0.631788 -0.774764 116 77 34
0.7425 0.319287 0.8325 0.40387 0.711302 0.575272 92 54 14
0.735981 0.3225 0.8325 0.392019 0.725497 0.565663 96 57 16
0.7425 0.3225 0.828225 0.388625 0.795394 0.465102 106 66 22
0.7275 0.31705 0.8475 0.530525 0.723071 0.442393 77 49 14
0.7275 0.3225 0.838003 0.469534 0.713403 0.520187 91 55 15
0.7425 0.327836 0.8175 0.324789 0.939472 0.109103 126 85 38
0.7275 0.330078 0.8175 0.117991 0.916742 -0.381656 112 74 28
0.7275 0.327727 0.8325 0.371635 0.922797 0.10165 111 70 24
0.7575 0.276719 0.9225 0.0217672 0.999763 -0.000285236 39 30 13
0.756897 0.2775 0.9225 0.682255 0.726687 -0.0803342 40 31 14
0.7575 0.2775 0.916076 0.11596 0.986056 0.119357 44 33 19
0.7575 0.2775 0.925581 0.0353847 0.969106 -0.244093 38 29 13
0.7575 0.277306 0.9525 -0.0483304 0.994688 0.090882 25 11 2
0.757138 0.2775 0.9525 0.466394 0.87048 0.157291 25 11 2
0.7575 0.2775 0.951426 -0.316478 0.92899 0.191883 26 12 3
0.7575 0.284085 0.7875 -0.161112 0.658333 -0.735283 55 28 10
0.7575 0.2775 0.780915 -0.0226007 0.706926 -0.706926 53 31 10
0.7575 0.2925 0.797377 -0.166952 0.547463 -0.820007 78 45 13
0.7575 0.286245 0.8625 0.565788 0.789829 0.236756 90 82 75
0.748548 0.2925 0.8625 0.563428 0.717021 0.410402 107 99 89
0.7575 0.2925 0.851049 0.48791 0.70263 0.517933 66 51 30
0.7575 0.283078 0.8775 0.475241 0.862084 0.175944 37 35 29
0.7575 0.279924 0.8925 0.51741 0.85419 0.051446 74 67 54
0.742655 0.2925 0.8925 0.643877 0.759223 -0.0948824 92 93 79
0.7575 0.278546 0.9075 0.504614 0.860991 0.0637124 51 38 29
0.7425 0.290974 0.9225 0.663018 0.74779 -0.0348882 67 63 51
0.7575 0.280497 0.9375 0.0775308 0.989767 -0.119789 33 27 12
0.744352 0.2925 0.9375 0.666196 0.727602 -0.16364 51 40 35
0.7425 0.2925 0.9308 0.547423 0.823067 -0.151292 60 52 44
0.7575 0.3075 0.800205 0.0220182 0.278565 -0.960165 86 54 20
0.7575 0.294953 0.8475 0.461949 0.699035 0.545851 58 40 13
0.7575 0.3075 0.835856 0.313973 0.659566 0.68293 72 42 16
0.7575 0.309795 0.8025 0.0549297 0.828237 -0.55768 87 54 19
0.7575 0.320535 0.8175 0.334039 0.942432 -0.015466 122 82 33
0.754117 0.3225 0.8175 0.313614 0.870164 -0.380081 125 85 36
0.7575 0.31071 0.8325 0.348686 0.74234 0.572144 76 43 17
0.764884 0.2625 0.7725 -0.540094 0.595104 -0.595104 50 26 0
0.7725 0.269412 0.7725 -0.540094 0.595104 -0.595104 57 27 0
0.7725 0.2625 0.765588 -0.540094 0.595104 -0.595104 63 26 0
0.7725 0.275616 0.8625 0.264788 0.883798 0.38573 57 46 29
0.766212 0.2775 0.8625 0.603596 0.728644 0.32365 68 60 47
0.7725 0.2775 0.858184 0.307615 0.683568 0.661897 62 50 37
0.7725 0.275629 0.8925 0.171618 0.977976 -0.118788 49 40 18
0.762073 0.2775 0.8925 0.401958 0.915508 -0.0165979 65 57 42
0.7725 0.277492 0.9075 0.00875096 0.998313 0.0573937 43 35 12
0.77222 0.2775 0.9075 0.152443 0.98821 -0.0141925 43 35 12
0.7725 0.276989 0.9225 -0.0180282 0.999837 -0.000448651 50 27 13
0.7725 0.2775 0.924762 -0.0435243 0.960407 -0.275181 49 25 11
0.7578 0.2775 0.9525 -0.280196 0.835841 -0.472081 25 11 2
0.7575 0.2775 0.952693 -0.319613 0.805985 -0.498233 25 11 2
0.7725 0.292059 0.7875 -0.228164 0.429187 -0.873922 41 19 0
0.7725 0.2775 0.780826 -0.142262 0.525851 -0.838596 51 25 4
0.7725 0.2925 0.788193 -0.40739 0.63027 -0.660903 42 21 1
0.7725 0.290578 0.8475 0.153686 0.650288 0.74398 63 47 34
0.764368 0.2925 0.8475 0.238765 0.666398 0.706332 59 42 22
0.7725 0.2925 0.845073 0.255897 0.688079 0.679017 60 44 28
0.765933 0.2775 0.8775 0.610756 0.785002 0.103677 54 46 31
0.7725 0.281807 0.9375 -0.0856832 0.981105 -0.173468 42 19 5
0.7725 0.282404 0.9525 -0.173073 0.971444 -0.162301 30 13 4
0.7725 0.285878 0.9675 0.0454748 0.973217 -0.225348 37 11 5
0.7575 0.286578 0.9675 -0.131548 0.913409 -0.385199 31 14 2
0.7725 0.3075 0.800373 -0.199496 0.452624 -0.869099 60 38 9
0.7725 0.304565 0.8325 0.270254 0.694853 0.66644 66 41 14
0.764955 0.3075 0.8325 0.283572 0.722849 0.63014 72 43 17
0.7725 0.3075 0.829433 0.0379569 0.733676 0.678439 72 44 15
0.7725 0.312048 0.8025 -0.0935376 0.864131 -0.494498 59 33 8
0.7725 0.316252 0.8175 0.0582454 0.991797 0.113785 88 55 20
0.782245 0.2925 0.9225 -0.595317 0.77037 -0.228315 62 34 7
0.7875 0.29638 0.9225 -0.576461 0.780823 -0.240849 65 34 0
0.776727 0.2925 0.9375 -0.6042 0.765204 -0.222273 55 32 8
0.7875 0.301007 0.9375 -0.595317 0.77037 -0.228315 66 32 4
0.7875 0.311506 0.8025 0.029727 0.822581 -0.56787 48 17 0
0.7875 0.3075 0.799741 -0.00933645 0.495929 -0.868313 50 15 0
0.7875 0.31976 0.8175 -0.073512 0.983832 0.163309 82 45 18
0.7875 0.3075 0.827102 0.121473 0.612015 0.781462 60 24 1
0.785012 0.3075 0.8475 -0.431258 0.902228 0 50 25 2
0.7875 0.308689 0.8475 -0.431258 0.902228 0 47 23 1
0.7875 0.3075 0.845412 -0.383569 0.802459 -0.457093 48 22 0
0.7875 0.3075 0.854588 -0.426401 0.892066 0.149667 63 34 7
0.796172 0.3375 0.9075 -0.707107 0.707107 0 74 56 28
0.8025 0.343828 0.9075 -0.707107 0.707107 0 78 52 21
0.8025 0.3375 0.900734 -0.589796 0.589796 -0.551618 77 45 11
0.8025 0.3375 0.914599 -0.598187 0.598187 0.53324 69 42 8
0.810051 0.3525 0.7425 -0.996358 0.0852673 0.000749919 103 60 20
0.811334 0.3675 0.7425 -0.985247 0.170371 -0.0161825 113 82 44
0.810062 0.3525 0.7575 -0.997249 0.0732571 -0.0113358 101 59 21
0.810982 0.3675 0.7575 -0.895042 0.440742 0.0681629 107 74 40
0.815138 0.3825 0.7425 -0.89857 0.41732 0.135708 82 54 19
0.8175 0.374018 0.7575 -0.621986 0.741577 0.251388 112 71 38
0.8175 0.3825 0.744862 -0.565251 0.644304 0.515134 85 53 19
0.810739 0.3675 0.7725 -0.707081 0.707081 -0.00859424 109 74 44
0.8175 0.374261 0.7725 -0.649372 0.760364 -0.0127315 116 74 43
0.810587 0.3675 0.7875 -0.707082 0.707082 0.00832909 104 72 34
0.8175 0.374413 0.7875 -0.656799 0.754063 -0.00185818 112 69 33
0.810932 0.3675 0.8025 -0.798129 0.597775 -0.0751983 98 66 30
0.8175 0.374068 0.8025 -0.668043 0.737641 -0.0980031 109 70 29
0.81113 0.3675 0.8175 -0.854526 0.512861 0.0822166 91 58 27
0.8175 0.380407 0.8175 -0.788006 0.612799 -0.0593552 95 52 17
0.811107 0.3675 0.8325 -0.695888 0.717893 -0.0192213 124 85 38
0.8175 0.373564 0.8325 -0.728249 0.674599 0.120705 114 73 30
0.810711 0.3675 0.8475 -0.709071 0.704836 0.020607 125 85 39
0.8175 0.374347 0.8475 -0.681682 0.731633 -0.00481469 126 80 33
0.811566 0.3675 0.8625 -0.707036 0.707036 -0.014158 86 52 18
0.8175 0.373434 0.8625 -0.697678 0.716386 0.0060047 92 49 15
0.810726 0.3675 0.8775 -0.706827 0.706827 -0.0281154 100 71 31
0.8175 0.374274 0.8775 -0.690269 0.723101 -0.0255658 94 61 17
0.810247 0.3675 0.8925 -0.691274 0.691274 0.210427 112 83 47
0.8175 0.374753 0.8925 -0.676881 0.725542 0.124185 119 76 32
0.8175 0.3675 0.899753 -0.553878 0.597679 0.579654 122 79 34
0.810493 0.3675 0.9225 -0.57735 0.57735 -0.57735 80 58 27
0.8175 0.374507 0.9225 -0.566115 0.590603 -0.575067 90 59 24
0.8175 0.3675 0.915493 -0.579518 0.576263 -0.576263 101 63 23
0.810757 0.3675 0.9525 -0.706772 0.706772 -0.0307552 77 48 19
0.8175 0.374243 0.9525 -0.706772 0.706772 -0.0307552 82 47 11
0.8175 0.384862 0.7425 -0.689902 0.72239 0.0467807 83 53 19
0.828757 0.3825 0.7575 -0.793661 0.575068 0.198491 159 102 44
0.828197 0.3825 0.7725 -0.880212 0.473674 -0.0293143 138 83 30
0.82769 0.3825 0.7875 -0.880367 0.474119 -0.0128433 136 82 36
0.827225 0.3825 0.8025 -0.892423 0.40931 -0.189861 138 85 29
0.820481 0.3825 0.8175 -0.859983 0.507054 0.0576662 107 60 19
0.827274 0.3825 0.8325 -0.867274 0.484295 0.115301 134 80 31
0.826777 0.3825 0.8475 -0.908441 0.417955 -0.00703967 138 86 29
0.826636 0.3825 0.8625 -0.910746 0.412836 -0.0103537 135 83 32
0.826761 0.3825 0.8775 -0.911019 0.412166 -0.012795 129 78 29
0.826354 0.3825 0.8925 -0.937169 0.319561 0.139979 139 92 37
0.825409 0.3675 0.9075 -0.904808 0.418739 -0.0773248 151 102 48
0.826471 0.3825 0.9075 -0.995909 0.0902555 -0.00428182 130 86 36
0.826181 0.3825 0.9225 -0.968849 0.205259 -0.138567 129 86 36
0.830647 0.3975 0.7425 -0.841851 0.505638 0.188725 156 103 52
0.830707 0.3975 0.7575 -0.979445 0.200391 -0.0230276 154 105 44
0.830148 0.3975 0.7725 -0.979161 0.201537 -0.0250421 155 101 40
0.830405 0.3975 0.7875 -0.980727 0.194122 -0.0221444 157 102 52
0.829319 0.3975 0.8025 -0.951005 0.281964 -0.126833 143 99 49
0.828701 0.3975 0.8175 -0.92602 0.36625 0.091363 139 94 42
0.828583 0.3975 0.8325 -0.967885 0.250307 -0.0233259 143 94 45
0.828466 0.3975 0.8475 -0.969523 0.244613 -0.0137445 151 102 39
0.828198 0.3975 0.8625 -0.967142 0.254133 0.00722837 144 97 45
0.827946 0.3975 0.8775 -0.962689 0.268814 -0.031136 142 95 43
0.827974 0.3975 0.8925 -0.964862 0.26182 0.022172 142 100 43
0.827997 0.3975 0.9075 -0.95435 0.298497 -0.0107327 138 99 56
0.827749 0.3975 0.9225 -0.960714 0.268903 -0.068704 135 100 57
0.825553 0.3825 0.9375 -0.991936 0.126307 -0.0104277 115 74 24
0.827635 0.3975 0.9375 -0.982754 0.184511 -0.0122621 113 82 41
0.825823 0.3825 0.9525 -0.994448 0.104492 -0.0124687 120 77 27
0.827146 0.3975 0.9525 -0.960219 0.278873 -0.0144448 123 89 44
0.8325 0.404007 0.7425 -0.0252828 0.999491 0.0194546 180 121 64
0.8325 0.40135 0.7575 -0.0612365 0.997091 0.0453888 151 103 42
0.8325 0.402417 0.7725 0.26315 0.959063 -0.104647 163 110 44
0.8325 0.407848 0.7875 0.209182 0.96854 -0.134809 159 109 63
0.8325 0.40706 0.8025 0.0456466 0.970878 -0.235185 153 106 56
0.8325 0.409501 0.8175 -0.116769 0.992093 0.0459963 162 117 60
0.8325 0.402486 0.8325 -0.323023 0.945797 -0.0335436 150 96 45
0.8325 0.405076 0.8475 -0.473154 0.870201 -0.137386 148 98 35
0.8325 0.405959 0.8625 -0.650046 0.756969 0.0666241 154 106 46
0.8325 0.402054 0.8775 -0.614699 0.788495 -0.020517 148 95 42
0.8325 0.406507 0.8925 -0.610652 0.791551 0.0234631 125 82 20
0.8325 0.402003 0.9075 -0.624892 0.774448 0.0986918 145 99 49
0.8325 0.402251 0.9225 -0.58988 0.778573 -0.214163 145 100 51
0.831932 0.4125 0.9375 -0.919544 0.386355 0.0718901 110 71 28
0.8325 0.4125 0.936932 -0.53615 0.68467 -0.493731 111 70 27
0.8325 0.402854 0.9525 -0.636464 0.770675 0.0312172 125 88 38
0.8325 0.4125 0.938068 -0.714642 0.601613 0.35686 110 69 26
0.8325 0.413068 0.9375 -0.575823 0.678374 -0.45633 110 70 27
0.8475 0.257207 0.7425 0.945077 0.31266 0.0952579 239 171 100
0.845829 0.2625 0.7425 0.995387 0.061072 0.0739907 239 170 99
0.8475 0.251552 0.7575 0.956647 0.282339 0.0714975 234 168 100
0.844621 0.2625 0.7575 0.995431 0.0600239 0.0742551 237 168 97
0.8475 0.249345 0.7725 0.95291 0.295697 0.0672721 234 167 97
0.843465 0.2625 0.7725 0.988536 0.126832 0.0819105 237 168 98
0.842077 0.2625 0.7875 0.993088 0.104223 0.0539788 236 167 97
0.841649 0.2625 0.8025 0.994678 0.101416 0.0181524 237 168 97
0.841685 0.2625 0.8175 0.991423 0.0609224 -0.115621 236 167 97
0.846612 0.2625 0.8325 0.990246 0.0583622 -0.126515 232 167 99
0.847199 0.2625 0.8475 0.995319 0.0955244 -0.0146433 235 169 95
0.847115 0.2625 0.8625 0.996001 0.0892596 -0.00382987 235 169 95
0.847333 0.2625 0.8775 0.99882 0.0465637 -0.0138249 232 168 97
0.8475 0.261657 0.8925 0.996888 -0.0772672 -0.0156092 235 168 98
0.8475 0.2625 0.888493 0.985162 -0.0579535 -0.161546 234 168 98
0.846493 0.2775 0.7425 0.994679 0.0639178 0.0807951 239 169 97
0.8475 0.2775 0.735478 0.988739 -0.0314275 0.146311 239 169 97
0.845827 0.2775 0.7575 0.993012 0.0881045 0.0785217 238 168 97
0.844382 0.2775 0.7725 0.994466 0.0793085 0.0688989 239 169 97
0.843683 0.2775 0.7875 0.996646 0.0653439 0.0492732 238 169 98
0.842871 0.2775 0.8025 0.996319 0.0802165 0.030226 237 169 97
0.842731 0.2775 0.8175 0.993053 0.0739027 -0.0915654 237 168 97
0.843299 0.2775 0.8325 0.994141 0.0890021 -0.061341 234 168 99
0.843711 0.2775 0.8475 0.998145 0.0579288 -0.0187537 235 169 96
0.843851 0.2775 0.8625 0.998797 0.0455835 -0.0181021 235 168 94
0.844303 0.2775 0.8775 0.999708 -0.00749995 -0.0229624 233 168 97
0.843437 0.2925 0.7425 0.992748 0.0842592 0.0857426 239 167 95
0.841698 0.2925 0.7575 0.992264 0.0917839 0.0835888 236 166 94
0.841138 0.2925 0.7725 0.996986 0.0641026 0.0436928 237 167 95
0.840138 0.2925 0.7875 0.996478 0.0603344 0.0582275 237 167 95
0.839275 0.2925 0.8025 0.999288 0.0265235 -0.0268376 237 168 96
0.84179 0.2925 0.8175 0.992068 -0.000284709 -0.125705 236 165 94
0.844798 0.2925 0.8325 0.995203 0.0197226 -0.0958215 236 168 98
0.845469 0.2925 0.8475 0.999417 0.00312889 -0.0340043 238 169 96
0.845697 0.2925 0.8625 0.993199 -0.115057 -0.017842 237 168 98
0.845825 0.2925 0.8775 0.994855 -0.100945 -0.00854618 232 167 97
0.844363 0.3075 0.7425 0.993559 0.0625263 0.0945088 238 166 94
0.842824 0.3075 0.7575 0.995512 0.0686827 0.0650978 236 166 95
0.842698 0.3075 0.7725 0.997455 0.0635037 0.0324189 237 165 92
0.841976 0.3075 0.7875 0.99793 0.0462675 0.0446747 236 166 95
0.841228 0.3075 0.8025 0.999384 -0.00439911 -0.0348196 235 165 94
0.841018 0.3075 0.8175 0.997372 -0.0084656 -0.0719481 237 165 93
0.841914 0.3075 0.8325 0.998445 0.0154831 -0.0535615 236 166 96
0.842756 0.3075 0.8475 0.997425 -0.0429015 -0.0574739 236 168 97
0.841327 0.3225 0.7425 0.993753 0.0194457 0.109891 238 166 92
0.83933 0.3225 0.7575 0.996237 0.0380962 0.0778463 238 166 94
0.8391 0.3225 0.7725 0.997913 0.0574905 0.0294039 236 165 94
0.838874 0.3225 0.7875 0.998703 -0.00200752 -0.0508711 236 166 93
0.841411 0.3225 0.8025 0.993494 -0.0541867 -0.100167 236 167 95
0.843523 0.3225 0.8175 0.996633 -0.0340006 -0.0746123 234 164 93
0.844205 0.3225 0.8325 0.998291 -0.0347781 -0.0469654 235 164 92
0.845114 0.3225 0.8475 0.986096 -0.155047 -0.0597946 235 166 92
0.844012 0.3375 0.7425 0.99175 -0.0167714 0.127085 238 165 91
0.841559 0.3375 0.7575 0.994573 0.0050112 0.103917 239 167 94
0.840543 0.3375 0.7725 0.999463 0.0201664 0.0258362 235 165 95
0.841254 0.3375 0.7875 0.996913 -0.0174173 -0.0765563 235 166 95
0.84124 0.3375 0.8025 0.998042 -0.0238684 -0.0578065 236 167 96
0.841494 0.3375 0.8175 0.999723 -0.00462018 -0.0230663 236 166 96
0.841907 0.3375 0.8325 0.999078 -0.0382716 -0.0194561 235 164 93
0.841748 0.3525 0.7425 0.988384 -0.0335283 0.148235 237 164 90
0.839514 0.3525 0.7575 0.992591 -0.0263206 0.118621 239 168 93
0.838024 0.3525 0.7725 0.999374 -0.0297834 -0.0190684 240 169 96
0.841005 0.3525 0.7875 0.991645 -0.037718 -0.123359 237 169 97
0.843626 0.3525 0.8025 0.997653 -0.013041 -0.067213 237 167 95
0.843687 0.3525 0.8175 0.999555 -0.0157717 -0.0252995 234 165 95
0.843736 0.3525 0.8325 0.999482 0.0218852 -0.0236118 239 167 98
0.844785 0.3675 0.7425 0.991713 0.00829932 0.128202 239 166 91
0.842494 0.3675 0.7575 0.990823 -0.0194352 0.13376 233 162 86
0.840519 0.3675 0.7725 0.999687 0.00588841 0.0243084 235 165 91
0.840525 0.3675 0.7875 0.997141 0.0204483 -0.0727407 231 161 92
0.840971 0.3675 0.8025 0.998224 0.0025076 -0.059513 235 166 94
0.842617 0.3675 0.8175 0.998958 -0.0134481 -0.0436143 223 154 83
0.842699 0.3675 0.8325 0.987141 -0.0524376 -0.151007 227 158 89
0.844972 0.3525 0.8475 0.975965 -0.0612416 -0.209145 237 166 94
0.8475 0.361264 0.8475 0.912043 -0.258687 -0.318212 236 164 91
0.8475 0.3675 0.843589 0.911506 0.0286046 -0.410292 236 164 92
0.842447 0.3825 0.7425 0.988506 0.127287 0.081568 225 154 79
0.840319 0.3825 0.7575 0.989094 0.104126 0.104171 224 154 78
0.839086 0.3825 0.7725 0.999085 0.0273976 -0.0328552 205 137 65
0.842126 0.3825 0.7875 0.995537 0.0566199 -0.0755058 220 152 81
0.843248 0.3825 0.8025 0.992667 0.0981658 -0.0705418 219 150 78
0.843672 0.3825 0.8175 0.989313 -0.0690578 -0.128413 224 156 85
0.844832 0.3825 0.8325 0.97775 -0.185682 -0.0976116 224 157 87
0.8475 0.3799 0.8475 0.942451 0.137835 -0.304612 235 163 89
0.846834 0.3825 0.8475 0.967362 -0.0269915 -0.251958 233 161 87
0.8475 0.3825 0.848704 0.962088 -0.0543119 -0.267276 235 163 89
0.840319 0.3975 0.7425 0.900821 0.430267 0.0582339 211 145 78
0.839537 0.3975 0.7575 0.926329 0.370282 0.0693173 205 143 72
0.838876 0.3975 0.7725 0.917712 0.397244 -0.00128749 205 141 67
0.836933 0.3975 0.7875 0.918364 0.393876 -0.038338 197 133 69
0.83859 0.3975 0.8025 0.935649 0.283713 -0.209923 201 142 78
0.847021 0.3975 0.8175 0.942279 0.20055 -0.268123 231 166 92
0.8475 0.393715 0.8325 0.971897 -0.217354 -0.0904026 235 167 96
0.8475 0.3975 0.820843 0.775381 0.616574 -0.136459 233 167 94
0.8475 0.386771 0.8475 0.983306 -0.158329 -0.089674 236 165 92
0.8475 0.399974 0.8325 0.555574 0.828632 -0.0686054 233 166 95
0.8475 0.407469 0.8475 0.531626 0.804093 -0.266098 208 140 72
0.8475 0.41202 0.8625 0.253238 0.965358 -0.0628835 199 135 63
0.847092 0.4125 0.8775 -0.588559 0.801817 -0.103382 200 137 74
0.8475 0.4125 0.864388 -0.553183 0.831644 -0.0485494 199 135 64
0.845612 0.4125 0.8925 -0.51144 0.857058 0.0622978 175 108 47
0.8475 0.410559 0.9075 -0.19994 0.976878 0.0757125 189 126 54
0.8475 0.4125 0.902377 0.900648 0.407749 0.15025 184 118 50
0.847061 0.4125 0.9225 -0.596903 0.70077 -0.390677 184 125 56
0.8475 0.4125 0.913743 -0.539418 0.831328 -0.13387 184 122 52
0.845278 0.4125 0.9525 -0.847631 0.529416 0.0352276 163 107 40
0.8475 0.41425 0.8775 0.669869 0.739795 -0.0630855 201 138 73
0.8475 0.415296 0.8925 -0.318558 0.947428 0.0300006 186 116 53
0.8475 0.414928 0.9225 0.0235828 0.828008 -0.560221 185 126 57
0.8475 0.423738 0.9375 0.000533353 0.922808 -0.38526 171 117 54
0.847141 0.4275 0.9525 -0.877564 0.478137 -0.0355775 170 110 44
0.8475 0.4275 0.947355 -5.26725e-17 0.953816 -0.300392 172 114 49
0.8475 0.428462 0.9525 0.349147 0.935985 -0.0450354 171 111 45
0.847576 0.2625 0.8925 0.995146 -0.0966713 -0.0184295 235 168 98
0.847852 0.2625 0.9075 0.997937 -0.0411042 -0.049312 233 166 95
0.8475 0.25849 0.9075 0.994249 -0.0876143 -0.0615854 232 164 94
0.847725 0.2625 0.9225 0.998946 0.0424427 -0.0174616 232 165 97
0.847983 0.2625 0.9375 0.99453 0.0224087 -0.102019 230 163 95
0.852271 0.2625 0.9525 0.990357 0.0115416 -0.138056 228 161 92
0.849069 0.2775 0.8925 0.997285 -0.0297804 -0.067341 235 168 99
0.8475 0.2775 0.887237 0.957198 0.0486825 -0.285309 235 169 99
0.849463 0.2775 0.9075 0.99915 -0.00546498 -0.040848 233 166 96
0.849672 0.2775 0.9225 0.99564 -0.0931614 -0.00469252 232 164 95
0.849511 0.2775 0.9375 0.997623 -0.0405438 -0.0557104 232 164 95
0.850003 0.2775 0.9525 0.99284 0.00260129 -0.119423 230 163 93
0.8475 0.285984 0.8925 0.979007 0.195944 -0.0561335 235 168 98
0.8475 0.286436 0.9075 0.96613 0.199068 -0.164207 235 168 98
0.85047 0.2925 0.9225 0.997339 0.0145836 -0.0714245 231 162 93
0.8475 0.2925 0.911074 0.964351 -0.0655833 -0.256371 234 167 97
0.850547 0.2925 0.9375 0.99933 0.0262279 -0.0255151 229 160 92
0.851728 0.2925 0.9525 0.992248 -0.0121137 -0.12368 230 161 93
0.848886 0.3075 0.8775 0.997609 -0.0477203 -0.0499854 234 165 98
0.8475 0.300349 0.8775 0.979045 -0.18973 -0.0739892 233 166 98
0.8475 0.3075 0.873578 0.942877 0 -0.33314 235 166 97
0.848787 0.3075 0.8925 0.99945 -0.021075 -0.0256073 231 164 94
0.8475 0.300121 0.8925 0.984052 -0.17788 -0.000263333 232 165 95
0.848717 0.3075 0.9075 0.996045 -0.0666203 -0.0587943 232 164 93
0.8475 0.299734 0.9075 0.986185 -0.162145 -0.0338737 234 166 96
0.848941 0.3075 0.9225 0.999959 0.00769894 0.0048034 230 161 92
0.848232 0.3075 0.9375 0.995396 -0.0305642 -0.0908401 229 160 91
0.852348 0.3075 0.9525 0.990057 -0.0272634 -0.137999 228 160 91
0.8475 0.315833 0.8775 0.983627 0.177409 -0.0316871 234 165 98
0.8475 0.313817 0.8925 0.968904 0.181693 -0.167969 231 164 94
0.850119 0.3225 0.9075 0.997815 0.00479634 -0.0658985 231 163 92
0.8475 0.3225 0.897525 0.963646 -0.0593884 -0.260499 231 163 93
0.85058 0.3225 0.9225 0.997067 -0.0608011 -0.0464776 231 161 92
0.850799 0.3225 0.9375 0.996485 -0.067222 -0.0499806 231 161 94
0.850706 0.3225 0.9525 0.994057 -0.0219426 -0.106625 228 159 90
0.848374 0.3375 0.8625 0.996072 -0.0556856 -0.0688485 235 165 93
0.8475 0.332707 0.8625 0.98029 -0.178755 -0.0841328 236 166 94
0.8475 0.3375 0.860407 0.922748 0 -0.385404 235 165 93
0.848924 0.3375 0.8775 0.998752 -0.0283056 -0.0411437 234 164 95
0.8475 0.329455 0.8775 0.984396 -0.175457 -0.0134253 234 165 97
0.848593 0.3375 0.8925 0.99701 -0.0734185 -0.0240841 233 163 93
0.8475 0.331558 0.8925 0.983898 -0.177573 -0.0202909 233 163 93
0.847944 0.3375 0.9075 0.997578 -0.0275906 -0.0638538 231 161 91
0.851489 0.3375 0.9225 0.996745 -0.00997737 -0.0799962 232 163 93
0.851634 0.3375 0.9375 0.99569 -0.0568857 -0.0732534 231 161 94
0.853081 0.3375 0.9525 0.991048 -0.0768924 -0.109137 228 159 90
0.8475 0.348001 0.8625 0.994166 0.0959018 -0.0493643 235 165 93
0.8475 0.350621 0.8775 0.987187 0.105751 -0.11949 235 165 96
0.850465 0.3525 0.8925 0.999118 -0.028739 -0.0306274 237 166 94
0.8475 0.3525 0.878279 0.970716 -0.127687 -0.203486 235 165 96
0.849974 0.3525 0.9075 0.998551 -0.0286451 -0.0455636 234 163 91
0.849599 0.3525 0.9225 0.995849 -0.0395469 -0.0819819 232 162 92
0.853128 0.3525 0.9375 0.996214 -0.0228572 -0.0838753 233 163 94
0.852876 0.3525 0.9525 0.995938 -0.00469097 -0.0899192 229 159 90
0.84928 0.3675 0.8475 0.987234 -0.0701054 -0.143016 236 164 90
0.849872 0.3675 0.8625 0.990805 -0.13471 -0.0126101 236 166 94
0.8475 0.354372 0.8625 0.979494 -0.196675 -0.0437031 235 165 93
0.8497 0.3675 0.8775 0.997464 -0.0709289 -0.00584974 235 166 97
0.8475 0.353653 0.8775 0.985977 -0.166825 -0.00439883 235 165 96
0.848745 0.3675 0.8925 0.999022 -0.0354535 -0.0264067 237 165 93
0.85104 0.3675 0.9075 0.997976 -0.0387448 -0.0504223 236 165 90
0.851996 0.3675 0.9225 0.99706 -0.010434 -0.0759136 234 164 92
0.85157 0.3675 0.9375 0.998129 -0.00823128 -0.0605852 234 164 95
0.85418 0.3675 0.9525 0.983824 -0.0856221 -0.157352 230 161 92
0.851166 0.3825 0.8625 0.996963 0.01092 -0.077103 235 167 94
0.850793 0.3825 0.8775 0.999195 -0.0390888 -0.00906049 236 167 96
0.850982 0.3825 0.8925 0.999538 -0.0266486 0.0146248 235 163 90
0.849404 0.3825 0.9075 0.999447 0.0206096 -0.0260886 234 165 89
0.851666 0.3825 0.9225 0.995028 -0.0332624 -0.0938773 232 163 91
0.853012 0.3825 0.9375 0.994405 -0.0245251 -0.10275 232 163 92
0.855167 0.3825 0.9525 0.994731 0.0321025 -0.0973634 230 162 92
0.848064 0.3975 0.8325 0.998171 -0.0453839 -0.0399473 235 168 97
0.848494 0.3975 0.8475 0.99486 0.0355463 -0.094817 239 171 98
0.849191 0.3975 0.8625 0.991989 0.109353 -0.0632384 237 168 96
0.851329 0.3975 0.8775 0.99647 0.0752707 -0.037161 226 160 92
0.850495 0.3975 0.8925 0.996506 0.07712 0.0320569 233 161 92
0.85052 0.3975 0.9075 0.994341 0.0923767 -0.0524664 238 169 96
0.852221 0.3975 0.9225 0.993091 0.103872 -0.0546004 227 160 88
0.851909 0.3975 0.9375 0.989879 0.110693 -0.0888042 226 158 86
0.854087 0.3975 0.9525 0.992567 0.0595715 -0.106125 233 165 93
0.848204 0.4125 0.8775 0.983558 0.176424 -0.038571 205 141 77
0.848504 0.4125 0.8925 0.982715 0.18442 0.016157 190 120 57
0.848295 0.4125 0.9225 0.973369 0.21446 -0.0809966 190 129 59
0.850483 0.4125 0.9375 0.97327 0.178104 -0.144996 186 124 52
0.852949 0.4125 0.9525 0.978623 0.183962 -0.0919472 199 135 63
0.848163 0.4275 0.9525 0.952403 0.292869 -0.0845913 176 114 47
0.68709 0.2775 0.7875 -0.449465 0.631657 -0.631657 57 29 5
0.6975 0.284908 0.7875 -0.110831 0.70275 -0.70275 59 31 8
0.6975 0.2775 0.780092 -0.184825 0.694924 -0.694924 56 31 8
0.7125 0.284258 0.7875 0.00204341 0.707105 -0.707105 46 19 0
0.7125 0.2775 0.780742 0.0168556 0.707006 -0.707006 44 20 0
0.6975 0.2925 0.795228 0.0199873 0.193611 -0.980875 88 57 26
0.7125 0.2925 0.795552 0.000975659 0.155598 -0.98782 89 54 23
0.7125 0.3075 0.798494 -0.00832661 0.346511 -0.938009 70 41 11
0.6975 0.3075 0.798207 0.0179269 0.352653 -0.935583 88 60 27
0.7125 0.311506 0.8025 -0.0095413 0.726751 -0.686835 73 42 11
0.6975 0.311793 0.8025 0.0215618 0.708692 -0.705188 89 59 26
0.7125 0.3225 0.813804 0.0298099 0.661359 -0.749477 116 79 38
0.6975 0.3225 0.813046 0.0360192 0.701268 -0.711987 107 73 33
0.727011 0.3075 0.8625 0.449248 0.706584 0.546732 119 112 96
0.718602 0.3225 0.8475 0.469162 0.765955 0.439546 80 51 12
0.7125 0.331565 0.8175 0.293878 0.79599 -0.529184 124 89 42
0.717826 0.3375 0.8325 0.53507 0.690884 -0.486189 133 88 35
0.7125 0.3375 0.829485 0.283312 0.818114 -0.500423 128 85 35
0.7125 0.34074 0.8325 0.382849 0.629388 -0.676237 134 89 37
0.719684 0.3225 1.8675 0 0 0 150 137 118
0.7125 0.315316 1.8675 0 0 0 150 135 111
0.7425 0.4275 0.00614253 0.194112 0.12964 0.972375 92 67 38
0.7425 0.4425 0.00508315 0.19324 0.0127376 0.981069 95 72 41
0.7425 0.4575 0.00585644 0.220113 -0.0679614 0.973104 97 74 42
0.7575 0.4125 0.00683798 0.1922 0.333758 0.922857 84 57 29
0.7575 0.4275 0.00134442 0.189413 0.170243 0.967026 77 52 24
0.7575 0.4425 0.00120298 0.216457 0.0164332 0.976154 78 54 25
0.7575 0.4575 0.000718712 0.229909 0.00422257 0.973203 79 56 25
0.7725 0.4125 0.00277763 0.101229 0.367414 0.924532 79 53 26
0.7725 0.4275 0.000243747 0.083426 0.191854 0.977871 76 51 24
0.7725 0.4425 -0.00168984 0.13762 0.0356401 0.989844 78 53 26
0.7725 0.4575 -0.000894172 0.163508 -0.0242632 0.986244 85 61 32
0.7875 0.4125 0.00204347 0.100613 0.421946 0.901021 86 60 33
0.7875 0.4275 0.000203414 0.101225 0.146263 0.984053 83 59 31
0.7875 0.4425 -0.00302573 0.0596578 0.112066 0.991908 89 63 35
0.7875 0.4575 -0.00384898 0.104489 0.0188003 0.994348 91 64 35
0.8025 0.4125 0.000323309 0.0348544 0.51773 0.854834 94 68 38
0.8025 0.4275 -0.00345242 0.0818604 0.1276 0.988442 93 68 37
0.8025 0.4425 -0.00415716 0.039846 0.0449777 0.998193 95 70 39
0.8025 0.4575 -0.004287 0.00323334 0.0240581 0.999705 96 71 38
0.8175 0.4125 0.000227144 0.139725 0.45095 0.881545 106 79 47
0.8175 0.4275 -0.00288883 0.0563209 0.116333 0.991612 109 82 51
0.8175 0.4425 -0.00370609 -0.0114192 0.0249282 0.999624 111 83 51
0.8175 0.4575 -0.00286309 -0.0623604 -0.0237189 0.997772 111 82 50
0.8325 0.3525 0.00324751 0.624329 0.0101111 0.781096 103 73 39
0.8325 0.3675 0.00696752 0.645633 -0.110235 0.755649 102 72 41
0.8325 0.4125 -0.00119422 0.160471 0.273995 0.948249 112 83 52
0.8325 0.4275 -0.00557005 -0.00226263 0.115141 0.993347 113 84 53
0.8325 0.4425 -0.00448641 0.0519556 -0.0299466 0.9982 111 81 49
0.845777 0.2625 -0.0075 0.890923 0.0213858 0.45365 105 77 44
0.8475 0.2625 -0.0083757 0.0557755 -0.0153772 0.998325 106 78 45
0.8475 0.27184 -0.0075 0.107717 -0.0968401 0.989454 107 78 45
0.8475 0.2775 -0.00690797 0.651348 -0.0608336 0.756336 107 78 44
0.8475 0.280951 -0.0075 0.499805 0.148265 0.853354 107 79 45
0.845505 0.2925 -0.0075 0.762289 0.0135382 0.647095 106 78 44
0.8475 0.2925 -0.00927333 0.0281868 0.0124109 0.999526 107 79 46
0.8475 0.301758 -0.0075 0.247618 -0.18283 0.951451 108 79 45
0.8475 0.3075 -0.00616635 0.499897 -0.120854 0.857611 107 79 45
0.8475 0.3225 -0.00498745 0.412537 -0.0395112 0.910084 107 79 44
0.8475 0.3375 -0.00643268 0.404844 0.0473242 0.91316 106 78 43
0.8475 0.3525 -0.00445809 0.217876 -0.050349 0.974677 101 73 39
0.8475 0.3675 -0.00396639 0.330891 -0.0754927 0.940645 100 72 38
0.8475 0.3825 -0.00391589 0.375663 -0.0661487 0.924392 102 74 41
0.8475 0.3975 -0.00375599 0.325475 0.0987072 0.940384 104 77 43
0.8475 0.4125 -0.00285064 0.0136977 -0.0477698 0.998764 107 78 45
0.8475 0.4275 -0.00263531 -0.0955498 0.0688398 0.993041 109 79 47
0.8475 0.4425 -0.00336709 -0.120677 0.0083805 0.992656 110 80 47
0.851581 0.2625 -0.0075 -0.153068 0.00890607 0.988176 106 78 45
0.8625 0.2625 -0.00557196 -0.0755594 0.00763024 0.997112 107 79 46
0.8625 0.275719 -0.0075 -0.167752 0.148201 0.974626 108 80 47
0.856905 0.2775 -0.0075 0.0628678 0 0.998022 107 79 46
0.8625 0.2775 -0.00785285 -0.0491198 0.0164652 0.998657 108 80 47
0.8625 0.27973 -0.0075 -0.166614 -0.13422 0.976844 107 80 47
0.854933 0.2925 -0.0075 -0.224807 0.0312717 0.973901 107 79 46
0.8625 0.2925 -0.00577705 -0.1038 -0.00714509 0.994573 107 79 46
0.8625 0.300451 -0.0075 -0.234673 0.193026 0.952717 107 80 46
0.853609 0.3075 -0.0075 0.179315 -0.188611 0.965542 107 80 45
0.8625 0.3075 -0.00881614 -0.0326914 -0.0262443 0.999121 107 80 46
0.8625 0.315801 -0.0075 -0.134347 -0.182621 0.973961 108 80 47
0.8625 0.3225 -0.00609809 -0.00957346 -0.0944121 0.995487 108 80 47
0.8625 0.3375 -0.00387398 -0.0373983 -0.037205 0.998608 107 79 46
0.8625 0.3525 -0.00439278 -0.0899165 -0.000235899 0.995949 107 80 45
0.8625 0.3675 -0.00545108 -0.0600706 -0.0443438 0.997209 105 78 44
0.8625 0.3825 -0.00303242 -0.0532597 -0.0500026 0.997328 108 80 46
0.8625 0.3975 -0.00297638 -0.0622927 -0.0170942 0.997912 107 80 45
0.8625 0.4125 -0.00246605 -0.0485335 -0.0680402 0.996501 109 80 46
0.8625 0.4275 -0.00112025 -0.0907547 -0.0222051 0.995626 112 82 48
0.8625 0.4425 -0.00195053 -0.123076 0.0526844 0.990998 114 84 49
0.8775 0.2625 -0.00591384 -0.0435783 -0.0109282 0.99899 107 80 46
0.864832 0.2775 -0.0075 -0.134892 0.110192 0.984714 108 80 47
0.8775 0.2775 -0.00572662 -0.0572428 -0.00614737 0.998341 108 80 47
0.8775 0.2925 -0.00645944 -0.0740467 -0.0588735 0.995515 109 81 48
0.867271 0.3075 -0.0075 -0.297314 0.0704086 0.95218 108 80 47
0.8775 0.3075 -0.00420452 -0.134505 -0.0428927 0.989984 109 81 48
0.8775 0.3225 -0.00419144 -0.120406 -0.0019392 0.992723 110 82 49
0.8775 0.3375 -0.00472157 -0.110336 -0.0708003 0.991369 110 82 49
0.8775 0.3525 -0.00333383 -0.094682 -0.0126484 0.995427 109 82 47
0.8775 0.3675 -0.00213291 -0.0776056 -0.0572437 0.995339 111 82 48
0.8775 0.3825 -0.00134322 -0.132817 -0.0623633 0.989177 114 86 52
0.8775 0.3975 -0.00183083 -0.165334 0.00799528 0.986205 115 87 53
0.8775 0.4125 -0.00158177 -0.111934 -0.0311982 0.993226 115 86 52
0.8775 0.4275 -5.42654e-05 -0.053347 -0.0751036 0.995748 116 87 53
0.8775 0.4425 0.000706594 -0.0971885 -0.0152908 0.995149 118 87 54
0.8925 0.2625 -0.004405 -0.0751549 -0.00563667 0.997156 104 78 44
0.8925 0.2775 -0.00548365 -0.0981388 -0.025901 0.994836 105 77 44
0.8925 0.2925 -0.0038571 -0.103377 -0.0536664 0.993193 108 81 48
0.8925 0.3075 -0.0024659 -0.0997456 -0.0677063 0.992707 109 82 50
0.8925 0.3225 -0.00300058 -0.113384 -0.00289778 0.993547 110 82 49
0.8925 0.3375 -0.00181997 -0.0779252 -0.0845155 0.99337 111 83 50
0.8925 0.3525 0.000668192 -0.129119 0.00172707 0.991628 114 86 53
0.8925 0.3675 -0.00284675 -0.113867 0.00209665 0.993494 115 86 53
0.8925 0.3825 -0.000593621 -0.0430012 -0.119754 0.991872 116 87 53
0.8925 0.3975 0.00205767 -0.0785679 -0.0455212 0.995869 115 87 53
0.8925 0.4125 0.00174909 -0.122513 0.0279617 0.992073 116 88 54
0.8925 0.4275 0.000512625 -0.0843639 -0.0128616 0.996352 117 89 55
0.8925 0.4425 0.00137829 -0.0435373 -0.0552448 0.997523 120 91 56
0.9075 0.2625 -0.00413486 -0.0412472 -0.0359086 0.998503 106 79 47
0.9075 0.2775 -0.00300034 -0.115557 -0.0246272 0.992995 106 79 47
0.9075 0.2925 -0.00194016 -0.138849 -0.0493909 0.989081 108 81 50
0.9075 0.3075 -0.00237976 -0.0462661 -0.0691367 0.996534 110 82 52
0.9075 0.3225 -0.000209381 -0.124969 -0.013079 0.992074 111 83 52
0.9075 0.3375 -0.00125183 -0.0869262 -0.0218652 0.995975 114 86 55
0.9075 0.3525 -0.000402081 0.0169807 -0.0723995 0.997231 115 87 55
0.9075 0.3675 0.000106979 -0.0501848 0.0118201 0.99867 116 88 55
0.9075 0.3825 0.00123975 -0.0348424 -0.0675157 0.99711 116 87 55
0.9075 0.3975 0.0015074 -0.000890327 -0.0467595 0.998906 116 88 55
0.9075 0.4125 0.00142348 -0.0153341 -0.0123852 0.999806 117 89 56
0.9075 0.4275 0.00172785 -0.0547933 0.00670283 0.998475 116 89 56
0.9075 0.4425 0.00210375 -0.047677 -0.0358793 0.998218 115 87 54
0.9225 0.3675 0.000657709 -0.0366885 0.0108218 0.999268 112 84 52
0.9225 0.3825 -0.000176241 0.0506073 -0.0297018 0.998277 109 81 48
0.9225 0.3975 0.000863819 0.0598699 -0.0554129 0.996667 106 78 46
0.9225 0.4125 0.00205803 -0.0138841 -0.0464532 0.998824 106 79 46
0.9225 0.4275 0.00304059 -0.07225 -0.012382 0.99731 104 77 44
0.9225 0.4425 0.00231236 -0.0506429 0.0117288 0.998648 107 79 46
0.7425 0.4275 0.247945 0.211899 0.953415 -0.214704 91 49 1
0.736468 0.4275 0.4725 -0.184462 0.962992 0.19652 142 87 22
0.7425 0.4275 0.478427 -0.025713 0.983554 0.178774 143 88 22
0.7425 0.430793 0.2625 0.103698 0.993488 -0.0472156 97 54 4
0.7425 0.429646 0.2775 0.117672 0.991225 -0.060218 102 56 7
0.7425 0.432747 0.2925 0.0951854 0.994591 -0.0415771 110 61 9
0.7425 0.431226 0.3075 0.0884307 0.99603 -0.0101624 116 66 9
0.7425 0.432318 0.3225 0.113067 0.991037 -0.0711381 122 71 9
0.7425 0.43437 0.3375 0.0180331 0.999195 -0.0358353 127 75 9
0.7425 0.43237 0.3525 0.0265849 0.998183 0.0540731 132 79 12
0.7425 0.433449 0.3675 0.084248 0.996015 -0.0292525 135 80 14
0.7425 0.433384 0.3825 -0.0232887 0.997996 0.0588402 135 81 15
0.7425 0.430992 0.3975 -0.00113255 0.999829 -0.0184435 135 80 16
0.7425 0.432694 0.4125 0.023611 0.998412 -0.0511526 136 81 16
0.7425 0.432725 0.4275 0.0397607 0.999084 0.0158243 138 84 16
0.7425 0.433041 0.4425 0.00800891 0.997864 0.0648401 139 84 18
0.7425 0.431996 0.4575 -0.0630106 0.987538 0.144219 143 86 21
0.7425 0.428672 0.4725 -0.0944258 0.974047 0.205707 142 87 22
0.7575 0.4275 0.259958 0.165331 0.963458 -0.210745 95 52 2
0.7575 0.4275 0.476046 -0.0541847 0.989471 0.134206 145 86 18
0.7575 0.428003 0.2625 0.181224 0.981827 -0.0563406 96 53 2
0.7575 0.428694 0.2775 0.105095 0.9944 -0.0111249 102 56 4
0.7575 0.428359 0.2925 0.134557 0.98922 -0.0577745 108 62 8
0.7575 0.430182 0.3075 0.132962 0.99096 -0.0178928 115 67 7
0.7575 0.429282 0.3225 0.096773 0.993799 -0.054762 121 71 8
0.7575 0.43132 0.3375 0.164487 0.981918 -0.0937019 126 73 6
0.7575 0.433273 0.3525 0.0950835 0.994815 0.0360773 132 78 10
0.7575 0.429757 0.3675 0.0414351 0.999061 0.0126467 134 80 13
0.7575 0.431577 0.3825 0.0846546 0.996059 -0.026477 136 81 15
0.7575 0.431781 0.3975 0.0703603 0.997493 -0.00750025 136 81 16
0.7575 0.433397 0.4125 0.0791385 0.994077 -0.0744785 135 82 15
0.7575 0.433623 0.4275 0.0203725 0.999094 0.037376 137 84 14
0.7575 0.431419 0.4425 0.00370846 0.997941 0.0640277 138 84 14
0.7575 0.430584 0.4575 -0.000280902 0.99416 0.107916 142 86 17
0.7575 0.427961 0.4725 -0.0274964 0.984718 0.171972 145 86 18
0.7725 0.425834 0.2625 0.151482 0.986083 -0.0685138 97 53 4
0.761843 0.4275 0.2625 0.143538 0.983417 -0.11085 96 53 3
0.7725 0.425337 0.2775 0.204023 0.977782 -0.0481251 101 56 6
0.762212 0.4275 0.2775 0.190564 0.980183 -0.0540952 101 56 5
0.7725 0.4275 0.28794 0.23216 0.951469 -0.202012 106 59 6
0.7725 0.428402 0.2925 0.0556083 0.998432 0.00635541 108 61 5
0.7725 0.427582 0.3075 0.125585 0.990726 -0.0518739 113 64 5
0.7725 0.428882 0.3225 0.121789 0.989826 -0.0735623 122 72 10
0.7725 0.430473 0.3375 0.0904936 0.995613 -0.023793 130 77 11
0.7725 0.429028 0.3525 0.154107 0.987373 -0.0366853 133 79 12
0.7725 0.43089 0.3675 0.138849 0.989666 -0.0358014 137 80 15
0.7725 0.432062 0.3825 0.0541488 0.998215 -0.025192 140 82 18
0.7725 0.43047 0.3975 0.0173209 0.999334 0.0321146 138 83 18
0.7725 0.429899 0.4125 0.0823116 0.996511 -0.0137884 138 83 16
0.7725 0.431257 0.4275 0.150689 0.987155 -0.0530821 139 86 16
0.7725 0.431816 0.4425 0.0818081 0.996431 0.0208086 143 86 16
0.7725 0.431803 0.4575 0.0314233 0.998187 0.0513384 144 86 15
0.7725 0.429994 0.4725 -0.049021 0.989304 0.137384 145 87 14
0.7875 0.42313 0.2625 0.171255 0.980928 -0.0919393 96 51 2
0.7875 0.423386 0.2775 0.124118 0.992106 0.01792 101 53 4
0.7875 0.422853 0.2925 0.203232 0.97606 -0.0774892 108 60 7
0.774954 0.4275 0.2925 0.34665 0.934608 -0.0796298 108 61 5
0.7875 0.426367 0.3075 0.184924 0.977187 -0.104447 114 65 6
0.773562 0.4275 0.3075 0.174188 0.982427 -0.0670499 113 64 5
0.7875 0.425465 0.3225 0.170086 0.985277 -0.0172922 122 74 11
0.778246 0.4275 0.3225 0.172393 0.98338 -0.0569648 123 73 11
0.7875 0.4275 0.334433 0.226531 0.95945 -0.167747 126 76 11
0.7875 0.426218 0.3675 0.0510987 0.997767 -0.0430216 138 80 16
0.783406 0.4275 0.3675 0.298239 0.95438 0.0145506 138 80 16
0.7875 0.4275 0.355442 0.199753 0.974289 0.104215 133 78 13
0.7875 0.4275 0.375013 0.182153 0.969345 -0.164897 141 83 19
0.7875 0.4275 0.485673 -0.108243 0.985981 0.126985 148 89 19
0.7875 0.428022 0.3375 0.175068 0.983149 -0.0526244 127 76 11
0.7875 0.427843 0.3525 0.149384 0.988609 0.01835 132 77 12
0.7875 0.428773 0.3825 0.170403 0.980185 -0.100992 143 85 21
0.7875 0.430063 0.3975 0.148144 0.988189 -0.0391995 145 86 20
0.7875 0.431291 0.4125 0.053141 0.99855 0.00861721 143 86 18
0.7875 0.429346 0.4275 0.0311428 0.999511 -0.00288229 140 86 16
0.7875 0.430128 0.4425 0.0388162 0.999173 -0.0121313 144 86 18
0.7875 0.429362 0.4575 0.0308401 0.999127 0.0281964 148 89 21
0.7875 0.42921 0.4725 0.00613933 0.996849 0.0790783 148 89 21
0.8025 0.419903 0.2625 0.0746959 0.996639 0.033641 96 50 1
0.8025 0.421849 0.2775 0.181416 0.982113 -0.0504314 100 53 3
0.8025 0.421274 0.2925 0.0893613 0.99595 -0.00989192 106 56 6
0.8025 0.421284 0.3075 0.164812 0.982651 -0.0850473 111 60 7
0.8025 0.42439 0.3225 0.190516 0.980299 -0.0521244 117 66 8
0.8025 0.423144 0.3375 0.156543 0.98598 -0.0577669 121 70 8
0.789183 0.4275 0.3375 0.308215 0.9477 -0.0828727 126 75 11
0.8025 0.42521 0.3525 0.125087 0.990916 -0.0493799 128 74 10
0.789308 0.4275 0.3525 0.236518 0.970596 -0.0447477 131 76 12
0.8025 0.427032 0.3675 0.140918 0.985426 -0.0952818 134 79 14
0.8025 0.4275 0.380697 0.015128 0.9947 -0.101703 138 81 17
0.8025 0.425964 0.3975 0.072744 0.996924 -0.0291709 144 85 19
0.796736 0.4275 0.3975 0.263904 0.964546 0.00236385 144 85 19
0.8025 0.4275 0.383045 0.200379 0.974199 0.103849 139 81 17
0.8025 0.4275 0.409849 0.225189 0.966498 -0.123171 142 83 14
0.8025 0.427567 0.3825 0.149961 0.988626 -0.0114552 139 81 17
0.8025 0.427845 0.4125 0.216865 0.973188 -0.0766451 142 83 13
0.8025 0.429073 0.4275 0.143409 0.98892 -0.0383594 142 82 12
0.8025 0.430301 0.4425 0.0990031 0.993295 -0.0596959 144 85 15
0.8025 0.430805 0.4575 0.0421729 0.999087 0.00677486 146 87 19
0.8025 0.430114 0.4725 0.0114722 0.999552 0.0276567 148 89 21
0.8175 0.421214 0.2625 0.237106 0.969825 0.0567477 98 54 2
0.8175 0.417674 0.2775 0.240519 0.970579 0.0112672 101 57 2
0.8175 0.419299 0.2925 0.248546 0.963443 -0.10001 105 57 2
0.8175 0.421855 0.3075 0.289974 0.956666 -0.0265592 113 63 5
0.8175 0.419899 0.3225 0.237969 0.969345 -0.0611661 121 68 10
0.8175 0.421867 0.3375 0.262336 0.963958 -0.0443284 132 74 13
0.8175 0.423992 0.3525 0.296199 0.953879 -0.0487854 139 81 13
0.8175 0.422398 0.3675 0.3112 0.948878 -0.0527761 141 82 13
0.8175 0.424832 0.3825 0.273117 0.957827 -0.0892969 146 86 18
0.802835 0.4275 0.3825 0.179099 0.983386 -0.0295845 139 81 17
0.8175 0.426711 0.3975 0.227013 0.972257 -0.0563984 148 88 22
0.8175 0.426611 0.4125 0.172116 0.984869 -0.020252 148 87 20
0.806574 0.4275 0.4125 0.0813861 0.994469 -0.066393 144 84 15
0.8175 0.425017 0.4275 0.163754 0.9865 0.00182832 147 88 18
0.808173 0.4275 0.4275 0.203227 0.978678 -0.0297863 144 84 14
0.8175 0.42682 0.4425 0.218168 0.970032 -0.106961 149 91 17
0.8147 0.4275 0.4425 0.238896 0.966324 -0.0956433 148 90 17
0.8175 0.4275 0.450386 0.218413 0.972395 -0.0821224 151 93 19
0.8175 0.428112 0.4575 0.178395 0.98295 -0.0445523 153 95 21
0.8175 0.428642 0.4725 0.122499 0.992468 0.00144307 154 94 22
0.8325 0.410504 0.3075 0.851198 0.522838 -0.04586 143 95 31
0.830396 0.4125 0.3075 0.606194 0.794031 0.0452027 140 91 28
0.8325 0.4125 0.29743 0.840319 0.531376 0.107255 127 80 19
0.8325 0.4125 0.313344 0.635556 0.742557 -0.211371 151 101 36
0.8325 0.41316 0.2625 0.44037 0.897471 -0.0249001 120 79 26
0.8325 0.412848 0.2775 0.391386 0.918303 0.0594654 123 81 21
0.8325 0.413687 0.2925 0.423652 0.905018 -0.0382255 118 72 12
0.8325 0.415144 0.3225 0.500344 0.861856 -0.082823 158 106 40
0.8325 0.417693 0.3375 0.445654 0.894894 -0.0236196 150 94 26
0.8325 0.414891 0.3525 0.523399 0.851818 -0.0214505 178 118 47
0.8325 0.416366 0.3675 0.534808 0.844533 -0.0272936 191 128 53
0.8325 0.417867 0.3825 0.56567 0.815819 -0.120233 183 117 42
0.8325 0.420078 0.3975 0.581201 0.809703 -0.0811563 169 105 30
0.8325 0.420871 0.4125 0.577306 0.810277 -0.100845 176 111 36
0.8325 0.424076 0.4275 0.513663 0.857983 -0.00401227 163 100 25
0.8325 0.423318 0.4425 0.536894 0.841086 -0.0657238 178 114 37
0.8325 0.425127 0.4575 0.554665 0.828 -0.0822327 174 108 30
0.820721 0.4275 0.4575 0.194661 0.977985 -0.0751818 156 97 22
0.8325 0.426295 0.4725 0.671754 0.739146 -0.0490952 167 101 23
0.825672 0.4275 0.4725 0.167995 0.984689 -0.0465325 161 97 22
0.845451 0.2475 0.2625 0.975574 0.103652 -0.193677 120 78 34
0.843857 0.2625 0.2625 0.992557 0.0243325 -0.119329 120 77 32
0.8475 0.2625 0.276852 0.96549 0.0862643 -0.245739 130 86 38
0.842651 0.2775 0.2625 0.997706 0.0429809 0.0523039 116 74 28
0.8475 0.264169 0.2775 0.967943 0.106092 -0.227662 131 87 38
0.846007 0.2775 0.2775 0.988772 0.079711 -0.126399 130 85 36
0.842734 0.2925 0.2625 0.996263 -0.0724879 -0.0469549 111 70 22
0.844374 0.2925 0.2775 0.999906 -0.00804564 -0.0111008 125 81 31
0.843425 0.2775 0.2925 0.997486 -0.0704789 -0.00739303 137 90 39
0.847178 0.2925 0.2925 0.980401 0.00196069 -0.197001 136 90 40
0.847444 0.3075 0.2625 0.999649 -0.0214434 -0.015583 108 66 18
0.842138 0.3075 0.2775 0.996747 0.0679038 0.043401 122 78 28
0.845571 0.3075 0.2925 0.993629 0.0715713 -0.0870589 134 87 36
0.845874 0.3225 0.2625 0.996712 0.0727364 0.0356956 103 60 12
0.842897 0.3225 0.2775 0.997763 0.0610197 0.027288 115 70 19
0.843834 0.3225 0.2925 0.997401 0.0340804 -0.0634806 124 78 27
0.843025 0.3075 0.3075 0.994547 -0.103621 -0.0117838 143 94 41
0.846238 0.3225 0.3075 0.999778 -0.0170157 -0.0124547 139 88 34
0.8437 0.3075 0.3225 0.99773 -0.061704 -0.0269612 149 97 40
0.843485 0.3225 0.3225 0.996959 0.0772051 0.0106149 149 95 39
0.846994 0.3075 0.3375 0.984241 0.0663501 -0.163913 159 104 42
0.845187 0.3225 0.3375 0.985821 0.098908 -0.135554 158 102 43
0.843337 0.3375 0.2625 0.992049 0.107431 0.065553 104 61 11
0.841522 0.3375 0.2775 0.998887 -0.0264708 -0.0390409 112 67 15
0.843114 0.3375 0.2925 0.998325 0.0273455 -0.0509922 124 76 24
0.844259 0.3375 0.3075 0.989645 0.132507 0.055184 134 84 28
0.842108 0.3375 0.3225 0.998626 0.0158671 -0.0499388 149 94 37
0.844103 0.3375 0.3375 0.996376 0.0382252 -0.0759892 158 101 42
0.8475 0.32895 0.3525 0.984545 0.143451 -0.100466 169 111 46
0.846065 0.3375 0.3525 0.976435 0.14062 -0.16371 169 111 47
0.8475 0.3225 0.347852 0.968648 0.132223 -0.210328 164 108 44
0.842061 0.3525 0.2625 0.998573 -0.0523975 -0.0103136 104 62 13
0.845088 0.3525 0.2775 0.999924 -0.00485782 -0.0113183 113 68 17
0.841808 0.3525 0.2925 0.989705 0.116266 0.0834596 122 74 20
0.841554 0.3525 0.3075 0.997865 0.0346533 -0.0553605 132 81 24
0.844664 0.3525 0.3225 0.998988 0.0252325 -0.0372317 143 89 31
0.84247 0.3525 0.3375 0.998637 0.0412684 -0.0319669 156 98 37
0.843312 0.3525 0.3525 0.993855 0.0553204 -0.0958708 170 109 47
0.8475 0.351736 0.3675 0.992584 0.121316 -0.00775416 179 116 49
0.847363 0.3525 0.3675 0.980085 0.156598 -0.122106 179 116 49
0.8475 0.3375 0.358126 0.977756 0.0544645 -0.202552 173 113 47
0.842328 0.3675 0.2625 0.994427 0.0791347 0.0696599 105 62 13
0.84226 0.3675 0.2775 0.985396 0.1481 0.0840296 112 69 16
0.840594 0.3675 0.2925 0.999676 0.0195779 -0.0162681 123 76 20
0.842025 0.3675 0.3075 0.998034 0.0517926 -0.0353013 130 79 21
0.841553 0.3675 0.3225 0.992389 0.118955 -0.0318473 143 88 27
0.845176 0.3675 0.3375 0.996635 0.0415937 -0.07063 151 93 28
0.842625 0.3675 0.3525 0.991476 0.130197 -0.00487183 166 105 40
0.844319 0.3675 0.3675 0.988242 0.118403 -0.0967423 180 116 50
0.844238 0.3525 0.3825 0.99997 -0.007439 -0.00201375 184 120 49
0.8475 0.366865 0.3825 0.952456 -0.220407 -0.210352 182 118 47
0.8475 0.3675 0.381565 0.950015 0.224965 -0.216476 182 118 47
0.8475 0.362319 0.4125 0.979283 0.139056 -0.147199 195 127 52
0.84665 0.3675 0.4125 0.971219 0.175759 -0.160757 193 125 50
0.8475 0.3675 0.417679 0.975188 0.15823 -0.154827 195 126 51
0.840682 0.3825 0.2625 0.99339 0.0864221 0.0755453 105 65 15
0.839755 0.3825 0.2775 0.998609 0.0494138 0.0183722 114 71 17
0.841944 0.3825 0.2925 0.994993 0.0997195 -0.00665864 124 78 19
0.840099 0.3825 0.3075 0.991529 0.12226 0.0438566 132 82 22
0.83888 0.3825 0.3225 0.992961 0.0920343 -0.074549 142 87 24
0.842271 0.3825 0.3375 0.981871 0.189361 0.00844662 151 92 28
0.840377 0.3825 0.3525 0.992547 0.106848 -0.0585968 164 102 33
0.84236 0.3825 0.3675 0.989305 0.131806 -0.0624655 176 111 42
0.8475 0.368433 0.3825 0.96843 0.249286 0 182 118 47
0.843798 0.3825 0.3825 0.979968 0.159201 -0.119654 184 119 47
0.844213 0.3675 0.3975 0.999748 -0.0101614 0.020041 191 124 52
0.8475 0.380818 0.3975 0.946819 -0.244992 -0.208598 193 125 53
0.8475 0.3675 0.383182 0.944498 0.242066 0.222097 182 118 47
0.8475 0.3825 0.395255 0.925275 0.262667 -0.273628 192 125 52
0.843911 0.3825 0.4125 0.998874 0.0333698 -0.0337141 196 127 52
0.8475 0.3825 0.399305 0.950194 -0.181157 0.253601 194 126 53
0.8475 0.377311 0.4275 0.978481 0.150664 -0.140981 199 130 54
0.84645 0.3825 0.4275 0.984615 0.149173 -0.0909951 200 131 54
0.8475 0.3825 0.43336 0.96172 0.217206 -0.167079 200 130 54
0.8475 0.379809 0.4725 0.965403 0.252707 -0.0643148 205 133 59
0.846779 0.3825 0.4725 0.999764 0.00922971 -0.0196717 204 132 58
0.8475 0.3825 0.469955 0.952648 0.221262 0.208576 204 132 58
0.8475 0.3825 0.478624 0.991253 -0.0561999 -0.119408 205 134 58
0.841475 0.3975 0.2625 0.96797 0.248345 0.0368638 109 67 17
0.838961 0.3975 0.2775 0.955616 0.287084 0.0661889 116 73 19
0.837444 0.3975 0.2925 0.966065 0.258181 -0.0078384 121 76 17
0.840063 0.3975 0.3075 0.970889 0.238605 -0.0210161 130 82 20
0.838852 0.3975 0.3225 0.981161 0.192239 0.0191414 149 95 31
0.837636 0.3975 0.3375 0.979654 0.195557 -0.0451231 156 99 33
0.841078 0.3975 0.3525 0.977637 0.208076 -0.0305124 165 103 34
0.838972 0.3975 0.3675 0.967484 0.249508 -0.0414692 181 117 45
0.841181 0.3975 0.3825 0.960098 0.265879 -0.0867148 192 128 54
0.8475 0.384741 0.3975 0.926931 0.321854 0.192898 194 126 53
0.842764 0.3975 0.3975 0.960116 0.250685 -0.12383 197 130 55
0.846103 0.3975 0.4125 0.974528 0.222238 -0.0300961 199 131 56
0.84272 0.3975 0.4275 0.97279 0.230731 -0.0210604 201 134 56
0.8475 0.389746 0.4425 0.970119 0.216439 -0.10965 204 133 57
0.845143 0.3975 0.4425 0.95645 0.27964 -0.0836929 207 139 61
0.8475 0.395654 0.4575 0.97812 0.201151 0.0530891 208 136 60
0.846861 0.3975 0.4575 0.947401 0.306166 -0.0932442 209 138 61
0.8475 0.387924 0.4725 0.986418 -0.121701 -0.110314 207 136 60
0.8475 0.3975 0.461701 0.969806 0.198473 -0.141721 210 138 62
0.833055 0.4125 0.2625 0.885571 0.461161 0.0556347 120 79 26
0.832697 0.4125 0.2775 0.93275 0.359231 0.030506 123 81 21
0.833068 0.4125 0.2925 0.94465 0.322171 -0.0619859 119 73 13
0.833851 0.4125 0.3225 0.942283 0.333451 -0.0302166 160 107 42
0.835439 0.4125 0.3375 0.948427 0.312308 -0.0543149 156 100 32
0.833592 0.4125 0.3525 0.920315 0.389395 0.0373069 183 124 52
0.835806 0.4125 0.3675 0.936564 0.343567 -0.0693524 193 130 54
0.834996 0.4125 0.3825 0.915946 0.395297 -0.0691611 189 124 49
0.837711 0.4125 0.3975 0.897627 0.425871 -0.113576 188 124 48
0.838041 0.4125 0.4125 0.899464 0.435338 -0.0380287 203 136 60
0.841586 0.4125 0.4275 0.919557 0.388427 -0.0594868 202 135 58
0.8388 0.4125 0.4425 0.889346 0.457223 -0.00330542 204 137 59
0.841023 0.4125 0.4575 0.879113 0.46599 -0.100068 203 134 56
0.8475 0.402236 0.4725 0.927889 0.362651 -0.0866417 212 141 63
0.842471 0.4125 0.4725 0.861375 0.500928 -0.0842854 200 130 52
0.847665 0.2625 0.2775 0.989381 0.0476008 -0.137333 131 87 38
0.8475 0.2625 0.278021 0.947957 0.0424711 0.315554 131 87 38
0.84865 0.2625 0.3225 1 0 0 149 101 43
0.8475 0.259579 0.3225 0.93051 -0.366266 0 150 101 43
0.8475 0.2625 0.317983 0.969093 0 -0.246695 148 100 42
0.8475 0.2625 0.326849 0.966777 0 0.255622 152 103 43
0.848285 0.2625 0.3525 0.980595 0.0855495 -0.176395 170 115 49
0.8475 0.2625 0.349317 0.964711 0.113154 -0.237758 168 114 48
0.850764 0.2625 0.3675 0.997343 -0.0295034 0.0666132 177 121 52
0.8475 0.253804 0.3675 0.904607 -0.345356 0.24983 180 123 53
0.8475 0.254684 0.3825 0.976933 0.106269 -0.185229 185 125 53
0.8475 0.2625 0.379789 0.961783 -0.0986095 0.255438 186 127 55
0.849392 0.2625 0.3975 0.985105 0.0723331 -0.156 193 134 63
0.8475 0.2625 0.386975 0.983058 0.0571983 -0.174142 190 130 58
0.851535 0.2625 0.4125 0.999532 -0.028772 0.0103996 193 133 62
0.8475 0.249041 0.4125 0.944215 -0.284881 0.165232 197 134 63
0.848189 0.2625 0.4275 0.996668 0.0812212 0.00743146 199 136 65
0.851288 0.2625 0.4425 0.998941 -0.00895762 -0.0451187 201 137 70
0.851524 0.2625 0.4575 0.998375 -0.0274652 0.0499249 205 140 73
0.848031 0.2625 0.4725 0.998874 -0.0474347 -0.00022371 205 142 75
0.8475 0.2717 0.3225 0.992279 0.124025 0 151 102 43
0.8475 0.268569 0.3525 0.972708 0.121152 -0.197895 171 116 49
0.849373 0.2775 0.3675 0.997754 0.0242665 -0.0624405 179 122 51
0.8475 0.2775 0.357914 0.976667 0.0922551 -0.193933 175 119 50
0.8475 0.2775 0.376648 0.972694 0.0327533 0.229769 184 126 53
0.848693 0.2775 0.3975 0.996103 0.0279408 -0.083659 195 132 60
0.8475 0.2775 0.390529 0.972796 -0.171367 -0.155892 191 130 57
0.850501 0.2775 0.4125 0.999643 -0.0043283 0.0263818 191 131 60
0.8475 0.268315 0.4275 0.974024 0.114272 -0.195495 199 136 65
0.8475 0.2775 0.424139 0.966005 0.0446269 0.254643 198 136 64
0.850258 0.2775 0.4425 0.996205 0.0454127 -0.074252 201 137 68
0.8475 0.2775 0.431684 0.955561 -0.179984 -0.233472 200 136 66
0.850849 0.2775 0.4575 0.999746 0.00500269 -0.0219912 205 139 71
0.852006 0.2775 0.4725 0.999316 -0.0346866 0.0128323 208 141 73
0.848491 0.2925 0.3375 1 0 0 163 110 46
0.8475 0.289526 0.3375 0.948691 -0.316203 0 162 109 46
0.8475 0.2925 0.331863 0.984888 0 -0.17319 158 106 44
0.8475 0.2925 0.342032 0.976913 0 0.213639 166 112 48
0.848162 0.2925 0.3675 0.981536 0.0809946 -0.173283 179 121 49
0.8475 0.2925 0.364406 0.974046 0.0880844 -0.208507 178 121 49
0.850653 0.2925 0.3825 0.999535 -0.0275236 0.0131549 185 126 55
0.8475 0.281331 0.3825 0.957374 -0.273789 0.0920545 186 127 54
0.847709 0.2925 0.3975 0.997296 0.0734395 0.00257321 193 131 58
0.850543 0.2925 0.4125 0.990282 0.0646247 -0.123144 196 130 59
0.85144 0.2925 0.4275 0.999197 -0.0356167 0.0183305 195 132 62
0.8475 0.280029 0.4275 0.940828 -0.29999 0.157638 199 136 65
0.848309 0.2925 0.4425 0.999638 -0.0260443 0.00677384 200 135 67
0.850285 0.2925 0.4575 0.999218 0.00756602 -0.0388018 204 138 69
0.850851 0.2925 0.4725 0.999379 -0.0159568 -0.0314222 208 141 72
0.8475 0.303071 0.3375 0.995633 0.0933582 0 160 106 43
0.8475 0.300191 0.3675 0.982262 0.0793204 -0.169913 178 120 48
0.849436 0.3075 0.3825 0.999157 0.0387995 -0.013427 182 122 50
0.8475 0.3075 0.370709 0.981051 0.0949918 -0.168867 178 120 49
0.8475 0.294299 0.3975 0.983981 0.118622 -0.133082 193 131 58
0.8475 0.3075 0.391319 0.976243 0.0164873 0.216048 190 128 55
0.848543 0.3075 0.4125 0.984709 0.0936222 -0.14691 196 131 57
0.8475 0.3075 0.40662 0.979386 0.102946 -0.173796 195 131 57
0.850882 0.3075 0.4275 0.998733 -0.00439913 -0.0501242 197 131 60
0.851991 0.3075 0.4425 0.999446 -0.0332228 0.00199285 200 135 64
0.849244 0.3075 0.4575 0.999104 -0.0408523 -0.0110483 201 134 64
0.851461 0.3075 0.4725 0.999599 -3.66949e-05 -0.028309 207 138 70
0.848329 0.3225 0.3525 1 0 0 167 111 45
0.8475 0.320047 0.3525 0.947407 -0.32003 0 168 112 45
0.8475 0.3225 0.35575 0.968999 0 0.247066 170 113 46
0.84796 0.3225 0.3825 0.981152 0.114266 -0.155832 182 120 47
0.8475 0.3225 0.38063 0.95924 0.155207 -0.236157 181 120 47
0.850195 0.3225 0.3975 0.999241 -0.0389188 -0.00145085 191 127 54
0.8475 0.312327 0.3975 0.94761 -0.252944 0.195076 193 130 56
0.8475 0.319622 0.4125 0.982267 0.0851816 -0.167019 197 131 57
0.8475 0.3225 0.411484 0.950807 -0.249803 0.183209 197 131 57
0.849764 0.3225 0.4275 0.996089 0.0418783 -0.0778041 198 131 58
0.8475 0.3225 0.414054 0.970968 -0.178161 -0.159623 197 131 57
0.850885 0.3225 0.4425 0.998435 0.00525588 -0.0556759 201 133 63
0.852374 0.3225 0.4575 0.999665 -0.0253168 -0.00537209 203 135 65
0.849883 0.3225 0.4725 0.999862 -0.00469517 0.0159497 207 135 67
0.849216 0.3375 0.3675 1 0 0 176 115 47
0.8475 0.331811 0.3675 0.9574 -0.288765 0 178 117 48
0.8475 0.32544 0.3825 0.974795 0.147732 -0.167181 182 120 47
0.8475 0.3375 0.375168 0.975868 0 0.218363 181 118 48
0.848183 0.3375 0.3975 0.978521 0.129617 -0.160299 193 127 54
0.8475 0.3375 0.393319 0.97742 0.138339 -0.159729 191 125 52
0.85071 0.3375 0.4125 0.999987 0.00499062 -0.000586012 195 129 55
0.8475 0.323328 0.4125 0.962933 -0.218548 0.158102 197 131 57
0.84835 0.3375 0.4275 0.999287 -0.00218213 -0.0376944 198 130 57
0.850896 0.3375 0.4425 0.997771 0.0399566 -0.0534537 200 131 59
0.851167 0.3375 0.4575 0.999077 0.0332874 -0.027162 202 131 62
0.852118 0.3375 0.4725 0.999471 0.00188732 0.0324549 207 136 66
0.8475 0.342759 0.3975 0.97778 0.124355 -0.168768 193 127 53
0.848873 0.3525 0.4125 0.992677 0.0763866 -0.0935819 197 130 55
0.8475 0.3525 0.404509 0.977345 0.1288 -0.167952 194 127 53
0.850775 0.3525 0.4275 0.999561 0.0183266 -0.0232753 195 128 53
0.848473 0.3525 0.4425 0.999207 0.02963 -0.0265946 200 130 58
0.850969 0.3525 0.4575 0.997694 0.0520087 -0.0436169 201 130 58
0.851154 0.3525 0.4725 0.999507 0.0298127 -0.0098836 204 132 60
0.847659 0.3675 0.3825 1 5.22024e-18 0 182 118 47
0.848874 0.3675 0.4275 0.993214 0.0859994 -0.0782983 197 128 54
0.850612 0.3675 0.4425 0.999367 0.0316838 -0.0161847 199 128 54
0.848234 0.3675 0.4575 0.9986 0.0498965 -0.017545 201 129 57
0.850662 0.3675 0.4725 0.995545 0.0896144 -0.0293 206 134 61
0.847914 0.3825 0.3975 1 6.66549e-18 0 193 126 53
0.848652 0.3825 0.4425 0.995226 0.0841169 -0.0494891 200 129 53
0.849946 0.3825 0.4575 0.997435 0.0709139 -0.00973952 203 132 56
0.848503 0.3975 0.4725 0.996554 -0.0236576 -0.0795029 212 141 63
3 0 1 2
3 2 1 3
3 2 3 4
3 4 3 5
3 4 5 6
3 5 7 6
3 6 7 8
3 7 9 8
3 12 11 10
3 12 8 11
3 8 9 11
3 11 13 10
3 14 15 16
3 15 17 16
3 19 17 20
3 19 18 17
3 18 16 17
3 18 22 21
3 19 22 18
3 25 0 2
3 25 24 0
3 24 23 0
3 24 25 26
3 25 2 4
3 26 25 4
3 26 4 27
3 27 4 6
3 27 6 28
3 6 8 28
3 30 8 12
3 30 29 8
3 29 28 8
3 29 30 31
3 30 12 32
3 31 30 32
3 31 32 33
3 33 32 14
3 33 14 34
3 14 16 34
3 34 16 35
3 16 18 35
3 35 18 36
3 18 21 36
3 38 21 39
3 38 37 21
3 37 36 21
3 37 41 40
3 38 41 37
3 40 41 42
3 38 39 43
3 41 38 43
3 44 41 43
3 42 41 44
3 42 44 45
3 45 44 46
3 45 46 47
3 46 48 47
3 47 48 49
3 48 50 49
3 49 50 51
3 50 52 51
3 51 52 53
3 52 54 53
3 53 54 55
3 54 56 55
3 58 59 57
3 24 60 23
3 61 60 24
3 24 26 61
3 63 64 62
3 63 62 61
3 61 62 60
3 61 26 27
3 61 27 63
3 63 27 65
3 65 27 66
3 27 28 66
3 68 29 67
3 68 66 29
3 66 28 29
3 29 31 67
3 62 64 69
3 68 67 70
3 67 31 33
3 67 33 70
3 70 33 71
3 71 33 72
3 33 34 72
3 72 34 73
3 34 35 73
3 73 35 74
3 35 36 74
3 74 36 75
3 36 37 75
3 75 37 76
3 37 40 76
3 78 40 42
3 78 77 40
3 77 76 40
3 77 78 79
3 82 81 80
3 80 81 83
3 78 42 45
3 79 78 45
3 79 45 84
3 84 45 47
3 81 82 84
3 81 84 49
3 49 84 47
3 83 81 49
3 83 49 85
3 85 49 51
3 85 51 86
3 51 53 86
3 86 53 87
3 53 55 87
3 88 90 89
3 93 92 91
3 95 92 93
3 94 92 95
3 98 97 96
3 96 94 95
3 96 97 94
3 97 99 94
3 101 97 98
3 100 97 101
3 97 100 99
3 99 100 102
3 104 100 101
3 103 100 104
3 100 103 102
3 102 103 105
3 107 103 104
3 106 103 107
3 103 106 105
3 105 106 108
3 110 106 107
3 109 106 110
3 106 109 108
3 108 109 111
3 113 109 110
3 112 109 113
3 109 112 111
3 111 112 114
3 116 112 113
3 115 112 116
3 112 115 114
3 114 115 117
3 119 115 116
3 118 115 119
3 115 118 117
3 117 118 120
3 122 118 119
3 121 118 122
3 118 121 120
3 120 121 123
3 126 125 124
3 125 93 91
3 125 126 93
3 126 127 93
3 127 128 93
3 128 95 93
3 98 129 130
3 96 129 98
3 129 96 95
3 128 129 95
3 130 131 98
3 131 101 98
3 131 132 101
3 132 104 101
3 132 133 104
3 133 107 104
3 133 134 107
3 134 110 107
3 134 135 110
3 135 113 110
3 135 136 113
3 136 116 113
3 136 137 116
3 137 119 116
3 139 137 138
3 139 122 137
3 122 119 137
3 138 140 139
3 124 141 126
3 142 126 141
3 142 143 126
3 143 127 126
3 143 144 127
3 144 128 127
3 129 145 130
3 145 129 128
3 145 128 146
3 146 128 144
3 147 130 145
3 147 148 130
3 148 131 130
3 145 146 147
3 148 149 131
3 149 132 131
3 149 150 132
3 150 133 132
3 150 151 133
3 151 134 133
3 151 152 134
3 152 135 134
3 152 153 135
3 153 136 135
3 155 153 154
3 155 137 153
3 137 136 153
3 154 156 155
3 155 138 137
3 138 155 156
3 138 156 140
3 140 156 157
3 143 158 159
3 142 158 143
3 159 160 143
3 160 144 143
3 160 161 144
3 161 146 144
3 148 162 163
3 147 162 148
3 162 147 146
3 161 162 146
3 163 164 148
3 164 149 148
3 164 165 149
3 165 150 149
3 165 166 150
3 166 151 150
3 168 166 167
3 168 152 166
3 152 151 166
3 167 169 168
3 170 152 168
3 153 152 170
3 169 171 170
3 168 169 170
3 170 154 153
3 154 170 171
3 154 171 156
3 156 171 172
3 172 173 156
3 173 157 156
3 174 175 159
3 175 160 159
3 175 176 160
3 176 161 160
3 162 177 163
3 177 162 161
3 177 161 178
3 178 161 176
3 179 163 177
3 179 180 163
3 180 164 163
3 177 178 179
3 180 181 164
3 181 165 164
3 183 181 182
3 183 166 181
3 166 165 181
3 182 184 183
3 183 167 166
3 167 183 184
3 167 184 169
3 169 184 185
3 185 186 169
3 186 171 169
3 186 187 171
3 187 172 171
3 187 188 172
3 188 173 172
3 179 189 180
3 189 179 178
3 182 190 184
3 193 192 191
3 191 192 194
3 197 196 195
3 199 198 200
3 204 201 203
3 202 201 204
3 200 201 202
3 200 205 201
3 200 198 205
3 205 206 201
3 193 207 208
3 191 207 193
3 191 209 207
3 194 209 191
3 211 203 210
3 211 212 203
3 212 204 203
3 210 214 211
3 206 205 213
3 217 216 215
3 215 216 218
3 91 220 219
3 92 220 91
3 219 216 217
3 219 220 216
3 220 221 216
3 218 223 222
3 218 216 223
3 216 221 223
3 222 225 224
3 223 225 222
3 224 227 226
3 225 227 224
3 226 229 228
3 227 229 226
3 228 231 230
3 229 231 228
3 230 233 232
3 231 233 230
3 232 235 234
3 233 235 232
3 234 237 236
3 235 237 234
3 236 239 238
3 237 239 236
3 238 241 240
3 239 241 238
3 240 243 242
3 241 243 240
3 242 245 244
3 243 245 242
3 92 94 220
3 220 94 246
3 220 246 221
3 221 246 247
3 221 247 223
3 223 247 248
3 223 248 225
3 225 248 249
3 225 249 227
3 227 249 250
3 227 250 229
3 229 250 251
3 229 251 231
3 231 251 252
3 231 252 233
3 233 252 253
3 233 253 235
3 235 253 254
3 235 254 237
3 237 254 255
3 237 255 239
3 239 255 256
3 239 256 241
3 241 256 257
3 241 257 243
3 243 257 258
3 243 258 245
3 245 258 259
3 94 99 246
3 246 99 260
3 246 260 247
3 247 260 261
3 247 261 248
3 248 261 262
3 248 262 249
3 249 262 263
3 249 263 250
3 250 263 264
3 250 264 251
3 251 264 265
3 251 265 252
3 252 265 266
3 252 266 253
3 253 266 267
3 253 267 254
3 254 267 268
3 254 268 255
3 255 268 269
3 255 269 256
3 256 269 270
3 256 270 257
3 257 270 271
3 273 272 258
3 273 258 271
3 271 258 257
3 272 275 274
3 272 274 258
3 258 274 259
3 99 102 260
3 260 102 276
3 260 276 261
3 261 276 277
3 261 277 262
3 262 277 278
3 262 278 263
3 263 278 279
3 263 279 264
3 264 279 280
3 264 280 265
3 265 280 281
3 265 281 266
3 266 281 282
3 266 282 267
3 267 282 283
3 267 283 268
3 268 283 284
3 268 284 269
3 269 284 285
3 269 285 270
3 270 285 286
3 270 286 271
3 271 286 287
3 271 287 288
3 273 271 288
3 289 274 275
3 290 289 275
3 102 105 276
3 276 105 291
3 276 291 277
3 277 291 292
3 277 292 278
3 278 292 293
3 278 293 279
3 279 293 294
3 279 294 280
3 280 294 295
3 280 295 281
3 281 295 296
3 281 296 282
3 282 296 297
3 282 297 283
3 283 297 298
3 283 298 284
3 284 298 299
3 284 299 285
3 285 299 300
3 285 300 286
3 286 300 301
3 286 301 287
3 287 301 302
3 304 288 287
3 304 287 303
3 303 287 302
3 105 108 291
3 291 108 305
3 307 306 292
3 307 292 305
3 305 292 291
3 306 309 308
3 306 308 292
3 292 308 293
3 293 308 294
3 294 308 310
3 294 310 295
3 295 310 311
3 295 311 296
3 296 311 312
3 296 312 297
3 297 312 313
3 297 313 298
3 298 313 314
3 298 314 299
3 299 314 315
3 299 315 300
3 300 315 316
3 300 316 301
3 301 316 317
3 301 317 302
3 302 317 318
3 302 318 303
3 303 318 319
3 108 111 305
3 305 111 320
3 322 307 305
3 322 305 321
3 321 305 320
3 309 322 321
3 309 321 308
3 308 321 323
3 308 323 310
3 310 323 324
3 310 324 311
3 311 324 325
3 311 325 312
3 312 325 326
3 312 326 313
3 313 326 327
3 313 327 314
3 314 327 328
3 314 328 315
3 315 328 329
3 315 329 316
3 316 329 330
3 316 330 317
3 317 330 331
3 197 332 318
3 197 318 331
3 331 318 317
3 332 334 333
3 332 333 318
3 318 333 319
3 319 333 336
3 335 319 336
3 338 337 339
3 340 338 339
3 111 114 320
3 320 114 341
3 320 341 321
3 321 341 342
3 321 342 323
3 323 342 343
3 323 343 324
3 324 343 344
3 324 344 325
3 325 344 345
3 325 345 326
3 326 345 346
3 326 346 327
3 327 346 347
3 327 347 328
3 328 347 348
3 328 348 329
3 329 348 349
3 329 349 330
3 330 349 350
3 330 350 331
3 331 350 351
3 196 197 331
3 196 331 352
3 352 331 351
3 334 196 352
3 334 352 333
3 333 352 353
3 355 336 333
3 355 333 354
3 354 333 353
3 114 117 341
3 341 117 356
3 341 356 342
3 342 356 357
3 342 357 343
3 343 357 358
3 343 358 344
3 344 358 359
3 344 359 345
3 345 359 360
3 345 360 346
3 346 360 361
3 346 361 347
3 347 361 362
3 347 362 348
3 348 362 363
3 348 363 349
3 349 363 364
3 349 364 350
3 350 364 365
3 350 365 351
3 351 365 366
3 351 366 352
3 352 366 367
3 369 368 353
3 369 353 367
3 367 353 352
3 368 371 370
3 368 370 353
3 353 370 354
3 117 120 356
3 356 120 372
3 356 372 357
3 357 372 373
3 357 373 358
3 358 373 374
3 358 374 359
3 359 374 375
3 359 375 360
3 360 375 376
3 360 376 361
3 361 376 377
3 361 377 362
3 362 377 378
3 362 378 363
3 363 378 379
3 363 379 364
3 364 379 380
3 364 380 365
3 365 380 381
3 203 201 366
3 203 366 381
3 381 366 365
3 201 206 382
3 201 382 366
3 366 382 367
3 367 382 383
3 369 367 383
3 384 370 371
3 385 384 371
3 120 123 372
3 372 123 386
3 372 386 373
3 373 386 387
3 373 387 374
3 374 387 388
3 374 388 375
3 375 388 389
3 375 389 376
3 376 389 390
3 376 390 377
3 377 390 391
3 377 391 378
3 378 391 392
3 378 392 379
3 379 392 393
3 208 207 380
3 208 380 393
3 393 380 379
3 207 209 394
3 207 394 380
3 380 394 381
3 210 203 381
3 210 381 395
3 395 381 394
3 206 213 382
3 210 395 214
3 213 383 382
3 398 396 397
3 385 399 384
3 397 396 400
3 399 403 402
3 399 402 384
3 384 402 401
3 124 405 404
3 125 405 124
3 217 404 405
3 217 215 404
3 215 406 404
3 408 215 218
3 408 407 215
3 407 406 215
3 407 410 409
3 408 410 407
3 409 410 411
3 405 125 91
3 219 405 91
3 405 219 217
3 408 218 222
3 410 408 222
3 224 410 222
3 411 410 224
3 411 224 412
3 412 224 226
3 412 226 413
3 226 228 413
3 413 228 414
3 228 230 414
3 414 230 415
3 230 232 415
3 415 232 416
3 232 234 416
3 416 234 417
3 234 236 417
3 417 236 418
3 236 238 418
3 418 238 419
3 238 240 419
3 419 240 420
3 240 242 420
3 420 242 421
3 242 244 421
3 421 244 422
3 244 423 422
3 422 423 424
3 423 425 424
3 404 141 124
3 426 141 404
3 426 427 428
3 426 404 427
3 404 406 427
3 427 406 429
3 406 407 429
3 429 407 430
3 407 409 430
3 409 431 430
3 411 431 409
3 141 426 432
3 142 141 432
3 426 428 432
3 431 411 412
3 433 431 412
3 433 412 434
3 412 413 434
3 434 413 435
3 413 414 435
3 435 414 436
3 414 415 436
3 436 415 437
3 415 416 437
3 437 416 438
3 416 417 438
3 438 417 439
3 417 418 439
3 439 418 440
3 418 419 440
3 440 419 441
3 419 420 441
3 441 420 442
3 420 421 442
3 442 421 443
3 421 422 443
3 443 422 444
3 422 424 444
3 428 445 446
3 427 445 428
3 445 427 447
3 427 429 447
3 447 429 448
3 429 430 448
3 450 430 431
3 450 449 430
3 449 448 430
3 449 450 451
3 158 142 452
3 142 432 452
3 452 432 428
3 446 452 428
3 450 431 433
3 451 450 433
3 451 433 453
3 453 433 434
3 453 434 454
3 434 435 454
3 454 435 455
3 435 436 455
3 455 436 456
3 436 437 456
3 456 437 457
3 437 438 457
3 457 438 458
3 438 439 458
3 458 439 459
3 439 440 459
3 459 440 460
3 440 441 460
3 460 441 461
3 441 442 461
3 461 442 462
3 442 443 462
3 462 443 463
3 443 444 463
3 464 452 446
3 468 467 466
3 471 466 467
3 471 470 466
3 470 469 466
3 55 56 472
3 56 473 472
3 472 473 474
3 473 475 474
3 474 475 476
3 475 477 476
3 476 477 478
3 477 479 478
3 478 479 480
3 479 481 480
3 480 481 482
3 481 483 482
3 482 483 484
3 483 485 484
3 484 485 486
3 485 487 486
3 486 487 488
3 487 489 488
3 488 489 490
3 489 491 490
3 490 491 492
3 491 493 492
3 492 493 494
3 493 495 494
3 494 495 496
3 495 497 496
3 496 497 498
3 497 499 498
3 467 468 498
3 467 498 500
3 500 498 499
3 467 500 471
3 504 502 501
3 503 504 501
3 508 506 505
3 507 508 505
3 468 509 510
3 466 509 468
3 509 466 511
3 466 469 511
3 87 55 512
3 55 472 512
3 512 472 513
3 472 474 513
3 513 474 514
3 474 476 514
3 514 476 515
3 476 478 515
3 515 478 516
3 478 480 516
3 516 480 517
3 480 482 517
3 517 482 518
3 482 484 518
3 518 484 519
3 484 486 519
3 519 486 520
3 486 488 520
3 520 488 521
3 488 490 521
3 521 490 522
3 490 492 522
3 522 492 523
3 492 494 523
3 523 494 524
3 494 496 524
3 524 496 525
3 496 498 525
3 525 498 468
3 510 525 468
3 528 527 526
3 526 530 529
3 527 530 526
3 529 531 533
3 529 530 531
3 530 532 531
3 531 532 535
3 534 531 535
3 528 536 527
3 538 527 536
3 538 537 527
3 537 530 527
3 530 537 532
3 532 537 539
3 541 535 532
3 541 532 540
3 540 532 539
3 541 540 542
3 546 543 545
3 544 543 546
3 543 544 547
3 547 544 548
3 528 526 549
3 528 549 548
3 548 549 547
3 550 549 526
3 529 550 526
3 550 529 533
3 552 544 546
3 551 544 552
3 544 551 548
3 548 551 553
3 536 528 548
3 536 548 554
3 554 548 553
3 536 554 538
3 556 551 552
3 555 551 556
3 551 555 553
3 553 555 557
3 559 558 554
3 559 554 557
3 557 554 553
3 554 558 538
3 556 560 555
3 560 562 563
3 560 563 557
3 560 557 555
3 561 557 563
3 557 561 559
3 566 565 564
3 564 565 546
3 564 546 567
3 567 546 545
3 569 565 566
3 568 565 569
3 565 568 552
3 546 565 552
3 571 568 569
3 570 568 571
3 568 570 556
3 552 568 556
3 573 570 571
3 572 570 573
3 560 556 570
3 560 570 574
3 574 570 572
3 560 574 562
3 576 572 573
3 575 572 576
3 572 575 574
3 574 575 577
3 574 577 578
3 562 574 578
3 580 575 576
3 579 575 580
3 575 579 577
3 577 579 581
3 583 578 577
3 583 577 582
3 582 577 581
3 583 582 584
3 585 566 564
3 585 586 566
3 586 587 566
3 585 564 567
3 587 588 566
3 588 569 566
3 588 589 569
3 589 571 569
3 589 590 571
3 590 573 571
3 590 591 573
3 591 576 573
3 591 592 576
3 592 580 576
3 592 593 580
3 593 594 580
3 596 595 597
3 598 599 586
3 599 587 586
3 599 600 587
3 600 588 587
3 600 601 588
3 601 589 588
3 601 602 589
3 602 590 589
3 602 603 590
3 603 591 590
3 603 604 591
3 604 592 591
3 604 605 592
3 605 593 592
3 605 606 593
3 606 607 593
3 606 609 607
3 608 609 606
3 609 608 610
3 611 609 610
3 613 614 612
3 613 599 614
3 599 598 614
3 612 615 613
3 616 599 613
3 600 599 616
3 615 617 616
3 613 615 616
3 618 600 616
3 618 619 600
3 619 601 600
3 616 617 618
3 619 620 601
3 620 602 601
3 620 621 602
3 621 603 602
3 621 622 603
3 622 604 603
3 624 622 623
3 624 605 622
3 605 604 622
3 623 625 624
3 626 605 624
3 606 605 626
3 625 627 626
3 624 625 626
3 626 608 606
3 608 626 627
3 608 627 610
3 610 627 628
3 628 629 610
3 629 630 610
3 632 633 631
3 632 630 633
3 630 629 633
3 632 631 634
3 635 612 614
3 612 637 615
3 635 637 612
3 635 636 637
3 635 638 636
3 636 639 637
3 640 615 637
3 640 641 615
3 641 617 615
3 637 639 640
3 618 642 619
3 642 618 617
3 642 617 643
3 643 617 641
3 644 619 642
3 620 619 644
3 643 645 644
3 642 643 644
3 646 620 644
3 621 620 646
3 645 647 646
3 644 645 646
3 647 649 648
3 646 647 648
3 623 648 649
3 623 649 625
3 625 649 650
3 650 651 625
3 651 627 625
3 651 652 627
3 652 628 627
3 654 652 653
3 654 629 652
3 629 628 652
3 653 655 654
3 658 657 656
3 657 659 656
3 657 629 659
3 657 633 629
3 654 659 629
3 654 655 659
3 469 470 660
3 470 661 660
3 660 661 662
3 661 663 662
3 657 658 662
3 657 662 664
3 664 662 663
3 657 664 633
3 666 665 667
3 636 671 670
3 636 638 671
3 669 671 668
3 668 671 638
3 669 668 672
3 670 639 636
3 670 641 640
3 670 671 641
3 671 673 641
3 670 640 639
3 673 674 641
3 674 643 641
3 674 675 643
3 675 645 643
3 675 676 645
3 676 647 645
3 676 677 647
3 677 649 647
3 679 677 678
3 679 650 677
3 650 649 677
3 678 680 679
3 681 650 679
3 651 650 681
3 680 682 681
3 679 680 681
3 683 651 681
3 652 651 683
3 682 684 683
3 681 682 683
3 653 687 686
3 653 652 687
3 685 687 683
3 683 687 652
3 685 683 684
3 686 655 653
3 658 688 689
3 656 688 658
3 686 687 688
3 686 688 659
3 659 688 656
3 686 659 655
3 511 469 690
3 469 660 690
3 690 660 691
3 660 662 691
3 691 662 658
3 689 691 658
3 696 695 694
3 696 692 695
3 692 693 695
3 698 425 699
3 698 697 425
3 697 424 425
3 702 697 698
3 702 701 697
3 701 700 697
3 704 701 705
3 704 703 701
3 703 700 701
3 708 703 704
3 708 707 703
3 707 706 703
3 710 707 711
3 710 709 707
3 709 706 707
3 714 709 710
3 714 713 709
3 713 712 709
3 716 713 717
3 716 715 713
3 715 712 713
3 715 719 718
3 716 719 715
3 718 721 720
3 719 721 718
3 720 723 722
3 721 723 720
3 722 725 724
3 723 725 722
3 724 727 726
3 725 727 724
3 726 729 728
3 727 729 726
3 728 731 730
3 729 731 728
3 730 731 732
3 735 734 733
3 698 699 736
3 698 736 702
3 704 705 737
3 704 737 708
3 710 711 738
3 738 714 710
3 741 739 740
3 717 742 716
3 740 739 743
3 742 745 744
3 742 744 716
3 716 744 719
3 747 746 721
3 747 721 744
3 744 721 719
3 746 749 748
3 746 748 721
3 721 748 723
3 723 748 725
3 725 748 750
3 752 751 727
3 752 727 750
3 750 727 725
3 751 754 753
3 751 753 727
3 727 753 729
3 756 755 731
3 756 731 753
3 753 731 729
3 755 759 758
3 731 755 758
3 731 758 757
3 731 757 732
3 757 734 735
3 757 758 734
3 758 760 734
3 762 763 761
3 762 761 764
3 765 739 741
3 766 765 741
3 739 765 767
3 743 739 767
3 768 744 745
3 769 768 745
3 771 747 744
3 771 744 770
3 770 744 768
3 749 772 748
3 771 770 773
3 772 775 774
3 772 774 748
3 748 774 750
3 750 774 776
3 752 750 776
3 777 753 754
3 778 777 754
3 780 756 753
3 780 753 779
3 779 753 777
3 759 781 758
3 780 779 782
3 781 784 783
3 781 783 758
3 758 783 760
3 786 787 785
3 786 785 788
3 789 761 763
3 790 789 763
3 761 789 791
3 764 761 791
3 765 766 792
3 765 792 767
3 793 768 769
3 794 793 769
3 768 793 770
3 770 793 795
3 770 795 796
3 773 770 796
3 797 774 775
3 798 797 775
3 800 776 774
3 800 774 799
3 799 774 797
3 778 800 799
3 778 799 777
3 777 799 801
3 777 801 779
3 779 801 802
3 804 782 779
3 804 779 803
3 803 779 802
3 784 804 803
3 784 803 783
3 783 803 805
3 806 785 787
3 807 806 787
3 785 806 808
3 788 785 808
3 789 790 809
3 789 809 791
3 811 812 810
3 794 813 793
3 811 810 814
3 813 816 815
3 813 815 793
3 793 815 795
3 818 796 795
3 818 795 817
3 817 795 815
3 798 818 817
3 798 817 797
3 797 817 819
3 797 819 799
3 799 819 820
3 799 820 801
3 801 820 821
3 801 821 802
3 802 821 822
3 802 822 803
3 803 822 823
3 803 823 805
3 805 823 824
3 806 807 825
3 806 825 808
3 827 828 826
3 827 826 829
3 830 810 812
3 831 830 812
3 810 830 832
3 814 810 832
3 833 815 816
3 834 833 816
3 815 833 817
3 817 833 835
3 817 835 819
3 819 835 836
3 819 836 820
3 820 836 837
3 820 837 821
3 821 837 838
3 821 838 822
3 822 838 839
3 822 839 823
3 823 839 840
3 823 840 824
3 824 840 841
3 843 844 842
3 843 842 845
3 846 826 828
3 847 846 828
3 826 846 848
3 829 826 848
3 830 831 849
3 849 832 830
3 852 850 851
3 834 851 850
3 834 850 833
3 833 850 853
3 833 853 835
3 835 853 854
3 835 854 836
3 836 854 855
3 836 855 837
3 837 855 856
3 837 856 838
3 838 856 857
3 838 857 839
3 839 857 858
3 839 858 840
3 840 858 859
3 840 859 841
3 841 859 860
3 862 863 861
3 862 861 864
3 865 842 844
3 866 865 844
3 842 865 867
3 845 842 867
3 846 847 868
3 868 848 846
3 871 869 870
3 870 869 872
3 873 850 852
3 874 873 852
3 876 875 853
3 876 853 873
3 873 853 850
3 875 878 877
3 875 877 853
3 853 877 854
3 854 877 855
3 855 877 879
3 855 879 856
3 856 879 880
3 856 880 857
3 857 880 881
3 857 881 858
3 858 881 882
3 858 882 859
3 859 882 883
3 859 883 860
3 860 883 884
3 885 861 863
3 696 885 863
3 861 885 886
3 864 861 886
3 865 866 887
3 865 887 867
3 888 869 871
3 889 888 871
3 869 888 890
3 872 869 890
3 873 874 891
3 891 876 873
3 894 892 893
3 878 895 877
3 893 892 896
3 895 898 897
3 895 897 877
3 877 897 879
3 879 897 880
3 880 897 899
3 880 899 881
3 881 899 900
3 881 900 882
3 882 900 901
3 882 901 883
3 883 901 902
3 904 903 884
3 904 884 902
3 902 884 883
3 885 696 694
3 885 694 886
3 906 907 905
3 906 905 908
3 888 889 909
3 888 909 890
3 910 892 894
3 911 910 894
3 892 910 912
3 896 892 912
3 913 897 898
3 914 913 898
3 897 913 899
3 899 913 915
3 917 916 900
3 917 900 915
3 915 900 899
3 916 919 918
3 916 918 900
3 900 918 901
3 901 918 902
3 902 918 920
3 922 904 902
3 922 902 921
3 921 902 920
3 924 925 923
3 924 923 926
3 905 907 927
3 905 927 908
3 929 930 928
3 929 928 931
3 932 910 911
3 933 932 911
3 935 912 910
3 935 910 934
3 934 910 932
3 914 936 913
3 935 934 937
3 936 939 938
3 936 938 913
3 913 938 915
3 941 917 915
3 941 915 940
3 940 915 938
3 919 941 940
3 919 940 918
3 918 940 942
3 918 942 920
3 920 942 943
3 920 943 921
3 921 943 944
3 947 946 945
3 945 946 948
3 444 424 949
3 424 697 949
3 949 697 950
3 697 700 950
3 950 700 951
3 700 703 951
3 946 947 951
3 946 951 706
3 706 951 703
3 948 946 706
3 948 706 952
3 952 706 709
3 952 709 953
3 709 712 953
3 953 712 954
3 712 715 954
3 954 715 955
3 715 718 955
3 955 718 956
3 718 720 956
3 956 720 957
3 720 722 957
3 957 722 958
3 722 724 958
3 958 724 959
3 724 726 959
3 959 726 960
3 726 728 960
3 960 728 961
3 728 730 961
3 963 730 732
3 963 962 730
3 962 961 730
3 735 962 963
3 735 733 962
3 733 964 962
3 963 732 757
3 963 757 735
3 945 965 947
3 945 948 965
3 463 444 966
3 444 949 966
3 966 949 967
3 949 950 967
3 967 950 968
3 950 951 968
3 947 965 969
3 947 969 951
3 951 969 968
3 965 948 952
3 965 952 969
3 969 952 970
3 970 952 971
3 952 953 971
3 971 953 972
3 953 954 972
3 972 954 973
3 954 955 973
3 973 955 974
3 955 956 974
3 974 956 975
3 956 957 975
3 975 957 976
3 957 958 976
3 976 958 977
3 958 959 977
3 977 959 978
3 959 960 978
3 978 960 979
3 960 961 979
3 979 961 980
3 961 962 980
3 980 962 981
3 962 964 981
3 985 982 984
3 983 982 985
3 988 987 986
3 991 986 987
3 991 990 986
3 990 989 986
3 989 990 985
3 984 989 985
3 987 994 992
3 987 988 994
3 988 993 994
3 987 992 991
3 997 996 995
3 995 996 998
3 995 998 993
3 993 998 994
3 997 999 996
3 996 999 1000
3 996 1000 998
3 998 1000 1001
3 1004 1003 1002
3 1006 1003 1004
3 1005 1003 1006
3 1009 1008 1007
3 984 1007 1008
3 984 982 1007
3 982 1010 1007
3 988 1011 1012
3 986 1011 988
3 1008 1009 1011
3 1008 1011 989
3 989 1011 986
3 1008 989 984
3 1016 1015 1014
3 1013 1016 1014
3 1012 1017 988
3 1017 993 988
3 997 1018 1019
3 995 1018 997
3 1018 995 993
3 1017 1018 993
3 999 1021 1020
3 999 997 1021
3 997 1019 1021
3 999 1020 1000
3 1020 1004 1002
3 1020 1021 1004
3 1021 1022 1004
3 1020 1002 1000
3 1022 1023 1004
3 1023 1006 1004
3 1023 1024 1006
3 1024 1025 1006
3 1024 1026 1025
3 1026 1027 1025
3 1030 1029 1028
3 1028 1029 1031
3 1028 1031 1026
3 1026 1031 1027
3 534 1029 1030
3 1032 1029 534
3 1009 1033 1034
3 1007 1033 1009
3 1036 1010 1035
3 1036 1033 1010
3 1033 1007 1010
3 1012 1037 1038
3 1011 1037 1012
3 1037 1011 1009
3 1034 1037 1009
3 1036 1035 1039
3 1042 1041 1040
3 1040 1041 1017
3 1040 1017 1038
3 1038 1017 1012
3 1041 1019 1018
3 1041 1042 1019
3 1042 1043 1019
3 1041 1018 1017
3 1047 1046 1045
3 1044 1047 1045
3 1043 1048 1019
3 1048 1021 1019
3 1048 1049 1021
3 1049 1022 1021
3 1049 1050 1022
3 1050 1023 1022
3 1053 1052 1051
3 1051 1052 1024
3 1051 1024 1050
3 1050 1024 1023
3 1055 1052 1053
3 1054 1052 1055
3 1052 1054 1026
3 1024 1052 1026
3 1058 1057 1056
3 1054 1030 1028
3 1055 1030 1054
3 1055 1057 1030
3 1055 1056 1057
3 1054 1028 1026
3 533 1057 1058
3 531 1057 533
3 1057 531 534
3 1030 1057 534
3 1061 1060 1059
3 1034 1059 1060
3 1034 1033 1059
3 1033 1062 1059
3 1033 1063 1062
3 1036 1063 1033
3 1060 1038 1037
3 1060 1061 1038
3 1061 1064 1038
3 1060 1037 1034
3 1063 1036 1039
3 1065 1063 1039
3 1042 1066 1067
3 1040 1066 1042
3 1066 1040 1038
3 1064 1066 1038
3 1070 1068 1069
3 1067 1071 1042
3 1071 1043 1042
3 1073 1047 1044
3 1072 1073 1044
3 1071 1074 1043
3 1074 1048 1043
3 1074 1075 1048
3 1075 1049 1048
3 1078 1077 1076
3 1076 1077 1050
3 1076 1050 1075
3 1075 1050 1049
3 1077 1053 1051
3 1077 1078 1053
3 1078 1079 1053
3 1077 1051 1050
3 1082 1081 1080
3 1080 1081 1055
3 1080 1055 1079
3 1079 1055 1053
3 1085 1084 1083
3 1083 1087 1086
3 1084 1087 1083
3 1081 1058 1056
3 1082 1058 1081
3 1082 1087 1058
3 1082 1086 1087
3 1081 1056 1055
3 545 543 1088
3 1088 547 1089
3 543 547 1088
3 1089 1084 1085
3 1089 547 1084
3 547 549 1084
3 1084 549 1087
3 1087 549 550
3 1087 550 533
3 1058 1087 533
3 1092 1091 1090
3 1061 1090 1091
3 1061 1059 1090
3 1059 1093 1090
3 1093 1059 1094
3 1059 1062 1094
3 1097 1096 1095
3 1095 1091 1092
3 1095 1096 1091
3 1096 1098 1091
3 1091 1098 1064
3 1061 1091 1064
3 1100 1063 1065
3 1099 1100 1065
3 1102 1096 1097
3 1101 1096 1102
3 1067 1066 1098
3 1067 1098 1101
3 1101 1098 1096
3 1098 1066 1064
3 1104 1070 1069
3 1103 1104 1069
3 1106 1101 1102
3 1105 1101 1106
3 1101 1105 1071
3 1067 1101 1071
3 1108 1073 1072
3 1107 1108 1072
3 1110 1105 1106
3 1109 1105 1110
3 1105 1109 1074
3 1071 1105 1074
3 1113 1112 1111
3 1111 1112 1114
3 1117 1116 1115
3 1115 1109 1110
3 1115 1116 1109
3 1116 1118 1109
3 1109 1118 1075
3 1074 1109 1075
3 1121 1119 1120
3 1113 1122 1112
3 1112 1122 1114
3 1124 1116 1117
3 1123 1116 1124
3 1078 1076 1118
3 1078 1118 1123
3 1123 1118 1116
3 1118 1076 1075
3 1127 1126 1125
3 1125 1123 1124
3 1125 1126 1123
3 1126 1128 1123
3 1123 1128 1079
3 1078 1123 1079
3 1131 1130 1129
3 1129 1133 1132
3 1130 1133 1129
3 1132 1126 1127
3 1132 1133 1126
3 1133 1134 1126
3 1082 1080 1128
3 1082 1128 1134
3 1134 1128 1126
3 1128 1080 1079
3 1136 1130 1131
3 1135 1130 1136
3 1085 1083 1133
3 1085 1133 1135
3 1135 1133 1130
3 1134 1133 1083
3 1086 1134 1083
3 1134 1086 1082
3 545 1137 567
3 1088 1137 545
3 1135 1136 1137
3 1135 1137 1089
3 1089 1137 1088
3 1135 1089 1085
3 1140 1139 1138
3 1138 1139 1141
3 1144 1143 1142
3 1142 1146 1145
3 1143 1146 1142
3 1139 1092 1090
3 1140 1092 1139
3 1140 1146 1092
3 1140 1145 1146
3 1141 1139 1090
3 1141 1090 1147
3 1147 1090 1093
3 1149 1094 1148
3 1149 1147 1094
3 1147 1093 1094
3 1152 1151 1150
3 1150 1143 1144
3 1150 1151 1143
3 1151 1153 1143
3 1097 1095 1146
3 1097 1146 1153
3 1153 1146 1143
3 1146 1095 1092
3 1149 1148 1154
3 1148 1100 1099
3 1148 1099 1154
3 1154 1099 1155
3 1158 1157 1156
3 1156 1151 1152
3 1156 1157 1151
3 1157 1159 1151
3 1151 1159 1153
3 1153 1159 1160
3 1153 1160 1102
3 1097 1153 1102
3 1162 1104 1103
3 1161 1162 1103
3 1164 1157 1158
3 1163 1157 1164
3 1157 1163 1159
3 1159 1163 1165
3 1159 1165 1160
3 1160 1165 1166
3 1160 1166 1106
3 1102 1160 1106
3 1169 1168 1167
3 1167 1163 1164
3 1167 1168 1163
3 1168 1170 1163
3 1163 1170 1165
3 1165 1170 1171
3 1165 1171 1166
3 1166 1171 1172
3 1166 1172 1110
3 1106 1166 1110
3 1175 1173 1174
3 1177 1168 1169
3 1176 1168 1177
3 1113 1111 1170
3 1113 1170 1176
3 1176 1170 1168
3 1111 1114 1178
3 1111 1178 1170
3 1170 1178 1171
3 1117 1115 1172
3 1117 1172 1178
3 1178 1172 1171
3 1172 1115 1110
3 1180 1176 1177
3 1179 1176 1180
3 1122 1113 1176
3 1122 1176 1181
3 1181 1176 1179
3 1114 1122 1181
3 1114 1181 1178
3 1178 1181 1182
3 1178 1182 1124
3 1117 1178 1124
3 1185 1184 1183
3 1183 1179 1180
3 1183 1184 1179
3 1184 1186 1179
3 1179 1186 1181
3 1181 1186 1187
3 1127 1125 1182
3 1127 1182 1187
3 1187 1182 1181
3 1182 1125 1124
3 1189 1184 1185
3 1188 1184 1189
3 1131 1129 1186
3 1131 1186 1188
3 1188 1186 1184
3 1187 1186 1129
3 1132 1187 1129
3 1187 1132 1127
3 1191 1188 1189
3 1190 1188 1191
3 1188 1190 1136
3 1131 1188 1136
3 586 585 1192
3 1190 567 1137
3 1191 567 1190
3 1191 585 567
3 1191 1192 585
3 1190 1137 1136
3 1195 1194 1193
3 1140 1193 1194
3 1140 1138 1193
3 1138 1196 1193
3 1198 1138 1141
3 1198 1197 1138
3 1197 1196 1138
3 1144 1199 1200
3 1142 1199 1144
3 1194 1195 1199
3 1194 1199 1145
3 1145 1199 1142
3 1194 1145 1140
3 1198 1141 1147
3 1147 1149 1202
3 1198 1147 1202
3 1198 1202 1201
3 1198 1201 1203
3 1152 1204 1205
3 1150 1204 1152
3 1204 1150 1144
3 1200 1204 1144
3 1202 1149 1154
3 1207 1202 1154
3 1207 1154 1206
3 1206 1154 1155
3 1158 1208 1209
3 1156 1208 1158
3 1208 1156 1152
3 1205 1208 1152
3 1209 1210 1158
3 1210 1164 1158
3 1169 1211 1212
3 1167 1211 1169
3 1211 1167 1164
3 1210 1211 1164
3 1214 1175 1174
3 1213 1214 1174
3 1212 1215 1169
3 1215 1177 1169
3 1218 1217 1216
3 1216 1217 1180
3 1216 1180 1215
3 1215 1180 1177
3 1217 1185 1183
3 1217 1218 1185
3 1218 1219 1185
3 1217 1183 1180
3 1219 1220 1185
3 1220 1189 1185
3 1223 1222 1221
3 1221 1222 1191
3 1221 1191 1220
3 1220 1191 1189
3 1222 586 1192
3 1222 1223 586
3 1223 598 586
3 1222 1192 1191
3 1200 1224 1225
3 1199 1224 1200
3 1224 1199 1195
3 1226 1224 1195
3 1229 1227 1228
3 1205 1230 1231
3 1204 1230 1205
3 1230 1204 1200
3 1225 1230 1200
3 1209 1232 1233
3 1208 1232 1209
3 1232 1208 1205
3 1231 1232 1205
3 1233 1234 1209
3 1234 1210 1209
3 1212 1235 1236
3 1211 1235 1212
3 1235 1211 1210
3 1234 1235 1210
3 1238 1214 1213
3 1237 1238 1213
3 1236 1239 1212
3 1239 1215 1212
3 1218 1240 1241
3 1216 1240 1218
3 1240 1216 1215
3 1239 1240 1215
3 1241 1242 1218
3 1242 1219 1218
3 1242 1243 1219
3 1243 1220 1219
3 1221 1244 1223
3 1244 1221 1220
3 1244 1220 1245
3 1245 1220 1243
3 1246 1223 1244
3 1246 614 1223
3 614 598 1223
3 1244 1245 1246
3 1247 1249 1248
3 1251 1233 1250
3 1234 1233 1251
3 1253 1254 1251
3 1253 1251 1252
3 1252 1251 1250
3 1252 1255 1253
3 1258 1256 1257
3 1236 1259 1260
3 1235 1259 1236
3 1234 1251 1261
3 1234 1261 1235
3 1235 1261 1259
3 1251 1254 1261
3 1260 1262 1236
3 1262 1239 1236
3 1265 1263 1264
3 1241 1266 1267
3 1240 1266 1241
3 1266 1240 1239
3 1262 1266 1239
3 1269 1267 1268
3 1269 1242 1267
3 1242 1241 1267
3 1268 1270 1269
3 1271 1242 1269
3 1271 1272 1242
3 1272 1243 1242
3 1269 1270 1271
3 1272 1273 1243
3 1273 1245 1243
3 1246 635 614
3 635 1246 1245
3 635 1245 638
3 638 1245 1273
3 1274 1276 1275
3 1278 1265 1264
3 1277 1278 1264
3 1281 1282 1280
3 1279 1281 1280
3 1283 1268 1267
3 1284 1283 1280
3 1284 1270 1283
3 1284 1285 1270
3 1270 1268 1283
3 1280 1282 1284
3 1271 1286 1272
3 1286 1271 1270
3 1286 1270 1287
3 1287 1270 1285
3 1288 1272 1286
3 1273 1272 1288
3 1287 1289 1288
3 1286 1287 1288
3 668 1273 1288
3 638 1273 668
3 1289 672 668
3 1288 1289 668
3 1290 1292 1291
3 1294 1287 1293
3 1294 1295 1287
3 1295 1289 1287
3 1293 1296 1294
3 1295 1297 1289
3 1297 672 1289
3 1300 1299 1298
3 1298 1299 1301
3 733 1303 1302
3 734 1303 733
3 1302 1303 1304
3 1307 1306 1305
3 1305 1309 1308
3 1306 1309 1305
3 1308 1311 1310
3 1309 1311 1308
3 1310 1313 1312
3 1311 1313 1310
3 1312 1315 1314
3 1313 1315 1312
3 1314 1317 1316
3 1315 1317 1314
3 1316 1319 1318
3 1317 1319 1316
3 1318 1321 1320
3 1319 1321 1318
3 1320 1323 1322
3 1321 1323 1320
3 1322 1325 1324
3 1323 1325 1322
3 1324 1299 1300
3 1324 1325 1299
3 1325 1326 1299
3 1328 1327 1303
3 1328 1303 760
3 760 1303 734
3 1327 1331 1330
3 1303 1327 1330
3 1303 1330 1329
3 1303 1329 1304
3 1329 1306 1307
3 1329 1330 1306
3 1330 1332 1306
3 1306 1332 1309
3 1309 1332 1333
3 1309 1333 1311
3 1311 1333 1334
3 1311 1334 1313
3 1313 1334 1335
3 1313 1335 1315
3 1315 1335 1336
3 1315 1336 1317
3 1317 1336 1337
3 1317 1337 1319
3 1319 1337 1338
3 1319 1338 1321
3 1321 1338 1339
3 1325 1340 1326
3 1326 1340 1341
3 1343 1328 760
3 1343 760 1342
3 1342 760 783
3 1331 1344 1330
3 1343 1342 1345
3 1332 1330 1344
3 1346 1332 1344
3 1346 1348 1347
3 1346 1347 1332
3 1332 1347 1333
3 1350 1349 1334
3 1350 1334 1347
3 1347 1334 1333
3 1349 1352 1351
3 1349 1351 1334
3 1334 1351 1335
3 1335 1351 1336
3 1336 1351 1353
3 1338 1354 1339
3 1339 1354 1355
3 783 805 1342
3 1342 805 1356
3 1358 1345 1342
3 1358 1342 1357
3 1357 1342 1356
3 1360 1358 1357
3 1359 1360 1357
3 1348 1360 1359
3 1348 1359 1347
3 1347 1359 1361
3 1363 1350 1347
3 1363 1347 1362
3 1362 1347 1361
3 1352 1363 1362
3 1352 1362 1351
3 1351 1362 1364
3 1351 1364 1353
3 1353 1364 1365
3 805 824 1356
3 1356 824 1366
3 1356 1366 1357
3 1357 1366 1367
3 1357 1367 1359
3 1359 1367 1368
3 1359 1368 1361
3 1361 1368 1369
3 1361 1369 1362
3 1362 1369 1370
3 1362 1370 1364
3 1364 1370 1371
3 1364 1371 1365
3 1365 1371 1372
3 824 841 1366
3 1366 841 1373
3 1366 1373 1367
3 1367 1373 1374
3 1367 1374 1368
3 1368 1374 1375
3 1368 1375 1369
3 1369 1375 1376
3 1369 1376 1370
3 1370 1376 1377
3 1370 1377 1371
3 1371 1377 1378
3 1383 1379 1380
3 1383 1382 1379
3 1382 1381 1379
3 841 860 1373
3 1373 860 1384
3 1373 1384 1374
3 1374 1384 1385
3 1374 1385 1375
3 1375 1385 1386
3 1375 1386 1376
3 1376 1386 1387
3 1376 1387 1377
3 1377 1387 1388
3 1377 1388 1378
3 1378 1388 1389
3 1383 1390 1382
3 860 884 1384
3 1384 884 1391
3 1384 1391 1385
3 1385 1391 1392
3 1385 1392 1386
3 1386 1392 1393
3 1386 1393 1387
3 1387 1393 1394
3 1387 1394 1388
3 1388 1394 1395
3 1388 1395 1389
3 1389 1395 1396
3 1389 1396 1397
3 1397 1396 1398
3 903 1400 1399
3 903 1399 884
3 884 1399 1391
3 1391 1399 1392
3 1392 1399 1401
3 1392 1401 1393
3 1393 1401 1402
3 1393 1402 1394
3 1394 1402 1403
3 1394 1403 1395
3 1395 1403 1404
3 1395 1404 1396
3 1396 1404 1405
3 1396 1405 1398
3 1398 1405 1406
3 1398 1406 1407
3 1407 1406 1408
3 1410 1408 1411
3 1410 1409 1408
3 1409 1407 1408
3 1415 1409 1410
3 1415 1413 1409
3 1414 1409 1412
3 1412 1409 1413
3 1412 1413 1416
3 1400 922 921
3 1400 921 1399
3 1399 921 1417
3 1399 1417 1401
3 1401 1417 1418
3 1401 1418 1402
3 1402 1418 1419
3 1402 1419 1403
3 1403 1419 1420
3 1403 1420 1404
3 1404 1420 1421
3 1404 1421 1405
3 1405 1421 1422
3 1405 1422 1406
3 1406 1422 1423
3 1406 1423 1408
3 1408 1423 1424
3 1411 1426 1425
3 1411 1408 1426
3 1408 1424 1426
3 1427 1426 1428
3 1427 1413 1426
3 1425 1426 1415
3 1415 1426 1413
3 1413 1427 1416
3 1431 1430 1429
3 1429 1433 1432
3 1430 1433 1429
3 1432 1435 1434
3 1433 1435 1432
3 1434 1437 1436
3 1435 1437 1434
3 1436 1439 1438
3 1437 1439 1436
3 921 944 1417
3 1417 944 1440
3 1417 1440 1418
3 1418 1440 1441
3 1418 1441 1419
3 1419 1441 1442
3 1419 1442 1420
3 1420 1442 1443
3 1420 1443 1421
3 1421 1443 1444
3 1421 1444 1422
3 1422 1444 1445
3 1422 1445 1423
3 1423 1445 1446
3 1423 1446 1424
3 1424 1446 1447
3 1424 1447 1426
3 1426 1447 1448
3 1428 1450 1449
3 1428 1426 1450
3 1426 1448 1450
3 1449 1452 1451
3 1450 1452 1449
3 1451 1430 1431
3 1451 1452 1430
3 1452 1453 1430
3 1430 1453 1433
3 1433 1453 1454
3 1433 1454 1435
3 1435 1454 1455
3 1435 1455 1437
3 1437 1455 1456
3 1437 1456 1439
3 1439 1456 1457
3 1300 1458 1459
3 1298 1458 1300
3 1298 1460 1458
3 1301 1460 1298
3 964 733 1461
3 733 1302 1461
3 1463 1302 1304
3 1463 1462 1302
3 1462 1461 1302
3 1307 1462 1463
3 1307 1305 1462
3 1305 1464 1462
3 1464 1305 1465
3 1305 1308 1465
3 1465 1308 1466
3 1308 1310 1466
3 1466 1310 1467
3 1310 1312 1467
3 1467 1312 1468
3 1312 1314 1468
3 1468 1314 1469
3 1314 1316 1469
3 1469 1316 1470
3 1316 1318 1470
3 1470 1318 1471
3 1318 1320 1471
3 1471 1320 1472
3 1320 1322 1472
3 1472 1322 1473
3 1322 1324 1473
3 1473 1324 1300
3 1459 1473 1300
3 1460 1301 1475
3 1474 1460 1475
3 1474 1475 1476
3 1475 1477 1476
3 1476 1477 1478
3 1477 1479 1478
3 1463 1304 1329
3 1463 1329 1307
3 1481 1482 1480
3 1481 1480 1483
3 1485 1486 1484
3 1485 1484 1487
3 1488 1480 1482
3 1489 1488 1482
3 1491 1483 1480
3 1491 1480 1490
3 1490 1480 1488
3 1380 1491 1490
3 1492 1380 1490
3 1380 1492 1383
3 1493 1484 1486
3 1494 1493 1486
3 1496 1487 1484
3 1496 1484 1495
3 1495 1484 1493
3 1498 1496 1495
3 1497 1498 1495
3 1489 1498 1497
3 1489 1497 1488
3 1488 1497 1499
3 1488 1499 1490
3 1490 1499 1500
3 1490 1500 1492
3 1492 1500 1501
3 1390 1383 1492
3 1390 1492 1502
3 1502 1492 1501
3 1503 1493 1494
3 1414 1503 1494
3 1493 1503 1495
3 1495 1503 1504
3 1495 1504 1497
3 1497 1504 1505
3 1497 1505 1499
3 1499 1505 1506
3 1499 1506 1500
3 1500 1506 1507
3 1500 1507 1501
3 1501 1507 1508
3 1501 1508 1502
3 1502 1508 1509
3 1410 1411 1510
3 1414 1412 1503
3 1410 1510 1415
3 1412 1416 1511
3 1412 1511 1503
3 1503 1511 1504
3 1504 1511 1505
3 1505 1511 1512
3 1505 1512 1506
3 1506 1512 1513
3 1506 1513 1507
3 1507 1513 1514
3 1507 1514 1508
3 1508 1514 1515
3 1508 1515 1509
3 1509 1515 1516
3 1510 1411 1425
3 1425 1415 1510
3 1428 1517 1427
3 1416 1427 1517
3 1416 1517 1511
3 1511 1517 1518
3 1431 1429 1512
3 1431 1512 1518
3 1518 1512 1511
3 1513 1512 1429
3 1432 1513 1429
3 1514 1513 1432
3 1434 1514 1432
3 1515 1514 1434
3 1436 1515 1434
3 1516 1515 1436
3 1438 1516 1436
3 1517 1428 1449
3 1518 1517 1449
3 1451 1518 1449
3 1518 1451 1431
3 1458 1519 1459
3 1458 1460 1519
3 981 964 1520
3 964 1461 1520
3 1520 1461 1521
3 1461 1462 1521
3 1521 1462 1522
3 1462 1464 1522
3 1522 1464 1523
3 1464 1465 1523
3 1523 1465 1524
3 1465 1466 1524
3 1524 1466 1525
3 1466 1467 1525
3 1525 1467 1526
3 1467 1468 1526
3 1526 1468 1527
3 1468 1469 1527
3 1527 1469 1528
3 1469 1470 1528
3 1528 1470 1529
3 1470 1471 1529
3 1529 1471 1530
3 1471 1472 1530
3 1530 1472 1531
3 1472 1473 1531
3 1459 1519 1532
3 1459 1532 1473
3 1473 1532 1531
3 1519 1460 1474
3 1519 1474 1532
3 1532 1474 1533
3 1533 1474 1534
3 1474 1476 1534
3 1534 1476 1535
3 1476 1478 1535
3 1536 1538 1537
3 1541 1539 1540
3 1543 1541 1540
3 1542 1543 1540
3 1545 1543 1542
3 1544 1545 1542
3 1548 1547 1546
3 1546 1550 1549
3 1547 1550 1546
3 1549 1552 1551
3 1550 1552 1549
3 1551 1554 1553
3 1552 1554 1551
3 1553 1556 1555
3 1554 1556 1553
3 1555 1556 1557
3 1548 1558 1547
3 1560 1547 1558
3 1560 1559 1547
3 1559 1550 1547
3 1550 1559 1552
3 1552 1559 1561
3 1552 1561 1554
3 1554 1561 1562
3 1554 1562 1556
3 1556 1562 1563
3 1557 1565 1564
3 1557 1556 1565
3 1556 1563 1565
3 1564 1567 1566
3 1565 1567 1564
3 1566 1569 1568
3 1567 1569 1566
3 1568 1571 1570
3 1569 1571 1568
3 1572 1575 1574
3 1573 1575 1572
3 1574 1577 1576
3 1575 1577 1574
3 1576 1579 1578
3 1577 1579 1576
3 1578 1581 1580
3 1579 1581 1578
3 1580 1583 1582
3 1581 1583 1580
3 1582 1585 1584
3 1583 1585 1582
3 1584 1587 1586
3 1585 1587 1584
3 1586 1589 1588
3 1587 1589 1586
3 1588 1591 1590
3 1589 1591 1588
3 1590 1593 1592
3 1591 1593 1590
3 1573 1594 1575
3 1575 1594 1595
3 1575 1595 1577
3 1577 1595 1596
3 1577 1596 1579
3 1579 1596 1597
3 1579 1597 1581
3 1581 1597 1598
3 1581 1598 1583
3 1583 1598 1599
3 1583 1599 1585
3 1585 1599 1600
3 1585 1600 1587
3 1587 1600 1601
3 1587 1601 1589
3 1589 1601 1602
3 1589 1602 1591
3 1591 1602 1603
3 1591 1603 1593
3 1593 1603 1604
3 1605 1606 1607
3 1607 1606 1608
3 1607 1608 1609
3 1609 1608 1610
3 1612 1610 1613
3 1612 1611 1610
3 1611 1609 1610
3 1611 1614 1594
3 1612 1614 1611
3 1616 1594 1614
3 1616 1615 1594
3 1615 1595 1594
3 1595 1615 1596
3 1596 1615 1617
3 1596 1617 1597
3 1597 1617 1618
3 1597 1618 1598
3 1598 1618 1619
3 1598 1619 1599
3 1599 1619 1620
3 1599 1620 1600
3 1600 1620 1621
3 1600 1621 1601
3 1601 1621 1622
3 1601 1622 1602
3 1602 1622 1623
3 1602 1623 1603
3 1603 1623 1624
3 1603 1624 1604
3 1604 1624 1625
3 1606 1626 1608
3 1608 1626 1627
3 1608 1627 1610
3 1610 1627 1628
3 1613 1630 1629
3 1613 1610 1630
3 1610 1628 1630
3 1629 1632 1631
3 1630 1632 1629
3 1631 1615 1616
3 1631 1632 1615
3 1632 1633 1615
3 1615 1633 1617
3 1617 1633 1634
3 1617 1634 1618
3 1618 1634 1635
3 1618 1635 1619
3 1619 1635 1636
3 1619 1636 1620
3 1620 1636 1637
3 1620 1637 1621
3 1621 1637 1638
3 1621 1638 1622
3 1622 1638 1639
3 1622 1639 1623
3 1623 1639 1640
3 1623 1640 1624
3 1624 1640 1641
3 1624 1641 1625
3 1625 1641 1642
3 1644 1381 1645
3 1643 1381 1644
3 1647 1646 1626
3 1626 1648 1627
3 1646 1648 1626
3 1627 1649 1628
3 1648 1649 1627
3 1651 1628 1649
3 1651 1650 1628
3 1650 1630 1628
3 1630 1650 1632
3 1632 1650 1652
3 1632 1652 1633
3 1633 1652 1653
3 1633 1653 1634
3 1634 1653 1654
3 1634 1654 1635
3 1635 1654 1655
3 1635 1655 1636
3 1636 1655 1656
3 1636 1656 1637
3 1637 1656 1657
3 1637 1657 1638
3 1638 1657 1658
3 1638 1658 1639
3 1639 1658 1659
3 1639 1659 1640
3 1640 1659 1660
3 1640 1660 1641
3 1641 1660 1661
3 1641 1661 1642
3 1642 1661 1662
3 1645 1382 1663
3 1381 1382 1645
3 1666 1665 1664
3 1664 1650 1651
3 1664 1665 1650
3 1665 1667 1650
3 1650 1667 1652
3 1652 1667 1668
3 1652 1668 1653
3 1653 1668 1669
3 1653 1669 1654
3 1654 1669 1670
3 1654 1670 1655
3 1655 1670 1671
3 1655 1671 1656
3 1656 1671 1672
3 1656 1672 1657
3 1657 1672 1673
3 1657 1673 1658
3 1658 1673 1674
3 1658 1674 1659
3 1659 1674 1675
3 1659 1675 1660
3 1660 1675 1676
3 1660 1676 1661
3 1661 1676 1677
3 1661 1677 1662
3 1662 1677 1678
3 1382 1390 1663
3 1681 1680 1679
3 1679 1665 1666
3 1679 1680 1665
3 1680 1682 1665
3 1665 1682 1667
3 1667 1682 1683
3 1667 1683 1668
3 1668 1683 1684
3 1668 1684 1669
3 1669 1684 1685
3 1669 1685 1670
3 1670 1685 1686
3 1670 1686 1671
3 1671 1686 1687
3 1671 1687 1672
3 1672 1687 1688
3 1672 1688 1673
3 1673 1688 1689
3 1673 1689 1674
3 1674 1689 1690
3 1674 1690 1675
3 1675 1690 1691
3 1675 1691 1676
3 1676 1691 1692
3 1676 1692 1677
3 1677 1692 1693
3 1677 1693 1678
3 1678 1693 1694
3 1697 1696 1695
3 1695 1699 1698
3 1696 1699 1695
3 1698 1680 1681
3 1698 1699 1680
3 1699 1700 1680
3 1680 1700 1682
3 1682 1700 1701
3 1682 1701 1683
3 1683 1701 1702
3 1683 1702 1684
3 1684 1702 1703
3 1684 1703 1685
3 1685 1703 1704
3 1685 1704 1686
3 1686 1704 1705
3 1686 1705 1687
3 1687 1705 1706
3 1687 1706 1688
3 1688 1706 1707
3 1688 1707 1689
3 1689 1707 1708
3 1689 1708 1690
3 1690 1708 1709
3 1690 1709 1691
3 1691 1709 1710
3 1691 1710 1692
3 1692 1710 1711
3 1692 1711 1693
3 1693 1711 1712
3 1693 1712 1694
3 1694 1712 1713
3 1715 1696 1697
3 1714 1696 1715
3 1696 1714 1699
3 1699 1714 1716
3 1699 1716 1700
3 1700 1716 1717
3 1700 1717 1701
3 1701 1717 1718
3 1701 1718 1702
3 1702 1718 1719
3 1702 1719 1703
3 1703 1719 1720
3 1703 1720 1704
3 1704 1720 1721
3 1704 1721 1705
3 1705 1721 1722
3 1705 1722 1706
3 1706 1722 1723
3 1706 1723 1707
3 1707 1723 1724
3 1707 1724 1708
3 1708 1724 1725
3 1708 1725 1709
3 1709 1725 1726
3 1709 1726 1710
3 1710 1726 1727
3 1710 1727 1711
3 1711 1727 1728
3 1711 1728 1712
3 1712 1728 1729
3 1712 1729 1713
3 1713 1729 1730
3 1438 1714 1715
3 1438 1439 1714
3 1439 1731 1714
3 1714 1731 1716
3 1716 1731 1732
3 1548 1546 1717
3 1548 1717 1732
3 1732 1717 1716
3 1718 1717 1546
3 1549 1718 1546
3 1719 1718 1549
3 1551 1719 1549
3 1720 1719 1551
3 1553 1720 1551
3 1721 1720 1553
3 1555 1721 1553
3 1555 1557 1733
3 1555 1733 1721
3 1721 1733 1722
3 1722 1733 1723
3 1723 1733 1734
3 1723 1734 1724
3 1724 1734 1735
3 1724 1735 1725
3 1725 1735 1736
3 1725 1736 1726
3 1726 1736 1737
3 1726 1737 1727
3 1727 1737 1738
3 1727 1738 1728
3 1728 1738 1739
3 1728 1739 1729
3 1729 1739 1740
3 1729 1740 1730
3 1730 1740 1741
3 1439 1457 1731
3 1731 1457 1742
3 1731 1742 1732
3 1732 1742 1743
3 1558 1548 1732
3 1558 1732 1744
3 1744 1732 1743
3 1558 1744 1560
3 1733 1557 1564
3 1734 1733 1564
3 1566 1734 1564
3 1735 1734 1566
3 1568 1735 1566
3 1736 1735 1568
3 1570 1736 1568
3 1737 1736 1570
3 1745 1737 1570
3 1745 1747 1746
3 1745 1746 1737
3 1737 1746 1738
3 1738 1746 1739
3 1739 1746 1748
3 1739 1748 1740
3 1740 1748 1749
3 1740 1749 1741
3 1741 1749 1750
3 1753 1752 1751
3 1751 1755 1754
3 1752 1755 1751
3 1754 1755 1756
3 1759 1758 1757
3 1757 1758 1760
3 1763 1762 1761
3 1761 1765 1764
3 1762 1765 1761
3 1764 1767 1766
3 1765 1767 1764
3 1766 1769 1768
3 1767 1769 1766
3 1478 1479 1770
3 1479 1771 1770
3 1770 1771 1772
3 1771 1773 1772
3 1752 1753 1772
3 1752 1772 1774
3 1774 1772 1773
3 1755 1752 1774
3 1775 1755 1774
3 1756 1755 1775
3 1756 1775 1776
3 1776 1775 1777
3 1758 1759 1776
3 1758 1776 1572
3 1572 1776 1777
3 1760 1758 1572
3 1760 1572 1778
3 1778 1572 1574
3 1778 1574 1779
3 1574 1576 1779
3 1779 1576 1780
3 1576 1578 1780
3 1780 1578 1781
3 1578 1580 1781
3 1781 1580 1782
3 1580 1582 1782
3 1782 1582 1783
3 1582 1584 1783
3 1762 1763 1783
3 1762 1783 1586
3 1586 1783 1584
3 1765 1762 1586
3 1588 1765 1586
3 1767 1765 1588
3 1590 1767 1588
3 1769 1767 1590
3 1592 1769 1590
3 1612 1613 1784
3 1614 1612 1784
3 1785 1614 1784
3 1614 1785 1616
3 1787 1644 1786
3 1787 1786 1647
3 1784 1613 1629
3 1785 1784 1629
3 1631 1785 1629
3 1785 1631 1616
3 1788 1786 1644
3 1645 1788 1644
3 1646 1647 1786
3 1646 1786 1789
3 1789 1786 1788
3 1648 1646 1789
3 1790 1648 1789
3 1649 1648 1790
3 1791 1649 1790
3 1649 1791 1651
3 1792 1788 1645
3 1663 1792 1645
3 1788 1792 1789
3 1789 1792 1793
3 1789 1793 1790
3 1790 1793 1794
3 1666 1664 1791
3 1666 1791 1794
3 1794 1791 1790
3 1791 1664 1651
3 1663 1390 1502
3 1663 1502 1792
3 1792 1502 1795
3 1792 1795 1793
3 1793 1795 1796
3 1681 1679 1794
3 1681 1794 1796
3 1796 1794 1793
3 1794 1679 1666
3 1697 1695 1795
3 1697 1795 1509
3 1509 1795 1502
3 1796 1795 1695
3 1698 1796 1695
3 1796 1698 1681
3 1509 1516 1715
3 1697 1509 1715
3 1516 1438 1715
3 1751 1797 1753
3 1754 1797 1751
3 1798 1797 1754
3 1754 1756 1798
3 1757 1799 1759
3 1757 1760 1799
3 1761 1800 1763
3 1764 1800 1761
3 1801 1800 1764
3 1766 1801 1764
3 1802 1801 1766
3 1768 1802 1766
3 1803 1802 1768
3 1535 1478 1804
3 1478 1770 1804
3 1804 1770 1805
3 1770 1772 1805
3 1753 1797 1806
3 1753 1806 1772
3 1772 1806 1805
3 1797 1798 1807
3 1806 1797 1807
3 1798 1756 1776
3 1798 1776 1807
3 1807 1776 1808
3 1759 1799 1809
3 1759 1809 1776
3 1776 1809 1808
3 1799 1760 1778
3 1799 1778 1809
3 1809 1778 1810
3 1810 1778 1811
3 1778 1779 1811
3 1811 1779 1812
3 1779 1780 1812
3 1812 1780 1813
3 1780 1781 1813
3 1813 1781 1814
3 1781 1782 1814
3 1814 1782 1815
3 1782 1783 1815
3 1763 1800 1816
3 1763 1816 1783
3 1783 1816 1815
3 1800 1801 1817
3 1816 1800 1817
3 1801 1802 1818
3 1817 1801 1818
3 1802 1803 1819
3 1818 1802 1819
3 1592 1821 1820
3 1593 1821 1592
3 1593 1604 1821
3 1821 1604 1822
3 1821 1822 1823
3 1823 1822 1824
3 1604 1625 1822
3 1822 1625 1825
3 1822 1825 1824
3 1824 1825 1826
3 1625 1642 1825
3 1825 1642 1827
3 1825 1827 1826
3 1826 1827 1828
3 1642 1662 1827
3 1827 1662 1829
3 1827 1829 1828
3 1828 1829 1830
3 1832 1830 1833
3 1832 1831 1830
3 1831 1828 1830
3 1662 1678 1829
3 1829 1678 1834
3 1829 1834 1830
3 1830 1834 1835
3 1678 1694 1834
3 1834 1694 1836
3 1834 1836 1835
3 1835 1836 1837
3 1694 1713 1836
3 1836 1713 1838
3 1836 1838 1837
3 1837 1838 1839
3 1837 1839 1840
3 1840 1839 1841
3 1842 1841 1843
3 1840 1841 1842
3 1713 1730 1838
3 1838 1730 1844
3 1838 1844 1839
3 1839 1844 1845
3 1839 1845 1841
3 1841 1845 1846
3 1843 1846 1847
3 1841 1846 1843
3 1730 1741 1844
3 1844 1741 1848
3 1844 1848 1845
3 1845 1848 1849
3 1845 1849 1846
3 1846 1849 1850
3 1847 1852 1851
3 1847 1846 1852
3 1846 1850 1852
3 1851 1852 1853
3 1741 1750 1848
3 1848 1750 1854
3 1848 1854 1849
3 1849 1854 1855
3 1849 1855 1850
3 1850 1855 1856
3 1850 1856 1852
3 1852 1856 1857
3 1853 1857 1858
3 1852 1857 1853
3 1768 1769 1859
3 1862 1861 1860
3 1863 1866 1865
3 1864 1866 1863
3 1869 1865 1866
3 1869 1868 1865
3 1868 1867 1865
3 1867 1868 1870
3 1868 1871 1870
3 1870 1871 1872
3 1871 1873 1872
3 1872 1873 1874
3 1873 1875 1874
3 1877 1875 1878
3 1877 1876 1875
3 1876 1874 1875
3 1881 1876 1877
3 1881 1880 1876
3 1880 1879 1876
3 1859 1769 1592
3 1859 1592 1882
3 1882 1592 1820
3 1861 1862 1882
3 1861 1882 1883
3 1883 1882 1820
3 1886 1861 1883
3 1886 1883 1884
3 1884 1883 1885
3 1889 1888 1866
3 1889 1866 1887
3 1887 1866 1864
3 1866 1888 1869
3 1877 1878 1890
3 1877 1890 1881
3 1892 1893 1891
3 1894 1891 1893
3 1895 1894 1893
3 1897 1896 1898
3 1894 1895 1899
3 1896 1900 1901
3 1898 1896 1901
3 1832 1833 1902
3 1905 1832 1902
3 1905 1902 1903
3 1903 1902 1904
3 1902 1833 1906
3 1906 1908 1907
3 1906 1907 1902
3 1902 1907 1904
3 1909 1907 1908
3 1842 1909 1908
3 1910 1909 1842
3 1843 1910 1842
3 1911 1910 1843
3 1847 1911 1843
3 1910 1911 1912
3 1912 1911 1913
3 1911 1847 1851
3 1851 1853 1914
3 1851 1914 1911
3 1911 1914 1913
3 1915 1914 1853
3 1858 1915 1853
3 1768 1859 1803
3 1860 1916 1862
3 1917 1918 1919
3 1918 1863 1919
3 1919 1863 1920
3 1863 1865 1920
3 1920 1865 1921
3 1865 1867 1921
3 1921 1867 1922
3 1867 1870 1922
3 1922 1870 1923
3 1870 1872 1923
3 1923 1872 1924
3 1872 1874 1924
3 1924 1874 1925
3 1874 1876 1925
3 1925 1876 1926
3 1876 1879 1926
3 1803 1859 1882
3 1803 1882 1819
3 1819 1882 1927
3 1862 1916 1928
3 1862 1928 1882
3 1882 1928 1927
3 1916 1930 1928
3 1886 1884 1929
3 1879 1880 1931
3 1880 1932 1931
3 1932 1933 1931
3 1934 1933 1932
3 1935 1938 1937
3 1936 1938 1935
3 1937 1940 1939
3 1938 1940 1937
3 1939 1942 1941
3 1940 1942 1939
3 1941 1942 1943
3 1944 1947 1946
3 1945 1947 1944
3 1948 1949 1950
3 1933 1934 1952
3 1951 1933 1952
3 1954 1952 1955
3 1954 1953 1952
3 1953 1951 1952
3 1958 1953 1954
3 1958 1957 1953
3 1957 1956 1953
3 1936 1959 1938
3 1938 1959 1960
3 1938 1960 1940
3 1940 1960 1961
3 1940 1961 1942
3 1942 1961 1962
3 1943 1964 1963
3 1943 1962 1964
3 1943 1942 1962
3 1962 1965 1964
3 1945 1966 1947
3 1947 1966 1967
3 1950 1970 1969
3 1950 1949 1970
3 1949 1968 1970
3 1954 1955 1971
3 1954 1971 1958
3 1974 1973 1960
3 1974 1960 1972
3 1972 1960 1959
3 1973 1976 1975
3 1973 1975 1960
3 1960 1975 1961
3 1978 1977 1962
3 1978 1962 1975
3 1975 1962 1961
3 1962 1977 1965
3 1981 1980 1967
3 1981 1967 1979
3 1979 1967 1966
3 1980 1984 1983
3 1980 1983 1967
3 1967 1983 1982
3 1982 1983 1968
3 1968 1983 1985
3 1968 1985 1970
3 1970 1985 1986
3 1972 1987 1988
3 1974 1972 1988
3 1989 1975 1976
3 1990 1989 1976
3 1975 1989 1991
3 1978 1975 1991
3 1979 1992 1981
3 1993 1983 1984
3 1994 1993 1984
3 1996 1995 1985
3 1996 1985 1993
3 1993 1985 1983
3 1986 1985 1995
3 1997 1986 1995
3 1987 1998 1999
3 1988 1987 1999
3 2000 1993 1994
3 2001 2000 1994
3 1993 2000 2002
3 1996 1993 2002
3 1998 2003 2004
3 1999 1998 2004
3 2000 2005 2006
3 2002 2000 2006
3 2003 2007 2008
3 2004 2003 2008
3 2005 2009 2010
3 2006 2005 2010
3 2007 2011 2012
3 2008 2007 2012
3 2014 2013 2015
3 2016 2014 2015
3 2013 2014 2018
3 2017 2013 2018
3 2009 2019 2020
3 2010 2009 2020
3 2011 2021 2022
3 2012 2011 2022
3 2023 2014 2016
3 2024 2023 2016
3 2014 2023 2025
3 2018 2014 2025
3 2019 2026 2020
3 2021 2027 2028
3 2022 2021 2028
3 2029 2023 2024
3 2030 2029 2024
3 2023 2029 2031
3 2025 2023 2031
3 2033 2032 2034
3 2027 2035 2036
3 2028 2027 2036
3 2032 2037 2034
3 2035 2038 2039
3 2036 2035 2039
3 1926 1879 2040
3 1879 1931 2040
3 2042 1931 1933
3 2042 2041 1931
3 2041 2040 1931
3 2041 2044 2043
3 2042 2044 2041
3 2043 2046 2045
3 2044 2046 2043
3 2049 2045 2046
3 2049 2048 2045
3 2048 2047 2045
3 2047 2048 2050
3 2048 1935 2050
3 2050 1935 2051
3 1935 1937 2051
3 2051 1937 2052
3 1937 1939 2052
3 2054 1941 2053
3 2054 2052 1941
3 2052 1939 1941
3 1941 1943 2053
3 2058 2055 2057
3 2056 2055 2058
3 2055 2056 2059
3 2056 1944 2059
3 2059 1944 2060
3 1944 1946 2060
3 2060 1946 2061
3 1946 2062 2061
3 2061 2062 2063
3 2062 1948 2063
3 2065 1948 1950
3 2065 2064 1948
3 2064 2063 1948
3 2042 1933 1951
3 2044 2042 1951
3 1953 2044 1951
3 2046 2044 1953
3 1956 2046 1953
3 2046 1956 2049
3 2054 2053 2066
3 2053 1943 1963
3 2053 1963 2066
3 2066 1963 2067
3 2067 1963 2058
3 2057 2067 2058
3 2065 1950 1969
3 2050 2068 2047
3 2069 2068 2050
3 2052 2054 2070
3 2055 2071 2057
3 2070 2054 2066
3 2074 2073 2072
3 2072 1 0
3 2073 1 2072
3 2073 2077 2075
3 2073 2074 2077
3 2074 2076 2077
3 1 2073 2075
3 3 1 2075
3 2076 2078 2077
3 2078 2079 2077
3 2074 2080 2081
3 2072 2080 2074
3 2080 2072 23
3 2072 0 23
3 2081 2082 2074
3 2082 2076 2074
3 2082 2083 2076
3 2083 2078 2076
3 2083 2084 2078
3 2084 2085 2078
3 2084 2087 2085
3 2086 2087 2084
3 2087 2086 2088
3 2089 2087 2088
3 2080 2090 2081
3 23 2090 2080
3 60 2090 23
3 2091 2081 2090
3 2082 2081 2091
3 2090 60 2091
3 60 62 2091
3 2092 2082 2091
3 2083 2082 2092
3 69 2093 2092
3 69 2092 62
3 62 2092 2091
3 2094 2083 2092
3 2084 2083 2094
3 2093 2095 2094
3 2092 2093 2094
3 2094 2086 2084
3 2086 89 2088
3 2094 89 2086
3 2094 88 89
3 2094 2095 88
3 2096 2097 2098
3 2097 2099 2098
3 2098 2099 2100
3 2099 2101 2100
3 2100 2101 2102
3 2101 2103 2102
3 2105 2103 2106
3 2105 2104 2103
3 2104 2102 2103
3 2104 2105 2107
3 2109 2108 2110
3 2109 2111 2108
3 2113 2112 2114
3 2113 2115 2112
3 2105 2106 2116
3 2107 2105 2116
3 2107 2116 2117
3 2117 2116 2118
3 2117 2118 2119
3 2118 2120 2119
3 2110 2108 2121
3 2110 2121 2120
3 2120 2121 2119
3 2108 2111 2123
3 2108 2123 2121
3 2121 2123 2122
3 2122 2123 2124
3 2123 2125 2124
3 2124 2125 2126
3 2125 2127 2126
3 2114 2112 2128
3 2114 2128 2127
3 2127 2128 2126
3 2112 2115 2130
3 2112 2130 2128
3 2128 2130 2129
3 2135 2096 2134
3 2135 2132 2096
3 2132 2133 2096
3 2098 2134 2096
3 2136 2134 2098
3 2100 2136 2098
3 2137 2136 2100
3 2102 2137 2100
3 2138 2137 2102
3 2104 2138 2102
3 2139 2138 2104
3 2104 2107 2139
3 2134 2136 2141
3 2140 2134 2141
3 2136 2137 2142
3 2141 2136 2142
3 2137 2138 2143
3 2142 2137 2143
3 2138 2139 2144
3 2143 2138 2144
3 2139 2107 2117
3 2139 2117 2144
3 2144 2117 2145
3 2145 2117 2146
3 2117 2119 2146
3 2146 2119 2147
3 2119 2121 2147
3 2147 2121 2148
3 2121 2122 2148
3 2148 2122 2149
3 2122 2124 2149
3 2149 2124 2150
3 2124 2126 2150
3 2150 2126 2151
3 2126 2128 2151
3 2151 2128 2152
3 2128 2129 2152
3 2132 2135 2153
3 2154 2140 2155
3 2140 2141 2155
3 2155 2141 2156
3 2141 2142 2156
3 2156 2142 2157
3 2142 2143 2157
3 2157 2143 2158
3 2143 2144 2158
3 2158 2144 2159
3 2144 2145 2159
3 2159 2145 2160
3 2145 2146 2160
3 2160 2146 2161
3 2146 2147 2161
3 2161 2147 2162
3 2147 2148 2162
3 2162 2148 2163
3 2148 2149 2163
3 2163 2149 2164
3 2149 2150 2164
3 2164 2150 2165
3 2150 2151 2165
3 2165 2151 2166
3 2151 2152 2166
3 2167 2168 2169
3 2168 2154 2169
3 2169 2154 2170
3 2154 2155 2170
3 2170 2155 2171
3 2155 2156 2171
3 2171 2156 2172
3 2156 2157 2172
3 2172 2157 2173
3 2157 2158 2173
3 2173 2158 2174
3 2158 2159 2174
3 2174 2159 2175
3 2159 2160 2175
3 2175 2160 2176
3 2160 2161 2176
3 2176 2161 2177
3 2161 2162 2177
3 2177 2162 2178
3 2162 2163 2178
3 2178 2163 2179
3 2163 2164 2179
3 2179 2164 2180
3 2164 2165 2180
3 2180 2165 2181
3 2165 2166 2181
3 2182 2167 2183
3 2167 2169 2183
3 2183 2169 2184
3 2169 2170 2184
3 2184 2170 2185
3 2170 2171 2185
3 2185 2171 2186
3 2171 2172 2186
3 2186 2172 2187
3 2172 2173 2187
3 2187 2173 2188
3 2173 2174 2188
3 2188 2174 2189
3 2174 2175 2189
3 2189 2175 2190
3 2175 2176 2190
3 2190 2176 2191
3 2176 2177 2191
3 2191 2177 2192
3 2177 2178 2192
3 2192 2178 2193
3 2178 2179 2193
3 2193 2179 2194
3 2179 2180 2194
3 2194 2180 2195
3 2180 2181 2195
3 2196 2182 2197
3 2182 2183 2197
3 2197 2183 2198
3 2183 2184 2198
3 2198 2184 2199
3 2184 2185 2199
3 2199 2185 2200
3 2185 2186 2200
3 2200 2186 2201
3 2186 2187 2201
3 2201 2187 2202
3 2187 2188 2202
3 2202 2188 2203
3 2188 2189 2203
3 2203 2189 2204
3 2189 2190 2204
3 2204 2190 2205
3 2190 2191 2205
3 2205 2191 2206
3 2191 2192 2206
3 2206 2192 2207
3 2192 2193 2207
3 2207 2193 2208
3 2193 2194 2208
3 2208 2194 2209
3 2194 2195 2209
3 2212 2211 2210
3 2210 2211 2213
3 2216 2215 2214
3 2217 2196 2218
3 2196 2197 2218
3 2218 2197 2219
3 2197 2198 2219
3 2219 2198 2220
3 2198 2199 2220
3 2220 2199 2221
3 2199 2200 2221
3 2221 2200 2222
3 2200 2201 2222
3 2222 2201 2223
3 2201 2202 2223
3 2223 2202 2224
3 2202 2203 2224
3 2224 2203 2225
3 2203 2204 2225
3 2225 2204 2226
3 2204 2205 2226
3 2226 2205 2227
3 2205 2206 2227
3 2211 2212 2227
3 2211 2227 2207
3 2207 2227 2206
3 2213 2211 2207
3 2213 2207 2228
3 2228 2207 2208
3 2215 2216 2228
3 2215 2228 2209
3 2209 2228 2208
3 2231 2230 2229
3 2233 2230 2235
3 2233 2232 2230
3 2229 2230 2234
3 2234 2230 2232
3 2236 2238 2240
3 2236 2237 2238
3 2237 2239 2238
3 2238 2239 2241
3 2241 2239 2242
3 2241 2242 2243
3 2243 2242 2244
3 2243 2244 2245
3 2245 2244 2246
3 2245 2246 2247
3 2247 2246 2248
3 2247 2248 2249
3 2249 2248 2250
3 2251 2250 2252
3 2249 2250 2251
3 2255 2254 2253
3 2253 2254 2256
3 2258 2230 2231
3 2257 2230 2258
3 2235 2260 2259
3 2235 2230 2260
3 2230 2257 2260
3 2239 2261 2242
3 2242 2261 2262
3 2242 2262 2244
3 2244 2262 2263
3 2244 2263 2246
3 2246 2263 2264
3 2246 2264 2248
3 2248 2264 2265
3 2248 2265 2250
3 2250 2265 2266
3 2252 2268 2267
3 2252 2250 2268
3 2250 2266 2268
3 2267 2254 2255
3 2267 2268 2254
3 2268 2269 2254
3 2256 2269 2270
3 2254 2269 2256
3 2273 2272 2271
3 2271 2275 2274
3 2272 2275 2271
3 2274 2277 2276
3 2275 2277 2274
3 2276 2279 2278
3 2277 2279 2276
3 2278 2257 2258
3 2278 2279 2257
3 2279 2280 2257
3 2257 2280 2260
3 2260 2280 2281
3 2261 2282 2262
3 2262 2282 2283
3 2262 2283 2263
3 2263 2283 2284
3 2263 2284 2264
3 2264 2284 2285
3 2264 2285 2265
3 2265 2285 2286
3 2265 2286 2266
3 2266 2286 2287
3 2266 2287 2268
3 2268 2287 2288
3 2268 2288 2269
3 2269 2288 2289
3 2270 2291 2290
3 2270 2269 2291
3 2269 2289 2291
3 2290 2272 2273
3 2290 2291 2272
3 2291 2292 2272
3 2272 2292 2275
3 2275 2292 2293
3 2275 2293 2277
3 2277 2293 2294
3 2212 2210 2279
3 2212 2279 2294
3 2294 2279 2277
3 2210 2213 2295
3 2210 2295 2279
3 2279 2295 2280
3 2216 2214 2281
3 2216 2281 2295
3 2295 2281 2280
3 2284 2283 2217
3 2218 2284 2217
3 2285 2284 2218
3 2219 2285 2218
3 2286 2285 2219
3 2220 2286 2219
3 2287 2286 2220
3 2221 2287 2220
3 2288 2287 2221
3 2222 2288 2221
3 2289 2288 2222
3 2223 2289 2222
3 2291 2289 2223
3 2224 2291 2223
3 2292 2291 2224
3 2225 2292 2224
3 2293 2292 2225
3 2226 2293 2225
3 2294 2293 2226
3 2227 2294 2226
3 2294 2227 2212
3 2295 2213 2228
3 2295 2228 2216
3 2038 2296 2297
3 2039 2038 2297
3 2296 2298 2299
3 2297 2296 2299
3 2301 2302 2300
3 2301 2300 2303
3 2298 2304 2305
3 2299 2298 2305
3 2306 2307 2309
3 2308 2306 2309
3 2310 2300 2302
3 2311 2310 2302
3 2300 2310 2312
3 2303 2300 2312
3 2304 2313 2314
3 2305 2304 2314
3 2307 2315 2316
3 2309 2307 2316
3 2318 2319 2317
3 2318 2317 2320
3 2321 2310 2311
3 2322 2321 2311
3 2310 2321 2323
3 2312 2310 2323
3 2324 2326 2325
3 2325 2328 2327
3 2325 2327 2324
3 2324 2327 2313
3 2313 2327 2329
3 2314 2313 2329
3 2331 2330 2332
3 2333 2331 2332
3 2330 2331 2334
3 2334 2331 2335
3 2336 2317 2319
3 2337 2336 2319
3 2317 2336 2338
3 2320 2317 2338
3 2339 2321 2322
3 2340 2339 2322
3 2321 2339 2341
3 2323 2321 2341
3 2342 2327 2328
3 2343 2342 2328
3 2327 2342 2344
3 2329 2327 2344
3 2333 2346 2345
3 2333 2345 2331
3 2331 2345 2347
3 2349 2348 2335
3 2349 2335 2347
3 2347 2335 2331
3 2337 2351 2350
3 2337 2350 2336
3 2336 2350 2352
3 2336 2352 2353
3 2338 2336 2353
3 2354 2339 2340
3 2355 2354 2340
3 2339 2354 2356
3 2341 2339 2356
3 2357 2342 2343
3 2358 2357 2343
3 2342 2357 2359
3 2344 2342 2359
3 2361 2360 2362
3 2363 2361 2362
3 2360 2361 2364
3 2364 2361 2365
3 2369 2368 2345
3 2369 2345 2367
3 2367 2345 2366
3 2368 2371 2370
3 2368 2370 2345
3 2345 2370 2347
3 2347 2370 2372
3 2349 2347 2372
3 2373 2375 2374
3 2373 2374 2350
3 2350 2374 2352
3 2352 2374 2376
3 2353 2352 2376
3 2377 2354 2355
3 2378 2377 2355
3 2354 2377 2379
3 2356 2354 2379
3 2357 2358 2380
3 2357 2380 2359
3 2381 2361 2363
3 2382 2381 2363
3 2361 2381 2365
3 2365 2381 2383
3 2365 2383 2384
3 2384 2383 2385
3 2384 2385 2386
3 2386 2385 2387
3 2386 2387 2388
3 2388 2387 2389
3 2388 2389 2367
3 2367 2389 2390
3 2392 2369 2367
3 2392 2367 2391
3 2391 2367 2390
3 2371 2392 2391
3 2371 2391 2370
3 2370 2391 2393
3 2370 2393 2234
3 2372 2370 2234
3 2374 2394 2240
3 2376 2374 2240
3 2377 2378 2395
3 2377 2395 2379
3 2396 2381 2382
3 2251 2396 2382
3 2381 2396 2383
3 2383 2396 2397
3 2383 2397 2385
3 2385 2397 2398
3 2385 2398 2387
3 2387 2398 2399
3 2387 2399 2389
3 2389 2399 2400
3 2389 2400 2390
3 2390 2400 2401
3 2390 2401 2391
3 2391 2401 2402
3 2231 2229 2393
3 2231 2393 2402
3 2402 2393 2391
3 2229 2234 2393
3 2235 2403 2233
3 2394 2236 2240
3 2404 2396 2251
3 2252 2404 2251
3 2255 2253 2397
3 2255 2397 2404
3 2404 2397 2396
3 2253 2256 2405
3 2253 2405 2397
3 2397 2405 2398
3 2398 2405 2399
3 2399 2405 2406
3 2399 2406 2400
3 2400 2406 2407
3 2400 2407 2401
3 2401 2407 2408
3 2401 2408 2402
3 2402 2408 2409
3 2402 2409 2258
3 2231 2402 2258
3 2403 2235 2259
3 2404 2252 2267
3 2404 2267 2255
3 2410 2405 2256
3 2270 2410 2256
3 2273 2271 2406
3 2273 2406 2410
3 2410 2406 2405
3 2407 2406 2271
3 2274 2407 2271
3 2408 2407 2274
3 2276 2408 2274
3 2409 2408 2276
3 2278 2409 2276
3 2409 2278 2258
3 2410 2270 2290
3 2410 2290 2273
3 2411 2412 2413
3 2412 2414 2413
3 2415 2416 2417
3 2420 2419 2418
3 2418 2422 2421
3 2419 2422 2418
3 2421 2422 2423
3 2426 2425 2424
3 2429 2424 2425
3 2429 2428 2424
3 2428 2427 2424
3 2427 2428 2430
3 2428 2431 2430
3 2430 2431 2432
3 2431 2433 2432
3 2432 2433 2434
3 2433 2435 2434
3 2434 2435 2436
3 2435 2437 2436
3 2436 2437 2438
3 2437 2439 2438
3 2438 2439 2440
3 2439 2411 2440
3 2440 2411 2441
3 2411 2413 2441
3 2419 2420 2442
3 2419 2442 2444
3 2444 2442 2443
3 2422 2419 2444
3 2445 2422 2444
3 2423 2422 2445
3 2423 2445 2446
3 2446 2445 2447
3 2425 2426 2446
3 2425 2446 2448
3 2448 2446 2447
3 2425 2448 2429
3 2450 2421 2423
3 2449 2442 2420
3 2450 2423 2446
3 2450 2446 2426
3 2455 2454 2453
3 2455 2453 2452
3 2452 2453 2451
3 2460 2459 2458
3 2460 2458 2457
3 2457 2458 2456
3 2064 2462 2461
3 2065 2462 2064
3 2461 2464 2463
3 2462 2464 2461
3 2463 2466 2465
3 2464 2466 2463
3 2465 2466 2467
3 2470 2469 2468
3 2468 2469 2471
3 2474 2473 2472
3 2472 2476 2475
3 2473 2476 2472
3 2475 2476 2477
3 2462 2065 1969
3 2478 2462 1969
3 2464 2462 2478
3 2479 2464 2478
3 2466 2464 2479
3 2480 2466 2479
3 2467 2466 2480
3 2467 2480 2481
3 2481 2480 2482
3 2481 2482 2483
3 2482 2484 2483
3 2483 2484 2485
3 2484 2486 2485
3 2485 2486 2487
3 2486 2488 2487
3 2487 2488 2489
3 2488 2490 2489
3 2489 2490 2491
3 2490 2492 2491
3 2491 2492 2493
3 2492 2494 2493
3 2493 2494 2495
3 2494 2496 2495
3 2469 2470 2495
3 2469 2495 2497
3 2497 2495 2496
3 2497 2500 2499
3 2469 2497 2499
3 2469 2499 2498
3 2469 2498 2471
3 2473 2502 2501
3 2474 2502 2473
3 2474 2499 2502
3 2474 2498 2499
3 2476 2473 2501
3 2503 2476 2501
3 2477 2476 2503
3 2477 2503 2442
3 2442 2503 2443
3 2499 2500 2504
3 2499 2504 2502
3 2506 2468 2471
3 2449 2475 2477
3 2505 2495 2470
3 2506 2471 2498
3 2506 2498 2474
3 2449 2477 2442
3 669 2507 671
3 2507 669 672
3 2507 672 2508
3 2508 672 1297
3 2509 671 2507
3 673 671 2509
3 2508 2510 2509
3 2507 2508 2509
3 2511 673 2509
3 674 673 2511
3 2510 2512 2511
3 2509 2510 2511
3 2513 674 2511
3 2513 2514 674
3 2514 675 674
3 2511 2512 2513
3 2514 2515 675
3 2515 676 675
3 2517 2515 2516
3 2517 677 2515
3 677 676 2515
3 2516 2518 2517
3 2517 678 677
3 678 2517 2518
3 678 2518 680
3 680 2518 2519
3 2519 2520 680
3 2520 682 680
3 2520 2521 682
3 2521 684 682
3 685 2522 687
3 2522 685 684
3 2522 684 2523
3 2523 684 2521
3 689 2524 2525
3 688 2524 689
3 687 2522 2526
3 687 2526 688
3 688 2526 2524
3 2522 2523 2526
3 2527 511 2528
3 511 690 2528
3 2528 690 2529
3 690 691 2529
3 2529 691 689
3 2525 2529 689
3 2531 1297 2530
3 2531 2532 1297
3 2532 2508 1297
3 2530 2533 2534
3 2531 2530 2534
3 2533 2535 2534
3 2532 2536 2508
3 2536 2510 2508
3 2536 2537 2510
3 2537 2512 2510
3 2513 2538 2514
3 2538 2513 2512
3 2538 2512 2539
3 2539 2512 2537
3 2540 2514 2538
3 2515 2514 2540
3 2539 2541 2540
3 2538 2539 2540
3 2540 2516 2515
3 2516 2540 2541
3 2516 2541 2518
3 2518 2541 2542
3 2542 2543 2518
3 2543 2519 2518
3 2543 2544 2519
3 2544 2520 2519
3 2544 2545 2520
3 2545 2521 2520
3 2545 2546 2521
3 2546 2523 2521
3 2524 2547 2525
3 2547 2548 2549
3 2547 2524 2548
3 2524 2526 2548
3 2548 2526 2523
3 2546 2548 2523
3 2550 2527 2551
3 2527 2528 2551
3 2551 2528 2552
3 2528 2529 2552
3 2525 2547 2553
3 2525 2553 2529
3 2529 2553 2552
3 2547 2549 2553
3 2555 2537 2554
3 2555 2556 2537
3 2556 2539 2537
3 2554 2557 2555
3 2556 2558 2539
3 2558 2541 2539
3 2558 2559 2541
3 2559 2542 2541
3 2559 2560 2542
3 2560 2543 2542
3 2560 2561 2543
3 2561 2544 2543
3 2561 2562 2544
3 2562 2545 2544
3 2562 2563 2545
3 2563 2546 2545
3 2549 2564 2565
3 2548 2564 2549
3 2564 2548 2546
3 2563 2564 2546
3 2566 2567 2568
3 2566 2550 2567
3 2550 2551 2567
3 2567 2551 2569
3 2551 2552 2569
3 2569 2552 2570
3 2552 2553 2570
3 2570 2553 2549
3 2565 2570 2549
3 2566 2568 2571
3 2572 2574 2573
3 2575 2576 2558
3 2576 2559 2558
3 2576 2577 2559
3 2577 2560 2559
3 2577 2578 2560
3 2578 2561 2560
3 2578 2579 2561
3 2579 2562 2561
3 2579 2580 2562
3 2580 2563 2562
3 2565 2581 2582
3 2564 2581 2565
3 2581 2564 2563
3 2580 2581 2563
3 2568 2583 2584
3 2568 2567 2583
3 2567 2585 2583
3 2585 2567 2586
3 2567 2569 2586
3 2586 2569 2587
3 2569 2570 2587
3 2587 2570 2565
3 2582 2587 2565
3 2584 2571 2568
3 2589 2577 2588
3 2589 2590 2577
3 2590 2578 2577
3 2588 2591 2592
3 2589 2588 2592
3 2591 2593 2592
3 2590 2594 2578
3 2594 2579 2578
3 2594 2595 2579
3 2595 2580 2579
3 2582 2596 2597
3 2581 2596 2582
3 2596 2581 2580
3 2595 2596 2580
3 2598 2599 2600
3 2598 2583 2599
3 2583 2585 2599
3 2599 2585 2601
3 2585 2586 2601
3 2601 2586 2602
3 2586 2587 2602
3 2602 2587 2582
3 2597 2602 2582
3 2598 2600 2603
3 2604 2606 2605
3 2606 2607 2605
3 2609 2590 2608
3 2594 2590 2609
3 2608 2610 2609
3 2610 2611 2609
3 2610 2612 2611
3 2612 2613 2611
3 2612 2614 2613
3 2614 2615 2613
3 2617 2618 2615
3 2617 2615 2616
3 2616 2615 2614
3 2616 2619 2620
3 2617 2616 2620
3 2623 2620 2619
3 2623 2619 2622
3 2622 2619 2621
3 2621 2624 2622
3 2624 2625 2622
3 2624 2626 2625
3 2626 2627 2625
3 2626 2605 2627
3 2605 2628 2627
3 2605 2607 2628
3 2607 2629 2628
3 2607 2630 2629
3 2630 2631 2629
3 2632 2594 2609
3 2632 2633 2594
3 2633 2595 2594
3 2609 2611 2634
3 2632 2609 2634
3 2611 2613 2635
3 2634 2611 2635
3 2613 2615 2636
3 2635 2613 2636
3 2615 2618 2636
3 2623 2622 2637
3 2622 2625 2638
3 2637 2622 2638
3 2625 2627 2639
3 2638 2625 2639
3 2627 2628 2640
3 2639 2627 2640
3 2628 2629 2641
3 2640 2628 2641
3 2629 2631 2642
3 2641 2629 2642
3 2596 2643 2597
3 2643 2596 2595
3 2643 2595 2644
3 2644 2595 2633
3 2600 2645 2646
3 2599 2645 2600
3 2645 2599 2647
3 2599 2601 2647
3 2647 2601 2648
3 2601 2602 2648
3 2597 2643 2649
3 2597 2649 2602
3 2602 2649 2648
3 2643 2644 2649
3 2650 2603 2600
3 2646 2650 2600
3 2617 2651 2618
3 2620 2651 2617
3 2652 2651 2620
3 2620 2623 2652
3 2632 2653 2633
3 2634 2653 2632
3 2654 2653 2634
3 2635 2654 2634
3 2655 2654 2635
3 2636 2655 2635
3 2656 2655 2636
3 2618 2656 2636
3 2618 2651 2656
3 2651 2657 2656
3 2651 2652 2657
3 2652 2658 2657
3 2637 2652 2623
3 2637 2659 2652
3 2659 2658 2652
3 2638 2659 2637
3 2660 2659 2638
3 2639 2660 2638
3 2661 2660 2639
3 2640 2661 2639
3 2662 2661 2640
3 2641 2662 2640
3 2663 2662 2641
3 2642 2663 2641
3 2664 2663 2642
3 2665 2633 2653
3 2644 2633 2665
3 2666 2667 2665
3 2666 2665 2654
3 2654 2665 2653
3 2654 2655 2668
3 2666 2654 2668
3 2655 2656 2669
3 2668 2655 2669
3 2656 2657 2670
3 2669 2656 2670
3 2657 2658 2671
3 2670 2657 2671
3 2658 2659 2672
3 2671 2658 2672
3 2659 2660 2673
3 2672 2659 2673
3 2660 2661 2674
3 2673 2660 2674
3 2661 2662 2675
3 2674 2661 2675
3 2662 2663 2676
3 2675 2662 2676
3 2663 2664 2677
3 2676 2663 2677
3 2646 2678 2679
3 2646 2645 2678
3 2645 2680 2678
3 2680 2645 2681
3 2645 2647 2681
3 2681 2647 2682
3 2647 2648 2682
3 2682 2648 2683
3 2648 2649 2683
3 2644 2665 2684
3 2644 2684 2649
3 2649 2684 2683
3 2665 2667 2684
3 2679 2650 2646
3 2687 2686 2685
3 2687 2688 2686
3 2691 2690 2689
3 2689 2693 2692
3 2690 2693 2689
3 2692 2695 2694
3 2693 2695 2692
3 2691 2696 2690
3 2698 2690 2696
3 2698 2697 2690
3 2697 2693 2690
3 2693 2697 2695
3 2695 2697 2699
3 2702 2701 2700
3 2700 2697 2698
3 2700 2701 2697
3 2701 2703 2697
3 2697 2703 2699
3 2699 2703 2704
3 2702 2705 2701
3 2707 2701 2705
3 2707 2706 2701
3 2706 2703 2701
3 2703 2706 2704
3 2704 2706 2708
3 2710 2706 2707
3 2709 2706 2710
3 2706 2709 2708
3 2708 2709 2711
3 2710 2712 2709
3 2714 2709 2712
3 2714 2713 2709
3 2713 2711 2709
3 2716 2713 2714
3 2715 2713 2716
3 2719 2718 2717
3 2717 2721 2720
3 2718 2721 2717
3 2720 2721 2722
3 2725 2724 2723
3 2723 2715 2716
3 2723 2724 2715
3 2724 2726 2715
3 2727 2718 2719
3 2727 2728 2718
3 2728 2729 2718
3 2718 2729 2721
3 2721 2729 2730
3 2722 2732 2731
3 2722 2721 2732
3 2721 2730 2732
3 2731 2734 2733
3 2732 2734 2731
3 2733 2736 2735
3 2734 2736 2733
3 2667 2735 2736
3 2667 2666 2735
3 2666 2737 2735
3 2737 2666 2738
3 2666 2668 2738
3 2738 2668 2739
3 2668 2669 2739
3 2739 2669 2740
3 2669 2670 2740
3 2740 2670 2741
3 2670 2671 2741
3 2741 2671 2742
3 2671 2672 2742
3 2742 2672 2743
3 2672 2673 2743
3 2743 2673 2744
3 2673 2674 2744
3 2744 2674 2745
3 2674 2675 2745
3 2724 2725 2745
3 2724 2745 2676
3 2676 2745 2675
3 2726 2724 2676
3 2677 2726 2676
3 2729 2728 2678
3 2680 2729 2678
3 2730 2729 2680
3 2681 2730 2680
3 2732 2730 2681
3 2682 2732 2681
3 2734 2732 2682
3 2683 2734 2682
3 2736 2734 2683
3 2684 2736 2683
3 2736 2684 2667
3 944 2746 1440
3 1440 2746 2747
3 1440 2747 1441
3 1441 2747 2748
3 1441 2748 1442
3 1442 2748 2749
3 1442 2749 1443
3 1443 2749 2750
3 1443 2750 1444
3 1444 2750 2751
3 1444 2751 1445
3 1445 2751 2752
3 1445 2752 1446
3 1446 2752 2753
3 1446 2753 1447
3 1447 2753 2754
3 1447 2754 1448
3 1448 2754 2755
3 1448 2755 1450
3 1450 2755 2756
3 1450 2756 1452
3 1452 2756 2757
3 1452 2757 1453
3 1453 2757 2758
3 1453 2758 1454
3 1454 2758 2759
3 1454 2759 1455
3 1455 2759 2760
3 1455 2760 1456
3 1456 2760 2761
3 2687 2685 1457
3 2687 1457 2761
3 2761 1457 1456
3 2746 2762 2747
3 2747 2762 2763
3 2747 2763 2748
3 2748 2763 2764
3 2748 2764 2749
3 2749 2764 2765
3 2749 2765 2750
3 2750 2765 2766
3 2750 2766 2751
3 2751 2766 2767
3 2751 2767 2752
3 2752 2767 2768
3 2752 2768 2753
3 2753 2768 2769
3 2753 2769 2754
3 2754 2769 2770
3 2754 2770 2755
3 2755 2770 2771
3 2755 2771 2756
3 2756 2771 2772
3 2756 2772 2757
3 2757 2772 2773
3 2757 2773 2758
3 2758 2773 2774
3 2758 2774 2759
3 2759 2774 2775
3 2759 2775 2760
3 2760 2775 2776
3 2760 2776 2761
3 2761 2776 2777
3 2688 2687 2761
3 2688 2761 2778
3 2778 2761 2777
3 2762 2779 2763
3 2763 2779 2780
3 2763 2780 2764
3 2764 2780 2781
3 2764 2781 2765
3 2765 2781 2782
3 2765 2782 2766
3 2766 2782 2783
3 2766 2783 2767
3 2767 2783 2784
3 2767 2784 2768
3 2768 2784 2785
3 2768 2785 2769
3 2769 2785 2786
3 2769 2786 2770
3 2770 2786 2787
3 2770 2787 2771
3 2771 2787 2788
3 2771 2788 2772
3 2772 2788 2789
3 2772 2789 2773
3 2773 2789 2790
3 2773 2790 2774
3 2774 2790 2791
3 2774 2791 2775
3 2775 2791 2792
3 2691 2689 2776
3 2691 2776 2792
3 2792 2776 2775
3 2777 2776 2689
3 2692 2777 2689
3 2778 2777 2692
3 2694 2778 2692
3 2779 2793 2780
3 2780 2793 2794
3 2780 2794 2781
3 2781 2794 2795
3 2781 2795 2782
3 2782 2795 2796
3 2782 2796 2783
3 2783 2796 2797
3 2783 2797 2784
3 2784 2797 2798
3 2784 2798 2785
3 2785 2798 2799
3 2785 2799 2786
3 2786 2799 2800
3 2786 2800 2787
3 2787 2800 2801
3 2787 2801 2788
3 2788 2801 2802
3 2788 2802 2789
3 2789 2802 2803
3 2789 2803 2790
3 2790 2803 2804
3 2790 2804 2791
3 2791 2804 2805
3 2791 2805 2792
3 2792 2805 2806
3 2696 2691 2792
3 2696 2792 2807
3 2807 2792 2806
3 2696 2807 2698
3 2793 2808 2794
3 2794 2808 2809
3 2794 2809 2795
3 2795 2809 2810
3 2795 2810 2796
3 2796 2810 2811
3 2796 2811 2797
3 2797 2811 2812
3 2797 2812 2798
3 2798 2812 2813
3 2798 2813 2799
3 2799 2813 2814
3 2799 2814 2800
3 2800 2814 2815
3 2800 2815 2801
3 2801 2815 2816
3 2801 2816 2802
3 2802 2816 2817
3 2802 2817 2803
3 2803 2817 2818
3 2803 2818 2804
3 2804 2818 2819
3 2804 2819 2805
3 2805 2819 2820
3 2805 2820 2806
3 2806 2820 2821
3 2702 2700 2807
3 2702 2807 2821
3 2821 2807 2806
3 2807 2700 2698
3 2808 2822 2809
3 2809 2822 2823
3 2809 2823 2810
3 2810 2823 2824
3 2810 2824 2811
3 2811 2824 2825
3 2811 2825 2812
3 2812 2825 2826
3 2812 2826 2813
3 2813 2826 2827
3 2813 2827 2814
3 2814 2827 2828
3 2814 2828 2815
3 2815 2828 2829
3 2815 2829 2816
3 2816 2829 2830
3 2816 2830 2817
3 2817 2830 2831
3 2817 2831 2818
3 2818 2831 2832
3 2818 2832 2819
3 2819 2832 2833
3 2819 2833 2820
3 2820 2833 2834
3 2820 2834 2821
3 2821 2834 2835
3 2705 2702 2821
3 2705 2821 2836
3 2836 2821 2835
3 2705 2836 2707
3 2822 2837 2823
3 2823 2837 2838
3 2823 2838 2824
3 2824 2838 2839
3 2824 2839 2825
3 2825 2839 2840
3 2825 2840 2826
3 2826 2840 2841
3 2826 2841 2827
3 2827 2841 2842
3 2827 2842 2828
3 2828 2842 2843
3 2828 2843 2829
3 2829 2843 2844
3 2829 2844 2830
3 2830 2844 2845
3 2830 2845 2831
3 2831 2845 2846
3 2831 2846 2832
3 2832 2846 2847
3 2832 2847 2833
3 2833 2847 2848
3 2833 2848 2834
3 2834 2848 2849
3 2834 2849 2835
3 2835 2849 2850
3 2835 2850 2836
3 2836 2850 2851
3 2836 2851 2710
3 2707 2836 2710
3 2837 2852 2838
3 2838 2852 2853
3 2838 2853 2839
3 2839 2853 2854
3 2839 2854 2840
3 2840 2854 2855
3 2840 2855 2841
3 2841 2855 2856
3 2841 2856 2842
3 2842 2856 2857
3 2842 2857 2843
3 2843 2857 2858
3 2843 2858 2844
3 2844 2858 2859
3 2844 2859 2845
3 2845 2859 2860
3 2845 2860 2846
3 2846 2860 2861
3 2846 2861 2847
3 2847 2861 2862
3 2847 2862 2848
3 2848 2862 2863
3 2848 2863 2849
3 2849 2863 2864
3 2849 2864 2850
3 2850 2864 2865
3 2850 2865 2851
3 2851 2865 2866
3 2712 2710 2851
3 2712 2851 2867
3 2867 2851 2866
3 2712 2867 2714
3 2852 2868 2853
3 2853 2868 2869
3 2853 2869 2854
3 2854 2869 2870
3 2854 2870 2855
3 2855 2870 2871
3 2855 2871 2856
3 2856 2871 2872
3 2856 2872 2857
3 2857 2872 2873
3 2857 2873 2858
3 2858 2873 2874
3 2858 2874 2859
3 2859 2874 2875
3 2859 2875 2860
3 2860 2875 2876
3 2860 2876 2861
3 2861 2876 2877
3 2861 2877 2862
3 2862 2877 2878
3 2862 2878 2863
3 2863 2878 2879
3 2863 2879 2864
3 2864 2879 2880
3 2864 2880 2865
3 2865 2880 2881
3 2865 2881 2866
3 2866 2881 2882
3 2866 2882 2867
3 2867 2882 2883
3 2867 2883 2716
3 2714 2867 2716
3 2719 2717 2869
3 2719 2869 2884
3 2884 2869 2868
3 2870 2869 2717
3 2720 2870 2717
3 2720 2722 2885
3 2720 2885 2870
3 2870 2885 2871
3 2871 2885 2872
3 2872 2885 2886
3 2872 2886 2873
3 2873 2886 2887
3 2873 2887 2874
3 2874 2887 2888
3 2874 2888 2875
3 2875 2888 2889
3 2875 2889 2876
3 2876 2889 2890
3 2876 2890 2877
3 2877 2890 2891
3 2877 2891 2878
3 2878 2891 2892
3 2878 2892 2879
3 2879 2892 2893
3 2879 2893 2880
3 2880 2893 2894
3 2880 2894 2881
3 2881 2894 2895
3 2881 2895 2882
3 2882 2895 2896
3 2725 2723 2883
3 2725 2883 2896
3 2896 2883 2882
3 2883 2723 2716
3 2884 2727 2719
3 2885 2722 2731
3 2886 2885 2731
3 2733 2886 2731
3 2887 2886 2733
3 2735 2887 2733
3 2888 2887 2735
3 2737 2888 2735
3 2889 2888 2737
3 2738 2889 2737
3 2890 2889 2738
3 2739 2890 2738
3 2891 2890 2739
3 2740 2891 2739
3 2892 2891 2740
3 2741 2892 2740
3 2893 2892 2741
3 2742 2893 2741
3 2894 2893 2742
3 2743 2894 2742
3 2895 2894 2743
3 2744 2895 2743
3 2896 2895 2744
3 2745 2896 2744
3 2896 2745 2725
3 2898 2897 2899
3 2898 2900 2897
3 2902 2901 2903
3 2902 2904 2901
3 2906 2905 2907
3 2909 2905 2906
3 2908 2905 2909
3 2909 2910 2908
3 2129 2130 2911
3 2130 2912 2911
3 2899 2897 2913
3 2899 2913 2912
3 2912 2913 2911
3 2897 2900 2915
3 2897 2915 2913
3 2913 2915 2914
3 2914 2915 2916
3 2915 2917 2916
3 2916 2917 2918
3 2917 2919 2918
3 2903 2901 2920
3 2903 2920 2919
3 2919 2920 2918
3 2901 2904 2922
3 2901 2922 2920
3 2920 2922 2921
3 2921 2922 2923
3 2922 2924 2923
3 2923 2924 2925
3 2924 2926 2925
3 2907 2905 2927
3 2907 2927 2926
3 2926 2927 2925
3 2905 2908 2928
3 2927 2905 2928
3 2908 2910 2930
3 2908 2930 2928
3 2928 2930 2929
3 2929 2930 2931
3 2930 2932 2931
3 2931 2932 2933
3 2932 2934 2933
3 2933 2934 2935
3 2934 2936 2935
3 2935 2936 2937
3 2936 2938 2937
3 2152 2129 2941
3 2129 2911 2941
3 2941 2911 2942
3 2911 2913 2942
3 2942 2913 2943
3 2913 2914 2943
3 2943 2914 2944
3 2914 2916 2944
3 2944 2916 2945
3 2916 2918 2945
3 2945 2918 2946
3 2918 2920 2946
3 2946 2920 2947
3 2920 2921 2947
3 2947 2921 2948
3 2921 2923 2948
3 2948 2923 2949
3 2923 2925 2949
3 2949 2925 2950
3 2925 2927 2950
3 2950 2927 2951
3 2927 2928 2951
3 2951 2928 2952
3 2928 2929 2952
3 2952 2929 2953
3 2929 2931 2953
3 2953 2931 2954
3 2931 2933 2954
3 2954 2933 2955
3 2933 2935 2955
3 2955 2935 2956
3 2935 2937 2956
3 2166 2152 2957
3 2152 2941 2957
3 2957 2941 2958
3 2941 2942 2958
3 2958 2942 2959
3 2942 2943 2959
3 2959 2943 2960
3 2943 2944 2960
3 2960 2944 2961
3 2944 2945 2961
3 2961 2945 2962
3 2945 2946 2962
3 2962 2946 2963
3 2946 2947 2963
3 2963 2947 2964
3 2947 2948 2964
3 2964 2948 2965
3 2948 2949 2965
3 2965 2949 2966
3 2949 2950 2966
3 2966 2950 2967
3 2950 2951 2967
3 2967 2951 2968
3 2951 2952 2968
3 2968 2952 2969
3 2952 2953 2969
3 2969 2953 2970
3 2953 2954 2970
3 2970 2954 2971
3 2954 2955 2971
3 2971 2955 2972
3 2955 2956 2972
3 2181 2166 2973
3 2166 2957 2973
3 2975 2958 2974
3 2975 2973 2958
3 2973 2957 2958
3 2974 2976 2977
3 2974 2958 2976
3 2958 2959 2976
3 2979 2960 2978
3 2979 2976 2960
3 2976 2959 2960
3 2961 2978 2960
3 2980 2978 2961
3 2980 2981 2982
3 2980 2961 2981
3 2961 2962 2981
3 2981 2962 2983
3 2962 2963 2983
3 2983 2963 2984
3 2963 2964 2984
3 2984 2964 2985
3 2964 2965 2985
3 2987 2966 2986
3 2987 2985 2966
3 2985 2965 2966
3 2967 2986 2966
3 2988 2986 2967
3 2968 2988 2967
3 2989 2988 2968
3 2989 2990 2991
3 2989 2968 2990
3 2968 2969 2990
3 2990 2969 2992
3 2969 2970 2992
3 2992 2970 2993
3 2970 2971 2993
3 2993 2971 2994
3 2971 2972 2994
3 2975 2974 2995
3 2974 2977 2995
3 2979 2978 2996
3 2978 2980 2997
3 2996 2978 2997
3 2980 2982 2997
3 2987 2986 2998
3 2986 2988 2999
3 2998 2986 2999
3 2988 2989 3000
3 2999 2988 3000
3 2989 2991 3000
3 3003 3002 3001
3 3001 3005 3004
3 3002 3005 3001
3 3004 3005 3006
3 3009 3008 3007
3 2195 2181 3010
3 2181 2973 3010
3 3012 2973 2975
3 3012 3011 2973
3 3011 3010 2973
3 2977 3011 3012
3 2977 2976 3011
3 2976 3013 3011
3 3015 2976 2979
3 3015 3014 2976
3 3014 3013 2976
3 3014 3017 3016
3 3015 3017 3014
3 2982 3016 3017
3 2982 2981 3016
3 2981 3018 3016
3 3018 2981 3019
3 2981 2983 3019
3 3019 2983 3020
3 2983 2984 3020
3 3020 2984 3021
3 2984 2985 3021
3 3023 2985 2987
3 3023 3022 2985
3 3022 3021 2985
3 3022 3025 3024
3 3023 3025 3022
3 3024 3027 3026
3 3025 3027 3024
3 3002 2991 2990
3 3003 2991 3002
3 3003 3027 2991
3 3003 3026 3027
3 3005 3002 2990
3 2992 3005 2990
3 3006 3005 2992
3 3006 2992 3028
3 3028 2992 2993
3 3008 3009 3028
3 3008 3028 2994
3 2994 3028 2993
3 3012 2975 2995
3 3012 2995 2977
3 3015 2979 2996
3 3017 3015 2996
3 2997 3017 2996
3 3017 2997 2982
3 3023 2987 2998
3 3025 3023 2998
3 2999 3025 2998
3 3027 3025 2999
3 3000 3027 2999
3 3027 3000 2991
3 3001 3029 3003
3 3004 3029 3001
3 3030 3029 3004
3 3004 3006 3030
3 3007 3031 3009
3 2209 2195 3032
3 2195 3010 3032
3 3032 3010 3033
3 3010 3011 3033
3 3033 3011 3034
3 3011 3013 3034
3 3034 3013 3035
3 3013 3014 3035
3 3035 3014 3036
3 3014 3016 3036
3 3036 3016 3037
3 3016 3018 3037
3 3037 3018 3038
3 3018 3019 3038
3 3038 3019 3039
3 3019 3020 3039
3 3039 3020 3040
3 3020 3021 3040
3 3040 3021 3041
3 3021 3022 3041
3 3041 3022 3042
3 3022 3024 3042
3 3042 3024 3043
3 3024 3026 3043
3 3003 3029 3044
3 3003 3044 3026
3 3026 3044 3043
3 3029 3030 3045
3 3044 3029 3045
3 3030 3006 3028
3 3030 3028 3045
3 3045 3028 3046
3 3009 3031 3047
3 3009 3047 3028
3 3028 3047 3046
3 2214 3049 3048
3 2215 3049 2214
3 3048 3049 3050
3 3049 2215 2209
3 3032 3049 2209
3 3050 3049 3032
3 3050 3032 3051
3 3051 3032 3033
3 3051 3033 3052
3 3033 3034 3052
3 3052 3034 3053
3 3034 3035 3053
3 3053 3035 3054
3 3035 3036 3054
3 3056 3037 3055
3 3056 3054 3037
3 3054 3036 3037
3 3038 3055 3037
3 3057 3055 3038
3 3057 3058 3059
3 3057 3038 3058
3 3038 3039 3058
3 3058 3039 3060
3 3039 3040 3060
3 3060 3040 3061
3 3040 3041 3061
3 3061 3041 3062
3 3041 3042 3062
3 3062 3042 3063
3 3042 3043 3063
3 3063 3043 3064
3 3043 3044 3064
3 3064 3044 3065
3 3044 3045 3065
3 3065 3045 3066
3 3045 3046 3066
3 3066 3046 3067
3 3046 3047 3067
3 3056 3055 3068
3 3055 3057 3069
3 3068 3055 3069
3 3057 3059 3069
3 2232 2233 3070
3 3074 3071 3073
3 3072 3071 3074
3 3077 3076 3075
3 3077 3071 3076
3 3071 3072 3076
3 3075 3078 3080
3 3075 3076 3078
3 3076 3079 3078
3 2259 2260 3081
3 3074 3082 3072
3 3072 3083 3076
3 3082 3083 3072
3 3076 3084 3079
3 3083 3084 3076
3 3079 3084 3085
3 3088 3087 3086
3 3086 3090 3089
3 3087 3090 3086
3 3089 3092 3091
3 3090 3092 3089
3 3091 3094 3093
3 3092 3094 3091
3 3093 3096 3095
3 3094 3096 3093
3 3095 3096 3097
3 3081 3099 3098
3 3081 2260 3099
3 2260 2281 3099
3 3098 3101 3100
3 3099 3101 3098
3 3100 3103 3102
3 3101 3103 3100
3 3102 3103 3104
3 3107 3106 3105
3 3105 3106 3108
3 3111 3110 3109
3 3109 3113 3112
3 3110 3113 3109
3 3112 3115 3114
3 3113 3115 3112
3 3114 3115 3116
3 3099 2281 2214
3 3048 3099 2214
3 3048 3050 3117
3 3048 3117 3099
3 3099 3117 3101
3 3101 3117 3103
3 3103 3117 3118
3 3104 3120 3119
3 3104 3103 3120
3 3103 3118 3120
3 3119 3122 3121
3 3120 3122 3119
3 3121 3124 3123
3 3122 3124 3121
3 3123 3106 3107
3 3123 3124 3106
3 3124 3125 3106
3 3108 3127 3126
3 3108 3106 3127
3 3106 3125 3127
3 3126 3110 3111
3 3126 3127 3110
3 3127 3128 3110
3 3110 3128 3113
3 3113 3128 3129
3 3113 3129 3115
3 3115 3129 3130
3 3116 3132 3131
3 3116 3115 3132
3 3115 3130 3132
3 3131 3134 3133
3 3132 3134 3131
3 3133 3136 3135
3 3134 3136 3133
3 3135 3138 3137
3 3136 3138 3135
3 3137 3140 3139
3 3138 3140 3137
3 3117 3050 3051
3 3118 3117 3051
3 3052 3118 3051
3 3120 3118 3052
3 3053 3120 3052
3 3122 3120 3053
3 3054 3122 3053
3 3054 3056 3141
3 3054 3141 3122
3 3122 3141 3124
3 3124 3141 3125
3 3125 3141 3142
3 3059 3058 3127
3 3059 3127 3142
3 3142 3127 3125
3 3128 3127 3058
3 3060 3128 3058
3 3129 3128 3060
3 3061 3129 3060
3 3130 3129 3061
3 3062 3130 3061
3 3132 3130 3062
3 3063 3132 3062
3 3134 3132 3063
3 3064 3134 3063
3 3136 3134 3064
3 3065 3136 3064
3 3138 3136 3065
3 3066 3138 3065
3 3140 3138 3066
3 3067 3140 3066
3 3141 3056 3068
3 3142 3141 3068
3 3069 3142 3068
3 3142 3069 3059
3 3147 3146 3145
3 3147 3145 3144
3 3144 3145 3143
3 3148 3149 3150
3 3150 3149 3151
3 3152 3153 3154
3 3154 3153 3155
3 2334 2335 3156
3 3156 2335 3157
3 3156 3157 3153
3 3153 3157 3158
3 3153 3158 3155
3 3155 3158 3159
3 3155 3159 3160
3 3160 3159 3161
3 3164 3163 3162
3 3164 3162 3161
3 3161 3162 3160
3 3165 3166 3167
3 3167 3166 3168
3 3167 3168 3169
3 3169 3168 3170
3 3169 3170 3171
3 3171 3170 3172
3 2348 3174 3173
3 2348 3173 2335
3 2335 3173 3157
3 3157 3173 3158
3 3158 3173 3175
3 3158 3175 3159
3 3159 3175 3176
3 3159 3176 3161
3 3161 3176 3177
3 3161 3177 3178
3 3164 3161 3178
3 3180 3179 3181
3 3182 3180 3181
3 3179 3180 3183
3 3183 3180 3184
3 3183 3184 3185
3 3185 3184 3186
3 3185 3186 3166
3 3166 3186 3187
3 3166 3187 3168
3 3168 3187 3188
3 3168 3188 3170
3 3170 3188 3189
3 3170 3189 3172
3 3172 3189 3190
3 3191 3173 3174
3 3192 3191 3174
3 3173 3191 3175
3 3175 3191 3193
3 3175 3193 3176
3 3176 3193 3194
3 3176 3194 3177
3 3177 3194 3195
3 3197 3178 3177
3 3197 3177 3196
3 3196 3177 3195
3 3182 3197 3196
3 3182 3196 3180
3 3180 3196 3198
3 3180 3198 3184
3 3184 3198 3199
3 3184 3199 3186
3 3186 3199 3200
3 3186 3200 3187
3 3187 3200 3201
3 3187 3201 3188
3 3188 3201 3202
3 3188 3202 3189
3 3189 3202 3203
3 3189 3203 3190
3 3190 3203 3204
3 3190 3204 3205
3 3205 3204 3206
3 3205 3206 3207
3 3207 3206 3208
3 3209 3191 3192
3 3070 3209 3192
3 3073 3210 3193
3 3073 3193 3209
3 3209 3193 3191
3 3210 3077 3211
3 3210 3211 3193
3 3193 3211 3194
3 3080 3212 3195
3 3080 3195 3211
3 3211 3195 3194
3 3212 3214 3213
3 3212 3213 3195
3 3195 3213 3196
3 3196 3213 3198
3 3198 3213 3215
3 3198 3215 3199
3 3199 3215 3216
3 3218 3217 3200
3 3218 3200 3216
3 3216 3200 3199
3 3217 3220 3219
3 3217 3219 3200
3 3200 3219 3201
3 3222 3221 3202
3 3222 3202 3219
3 3219 3202 3201
3 3203 3202 3221
3 3223 3203 3221
3 3223 3225 3224
3 3223 3224 3203
3 3203 3224 3204
3 3204 3224 3206
3 3206 3224 3226
3 3206 3226 3208
3 3208 3226 3227
3 3208 3227 3228
3 3228 3227 3229
3 3228 3229 3230
3 3230 3229 3231
3 3070 2233 2403
3 3070 2403 3209
3 3209 2403 3232
3 3209 3232 3074
3 3073 3209 3074
3 3211 3077 3075
3 3211 3075 3080
3 3233 3213 3214
3 3085 3233 3214
3 3088 3234 3215
3 3088 3215 3233
3 3233 3215 3213
3 3216 3215 3234
3 3235 3216 3234
3 3216 3235 3218
3 3219 3220 3236
3 3219 3236 3222
3 3238 3097 3237
3 3225 3238 3237
3 3225 3237 3224
3 3224 3237 3239
3 3224 3239 3226
3 3226 3239 3240
3 3226 3240 3227
3 3227 3240 3241
3 3227 3241 3229
3 3229 3241 3242
3 3229 3242 3231
3 3231 3242 3243
3 2259 3081 3244
3 2259 3244 2403
3 2403 3244 3232
3 3082 3074 3232
3 3082 3232 3245
3 3245 3232 3244
3 3083 3082 3245
3 3246 3083 3245
3 3084 3083 3246
3 3247 3084 3246
3 3085 3084 3247
3 3085 3247 3233
3 3233 3247 3248
3 3087 3088 3233
3 3087 3233 3249
3 3249 3233 3248
3 3090 3087 3249
3 3250 3090 3249
3 3092 3090 3250
3 3251 3092 3250
3 3094 3092 3251
3 3252 3094 3251
3 3096 3094 3252
3 3253 3096 3252
3 3097 3096 3253
3 3097 3253 3237
3 3237 3253 3254
3 3237 3254 3239
3 3239 3254 3255
3 3239 3255 3240
3 3240 3255 3256
3 3240 3256 3241
3 3241 3256 3257
3 3241 3257 3242
3 3242 3257 3258
3 3242 3258 3243
3 3243 3258 3259
3 3244 3081 3098
3 3245 3244 3098
3 3100 3245 3098
3 3246 3245 3100
3 3102 3246 3100
3 3102 3104 3260
3 3102 3260 3246
3 3246 3260 3247
3 3247 3260 3248
3 3248 3260 3261
3 3248 3261 3249
3 3249 3261 3262
3 3107 3105 3250
3 3107 3250 3262
3 3262 3250 3249
3 3105 3108 3263
3 3105 3263 3250
3 3250 3263 3251
3 3111 3109 3252
3 3111 3252 3263
3 3263 3252 3251
3 3253 3252 3109
3 3112 3253 3109
3 3254 3253 3112
3 3114 3254 3112
3 3114 3116 3264
3 3114 3264 3254
3 3254 3264 3255
3 3255 3264 3256
3 3256 3264 3265
3 3256 3265 3257
3 3257 3265 3266
3 3257 3266 3258
3 3258 3266 3267
3 3258 3267 3259
3 3259 3267 3268
3 3260 3104 3119
3 3261 3260 3119
3 3121 3261 3119
3 3262 3261 3121
3 3123 3262 3121
3 3262 3123 3107
3 3263 3108 3126
3 3263 3126 3111
3 3264 3116 3131
3 3265 3264 3131
3 3133 3265 3131
3 3266 3265 3133
3 3135 3266 3133
3 3267 3266 3135
3 3137 3267 3135
3 3268 3267 3137
3 3139 3268 3137
3 3272 3269 3271
3 3270 3269 3272
3 3269 3270 3273
3 3274 3269 3273
3 3271 3275 3272
3 3275 3276 3272
3 3278 3277 3279
3 3277 3280 3282
3 3277 3278 3280
3 3278 3281 3280
3 3280 3281 3276
3 3275 3280 3276
3 2937 2938 3283
3 2938 3284 3283
3 3283 3284 3285
3 3284 3286 3285
3 3285 3286 3287
3 3286 3288 3287
3 3287 3288 3289
3 3288 3290 3289
3 3289 3290 3291
3 3290 3292 3291
3 3291 3292 3293
3 3292 3294 3293
3 3279 3277 3295
3 3279 3295 3294
3 3294 3295 3293
3 3277 3282 3295
3 3296 3298 3297
3 3271 3299 3300
3 3269 3299 3271
3 3299 3269 3274
3 3301 3299 3274
3 3300 3302 3271
3 3302 3275 3271
3 3282 3303 3304
3 3280 3303 3282
3 3303 3280 3275
3 3302 3303 3275
3 2956 2937 3305
3 2937 3283 3305
3 3305 3283 3306
3 3283 3285 3306
3 3306 3285 3307
3 3285 3287 3307
3 3307 3287 3308
3 3287 3289 3308
3 3308 3289 3309
3 3289 3291 3309
3 3309 3291 3310
3 3291 3293 3310
3 3310 3293 3311
3 3293 3295 3311
3 3311 3295 3282
3 3304 3311 3282
3 3312 3297 3298
3 3313 3312 3298
3 3300 3314 3315
3 3299 3314 3300
3 3314 3299 3301
3 3316 3314 3301
3 3315 3317 3300
3 3317 3302 3300
3 3304 3318 3319
3 3303 3318 3304
3 3318 3303 3302
3 3317 3318 3302
3 2972 2956 3320
3 2956 3305 3320
3 3320 3305 3321
3 3305 3306 3321
3 3321 3306 3322
3 3306 3307 3322
3 3322 3307 3323
3 3307 3308 3323
3 3323 3308 3324
3 3308 3309 3324
3 3324 3309 3325
3 3309 3310 3325
3 3325 3310 3326
3 3310 3311 3326
3 3326 3311 3304
3 3319 3326 3304
3 3327 3312 3313
3 3328 3327 3313
3 3315 3329 3330
3 3314 3329 3315
3 3329 3314 3316
3 3331 3329 3316
3 3330 3332 3315
3 3332 3317 3315
3 3319 3333 3334
3 3318 3333 3319
3 3333 3318 3317
3 3332 3333 3317
3 2994 2972 3335
3 2972 3320 3335
3 3337 3321 3336
3 3337 3335 3321
3 3335 3320 3321
3 3322 3336 3321
3 3338 3336 3322
3 3338 3339 3340
3 3338 3322 3339
3 3322 3323 3339
3 3339 3323 3341
3 3323 3324 3341
3 3341 3324 3342
3 3324 3325 3342
3 3342 3325 3343
3 3325 3326 3343
3 3343 3326 3319
3 3334 3343 3319
3 3337 3336 3344
3 3346 3344 3336
3 3346 3336 3345
3 3345 3336 3338
3 3340 3347 3345
3 3338 3340 3345
3 3348 3327 3328
3 3330 3349 3350
3 3329 3349 3330
3 3349 3329 3331
3 3351 3349 3331
3 3350 3352 3330
3 3352 3332 3330
3 3007 3354 3353
3 3008 3354 3007
3 3353 3356 3355
3 3354 3356 3353
3 3355 3356 3357
3 3334 3358 3359
3 3333 3358 3334
3 3358 3333 3332
3 3352 3358 3332
3 3354 3008 2994
3 3335 3354 2994
3 3335 3337 3360
3 3335 3360 3354
3 3354 3360 3356
3 3357 3362 3361
3 3357 3356 3362
3 3356 3360 3362
3 3340 3361 3362
3 3340 3339 3361
3 3339 3363 3361
3 3363 3339 3364
3 3339 3341 3364
3 3364 3341 3365
3 3341 3342 3365
3 3365 3342 3366
3 3342 3343 3366
3 3366 3343 3334
3 3359 3366 3334
3 3360 3337 3344
3 3344 3346 3367
3 3344 3367 3360
3 3360 3367 3362
3 3362 3367 3347
3 3340 3362 3347
3 3368 3350 3349
3 3368 3369 3350
3 3369 3370 3350
3 3368 3349 3351
3 3370 3371 3350
3 3371 3352 3350
3 3353 3031 3007
3 3372 3031 3353
3 3355 3372 3353
3 3373 3372 3355
3 3355 3357 3373
3 3359 3374 3375
3 3358 3374 3359
3 3374 3358 3352
3 3371 3374 3352
3 3031 3372 3376
3 3047 3031 3376
3 3372 3373 3377
3 3376 3372 3377
3 3373 3357 3361
3 3373 3361 3377
3 3377 3361 3378
3 3378 3361 3379
3 3361 3363 3379
3 3379 3363 3380
3 3363 3364 3380
3 3380 3364 3381
3 3364 3365 3381
3 3381 3365 3382
3 3365 3366 3382
3 3382 3366 3359
3 3375 3382 3359
3 3383 3384 3385
3 3386 3387 3369
3 3387 3370 3369
3 3387 3388 3370
3 3388 3371 3370
3 3375 3389 3390
3 3374 3389 3375
3 3389 3374 3371
3 3388 3389 3371
3 3067 3047 3391
3 3047 3376 3391
3 3391 3376 3392
3 3376 3377 3392
3 3392 3377 3393
3 3377 3378 3393
3 3393 3378 3394
3 3378 3379 3394
3 3394 3379 3395
3 3379 3380 3395
3 3395 3380 3396
3 3380 3381 3396
3 3396 3381 3397
3 3381 3382 3397
3 3397 3382 3375
3 3390 3397 3375
3 3398 3399 3400
3 3401 3402 3386
3 3403 3401 3386
3 3406 3405 3404
3 3404 3407 3409
3 3404 3405 3407
3 3405 3408 3407
3 3407 3408 3410
3 3410 3408 3411
3 3410 3411 3402
3 3402 3411 3412
3 3402 3412 3387
3 3386 3402 3387
3 3415 3414 3413
3 3416 3414 3417
3 3416 3405 3414
3 3413 3414 3406
3 3406 3414 3405
3 3419 3405 3416
3 3419 3418 3405
3 3418 3408 3405
3 3408 3418 3411
3 3411 3418 3420
3 3411 3420 3412
3 3412 3420 3421
3 3412 3421 3388
3 3387 3412 3388
3 3139 3423 3422
3 3140 3423 3139
3 3422 3425 3424
3 3423 3425 3422
3 3424 3427 3426
3 3425 3427 3424
3 3426 3414 3415
3 3426 3427 3414
3 3427 3428 3414
3 3417 3430 3429
3 3417 3414 3430
3 3414 3428 3430
3 3429 3418 3419
3 3429 3430 3418
3 3430 3431 3418
3 3418 3431 3420
3 3420 3431 3432
3 3390 3389 3421
3 3390 3421 3432
3 3432 3421 3420
3 3421 3389 3388
3 3423 3140 3067
3 3391 3423 3067
3 3425 3423 3391
3 3392 3425 3391
3 3427 3425 3392
3 3393 3427 3392
3 3428 3427 3393
3 3394 3428 3393
3 3430 3428 3394
3 3395 3430 3394
3 3431 3430 3395
3 3396 3431 3395
3 3432 3431 3396
3 3397 3432 3396
3 3432 3397 3390
3 3434 3433 3435
3 3433 3436 3435
3 3437 3438 3439
3 3439 3438 3440
3 3439 3440 3442
3 3441 3439 3442
3 3230 3231 3443
3 3443 3231 3444
3 3443 3444 3445
3 3445 3444 3446
3 3445 3446 3447
3 3447 3446 3448
3 3447 3448 3438
3 3438 3448 3449
3 3451 3450 3440
3 3451 3440 3449
3 3449 3440 3438
3 3440 3450 3442
3 3231 3243 3444
3 3444 3243 3452
3 3444 3452 3446
3 3446 3452 3453
3 3446 3453 3448
3 3448 3453 3454
3 3448 3454 3449
3 3449 3454 3455
3 3457 3451 3449
3 3457 3449 3456
3 3456 3449 3455
3 3457 3456 3409
3 3243 3259 3452
3 3452 3259 3458
3 3452 3458 3453
3 3453 3458 3459
3 3453 3459 3454
3 3454 3459 3460
3 3454 3460 3455
3 3455 3460 3461
3 3406 3404 3456
3 3406 3456 3461
3 3461 3456 3455
3 3456 3404 3409
3 3259 3268 3458
3 3458 3268 3462
3 3458 3462 3459
3 3459 3462 3463
3 3459 3463 3460
3 3460 3463 3464
3 3415 3413 3461
3 3415 3461 3464
3 3464 3461 3460
3 3413 3406 3461
3 3417 3465 3416
3 3416 3465 3419
3 3462 3268 3139
3 3422 3462 3139
3 3463 3462 3422
3 3424 3463 3422
3 3464 3463 3424
3 3426 3464 3424
3 3464 3426 3415
3 3465 3417 3429
3 3465 3429 3419
3 3469 3468 3467
3 3466 3469 3467
3 3470 3472 3473
3 3471 3470 3473
3 3474 3476 3475
3 3476 3477 3475
3 3478 3480 3479
3 3480 3481 3479
3 3483 3480 3484
3 3483 3482 3480
3 3482 3481 3480
3 3475 3477 3486
3 3485 3475 3486
3 3477 3487 3488
3 3486 3477 3488
3 3487 3479 3489
3 3488 3487 3489
3 3479 3481 3490
3 3489 3479 3490
3 3486 3491 3485
3 3492 3491 3486
3 3488 3492 3486
3 3493 3492 3488
3 3489 3493 3488
3 3494 3493 3489
3 3490 3494 3489
3 3495 3494 3490
3 3497 3495 3490
3 3496 3495 3497
3 3497 3498 3496
3 3491 3492 3499
3 3492 3500 3499
3 3492 3493 3500
3 3493 3501 3500
3 3493 3494 3501
3 3494 3502 3501
3 3494 3495 3502
3 3495 3503 3502
3 3495 3496 3503
3 3496 3504 3503
3 3506 3496 3498
3 3506 3505 3496
3 3505 3504 3496
3 3499 3500 3508
3 3507 3499 3508
3 3500 3501 3509
3 3508 3500 3509
3 3501 3502 3510
3 3509 3501 3510
3 3502 3503 3511
3 3510 3502 3511
3 3503 3504 3512
3 3511 3503 3512
3 1750 3513 1854
3 1854 3513 3514
3 1854 3514 1855
3 1855 3514 3515
3 1855 3515 1856
3 1856 3515 3516
3 1856 3516 1857
3 1857 3516 3517
3 1858 3517 3518
3 1857 3517 1858
3 3513 3519 3514
3 3514 3519 3520
3 3514 3520 3515
3 3515 3520 3521
3 3515 3521 3516
3 3516 3521 3522
3 3516 3522 3517
3 3517 3522 3523
3 3518 3523 3524
3 3517 3523 3518
3 3519 3525 3520
3 3520 3525 3526
3 3520 3526 3521
3 3521 3526 3527
3 3521 3527 3522
3 3522 3527 3528
3 3522 3528 3523
3 3523 3528 3529
3 3524 3529 3530
3 3523 3529 3524
3 3525 3531 3526
3 3526 3531 3532
3 3526 3532 3527
3 3527 3532 3533
3 3527 3533 3528
3 3528 3533 3534
3 3528 3534 3529
3 3529 3534 3535
3 3530 3537 3536
3 3530 3529 3537
3 3529 3535 3537
3 3536 3537 3538
3 3531 3539 3532
3 3532 3539 3540
3 3532 3540 3533
3 3533 3540 3541
3 3533 3541 3534
3 3534 3541 3542
3 3534 3542 3535
3 3535 3542 3543
3 3535 3543 3537
3 3537 3543 3544
3 3538 3544 3545
3 3537 3544 3538
3 3539 3546 3540
3 3540 3546 3547
3 3540 3547 3541
3 3541 3547 3548
3 3541 3548 3542
3 3542 3548 3549
3 3542 3549 3543
3 3543 3549 3550
3 3543 3550 3544
3 3544 3550 3551
3 3545 3551 3552
3 3544 3551 3545
3 3546 3553 3547
3 3547 3553 3554
3 3547 3554 3548
3 3548 3554 3555
3 3548 3555 3549
3 3549 3555 3556
3 3549 3556 3550
3 3550 3556 3557
3 3550 3557 3551
3 3551 3557 3558
3 3552 3560 3559
3 3552 3551 3560
3 3551 3558 3560
3 3559 3562 3561
3 3560 3562 3559
3 3553 3563 3554
3 3554 3563 3564
3 3554 3564 3555
3 3555 3564 3565
3 3555 3565 3556
3 3556 3565 3566
3 3556 3566 3557
3 3557 3566 3567
3 3557 3567 3558
3 3558 3567 3568
3 3558 3568 3560
3 3560 3568 3569
3 3560 3569 3562
3 3562 3569 3570
3 3563 3571 3564
3 3564 3571 3572
3 3564 3572 3565
3 3565 3572 3573
3 3565 3573 3566
3 3566 3573 3574
3 3566 3574 3567
3 3567 3574 3575
3 3567 3575 3568
3 3568 3575 3576
3 3568 3576 3569
3 3569 3576 3577
3 3569 3577 3570
3 3570 3577 3578
3 3571 3579 3572
3 3572 3579 3580
3 3572 3580 3573
3 3573 3580 3581
3 3573 3581 3574
3 3574 3581 3582
3 3574 3582 3575
3 3575 3582 3583
3 3575 3583 3576
3 3576 3583 3584
3 3576 3584 3577
3 3577 3584 3585
3 3577 3585 3578
3 3578 3585 3586
3 3589 3588 3587
3 3589 3578 3588
3 3578 3586 3588
3 3579 3590 3580
3 3580 3590 3591
3 3580 3591 3581
3 3581 3591 3592
3 3581 3592 3582
3 3582 3592 3593
3 3582 3593 3583
3 3583 3593 3594
3 3583 3594 3584
3 3584 3594 3595
3 3584 3595 3585
3 3585 3595 3596
3 3585 3596 3586
3 3586 3596 3597
3 3586 3597 3588
3 3588 3597 3598
3 3590 3599 3591
3 3591 3599 3600
3 3591 3600 3592
3 3592 3600 3601
3 3592 3601 3593
3 3593 3601 3602
3 3593 3602 3594
3 3594 3602 3603
3 3594 3603 3595
3 3595 3603 3604
3 3595 3604 3596
3 3596 3604 3605
3 3596 3605 3597
3 3597 3605 3606
3 3608 3607 3598
3 3608 3598 3606
3 3606 3598 3597
3 3600 3599 3507
3 3508 3600 3507
3 3601 3600 3508
3 3509 3601 3508
3 3602 3601 3509
3 3510 3602 3509
3 3603 3602 3510
3 3511 3603 3510
3 3604 3603 3511
3 3512 3604 3511
3 3605 3604 3512
3 3609 3605 3512
3 3606 3605 3609
3 3610 3606 3609
3 3611 1915 1858
3 3518 3611 1858
3 3612 3611 3518
3 3524 3612 3518
3 3611 3612 3613
3 3613 3612 3614
3 3615 3612 3524
3 3530 3615 3524
3 3612 3615 3614
3 3614 3615 3616
3 3615 3530 3536
3 3536 3538 3617
3 3536 3617 3615
3 3615 3617 3616
3 3618 3617 3538
3 3545 3618 3538
3 3619 3618 3545
3 3552 3619 3545
3 3619 3552 3559
3 3620 3619 3559
3 3561 3620 3559
3 64 3621 3622
3 63 3621 64
3 3621 63 3623
3 63 65 3623
3 3623 65 3624
3 65 66 3624
3 66 3625 3624
3 68 3625 66
3 3626 69 64
3 3622 3626 64
3 3625 68 70
3 3627 3625 70
3 3627 70 3628
3 70 71 3628
3 3628 71 3629
3 71 72 3629
3 3629 72 3630
3 72 73 3630
3 3630 73 3631
3 73 74 3631
3 3631 74 3632
3 74 75 3632
3 3632 75 3633
3 75 76 3633
3 3633 76 3634
3 76 77 3634
3 3636 77 79
3 3636 3635 77
3 3635 3634 77
3 82 3635 3636
3 82 80 3635
3 80 3637 3635
3 3639 80 83
3 3639 3638 80
3 3638 3637 80
3 3638 3639 3640
3 3643 3642 3641
3 3636 79 84
3 3636 84 82
3 3639 83 85
3 3640 3639 85
3 3640 85 3644
3 3644 85 86
3 3642 3643 3644
3 3642 3644 87
3 87 3644 86
3 88 3645 90
3 3622 3646 3647
3 3622 3621 3646
3 3621 3648 3646
3 3648 3621 3649
3 3621 3623 3649
3 3649 3623 3650
3 3623 3624 3650
3 3652 3624 3625
3 3652 3651 3624
3 3651 3650 3624
3 3651 3654 3653
3 3652 3654 3651
3 3653 3654 3655
3 3647 3626 3622
3 3652 3625 3627
3 3654 3652 3627
3 3628 3654 3627
3 3655 3654 3628
3 3655 3628 3656
3 3656 3628 3629
3 3656 3629 3657
3 3629 3630 3657
3 3657 3630 3658
3 3630 3631 3658
3 3658 3631 3659
3 3631 3632 3659
3 3659 3632 3660
3 3632 3633 3660
3 3660 3633 3661
3 3633 3634 3661
3 3661 3634 3662
3 3634 3635 3662
3 3662 3635 3663
3 3635 3637 3663
3 3663 3637 3664
3 3637 3638 3664
3 3666 3638 3640
3 3666 3665 3638
3 3665 3664 3638
3 3643 3665 3666
3 3643 3641 3665
3 3641 3667 3665
3 3666 3640 3644
3 3666 3644 3643
3 3668 3646 3669
3 3646 3648 3669
3 3669 3648 3670
3 3648 3649 3670
3 3672 3650 3671
3 3672 3670 3650
3 3670 3649 3650
3 3671 3673 3674
3 3671 3650 3673
3 3650 3651 3673
3 3673 3651 3675
3 3651 3653 3675
3 3677 3653 3655
3 3677 3676 3653
3 3676 3675 3653
3 3676 3679 3678
3 3677 3679 3676
3 3678 3679 3680
3 3672 3671 3681
3 3671 3674 3681
3 3677 3655 3656
3 3679 3677 3656
3 3657 3679 3656
3 3680 3679 3657
3 3680 3657 3682
3 3682 3657 3658
3 3682 3658 3683
3 3658 3659 3683
3 3683 3659 3684
3 3659 3660 3684
3 3684 3660 3685
3 3660 3661 3685
3 3685 3661 3686
3 3661 3662 3686
3 3686 3662 3687
3 3662 3663 3687
3 3687 3663 3688
3 3663 3664 3688
3 3688 3664 3689
3 3664 3665 3689
3 3689 3665 3690
3 3665 3667 3690
3 3693 3692 3691
3 3696 3691 3692
3 3696 3695 3691
3 3695 3694 3691
3 3693 3697 3692
3 3692 3699 3696
3 3692 3697 3699
3 3697 3698 3699
3 3700 3668 3701
3 3668 3669 3701
3 3703 3670 3702
3 3703 3701 3670
3 3701 3669 3670
3 3670 3672 3702
3 3674 3704 3705
3 3673 3704 3674
3 3704 3673 3706
3 3673 3675 3706
3 3706 3675 3707
3 3675 3676 3707
3 3707 3676 3708
3 3676 3678 3708
3 3710 3678 3680
3 3710 3709 3678
3 3709 3708 3678
3 3709 3712 3711
3 3710 3712 3709
3 3711 3712 3713
3 3703 3702 3714
3 3702 3672 3681
3 3702 3681 3714
3 3714 3681 3715
3 3715 3681 3674
3 3705 3715 3674
3 3710 3680 3682
3 3712 3710 3682
3 3683 3712 3682
3 3713 3712 3683
3 3713 3683 3716
3 3716 3683 3684
3 3716 3684 3717
3 3684 3685 3717
3 3717 3685 3718
3 3685 3686 3718
3 3718 3686 3719
3 3686 3687 3719
3 3719 3687 3720
3 3687 3688 3720
3 3720 3688 3721
3 3688 3689 3721
3 3721 3689 3722
3 3689 3690 3722
3 3725 3724 3723
3 3728 3727 3726
3 3724 3730 3729
3 3725 3730 3724
3 3725 3727 3730
3 3725 3726 3727
3 3733 3732 3731
3 3727 3735 3734
3 3728 3735 3727
3 3728 3732 3735
3 3728 3731 3732
3 3727 3734 3730
3 3693 3736 3737
3 3691 3736 3693
3 3732 3733 3736
3 3732 3736 3694
3 3694 3736 3691
3 3732 3694 3735
3 3740 3739 3738
3 3738 3739 3741
3 3738 3741 3693
3 3738 3693 3737
3 3693 3741 3697
3 3741 3743 3742
3 3741 3742 3697
3 3697 3742 3698
3 3742 3744 3698
3 3698 3744 3745
3 3744 3746 3745
3 3745 3746 3747
3 3750 3748 3749
3 3750 3749 3746
3 3746 3749 3747
3 3751 3700 3752
3 3700 3701 3752
3 3754 3701 3703
3 3754 3753 3701
3 3753 3752 3701
3 3753 3754 3755
3 3757 3740 3756
3 3757 3705 3740
3 3739 3740 3704
3 3704 3740 3705
3 3756 3758 3757
3 3758 3759 3757
3 3704 3741 3739
3 3704 3706 3741
3 3761 3759 3758
3 3743 3741 3760
3 3760 3741 3706
3 3760 3706 3707
3 3760 3707 3762
3 3707 3708 3762
3 3762 3708 3763
3 3708 3709 3763
3 3748 3750 3763
3 3748 3763 3711
3 3711 3763 3709
3 3711 3713 3765
3 3711 3765 3748
3 3748 3765 3764
3 3764 3765 3766
3 3766 3765 3767
3 3768 3767 3769
3 3766 3767 3768
3 3754 3703 3714
3 3755 3754 3714
3 3755 3714 3770
3 3770 3714 3715
3 3705 3757 3771
3 3705 3771 3715
3 3715 3771 3770
3 3757 3759 3772
3 3771 3757 3772
3 3759 3761 3772
3 3765 3713 3716
3 3767 3765 3716
3 3717 3767 3716
3 3769 3767 3717
3 3769 3717 3773
3 3773 3717 3718
3 3773 3718 3774
3 3718 3719 3774
3 3774 3719 3775
3 3719 3720 3775
3 3775 3720 3776
3 3720 3721 3776
3 3776 3721 3777
3 3721 3722 3777
3 3779 192 193
3 3778 192 3779
3 194 3781 3780
3 194 192 3781
3 192 3778 3781
3 3783 3778 3779
3 3782 3778 3783
3 3778 3782 3781
3 3781 3782 3784
3 3786 3782 3783
3 3785 3782 3786
3 3782 3785 3784
3 3784 3785 3787
3 3789 3785 3786
3 3788 3785 3789
3 3791 3790 3787
3 3791 3787 3788
3 3788 3787 3785
3 3794 3793 3792
3 3788 3796 3795
3 3789 3796 3788
3 3789 3793 3796
3 3789 3792 3793
3 3788 3795 3791
3 3799 3798 3797
3 3793 3725 3723
3 3794 3725 3793
3 3794 3798 3725
3 3794 3797 3798
3 3793 3723 3796
3 3802 3801 3800
3 3798 3728 3726
3 3799 3728 3798
3 3799 3801 3728
3 3799 3800 3801
3 3798 3726 3725
3 3805 3804 3803
3 3801 3733 3731
3 3802 3733 3801
3 3802 3804 3733
3 3802 3803 3804
3 3801 3731 3728
3 3808 3807 3806
3 3804 3737 3736
3 3805 3737 3804
3 3805 3807 3737
3 3805 3806 3807
3 3804 3736 3733
3 3810 3808 3809
3 3810 3740 3808
3 3807 3808 3738
3 3738 3808 3740
3 3809 3811 3812
3 3809 3812 3810
3 3738 3737 3807
3 3743 3812 3811
3 3743 3811 3742
3 3742 3811 3813
3 3813 3814 3742
3 3742 3814 3744
3 3814 3815 3744
3 3744 3815 3746
3 3746 3815 3816
3 3750 3746 3816
3 3819 3818 3820
3 3817 3818 3819
3 3821 3751 3822
3 3751 3752 3822
3 3824 3753 3823
3 3824 3822 3753
3 3822 3752 3753
3 3753 3755 3823
3 3756 3827 3826
3 3756 3740 3827
3 3825 3827 3810
3 3810 3827 3740
3 3756 3828 3758
3 3756 3826 3828
3 3758 3828 3812
3 3825 3810 3828
3 3812 3828 3810
3 3761 3812 3830
3 3761 3758 3812
3 3830 3812 3829
3 3743 3760 3812
3 3829 3812 3760
3 3829 3760 3831
3 3760 3762 3831
3 3831 3762 3832
3 3762 3763 3832
3 3832 3763 3750
3 3816 3832 3750
3 3834 3833 3768
3 3769 3834 3768
3 3833 3834 3818
3 3818 3834 3835
3 3820 3835 3836
3 3818 3835 3820
3 3824 3823 3837
3 3823 3755 3770
3 3823 3770 3837
3 3837 3770 3838
3 3826 3827 3838
3 3826 3838 3771
3 3771 3838 3770
3 3828 3826 3771
3 3828 3771 3839
3 3839 3771 3772
3 3839 3772 3761
3 3830 3839 3761
3 3834 3769 3773
3 3835 3834 3773
3 3774 3835 3773
3 3836 3835 3774
3 3836 3774 3840
3 3840 3774 3775
3 3840 3775 3841
3 3775 3776 3841
3 3841 3776 3842
3 3776 3777 3842
3 3844 208 3843
3 3844 3779 208
3 3779 193 208
3 3843 3845 3844
3 3843 194 3845
3 3843 209 194
3 194 3780 3845
3 212 3845 3780
3 212 211 3845
3 211 3846 3845
3 214 3847 3846
3 211 214 3846
3 3850 3849 3848
3 3848 3849 3851
3 3852 3779 3844
3 3852 3853 3779
3 3853 3783 3779
3 3855 3852 3844
3 3855 3844 3854
3 3854 3844 3845
3 3845 3846 3854
3 3846 3856 3854
3 3847 3857 3856
3 3846 3847 3856
3 3850 3858 3849
3 3849 3858 3851
3 3860 3853 3859
3 3860 3786 3853
3 3786 3783 3853
3 3859 3855 3854
3 3859 3854 3860
3 3860 3854 3861
3 3854 3856 3861
3 3856 3862 3861
3 3857 3863 3862
3 3856 3857 3862
3 3866 3865 3864
3 3864 3865 3867
3 3868 3786 3860
3 3789 3786 3868
3 3869 3870 3868
3 3869 3868 3861
3 3861 3868 3860
3 3861 3862 3871
3 3869 3861 3871
3 3862 3863 3871
3 3873 3865 3866
3 3872 3865 3873
3 3867 3792 3874
3 3867 3872 3792
3 3867 3865 3872
3 3872 3794 3792
3 3789 3874 3792
3 3789 3875 3874
3 3789 3868 3875
3 3875 3876 3874
3 3870 3877 3878
3 3870 3878 3868
3 3868 3878 3875
3 3877 3879 3878
3 3882 3881 3880
3 3873 3880 3881
3 3873 3881 3799
3 3873 3799 3872
3 3797 3872 3799
3 3883 3884 3885
3 3872 3797 3794
3 3883 3886 3884
3 3888 3876 3875
3 3887 3888 3875
3 3875 3878 3887
3 3878 3889 3887
3 3879 3890 3889
3 3878 3879 3889
3 3891 3892 3893
3 3896 3895 3894
3 3894 3895 3897
3 3881 3802 3800
3 3881 3882 3802
3 3882 3898 3802
3 3884 3899 3900
3 3884 3900 3885
3 3881 3800 3799
3 3886 3901 3899
3 3884 3886 3899
3 3903 3888 3887
3 3902 3903 3887
3 3904 3905 3902
3 3904 3902 3889
3 3889 3902 3887
3 3889 3890 3904
3 3893 3906 3907
3 3892 3906 3893
3 3909 3895 3896
3 3908 3895 3909
3 3908 3803 3895
3 3908 3805 3803
3 3895 3803 3897
3 3910 3911 3803
3 3897 3803 3911
3 3910 3803 3802
3 3910 3802 3912
3 3912 3802 3898
3 3914 3900 3899
3 3913 3914 3899
3 3901 3915 3916
3 3901 3916 3899
3 3899 3916 3913
3 3915 3903 3902
3 3915 3902 3916
3 3916 3902 3917
3 3905 3918 3917
3 3902 3905 3917
3 3906 3919 3907
3 3921 3909 3920
3 3921 3808 3909
3 3908 3909 3806
3 3806 3909 3808
3 3806 3805 3908
3 3920 3911 3921
3 3921 3911 3910
3 3921 3910 3922
3 3912 3923 3924
3 3912 3924 3910
3 3910 3924 3922
3 3923 3914 3913
3 3923 3913 3924
3 3924 3913 3925
3 3926 3927 3925
3 3926 3925 3916
3 3916 3925 3913
3 3916 3917 3928
3 3926 3916 3928
3 3917 3918 3928
3 3931 3930 3929
3 3929 3930 3932
3 3921 3809 3808
3 3922 3809 3921
3 3811 3809 3922
3 3924 3811 3922
3 3813 3811 3924
3 3925 3935 3924
3 3925 3933 3935
3 3924 3935 3813
3 3934 3814 3935
3 3813 3935 3814
3 3934 3936 3815
3 3934 3815 3814
3 3925 3927 3933
3 3815 3936 3816
3 3938 3937 3819
3 3820 3938 3819
3 3937 3938 3939
3 3939 3938 3940
3 3941 3940 3942
3 3939 3940 3941
3 3930 3931 3943
3 3930 3943 3822
3 3822 3943 3821
3 3822 3824 3945
3 3930 3822 3945
3 3930 3945 3944
3 3930 3944 3932
3 3944 3947 3946
3 3945 3947 3944
3 3827 3946 3947
3 3827 3825 3946
3 3825 3948 3946
3 3950 3825 3828
3 3950 3949 3825
3 3949 3948 3825
3 3830 3949 3950
3 3830 3829 3949
3 3829 3951 3949
3 3934 3935 3951
3 3934 3951 3831
3 3831 3951 3829
3 3936 3934 3831
3 3832 3936 3831
3 3936 3832 3816
3 3952 3938 3820
3 3836 3952 3820
3 3938 3952 3940
3 3940 3952 3953
3 3942 3953 3954
3 3940 3953 3942
3 3945 3824 3837
3 3947 3945 3837
3 3838 3947 3837
3 3947 3838 3827
3 3950 3828 3839
3 3950 3839 3830
3 3952 3836 3840
3 3953 3952 3840
3 3841 3953 3840
3 3954 3953 3841
3 3954 3841 3955
3 3955 3841 3842
3 123 3956 386
3 386 3956 3957
3 386 3957 387
3 387 3957 3958
3 387 3958 388
3 388 3958 3959
3 388 3959 389
3 389 3959 3960
3 389 3960 390
3 390 3960 3961
3 390 3961 391
3 391 3961 3962
3 391 3962 392
3 392 3962 3963
3 392 3963 393
3 393 3963 3964
3 3843 208 393
3 3843 393 3965
3 3965 393 3964
3 209 3843 3965
3 209 3965 394
3 394 3965 3966
3 394 3966 395
3 395 3966 3967
3 395 3967 3847
3 214 395 3847
3 3968 396 398
3 3969 3968 398
3 396 3968 3970
3 400 396 3970
3 3971 402 403
3 3972 3971 403
3 3956 3973 3957
3 3957 3973 3974
3 3957 3974 3958
3 3958 3974 3975
3 3958 3975 3959
3 3959 3975 3976
3 3959 3976 3960
3 3960 3976 3977
3 3960 3977 3961
3 3961 3977 3978
3 3961 3978 3962
3 3962 3978 3979
3 3850 3848 3963
3 3850 3963 3979
3 3979 3963 3962
3 3848 3851 3980
3 3848 3980 3963
3 3963 3980 3964
3 3853 3852 3965
3 3853 3965 3980
3 3980 3965 3964
3 3852 3855 3981
3 3852 3981 3965
3 3965 3981 3966
3 3966 3981 3967
3 3967 3981 3982
3 3967 3982 3857
3 3847 3967 3857
3 3968 3969 3983
3 3968 3983 3970
3 3984 3971 3972
3 3985 3984 3972
3 3971 3984 3986
3 3986 3984 3987
3 3973 3988 3974
3 3974 3988 3989
3 3974 3989 3975
3 3975 3989 3990
3 3975 3990 3976
3 3976 3990 3991
3 3976 3991 3977
3 3977 3991 3992
3 3977 3992 3978
3 3978 3992 3993
3 3978 3993 3979
3 3979 3993 3994
3 3858 3850 3979
3 3858 3979 3995
3 3995 3979 3994
3 3851 3858 3995
3 3851 3995 3980
3 3980 3995 3996
3 3859 3853 3980
3 3859 3980 3997
3 3997 3980 3996
3 3855 3859 3997
3 3855 3997 3981
3 3981 3997 3998
3 3981 3998 3982
3 3982 3998 3999
3 3982 3999 3863
3 3857 3982 3863
3 4000 3984 3985
3 4001 4000 3985
3 3984 4000 3987
3 3987 4000 4002
3 3988 4003 3989
3 3989 4003 4004
3 3989 4004 3990
3 3990 4004 4005
3 3990 4005 3991
3 3991 4005 4006
3 3991 4006 3992
3 3992 4006 4007
3 3992 4007 3993
3 3993 4007 4008
3 3993 4008 3994
3 3994 4008 4009
3 3866 3864 3995
3 3866 3995 4009
3 4009 3995 3994
3 3864 3867 4010
3 3864 4010 3995
3 3995 4010 3996
3 3996 4010 3997
3 3997 4010 4011
3 3870 3869 3998
3 3870 3998 4011
3 4011 3998 3997
3 3999 3998 3869
3 3871 3999 3869
3 3999 3871 3863
3 4012 4000 4001
3 4013 4012 4001
3 4000 4012 4002
3 4002 4012 4014
3 4003 4015 4004
3 4004 4015 4016
3 4004 4016 4005
3 4005 4016 4017
3 4005 4017 4006
3 4006 4017 4018
3 4006 4018 4007
3 4007 4018 4019
3 4007 4019 4008
3 4008 4019 4020
3 4008 4020 4009
3 4009 4020 4021
3 4009 4021 3873
3 3866 4009 3873
3 4010 3867 3874
3 3874 3876 4022
3 3874 4022 4010
3 4010 4022 4011
3 3877 3870 4011
3 3877 4011 4023
3 4023 4011 4022
3 3877 4023 3879
3 4024 4012 4013
3 4025 4024 4013
3 4012 4024 4014
3 4014 4024 4026
3 4015 4027 4016
3 4016 4027 4028
3 4016 4028 4017
3 4017 4028 4029
3 4017 4029 4018
3 4018 4029 4030
3 4018 4030 4019
3 4019 4030 4031
3 4019 4031 4020
3 4020 4031 4032
3 3882 3880 4021
3 3882 4021 4032
3 4032 4021 4020
3 3880 3873 4021
3 3885 4033 3883
3 3883 4033 3886
3 4034 4022 3876
3 3888 4034 3876
3 4022 4034 4023
3 4023 4034 4035
3 4023 4035 3890
3 3879 4023 3890
3 4024 4025 4036
3 4036 4038 4037
3 4036 4037 4024
3 4024 4037 4026
3 3891 3893 4039
3 3891 4039 4027
3 4027 4039 4028
3 4028 4039 4029
3 4029 4039 4040
3 4029 4040 4030
3 4030 4040 4041
3 3896 3894 4031
3 3896 4031 4041
3 4041 4031 4030
3 3894 3897 4042
3 3894 4042 4031
3 4031 4042 4032
3 4032 4042 3898
3 3882 4032 3898
3 4043 4033 3885
3 3900 4043 3885
3 4033 4043 3901
3 3886 4033 3901
3 4044 4034 3888
3 3903 4044 3888
3 3905 3904 4035
3 3905 4035 4044
3 4044 4035 4034
3 4035 3904 3890
3 4045 4037 4038
3 4046 4045 4038
3 4047 4039 3893
3 3907 4047 3893
3 4039 4047 4040
3 4040 4047 4048
3 4040 4048 4041
3 4041 4048 4049
3 4041 4049 3909
3 3896 4041 3909
3 4050 4042 3897
3 3911 4050 3897
3 4042 4050 3912
3 3898 4042 3912
3 4051 4043 3900
3 3914 4051 3900
3 3915 3901 4043
3 3915 4043 4052
3 4052 4043 4051
3 3903 3915 4052
3 3903 4052 4044
3 4044 4052 4053
3 4044 4053 3918
3 3905 4044 3918
3 4054 4045 4046
3 4055 4054 4046
3 3907 3919 4056
3 3907 4056 4047
3 4047 4056 4057
3 4047 4057 4048
3 4048 4057 4058
3 4048 4058 4049
3 4049 4058 4059
3 3920 3909 4049
3 3920 4049 4060
3 4060 4049 4059
3 3911 3920 4060
3 3911 4060 4050
3 4050 4060 4061
3 3923 3912 4050
3 3923 4050 4062
3 4062 4050 4061
3 3914 3923 4062
3 3914 4062 4051
3 4051 4062 4063
3 3927 3926 4052
3 3927 4052 4063
3 4063 4052 4051
3 4053 4052 3926
3 3928 4053 3926
3 4053 3928 3918
3 4064 4054 4055
3 3941 4064 4055
3 3931 3929 4057
3 3931 4057 4065
3 4065 4057 4056
3 3929 3932 4066
3 3929 4066 4057
3 4057 4066 4058
3 4058 4066 4059
3 4059 4066 4067
3 4059 4067 4060
3 4060 4067 4068
3 4060 4068 4061
3 4061 4068 4069
3 4061 4069 4062
3 4062 4069 4070
3 3935 3933 4063
3 3935 4063 4070
3 4070 4063 4062
3 4063 3933 3927
3 4071 4064 3941
3 3942 4071 3941
3 4065 3943 3931
3 4066 3932 3944
3 4067 4066 3944
3 3946 4067 3944
3 4068 4067 3946
3 3948 4068 3946
3 4069 4068 3948
3 3949 4069 3948
3 4070 4069 3949
3 3951 4070 3949
3 4070 3951 3935
3 4072 4071 3942
3 3954 4072 3942
3 4072 3954 3955
3 4076 4075 4074
3 4073 4076 4074
3 4074 4077 4073
3 4078 4077 4074
3 4081 4080 4079
3 4079 4080 4082
3 4085 4084 4083
3 4077 4078 4086
3 4086 4078 4087
3 4090 4089 4088
3 4093 4088 4089
3 4093 4092 4088
3 4092 4091 4088
3 4080 4081 4091
3 4080 4091 4094
3 4094 4091 4092
3 4082 4080 4094
3 4082 4094 4095
3 4095 4094 4096
3 4086 4087 4098
3 4097 4086 4098
3 4098 4099 4097
3 4100 4099 4098
3 4103 4102 4101
3 4089 4105 4104
3 4090 4105 4089
3 4090 4102 4105
3 4090 4101 4102
3 4089 4104 4093
3 4099 4100 4107
3 4106 4099 4107
3 4102 4103 4106
3 4102 4106 4108
3 4108 4106 4107
3 4102 4108 4105
3 4111 4110 4109
3 4109 4110 4112
3 4115 4114 4113
3 4117 4076 4073
3 4116 4117 4073
3 4073 4118 4116
3 4077 4118 4073
3 4121 4120 4119
3 4081 4119 4120
3 4081 4079 4119
3 4079 4122 4119
3 4124 4079 4082
3 4124 4123 4079
3 4123 4122 4079
3 4085 4123 4124
3 4085 4083 4123
3 4083 4125 4123
3 4110 4111 4125
3 4110 4125 4126
3 4126 4125 4083
3 4126 4129 4128
3 4110 4126 4128
3 4110 4128 4127
3 4110 4127 4112
3 4118 4077 4130
3 4130 4077 4086
3 4090 4131 4132
3 4088 4131 4090
3 4120 4121 4131
3 4120 4131 4091
3 4091 4131 4088
3 4120 4091 4081
3 4124 4082 4095
3 4124 4095 4085
3 4130 4086 4097
3 4133 4130 4097
3 4135 4097 4099
3 4135 4134 4097
3 4134 4133 4097
3 4103 4134 4135
3 4103 4101 4134
3 4101 4136 4134
3 4136 4101 4090
3 4132 4136 4090
3 4135 4099 4106
3 4135 4106 4103
3 4139 4137 4138
3 4142 4141 4140
3 4143 4146 4145
3 4144 4146 4143
3 4111 4145 4146
3 4111 4109 4145
3 4109 4147 4145
3 4109 4148 4147
3 4112 4148 4109
3 4113 4149 4115
3 4113 4150 4149
3 4152 4117 4116
3 4151 4152 4116
3 4116 4153 4151
3 4118 4153 4116
3 4156 4155 4154
3 4141 4121 4119
3 4142 4121 4141
3 4142 4155 4121
3 4142 4154 4155
3 4157 4141 4119
3 4122 4157 4119
3 4144 4157 4122
3 4123 4144 4122
3 4146 4144 4123
3 4125 4146 4123
3 4146 4125 4111
3 4148 4112 4127
3 4158 4148 4127
3 4115 4149 4159
3 4115 4159 4127
3 4127 4159 4158
3 4149 4150 4161
3 4149 4161 4159
3 4159 4161 4160
3 4153 4118 4162
3 4162 4118 4130
3 4165 4164 4163
3 4155 4132 4131
3 4156 4132 4155
3 4156 4164 4132
3 4156 4163 4164
3 4155 4131 4121
3 4162 4130 4133
3 4166 4162 4133
3 4166 4133 4167
3 4133 4134 4167
3 4164 4165 4167
3 4164 4167 4136
3 4136 4167 4134
3 4164 4136 4132
3 4168 4170 4171
3 4169 4168 4171
3 4173 4162 4166
3 4172 4173 4166
3 4172 4166 4174
3 4166 4167 4174
3 4174 4167 4165
3 4175 4174 4165
3 4178 4176 4177
3 4176 4179 4177
3 4182 4180 4181
3 4180 4183 4181
3 4184 4186 4185
3 4186 4187 4185
3 2630 4185 2631
3 4185 4188 2631
3 4189 4190 4188
3 4189 4188 4187
3 4187 4188 4185
3 4187 4191 4192
3 4189 4187 4192
3 4191 4193 4194
3 4192 4191 4194
3 4193 4195 4196
3 4194 4193 4196
3 4195 4197 4198
3 4196 4195 4198
3 4197 4199 4200
3 4198 4197 4200
3 4199 4201 4202
3 4200 4199 4202
3 4201 4203 4204
3 4202 4201 4204
3 4203 4205 4206
3 4204 4203 4206
3 4205 4207 4208
3 4206 4205 4208
3 4207 4209 4208
3 4212 4210 4211
3 4213 3470 3471
3 4214 4213 3471
3 2631 4188 4215
3 2642 2631 4215
3 4188 4190 4215
3 4189 4216 4190
3 4192 4216 4189
3 4217 4216 4192
3 4194 4217 4192
3 4218 4217 4194
3 4196 4218 4194
3 4219 4218 4196
3 4198 4219 4196
3 4220 4219 4198
3 4200 4220 4198
3 4221 4220 4200
3 4202 4221 4200
3 4222 4221 4202
3 4204 4222 4202
3 4223 4222 4204
3 4206 4223 4204
3 4224 4223 4206
3 4208 4224 4206
3 4225 4224 4208
3 4209 4225 4208
3 4209 4226 4225
3 4226 4227 4225
3 4211 4226 4212
3 4211 4228 4226
3 4228 4227 4226
3 4215 2664 2642
3 4229 2664 4215
3 4190 4229 4215
3 4190 4216 4229
3 4216 4230 4229
3 4216 4217 4230
3 4217 4231 4230
3 4217 4218 4231
3 4218 4232 4231
3 4218 4219 4232
3 4219 4233 4232
3 4219 4220 4233
3 4220 4234 4233
3 4220 4221 4234
3 4221 4235 4234
3 4221 4222 4235
3 4222 4236 4235
3 4222 4223 4236
3 4223 4237 4236
3 4223 4224 4237
3 4224 4238 4237
3 4224 4225 4238
3 4225 4239 4238
3 4225 4227 4239
3 4227 4240 4239
3 4227 4228 4240
3 4228 4241 4240
3 4228 4242 4241
3 4242 4243 4241
3 4242 4244 4243
3 4244 4245 4243
3 4244 3474 4245
3 3474 3475 4245
3 2664 4229 4246
3 2677 2664 4246
3 4229 4230 4247
3 4246 4229 4247
3 4230 4231 4248
3 4247 4230 4248
3 4231 4232 4249
3 4248 4231 4249
3 4232 4233 4250
3 4249 4232 4250
3 4233 4234 4251
3 4250 4233 4251
3 4234 4235 4252
3 4251 4234 4252
3 4235 4236 4253
3 4252 4235 4253
3 4236 4237 4254
3 4253 4236 4254
3 4237 4238 4255
3 4254 4237 4255
3 4238 4239 4256
3 4255 4238 4256
3 4239 4240 4257
3 4256 4239 4257
3 4240 4241 4258
3 4257 4240 4258
3 4260 4258 4241
3 4260 4241 4259
3 4259 4241 4243
3 4261 4262 4259
3 4261 4259 4245
3 4245 4259 4243
3 4245 3475 3485
3 4261 4245 3485
3 4260 4259 4263
3 4259 4262 4263
3 2685 4265 4264
3 2686 4265 2685
3 4264 4267 4266
3 4265 4267 4264
3 4266 4269 4268
3 4267 4269 4266
3 4268 1559 1560
3 4268 4269 1559
3 4269 4270 1559
3 1559 4270 1561
3 1561 4270 4271
3 1561 4271 1562
3 1562 4271 4272
3 1562 4272 1563
3 1563 4272 4273
3 1563 4273 1565
3 1565 4273 4274
3 1565 4274 1567
3 1567 4274 4275
3 1567 4275 1569
3 1569 4275 4276
3 4277 4276 4278
3 4277 1571 4276
3 1571 1569 4276
3 4280 2686 2688
3 4280 4279 2686
3 4279 4265 2686
3 4265 4279 4267
3 4267 4279 4281
3 4267 4281 4269
3 4269 4281 4282
3 4269 4282 4270
3 4270 4282 4283
3 4270 4283 4271
3 4271 4283 4284
3 4271 4284 4272
3 4272 4284 4285
3 4272 4285 4273
3 4273 4285 4286
3 4273 4286 4274
3 4274 4286 4287
3 4274 4287 4275
3 4275 4287 4288
3 4275 4288 4276
3 4276 4288 4289
3 2694 4279 4280
3 2694 2695 4279
3 2695 4290 4279
3 4279 4290 4281
3 4281 4290 4291
3 4281 4291 4282
3 4282 4291 4292
3 4282 4292 4283
3 4283 4292 4293
3 4283 4293 4284
3 4284 4293 4294
3 4284 4294 4285
3 4285 4294 4295
3 4285 4295 4286
3 4286 4295 4296
3 4286 4296 4287
3 4287 4296 4297
3 4287 4297 4288
3 4288 4297 4298
3 4288 4298 4289
3 4289 4298 4299
3 2695 2699 4290
3 4290 2699 4300
3 4290 4300 4291
3 4291 4300 4301
3 4291 4301 4292
3 4292 4301 4302
3 4292 4302 4293
3 4293 4302 4303
3 4293 4303 4294
3 4294 4303 4304
3 4294 4304 4295
3 4295 4304 4305
3 4295 4305 4296
3 4296 4305 4306
3 4296 4306 4297
3 4297 4306 4307
3 2699 2704 4300
3 4300 2704 4308
3 4300 4308 4301
3 4301 4308 4309
3 4301 4309 4302
3 4302 4309 4310
3 4302 4310 4303
3 4303 4310 4311
3 4303 4311 4304
3 4304 4311 4312
3 4304 4312 4305
3 4305 4312 4313
3 4305 4313 4306
3 4306 4313 4314
3 4306 4314 4307
3 4307 4314 4315
3 2704 2708 4308
3 4308 2708 4316
3 4308 4316 4309
3 4309 4316 4317
3 4309 4317 4310
3 4310 4317 4318
3 4310 4318 4311
3 4311 4318 4319
3 4311 4319 4312
3 4312 4319 4320
3 4312 4320 4313
3 4313 4320 4321
3 4313 4321 4314
3 4314 4321 4322
3 2708 2711 4316
3 4316 2711 4323
3 4316 4323 4317
3 4317 4323 4324
3 4317 4324 4318
3 4318 4324 4325
3 4318 4325 4319
3 4319 4325 4326
3 4319 4326 4320
3 4320 4326 4327
3 4320 4327 4321
3 4321 4327 4328
3 4321 4328 4322
3 4322 4328 4329
3 2711 2713 4323
3 4323 2713 4330
3 4323 4330 4324
3 4324 4330 4331
3 4324 4331 4325
3 4325 4331 4332
3 4325 4332 4326
3 4326 4332 4333
3 4326 4333 4327
3 4327 4333 4334
3 4327 4334 4328
3 4328 4334 4335
3 4328 4335 4329
3 4329 4335 4336
3 4338 4336 4339
3 4338 4337 4336
3 4337 4329 4336
3 2713 2715 4330
3 4330 2715 4340
3 4330 4340 4331
3 4331 4340 4341
3 4331 4341 4332
3 4332 4341 4342
3 4332 4342 4333
3 4333 4342 4343
3 4333 4343 4334
3 4334 4343 4344
3 4334 4344 4335
3 4335 4344 4345
3 4335 4345 4336
3 4336 4345 4346
3 4339 4348 4347
3 4339 4336 4348
3 4336 4346 4348
3 4347 4348 4349
3 2715 2726 4340
3 4340 2726 4350
3 4340 4350 4341
3 4341 4350 4351
3 4341 4351 4342
3 4342 4351 4352
3 4342 4352 4343
3 4343 4352 4353
3 4343 4353 4344
3 4344 4353 4354
3 4344 4354 4345
3 4345 4354 4355
3 4356 4355 4357
3 4356 4346 4355
3 4346 4345 4355
3 4346 4358 4348
3 4356 4358 4346
3 4348 4358 4349
3 4350 2726 2677
3 4246 4350 2677
3 4351 4350 4246
3 4247 4351 4246
3 4352 4351 4247
3 4248 4352 4247
3 4353 4352 4248
3 4249 4353 4248
3 4354 4353 4249
3 4250 4354 4249
3 4355 4354 4250
3 4251 4355 4250
3 4357 4355 4251
3 4357 4251 4359
3 4359 4251 4252
3 4359 4252 4360
3 4252 4253 4360
3 4360 4253 4361
3 4253 4254 4361
3 4363 4255 4362
3 4363 4361 4255
3 4361 4254 4255
3 4256 4362 4255
3 4364 4362 4256
3 4364 4365 4366
3 4364 4256 4365
3 4256 4257 4365
3 4368 4258 4367
3 4368 4365 4258
3 4365 4257 4258
3 4258 4260 4367
3 4261 4369 4262
3 3485 4369 4261
3 3491 4369 3485
3 4363 4362 4370
3 4362 4364 4371
3 4370 4362 4371
3 4364 4366 4371
3 4368 4367 4372
3 4367 4260 4263
3 4367 4263 4372
3 4372 4263 4373
3 4262 4373 4263
3 4262 4374 4373
3 4262 4369 4374
3 4374 4375 4373
3 4369 3491 4374
3 3491 3499 4374
3 4375 4374 4376
3 4374 3499 3507
3 4376 4374 3507
3 1742 1457 2685
3 4264 1742 2685
3 1743 1742 4264
3 4266 1743 4264
3 1744 1743 4266
3 4268 1744 4266
3 1744 4268 1560
3 4277 4278 4377
3 4379 4277 4377
3 4378 4379 4377
3 1747 4379 4378
3 1747 4378 1746
3 1746 4378 4380
3 1746 4380 1748
3 1748 4380 4381
3 1748 4381 1749
3 1749 4381 4382
3 1749 4382 1750
3 1750 4382 3513
3 2688 2778 4280
3 4383 4377 4278
3 4384 4383 4278
3 4377 4383 4378
3 4378 4383 4385
3 4378 4385 4380
3 4380 4385 4386
3 4380 4386 4381
3 4381 4386 4387
3 4381 4387 4382
3 4382 4387 4388
3 4382 4388 3513
3 3513 4388 3519
3 2778 2694 4280
3 4383 4384 4389
3 4385 4383 4389
3 4390 4385 4389
3 4390 4392 4391
3 4390 4391 4385
3 4385 4391 4386
3 4386 4391 4387
3 4387 4391 4393
3 4387 4393 4388
3 4388 4393 4394
3 4388 4394 3519
3 3519 4394 3525
3 4396 4397 4395
3 4399 4396 4395
3 4398 4399 4395
3 4401 4399 4398
3 4400 4401 4398
3 4392 4401 4400
3 4392 4400 4391
3 4391 4400 4402
3 4391 4402 4393
3 4393 4402 4403
3 4393 4403 4394
3 4394 4403 4404
3 4394 4404 3525
3 3525 4404 3531
3 4395 4397 4405
3 4398 4395 4405
3 4406 4398 4405
3 4406 4408 4407
3 4406 4407 4398
3 4398 4407 4400
3 4400 4407 4402
3 4402 4407 4409
3 4402 4409 4403
3 4403 4409 4410
3 4403 4410 4404
3 4404 4410 4411
3 4404 4411 3531
3 3531 4411 3539
3 4413 4414 4412
3 4416 4413 4412
3 4415 4416 4412
3 4418 4416 4415
3 4417 4418 4415
3 4408 4418 4417
3 4408 4417 4407
3 4407 4417 4419
3 4407 4419 4409
3 4409 4419 4420
3 4409 4420 4410
3 4410 4420 4421
3 4410 4421 4411
3 4411 4421 4422
3 4411 4422 3539
3 3539 4422 3546
3 4412 4414 4423
3 4415 4412 4423
3 4424 4415 4423
3 4424 4426 4425
3 4424 4425 4415
3 4415 4425 4417
3 4417 4425 4419
3 4419 4425 4427
3 4419 4427 4420
3 4420 4427 4428
3 4420 4428 4421
3 4421 4428 4429
3 4421 4429 4422
3 4422 4429 4430
3 4422 4430 3546
3 3546 4430 3553
3 4338 4339 4431
3 4433 4338 4431
3 4432 4433 4431
3 4435 4433 4432
3 4434 4435 4432
3 4426 4435 4434
3 4426 4434 4425
3 4425 4434 4436
3 4425 4436 4427
3 4427 4436 4437
3 4427 4437 4428
3 4428 4437 4438
3 4428 4438 4429
3 4429 4438 4439
3 4429 4439 4430
3 4430 4439 4440
3 4430 4440 3553
3 3553 4440 3563
3 4431 4339 4347
3 4347 4349 4441
3 4347 4441 4431
3 4431 4441 4432
3 4432 4441 4434
3 4434 4441 4442
3 4434 4442 4436
3 4436 4442 4443
3 4436 4443 4437
3 4437 4443 4444
3 4437 4444 4438
3 4438 4444 4445
3 4438 4445 4439
3 4439 4445 4446
3 4439 4446 4440
3 4440 4446 4447
3 4440 4447 3563
3 3563 4447 3571
3 4356 4357 4448
3 4358 4356 4448
3 4449 4358 4448
3 4349 4358 4449
3 4349 4449 4441
3 4441 4449 4450
3 4441 4450 4442
3 4442 4450 4451
3 4442 4451 4443
3 4443 4451 4452
3 4443 4452 4444
3 4444 4452 4453
3 4444 4453 4445
3 4445 4453 4454
3 4445 4454 4446
3 4446 4454 4455
3 4446 4455 4447
3 4447 4455 4456
3 4447 4456 3571
3 3571 4456 3579
3 4448 4357 4359
3 4449 4448 4359
3 4360 4449 4359
3 4450 4449 4360
3 4361 4450 4360
3 4361 4363 4457
3 4361 4457 4450
3 4450 4457 4451
3 4451 4457 4452
3 4452 4457 4458
3 4366 4365 4453
3 4366 4453 4458
3 4458 4453 4452
3 4365 4368 4459
3 4365 4459 4453
3 4453 4459 4454
3 4454 4459 4455
3 4455 4459 4460
3 4455 4460 4456
3 4456 4460 4461
3 4456 4461 3579
3 3579 4461 3590
3 4457 4363 4370
3 4458 4457 4370
3 4371 4458 4370
3 4458 4371 4366
3 4459 4368 4372
3 4460 4459 4372
3 4373 4460 4372
3 4373 4375 4462
3 4373 4462 4460
3 4460 4462 4461
3 4461 4462 3590
3 3590 4462 3599
3 4462 4375 4376
3 3599 4462 4376
3 3507 3599 4376
3 4465 4463 4464
3 4467 4465 4464
3 4466 4467 4464
3 4469 4468 4470
3 4470 4468 4471
3 4470 4471 4473
3 4472 4470 4473
3 4473 4474 4472
3 4475 4474 4473
3 4075 4467 4466
3 4074 4075 4466
3 4078 4469 4087
3 4087 4469 4470
3 4093 4476 4092
3 4087 4470 4472
3 4098 4087 4472
3 4472 4100 4098
3 4474 4100 4472
3 4105 4477 4104
3 4100 4474 4478
3 4107 4100 4478
3 4479 4478 4480
3 4479 4108 4478
3 4108 4107 4478
3 4479 4480 4481
3 2093 3626 4484
3 69 3626 2093
3 4484 4485 2093
3 4485 2095 2093
3 88 4486 3645
3 88 2095 4486
3 2095 4485 4486
3 4487 3647 3646
3 3647 4484 3626
3 3647 4487 4484
3 4487 4488 4484
3 4488 4489 4484
3 4489 4485 4484
3 4489 4490 4485
3 4490 4486 4485
3 4487 3668 4491
3 3646 3668 4487
3 4491 4492 4487
3 4492 4488 4487
3 4492 4493 4488
3 4493 4489 4488
3 4493 4494 4489
3 4494 4490 4489
3 4491 3700 4495
3 3668 3700 4491
3 4495 4496 4491
3 4496 4492 4491
3 4496 4497 4492
3 4497 4493 4492
3 4497 4498 4493
3 4498 4494 4493
3 4495 3751 4499
3 3700 3751 4495
3 4499 4500 4495
3 4500 4496 4495
3 4500 4501 4496
3 4501 4497 4496
3 4501 4502 4497
3 4502 4498 4497
3 4499 3821 4503
3 3751 3821 4499
3 4503 4504 4499
3 4504 4500 4499
3 4504 4505 4500
3 4505 4501 4500
3 4505 4506 4501
3 4506 4502 4501
3 4507 3892 3891
3 4508 3892 4507
3 3906 3892 4508
3 4508 3919 3906
3 4503 3943 4509
3 3821 3943 4503
3 4509 4510 4503
3 4510 4504 4503
3 4510 4511 4504
3 4511 4505 4504
3 4513 121 122
3 4512 121 4513
3 121 4512 123
3 123 4512 3956
3 4513 4514 4512
3 4515 4512 4514
3 4515 3973 4512
3 3973 3956 4512
3 4518 4517 4516
3 4516 3973 4515
3 4516 4517 3973
3 4517 3988 3973
3 4518 4519 4517
3 4520 4517 4519
3 4520 4003 4517
3 4003 3988 4517
3 4521 4003 4520
3 4015 4003 4521
3 4522 4015 4521
3 4027 4015 4522
3 4027 4507 3891
3 4027 4522 4507
3 4522 4523 4507
3 4523 4524 4507
3 4524 4508 4507
3 3919 4525 4056
3 3919 4508 4525
3 4508 4524 4525
3 4526 4056 4525
3 4065 4056 4526
3 4065 4509 3943
3 4065 4526 4509
3 4526 4527 4509
3 4527 4528 4509
3 4528 4510 4509
3 4528 4529 4510
3 4529 4511 4510
3 4530 122 139
3 4513 122 4530
3 140 4531 4530
3 139 140 4530
3 4514 4534 4533
3 4514 4513 4534
3 4532 4534 4530
3 4530 4534 4513
3 4532 4530 4531
3 4533 4515 4514
3 4536 4534 4535
3 4536 4518 4534
3 4533 4534 4516
3 4516 4534 4518
3 4533 4516 4515
3 4535 4537 4536
3 4519 4540 4539
3 4519 4518 4540
3 4538 4540 4536
3 4536 4540 4518
3 4538 4536 4537
3 4539 4520 4519
3 4540 4541 4539
3 4539 4541 4542
3 4539 4542 4520
3 4520 4542 4521
3 4542 4543 4521
3 4543 4522 4521
3 4543 4544 4522
3 4544 4523 4522
3 4544 4545 4523
3 4545 4524 4523
3 4545 4546 4524
3 4546 4525 4524
3 4546 4547 4525
3 4547 4526 4525
3 4547 4548 4526
3 4548 4527 4526
3 4548 4549 4527
3 4549 4528 4527
3 4549 4550 4528
3 4550 4529 4528
3 157 4551 140
3 4551 4531 140
3 4532 4552 4534
3 4552 4532 4531
3 4552 4531 4553
3 4553 4531 4551
3 4552 4535 4534
3 4535 4552 4553
3 4535 4553 4537
3 4537 4553 4554
3 4538 4555 4540
3 4555 4538 4537
3 4555 4537 4556
3 4556 4537 4554
3 4555 4541 4540
3 4541 4555 4556
3 4541 4556 4542
3 4542 4556 4557
3 4557 4558 4542
3 4558 4543 4542
3 4558 4559 4543
3 4559 4544 4543
3 4559 4560 4544
3 4560 4545 4544
3 4560 4561 4545
3 4561 4546 4545
3 4561 4562 4546
3 4562 4547 4546
3 4562 4563 4547
3 4563 4548 4547
3 4563 4564 4548
3 4564 4549 4548
3 4564 4565 4549
3 4565 4550 4549
3 173 4566 157
3 4566 4551 157
3 4566 4567 4551
3 4567 4553 4551
3 4567 4568 4553
3 4568 4554 4553
3 4568 4569 4554
3 4569 4556 4554
3 4569 4570 4556
3 4570 4557 4556
3 4570 4571 4557
3 4571 4558 4557
3 4571 4572 4558
3 4572 4559 4558
3 4572 4573 4559
3 4573 4560 4559
3 4573 4574 4560
3 4574 4561 4560
3 4574 4575 4561
3 4575 4562 4561
3 4575 4576 4562
3 4576 4563 4562
3 4576 4577 4563
3 4577 4564 4563
3 4577 4578 4564
3 4578 4565 4564
3 188 4579 173
3 4579 4566 173
3 4579 4580 4566
3 4580 4567 4566
3 4580 4581 4567
3 4581 4568 4567
3 4581 4582 4568
3 4582 4569 4568
3 4582 4583 4569
3 4583 4570 4569
3 4583 4584 4570
3 4584 4571 4570
3 4584 4585 4571
3 4585 4572 4571
3 4585 4586 4572
3 4586 4573 4572
3 4586 4587 4573
3 4587 4574 4573
3 4587 4588 4574
3 4588 4575 4574
3 4588 4589 4575
3 4589 4576 4575
3 4589 4590 4576
3 4590 4577 4576
3 4590 4591 4577
3 4591 4578 4577
3 4592 4586 4585
3 4592 4593 4586
3 4593 4587 4586
3 4593 4594 4587
3 4594 4588 4587
3 4594 4595 4588
3 4595 4589 4588
3 4595 4596 4589
3 4596 4590 4589
3 4596 4597 4590
3 4597 4591 4590
3 3641 3642 4598
3 509 4599 510
3 4599 2527 4600
3 4599 509 2527
3 509 511 2527
3 4598 3642 87
3 4598 87 4601
3 4601 87 512
3 4601 512 4602
3 512 513 4602
3 4602 513 4603
3 513 514 4603
3 4603 514 4604
3 514 515 4604
3 4604 515 4605
3 515 516 4605
3 4605 516 4606
3 516 517 4606
3 4606 517 4607
3 517 518 4607
3 4607 518 4608
3 518 519 4608
3 4608 519 4609
3 519 520 4609
3 4609 520 4610
3 520 521 4610
3 4610 521 4611
3 521 522 4611
3 4611 522 4612
3 522 523 4612
3 4612 523 4613
3 523 524 4613
3 4613 524 4614
3 524 525 4614
3 510 4599 4615
3 510 4615 525
3 525 4615 4614
3 4599 4600 4615
3 3641 4616 3667
3 4598 4616 3641
3 4600 2550 4617
3 2527 2550 4600
3 4616 4598 4601
3 4618 4616 4601
3 4618 4601 4619
3 4601 4602 4619
3 4619 4602 4620
3 4602 4603 4620
3 4620 4603 4621
3 4603 4604 4621
3 4621 4604 4622
3 4604 4605 4622
3 4622 4605 4623
3 4605 4606 4623
3 4623 4606 4624
3 4606 4607 4624
3 4624 4607 4625
3 4607 4608 4625
3 4625 4608 4626
3 4608 4609 4626
3 4626 4609 4627
3 4609 4610 4627
3 4627 4610 4628
3 4610 4611 4628
3 4628 4611 4629
3 4611 4612 4629
3 4629 4612 4630
3 4612 4613 4630
3 4630 4613 4631
3 4613 4614 4631
3 4631 4614 4632
3 4614 4615 4632
3 4632 4615 4600
3 4617 4632 4600
3 4634 3667 4616
3 4634 4633 3667
3 4633 3690 3667
3 4633 4636 4635
3 4634 4636 4633
3 4635 4636 4637
3 2550 2566 4617
3 4634 4616 4618
3 4636 4634 4618
3 4619 4636 4618
3 4637 4636 4619
3 4637 4619 4638
3 4638 4619 4620
3 4638 4620 4639
3 4620 4621 4639
3 4639 4621 4640
3 4621 4622 4640
3 4640 4622 4641
3 4622 4623 4641
3 4641 4623 4642
3 4623 4624 4642
3 4642 4624 4643
3 4624 4625 4643
3 4643 4625 4644
3 4625 4626 4644
3 4644 4626 4645
3 4626 4627 4645
3 4645 4627 4646
3 4627 4628 4646
3 4646 4628 4647
3 4628 4629 4647
3 4647 4629 4648
3 4629 4630 4648
3 4648 4630 4649
3 4630 4631 4649
3 4649 4631 4650
3 4631 4632 4650
3 4617 2566 2571
3 4617 2571 4632
3 4632 2571 4650
3 3722 3690 4651
3 3690 4633 4651
3 4651 4633 4652
3 4633 4635 4652
3 4654 4635 4637
3 4654 4653 4635
3 4653 4652 4635
3 4653 4656 4655
3 4654 4656 4653
3 4655 4658 4657
3 4656 4658 4655
3 4657 4658 4659
3 4662 4661 4660
3 4660 4661 4663
3 4664 2584 2583
3 4654 4637 4638
3 4656 4654 4638
3 4639 4656 4638
3 4658 4656 4639
3 4640 4658 4639
3 4659 4658 4640
3 4659 4640 4665
3 4665 4640 4641
3 4665 4641 4666
3 4641 4642 4666
3 4661 4662 4666
3 4661 4666 4643
3 4643 4666 4642
3 4663 4661 4643
3 4663 4643 4667
3 4667 4643 4644
3 4667 4644 4668
3 4644 4645 4668
3 4668 4645 4669
3 4645 4646 4669
3 4669 4646 4670
3 4646 4647 4670
3 4670 4647 4671
3 4647 4648 4671
3 4671 4648 4672
3 4648 4649 4672
3 4672 4649 4673
3 4649 4650 4673
3 2584 4664 4673
3 2584 4673 2571
3 2571 4673 4650
3 3777 3722 4674
3 3722 4651 4674
3 4674 4651 4675
3 4651 4652 4675
3 4675 4652 4676
3 4652 4653 4676
3 4676 4653 4677
3 4653 4655 4677
3 4677 4655 4678
3 4655 4657 4678
3 4680 4657 4659
3 4680 4679 4657
3 4679 4678 4657
3 4679 4682 4681
3 4680 4682 4679
3 4662 4681 4682
3 4662 4660 4681
3 4660 4683 4681
3 4660 4684 4683
3 4663 4684 4660
3 4687 4686 4685
3 4685 4686 4688
3 2583 2598 4664
3 4680 4659 4665
3 4682 4680 4665
3 4666 4682 4665
3 4682 4666 4662
3 4684 4663 4667
3 4689 4684 4667
3 4686 4687 4689
3 4686 4689 4668
3 4668 4689 4667
3 4688 4686 4668
3 4688 4668 4690
3 4690 4668 4669
3 4690 4669 4691
3 4669 4670 4691
3 4691 4670 4692
3 4670 4671 4692
3 4692 4671 4693
3 4671 4672 4693
3 4693 4672 4694
3 4672 4673 4694
3 4664 2598 2603
3 4664 2603 4673
3 4673 2603 4694
3 3842 3777 4695
3 3777 4674 4695
3 4695 4674 4696
3 4674 4675 4696
3 4696 4675 4697
3 4675 4676 4697
3 4697 4676 4698
3 4676 4677 4698
3 4698 4677 4699
3 4677 4678 4699
3 4699 4678 4700
3 4678 4679 4700
3 4700 4679 4701
3 4679 4681 4701
3 4701 4681 4702
3 4681 4683 4702
3 4704 4683 4684
3 4704 4703 4683
3 4703 4702 4683
3 4687 4703 4704
3 4687 4685 4703
3 4685 4705 4703
3 4707 4685 4688
3 4707 4706 4685
3 4706 4705 4685
3 4706 4709 4708
3 4707 4709 4706
3 4708 4711 4710
3 4709 4711 4708
3 4710 4711 4712
3 4704 4684 4689
3 4704 4689 4687
3 4707 4688 4690
3 4709 4707 4690
3 4691 4709 4690
3 4711 4709 4691
3 4692 4711 4691
3 4712 4711 4692
3 4712 4692 4713
3 4713 4692 4693
3 4713 4693 4714
3 4693 4694 4714
3 4714 4694 2650
3 4694 2603 2650
3 4717 4716 4715
3 4715 4716 4718
3 3955 3842 4719
3 3842 4695 4719
3 4719 4695 4720
3 4695 4696 4720
3 4720 4696 4721
3 4696 4697 4721
3 4716 4717 4721
3 4716 4721 4698
3 4698 4721 4697
3 4718 4716 4698
3 4718 4698 4722
3 4722 4698 4699
3 4722 4699 4723
3 4699 4700 4723
3 4723 4700 4724
3 4700 4701 4724
3 4724 4701 4725
3 4701 4702 4725
3 4725 4702 4726
3 4702 4703 4726
3 4726 4703 4727
3 4703 4705 4727
3 4727 4705 4728
3 4705 4706 4728
3 4728 4706 4729
3 4706 4708 4729
3 4729 4708 4730
3 4708 4710 4730
3 4732 4710 4712
3 4732 4731 4710
3 4731 4730 4710
3 4731 4734 4733
3 4732 4734 4731
3 4733 2679 2678
3 4734 2679 4733
3 4732 4712 4713
3 4734 4732 4713
3 4714 4734 4713
3 2679 4734 4714
3 2650 2679 4714
3 925 4736 4737
3 4735 4736 925
3 3986 3987 4736
3 4736 3987 4738
3 4737 4740 4739
3 4737 4736 4740
3 4736 4738 4740
3 3987 4002 4738
3 4738 4002 4741
3 4738 4741 4740
3 4740 4741 4742
3 4740 4742 4743
3 4743 4742 4744
3 4002 4014 4741
3 4741 4014 4745
3 4741 4745 4742
3 4742 4745 4746
3 4742 4746 4744
3 4744 4746 4747
3 4014 4026 4745
3 4745 4026 4748
3 4745 4748 4746
3 4746 4748 4749
3 4746 4749 4747
3 4747 4749 4750
3 4747 4750 4751
3 4751 4750 4752
3 4751 4752 4753
3 4753 4752 4754
3 4753 4754 4755
3 4755 4754 4756
3 4026 4037 4748
3 4748 4037 4757
3 4748 4757 4749
3 4749 4757 4758
3 4749 4758 4750
3 4750 4758 4759
3 4750 4759 4752
3 4752 4759 4760
3 4752 4760 4754
3 4754 4760 4761
3 4754 4761 4756
3 4756 4761 4762
3 4765 4764 4763
3 4765 4756 4764
3 4756 4762 4764
3 4037 4045 4757
3 4757 4045 4766
3 4757 4766 4758
3 4758 4766 4767
3 4758 4767 4759
3 4759 4767 4768
3 4759 4768 4760
3 4760 4768 4769
3 4760 4769 4761
3 4761 4769 4770
3 4761 4770 4762
3 4762 4770 4771
3 4762 4771 4764
3 4764 4771 4772
3 4775 4774 4773
3 4775 4764 4774
3 4764 4772 4774
3 4045 4054 4766
3 4766 4054 4776
3 4766 4776 4767
3 4767 4776 4777
3 4767 4777 4768
3 4768 4777 4778
3 4768 4778 4769
3 4769 4778 4779
3 4769 4779 4770
3 4770 4779 4780
3 4770 4780 4771
3 4771 4780 4781
3 4771 4781 4772
3 4772 4781 4782
3 4772 4782 4774
3 4774 4782 4783
3 4785 4783 4786
3 4785 4784 4783
3 4784 4774 4783
3 4787 4788 4789
3 4054 4064 4776
3 4776 4064 4790
3 4776 4790 4777
3 4777 4790 4791
3 4777 4791 4778
3 4778 4791 4792
3 4778 4792 4779
3 4779 4792 4793
3 4779 4793 4780
3 4780 4793 4794
3 4780 4794 4781
3 4781 4794 4795
3 4781 4795 4782
3 4782 4795 4796
3 4782 4796 4783
3 4783 4796 4797
3 4786 4799 4798
3 4786 4783 4799
3 4783 4797 4799
3 4801 4799 4803
3 4801 4800 4799
3 4798 4799 4802
3 4802 4799 4800
3 4805 4800 4801
3 4805 4804 4800
3 4804 4788 4800
3 4789 4807 4806
3 4789 4788 4807
3 4788 4804 4807
3 4806 4807 4808
3 4811 4810 4809
3 4809 4810 4812
3 4064 4071 4790
3 4790 4071 4813
3 4790 4813 4791
3 4791 4813 4814
3 4791 4814 4792
3 4792 4814 4815
3 4792 4815 4793
3 4793 4815 4816
3 4793 4816 4794
3 4794 4816 4817
3 4794 4817 4795
3 4795 4817 4818
3 4795 4818 4796
3 4796 4818 4819
3 4796 4819 4797
3 4797 4819 4820
3 4797 4820 4799
3 4799 4820 4821
3 4803 4823 4822
3 4803 4799 4823
3 4799 4821 4823
3 4822 4804 4805
3 4822 4823 4804
3 4823 4824 4804
3 4804 4824 4807
3 4807 4824 4825
3 4808 4827 4826
3 4808 4807 4827
3 4807 4825 4827
3 4826 4829 4828
3 4827 4829 4826
3 4830 4829 4831
3 4830 4810 4829
3 4828 4829 4811
3 4811 4829 4810
3 4810 4830 4812
3 4071 4072 4813
3 4813 4072 4832
3 4813 4832 4814
3 4814 4832 4833
3 4814 4833 4815
3 4815 4833 4834
3 4717 4715 4816
3 4717 4816 4834
3 4834 4816 4815
3 4715 4718 4835
3 4715 4835 4816
3 4816 4835 4817
3 4817 4835 4818
3 4818 4835 4836
3 4818 4836 4819
3 4819 4836 4837
3 4819 4837 4820
3 4820 4837 4838
3 4820 4838 4821
3 4821 4838 4839
3 4821 4839 4823
3 4823 4839 4840
3 4823 4840 4824
3 4824 4840 4841
3 4824 4841 4825
3 4825 4841 4842
3 4825 4842 4827
3 4827 4842 4843
3 4827 4843 4829
3 4829 4843 4844
3 4831 4846 4845
3 4831 4829 4846
3 4829 4844 4846
3 4845 2728 2727
3 4846 2728 4845
3 4832 4072 3955
3 4719 4832 3955
3 4833 4832 4719
3 4720 4833 4719
3 4834 4833 4720
3 4721 4834 4720
3 4834 4721 4717
3 4835 4718 4722
3 4836 4835 4722
3 4723 4836 4722
3 4837 4836 4723
3 4724 4837 4723
3 4838 4837 4724
3 4725 4838 4724
3 4839 4838 4725
3 4726 4839 4725
3 4840 4839 4726
3 4727 4840 4726
3 4841 4840 4727
3 4728 4841 4727
3 4842 4841 4728
3 4729 4842 4728
3 4843 4842 4729
3 4730 4843 4729
3 4844 4843 4730
3 4731 4844 4730
3 4846 4844 4731
3 4733 4846 4731
3 2728 4846 4733
3 2678 2728 4733
3 4847 923 925
3 4737 4847 925
3 923 4847 4848
3 926 923 4848
3 4850 4851 4849
3 4850 4849 4852
3 4853 928 930
3 4854 4853 930
3 4856 931 928
3 4856 928 4855
3 4855 928 4853
3 933 4857 932
3 4856 4855 4858
3 4857 4860 4859
3 4857 4859 932
3 932 4859 934
3 4862 937 934
3 4862 934 4861
3 4861 934 4859
3 939 4862 4861
3 939 4861 938
3 938 4861 4863
3 938 4863 940
3 940 4863 4864
3 940 4864 942
3 942 4864 4865
3 942 4865 943
3 943 4865 4866
3 943 4866 944
3 944 4866 2746
3 4847 4737 4739
3 4847 4739 4848
3 4849 4851 4867
3 4849 4867 4852
3 4853 4854 4868
3 4868 4870 4869
3 4868 4869 4853
3 4853 4869 4855
3 4855 4869 4871
3 4858 4855 4871
3 4872 4859 4860
3 4873 4872 4860
3 4859 4872 4861
3 4861 4872 4874
3 4876 4875 4863
3 4876 4863 4874
3 4874 4863 4861
3 4875 4878 4877
3 4875 4877 4863
3 4863 4877 4864
3 4864 4877 4865
3 4865 4877 4879
3 4865 4879 4866
3 4866 4879 4880
3 4866 4880 2746
3 2746 4880 2762
3 4882 4883 4881
3 4882 4881 4884
3 4885 4869 4870
3 4886 4885 4870
3 4888 4871 4869
3 4888 4869 4887
3 4887 4869 4885
3 4873 4888 4887
3 4873 4887 4872
3 4872 4887 4889
3 4872 4889 4874
3 4874 4889 4890
3 4892 4876 4874
3 4892 4874 4891
3 4891 4874 4890
3 4878 4892 4891
3 4878 4891 4877
3 4877 4891 4893
3 4877 4893 4879
3 4879 4893 4894
3 4879 4894 4880
3 4880 4894 4895
3 4880 4895 2762
3 2762 4895 2779
3 4881 4883 4896
3 4881 4896 4884
3 4885 4886 4897
3 4897 4899 4898
3 4897 4898 4885
3 4885 4898 4887
3 4901 4900 4889
3 4901 4889 4898
3 4898 4889 4887
3 4900 4903 4902
3 4900 4902 4889
3 4889 4902 4890
3 4890 4902 4891
3 4891 4902 4904
3 4891 4904 4893
3 4893 4904 4905
3 4893 4905 4894
3 4894 4905 4906
3 4894 4906 4895
3 4895 4906 4907
3 4895 4907 2779
3 2779 4907 2793
3 4909 4765 4908
3 4909 4908 4910
3 4911 4898 4899
3 4912 4911 4899
3 4914 4901 4898
3 4914 4898 4913
3 4913 4898 4911
3 4903 4915 4902
3 4914 4913 4916
3 4915 4918 4917
3 4915 4917 4902
3 4902 4917 4904
3 4904 4917 4905
3 4905 4917 4919
3 4905 4919 4906
3 4906 4919 4920
3 4906 4920 4907
3 4907 4920 4921
3 4907 4921 2793
3 2793 4921 2808
3 4908 4765 4763
3 4763 4910 4908
3 4775 4922 4923
3 4912 4924 4911
3 4923 4922 4925
3 4924 4927 4926
3 4924 4926 4911
3 4911 4926 4913
3 4929 4916 4913
3 4929 4913 4928
3 4928 4913 4926
3 4918 4929 4928
3 4918 4928 4917
3 4917 4928 4930
3 4917 4930 4919
3 4919 4930 4931
3 4919 4931 4920
3 4920 4931 4932
3 4920 4932 4921
3 4921 4932 4933
3 4921 4933 2808
3 2808 4933 2822
3 4922 4775 4773
3 4922 4773 4925
3 4926 4927 4934
3 4934 4936 4935
3 4934 4935 4926
3 4926 4935 4928
3 4928 4935 4930
3 4930 4935 4937
3 4930 4937 4931
3 4931 4937 4938
3 4931 4938 4932
3 4932 4938 4939
3 4932 4939 4933
3 4933 4939 4940
3 4933 4940 2822
3 2822 4940 2837
3 4785 4786 4941
3 4785 4941 4802
3 4935 4936 4787
3 4787 4789 4942
3 4787 4942 4935
3 4935 4942 4937
3 4937 4942 4938
3 4938 4942 4943
3 4938 4943 4939
3 4939 4943 4944
3 4939 4944 4940
3 4940 4944 4945
3 4940 4945 2837
3 2837 4945 2852
3 4941 4786 4798
3 4798 4802 4941
3 4803 4946 4801
3 4801 4946 4805
3 4942 4789 4806
3 4806 4808 4947
3 4806 4947 4942
3 4942 4947 4943
3 4943 4947 4944
3 4944 4947 4948
3 4811 4809 4945
3 4811 4945 4948
3 4948 4945 4944
3 4809 4812 2868
3 4809 2868 4945
3 4945 2868 2852
3 4946 4803 4822
3 4946 4822 4805
3 4947 4808 4826
3 4948 4947 4826
3 4828 4948 4826
3 4828 4811 4948
3 4831 4949 4830
3 4812 4830 4949
3 4812 4949 2868
3 2868 4949 2884
3 4949 4831 4845
3 2884 4949 4845
3 2727 2884 4845
