ply
format ascii 1.0
comment Created by Open3D
element vertex 3668
property double x
property double y
property double z
property double nx
property double ny
property double nz
property uchar red
property uchar green
property uchar blue
element face 6771
property list uchar uint vertex_indices
end_header
1.21101 3.3075 0.7725 -0.806254 -0.0848964 0.585446 192 207 212
1.2075 3.3075 0.769627 -0.662607 -0.190769 0.724264 213 227 236
1.21875 3.3075 0.7875 -0.887587 0.0731294 0.454799 148 164 159
1.2225 3.3075 0.794921 -0.390574 -0.00631572 0.92055 131 151 137
1.2075 3.31841 0.7725 -0.712524 -0.208614 0.669918 213 227 236
1.21999 3.3225 0.7875 -0.844228 -0.0692759 0.531488 123 136 138
1.2075 3.3225 0.773509 -0.735707 -0.136144 0.663476 213 227 236
1.2225 3.3225 0.795643 -0.0169428 0.0836952 0.996347 118 134 125
1.21802 3.3375 0.7875 -0.792857 -0.0369097 0.608289 138 153 154
1.2075 3.3375 0.777207 -0.727287 0.00712011 0.686296 213 228 236
1.2225 3.3375 0.795467 0.0560381 0.0504531 0.997153 106 123 118
1.22025 3.3525 0.7875 -0.769575 0.143395 0.622248 122 137 136
1.2075 3.3525 0.775256 -0.689109 0.245045 0.681969 211 228 236
1.2225 3.3525 0.794062 0.575826 0.318561 0.752956 109 125 121
1.2225 3.36197 0.7425 0.280441 0.950914 -0.130823 119 123 124
1.2075 3.35986 0.7425 -0.27659 0.956775 -0.0898882 195 204 209
1.2225 3.36357 0.7575 0.033577 0.999218 0.0208755 136 143 144
1.2075 3.36116 0.7575 -0.427399 0.891775 0.148551 200 209 215
1.2225 3.36053 0.7725 0.109706 0.927642 0.356993 130 138 139
1.2075 3.35475 0.7725 -0.462614 0.80973 0.361006 208 223 230
1.2225 3.35466 0.7875 -0.287324 0.861106 0.419454 112 125 123
1.23543 3.3075 0.7875 0.627713 0.216909 0.747614 109 119 120
1.2375 3.3075 0.785538 0.822849 0.201887 0.531188 106 115 118
1.22732 3.3225 0.7875 0.71831 0.110096 0.686957 107 118 119
1.2375 3.3225 0.779837 0.700017 0.118122 0.704289 109 119 119
1.22855 3.3375 0.7875 0.792642 0.251021 0.555615 111 123 123
1.2375 3.3375 0.780025 0.672795 0.141451 0.726181 114 124 125
1.2375 3.3431 0.7725 0.576845 0.573185 0.581987 127 136 137
1.22963 3.3525 0.7725 0.715168 0.507956 0.480121 132 141 143
1.2375 3.3525 0.764814 0.493047 0.580987 0.647579 135 143 145
1.22407 3.3525 0.7875 0.861806 0.417065 0.288697 111 125 124
1.2375 3.35453 0.7275 0.496317 0.863817 -0.0865393 34 35 31
1.2225 3.36134 0.7275 0.409857 0.880771 -0.237194 76 79 76
1.2375 3.35443 0.7425 0.468891 0.87236 -0.138311 36 37 33
1.2375 3.35885 0.7575 0.457827 0.882282 0.10942 136 143 145
1.24622 3.3075 0.7275 0.872146 0.118627 -0.474646 4 7 3
1.24874 3.3075 0.7425 0.925345 -0.144462 -0.350525 29 33 30
1.2525 3.3075 0.75269 0.527485 -0.704735 -0.474456 75 81 80
1.24511 3.3075 0.7725 0.797904 0.0788152 0.59761 108 117 119
1.2525 3.3075 0.763751 0.777782 0.0904495 0.621992 109 117 118
1.24418 3.3225 0.7275 0.848443 0.118473 -0.515857 13 14 9
1.2525 3.31486 0.7425 0.578859 -0.543928 -0.607507 57 62 60
1.2525 3.3225 0.73747 0.640144 0.31822 -0.699251 81 87 86
1.24512 3.3225 0.7725 0.824533 0.118286 0.553312 112 120 121
1.2525 3.3225 0.76157 0.775174 0.113382 0.62149 115 122 124
1.24172 3.3375 0.7275 0.9512 0.135092 -0.277431 27 29 24
1.2525 3.32534 0.7425 0.61861 0.768896 -0.161621 108 114 115
1.24124 3.3375 0.7425 0.905568 0.359581 -0.225054 26 29 22
1.2525 3.32662 0.7575 0.837847 0.482402 0.255539 125 132 134
1.24783 3.3375 0.7575 0.970525 0.231032 -0.0685902 139 147 148
1.24357 3.3375 0.7725 0.815745 0.263276 0.515021 127 137 138
1.23925 3.3525 0.7275 0.972852 0.188058 -0.134882 34 35 30
1.23924 3.3525 0.7425 0.935717 0.153518 -0.317594 37 38 32
1.24873 3.3525 0.7575 0.881159 0.459154 0.112855 173 181 182
1.25711 3.3075 0.7575 0.88275 -0.20932 0.420639 120 128 130
1.26686 3.3225 0.7425 0.946865 -0.0964102 -0.306842 186 193 194
1.25717 3.3225 0.7575 0.716056 0.533199 0.450514 138 145 147
1.8975 3.76702 0.7275 0 0 0 204 227 245
1.9125 3.71195 0.7275 0.0929633 -0.417214 0.904041 206 231 251
1.9117 3.7125 0.7275 -0.465752 -0.224046 0.856083 206 231 251
1.9125 3.7125 0.727751 -0.23404 -0.0740932 0.9694 206 231 251
1.91029 3.7275 0.7275 -0.376344 -0.0842796 0.922639 206 231 250
1.9125 3.7275 0.728225 -0.281641 -0.0311794 0.959013 206 231 251
1.90954 3.7425 0.7275 -0.341541 0.00426764 0.939857 205 230 249
1.9125 3.7425 0.728609 -0.293992 0.00698069 0.955783 205 230 250
1.91065 3.7575 0.7275 -0.329567 -0.000522287 0.944132 203 228 248
1.9125 3.7575 0.728356 -0.289221 0.0160868 0.957127 203 228 248
1.91471 3.7125 0.7275 0.113852 -0.397297 0.9106 206 231 251
1.9275 3.71623 0.7275 -0.0559377 -0.395906 0.916586 206 231 251
1.9275 3.7275 0.732407 -0.0850265 -0.186096 0.978846 206 231 251
1.9275 3.7425 0.733071 -0.238215 -0.00442546 0.971202 206 231 251
1.9275 3.7575 0.732592 -0.253121 0.0260369 0.967084 206 230 250
1.69575 3.6225 0.6825 0.239062 -0.330644 0.912975 198 217 232
1.6875 3.6168 0.6825 0.0626003 -0.354126 0.9331 197 216 231
1.6875 3.6075 0.678939 -0.000113844 -0.0970072 0.995284 198 215 231
1.7025 3.6075 0.681749 -0.183068 0.0563664 0.981483 198 217 232
1.7025 3.6225 0.680719 -0.0362189 -0.117265 0.99244 199 218 233
1.6875 3.6225 0.684618 -0.0753997 -0.0602058 0.995334 197 216 231
1.7025 3.62758 0.6825 -0.113538 -0.357864 0.926846 199 218 233
1.7025 3.6375 0.686098 -0.0339325 -0.0908841 0.995283 199 218 233
1.6875 3.6375 0.683165 -0.177883 0.059685 0.98224 197 216 231
1.7025 3.6525 0.685418 -0.173751 -0.00716736 0.984764 198 217 232
1.6875 3.6525 0.682631 -0.233324 -0.00775636 0.972368 197 216 231
1.68971 3.6675 0.6825 -0.326691 0.00757619 0.945101 196 215 230
1.6875 3.65451 0.6825 -0.230405 0.0414173 0.972213 197 216 231
1.6875 3.6675 0.681992 -0.0391732 -0.0877326 0.995374 196 215 230
1.7025 3.6675 0.687136 -0.164623 -0.0592318 0.984577 197 216 231
1.6875 3.6689 0.6825 -0.246331 -0.333564 0.909976 196 215 230
1.7025 3.6825 0.684864 -0.0810477 -0.0576391 0.995042 196 215 230
1.6875 3.6825 0.687272 -0.0497512 -0.0929357 0.994428 195 214 229
1.7025 3.6975 0.689798 -0.0882209 -0.095951 0.991469 196 215 230
1.6875 3.6975 0.686106 -0.164801 0.0150449 0.986212 195 213 228
1.7025 3.7125 0.688489 -0.134551 -0.0390391 0.990137 195 213 229
1.6875 3.7125 0.687657 -0.02191 -0.185081 0.982479 194 213 228
1.7025 3.7275 0.69137 -0.0536171 -0.194438 0.979448 195 213 228
1.6875 3.7275 0.69065 -0.117073 -0.0400718 0.992315 193 212 226
1.7025 3.7425 0.693128 -0.20108 0.0076316 0.979545 194 211 228
1.6875 3.7425 0.689419 -0.128288 -0.0473252 0.990607 192 209 223
1.7025 3.7575 0.69213 -0.0744551 -0.113314 0.990766 192 209 224
1.6875 3.7575 0.692552 -0.0782546 -0.15598 0.984656 191 207 221
1.7025 3.7725 0.697334 -0.0250867 -0.229275 0.973038 191 207 222
1.6875 3.7725 0.692748 -0.199052 0.0262034 0.979639 189 206 217
1.70634 3.6075 0.6825 -0.167667 0.0254526 0.985515 198 217 233
1.71053 3.6225 0.6825 -0.241826 -0.0368913 0.969618 198 218 234
1.7175 3.6075 0.684546 -0.184304 -0.00282494 0.982865 199 218 235
1.7175 3.6225 0.685165 -0.157016 -0.0516131 0.986246 197 218 235
1.7175 3.6375 0.683344 -0.0576606 -0.0826321 0.994911 197 218 235
1.7175 3.6525 0.688744 -0.0600916 -0.13008 0.989681 197 218 234
1.7175 3.6675 0.687858 -0.125236 -0.0451692 0.991098 196 217 234
1.7175 3.6825 0.690477 -0.188051 -0.0669807 0.979873 195 216 233
1.7175 3.6975 0.689497 -0.202474 -0.0751922 0.976397 195 216 233
1.7175 3.7125 0.692124 -0.163484 -0.0290042 0.986119 194 215 232
1.7175 3.7275 0.690976 -0.091424 -0.116503 0.988974 194 214 231
1.7175 3.7425 0.696571 -0.0147095 -0.144674 0.98937 195 214 231
1.7175 3.7575 0.695581 -0.165531 0.0309861 0.985718 193 211 227
1.7175 3.7725 0.69433 -0.0871396 -0.0726511 0.993543 192 210 224
1.7175 3.7805 0.6975 0 0 0 192 210 224
1.7325 3.6075 0.687276 -0.044901 -0.143166 0.98868 198 219 236
1.7325 3.6225 0.68688 -0.139987 -0.0301721 0.989694 197 218 235
1.7325 3.6375 0.688738 -0.210186 -0.0513101 0.976314 198 219 236
1.7325 3.6525 0.68781 -0.177731 -0.094503 0.979531 197 218 235
1.7325 3.6675 0.691292 -0.120576 -0.0623066 0.990747 196 217 234
1.7325 3.6825 0.69021 -0.0872349 -0.112697 0.989793 196 217 234
1.7325 3.6975 0.695355 -0.0962374 -0.0888058 0.991389 195 216 233
1.7325 3.7125 0.694059 -0.189093 -0.056442 0.980336 197 217 234
1.7325 3.7275 0.695057 -0.224154 0.0254937 0.97422 198 217 234
1.7325 3.7425 0.693883 -0.0769031 -0.099219 0.992089 195 214 229
1.7325 3.75248 0.6975 0.0308737 -0.334248 0.941979 194 213 228
1.72554 3.7575 0.6975 -0.234804 -0.145029 0.961163 194 212 227
1.7325 3.7575 0.699207 -0.110643 -0.132079 0.985045 194 213 228
1.72874 3.7725 0.6975 -0.28909 0.0633702 0.955202 192 211 226
1.7325 3.7725 0.699358 -0.267566 0.0127268 0.963456 193 212 227
1.7325 3.78136 0.6975 -0.435191 0.184859 0.881156 192 211 225
1.7475 3.6075 0.685188 -0.073862 -0.112441 0.990909 199 220 237
1.7475 3.6225 0.689956 -0.0658496 -0.115785 0.991089 199 220 237
1.7475 3.6375 0.689156 -0.0891728 -0.099688 0.991015 198 219 236
1.7475 3.6525 0.693847 -0.109074 -0.0635357 0.992001 198 219 236
1.7475 3.6675 0.692022 -0.191811 -0.0718875 0.978795 197 219 235
1.7475 3.6825 0.693768 -0.191683 -0.0174338 0.981302 196 218 234
1.7475 3.6975 0.693271 -0.0905093 -0.11719 0.988977 196 218 234
1.7475 3.70838 0.6975 0.0692467 -0.353717 0.932786 196 217 234
1.74097 3.7125 0.6975 -0.308195 -0.172208 0.935607 197 217 234
1.7475 3.7125 0.698944 -0.123082 -0.0884029 0.988451 196 217 234
1.74353 3.7275 0.6975 -0.246989 0.0185024 0.968842 197 216 233
1.7475 3.7275 0.69835 -0.223857 0.043644 0.973644 197 216 233
1.74628 3.7425 0.6975 -0.245756 0.0594451 0.967507 196 215 232
1.7475 3.7425 0.698034 -0.25066 0.0134871 0.967981 196 215 232
1.7475 3.7469 0.6975 -0.263775 0.0803568 0.961231 196 215 231
1.74304 3.7575 0.6975 0.147419 -0.332898 0.931368 195 214 229
1.7475 3.7575 0.69678 -0.0810196 -0.111895 0.990412 195 214 229
1.7475 3.75929 0.6975 -0.220524 -0.35341 0.909104 195 214 229
1.7475 3.7725 0.70223 -0.0798288 -0.161762 0.983596 194 213 228
1.7625 3.6075 0.690381 -0.161376 -0.112501 0.98046 200 221 238
1.7625 3.6225 0.689336 -0.165388 -0.0849473 0.982563 200 221 238
1.7625 3.6375 0.692311 -0.124592 -0.0601728 0.990382 198 221 237
1.7625 3.6525 0.691724 -0.0812417 -0.133762 0.987678 198 221 237
1.7625 3.66596 0.6975 0.140203 -0.392532 0.908989 198 221 237
1.75997 3.6675 0.6975 -0.3693 -0.21653 0.903732 198 221 237
1.7625 3.6675 0.69814 0 0 1 198 221 237
1.7625 3.67661 0.6975 -0.0915856 0.104698 0.990278 197 220 236
1.7625 3.6825 0.696785 -0.185416 -0.029781 0.982209 197 220 236
1.7625 3.6975 0.69697 -0.218359 0.0355228 0.975222 197 218 235
1.75472 3.7125 0.6975 0.181806 -0.362714 0.913994 196 217 234
1.7625 3.7125 0.695902 -0.0626319 -0.124516 0.990239 196 217 234
1.7625 3.71622 0.6975 -0.0558801 -0.379138 0.923651 196 217 234
1.7625 3.7275 0.702044 -0.0722757 -0.126406 0.989342 195 216 233
1.7625 3.7425 0.700864 -0.208223 0.00292206 0.978077 195 216 232
1.75085 3.7575 0.6975 -0.349022 0.0298119 0.93664 195 214 230
1.7625 3.7575 0.702221 -0.223448 -0.0936936 0.970202 195 215 232
1.7625 3.7725 0.701588 -0.201139 0.0413373 0.97869 193 215 229
1.7775 3.6075 0.689343 -0.0316807 -0.151649 0.987927 200 223 239
1.7775 3.6225 0.694342 -0.0473203 -0.0962535 0.994231 200 223 239
1.7775 3.6375 0.693495 -0.146095 -0.0942963 0.984766 200 223 239
1.7775 3.6525 0.694988 -0.175826 -0.0266829 0.98406 200 223 239
1.7657 3.6675 0.6975 0.217563 2.58856e-18 0.976046 198 221 237
1.7775 3.6675 0.694797 -0.0351927 -0.123394 0.991734 199 222 238
1.7775 3.67421 0.6975 0.00296803 -0.345876 0.938276 199 222 238
1.76436 3.6825 0.6975 -0.232784 -0.179209 0.955874 197 220 236
1.7775 3.6825 0.700322 -0.0861369 -0.147784 0.985261 199 221 238
1.76511 3.6975 0.6975 -0.208774 0.0332345 0.977399 197 219 235
1.7775 3.6975 0.700008 -0.231959 0.0423062 0.971805 198 220 236
1.77067 3.7125 0.6975 -0.196301 0.0174768 0.980388 197 218 235
1.7775 3.7125 0.698878 -0.172713 -0.0735376 0.982223 198 219 236
1.7775 3.7275 0.700271 -0.0376508 -0.18651 0.981731 197 218 235
1.7775 3.7425 0.704688 -0.123331 -0.10152 0.987159 196 217 234
1.7775 3.7575 0.70438 -0.146067 -0.0828387 0.9858 195 216 232
1.7775 3.7725 0.708396 -0.156256 -0.160224 0.974635 195 217 232
1.7925 3.6075 0.691947 -0.191846 -0.00854407 0.981388 201 224 241
1.7925 3.6225 0.69164 -0.058322 -0.142405 0.988089 200 225 242
1.7925 3.63704 0.6975 0.148408 -0.369295 0.917385 199 225 242
1.79147 3.6375 0.6975 -0.264164 -0.189215 0.945735 199 225 242
1.7925 3.6375 0.697685 -0.19656 -0.0175251 0.980335 199 225 242
1.79199 3.6525 0.6975 -0.204034 -0.0358393 0.978308 201 224 240
1.7925 3.6525 0.697585 -0.22306 -0.019461 0.97461 201 224 240
1.78993 3.6675 0.6975 -0.196965 0.00802344 0.980378 198 224 239
1.7925 3.6675 0.698018 -0.22766 0.0155519 0.973616 198 224 239
1.7925 3.6803 0.6975 -0.201991 0.0396298 0.978585 200 223 239
1.79208 3.6825 0.6975 0.177752 -0.357035 0.917022 200 223 239
1.7925 3.6825 0.697411 -0.0605117 -0.112149 0.991847 200 223 239
1.7925 3.6827 0.6975 -0.20336 -0.376393 0.903866 200 223 239
1.7925 3.6975 0.703657 -0.0809263 -0.130708 0.988112 199 221 238
1.7925 3.7125 0.70347 -0.17253 -0.0117326 0.984934 198 221 237
1.7925 3.7275 0.703008 -0.190364 -0.053457 0.980257 197 220 236
1.7925 3.7425 0.705636 -0.0856857 -0.206651 0.974655 196 218 235
1.7925 3.7575 0.707853 -0.196081 -0.0197003 0.98039 196 217 234
1.7925 3.7725 0.706644 -0.131297 -0.0351389 0.99072 195 216 232
1.8075 3.6075 0.695087 -0.211043 -0.0180602 0.97731 202 225 243
1.8075 3.6225 0.695379 -0.223353 0.0143314 0.974632 199 225 242
1.79346 3.6375 0.6975 0.163291 -0.372363 0.913609 199 225 242
1.8075 3.6375 0.694906 -0.0657421 -0.179796 0.981505 199 225 242
1.8075 3.64361 0.6975 -0.0323608 -0.387959 0.921108 199 225 242
1.8075 3.6525 0.701022 -0.0748945 -0.156841 0.98478 199 225 241
1.8075 3.6675 0.701577 -0.231972 0.00037067 0.972722 199 224 241
1.79287 3.6825 0.6975 -0.230695 0.0331683 0.972461 200 223 239
1.8075 3.6825 0.700969 -0.179852 -0.100809 0.978514 199 224 241
1.8075 3.6975 0.704171 -0.114964 -0.123283 0.98569 200 223 239
1.8075 3.7125 0.703126 -0.163325 -0.0368923 0.985882 199 222 238
1.8075 3.7275 0.706627 -0.159159 -0.069723 0.984788 198 221 237
1.8075 3.7425 0.70581 -0.113352 -0.110424 0.9874 197 219 236
1.8075 3.7575 0.710785 -0.0325491 -0.16265 0.986147 197 218 235
1.8075 3.7725 0.710887 -0.137567 -0.02531 0.990169 196 217 234
1.81903 3.6075 0.6975 -0.209773 -0.00896759 0.977709 200 226 243
1.81688 3.6225 0.6975 -0.210253 -0.00271844 0.977643 200 226 245
1.8225 3.6075 0.698253 -0.220706 -0.0182528 0.97517 200 226 243
1.8225 3.6225 0.698635 -0.227837 0.00241112 0.973696 201 226 246
1.81989 3.6375 0.6975 -0.224784 -0.0517963 0.973031 200 226 243
1.8225 3.6375 0.69852 -0.187544 -0.112338 0.975811 200 226 243
1.8225 3.6525 0.699141 -0.108272 -0.187709 0.976239 200 226 243
1.8225 3.6675 0.705131 -0.119551 -0.160108 0.979833 199 225 242
1.8225 3.6825 0.70477 -0.245162 0.0233947 0.9692 199 224 241
1.8225 3.6975 0.704707 -0.111805 -0.145691 0.982992 199 224 240
1.8225 3.7125 0.709774 -0.142334 -0.0838132 0.986264 198 224 239
1.8225 3.7275 0.708416 -0.2152 -0.0803161 0.973262 199 223 238
1.8225 3.7425 0.709883 -0.237158 0.00580373 0.971454 199 222 238
1.8225 3.7575 0.709004 -0.119643 -0.142431 0.982547 198 220 237
1.8225 3.76592 0.7125 -0.253833 -0.367413 0.89475 199 220 237
1.81294 3.7725 0.7125 -0.256679 -0.36997 0.892882 197 218 235
1.8225 3.7725 0.715152 -0.0581935 -0.178616 0.982196 199 220 236
1.8375 3.6075 0.701668 -0.225325 -0.0134559 0.974191 203 226 247
1.8375 3.6225 0.702193 -0.228852 -0.012952 0.973375 201 226 245
1.8375 3.6375 0.701883 -0.213428 -0.0575118 0.975265 201 226 245
1.8375 3.6525 0.704765 -0.190311 -0.0943903 0.977176 200 226 243
1.8375 3.6675 0.705963 -0.0980293 -0.184834 0.977868 200 226 244
1.8375 3.6825 0.708858 -0.199098 -0.0858316 0.976214 200 226 244
1.8375 3.6975 0.708141 -0.242075 0.0141267 0.970155 200 226 241
1.8375 3.7125 0.70827 -0.113544 -0.137634 0.983953 199 225 241
1.8375 3.72339 0.7125 0.0277539 -0.361356 0.932015 199 225 240
1.8318 3.7275 0.7125 -0.347681 -0.191751 0.917796 199 224 239
1.8375 3.7275 0.714099 -0.13457 -0.140052 0.980957 199 225 240
1.83212 3.7425 0.7125 -0.290159 -0.000985963 0.956978 200 223 239
1.8375 3.7425 0.713864 -0.264752 0.034643 0.963694 201 224 240
1.83471 3.7575 0.7125 -0.268436 -0.0503427 0.961981 200 222 238
1.8375 3.7575 0.713321 -0.17846 -0.0435029 0.982985 200 223 239
1.8375 3.7725 0.713667 -0.0623849 -0.0230348 0.997786 199 222 236
1.8525 3.6075 0.705358 -0.0955778 -0.134341 0.986315 202 227 247
1.8525 3.6225 0.705504 -0.182749 -0.0459014 0.982088 202 227 248
1.8525 3.6375 0.705889 -0.240603 -0.0148395 0.97051 202 227 247
1.8525 3.6525 0.706166 -0.192024 -0.030789 0.980907 202 227 247
1.8525 3.6675 0.706079 -0.0911928 -0.168529 0.981469 202 228 246
1.8525 3.68096 0.7125 0.138072 -0.424516 0.894831 202 228 245
1.84997 3.6825 0.7125 -0.268444 -0.248002 0.930824 202 228 245
1.8525 3.6825 0.71312 0 0 1 202 228 245
1.8525 3.6916 0.7125 -0.0311542 0.0777727 0.996484 201 227 244
1.8525 3.6975 0.712042 -0.198529 0.0202358 0.979886 201 227 244
1.8525 3.7125 0.71197 -0.242445 0.00177181 0.970164 201 227 242
1.8482 3.7275 0.7125 0.133595 -0.377644 0.916263 200 226 241
1.8525 3.7275 0.711884 -0.081214 -0.155676 0.984464 200 226 241
1.8525 3.72889 0.7125 -0.123071 -0.384632 0.914829 200 226 241
1.8525 3.7425 0.718163 -0.112336 -0.151481 0.982056 200 225 239
1.8525 3.7575 0.717257 -0.260345 0.0415521 0.964621 200 223 237
1.8525 3.7725 0.717027 -0.236322 -0.00377549 0.971667 200 223 237
1.8675 3.6075 0.706276 -0.0867091 -0.122253 0.988704 204 229 251
1.8675 3.6225 0.706904 -0.171278 -0.123658 0.977432 204 229 250
1.8675 3.6375 0.709523 -0.200445 -0.075197 0.976815 203 228 249
1.8675 3.6525 0.709886 -0.227818 0.00548122 0.973688 203 228 248
1.8675 3.6675 0.70945 -0.217198 -0.0013733 0.976127 202 227 247
1.85569 3.6825 0.7125 0.216351 -5.18128e-18 0.976316 202 228 245
1.8675 3.6825 0.709796 -0.0343833 -0.14308 0.989114 202 228 246
1.8675 3.68921 0.7125 0.0029546 -0.367324 0.930088 202 228 245
1.85436 3.6975 0.7125 -0.235642 -0.18775 0.953532 201 227 244
1.8675 3.6975 0.715722 -0.0915159 -0.180351 0.979336 202 228 244
1.85445 3.7125 0.7125 -0.254367 0.000946284 0.967107 201 227 242
1.8675 3.7125 0.716048 -0.228148 0.0213227 0.973393 202 228 244
1.85554 3.7275 0.7125 -0.23495 0.0130901 0.971919 200 226 241
1.8675 3.7275 0.715096 -0.151193 -0.101629 0.983266 201 227 242
1.8675 3.7425 0.717378 -0.0508161 -0.23426 0.970845 201 226 242
1.8675 3.7575 0.721279 -0.136824 -0.150088 0.979159 202 226 241
1.8825 3.62172 0.7125 0.153026 -0.412314 0.898098 205 230 250
1.88078 3.6225 0.7125 -0.360496 -0.213384 0.908025 205 230 250
1.8825 3.6075 0.705961 -0.0826542 -0.160968 0.983493 205 230 250
1.8825 3.6225 0.712859 -0.160439 -0.032379 0.986515 205 230 250
1.88121 3.6375 0.7125 -0.26652 -0.0573249 0.962123 204 229 249
1.8825 3.6375 0.712779 -0.195519 -0.0186807 0.980522 204 229 249
1.87907 3.6525 0.7125 -0.214206 -0.00382668 0.976781 205 230 250
1.8825 3.6525 0.713193 -0.226244 -0.0131165 0.973982 205 230 250
1.88208 3.6675 0.7125 -0.208402 0.0142375 0.97794 204 229 249
1.8825 3.6675 0.712591 -0.260262 0.0134551 0.965444 204 229 249
1.87993 3.6825 0.7125 -0.222433 -0.00364956 0.974941 203 228 247
1.8825 3.6825 0.713386 -0.289451 -0.0723614 0.954454 203 228 248
1.8825 3.69529 0.7125 -0.322364 0.0614062 0.944622 203 229 246
1.88208 3.6975 0.7125 0.198719 -0.385163 0.901199 203 229 246
1.8825 3.6975 0.712411 -0.0605685 -0.112248 0.991833 203 229 246
1.8825 3.69769 0.7125 -0.414416 -0.375421 0.829046 203 229 246
1.8825 3.7125 0.719143 -0.148559 -0.14652 0.977989 203 229 247
1.8825 3.7275 0.718684 -0.252959 0.0234699 0.967192 203 229 246
1.8825 3.7425 0.7186 -0.151635 -0.153063 0.976513 203 228 244
1.8825 3.7575 0.724331 -0.0724766 -0.322238 0.94388 204 227 243
1.88412 3.6225 0.7125 0.206919 -0.369082 0.90607 205 230 250
1.8975 3.6075 0.708975 -0.225014 -0.0150184 0.97424 207 232 252
1.8975 3.6225 0.709651 -0.0449064 -0.224687 0.973396 206 231 251
1.8975 3.63011 0.7125 -0.0131815 -0.380891 0.924526 206 231 251
1.8975 3.6375 0.71572 -0.104455 -0.170281 0.979844 206 231 251
1.8975 3.6525 0.716231 -0.237964 -0.0343373 0.970667 206 231 251
1.8975 3.6675 0.717183 -0.262723 0.00255847 0.964868 206 231 251
1.8975 3.6825 0.716184 -0.226302 -0.0696068 0.971567 206 231 251
1.88279 3.6975 0.7125 -0.463141 0.0516021 0.884781 203 229 246
1.8975 3.6975 0.720209 -0.21593 -0.135692 0.966934 205 230 250
1.8975 3.7125 0.719591 -0.241969 -0.142273 0.959797 205 230 250
1.8975 3.7275 0.723127 -0.263212 -0.0704327 0.962163 204 229 247
1.8975 3.7425 0.722981 -0.303933 -0.0036372 0.952686 203 229 247
1.8975 3.7575 0.723512 -0.170352 -0.1518 0.973621 204 228 245
1.90959 3.6075 0.7125 -0.27832 -0.0141757 0.960384 209 234 254
1.9116 3.6225 0.7125 -0.237975 -0.0794339 0.968018 209 234 254
1.9125 3.6075 0.713317 -0.248757 -0.0288452 0.968136 209 234 254
1.9125 3.6225 0.712905 -0.246316 -0.173997 0.953443 209 234 254
1.9125 3.6375 0.715329 -0.187644 -0.22037 0.957197 208 233 253
1.9125 3.6525 0.72095 -0.18854 -0.141427 0.971829 208 233 253
1.9125 3.6675 0.720792 -0.255473 -0.0194592 0.96662 207 232 252
1.9125 3.6825 0.721249 -0.273511 0.0093929 0.961823 207 232 252
1.9125 3.6975 0.720852 -0.195807 -0.158792 0.967701 206 231 251
1.9275 3.6075 0.71677 -0.255562 -0.0472781 0.965636 209 234 254
1.9275 3.6225 0.717438 -0.237499 -0.118818 0.964094 210 235 255
1.9275 3.6375 0.721972 -0.249817 -0.175789 0.952203 209 234 254
1.9275 3.6525 0.723149 -0.266307 -0.170108 0.948759 209 234 254
1.9275 3.6675 0.724808 -0.255787 -0.0404382 0.965887 209 234 254
1.9275 3.6825 0.725068 -0.270605 -0.011432 0.962623 208 233 255
1.9275 3.6975 0.725068 -0.268547 -0.0129672 0.963179 207 232 254
1.9275 3.7125 0.725876 -0.0921465 -0.236458 0.967262 206 231 251
1.7025 3.2775 0.664333 -0.031875 -0.158019 0.986922 196 212 225
1.6875 3.2775 0.664506 -0.0287897 -0.15692 0.987192 196 213 223
1.7025 3.2925 0.667392 -0.0243012 -0.147532 0.988759 195 213 225
1.6875 3.2925 0.666553 -0.0798595 -0.0874998 0.992958 196 212 225
1.7025 3.29332 0.6675 -0.0336695 -0.0919384 0.995195 195 213 225
1.68838 3.3075 0.6675 -0.079406 -0.0790734 0.993701 196 212 225
1.6875 3.3075 0.667391 -0.0754166 -0.0855738 0.993473 196 212 225
1.7025 3.3075 0.668547 -0.0524171 -0.0586663 0.996901 195 213 225
1.6875 3.30839 0.6675 -0.0545374 -0.0750458 0.995688 196 212 225
1.7025 3.3225 0.66905 -0.047151 -0.0267971 0.998528 196 214 228
1.6875 3.3225 0.668542 -0.0403572 -0.0479887 0.998032 195 213 225
1.7025 3.3375 0.669553 -0.0352296 -0.0348927 0.99877 196 214 228
1.6875 3.3375 0.669045 -0.0314442 -0.0420872 0.998619 196 214 226
1.7025 3.3525 0.670055 -0.0273833 -0.0517098 0.998287 196 214 228
1.6875 3.3525 0.669954 -0.0542597 -0.0305451 0.99806 196 214 228
1.7025 3.3675 0.67102 -0.04949 -0.0264437 0.998424 196 214 228
1.6875 3.3675 0.669952 -0.072619 -0.00653517 0.997338 196 214 228
1.7175 3.2775 0.666132 -0.0321761 -0.0723216 0.996862 195 213 225
1.7175 3.2925 0.667219 -0.0289631 -0.120601 0.992278 195 213 227
1.7175 3.29388 0.6675 0.0178528 -0.112373 0.993506 195 213 227
1.7175 3.3075 0.669053 0.000867344 -0.0906243 0.995885 196 214 228
1.7175 3.3225 0.670059 -0.0427836 -0.0390444 0.998321 196 214 228
1.7175 3.3375 0.67006 -0.0579982 -0.0251636 0.997999 197 215 229
1.7175 3.3525 0.670691 -0.0555906 -0.049904 0.997206 196 215 229
1.7175 3.3675 0.671508 -0.0583863 -0.0489517 0.997093 196 215 229
1.7325 3.2775 0.665958 -0.0101298 -0.072416 0.997323 196 214 228
1.7325 3.2925 0.667047 -0.0103236 -0.084155 0.996399 196 214 228
1.7325 3.29593 0.6675 -0.0131366 -0.0912743 0.995739 196 214 228
1.7325 3.3075 0.66847 -0.00217549 -0.0957696 0.995401 196 214 228
1.7325 3.3225 0.67017 0.0013896 -0.0842764 0.996441 196 215 229
1.7325 3.3375 0.671172 -0.0428921 -0.04891 0.997882 196 215 229
1.7325 3.3525 0.671674 -0.0063292 0.00986222 0.999931 197 216 230
1.7325 3.3675 0.67278 0.0499641 -0.117505 0.991815 197 216 230
1.7475 3.2775 0.666436 -0.0160149 -0.0861515 0.996153 195 214 228
1.7475 3.28905 0.6675 0.0136994 -0.104043 0.994478 196 215 229
1.73997 3.2925 0.6675 -0.0497532 -0.0960887 0.994129 196 214 228
1.7475 3.2925 0.667765 -0.0221421 -0.0894958 0.995741 196 215 229
1.7475 3.3075 0.668979 -0.0352599 -0.0832037 0.995909 196 215 229
1.7475 3.3225 0.670182 -0.0297136 -0.085931 0.995858 196 215 229
1.7475 3.3375 0.671384 -0.029804 -0.0841646 0.996006 197 216 231
1.7475 3.3525 0.672785 -0.0542209 0.117447 0.991598 197 216 231
1.7475 3.3675 0.66805 0.113035 -0.0731336 0.990896 198 217 232
1.7625 3.2775 0.665741 0.0205322 -0.117266 0.992888 196 215 229
1.7625 3.29112 0.6675 0.00891293 -0.126022 0.991987 196 215 229
1.7625 3.2925 0.667672 -0.00540849 -0.127213 0.991861 196 215 229
1.7625 3.3075 0.669448 -0.0307122 -0.103986 0.994104 197 216 230
1.7625 3.3225 0.670881 -0.0464541 -0.0833622 0.995436 198 217 231
1.7625 3.3375 0.672138 -0.0495197 -0.093378 0.994398 197 217 231
1.7625 3.3525 0.673534 -0.0801172 0.0844251 0.993204 196 218 232
1.7625 3.3675 0.669039 -0.115096 0.099105 0.988398 196 218 232
1.7775 3.2775 0.665714 -0.00460773 -0.113712 0.993503 197 216 230
1.7775 3.29196 0.6675 0.00692024 -0.122751 0.992413 198 217 231
1.7775 3.2925 0.66757 -0.00126 -0.161797 0.986823 198 217 231
1.7775 3.3075 0.669977 -0.023938 -0.136811 0.990308 195 217 230
1.7775 3.3225 0.671759 -0.059627 -0.0967611 0.99352 196 218 231
1.7775 3.3375 0.672714 -0.0650419 -0.0875765 0.994032 196 218 231
1.7775 3.3525 0.674656 -0.0622501 0.0245634 0.997758 196 218 232
1.7775 3.3675 0.671802 -0.136506 0.0628563 0.988643 196 218 232
1.7925 3.2775 0.666207 -0.0579779 -0.0832274 0.994843 197 216 230
1.78702 3.2925 0.6675 0.00732141 -0.178922 0.983836 198 217 231
1.7925 3.2925 0.667462 -0.0371843 -0.0965416 0.994634 198 217 231
1.7925 3.29273 0.6675 -0.0874703 -0.180009 0.979768 198 217 231
1.7925 3.3075 0.670218 -0.027241 -0.150582 0.988222 198 217 231
1.7925 3.3225 0.672497 -0.0328386 -0.133249 0.990538 196 218 232
1.7925 3.3375 0.674355 -0.073388 -0.0914034 0.993106 196 218 232
1.7925 3.3525 0.675233 -0.0820806 0.0181154 0.996461 197 219 233
1.7925 3.3675 0.673444 -0.101675 -0.00453853 0.994807 197 219 233
1.8075 3.2625 0.664841 0.00299241 -0.168287 0.985733 197 216 230
1.8075 3.2775 0.667462 -0.0393034 -0.128206 0.990968 198 217 231
1.8075 3.27777 0.6675 -0.0504727 -0.137656 0.989193 198 217 231
1.79281 3.2925 0.6675 -0.122869 -0.123172 0.98475 198 217 231
1.8075 3.2925 0.669329 -0.0698383 -0.114782 0.990933 198 217 231
1.8075 3.3075 0.670375 -0.0522083 -0.119896 0.991413 198 217 231
1.8075 3.3225 0.672855 -0.0403088 -0.147981 0.988168 198 218 232
1.8075 3.3375 0.674906 -0.0439736 -0.122177 0.991534 197 219 233
1.8075 3.3525 0.676762 -0.0980818 -0.032396 0.994651 198 220 234
1.8075 3.3675 0.675005 -0.16569 -0.00910623 0.986136 198 220 234
1.8225 3.2625 0.664856 -0.0768743 -0.0853316 0.993383 198 217 231
1.8225 3.2775 0.667356 0.00424017 -0.167037 0.985942 198 217 231
1.8225 3.27832 0.6675 -9.69575e-05 -0.173054 0.984912 198 217 231
1.8225 3.2925 0.669881 -0.0226487 -0.140309 0.989849 199 218 233
1.8225 3.3075 0.671741 -0.0559743 -0.120734 0.991106 198 218 233
1.8225 3.3225 0.673759 -0.0523923 -0.136662 0.989231 197 219 233
1.8225 3.3375 0.675896 -0.0530695 -0.13103 0.989957 198 220 234
1.8225 3.3525 0.677313 -0.0691293 -0.108273 0.991715 198 220 234
1.8225 3.3675 0.679168 -0.145663 -0.0562198 0.987736 199 221 235
1.82807 3.2625 0.6675 -0.412083 0.273178 0.86923 198 217 232
1.8375 3.2625 0.671967 -0.294372 0.142756 0.944969 199 218 233
1.8375 3.27673 0.6675 -0.412133 0.273124 0.869224 199 218 233
1.8375 3.2775 0.667258 -0.0156954 -0.144425 0.989391 199 218 233
1.8375 3.27895 0.6675 -0.224427 -0.182359 0.957276 199 218 233
1.8375 3.2925 0.670116 -0.0728185 -0.102632 0.99205 199 218 233
1.8375 3.3075 0.672293 -0.0377541 -0.142914 0.989015 198 220 234
1.8375 3.3225 0.674455 -0.0535612 -0.126397 0.990533 198 220 234
1.8375 3.3375 0.676098 -0.0432677 -0.144681 0.988532 199 221 235
1.8375 3.3525 0.67885 -0.0592707 -0.128983 0.989874 198 221 235
1.8375 3.3675 0.680276 -0.104315 -0.12626 0.986497 198 221 235
1.8525 3.2625 0.672748 -0.0476935 -0.132262 0.990067 199 218 233
1.83801 3.2775 0.6675 -0.4164 0.238308 0.877394 199 218 233
1.8525 3.2775 0.674377 -0.199464 0.078795 0.976732 199 219 234
1.8525 3.2925 0.670128 -0.125003 0.0375087 0.991447 198 220 234
1.8525 3.3075 0.672889 -0.0506951 -0.157159 0.986271 199 221 235
1.8525 3.3225 0.675358 -0.0513884 -0.143315 0.988342 199 221 235
1.8525 3.3375 0.677214 -0.0646246 -0.129581 0.989461 199 221 235
1.8525 3.3525 0.679457 -0.0701139 -0.168833 0.983148 200 221 238
1.8525 3.36567 0.6825 -0.0305704 -0.199503 0.97942 200 221 238
1.85019 3.3675 0.6825 -0.169989 -0.17051 0.970582 200 221 238
1.8525 3.3675 0.682887 -0.071294 -0.119899 0.990223 200 221 238
1.8675 3.2625 0.672879 -0.054794 -0.174375 0.983154 200 219 234
1.8675 3.2775 0.675633 -0.0999124 -0.0656105 0.992831 201 220 235
1.8675 3.2925 0.674147 -0.242753 0.0696044 0.967588 200 220 235
1.8675 3.3075 0.674284 -0.187249 -0.0497677 0.981051 199 221 235
1.8675 3.3225 0.675989 -0.0648992 -0.13889 0.988179 200 222 236
1.8675 3.3375 0.678228 -0.074629 -0.142017 0.987047 201 221 236
1.8675 3.3525 0.680172 -0.0688168 -0.160568 0.984623 202 221 236
1.8675 3.36582 0.6825 -0.055802 -0.14553 0.987779 200 221 238
1.8675 3.3675 0.682795 -0.0316962 -0.188182 0.981623 200 221 238
1.8825 3.2625 0.674207 -0.0434698 -0.18589 0.981609 198 219 236
1.8825 3.2775 0.676681 -0.0693218 -0.145834 0.986877 199 221 236
1.8825 3.2925 0.678464 -0.167753 -0.0629868 0.983815 201 221 236
1.8825 3.3075 0.678936 -0.262534 0.0344567 0.964307 202 221 236
1.8825 3.3225 0.677055 -0.21641 -0.00113528 0.976302 202 221 236
1.8825 3.3375 0.679349 -0.0592919 -0.161299 0.985123 202 221 236
1.8825 3.3525 0.682076 -0.0791973 -0.158906 0.984112 203 222 237
1.8825 3.35711 0.6825 -0.0476792 -0.0917095 0.994644 203 222 237
1.8825 3.3675 0.683459 -0.0796231 -0.157452 0.984311 203 222 237
1.8975 3.2625 0.673989 -0.177289 -0.100784 0.978985 201 220 237
1.8975 3.2775 0.677563 -0.0569515 -0.174436 0.98302 202 221 238
1.8975 3.2925 0.679596 -0.0778894 -0.148867 0.985785 202 221 238
1.8975 3.3075 0.682335 -0.192023 -0.0736852 0.97862 202 221 238
1.8975 3.30929 0.6825 -0.0979357 -0.0870843 0.991375 202 221 238
1.89475 3.3225 0.6825 -0.403334 -0.00766649 0.915021 202 221 238
1.8975 3.3225 0.683662 -0.119089 0.00900851 0.992843 202 221 238
1.8975 3.32719 0.6825 -0.254171 0.233749 0.938487 202 221 238
1.8975 3.3375 0.679952 -0.107881 -0.0475133 0.993028 203 222 237
1.8975 3.35141 0.6825 -0.0803795 -0.178675 0.980619 203 222 237
1.89253 3.3525 0.6825 -0.0411933 -0.160049 0.986249 203 222 237
1.8975 3.3525 0.68271 -0.0884104 -0.162168 0.982795 203 222 237
1.8975 3.3675 0.68546 -0.104417 -0.152073 0.982838 203 223 240
1.9125 3.2625 0.681218 -0.377413 0.117457 0.918566 202 221 238
1.9125 3.2775 0.678702 -0.238059 -0.0283859 0.970836 202 221 238
1.9125 3.2925 0.680986 -0.077701 -0.146151 0.986206 202 221 238
1.9125 3.30421 0.6825 -0.0726748 -0.13029 0.988809 202 221 238
1.90139 3.3075 0.6825 -0.0390379 -0.12434 0.991471 202 221 238
1.9125 3.3075 0.682927 -0.086451 -0.152283 0.984549 202 221 238
1.9125 3.3225 0.685557 -0.188128 0.00235099 0.982142 203 222 239
1.9125 3.33334 0.6825 -0.131571 0.2548 0.958001 203 222 239
1.9125 3.3375 0.681326 -0.114618 -0.0951091 0.988846 203 222 239
1.9125 3.34421 0.6825 -0.276376 -0.170103 0.945876 202 222 239
1.9125 3.3525 0.684026 -0.105975 -0.0942248 0.989894 201 222 239
1.9125 3.3675 0.686779 -0.0710807 -0.165059 0.983719 202 223 240
1.9275 3.25744 0.6825 -0.17436 -0.265574 0.948192 202 220 239
1.9198 3.2625 0.6825 -0.177484 -0.0370261 0.983427 202 221 239
1.9275 3.2625 0.683916 -0.120464 -0.162297 0.979361 202 220 240
1.92016 3.2775 0.6825 -0.353868 0.0827293 0.931629 202 221 238
1.9275 3.2775 0.685955 -0.255783 0.0169973 0.966585 202 221 238
1.9275 3.29143 0.6825 -0.422673 0.223189 0.87837 202 221 238
1.9275 3.2925 0.682235 -0.0980863 -0.125529 0.987229 202 221 238
1.9275 3.29446 0.6825 -0.246125 -0.130497 0.960413 202 221 238
1.9275 3.3075 0.684273 -0.124126 -0.0955199 0.987658 201 222 239
1.9275 3.3225 0.687092 -0.0666369 -0.146091 0.987024 201 222 239
1.91486 3.3375 0.6825 -0.44067 0.125171 0.888899 203 222 239
1.9275 3.3375 0.688762 -0.228473 0.0300486 0.973086 201 222 239
1.9275 3.3525 0.684735 -0.217392 0.0837132 0.972488 202 223 240
1.9275 3.3675 0.687388 -0.0511596 -0.179913 0.982351 203 224 241
1.9425 3.64721 0.7275 0.0304819 -0.412504 0.910446 210 235 255
1.93518 3.6525 0.7275 -0.394974 -0.228753 0.889757 210 235 255
1.9425 3.6525 0.729713 -0.130364 -0.173096 0.976239 210 235 255
1.93539 3.6675 0.7275 -0.3526 -0.0227982 0.935496 210 235 255
1.9425 3.6675 0.730006 -0.261484 0.00504286 0.965195 210 235 255
1.93488 3.6825 0.7275 -0.314073 -0.00351574 0.949392 209 234 255
1.9425 3.6825 0.729912 -0.238217 0.00573926 0.971195 210 235 255
1.93515 3.6975 0.7275 -0.303974 -0.00227979 0.952678 208 233 255
1.9425 3.6975 0.729825 -0.243587 0.00902356 0.969837 209 234 255
1.9344 3.7125 0.7275 -0.254878 -0.0514695 0.965603 207 232 253
1.9425 3.7125 0.729196 -0.0729893 -0.179383 0.981068 208 233 255
1.9425 3.7275 0.730502 0.12293 -0.21995 0.967735 207 232 253
1.9425 3.7425 0.736015 -0.0874061 -0.128086 0.987904 207 232 253
1.9425 3.7575 0.735672 -0.196793 0.0268697 0.980077 207 232 253
1.95359 3.6525 0.7275 0.173921 -0.408138 0.8962 210 235 255
1.9575 3.65395 0.7275 0.155566 -0.418997 0.894562 210 235 255
1.9575 3.6675 0.733778 -0.104194 -0.141735 0.984406 210 235 255
1.9575 3.6825 0.733054 -0.218072 0.0195587 0.975737 210 235 255
1.9575 3.6975 0.732971 -0.205141 0.00554519 0.978717 209 234 255
1.96734 3.6075 0.7275 -0.222872 -0.0496388 0.973583 211 237 254
1.96514 3.6225 0.7275 -0.263166 -0.0296179 0.964296 211 236 255
1.9725 3.6075 0.728661 -0.240558 -0.0536626 0.96915 211 237 254
1.9725 3.6225 0.729567 -0.269853 -0.0580515 0.96115 211 236 255
1.9425 3.3675 0.688263 -0.271503 0.0235321 0.96215 203 226 243
1.9425 3.3825 0.691161 -0.0727436 -0.197962 0.977507 204 227 245
1.9275 3.3825 0.69015 -0.077727 -0.173752 0.981717 202 225 241
1.9425 3.3975 0.694498 -0.104398 -0.214955 0.971028 204 227 245
1.9275 3.3975 0.692663 -0.0937394 -0.179428 0.979295 203 226 243
1.9425 3.40861 0.6975 -0.0913865 -0.2596 0.961383 204 226 246
1.93759 3.4125 0.6975 -0.179088 -0.218312 0.959306 204 226 246
1.9275 3.4125 0.695645 -0.116866 -0.184591 0.975842 203 226 244
1.9425 3.4125 0.698361 -0.127989 -0.162854 0.978314 204 226 247
1.9275 3.42263 0.6975 -0.162385 -0.176784 0.970762 204 226 246
1.9425 3.4275 0.700584 -0.133418 -0.162234 0.977691 205 227 248
1.9275 3.4275 0.698396 -0.140708 -0.168292 0.975643 204 226 247
1.9425 3.4425 0.703197 -0.140692 -0.170713 0.975224 205 228 249
1.9275 3.4425 0.70115 -0.14123 -0.160532 0.976874 205 227 248
1.9425 3.4575 0.705615 -0.170935 -0.146676 0.974303 205 229 251
1.9275 3.4575 0.70335 -0.144625 -0.12573 0.981466 205 227 248
1.9425 3.4725 0.707297 -0.193654 -0.107479 0.975165 205 231 253
1.9275 3.4725 0.704867 -0.156345 -0.111262 0.981416 205 228 249
1.9425 3.4875 0.709442 -0.168878 -0.148661 0.974361 206 232 254
1.9275 3.4875 0.706809 -0.166244 -0.138813 0.976265 206 231 252
1.9425 3.5025 0.712048 -0.191678 -0.128335 0.973031 207 234 255
1.9275 3.5025 0.70892 -0.193609 -0.0987747 0.976094 206 231 253
1.9425 3.50766 0.7125 -0.17277 -0.0810417 0.981623 207 234 255
1.93876 3.5175 0.7125 -0.215748 -0.0783491 0.973301 207 234 255
1.9275 3.5175 0.710007 -0.200606 -0.0746716 0.976822 206 233 254
1.9425 3.5175 0.713325 -0.197394 -0.106008 0.974576 207 234 255
1.93363 3.5325 0.7125 -0.250104 -0.0988488 0.96316 207 234 254
1.9275 3.5325 0.710812 -0.187181 -0.0858376 0.978568 206 233 254
1.9425 3.5325 0.71504 -0.230814 -0.113812 0.966319 208 235 255
1.9275 3.54348 0.7125 -0.260765 -0.147424 0.95408 207 234 255
1.9425 3.5475 0.716348 -0.241593 -0.0870803 0.966463 209 236 255
1.9275 3.5475 0.713097 -0.227549 -0.073496 0.970989 207 234 255
1.9425 3.5625 0.717753 -0.248305 -0.0752008 0.965758 209 236 255
1.9275 3.5625 0.713719 -0.240366 -0.0757624 0.967721 207 234 255
1.9425 3.5775 0.719037 -0.250214 -0.0873511 0.964242 209 236 255
1.9275 3.5775 0.715224 -0.241999 -0.0670659 0.967956 208 235 255
1.9425 3.5925 0.720255 -0.264991 -0.0582785 0.962488 209 235 254
1.9275 3.5925 0.715971 -0.253742 -0.0527351 0.965833 208 235 255
1.9425 3.6075 0.721061 -0.260546 -0.0426163 0.96452 210 235 255
1.9575 3.3675 0.695777 -0.287932 0.0190928 0.95746 204 227 245
1.9575 3.3825 0.692543 -0.295418 -0.034554 0.954743 205 228 246
1.9575 3.3975 0.695536 -0.105622 -0.225277 0.968553 205 228 246
1.9575 3.40454 0.6975 -0.153619 -0.274811 0.949147 205 228 247
1.9575 3.4125 0.699836 -0.163057 -0.209669 0.964081 206 228 249
1.9575 3.4275 0.702484 -0.163573 -0.173539 0.971148 205 230 250
1.9575 3.4425 0.705256 -0.167133 -0.181399 0.969103 206 232 252
1.9575 3.4575 0.708197 -0.210187 -0.193206 0.95838 205 232 253
1.9575 3.4725 0.711346 -0.225215 -0.120567 0.96682 206 233 254
1.9575 3.4875 0.712094 -0.202836 -0.121784 0.97161 206 233 254
1.9575 3.48993 0.7125 -0.242335 -0.154449 0.95782 206 233 254
1.94495 3.5025 0.7125 -0.161725 -0.13958 0.976915 207 234 255
1.9575 3.5025 0.714521 -0.241552 -0.115276 0.963517 208 235 255
1.9575 3.5175 0.716125 -0.239481 -0.111536 0.964473 207 234 255
1.9575 3.5325 0.718084 -0.211785 -0.121877 0.969687 208 235 255
1.9575 3.5475 0.720455 -0.219904 -0.12185 0.967882 209 236 255
1.9575 3.5625 0.721785 -0.25419 -0.0736523 0.964346 210 237 255
1.9575 3.5775 0.722793 -0.244182 -0.0848607 0.966009 209 236 255
1.9575 3.5925 0.724438 -0.23877 -0.0745936 0.968207 211 237 254
1.9575 3.6075 0.725093 -0.258708 -0.031747 0.965434 211 236 255
1.96686 3.3675 0.6975 -0.180614 -0.118695 0.976366 205 227 247
1.96657 3.3825 0.6975 -0.403408 0.011146 0.914952 206 228 248
1.9725 3.3675 0.698535 -0.226546 -0.20173 0.952881 205 227 248
1.9725 3.3825 0.701084 -0.419837 -0.0646072 0.905297 206 228 249
1.96596 3.3975 0.6975 -0.349759 -0.0819234 0.933251 206 229 248
1.9725 3.3975 0.699171 -0.385602 -0.0575917 0.920866 207 229 250
1.9725 3.4125 0.702741 -0.233012 -0.205704 0.950469 206 231 252
1.9725 3.4275 0.705697 -0.229453 -0.185934 0.955395 206 233 253
1.9725 3.4425 0.708715 -0.26346 -0.21325 0.940804 206 234 255
1.9725 3.45607 0.7125 -0.328737 -0.246921 0.911571 206 234 255
1.97128 3.4575 0.7125 -0.291966 -0.208531 0.933419 206 234 255
1.9725 3.4575 0.712881 -0.230237 -0.123382 0.965281 206 234 255
1.96316 3.4725 0.7125 -0.227635 -0.117924 0.96658 206 233 254
1.9725 3.4725 0.714302 -0.249267 -0.124493 0.9604 207 234 255
1.95868 3.4875 0.7125 -0.257636 -0.114088 0.959483 206 233 254
1.9725 3.4875 0.717043 -0.265673 -0.150443 0.952252 208 235 254
1.9725 3.5025 0.719006 -0.280199 -0.127728 0.951406 208 235 254
1.9725 3.5175 0.720603 -0.301042 -0.092003 0.949162 209 236 255
1.9725 3.5325 0.722151 -0.277122 -0.0884139 0.956758 210 236 254
1.9725 3.5475 0.723089 -0.260061 -0.119727 0.958141 210 237 254
1.9725 3.5625 0.725708 -0.23493 -0.109008 0.965881 211 237 254
1.9725 3.5775 0.7265 -0.234318 -0.0736122 0.969369 211 237 254
1.9725 3.59111 0.7275 -0.189518 -0.0720078 0.979233 211 237 252
1.97197 3.5925 0.7275 -0.205972 -0.0679724 0.976194 211 237 252
1.9875 3.3675 0.700599 -0.229987 -0.251893 0.94003 206 229 249
1.9875 3.3825 0.70611 -0.237009 -0.258597 0.936458 206 231 251
1.9875 3.3975 0.709679 -0.430073 -0.04019 0.901899 206 231 251
1.9875 3.4125 0.706859 -0.431499 -0.0592589 0.900165 206 232 252
1.9875 3.4275 0.710038 -0.296636 -0.209649 0.931694 206 234 255
1.9875 3.43591 0.7125 -0.338807 -0.247602 0.907691 206 234 255
1.98257 3.4425 0.7125 -0.335404 -0.251997 0.907745 206 234 255
1.9875 3.4425 0.714184 -0.300512 -0.173821 0.937805 206 234 255
1.9875 3.4575 0.716201 -0.296853 -0.139952 0.944612 207 235 255
1.9875 3.4725 0.718559 -0.297436 -0.120402 0.947119 208 235 254
1.9875 3.4875 0.720496 -0.259466 -0.143981 0.954959 209 236 255
1.9875 3.5025 0.722928 -0.240526 -0.156338 0.95797 210 237 255
1.9875 3.5175 0.725877 -0.304191 -0.112997 0.945886 211 237 254
1.9875 3.5325 0.726707 -0.310619 -0.0786697 0.947274 211 237 254
1.9875 3.53948 0.7275 -0.337942 -0.108834 0.934853 211 237 254
1.98492 3.5475 0.7275 -0.332493 -0.128318 0.934335 212 238 255
1.97795 3.5625 0.7275 -0.323907 -0.156659 0.933028 211 237 254
2.0025 3.3675 0.705993 -0.254395 -0.260814 0.931268 207 232 252
2.0025 3.3825 0.709544 -0.269778 -0.272176 0.923656 207 232 252
2.0025 3.39112 0.7125 -0.345847 -0.305369 0.887209 208 233 253
1.9961 3.3975 0.7125 -0.308828 -0.161234 0.937352 207 232 252
2.0025 3.3975 0.714593 -0.35243 -0.189031 0.916548 208 233 253
1.99577 3.4125 0.7125 -0.505896 -0.0261615 0.862197 207 233 253
2.0025 3.4125 0.717604 -0.436446 -0.0960248 0.894592 208 233 253
1.99373 3.4275 0.7125 -0.454754 -0.0948525 0.885552 207 234 255
2.0025 3.4275 0.715791 -0.328909 -0.139859 0.933948 209 234 254
2.0025 3.4425 0.719083 -0.304877 -0.18834 0.933583 208 235 254
2.0025 3.4575 0.721843 -0.334696 -0.147645 0.930688 209 236 255
2.0025 3.4725 0.724205 -0.349346 -0.126879 0.928364 209 236 253
2.0025 3.4875 0.725635 -0.336419 -0.105022 0.935838 210 237 254
2.0175 3.375 0.7125 -0.358004 -0.358734 0.862057 208 233 253
2.00998 3.3825 0.7125 -0.356375 -0.33912 0.870629 207 232 252
2.0175 3.3675 0.70955 -0.378956 -0.174143 0.908882 208 233 253
2.0175 3.3825 0.715792 -0.345525 -0.28626 0.893682 208 233 253
2.0175 3.3975 0.719843 -0.323674 -0.199596 0.924877 209 234 254
2.0175 3.4125 0.722266 -0.309183 -0.169485 0.935778 210 235 255
1.21085 3.6075 0.5475 0.929431 -0.286759 0.23222 165 161 149
1.21415 3.6225 0.5475 0.961593 -0.218739 0.165806 164 160 148
1.21157 3.6225 0.5625 0.951106 -0.291524 0.102039 164 160 148
1.2075 3.61134 0.5625 0.932837 -0.337091 0.12722 165 161 149
1.2075 3.6075 0.558751 0.867945 -0.400217 0.294105 165 161 150
1.21083 3.6225 0.5775 0.939432 -0.342273 -0.0178236 165 161 150
1.2075 3.60949 0.5775 0.959294 -0.282389 0.00346621 165 161 150
1.21248 3.6225 0.5925 0.93901 -0.343192 -0.0219188 166 162 151
1.2075 3.61082 0.5925 0.937549 -0.346521 -0.0304175 167 163 152
1.21181 3.6225 0.6075 0.949344 -0.313406 0.0228821 166 162 151
1.2075 3.60913 0.6075 0.941733 -0.336336 0.00407495 167 163 152
1.2116 3.6225 0.6225 0.857645 -0.384995 -0.340918 167 163 152
1.2075 3.61043 0.6225 0.946278 -0.323214 -0.00958032 167 163 152
1.2075 3.6075 0.624075 0.691195 -0.00774424 -0.722627 167 164 153
1.2225 3.6075 0.634005 0.41852 -0.142872 -0.8969 169 168 161
1.2225 3.6225 0.633187 0.500939 -0.208102 -0.840091 168 167 159
1.20949 3.6075 0.6525 0.527549 -0.140632 0.837804 170 169 163
1.21119 3.6225 0.6525 0.448658 -0.204792 0.869923 169 168 162
1.2225 3.6075 0.642984 0.505148 -0.273765 0.818461 170 170 164
1.2225 3.6225 0.646554 0.450915 -0.201055 0.869628 169 168 162
1.2075 3.6075 0.653886 0.354685 -0.16462 0.92038 170 169 163
1.2075 3.6225 0.654291 0.385085 -0.155649 0.909661 169 168 162
1.21768 3.6375 0.5475 0.946684 -0.313967 0.0722093 163 159 147
1.21703 3.6375 0.5625 0.930828 -0.364736 0.0229428 163 159 147
1.21734 3.6375 0.5775 0.93752 -0.347524 -0.0168617 164 160 149
1.21702 3.6375 0.5925 0.94766 -0.318835 0.0168853 165 161 150
1.21701 3.6375 0.6075 0.928806 -0.363748 -0.0707586 165 161 150
1.22051 3.6375 0.6225 0.835404 -0.371958 -0.404659 167 163 153
1.2225 3.6375 0.625734 0.573557 -0.269988 -0.773394 167 163 153
1.22064 3.6375 0.6525 0.434281 -0.301884 0.848685 168 167 160
1.2225 3.6375 0.651398 0.466104 -0.262927 0.844758 168 167 160
1.2075 3.6375 0.659133 0.422967 -0.277462 0.86262 168 167 161
1.22014 3.6375 0.5325 0.922831 -0.335679 0.188951 162 158 146
1.2225 3.64232 0.5325 0.875796 -0.400075 0.270039 162 158 146
1.2225 3.65244 0.5475 0.930374 -0.341895 0.132332 162 158 146
1.2225 3.6503 0.5625 0.931578 -0.363284 0.0137086 163 159 147
1.2225 3.65249 0.5775 0.935104 -0.353974 0.0168348 164 160 148
1.22249 3.6525 0.5925 0.936048 -0.351782 -0.00791758 165 161 149
1.2225 3.6525 0.582005 0.945627 -0.325252 0.000482148 164 160 148
1.2225 3.65035 0.6075 0.924289 -0.37778 -0.0545134 165 161 150
1.2225 3.6525 0.592589 0.946816 -0.319204 -0.0405974 165 161 149
1.2225 3.64818 0.6225 0.94322 -0.286946 -0.167326 166 162 151
1.2225 3.63999 0.6525 0.527951 -0.321332 0.786139 168 167 160
1.2225 3.6525 0.657338 0.40892 -0.238944 0.880733 167 166 159
1.2075 3.6525 0.662658 0.354653 -0.140436 0.924391 167 166 158
1.2225 3.65251 0.5925 0.945934 -0.324359 0.0001458 165 161 149
1.2225 3.6675 0.660131 0.33683 -0.153576 0.928957 166 165 158
1.2075 3.6675 0.663935 0.183577 -0.0474233 0.981861 166 165 158
1.21455 3.6825 0.6675 0.597494 -0.416571 0.685179 166 165 158
1.2075 3.67388 0.6675 0.243093 -0.529591 0.812674 166 165 158
1.2225 3.6825 0.662291 0.390028 -0.259472 0.883489 166 165 158
1.2075 3.6825 0.675048 -0.0472996 -0.308832 0.94994 165 164 156
1.2225 3.69509 0.6675 0.482249 -0.349026 0.803503 165 164 156
1.2225 3.6975 0.669101 0.504944 -0.194184 0.841025 164 163 155
1.2075 3.6975 0.675932 -0.129021 -0.220543 0.966806 164 162 154
1.2225 3.7125 0.671469 0.46703 -0.280356 0.83862 163 161 153
1.2075 3.7125 0.681994 -0.390325 0.246455 0.887078 163 161 151
1.21852 3.7275 0.6675 -0.768495 0.451947 0.452946 161 160 151
1.2075 3.71702 0.6675 -0.537085 0.705237 0.462797 162 161 153
1.2075 3.7275 0.656319 -0.635253 0.349161 0.688869 160 161 156
1.2225 3.7275 0.678391 0.117805 -0.116338 0.986198 162 160 149
1.21799 3.7425 0.6675 -0.851241 -0.00322937 0.524765 160 158 150
1.2075 3.7425 0.653712 -0.777213 -0.0183779 0.628969 157 158 152
1.2225 3.7425 0.679174 -0.253019 -0.0651794 0.965263 161 159 148
1.21736 3.7575 0.6675 -0.857091 0.0632773 0.511264 159 157 148
1.2075 3.7575 0.656967 -0.572799 0.272707 0.773002 156 157 149
1.2225 3.7575 0.681883 -0.335779 0.343538 0.87706 161 156 145
1.2225 3.76302 0.6675 -0.618669 0.633173 0.465124 159 156 147
1.2225 3.7725 0.658072 -0.533522 0.240693 0.810815 156 156 149
1.2075 3.7725 0.654476 -0.146657 0.0221083 0.98894 155 155 148
1.2225 3.7875 0.656757 -0.417427 -0.0362819 0.907986 155 155 147
1.2075 3.7875 0.657277 -0.0564338 -0.0412313 0.997555 155 153 146
1.2225 3.8025 0.658339 -0.440258 0.0298296 0.897376 155 153 146
1.2075 3.8025 0.654754 -0.143893 0.036666 0.988914 153 152 142
1.2225 3.8175 0.656663 -0.33283 0.00392758 0.942979 154 151 142
1.2075 3.8175 0.657284 0.0408203 -0.166178 0.98525 155 151 142
1.23122 3.6075 0.6375 0.795186 -0.534285 0.286738 169 169 163
1.2375 3.61611 0.6375 0.615744 -0.412312 -0.67146 169 169 163
1.2375 3.6225 0.635932 0.21701 -0.0747798 -0.973301 169 168 162
1.2375 3.6225 0.640432 0.438335 -0.241495 0.865761 169 169 163
1.2375 3.6375 0.635666 0.352154 -0.174559 -0.91952 168 167 160
1.2375 3.6375 0.643236 0.441166 -0.221522 0.869655 168 167 161
1.22699 3.6525 0.5325 0.904393 -0.33097 0.269319 162 158 146
1.22252 3.6525 0.5475 0.934062 -0.327403 0.142606 162 158 146
1.22338 3.6525 0.5625 0.949006 -0.315259 0.000639629 163 159 147
1.2225 3.6525 0.5775 0.954042 -0.29904 0.0194723 164 160 148
1.22314 3.6525 0.6075 0.950931 -0.30742 -0.0349681 165 161 150
1.22378 3.6525 0.6225 0.813669 -0.323401 -0.483068 166 162 151
1.2375 3.6525 0.631796 0.472342 -0.230227 -0.850816 169 165 157
1.22991 3.6525 0.6525 0.535389 -0.307962 0.786459 168 167 160
1.2375 3.6525 0.647114 0.510058 -0.240113 0.825946 169 167 160
1.23172 3.6675 0.5325 0.932723 -0.262366 0.247371 162 156 144
1.22799 3.6675 0.5475 0.947845 -0.309831 0.0748011 162 158 146
1.22797 3.6675 0.5625 0.943426 -0.330583 0.025728 163 158 146
1.22704 3.6675 0.5775 0.944254 -0.328062 0.0275696 164 160 148
1.22764 3.6675 0.5925 0.943569 -0.329766 -0.0305169 164 160 148
1.22796 3.6675 0.6075 0.928328 -0.363015 -0.0801745 166 161 150
1.23074 3.6675 0.6225 0.8306 -0.338931 -0.441848 166 161 149
1.2375 3.6675 0.627382 0.501946 -0.167346 -0.848555 168 163 153
1.2375 3.66605 0.6525 0.51959 -0.324911 0.790227 169 166 160
1.2375 3.6675 0.653051 0.445715 -0.216235 0.868666 168 166 159
1.23418 3.6825 0.5325 0.96739 -0.229763 0.106614 162 156 144
1.2337 3.6825 0.5475 0.956235 -0.292579 0.00347935 162 157 145
1.23403 3.6825 0.5625 0.95601 -0.291169 0.0355875 163 157 145
1.2325 3.6825 0.5775 0.950989 -0.309161 0.00622548 164 158 146
1.23343 3.6825 0.5925 0.935234 -0.34932 -0.0575555 166 160 148
1.23436 3.6825 0.6075 0.931515 -0.352552 -0.0893727 167 161 149
1.23563 3.6825 0.6225 0.890101 -0.285071 -0.355605 167 161 149
1.2375 3.6825 0.62393 0.536884 -0.218286 -0.814928 167 162 150
1.2375 3.6825 0.656746 0.402977 -0.199345 0.893236 167 165 158
1.23611 3.6825 0.5175 0.953271 -0.245932 0.175474 161 155 143
1.2375 3.68521 0.5175 0.828648 -0.425519 0.363698 161 155 143
1.23722 3.6975 0.5325 0.974229 -0.218424 0.0562999 161 155 141
1.2375 3.6975 0.53188 0.827324 -0.424485 0.367895 161 155 141
1.23721 3.6975 0.5475 0.973111 -0.230256 -0.00616984 161 155 141
1.23719 3.6975 0.5625 0.968386 -0.247398 0.0319764 162 156 142
1.23719 3.6975 0.5775 0.948788 -0.311791 -0.050864 163 157 145
1.2375 3.69365 0.5925 0.938811 -0.33462 -0.0816278 165 159 147
1.2375 3.6975 0.58113 0.892008 -0.441582 -0.0965778 163 157 145
1.2375 3.69111 0.6075 0.94032 -0.335545 -0.0566457 166 160 148
1.2375 3.68858 0.6225 0.939774 -0.320999 -0.11741 167 161 149
1.22451 3.6975 0.6675 0.420115 -0.245045 0.87376 164 163 155
1.2375 3.6975 0.660535 0.475988 -0.283205 0.832604 165 163 155
1.2375 3.69808 0.5325 0.872167 -0.446785 0.199268 161 155 141
1.2375 3.69809 0.5475 0.889908 -0.45614 0.00020302 161 155 141
1.2375 3.6981 0.5625 0.894643 -0.446744 0.00585652 162 156 142
1.2375 3.69806 0.5775 0.888535 -0.458176 -0.0240823 163 157 145
1.23259 3.7125 0.6675 0.480643 -0.158306 0.862509 163 162 153
1.2375 3.7125 0.665829 0.438544 -0.133397 0.888754 163 162 154
1.23364 3.7275 0.6675 0.661457 -0.238666 0.710994 162 160 151
1.2375 3.7275 0.664597 0.436351 -0.0920767 0.895053 162 160 151
1.2375 3.73322 0.6675 0.575286 -0.387392 0.720398 162 160 151
1.2375 3.7425 0.673055 0.47595 -0.160402 0.864721 162 159 149
1.2375 3.7575 0.671898 0.402325 -0.104503 0.909513 161 158 148
1.23332 3.7725 0.6675 -0.728152 0.438932 0.526435 159 156 147
1.2375 3.7725 0.676009 0.127645 -0.0774977 0.988788 161 156 145
1.23139 3.7875 0.6675 -0.821375 -0.0301305 0.569593 159 154 145
1.2375 3.7875 0.680235 -0.377205 -0.134694 0.916283 161 155 143
1.23195 3.8025 0.6675 -0.839434 -0.0129946 0.543306 158 153 142
1.2375 3.8025 0.681364 0.0359528 -0.0815734 0.996019 160 153 141
1.2316 3.8175 0.6675 -0.846911 0.00817533 0.531672 157 152 140
1.2375 3.8175 0.681426 -0.3368 -0.00388806 0.941568 158 153 139
1.24115 3.6225 0.6375 0.673374 -0.323685 0.664677 169 169 163
1.2495 3.6375 0.6375 0.878707 -0.310406 0.362661 169 168 162
1.25201 3.6525 0.6375 0.799215 -0.274619 -0.53464 170 168 161
1.2525 3.65327 0.6375 0.798271 -0.505673 0.327196 171 169 161
1.2525 3.6675 0.634419 0.331057 -0.13691 -0.933626 169 167 158
1.23844 3.6675 0.6525 0.519862 -0.214253 0.826946 168 166 159
1.2525 3.6675 0.643665 0.494569 -0.280188 0.822737 169 167 160
1.2525 3.6825 0.634386 0.40156 -0.141499 -0.904836 167 164 156
1.24469 3.6825 0.6525 0.54971 -0.169089 0.818064 167 165 158
1.2525 3.6825 0.647268 0.487966 -0.146939 0.860406 167 165 157
1.23882 3.6975 0.5925 0.939066 -0.342924 -0.0236032 165 159 147
1.23969 3.6975 0.6075 0.946344 -0.317122 -0.0621845 165 159 147
1.24056 3.6975 0.6225 0.85782 -0.277998 -0.432276 167 161 149
1.2525 3.6975 0.628912 0.477986 -0.186312 -0.85838 166 162 152
1.24802 3.6975 0.6525 0.580477 -0.274212 0.766716 165 163 156
1.2525 3.6975 0.649252 0.527227 -0.198733 0.826158 166 164 156
1.24405 3.6975 0.5175 0.888131 -0.348908 0.299144 161 155 142
1.24816 3.7125 0.5175 0.914834 -0.295983 0.274722 159 153 139
1.2449 3.7125 0.5325 0.927681 -0.347033 0.137755 160 154 140
1.2449 3.7125 0.5475 0.941538 -0.336793 0.00878179 160 154 140
1.24458 3.7125 0.5625 0.941847 -0.336021 -0.00377556 161 155 142
1.2452 3.7125 0.5775 0.947975 -0.318343 0.000991467 163 157 144
1.24344 3.7125 0.5925 0.955384 -0.29535 -0.00308726 163 157 144
1.24484 3.7125 0.6075 0.95004 -0.308184 -0.049463 164 158 146
1.24483 3.7125 0.6225 0.877107 -0.267951 -0.398605 164 158 146
1.2525 3.7125 0.627446 0.46492 -0.123326 -0.876721 164 159 149
1.2525 3.70378 0.6525 0.577873 -0.397335 0.712873 165 163 156
1.2525 3.7125 0.657356 0.488782 -0.24487 0.837336 164 162 155
1.2525 3.72094 0.5175 0.817343 -0.405418 0.409373 158 152 138
1.24826 3.7275 0.5325 0.94003 -0.315039 0.130745 158 152 138
1.2525 3.7275 0.523998 0.814954 -0.415013 0.404492 158 152 138
1.24806 3.7275 0.5475 0.953231 -0.301988 0.0124363 158 152 138
1.24781 3.7275 0.5625 0.951789 -0.306262 -0.0173492 160 154 141
1.24841 3.7275 0.5775 0.946919 -0.321453 0.0035096 161 155 141
1.24856 3.7275 0.5925 0.948511 -0.316659 -0.00737141 161 155 142
1.2496 3.7275 0.6075 0.9701 -0.239023 -0.042111 162 156 144
1.25019 3.7275 0.6225 0.940945 -0.217196 -0.259708 163 157 145
1.2525 3.7275 0.625367 0.501124 -0.104624 -0.859028 162 157 146
1.2525 3.7275 0.658392 0.37893 -0.0720586 0.922615 163 161 153
1.2525 3.73545 0.5325 0.869744 -0.43769 0.227974 157 151 137
1.2525 3.73692 0.5475 0.903631 -0.427762 0.0216938 158 152 138
1.2525 3.73663 0.5625 0.899926 -0.435981 -0.0073284 159 153 139
1.2525 3.73614 0.5775 0.900748 -0.433605 -0.0253019 160 154 140
1.2525 3.73491 0.5925 0.893401 -0.445058 0.0613009 160 154 141
1.2514 3.7425 0.6075 0.982796 -0.179817 -0.0421602 161 153 140
1.2525 3.7425 0.604203 0.853652 -0.437361 0.282832 161 153 141
1.2525 3.73939 0.6225 0.956377 -0.188698 -0.223016 162 154 142
1.2525 3.7425 0.617444 0.90984 -0.400411 -0.10891 162 154 141
1.24375 3.7425 0.6675 0.578305 -0.385236 0.719136 162 159 150
1.2525 3.7425 0.660901 0.470241 -0.221053 0.854406 163 160 150
1.2525 3.74464 0.6075 0.893499 -0.428605 0.134004 161 153 140
1.2525 3.75548 0.6675 0.548151 -0.329384 0.768789 162 158 149
1.2525 3.7575 0.668354 0.371645 -0.127638 0.919559 161 158 148
1.2525 3.764 0.6675 0.545668 0.125529 0.828546 161 157 147
1.25033 3.7725 0.6675 0.546168 -0.102672 0.83136 161 157 146
1.2525 3.7725 0.666165 0.585191 -0.0641735 0.808352 161 157 146
1.2525 3.77729 0.6675 0.501449 -0.229736 0.834128 160 157 146
1.2525 3.7875 0.670402 0.578647 -0.082986 0.811345 160 156 144
1.2525 3.80043 0.6675 0.648783 0.167847 0.742232 160 155 142
1.25196 3.8025 0.6675 0.658505 -0.301906 0.689365 160 155 142
1.2525 3.8025 0.667097 0.230173 -0.00631062 0.973129 160 155 142
1.2525 3.8034 0.6675 0.562625 -0.367596 0.740491 160 155 142
1.2525 3.8175 0.674976 0.564171 -0.256748 0.784724 158 153 140
1.26111 3.6075 0.6375 -0.723352 0.679921 0.120289 172 173 168
1.2675 3.6145 0.6375 -0.722765 0.667464 -0.179171 172 172 168
1.2675 3.6075 0.629074 -0.167631 0.127322 -0.977594 175 175 171
1.2675 3.6075 0.652194 -0.365746 0.306264 0.878881 172 173 169
1.26193 3.6675 0.6375 0.808934 -0.522146 0.270165 170 168 160
1.2675 3.6764 0.6375 0.542994 -0.348573 -0.763973 169 167 159
1.2675 3.6825 0.636428 0.157966 -0.0210597 -0.98722 168 165 157
1.2675 3.6825 0.640053 0.461702 -0.179711 0.86864 168 166 158
1.2675 3.6975 0.63682 0.29543 -0.119498 -0.947861 165 163 155
1.2675 3.6975 0.640627 0.444835 -0.133139 0.885661 165 163 156
1.2675 3.7125 0.634385 0.438358 -0.0920457 -0.894075 165 161 151
1.2587 3.7125 0.6525 0.582274 -0.40169 0.706825 165 162 155
1.2675 3.7125 0.644809 0.535691 -0.303905 0.787831 165 162 154
1.2556 3.7275 0.5175 0.950538 -0.227273 0.211718 158 152 137
1.2675 3.7275 0.631951 0.475509 -0.125 -0.870785 164 159 148
1.2675 3.72536 0.6525 0.560858 -0.41426 0.716817 165 162 154
1.2675 3.7275 0.653431 0.413434 -0.117873 0.902872 164 161 153
1.25593 3.7425 0.5175 0.966269 -0.235204 0.104899 157 151 136
1.25585 3.7425 0.5325 0.957491 -0.283188 0.0549163 157 150 137
1.25492 3.7425 0.5475 0.944198 -0.327964 0.0304863 158 152 138
1.25528 3.7425 0.5625 0.963935 -0.26561 0.0167595 159 152 139
1.2555 3.7425 0.5775 0.971916 -0.234028 -0.0247041 160 153 140
1.25624 3.7425 0.5925 0.966362 -0.251105 0.0555913 161 154 142
1.25325 3.7425 0.6225 0.759226 -0.307898 -0.573388 162 154 141
1.2675 3.7425 0.632179 0.454206 -0.125109 -0.882069 163 158 148
1.2675 3.73782 0.6525 0.530444 0.0852883 0.843419 163 160 152
1.26663 3.7425 0.6525 0.530907 0 0.84743 163 160 151
1.2675 3.7425 0.651503 0.687653 -0.107199 0.718082 163 160 151
1.25851 3.7425 0.5025 0.926036 -0.342065 0.159529 157 150 135
1.26406 3.7575 0.5025 0.938968 -0.271872 0.210771 156 149 133
1.2603 3.7575 0.5175 0.961511 -0.252314 0.108786 156 148 135
1.26073 3.7575 0.5325 0.966579 -0.254785 0.0284651 156 148 135
1.25944 3.7575 0.5475 0.973145 -0.214691 0.0830483 158 150 137
1.25743 3.7575 0.5625 0.976142 -0.214139 0.0359474 158 150 137
1.25742 3.7575 0.5775 0.973356 -0.228664 -0.0170448 159 151 138
1.25797 3.7575 0.5925 0.966389 -0.253375 -0.0435191 160 152 139
1.25862 3.7575 0.6075 0.93442 -0.355666 -0.0189956 161 153 140
1.25962 3.7575 0.6225 0.840619 -0.345953 -0.416745 161 153 140
1.2675 3.7575 0.629113 0.611655 -0.222978 -0.759052 161 156 144
1.2675 3.74421 0.6525 0.543959 -0.300532 0.783447 163 160 151
1.25374 3.7575 0.6675 0.623663 0.0611176 0.779301 161 158 148
1.2675 3.7575 0.656434 0.591731 -0.0434481 0.804964 161 159 148
1.26718 3.7725 0.5025 0.947642 -0.228204 0.223377 154 147 131
1.26374 3.7725 0.5175 0.969231 -0.234365 0.0752614 155 148 133
1.26372 3.7725 0.5325 0.97686 -0.206719 0.0548722 156 148 135
1.26227 3.7725 0.5475 0.96686 -0.250751 0.048021 157 149 136
1.26278 3.7725 0.5625 0.951283 -0.308107 -0.01144 158 150 137
1.26253 3.7725 0.5775 0.955505 -0.294754 -0.0113916 158 150 137
1.26352 3.7725 0.5925 0.951563 -0.301163 -0.0618768 159 151 138
1.26473 3.7725 0.6075 0.951313 -0.298765 -0.0757779 159 151 138
1.26638 3.7725 0.6225 0.897852 -0.294212 -0.32757 161 153 140
1.2675 3.7725 0.6238 0.559579 -0.119419 -0.820128 161 153 141
1.2675 3.7725 0.655483 0.451145 -0.15366 0.879123 161 158 147
1.2675 3.77359 0.5025 0.949151 -0.246442 0.195904 154 147 131
1.2675 3.7725 0.498327 0.956229 -0.283151 0.0738318 154 147 131
1.2675 3.7857 0.5175 0.949071 -0.263564 0.172621 154 147 131
1.26725 3.7875 0.5325 0.969388 -0.241619 0.0436608 154 146 133
1.2675 3.7875 0.526221 0.957713 -0.283414 0.049628 154 146 132
1.26668 3.7875 0.5475 0.967181 -0.253907 -0.00958937 155 147 134
1.26725 3.7875 0.5625 0.963745 -0.266386 0.0153211 156 148 135
1.2663 3.7875 0.5775 0.96427 -0.263042 -0.0314899 157 149 136
1.2675 3.78611 0.5925 0.959166 -0.276982 -0.0572927 158 150 137
1.2675 3.7875 0.588419 0.952992 -0.288719 -0.0919085 158 150 137
1.2675 3.78543 0.6075 0.973673 -0.225025 -0.0363829 159 151 138
1.2675 3.78329 0.6225 0.9859 -0.145073 -0.0833966 160 152 139
1.25714 3.7875 0.6675 0.512628 0.013728 0.858501 160 156 144
1.2675 3.7875 0.661413 0.458359 -0.211838 0.863152 160 156 145
1.2675 3.78803 0.5325 0.898855 -0.427628 0.0958896 154 146 133
1.2675 3.79304 0.5475 0.952938 -0.287586 0.095934 155 146 133
1.2675 3.7892 0.5625 0.977037 -0.212003 -0.0212904 156 148 135
1.2675 3.7912 0.5775 0.963508 -0.266953 -0.0197023 157 149 135
1.2675 3.8025 0.665693 0.250579 -0.137061 0.958345 160 154 142
1.26174 3.8175 0.6675 0.562652 -0.368781 0.73988 158 153 140
1.2675 3.8175 0.663569 0.258776 -0.03174 0.965416 158 152 140
1.27462 3.6225 0.6375 -0.715471 0.660112 0.228807 171 171 166
1.2825 3.6075 0.633921 0.233121 -0.274662 -0.932853 174 175 172
1.2825 3.6225 0.628825 -0.196421 0.140278 -0.970433 173 173 169
1.2825 3.6158 0.6525 -0.186505 0.0318104 0.981939 172 172 168
1.2817 3.6225 0.6525 -0.916953 -2.55918e-17 0.398996 171 171 166
1.2825 3.6075 0.647733 0.356722 -0.491886 0.794228 173 174 170
1.2825 3.6225 0.655614 0 0 1 171 171 166
1.2825 3.63083 0.6375 -0.5488 0.831161 0.0893835 171 171 165
1.2825 3.62334 0.6525 -0.212284 0.883891 0.41674 171 171 166
1.27223 3.6825 0.6375 0.69233 -0.194506 0.694872 168 165 158
1.27576 3.6975 0.6375 0.920758 -0.234763 0.311594 166 164 156
1.27764 3.7125 0.6375 0.990017 -0.0225073 -0.139139 165 162 154
1.27067 3.7275 0.6375 0.942576 -0.180438 -0.281056 164 159 150
1.26892 3.7275 0.6525 0.898391 -0.0737677 0.432956 164 161 153
1.2825 3.74188 0.6375 0.846965 -0.419428 0.326697 164 161 152
1.2825 3.7425 0.636852 0.465538 0.0629032 -0.88279 164 161 152
1.2825 3.7425 0.640279 0.669143 0 0.743134 164 161 153
1.2825 3.74339 0.6375 0.888838 0.185462 0.419011 164 160 152
1.27277 3.7575 0.6375 0.983586 -0.141712 -0.1117 162 157 147
1.27379 3.7575 0.6525 0.819928 -0.0907926 0.565221 162 159 149
1.2825 3.76836 0.6375 0.75841 -0.635133 -0.146357 161 157 147
1.2825 3.7725 0.632983 0.629592 -0.187213 -0.754033 161 156 145
1.27982 3.7725 0.6525 0.604852 -0.243924 0.75806 161 158 148
1.2825 3.7725 0.651899 0.856912 -0.393312 0.333179 161 158 148
1.27106 3.7875 0.5025 0.942523 -0.303277 0.140263 154 147 130
1.26808 3.7875 0.5175 0.899097 -0.427267 0.0952267 154 147 131
1.26779 3.7875 0.5925 0.973226 -0.229135 -0.0181327 158 150 137
1.26779 3.7875 0.6075 0.977234 -0.21216 -0.00142515 159 151 138
1.2678 3.7875 0.6225 0.867857 -0.187229 -0.460184 160 152 139
1.2825 3.7875 0.63349 0.570818 -0.173623 -0.802509 159 153 143
1.27947 3.7875 0.6525 0.621732 -0.166981 0.765224 160 156 145
1.2825 3.7875 0.648491 0.905456 -0.229885 0.356794 160 156 145
1.27329 3.7875 0.4875 0.95574 -0.257822 0.141734 154 145 129
1.27733 3.8025 0.4875 0.92995 -0.361786 0.0656002 154 143 127
1.27674 3.8025 0.5025 0.937448 -0.341304 0.0685755 153 145 129
1.27613 3.8025 0.5175 0.953565 -0.291365 0.0762898 154 146 129
1.27434 3.8025 0.5325 0.947499 -0.287831 0.13928 154 145 130
1.26992 3.8025 0.5475 0.950381 -0.305217 0.0601496 154 145 130
1.27051 3.8025 0.5625 0.948377 -0.317133 -0.00284714 156 147 132
1.27097 3.8025 0.5775 0.950159 -0.309572 -0.0369181 156 147 132
1.27134 3.8025 0.5925 0.955805 -0.293655 -0.0142555 157 148 133
1.27136 3.8025 0.6075 0.955192 -0.295911 -0.00672128 158 149 134
1.27173 3.8025 0.6225 0.860604 -0.255354 -0.44063 159 150 135
1.2825 3.8025 0.628527 0.470614 -0.22749 -0.852509 159 151 139
1.2825 3.79212 0.6525 0.690527 -0.470156 0.549659 160 155 145
1.2825 3.8025 0.656734 0.524237 -0.29002 0.800665 159 154 143
1.2825 3.81341 0.4875 0.903103 -0.427888 0.0363042 153 141 125
1.2825 3.81468 0.5025 0.903198 -0.427702 0.0361202 154 145 128
1.27725 3.8175 0.5175 0.992734 -0.100535 0.0661239 152 143 127
1.27665 3.8175 0.5325 0.962186 -0.255442 0.0945944 154 145 129
1.27724 3.8175 0.5475 0.913118 -0.407691 0.00203708 153 144 128
1.27597 3.8175 0.5625 0.939173 -0.3434 0.00548287 155 146 130
1.27651 3.8175 0.5775 0.936468 -0.34942 -0.0305561 155 146 130
1.27706 3.8175 0.5925 0.935535 -0.353125 -0.00879003 155 146 130
1.27691 3.8175 0.6075 0.953227 -0.299521 0.0405742 156 147 131
1.27478 3.8175 0.6225 0.909133 -0.184609 -0.373359 157 148 132
1.29288 3.6075 0.5625 -0.537115 -1.77478e-17 0.843509 169 172 173
1.2975 3.61203 0.5625 -0.2389 0.500472 0.832139 169 171 172
1.2825 3.6075 0.556507 0.0784455 -0.106676 0.991195 170 172 171
1.2975 3.6225 0.556592 0.0664474 -0.139558 0.987982 168 169 166
1.2825 3.6225 0.56038 -0.294324 0.277023 0.914676 171 170 167
1.2975 3.6075 0.566058 0 3.0081e-17 1 169 172 173
1.2975 3.6075 0.636518 0.19766 -0.250267 -0.947785 173 175 171
1.2975 3.6225 0.633124 0.234564 -0.268465 -0.934294 172 173 169
1.28972 3.6225 0.6525 0.395443 0 0.91849 172 172 168
1.2975 3.6075 0.639566 0.427488 -0.506103 0.749075 173 175 171
1.2975 3.6225 0.649156 0.142007 -0.244184 0.959275 172 173 169
1.29097 3.6375 0.5475 -0.667454 0.665939 0.333211 167 167 162
1.2825 3.62927 0.5475 -0.651872 0.671165 0.352988 169 169 165
1.2975 3.6375 0.560998 -0.390129 0.365409 0.845148 168 167 162
1.28861 3.6375 0.6375 -0.855832 0.439946 0.272027 170 169 163
1.2975 3.6375 0.627503 -0.198095 0.150801 -0.968513 169 170 165
1.2975 3.6285 0.6525 0.00232804 -0.511113 0.85951 172 172 168
1.29619 3.6375 0.6525 -0.913519 -0.0814001 0.398568 170 170 165
1.2975 3.6375 0.658068 -2.01437e-17 0 1 169 169 163
1.2975 3.64403 0.5475 -0.674045 0.664954 0.321715 166 166 161
1.2975 3.64752 0.6375 -0.577309 0.815331 0.0441522 169 168 162
1.2975 3.63887 0.6525 -0.273716 0.856734 0.437135 170 170 165
1.28305 3.7425 0.6375 1 0 0 164 161 152
1.28533 3.7725 0.6375 0.994203 -0.0772804 0.0747521 161 156 146
1.28514 3.7875 0.6375 0.938488 -0.336218 -0.0787242 159 154 144
1.2975 3.80169 0.6375 0.770026 -0.622514 0.139772 157 153 143
1.2975 3.8025 0.636642 0.479518 -0.301969 -0.82394 157 153 143
1.28929 3.8025 0.6525 0.696708 -0.32436 0.639834 159 154 143
1.2975 3.8025 0.64067 0.777881 -0.434234 0.454248 157 153 143
1.2975 3.80347 0.6375 0.458925 0.856088 0.2377 157 153 143
1.30581 3.6075 0.4875 0.725496 -0.688224 -0.00184112 164 171 173
1.3125 3.615 0.4875 0.730333 -0.682929 0.0148907 162 170 172
1.30585 3.6075 0.5025 0.718605 -0.695187 -0.0179503 163 169 172
1.3125 3.61409 0.5025 0.72934 -0.684032 -0.0128233 161 169 170
1.30626 3.6075 0.5175 0.719477 -0.69451 0.00288949 164 169 170
1.3125 3.61445 0.5175 0.731366 -0.68187 -0.0125305 162 168 168
1.30682 3.6075 0.5325 0.662657 -0.748623 0.0212276 165 169 171
1.3125 3.61348 0.5325 0.743058 -0.669127 -0.0116085 163 167 168
1.30511 3.6075 0.5475 0.832762 -0.480509 0.274987 166 170 171
1.3125 3.61396 0.5475 0.504335 -0.844752 0.178998 167 170 169
1.30338 3.6075 0.5625 0.916134 0.107596 0.386163 168 172 173
1.3125 3.61451 0.5625 0.113498 -0.948894 0.294479 167 170 169
1.306 3.6225 0.5625 -0.594405 0 0.804166 167 169 166
1.3125 3.6225 0.567679 0 0 1 167 169 166
1.3003 3.6075 0.6375 0.603788 -0.669801 0.432212 172 175 171
1.3125 3.61849 0.6375 0.641673 -0.698607 -0.31655 172 173 168
1.3125 3.6225 0.635963 0.21477 -0.224105 -0.950605 172 172 167
1.3125 3.6225 0.640666 0.465174 -0.530579 0.708589 172 172 166
1.3125 3.62998 0.5625 -0.186576 0.537313 0.822487 166 168 163
1.3125 3.6375 0.557666 0.0788178 -0.0770135 0.99391 166 165 160
1.3125 3.6375 0.633227 0.253615 -0.278841 -0.926243 169 170 164
1.31241 3.6375 0.6525 0.350401 0 0.9366 170 169 164
1.3125 3.6375 0.652456 0.0568698 -0.151922 0.986755 170 169 164
1.30577 3.6525 0.5475 -0.668421 0.665828 0.331491 164 163 156
1.3125 3.6525 0.560825 -0.386097 0.388302 0.83675 164 163 156
1.30228 3.6525 0.6375 -0.845792 0.478152 0.236658 168 167 160
1.3125 3.6525 0.627203 -0.21817 0.15018 -0.964286 168 167 159
1.3125 3.63756 0.6525 0.243424 -0.546524 0.801284 170 169 164
1.31034 3.6525 0.6525 -0.911755 -0.00104609 0.410732 170 168 163
1.3125 3.6525 0.660176 -0.357702 -0.0231719 0.933548 169 167 163
1.3125 3.65923 0.5475 -0.666424 0.66545 0.336236 162 161 154
1.3125 3.66373 0.6375 -0.721006 0.637265 -0.27211 167 166 159
1.3125 3.65485 0.6525 -0.694545 0.631851 0.344052 170 168 163
1.29815 3.8025 0.6375 1 0 0 157 153 143
1.31958 3.6225 0.4875 0.728372 -0.685164 0.0049753 161 169 171
1.32007 3.6225 0.5025 0.743904 -0.668147 -0.013636 160 167 168
1.32013 3.6225 0.5175 0.738494 -0.674257 -0.0020968 159 164 164
1.32014 3.6225 0.5325 0.744494 -0.667073 -0.0272467 159 163 162
1.32109 3.6225 0.5475 0.866053 -0.490517 0.0966679 162 164 162
1.32354 3.6225 0.5625 0.916138 0.0824946 0.392283 165 168 165
1.31658 3.6225 0.6375 0.666762 -0.670392 0.325581 171 172 166
1.3275 3.63035 0.4875 0.707744 -0.706449 0.00538542 159 167 169
1.3275 3.63123 0.5025 0.722415 -0.691441 0.00507953 157 164 165
1.3275 3.63026 0.5175 0.714743 -0.699291 -0.0116379 155 159 159
1.3275 3.63115 0.5325 0.71894 -0.694929 -0.0140974 155 157 155
1.3275 3.62885 0.5475 0.494008 -0.867829 0.0531907 157 159 156
1.3275 3.62731 0.5625 0.139143 -0.933009 0.331862 164 166 163
1.32104 3.6375 0.5625 -0.535373 2.34778e-17 0.844616 164 164 159
1.3275 3.6375 0.567174 -1.40728e-17 0 1 163 164 159
1.3275 3.63356 0.6375 0.64176 -0.650962 -0.405453 169 169 163
1.3275 3.6375 0.635989 0.223324 -0.25199 -0.941609 168 168 162
1.3275 3.6375 0.640914 0.515197 -0.554618 0.65343 169 169 163
1.3275 3.64356 0.5625 -0.173034 0.520877 0.835911 162 163 158
1.3275 3.6525 0.557455 0.297768 -0.0159796 0.954504 161 160 154
1.3275 3.6525 0.632036 0.252069 -0.322061 -0.912545 167 166 160
1.3275 3.65047 0.6525 0.516632 -0.557854 0.64953 168 169 166
1.3275 3.6525 0.654017 0.371303 -0.493179 0.786708 168 168 167
1.32075 3.6675 0.5475 -0.667649 0.665091 0.334514 161 160 152
1.3275 3.6675 0.561011 -0.381382 0.384657 0.840587 161 160 152
1.3155 3.6675 0.6375 -0.749486 0.656585 0.0846579 167 165 159
1.3275 3.6675 0.625532 -0.251425 0.179862 -0.951018 165 163 154
1.32426 3.6675 0.6525 -0.70006 0.651771 0.291736 168 167 162
1.3275 3.6675 0.663845 -0.0760392 0.127168 0.988962 166 168 165
1.3275 3.67425 0.5475 -0.660616 0.671483 0.335704 161 159 151
1.3275 3.68142 0.6375 -0.703474 0.64183 -0.305251 166 164 157
1.3275 3.67095 0.6525 -0.689068 0.627252 0.36296 167 167 161
1.33518 3.6375 0.4875 0.69635 -0.717316 0.0235354 159 165 167
1.33381 3.6375 0.5025 0.696597 -0.717058 -0.024106 157 162 162
1.33527 3.6375 0.5175 0.681075 -0.732184 0.0066149 151 154 152
1.33432 3.6375 0.5325 0.683389 -0.727837 -0.0568506 151 152 150
1.33675 3.6375 0.5475 0.711323 -0.701574 -0.0425866 149 151 147
1.33585 3.6375 0.5625 0.824008 -0.0162021 0.566347 153 154 150
1.33189 3.6375 0.6375 0.678387 -0.734705 -6.7399e-17 167 167 161
1.3425 3.64475 0.4875 0.686014 -0.724687 0.0649165 158 162 164
1.3425 3.64612 0.5025 0.707754 -0.706458 -0.00118425 153 157 157
1.3425 3.64421 0.5175 0.708104 -0.705357 -0.0325748 148 149 147
1.3425 3.6451 0.5325 0.700065 -0.714006 -0.0101764 146 146 143
1.3425 3.6432 0.5475 0.821091 -0.475072 0.316412 144 145 140
1.3425 3.6525 0.552329 0.363387 -0.35559 0.861107 146 145 138
1.3425 3.64741 0.6375 0.632467 -0.677606 0.375281 164 163 157
1.3425 3.6525 0.63562 0.337317 -0.236617 -0.911169 164 163 156
1.32942 3.6525 0.6525 0.527752 -0.584683 0.616136 168 168 166
1.3425 3.6525 0.64133 0.493305 -0.577096 0.650853 164 164 159
1.3425 3.6675 0.557231 0.286258 -0.272658 0.918539 149 145 137
1.3425 3.6675 0.630796 0.421968 -0.391147 -0.817892 164 162 156
1.3425 3.66413 0.6525 0.460091 -0.61789 0.637596 166 168 165
1.3425 3.6675 0.655973 0.382271 -0.297022 0.875013 154 157 156
1.33599 3.6825 0.5475 -0.665072 0.67118 0.32741 149 146 135
1.3425 3.6825 0.560957 -0.387416 0.37042 0.844214 149 146 136
1.32862 3.6825 0.6375 -0.478329 0.869636 0.122203 166 164 157
1.3425 3.6825 0.625512 -0.158945 0.299908 -0.940634 162 159 149
1.33823 3.6825 0.6525 -0.641892 0.653816 0.400623 156 157 154
1.3425 3.6825 0.655999 0.0830747 0.277851 0.957025 155 156 153
1.3425 3.68901 0.5475 -0.684627 0.656192 0.317328 148 144 134
1.3425 3.68535 0.6375 -0.47252 0.881249 -0.0112029 163 162 155
1.3425 3.68698 0.6525 -0.235124 0.961807 0.140155 155 156 153
1.349 3.6525 0.4875 0.690279 -0.719833 0.0731735 158 162 164
1.34935 3.6525 0.5025 0.684156 -0.729328 -0.00338549 153 156 155
1.34991 3.6525 0.5175 0.739677 -0.67279 -0.0152056 148 148 146
1.34995 3.6525 0.5325 0.725356 -0.688187 -0.0160209 144 144 139
1.35038 3.6525 0.5475 0.699194 -0.599505 0.389515 143 142 137
1.34944 3.6525 0.6375 0.912075 -0.391283 0.122544 160 160 154
1.3575 3.6601 0.4875 0.655687 -0.752613 0.0603943 158 163 166
1.3575 3.65857 0.5025 0.62245 -0.782338 0.0224232 153 154 154
1.3575 3.66151 0.5175 0.654101 -0.755709 0.0324998 148 148 146
1.3575 3.65998 0.5325 0.711171 -0.702983 0.00709366 142 140 136
1.3575 3.66087 0.5475 0.721564 -0.678178 0.139357 141 138 132
1.3575 3.6675 0.551385 0.36362 -0.378677 0.851107 142 139 130
1.34713 3.6675 0.6375 0.823525 -0.436623 -0.362171 160 159 154
1.34808 3.6675 0.6525 0.749119 -0.490035 0.445743 163 166 164
1.3575 3.6825 0.557288 0.247022 -0.299675 0.921507 144 140 129
1.3575 3.67779 0.6375 0.64331 -0.686352 -0.339224 153 153 148
1.3575 3.6825 0.630836 0.601083 -0.304931 -0.738727 150 150 144
1.3575 3.67301 0.6525 0.698392 -0.710207 0.0886259 148 153 153
1.3575 3.6825 0.65544 0.218068 -0.0588884 0.974155 138 143 142
1.35037 3.6975 0.5475 -0.676167 0.65687 0.333646 146 141 130
1.3575 3.6975 0.561477 -0.408187 0.383671 0.82836 145 141 132
1.35423 3.6975 0.6375 -0.736616 0.633038 0.238035 155 157 153
1.3575 3.6975 0.626313 -0.134914 0.618188 -0.774365 146 146 138
1.3575 3.68765 0.6525 -0.300632 0.793087 0.529749 143 146 145
1.3575 3.6975 0.645306 0.319847 0.711905 0.625211 160 160 156
1.3575 3.70463 0.5475 -0.657528 0.671132 0.3424 151 146 136
1.3575 3.70077 0.6375 0 1 0 155 156 152
1.36814 3.6675 0.4875 0.624024 -0.781076 -0.022703 159 161 165
1.36806 3.6675 0.5025 0.632927 -0.772689 0.048525 154 154 156
1.36655 3.6675 0.5175 0.608135 -0.790072 0.077192 147 146 144
1.36387 3.6675 0.5325 0.688893 -0.724584 0.0201193 144 141 136
1.36462 3.6675 0.5475 0.572194 -0.705568 0.418053 140 137 131
1.3725 3.67128 0.4875 0.700205 -0.712852 -0.0394369 159 160 163
1.3725 3.67216 0.5025 0.713882 -0.700063 0.0168649 154 154 156
1.3725 3.67119 0.5175 0.686341 -0.725566 0.0499031 146 145 142
1.3725 3.67526 0.5325 0.627315 -0.777651 0.0416457 144 141 136
1.3725 3.6731 0.5475 0.575214 -0.805962 0.139834 139 136 131
1.3725 3.6825 0.553252 0.305094 -0.392061 0.867874 143 139 130
1.36346 3.6825 0.6375 0.94923 -0.241457 -0.201644 147 149 145
1.36244 3.6825 0.6525 0.939931 0.106304 0.324389 142 146 144
1.3725 3.6975 0.558609 0.223781 -0.272808 0.935681 148 144 133
1.36077 3.6975 0.6375 0.964769 0.240637 -0.106374 155 156 151
1.36568 3.7125 0.5475 -0.664669 0.670371 0.329875 149 143 133
1.3725 3.7125 0.561588 -0.265003 0.531794 0.804344 143 140 128
1.3725 3.71932 0.5475 -0.507434 0.775579 0.375484 154 149 138
1.3838 3.6825 0.4875 0.726628 -0.686967 0.00934734 155 156 158
1.3823 3.6825 0.5025 0.737741 -0.67508 -0.00233265 150 150 150
1.38322 3.6825 0.5175 0.699431 -0.714507 0.0166043 143 139 136
1.38343 3.6825 0.5325 0.565653 -0.820418 -0.0833652 143 140 135
1.38669 3.6825 0.5475 0.499036 -0.677866 0.539871 135 132 127
1.3875 3.67758 0.6375 5.13181e-17 -1 0 127 131 129
1.38049 3.6825 0.6375 -1 0 0 128 133 131
1.3875 3.6825 0.632216 2.19722e-17 0 -1 129 131 128
1.3875 3.6825 0.645567 4.39443e-17 0 1 146 147 143
1.3875 3.68699 0.4875 0.729051 -0.684395 0.00937748 155 156 158
1.3875 3.68834 0.5025 0.732854 -0.679997 0.0230029 149 148 148
1.3875 3.68802 0.5175 0.750641 -0.659839 -0.0339354 143 139 136
1.3875 3.68564 0.5325 0.654406 -0.742182 -0.144629 142 139 134
1.3875 3.68336 0.5475 0.25109 -0.936768 0.24376 135 132 127
1.3875 3.6975 0.553892 -0.0156571 -0.22427 0.974401 141 138 130
1.3875 3.68538 0.6375 2.5659e-17 1 0 129 132 129
1.3875 3.7125 0.55927 -0.00505812 0.0777614 0.996959 141 137 128
1.3875 3.72678 0.5475 -0.155936 0.762534 0.627874 149 144 135
1.4025 3.64589 0.6525 -0.130212 -0.964807 0.228458 132 141 144
1.38781 3.6525 0.6525 -0.968941 -0.201957 -0.142715 131 139 141
1.4025 3.6525 0.644694 0.0602241 -0.543396 -0.837314 141 148 148
1.4025 3.6525 0.656073 -0.102712 -0.106642 0.988978 139 146 148
1.4025 3.66538 0.6375 -0.355228 -0.423269 -0.833461 145 151 148
1.40178 3.6675 0.6375 -0.800192 0.517191 -0.303656 144 150 147
1.4025 3.6675 0.636907 -2.94833e-18 0 -1 144 150 147
1.39762 3.6675 0.6525 -0.769735 0.483823 0.416442 144 149 149
1.4025 3.6675 0.656378 0.106308 0.167338 0.980151 142 148 148
1.4025 3.66786 0.6375 0.418007 0.881897 -0.218009 144 150 148
1.39038 3.6825 0.6375 1 3.25522e-17 0 129 132 129
1.4025 3.67265 0.6525 -0.022693 0.999672 0.0118354 144 149 149
1.39669 3.6975 0.4875 0.722147 -0.690724 0.0374618 154 157 160
1.39673 3.6975 0.5025 0.702205 -0.71182 0.0148416 148 147 146
1.39578 3.6975 0.5175 0.685915 -0.717164 -0.123279 142 139 138
1.40183 3.6975 0.5325 0.622362 -0.756809 -0.199763 129 128 126
1.4025 3.69511 0.5475 0.267288 -0.930851 -0.249143 86 85 83
1.4025 3.6975 0.534987 -0.113619 -0.976855 -0.181235 121 120 118
1.4025 3.68968 0.5625 -0.310033 -0.94566 0.0980143 98 97 95
1.39746 3.6975 0.5625 -0.632076 -0.171734 0.755637 123 121 116
1.4025 3.6975 0.56685 -0.531217 -0.0765343 0.843772 120 118 114
1.4025 3.70326 0.4875 0.510346 -0.857368 0.0668321 152 155 158
1.4025 3.70286 0.5025 0.553908 -0.832577 -0.00144665 146 145 145
1.4025 3.70338 0.5175 0.483049 -0.867527 -0.118578 140 138 138
1.4025 3.69798 0.5325 0.372334 -0.859537 -0.350092 127 126 124
1.4025 3.70366 0.5625 -0.636643 0.415156 0.64987 125 123 119
1.4025 3.7125 0.557268 -0.151859 -0.05458 0.986894 125 123 118
1.38809 3.7275 0.5475 -0.509851 0.654789 0.557946 148 144 134
1.3875 3.7275 0.547023 -0.557188 0.457247 0.693157 149 144 135
1.4025 3.7275 0.560631 -0.376195 0.47155 0.79757 140 137 130
1.4025 3.73399 0.5475 -0.37451 0.831213 0.410887 134 131 124
1.4175 3.64699 0.6525 0.310057 -0.7797 -0.543997 123 132 132
1.4175 3.6525 0.651723 0.427267 0 -0.904125 121 129 129
1.4175 3.6525 0.653243 0.184567 -0.127055 0.974573 125 133 133
1.4175 3.66621 0.5775 -0.921521 -0.388328 0 9 13 16
1.41696 3.6675 0.5775 -1 1.02185e-17 0 12 16 19
1.4175 3.6675 0.575961 -0.942635 0 -0.333826 10 14 17
1.4175 3.6675 0.578202 -0.789916 0 0.613215 13 17 19
1.40541 3.6675 0.6375 0.736571 0.0221826 -0.675997 131 138 135
1.4175 3.65438 0.6525 0.910734 0.0964737 -0.401567 128 135 135
1.4096 3.6675 0.6525 0.728902 0.679749 0.0815042 148 152 150
1.4175 3.67618 0.5625 -0.656207 -0.754581 0 15 16 19
1.41023 3.6825 0.5625 -0.609766 -0.731582 -0.304916 49 49 49
1.4175 3.6825 0.557345 -0.229048 -0.798219 -0.557121 18 19 21
1.4175 3.66852 0.5775 -0.881936 0.471369 0 15 18 21
1.4175 3.6825 0.567259 -0.401386 -0.397213 0.825295 37 38 38
1.4175 3.69568 0.5325 -0.171312 -0.926207 -0.335847 41 41 43
1.40502 3.6975 0.5325 -0.129429 -0.788799 -0.600869 112 111 110
1.4175 3.6975 0.53015 0.152553 -0.756082 -0.636449 46 46 48
1.4175 3.69074 0.5475 -0.325189 -0.837768 -0.438631 20 20 22
1.4175 3.6975 0.572282 -0.128382 -0.106003 0.986043 60 59 56
1.4175 3.70961 0.4875 0.495616 -0.865794 0.0690328 150 152 155
1.41445 3.7125 0.5025 0.59883 -0.787688 -0.144744 143 144 146
1.4175 3.7125 0.495852 0.580549 -0.770371 0.263613 147 148 150
1.4175 3.70852 0.5175 0.266101 -0.872038 -0.41078 133 133 135
1.4175 3.7125 0.506877 0.305277 -0.816191 -0.490548 140 141 143
1.40607 3.7125 0.5625 -0.662799 0.508184 0.549951 114 112 107
1.4175 3.7125 0.575339 -0.238308 0.436214 0.867714 75 73 69
1.4175 3.71437 0.5025 0.551947 -0.825751 0.116147 143 144 146
1.4175 3.71899 0.5625 -0.243638 0.865498 0.437668 76 75 71
1.41902 3.6525 0.6525 1 0 0 127 135 134
1.4204 3.6975 0.5325 0.357784 -0.637141 -0.682673 27 27 29
1.4325 3.68628 0.5475 -0.0174522 -0.835852 -0.548677 17 18 22
1.4325 3.6975 0.538553 0.349278 -0.624748 -0.698352 15 16 20
1.4325 3.6825 0.557704 0.0083139 -0.937793 -0.347095 14 15 19
1.42162 3.7125 0.4875 0.601604 -0.791646 0.106623 150 152 154
1.4325 3.71076 0.5175 0.146079 -0.896423 -0.418434 29 30 34
1.4325 3.7125 0.514342 0.307656 -0.723295 -0.618217 44 46 50
1.4325 3.70304 0.5325 0.268572 -0.787171 -0.555186 18 19 23
1.4325 3.6975 0.574627 -0.147559 0.294947 0.944051 71 72 70
1.4325 3.7125 0.569941 0.147168 0.232885 0.961304 86 86 82
1.4325 3.72113 0.4875 0.579291 -0.810001 0.0912145 146 150 153
1.4325 3.72358 0.5025 0.467286 -0.837982 -0.281834 147 149 153
1.4325 3.71994 0.5625 0.0756362 0.821855 0.564653 84 84 80
1.43832 3.6075 0.6525 -0.886563 -0.0467217 0.460242 172 177 175
1.43718 3.6225 0.6525 -0.859528 -0.0357051 0.50984 170 174 172
1.44611 3.6075 0.6675 -0.842217 -0.0606968 0.535711 182 192 195
1.4475 3.61647 0.6675 -0.685915 0.122152 0.717356 184 194 198
1.4475 3.6225 0.666608 -0.631532 -0.109029 0.767645 184 193 198
1.4475 3.6075 0.668794 -0.176522 0.0705743 0.981763 184 195 199
1.43796 3.6375 0.6525 -0.931548 0.00390154 0.363598 171 174 172
1.4475 3.62538 0.6675 0.00888209 -0.302982 0.952955 184 193 198
1.44381 3.6375 0.6675 -0.871143 -0.0400043 0.489396 179 185 187
1.4475 3.6375 0.671381 -0.0977073 -0.136679 0.985785 183 192 196
1.4373 3.6525 0.6525 -0.897191 0.00698691 0.441587 169 172 169
1.44545 3.6525 0.6675 -0.839108 0.0482245 0.541824 179 187 190
1.4475 3.6525 0.669418 -0.24991 0.0997653 0.963116 181 190 195
1.43667 3.6675 0.6525 -0.848466 -0.0109261 0.529137 168 169 165
1.44663 3.6675 0.6675 -0.843469 -0.0676687 0.532898 180 187 189
1.4475 3.6675 0.668473 -0.175025 -0.0831593 0.981046 181 189 191
1.43554 3.6825 0.6525 -0.875266 -0.10349 0.472439 166 166 162
1.44271 3.6825 0.6675 -0.860203 -0.0762548 0.504219 175 179 178
1.4475 3.6825 0.672489 -0.196884 -0.152999 0.968415 180 186 189
1.43527 3.6975 0.6525 -0.888709 0.0226899 0.45791 166 165 159
1.44328 3.6975 0.6675 -0.876165 -0.0315757 0.480977 173 178 177
1.4475 3.6975 0.673311 -0.30192 -0.0858006 0.949464 177 184 186
1.43611 3.7125 0.6525 -0.932688 -0.0595478 0.355735 166 164 159
1.44069 3.7125 0.6675 -0.886394 -0.0429229 0.460937 170 172 169
1.4475 3.7125 0.674992 -0.327978 0.00702193 0.944659 176 182 184
1.43499 3.7275 0.6525 -0.920993 0.00793043 0.389498 164 161 154
1.44222 3.7275 0.6675 -0.839687 0.0624821 0.539465 170 172 169
1.4475 3.7275 0.67255 -0.419329 0.014477 0.907719 175 180 179
1.43497 3.7425 0.6525 -0.882254 -0.00277601 0.470766 162 160 151
1.44336 3.7425 0.6675 -0.844974 -0.0396507 0.533336 169 170 168
1.4475 3.7425 0.672264 -0.435763 0.0234034 0.899757 173 176 176
1.43371 3.7575 0.6525 -0.889251 -0.0626178 0.453114 161 157 148
1.44098 3.7575 0.6675 -0.848727 -0.0306804 0.52794 166 165 162
1.4475 3.7575 0.674262 -0.307369 -0.0687777 0.949102 170 173 173
1.43419 3.7725 0.6525 -0.893832 0.000552884 0.448401 159 155 148
1.44184 3.7725 0.6675 -0.85516 -0.0405361 0.516776 166 165 160
1.4475 3.7725 0.674871 -0.358903 -0.0540348 0.931809 169 171 169
1.43288 3.7875 0.6525 -0.893922 -0.0961209 0.437795 159 154 144
1.43992 3.7875 0.6675 -0.803563 -0.0630784 0.591869 162 160 153
1.4475 3.7875 0.675229 -0.372104 -0.0411341 0.927279 167 168 165
1.44006 3.8025 0.6675 -0.755103 -0.0370802 0.654557 161 158 152
1.4475 3.8025 0.677095 -0.365229 -0.114952 0.923793 165 165 164
1.9425 3.2625 0.683109 0.075632 -0.269101 0.960138 200 221 240
1.9425 3.2775 0.687273 8.75336e-05 -0.181995 0.983299 201 222 241
1.92812 3.2925 0.6825 -0.383778 0.184333 0.90484 202 221 238
1.9425 3.2925 0.688596 -0.182491 0.0625093 0.981218 202 223 242
1.9425 3.3075 0.685457 -0.09894 0.0327585 0.994554 202 223 242
1.9425 3.3225 0.68763 -0.0328999 -0.146863 0.98861 203 224 242
1.9425 3.3375 0.689344 -0.0546481 -0.147019 0.987623 202 225 241
1.9425 3.3525 0.691971 -0.270518 0.040141 0.961878 202 225 241
1.94807 3.2625 0.6825 0.103885 -0.280739 0.954145 201 222 241
1.9575 3.26598 0.6825 0.103639 -0.2806 0.954213 202 223 242
1.9575 3.2775 0.685887 0.112887 -0.270579 0.956056 201 224 242
1.9575 3.2925 0.689531 -0.0161609 -0.101735 0.99468 201 224 242
1.9575 3.3075 0.688058 -0.161195 0.109507 0.980828 202 225 243
1.9575 3.3225 0.687521 -0.0714139 -0.105496 0.991852 202 225 243
1.9575 3.3375 0.690297 -0.0689301 -0.180315 0.981191 203 226 244
1.9575 3.3525 0.693342 -0.0901091 -0.177524 0.979982 203 226 244
1.9725 3.2775 0.682802 0.190087 -0.331737 0.924022 203 224 243
1.9725 3.2925 0.688187 0.133595 -0.284416 0.949347 204 225 244
1.9725 3.3075 0.691726 -0.126166 -0.0589139 0.990258 205 226 245
1.9725 3.3225 0.688838 -0.245943 0.0355216 0.968633 205 226 245
1.9725 3.3375 0.69176 -0.09897 -0.194985 0.9758 204 226 246
1.9725 3.3525 0.694943 -0.133068 -0.213894 0.967751 204 226 247
1.9725 3.36304 0.6975 -0.182053 -0.22896 0.956261 205 227 248
1.9875 3.2925 0.684386 0.227169 -0.380207 0.89657 204 225 246
1.9875 3.3075 0.690747 0.0765123 -0.337501 0.938211 204 226 247
1.9875 3.3225 0.696272 -0.183858 -0.0327697 0.982406 205 227 248
1.9875 3.3375 0.693442 -0.236703 -0.103082 0.966098 205 227 248
1.9875 3.35135 0.6975 -0.478684 -0.251814 0.841101 206 228 249
1.98575 3.3525 0.6975 -0.182946 -0.258208 0.948609 206 228 249
1.9875 3.3525 0.697837 -0.20805 -0.152747 0.966118 206 228 249
2.0025 3.3075 0.690316 0.0266725 -0.372858 0.927505 206 228 249
2.0025 3.3225 0.696346 -0.0891144 -0.222391 0.970876 206 228 249
2.0025 3.32514 0.6975 -0.413823 -0.350462 0.840195 206 228 249
1.99429 3.3375 0.6975 -0.500776 -0.292225 0.814756 206 228 249
2.0025 3.3375 0.702637 -0.306791 -0.120713 0.944091 207 229 250
2.0025 3.3525 0.700422 -0.37203 -0.106563 0.922083 207 229 250
2.01639 3.2925 0.6975 -0.494236 0.09937 0.86363 206 228 249
2.0175 3.29802 0.6975 -0.494236 0.09937 0.86363 206 228 249
2.0175 3.2925 0.698135 -0.494236 0.09937 0.86363 206 228 249
2.0175 3.31013 0.6975 -0.369781 -0.356326 0.858076 206 228 249
2.00512 3.3225 0.6975 -0.358608 -0.358244 0.86201 206 228 249
2.0175 3.3225 0.702638 -0.354036 -0.149947 0.923133 208 230 251
2.0175 3.3375 0.705771 -0.160301 -0.258089 0.95273 209 231 252
2.0175 3.35202 0.7125 0.0739861 -0.416729 0.906015 210 232 253
2.01723 3.3525 0.7125 -0.602573 -0.310971 0.734985 210 232 253
2.0175 3.3525 0.71269 -0.569409 0 0.822054 210 232 253
2.0175 3.3534 0.7125 -0.624741 0.16165 0.763916 210 232 253
2.0325 3.30709 0.7125 -0.289749 -0.646649 0.705614 209 231 252
2.03159 3.3075 0.7125 -0.648227 0.522226 0.55415 209 231 252
2.0325 3.3075 0.712874 -0.379855 0 0.925046 209 231 252
2.01958 3.3075 0.6975 -0.701491 -0.266062 0.661152 206 228 249
2.0325 3.30859 0.7125 -0.591394 -0.0236619 0.806035 209 231 252
2.0325 3.3225 0.707751 -0.312677 0.246484 0.917322 209 231 252
2.0325 3.3375 0.704733 -0.0666273 -0.145515 0.98711 209 231 252
2.01923 3.3525 0.7125 0.0887795 -0.320377 0.943121 210 232 253
2.0325 3.3525 0.711251 0.0760559 -0.407066 0.910227 208 233 253
1.2075 3.3675 0.426448 0.141325 0.0441217 0.988979 168 179 197
1.2225 3.3675 0.418399 0.23488 0.00747437 0.971996 168 179 197
1.2225 3.3825 0.420056 0.231409 0.0714676 0.970228 168 181 198
1.2075 3.3825 0.421126 0.105104 0.0990295 0.989518 168 180 198
1.2225 3.3975 0.420632 0.245879 0.0579918 0.967564 168 181 198
1.2075 3.3975 0.421335 0.174047 0.0373866 0.984027 169 181 199
1.2225 3.4125 0.417185 0.245917 0.0666414 0.966997 168 182 198
1.2075 3.4125 0.421707 0.229693 -0.00120603 0.973262 167 182 199
1.2225 3.4275 0.417263 0.2653 -0.00784495 0.964134 168 182 199
1.2075 3.4275 0.421284 0.178265 0.107772 0.978063 168 183 200
1.2225 3.4425 0.417341 0.128489 0.0571964 0.99006 167 184 200
1.2075 3.4425 0.416641 0.189159 0.0897538 0.977836 168 184 201
1.2225 3.4575 0.417418 0.13384 -0.000267364 0.991003 168 184 201
1.2075 3.4575 0.417046 0.270104 -0.0633621 0.960744 168 185 204
1.2225 3.4725 0.417853 0.219011 -0.0409688 0.974862 169 187 206
1.2075 3.4725 0.41894 0.333472 -0.18261 0.924905 171 189 210
1.2225 3.4875 0.418588 0.321559 -0.196279 0.926323 170 188 210
1.2075 3.4875 0.42502 0.434313 -0.354698 0.827986 171 191 215
1.21641 3.5025 0.4275 0.730022 -0.593171 0.339434 180 202 226
1.2075 3.49018 0.4275 0.707349 -0.543965 0.451397 173 194 218
1.2225 3.5025 0.422758 0.507414 -0.255779 0.822866 175 196 220
1.21218 3.5025 0.4425 0.731597 -0.634217 0.250071 199 225 250
1.2075 3.49816 0.4425 0.691501 -0.657977 0.298148 200 225 250
1.2075 3.5025 0.453563 0.696658 -0.650444 0.30264 200 225 249
1.2225 3.50952 0.4275 0.688436 -0.493554 0.53147 186 209 233
1.2225 3.51546 0.4425 0.744994 -0.610878 0.267977 201 225 249
1.21775 3.5175 0.4575 0.711977 -0.652502 0.259482 204 226 249
1.2075 3.50461 0.4575 0.737544 -0.598473 0.312825 202 225 249
1.2225 3.5175 0.446325 0.715461 -0.627583 0.307009 202 225 249
1.21283 3.5175 0.4725 0.672572 -0.728128 0.132202 169 182 198
1.2075 3.51222 0.4725 0.717436 -0.658073 0.228531 174 189 206
1.21143 3.5175 0.4875 0.690288 -0.723309 0.0180684 169 178 189
1.2075 3.51408 0.4875 0.711612 -0.700637 0.0521182 170 179 191
1.2225 3.52256 0.4575 0.716907 -0.649816 0.252552 202 223 245
1.2225 3.52581 0.4725 0.696152 -0.70262 0.147299 169 180 194
1.2225 3.52846 0.4875 0.695967 -0.71543 0.0615669 172 179 190
1.2375 3.3675 0.417794 0.193617 0.0216259 0.980839 167 180 197
1.2375 3.3825 0.418414 0.128708 0.0846257 0.988065 167 180 197
1.2375 3.3975 0.41264 0.132214 0.116194 0.984387 168 181 198
1.2375 3.4125 0.412777 0.130505 0.0345822 0.990844 168 181 198
1.2375 3.4275 0.41294 0.136814 -0.0276567 0.990211 168 181 198
1.2375 3.4425 0.413785 0.218664 0.0300902 0.975336 168 184 200
1.2375 3.45569 0.4125 0.339332 0.0872208 0.936614 167 183 199
1.23716 3.4575 0.4125 0.327997 -0.0118051 0.944605 167 183 199
1.2375 3.4575 0.412392 0.299166 0.0187952 0.954016 167 183 199
1.2374 3.4725 0.4125 0.339082 -0.00524212 0.940742 168 185 203
1.2375 3.4725 0.412439 0.303862 0.0073429 0.952688 168 185 203
1.2375 3.47916 0.4125 0.327478 -0.0063497 0.944837 167 184 203
1.2375 3.4875 0.412546 0.368749 -0.0981212 0.924336 165 182 202
1.2375 3.48903 0.4125 0.585813 0.0368588 0.809608 165 183 203
1.23662 3.5025 0.4125 0.587558 0 0.809182 169 187 209
1.2375 3.5025 0.411866 0.331988 0.00433305 0.943274 169 187 209
1.2375 3.50611 0.4125 0.581709 -0.236822 0.778158 169 188 210
1.22941 3.5175 0.4275 0.702059 -0.639327 0.313645 191 215 239
1.2375 3.5175 0.416117 0.683843 -0.433695 0.586743 174 195 219
1.22424 3.5175 0.4425 0.709356 -0.655058 0.260218 201 225 249
1.2375 3.52612 0.4275 0.666854 -0.648631 0.366857 194 219 244
1.2375 3.53171 0.4425 0.700944 -0.660397 0.269355 200 224 250
1.23119 3.5325 0.4575 0.727723 -0.658086 0.193241 201 221 241
1.2375 3.5325 0.443893 0.702105 -0.632191 0.327692 200 224 250
1.22882 3.5325 0.4725 0.725142 -0.68143 0.099108 168 181 195
1.22657 3.5325 0.4875 0.723115 -0.688339 0.0573912 172 180 190
1.2375 3.53919 0.4575 0.693639 -0.679834 0.238097 188 207 225
1.2375 3.54232 0.4725 0.716711 -0.68957 0.10401 167 180 195
1.2375 3.54333 0.4875 0.703045 -0.706551 0.0807003 170 178 186
1.2525 3.3675 0.414021 0.0932128 -0.0406001 0.994818 168 181 198
1.2525 3.3825 0.413563 0.210302 0.0379312 0.9769 168 181 198
1.2525 3.3975 0.414506 0.098585 0.0647233 0.993022 168 181 198
1.2525 3.4125 0.414581 0.0104876 0.00231498 0.999942 168 181 198
1.2525 3.4275 0.414286 0.023951 0.0322283 0.999194 168 181 200
1.2525 3.43186 0.4125 0.312951 0.373016 0.873453 168 181 200
1.23992 3.4425 0.4125 0.342114 0.205303 0.916956 168 184 200
1.2525 3.4425 0.408153 0.178218 0.111886 0.977609 167 182 201
1.2525 3.4575 0.407876 0.118809 0.0195238 0.992725 167 182 201
1.2525 3.4725 0.407769 0.209546 0.0616198 0.975855 167 182 201
1.23762 3.4875 0.4125 0.326806 0.0256424 0.944743 165 182 202
1.2525 3.4875 0.407372 0.305701 0.0203459 0.95191 166 181 202
1.2525 3.5025 0.406976 0.28923 -0.00183485 0.957258 168 184 205
1.24025 3.5175 0.4125 0.634933 -0.399168 0.661457 170 190 214
1.2525 3.5175 0.407184 0.334722 -0.114403 0.935346 167 186 208
1.2494 3.5325 0.4125 0.731663 -0.582611 0.353884 169 191 215
1.2525 3.5325 0.41095 0.38081 -0.307414 0.872055 169 190 214
1.24393 3.5325 0.4275 0.714946 -0.625057 0.3133 191 217 241
1.23819 3.5325 0.4425 0.715557 -0.6389 0.282464 200 224 250
1.2525 3.53496 0.4125 0.602283 -0.708427 0.367948 171 193 217
1.2525 3.54098 0.4275 0.62455 -0.721531 0.298883 191 216 240
1.25108 3.5475 0.4425 0.717329 -0.64348 0.267157 202 224 248
1.2525 3.5475 0.439855 0.617965 -0.693942 0.369546 201 224 248
1.24587 3.5475 0.4575 0.696643 -0.689022 0.199843 188 207 226
1.24312 3.5475 0.4725 0.681281 -0.72744 0.0817833 165 177 192
1.24203 3.5475 0.4875 0.6882 -0.721006 0.0808171 169 177 185
1.2525 3.54902 0.4425 0.597983 -0.729514 0.332003 202 224 248
1.2525 3.55405 0.4575 0.661404 -0.715426 0.22519 194 213 233
1.2525 3.55612 0.4725 0.696566 -0.710355 0.100953 165 177 190
1.2525 3.55786 0.4875 0.709736 -0.700642 0.0733257 168 177 186
1.2675 3.37485 0.4125 0.24708 0.362761 0.89853 169 182 199
1.25618 3.3825 0.4125 0.279209 0.0400353 0.959395 168 181 198
1.2675 3.3825 0.409371 0.158921 0.148233 0.9761 169 182 199
1.2675 3.3675 0.415408 0.0899958 0.0528639 0.994538 169 182 199
1.25935 3.3975 0.4125 0.292882 -0.0251092 0.955819 168 181 199
1.2675 3.3975 0.409878 0.282772 -0.0230503 0.95891 169 182 201
1.25961 3.4125 0.4125 0.32572 0.038417 0.944686 168 181 199
1.2675 3.4125 0.410049 0.260014 0.0424996 0.964669 168 181 200
1.2582 3.4275 0.4125 0.385219 0.221095 0.895948 168 181 200
1.2675 3.4275 0.407836 0.211722 0.0836239 0.973746 168 181 200
1.2675 3.4425 0.408336 0.110044 -0.00141856 0.993926 168 181 200
1.2675 3.4575 0.408094 0.150555 0.0903302 0.984466 167 181 200
1.2675 3.4725 0.407388 0.231756 0.124618 0.964759 165 180 199
1.2675 3.4875 0.402665 0.24324 0.10782 0.963955 166 181 200
1.2675 3.5025 0.402579 0.291853 0.00133711 0.956462 168 183 203
1.2675 3.5175 0.403099 0.296971 -0.0552643 0.953286 166 183 204
1.2675 3.5325 0.404649 0.428842 -0.188336 0.883529 167 187 208
1.2671 3.5475 0.4125 0.619686 -0.735837 0.273007 177 201 225
1.2675 3.5475 0.412022 0.541706 -0.432169 0.720961 177 201 224
1.26106 3.5475 0.4275 0.600826 -0.728979 0.32802 198 224 249
1.2675 3.5479 0.4125 0.703858 -0.660106 0.262382 178 202 226
1.2675 3.55329 0.4275 0.677793 -0.663535 0.316728 198 224 249
1.2675 3.56084 0.4425 0.634252 -0.709896 0.306224 203 224 248
1.26101 3.5625 0.4575 0.653689 -0.735927 0.17636 189 206 225
1.2675 3.5625 0.44608 0.669736 -0.667903 0.324591 202 221 244
1.2585 3.5625 0.4725 0.67455 -0.728485 0.119548 166 176 189
1.25655 3.5625 0.4875 0.705198 -0.707365 0.0482804 167 176 186
1.2675 3.56751 0.4575 0.650691 -0.738437 0.176952 184 200 219
1.2675 3.56921 0.4725 0.61964 -0.773506 0.133177 164 174 187
1.2675 3.57335 0.4875 0.649558 -0.752187 0.110855 166 174 181
1.27832 3.3675 0.4125 0.321202 0.169474 0.931723 169 182 199
1.2825 3.3675 0.410262 0.199364 0.0288983 0.979499 169 182 199
1.2825 3.3825 0.409927 0.0834209 0.167757 0.982292 169 182 201
1.2825 3.3975 0.405575 0.139364 0.0777744 0.987182 169 182 201
1.2825 3.4125 0.405614 0.176699 -0.000509917 0.984265 168 181 200
1.2825 3.4275 0.405649 0.17148 0.0641626 0.983096 168 181 200
1.2825 3.4425 0.405502 0.233427 0.0140862 0.972272 168 181 200
1.2825 3.4575 0.405093 0.184577 0.143113 0.972342 167 181 200
1.2825 3.4725 0.399008 0.164839 0.153824 0.974252 166 181 200
1.2825 3.4875 0.398348 0.128321 0.0734418 0.98901 164 179 198
1.2825 3.5025 0.398297 0.13178 0.0182565 0.991111 167 182 201
1.2825 3.5175 0.3977 0.246746 0.0246018 0.968768 165 182 200
1.2825 3.52224 0.3975 0.443347 0.0350392 0.895665 165 182 201
1.28171 3.5325 0.3975 0.449134 -0.0255965 0.893098 165 183 203
1.2825 3.5325 0.397245 0.313371 0.0105754 0.949572 165 183 203
1.2825 3.54002 0.3975 0.365478 -0.0363014 0.930112 165 185 205
1.2825 3.5475 0.398224 0.584345 -0.335186 0.739047 165 186 207
1.28119 3.5625 0.4125 0.726657 -0.617533 0.301036 172 197 221
1.2825 3.5625 0.409867 0.697069 -0.493759 0.5199 169 193 217
1.27433 3.5625 0.4275 0.745303 -0.607251 0.275263 199 225 250
1.26939 3.5625 0.4425 0.716297 -0.64626 0.263185 203 224 248
1.2825 3.56414 0.4125 0.732482 -0.576455 0.362175 172 196 220
1.2825 3.57259 0.4275 0.741721 -0.605897 0.287642 200 225 249
1.2825 3.57747 0.4425 0.73049 -0.635146 0.250946 206 228 251
1.27957 3.5775 0.4575 0.663146 -0.740547 0.108759 167 182 198
1.2825 3.5775 0.442638 0.675255 -0.724536 0.138128 206 228 251
1.27731 3.5775 0.4725 0.646499 -0.751452 0.131749 160 172 186
1.2732 3.5775 0.4875 0.606686 -0.786446 0.115912 166 173 179
1.2825 3.5806 0.4575 0.711837 -0.68615 0.149951 165 180 196
1.2825 3.58332 0.4725 0.720466 -0.68859 0.0822939 160 172 185
1.2825 3.58385 0.4875 0.662616 -0.743071 0.0937342 167 173 178
1.2975 3.3675 0.407003 0.122904 0.0411584 0.991565 166 181 202
1.2975 3.3825 0.407127 0.176131 0.0750516 0.981501 166 181 201
1.2975 3.3975 0.403694 0.0869137 0.101157 0.991067 167 182 201
1.2975 3.4125 0.404722 0.139207 0.0471414 0.989141 169 182 201
1.2975 3.4275 0.404449 0.216531 0.0956701 0.971577 167 181 200
1.2975 3.4425 0.401012 0.261951 0.0961828 0.960276 166 181 200
1.2975 3.4575 0.400321 0.278487 0.0290723 0.96 166 181 200
1.2975 3.4725 0.400305 0.140183 0.0833316 0.986613 165 181 199
1.2975 3.4875 0.40029 0.044262 0.0231511 0.998752 165 182 200
1.2975 3.5025 0.399751 0.0368415 0.0747214 0.996524 162 179 198
1.2975 3.50733 0.3975 0.285027 0.407838 0.867426 163 180 198
1.28286 3.5175 0.3975 0.305402 0.192677 0.932526 165 182 200
1.2975 3.5175 0.392754 0.157617 0.132416 0.978582 164 180 198
1.2975 3.5325 0.392381 0.138238 0.0293106 0.989965 164 181 200
1.28328 3.5475 0.3975 0.544781 -0.198388 0.814773 165 186 207
1.2975 3.5475 0.392275 0.221375 -0.0318408 0.974669 164 184 204
1.28963 3.5625 0.3975 0.677507 -0.380466 0.629468 165 187 210
1.2975 3.5625 0.393722 0.294802 -0.16887 0.940518 163 184 207
1.2975 3.57282 0.3975 0.59604 -0.502238 0.626493 165 189 212
1.29311 3.5775 0.4125 0.72163 -0.614254 0.319284 182 208 233
1.2975 3.5775 0.403672 0.658595 -0.620622 0.425536 171 196 221
1.28675 3.5775 0.4275 0.708529 -0.669796 0.222171 200 224 248
1.28253 3.5775 0.4425 0.690628 -0.696793 0.19368 206 228 251
1.2975 3.58256 0.4125 0.685306 -0.612732 0.393592 186 212 237
1.2975 3.58896 0.4275 0.717251 -0.655516 0.236325 202 225 248
1.2975 3.59234 0.4425 0.702903 -0.691923 0.164833 205 223 245
1.2937 3.5925 0.4575 0.712878 -0.68856 0.133006 158 171 187
1.2975 3.5925 0.443087 0.70946 -0.679458 0.187093 203 221 243
1.29175 3.5925 0.4725 0.70976 -0.702994 0.0451676 163 173 183
1.29121 3.5925 0.4875 0.680553 -0.730256 0.0597821 167 172 175
1.2975 3.59626 0.4575 0.728933 -0.670124 0.139968 159 172 186
1.2975 3.5986 0.4725 0.729119 -0.681278 0.0651626 163 172 181
1.2975 3.59873 0.4875 0.720359 -0.693471 0.013467 166 171 174
1.3125 3.3675 0.408203 0.0549269 0.106962 0.992745 167 182 203
1.3125 3.3825 0.403528 0.140393 0.107047 0.984292 167 182 203
1.3125 3.3975 0.4036 0.15244 0.0556837 0.986743 167 182 203
1.3125 3.4125 0.403577 0.100965 0.107491 0.989066 166 183 203
1.3125 3.4275 0.397738 0.092613 0.168552 0.981332 165 182 202
1.3125 3.43255 0.3975 0.209244 0.0328998 0.97731 165 182 202
1.31145 3.4425 0.3975 0.247605 0.0452369 0.967805 164 181 201
1.3125 3.4425 0.39722 0.0800451 0.213687 0.973617 164 181 201
1.30799 3.4575 0.3975 0.259729 0.0276077 0.965287 165 181 201
1.3125 3.4575 0.396407 0.253945 0.0378791 0.966477 164 181 201
1.30709 3.4725 0.3975 0.31178 0.0268217 0.949776 165 181 201
1.3125 3.4725 0.396023 0.240591 0.0610833 0.968703 164 181 201
1.30636 3.4875 0.3975 0.387407 0.0370249 0.921165 164 181 201
1.3125 3.4875 0.39408 0.245031 0.0646812 0.967355 163 181 201
1.3044 3.5025 0.3975 0.384912 0.254017 0.88731 162 179 198
1.3125 3.5025 0.393245 0.211711 0.0540159 0.975838 162 180 200
1.3125 3.5175 0.394152 0.0716294 0.0250827 0.997116 163 180 200
1.3125 3.5325 0.392518 0.035539 0.0722634 0.996752 164 180 201
1.3125 3.5475 0.391256 0.122889 0.104752 0.986876 165 180 202
1.3125 3.5625 0.391025 0.268164 -0.0638186 0.961257 165 181 205
1.30359 3.5775 0.3975 0.486062 -0.543137 0.68465 166 187 212
1.3125 3.5775 0.393022 0.435882 -0.186162 0.88054 166 182 208
1.3125 3.58624 0.3975 0.623062 -0.426631 0.655576 165 185 211
1.30611 3.5925 0.4125 0.717158 -0.625386 0.307534 198 225 251
1.3125 3.5925 0.402511 0.687359 -0.537486 0.488514 175 198 225
1.30081 3.5925 0.4275 0.737682 -0.64807 0.189289 202 225 249
1.29765 3.5925 0.4425 0.740849 -0.651589 0.163015 205 223 245
1.3125 3.59987 0.4125 0.704828 -0.6142 0.354931 197 225 250
1.3125 3.60598 0.4275 0.732064 -0.637452 0.240288 197 223 247
1.31078 3.6075 0.4425 0.745778 -0.647019 0.158684 186 203 221
1.3125 3.6075 0.433781 0.733887 -0.661593 0.153966 193 215 236
1.30749 3.6075 0.4575 0.737829 -0.66433 0.119476 162 174 188
1.30587 3.6075 0.4725 0.717265 -0.695844 0.0365086 163 171 176
1.3275 3.3675 0.405656 0.1536 0.0597242 0.986327 167 183 203
1.3275 3.3825 0.401508 0.0487078 0.154778 0.986748 166 183 203
1.3275 3.3975 0.400802 0.0649204 0.0641274 0.995828 166 183 203
1.3275 3.4125 0.399057 0.190176 0.0988282 0.976763 166 183 203
1.3275 3.4275 0.399973 0.0954232 0.0612735 0.993549 166 183 203
1.3139 3.4425 0.3975 -0.176853 0.143119 0.973776 164 181 201
1.3275 3.4425 0.399896 0.00452684 0.0785461 0.9969 165 182 202
1.3275 3.44733 0.3975 -0.0108701 0.445186 0.895372 165 182 202
1.3275 3.4575 0.392457 0.106343 0.171098 0.979498 164 181 201
1.3275 3.4725 0.39192 0.156594 0.0410179 0.986811 164 181 201
1.3275 3.4875 0.391348 0.179966 0.0805422 0.98037 163 180 200
1.3275 3.5025 0.391144 0.224493 0.0115003 0.974408 162 180 200
1.3275 3.5175 0.391024 0.225438 0.00413918 0.974249 162 180 200
1.3275 3.5325 0.390591 0.209572 0.0427453 0.976858 163 180 200
1.3275 3.5475 0.39023 0.123797 0.171 0.977463 164 180 202
1.3275 3.5625 0.38377 0.187528 0.132859 0.973233 165 180 203
1.3275 3.57553 0.3825 0.554089 0.0839848 0.82821 164 180 205
1.32714 3.5775 0.3825 0.578414 0 0.815744 164 180 205
1.3275 3.5775 0.382386 0 0 1 164 180 205
1.3275 3.57865 0.3825 0.384959 -0.264788 0.884134 164 180 205
1.31593 3.5925 0.3975 0.712546 -0.480449 0.511319 165 186 213
1.3275 3.5925 0.385875 0.361658 -0.295047 0.884393 166 184 210
1.32548 3.6075 0.3975 0.741438 -0.5706 0.353107 170 196 223
1.3275 3.6075 0.395314 0.508952 -0.48072 0.714056 168 194 221
1.3191 3.6075 0.4125 0.726926 -0.617461 0.300534 199 228 252
1.31392 3.6075 0.4275 0.713025 -0.665313 0.221256 197 223 246
1.3425 3.3675 0.401592 0.212312 0.079666 0.973949 167 184 204
1.3425 3.3825 0.401898 0.165555 0.0271773 0.985826 167 184 204
1.3425 3.3975 0.402165 0.0512746 0.124437 0.990902 166 183 203
1.3425 3.40753 0.3975 0.0514989 0.422771 0.904772 166 183 203
1.33328 3.4125 0.3975 0.26055 0.0243415 0.965153 166 183 203
1.3425 3.4125 0.395193 0.0825928 0.193475 0.977623 166 183 203
1.33622 3.4275 0.3975 0.281852 -0.00912461 0.959414 166 183 203
1.3425 3.4275 0.395677 0.268032 -0.00913625 0.963367 166 183 203
1.33558 3.4425 0.3975 0.28619 0.239187 0.927839 165 182 202
1.3425 3.4425 0.395268 0.186593 0.123636 0.974627 165 182 202
1.3425 3.4575 0.392391 0.0454077 0.110973 0.992786 164 181 201
1.3425 3.4725 0.3914 0.100913 0.125235 0.986982 164 181 201
1.3425 3.4875 0.390262 0.199261 0.137729 0.970219 163 180 200
1.3425 3.5025 0.386363 0.264742 0.091898 0.95993 162 180 200
1.3425 3.5175 0.386785 0.278426 -0.005286 0.960443 160 180 200
1.3425 3.5325 0.386601 0.258067 0.0287662 0.965699 160 180 199
1.3425 3.5475 0.385884 0.266491 0.0466635 0.962707 162 179 200
1.3425 3.5625 0.385043 0.133311 0.115676 0.9843 163 180 201
1.32823 3.5775 0.3825 -0.16222 0.0773172 0.983721 164 180 205
1.3425 3.5775 0.384797 0.0320383 -0.00740441 0.999459 164 179 203
1.3425 3.5925 0.384238 0.185023 -0.0945987 0.97817 163 180 205
1.3425 3.6075 0.38839 0.358237 -0.412126 0.837746 166 186 213
1.35672 3.3675 0.3975 0.275876 -0.0228745 0.960921 166 183 203
1.3575 3.37291 0.3975 0.252356 -0.0374247 0.966911 166 183 203
1.3575 3.3675 0.397277 0.187842 0.0308803 0.981714 166 183 203
1.3575 3.3825 0.397871 0.264464 -0.0306019 0.96391 166 183 203
1.3575 3.3975 0.398391 0.248847 -0.0089111 0.968502 166 183 203
1.35486 3.4125 0.3975 -0.168014 0.414609 0.894355 166 183 203
1.3575 3.4125 0.398009 0.194336 0.0800698 0.977662 166 183 203
1.3575 3.41364 0.3975 -0.123333 0.404208 0.906314 166 183 203
1.3575 3.4275 0.391308 0.117557 0.147525 0.982047 165 181 203
1.3575 3.4425 0.391383 0.192675 0.0455951 0.980203 165 182 202
1.3575 3.4575 0.391177 0.202622 0.0586362 0.9775 164 181 201
1.3575 3.4725 0.39053 0.105861 0.176785 0.97854 164 180 202
1.3575 3.4875 0.383906 0.109167 0.204667 0.972725 163 179 202
1.3575 3.50193 0.3825 0.245058 0.0926711 0.965069 162 178 201
1.35737 3.5025 0.3825 0.274602 0.000252114 0.961558 162 178 201
1.3575 3.5025 0.382469 -0.150626 0.0243389 0.988291 162 178 201
1.35613 3.5175 0.3825 0.300245 -0.00733294 0.953834 162 180 202
1.3575 3.5175 0.382096 0.20114 0.0381546 0.978819 162 180 202
1.3575 3.5294 0.3825 0.318007 -0.0328655 0.947519 162 180 202
1.3575 3.5325 0.382689 0.270692 0.0106348 0.962607 162 180 202
1.3575 3.53444 0.3825 0.272601 0.0597097 0.960273 162 180 202
1.35482 3.5475 0.3825 0.264911 0.0536396 0.96278 162 178 201
1.3575 3.5475 0.381723 0.302881 0.0495764 0.951738 162 178 201
1.35175 3.5625 0.3825 0.272583 0.0421154 0.96121 162 179 201
1.3575 3.5625 0.380978 0.290425 0.0434277 0.955912 162 178 201
1.34956 3.5775 0.3825 0.317089 0.0527046 0.94693 163 179 202
1.3575 3.5775 0.380165 0.261789 0.0648517 0.962944 162 178 201
1.34788 3.5925 0.3825 0.425713 -0.0747665 0.901764 163 179 204
1.3575 3.5925 0.378434 0.271395 0.0393029 0.961665 162 178 202
1.35206 3.6075 0.3825 0.6051 -0.261614 0.751939 164 181 207
1.3575 3.6075 0.378754 0.36648 -0.0746672 0.927425 163 180 205
1.35839 3.3675 0.3975 -0.205112 0.377399 0.90305 166 183 203
1.3725 3.37462 0.3975 0 0.408292 0.912851 167 184 204
1.35888 3.3825 0.3975 0.255054 -0.0319601 0.966399 166 183 203
1.3725 3.3825 0.393975 -0.00795992 0.0687228 0.997604 166 183 203
1.3725 3.3675 0.400684 0.0749548 0.150947 0.985696 167 184 204
1.36103 3.3975 0.3975 0.260095 0.00363114 0.965576 166 183 203
1.3725 3.3975 0.394329 0.0862815 0.0739667 0.993521 166 182 205
1.35945 3.4125 0.3975 0.25094 0.223902 0.941752 166 183 203
1.3725 3.4125 0.394012 0.175096 0.139488 0.97462 166 182 205
1.3725 3.4275 0.390521 0.0278413 0.0944218 0.995143 165 181 204
1.3725 3.4425 0.390637 0.0735673 0.144599 0.986752 164 180 203
1.3725 3.4575 0.387119 0.206437 0.103816 0.972937 164 180 203
1.3725 3.4725 0.386303 0.247973 0.0481413 0.96757 164 180 203
1.3725 3.4875 0.385577 0.122694 0.121086 0.98503 164 180 203
1.35771 3.5025 0.3825 -0.14997 0.057652 0.987008 162 178 201
1.3725 3.5025 0.384736 -0.00961414 0.0457221 0.998908 163 179 202
1.35979 3.5175 0.3825 -0.164146 0.162391 0.972977 162 180 202
1.3725 3.5175 0.384735 0.0637462 0.0885675 0.994028 162 178 201
1.3725 3.52229 0.3825 0 0.429695 0.902974 162 178 202
1.35782 3.5325 0.3825 0.318177 0.040655 0.947159 162 180 202
1.3725 3.5325 0.377597 0.156639 0.131631 0.978845 161 179 202
1.3725 3.5475 0.377047 0.136102 0.0600055 0.988876 161 179 202
1.3725 3.5625 0.376112 0.197214 0.0565392 0.978729 160 178 201
1.3725 3.5775 0.375739 0.215598 0.0236998 0.976195 160 178 200
1.3725 3.5925 0.375365 0.185883 0.0536371 0.981107 161 178 200
1.3725 3.6075 0.374992 0.229977 0.0272708 0.972814 161 179 202
1.38649 3.3675 0.3975 0.211876 0.277608 0.937039 168 185 205
1.3875 3.3675 0.397293 0.198311 0.11138 0.97379 168 185 205
1.3875 3.3825 0.396402 0.126098 0.00463963 0.992007 167 184 204
1.3875 3.3975 0.397366 0.0689771 0.165626 0.983773 166 183 203
1.3875 3.4125 0.390722 0.15453 0.164183 0.974251 165 182 204
1.3875 3.4275 0.390506 0.197356 0.0794081 0.97711 165 181 204
1.3875 3.4425 0.390141 0.13924 0.134249 0.981117 165 181 204
1.3875 3.4575 0.38368 0.0364928 0.198199 0.979482 165 181 204
1.3875 3.4725 0.382948 0.125453 0.0803392 0.988841 164 180 203
1.3875 3.4771 0.3825 0.125742 0.0680507 0.989726 164 180 203
1.3851 3.4875 0.3825 0.244238 0.0640453 0.967598 164 180 203
1.3875 3.4875 0.381919 0.227376 0.14024 0.963656 164 180 203
1.38063 3.5025 0.3825 0.29996 0.0512796 0.952573 162 180 202
1.3875 3.5025 0.380734 0.230534 0.0793647 0.969822 162 180 202
1.38005 3.5175 0.3825 0.369645 0.246242 0.895951 161 179 201
1.3875 3.5175 0.37857 0.168901 0.108153 0.979681 161 179 201
1.3875 3.5325 0.377645 0.0179193 0.0509534 0.99854 161 179 202
1.3875 3.5475 0.376939 0.0602769 0.119478 0.991005 161 179 203
1.3875 3.5625 0.375358 0.168259 0.107247 0.979891 160 178 201
1.3875 3.5775 0.37352 0.192565 0.0497042 0.980025 160 178 200
1.3875 3.5925 0.373643 0.258184 0.0598372 0.964241 160 178 200
1.3875 3.6075 0.371947 0.28823 0.09434 0.952902 160 178 200
1.4025 3.3675 0.391173 0.372094 0.172226 0.912077 169 186 206
1.4025 3.3825 0.392093 0.311214 0.00988231 0.950288 168 184 206
1.4025 3.3975 0.391596 0.331191 0.0768878 0.940426 167 184 206
1.4025 3.4125 0.38745 0.255715 0.247577 0.934513 167 183 206
1.4025 3.4275 0.386318 0.249668 0.0859033 0.964514 166 182 205
1.4025 3.4425 0.383657 0.355961 0.0374381 0.933751 165 181 204
1.4025 3.4575 0.38488 0.0897085 0.121869 0.988484 165 181 204
1.4025 3.4725 0.38457 -0.0726312 0.115426 0.990657 165 181 204
1.4025 3.4768 0.3825 0.11979 0.302535 0.945581 164 181 204
1.4025 3.4875 0.377361 0.124882 0.195748 0.97267 164 181 203
1.4025 3.5025 0.376522 0.170621 0.0528379 0.983919 163 181 203
1.4025 3.5175 0.376575 0.205992 0.0468636 0.977431 162 180 202
1.4025 3.5325 0.377118 0.235145 0.0186404 0.971781 161 179 202
1.4025 3.5475 0.376552 0.160199 0.145067 0.976367 160 178 202
1.4025 3.5625 0.370826 0.123444 0.205853 0.970766 160 178 202
1.4025 3.5775 0.368747 0.175951 0.0834074 0.980859 160 178 200
1.4025 3.58581 0.3675 0.293949 0.132215 0.946633 159 177 199
1.40038 3.5925 0.3675 0.394973 0.105723 0.912589 159 177 199
1.4025 3.5925 0.366956 -0.0930675 0.0679733 0.993337 159 177 199
1.39633 3.6075 0.3675 0.364372 0.0893788 0.926954 158 178 199
1.4025 3.6075 0.365737 -0.0462348 0.0589057 0.997192 157 178 199
1.41097 3.4725 0.3825 0.28969 0.452504 0.843398 164 182 204
1.4175 3.4725 0.379416 0.0972795 0.229925 0.968334 164 182 204
1.4175 3.4875 0.378282 -0.0609428 0.101307 0.992987 164 182 204
1.4175 3.5025 0.376356 -0.0129796 0.106933 0.994182 163 181 203
1.4175 3.5175 0.374281 0.104312 0.117718 0.987553 163 181 203
1.4175 3.5325 0.370939 0.308706 0.0749346 0.948201 161 179 202
1.4175 3.5475 0.370182 0.387405 0.0287555 0.921461 161 179 201
1.4175 3.5625 0.3701 0.168865 0.166298 0.971509 159 177 201
1.4175 3.5775 0.368206 0.0400491 0.0745313 0.996414 159 177 201
1.40728 3.5925 0.3675 -0.13071 0.0771277 0.988416 159 177 199
1.4175 3.5925 0.368812 -0.0449089 0.0231141 0.998724 159 177 199
1.41134 3.6075 0.3675 -0.173028 0.0375419 0.984201 158 177 199
1.4175 3.6075 0.368765 0.0162304 0.0151452 0.999754 159 177 199
1.42116 3.5925 0.3675 0.464864 0.025129 0.885025 159 177 199
1.42137 3.6075 0.3675 0.496748 0.0251929 0.867529 158 177 199
1.4325 3.5925 0.361544 0.463833 0.0746933 0.882768 158 177 201
1.4325 3.6075 0.360275 0.518934 0.0349746 0.854098 156 177 199
1.21442 3.3975 0.6225 1 0 0 149 155 158
1.2075 3.39145 0.6225 -5.29518e-17 -1 0 145 151 154
1.2075 3.3975 0.620773 0 0 -1 129 134 137
1.2075 3.3975 0.626248 3.89804e-17 0 1 137 142 145
1.2075 3.40633 0.6225 -1.05904e-16 1 0 134 139 140
1.21122 3.5175 0.5025 0.689762 -0.72338 0.0308403 176 179 186
1.2075 3.51381 0.5025 0.692937 -0.720737 0.0193961 176 179 186
1.21027 3.5175 0.5175 0.682081 -0.728822 -0.0598726 175 180 189
1.2075 3.51433 0.5175 0.717384 -0.696352 -0.0213091 176 180 189
1.21265 3.5175 0.5325 0.687646 -0.723188 -0.0643652 177 183 189
1.2075 3.51302 0.5325 0.679262 -0.730794 -0.0674011 178 182 189
1.21403 3.5175 0.5475 0.721032 -0.692352 -0.0275927 178 184 191
1.2075 3.51019 0.5475 0.672125 -0.738376 -0.0552218 180 185 191
1.21382 3.5175 0.5625 0.614126 -0.680226 0.400177 179 185 191
1.2075 3.51164 0.5625 0.66071 -0.729824 0.175554 180 185 191
1.2075 3.5175 0.566107 0.424486 -0.462194 0.778581 179 182 186
1.20828 3.5175 0.6225 0.783217 -0.621749 7.58359e-17 177 180 177
1.2075 3.513 0.6225 0.71877 -0.635568 0.281821 177 180 177
1.2075 3.5175 0.6213 0.409227 -0.363167 -0.837044 177 179 177
1.2075 3.5175 0.626855 0.668424 -0.566678 0.481752 177 180 177
1.2225 3.52799 0.5025 0.701095 -0.713009 0.00916347 173 180 187
1.2225 3.52888 0.5175 0.690863 -0.722719 -0.0196323 174 181 189
1.2225 3.52605 0.5325 0.698109 -0.713119 -0.064073 176 183 191
1.2225 3.52693 0.5475 0.726536 -0.686544 -0.0283343 177 184 190
1.2225 3.52503 0.5625 0.700167 -0.705535 0.109483 180 186 192
1.2225 3.5325 0.566502 0.429887 -0.402917 0.807995 179 183 187
1.2075 3.5325 0.574575 0.202093 -0.127429 0.971041 176 177 175
1.2225 3.53189 0.6225 0.680281 -0.652687 0.333493 177 179 178
1.2225 3.5325 0.621576 0.472319 -0.313272 -0.823878 177 179 178
1.2075 3.5325 0.61544 0.380779 -0.323812 -0.866114 176 178 175
1.21179 3.5325 0.6375 0.603054 -0.577596 0.55019 176 179 176
1.2075 3.52787 0.6375 0.636287 -0.567416 0.522665 177 179 176
1.2225 3.5325 0.62578 0.633426 -0.608445 0.478087 177 179 178
1.2075 3.5325 0.642222 0.395436 -0.310784 0.864317 176 178 175
1.21229 3.5475 0.5775 0.897473 -0.216295 0.384393 174 175 172
1.2075 3.54057 0.5775 0.0734446 -0.907751 0.41303 175 175 171
1.2225 3.5475 0.573189 0.340384 -0.0425368 0.939324 176 178 178
1.21155 3.5475 0.5925 0.999816 -0.0122761 -0.0147345 176 176 173
1.2075 3.54248 0.5925 0.304843 -0.951817 0.0334039 176 176 172
1.21256 3.5475 0.6075 0.833663 -0.132565 -0.536127 176 176 173
1.2075 3.54177 0.6075 0.0961308 -0.989568 -0.107301 176 176 173
1.2225 3.5475 0.616539 0.400999 -0.18885 -0.896401 176 178 176
1.2225 3.54353 0.6375 0.618044 -0.548912 0.562777 176 179 176
1.20984 3.5475 0.6525 0.726276 -1.42215e-16 0.687403 175 177 173
1.2075 3.54374 0.6525 0.509762 -0.547766 0.663397 175 177 173
1.2225 3.5475 0.640291 0.35307 -0.262203 0.898104 176 178 176
1.2075 3.5475 0.65614 -4.85222e-17 0 1 175 177 172
1.22173 3.5625 0.5625 -0.428396 0.659657 0.617519 173 173 171
1.2075 3.54996 0.5625 -0.584192 0.714944 0.384155 172 172 168
1.2075 3.5625 0.558277 -0.412623 0.47054 0.779958 169 167 163
1.2075 3.54973 0.5775 0.00537149 0.979585 0.200959 173 173 169
1.2225 3.5625 0.571291 0.374005 0.52816 0.762344 174 174 173
1.2225 3.56217 0.5925 0 -0.999771 -0.0214159 175 176 173
1.22235 3.5625 0.5925 -0.999981 5.23129e-17 -0.00608499 175 175 173
1.2075 3.54961 0.5925 0.499493 0.866102 -0.0193313 175 174 170
1.2225 3.5625 0.588867 -2.87198e-16 0 -1 175 175 173
1.2225 3.5621 0.6075 0.589289 -0.511572 -0.625326 176 176 174
1.22231 3.5625 0.6075 -0.528257 -0.435545 -0.728865 176 176 174
1.2075 3.55034 0.6075 0.0109907 0.925376 -0.37889 174 173 169
1.2075 3.5625 0.617603 -0.267741 0.363073 -0.892464 170 169 162
1.2225 3.56197 0.6525 0.552059 -0.534119 0.640271 175 177 173
1.22226 3.5625 0.6525 -0.596002 -0.502644 0.626203 175 177 173
1.2075 3.54866 0.6525 0.00801126 0.722606 0.691214 175 177 172
1.2075 3.5625 0.638682 -0.127084 0.183632 0.974746 171 172 165
1.2225 3.5625 0.653218 -8.27666e-17 0 1 175 177 173
1.2225 3.56306 0.5625 0 0.997974 0.063618 173 174 172
1.2225 3.56261 0.5925 0.156359 0.987688 -0.00482513 175 175 173
1.2225 3.56263 0.6075 -0.282457 0.615487 -0.735795 176 176 174
1.21777 3.5775 0.6225 -0.64456 0.764553 0 170 169 163
1.2075 3.56832 0.6225 -0.44914 0.742995 -0.496217 170 169 162
1.2225 3.5775 0.6195 -0.237673 0.608457 -0.75716 170 170 164
1.2225 3.5747 0.6375 -0.0132931 0.984843 0.17294 171 171 166
1.21719 3.5775 0.6375 0.834993 0.0286163 0.549516 170 171 164
1.2225 3.5775 0.635463 -0.0640338 0.886272 0.458717 170 170 164
1.2075 3.5775 0.635753 0.341233 -0.121775 -0.932057 170 171 164
1.2225 3.56271 0.6525 -0.010181 0.647691 0.761835 175 177 173
1.2075 3.5775 0.640899 0.389732 -0.237154 0.889869 171 171 165
1.2225 3.58097 0.6225 0 1 0 170 170 163
1.2142 3.5925 0.6225 0.848443 -0.0552094 -0.5264 168 167 159
1.2075 3.58421 0.6225 0.526515 -0.666124 -0.528263 169 167 160
1.2075 3.5925 0.611059 0.716903 0.0393264 -0.696063 168 165 157
1.22212 3.5925 0.6375 0.915748 -0.30982 0.25577 171 171 165
1.2075 3.5925 0.646478 0.461826 -0.316913 0.828422 171 170 164
1.2075 3.59989 0.5475 0.865475 -0.415015 0.280563 164 160 150
1.2075 3.60659 0.6225 0.776591 0.412882 -0.475852 167 163 153
1.2225 3.59321 0.6375 0.965899 -0.247362 0.0764994 170 170 164
1.2075 3.60491 0.6525 0.510202 -0.356456 0.782709 171 170 163
1.22653 3.5325 0.5025 0.743056 -0.669162 -0.00950706 172 179 187
1.22615 3.5325 0.5175 0.726692 -0.686274 -0.0307585 174 181 189
1.22769 3.5325 0.5325 0.749126 -0.661158 -0.0409924 175 182 190
1.22777 3.5325 0.5475 0.721169 -0.690572 -0.055 177 184 190
1.23002 3.5325 0.5625 0.699738 -0.629491 0.337799 179 185 191
1.22313 3.5325 0.6225 0.93087 -0.347657 0.112316 177 179 178
1.2375 3.54554 0.5025 0.733901 -0.679032 0.0174584 171 178 186
1.2375 3.54376 0.5175 0.716154 -0.697503 -0.0247561 173 180 188
1.2375 3.54393 0.5325 0.725557 -0.686912 -0.0414739 174 181 189
1.2375 3.54215 0.5475 0.704122 -0.70845 -0.0480714 177 184 190
1.2375 3.5416 0.5625 0.726703 -0.682805 0.0753621 178 185 191
1.2375 3.5475 0.565351 0.49807 -0.122541 0.858435 177 183 187
1.22635 3.5475 0.6225 0.80867 -0.517568 -0.2796 177 179 177
1.22681 3.5475 0.6375 0.842006 -0.509865 0.176251 176 179 176
1.2375 3.55125 0.5625 0.532027 0.594932 0.602498 176 182 186
1.22349 3.5625 0.5625 0.531064 0.669379 0.519521 173 174 172
1.2375 3.5625 0.556345 0.217408 -0.0875839 0.972143 174 178 178
1.22277 3.5625 0.5925 0.9486 -0.316294 -0.0107768 175 175 173
1.22282 3.5625 0.6075 0.557192 0.236131 -0.796103 176 176 174
1.2375 3.55861 0.6225 0.633767 -0.682772 -0.363541 177 179 176
1.2375 3.5625 0.617326 0.630697 9.59237e-17 -0.776029 176 178 176
1.2375 3.56014 0.6375 0.674526 -0.668354 0.313556 175 178 175
1.22312 3.5625 0.6525 0.683339 -7.96909e-16 0.730101 175 177 173
1.2375 3.5625 0.639179 0.257737 -0.195484 0.946233 175 177 175
1.2375 3.57049 0.6225 0.498113 0.699972 -0.511784 177 178 175
1.231 3.5775 0.6225 0.526396 0.749291 -0.401833 174 175 170
1.22605 3.5775 0.6375 -0.322717 0.800606 0.50486 171 171 166
1.2375 3.5775 0.631522 -0.0852754 0.134079 -0.987295 175 176 173
1.2375 3.5775 0.649035 -0.354745 0.0367912 0.934239 174 175 172
1.2375 3.5828 0.6375 -0.639219 0.728603 -0.24604 173 173 170
1.23962 3.5475 0.5025 0.679758 -0.733151 -0.0204655 171 178 186
1.24152 3.5475 0.5175 0.687134 -0.726396 -0.014015 172 179 187
1.24131 3.5475 0.5325 0.688623 -0.721606 -0.0712976 173 180 188
1.2436 3.5475 0.5475 0.845153 -0.490257 0.212989 176 183 189
1.24265 3.5475 0.5625 0.939307 0.096912 0.329106 177 184 190
1.2525 3.55942 0.5025 0.691865 -0.721539 0.0265183 169 176 182
1.2525 3.55771 0.5175 0.693102 -0.719774 -0.0391894 171 178 184
1.2525 3.5586 0.5325 0.694149 -0.719198 -0.0302004 172 179 185
1.2525 3.55577 0.5475 0.528215 -0.839093 0.130044 175 182 188
1.2525 3.55665 0.5625 0.121145 -0.951272 0.283559 176 183 189
1.24816 3.5625 0.5625 -0.537623 0 0.843185 175 180 183
1.2525 3.5625 0.565909 -3.09319e-17 0 1 175 181 185
1.24127 3.5625 0.6225 0.978151 -0.0677022 -0.196564 176 178 176
1.24274 3.5625 0.6375 0.911393 -0.403744 -0.079711 176 178 176
1.2525 3.56696 0.5625 -0.242162 0.490364 0.837198 174 180 183
1.2525 3.5775 0.556672 0.120567 -0.113669 0.986176 172 176 176
1.2375 3.5775 0.560858 0.258136 -0.278306 0.925155 172 174 172
1.2525 3.57352 0.6225 -0.16539 -0.92179 -0.350642 176 178 176
1.24425 3.5775 0.6225 -0.697325 0 -0.716755 176 178 175
1.2525 3.5775 0.616929 0 0 -1 175 177 175
1.2525 3.56894 0.6375 0.277399 -0.936105 -0.216232 176 178 176
1.2525 3.5775 0.641863 0.323866 -0.45001 0.832227 175 176 174
1.2525 3.58612 0.6225 -0.405129 0.655684 -0.637142 176 177 175
1.24612 3.5925 0.6375 -0.717934 0.686258 0.116704 172 172 168
1.2525 3.5925 0.630022 0.0518083 0.386631 -0.920778 174 175 172
1.2525 3.5925 0.649626 -0.313099 0.20888 0.926465 173 174 171
1.2525 3.59874 0.6375 -0.703095 0.692804 -0.16025 171 172 168
1.25582 3.5625 0.5025 0.69756 -0.716501 -0.0060724 169 176 181
1.25678 3.5625 0.5175 0.71225 -0.701194 -0.0320493 170 177 182
1.25699 3.5625 0.5325 0.701043 -0.712407 -0.0318568 172 179 184
1.2582 3.5625 0.5475 0.869351 -0.454448 0.194177 174 181 186
1.25878 3.5625 0.5625 0.949564 0.0844156 0.301997 176 182 187
1.2675 3.5733 0.5025 0.687899 -0.725451 0.0227132 167 175 178
1.2675 3.57375 0.5175 0.703788 -0.709771 -0.0301176 168 176 179
1.2675 3.57222 0.5325 0.688325 -0.725018 -0.0236326 170 178 181
1.2675 3.5728 0.5475 0.52015 -0.838955 0.159999 173 179 183
1.2675 3.57114 0.5625 0.0891526 -0.976158 0.197906 176 181 185
1.26296 3.5775 0.5625 -0.519885 8.74893e-18 0.854236 175 179 181
1.2675 3.5775 0.565801 -2.69554e-17 0 1 175 179 182
1.25663 3.5775 0.6225 0.832266 -0.167745 -0.52839 175 177 175
1.26576 3.5775 0.6375 0.480114 -0.743466 0.465563 176 178 176
1.2675 3.58217 0.5625 -0.223463 0.497266 0.838326 175 178 180
1.2675 3.5925 0.556533 0.107904 -0.0950143 0.989611 172 174 173
1.2525 3.5925 0.560288 0.236498 -0.227711 0.944572 172 174 172
1.2675 3.57862 0.6375 0.765056 -0.154761 -0.625091 176 178 176
1.2675 3.5925 0.634461 0.247875 -0.262567 -0.932532 175 176 173
1.2675 3.5925 0.644554 0.312833 -0.451615 0.835572 174 175 172
1.27122 3.5775 0.5025 0.67467 -0.737558 0.0287904 167 174 178
1.27177 3.5775 0.5175 0.68722 -0.7254 -0.0390447 168 175 178
1.27319 3.5775 0.5325 0.704068 -0.709908 -0.0178445 170 177 180
1.27286 3.5775 0.5475 0.847943 -0.492606 0.195786 173 178 182
1.27436 3.5775 0.5625 0.955396 0.0794576 0.284437 176 181 185
1.2825 3.58703 0.5025 0.629204 -0.772504 0.0856721 168 173 177
1.2825 3.58747 0.5175 0.634617 -0.772825 0.00156189 167 172 176
1.2825 3.58741 0.5325 0.706813 -0.707389 -0.00404452 168 173 177
1.2825 3.58705 0.5475 0.527159 -0.833416 0.165898 170 175 179
1.2825 3.58616 0.5625 0.105318 -0.964178 0.24345 174 179 183
1.27828 3.5925 0.5625 -0.513561 9.33922e-18 0.858053 173 177 178
1.2825 3.5925 0.565511 -1.67341e-17 0 1 173 177 179
1.28229 3.5925 0.6375 0.549654 -0.675017 0.492172 176 178 175
1.2825 3.59654 0.5625 -0.244115 0.48446 0.840063 172 176 177
1.2675 3.6075 0.560187 0.231893 -0.230248 0.945099 172 172 170
1.2825 3.59268 0.6375 0.566088 -0.697913 -0.438704 176 178 175
1.28984 3.5925 0.5025 0.609372 -0.792824 0.00985466 167 172 175
1.28986 3.5925 0.5175 0.594528 -0.800842 0.0720313 166 171 175
1.28667 3.5925 0.5325 0.656914 -0.753707 0.0197463 167 172 176
1.28838 3.5925 0.5475 0.84539 -0.493632 0.204065 168 173 177
1.28803 3.5925 0.5625 0.944727 0.0886596 0.315642 172 176 180
1.2975 3.5992 0.5025 0.694498 -0.719446 -0.00837394 165 170 173
1.2975 3.59771 0.5175 0.677818 -0.735071 0.0152819 165 170 173
1.2975 3.60034 0.5325 0.620549 -0.781849 0.060254 166 171 174
1.2975 3.60041 0.5475 0.469366 -0.864401 0.180296 167 171 174
1.2975 3.6013 0.5625 0.122381 -0.943718 0.307278 169 173 176
1.2975 3.60506 0.6375 0.320616 -0.413718 -0.852081 173 175 172
1.38829 3.3675 0.6225 -0.940222 0.00830453 0.340462 193 212 226
1.38856 3.3825 0.6225 -0.955896 -0.0161219 0.293262 178 192 202
1.39387 3.3675 0.6375 -0.943701 -0.0195065 0.330223 184 198 206
1.39268 3.3825 0.6375 -0.944769 -0.0401607 0.325268 184 195 202
1.39936 3.3675 0.6525 -0.887748 -0.0716241 0.454724 191 202 208
1.39987 3.3825 0.6525 -0.860887 0.0125616 0.508641 191 202 208
1.4025 3.3675 0.655969 -0.0941524 -0.0987623 0.990647 195 206 212
1.4025 3.3825 0.65531 -0.00235989 -0.0115801 0.99993 194 205 211
1.38873 3.3975 0.6225 -0.968894 0.125793 0.213122 180 191 198
1.39162 3.3975 0.6375 -0.952369 0.0704748 0.296693 182 193 199
1.4008 3.3975 0.6525 -0.829879 0.0525968 0.555459 191 202 208
1.4025 3.3975 0.654234 -0.203258 0.0647477 0.976982 193 204 210
1.39546 3.4125 0.6225 -0.971675 0.235983 -0.012652 179 189 196
1.39218 3.4125 0.6375 -0.917981 0.0442383 0.39415 182 192 198
1.40211 3.4125 0.6525 -0.865642 -0.0449337 0.498644 192 203 209
1.4025 3.4125 0.653025 -0.165876 -0.101111 0.980949 193 204 210
1.39264 3.4275 0.6375 -0.907092 -0.0993145 0.409048 180 189 195
1.39782 3.4275 0.6525 -0.897944 -0.097208 0.429241 186 196 201
1.4025 3.4275 0.658074 -0.200983 -0.150916 0.9679 193 203 209
1.39155 3.4425 0.6375 -0.919919 -0.0207023 0.391561 177 185 190
1.39853 3.4425 0.6525 -0.860481 0.0260075 0.508818 186 195 201
1.4025 3.4425 0.656878 -0.322944 0.0899906 0.94213 192 201 208
1.39091 3.4575 0.6375 -0.919573 0.23114 0.317743 174 180 185
1.39941 3.4575 0.6525 -0.822419 0.0682529 0.564773 188 196 203
1.4025 3.4575 0.65507 -0.261219 0.10328 0.959738 190 197 202
1.4025 3.46929 0.6375 -0.701365 0.68392 -0.200849 175 183 188
1.40093 3.4725 0.6525 -0.870349 0.248193 0.425316 189 197 203
1.4025 3.4725 0.648435 -0.698301 0.681595 -0.218639 186 194 201
1.4025 3.4725 0.653984 -0.254737 0.153461 0.954756 190 198 204
1.4025 3.4741 0.6525 -0.737101 0.661963 -0.135967 185 193 199
1.4156 3.3675 0.6525 0.26506 -0.0435312 0.963249 195 206 212
1.41226 3.3825 0.6525 0.275869 -0.131711 0.952129 194 205 211
1.4175 3.3675 0.651983 -0.0504592 -0.00694071 0.998702 195 206 212
1.4175 3.3825 0.650948 0.0191142 0.00265095 0.999814 194 205 211
1.4175 3.38693 0.6525 0.264361 -0.313072 0.912195 194 205 212
1.4175 3.3975 0.656098 0.0543723 -0.122546 0.990972 195 205 213
1.4175 3.4125 0.655455 -0.132936 0.042292 0.990222 194 204 211
1.4175 3.4275 0.655121 0.0273179 -0.147735 0.98865 193 204 210
1.4175 3.4425 0.659369 -0.00545847 -0.0876077 0.99614 194 204 210
1.4175 3.4575 0.657965 -0.157686 0.137026 0.977936 193 202 209
1.40554 3.4725 0.6375 -0.893575 0.435941 0.107141 175 183 188
1.4175 3.4725 0.655929 -0.112301 0.0701881 0.991192 188 195 200
1.40588 3.4875 0.6375 -0.861742 -0.0297631 0.506473 166 172 178
1.41469 3.4875 0.6525 -0.866159 0.299778 0.399877 179 186 192
1.4175 3.4875 0.655207 -0.244245 0.174603 0.953865 188 195 200
1.4045 3.5025 0.6375 -0.69721 0.110476 0.708303 117 122 128
1.4175 3.49175 0.6525 -0.526338 0.381063 0.760105 186 193 196
1.4175 3.5025 0.647398 -0.466936 0.157247 0.870198 179 183 181
1.40433 3.5175 0.6375 -0.608951 0.175008 0.773661 116 122 127
1.4175 3.5175 0.64804 -0.402509 0.243531 0.882428 176 180 178
1.4175 3.53088 0.6375 -0.533604 0.523376 0.664337 174 176 172
1.42152 3.3675 0.6525 -0.124409 0.0540703 0.990757 195 206 213
1.42999 3.3825 0.6525 -0.129647 0.0688124 0.98917 195 205 213
1.4325 3.3675 0.653867 -0.132307 0.0480181 0.990045 194 207 215
1.4325 3.3825 0.653039 -0.1931 0.0341559 0.980584 195 205 214
1.4325 3.38694 0.6525 -0.191258 0.08187 0.978119 195 205 214
1.43 3.3975 0.6525 0.26141 -0.325852 0.908562 195 205 214
1.4325 3.3975 0.651783 -0.0190322 -0.0537004 0.998376 195 205 214
1.4325 3.39943 0.6525 -0.189072 -0.360978 0.913207 195 205 214
1.4325 3.4125 0.657357 0.00518841 -0.107133 0.994231 195 205 213
1.4325 3.4275 0.656676 -0.111283 0.0170189 0.993643 195 205 211
1.4325 3.4425 0.657248 0.0207824 -0.15912 0.987041 194 205 211
1.4325 3.4575 0.660671 -0.0883763 0.00131744 0.996086 194 204 211
1.4325 3.4725 0.656749 -0.209407 0.120956 0.970319 186 196 198
1.4325 3.4875 0.656979 -0.226591 -0.0285514 0.973571 185 195 197
1.42727 3.5025 0.6525 -0.466531 0.430112 0.772886 183 192 194
1.4325 3.5025 0.656091 -0.506053 0.246559 0.82651 184 194 198
1.4325 3.50798 0.6525 -0.444528 0.412708 0.795027 183 192 194
1.4325 3.5175 0.647951 -0.258609 0.0840582 0.962318 178 184 182
1.41904 3.5325 0.6375 -0.538137 0.520585 0.662872 174 176 172
1.4325 3.5325 0.648413 -0.440195 0.377211 0.814826 176 181 179
1.4325 3.54642 0.6375 -0.538364 0.520044 0.663113 177 179 176
1.4475 3.3675 0.655845 -0.137117 0.0395373 0.989766 195 208 216
1.4475 3.3825 0.655168 -0.129734 0.00923497 0.991506 195 207 216
1.43641 3.3975 0.6525 -0.286526 0.0304738 0.957588 195 205 214
1.4475 3.3975 0.656123 -0.124878 -0.0407708 0.991334 196 206 215
1.4475 3.4125 0.654303 0.00119084 -0.0525304 0.998619 196 206 215
1.4475 3.4275 0.658886 0.00687996 -0.108615 0.99406 196 206 214
1.4475 3.4425 0.657896 -0.0789957 -0.0264254 0.996525 193 206 214
1.4475 3.4575 0.660167 0.0232767 -0.169243 0.985299 192 205 212
1.4475 3.4725 0.662451 -0.15025 0.0163798 0.988512 192 205 211
1.4475 3.4875 0.660652 -0.17483 -0.0471215 0.98347 190 203 209
1.4475 3.5025 0.665328 -0.218906 -0.0949753 0.971113 190 203 209
1.44118 3.5175 0.6525 -0.691322 0.233868 0.683652 183 191 193
1.4475 3.5175 0.662812 -0.533152 0.127193 0.836404 189 202 208
1.43923 3.5325 0.6525 -0.761947 0.0444135 0.646115 179 186 186
1.4475 3.5325 0.663707 -0.475201 0.0174667 0.879704 189 200 205
1.43353 3.5475 0.6375 -0.853112 0.166713 0.494376 177 179 176
1.43979 3.5475 0.6525 -0.875101 0.0158109 0.483683 179 187 187
1.4475 3.5475 0.662087 -0.462869 -0.0350654 0.885733 188 200 205
1.43386 3.5625 0.6375 -0.925535 0.135768 0.353486 179 183 179
1.43932 3.5625 0.6525 -0.930823 0.0108171 0.365311 176 182 181
1.4475 3.5625 0.666382 -0.519026 -0.0886216 0.850152 188 199 203
1.4406 3.5775 0.6375 -0.98033 0.175034 0.0911925 173 177 174
1.43793 3.5775 0.6525 -0.909832 -0.0196316 0.414513 173 179 177
1.4475 3.5775 0.665104 -0.437758 0.0288359 0.89863 186 197 202
1.43876 3.5925 0.6525 -0.820441 -0.0357219 0.570615 174 179 178
1.4475 3.5925 0.663745 -0.527767 -0.0980839 0.843707 185 196 201
1.4475 3.60358 0.6675 -0.176972 -0.302645 0.936529 184 195 199
1.7025 3.3825 0.670919 -0.0710865 -0.0185586 0.997297 196 214 228
1.6875 3.3825 0.670048 -0.0593044 -0.0202884 0.998034 196 214 228
1.7025 3.3975 0.671558 -0.0755945 -0.0302471 0.99668 195 214 228
1.6875 3.3975 0.670334 -0.0559987 -0.0318269 0.997923 196 214 228
1.7025 3.4125 0.671888 -0.0688104 -0.0338405 0.997056 196 215 229
1.6875 3.4125 0.671121 -0.0710726 -0.0247754 0.997163 196 214 228
1.7025 3.4275 0.672561 -0.0758869 -0.0195468 0.996925 197 216 230
1.6875 3.4275 0.671162 -0.0976212 0.00321025 0.995218 196 215 229
1.7025 3.4425 0.67247 -0.0959201 0.0142434 0.995287 198 217 231
1.6875 3.4425 0.671068 -0.0149102 -0.0789349 0.996768 197 216 230
1.7025 3.4575 0.672171 0.0089133 -0.110723 0.993811 198 217 232
1.6875 3.4575 0.673765 -0.0416729 -0.0861623 0.995409 198 215 231
1.7025 3.4725 0.6759 0.0248239 -0.0697707 0.997254 197 216 233
1.6875 3.4725 0.673411 -0.0820797 -0.00156322 0.996625 198 215 231
1.7025 3.4875 0.675659 -0.106911 -0.0179497 0.994107 198 217 234
1.6875 3.4875 0.671839 0.0243069 -0.0585732 0.997987 198 215 231
1.7025 3.5025 0.675104 -0.0840796 -0.105344 0.990875 198 217 234
1.6875 3.5025 0.6765 -0.00289052 -0.124172 0.992256 197 215 231
1.7025 3.5175 0.67832 -0.0519364 -0.0732969 0.995957 198 217 233
1.6875 3.5175 0.676177 -0.136356 0.0266566 0.990301 197 215 231
1.7025 3.5325 0.677673 -0.141112 0.0256115 0.989662 198 217 233
1.6875 3.5325 0.675776 0.0328556 -0.150418 0.988076 199 216 232
1.7025 3.5475 0.677402 0.00848366 -0.140163 0.990092 197 216 232
1.6875 3.5475 0.681018 0.0401614 -0.104701 0.993693 199 216 232
1.7025 3.55996 0.6825 0.142887 -0.375038 0.915931 198 217 232
1.69628 3.5625 0.6825 -0.217171 -0.18646 0.958159 198 217 232
1.6875 3.5625 0.680122 -0.0922394 -0.051218 0.994419 199 216 232
1.7025 3.5625 0.683508 -0.0839644 -0.038257 0.995734 198 217 232
1.69922 3.5775 0.6825 -0.164841 0.0142074 0.986218 198 217 233
1.6875 3.5775 0.68094 -0.138189 0.0203114 0.990198 197 216 231
1.7025 3.5775 0.682935 -0.136371 0.0397763 0.989859 198 217 234
1.7025 3.58824 0.6825 -0.131753 0.0401291 0.99047 198 217 233
1.7025 3.5925 0.682328 -0.158247 0.0490283 0.986182 198 217 232
1.6875 3.5925 0.679908 -0.167589 0.0621277 0.983897 197 216 231
1.7175 3.3825 0.672167 -0.0737648 -0.0338168 0.996702 196 215 229
1.7175 3.3975 0.672668 -0.0861895 -0.0347836 0.995671 197 216 230
1.7175 3.4125 0.673175 -0.090565 -0.0260286 0.99555 197 216 230
1.7175 3.4275 0.673439 -0.0841823 -0.0276987 0.996065 198 217 232
1.7175 3.4425 0.673999 -0.0953172 -0.0072713 0.99542 198 217 232
1.7175 3.4575 0.673583 -0.112829 0.00314083 0.993609 198 217 233
1.7175 3.4725 0.674053 -0.0360698 -0.0497688 0.998109 197 218 233
1.7175 3.4875 0.673728 0.0383222 -0.0949695 0.994742 199 218 235
1.7175 3.5025 0.678517 0.00161033 -0.108616 0.994083 198 217 234
1.7175 3.5175 0.678103 -0.105413 -0.107757 0.988573 199 218 235
1.7175 3.5325 0.679911 -0.107742 -0.0335907 0.993611 198 217 234
1.7175 3.5475 0.679821 -0.157227 0.0140696 0.987462 199 218 235
1.70618 3.5625 0.6825 0.259181 -0.350691 0.899912 198 217 233
1.7175 3.5625 0.679189 -0.00610097 -0.124828 0.99216 199 218 235
1.7175 3.57102 0.6825 0.244432 -0.350163 0.904234 199 218 235
1.7175 3.5775 0.685018 0.0356345 -0.0627787 0.997391 199 218 235
1.70379 3.5925 0.6825 -0.136048 0.0317734 0.990193 198 217 232
1.7175 3.5925 0.684389 -0.0454308 -0.0180805 0.998804 197 218 235
1.7325 3.3825 0.673282 -0.0816623 -0.0425738 0.99575 198 217 232
1.7325 3.3975 0.674116 -0.0836585 -0.0435863 0.995541 198 217 232
1.7325 3.4125 0.674604 -0.0901428 -0.0288329 0.995511 198 217 232
1.7325 3.4275 0.675086 -0.097291 -0.0293399 0.994823 196 218 232
1.7325 3.4425 0.675268 -0.104525 -0.0192223 0.994336 197 219 233
1.7325 3.4575 0.675727 -0.115522 -0.0107995 0.993246 197 219 233
1.7325 3.4725 0.675633 -0.123196 -0.012494 0.992304 198 218 234
1.7325 3.4875 0.676103 -0.128268 -0.00981604 0.991691 198 218 234
1.7325 3.5025 0.676009 -0.0140882 -0.160818 0.986884 198 218 235
1.7325 3.51726 0.6825 0.261829 -0.388627 0.883411 200 219 236
1.73192 3.5175 0.6825 -0.270691 -0.336168 0.902063 200 219 236
1.7325 3.5175 0.682598 0 0 1 200 219 236
1.7325 3.51992 0.6825 0.00737672 0.0672946 0.997706 200 219 236
1.7325 3.5325 0.68163 -0.0830489 -0.0323238 0.996021 200 219 236
1.7325 3.5475 0.681884 -0.13048 -0.0151124 0.991336 198 219 236
1.7325 3.5625 0.682317 -0.18211 0.0328426 0.98273 198 219 236
1.72729 3.5775 0.6825 0.230863 -0.0476653 0.971818 198 218 235
1.7325 3.5775 0.681212 -0.0597614 -0.049509 0.996984 197 218 235
1.72603 3.5925 0.6825 0.207102 -0.188604 0.959967 198 219 236
1.7325 3.5925 0.681171 0.059873 -0.0479233 0.997055 198 219 236
1.7325 3.59586 0.6825 -0.113896 -0.392157 0.91282 198 219 236
1.7475 3.3825 0.67468 0.133066 -0.180247 0.974579 196 218 232
1.7475 3.3975 0.675198 0.040602 -0.0523626 0.997802 197 219 233
1.7475 3.4125 0.675993 -0.014572 -0.0698047 0.997454 197 219 233
1.7475 3.4275 0.676153 -0.0871581 -0.0376771 0.995482 197 219 233
1.7475 3.4425 0.677214 -0.102935 -0.0349074 0.994075 197 219 233
1.7475 3.4575 0.677111 -0.117352 -0.0163488 0.992956 197 218 234
1.7475 3.4725 0.677776 -0.118454 -0.0181701 0.992793 198 219 236
1.7475 3.4875 0.677687 -0.123237 -0.0124228 0.9923 198 219 236
1.7475 3.5025 0.678151 -0.129638 -0.0129018 0.991478 200 221 238
1.73284 3.5175 0.6825 0.299984 2.05993e-18 0.953944 200 219 236
1.7475 3.5175 0.677881 0.0279285 -0.145869 0.98891 199 220 237
1.7475 3.52854 0.6825 0.0842011 -0.381346 0.92059 199 220 237
1.73631 3.5325 0.6825 -0.160273 -0.204445 0.965668 200 219 236
1.7475 3.5325 0.684098 -0.0853103 -0.0878767 0.992472 199 220 237
1.73697 3.5475 0.6825 -0.147512 -0.00795798 0.989028 198 219 236
1.7475 3.5475 0.684006 -0.156213 -0.0169965 0.987577 199 220 237
1.73373 3.5625 0.6825 -0.138394 -0.00315046 0.990372 198 219 236
1.7475 3.5625 0.6844 -0.160364 0.00575738 0.987041 199 220 237
1.73886 3.5775 0.6825 -0.178079 0.0296885 0.983568 198 219 236
1.7475 3.5775 0.684245 -0.174933 -0.0161076 0.984449 199 220 237
1.73929 3.5925 0.6825 -0.230972 -0.0646121 0.970813 198 219 236
1.7475 3.5925 0.685179 -0.150234 -0.133784 0.979557 199 220 237
1.7625 3.3825 0.670785 0.00538855 -0.167554 0.985848 197 219 233
1.7625 3.3975 0.672633 0.0295216 -0.0971755 0.994829 197 219 233
1.7625 3.4125 0.673897 0.0194372 -0.133143 0.990906 197 219 233
1.7625 3.4275 0.677798 -0.0248628 -0.125008 0.991844 197 219 233
1.7625 3.4425 0.67828 -0.0898671 -0.0511435 0.99464 198 219 235
1.7625 3.4575 0.679341 -0.108616 -0.0312811 0.993592 199 220 237
1.7625 3.4725 0.679239 -0.122445 -0.0179541 0.992313 199 220 237
1.7625 3.4875 0.679828 -0.121852 -0.0150573 0.992434 199 220 237
1.7625 3.5025 0.679735 -0.124596 -0.0274376 0.991828 200 221 238
1.7625 3.5175 0.680613 -0.138446 -0.0062023 0.990351 200 221 238
1.75348 3.5325 0.6825 0.235636 -0.379884 0.894519 199 220 237
1.7625 3.5325 0.680105 -0.0493372 -0.130466 0.990225 200 221 238
1.7625 3.53794 0.6825 -0.0194969 -0.401155 0.915802 200 221 239
1.7625 3.5475 0.68656 0.0154618 -0.163404 0.986438 199 222 239
1.7625 3.5625 0.687008 -0.16131 -0.0112495 0.98684 199 222 239
1.7625 3.5775 0.686674 -0.17007 0.0127495 0.985349 200 221 238
1.7625 3.5925 0.686677 -0.102317 -0.0941721 0.990284 199 222 238
1.7775 3.3825 0.673012 -0.160474 -0.0938534 0.982568 197 219 233
1.7775 3.3975 0.67449 -0.148167 -0.12126 0.9815 197 219 233
1.7775 3.4125 0.676538 -0.173064 -0.0983941 0.979983 198 220 234
1.7775 3.4275 0.677506 -0.10942 -0.117492 0.987027 198 219 235
1.7775 3.4425 0.679924 -0.0714309 -0.0780748 0.994385 198 219 236
1.7775 3.4575 0.680406 -0.0861168 -0.0538225 0.99483 199 220 237
1.7775 3.4725 0.681423 -0.111783 -0.0302075 0.993273 200 221 238
1.7775 3.4875 0.681411 -0.117145 -0.0235138 0.992836 200 221 238
1.7775 3.5025 0.681875 -0.1365 -0.0200334 0.990438 200 221 238
1.7775 3.5175 0.682331 -0.136887 -0.0214472 0.990354 200 223 241
1.7775 3.52275 0.6825 -0.184344 -0.0438166 0.981885 200 223 241
1.77582 3.5325 0.6825 -0.185005 -0.146163 0.971807 200 223 241
1.7775 3.5325 0.683011 -0.110751 -0.0802259 0.990605 200 223 241
1.7775 3.5475 0.682853 0.0187953 -0.166325 0.985892 200 223 241
1.7775 3.5625 0.689076 0.0141291 -0.193937 0.980912 200 223 240
1.7775 3.5775 0.68948 -0.151722 0.000931992 0.988423 200 223 240
1.7775 3.5925 0.689133 -0.164987 -0.00193461 0.986294 200 223 239
1.7925 3.3825 0.675506 -0.145241 -0.106793 0.983616 198 220 234
1.7925 3.3975 0.676982 -0.149282 -0.115725 0.981999 199 221 235
1.7925 3.4125 0.6792 -0.147912 -0.130222 0.98039 199 220 237
1.7925 3.4275 0.680939 -0.174134 -0.072482 0.982051 199 220 237
1.7925 3.4425 0.680979 -0.151766 -0.0610356 0.98653 199 220 237
1.7925 3.4575 0.681765 -0.102669 -0.0605518 0.992871 200 221 238
1.7925 3.46388 0.6825 -0.152933 -0.0782752 0.985132 200 221 238
1.78692 3.4725 0.6825 -0.1171 -0.0417855 0.992241 201 222 239
1.7925 3.4725 0.683112 -0.156656 -0.0410166 0.986801 201 222 239
1.78781 3.4875 0.6825 -0.10998 -0.0138073 0.993838 201 222 239
1.7925 3.4875 0.683056 -0.175569 -0.045675 0.983407 201 222 239
1.78097 3.5025 0.6825 -0.157916 -0.0561764 0.985853 200 221 238
1.7925 3.5025 0.684656 -0.151378 -0.0541483 0.986992 200 223 239
1.7784 3.5175 0.6825 -0.176411 -0.026234 0.983967 200 223 241
1.7925 3.5175 0.684953 -0.161686 -0.0327569 0.986298 200 223 239
1.7925 3.5325 0.685401 -0.144933 -0.0439079 0.988467 202 223 242
1.7925 3.5475 0.686747 -0.182406 -0.0835691 0.979665 202 223 241
1.7925 3.5625 0.687271 -0.116205 -0.17639 0.977437 201 224 240
1.7925 3.5775 0.691364 -0.0877779 -0.123268 0.988484 201 224 241
1.7925 3.5925 0.6915 -0.182918 -0.00996333 0.983078 201 224 242
1.8075 3.3825 0.677723 -0.134546 -0.136982 0.981394 199 221 235
1.8075 3.3975 0.679208 -0.177956 -0.114851 0.977313 199 221 235
1.8075 3.4125 0.68095 -0.140178 -0.124774 0.982233 200 221 238
1.8075 3.42425 0.6825 -0.144241 -0.100059 0.984471 200 221 238
1.80425 3.4275 0.6825 -0.123579 -0.0856199 0.988634 200 221 238
1.8075 3.4275 0.68274 -0.11653 -0.0700877 0.990711 200 221 238
1.79877 3.4425 0.6825 -0.165033 -0.0424481 0.985374 199 221 238
1.8075 3.4425 0.683847 -0.130864 -0.0477403 0.99025 200 223 239
1.79553 3.4575 0.6825 -0.176974 -0.0459222 0.983144 200 221 238
1.8075 3.4575 0.684347 -0.137666 -0.058001 0.988779 200 223 239
1.8075 3.4725 0.685342 -0.141223 -0.0709505 0.987432 201 224 240
1.8075 3.4875 0.686405 -0.174569 -0.0281513 0.984242 200 223 241
1.8075 3.5025 0.686456 -0.159086 -0.040901 0.986417 200 223 241
1.8075 3.5175 0.68719 -0.147541 -0.0456635 0.988001 201 224 242
1.8075 3.5325 0.688008 -0.163889 -0.0193851 0.986288 202 225 243
1.8075 3.5475 0.68775 -0.102786 -0.103699 0.989283 201 224 242
1.8075 3.5625 0.691845 -0.110304 -0.135042 0.984681 202 225 243
1.8075 3.5775 0.692631 -0.183472 -0.166856 0.968761 202 225 243
1.8075 3.5925 0.694994 -0.195099 -0.0539741 0.979297 202 225 243
1.8225 3.3825 0.679867 -0.182503 -0.128013 0.974836 199 221 235
1.8225 3.39447 0.6825 -0.117265 -0.163943 0.979475 199 222 236
1.82025 3.3975 0.6825 -0.24105 -0.141971 0.960072 199 222 236
1.8225 3.3975 0.682846 -0.106129 -0.059566 0.992567 199 222 236
1.81506 3.4125 0.6825 -0.187001 -0.0850828 0.978668 199 222 238
1.8225 3.4125 0.683383 -0.123162 -0.062557 0.990413 199 222 238
1.8225 3.4275 0.684456 -0.129368 -0.0758329 0.988693 199 222 238
1.8225 3.4425 0.685563 -0.137952 -0.062815 0.988445 199 222 238
1.8225 3.4575 0.68621 -0.150515 -0.0570523 0.98696 199 222 239
1.8225 3.4725 0.687361 -0.152461 -0.0760496 0.985379 200 223 241
1.8225 3.4875 0.688633 -0.158662 -0.0562598 0.985729 201 224 242
1.8225 3.5025 0.689035 -0.178719 -0.0311868 0.983406 201 224 242
1.8225 3.5175 0.689598 -0.184347 -0.0441513 0.981869 202 225 243
1.8225 3.5325 0.690357 -0.182445 -0.0351183 0.982589 202 225 243
1.8225 3.5475 0.690556 -0.204151 -0.0220378 0.978691 203 226 244
1.8225 3.5625 0.690971 -0.105335 -0.177594 0.97845 203 226 244
1.8225 3.5767 0.6975 0.157442 -0.412503 0.897247 203 226 244
1.82074 3.5775 0.6975 -0.319923 -0.241083 0.916258 203 226 244
1.8225 3.5775 0.697869 -0.179297 -0.0647688 0.981661 203 226 244
1.81859 3.5925 0.6975 -0.254978 -0.0539932 0.965438 203 226 244
1.8225 3.5925 0.698317 -0.214998 -0.00898692 0.976573 203 226 244
1.8375 3.3825 0.682048 -0.123113 -0.123999 0.984615 199 222 236
1.8375 3.38472 0.6825 -0.104001 -0.124702 0.986729 199 222 236
1.8375 3.3975 0.684019 -0.112983 -0.105098 0.988023 200 221 238
1.8375 3.4125 0.685289 -0.136749 -0.0795776 0.987404 200 221 238
1.8375 3.4275 0.686488 -0.157079 -0.0809385 0.984264 199 222 238
1.8375 3.4425 0.687881 -0.158445 -0.078004 0.984282 200 223 239
1.8375 3.4575 0.688986 -0.173515 -0.0713331 0.982245 201 224 241
1.8375 3.4725 0.690092 -0.188657 -0.0764539 0.979063 201 224 241
1.8375 3.4875 0.691196 -0.191513 -0.060782 0.979606 201 224 242
1.8375 3.5025 0.691921 -0.197974 -0.0516396 0.978846 202 225 243
1.8375 3.5175 0.692795 -0.201377 -0.0341357 0.978919 200 225 243
1.8375 3.5325 0.693465 -0.189309 -0.0504672 0.98062 201 226 244
1.8375 3.5475 0.693946 -0.216504 -0.0426202 0.975351 203 225 246
1.8375 3.5625 0.695003 -0.235129 -0.0243197 0.97166 204 226 247
1.82416 3.5775 0.6975 0.199403 -0.416636 0.886935 203 226 244
1.8375 3.5775 0.694558 -0.0682601 -0.204219 0.976542 204 226 247
1.8375 3.58389 0.6975 -0.0435621 -0.438341 0.897752 204 226 247
1.8375 3.5925 0.701612 -0.0731341 -0.165074 0.983566 203 226 247
1.8397 3.3825 0.6825 -0.151179 -0.104058 0.983014 199 222 236
1.8525 3.3825 0.684089 -0.109688 -0.107266 0.988161 200 221 238
1.8525 3.3975 0.685947 -0.119509 -0.126398 0.984754 200 221 238
1.8525 3.4125 0.687588 -0.143547 -0.101398 0.984435 201 222 239
1.8525 3.4275 0.689369 -0.156244 -0.0992329 0.982721 200 223 239
1.8525 3.4425 0.690513 -0.160376 -0.0572806 0.985393 201 224 241
1.8525 3.4575 0.691542 -0.119561 -0.0798696 0.989609 201 224 241
1.8525 3.4725 0.693009 -0.133479 -0.106025 0.985364 201 224 242
1.8525 3.4875 0.694466 -0.179103 -0.0696829 0.981359 202 225 243
1.8525 3.5025 0.695119 -0.182237 -0.0611888 0.981349 203 226 244
1.8525 3.5175 0.696267 -0.221665 -0.0274755 0.974736 201 227 244
1.8525 3.5325 0.695755 -0.197513 -0.0372018 0.979594 201 227 244
1.8525 3.5475 0.697327 -0.200248 -0.0686261 0.977339 201 227 244
1.8525 3.54995 0.6975 -0.172291 -0.0665628 0.982795 201 227 244
1.84855 3.5625 0.6975 -0.216499 -0.0272836 0.975901 204 226 247
1.8525 3.5625 0.698326 -0.19317 -0.0484247 0.97997 204 226 247
1.8495 3.5775 0.6975 -0.251262 -0.079435 0.964654 204 226 247
1.8525 3.5775 0.698875 -0.177164 -0.148427 0.972925 204 226 247
1.8525 3.5925 0.699717 -0.102565 -0.184464 0.977473 202 227 247
1.8675 3.3825 0.685568 -0.0745421 -0.14374 0.986804 200 221 238
1.8675 3.3975 0.687367 -0.10385 -0.138402 0.984916 200 222 238
1.8675 3.4125 0.689995 -0.12372 -0.127563 0.984084 201 222 239
1.8675 3.4275 0.691153 -0.136779 -0.0991808 0.985624 200 223 240
1.8675 3.4425 0.693193 -0.153144 -0.0694789 0.985758 200 223 240
1.8675 3.4575 0.692685 -0.171328 -0.0308302 0.984732 201 224 242
1.8675 3.4725 0.693853 -0.161876 -0.115027 0.980084 201 224 242
1.8675 3.4875 0.696581 -0.138823 -0.0975817 0.985498 200 226 243
1.8675 3.50171 0.6975 -0.185382 -0.0400325 0.981851 201 227 244
1.86733 3.5025 0.6975 -0.158755 -0.0771768 0.984297 201 227 244
1.8675 3.5025 0.697528 -0.178602 -0.080235 0.980644 201 227 244
1.85857 3.5175 0.6975 -0.17915 -0.0625346 0.981832 201 227 244
1.8675 3.5175 0.699168 -0.170343 -0.0736296 0.98263 202 228 245
1.85847 3.5325 0.6975 -0.250555 -0.0386625 0.96733 202 228 245
1.8675 3.5325 0.700133 -0.207027 -0.0405358 0.977495 203 229 246
1.85367 3.5475 0.6975 -0.218711 -0.0430012 0.974842 201 227 244
1.8675 3.5475 0.699822 -0.21018 -0.0424445 0.976741 202 227 247
1.8675 3.5625 0.7012 -0.211613 -0.054659 0.975824 203 227 248
1.8675 3.5775 0.701522 -0.177189 -0.092777 0.979794 204 227 250
1.8675 3.5925 0.705087 -0.152527 -0.117381 0.981304 204 228 250
1.8825 3.3825 0.686557 -0.0633634 -0.191965 0.979354 201 222 239
1.8825 3.3975 0.689321 -0.101329 -0.148295 0.983738 201 222 239
1.8825 3.4125 0.691257 -0.101596 -0.146882 0.983923 201 224 241
1.8825 3.4275 0.693711 -0.126173 -0.108255 0.986084 201 224 241
1.8825 3.4425 0.694591 -0.135864 -0.106004 0.98504 202 225 243
1.8825 3.4575 0.696726 -0.200998 -0.0798824 0.976329 203 226 244
1.8825 3.46854 0.6975 -0.112692 -0.0467182 0.992531 202 227 244
1.88164 3.4725 0.6975 -0.246215 -0.121486 0.961571 201 227 244
1.8825 3.4725 0.697644 -0.15678 -0.109162 0.981582 201 227 244
1.87057 3.4875 0.6975 -0.204775 -0.117543 0.971726 200 226 243
1.8825 3.4875 0.699418 -0.167258 -0.084521 0.982284 201 227 244
1.8825 3.5025 0.700574 -0.192571 -0.0689928 0.978855 201 227 245
1.8825 3.5175 0.70125 -0.193329 -0.0722504 0.97847 202 228 246
1.8825 3.5325 0.702463 -0.183591 -0.0773024 0.979958 203 228 248
1.8825 3.5475 0.70386 -0.214027 -0.0512535 0.975482 205 230 250
1.8825 3.5625 0.704546 -0.215694 -0.0500053 0.97518 204 229 250
1.8825 3.5775 0.705347 -0.217916 -0.0382985 0.975216 205 230 251
1.8825 3.5925 0.705546 -0.166166 -0.049332 0.984863 206 231 251
1.8975 3.3825 0.687491 -0.0813731 -0.176579 0.980917 203 223 240
1.8975 3.3975 0.690635 -0.0719101 -0.178543 0.981301 201 224 241
1.8975 3.4125 0.693004 -0.0924596 -0.141564 0.985602 202 225 243
1.8975 3.4275 0.695032 -0.0925026 -0.139588 0.98588 202 225 243
1.8975 3.4425 0.697086 -0.125474 -0.118329 0.985015 203 226 244
1.8975 3.44745 0.6975 -0.107079 -0.0845406 0.99065 203 226 244
1.88747 3.4575 0.6975 -0.108914 -0.0788006 0.990923 203 226 244
1.8975 3.4575 0.698383 -0.150733 -0.100812 0.983421 203 226 244
1.8975 3.4725 0.700168 -0.161316 -0.11738 0.979897 204 227 245
1.8975 3.4875 0.701832 -0.167599 -0.0972744 0.981044 202 228 246
1.8975 3.5025 0.703145 -0.167621 -0.0946855 0.981294 203 229 247
1.8975 3.5175 0.704769 -0.190167 -0.0827469 0.978258 204 229 249
1.8975 3.5325 0.705997 -0.200064 -0.0689426 0.977354 205 230 251
1.8975 3.5475 0.706911 -0.192501 -0.0674075 0.978979 205 230 252
1.8975 3.5625 0.707784 -0.207716 -0.0440862 0.977195 205 230 252
1.8975 3.5775 0.708047 -0.208578 -0.0462666 0.976911 206 231 251
1.8975 3.5925 0.70926 -0.211586 -0.0267583 0.976993 207 232 252
1.9125 3.3825 0.68882 -0.084511 -0.154593 0.984357 202 223 241
1.9125 3.3975 0.691574 -0.0748342 -0.183025 0.980256 202 224 242
1.9125 3.4125 0.69416 -0.081646 -0.156611 0.98428 203 226 244
1.9125 3.4275 0.696356 -0.0982707 -0.149164 0.983917 203 226 244
1.9125 3.43374 0.6975 -0.125747 -0.166375 0.978012 203 226 244
1.90068 3.4425 0.6975 -0.123247 -0.145949 0.981585 203 226 244
1.9125 3.4425 0.698908 -0.142875 -0.147185 0.978735 204 227 245
1.9125 3.4575 0.701319 -0.161333 -0.112708 0.980443 204 228 245
1.9125 3.4725 0.702461 -0.15912 -0.110972 0.981003 203 229 247
1.9125 3.4875 0.704547 -0.16786 -0.112475 0.979373 205 228 249
1.9125 3.5025 0.705741 -0.183567 -0.0880891 0.979052 205 230 251
1.9125 3.5175 0.707395 -0.166421 -0.0895394 0.981981 206 231 252
1.9125 3.5325 0.70863 -0.160873 -0.0708695 0.984427 206 231 253
1.9125 3.5475 0.709481 -0.185566 -0.0745607 0.979799 207 232 254
1.9125 3.5625 0.710706 -0.187321 -0.0726041 0.979612 206 233 254
1.9125 3.5775 0.711807 -0.226122 -0.0417193 0.973205 206 233 254
1.9125 3.5925 0.712317 -0.228711 -0.0389262 0.972716 208 233 253
1.9125 3.59509 0.7125 -0.241624 -0.0653149 0.968169 208 233 253
1.9209 3.4275 0.6975 -0.132514 -0.178785 0.974924 204 226 246
1.92485 3.5475 0.7125 -0.233655 -0.0993339 0.967232 207 234 255
1.92172 3.5625 0.7125 -0.209083 -0.0652322 0.97572 207 234 255
1.91544 3.5775 0.7125 -0.213268 -0.0687233 0.974574 206 233 254
1.91331 3.5925 0.7125 -0.229782 -0.0422434 0.972325 208 233 253
1.2375 3.3075 0.721843 0.457213 0.00521834 -0.889342 46 51 48
1.2225 3.3075 0.717938 0.240072 -0.0138669 -0.970656 75 84 79
1.2375 3.3225 0.721434 0.424266 0.00207677 -0.905535 53 56 54
1.2225 3.3225 0.717919 0.224855 -0.00502543 -0.974379 76 82 80
1.2375 3.3375 0.721247 0.416456 0.0785933 -0.905753 53 56 54
1.2225 3.3375 0.717893 0.290605 0.0749337 -0.953904 80 84 81
1.2375 3.3525 0.724851 0.376769 0.334406 -0.863839 35 37 33
1.2225 3.3525 0.71785 0.397283 0.343002 -0.851185 80 83 81
1.37531 3.3075 0.6225 -0.931442 0.00204308 0.363884 184 198 215
1.38117 3.3075 0.6375 -0.931175 -0.0907369 0.353101 194 209 220
1.3875 3.3075 0.648912 -0.547311 -0.058115 0.834909 192 205 211
1.37535 3.3225 0.6225 -0.978132 0.2038 0.0415196 194 209 226
1.37886 3.3225 0.6375 -0.906098 -0.0559587 0.41935 194 211 224
1.3875 3.3225 0.64989 -0.519973 0.0142301 0.854064 191 204 211
1.3875 3.33499 0.6225 -0.656476 0.636056 -0.40555 196 213 230
1.37916 3.3375 0.6375 -0.915309 0.361469 0.177621 193 210 222
1.3875 3.3375 0.626439 -0.637522 0.620231 -0.457034 195 212 228
1.3875 3.3375 0.648923 -0.554044 0.343991 0.758093 192 203 209
1.3875 3.34601 0.6375 -0.725128 0.685511 -0.0653048 192 209 219
1.4025 3.3075 0.652323 0.0422426 0.0113033 0.999043 193 206 214
1.4025 3.3225 0.652153 -0.0711962 0.00298091 0.997458 192 205 211
1.38988 3.3375 0.6225 -0.959859 0.277143 -0.0431593 196 213 231
1.4025 3.3375 0.651186 -0.140643 0.0503576 0.988779 192 205 213
1.38845 3.3525 0.6225 -0.9449 -0.0499464 0.323527 195 214 232
1.39359 3.3525 0.6375 -0.918203 0.168907 0.358294 193 209 221
1.4025 3.3525 0.650644 -0.424797 0.10129 0.899604 194 205 211
1.4025 3.35763 0.6525 0.0268327 -0.335007 0.941833 194 205 211
1.4175 3.2925 0.648097 -0.116537 0.0213087 0.992958 194 207 215
1.4175 3.3075 0.647643 0.0471407 -0.127386 0.990732 194 207 215
1.4175 3.31936 0.6525 0.113678 -0.375068 0.920001 194 207 215
1.40444 3.3225 0.6525 -0.104862 -0.176124 0.978767 192 205 212
1.4175 3.3225 0.653744 -0.0546336 -0.0362684 0.997848 194 207 215
1.41239 3.3375 0.6525 -0.121888 0.0502766 0.99127 193 206 214
1.4175 3.3375 0.653157 -0.115157 0.0325927 0.992812 194 207 215
1.41696 3.3525 0.6525 -0.128175 0.0380785 0.99102 194 207 215
1.4175 3.3525 0.652569 -0.126471 0.0395804 0.99118 194 207 215
1.4175 3.35426 0.6525 -0.127395 0.0387022 0.991097 194 207 215
1.4325 3.2925 0.649726 -0.104322 0.011277 0.99448 194 207 216
1.4325 3.3075 0.649536 -0.115892 0.0218474 0.993022 195 208 216
1.42155 3.3225 0.6525 0.283781 -0.342903 0.895481 194 207 215
1.4325 3.3225 0.649033 0.045621 -0.13474 0.98983 195 208 216
1.4325 3.33176 0.6525 0.270024 -0.340749 0.900543 195 208 216
1.4325 3.3375 0.654733 0.00975051 -0.0985516 0.995084 195 208 216
1.4325 3.3525 0.654499 -0.124305 0.0320471 0.991726 195 208 215
1.4475 3.2925 0.651242 -0.106275 0.0157846 0.994212 196 209 218
1.4475 3.3075 0.651111 -0.10572 0.00478884 0.994384 195 208 217
1.4475 3.3225 0.650971 -0.126669 0.0280455 0.991549 196 209 218
1.44011 3.3375 0.6525 0.256519 -0.357071 0.898164 195 208 217
1.4475 3.3375 0.650419 -0.00289815 -0.0911821 0.99583 195 208 217
1.4475 3.34259 0.6525 0.26794 -0.359069 0.894023 195 208 217
1.4475 3.3525 0.656432 0.0516233 -0.15303 0.986872 195 208 216
1.19695 3.3225 0.7425 0 0 0 197 206 212
1.19941 3.3225 0.7575 -0.899374 0.0262742 0.436391 200 210 216
1.20669 3.3225 0.7725 -0.922137 -0.0702133 0.380438 212 225 234
1.19985 3.3375 0.7575 -0.940424 -0.0667338 0.333392 201 211 217
1.20419 3.3375 0.7725 -0.923591 -0.0496849 0.380146 208 221 228
1.19872 3.3525 0.7575 -0.884646 0.352132 0.305622 200 209 215
1.20543 3.3525 0.7725 -0.872215 0.150951 0.465248 208 224 231
1.19644 3.3525 0.7425 -0.628316 0.777827 0.0142414 195 204 209
1.9725 3.5925 0.727603 -0.216109 -0.067775 0.974014 211 237 252
1.9875 3.5475 0.728453 -0.343975 -0.110777 0.932421 212 238 255
1.2225 3.3075 0.424411 0.0963567 0.24224 0.96542 168 179 197
1.2075 3.3075 0.424464 0.152209 0.108188 0.982409 168 179 197
1.2225 3.3225 0.420489 0.161066 0.0540719 0.985461 168 179 197
1.2075 3.3225 0.425083 0.277004 -0.0262123 0.960511 168 179 197
1.2225 3.3375 0.421093 0.217675 -0.00554308 0.976005 168 179 197
1.2075 3.3375 0.425247 0.196 0.0403718 0.979772 168 179 197
1.2225 3.3525 0.421691 0.202767 0.0638597 0.977142 168 179 197
1.2075 3.3525 0.42449 0.157721 0.0117116 0.987414 168 179 197
1.2375 3.3075 0.421954 0.168193 0.151118 0.974102 167 180 197
1.2375 3.3225 0.418508 0.10794 0.0884114 0.990218 167 180 197
1.2375 3.3375 0.419587 0.104284 0.0178849 0.994387 168 180 197
1.2375 3.3525 0.417531 0.234556 0.0665452 0.969822 168 179 197
1.2525 3.3075 0.417618 0.212037 0.0166857 0.977119 168 181 198
1.2525 3.3225 0.41753 0.1801 0.0334238 0.98308 168 181 198
1.2525 3.3375 0.41815 0.144745 0.100706 0.984331 168 181 198
1.2525 3.35204 0.4125 0.277222 0.347744 0.895668 168 181 198
1.252 3.3525 0.4125 0.331191 -0.0923852 0.93903 168 181 198
1.2525 3.3525 0.412333 1.08027e-17 0 1 168 181 198
1.2525 3.35483 0.4125 -0.120258 -0.111337 0.98648 168 181 198
1.2675 3.3075 0.415156 -0.0015406 0.00229969 0.999996 168 181 198
1.2675 3.3225 0.414564 0.0557637 0.0349526 0.997832 168 181 198
1.2675 3.3375 0.413886 0.174299 0.0654016 0.982518 168 181 198
1.25375 3.3525 0.4125 -0.129886 0.30737 0.942684 168 181 198
1.2675 3.3525 0.41439 0.0519464 0.0168755 0.998507 169 182 199
1.2825 3.3075 0.415585 0.161943 -0.05225 0.985416 169 182 199
1.2825 3.3225 0.416666 0.0520421 0.0894167 0.994634 169 182 199
1.2825 3.3322 0.4125 0.172492 0.390825 0.904158 169 182 199
1.27279 3.3375 0.4125 0.251544 0.0497682 0.966566 168 181 198
1.2825 3.3375 0.41023 0.0711707 0.162345 0.984164 169 182 199
1.27429 3.3525 0.4125 0.289406 -0.0494219 0.95593 169 182 199
1.2825 3.3525 0.410151 0.23375 -0.00773302 0.972266 169 182 199
1.2975 3.30583 0.4125 0.152931 0.46843 0.870164 168 183 202
1.29398 3.3075 0.4125 0.251993 -0.0080284 0.967696 168 183 201
1.2975 3.3075 0.411695 0.136637 0.026685 0.990262 168 183 202
1.2975 3.32059 0.4125 0.211186 -0.0606278 0.975564 167 182 201
1.2975 3.3225 0.412638 0.258793 -0.0542535 0.964408 167 182 201
1.2975 3.32739 0.4125 0.0752674 0.224677 0.971522 167 182 201
1.2975 3.3375 0.412024 0.0886616 0.169666 0.981505 167 182 201
1.2975 3.3525 0.406713 0.0487667 0.0924475 0.994523 166 181 200
1.30006 3.3075 0.4125 -0.282235 0.409338 0.867632 168 183 202
1.3125 3.3075 0.416525 0 0.422933 0.906161 168 183 202
1.3125 3.31612 0.4125 0 0.427439 0.904044 168 183 202
1.29809 3.3225 0.4125 0.212285 0.027464 0.976822 167 182 201
1.3125 3.3225 0.409433 0.148735 0.15909 0.975996 168 183 202
1.3125 3.3375 0.408431 0.226216 0.0596186 0.972251 167 182 203
1.3125 3.3525 0.406447 0.0997479 0.0593244 0.993243 167 182 203
1.3261 3.3075 0.4125 0.269463 0.418828 0.867163 169 184 203
1.3275 3.3075 0.411917 0.180265 0.164088 0.969835 169 184 203
1.3275 3.3225 0.408555 0.0977234 0.261458 0.960255 168 183 204
1.3275 3.3375 0.403891 0.164249 0.065454 0.984245 168 183 204
1.3275 3.3525 0.405264 0.154166 0.00646812 0.988024 168 183 204
1.3425 3.3075 0.406811 -0.0562151 0.00549481 0.998404 169 184 205
1.3425 3.3225 0.406498 -0.0180643 0.203476 0.978913 169 184 205
1.3425 3.3375 0.402129 0.0121227 0.129761 0.991471 169 184 205
1.3425 3.3525 0.403728 0.0807827 -0.00398064 0.996724 168 183 204
1.3575 3.3075 0.410286 -0.0273641 0.0512507 0.998311 170 185 206
1.3575 3.3225 0.410663 -0.0650643 0.162317 0.984591 169 184 205
1.3575 3.3375 0.40468 -0.0646002 0.254915 0.964803 168 184 205
1.3575 3.3525 0.403106 0.0495933 0.138465 0.989125 167 184 204
1.3575 3.36693 0.3975 0.233406 0.352262 0.906329 166 183 203
1.3725 3.30334 0.4125 0 0 0 170 187 207
1.3725 3.3075 0.410886 0.261913 0.193187 0.945558 170 187 207
1.3725 3.3225 0.407821 0.374675 0.135513 0.9172 169 186 206
1.3725 3.3375 0.404507 0.108196 0.271959 0.956207 169 186 206
1.3725 3.3525 0.400211 0.14095 0.120801 0.982619 168 185 205
1.3875 3.31533 0.3975 0.642145 0.454772 0.617117 170 187 207
1.38118 3.3225 0.3975 0.720424 -0.193996 0.665849 170 187 207
1.3875 3.3075 0.401976 0.564396 0.258947 0.783839 170 187 207
1.3875 3.3296 0.3975 0.498082 -0.443759 0.744978 170 187 207
1.3875 3.3375 0.402208 0.377697 -0.0297151 0.925452 170 187 207
1.3875 3.3525 0.397813 0.163571 0.160756 0.973346 169 186 206
1.3875 3.35915 0.3975 0.150129 0.0316873 0.988159 169 186 206
1.4025 3.35386 0.3975 0.238665 0.276706 0.930845 170 187 207
1.1925 3.6075 0.770845 0.416477 -0.0515266 -0.907685 185 189 182
1.1925 3.6225 0.767412 0.82133 0.044841 -0.568688 182 183 175
1.1925 3.61984 0.7875 0.566675 -0.474398 0.673666 188 192 186
1.1925 3.6075 0.777948 0.528058 -0.36558 0.766489 188 193 187
1.1925 3.6225 0.788642 0.645383 -0.10029 0.757247 187 191 185
1.1925 3.62849 0.7725 0.665659 0.562345 -0.490577 184 185 177
1.1925 3.6375 0.786234 0.394723 0 -0.9188 187 190 183
1.1925 3.6375 0.789839 0.398467 -0.33306 0.854573 188 191 184
1.1925 3.64458 0.7725 0.255179 -0.784717 -0.564892 182 182 173
1.1897 3.6525 0.7725 -0.970807 -0.0845992 -0.224449 185 188 181
1.1925 3.6525 0.763269 0 0 -1 175 174 164
1.18784 3.6525 0.7875 -0.936319 -0.331407 -0.11609 187 190 184
1.1925 3.6525 0.795574 0.318341 -0.325886 0.890201 182 185 177
1.1925 3.6635 0.7725 0.459477 0.614331 -0.641466 179 178 168
1.1925 3.6675 0.77688 0.186329 0.226217 -0.95609 180 178 167
1.1925 3.6675 0.802168 -0.085187 0.237426 0.967663 182 182 174
1.1925 3.67594 0.7875 -0.630382 0.73642 -0.245568 186 191 184
1.19989 3.6075 0.7725 0.988594 -0.143674 0.0451616 185 189 183
1.19602 3.6225 0.7725 0.9601 0.14153 -0.241199 184 186 179
1.19384 3.6225 0.7875 0.954818 0.0121122 0.296944 188 191 186
1.19545 3.6375 0.7875 0.924757 -0.379248 -0.0315454 188 191 185
1.19941 3.6525 0.7725 0.806839 -0.0536917 -0.588327 178 178 169
1.2075 3.6468 0.7875 0.673182 -0.662501 -0.32851 185 189 182
1.2075 3.6525 0.785253 0.5818 0.0931689 -0.807978 182 184 176
1.2075 3.6525 0.791027 0.334634 -0.349314 0.875214 184 187 180
1.2075 3.6675 0.783919 0.359356 -0.212873 -0.908597 180 182 173
1.2075 3.6675 0.795171 0.424327 -0.276019 0.862415 182 185 177
1.20014 3.6825 0.7875 -0.976754 0.188968 0.101206 185 189 183
1.2075 3.6825 0.779652 0.0166015 -0.00991983 -0.999813 175 174 165
1.2075 3.6825 0.79875 -0.0608583 -0.107657 0.992324 182 183 175
1.19631 3.6975 0.7875 -0.953785 0.298351 -0.0357959 184 188 181
1.2075 3.6975 0.776059 -0.337641 0.117874 -0.933865 173 172 160
1.2075 3.6905 0.8025 0.134436 -0.513236 0.847653 180 180 171
1.20596 3.6975 0.8025 -0.847441 -0.144468 0.510854 178 179 169
1.2075 3.6975 0.807918 -1.64408e-17 0 1 176 175 165
1.2075 3.7077 0.7875 -0.492154 0.869708 0.037322 183 187 180
1.2075 3.69948 0.8025 -0.216151 0.862626 0.457336 179 179 170
1.4625 3.3675 0.657957 0.0353929 -0.133978 0.990352 196 209 218
1.4625 3.3825 0.657522 -0.132474 0.0384559 0.99044 196 208 217
1.4625 3.3975 0.656954 -0.076185 -0.0241435 0.996801 196 208 216
1.4625 3.4125 0.658363 -0.134306 -0.00412143 0.990931 196 207 216
1.4625 3.4275 0.656784 -0.077592 -0.0784071 0.993897 195 208 216
1.4625 3.4425 0.660112 -0.039897 -0.0680323 0.996885 194 207 215
1.4625 3.4575 0.659364 -0.0397151 -0.0644706 0.997129 193 206 213
1.4625 3.4725 0.662291 0.0379142 -0.160876 0.986246 192 205 212
1.4625 3.4875 0.663751 -0.113998 0.01753 0.993326 191 204 212
1.4625 3.5025 0.662079 0.0154823 -0.116274 0.993097 191 204 210
1.4625 3.5175 0.66745 0.0246364 -0.0424696 0.998794 190 203 211
1.4625 3.5325 0.664932 -0.114264 0.0229538 0.993185 188 201 209
1.4625 3.5475 0.665038 -0.155511 0.0631567 0.985813 189 200 207
1.4625 3.5625 0.66327 -0.0233509 -0.0637648 0.997692 188 200 206
1.4625 3.57575 0.6675 0.161177 -0.300192 0.940163 188 199 205
1.45972 3.5775 0.6675 -0.189183 -0.207633 0.959739 188 199 204
1.4625 3.5775 0.668061 0 0 1 188 199 205
1.4625 3.58205 0.6675 0.0215771 0.116826 0.992918 187 198 204
1.4625 3.5925 0.666289 -0.0872422 -0.0509824 0.994882 186 197 203
1.4625 3.59652 0.6675 0.0547898 -0.293885 0.954269 186 197 203
1.4625 3.6075 0.670915 -0.0147956 -0.121059 0.992535 186 196 202
1.4775 3.3675 0.653757 0.0390217 -0.0939279 0.994814 197 210 219
1.4775 3.3825 0.659343 0.0345093 -0.141747 0.989301 197 210 219
1.4775 3.3975 0.658531 -0.125933 0.0408953 0.991195 196 209 217
1.4775 3.4125 0.658073 -0.0448599 -0.0553254 0.99746 196 209 217
1.4775 3.4275 0.66061 -0.102679 -0.0625552 0.992746 194 207 215
1.4775 3.4425 0.65963 -0.133025 -0.0476386 0.989967 194 207 215
1.4775 3.4575 0.661601 -0.093086 -0.0205835 0.995445 193 206 215
1.4775 3.4725 0.660792 -0.0106808 -0.0806852 0.996682 193 206 214
1.4775 3.4875 0.664413 0.0443819 -0.161841 0.985818 192 205 213
1.4775 3.5025 0.665046 -0.136463 0.0403384 0.989824 191 204 212
1.4775 3.5175 0.663511 -0.0134463 -0.0745275 0.997128 191 204 212
1.4775 3.52888 0.6675 0.112772 -0.325197 0.938898 190 203 211
1.47079 3.5325 0.6675 -0.242613 -0.139983 0.959971 189 202 210
1.4775 3.5325 0.668692 0 0 1 190 203 211
1.4775 3.54486 0.6675 0.00131361 0.123603 0.992331 189 202 210
1.4775 3.5475 0.667079 -0.135106 0.0321549 0.990309 189 202 210
1.4775 3.5625 0.666258 -0.173168 0.0994433 0.979859 187 200 206
1.46482 3.5775 0.6675 0.233954 4.35175e-18 0.972248 188 199 205
1.4775 3.5775 0.664452 -0.0102567 -0.0463137 0.998874 188 201 207
1.4775 3.58704 0.6675 0.0900926 -0.298461 0.95016 187 200 206
1.46885 3.5925 0.6675 -0.188548 -0.082686 0.978577 186 198 204
1.4775 3.5925 0.669149 0 0 1 187 199 205
1.4775 3.60393 0.6675 0.0934249 0.142992 0.985305 186 198 204
1.47548 3.6075 0.6675 0.243288 -0.291451 0.925131 186 197 203
1.4775 3.6075 0.666987 0.0100834 -0.0441806 0.998973 186 197 203
1.4925 3.3675 0.657682 -0.124822 -0.0380669 0.991449 198 210 221
1.4925 3.3825 0.656951 -0.0552693 -0.122315 0.990951 197 209 220
1.4925 3.3975 0.660734 -0.0253388 -0.0891672 0.995694 196 209 219
1.4925 3.4125 0.660128 -0.142267 0.0361432 0.989168 196 209 217
1.4925 3.4275 0.659553 -0.0214461 -0.0989688 0.994859 196 209 218
1.4925 3.4425 0.663691 -0.0568353 -0.111803 0.992104 195 208 217
1.4925 3.4575 0.662711 -0.151977 0.0135732 0.988291 194 207 216
1.4925 3.4725 0.662996 -0.111884 0.0305734 0.993251 194 207 215
1.4925 3.4875 0.66173 0.0202669 -0.10694 0.994059 193 206 214
1.4925 3.5025 0.666536 0.0867286 -0.129875 0.98773 193 206 214
1.4925 3.5175 0.666345 -0.0925826 0.0210411 0.995483 192 205 213
1.48229 3.5325 0.6675 0.245522 3.42722e-18 0.969391 190 203 211
1.4925 3.5325 0.664892 -0.0145537 -0.0576249 0.998232 191 204 213
1.4925 3.54018 0.6675 0.046246 -0.318628 0.946751 191 204 213
1.47893 3.5475 0.6675 -0.185166 -0.13375 0.973563 189 202 210
1.4925 3.5475 0.669914 -0.0608517 -0.0749136 0.995332 191 204 212
1.48449 3.5625 0.6675 -0.17499 0.0806085 0.981265 188 201 208
1.4925 3.5625 0.668842 -0.147623 0.0999977 0.983976 190 203 211
1.4925 3.57371 0.6675 -0.163543 0.120019 0.979208 189 202 208
1.4925 3.5775 0.667034 -0.165273 0.115616 0.979448 188 201 207
1.48394 3.5925 0.6675 0.251118 0 0.967957 187 200 206
1.4925 3.5925 0.665258 -0.0106975 -0.03076 0.99947 187 200 207
1.4925 3.59973 0.6675 0.0532733 -0.296066 0.953681 187 200 206
1.48019 3.6075 0.6675 -0.183307 -0.290823 0.939053 186 198 204
1.4925 3.6075 0.669917 0.00836254 -0.130042 0.991473 187 199 205
1.5075 3.3675 0.657534 -0.0274785 -0.0843862 0.996054 198 210 222
1.5075 3.3825 0.660365 -0.0248243 -0.0384402 0.998953 197 209 221
1.5075 3.3975 0.659785 0.0242769 -0.114273 0.993153 197 209 220
1.5075 3.4125 0.662302 -0.0329102 -0.0659694 0.997279 197 210 220
1.5075 3.4275 0.661835 -0.13349 0.0403532 0.990228 196 209 218
1.5075 3.4425 0.661126 0.0338726 -0.127505 0.991259 196 209 218
1.5075 3.4575 0.665932 0.0490245 -0.066385 0.996589 195 208 217
1.5075 3.4725 0.664114 -0.108716 0.000319247 0.994073 195 208 217
1.5075 3.4875 0.664114 -0.138924 0.0471483 0.98918 194 207 216
1.5075 3.5025 0.663095 0.0148173 -0.105123 0.994349 193 207 216
1.5075 3.51548 0.6675 0.142666 -0.318066 0.937273 193 206 215
1.50179 3.5175 0.6675 -0.120558 -0.147157 0.981739 193 206 214
1.5075 3.5175 0.668187 -0.076767 -0.0191847 0.996864 193 206 215
1.50675 3.5325 0.6675 -0.160298 0.0776005 0.984014 191 205 214
1.5075 3.5325 0.667633 -0.124963 0.0607128 0.990302 191 205 214
1.5075 3.53388 0.6675 -0.155573 0.100122 0.982737 191 205 214
1.50221 3.5475 0.6675 0.231027 -0.303719 0.924327 191 204 213
1.5075 3.5475 0.666104 -0.024971 -0.0451653 0.998667 191 204 213
1.5075 3.55148 0.6675 0.248 -0.302391 0.920356 191 204 213
1.5075 3.5625 0.671024 0.0253275 -0.0886728 0.995739 190 203 212
1.49576 3.5775 0.6675 -0.14047 0.106926 0.984294 188 201 208
1.5075 3.5775 0.66918 -0.166652 0.108331 0.980047 190 203 210
1.50591 3.5925 0.6675 -0.161756 0.108583 0.980839 189 202 210
1.5075 3.5925 0.667992 -0.202321 0.083958 0.975714 189 202 210
1.5075 3.59473 0.6675 -0.208754 0.130377 0.969239 189 202 210
1.50168 3.6075 0.6675 0.244371 -0.291149 0.924941 187 201 208
1.5075 3.6075 0.665974 -0.0298775 -0.0554304 0.998015 187 202 209
1.5225 3.3675 0.658886 -0.115084 0.021886 0.993115 198 211 223
1.5225 3.3825 0.658792 -0.0335061 -0.0215505 0.999206 197 211 222
1.5225 3.3975 0.658487 0.0247006 -0.0399721 0.998895 198 210 221
1.5225 3.4125 0.661184 0.0675421 -0.188072 0.97983 197 210 220
1.5225 3.4275 0.663643 -0.0603344 -0.0429689 0.997253 197 210 220
1.5225 3.4425 0.662903 -0.128371 0.0483276 0.990548 196 210 219
1.5225 3.4575 0.662149 0.0181705 -0.113863 0.99333 195 209 218
1.5225 3.47148 0.6675 0.211593 -0.349025 0.912913 195 209 218
1.52001 3.4725 0.6675 -0.236233 -0.244903 0.940328 195 209 218
1.5225 3.4725 0.667867 0 0 1 195 209 218
1.5225 3.47805 0.6675 0.022126 0.109317 0.993761 195 209 218
1.5225 3.4875 0.666355 -0.117872 0.0415039 0.992161 194 208 217
1.5225 3.5025 0.665368 -0.149254 0.066341 0.986571 194 208 217
1.51017 3.5175 0.6675 0.235594 -0.312696 0.920172 193 206 215
1.5225 3.5175 0.664348 0.0156524 -0.10018 0.994846 193 207 216
1.5225 3.52678 0.6675 0.233632 -0.311792 0.920979 193 207 216
1.5225 3.5325 0.669445 -0.02197 -0.0535666 0.998323 193 207 216
1.51641 3.5475 0.6675 -0.148721 0.0966964 0.98414 192 205 214
1.5225 3.5475 0.668371 -0.153463 0.0728376 0.985466 192 206 215
1.5225 3.55679 0.6675 -0.159802 0.0929969 0.982759 191 205 214
1.52052 3.5625 0.6675 0.248699 -0.309844 0.917685 191 204 213
1.5225 3.5625 0.666951 -0.0204045 -0.0456419 0.998749 191 204 213
1.5225 3.56403 0.6675 -0.137625 -0.327147 0.934898 191 204 213
1.5225 3.5775 0.672212 -0.0100118 -0.0764508 0.997023 190 204 213
1.5225 3.5925 0.670362 -0.175325 0.0759568 0.981576 189 203 212
1.51527 3.6075 0.6675 -0.274631 0.0237543 0.961256 188 202 210
1.5225 3.6075 0.670115 -0.155549 0.013883 0.987731 188 202 211
1.5375 3.3675 0.660949 0.0331467 -0.130953 0.990834 197 211 222
1.5375 3.3825 0.660324 -0.111536 0.0199854 0.993559 197 211 222
1.5375 3.3975 0.660234 -0.111747 0.0196479 0.993542 197 211 222
1.5375 3.4125 0.659632 0.00419406 -0.106994 0.994251 198 212 222
1.5375 3.4275 0.664077 0.0588887 -0.202428 0.977525 197 211 221
1.5375 3.4425 0.664983 -0.105181 0.00534441 0.994439 196 210 221
1.5375 3.4575 0.66429 -0.143304 0.0435387 0.988721 196 210 220
1.52381 3.4725 0.6675 0.282696 1.03135e-18 0.959209 195 209 218
1.5375 3.4725 0.663446 0.0221151 -0.103139 0.994421 196 210 220
1.5375 3.48309 0.6675 0.0995483 -0.35218 0.930623 196 210 219
1.52672 3.4875 0.6675 -0.179776 -0.137266 0.974084 195 209 218
1.5375 3.4875 0.669088 -0.0775065 -0.0334799 0.99643 196 210 219
1.53655 3.5025 0.6675 -0.163075 0.0902498 0.982477 195 209 218
1.5375 3.5025 0.667644 -0.177867 0.0781641 0.980945 195 209 218
1.5375 3.50462 0.6675 -0.157025 0.0669115 0.985325 195 209 218
1.5375 3.5175 0.666626 -0.15821 0.065376 0.985239 194 208 217
1.53008 3.5325 0.6675 0.233893 -0.310654 0.921297 193 207 216
1.5375 3.5325 0.665665 -0.0150281 -0.0746673 0.997095 193 207 216
1.5375 3.53808 0.6675 0.232827 -0.309136 0.922077 193 207 216
1.5375 3.5475 0.670706 0.0220808 -0.110169 0.993668 193 207 216
1.52514 3.5625 0.6675 -0.198379 0.0515596 0.978768 191 204 213
1.5375 3.5625 0.669999 -0.104321 0.00714742 0.994518 192 206 215
1.5375 3.5775 0.668731 0.0535618 -0.100079 0.993537 191 205 214
1.5375 3.5925 0.673575 -0.0246599 -0.092197 0.995435 190 204 213
1.5375 3.6075 0.671992 -0.154302 0.0262945 0.987674 189 203 212
1.5525 3.3675 0.658311 -0.0398283 -0.103558 0.993826 198 212 223
1.5525 3.3825 0.662048 -0.00166388 -0.104082 0.994567 199 213 224
1.5525 3.3975 0.661762 -0.121033 0.0102981 0.992595 198 212 223
1.5525 3.4125 0.661672 -0.130666 0.0309312 0.990944 198 212 223
1.5525 3.4275 0.660974 0.0388751 -0.150487 0.987847 197 211 222
1.5525 3.4425 0.666451 0.0976199 -0.151084 0.983689 197 211 222
1.5525 3.4575 0.66628 -0.063413 -0.022982 0.997723 198 212 223
1.5525 3.4725 0.666147 -0.159902 0.0530719 0.985705 197 211 222
1.54319 3.4875 0.6675 0.260116 -0.337605 0.904634 196 210 220
1.5525 3.4875 0.664743 -0.0151943 -0.0835744 0.996386 196 210 221
1.5525 3.4947 0.6675 0.246194 -0.341753 0.906969 196 210 221
1.5525 3.5025 0.670398 -0.00631699 -0.086467 0.996235 196 210 220
1.54227 3.5175 0.6675 -0.176342 0.0654828 0.982148 194 209 218
1.5525 3.5175 0.669319 -0.168292 0.0627975 0.983735 193 210 220
1.54784 3.5325 0.6675 -0.17579 0.0745208 0.981603 193 209 219
1.5525 3.5325 0.668354 -0.175684 0.08219 0.98101 193 210 220
1.5525 3.54107 0.6675 -0.177153 0.0961552 0.979475 194 209 218
1.55 3.5475 0.6675 0.235365 -0.31224 0.920386 194 208 217
1.5525 3.5475 0.666881 -0.0313342 -0.0580992 0.997819 194 208 217
1.5525 3.54938 0.6675 -0.113495 -0.319381 0.940805 194 208 217
1.5525 3.5625 0.671961 -0.00100844 -0.111613 0.993751 193 207 216
1.5525 3.5775 0.671184 -0.151594 0.0329903 0.987892 192 206 215
1.5525 3.5925 0.671587 -0.00977056 -0.163308 0.986527 191 205 214
1.5525 3.6075 0.675251 -0.0708584 -0.0479981 0.996331 190 204 213
1.5675 3.3675 0.661724 -0.0513404 -0.112151 0.992364 199 213 224
1.5675 3.3825 0.660686 -0.100266 -0.0778454 0.991911 199 213 224
1.5675 3.3975 0.663827 -0.0501976 -0.0788196 0.995624 199 213 224
1.5675 3.4125 0.663736 -0.129761 0.0127052 0.991464 198 212 223
1.5675 3.4275 0.663105 -0.150066 0.0340701 0.988089 198 212 223
1.5675 3.4425 0.662813 0.021101 -0.133429 0.990834 198 212 223
1.5675 3.45544 0.6675 0.144471 -0.336823 0.930419 198 212 223
1.56167 3.4575 0.6675 -0.129031 -0.174884 0.976098 198 212 223
1.5675 3.4575 0.668275 -0.0863885 -0.0454923 0.995222 198 212 223
1.56233 3.4725 0.6675 -0.132813 0.0188382 0.990962 198 212 223
1.5675 3.4725 0.668165 -0.134153 0.021494 0.990727 198 212 223
1.5671 3.4875 0.6675 -0.167835 0.0665656 0.983565 195 211 224
1.5675 3.4875 0.667573 -0.151493 0.0555635 0.986895 195 211 224
1.5675 3.48857 0.6675 -0.151624 0.0669586 0.986168 195 211 224
1.56379 3.5025 0.6675 0.23504 -0.321823 0.917162 194 210 223
1.5675 3.5025 0.666555 -0.0415506 -0.0842248 0.99558 194 210 223
1.5675 3.50528 0.6675 -0.0694634 -0.322042 0.944174 194 210 223
1.5675 3.5175 0.671656 0.0217219 -0.10614 0.994114 194 211 223
1.5675 3.5325 0.670997 -0.15933 0.0632295 0.985198 194 211 220
1.55598 3.5475 0.6675 -0.179509 0.0497015 0.9825 194 209 218
1.5675 3.5475 0.669611 -0.120924 0.00515593 0.992648 194 210 221
1.5675 3.5625 0.669342 0.0282523 -0.137508 0.990098 195 209 220
1.5675 3.5775 0.673963 -0.0446311 -0.102855 0.993695 194 208 218
1.5675 3.5925 0.672973 -0.12011 -0.00859599 0.992723 192 208 217
1.5675 3.6075 0.674893 -0.0166952 -0.156973 0.987462 192 206 215
1.5825 3.3675 0.659326 0.0260812 -0.160246 0.986732 198 212 224
1.5825 3.3825 0.664829 -0.0262089 -0.155748 0.987449 198 212 223
1.5825 3.3975 0.66395 -0.144352 -0.0421473 0.988628 198 212 223
1.5825 3.4125 0.665261 -0.0898141 -0.0312613 0.995468 198 212 223
1.5825 3.4275 0.665641 -0.119459 0.00627359 0.992819 198 212 223
1.5825 3.4425 0.665082 -0.153508 0.0343837 0.987549 198 212 223
1.57023 3.4575 0.6675 0.244392 -0.350092 0.904272 198 212 223
1.5825 3.4575 0.664266 0.00111378 -0.112822 0.993615 196 212 225
1.5825 3.46595 0.6675 0.241732 -0.350535 0.904815 195 213 225
1.5825 3.4725 0.670097 0.000245293 -0.11968 0.992813 195 213 225
1.5825 3.4875 0.669855 -0.143091 0.0411865 0.988852 195 213 225
1.57372 3.5025 0.6675 -0.152973 0.00406084 0.988222 195 211 224
1.5825 3.5025 0.668876 -0.0920653 0.00554231 0.995738 196 212 225
1.5825 3.5175 0.668053 0.0674152 -0.121353 0.990317 195 211 224
1.5825 3.5325 0.673086 0.0105258 -0.133587 0.990981 194 212 223
1.5825 3.5475 0.672365 -0.170114 0.0673133 0.983123 195 210 223
1.5825 3.5625 0.671344 -0.129174 -0.003991 0.991614 194 210 223
1.5825 3.5775 0.673057 0.00539956 -0.173141 0.984882 193 210 220
1.5825 3.5925 0.675888 -0.0711087 -0.0424457 0.996565 193 209 219
1.5825 3.6075 0.674402 -0.0598405 -0.0568916 0.996585 193 208 219
1.5975 3.3675 0.661469 -0.123205 0.000844906 0.992381 197 212 224
1.5975 3.3825 0.661375 0.0620516 -0.191468 0.979535 196 213 224
1.5975 3.3975 0.66736 0.0636108 -0.141679 0.987867 196 213 223
1.5975 3.4125 0.667193 -0.0678154 -0.0139132 0.997601 197 213 226
1.5975 3.4275 0.666726 -0.10348 -0.00595425 0.994614 196 212 225
1.5975 3.4425 0.667145 -0.114573 0.00263129 0.993411 196 212 225
1.5975 3.4575 0.667055 -0.162074 0.0444238 0.985778 196 212 225
1.59198 3.4725 0.6675 0.245147 -0.355468 0.901968 195 213 225
1.5975 3.4725 0.666047 -0.0352204 -0.10114 0.994249 195 213 225
1.5975 3.4763 0.6675 -0.0696136 -0.380555 0.922134 195 213 226
1.5975 3.4875 0.671943 0.0267609 -0.125207 0.99177 196 214 227
1.5975 3.5025 0.671228 -0.151552 0.058103 0.98674 195 213 227
1.5975 3.5175 0.670174 -0.141257 0.0213121 0.989743 195 213 225
1.5975 3.5325 0.670945 0.0109711 -0.181696 0.983294 195 213 225
1.5975 3.5475 0.675114 -0.040837 -0.086489 0.995415 195 212 225
1.5975 3.5625 0.673821 -0.173649 0.0672553 0.982508 195 212 223
1.5975 3.5775 0.673068 -0.0772032 -0.0377165 0.996302 195 211 223
1.5975 3.5925 0.675181 0.0199364 -0.162656 0.986481 193 210 221
1.5975 3.6075 0.677313 -0.103282 -0.00350386 0.994646 193 208 220
1.6125 3.3675 0.663213 -0.114449 -0.00710876 0.993404 196 212 225
1.6125 3.3825 0.662956 -0.120596 0.000957289 0.992701 197 213 226
1.6125 3.3975 0.663262 0.0464514 -0.156603 0.986569 197 213 225
1.6125 3.40763 0.6675 0.0801073 -0.376998 0.922743 197 213 226
1.59877 3.4125 0.6675 -0.145657 -0.186598 0.971579 197 213 226
1.6125 3.4125 0.669393 -0.0712819 -0.0909721 0.993299 197 213 226
1.60212 3.4275 0.6675 -0.164141 0.00987982 0.986387 196 212 225
1.6125 3.4275 0.66937 -0.144205 0.0138561 0.989451 197 213 226
1.60098 3.4425 0.6675 -0.12575 0.00463716 0.992051 196 212 225
1.6125 3.4425 0.668675 -0.133132 0.0152853 0.99098 197 213 226
1.60073 3.4575 0.6675 -0.120234 0.0114033 0.99268 196 212 226
1.6125 3.4575 0.669015 -0.12769 -0.00188201 0.991812 196 214 228
1.60677 3.4725 0.6675 -0.166905 -0.0132877 0.985883 196 214 227
1.6125 3.4725 0.669049 -0.0913455 -0.0547149 0.994315 196 214 228
1.6125 3.4875 0.668102 0.0511314 -0.103698 0.993294 196 214 228
1.6125 3.5025 0.673481 0.0347669 -0.141524 0.989324 196 214 228
1.6125 3.5175 0.672699 -0.154098 0.0444291 0.987056 196 214 228
1.6125 3.5325 0.672148 -0.100721 -0.0200859 0.994712 195 213 226
1.6125 3.5475 0.673865 0.0347427 -0.173998 0.984133 195 213 226
1.6125 3.5625 0.676654 -0.0617975 -0.047618 0.996952 195 213 226
1.6125 3.5775 0.675606 -0.168226 0.0646982 0.983623 194 211 225
1.6125 3.5925 0.67458 -0.0474904 -0.0672596 0.996605 194 211 225
1.6125 3.6075 0.678099 0.017042 -0.154404 0.987861 194 210 223
1.6275 3.3675 0.664736 -0.113539 -0.0132257 0.993446 197 214 224
1.6275 3.3825 0.665097 -0.116883 -0.00244896 0.993143 197 214 224
1.6275 3.3975 0.665006 -0.114255 4.04449e-05 0.993451 197 213 226
1.61895 3.4125 0.6675 0.259273 -0.365697 0.893892 197 213 226
1.6275 3.4125 0.665006 0.0272995 -0.142771 0.989379 197 213 226
1.6275 3.41838 0.6675 0.256697 -0.37192 0.892066 197 213 226
1.6275 3.4275 0.67124 0.0541971 -0.166126 0.984614 197 213 226
1.6275 3.4425 0.671284 -0.126538 0.0235471 0.991682 197 213 227
1.6275 3.4575 0.670655 -0.113095 0.0152168 0.993468 197 213 228
1.6275 3.4725 0.670753 -0.0805676 -0.0209625 0.996529 196 214 228
1.6275 3.4875 0.671514 -0.138679 -0.00610948 0.990318 196 214 228
1.6275 3.5025 0.670479 -0.0244625 -0.121965 0.992233 196 214 228
1.6275 3.5175 0.674875 0.0106981 -0.118634 0.99288 196 214 228
1.6275 3.5325 0.674543 -0.140623 0.0483267 0.988883 196 213 228
1.6275 3.5475 0.673257 -0.0556819 -0.0443726 0.997462 195 213 227
1.6275 3.5625 0.675989 0.0329428 -0.178465 0.983395 195 213 227
1.6275 3.5775 0.678099 -0.0908217 -0.0174574 0.995714 195 213 227
1.6275 3.5925 0.677079 -0.155303 0.0686097 0.985482 195 212 225
1.6275 3.6075 0.676054 0.00412409 -0.0925571 0.995699 194 211 225
1.6425 3.3675 0.666717 -0.110537 -0.00451717 0.993862 197 214 224
1.6425 3.3825 0.666682 -0.110217 -0.00236842 0.993905 197 214 224
1.6425 3.3975 0.666621 -0.104983 0.0061685 0.994455 197 213 226
1.6425 3.4125 0.666495 -0.102773 -0.0101992 0.994653 197 213 226
1.64071 3.4275 0.6675 0.255825 -0.351453 0.900575 197 213 228
1.6425 3.4275 0.666959 0.000944575 -0.137335 0.990524 197 213 228
1.6425 3.42884 0.6675 -0.097495 -0.363847 0.926342 197 213 228
1.6425 3.4425 0.67263 0.0478865 -0.142894 0.988579 197 213 228
1.6425 3.4575 0.672359 -0.110276 0.0318389 0.993391 196 214 228
1.6425 3.4725 0.671702 -0.0972075 0.0149472 0.995152 196 214 228
1.6425 3.4875 0.671844 -0.0384846 -0.0553193 0.997727 196 214 228
1.6425 3.5025 0.673894 -0.0926971 -0.0411537 0.994844 196 213 229
1.6425 3.5175 0.672855 -0.036497 -0.0850853 0.995705 196 213 229
1.6425 3.5325 0.676263 0.00670373 -0.0929015 0.995653 195 213 228
1.6425 3.5475 0.675651 -0.130224 0.0491845 0.990264 195 213 228
1.6425 3.5625 0.675047 -0.0144076 -0.0980076 0.995081 196 213 228
1.6425 3.5775 0.678907 0.0312917 -0.167728 0.985337 196 214 228
1.6425 3.5925 0.679352 -0.120033 0.0311483 0.992281 196 214 228
1.6425 3.6075 0.678201 -0.150549 0.0738705 0.985839 196 213 227
1.64935 3.3675 0.6675 -0.107058 -0.0312701 0.993761 197 213 224
1.65024 3.3825 0.6675 -0.10567 0.00525402 0.994387 197 213 225
1.6575 3.3675 0.66833 -0.0690252 -0.0257982 0.997281 196 212 225
1.6575 3.3825 0.668266 -0.0904944 -0.00239757 0.995894 197 213 226
1.65113 3.3975 0.6675 -0.104725 0.00553988 0.994486 196 214 226
1.6575 3.3975 0.668199 -0.105162 0.00616278 0.994436 196 214 226
1.65202 3.4125 0.6675 -0.104886 -0.00546526 0.994469 196 214 226
1.6575 3.4125 0.66808 -0.0968449 -0.0284531 0.994893 196 214 226
1.64762 3.4275 0.6675 -0.129383 -0.0691986 0.989177 197 213 228
1.6575 3.4275 0.669267 -0.0443642 -0.110727 0.99286 197 213 228
1.6575 3.4425 0.669013 0.059761 -0.117341 0.991292 197 213 228
1.6575 3.4575 0.674019 0.0462753 -0.144673 0.988397 196 214 228
1.6575 3.4725 0.673619 -0.120422 0.0290613 0.992297 196 213 229
1.6575 3.4875 0.673199 -0.107592 0.0180512 0.994031 196 213 229
1.6575 3.5025 0.673045 -0.00843321 -0.0762551 0.997053 196 213 229
1.6575 3.5175 0.675779 -0.0632089 -0.0645826 0.995908 195 214 229
1.6575 3.5325 0.674337 -0.0809182 -0.0664128 0.994506 195 214 229
1.6575 3.5475 0.677476 -0.0476214 -0.0619558 0.996942 196 213 229
1.6575 3.5625 0.676725 -0.130861 0.0382754 0.990662 196 213 229
1.6575 3.5775 0.676345 0.0319829 -0.123405 0.991841 197 214 230
1.6575 3.5925 0.680944 0.0872757 -0.116817 0.989311 197 214 230
1.6575 3.6075 0.68055 -0.0900734 0.00373214 0.995928 196 213 229
1.6725 3.3675 0.668938 -0.0522745 -0.0260026 0.998294 195 213 225
1.6725 3.3825 0.669364 -0.0526597 -0.0206704 0.998399 195 213 225
1.6725 3.3975 0.669759 -0.0755686 -0.0147019 0.997032 196 214 228
1.6725 3.4125 0.669668 -0.102031 0.00495892 0.994769 197 215 229
1.6725 3.4275 0.669574 -0.051521 -0.0592214 0.996914 197 215 229
1.6725 3.4425 0.671794 -0.0775299 -0.062269 0.995044 197 215 229
1.6725 3.4575 0.671169 -0.00310811 -0.130736 0.991412 197 215 229
1.6725 3.4725 0.675402 0.0717471 -0.0643016 0.995348 197 214 230
1.6725 3.4875 0.675062 -0.0125506 -0.0255862 0.999594 197 214 230
1.6725 3.5025 0.674433 -0.119571 0.0263388 0.992476 197 214 230
1.6725 3.5175 0.674106 0.00482895 -0.113258 0.993554 197 214 230
1.6725 3.5325 0.678397 -0.0508473 -0.119006 0.991591 197 214 230
1.6725 3.5475 0.677606 -0.134538 -0.0387561 0.99015 197 214 230
1.6725 3.5625 0.679037 -0.104286 -0.0188604 0.994369 197 214 230
1.6725 3.5775 0.678427 -0.154419 0.0530323 0.986581 197 214 230
1.6725 3.5925 0.677324 0.0129776 -0.112164 0.993605 197 214 230
1.6725 3.60646 0.6825 0.186858 -0.341957 0.92095 197 214 230
1.66995 3.6075 0.6825 -0.149374 -0.240165 0.959171 197 214 230
1.6725 3.6075 0.682886 0 3.89446e-18 1 197 214 230
1.674 3.6075 0.6825 0.254473 3.05168e-18 0.96708 197 214 230
1.1925 3.6075 0.658432 0.329616 -0.12106 0.936321 169 169 162
1.1925 3.6225 0.66104 0.42259 -0.269314 0.865383 169 168 161
1.1925 3.6372 0.6675 0.460625 -0.357296 0.812505 168 167 160
1.1925 3.6375 0.667747 0.720232 -0.0799221 0.689114 168 167 159
1.19215 3.6525 0.6675 -0.966929 -0.166699 0.193026 167 166 159
1.1925 3.6525 0.669275 -0.700489 -0.307392 0.644069 167 166 158
1.18956 3.6675 0.6675 -0.96971 0.00261857 0.244243 165 165 158
1.1925 3.6675 0.67887 0.0985978 0.0359697 0.994477 165 163 155
1.1925 3.67064 0.6675 0.203445 0.778188 0.594166 165 164 157
1.1925 3.6825 0.659 -0.310336 0.27112 0.911145 163 163 157
1.1925 3.69568 0.6525 -0.434553 0.460136 0.774234 162 163 160
1.1925 3.6975 0.650086 -0.781496 0 0.623911 161 163 160
1.1925 3.70256 0.6525 -0.724421 -0.214248 0.65522 161 163 160
1.1925 3.7125 0.655167 -0.741553 -0.173827 0.647984 161 163 159
1.206 3.6075 0.5625 0.925654 -0.373759 0.0589018 165 161 150
1.20699 3.6075 0.5775 0.931128 -0.364684 0.00249993 165 161 150
1.20608 3.6075 0.5925 0.929434 -0.368916 0.00729148 167 163 152
1.20697 3.6075 0.6075 0.914756 -0.404004 -0.00114478 167 163 152
1.20622 3.6075 0.6225 0.94161 -0.0507644 -0.332857 167 163 152
1.19274 3.6375 0.6675 0.449022 -0.135295 0.883218 168 167 159
1.19503 3.6525 0.6675 0.519763 -0.201072 0.830311 167 166 158
1.20227 3.6675 0.6675 0.702173 0.0979794 0.705233 166 165 158
1.20509 3.6825 0.6675 -0.747482 0.0102843 0.664203 165 165 158
1.19443 3.6975 0.6525 -0.735571 0.0589869 0.674874 162 163 160
1.20524 3.6975 0.6675 -0.884415 -0.0482547 0.4642 164 163 155
1.20328 3.7125 0.6675 -0.873426 -0.071395 0.481695 162 161 154
1.1943 3.7275 0.6525 -0.194082 0.715789 0.670805 159 160 155
1.9425 3.6225 0.721799 -0.247866 -0.0575343 0.967084 209 234 254
1.9425 3.6375 0.722901 -0.165779 -0.196982 0.96629 210 235 255
1.9575 3.6225 0.725182 -0.242327 -0.0357965 0.969534 210 235 255
1.9575 3.6375 0.726189 -0.212564 -0.0589154 0.975369 210 235 255
1.9575 3.6525 0.726753 -0.0312444 -0.217802 0.975493 210 235 255
1.96422 3.6375 0.7275 -0.244891 -0.0400587 0.968723 210 235 255
1.1775 3.44153 0.6075 0 -1 0 180 185 189
1.17584 3.4425 0.6075 -1 0 0 180 185 189
1.1775 3.4425 0.60641 0 0 -1 179 185 189
1.1775 3.4425 0.613061 7.12342e-17 0 1 180 185 189
1.1775 3.44427 0.6075 0 1 0 180 185 189
1.1775 3.4548 0.6225 0.94092 -0.338628 0 181 185 188
1.1775 3.4575 0.621789 0.704208 -0.323181 -0.632175 181 186 188
1.1775 3.4575 0.625248 0.910715 -0.258394 0.322227 181 185 188
1.1775 3.4725 0.613664 0.711248 -0.0470771 -0.701363 183 186 191
1.17632 3.4725 0.6375 0.693856 -0.0345751 0.719283 179 184 186
1.1775 3.4725 0.636695 0.863398 -0.19406 0.465708 180 184 187
1.1775 3.48574 0.4875 0.723429 -0.658153 0.208531 169 181 194
1.1775 3.48505 0.5025 0.704808 -0.709394 -0.00245117 175 180 185
1.1775 3.48609 0.5175 0.678475 -0.734602 0.00557522 175 179 182
1.1775 3.48419 0.5325 0.713151 -0.700305 -0.0314416 176 179 184
1.1775 3.48507 0.5475 0.665421 -0.745029 0.046321 177 180 185
1.1775 3.48688 0.5625 0.631206 -0.76925 0.0991612 179 184 190
1.1775 3.4875 0.563787 0.515277 -0.558455 0.650091 178 183 189
1.1775 3.4875 0.61832 0.47117 -0.193722 -0.860506 176 178 178
1.17741 3.4875 0.6375 0.96516 -0.119338 0.232864 176 180 178
1.1775 3.4875 0.637081 0.882086 -0.174375 0.437628 176 180 178
1.17623 3.5025 0.5775 0.911899 -0.40368 0.0740495 174 174 172
1.1775 3.5025 0.575912 0.516833 -0.493804 0.699314 175 175 174
1.1775 3.5025 0.613326 0.486161 -0.417607 -0.767627 175 176 174
1.1775 3.48795 0.6375 0.758589 -0.358384 0.544154 176 180 178
1.1775 3.5025 0.647197 0.723758 -0.522146 0.451152 174 177 175
1.1775 3.50536 0.5775 0.774067 -0.551 0.311798 174 174 172
1.1775 3.50554 0.5925 0.828319 -0.557871 0.0516484 175 175 173
1.1775 3.50803 0.6075 0.782859 -0.618082 -0.0714647 175 176 173
1.1775 3.50605 0.6525 0.676994 -0.566325 0.470059 174 177 174
1.1775 3.5175 0.666039 0.692124 -0.55115 0.466046 175 177 172
1.18453 3.4425 0.6075 1 0 0 153 157 160
1.17847 3.4575 0.6225 0.864495 -0.354301 0.356537 181 185 187
1.18504 3.4725 0.6225 0.985225 -0.146734 0.088319 179 182 183
1.17928 3.4875 0.4875 0.656256 -0.74982 0.0842469 169 181 193
1.17996 3.4875 0.5025 0.688931 -0.724789 -0.00740756 175 181 186
1.17912 3.4875 0.5175 0.681106 -0.73217 -0.00456795 175 179 182
1.18063 3.4875 0.5325 0.701172 -0.711382 -0.0479018 176 179 185
1.18051 3.4875 0.5475 0.641831 -0.764587 0.0588194 177 180 186
1.17821 3.4875 0.5625 0.621379 -0.74811 0.232852 179 184 190
1.18397 3.4875 0.6225 0.968033 -0.170604 -0.183867 176 179 178
1.1925 3.49799 0.4875 0.675177 -0.727907 0.119531 170 180 190
1.1925 3.49992 0.5025 0.684981 -0.728392 0.0157055 175 181 187
1.1925 3.49911 0.5175 0.670016 -0.742296 0.00871977 176 180 188
1.1925 3.5 0.5325 0.693041 -0.720085 -0.0342356 176 180 189
1.1925 3.49781 0.5475 0.671551 -0.740719 -0.0188458 178 183 189
1.1925 3.49919 0.5625 0.630938 -0.760873 0.15162 179 184 190
1.1925 3.5025 0.564777 0.480982 -0.503522 0.71772 178 182 187
1.1925 3.49716 0.6225 0.790889 -0.611809 0.0135948 176 178 177
1.1925 3.5025 0.620888 0.398101 -0.334 -0.854377 176 178 176
1.1835 3.5025 0.6375 0.707288 -0.452894 0.542799 175 178 176
1.1925 3.5025 0.627652 0.654708 -0.500313 0.566608 176 178 176
1.18664 3.5175 0.5775 0.788138 -0.571251 0.229152 174 174 171
1.1925 3.5175 0.574307 0.459076 -0.448446 0.766907 175 177 176
1.1854 3.5175 0.5925 0.806708 -0.589227 0.0451103 176 176 172
1.18609 3.5175 0.6075 0.675023 -0.624122 -0.393465 176 177 172
1.1925 3.5175 0.613762 0.491413 -0.44131 -0.750838 176 177 173
1.1925 3.51138 0.6375 0.62648 -0.599283 0.49838 176 179 176
1.18662 3.5175 0.6525 0.68589 -0.546186 0.480869 175 177 173
1.1925 3.5175 0.644644 0.579781 -0.594282 0.557389 176 178 174
1.18611 3.5325 0.5625 0 0 0 171 169 161
1.1925 3.52333 0.5775 0.602332 -0.607733 0.517548 175 175 171
1.1925 3.52573 0.5925 0.72717 -0.682079 0.0774121 176 177 171
1.18725 3.5325 0.5925 0 0 0 173 172 164
1.1925 3.52457 0.6075 0.729882 -0.637857 -0.245788 177 177 172
1.1925 3.52522 0.6525 0.441123 -0.634886 0.634295 175 177 173
1.18949 3.5325 0.6525 -0.901597 -0.177189 0.394623 174 176 171
1.1925 3.5325 0.65896 7.31253e-17 0 1 175 177 173
1.1925 3.5395 0.5625 -0.0221072 0.852701 0.521931 170 168 160
1.18024 3.5475 0.5625 0.863492 -0.447299 0.233034 166 163 148
1.1925 3.53804 0.5775 0.40722 0.908311 -0.0956161 172 171 163
1.1925 3.5475 0.584006 0.315634 -0.116552 -0.941696 171 169 160
1.1925 3.53816 0.6075 0.635683 0.654567 -0.409205 174 173 164
1.1925 3.5475 0.601538 0.246174 -0.0646392 0.967068 172 170 159
1.1925 3.5475 0.614402 -0.120437 0.311279 -0.942656 171 170 158
1.1925 3.535 0.6525 0.431751 0.717801 0.546218 174 176 171
1.1925 3.5475 0.640639 -0.146414 0.214198 0.965755 171 172 164
1.18801 3.5625 0.5625 0.884792 -0.442246 0.146841 166 162 150
1.18396 3.5625 0.5775 0.851452 -0.51338 0.107097 167 164 150
1.1925 3.55853 0.5925 0.0959873 0.994293 -0.0465604 170 167 157
1.18551 3.5625 0.5925 0.87824 -0.475913 -0.046924 168 165 152
1.18549 3.5625 0.6075 0.835044 -0.528949 -0.151379 169 166 153
1.1925 3.55775 0.6225 -0.29379 0.632568 -0.716621 171 169 158
1.1894 3.5625 0.6225 0.908229 -0.124288 -0.399591 170 167 156
1.1925 3.5625 0.631325 0.325557 0.225608 -0.918212 171 169 160
1.1925 3.5625 0.644409 0.385482 -0.206091 0.899405 171 171 165
1.18917 3.5625 0.5475 0.931724 -0.35613 0.0711437 166 162 150
1.1925 3.57126 0.5475 0.922316 -0.379189 0.0744901 165 161 150
1.1925 3.5742 0.5625 0.929364 -0.365061 0.0548905 165 161 150
1.1925 3.5747 0.5775 0.860846 -0.502409 0.0808074 167 163 152
1.1925 3.57591 0.5925 0.866495 -0.498609 -0.023975 167 163 152
1.1925 3.57441 0.6075 0.873525 -0.474055 -0.110571 169 165 154
1.1925 3.56568 0.6225 0.788039 -0.546799 -0.282853 170 167 156
1.18499 3.5775 0.6525 0.41488 -0.379968 0.82674 170 171 163
1.1925 3.5775 0.648733 0.450218 -0.308194 0.838046 170 171 163
1.1925 3.5857 0.6525 0.463515 -0.364279 0.807747 169 171 163
1.1925 3.5925 0.655627 0.376099 -0.276548 0.884348 169 170 162
1.20273 3.3975 0.6225 -1 0 0 141 146 149
1.1965 3.5025 0.4875 0.714273 -0.697802 0.0537204 170 180 191
1.19528 3.5025 0.5025 0.690752 -0.723079 0.00440797 176 181 187
1.1964 3.5025 0.5175 0.694631 -0.719192 -0.0158214 176 180 189
1.19538 3.5025 0.5325 0.648054 -0.758678 -0.0665778 176 180 189
1.19795 3.5025 0.5475 0.637451 -0.770483 0.00358731 178 183 189
1.19686 3.5025 0.5625 0.598731 -0.717193 0.356588 179 184 190
1.19791 3.5025 0.6225 0.725931 -0.687767 4.59369e-17 177 179 177
1.19873 3.5175 0.6375 0.627652 -0.570906 0.529263 177 179 176
1.20169 3.5325 0.5775 0.982567 -0.0929762 0.160987 175 175 171
1.19855 3.5325 0.5925 0.971818 -0.231192 0.0460541 176 176 171
1.19927 3.5325 0.6075 0.956378 -0.093575 -0.27674 177 177 172
1.19896 3.5325 0.6525 0.744715 3.08285e-17 0.667383 175 177 173
1.20306 3.5475 0.5625 -0.810167 0.396268 0.431974 171 170 165
1.20388 3.5475 0.5775 -0.860807 0.22959 -0.454201 173 172 167
1.20281 3.5475 0.6075 -0.768023 -0.416485 -0.486498 174 173 166
1.20629 3.5475 0.6525 -0.653696 -0.40618 0.638513 175 177 172
1.19798 3.5625 0.6225 -0.487534 0.691575 -0.532948 171 168 159
1.19354 3.5625 0.5475 -0.501055 0.57242 0.649061 167 164 153
1.2075 3.57472 0.5475 -0.501055 0.57242 0.649061 167 165 159
1.19534 3.5775 0.5475 0.888605 -0.44979 0.0898308 165 161 150
1.19376 3.5775 0.5625 0.903288 -0.421165 0.0818008 165 161 150
1.19421 3.5775 0.5775 0.910911 -0.412602 0.000686487 167 163 152
1.19333 3.5775 0.5925 0.905715 -0.423818 0.00770258 167 163 152
1.1938 3.5775 0.6075 0.878872 -0.435318 -0.195144 169 165 154
1.20114 3.5775 0.6225 0.7455 -0.542629 -0.387018 169 167 159
1.20366 3.5925 0.5475 0.887379 -0.417154 0.196318 164 160 151
1.20016 3.5925 0.5625 0.922196 -0.380855 0.067118 164 160 151
1.2007 3.5925 0.5775 0.918761 -0.394689 -0.0099895 165 161 152
1.2006 3.5925 0.5925 0.92063 -0.39011 0.0159684 166 162 153
1.20014 3.5925 0.6075 0.887548 -0.385515 -0.252261 167 163 154
1.19731 3.5925 0.6525 0.48424 -0.380623 0.787805 169 170 163
1.3125 3.60946 0.4425 0.73546 -0.654289 0.176081 184 200 218
1.3125 3.61351 0.4575 0.73302 -0.672167 0.104275 161 173 188
1.3125 3.61365 0.4725 0.721099 -0.691401 0.044512 162 171 175
1.3275 3.60926 0.3975 0.504025 -0.666138 0.549745 171 198 225
1.3275 3.61644 0.4125 0.624466 -0.715276 0.313723 199 229 253
1.3275 3.62205 0.4275 0.695816 -0.682243 0.224464 202 227 247
1.3239 3.6225 0.4425 0.724389 -0.672163 0.153161 185 204 221
1.3275 3.6225 0.428877 0.733372 -0.65138 0.194599 201 226 246
1.32156 3.6225 0.4575 0.720324 -0.689836 0.0725249 162 173 185
1.32041 3.6225 0.4725 0.741827 -0.669459 0.0389412 162 170 175
1.3275 3.62631 0.4425 0.615614 -0.77374 0.149481 185 205 222
1.3275 3.62838 0.4575 0.674439 -0.722033 0.15427 162 172 182
1.3275 3.63091 0.4725 0.73022 -0.680931 0.0557818 162 170 175
1.3425 3.62097 0.3975 0.509361 -0.62266 0.594009 179 206 233
1.33544 3.6225 0.4125 0.596654 -0.738007 0.315198 199 229 253
1.3425 3.6225 0.400631 0.593443 -0.726785 0.345846 184 212 238
1.32786 3.6225 0.4275 0.619641 -0.741084 0.258533 202 227 247
1.3425 3.62832 0.4125 0.677127 -0.669335 0.305762 198 227 251
1.3425 3.63462 0.4275 0.624436 -0.747279 0.227272 199 221 241
1.3425 3.63706 0.4425 0.586411 -0.799863 0.127831 167 183 199
1.33608 3.6375 0.4575 0.663837 -0.729612 0.16428 163 172 180
1.3425 3.6375 0.443659 0.648681 -0.700767 0.296882 166 181 197
1.33413 3.6375 0.4725 0.670748 -0.741557 0.0138342 162 170 173
1.3425 3.64228 0.4575 0.619916 -0.764275 0.177731 163 172 179
1.3425 3.64406 0.4725 0.610041 -0.790243 0.0580137 162 170 173
1.35646 3.6225 0.3825 0.722315 -0.378844 0.578566 163 184 211
1.3575 3.6225 0.381606 0.45272 -0.155684 0.877956 163 184 211
1.34392 3.6225 0.3975 0.7285 -0.494229 0.474369 179 205 232
1.3575 3.62453 0.3825 0.711619 -0.324379 0.623198 163 185 212
1.35575 3.6375 0.3975 0.722224 -0.574311 0.385433 177 204 231
1.3575 3.6375 0.393984 0.78314 -0.48774 0.385747 172 199 226
1.35045 3.6375 0.4125 0.729374 -0.633417 0.258452 198 224 248
1.34622 3.6375 0.4275 0.741318 -0.652282 0.158036 199 221 241
1.343 3.6375 0.4425 0.712057 -0.68353 0.160504 166 182 199
1.3575 3.63936 0.3975 0.724782 -0.629211 0.280686 177 204 231
1.3575 3.64501 0.4125 0.718597 -0.645832 0.257915 199 225 248
1.3575 3.65167 0.4275 0.742809 -0.62673 0.235467 204 225 246
1.35616 3.6525 0.4425 0.752772 -0.648787 0.111398 159 172 188
1.3575 3.6525 0.43225 0.771671 -0.627664 0.102771 190 208 228
1.35459 3.6525 0.4575 0.677367 -0.728858 0.0996992 164 173 181
1.35402 3.6525 0.4725 0.646808 -0.753269 0.119272 162 168 172
1.3575 3.65382 0.4425 0.739691 -0.666403 0.0936195 160 172 188
1.3575 3.65599 0.4575 0.726135 -0.686396 0.039854 165 173 182
1.3575 3.65571 0.4725 0.734467 -0.673496 0.0834277 162 167 171
1.3725 3.6225 0.37481 0.342764 -0.0621413 0.937364 160 180 203
1.36318 3.6375 0.3825 0.688332 -0.4184 0.592571 164 189 216
1.3725 3.6375 0.37656 0.480269 -0.191411 0.855981 162 184 209
1.3725 3.64921 0.3825 0.671868 -0.509086 0.537982 171 196 223
1.36899 3.6525 0.3975 0.736853 -0.626437 0.254214 192 219 245
1.3725 3.6525 0.388676 0.680491 -0.660337 0.317626 180 206 233
1.36404 3.6525 0.4125 0.731861 -0.633374 0.251429 200 224 247
1.35816 3.6525 0.4275 0.724662 -0.667967 0.169366 204 225 246
1.3725 3.65683 0.3975 0.689762 -0.634895 0.348049 193 219 245
1.3725 3.66294 0.4125 0.741287 -0.628346 0.235955 202 225 248
1.37224 3.6675 0.4275 0.717837 -0.668518 0.194406 188 209 230
1.3725 3.6675 0.426535 0.743705 -0.633903 0.212295 189 210 231
1.36966 3.6675 0.4425 0.730017 -0.678497 0.0819597 159 175 189
1.36911 3.6675 0.4575 0.723069 -0.68939 0.0437419 164 171 179
1.3674 3.6675 0.4725 0.714571 -0.697223 0.0571646 162 167 172
1.3725 3.66777 0.4275 0.722256 -0.675254 0.149591 187 208 229
1.3725 3.67068 0.4425 0.715671 -0.693901 0.079473 159 175 190
1.3725 3.67085 0.4575 0.706236 -0.706635 0.0435667 164 170 178
1.3725 3.67318 0.4725 0.713511 -0.699403 0.041696 163 167 172
1.3875 3.6225 0.370215 0.326116 0.0537062 0.943803 160 178 201
1.3875 3.6375 0.370193 0.396649 -0.0306933 0.917457 159 179 203
1.37554 3.6525 0.3825 0.58485 -0.652235 0.482223 171 196 223
1.3875 3.6525 0.370483 0.567524 -0.330446 0.754136 160 180 206
1.3875 3.66266 0.3825 0.603733 -0.657099 0.451362 169 192 219
1.38174 3.6675 0.3975 0.694197 -0.648294 0.312739 200 224 251
1.3875 3.6675 0.389399 0.679052 -0.595935 0.42866 184 208 236
1.37674 3.6675 0.4125 0.731271 -0.641177 0.232669 203 225 250
1.3875 3.67221 0.3975 0.647359 -0.692068 0.319326 200 224 252
1.3875 3.68005 0.4125 0.69134 -0.668714 0.273625 199 223 249
1.38637 3.6825 0.4275 0.709331 -0.695247 0.116113 163 181 200
1.3875 3.6825 0.421781 0.708981 -0.685885 0.164033 177 197 219
1.38442 3.6825 0.4425 0.70359 -0.709697 0.0359392 162 174 186
1.38425 3.6825 0.4575 0.701987 -0.7081 0.076217 163 170 177
1.38188 3.6825 0.4725 0.710684 -0.703237 -0.0196258 162 166 172
1.3875 3.68339 0.4275 0.61515 -0.779073 0.120977 163 181 200
1.3875 3.68555 0.4425 0.615919 -0.785396 0.0616226 162 174 185
1.3875 3.68572 0.4575 0.692832 -0.713395 0.105122 163 169 177
1.3875 3.68806 0.4725 0.694428 -0.71917 0.0237504 161 165 171
1.39258 3.6225 0.3675 0.347065 0.0458582 0.936719 159 178 200
1.4025 3.6225 0.364947 -0.0231376 0.0665365 0.997516 157 178 199
1.39187 3.6375 0.3675 0.390226 0.0203712 0.920494 158 178 202
1.4025 3.6375 0.364057 0.0620439 0.0372945 0.997376 157 177 201
1.39072 3.6525 0.3675 0.581506 -0.323277 0.746554 159 179 204
1.4025 3.6525 0.363679 -0.00470192 -0.0391527 0.999222 158 178 202
1.39982 3.6675 0.3675 0.751418 -0.502424 0.427716 163 184 211
1.4025 3.6675 0.366163 0.125606 -0.196231 0.972479 163 183 210
1.39238 3.6675 0.3825 0.730214 -0.53326 0.427108 170 193 221
1.4025 3.67119 0.3675 0.0722757 -0.729714 0.679921 164 185 212
1.4025 3.68146 0.3825 0.571751 -0.610304 0.548297 179 203 231
1.39924 3.6825 0.3975 0.633897 -0.711568 0.30306 199 223 251
1.4025 3.6825 0.385175 0.647683 -0.732006 0.211362 183 207 235
1.38998 3.6825 0.4125 0.603253 -0.753215 0.262208 199 223 249
1.4025 3.68621 0.3975 0.636994 -0.729069 0.250394 199 223 251
1.4025 3.69225 0.4125 0.614024 -0.751486 0.241338 198 222 247
1.4025 3.69576 0.4275 0.61726 -0.7772 0.122271 171 192 212
1.4025 3.69668 0.4425 0.611629 -0.788302 0.0670125 163 172 179
1.39789 3.6975 0.4575 0.688909 -0.718185 0.0980555 163 169 176
1.4025 3.6975 0.445137 0.687818 -0.68173 0.249301 163 172 179
1.39836 3.6975 0.4725 0.675074 -0.73739 0.0230407 159 163 168
1.4025 3.70116 0.4575 0.593962 -0.803707 0.0355544 163 170 177
1.4025 3.70053 0.4725 0.522893 -0.851935 0.0281085 158 162 166
1.4137 3.6225 0.3675 -0.212995 0.0488912 0.975829 156 177 197
1.4175 3.6225 0.368365 0.0860498 0.0440176 0.995318 156 177 196
1.4175 3.63311 0.3675 -0.143684 0.0979326 0.984766 156 177 197
1.4175 3.6375 0.366874 0.205407 0.0328541 0.978125 156 177 198
1.4175 3.64834 0.3675 0.498109 -0.0511227 0.865606 157 177 200
1.41696 3.6525 0.3675 -0.25869 -0.0292099 0.965519 157 177 201
1.4175 3.6525 0.367651 0 0 1 157 177 201
1.4175 3.6582 0.3675 -0.240152 0.037531 0.97001 157 177 201
1.4175 3.6675 0.367062 0.294029 -0.0777994 0.952625 157 177 201
1.4175 3.6694 0.3675 0.360539 -0.481639 0.798771 157 177 202
1.40355 3.6825 0.3825 0.521983 -0.62402 0.581492 180 204 232
1.4175 3.6825 0.37171 0.546553 -0.460799 0.699245 164 185 211
1.4175 3.69401 0.3825 0.572629 -0.684457 0.451237 191 214 244
1.41597 3.6975 0.3975 0.606629 -0.746838 0.27246 199 222 253
1.4175 3.6975 0.39325 0.602546 -0.760501 0.242025 198 221 252
1.40922 3.6975 0.4125 0.604903 -0.768674 0.207926 197 223 248
1.40521 3.6975 0.4275 0.654662 -0.742058 0.144114 168 190 210
1.40362 3.6975 0.4425 0.712948 -0.685394 0.148122 163 172 179
1.4175 3.69878 0.3975 0.591146 -0.752287 0.29088 199 222 253
1.4175 3.70394 0.4125 0.618018 -0.748723 0.239723 188 214 239
1.4175 3.7078 0.4275 0.632838 -0.747923 0.200317 163 180 196
1.4175 3.7123 0.4425 0.662335 -0.740245 0.11554 161 171 180
1.4175 3.71044 0.4575 0.538059 -0.840932 -0.0576663 161 168 175
1.4175 3.71026 0.4725 0.55107 -0.834073 -0.0253972 158 163 167
1.42 3.6225 0.3675 0.507778 0.0827847 0.857501 156 177 196
1.4325 3.6225 0.359577 0.527005 0.0752814 0.846521 156 177 197
1.4325 3.6375 0.358117 0.50396 0.0293115 0.86323 156 177 196
1.41793 3.6525 0.3675 0.520618 0.0194986 0.853567 157 177 201
1.4325 3.6525 0.358559 0.511134 -0.00878305 0.859456 156 177 196
1.4325 3.6675 0.358523 0.493237 -0.0778388 0.866406 155 176 198
1.42352 3.6825 0.3675 0.535912 -0.348967 0.768779 160 178 204
1.4325 3.6825 0.361254 0.515337 -0.251347 0.8193 157 176 201
1.4325 3.69243 0.3675 0.533258 -0.543959 0.647877 161 180 207
1.42278 3.6975 0.3825 0.514104 -0.781839 0.352738 186 208 238
1.4325 3.6975 0.372705 0.502794 -0.686174 0.525704 164 184 212
1.4325 3.70392 0.3825 0.55801 -0.751177 0.352645 177 197 227
1.4325 3.71126 0.3975 0.611844 -0.730333 0.303743 197 224 253
1.42756 3.7125 0.4125 0.641019 -0.735768 0.218493 188 216 241
1.4325 3.7125 0.400551 0.634745 -0.724842 0.267773 197 224 253
1.42264 3.7125 0.4275 0.625172 -0.758281 0.18485 159 173 186
1.41774 3.7125 0.4425 0.585788 -0.810435 -0.00684119 161 171 180
1.42026 3.7125 0.4575 0.579842 -0.814004 -0.0343671 161 168 174
1.42032 3.7125 0.4725 0.592117 -0.805615 -0.0195532 158 163 167
1.4325 3.717 0.4125 0.656735 -0.72015 0.223793 193 221 246
1.4325 3.72087 0.4275 0.64332 -0.746706 0.169025 162 174 185
1.4325 3.72324 0.4425 0.603078 -0.795479 0.0592486 162 171 178
1.4325 3.72108 0.4575 0.577843 -0.812715 -0.0747829 158 166 170
1.4325 3.72104 0.4725 0.573939 -0.818898 0.000132027 155 162 165
1.4573 3.2925 0.6525 -0.130443 0.0378063 0.990735 197 210 219
1.4625 3.2925 0.653217 -0.133093 0.0386328 0.99035 197 210 219
1.46165 3.3075 0.6525 -0.108811 0.00956163 0.994016 197 210 219
1.4625 3.3075 0.652587 -0.115747 0.0133223 0.993189 197 210 219
1.45861 3.3225 0.6525 -0.122135 0.00520109 0.9925 196 209 218
1.4625 3.3225 0.653017 -0.0969524 -0.00242922 0.995286 196 209 218
1.4625 3.33526 0.6525 -0.135091 0.0411439 0.989979 196 209 218
1.4625 3.3375 0.652406 -0.135484 0.038395 0.990035 196 209 218
1.4603 3.3525 0.6525 0.275005 -0.360767 0.89119 196 209 218
1.4625 3.3525 0.651804 -0.0230916 -0.0830024 0.996282 196 209 218
1.4625 3.3542 0.6525 -0.15502 -0.38889 0.908148 196 209 218
1.4775 3.2925 0.655189 -0.0305024 -0.0632605 0.997531 197 210 219
1.4775 3.3075 0.654656 -0.136095 0.0322102 0.990172 197 210 219
1.4775 3.3225 0.654084 -0.117217 0.00611794 0.993088 197 210 219
1.46318 3.3375 0.6525 -0.13203 0.0353699 0.990614 196 209 218
1.4775 3.3375 0.654407 -0.113643 -0.0118697 0.993451 197 210 219
1.46665 3.3525 0.6525 -0.187188 -0.0346759 0.981712 196 209 218
1.4775 3.3525 0.655436 -0.0807963 -0.0764729 0.993793 197 210 219
1.487 3.2925 0.6525 0.257514 -0.342101 0.903689 197 210 219
1.4925 3.2925 0.650835 0.00621735 -0.104932 0.99446 197 210 219
1.4925 3.29664 0.6525 0.26042 -0.345802 0.901445 197 210 220
1.4925 3.3075 0.656581 0.0614828 -0.165425 0.984304 197 209 220
1.4925 3.3225 0.656494 -0.136519 0.0212714 0.990409 197 209 220
1.4925 3.3375 0.656008 -0.125605 0.0186904 0.991904 198 211 220
1.4925 3.3525 0.655799 -0.0606449 -0.0494674 0.996933 198 211 220
1.5075 3.2925 0.65242 -0.102419 0.00609627 0.994723 197 211 220
1.50692 3.3075 0.6525 0.255241 -0.350158 0.901244 197 209 221
1.5075 3.3075 0.652323 -0.0177349 -0.0820992 0.996466 197 209 221
1.5075 3.3079 0.6525 -0.140508 -0.371493 0.917742 197 209 221
1.5075 3.3225 0.65829 0.085587 -0.101179 0.99118 198 210 221
1.5075 3.3375 0.658076 -0.00581322 -0.0333759 0.999426 197 211 222
1.5075 3.3525 0.657447 -0.119689 0.02119 0.992585 198 210 222
1.50872 3.2925 0.6525 -0.0706684 0.00214649 0.997498 197 211 220
1.5225 3.2925 0.653482 -0.0963851 -0.0342811 0.994754 198 212 221
1.50917 3.3075 0.6525 -0.120484 -0.0485928 0.991525 197 209 221
1.5225 3.3075 0.654886 -0.0466684 -0.121955 0.991438 197 211 222
1.5225 3.3225 0.654727 -0.0116188 0.0204933 0.999722 197 211 222
1.5225 3.3375 0.654337 0.103001 -0.0915919 0.990455 197 211 222
1.5225 3.3525 0.659515 0.0516625 -0.147994 0.987638 198 211 223
1.5375 3.2925 0.655593 -0.101076 0.0276716 0.994494 197 211 222
1.5375 3.3075 0.65494 -0.0488696 -0.0547725 0.997302 197 211 222
1.5375 3.3225 0.65741 -0.0654243 -0.0762278 0.994942 197 211 222
1.5375 3.3375 0.65697 -0.177851 0.0374154 0.983346 197 211 222
1.5375 3.3525 0.655931 0.00372228 -0.133221 0.991079 198 212 223
1.5525 3.2925 0.656471 -0.088022 -0.0111729 0.996056 197 211 222
1.5525 3.3075 0.656525 -0.101874 0.00906915 0.994756 197 211 222
1.5525 3.3225 0.656431 -0.0213175 -0.092737 0.995462 198 212 223
1.5525 3.3375 0.659426 -0.001202 -0.0550018 0.998486 198 212 223
1.5525 3.3525 0.659349 -0.106873 -0.00686787 0.994249 198 212 223
1.5675 3.2925 0.657849 -0.0914214 -0.0286639 0.9954 197 213 223
1.5675 3.3075 0.658246 -0.100901 -0.00668178 0.994874 198 212 223
1.5675 3.3225 0.658159 -0.103326 0.00114231 0.994647 198 212 223
1.5675 3.3375 0.658271 -0.0394705 -0.0245952 0.998918 198 212 223
1.5675 3.3525 0.657833 0.0377939 -0.0745782 0.996499 198 212 225
1.5825 3.2925 0.659174 -0.078038 -0.0337777 0.996378 197 213 223
1.5825 3.3075 0.659676 -0.0857361 -0.0157731 0.996193 197 213 223
1.5825 3.3225 0.659607 -0.0946783 0.00214381 0.995506 197 213 224
1.5825 3.3375 0.659548 -0.0986446 0.00136862 0.995122 197 213 224
1.5825 3.3525 0.659419 -0.112925 0.00718575 0.993578 198 212 224
1.5975 3.2925 0.660264 -0.0836944 -0.0337743 0.995919 196 213 223
1.5975 3.3075 0.660786 -0.0841909 -0.026038 0.996109 196 213 223
1.5975 3.3225 0.660948 -0.10016 -0.0114784 0.994905 196 212 224
1.5975 3.3375 0.661098 -0.111402 -0.00412749 0.993767 197 212 225
1.5975 3.3525 0.661238 -0.113864 -0.00988773 0.993447 196 212 225
1.6125 3.2775 0.660892 -0.0987904 -0.0478481 0.993957 196 213 223
1.6125 3.2925 0.66163 -0.0987953 -0.039002 0.994343 196 213 223
1.6125 3.3075 0.662112 -0.0989355 -0.0323951 0.994566 196 213 223
1.6125 3.3225 0.662594 -0.105486 -0.028405 0.994015 196 212 225
1.6125 3.3375 0.663076 -0.116772 -0.00799508 0.993127 196 212 225
1.6125 3.3525 0.66293 -0.113382 -0.00581914 0.993534 196 212 225
1.6275 3.2775 0.662399 0.0258103 -0.0872768 0.99585 196 213 223
1.6275 3.2925 0.663105 -0.040973 -0.0511862 0.997848 196 213 223
1.6275 3.3075 0.663757 -0.0664896 -0.0466086 0.996698 196 212 225
1.6275 3.3225 0.664238 -0.0906151 -0.0326681 0.99535 196 212 225
1.6275 3.3375 0.66472 -0.103382 -0.0242061 0.994347 196 212 225
1.6275 3.3525 0.664623 -0.125052 0.00204919 0.992148 197 214 224
1.6425 3.2775 0.66015 -0.00902668 -0.128872 0.99162 196 213 223
1.6425 3.2925 0.662681 0.00506804 -0.116143 0.99322 195 213 223
1.6425 3.3075 0.663844 -0.0496988 -0.0766346 0.99582 195 213 223
1.6425 3.3225 0.665304 -0.0701203 -0.0583949 0.995828 196 213 223
1.6425 3.3375 0.665849 -0.0767989 -0.0377203 0.996333 197 214 224
1.6425 3.3525 0.666789 -0.0870741 -0.0217552 0.995964 197 214 224
1.6575 3.2775 0.662352 -0.11618 -0.0531303 0.991806 196 213 223
1.6575 3.2925 0.663138 -0.0793274 -0.118871 0.989736 196 213 223
1.6575 3.3075 0.665568 -0.0774232 -0.106809 0.991261 196 213 223
1.6575 3.3225 0.666597 -0.0934899 -0.0738255 0.992879 196 213 223
1.6575 3.3375 0.667382 -0.095842 -0.0265938 0.995041 197 214 224
1.6575 3.3525 0.667337 -0.0666911 -0.0255023 0.997448 197 213 226
1.6575 3.3549 0.6675 -0.082874 -0.0663351 0.99435 197 213 226
1.6725 3.2775 0.66386 -0.0884157 -0.08216 0.992689 196 213 223
1.6725 3.2925 0.664699 -0.101229 -0.077061 0.991874 196 213 223
1.6725 3.3075 0.666544 -0.0769378 -0.118563 0.989961 196 213 223
1.6725 3.31527 0.6675 -0.0515802 -0.0881774 0.994768 197 213 225
1.66529 3.3225 0.6675 -0.0992048 -0.0747066 0.992259 197 213 225
1.6725 3.3225 0.667994 -0.0498008 -0.0380102 0.998036 197 213 226
1.65851 3.3375 0.6675 -0.0786822 -0.0225915 0.996644 197 214 224
1.6725 3.3375 0.66846 -0.0646256 -0.0195484 0.997718 197 213 226
1.65988 3.3525 0.6675 -0.0724039 -0.00149134 0.997374 197 213 226
1.6725 3.3525 0.668435 -0.0761315 -0.0221324 0.996852 196 214 226
1.21535 3.6525 0.7875 0.819437 -0.316123 0.47811 182 185 179
1.21662 3.6675 0.7875 0.888282 -0.451263 0.0855422 182 185 179
1.2225 3.67231 0.7875 0.575273 -0.720478 -0.387264 182 185 179
1.2225 3.6825 0.783828 0.28657 -0.169982 -0.942859 177 179 171
1.2225 3.6825 0.7938 0.379162 -0.385402 0.84125 181 184 177
1.2225 3.6975 0.782319 0.342292 -0.185289 -0.921143 174 175 166
1.21743 3.6975 0.8025 0.472456 -4.43154e-17 0.881354 180 180 172
1.2225 3.6975 0.799877 0.194359 -0.0415926 0.980048 180 181 174
1.21329 3.7125 0.7875 -0.92644 0.356087 0.122112 182 186 179
1.2225 3.7125 0.778996 -0.0558724 0.348927 -0.935483 171 170 159
1.2225 3.70128 0.8025 0.474503 -0.433568 0.766071 180 180 172
1.21969 3.7125 0.8025 -0.907774 -0.104679 0.406188 179 180 170
1.2225 3.7125 0.807761 -0.42128 -0.243227 0.873707 177 176 166
1.2225 3.72198 0.7875 0.174055 0.8053 -0.566742 174 172 159
1.22018 3.7275 0.8025 -0.95523 0.179796 0.234968 177 177 167
1.2225 3.7275 0.797215 -0.371666 0.810443 -0.452821 175 173 161
1.2225 3.7275 0.811334 0.248368 0.143396 0.957993 176 174 164
1.2225 3.73138 0.7875 -0.2151 -0.975127 0.0534773 172 168 154
1.21897 3.7425 0.7875 -1 -1.09328e-17 0 175 174 162
1.2225 3.7425 0.772535 -0.149687 -0.116878 -0.981801 169 164 150
1.2225 3.73075 0.8025 2.09171e-17 1 0 177 177 167
1.2225 3.7425 0.796388 -0.63886 -0.0086057 0.769275 175 177 167
1.2225 3.75737 0.7875 -0.194626 0.980877 -0.00125419 168 163 147
1.2225 3.74955 0.8025 1.49689e-17 -1 0 174 175 165
1.21358 3.7575 0.8025 -0.964544 -0.258675 -0.0523596 174 173 163
1.2225 3.7575 0.787672 0.187624 -0.479335 -0.857342 168 163 147
1.2225 3.7575 0.807888 0.0114397 -0.575658 0.81761 171 169 158
1.21489 3.7725 0.8025 -0.962799 0.0863668 -0.256044 169 167 155
1.2225 3.7725 0.78779 -0.359195 0.230073 -0.904458 168 162 147
1.2225 3.76964 0.8175 0.299339 -0.673549 0.675816 162 158 144
1.21921 3.7725 0.8175 -0.883157 -0.165994 0.438724 153 149 135
1.2225 3.7725 0.826146 -0.519175 -0.384359 0.763365 157 151 137
1.21247 3.7875 0.8025 -0.973004 0.230574 0.00992963 168 165 153
1.2225 3.7875 0.799445 -0.410656 0.269054 -0.87119 168 166 152
1.21937 3.7875 0.8175 -0.927601 0.119017 0.354105 140 135 121
1.2225 3.7875 0.828756 0.332451 0.246122 0.91044 151 144 130
1.2225 3.80108 0.8025 -0.496241 0.86491 -0.0753402 168 168 156
1.2225 3.79067 0.8175 -0.22525 0.847792 0.480115 142 136 122
1.23669 3.6825 0.7875 0.843239 -0.392717 0.367045 177 181 175
1.23518 3.6975 0.7875 0.858683 -0.0847662 -0.505448 174 177 171
1.2375 3.69995 0.7875 0.809027 -0.580366 0.0930096 174 177 170
1.2375 3.7125 0.783767 0.339706 0.0966241 -0.935555 173 174 165
1.22884 3.7125 0.8025 0.640071 -0.204478 0.740606 178 178 169
1.2375 3.7125 0.795327 0.848509 0.102856 0.519089 177 179 170
1.2375 3.71622 0.7875 0.371791 0.928317 0 174 175 165
1.23165 3.7275 0.8025 0.83498 0.544621 0.0787128 177 176 167
1.2375 3.73816 0.7875 0.481605 -0.826809 -0.29059 172 171 160
1.2375 3.7425 0.783162 0.529912 0.413763 -0.740266 169 168 158
1.2375 3.74059 0.8025 0.199974 -0.845283 0.495486 175 174 165
1.23712 3.7425 0.8025 -0.407067 0.382525 0.82944 174 174 164
1.2375 3.7425 0.802923 0 0 1 174 174 164
1.2375 3.7481 0.7875 0.668329 0.739418 -0.0812265 170 168 157
1.2375 3.745 0.8025 0.470579 0.822987 0.318196 174 173 163
1.23597 3.7575 0.8025 0.603744 -0.797179 0 171 170 159
1.2375 3.76091 0.8025 0.767098 -0.598715 0.230437 170 169 158
1.2375 3.7725 0.797754 0.550986 -0.133359 -0.82379 166 163 151
1.23048 3.7725 0.8175 0.686127 -0.277999 0.672269 158 154 141
1.2375 3.7725 0.810168 0.580329 -0.404081 0.707062 162 160 148
1.2375 3.7875 0.796301 0.235987 0.0553192 -0.97018 167 162 150
1.23233 3.7875 0.8175 0.665019 0.292054 0.687353 149 144 131
1.2375 3.7875 0.814243 0.376754 0.0278435 0.925895 155 151 139
1.22491 3.8025 0.8025 -0.99416 -0.107566 -0.00871706 168 167 155
1.2375 3.8025 0.795837 -0.0105556 -0.103687 -0.994554 163 157 144
1.2375 3.79631 0.8175 0.508602 -0.410963 0.756593 148 143 131
1.23615 3.8025 0.8175 -0.854974 -0.164153 0.49201 145 140 128
1.2375 3.8025 0.820359 -0.0956492 -0.595834 0.797391 147 142 130
1.22476 3.8175 0.8025 -0.984568 -0.0875778 0.151512 145 141 129
1.2375 3.8175 0.790676 -0.270337 -0.223161 -0.936545 161 153 139
1.23269 3.8175 0.8175 -0.903492 -0.208239 0.374618 148 142 130
1.2375 3.81645 0.8325 0.338845 -0.607421 0.718488 154 148 135
1.2372 3.8175 0.8325 -0.922496 -0.239294 0.302886 153 147 134
1.2375 3.8175 0.833148 0 -0.525308 0.850912 153 147 134
1.24618 3.7125 0.7875 1 -7.20702e-17 0 174 176 168
1.24047 3.7425 0.7875 0.998145 -0.0544559 -0.027236 171 171 160
1.2383 3.7425 0.8025 0.950229 0.278644 0.139363 174 173 164
1.24649 3.7725 0.8025 0.870206 -0.364448 0.33154 167 165 156
1.25036 3.7875 0.8025 0.918503 -0.264009 -0.294367 165 163 152
1.2525 3.79198 0.8025 0.829922 -0.512901 0.219459 164 162 151
1.2525 3.8025 0.80033 0.359995 -0.106759 -0.926826 163 159 148
1.24238 3.8025 0.8175 0.63769 -0.353599 0.684338 149 145 132
1.2525 3.8025 0.809876 0.589822 -0.363257 0.721217 160 156 145
1.2525 3.8175 0.797521 0.423176 -0.225376 -0.877569 162 157 143
1.24847 3.8175 0.8175 0.749546 -0.304437 0.587792 146 141 128
1.2525 3.8175 0.814491 0.750652 -0.0842996 0.655297 148 144 130
1.23838 3.8175 0.8325 0.770607 -0.335539 0.541829 154 148 135
1.26071 3.8025 0.8025 0.982955 -0.126204 0.133685 162 160 148
1.25634 3.8175 0.8025 0.907048 0.161289 -0.388909 162 158 143
1.1625 3.3225 0.430047 0.232641 0.393811 0.889264 166 180 193
1.1775 3.31939 0.4275 0.104127 0.388006 0.915756 166 180 193
1.17224 3.3225 0.4275 0.238996 0.0964731 0.966216 166 180 193
1.1775 3.3225 0.426229 -0.0103098 0.00440618 0.999937 166 180 193
1.17685 3.3375 0.4275 0.251077 -0.0591908 0.966156 166 179 195
1.1775 3.3375 0.42733 0.182112 -0.0198142 0.983078 166 179 195
1.1775 3.34147 0.4275 0.275338 -0.0400676 0.960512 166 179 195
1.1775 3.3525 0.427974 0.281389 -0.0549963 0.958016 166 179 195
1.1775 3.3675 0.42906 0.270197 -0.0529618 0.961347 164 180 195
1.1849 3.3225 0.4275 -0.171915 -0.0277778 0.98472 166 180 194
1.1925 3.3225 0.428852 -0.0733147 -0.050496 0.99603 167 179 195
1.17865 3.3375 0.4275 -0.151073 0.089053 0.984503 166 179 195
1.1925 3.3375 0.429473 0.0408039 0.0522404 0.997801 167 178 196
1.1925 3.34258 0.4275 0 0.361547 0.932354 167 178 196
1.17908 3.3525 0.4275 0.276758 -0.0626145 0.958898 166 179 195
1.1925 3.3525 0.423656 0.0679086 0.0533257 0.996265 168 179 197
1.1831 3.3675 0.4275 0.274564 -0.0499021 0.960273 165 180 196
1.1925 3.3675 0.424711 0.130614 0.0196741 0.991238 168 179 197
1.19785 3.3225 0.4275 0.25743 -0.0240246 0.965998 167 179 196
1.19934 3.3375 0.4275 0.267206 0.169242 0.948661 167 178 196
1.1775 3.3825 0.42952 0.256209 -0.0245804 0.966309 166 181 197
1.1775 3.3975 0.429665 0.256108 0.0544657 0.965113 166 182 199
1.1775 3.40255 0.4275 0.239787 0.382475 0.892309 167 183 200
1.1775 3.4125 0.423235 0.0267075 0.0944715 0.995169 168 183 203
1.1775 3.4275 0.423549 -0.0424341 -0.0333118 0.998544 168 184 204
1.1775 3.4425 0.4246 0.0523699 -0.11758 0.991682 171 189 209
1.1775 3.45345 0.4275 0.234106 -0.352707 0.905976 171 191 211
1.1775 3.4575 0.431673 0.321569 -0.768348 0.553384 173 194 216
1.1775 3.46426 0.4425 0.63218 -0.629111 0.452291 189 212 235
1.1775 3.47115 0.4575 0.741103 -0.613989 0.271632 201 225 249
1.1775 3.4725 0.460051 0.679092 -0.639141 0.361017 201 225 249
1.1775 3.47963 0.4725 0.71691 -0.62369 0.31153 201 221 242
1.18526 3.3825 0.4275 0.292864 -0.00492183 0.956141 167 181 197
1.1925 3.3825 0.425352 0.258326 0.00170201 0.966056 168 181 198
1.18555 3.3975 0.4275 0.33319 0.216637 0.917634 167 181 198
1.1925 3.3975 0.424217 0.193206 0.0568724 0.979509 168 181 198
1.1925 3.4125 0.424354 0.0832247 -0.00164619 0.996529 166 182 198
1.1925 3.4275 0.424491 0.125528 0.0416468 0.991215 169 185 201
1.1925 3.4425 0.424628 0.252061 -0.0380184 0.966964 168 184 202
1.18468 3.4575 0.4275 0.617113 -0.465822 0.634178 170 190 210
1.1925 3.4575 0.425532 0.339079 -0.10628 0.934735 170 187 207
1.19141 3.4725 0.4275 0.779449 -0.481254 0.401066 174 196 219
1.1925 3.4725 0.426618 0.422829 -0.198606 0.884178 173 195 217
1.18405 3.4725 0.4425 0.749951 -0.557771 0.35562 196 220 244
1.17886 3.4725 0.4575 0.740869 -0.599628 0.302587 201 225 249
1.1925 3.47389 0.4275 0.674216 -0.610526 0.415561 175 197 220
1.1925 3.48224 0.4425 0.709048 -0.616066 0.343095 197 223 246
1.19055 3.4875 0.4575 0.737807 -0.608794 0.291566 200 224 248
1.1925 3.4875 0.453246 0.705128 -0.641254 0.302634 200 225 249
1.18431 3.4875 0.4725 0.705666 -0.661868 0.252916 201 221 241
1.1925 3.48978 0.4575 0.675821 -0.673901 0.298535 201 224 248
1.1925 3.49622 0.4725 0.704302 -0.672251 0.228118 186 205 224
1.20503 3.4875 0.4275 0.676189 -0.629344 0.383008 174 195 219
1.19674 3.4875 0.4425 0.685984 -0.64657 0.333727 201 226 250
1.20536 3.5025 0.4575 0.678437 -0.663236 0.315977 201 225 249
1.19838 3.5025 0.4725 0.719588 -0.673522 0.169 178 195 214
1.45283 3.6225 0.6675 -0.163403 0.129781 0.977986 184 194 199
1.4625 3.6225 0.669121 -0.16759 0.116433 0.978957 184 195 200
1.4625 3.63604 0.6675 -0.166396 0.117147 0.979076 184 193 198
1.46183 3.6375 0.6675 0.248626 -0.304283 0.919563 184 193 198
1.4625 3.6375 0.667326 -0.0174064 -0.0322482 0.999328 184 193 198
1.4625 3.63801 0.6675 -0.165225 -0.317164 0.933867 184 193 198
1.4625 3.6525 0.67242 -0.0118401 -0.0715273 0.997368 183 192 196
1.4625 3.6675 0.670626 -0.151975 0.071712 0.985779 182 192 194
1.4625 3.6825 0.670441 0.0158747 -0.109248 0.993888 180 188 191
1.4625 3.6975 0.673572 0.0620034 -0.127343 0.989919 179 186 188
1.4625 3.7125 0.674513 0.012845 -0.0809434 0.996636 178 185 186
1.4625 3.7275 0.675659 -0.0403198 -0.0763655 0.996264 176 182 183
1.4625 3.7425 0.678758 -0.191302 0.00538575 0.981516 173 177 179
1.4625 3.7575 0.673944 -0.191007 0.103023 0.976167 172 175 175
1.4625 3.7725 0.675243 0.0021841 -0.072218 0.997386 170 172 172
1.4625 3.7875 0.676628 -0.039909 -0.0477512 0.998062 169 170 168
1.4625 3.8025 0.67637 -0.0224398 -0.0535409 0.998313 166 168 164
1.4775 3.6092 0.6675 -0.134103 -0.300952 0.944163 186 197 203
1.4775 3.6225 0.671757 -0.00432627 -0.0699504 0.997541 185 196 202
1.46339 3.6375 0.6675 -0.19172 0.101969 0.976138 184 193 198
1.4775 3.6375 0.670272 -0.120894 0.0288747 0.992245 184 195 200
1.4775 3.6525 0.669303 0.0539979 -0.077899 0.995498 184 193 200
1.4775 3.6675 0.673302 -0.00801602 -0.0662344 0.997772 183 191 197
1.4775 3.6825 0.671657 -0.124988 0.0568189 0.99053 182 191 195
1.4775 3.6975 0.671644 0.0230229 -0.0945151 0.995257 180 188 193
1.4775 3.7125 0.674257 0.0663834 -0.122825 0.990206 178 186 187
1.4775 3.7275 0.67571 0.00963918 -0.0908047 0.995822 177 183 185
1.4775 3.7425 0.676561 0.0546194 -0.125084 0.990642 175 180 182
1.4775 3.7575 0.679783 -0.124673 0.0342164 0.991608 173 177 178
1.4775 3.7725 0.675317 -0.210884 0.124788 0.969513 171 173 174
1.4775 3.7875 0.675856 -0.00265473 -0.0546735 0.998501 170 171 170
1.4925 3.6225 0.668648 0.0666417 -0.0702289 0.995302 187 198 204
1.4925 3.6375 0.672937 0.0159077 -0.0859757 0.99617 186 197 203
1.4925 3.6525 0.671422 -0.138656 0.0618742 0.988406 183 195 201
1.4925 3.6675 0.67123 0.00738442 -0.116383 0.993177 183 194 200
1.4925 3.6825 0.67429 -0.040938 -0.0346845 0.998559 182 192 196
1.4925 3.6975 0.672628 -0.115632 0.050295 0.992018 181 190 194
1.4925 3.7125 0.672846 0.00656068 -0.0933286 0.995614 181 187 192
1.4925 3.7275 0.674937 0.0495174 -0.131717 0.99005 178 185 186
1.4925 3.7425 0.67739 7.68237e-05 -0.0973064 0.995254 176 181 184
1.4925 3.7575 0.677507 0.0440185 -0.124272 0.991271 173 177 179
1.4925 3.7725 0.681703 -0.0526056 0.0814021 0.995292 170 174 175
1.4925 3.7875 0.676673 -0.166524 0.0926924 0.981671 170 170 171
1.5075 3.61241 0.6675 -0.117833 -0.325194 0.938277 187 202 209
1.5075 3.6225 0.670726 0.00261425 -0.0712597 0.997454 186 201 208
1.5075 3.6375 0.669978 -0.00173706 -0.113948 0.993485 186 199 207
1.5075 3.6525 0.673682 -0.0233007 -0.0648543 0.997623 184 196 204
1.5075 3.6675 0.672431 -0.11245 0.0297147 0.993213 184 194 202
1.5075 3.6825 0.673243 0.00871816 -0.110997 0.993783 183 193 198
1.5075 3.6975 0.675218 -0.0699739 -0.0054445 0.997534 181 191 195
1.5075 3.7125 0.673556 -0.105441 0.0277378 0.994039 181 188 194
1.5075 3.7275 0.674761 -0.00566205 -0.104573 0.994501 179 185 190
1.5075 3.7425 0.676195 0.0411279 -0.122325 0.991638 176 182 184
1.5075 3.7575 0.679003 0.0100109 -0.0861912 0.996228 174 178 182
1.5075 3.7725 0.678437 -0.00735419 -0.053244 0.998554 172 176 177
1.5075 3.78672 0.6825 0.201967 -0.268921 0.941749 170 174 173
1.50664 3.7875 0.6825 -0.364182 -0.226873 0.903272 170 174 173
1.5075 3.7875 0.682711 0 0 1 170 174 173
1.5075 3.78868 0.6825 -0.0783623 0.233604 0.969169 170 174 173
1.5225 3.6225 0.667585 -0.0280306 -0.0155099 0.999487 188 201 210
1.5225 3.6375 0.672505 0.0334789 -0.144825 0.988891 187 199 208
1.5225 3.6525 0.672626 -0.018042 -0.110976 0.993659 187 197 206
1.5225 3.6675 0.675085 -0.0699639 -0.024249 0.997255 185 196 203
1.5225 3.6825 0.673463 -0.0991784 0.0125746 0.99499 184 193 202
1.5225 3.6975 0.674881 -0.00124951 -0.11049 0.993876 183 192 198
1.5225 3.7125 0.676409 -0.104092 0.0198075 0.99437 181 189 195
1.5225 3.7275 0.674593 -0.144232 -0.0648162 0.987419 180 187 193
1.5225 3.7425 0.676687 -0.128595 -0.0247021 0.99139 179 185 188
1.5225 3.7575 0.676852 0.0470031 -0.100927 0.993783 175 181 184
1.5225 3.7725 0.680037 0.0198316 -0.0852529 0.996162 173 178 181
1.50842 3.7875 0.6825 0.234137 3.51228e-18 0.972204 170 174 173
1.5225 3.7875 0.679099 0.00180506 -0.0474225 0.998873 172 176 176
1.5375 3.6225 0.673226 -0.223341 0.0555727 0.973155 189 202 211
1.5375 3.6375 0.669609 -0.129004 -0.0225853 0.991387 188 201 210
1.5375 3.6525 0.673457 0.0284979 -0.137675 0.990067 187 199 208
1.5375 3.6675 0.674643 -0.0120155 -0.114213 0.993384 188 198 207
1.5375 3.6825 0.676409 -0.101271 0.00645924 0.994838 187 196 205
1.5375 3.6975 0.674867 -0.0776943 -0.00962306 0.996931 185 194 202
1.5375 3.7125 0.677005 0.00196128 -0.104467 0.994526 184 193 198
1.5375 3.7275 0.677452 -0.0557685 -0.0772326 0.995452 182 189 196
1.5375 3.7425 0.681599 -0.0768888 -0.0394001 0.996261 180 188 191
1.5375 3.7575 0.677888 -0.153255 0.0692149 0.98576 178 186 188
1.5375 3.7725 0.677519 0.0237314 -0.096953 0.995006 174 181 184
1.5375 3.7875 0.681294 0.0666846 -0.145044 0.987176 173 179 180
1.5525 3.6225 0.6738 -0.097912 -0.0164757 0.995059 190 204 213
1.5525 3.6375 0.675956 -0.190751 0.0315999 0.98113 189 202 211
1.5525 3.6525 0.672624 -0.166837 0.0253769 0.985658 190 202 211
1.5525 3.6675 0.674951 0.0319485 -0.126869 0.991405 188 199 209
1.5525 3.6825 0.676935 -0.00392578 -0.107534 0.994194 187 197 207
1.5525 3.6975 0.677526 -0.12 0.0440023 0.991798 186 196 205
1.5525 3.7125 0.675784 -0.0422997 -0.0253428 0.998783 183 194 201
1.5525 3.7275 0.678539 0.00469442 -0.100539 0.994922 183 194 200
1.5525 3.7425 0.678151 -0.0103645 -0.0798018 0.996757 180 190 196
1.5525 3.7557 0.6825 0.15353 -0.309056 0.938569 180 189 194
1.54978 3.7575 0.6825 -0.319748 -0.210188 0.923895 179 188 193
1.5525 3.7575 0.683048 0 0 1 180 189 193
1.5525 3.76162 0.6825 -0.0555448 0.224589 0.972869 179 188 192
1.5525 3.7725 0.679804 -0.177291 0.0900699 0.980028 177 187 189
1.5525 3.7875 0.678577 -0.0602622 -0.0292645 0.997754 173 182 184
1.5675 3.6225 0.676386 -0.123625 0.0113266 0.992264 192 205 214
1.5675 3.6375 0.675232 -0.0468755 -0.0437822 0.997941 190 203 215
1.5675 3.6525 0.678302 -0.118211 0.0269189 0.992624 189 201 213
1.5675 3.6675 0.674148 -0.152162 0.0608972 0.986478 188 201 211
1.5675 3.6825 0.675858 0.0453547 -0.13516 0.989785 186 199 209
1.5675 3.6975 0.678676 -0.0140396 -0.111913 0.993619 186 199 208
1.5675 3.7125 0.678528 -0.173861 0.0778704 0.981687 185 196 205
1.5675 3.7275 0.676646 -0.0370197 -0.0523569 0.997942 183 195 202
1.5675 3.7425 0.680559 0.0288332 -0.0733875 0.996887 182 193 200
1.5551 3.7575 0.6825 0.223983 -2.32521e-18 0.974593 180 189 194
1.5675 3.7575 0.679601 -0.000436954 -0.0851142 0.996371 181 190 196
1.5675 3.76683 0.6825 0.0837538 -0.287318 0.954166 180 189 194
1.55966 3.7725 0.6825 -0.277876 -0.103032 0.955076 178 187 191
1.5675 3.7725 0.68412 0 0 1 179 188 193
1.5675 3.78437 0.6825 -0.0226626 0.177647 0.983833 178 187 190
1.5675 3.7875 0.681727 -0.173049 0.0787616 0.981759 177 187 189
1.5825 3.6225 0.678219 0.00609576 -0.128777 0.991655 192 206 217
1.5825 3.6375 0.677965 -0.133063 0.0647062 0.988993 191 205 216
1.5825 3.6525 0.675926 -0.0226946 -0.0404459 0.998924 190 204 215
1.5825 3.6675 0.678986 -0.105075 -0.00204248 0.994462 189 203 214
1.5825 3.6825 0.675992 -0.183727 0.0588473 0.981214 188 202 212
1.5825 3.6975 0.677241 0.0474789 -0.157012 0.986455 186 200 209
1.5825 3.7125 0.681446 0.0195741 -0.0743012 0.997044 184 198 207
1.5825 3.7275 0.68011 -0.149558 0.0650276 0.986612 184 197 205
1.5825 3.7425 0.678013 -0.051213 -0.061044 0.99682 181 194 201
1.5825 3.75736 0.6825 0.157197 -0.285416 0.945424 180 193 199
1.58228 3.7575 0.6825 -0.191676 -0.0809413 0.978115 180 193 199
1.5825 3.7575 0.68254 8.44313e-18 0 1 180 193 199
1.5825 3.75779 0.6825 0.162555 0.133339 0.977649 180 193 199
1.57419 3.7725 0.6825 0.234894 0 0.972021 179 189 194
1.5825 3.7725 0.680496 0.00914019 -0.0470498 0.998851 179 190 194
1.5825 3.77842 0.6825 0.0186492 -0.305403 0.95204 178 189 194
1.56932 3.7875 0.6825 -0.225669 -0.315265 0.921782 177 187 190
1.5825 3.7875 0.685285 0 -0.293165 0.956062 178 188 193
1.5975 3.6225 0.675868 -0.0154542 -0.0592639 0.998123 192 207 219
1.5975 3.6375 0.678938 0.0197686 -0.115364 0.993127 191 207 220
1.5975 3.6525 0.67879 -0.163562 0.0777268 0.983466 191 206 217
1.5975 3.6675 0.677322 -0.0165025 -0.0795136 0.996697 190 205 217
1.5975 3.6825 0.681529 -0.0438487 0.0241572 0.998746 188 205 215
1.5975 3.6975 0.677912 -0.174382 0.0280628 0.984278 187 202 212
1.5975 3.7125 0.678509 -0.0191179 -0.102861 0.994512 185 200 209
1.5975 3.72573 0.6825 0.127479 -0.286047 0.949698 185 199 208
1.59469 3.7275 0.6825 -0.187916 -0.196025 0.962425 185 198 207
1.5975 3.7275 0.683049 0 0 1 185 199 208
1.5975 3.73209 0.6825 -1.40675e-06 0.113341 0.993556 184 198 207
1.5975 3.7425 0.681325 -0.159746 0.07748 0.984113 183 196 205
1.58274 3.7575 0.6825 0.168927 5.86834e-18 0.985629 180 193 199
1.5975 3.7575 0.67997 -0.0522223 -0.0525738 0.997251 181 194 203
1.5975 3.76589 0.6825 0.057627 -0.27819 0.958796 181 194 200
1.59021 3.7725 0.6825 -0.24917 -0.0637284 0.966361 180 192 197
1.5975 3.7725 0.684298 0 0 1 181 193 199
1.5975 3.78411 0.6825 0.0592605 0.156032 0.985973 179 191 195
1.59521 3.7875 0.6825 0.208228 -0.290788 0.933854 179 190 194
1.5975 3.7875 0.681948 -0.0214622 -0.0536544 0.998329 179 190 194
1.5975 3.78927 0.6825 -0.169632 -0.278868 0.945229 179 190 194
1.6125 3.6225 0.678527 -0.133988 0.0481555 0.989812 193 209 222
1.6125 3.6375 0.676805 -0.0101089 -0.0875109 0.996112 192 208 221
1.6125 3.6525 0.68167 0.0413216 -0.0783552 0.996069 192 208 221
1.6125 3.6675 0.679829 -0.13388 0.0515437 0.989656 191 207 220
1.6125 3.6825 0.678471 -0.0677219 -0.0699239 0.995251 189 206 217
1.6125 3.69346 0.6825 0.0570837 -0.341666 0.938086 190 204 219
1.60723 3.6975 0.6825 -0.368163 -0.135176 0.919882 190 203 216
1.6125 3.6975 0.683869 0 0 1 190 204 219
1.6125 3.70992 0.6825 -0.109833 0.1517 0.982305 189 203 217
1.6125 3.7125 0.681959 -0.223853 0.0671006 0.97231 189 203 216
1.60017 3.7275 0.6825 0.192313 0 0.981334 185 199 209
1.6125 3.7275 0.68011 -0.0436236 -0.051377 0.997726 187 201 213
1.6125 3.73495 0.6825 0.0186864 -0.305401 0.95204 186 200 211
1.60239 3.7425 0.6825 -0.231667 -0.113505 0.966151 184 198 206
1.6125 3.7425 0.684923 -0.0744935 -0.0880224 0.993329 186 200 208
1.60777 3.7575 0.6825 -0.232388 0.109931 0.966391 183 196 204
1.6125 3.7575 0.683574 -0.208833 0.110427 0.971697 185 197 205
1.6125 3.76426 0.6825 -0.234485 0.154454 0.959771 183 196 203
1.60627 3.7725 0.6825 0.204717 0 0.978821 181 194 200
1.6125 3.7725 0.68116 -0.0363249 -0.0390361 0.998577 182 195 201
1.6125 3.77679 0.6825 -0.232065 -0.275485 0.932874 181 194 200
1.59962 3.7875 0.6825 -0.231038 -0.277744 0.932459 179 191 195
1.6125 3.7875 0.685603 -0.0821769 -0.12471 0.988784 180 193 198
1.6275 3.6225 0.680094 0.0271384 -0.144474 0.989136 194 210 223
1.6275 3.6375 0.67975 -0.167251 0.0730599 0.983204 194 210 225
1.6275 3.6525 0.678301 -0.019473 -0.0781122 0.996754 194 210 225
1.6275 3.66525 0.6825 0.134979 -0.310739 0.940862 193 209 224
1.62438 3.6675 0.6825 -0.218397 -0.177469 0.959587 192 208 223
1.6275 3.6675 0.683243 0 0 1 193 209 224
1.6275 3.6752 0.6825 -0.00238854 0.0939106 0.995578 192 208 224
1.6275 3.6825 0.681819 -0.157914 0.0436614 0.986487 192 208 224
1.62089 3.6975 0.6825 0.170967 0 0.985277 191 206 221
1.6275 3.6975 0.681266 -0.0476698 -0.100779 0.993766 191 207 222
1.6275 3.70125 0.6825 -0.194766 -0.288197 0.937555 191 207 222
1.61371 3.7125 0.6825 -0.255357 -0.0820161 0.963362 189 203 216
1.6275 3.7125 0.685897 -0.0885487 -0.0641835 0.994002 190 206 219
1.62247 3.7275 0.6825 -0.239216 0.127522 0.962556 189 203 215
1.6275 3.7275 0.683738 -0.252186 0.120589 0.960136 190 204 216
1.6275 3.73814 0.6825 -0.242789 0.111188 0.963686 188 202 212
1.62496 3.7425 0.6825 0.183144 -0.289148 0.939602 187 201 210
1.6275 3.7425 0.682007 -0.055796 -0.0746386 0.995648 187 201 210
1.6275 3.74418 0.6825 -0.188376 -0.283035 0.940428 187 201 210
1.6275 3.7575 0.686523 -0.0580141 -0.0653651 0.996174 185 199 207
1.61765 3.7725 0.6825 -0.246525 0.0538898 0.967637 182 195 202
1.6275 3.7725 0.684993 -0.210403 0.02107 0.977388 184 197 204
1.6275 3.7875 0.683382 -0.159926 0.105444 0.981481 181 194 200
1.6425 3.6225 0.677018 0.0324835 -0.124177 0.991728 195 213 228
1.6425 3.6375 0.682344 0.0753082 -0.0998714 0.992146 195 212 228
1.6425 3.6525 0.680965 -0.10524 0.0419502 0.993562 194 211 227
1.6309 3.6675 0.6825 0.217478 5.53573e-18 0.976065 193 209 224
1.6425 3.6675 0.679901 -0.0217098 -0.0702352 0.997294 193 210 226
1.6425 3.67516 0.6825 0.0310913 -0.321487 0.946403 193 210 226
1.63087 3.6825 0.6825 -0.205237 -0.139094 0.968778 192 208 224
1.6425 3.6825 0.684998 -0.0736878 -0.090699 0.993148 193 210 225
1.63444 3.6975 0.6825 -0.186505 0.012653 0.982373 191 207 222
1.6425 3.6975 0.683849 -0.108971 0.00321231 0.99404 192 208 222
1.6425 3.7125 0.683193 0.0253941 -0.115963 0.992929 191 207 220
1.6425 3.7275 0.687711 -0.0717878 -0.072015 0.994817 190 205 217
1.62934 3.7425 0.6825 -0.258003 0.0715159 0.963494 187 202 211
1.6425 3.7425 0.686014 -0.187814 0.0543293 0.980701 188 204 214
1.6425 3.7575 0.684358 -0.0343911 -0.0907937 0.995276 186 203 210
1.6425 3.7725 0.688727 -0.0648774 -0.132777 0.98902 184 200 207
1.6425 3.7875 0.690491 -0.232465 -0.041395 0.971723 183 198 204
1.6575 3.6225 0.679498 -0.162357 0.0659598 0.984525 196 213 229
1.6575 3.6375 0.678441 -0.00048126 -0.0953842 0.99544 196 213 229
1.6575 3.64907 0.6825 0.0998773 -0.328064 0.939361 196 213 229
1.65113 3.6525 0.6825 -0.176401 -0.136526 0.974804 195 212 228
1.6575 3.6525 0.683665 -0.0961414 -0.0381016 0.994638 196 213 229
1.65671 3.6675 0.6825 -0.178532 0.0673168 0.981629 195 212 228
1.6575 3.6675 0.682641 -0.186613 0.0570127 0.980778 195 212 228
1.6575 3.66963 0.6825 -0.204116 0.0661447 0.97671 195 212 228
1.65359 3.6825 0.6825 0.208225 -0.314781 0.926043 194 211 227
1.6575 3.6825 0.681625 -0.0450554 -0.0836066 0.99548 194 211 227
1.6575 3.68508 0.6825 -0.113285 -0.318775 0.941036 194 211 227
1.6575 3.6975 0.686723 -0.0291687 -0.0947425 0.995074 193 210 225
1.6575 3.7125 0.685517 -0.165091 0.0289572 0.985853 192 208 222
1.6575 3.7275 0.686553 -0.00718335 -0.155255 0.987848 191 207 220
1.6575 3.7425 0.689584 -0.0871945 -0.0319732 0.995678 189 206 216
1.6575 3.7575 0.687649 -0.192734 0.0466905 0.98014 188 204 213
1.6575 3.7725 0.689066 -0.0736521 -0.140686 0.987311 186 202 209
1.6575 3.7875 0.690413 -0.00866377 -0.103157 0.994627 184 199 206
1.6725 3.61317 0.6825 0.0534847 0.0683656 0.996226 197 214 230
1.6725 3.6225 0.681867 -0.0953238 0.0353323 0.994819 198 215 231
1.6725 3.6375 0.681237 -0.158884 0.0557827 0.98572 198 215 231
1.66268 3.6525 0.6825 0.209942 -0.317843 0.924608 196 213 229
1.6725 3.6525 0.680228 -0.0239477 -0.0878988 0.995842 197 214 230
1.6725 3.65898 0.6825 0.211272 -0.319317 0.923797 197 214 230
1.6725 3.6675 0.685398 -0.0137253 -0.109752 0.993864 196 214 229
1.66157 3.6825 0.6825 -0.205377 0.00784629 0.978652 194 212 228
1.6725 3.6825 0.684776 -0.122861 -0.000424607 0.992424 195 213 228
1.6725 3.6975 0.683942 0.0330771 -0.130198 0.990936 195 212 228
1.6725 3.7125 0.688928 -0.0537682 -0.0935075 0.994166 193 211 225
1.6725 3.7275 0.687281 -0.134851 0.00552969 0.99085 192 209 223
1.6725 3.7425 0.688774 -0.0195498 -0.153041 0.988027 191 207 221
1.6725 3.7575 0.691169 -0.134018 0.00155173 0.990978 189 206 216
1.6725 3.7725 0.689573 -0.157918 0.038913 0.986685 188 203 213
1.67595 3.6225 0.6825 -0.1797 -0.146268 0.972786 198 215 231
1.68232 3.6375 0.6825 -0.145005 0.0589282 0.987675 197 216 231
1.68701 3.6525 0.6825 -0.146858 0.0479216 0.987996 197 216 231
1.68538 3.6675 0.6825 0.209104 -0.321128 0.923662 196 215 230
1.17514 3.4875 0.7575 0 0 0 188 192 191
1.1775 3.51123 0.7575 0.759799 -0.610079 -0.224742 184 187 181
1.1775 3.5175 0.749096 0.706459 -0.567249 -0.423255 181 182 176
1.1775 3.50888 0.7725 0.710378 -0.699541 0.0774967 192 197 192
1.1775 3.5175 0.780159 0.526555 -0.564612 0.635573 193 197 193
1.18254 3.5175 0.7575 0.716742 -0.66593 -0.206922 183 185 180
1.18674 3.5175 0.7725 0.67433 -0.723068 0.149842 190 193 188
1.1925 3.5252 0.7725 -1.06364e-16 -1 0 188 190 186
1.18998 3.5325 0.7725 -1 0 0 190 192 188
1.1925 3.5325 0.769493 0 0 -1 186 187 182
1.1925 3.5325 0.778921 -5.02552e-17 0 1 190 192 187
1.1925 3.53518 0.7725 0 1 0 188 190 186
1.1925 3.59108 0.7725 0.605652 -0.79573 0 190 194 188
1.1925 3.5925 0.772183 0.206993 -0.0843103 -0.974703 190 194 188
1.1925 3.5925 0.77313 0.306043 -0.299889 0.903551 190 195 189
1.19674 3.5325 0.7725 1 0 0 186 188 183
1.2075 3.54271 0.7725 4.57899e-17 -1 0 180 181 177
1.20441 3.5475 0.7725 -1 0 0 181 183 179
1.2075 3.5475 0.769396 -2.77228e-17 0 -1 178 178 173
1.2075 3.5475 0.773861 1.38614e-17 0 1 181 182 178
1.2075 3.55008 0.7725 2.28949e-17 1 0 181 182 177
1.19436 3.5925 0.7725 0.633649 -0.27754 0.722122 189 193 188
1.2127 3.5475 0.7725 1 0 0 179 180 175
3 0 4 1
3 4 5 6
3 4 0 5
3 0 2 5
3 3 7 5
3 2 3 5
3 8 6 5
3 9 6 8
3 7 10 8
3 5 7 8
3 11 9 8
3 12 9 11
3 10 13 11
3 8 10 11
3 14 15 16
3 15 17 16
3 16 17 18
3 17 19 18
3 12 11 20
3 12 20 19
3 19 20 18
3 11 13 20
3 24 21 22
3 23 21 24
3 21 23 7
3 3 21 7
3 26 23 24
3 25 23 26
3 23 25 10
3 7 23 10
3 29 28 27
3 27 25 26
3 27 28 25
3 28 30 25
3 25 30 13
3 10 25 13
3 31 32 33
3 32 14 33
3 33 14 34
3 14 16 34
3 28 29 34
3 28 34 18
3 18 34 16
3 30 28 18
3 20 30 18
3 30 20 13
3 41 40 42
3 41 36 40
3 36 35 40
3 36 41 37
3 44 38 39
3 43 38 44
3 38 43 24
3 22 38 24
3 42 47 46
3 42 40 47
3 40 45 47
3 46 49 48
3 47 49 46
3 48 43 44
3 48 49 43
3 49 50 43
3 43 50 26
3 24 43 26
3 45 51 47
3 47 51 52
3 47 52 49
3 49 52 53
3 29 27 50
3 29 50 53
3 53 50 49
3 50 27 26
3 52 51 31
3 33 52 31
3 53 52 33
3 34 53 33
3 53 34 29
3 41 42 55
3 37 41 55
3 37 55 54
3 54 55 56
3 54 56 44
3 39 54 44
3 55 42 46
3 56 55 46
3 48 56 46
3 56 48 44
3 58 60 59
3 60 62 61
3 59 60 61
3 62 64 63
3 61 62 63
3 64 66 65
3 63 64 65
3 58 67 60
3 67 68 69
3 67 69 60
3 60 69 62
3 69 70 62
3 70 64 62
3 70 71 64
3 71 66 64
3 73 76 72
3 73 74 76
3 74 75 76
3 73 72 77
3 76 78 72
3 72 78 79
3 72 79 77
3 77 79 80
3 79 81 80
3 81 82 80
3 84 83 85
3 83 84 82
3 83 82 86
3 86 82 81
3 83 87 85
3 87 83 86
3 87 86 89
3 89 86 88
3 88 90 89
3 90 91 89
3 90 92 91
3 92 93 91
3 92 94 93
3 94 95 93
3 94 96 95
3 96 97 95
3 96 98 97
3 98 99 97
3 98 100 99
3 100 101 99
3 103 75 102
3 76 75 103
3 104 105 103
3 102 104 103
3 103 78 76
3 78 103 105
3 78 105 79
3 79 105 106
3 106 107 79
3 107 81 79
3 107 108 81
3 108 86 81
3 108 109 86
3 109 88 86
3 109 110 88
3 110 90 88
3 110 111 90
3 111 92 90
3 111 112 92
3 112 94 92
3 112 113 94
3 113 96 94
3 113 114 96
3 114 98 96
3 114 115 98
3 115 100 98
3 117 118 104
3 118 105 104
3 118 119 105
3 119 106 105
3 119 120 106
3 120 107 106
3 120 121 107
3 121 108 107
3 121 122 108
3 122 109 108
3 122 123 109
3 123 110 109
3 123 124 110
3 124 111 110
3 124 125 111
3 125 112 111
3 125 126 112
3 126 113 112
3 128 126 127
3 128 114 126
3 114 113 126
3 127 129 128
3 130 114 128
3 115 114 130
3 129 131 130
3 128 129 130
3 132 130 131
3 133 134 117
3 134 118 117
3 134 135 118
3 135 119 118
3 135 136 119
3 136 120 119
3 136 137 120
3 137 121 120
3 137 138 121
3 138 122 121
3 138 139 122
3 139 123 122
3 141 139 140
3 141 124 139
3 124 123 139
3 140 142 141
3 143 124 141
3 125 124 143
3 142 144 143
3 141 142 143
3 145 125 143
3 126 125 145
3 144 146 145
3 143 144 145
3 127 149 148
3 127 126 149
3 147 149 145
3 145 149 126
3 147 145 146
3 148 129 127
3 149 150 148
3 148 150 151
3 148 151 129
3 129 151 131
3 152 153 133
3 153 134 133
3 153 154 134
3 154 135 134
3 154 155 135
3 155 136 135
3 157 155 156
3 157 137 155
3 137 136 155
3 156 158 157
3 159 137 157
3 159 160 137
3 160 138 137
3 157 158 159
3 160 161 138
3 161 139 138
3 140 163 162
3 140 139 163
3 139 161 163
3 140 162 142
3 163 164 162
3 162 164 165
3 162 165 142
3 142 165 144
3 165 166 144
3 166 146 144
3 147 167 149
3 167 147 146
3 167 146 168
3 168 146 166
3 167 150 149
3 150 167 168
3 150 168 151
3 151 168 169
3 170 171 152
3 171 153 152
3 171 172 153
3 172 154 153
3 172 173 154
3 173 155 154
3 156 175 174
3 156 155 175
3 155 173 175
3 156 174 158
3 177 175 176
3 177 160 175
3 174 175 159
3 159 175 160
3 174 159 158
3 176 178 177
3 179 160 177
3 161 160 179
3 178 180 179
3 177 178 179
3 181 161 179
3 163 161 181
3 180 182 181
3 179 180 181
3 181 164 163
3 164 181 182
3 164 182 165
3 165 182 183
3 183 184 165
3 184 166 165
3 184 185 166
3 185 168 166
3 185 186 168
3 186 169 168
3 187 188 170
3 188 171 170
3 190 188 189
3 190 172 188
3 172 171 188
3 189 191 190
3 192 172 190
3 173 172 192
3 191 193 192
3 190 191 192
3 194 173 192
3 175 173 194
3 193 195 194
3 192 193 194
3 176 198 197
3 176 175 198
3 196 198 194
3 194 198 175
3 196 194 195
3 197 178 176
3 198 199 197
3 197 199 200
3 197 200 178
3 178 200 180
3 200 201 180
3 201 182 180
3 201 202 182
3 202 183 182
3 202 203 183
3 203 184 183
3 203 204 184
3 204 185 184
3 204 205 185
3 205 186 185
3 206 207 187
3 207 188 187
3 189 209 208
3 189 188 209
3 188 207 209
3 189 208 191
3 209 210 208
3 208 210 211
3 208 211 191
3 191 211 193
3 211 212 193
3 212 195 193
3 196 213 198
3 213 196 195
3 213 195 214
3 214 195 212
3 213 199 198
3 199 213 214
3 199 214 200
3 200 214 215
3 215 216 200
3 216 201 200
3 216 217 201
3 217 202 201
3 217 218 202
3 218 203 202
3 218 219 203
3 219 204 203
3 219 220 204
3 220 205 204
3 222 206 221
3 207 206 222
3 223 224 222
3 221 223 222
3 225 207 222
3 209 207 225
3 224 226 225
3 222 224 225
3 225 210 209
3 210 225 226
3 210 226 211
3 211 226 227
3 227 228 211
3 228 212 211
3 228 229 212
3 229 214 212
3 229 230 214
3 230 215 214
3 230 231 215
3 231 216 215
3 231 232 216
3 232 217 216
3 232 233 217
3 233 218 217
3 233 234 218
3 234 219 218
3 236 234 235
3 236 220 234
3 220 219 234
3 235 237 236
3 238 239 223
3 239 224 223
3 239 240 224
3 240 226 224
3 240 241 226
3 241 227 226
3 241 242 227
3 242 228 227
3 242 243 228
3 243 229 228
3 243 244 229
3 244 230 229
3 244 245 230
3 245 231 230
3 247 245 246
3 247 232 245
3 232 231 245
3 246 248 247
3 249 232 247
3 233 232 249
3 248 250 249
3 247 248 249
3 251 233 249
3 234 233 251
3 250 252 251
3 249 250 251
3 251 235 234
3 235 251 252
3 235 252 237
3 237 252 253
3 254 255 238
3 255 239 238
3 255 256 239
3 256 240 239
3 256 257 240
3 257 241 240
3 257 258 241
3 258 242 241
3 260 258 259
3 260 243 258
3 243 242 258
3 259 261 260
3 262 243 260
3 262 263 243
3 263 244 243
3 260 261 262
3 263 264 244
3 264 245 244
3 246 266 265
3 246 245 266
3 245 264 266
3 246 265 248
3 266 267 265
3 265 267 268
3 265 268 248
3 248 268 250
3 268 269 250
3 269 252 250
3 269 270 252
3 270 253 252
3 271 272 254
3 272 255 254
3 272 273 255
3 273 256 255
3 273 274 256
3 274 257 256
3 274 275 257
3 275 258 257
3 259 277 276
3 259 258 277
3 258 275 277
3 259 276 261
3 279 277 278
3 279 263 277
3 276 277 262
3 262 277 263
3 276 262 261
3 278 280 279
3 281 263 279
3 264 263 281
3 280 282 281
3 279 280 281
3 283 264 281
3 266 264 283
3 282 284 283
3 281 282 283
3 283 267 266
3 267 283 284
3 267 284 268
3 268 284 285
3 285 286 268
3 286 269 268
3 288 289 287
3 288 272 289
3 272 271 289
3 287 290 288
3 291 272 288
3 273 272 291
3 290 292 291
3 288 290 291
3 293 273 291
3 274 273 293
3 292 294 293
3 291 292 293
3 295 274 293
3 275 274 295
3 294 296 295
3 293 294 295
3 297 275 295
3 277 275 297
3 296 298 297
3 295 296 297
3 278 301 300
3 278 277 301
3 299 301 297
3 297 301 277
3 299 297 298
3 300 280 278
3 301 302 300
3 300 302 303
3 300 303 280
3 280 303 282
3 303 304 282
3 304 284 282
3 304 305 284
3 305 285 284
3 305 306 285
3 306 286 285
3 287 309 307
3 287 289 309
3 289 308 309
3 287 307 290
3 309 310 307
3 307 310 311
3 307 311 290
3 290 311 292
3 311 312 292
3 312 294 292
3 312 313 294
3 313 296 294
3 313 314 296
3 314 298 296
3 299 315 301
3 315 299 298
3 315 298 316
3 316 298 314
3 315 302 301
3 302 315 316
3 302 316 303
3 303 316 317
3 317 318 303
3 318 304 303
3 318 319 304
3 319 305 304
3 319 320 305
3 320 306 305
3 322 308 321
3 309 308 322
3 323 324 322
3 321 323 322
3 322 310 309
3 310 322 324
3 310 324 311
3 311 324 325
3 325 326 311
3 326 312 311
3 326 327 312
3 327 313 312
3 327 328 313
3 328 314 313
3 328 329 314
3 329 316 314
3 59 329 58
3 59 317 329
3 317 316 329
3 61 317 59
3 318 317 61
3 63 318 61
3 319 318 63
3 65 319 63
3 320 319 65
3 330 331 323
3 331 324 323
3 331 332 324
3 332 325 324
3 332 333 325
3 333 326 325
3 333 334 326
3 334 327 326
3 334 335 327
3 335 328 327
3 335 336 328
3 336 329 328
3 58 337 67
3 58 329 337
3 329 336 337
3 337 68 67
3 338 340 339
3 340 341 339
3 343 340 342
3 343 344 340
3 344 341 340
3 342 345 343
3 343 346 344
3 346 343 345
3 346 345 348
3 348 345 347
3 347 349 348
3 349 350 348
3 349 351 350
3 351 352 350
3 351 353 352
3 353 354 352
3 355 356 338
3 356 340 338
3 356 342 340
3 357 342 356
3 342 357 358
3 345 342 358
3 358 359 345
3 359 347 345
3 359 360 347
3 360 349 347
3 360 361 349
3 361 351 349
3 361 362 351
3 362 353 351
3 363 364 355
3 364 356 355
3 364 357 356
3 365 357 364
3 357 365 366
3 358 357 366
3 366 367 358
3 367 359 358
3 367 368 359
3 368 360 359
3 368 369 360
3 369 361 360
3 369 370 361
3 370 362 361
3 373 371 372
3 373 364 371
3 364 363 371
3 372 374 373
3 373 365 364
3 365 373 374
3 365 374 366
3 366 374 375
3 375 376 366
3 376 367 366
3 376 377 367
3 377 368 367
3 377 378 368
3 378 369 368
3 378 379 369
3 379 370 369
3 380 372 371
3 381 372 380
3 372 381 382
3 374 372 382
3 382 383 374
3 383 375 374
3 383 384 375
3 384 376 375
3 384 385 376
3 385 377 376
3 385 386 377
3 386 378 377
3 386 387 378
3 387 379 378
3 388 381 380
3 389 381 388
3 381 389 390
3 382 381 390
3 390 391 382
3 391 383 382
3 391 392 383
3 392 384 383
3 392 393 384
3 393 385 384
3 393 394 385
3 394 386 385
3 394 395 386
3 395 387 386
3 389 398 397
3 389 388 398
3 388 396 398
3 389 397 390
3 398 399 397
3 397 399 400
3 397 400 390
3 390 400 391
3 400 401 391
3 401 392 391
3 401 402 392
3 402 393 392
3 402 403 393
3 403 394 393
3 403 404 394
3 404 395 394
3 408 406 407
3 408 398 406
3 398 396 406
3 407 409 408
3 408 399 398
3 399 408 409
3 399 409 400
3 400 409 410
3 410 411 400
3 411 401 400
3 411 412 401
3 412 402 401
3 412 413 402
3 413 403 402
3 413 414 403
3 414 404 403
3 415 416 405
3 416 406 405
3 416 407 406
3 417 407 416
3 407 417 418
3 409 407 418
3 418 419 409
3 419 410 409
3 419 420 410
3 420 411 410
3 420 421 411
3 421 412 411
3 421 422 412
3 422 413 412
3 422 423 413
3 423 414 413
3 426 415 424
3 426 427 415
3 427 416 415
3 424 425 426
3 427 417 416
3 428 417 427
3 417 428 429
3 418 417 429
3 429 430 418
3 430 419 418
3 430 431 419
3 431 420 419
3 431 432 420
3 432 421 420
3 432 433 421
3 433 422 421
3 433 434 422
3 434 423 422
3 426 436 427
3 436 426 425
3 436 425 437
3 437 425 435
3 436 428 427
3 428 436 437
3 428 437 429
3 429 437 438
3 438 439 429
3 439 430 429
3 439 440 430
3 440 431 430
3 440 441 431
3 441 432 431
3 441 442 432
3 442 433 432
3 444 442 443
3 444 434 442
3 434 433 442
3 443 445 444
3 446 447 435
3 447 437 435
3 447 448 437
3 448 438 437
3 448 449 438
3 449 439 438
3 449 450 439
3 450 440 439
3 450 451 440
3 451 441 440
3 451 452 441
3 452 442 441
3 452 443 442
3 453 443 452
3 443 453 454
3 445 443 454
3 455 456 446
3 456 447 446
3 456 457 447
3 457 448 447
3 457 458 448
3 458 449 448
3 458 459 449
3 459 450 449
3 459 460 450
3 460 451 450
3 460 461 451
3 461 452 451
3 461 453 452
3 462 453 461
3 453 462 463
3 454 453 463
3 464 465 455
3 465 456 455
3 465 466 456
3 466 457 456
3 466 467 457
3 467 458 457
3 469 467 468
3 469 459 467
3 459 458 467
3 468 470 469
3 471 459 469
3 471 472 459
3 472 460 459
3 469 470 471
3 474 472 473
3 474 461 472
3 461 460 472
3 473 475 474
3 474 462 461
3 462 474 475
3 462 475 463
3 463 475 476
3 477 478 464
3 478 465 464
3 478 479 465
3 479 466 465
3 481 479 480
3 481 467 479
3 467 466 479
3 480 482 481
3 481 468 467
3 468 481 482
3 468 482 470
3 470 482 483
3 472 484 485
3 471 484 472
3 484 471 470
3 483 484 470
3 485 473 472
3 486 473 485
3 473 486 487
3 475 473 487
3 487 488 475
3 488 476 475
3 489 491 490
3 492 477 490
3 478 477 492
3 491 493 492
3 490 491 492
3 494 478 492
3 494 495 478
3 495 479 478
3 492 493 494
3 495 480 479
3 496 480 495
3 480 496 497
3 482 480 497
3 497 498 482
3 498 483 482
3 484 499 485
3 499 484 483
3 499 483 500
3 500 483 498
3 499 486 485
3 486 499 500
3 486 500 487
3 487 500 501
3 501 502 487
3 502 488 487
3 503 505 504
3 505 507 506
3 504 505 506
3 507 509 508
3 506 507 508
3 509 511 510
3 508 509 510
3 511 513 512
3 510 511 512
3 68 512 513
3 68 513 69
3 69 513 514
3 514 515 69
3 515 70 69
3 515 516 70
3 516 71 70
3 503 517 505
3 517 518 519
3 517 519 505
3 505 519 507
3 519 520 507
3 520 509 507
3 520 521 509
3 521 511 509
3 524 525 523
3 522 524 523
3 526 527 502
3 527 528 502
3 527 529 528
3 529 530 528
3 532 529 531
3 532 533 529
3 533 530 529
3 531 534 532
3 532 535 533
3 535 532 534
3 535 534 537
3 537 534 536
3 536 538 537
3 538 539 537
3 538 540 539
3 540 541 539
3 540 542 541
3 542 543 541
3 542 544 543
3 544 545 543
3 544 546 545
3 546 547 545
3 549 546 548
3 549 550 546
3 550 547 546
3 548 551 549
3 552 550 549
3 553 550 552
3 551 554 552
3 549 551 552
3 552 555 553
3 555 552 554
3 555 554 557
3 557 554 556
3 556 558 557
3 558 559 557
3 558 560 559
3 560 561 559
3 560 562 561
3 562 563 561
3 562 564 563
3 564 330 563
3 565 566 526
3 566 527 526
3 566 567 527
3 567 529 527
3 567 531 529
3 568 531 567
3 531 568 569
3 534 531 569
3 569 570 534
3 570 536 534
3 570 571 536
3 571 538 536
3 571 572 538
3 572 540 538
3 572 573 540
3 573 542 540
3 573 574 542
3 574 544 542
3 576 574 575
3 576 546 574
3 546 544 574
3 575 577 576
3 576 548 546
3 548 576 577
3 548 577 551
3 551 577 578
3 578 579 551
3 579 554 551
3 579 580 554
3 580 556 554
3 580 581 556
3 581 558 556
3 581 582 558
3 582 560 558
3 582 583 560
3 583 562 560
3 583 584 562
3 584 564 562
3 586 565 585
3 566 565 586
3 587 588 586
3 585 587 586
3 589 566 586
3 567 566 589
3 588 590 589
3 586 588 589
3 589 568 567
3 568 589 590
3 568 590 569
3 569 590 591
3 591 592 569
3 592 570 569
3 592 593 570
3 593 571 570
3 595 593 594
3 595 572 593
3 572 571 593
3 594 596 595
3 597 572 595
3 573 572 597
3 596 598 597
3 595 596 597
3 599 573 597
3 574 573 599
3 598 600 599
3 597 598 599
3 599 575 574
3 575 599 600
3 575 600 577
3 577 600 601
3 601 602 577
3 602 578 577
3 602 603 578
3 603 579 578
3 603 604 579
3 604 580 579
3 604 605 580
3 605 581 580
3 605 606 581
3 606 582 581
3 608 606 607
3 608 583 606
3 583 582 606
3 522 583 608
3 584 583 522
3 609 610 587
3 610 588 587
3 610 611 588
3 611 590 588
3 611 612 590
3 612 591 590
3 612 613 591
3 613 592 591
3 615 613 614
3 615 593 613
3 593 592 613
3 614 616 615
3 615 594 593
3 594 615 616
3 594 616 596
3 596 616 617
3 617 618 596
3 618 598 596
3 618 619 598
3 619 600 598
3 619 620 600
3 620 601 600
3 620 621 601
3 621 602 601
3 621 622 602
3 622 603 602
3 624 622 623
3 624 604 622
3 604 603 622
3 625 604 624
3 605 604 625
3 626 627 609
3 627 610 609
3 629 627 628
3 629 611 627
3 611 610 627
3 628 630 629
3 631 611 629
3 612 611 631
3 630 632 631
3 629 630 631
3 633 612 631
3 613 612 633
3 632 634 633
3 631 632 633
3 633 614 613
3 614 633 634
3 614 634 616
3 616 634 635
3 635 636 616
3 636 617 616
3 636 637 617
3 637 618 617
3 637 638 618
3 638 619 618
3 640 641 639
3 640 627 641
3 627 626 641
3 639 642 640
3 640 628 627
3 628 640 642
3 628 642 630
3 630 642 643
3 643 644 630
3 644 632 630
3 648 649 645
3 648 645 647
3 647 645 646
3 651 648 647
3 650 651 647
3 653 651 650
3 652 653 650
3 655 653 652
3 654 655 652
3 657 655 654
3 656 657 654
3 656 658 657
3 656 660 658
3 660 659 658
3 664 661 663
3 662 661 664
3 661 662 666
3 665 661 666
3 646 667 647
3 647 667 668
3 647 668 650
3 650 668 669
3 650 669 652
3 652 669 670
3 652 670 654
3 654 670 671
3 654 671 656
3 656 671 672
3 660 672 673
3 656 672 660
3 675 662 664
3 674 662 675
3 662 674 676
3 666 662 676
3 677 679 667
3 678 679 677
3 667 680 668
3 679 680 667
3 668 681 669
3 680 681 668
3 683 669 681
3 683 682 669
3 682 670 669
3 684 682 685
3 684 671 682
3 671 670 682
3 671 686 672
3 684 686 671
3 672 686 673
3 675 687 674
3 674 687 688
3 674 688 676
3 676 688 689
3 683 690 682
3 682 690 685
3 688 691 689
3 691 692 689
3 694 695 693
3 694 692 695
3 692 691 695
3 694 693 696
3 695 697 693
3 693 697 698
3 693 698 696
3 696 698 699
3 698 700 699
3 700 701 699
3 703 702 704
3 702 703 701
3 702 701 705
3 705 701 700
3 706 704 702
3 707 704 706
3 705 708 706
3 702 705 706
3 709 707 706
3 710 707 709
3 708 711 709
3 706 708 709
3 712 710 709
3 712 713 710
3 713 714 710
3 709 711 712
3 713 715 714
3 715 716 714
3 715 717 716
3 717 718 716
3 717 719 718
3 719 720 718
3 722 721 659
3 722 659 723
3 723 659 660
3 721 722 724
3 721 724 663
3 663 724 664
3 723 660 725
3 725 660 673
3 724 726 664
3 726 675 664
3 679 678 727
3 728 679 727
3 680 679 728
3 729 680 728
3 681 680 729
3 730 681 729
3 681 730 683
3 684 685 731
3 686 684 731
3 732 686 731
3 732 673 686
3 732 733 673
3 733 725 673
3 687 735 734
3 687 675 735
3 675 726 735
3 687 734 688
3 727 736 728
3 728 736 737
3 728 737 729
3 729 737 738
3 729 738 730
3 730 738 739
3 690 683 730
3 690 730 740
3 740 730 739
3 685 690 740
3 685 740 731
3 731 740 741
3 731 741 732
3 732 741 742
3 733 742 743
3 732 742 733
3 735 744 734
3 734 744 745
3 734 745 688
3 688 745 691
3 736 746 737
3 737 746 747
3 737 747 738
3 738 747 748
3 738 748 739
3 739 748 749
3 739 749 740
3 740 749 750
3 740 750 741
3 741 750 751
3 741 751 742
3 742 751 752
3 743 752 753
3 742 752 743
3 745 754 691
3 754 695 691
3 758 755 756
3 758 757 755
3 757 746 755
3 746 757 747
3 747 757 759
3 747 759 748
3 748 759 760
3 748 760 749
3 749 760 761
3 762 761 763
3 762 750 761
3 750 749 761
3 750 764 751
3 762 764 750
3 751 765 752
3 764 765 751
3 752 765 753
3 697 767 766
3 697 695 767
3 695 754 767
3 697 766 698
3 758 768 757
3 757 769 759
3 768 769 757
3 759 770 760
3 769 770 759
3 760 771 761
3 770 771 760
3 761 771 763
3 773 766 767
3 772 766 773
3 766 772 700
3 698 766 700
3 775 772 773
3 774 772 775
3 772 774 705
3 700 772 705
3 775 776 774
3 774 776 777
3 774 777 705
3 705 777 708
3 777 778 708
3 778 711 708
3 712 779 713
3 779 712 711
3 779 711 780
3 780 711 778
3 781 713 779
3 715 713 781
3 780 782 781
3 779 780 781
3 783 715 781
3 717 715 783
3 782 784 783
3 781 782 783
3 785 717 783
3 719 717 785
3 784 786 785
3 783 784 785
3 722 723 787
3 722 787 724
3 788 787 723
3 725 788 723
3 787 788 726
3 724 787 726
3 789 788 725
3 733 789 725
3 788 789 735
3 726 788 735
3 790 789 733
3 790 733 791
3 791 733 743
3 793 792 744
3 790 793 744
3 790 744 735
3 790 735 789
3 744 792 745
3 791 743 794
3 794 743 753
3 796 792 793
3 795 792 796
3 792 795 754
3 745 792 754
3 762 763 797
3 764 762 797
3 798 764 797
3 765 764 798
3 799 765 798
3 799 753 765
3 799 800 753
3 800 794 753
3 802 795 796
3 801 795 802
3 795 801 767
3 754 795 767
3 768 758 803
3 768 803 805
3 805 803 804
3 769 768 805
3 806 769 805
3 770 769 806
3 807 770 806
3 771 770 807
3 808 771 807
3 763 771 808
3 763 808 797
3 797 808 809
3 797 809 798
3 798 809 810
3 798 810 799
3 799 810 811
3 800 811 812
3 799 811 800
3 802 813 801
3 801 813 814
3 801 814 767
3 767 814 773
3 817 804 815
3 817 816 804
3 816 805 804
3 805 816 806
3 806 816 818
3 806 818 807
3 807 818 819
3 807 819 808
3 808 819 820
3 808 820 809
3 809 820 821
3 809 821 810
3 810 821 822
3 810 822 811
3 811 822 823
3 812 823 824
3 811 823 812
3 814 825 773
3 825 775 773
3 817 826 816
3 816 827 818
3 826 827 816
3 818 828 819
3 827 828 818
3 819 829 820
3 828 829 819
3 820 830 821
3 829 830 820
3 832 821 830
3 832 831 821
3 831 822 821
3 833 831 834
3 833 823 831
3 823 822 831
3 823 833 824
3 776 836 835
3 776 775 836
3 775 825 836
3 776 835 777
3 832 837 831
3 831 837 834
3 836 838 835
3 835 838 839
3 835 839 777
3 777 839 778
3 842 841 840
3 840 841 780
3 840 780 839
3 839 780 778
3 842 843 841
3 841 843 844
3 841 844 780
3 780 844 782
3 847 846 845
3 845 846 784
3 845 784 844
3 844 784 782
3 847 848 846
3 846 848 849
3 846 849 784
3 784 849 786
3 852 850 851
3 850 853 851
3 790 791 854
3 790 854 793
3 855 854 791
3 855 791 856
3 856 791 794
3 854 855 857
3 854 857 793
3 793 857 796
3 856 794 858
3 858 794 800
3 857 859 796
3 859 802 796
3 858 800 860
3 860 800 812
3 813 862 861
3 813 802 862
3 802 859 862
3 813 861 814
3 815 863 817
3 860 812 864
3 864 812 824
3 862 865 861
3 861 865 866
3 861 866 814
3 814 866 825
3 826 817 863
3 826 863 868
3 868 863 867
3 827 826 868
3 869 827 868
3 828 827 869
3 870 828 869
3 829 828 870
3 871 829 870
3 830 829 871
3 872 830 871
3 830 872 832
3 833 834 873
3 873 824 833
3 873 874 824
3 874 864 824
3 877 876 875
3 875 876 836
3 875 836 866
3 866 836 825
3 878 879 867
3 867 879 880
3 867 880 868
3 868 880 881
3 868 881 869
3 869 881 882
3 869 882 870
3 870 882 883
3 870 883 871
3 871 883 884
3 871 884 872
3 872 884 885
3 837 832 872
3 837 872 886
3 886 872 885
3 834 837 886
3 834 886 873
3 873 886 887
3 874 887 888
3 873 887 874
3 877 889 876
3 891 890 838
3 889 891 838
3 889 838 836
3 889 836 876
3 838 890 839
3 879 892 880
3 880 892 893
3 880 893 881
3 881 893 894
3 881 894 882
3 882 894 895
3 882 895 883
3 883 895 896
3 883 896 884
3 884 896 897
3 884 897 885
3 885 897 898
3 885 898 886
3 886 898 899
3 886 899 887
3 887 899 900
3 888 900 901
3 887 900 888
3 890 842 840
3 890 891 842
3 891 902 842
3 890 840 839
3 904 903 892
3 892 905 893
3 903 905 892
3 907 893 905
3 907 906 893
3 906 894 893
3 894 906 895
3 895 906 908
3 895 908 896
3 896 908 909
3 896 909 897
3 897 909 910
3 911 910 912
3 911 898 910
3 898 897 910
3 898 913 899
3 911 913 898
3 899 914 900
3 913 914 899
3 900 914 901
3 843 916 915
3 843 842 916
3 842 902 916
3 843 915 844
3 907 917 906
3 906 918 908
3 917 918 906
3 908 919 909
3 918 919 908
3 909 920 910
3 919 920 909
3 910 920 912
3 915 847 845
3 915 916 847
3 916 921 847
3 915 845 844
3 848 923 922
3 848 847 923
3 847 921 923
3 848 922 849
3 851 924 926
3 851 926 852
3 852 926 925
3 927 853 929
3 927 924 853
3 927 928 924
3 851 853 924
3 927 930 928
3 926 924 931
3 924 928 932
3 931 924 932
3 928 930 932
3 855 856 933
3 855 933 857
3 934 933 856
3 858 934 856
3 933 934 859
3 857 933 859
3 935 934 858
3 860 935 858
3 934 935 862
3 859 934 862
3 936 935 860
3 864 936 860
3 865 862 935
3 865 935 937
3 937 935 936
3 865 937 866
3 938 936 864
3 938 864 939
3 939 864 874
3 938 940 877
3 938 877 937
3 938 937 936
3 875 937 877
3 937 875 866
3 942 941 939
3 942 939 888
3 888 939 874
3 941 942 943
3 941 943 877
3 941 877 940
3 877 943 889
3 889 943 891
3 944 942 888
3 944 888 945
3 945 888 901
3 947 942 944
3 947 946 942
3 946 943 942
3 943 946 902
3 891 943 902
3 905 903 948
3 949 905 948
3 905 949 907
3 911 912 950
3 913 911 950
3 951 913 950
3 914 913 951
3 952 914 951
3 952 901 914
3 952 953 901
3 953 945 901
3 955 946 947
3 954 946 955
3 946 954 916
3 902 946 916
3 956 957 948
3 948 957 958
3 948 958 949
3 949 958 959
3 917 907 949
3 917 949 960
3 960 949 959
3 918 917 960
3 961 918 960
3 919 918 961
3 962 919 961
3 920 919 962
3 963 920 962
3 912 920 963
3 912 963 950
3 950 963 964
3 950 964 951
3 951 964 965
3 951 965 952
3 952 965 966
3 953 966 967
3 952 966 953
3 955 968 954
3 954 968 969
3 954 969 916
3 916 969 921
3 957 971 958
3 970 971 957
3 972 959 958
3 959 972 960
3 960 972 973
3 960 973 961
3 961 973 974
3 961 974 962
3 962 974 975
3 962 975 963
3 963 975 976
3 963 976 964
3 964 976 977
3 964 977 965
3 965 977 978
3 965 978 966
3 966 978 979
3 966 979 967
3 981 982 980
3 981 983 982
3 983 984 982
3 980 985 981
3 986 925 987
3 987 925 926
3 927 990 988
3 927 929 990
3 929 989 990
3 927 988 930
3 991 992 984
3 991 984 993
3 993 984 983
3 931 994 995
3 931 995 926
3 926 995 987
3 932 990 931
3 932 988 990
3 931 990 994
3 996 997 990
3 994 990 997
3 988 932 930
3 996 998 997
3 991 993 999
3 995 994 1000
3 994 997 1001
3 1000 994 1001
3 997 998 1001
3 938 939 1002
3 938 1002 940
3 1002 939 941
3 1002 941 940
3 944 945 1003
3 944 1003 947
3 1004 1003 945
3 953 1004 945
3 1003 1004 955
3 947 1003 955
3 1005 1004 953
3 1005 953 1006
3 1006 953 967
3 1008 1007 968
3 1005 1008 968
3 1005 968 955
3 1005 955 1004
3 968 1007 969
3 1009 1007 1008
3 1010 1013 1012
3 1011 1013 1010
3 1012 1015 1014
3 1013 1015 1012
3 1014 1017 1016
3 1015 1017 1014
3 1016 1019 1018
3 1017 1019 1016
3 1021 983 1019
3 1021 1022 983
3 1019 983 1018
3 981 1020 983
3 1018 983 1020
3 1020 981 985
3 1021 1023 1022
3 1025 1024 986
3 1025 986 1026
3 1026 986 987
3 1024 1025 1027
3 1024 1027 989
3 989 1027 990
3 1028 983 1022
3 1028 1029 983
3 1029 993 983
3 1022 1023 1028
3 1026 987 1030
3 1030 987 995
3 996 1032 1031
3 996 990 1032
3 990 1027 1032
3 996 1031 998
3 1033 999 993
3 1033 993 1034
3 1034 993 1029
3 1000 1035 1036
3 1000 1036 995
3 995 1036 1030
3 1001 1032 1000
3 1001 1031 1032
3 1000 1032 1035
3 1037 1038 1032
3 1035 1032 1038
3 1031 1001 998
3 1037 1039 1038
3 1033 1034 1040
3 1036 1035 1041
3 1035 1038 1042
3 1041 1035 1042
3 1038 1039 1042
3 1005 1006 1043
3 1005 1043 1008
3 1043 1006 1009
3 1043 1009 1008
3 1013 1011 1044
3 1045 1013 1044
3 1015 1013 1045
3 1046 1015 1045
3 1017 1015 1046
3 1047 1017 1046
3 1019 1017 1047
3 1048 1019 1047
3 1021 1019 1048
3 1049 1021 1048
3 1021 1049 1023
3 1025 1026 1050
3 1025 1050 1027
3 1044 1052 1045
3 1051 1052 1044
3 1045 1053 1046
3 1052 1053 1045
3 1046 1054 1047
3 1053 1054 1046
3 1047 1055 1048
3 1054 1055 1047
3 1056 1029 1055
3 1056 1057 1029
3 1055 1029 1048
3 1028 1049 1029
3 1048 1029 1049
3 1049 1028 1023
3 1056 1058 1057
3 1059 1050 1026
3 1059 1026 1060
3 1060 1026 1030
3 1050 1059 1061
3 1050 1061 1027
3 1027 1061 1032
3 1062 1029 1057
3 1062 1063 1029
3 1063 1034 1029
3 1057 1058 1062
3 1060 1030 1064
3 1064 1030 1036
3 1061 1037 1032
3 1065 1037 1061
3 1037 1065 1066
3 1039 1037 1066
3 1067 1040 1034
3 1067 1034 1068
3 1068 1034 1063
3 1041 1069 1070
3 1041 1070 1036
3 1036 1070 1064
3 1042 1069 1041
3 1071 1069 1042
3 1071 1042 1039
3 1071 1039 1072
3 1072 1039 1066
3 1067 1068 1073
3 1070 1069 1074
3 1069 1071 1075
3 1074 1069 1075
3 1071 1072 1075
3 1052 1051 1076
3 1077 1052 1076
3 1053 1052 1077
3 1078 1053 1077
3 1054 1053 1078
3 1079 1054 1078
3 1055 1054 1079
3 1080 1055 1079
3 1056 1055 1080
3 1081 1056 1080
3 1056 1081 1058
3 1059 1060 1082
3 1059 1082 1061
3 1076 1084 1077
3 1083 1084 1076
3 1077 1085 1078
3 1084 1085 1077
3 1078 1086 1079
3 1085 1086 1078
3 1079 1087 1080
3 1086 1087 1079
3 1087 1088 1063
3 1087 1063 1081
3 1087 1081 1080
3 1062 1081 1063
3 1081 1062 1058
3 1089 1082 1060
3 1089 1060 1090
3 1090 1060 1064
3 1092 1091 1065
3 1089 1092 1065
3 1089 1065 1061
3 1089 1061 1082
3 1065 1091 1066
3 1088 1093 1063
3 1093 1068 1063
3 1090 1064 1094
3 1094 1064 1070
3 1092 1095 1091
3 1091 1095 1096
3 1091 1096 1066
3 1066 1096 1072
3 1097 1073 1068
3 1097 1068 1098
3 1098 1068 1093
3 1074 1099 1100
3 1074 1100 1070
3 1070 1100 1094
3 1075 1099 1074
3 1101 1099 1075
3 1101 1075 1072
3 1101 1072 1102
3 1102 1072 1096
3 1097 1098 1103
3 1100 1099 1104
3 1099 1101 1105
3 1104 1099 1105
3 1101 1102 1105
3 1084 1083 1106
3 1107 1084 1106
3 1085 1084 1107
3 1108 1085 1107
3 1086 1085 1108
3 1109 1086 1108
3 1087 1086 1109
3 1110 1087 1109
3 1087 1110 1088
3 1089 1090 1111
3 1089 1111 1092
3 1106 1113 1107
3 1112 1113 1106
3 1107 1114 1108
3 1113 1114 1107
3 1108 1115 1109
3 1114 1115 1108
3 1109 1116 1110
3 1115 1116 1109
3 1110 1116 1117
3 1110 1117 1088
3 1088 1117 1093
3 1118 1111 1090
3 1094 1118 1090
3 1095 1092 1111
3 1095 1111 1119
3 1119 1111 1118
3 1095 1119 1096
3 1117 1120 1093
3 1120 1098 1093
3 1121 1118 1094
3 1121 1094 1122
3 1122 1094 1100
3 1118 1123 1119
3 1121 1123 1118
3 1119 1123 1124
3 1119 1124 1096
3 1096 1124 1102
3 1125 1103 1098
3 1125 1098 1126
3 1126 1098 1120
3 1104 1127 1128
3 1104 1128 1100
3 1100 1128 1122
3 1127 1129 1130
3 1127 1104 1129
3 1104 1105 1129
3 1129 1105 1102
3 1124 1129 1102
3 1125 1126 1131
3 1128 1127 1132
3 1127 1130 1132
3 1113 1112 1133
3 1134 1113 1133
3 1114 1113 1134
3 1135 1114 1134
3 1115 1114 1135
3 1136 1115 1135
3 1116 1115 1136
3 1137 1116 1136
3 1116 1137 1117
3 1133 1139 1134
3 1138 1139 1133
3 1134 1140 1135
3 1139 1140 1134
3 1135 1141 1136
3 1140 1141 1135
3 1136 1142 1137
3 1141 1142 1136
3 1137 1142 1143
3 1137 1143 1117
3 1117 1143 1120
3 1121 1122 1144
3 1123 1121 1144
3 1145 1123 1144
3 1123 1145 1124
3 1143 1146 1120
3 1146 1126 1120
3 1147 1144 1122
3 1128 1147 1122
3 1130 1129 1145
3 1130 1145 1147
3 1147 1145 1144
3 1145 1129 1124
3 1148 1131 1126
3 1148 1126 1149
3 1149 1126 1146
3 1147 1128 1132
3 1147 1132 1130
3 1148 1149 1150
3 1139 1138 1151
3 1152 1139 1151
3 1140 1139 1152
3 1153 1140 1152
3 1141 1140 1153
3 1154 1141 1153
3 1142 1141 1154
3 1155 1142 1154
3 1142 1155 1143
3 1158 1156 1157
3 1156 1159 1157
3 1151 1161 1152
3 1160 1161 1151
3 1152 1162 1153
3 1161 1162 1152
3 1153 1163 1154
3 1162 1163 1153
3 1154 1164 1155
3 1163 1164 1154
3 1155 1164 1165
3 1155 1165 1143
3 1143 1165 1146
3 1158 1157 1166
3 1157 1159 1166
3 1165 1167 1146
3 1167 1149 1146
3 1168 1150 1149
3 1167 1168 1149
3 1171 1169 1170
3 1169 1172 1170
3 1175 1173 1174
3 1173 1171 1170
3 1173 1170 1174
3 1174 1170 1176
3 1172 1177 1176
3 1170 1172 1176
3 1174 1178 1175
3 1156 1158 1179
3 1174 1176 1180
3 1174 1180 1178
3 1179 1159 1156
3 1176 1177 1180
3 1161 1160 1181
3 1182 1161 1181
3 1162 1161 1182
3 1183 1162 1182
3 1163 1162 1183
3 1184 1163 1183
3 1184 1186 1185
3 1184 1185 1163
3 1163 1185 1164
3 1188 1165 1164
3 1188 1164 1187
3 1187 1164 1185
3 1187 1189 1188
3 1179 1158 1166
3 1179 1166 1159
3 1181 1191 1182
3 1190 1191 1181
3 1182 1192 1183
3 1191 1192 1182
3 1183 1193 1184
3 1192 1193 1183
3 1184 1193 1186
3 1194 1165 1188
3 1194 1195 1165
3 1195 1167 1165
3 1188 1189 1194
3 1168 1196 1197
3 1196 1168 1167
3 1196 1167 1198
3 1198 1167 1195
3 1196 1198 1199
3 1171 1201 1200
3 1169 1171 1200
3 1169 1200 1202
3 1172 1169 1202
3 1205 1203 1204
3 1203 1206 1204
3 1173 1175 1207
3 1208 1201 1171
3 1208 1171 1207
3 1208 1207 1209
3 1173 1207 1171
3 1208 1209 1177
3 1208 1177 1202
3 1202 1177 1172
3 1212 1210 1211
3 1210 1214 1211
3 1205 1204 1213
3 1204 1206 1213
3 1207 1175 1178
3 1209 1207 1178
3 1180 1209 1178
3 1209 1180 1177
3 1217 1215 1216
3 1186 1216 1215
3 1186 1215 1185
3 1185 1215 1218
3 1211 1218 1212
3 1211 1187 1218
3 1187 1185 1218
3 1187 1211 1214
3 1187 1214 1189
3 1189 1214 1219
3 1222 1221 1191
3 1222 1191 1220
3 1220 1191 1190
3 1221 1224 1223
3 1221 1223 1191
3 1191 1223 1192
3 1216 1223 1217
3 1216 1193 1223
3 1193 1192 1223
3 1216 1186 1193
3 1194 1225 1195
3 1225 1194 1189
3 1225 1189 1226
3 1226 1189 1219
3 1222 1227 1221
3 1221 1227 1224
3 1225 1226 1228
3 1200 1201 1229
3 1200 1229 1202
3 1229 1201 1208
3 1229 1208 1202
3 1215 1217 1230
3 1230 1232 1231
3 1230 1231 1215
3 1215 1231 1218
3 1231 1212 1218
3 1233 1212 1231
3 1220 1234 1222
3 1224 1236 1235
3 1223 1224 1235
3 1217 1237 1230
3 1217 1223 1237
3 1223 1235 1237
3 1230 1237 1232
3 1238 1239 1219
3 1239 1226 1219
3 1234 1227 1222
3 1234 1240 1227
3 1240 1241 1227
3 1241 1224 1227
3 1236 1224 1241
3 1242 1228 1226
3 1239 1242 1226
3 1246 1247 1244
3 1246 1244 1245
3 1245 1244 1243
3 1245 1248 1246
3 1247 1250 1251
3 1247 1251 1244
3 1244 1251 1249
3 1250 1252 1251
3 1249 1251 1253
3 1251 1254 1253
3 1252 1255 1254
3 1251 1252 1254
3 1253 1254 1256
3 1254 1257 1256
3 1255 1258 1257
3 1254 1255 1257
3 1256 1257 1259
3 1257 1260 1259
3 1258 1261 1260
3 1257 1258 1260
3 1259 1260 1262
3 1260 1263 1262
3 1261 1264 1263
3 1260 1261 1263
3 1262 1263 1265
3 1263 1266 1265
3 1264 1267 1266
3 1263 1264 1266
3 1265 1266 1268
3 1266 1269 1268
3 1267 1270 1269
3 1266 1267 1269
3 1268 1269 1271
3 1269 1272 1271
3 1270 1273 1272
3 1269 1270 1272
3 1271 1272 1274
3 1272 1275 1274
3 1273 1276 1275
3 1272 1273 1275
3 1274 1275 1277
3 1275 1278 1277
3 1276 1279 1278
3 1275 1276 1278
3 1277 1278 1280
3 1278 1281 1280
3 1279 1282 1281
3 1278 1279 1281
3 1282 1284 1283
3 1281 1282 1283
3 1285 1286 491
3 1286 493 491
3 494 1287 495
3 1287 494 493
3 1287 493 1288
3 1288 493 1286
3 1287 496 495
3 496 1287 1288
3 496 1288 497
3 497 1288 1289
3 1289 1290 497
3 1290 498 497
3 1290 1291 498
3 1291 500 498
3 1291 1292 500
3 1292 501 500
3 1292 526 501
3 526 502 501
3 1293 1294 1295
3 1293 1295 1285
3 1285 1295 1286
3 1295 1296 1286
3 1296 1288 1286
3 1296 1297 1288
3 1297 1289 1288
3 1297 1298 1289
3 1298 1290 1289
3 1298 1299 1290
3 1299 1291 1290
3 1299 1300 1291
3 1300 1292 1291
3 1300 565 1292
3 565 526 1292
3 1301 1302 1295
3 1302 1296 1295
3 1302 1303 1296
3 1303 1297 1296
3 1303 1304 1297
3 1304 1298 1297
3 1304 1305 1298
3 1305 1299 1298
3 1305 1306 1299
3 1306 1300 1299
3 585 1306 1307
3 585 565 1306
3 565 1300 1306
3 1307 587 585
3 1308 1309 1302
3 1309 1303 1302
3 1309 1310 1303
3 1310 1304 1303
3 1310 1311 1304
3 1311 1305 1304
3 1313 1311 1312
3 1313 1306 1311
3 1306 1305 1311
3 1312 1314 1313
3 1313 1307 1306
3 1307 1313 1314
3 1307 1314 587
3 587 1314 609
3 1315 1316 1309
3 1316 1310 1309
3 1318 1316 1317
3 1318 1311 1316
3 1311 1310 1316
3 1317 1319 1318
3 1318 1312 1311
3 1312 1318 1319
3 1312 1319 1314
3 1314 1319 1320
3 1320 626 1314
3 626 609 1314
3 1321 1323 1322
3 1324 1326 1325
3 1325 1317 1316
3 1317 1325 1326
3 1317 1326 1319
3 1319 1326 1327
3 1329 1327 1328
3 1329 1320 1327
3 1320 1319 1327
3 1328 1330 1329
3 1331 1320 1329
3 1331 641 1320
3 641 626 1320
3 1329 1330 1331
3 1332 1334 1333
3 1336 1335 1333
3 1336 1326 1335
3 1336 1337 1326
3 1326 1324 1335
3 1333 1334 1336
3 1337 1338 1326
3 1338 1327 1326
3 1328 1340 1339
3 1328 1327 1340
3 1327 1338 1340
3 1342 1343 1341
3 1343 1344 1341
3 1343 1345 1344
3 1345 1346 1344
3 1345 1347 1346
3 1347 1348 1346
3 1347 1349 1348
3 1349 1350 1348
3 1349 1351 1350
3 1351 1352 1350
3 1351 1353 1352
3 1353 1354 1352
3 1353 1355 1354
3 1355 1356 1354
3 1355 1357 1356
3 1357 1358 1356
3 1360 1361 1359
3 1360 1358 1361
3 1358 1357 1361
3 1363 1360 1359
3 1362 1363 1359
3 1363 1362 1364
3 1361 1365 1359
3 1359 1366 1362
3 1365 1366 1359
3 1369 1367 1368
3 1366 1369 1368
3 1366 1368 1364
3 1366 1364 1362
3 1371 1368 1367
3 1370 1371 1367
3 1373 1371 1370
3 1372 1373 1370
3 1369 1374 1367
3 1367 1375 1370
3 1374 1375 1367
3 1370 1376 1372
3 1375 1376 1370
3 1377 1378 1342
3 1378 1343 1342
3 1378 1379 1343
3 1379 1345 1343
3 1379 1380 1345
3 1380 1347 1345
3 1380 1381 1347
3 1381 1349 1347
3 1381 1382 1349
3 1382 1351 1349
3 1385 1384 1383
3 1383 1384 1353
3 1383 1353 1382
3 1382 1353 1351
3 1387 1384 1385
3 1386 1384 1387
3 1384 1386 1355
3 1353 1384 1355
3 1387 1388 1386
3 1386 1388 1389
3 1386 1389 1355
3 1355 1389 1357
3 1392 1391 1390
3 1390 1391 1361
3 1390 1361 1389
3 1389 1361 1357
3 1392 1393 1391
3 1395 1394 1365
3 1393 1395 1365
3 1393 1365 1361
3 1393 1361 1391
3 1366 1365 1394
3 1396 1366 1394
3 1366 1396 1369
3 1395 1397 1394
3 1394 1398 1396
3 1397 1398 1394
3 1400 1399 1374
3 1398 1400 1374
3 1398 1374 1369
3 1398 1369 1396
3 1375 1374 1399
3 1401 1375 1399
3 1376 1375 1401
3 1402 1376 1401
3 1400 1403 1399
3 1399 1404 1401
3 1403 1404 1399
3 1401 1405 1402
3 1404 1405 1401
3 1406 1407 1377
3 1407 1378 1377
3 1407 1408 1378
3 1408 1379 1378
3 1408 1409 1379
3 1409 1380 1379
3 1409 1410 1380
3 1410 1381 1380
3 1413 1412 1411
3 1411 1412 1382
3 1411 1382 1410
3 1410 1382 1381
3 1412 1385 1383
3 1412 1413 1385
3 1413 1414 1385
3 1412 1383 1382
3 1414 1415 1385
3 1415 1387 1385
3 1388 1417 1416
3 1388 1387 1417
3 1387 1415 1417
3 1388 1416 1389
3 1416 1392 1390
3 1416 1417 1392
3 1417 1418 1392
3 1416 1390 1389
3 1393 1420 1419
3 1393 1392 1420
3 1392 1418 1420
3 1393 1419 1395
3 1422 1419 1420
3 1421 1419 1422
3 1397 1395 1419
3 1397 1419 1423
3 1423 1419 1421
3 1398 1397 1423
3 1424 1398 1423
3 1398 1424 1400
3 1422 1425 1421
3 1421 1426 1423
3 1425 1426 1421
3 1428 1423 1426
3 1428 1427 1423
3 1427 1424 1423
3 1403 1400 1424
3 1403 1424 1429
3 1429 1424 1427
3 1404 1403 1429
3 1430 1404 1429
3 1405 1404 1430
3 1431 1405 1430
3 1428 1432 1427
3 1427 1433 1429
3 1432 1433 1427
3 1429 1434 1430
3 1433 1434 1429
3 1430 1435 1431
3 1434 1435 1430
3 1438 1437 1436
3 1436 1437 1407
3 1436 1407 1439
3 1439 1407 1406
3 1441 1437 1438
3 1440 1437 1441
3 1437 1440 1408
3 1407 1437 1408
3 1443 1440 1441
3 1442 1440 1443
3 1440 1442 1409
3 1408 1440 1409
3 1445 1442 1443
3 1444 1442 1445
3 1442 1444 1410
3 1409 1442 1410
3 1444 1413 1411
3 1444 1445 1413
3 1445 1446 1413
3 1444 1411 1410
3 1446 1447 1413
3 1447 1414 1413
3 1447 1448 1414
3 1448 1415 1414
3 1448 1449 1415
3 1449 1417 1415
3 1449 1450 1417
3 1450 1418 1417
3 1450 1451 1418
3 1451 1420 1418
3 1451 1452 1420
3 1452 1422 1420
3 1425 1454 1453
3 1425 1422 1454
3 1422 1452 1454
3 1426 1425 1453
3 1455 1426 1453
3 1426 1455 1428
3 1454 1456 1453
3 1453 1457 1455
3 1456 1457 1453
3 1455 1432 1428
3 1455 1457 1432
3 1457 1458 1432
3 1460 1459 1433
3 1460 1433 1458
3 1458 1433 1432
3 1434 1433 1459
3 1461 1434 1459
3 1435 1434 1461
3 1462 1435 1461
3 1460 1463 1459
3 1459 1464 1461
3 1463 1464 1459
3 1461 1465 1462
3 1464 1465 1461
3 1466 1438 1436
3 1466 1467 1438
3 1467 1468 1438
3 1466 1436 1439
3 1468 1469 1438
3 1469 1441 1438
3 1469 1470 1441
3 1470 1443 1441
3 1470 1471 1443
3 1471 1445 1443
3 1471 1472 1445
3 1472 1446 1445
3 1472 1473 1446
3 1473 1447 1446
3 1473 1474 1447
3 1474 1448 1447
3 1474 1475 1448
3 1475 1449 1448
3 1475 1476 1449
3 1476 1450 1449
3 1476 1477 1450
3 1477 1451 1450
3 1480 1479 1478
3 1478 1479 1452
3 1478 1452 1477
3 1477 1452 1451
3 1480 1481 1479
3 1479 1481 1482
3 1479 1482 1452
3 1452 1482 1454
3 1456 1484 1483
3 1456 1454 1484
3 1454 1482 1484
3 1457 1456 1483
3 1485 1457 1483
3 1458 1457 1485
3 1486 1458 1485
3 1458 1486 1460
3 1484 1487 1483
3 1483 1488 1485
3 1487 1488 1483
3 1485 1489 1486
3 1488 1489 1485
3 1491 1490 1463
3 1489 1491 1463
3 1489 1463 1460
3 1489 1460 1486
3 1464 1463 1490
3 1492 1464 1490
3 1465 1464 1492
3 1493 1465 1492
3 1491 1494 1490
3 1490 1495 1492
3 1494 1495 1490
3 1492 1496 1493
3 1495 1496 1492
3 1497 1498 1467
3 1498 1468 1467
3 1498 1499 1468
3 1499 1469 1468
3 1499 1500 1469
3 1500 1470 1469
3 1500 1501 1470
3 1501 1471 1470
3 1501 1502 1471
3 1502 1472 1471
3 1502 1503 1472
3 1503 1473 1472
3 1503 1504 1473
3 1504 1474 1473
3 1504 1505 1474
3 1505 1475 1474
3 1505 1506 1475
3 1506 1476 1475
3 1509 1508 1507
3 1507 1508 1477
3 1507 1477 1506
3 1506 1477 1476
3 1508 1480 1478
3 1508 1509 1480
3 1509 1510 1480
3 1508 1478 1477
3 1481 1512 1511
3 1481 1480 1512
3 1480 1510 1512
3 1481 1511 1482
3 1514 1511 1512
3 1513 1511 1514
3 1511 1513 1484
3 1482 1511 1484
3 1514 1515 1513
3 1517 1516 1487
3 1515 1517 1487
3 1515 1487 1484
3 1515 1484 1513
3 1488 1487 1516
3 1518 1488 1516
3 1489 1488 1518
3 1519 1489 1518
3 1489 1519 1491
3 1517 1520 1516
3 1516 1521 1518
3 1520 1521 1516
3 1518 1522 1519
3 1521 1522 1518
3 1524 1523 1494
3 1522 1524 1494
3 1522 1494 1491
3 1522 1491 1519
3 1495 1494 1523
3 1525 1495 1523
3 1496 1495 1525
3 1526 1496 1525
3 1524 1527 1523
3 1523 1528 1525
3 1527 1528 1523
3 1525 1529 1526
3 1528 1529 1525
3 1530 1531 1497
3 1531 1498 1497
3 1531 1532 1498
3 1532 1499 1498
3 1532 1533 1499
3 1533 1500 1499
3 1533 1534 1500
3 1534 1501 1500
3 1537 1536 1535
3 1535 1536 1502
3 1535 1502 1534
3 1534 1502 1501
3 1539 1536 1537
3 1538 1536 1539
3 1536 1538 1503
3 1502 1536 1503
3 1541 1538 1539
3 1540 1538 1541
3 1538 1540 1504
3 1503 1538 1504
3 1543 1540 1541
3 1542 1540 1543
3 1540 1542 1505
3 1504 1540 1505
3 1545 1542 1543
3 1544 1542 1545
3 1542 1544 1506
3 1505 1542 1506
3 1544 1509 1507
3 1544 1545 1509
3 1545 1546 1509
3 1544 1507 1506
3 1546 1547 1509
3 1547 1510 1509
3 1547 1548 1510
3 1548 1512 1510
3 1548 1549 1512
3 1549 1514 1512
3 1515 1551 1550
3 1515 1514 1551
3 1514 1549 1551
3 1515 1550 1517
3 1551 1552 1550
3 1554 1553 1520
3 1552 1554 1520
3 1552 1520 1517
3 1552 1517 1550
3 1521 1520 1553
3 1555 1521 1553
3 1522 1521 1555
3 1556 1522 1555
3 1522 1556 1524
3 1554 1557 1553
3 1553 1558 1555
3 1557 1558 1553
3 1560 1555 1558
3 1560 1559 1555
3 1559 1556 1555
3 1527 1524 1556
3 1527 1556 1561
3 1561 1556 1559
3 1528 1527 1561
3 1562 1528 1561
3 1529 1528 1562
3 1010 1529 1562
3 1563 1564 1530
3 1564 1531 1530
3 1564 1565 1531
3 1565 1532 1531
3 1565 1566 1532
3 1566 1533 1532
3 1566 1567 1533
3 1567 1534 1533
3 1535 1568 1537
3 1568 1535 1534
3 1568 1534 1569
3 1569 1534 1567
3 1570 1537 1568
3 1570 1571 1537
3 1571 1539 1537
3 1568 1569 1570
3 1571 1572 1539
3 1572 1541 1539
3 1572 1573 1541
3 1573 1543 1541
3 1573 1574 1543
3 1574 1545 1543
3 1574 1575 1545
3 1575 1546 1545
3 1575 1576 1546
3 1576 1547 1546
3 1576 1577 1547
3 1577 1548 1547
3 1577 1578 1548
3 1578 1549 1548
3 1581 1580 1579
3 1579 1580 1551
3 1579 1551 1578
3 1578 1551 1549
3 1581 1582 1580
3 1584 1583 1552
3 1582 1584 1552
3 1582 1552 1551
3 1582 1551 1580
3 1552 1583 1554
3 1586 1583 1584
3 1585 1583 1586
3 1557 1554 1583
3 1557 1583 1587
3 1587 1583 1585
3 1558 1557 1587
3 1588 1558 1587
3 1558 1588 1560
3 1589 1590 1563
3 1590 1564 1563
3 1590 1591 1564
3 1591 1565 1564
3 1594 1593 1592
3 1592 1593 1566
3 1592 1566 1591
3 1591 1566 1565
3 1596 1593 1594
3 1595 1593 1596
3 1593 1595 1567
3 1566 1593 1567
3 1598 1595 1596
3 1597 1595 1598
3 1595 1597 1569
3 1567 1595 1569
3 1597 1571 1570
3 1597 1598 1571
3 1598 1599 1571
3 1597 1570 1569
3 1599 1600 1571
3 1600 1572 1571
3 1600 1601 1572
3 1601 1573 1572
3 1601 1602 1573
3 1602 1574 1573
3 1602 1603 1574
3 1603 1575 1574
3 1603 1604 1575
3 1604 1576 1575
3 1604 1605 1576
3 1605 1577 1576
3 1605 1606 1577
3 1606 1578 1577
3 1579 1607 1581
3 1607 1579 1578
3 1607 1578 1608
3 1608 1578 1606
3 1607 1582 1581
3 1582 1607 1608
3 1582 1608 1584
3 1584 1608 1609
3 1609 1610 1584
3 1610 1586 1584
3 1613 1612 1611
3 1611 1612 1614
3 1611 1614 1589
3 1589 1614 1590
3 1614 1615 1590
3 1615 1591 1590
3 1592 1616 1594
3 1616 1592 1591
3 1616 1591 1617
3 1617 1591 1615
3 1618 1594 1616
3 1618 1619 1594
3 1619 1596 1594
3 1616 1617 1618
3 1619 1620 1596
3 1620 1598 1596
3 1620 1621 1598
3 1621 1599 1598
3 1621 1622 1599
3 1622 1600 1599
3 1622 1623 1600
3 1623 1601 1600
3 1626 1625 1624
3 1624 1625 1602
3 1624 1602 1623
3 1623 1602 1601
3 1628 1625 1626
3 1627 1625 1628
3 1625 1627 1603
3 1602 1625 1603
3 1628 1629 1627
3 1627 1629 1630
3 1627 1630 1603
3 1603 1630 1604
3 1633 1632 1631
3 1631 1632 1605
3 1631 1605 1630
3 1630 1605 1604
3 1635 1632 1633
3 1634 1632 1635
3 1632 1634 1606
3 1605 1632 1606
3 1637 1634 1635
3 1636 1634 1637
3 1634 1636 1608
3 1606 1634 1608
3 1639 1636 1637
3 1638 1636 1639
3 1636 1638 1609
3 1608 1636 1609
3 1641 1638 1639
3 1640 1638 1641
3 1638 1640 1610
3 1609 1638 1610
3 1612 1645 1644
3 1612 1613 1645
3 1643 1645 1642
3 1642 1645 1613
3 1643 1642 1646
3 1644 1614 1612
3 1648 1644 1645
3 1647 1644 1648
3 1644 1647 1615
3 1614 1644 1615
3 1650 1647 1648
3 1649 1647 1650
3 1647 1649 1617
3 1615 1647 1617
3 1649 1619 1618
3 1649 1650 1619
3 1650 1651 1619
3 1649 1618 1617
3 1651 1652 1619
3 1652 1620 1619
3 1652 1653 1620
3 1653 1621 1620
3 1653 1654 1621
3 1654 1622 1621
3 1654 1655 1622
3 1655 1623 1622
3 1624 1656 1626
3 1656 1624 1623
3 1656 1623 1657
3 1657 1623 1655
3 1658 1626 1656
3 1628 1626 1658
3 1657 1659 1658
3 1656 1657 1658
3 1629 1662 1661
3 1629 1628 1662
3 1660 1662 1658
3 1658 1662 1628
3 1660 1658 1659
3 1661 1630 1629
3 1661 1633 1631
3 1661 1662 1633
3 1662 1663 1633
3 1661 1631 1630
3 1663 1664 1633
3 1664 1635 1633
3 1664 1665 1635
3 1665 1637 1635
3 1665 1666 1637
3 1666 1639 1637
3 1666 1667 1639
3 1667 1641 1639
3 1668 1645 1643
3 1668 1669 1645
3 1669 1670 1645
3 1668 1643 1646
3 1670 1671 1645
3 1671 1648 1645
3 1671 1672 1648
3 1672 1650 1648
3 1672 1673 1650
3 1673 1651 1650
3 1673 1674 1651
3 1674 1652 1651
3 1674 1675 1652
3 1675 1653 1652
3 1675 1676 1653
3 1676 1654 1653
3 1679 1678 1677
3 1677 1678 1655
3 1677 1655 1676
3 1676 1655 1654
3 1681 1678 1679
3 1680 1678 1681
3 1678 1680 1657
3 1655 1678 1657
3 1683 1680 1681
3 1682 1680 1683
3 1680 1682 1659
3 1657 1680 1659
3 1682 1662 1660
3 1682 1683 1662
3 1683 1684 1662
3 1682 1660 1659
3 1684 1685 1662
3 1685 1663 1662
3 1685 1686 1663
3 1686 1664 1663
3 1686 1687 1664
3 1687 1665 1664
3 1687 1688 1665
3 1688 1666 1665
3 1688 1689 1666
3 1689 1667 1666
3 1690 1691 1669
3 1691 1670 1669
3 1691 1692 1670
3 1692 1671 1670
3 1692 1693 1671
3 1693 1672 1671
3 1693 1694 1672
3 1694 1673 1672
3 1694 1695 1673
3 1695 1674 1673
3 1695 1696 1674
3 1696 1675 1674
3 1696 1697 1675
3 1697 1676 1675
3 1679 1698 1699
3 1677 1698 1679
3 1698 1677 1676
3 1697 1698 1676
3 1699 1700 1679
3 1700 1681 1679
3 1700 1701 1681
3 1701 1683 1681
3 1701 1702 1683
3 1702 1684 1683
3 1702 1703 1684
3 1703 1685 1684
3 1703 1704 1685
3 1704 1686 1685
3 1704 1705 1686
3 1705 1687 1686
3 1708 1707 1706
3 1706 1707 1688
3 1706 1688 1705
3 1705 1688 1687
3 1710 1707 1708
3 1709 1707 1710
3 1707 1709 1689
3 1688 1707 1689
3 1711 1699 1698
3 1711 1712 1699
3 1712 1713 1699
3 1711 1698 1697
3 1713 1714 1699
3 1714 1700 1699
3 1714 1715 1700
3 1715 1701 1700
3 1715 1716 1701
3 1716 1702 1701
3 1716 1717 1702
3 1717 1703 1702
3 1717 1718 1703
3 1718 1704 1703
3 1718 1719 1704
3 1719 1705 1704
3 1706 1720 1708
3 1720 1706 1705
3 1720 1705 1721
3 1721 1705 1719
3 1722 1708 1720
3 1710 1708 1722
3 1721 1723 1722
3 1720 1721 1722
3 1727 1724 1726
3 1725 1724 1727
3 1724 1725 1723
3 1721 1724 1723
3 1729 1730 1728
3 1729 1728 1731
3 1728 1730 1732
3 1728 1732 1731
3 1734 1373 1372
3 1733 1734 1372
3 1736 1734 1733
3 1735 1736 1733
3 1738 1736 1735
3 1737 1738 1735
3 1740 1738 1737
3 1739 1740 1737
3 1742 1740 1739
3 1741 1742 1739
3 1742 1741 1743
3 1745 1746 1744
3 1745 1744 1747
3 1372 1748 1733
3 1376 1748 1372
3 1733 1749 1735
3 1748 1749 1733
3 1735 1750 1737
3 1749 1750 1735
3 1737 1751 1739
3 1750 1751 1737
3 1739 1752 1741
3 1751 1752 1739
3 1741 1752 1753
3 1741 1753 1743
3 1743 1753 1754
3 1755 1744 1746
3 1755 1746 1756
3 1756 1746 1757
3 1760 1758 1759
3 1755 1760 1759
3 1755 1759 1747
3 1755 1747 1744
3 1759 1758 1761
3 1763 1764 1762
3 1763 1754 1764
3 1754 1753 1764
3 1766 1763 1762
3 1765 1766 1762
3 1768 1766 1765
3 1767 1768 1765
3 1767 1757 1768
3 1767 1769 1757
3 1769 1756 1757
3 1760 1770 1758
3 1773 1771 1772
3 1770 1773 1772
3 1770 1772 1761
3 1770 1761 1758
3 1772 1771 1774
3 1776 1775 1777
3 1775 1764 1779
3 1775 1778 1764
3 1775 1776 1778
3 1778 1762 1764
3 1765 1762 1778
3 1765 1778 1782
3 1781 1783 1780
3 1780 1784 1781
3 1784 1785 1781
3 1782 1767 1765
3 1782 1786 1767
3 1786 1769 1767
3 1786 1787 1769
3 1784 1769 1785
3 1785 1769 1787
3 1789 1773 1788
3 1789 1791 1773
3 1771 1773 1790
3 1790 1773 1791
3 1771 1790 1774
3 1788 1792 1789
3 1775 1779 1793
3 1783 1781 1794
3 1781 1785 1795
3 1794 1781 1795
3 1798 1797 1796
3 1795 1797 1798
3 1795 1787 1797
3 1795 1785 1787
3 1800 1797 1802
3 1800 1799 1797
3 1796 1797 1801
3 1801 1797 1799
3 1800 1803 1799
3 1800 1791 1803
3 1800 1804 1791
3 1789 1803 1791
3 1789 1792 1803
3 1796 1805 1798
3 1807 1808 1806
3 1805 1796 1801
3 1806 1800 1807
3 1806 1809 1800
3 1800 1802 1807
3 1800 1809 1810
3 1804 1800 1810
3 1811 645 649
3 1806 1808 1812
3 1813 1809 1806
3 1813 1806 658
3 1813 658 659
3 658 1806 1812
3 663 661 1814
3 1813 663 1814
3 1813 1814 1810
3 1813 1810 1809
3 1814 661 665
3 1748 1376 1402
3 1815 1748 1402
3 1749 1748 1815
3 1816 1749 1815
3 1750 1749 1816
3 1817 1750 1816
3 1751 1750 1817
3 1818 1751 1817
3 1752 1751 1818
3 1819 1752 1818
3 1752 1819 1753
3 1755 1756 1820
3 1755 1820 1760
3 1402 1821 1815
3 1405 1821 1402
3 1815 1822 1816
3 1821 1822 1815
3 1816 1823 1817
3 1822 1823 1816
3 1817 1824 1818
3 1823 1824 1817
3 1818 1825 1819
3 1824 1825 1818
3 1819 1825 1826
3 1819 1826 1753
3 1753 1826 1764
3 1827 1820 1756
3 1769 1827 1756
3 1770 1760 1820
3 1770 1820 1828
3 1828 1820 1827
3 1770 1828 1773
3 1831 1830 1829
3 1829 1830 1779
3 1829 1779 1826
3 1826 1779 1764
3 1780 1783 1832
3 1784 1780 1832
3 1833 1784 1832
3 1833 1835 1834
3 1784 1833 1834
3 1784 1834 1827
3 1784 1827 1769
3 1827 1836 1828
3 1834 1836 1827
3 1838 1837 1788
3 1836 1838 1788
3 1836 1788 1773
3 1836 1773 1828
3 1788 1837 1792
3 1830 1793 1779
3 1832 1783 1794
3 1833 1832 1794
3 1795 1833 1794
3 1795 1798 1840
3 1833 1795 1840
3 1833 1840 1839
3 1833 1839 1835
3 1801 1839 1840
3 1801 1799 1839
3 1842 1839 1841
3 1841 1839 1799
3 1841 1838 1843
3 1841 1803 1838
3 1841 1799 1803
3 1803 1837 1838
3 1837 1803 1792
3 1840 1798 1805
3 1842 1841 1844
3 1840 1805 1801
3 1841 1843 1844
3 1813 659 721
3 1813 721 663
3 1821 1405 1431
3 1845 1821 1431
3 1822 1821 1845
3 1846 1822 1845
3 1823 1822 1846
3 1847 1823 1846
3 1824 1823 1847
3 1848 1824 1847
3 1825 1824 1848
3 1849 1825 1848
3 1825 1849 1826
3 1431 1850 1845
3 1435 1850 1431
3 1845 1851 1846
3 1850 1851 1845
3 1846 1852 1847
3 1851 1852 1846
3 1847 1853 1848
3 1852 1853 1847
3 1854 1831 1853
3 1854 1855 1831
3 1853 1831 1848
3 1829 1849 1831
3 1848 1831 1849
3 1849 1829 1826
3 1854 1856 1855
3 1834 1835 1857
3 1836 1834 1857
3 1858 1836 1857
3 1836 1858 1838
3 1859 1831 1855
3 1859 1860 1831
3 1860 1861 1831
3 1855 1856 1859
3 1862 1863 1864
3 1857 1835 1839
3 1857 1842 1858
3 1857 1839 1842
3 1858 1842 1865
3 1863 1862 1842
3 1865 1842 1862
3 1858 1865 1866
3 1858 1866 1838
3 1838 1866 1843
3 1864 1863 1867
3 1869 1844 1868
3 1867 1844 1869
3 1867 1842 1844
3 1867 1863 1842
3 1868 1844 1843
3 1868 1843 1870
3 1870 1843 1866
3 1869 1868 1871
3 1868 1870 1871
3 1850 1435 1462
3 1872 1850 1462
3 1851 1850 1872
3 1873 1851 1872
3 1852 1851 1873
3 1874 1852 1873
3 1853 1852 1874
3 1875 1853 1874
3 1854 1853 1875
3 1876 1854 1875
3 1854 1876 1856
3 1462 1877 1872
3 1465 1877 1462
3 1872 1878 1873
3 1877 1878 1872
3 1873 1879 1874
3 1878 1879 1873
3 1874 1880 1875
3 1879 1880 1874
3 1881 1860 1880
3 1881 1882 1860
3 1880 1860 1875
3 1859 1876 1860
3 1875 1860 1876
3 1876 1859 1856
3 1881 1883 1882
3 1862 1864 1884
3 1865 1862 1884
3 1885 1865 1884
3 1865 1885 1866
3 1886 1860 1882
3 1886 1887 1860
3 1887 1888 1860
3 1882 1883 1886
3 1884 1864 1867
3 1889 1885 1884
3 1889 1884 1869
3 1889 1869 1890
3 1869 1884 1867
3 1885 1889 1891
3 1885 1891 1866
3 1866 1891 1870
3 1871 850 852
3 1871 852 1869
3 1869 852 1890
3 850 1871 1870
3 850 1870 853
3 853 1870 1891
3 1877 1465 1493
3 1892 1877 1493
3 1878 1877 1892
3 1893 1878 1892
3 1879 1878 1893
3 1894 1879 1893
3 1880 1879 1894
3 1895 1880 1894
3 1881 1880 1895
3 1896 1881 1895
3 1881 1896 1883
3 1493 1897 1892
3 1496 1897 1493
3 1892 1898 1893
3 1897 1898 1892
3 1893 1899 1894
3 1898 1899 1893
3 1894 1900 1895
3 1899 1900 1894
3 1901 1887 1900
3 1901 1902 1887
3 1900 1887 1895
3 1886 1896 1887
3 1895 1887 1896
3 1896 1886 1883
3 1901 1903 1902
3 1889 1890 1904
3 1889 1904 1891
3 1905 1887 1902
3 1905 982 1887
3 982 1906 1887
3 1902 1903 1905
3 1907 1904 1890
3 1907 1890 925
3 925 1890 852
3 1904 1907 929
3 1904 929 1891
3 1891 929 853
3 1897 1496 1526
3 1908 1897 1526
3 1898 1897 1908
3 1909 1898 1908
3 1899 1898 1909
3 1910 1899 1909
3 1900 1899 1910
3 1911 1900 1910
3 1901 1900 1911
3 1912 1901 1911
3 1901 1912 1903
3 1526 1913 1908
3 1529 1913 1526
3 1908 1914 1909
3 1913 1914 1908
3 1909 1915 1910
3 1914 1915 1909
3 1910 1916 1911
3 1915 1916 1910
3 1917 982 1916
3 1917 980 982
3 1916 982 1911
3 1905 1912 982
3 1911 982 1912
3 1912 1905 1903
3 1917 985 980
3 925 986 1918
3 1907 925 1918
3 1907 1918 989
3 929 1907 989
3 1913 1529 1010
3 1012 1913 1010
3 1914 1913 1012
3 1014 1914 1012
3 1915 1914 1014
3 1016 1915 1014
3 1916 1915 1016
3 1018 1916 1016
3 1917 1916 1018
3 1020 1917 1018
3 1917 1020 985
3 1918 986 1024
3 1918 1024 989
3 1919 1921 1920
3 1921 1922 1920
3 1921 1923 1922
3 1923 1924 1922
3 1925 1926 1924
3 1923 1925 1924
3 1920 1922 1927
3 1922 1928 1927
3 1922 1924 1928
3 1924 1929 1928
3 1926 1930 1929
3 1924 1926 1929
3 1927 1928 1931
3 1928 1932 1931
3 1928 1929 1932
3 1929 1933 1932
3 1930 1934 1933
3 1929 1930 1933
3 1932 1933 1935
3 1933 1936 1935
3 1934 1937 1936
3 1933 1934 1936
3 1935 1936 1938
3 1936 1939 1938
3 1937 1940 1939
3 1936 1937 1939
3 1938 1939 1941
3 1939 1942 1941
3 1940 1943 1942
3 1939 1940 1942
3 1946 1944 1941
3 1946 1941 1945
3 1945 1941 1942
3 1943 1947 1945
3 1942 1943 1945
3 1946 1945 1948
3 1945 1947 1948
3 1952 1949 1951
3 1950 1949 1952
3 1949 1950 1926
3 1925 1949 1926
3 1952 1953 1950
3 1950 1953 1954
3 1950 1954 1926
3 1926 1954 1930
3 1954 1955 1930
3 1955 1934 1930
3 1955 1956 1934
3 1956 1937 1934
3 1956 1957 1937
3 1957 1940 1937
3 1957 1958 1940
3 1958 1943 1940
3 1944 1946 1959
3 1958 1960 1943
3 1960 1947 1943
3 1948 1959 1946
3 1948 1962 1959
3 1962 1961 1959
3 1962 1948 1947
3 1962 1947 1963
3 1963 1947 1960
3 1965 1966 1964
3 1965 1964 1962
3 1962 1964 1961
3 1962 1963 1965
3 1966 1968 1967
3 1964 1966 1967
3 1967 1968 1969
3 1971 1951 1970
3 1952 1951 1971
3 1972 1973 1971
3 1970 1972 1971
3 1953 1976 1975
3 1953 1952 1976
3 1974 1976 1971
3 1971 1976 1952
3 1974 1971 1973
3 1975 1954 1953
3 1976 1977 1975
3 1975 1977 1978
3 1975 1978 1954
3 1954 1978 1955
3 1978 1979 1955
3 1979 1956 1955
3 1979 1980 1956
3 1980 1957 1956
3 1980 1981 1957
3 1981 1958 1957
3 1981 1982 1958
3 1982 1960 1958
3 1982 1983 1960
3 1983 1963 1960
3 1965 1984 1966
3 1984 1965 1963
3 1984 1963 1985
3 1985 1963 1983
3 1986 1966 1984
3 1986 1987 1966
3 1987 1968 1966
3 1984 1985 1986
3 1988 1969 1968
3 1988 1968 1989
3 1989 1968 1987
3 1988 1989 1990
3 1991 1992 1972
3 1992 1973 1972
3 1974 1993 1976
3 1993 1974 1973
3 1993 1973 1994
3 1994 1973 1992
3 1993 1977 1976
3 1977 1993 1994
3 1977 1994 1978
3 1978 1994 1995
3 1995 1996 1978
3 1996 1979 1978
3 1996 1997 1979
3 1997 1980 1979
3 1997 1998 1980
3 1998 1981 1980
3 1998 1999 1981
3 1999 1982 1981
3 1999 2000 1982
3 2000 1983 1982
3 2000 2001 1983
3 2001 1985 1983
3 1986 2002 1987
3 2002 1986 1985
3 2002 1985 2003
3 2003 1985 2001
3 2004 1987 2002
3 1989 1987 2004
3 2003 2005 2004
3 2002 2003 2004
3 1989 2006 1990
3 1989 2004 2006
3 2004 2007 2006
3 2005 2008 2007
3 2004 2005 2007
3 2006 2007 2009
3 2007 2010 2009
3 2008 2011 2010
3 2007 2008 2010
3 2009 2010 2012
3 2010 2013 2012
3 2011 2014 2013
3 2010 2011 2013
3 2014 2016 2015
3 2013 2014 2015
3 2016 2017 1245
3 2016 1245 2015
3 2015 1245 1243
3 2017 1248 1245
3 353 2018 354
3 2018 2019 354
3 2018 2020 2019
3 2020 2021 2019
3 2020 2022 2021
3 2022 2023 2021
3 2022 2024 2023
3 2024 2025 2023
3 2024 2026 2025
3 2026 2027 2025
3 2026 2028 2027
3 2028 2029 2027
3 2028 2030 2029
3 2030 2031 2029
3 2030 2032 2031
3 2032 2033 2031
3 2032 2034 2033
3 2034 2035 2033
3 2034 2036 2035
3 2036 2037 2035
3 2036 2038 2037
3 2038 2039 2037
3 2038 2040 2039
3 2040 2041 2039
3 2043 2040 2042
3 2043 2044 2040
3 2044 2041 2040
3 2042 2045 2043
3 2046 2044 2043
3 2047 2044 2046
3 2045 2048 2046
3 2043 2045 2046
3 2049 2047 2046
3 2049 2050 2047
3 2050 2051 2047
3 2046 2048 2049
3 2050 75 2051
3 75 74 2051
3 362 2052 353
3 2052 2018 353
3 2052 2053 2018
3 2053 2020 2018
3 2053 2054 2020
3 2054 2022 2020
3 2054 2055 2022
3 2055 2024 2022
3 2055 2056 2024
3 2056 2026 2024
3 2056 2057 2026
3 2057 2028 2026
3 2057 2058 2028
3 2058 2030 2028
3 2058 2059 2030
3 2059 2032 2030
3 2059 2060 2032
3 2060 2034 2032
3 2060 2061 2034
3 2061 2036 2034
3 2061 2062 2036
3 2062 2038 2036
3 2062 2063 2038
3 2063 2040 2038
3 2042 2065 2064
3 2042 2040 2065
3 2040 2063 2065
3 2042 2064 2045
3 2065 2066 2064
3 2064 2066 2067
3 2064 2067 2045
3 2045 2067 2048
3 2049 2068 2050
3 2068 2049 2048
3 2068 2048 2069
3 2069 2048 2067
3 102 2050 2068
3 75 2050 102
3 2069 104 102
3 2068 2069 102
3 370 2070 362
3 2070 2052 362
3 2070 2071 2052
3 2071 2053 2052
3 2071 2072 2053
3 2072 2054 2053
3 2072 2073 2054
3 2073 2055 2054
3 2073 2074 2055
3 2074 2056 2055
3 2074 2075 2056
3 2075 2057 2056
3 2075 2076 2057
3 2076 2058 2057
3 2076 2077 2058
3 2077 2059 2058
3 2077 2078 2059
3 2078 2060 2059
3 2080 2078 2079
3 2080 2061 2078
3 2061 2060 2078
3 2079 2081 2080
3 2082 2061 2080
3 2082 2083 2061
3 2083 2062 2061
3 2080 2081 2082
3 2083 2084 2062
3 2084 2063 2062
3 2084 2085 2063
3 2085 2065 2063
3 2066 2087 2086
3 2066 2065 2087
3 2065 2085 2087
3 2066 2086 2067
3 2089 2086 2087
3 2088 2086 2089
3 2086 2088 2069
3 2067 2086 2069
3 2089 2090 2088
3 2088 2090 117
3 2088 117 2069
3 2069 117 104
3 379 2091 370
3 2091 2070 370
3 2091 2092 2070
3 2092 2071 2070
3 2092 2093 2071
3 2093 2072 2071
3 2093 2094 2072
3 2094 2073 2072
3 2094 2095 2073
3 2095 2074 2073
3 2095 2096 2074
3 2096 2075 2074
3 2096 2097 2075
3 2097 2076 2075
3 2097 2098 2076
3 2098 2077 2076
3 2098 2099 2077
3 2099 2078 2077
3 2079 2101 2100
3 2079 2078 2101
3 2078 2099 2101
3 2079 2100 2081
3 2103 2101 2102
3 2103 2083 2101
3 2100 2101 2082
3 2082 2101 2083
3 2100 2082 2081
3 2102 2104 2103
3 2105 2083 2103
3 2084 2083 2105
3 2104 2106 2105
3 2103 2104 2105
3 2107 2084 2105
3 2085 2084 2107
3 2106 2108 2107
3 2105 2106 2107
3 2109 2085 2107
3 2087 2085 2109
3 2108 2110 2109
3 2107 2108 2109
3 2111 2087 2109
3 2089 2087 2111
3 2110 2112 2111
3 2109 2110 2111
3 2111 2090 2089
3 2090 2111 2112
3 2090 2112 117
3 117 2112 133
3 387 2113 379
3 2113 2091 379
3 2113 2114 2091
3 2114 2092 2091
3 2114 2115 2092
3 2115 2093 2092
3 2115 2116 2093
3 2116 2094 2093
3 2116 2117 2094
3 2117 2095 2094
3 2117 2118 2095
3 2118 2096 2095
3 2118 2119 2096
3 2119 2097 2096
3 2119 2120 2097
3 2120 2098 2097
3 2120 2121 2098
3 2121 2099 2098
3 2121 2122 2099
3 2122 2101 2099
3 2102 2124 2123
3 2102 2101 2124
3 2101 2122 2124
3 2102 2123 2104
3 2124 2125 2123
3 2123 2125 2126
3 2123 2126 2104
3 2104 2126 2106
3 2126 2127 2106
3 2127 2108 2106
3 2127 2128 2108
3 2128 2110 2108
3 2128 2129 2110
3 2129 2112 2110
3 2129 152 2112
3 152 133 2112
3 395 2130 387
3 2130 2113 387
3 2130 2131 2113
3 2131 2114 2113
3 2131 2132 2114
3 2132 2115 2114
3 2132 2133 2115
3 2133 2116 2115
3 2133 2134 2116
3 2134 2117 2116
3 2134 2135 2117
3 2135 2118 2117
3 2135 2136 2118
3 2136 2119 2118
3 2136 2137 2119
3 2137 2120 2119
3 2137 2138 2120
3 2138 2121 2120
3 2138 2139 2121
3 2139 2122 2121
3 2141 2139 2140
3 2141 2124 2139
3 2124 2122 2139
3 2140 2142 2141
3 2141 2125 2124
3 2125 2141 2142
3 2125 2142 2126
3 2126 2142 2143
3 2143 2144 2126
3 2144 2127 2126
3 2144 2145 2127
3 2145 2128 2127
3 2145 2146 2128
3 2146 2129 2128
3 2146 170 2129
3 170 152 2129
3 404 2147 395
3 2147 2130 395
3 2147 2148 2130
3 2148 2131 2130
3 2148 2149 2131
3 2149 2132 2131
3 2149 2150 2132
3 2150 2133 2132
3 2150 2151 2133
3 2151 2134 2133
3 2151 2152 2134
3 2152 2135 2134
3 2154 2152 2153
3 2154 2136 2152
3 2136 2135 2152
3 2153 2155 2154
3 2156 2136 2154
3 2137 2136 2156
3 2155 2157 2156
3 2154 2155 2156
3 2158 2137 2156
3 2138 2137 2158
3 2157 2159 2158
3 2156 2157 2158
3 2160 2138 2158
3 2139 2138 2160
3 2159 2161 2160
3 2158 2159 2160
3 2160 2140 2139
3 2140 2160 2161
3 2140 2161 2142
3 2142 2161 2162
3 2162 2163 2142
3 2163 2143 2142
3 2163 2164 2143
3 2164 2144 2143
3 2164 2165 2144
3 2165 2145 2144
3 2165 2166 2145
3 2166 2146 2145
3 2166 187 2146
3 187 170 2146
3 414 2167 404
3 2167 2147 404
3 2167 2168 2147
3 2168 2148 2147
3 2168 2169 2148
3 2169 2149 2148
3 2171 2169 2170
3 2171 2150 2169
3 2150 2149 2169
3 2170 2172 2171
3 2173 2150 2171
3 2151 2150 2173
3 2172 2174 2173
3 2171 2172 2173
3 2175 2151 2173
3 2152 2151 2175
3 2174 2176 2175
3 2173 2174 2175
3 2175 2153 2152
3 2153 2175 2176
3 2153 2176 2155
3 2155 2176 2177
3 2177 2178 2155
3 2178 2157 2155
3 2178 2179 2157
3 2179 2159 2157
3 2179 2180 2159
3 2180 2161 2159
3 2180 2181 2161
3 2181 2162 2161
3 2181 2182 2162
3 2182 2163 2162
3 2182 2183 2163
3 2183 2164 2163
3 2183 2184 2164
3 2184 2165 2164
3 2184 2185 2165
3 2185 2166 2165
3 2185 206 2166
3 206 187 2166
3 423 2186 414
3 2186 2167 414
3 2188 2186 2187
3 2188 2168 2186
3 2168 2167 2186
3 2187 2189 2188
3 2190 2168 2188
3 2169 2168 2190
3 2189 2191 2190
3 2188 2189 2190
3 2190 2170 2169
3 2170 2190 2191
3 2170 2191 2172
3 2172 2191 2192
3 2192 2193 2172
3 2193 2174 2172
3 2193 2194 2174
3 2194 2176 2174
3 2194 2195 2176
3 2195 2177 2176
3 2195 2196 2177
3 2196 2178 2177
3 2196 2197 2178
3 2197 2179 2178
3 2197 2198 2179
3 2198 2180 2179
3 2198 2199 2180
3 2199 2181 2180
3 2199 2200 2181
3 2200 2182 2181
3 2200 2201 2182
3 2201 2183 2182
3 2203 2201 2202
3 2203 2184 2201
3 2184 2183 2201
3 2202 2204 2203
3 2205 2184 2203
3 2185 2184 2205
3 2204 2206 2205
3 2203 2204 2205
3 221 2185 2205
3 206 2185 221
3 2206 223 221
3 2205 2206 221
3 434 2207 423
3 2207 2186 423
3 2207 2187 2186
3 2208 2187 2207
3 2187 2208 2209
3 2189 2187 2209
3 2209 2210 2189
3 2210 2191 2189
3 2210 2211 2191
3 2211 2192 2191
3 2211 2212 2192
3 2212 2193 2192
3 2212 2213 2193
3 2213 2194 2193
3 2213 2214 2194
3 2214 2195 2194
3 2214 2215 2195
3 2215 2196 2195
3 2215 2216 2196
3 2216 2197 2196
3 2216 2217 2197
3 2217 2198 2197
3 2217 2218 2198
3 2218 2199 2198
3 2218 2219 2199
3 2219 2200 2199
3 2219 2220 2200
3 2220 2201 2200
3 2202 2222 2221
3 2202 2201 2222
3 2201 2220 2222
3 2202 2221 2204
3 2222 2223 2221
3 2221 2223 2224
3 2221 2224 2204
3 2204 2224 2206
3 2224 238 2206
3 238 223 2206
3 2225 434 444
3 2207 434 2225
3 445 2226 2225
3 444 445 2225
3 2225 2208 2207
3 2208 2225 2226
3 2208 2226 2209
3 2209 2226 2227
3 2227 2228 2209
3 2228 2210 2209
3 2228 2229 2210
3 2229 2211 2210
3 2229 2230 2211
3 2230 2212 2211
3 2230 2231 2212
3 2231 2213 2212
3 2231 2232 2213
3 2232 2214 2213
3 2232 2233 2214
3 2233 2215 2214
3 2233 2234 2215
3 2234 2216 2215
3 2234 2235 2216
3 2235 2217 2216
3 2235 2236 2217
3 2236 2218 2217
3 2236 2237 2218
3 2237 2219 2218
3 2239 2237 2238
3 2239 2220 2237
3 2220 2219 2237
3 2238 2240 2239
3 2241 2220 2239
3 2222 2220 2241
3 2240 2242 2241
3 2239 2240 2241
3 2241 2223 2222
3 2223 2241 2242
3 2223 2242 2224
3 2224 2242 2243
3 2243 254 2224
3 254 238 2224
3 454 2244 445
3 2244 2226 445
3 2244 2245 2226
3 2245 2227 2226
3 2245 2246 2227
3 2246 2228 2227
3 2246 2247 2228
3 2247 2229 2228
3 2247 2248 2229
3 2248 2230 2229
3 2248 2249 2230
3 2249 2231 2230
3 2249 2250 2231
3 2250 2232 2231
3 2250 2251 2232
3 2251 2233 2232
3 2253 2251 2252
3 2253 2234 2251
3 2234 2233 2251
3 2252 2254 2253
3 2255 2234 2253
3 2235 2234 2255
3 2254 2256 2255
3 2253 2254 2255
3 2257 2235 2255
3 2236 2235 2257
3 2256 2258 2257
3 2255 2256 2257
3 2259 2236 2257
3 2237 2236 2259
3 2258 2260 2259
3 2257 2258 2259
3 2259 2238 2237
3 2238 2259 2260
3 2238 2260 2240
3 2240 2260 2261
3 2261 2262 2240
3 2262 2242 2240
3 2262 2263 2242
3 2263 2243 2242
3 2263 271 2243
3 271 254 2243
3 463 2264 454
3 2264 2244 454
3 2264 2265 2244
3 2265 2245 2244
3 2265 2266 2245
3 2266 2246 2245
3 2266 2267 2246
3 2267 2247 2246
3 2267 2268 2247
3 2268 2248 2247
3 2268 2269 2248
3 2269 2249 2248
3 2271 2269 2270
3 2271 2250 2269
3 2250 2249 2269
3 2270 2272 2271
3 2273 2250 2271
3 2251 2250 2273
3 2272 2274 2273
3 2271 2272 2273
3 2273 2252 2251
3 2252 2273 2274
3 2252 2274 2254
3 2254 2274 2275
3 2275 2276 2254
3 2276 2256 2254
3 2276 2277 2256
3 2277 2258 2256
3 2277 2278 2258
3 2278 2260 2258
3 2278 2279 2260
3 2279 2261 2260
3 2279 2280 2261
3 2280 2262 2261
3 2280 2281 2262
3 2281 2263 2262
3 2281 289 2263
3 289 271 2263
3 476 2282 463
3 2282 2264 463
3 2282 2283 2264
3 2283 2265 2264
3 2283 2284 2265
3 2284 2266 2265
3 2284 2285 2266
3 2285 2267 2266
3 2285 2286 2267
3 2286 2268 2267
3 2288 2286 2287
3 2288 2269 2286
3 2269 2268 2286
3 2287 2289 2288
3 2288 2270 2269
3 2270 2288 2289
3 2270 2289 2272
3 2272 2289 2290
3 2290 2291 2272
3 2291 2274 2272
3 2291 2292 2274
3 2292 2275 2274
3 2292 2293 2275
3 2293 2276 2275
3 2293 2294 2276
3 2294 2277 2276
3 2294 2295 2277
3 2295 2278 2277
3 2295 2296 2278
3 2296 2279 2278
3 2296 2297 2279
3 2297 2280 2279
3 2297 2298 2280
3 2298 2281 2280
3 2298 308 2281
3 308 289 2281
3 488 2299 476
3 2299 2282 476
3 2299 2300 2282
3 2300 2283 2282
3 2300 2301 2283
3 2301 2284 2283
3 2301 2302 2284
3 2302 2285 2284
3 2304 2302 2303
3 2304 2286 2302
3 2286 2285 2302
3 2303 2305 2304
3 2304 2287 2286
3 2287 2304 2305
3 2287 2305 2289
3 2289 2305 2306
3 2306 2307 2289
3 2307 2290 2289
3 2307 2308 2290
3 2308 2291 2290
3 2308 2309 2291
3 2309 2292 2291
3 2309 2310 2292
3 2310 2293 2292
3 2310 2311 2293
3 2311 2294 2293
3 2311 2312 2294
3 2312 2295 2294
3 2312 2313 2295
3 2313 2296 2295
3 2313 2314 2296
3 2314 2297 2296
3 2314 2315 2297
3 2315 2298 2297
3 321 2315 2316
3 321 308 2315
3 308 2298 2315
3 2316 323 321
3 502 528 488
3 528 2299 488
3 528 530 2299
3 530 2300 2299
3 530 533 2300
3 533 2301 2300
3 2317 533 535
3 2317 2302 533
3 2302 2301 533
3 535 537 2317
3 2317 2303 2302
3 2303 2317 537
3 2303 537 2305
3 2305 537 539
3 539 541 2305
3 541 2306 2305
3 541 543 2306
3 543 2307 2306
3 543 545 2307
3 545 2308 2307
3 545 547 2308
3 547 2309 2308
3 547 550 2309
3 550 2310 2309
3 550 553 2310
3 553 2311 2310
3 2318 553 555
3 2318 2312 553
3 2312 2311 553
3 555 557 2318
3 2319 2312 2318
3 2313 2312 2319
3 557 559 2319
3 2318 557 2319
3 2320 2313 2319
3 2314 2313 2320
3 559 561 2320
3 2319 559 2320
3 2321 2314 2320
3 2315 2314 2321
3 561 563 2321
3 2320 561 2321
3 2321 2316 2315
3 2316 2321 563
3 2316 563 323
3 323 563 330
3 2322 2323 2324
3 2324 2323 2325
3 2324 2325 2326
3 2326 2325 2327
3 2326 2327 2328
3 2328 2327 2329
3 2328 2329 32
3 31 2328 32
3 40 35 2322
3 2324 40 2322
3 45 40 2324
3 2326 45 2324
3 51 45 2326
3 2328 51 2326
3 51 2328 31
3 2330 2331 2333
3 2331 2334 2333
3 2332 2335 2334
3 2331 2332 2334
3 2338 2336 2333
3 2338 2333 2337
3 2337 2333 2334
3 2335 2339 2337
3 2334 2335 2337
3 2338 2337 2340
3 2337 2339 2340
3 2341 2342 2332
3 2342 2335 2332
3 2336 2338 2343
3 2342 2344 2335
3 2344 2339 2335
3 2340 2343 2338
3 2340 2346 2343
3 2346 2345 2343
3 2346 2340 2339
3 2346 2339 2347
3 2347 2339 2344
3 2345 2346 1919
3 2346 1921 1919
3 2347 2348 1923
3 2347 1923 2346
3 2346 1923 1921
3 2348 1925 1923
3 2352 2350 2351
3 2352 2342 2350
3 2342 2341 2350
3 2351 2353 2352
3 2354 2342 2352
3 2344 2342 2354
3 2353 2355 2354
3 2352 2353 2354
3 2356 2344 2354
3 2347 2344 2356
3 2355 2357 2356
3 2354 2355 2356
3 2348 1951 1949
3 2348 2347 1951
3 2358 1951 2356
3 2356 1951 2347
3 2358 2356 2357
3 1949 1925 2348
3 2359 2360 2349
3 2360 2350 2349
3 2351 2362 2361
3 2351 2350 2362
3 2350 2360 2362
3 2351 2361 2353
3 2362 2363 2361
3 2361 2363 2364
3 2361 2364 2353
3 2353 2364 2355
3 2364 2365 2355
3 2365 2357 2355
3 2358 1970 1951
3 1970 2358 2357
3 1970 2357 1972
3 1972 2357 2365
3 2366 2367 2359
3 2367 2360 2359
3 2367 2368 2360
3 2368 2362 2360
3 2363 2370 2369
3 2363 2362 2370
3 2362 2368 2370
3 2363 2369 2364
3 2370 2371 2369
3 2369 2371 2372
3 2369 2372 2364
3 2364 2372 2365
3 2372 1991 2365
3 1991 1972 2365
3 1 4 2375
3 4 6 2375
3 2374 2375 2376
3 2375 2377 2376
3 6 9 2377
3 2375 6 2377
3 2376 2377 2378
3 2377 2379 2378
3 9 12 2379
3 2377 9 2379
3 2380 2378 17
3 15 2380 17
3 2378 2379 19
3 17 2378 19
3 2379 12 19
3 607 2381 608
3 2381 524 522
3 608 2381 522
3 623 2382 624
3 2383 2385 2384
3 2385 2386 2384
3 2385 2387 2386
3 2387 2388 2386
3 2387 2389 2388
3 2389 2390 2388
3 2389 1342 2390
3 1342 1341 2390
3 2391 2392 2383
3 2392 2385 2383
3 2392 2393 2385
3 2393 2387 2385
3 2393 2394 2387
3 2394 2389 2387
3 2394 1377 2389
3 1377 1342 2389
3 2395 2396 2391
3 2396 2392 2391
3 2396 2397 2392
3 2397 2393 2392
3 2400 2399 2398
3 2398 2399 2394
3 2398 2394 2397
3 2397 2394 2393
3 2400 2401 2399
3 2399 2401 1406
3 2399 1406 2394
3 2394 1406 1377
3 2402 2403 2395
3 2403 2396 2395
3 2403 2404 2396
3 2404 2397 2396
3 2398 2405 2400
3 2405 2398 2397
3 2405 2397 2406
3 2406 2397 2404
3 2405 2401 2400
3 2401 2405 2406
3 2401 2406 1406
3 1406 2406 1439
3 2407 2408 2402
3 2408 2403 2402
3 2411 2410 2409
3 2409 2410 2404
3 2409 2404 2408
3 2408 2404 2403
3 2413 2410 2411
3 2412 2410 2413
3 2410 2412 2406
3 2404 2410 2406
3 1467 2412 2413
3 1466 2412 1467
3 2412 1466 1439
3 2406 2412 1439
3 2416 2415 2414
3 2414 2415 2407
3 2416 2417 2415
3 2415 2417 2418
3 2415 2418 2407
3 2407 2418 2408
3 2411 2419 2420
3 2409 2419 2411
3 2419 2409 2408
3 2418 2419 2408
3 2420 2421 2411
3 2421 2413 2411
3 2421 1497 2413
3 1497 1467 2413
3 2414 2422 2416
3 2417 2426 2425
3 2417 2416 2426
3 2424 2426 2422
3 2422 2426 2416
3 2424 2422 2423
3 2425 2418 2417
3 2425 2420 2419
3 2425 2426 2420
3 2426 2427 2420
3 2425 2419 2418
3 2427 2428 2420
3 2428 2421 2420
3 2428 1530 2421
3 1530 1497 2421
3 2429 2426 2424
3 2429 2430 2426
3 2430 2431 2426
3 2429 2424 2423
3 2431 2432 2426
3 2432 2427 2426
3 2432 2433 2427
3 2433 2428 2427
3 2433 1563 2428
3 1563 1530 2428
3 2434 2435 2430
3 2435 2431 2430
3 2435 2436 2431
3 2436 2432 2431
3 2436 2437 2432
3 2437 2433 2432
3 2437 1589 2433
3 1589 1563 2433
3 2438 2439 2434
3 2439 2435 2434
3 2439 2440 2435
3 2440 2436 2435
3 2440 2441 2436
3 2441 2437 2436
3 1613 1611 2442
3 2442 1611 1589
3 2442 1589 2441
3 2441 1589 2437
3 2444 2445 2438
3 2445 2439 2438
3 2445 2446 2439
3 2446 2440 2439
3 2446 2447 2440
3 2447 2441 2440
3 2442 1642 1613
3 1642 2442 2441
3 1642 2441 1646
3 1646 2441 2447
3 2448 2449 2445
3 2448 2445 2450
3 2450 2445 2444
3 2449 2451 2452
3 2449 2452 2445
3 2445 2452 2446
3 2452 2453 2446
3 2453 2447 2446
3 1669 1668 2454
3 2454 1668 1646
3 2454 1646 2453
3 2453 1646 2447
3 1669 2455 1690
3 2454 2455 1669
3 2466 2464 2465
3 2464 2467 2465
3 2466 2465 2469
3 2470 2469 2465
3 2474 2473 2456
3 2457 2474 2456
3 2458 2459 2473
3 2458 2473 2475
3 2475 2473 2474
3 2458 2475 2460
3 2474 2457 2461
3 2461 2462 2476
3 2461 2476 2474
3 2474 2476 2475
3 2475 2476 2463
3 2460 2475 2463
3 2464 2466 2477
3 2477 2479 2478
3 2464 2477 2478
3 2464 2478 2476
3 2464 2476 2462
3 2476 2478 2480
3 2476 2480 2463
3 2463 2480 2468
3 2477 2466 2469
3 2469 2479 2477
3 2469 2470 2479
3 2470 2481 2479
3 2480 2482 2468
3 2482 2471 2468
3 2472 2483 2484
3 2472 2484 2470
3 2470 2484 2481
3 2483 2472 2471
3 2483 2471 2485
3 2485 2471 2482
3 2487 2484 2483
3 2486 2487 2483
3 2485 2488 2489
3 2485 2489 2483
3 2483 2489 2486
3 2488 2490 2489
3 2487 2486 2491
3 2486 2489 2492
3 2491 2486 2492
3 2489 2490 2492
3 2493 2494 1991
3 2494 1992 1991
3 2494 2495 1992
3 2495 1994 1992
3 2495 2496 1994
3 2496 1995 1994
3 2496 2497 1995
3 2497 1996 1995
3 2497 2498 1996
3 2498 1997 1996
3 2498 2499 1997
3 2499 1998 1997
3 2499 2500 1998
3 2500 1999 1998
3 2500 2501 1999
3 2501 2000 1999
3 2501 2502 2000
3 2502 2001 2000
3 2502 2503 2001
3 2503 2003 2001
3 2503 2504 2003
3 2504 2005 2003
3 2504 2505 2005
3 2505 2008 2005
3 2505 2506 2008
3 2506 2011 2008
3 2508 2506 2507
3 2508 2014 2506
3 2014 2011 2506
3 2507 2509 2508
3 2510 2014 2508
3 2510 2511 2014
3 2511 2016 2014
3 2508 2509 2510
3 2511 2017 2016
3 2512 2017 2511
3 2017 2512 2513
3 1248 2017 2513
3 2514 2515 2493
3 2515 2494 2493
3 2515 2516 2494
3 2516 2495 2494
3 2516 2517 2495
3 2517 2496 2495
3 2517 2518 2496
3 2518 2497 2496
3 2518 2519 2497
3 2519 2498 2497
3 2519 2520 2498
3 2520 2499 2498
3 2520 2521 2499
3 2521 2500 2499
3 2521 2522 2500
3 2522 2501 2500
3 2522 2523 2501
3 2523 2502 2501
3 2523 2524 2502
3 2524 2503 2502
3 2526 2524 2525
3 2526 2504 2524
3 2504 2503 2524
3 2525 2527 2526
3 2528 2504 2526
3 2528 2529 2504
3 2529 2505 2504
3 2526 2527 2528
3 2529 2530 2505
3 2530 2506 2505
3 2507 2532 2531
3 2507 2506 2532
3 2506 2530 2532
3 2507 2531 2509
3 2534 2532 2533
3 2534 2511 2532
3 2531 2532 2510
3 2510 2532 2511
3 2531 2510 2509
3 2533 2535 2534
3 2512 2538 2537
3 2512 2511 2538
3 2536 2538 2534
3 2534 2538 2511
3 2536 2534 2535
3 2537 2513 2512
3 2539 2540 2514
3 2540 2515 2514
3 2540 2541 2515
3 2541 2516 2515
3 2541 2542 2516
3 2542 2517 2516
3 2542 2543 2517
3 2543 2518 2517
3 2543 2544 2518
3 2544 2519 2518
3 2544 2545 2519
3 2545 2520 2519
3 2545 2546 2520
3 2546 2521 2520
3 2546 2547 2521
3 2547 2522 2521
3 2547 2548 2522
3 2548 2523 2522
3 2548 2549 2523
3 2549 2524 2523
3 2525 2551 2550
3 2525 2524 2551
3 2524 2549 2551
3 2525 2550 2527
3 2553 2551 2552
3 2553 2529 2551
3 2550 2551 2528
3 2528 2551 2529
3 2550 2528 2527
3 2552 2554 2553
3 2555 2529 2553
3 2530 2529 2555
3 2554 2556 2555
3 2553 2554 2555
3 2557 2530 2555
3 2557 2558 2530
3 2558 2532 2530
3 2555 2556 2557
3 2533 2560 2559
3 2533 2532 2560
3 2532 2558 2560
3 2533 2559 2535
3 2562 2560 2561
3 2562 2538 2560
3 2559 2560 2536
3 2536 2560 2538
3 2559 2536 2535
3 2561 2563 2562
3 2564 2565 2539
3 2565 2540 2539
3 2565 2566 2540
3 2566 2541 2540
3 2566 2567 2541
3 2567 2542 2541
3 2567 2568 2542
3 2568 2543 2542
3 2568 2569 2543
3 2569 2544 2543
3 2569 2570 2544
3 2570 2545 2544
3 2570 2571 2545
3 2571 2546 2545
3 2571 2572 2546
3 2572 2547 2546
3 2572 2573 2547
3 2573 2548 2547
3 2575 2573 2574
3 2575 2549 2573
3 2549 2548 2573
3 2574 2576 2575
3 2577 2549 2575
3 2551 2549 2577
3 2576 2578 2577
3 2575 2576 2577
3 2552 2581 2580
3 2552 2551 2581
3 2579 2581 2577
3 2577 2581 2551
3 2579 2577 2578
3 2580 2554 2552
3 2581 2582 2580
3 2580 2582 2583
3 2580 2583 2554
3 2554 2583 2556
3 2557 2584 2558
3 2584 2557 2556
3 2584 2556 2585
3 2585 2556 2583
3 2586 2558 2584
3 2560 2558 2586
3 2585 2587 2586
3 2584 2585 2586
3 2561 2590 2589
3 2561 2560 2590
3 2588 2590 2586
3 2586 2590 2560
3 2588 2586 2587
3 2589 2563 2561
3 2591 2592 2564
3 2592 2565 2564
3 2592 2593 2565
3 2593 2566 2565
3 2593 2594 2566
3 2594 2567 2566
3 2594 2595 2567
3 2595 2568 2567
3 2595 2596 2568
3 2596 2569 2568
3 2596 2597 2569
3 2597 2570 2569
3 2599 2597 2598
3 2599 2571 2597
3 2571 2570 2597
3 2598 2600 2599
3 2601 2571 2599
3 2601 2602 2571
3 2602 2572 2571
3 2599 2600 2601
3 2602 2603 2572
3 2603 2573 2572
3 2574 2605 2604
3 2574 2573 2605
3 2573 2603 2605
3 2574 2604 2576
3 2605 2606 2604
3 2604 2606 2607
3 2604 2607 2576
3 2576 2607 2578
3 2579 2608 2581
3 2608 2579 2578
3 2608 2578 2609
3 2609 2578 2607
3 2582 2612 2611
3 2582 2581 2612
3 2610 2612 2608
3 2608 2612 2581
3 2610 2608 2609
3 2611 2583 2582
3 2612 2613 2611
3 2611 2613 2614
3 2611 2614 2583
3 2583 2614 2585
3 2614 2615 2585
3 2615 2587 2585
3 2588 2616 2590
3 2616 2588 2587
3 2616 2587 2617
3 2617 2587 2615
3 2618 2619 2591
3 2619 2592 2591
3 2619 2620 2592
3 2620 2593 2592
3 2620 2621 2593
3 2621 2594 2593
3 2621 2622 2594
3 2622 2595 2594
3 2622 2623 2595
3 2623 2596 2595
3 2623 2624 2596
3 2624 2597 2596
3 2598 2626 2625
3 2598 2597 2626
3 2597 2624 2626
3 2598 2625 2600
3 2628 2626 2627
3 2628 2602 2626
3 2625 2626 2601
3 2601 2626 2602
3 2625 2601 2600
3 2627 2629 2628
3 2630 2602 2628
3 2603 2602 2630
3 2629 2631 2630
3 2628 2629 2630
3 2632 2603 2630
3 2632 2633 2603
3 2633 2605 2603
3 2630 2631 2632
3 2606 2635 2634
3 2606 2605 2635
3 2605 2633 2635
3 2606 2634 2607
3 2635 2636 2634
3 2634 2636 2637
3 2634 2637 2607
3 2607 2637 2609
3 2610 2638 2612
3 2638 2610 2609
3 2638 2609 2639
3 2639 2609 2637
3 2638 2613 2612
3 2613 2638 2639
3 2613 2639 2614
3 2614 2639 2640
3 2640 2641 2614
3 2641 2615 2614
3 2641 2642 2615
3 2642 2617 2615
3 2643 2644 2618
3 2644 2619 2618
3 2644 2645 2619
3 2645 2620 2619
3 2645 2646 2620
3 2646 2621 2620
3 2646 2647 2621
3 2647 2622 2621
3 2647 2648 2622
3 2648 2623 2622
3 2648 2649 2623
3 2649 2624 2623
3 2649 2650 2624
3 2650 2626 2624
3 2627 2652 2651
3 2627 2626 2652
3 2626 2650 2652
3 2627 2651 2629
3 2652 2653 2651
3 2651 2653 2654
3 2651 2654 2629
3 2629 2654 2631
3 2632 2655 2633
3 2655 2632 2631
3 2655 2631 2656
3 2656 2631 2654
3 2657 2633 2655
3 2635 2633 2657
3 2656 2658 2657
3 2655 2656 2657
3 2636 2661 2660
3 2636 2635 2661
3 2659 2661 2657
3 2657 2661 2635
3 2659 2657 2658
3 2660 2637 2636
3 2661 2662 2660
3 2660 2662 2663
3 2660 2663 2637
3 2637 2663 2639
3 2663 2664 2639
3 2664 2640 2639
3 2664 2665 2640
3 2665 2641 2640
3 2665 2666 2641
3 2666 2642 2641
3 2667 2668 2643
3 2668 2644 2643
3 2668 2669 2644
3 2669 2645 2644
3 2669 2670 2645
3 2670 2646 2645
3 2670 2671 2646
3 2671 2647 2646
3 2671 2672 2647
3 2672 2648 2647
3 2674 2672 2673
3 2674 2649 2672
3 2649 2648 2672
3 2673 2675 2674
3 2676 2649 2674
3 2650 2649 2676
3 2675 2677 2676
3 2674 2675 2676
3 2678 2650 2676
3 2652 2650 2678
3 2677 2679 2678
3 2676 2677 2678
3 2653 2682 2681
3 2653 2652 2682
3 2680 2682 2678
3 2678 2682 2652
3 2680 2678 2679
3 2681 2654 2653
3 2682 2683 2681
3 2681 2683 2684
3 2681 2684 2654
3 2654 2684 2656
3 2684 2685 2656
3 2685 2658 2656
3 2659 2686 2661
3 2686 2659 2658
3 2686 2658 2687
3 2687 2658 2685
3 2686 2662 2661
3 2662 2686 2687
3 2662 2687 2663
3 2663 2687 2688
3 2688 2689 2663
3 2689 2664 2663
3 2689 2690 2664
3 2690 2665 2664
3 2690 2691 2665
3 2691 2666 2665
3 2692 2693 2667
3 2693 2668 2667
3 2693 2694 2668
3 2694 2669 2668
3 2694 2695 2669
3 2695 2670 2669
3 2695 2696 2670
3 2696 2671 2670
3 2696 2697 2671
3 2697 2672 2671
3 2673 2699 2698
3 2673 2672 2699
3 2672 2697 2699
3 2673 2698 2675
3 2699 2700 2698
3 2698 2700 2701
3 2698 2701 2675
3 2675 2701 2677
3 2701 2702 2677
3 2702 2679 2677
3 2680 2703 2682
3 2703 2680 2679
3 2703 2679 2704
3 2704 2679 2702
3 2703 2683 2682
3 2683 2703 2704
3 2683 2704 2684
3 2684 2704 2705
3 2705 2706 2684
3 2706 2685 2684
3 2706 2707 2685
3 2707 2687 2685
3 2707 2708 2687
3 2708 2688 2687
3 2708 2709 2688
3 2709 2689 2688
3 2709 2710 2689
3 2710 2690 2689
3 2710 2711 2690
3 2711 2691 2690
3 2712 2713 2692
3 2713 2693 2692
3 2713 2714 2693
3 2714 2694 2693
3 2714 2715 2694
3 2715 2695 2694
3 2715 2716 2695
3 2716 2696 2695
3 2716 2717 2696
3 2717 2697 2696
3 2717 2718 2697
3 2718 2699 2697
3 2700 2720 2719
3 2700 2699 2720
3 2699 2718 2720
3 2700 2719 2701
3 2720 2721 2719
3 2719 2721 2722
3 2719 2722 2701
3 2701 2722 2702
3 2722 2723 2702
3 2723 2704 2702
3 2723 2724 2704
3 2724 2705 2704
3 2724 2725 2705
3 2725 2706 2705
3 2725 2726 2706
3 2726 2707 2706
3 2726 2727 2707
3 2727 2708 2707
3 2727 2728 2708
3 2728 2709 2708
3 2728 2729 2709
3 2729 2710 2709
3 2729 2730 2710
3 2730 2711 2710
3 2731 2732 2712
3 2732 2713 2712
3 2732 2733 2713
3 2733 2714 2713
3 2735 2733 2734
3 2735 2715 2733
3 2715 2714 2733
3 2734 2736 2735
3 2737 2715 2735
3 2716 2715 2737
3 2736 2738 2737
3 2735 2736 2737
3 2739 2716 2737
3 2717 2716 2739
3 2738 2740 2739
3 2737 2738 2739
3 2741 2717 2739
3 2718 2717 2741
3 2740 2742 2741
3 2739 2740 2741
3 2743 2718 2741
3 2720 2718 2743
3 2742 2744 2743
3 2741 2742 2743
3 2743 2721 2720
3 2721 2743 2744
3 2721 2744 2722
3 2722 2744 2745
3 2745 2746 2722
3 2746 2723 2722
3 2746 2747 2723
3 2747 2724 2723
3 2747 2748 2724
3 2748 2725 2724
3 2748 2749 2725
3 2749 2726 2725
3 2749 2750 2726
3 2750 2727 2726
3 2750 2751 2727
3 2751 2728 2727
3 2751 2752 2728
3 2752 2729 2728
3 2752 2753 2729
3 2753 2730 2729
3 2754 2755 2731
3 2755 2732 2731
3 2755 2756 2732
3 2756 2733 2732
3 2734 2758 2757
3 2734 2733 2758
3 2733 2756 2758
3 2734 2757 2736
3 2758 2759 2757
3 2757 2759 2760
3 2757 2760 2736
3 2736 2760 2738
3 2760 2761 2738
3 2761 2740 2738
3 2761 2762 2740
3 2762 2742 2740
3 2762 2763 2742
3 2763 2744 2742
3 2763 2764 2744
3 2764 2745 2744
3 2764 2765 2745
3 2765 2746 2745
3 2765 2766 2746
3 2766 2747 2746
3 2766 2767 2747
3 2767 2748 2747
3 2767 2768 2748
3 2768 2749 2748
3 2768 2769 2749
3 2769 2750 2749
3 2769 2770 2750
3 2770 2751 2750
3 2770 2771 2751
3 2771 2752 2751
3 2771 2772 2752
3 2772 2753 2752
3 2773 2774 2754
3 2774 2755 2754
3 2774 2775 2755
3 2775 2756 2755
3 2775 2776 2756
3 2776 2758 2756
3 2759 2778 2777
3 2759 2758 2778
3 2758 2776 2778
3 2759 2777 2760
3 2778 2779 2777
3 2777 2779 2780
3 2777 2780 2760
3 2760 2780 2761
3 2780 2781 2761
3 2781 2762 2761
3 2781 2782 2762
3 2782 2763 2762
3 2782 2783 2763
3 2783 2764 2763
3 2783 2784 2764
3 2784 2765 2764
3 2784 2785 2765
3 2785 2766 2765
3 2785 2786 2766
3 2786 2767 2766
3 2786 2787 2767
3 2787 2768 2767
3 2787 2788 2768
3 2788 2769 2768
3 2788 2789 2769
3 2789 2770 2769
3 2789 2790 2770
3 2790 2771 2770
3 2790 2791 2771
3 2791 2772 2771
3 2793 2773 2792
3 2774 2773 2793
3 2794 2795 2793
3 2792 2794 2793
3 2796 2774 2793
3 2775 2774 2796
3 2795 2797 2796
3 2793 2795 2796
3 2798 2775 2796
3 2776 2775 2798
3 2797 2799 2798
3 2796 2797 2798
3 2800 2776 2798
3 2778 2776 2800
3 2799 2801 2800
3 2798 2799 2800
3 2800 2779 2778
3 2779 2800 2801
3 2779 2801 2780
3 2780 2801 2802
3 2802 2803 2780
3 2803 2781 2780
3 2803 2804 2781
3 2804 2782 2781
3 2804 2805 2782
3 2805 2783 2782
3 2805 2806 2783
3 2806 2784 2783
3 2806 2807 2784
3 2807 2785 2784
3 2807 2808 2785
3 2808 2786 2785
3 2808 2809 2786
3 2809 2787 2786
3 2809 2810 2787
3 2810 2788 2787
3 2810 2811 2788
3 2811 2789 2788
3 2811 2812 2789
3 2812 2790 2789
3 2812 2813 2790
3 2813 2791 2790
3 2814 2815 2794
3 2815 2795 2794
3 2815 2816 2795
3 2816 2797 2795
3 2816 2817 2797
3 2817 2799 2797
3 2817 2818 2799
3 2818 2801 2799
3 2818 2819 2801
3 2819 2802 2801
3 2819 2820 2802
3 2820 2803 2802
3 2820 2821 2803
3 2821 2804 2803
3 2821 2822 2804
3 2822 2805 2804
3 2822 2823 2805
3 2823 2806 2805
3 2823 2824 2806
3 2824 2807 2806
3 2824 2825 2807
3 2825 2808 2807
3 2825 2826 2808
3 2826 2809 2808
3 2826 2827 2809
3 2827 2810 2809
3 2827 2828 2810
3 2828 2811 2810
3 2828 2829 2811
3 2829 2812 2811
3 2831 2829 2830
3 2831 2813 2829
3 2813 2812 2829
3 2830 2832 2831
3 354 2019 2814
3 2019 2815 2814
3 2019 2021 2815
3 2021 2816 2815
3 2021 2023 2816
3 2023 2817 2816
3 2023 2025 2817
3 2025 2818 2817
3 2025 2027 2818
3 2027 2819 2818
3 2027 2029 2819
3 2029 2820 2819
3 2029 2031 2820
3 2031 2821 2820
3 2031 2033 2821
3 2033 2822 2821
3 2033 2035 2822
3 2035 2823 2822
3 2035 2037 2823
3 2037 2824 2823
3 2037 2039 2824
3 2039 2825 2824
3 2039 2041 2825
3 2041 2826 2825
3 2041 2044 2826
3 2044 2827 2826
3 2044 2047 2827
3 2047 2828 2827
3 2047 2051 2828
3 2051 2829 2828
3 2830 74 2833
3 2830 2829 74
3 2829 2051 74
3 2830 2833 2832
3 2839 2841 2840
3 2838 2839 2840
3 2840 2841 2842
3 649 648 2848
3 2848 651 2849
3 648 651 2848
3 2849 653 2850
3 651 653 2849
3 2850 655 2851
3 653 655 2850
3 2851 657 2852
3 655 657 2851
3 2852 657 658
3 665 666 2834
3 666 2835 2834
3 2836 676 2853
3 2836 2835 676
3 2835 666 676
3 2836 2853 2837
3 689 2853 676
3 2854 2853 689
3 2853 2854 2839
3 2837 2853 2839
3 692 2854 689
3 2855 2854 692
3 2854 2855 2841
3 2839 2854 2841
3 2856 692 694
3 2856 2843 692
3 2855 692 2842
3 2842 692 2843
3 2855 2842 2841
3 694 696 2856
3 2844 2857 2845
3 2843 2857 2844
3 2843 2856 2857
3 2856 2858 2857
3 696 699 2858
3 2856 696 2858
3 2857 2846 2845
3 2846 2859 2847
3 2846 2857 2859
3 2857 2858 2859
3 699 701 2859
3 2858 699 2859
3 2860 703 704
3 2859 701 703
3 564 2861 330
3 2861 331 330
3 2861 2862 331
3 2862 332 331
3 504 2862 503
3 504 333 2862
3 333 332 2862
3 506 333 504
3 334 333 506
3 508 334 506
3 335 334 508
3 510 335 508
3 336 335 510
3 512 336 510
3 337 336 512
3 512 68 337
3 584 2863 564
3 2863 2861 564
3 2863 2864 2861
3 2864 2862 2861
3 503 2865 517
3 503 2862 2865
3 2862 2864 2865
3 2865 518 517
3 523 584 522
3 2863 584 523
3 2866 2863 523
3 2864 2863 2866
3 2867 2868 2869
3 2867 2870 2868
3 2869 2868 2871
3 2868 2870 2871
3 2887 2876 2877
3 2886 2876 2887
3 2887 2891 2886
3 2892 2886 2891
3 2889 2893 2888
3 2893 2894 2888
3 2867 2869 2898
3 2867 2898 2870
3 2898 2869 2871
3 2871 2870 2898
3 2873 2899 2872
3 2872 2899 2874
3 2900 2899 2873
3 2875 2900 2873
3 2899 2900 2877
3 2874 2899 2877
3 2879 2878 2901
3 2902 2879 2901
3 2880 2879 2902
3 2903 2880 2902
3 2881 2880 2903
3 2904 2881 2903
3 2882 2881 2904
3 2905 2882 2904
3 2883 2882 2905
3 2906 2883 2905
3 2883 2906 2884
3 2907 2900 2875
3 2885 2907 2875
3 2900 2907 2887
3 2877 2900 2887
3 2901 2909 2902
3 2908 2909 2901
3 2902 2910 2903
3 2909 2910 2902
3 2903 2911 2904
3 2910 2911 2903
3 2904 2912 2905
3 2911 2912 2904
3 2905 2913 2906
3 2912 2913 2905
3 2906 2913 2914
3 2906 2914 2884
3 2884 2914 2889
3 2915 2907 2885
3 2915 2885 2916
3 2916 2885 2890
3 2918 2917 2891
3 2915 2918 2891
3 2915 2891 2887
3 2915 2887 2907
3 2891 2917 2892
3 2893 2920 2919
3 2893 2889 2920
3 2889 2914 2920
3 2894 2893 2919
3 2921 2894 2919
3 2895 2894 2921
3 2922 2895 2921
3 2922 2890 2895
3 2922 2923 2890
3 2923 2916 2890
3 2918 2924 2917
3 2926 2925 2896
3 2924 2926 2896
3 2924 2896 2892
3 2924 2892 2917
3 2896 2925 2897
3 2920 2928 2919
3 2922 2931 2923
3 2933 2926 2932
3 2932 2934 2933
3 2933 2934 2942
3 2945 2936 2944
3 2941 2950 2949
3 2949 2950 2951
3 2953 2955 2944
3 2954 2955 2953
3 2944 2956 2945
3 2955 2956 2944
3 2945 2957 2947
3 2956 2957 2945
3 2947 2958 2948
3 2957 2958 2947
3 2948 2959 2950
3 2958 2959 2948
3 2950 2959 2951
3 2961 2962 2960
3 2960 2962 2963
3 1730 1729 2964
3 1729 1731 2964
3 1730 2964 1732
3 2964 1731 1732
3 2909 2908 2965
3 2966 2909 2965
3 2910 2909 2966
3 2967 2910 2966
3 2911 2910 2967
3 2968 2911 2967
3 2912 2911 2968
3 2969 2912 2968
3 2913 2912 2969
3 2970 2913 2969
3 2913 2970 2914
3 2915 2916 2971
3 2915 2971 2918
3 2965 1734 2966
3 1373 1734 2965
3 2966 1736 2967
3 1734 1736 2966
3 2967 1738 2968
3 1736 1738 2967
3 2968 1740 2969
3 1738 1740 2968
3 2969 1742 2970
3 1740 1742 2969
3 2970 1742 1743
3 2970 1743 2914
3 2914 1743 2920
3 1745 2971 2916
3 1745 2916 1746
3 1746 2916 2923
3 1747 2972 2924
3 1745 1747 2924
3 1745 2924 2918
3 1745 2918 2971
3 2924 2972 2926
3 2928 1754 2973
3 2928 2920 1754
3 2920 1743 1754
3 2929 2928 2973
3 2974 2929 2973
3 2931 2929 2974
3 2975 2931 2974
3 2975 2923 2931
3 2975 1757 2923
3 1757 1746 2923
3 1747 1759 2972
3 1761 2976 2932
3 1759 1761 2932
3 1759 2932 2926
3 1759 2926 2972
3 2932 2976 2934
3 2937 1754 2935
3 2937 2973 1754
3 2935 1754 2977
3 1763 2978 1754
3 2977 1754 2978
3 2973 2938 2974
3 2973 2937 2938
3 2974 2938 1766
3 2978 1763 2938
3 1766 2938 1763
3 1768 2940 1766
3 1768 2979 2940
3 1766 2940 2974
3 2939 2975 2940
3 2974 2940 2975
3 2939 1757 2975
3 2939 2941 1757
3 1768 1757 2979
3 2979 1757 2941
3 2980 1761 1772
3 2980 2943 1761
3 2976 1761 2942
3 2942 1761 2943
3 2976 2942 2934
3 1772 1774 2980
3 2977 2978 1778
3 1776 2977 1778
3 2978 2938 2946
3 2978 2946 1778
3 1778 2946 1782
3 2940 2979 1786
3 2940 1786 2946
3 2946 1786 1782
3 1787 2949 2981
3 1786 2949 1787
3 1786 2941 2949
3 1786 2979 2941
3 2949 2951 2981
3 1790 2943 2980
3 1790 1791 2943
3 1791 2952 2943
3 2980 1774 1790
3 2984 2985 2955
3 2984 2955 2954
3 2982 1777 2983
3 2956 2955 2985
3 2986 2956 2985
3 2957 2956 2986
3 2987 2957 2986
3 2958 2957 2987
3 2988 2958 2987
3 2959 2958 2988
3 2959 2988 2989
3 1797 1787 2981
3 2989 2951 2959
3 2989 1802 2951
3 2981 2951 1797
3 1797 2951 1802
3 1791 1804 2952
3 1804 2961 2952
3 2984 2990 2985
3 2985 2990 2991
3 2985 2991 2986
3 2986 2991 2992
3 2986 2992 2987
3 2987 2992 2993
3 2987 2993 2988
3 2988 2993 2994
3 1807 2994 1808
3 1807 2989 2994
3 2989 2988 2994
3 2989 1807 1802
3 2962 1810 2995
3 2962 2961 1810
3 2961 1804 1810
3 2962 2995 2963
3 649 2990 1811
3 649 2848 2990
3 2848 2991 2990
3 2991 2848 2992
3 2992 2848 2849
3 2992 2849 2993
3 2993 2849 2850
3 2993 2850 2994
3 2994 2850 2851
3 1808 2852 1812
3 1808 2994 2852
3 2994 2851 2852
3 1812 2852 658
3 1810 1814 2995
3 2995 1814 665
3 2995 665 2963
3 2963 665 2834
3 1560 2996 1559
3 1559 2997 1561
3 2996 2997 1559
3 1561 2998 1562
3 2997 2998 1561
3 1562 1011 1010
3 2998 1011 1562
3 1586 2999 1585
3 1585 3000 1587
3 2999 3000 1585
3 1587 3001 1588
3 3000 3001 1587
3 3003 3002 2996
3 3001 3003 2996
3 3001 2996 1560
3 3001 1560 1588
3 2997 2996 3002
3 3004 2997 3002
3 2998 2997 3004
3 3005 2998 3004
3 1011 2998 3005
3 1044 1011 3005
3 3003 3006 3002
3 3002 3007 3004
3 3006 3007 3002
3 3004 3008 3005
3 3007 3008 3004
3 3005 1051 1044
3 3008 1051 3005
3 1610 2999 1586
3 3009 2999 1610
3 3011 3010 3000
3 3011 3000 3009
3 3009 3000 2999
3 3001 3000 3010
3 3012 3001 3010
3 3001 3012 3003
3 3011 3013 3010
3 3010 3014 3012
3 3013 3014 3010
3 3012 3006 3003
3 3012 3014 3006
3 3014 3015 3006
3 3017 3016 3007
3 3017 3007 3015
3 3015 3007 3006
3 3008 3007 3016
3 3018 3008 3016
3 1051 3008 3018
3 1076 1051 3018
3 3017 3019 3016
3 3016 3020 3018
3 3019 3020 3016
3 3018 1083 1076
3 3020 1083 3018
3 3022 1640 1641
3 3021 1640 3022
3 3009 1610 1640
3 3009 1640 3023
3 3023 1640 3021
3 3009 3023 3011
3 3022 3024 3021
3 3026 3021 3024
3 3026 3025 3021
3 3025 3023 3021
3 3013 3011 3023
3 3013 3023 3027
3 3027 3023 3025
3 3014 3013 3027
3 3028 3014 3027
3 3015 3014 3028
3 3029 3015 3028
3 3015 3029 3017
3 3026 3030 3025
3 3025 3031 3027
3 3030 3031 3025
3 3027 3032 3028
3 3031 3032 3027
3 3034 3028 3032
3 3034 3033 3028
3 3033 3029 3028
3 3019 3017 3029
3 3019 3029 3035
3 3035 3029 3033
3 3020 3019 3035
3 3036 3020 3035
3 1083 3020 3036
3 1106 1083 3036
3 3034 3037 3033
3 3033 3038 3035
3 3037 3038 3033
3 3035 3039 3036
3 3038 3039 3035
3 3036 1112 1106
3 3039 1112 3036
3 1667 3040 1641
3 3040 3022 1641
3 3024 3042 3041
3 3024 3022 3042
3 3022 3040 3042
3 3024 3041 3026
3 3042 3043 3041
3 3045 3044 3030
3 3043 3045 3030
3 3043 3030 3026
3 3043 3026 3041
3 3031 3030 3044
3 3046 3031 3044
3 3032 3031 3046
3 3047 3032 3046
3 3032 3047 3034
3 3045 3048 3044
3 3044 3049 3046
3 3048 3049 3044
3 3051 3046 3049
3 3051 3050 3046
3 3050 3047 3046
3 3037 3034 3047
3 3037 3047 3052
3 3052 3047 3050
3 3038 3037 3052
3 3053 3038 3052
3 3039 3038 3053
3 3054 3039 3053
3 1112 3039 3054
3 1133 1112 3054
3 3051 3055 3050
3 3050 3056 3052
3 3055 3056 3050
3 3052 3057 3053
3 3056 3057 3052
3 3053 3058 3054
3 3057 3058 3053
3 3054 1138 1133
3 3058 1138 3054
3 1689 3059 1667
3 3059 3040 1667
3 3059 3060 3040
3 3060 3042 3040
3 3043 3062 3061
3 3043 3042 3062
3 3042 3060 3062
3 3043 3061 3045
3 3062 3063 3061
3 3065 3064 3048
3 3063 3065 3048
3 3063 3048 3045
3 3063 3045 3061
3 3049 3048 3064
3 3066 3049 3064
3 3049 3066 3051
3 3065 3067 3064
3 3064 3068 3066
3 3067 3068 3064
3 3070 3069 3055
3 3068 3070 3055
3 3068 3055 3051
3 3068 3051 3066
3 3056 3055 3069
3 3071 3056 3069
3 3057 3056 3071
3 3072 3057 3071
3 3058 3057 3072
3 3073 3058 3072
3 1138 3058 3073
3 1151 1138 3073
3 3070 3074 3069
3 3069 3075 3071
3 3074 3075 3069
3 3071 3076 3072
3 3075 3076 3071
3 3072 3077 3073
3 3076 3077 3072
3 3073 1160 1151
3 3077 1160 3073
3 3079 1709 1710
3 3078 1709 3079
3 1709 3078 3059
3 1689 1709 3059
3 3081 3078 3079
3 3080 3078 3081
3 3078 3080 3060
3 3059 3078 3060
3 3083 3080 3081
3 3082 3080 3083
3 3080 3082 3062
3 3060 3080 3062
3 3085 3082 3083
3 3084 3082 3085
3 3063 3062 3082
3 3063 3082 3086
3 3086 3082 3084
3 3063 3086 3065
3 3085 3087 3084
3 3084 3088 3086
3 3087 3088 3084
3 3090 3089 3067
3 3088 3090 3067
3 3088 3067 3065
3 3088 3065 3086
3 3068 3067 3089
3 3091 3068 3089
3 3068 3091 3070
3 3090 3092 3089
3 3089 3093 3091
3 3092 3093 3089
3 3091 3074 3070
3 3091 3093 3074
3 3093 3094 3074
3 3094 3095 3074
3 3074 3095 3075
3 3097 3096 3076
3 3097 3076 3095
3 3095 3076 3075
3 3077 3076 3096
3 3098 3077 3096
3 1160 3077 3098
3 1181 1160 3098
3 3097 3099 3096
3 3096 3100 3098
3 3099 3100 3096
3 3098 1190 1181
3 3100 1190 3098
3 3101 1710 1722
3 3079 1710 3101
3 1723 3102 3101
3 1722 1723 3101
3 3103 3079 3101
3 3103 3104 3079
3 3104 3081 3079
3 3101 3102 3103
3 3106 3104 3105
3 3106 3083 3104
3 3083 3081 3104
3 3105 3107 3106
3 3108 3083 3106
3 3108 3109 3083
3 3109 3085 3083
3 3106 3107 3108
3 3109 3087 3085
3 3110 3087 3109
3 3112 3111 3088
3 3112 3088 3110
3 3110 3088 3087
3 3088 3111 3090
3 3112 3113 3111
3 3115 3114 3092
3 3113 3115 3092
3 3113 3092 3090
3 3113 3090 3111
3 3093 3092 3114
3 3116 3093 3114
3 3094 3093 3116
3 3117 3094 3116
3 3095 3094 3117
3 3118 3095 3117
3 3095 3118 3097
3 3115 3119 3114
3 3114 3120 3116
3 3119 3120 3114
3 3116 3121 3117
3 3120 3121 3116
3 3117 3122 3118
3 3121 3122 3117
3 3118 3099 3097
3 3118 3122 3099
3 3122 3123 3099
3 3123 3124 3099
3 3099 3124 3100
3 3124 1220 3100
3 3100 1220 1190
3 3126 1725 1727
3 3125 1725 3126
3 1725 3125 3102
3 1723 1725 3102
3 3125 3104 3103
3 3125 3126 3104
3 3126 3127 3104
3 3125 3103 3102
3 3105 3129 3128
3 3105 3104 3129
3 3104 3127 3129
3 3105 3128 3107
3 3128 3109 3108
3 3128 3129 3109
3 3129 3130 3109
3 3128 3108 3107
3 3110 3132 3131
3 3110 3109 3132
3 3109 3130 3132
3 3110 3131 3112
3 3132 3133 3131
3 3135 3134 3113
3 3133 3135 3113
3 3133 3113 3112
3 3133 3112 3131
3 3113 3134 3115
3 3135 3136 3134
3 3134 3119 3115
3 3134 3136 3119
3 3136 3137 3119
3 3139 3138 3120
3 3139 3120 3137
3 3137 3120 3119
3 3121 3120 3138
3 3140 3121 3138
3 3122 3121 3140
3 3141 3122 3140
3 3123 3122 3141
3 3142 3123 3141
3 3124 3123 3142
3 3143 3124 3142
3 1220 3124 3143
3 1234 1220 3143
3 3139 3144 3138
3 3138 3145 3140
3 3144 3145 3138
3 3140 3146 3141
3 3145 3146 3140
3 3141 3147 3142
3 3146 3147 3141
3 3142 3148 3143
3 3147 3148 3142
3 3143 1240 1234
3 3148 1240 3143
3 3151 2366 3149
3 2367 2366 3151
3 3150 3152 3151
3 3149 3150 3151
3 3153 2367 3151
3 2368 2367 3153
3 3152 3154 3153
3 3151 3152 3153
3 3155 2368 3153
3 3155 3156 2368
3 3156 2370 2368
3 3153 3154 3155
3 2371 3158 3157
3 2371 2370 3158
3 2370 3156 3158
3 2371 3157 2372
3 3158 3159 3157
3 3157 3159 2493
3 3157 2493 2372
3 2372 2493 1991
3 3160 3161 3150
3 3161 3152 3150
3 3161 3162 3152
3 3162 3154 3152
3 3155 3163 3156
3 3163 3155 3154
3 3163 3154 3164
3 3164 3154 3162
3 3165 3156 3163
3 3158 3156 3165
3 3164 3166 3165
3 3163 3164 3165
3 3165 3159 3158
3 3159 3165 3166
3 3159 3166 2493
3 2493 3166 2514
3 3168 3169 3167
3 3167 3169 3170
3 3167 3170 3160
3 3160 3170 3161
3 3170 3171 3161
3 3171 3162 3161
3 3171 3172 3162
3 3172 3164 3162
3 3172 3173 3164
3 3173 3166 3164
3 3173 2539 3166
3 2539 2514 3166
3 3169 3176 3175
3 3169 3168 3176
3 3168 3174 3176
3 3169 3175 3170
3 3176 3177 3175
3 3175 3177 3178
3 3175 3178 3170
3 3170 3178 3171
3 3178 3179 3171
3 3179 3172 3171
3 3179 3180 3172
3 3180 3173 3172
3 3180 2564 3173
3 2564 2539 3173
3 3183 3174 3181
3 3176 3174 3183
3 3182 3184 3183
3 3181 3182 3183
3 3183 3177 3176
3 3177 3183 3184
3 3177 3184 3178
3 3178 3184 3185
3 3185 3186 3178
3 3186 3179 3178
3 3186 3187 3179
3 3187 3180 3179
3 3187 2591 3180
3 2591 2564 3180
3 3188 3189 3182
3 3189 3184 3182
3 3189 3190 3184
3 3190 3185 3184
3 3190 3191 3185
3 3191 3186 3185
3 3191 3192 3186
3 3192 3187 3186
3 3192 2618 3187
3 2618 2591 3187
3 3193 3194 3188
3 3194 3189 3188
3 3194 3195 3189
3 3195 3190 3189
3 3195 3196 3190
3 3196 3191 3190
3 3196 3197 3191
3 3197 3192 3191
3 3197 2643 3192
3 2643 2618 3192
3 3198 3199 3193
3 3199 3194 3193
3 3199 3200 3194
3 3200 3195 3194
3 3200 3201 3195
3 3201 3196 3195
3 3201 3202 3196
3 3202 3197 3196
3 3202 2667 3197
3 2667 2643 3197
3 3203 3204 3198
3 3204 3199 3198
3 3204 3205 3199
3 3205 3200 3199
3 3205 3206 3200
3 3206 3201 3200
3 3206 3207 3201
3 3207 3202 3201
3 3207 2692 3202
3 2692 2667 3202
3 3208 3209 3203
3 3209 3204 3203
3 3209 3210 3204
3 3210 3205 3204
3 3210 3211 3205
3 3211 3206 3205
3 3211 3212 3206
3 3212 3207 3206
3 3212 2712 3207
3 2712 2692 3207
3 3214 3215 3208
3 3215 3209 3208
3 3215 3216 3209
3 3216 3210 3209
3 3216 3217 3210
3 3217 3211 3210
3 3217 3218 3211
3 3218 3212 3211
3 3218 2731 3212
3 2731 2712 3212
3 3219 3220 3213
3 3220 3214 3213
3 3220 3221 3214
3 3221 3215 3214
3 3221 3222 3215
3 3222 3216 3215
3 3222 3223 3216
3 3223 3217 3216
3 3223 3224 3217
3 3224 3218 3217
3 3224 2754 3218
3 2754 2731 3218
3 3225 3226 3219
3 3226 3220 3219
3 3226 3227 3220
3 3227 3221 3220
3 3227 3228 3221
3 3228 3222 3221
3 3228 3229 3222
3 3229 3223 3222
3 3229 3230 3223
3 3230 3224 3223
3 3230 2773 3224
3 2773 2754 3224
3 3231 3232 3225
3 3232 3226 3225
3 3232 3233 3226
3 3233 3227 3226
3 3233 3234 3227
3 3234 3228 3227
3 3234 3235 3228
3 3235 3229 3228
3 3235 3236 3229
3 3236 3230 3229
3 2792 3236 3237
3 2792 2773 3236
3 2773 3230 3236
3 3237 2794 2792
3 3238 3239 3231
3 3239 3232 3231
3 3239 3240 3232
3 3240 3233 3232
3 3242 3240 3241
3 3242 3234 3240
3 3234 3233 3240
3 3241 3243 3242
3 3244 3234 3242
3 3235 3234 3244
3 3243 3245 3244
3 3242 3243 3244
3 3246 3235 3244
3 3236 3235 3246
3 3245 3247 3246
3 3244 3245 3246
3 3246 3237 3236
3 3237 3246 3247
3 3237 3247 2794
3 2794 3247 2814
3 339 341 3238
3 341 3239 3238
3 341 344 3239
3 344 3240 3239
3 344 3241 3240
3 346 3241 344
3 3241 346 348
3 3243 3241 348
3 348 350 3243
3 350 3245 3243
3 350 352 3245
3 352 3247 3245
3 352 354 3247
3 354 2814 3247
3 2478 2479 3248
3 2478 3248 2480
3 3249 3248 2479
3 2481 3249 2479
3 3248 3249 2482
3 2480 3248 2482
3 3250 3249 2481
3 3250 2481 3251
3 3251 2481 2484
3 3249 3250 3252
3 3249 3252 2482
3 2482 3252 2485
3 3251 2484 3253
3 3253 2484 2487
3 2488 3255 3254
3 2488 2485 3255
3 2485 3252 3255
3 2488 3254 2490
3 2491 3256 3257
3 2491 3257 2487
3 2487 3257 3253
3 2492 3255 2491
3 2492 3254 3255
3 2491 3255 3256
3 3258 3259 3255
3 3256 3255 3259
3 3254 2492 2490
3 3258 3260 3259
3 3257 3256 3261
3 3263 3261 3256
3 3263 3256 3262
3 3262 3256 3259
3 3260 3264 3262
3 3259 3260 3262
3 3267 3265 3266
3 3265 3269 3266
3 3263 3262 3268
3 3262 3264 3268
3 3267 3266 3270
3 3269 3270 3266
3 3271 3272 3273
3 3271 3274 3272
3 3276 3273 3272
3 3275 3276 3272
3 3274 3277 3278
3 3274 3278 3272
3 3272 3278 3275
3 3277 3279 3278
3 3281 3276 3275
3 3280 3281 3275
3 3275 3278 3280
3 3278 3282 3280
3 3279 3283 3282
3 3278 3279 3282
3 3281 3280 3284
3 3280 3282 3285
3 3284 3280 3285
3 3282 3283 3285
3 3250 3251 3286
3 3250 3286 3252
3 3287 3286 3251
3 3253 3287 3251
3 3286 3287 3255
3 3252 3286 3255
3 3288 3287 3253
3 3288 3253 3289
3 3289 3253 3257
3 3291 3290 3258
3 3288 3291 3258
3 3288 3258 3255
3 3288 3255 3287
3 3258 3290 3260
3 3289 3257 3261
3 3292 3289 3261
3 3291 3293 3290
3 3291 3261 3293
3 3291 3292 3261
3 3263 3293 3261
3 3290 3293 3264
3 3260 3290 3264
3 3267 3295 3294
3 3265 3267 3294
3 3263 3268 3293
3 3265 3296 3269
3 3265 3294 3296
3 3296 3297 3269
3 3293 3268 3264
3 3296 3298 3297
3 3295 3267 3270
3 3299 3295 3270
3 3273 3301 3271
3 3269 3297 3270
3 3270 3297 3300
3 3270 3300 3299
3 3300 3297 3298
3 3301 3274 3271
3 3302 3301 3273
3 3302 3273 3303
3 3303 3273 3276
3 3305 3304 3277
3 3302 3305 3277
3 3302 3277 3274
3 3302 3274 3301
3 3277 3304 3279
3 3303 3276 3306
3 3306 3276 3281
3 3308 3304 3305
3 3307 3304 3308
3 3304 3307 3283
3 3279 3304 3283
3 3284 3309 3310
3 3284 3310 3281
3 3281 3310 3306
3 3285 3308 3284
3 3285 3307 3308
3 3284 3308 3309
3 3311 3312 3308
3 3309 3308 3312
3 3307 3285 3283
3 3311 3313 3312
3 3315 3310 3309
3 3314 3315 3309
3 3309 3312 3314
3 3312 3316 3314
3 3313 3317 3318
3 3313 3318 3312
3 3312 3318 3316
3 3317 3319 3318
3 3288 3289 3320
3 3288 3320 3291
3 3320 3289 3292
3 3320 3292 3291
3 3294 3295 3321
3 3296 3294 3321
3 3322 3296 3321
3 3296 3322 3298
3 3321 3295 3299
3 3322 3321 3299
3 3300 3322 3299
3 3322 3300 3298
3 3302 3303 3323
3 3302 3323 3305
3 3324 3323 3303
3 3306 3324 3303
3 3323 3324 3308
3 3305 3323 3308
3 3325 3324 3306
3 3325 3306 3326
3 3326 3306 3310
3 3328 3327 3311
3 3325 3328 3311
3 3325 3311 3308
3 3325 3308 3324
3 3311 3327 3313
3 3326 3310 3329
3 3329 3310 3315
3 3331 3327 3328
3 3330 3327 3331
3 3317 3313 3327
3 3317 3327 3332
3 3332 3327 3330
3 3317 3332 3319
3 3325 3326 3333
3 3325 3333 3328
3 3334 3333 3326
3 3329 3334 3326
3 3333 3334 3331
3 3328 3333 3331
3 3338 3337 3336
3 3336 3337 3335
3 3340 3337 3338
3 3339 3337 3340
3 3340 3341 3339
3 3339 3341 3342
3 3336 3344 3338
3 3346 3338 3344
3 3340 3338 3346
3 3345 3347 3346
3 3344 3345 3346
3 3341 3350 3349
3 3341 3340 3350
3 3348 3350 3346
3 3346 3350 3340
3 3348 3346 3347
3 3349 3342 3341
3 3352 3349 3350
3 3351 3349 3352
3 3349 3351 3343
3 3342 3349 3343
3 2388 3353 2386
3 3354 3353 2388
3 3353 3354 3347
3 3345 3353 3347
3 3354 3350 3348
3 3354 2388 3350
3 2388 2390 3350
3 3354 3348 3347
3 2390 1341 3350
3 1341 3352 3350
3 3368 3351 3352
3 3367 3351 3368
3 3351 3367 3355
3 3343 3351 3355
3 3370 3367 3368
3 3369 3367 3370
3 3367 3369 3356
3 3355 3367 3356
3 3369 3358 3357
3 3369 3370 3358
3 3370 3371 3358
3 3369 3357 3356
3 3371 3372 3358
3 3372 3359 3358
3 3372 3373 3359
3 3373 3360 3359
3 3361 3375 3374
3 3361 3360 3375
3 3360 3373 3375
3 3361 3374 3362
3 3377 3374 3375
3 3376 3374 3377
3 3363 3362 3374
3 3363 3374 3378
3 3378 3374 3376
3 3364 3363 3378
3 3379 3364 3378
3 3364 3379 3365
3 3377 3380 3376
3 3376 3381 3378
3 3380 3381 3376
3 3383 3378 3381
3 3383 3382 3378
3 3382 3379 3378
3 3366 3365 3379
3 3366 3379 3384
3 3384 3379 3382
3 2878 3366 3384
3 2901 2878 3384
3 3383 3385 3382
3 3382 3386 3384
3 3385 3386 3382
3 3384 2908 2901
3 3386 2908 3384
3 1341 1344 3352
3 1344 3368 3352
3 1344 1346 3368
3 1346 3370 3368
3 1346 1348 3370
3 1348 3371 3370
3 1348 1350 3371
3 1350 3372 3371
3 1350 1352 3372
3 1352 3373 3372
3 1352 1354 3373
3 1354 3375 3373
3 1354 1356 3375
3 1356 3377 3375
3 3380 1358 3387
3 3380 3377 1358
3 3377 1356 1358
3 3381 3380 3387
3 3388 3381 3387
3 3381 3388 3383
3 1358 1360 3387
3 3387 1363 3388
3 1360 1363 3387
3 1364 3389 3385
3 1363 1364 3385
3 1363 3385 3383
3 1363 3383 3388
3 3386 3385 3389
3 3390 3386 3389
3 2908 3386 3390
3 2965 2908 3390
3 1364 1368 3389
3 3389 1371 3390
3 1368 1371 3389
3 3390 1373 2965
3 1371 1373 3390
3 1246 3391 1247
3 3391 1246 1248
3 3391 1248 3392
3 3392 1248 2513
3 1250 3395 3394
3 1250 1247 3395
3 3393 3395 3391
3 3391 3395 1247
3 3393 3391 3392
3 3394 1252 1250
3 3395 3396 3394
3 3394 3396 3397
3 3394 3397 1252
3 1252 3397 1255
3 3397 3398 1255
3 3398 1258 1255
3 3398 3399 1258
3 3399 1261 1258
3 3399 3400 1261
3 3400 1264 1261
3 3400 3401 1264
3 3401 1267 1264
3 3401 3402 1267
3 3402 1270 1267
3 3402 3403 1270
3 3403 1273 1270
3 3403 3404 1273
3 3404 1276 1273
3 3404 3405 1276
3 3405 1279 1276
3 3405 3406 1279
3 3406 1282 1279
3 3406 3407 1282
3 3407 1284 1282
3 2538 3408 2537
3 2537 3408 3409
3 2537 3409 2513
3 2513 3409 3392
3 3393 3410 3395
3 3410 3393 3392
3 3410 3392 3411
3 3411 3392 3409
3 3410 3396 3395
3 3396 3410 3411
3 3396 3411 3397
3 3397 3411 3412
3 3412 3413 3397
3 3413 3398 3397
3 3413 3414 3398
3 3414 3399 3398
3 3414 3415 3399
3 3415 3400 3399
3 3415 3416 3400
3 3416 3401 3400
3 3416 3417 3401
3 3417 3402 3401
3 3417 3418 3402
3 3418 3403 3402
3 3418 3419 3403
3 3419 3404 3403
3 3419 3420 3404
3 3420 3405 3404
3 3420 3421 3405
3 3421 3406 3405
3 2562 3408 2538
3 3408 2562 2563
3 3408 2563 3409
3 3409 2563 3422
3 3422 3423 3409
3 3423 3411 3409
3 3423 3424 3411
3 3424 3412 3411
3 3424 3425 3412
3 3425 3413 3412
3 3425 3426 3413
3 3426 3414 3413
3 3426 3427 3414
3 3427 3415 3414
3 3427 3428 3415
3 3428 3416 3415
3 3428 3429 3416
3 3429 3417 3416
3 3429 3430 3417
3 3430 3418 3417
3 3430 3431 3418
3 3431 3419 3418
3 3431 3432 3419
3 3432 3420 3419
3 3432 3433 3420
3 3433 3421 3420
3 2590 3434 2589
3 2589 3434 3435
3 2589 3435 2563
3 2563 3435 3422
3 3435 3436 3422
3 3436 3423 3422
3 3436 3437 3423
3 3437 3424 3423
3 3437 3438 3424
3 3438 3425 3424
3 3438 3439 3425
3 3439 3426 3425
3 3439 3440 3426
3 3440 3427 3426
3 3440 3441 3427
3 3441 3428 3427
3 3441 3442 3428
3 3442 3429 3428
3 3442 3443 3429
3 3443 3430 3429
3 3443 3444 3430
3 3444 3431 3430
3 3444 3445 3431
3 3445 3432 3431
3 3447 3445 3446
3 3447 3433 3445
3 3433 3432 3445
3 3446 3448 3447
3 3449 3433 3447
3 3447 3448 3449
3 2616 3434 2590
3 3434 2616 2617
3 3434 2617 3435
3 3435 2617 3450
3 3450 3451 3435
3 3451 3436 3435
3 3451 3452 3436
3 3452 3437 3436
3 3452 3453 3437
3 3453 3438 3437
3 3453 3454 3438
3 3454 3439 3438
3 3454 3455 3439
3 3455 3440 3439
3 3455 3456 3440
3 3456 3441 3440
3 3456 3457 3441
3 3457 3442 3441
3 3457 3458 3442
3 3458 3443 3442
3 3458 3459 3443
3 3459 3444 3443
3 3459 3460 3444
3 3460 3445 3444
3 3446 3462 3461
3 3446 3445 3462
3 3445 3460 3462
3 3446 3461 3448
3 3461 3462 3449
3 3461 3449 3448
3 2642 3463 2617
3 3463 3450 2617
3 3463 3464 3450
3 3464 3451 3450
3 3464 3465 3451
3 3465 3452 3451
3 3465 3466 3452
3 3466 3453 3452
3 3466 3467 3453
3 3467 3454 3453
3 3467 3468 3454
3 3468 3455 3454
3 3468 3469 3455
3 3469 3456 3455
3 3469 3470 3456
3 3470 3457 3456
3 3470 3471 3457
3 3471 3458 3457
3 3471 3472 3458
3 3472 3459 3458
3 3472 3473 3459
3 3473 3460 3459
3 3473 3474 3460
3 3474 3462 3460
3 2666 3475 2642
3 3475 3463 2642
3 3475 3476 3463
3 3476 3464 3463
3 3476 3477 3464
3 3477 3465 3464
3 3477 3478 3465
3 3478 3466 3465
3 3478 3479 3466
3 3479 3467 3466
3 3479 3480 3467
3 3480 3468 3467
3 3480 3481 3468
3 3481 3469 3468
3 3481 3482 3469
3 3482 3470 3469
3 3482 3483 3470
3 3483 3471 3470
3 3485 3483 3484
3 3485 3472 3483
3 3472 3471 3483
3 3484 3486 3485
3 3487 3472 3485
3 3487 3488 3472
3 3488 3473 3472
3 3485 3486 3487
3 3488 3489 3473
3 3489 3474 3473
3 2691 3490 2666
3 3490 3475 2666
3 3490 3491 3475
3 3491 3476 3475
3 3491 3492 3476
3 3492 3477 3476
3 3492 3493 3477
3 3493 3478 3477
3 3493 3494 3478
3 3494 3479 3478
3 3494 3495 3479
3 3495 3480 3479
3 3495 3496 3480
3 3496 3481 3480
3 3496 3497 3481
3 3497 3482 3481
3 3497 3498 3482
3 3498 3483 3482
3 3484 3500 3499
3 3484 3483 3500
3 3483 3498 3500
3 3484 3499 3486
3 3502 3500 3501
3 3502 3488 3500
3 3499 3500 3487
3 3487 3500 3488
3 3499 3487 3486
3 3501 3503 3502
3 3504 3488 3502
3 3504 3505 3488
3 3505 3489 3488
3 3502 3503 3504
3 2711 3506 2691
3 3506 3490 2691
3 3506 3507 3490
3 3507 3491 3490
3 3507 3508 3491
3 3508 3492 3491
3 3508 3509 3492
3 3509 3493 3492
3 3509 3510 3493
3 3510 3494 3493
3 3510 3511 3494
3 3511 3495 3494
3 3511 3512 3495
3 3512 3496 3495
3 3512 3513 3496
3 3513 3497 3496
3 3513 3514 3497
3 3514 3498 3497
3 3516 3514 3515
3 3516 3500 3514
3 3500 3498 3514
3 3515 3517 3516
3 3501 3520 3519
3 3501 3500 3520
3 3518 3520 3516
3 3516 3520 3500
3 3518 3516 3517
3 3519 3503 3501
3 3522 3520 3521
3 3522 3505 3520
3 3519 3520 3504
3 3504 3520 3505
3 3519 3504 3503
3 3521 3523 3522
3 2730 3524 2711
3 3524 3506 2711
3 3524 3525 3506
3 3525 3507 3506
3 3525 3526 3507
3 3526 3508 3507
3 3526 3527 3508
3 3527 3509 3508
3 3527 3528 3509
3 3528 3510 3509
3 3528 3529 3510
3 3529 3511 3510
3 3529 3530 3511
3 3530 3512 3511
3 3532 3530 3531
3 3532 3513 3530
3 3513 3512 3530
3 3531 3533 3532
3 3534 3513 3532
3 3534 3535 3513
3 3535 3514 3513
3 3532 3533 3534
3 3515 3537 3536
3 3515 3514 3537
3 3514 3535 3537
3 3515 3536 3517
3 3539 3537 3538
3 3539 3520 3537
3 3536 3537 3518
3 3518 3537 3520
3 3536 3518 3517
3 3538 3540 3539
3 3521 3543 3542
3 3521 3520 3543
3 3541 3543 3539
3 3539 3543 3520
3 3541 3539 3540
3 3542 3523 3521
3 3543 3544 3542
3 2753 3545 2730
3 3545 3524 2730
3 3545 3546 3524
3 3546 3525 3524
3 3546 3547 3525
3 3547 3526 3525
3 3547 3548 3526
3 3548 3527 3526
3 3548 3549 3527
3 3549 3528 3527
3 3551 3549 3550
3 3551 3529 3549
3 3529 3528 3549
3 3550 3552 3551
3 3553 3529 3551
3 3553 3554 3529
3 3554 3530 3529
3 3551 3552 3553
3 3531 3556 3555
3 3531 3530 3556
3 3530 3554 3556
3 3531 3555 3533
3 3558 3556 3557
3 3558 3535 3556
3 3555 3556 3534
3 3534 3556 3535
3 3555 3534 3533
3 3557 3559 3558
3 3560 3535 3558
3 3537 3535 3560
3 3559 3561 3560
3 3558 3559 3560
3 3538 3564 3563
3 3538 3537 3564
3 3562 3564 3560
3 3560 3564 3537
3 3562 3560 3561
3 3563 3540 3538
3 3566 3564 3565
3 3566 3543 3564
3 3563 3564 3541
3 3541 3564 3543
3 3563 3541 3540
3 3565 3567 3566
3 3566 3544 3543
3 3544 3566 3567
3 2772 3568 2753
3 3568 3545 2753
3 3568 3569 3545
3 3569 3546 3545
3 3569 3570 3546
3 3570 3547 3546
3 3572 3570 3571
3 3572 3548 3570
3 3548 3547 3570
3 3571 3573 3572
3 3574 3548 3572
3 3574 3575 3548
3 3575 3549 3548
3 3572 3573 3574
3 3550 3577 3576
3 3550 3549 3577
3 3549 3575 3577
3 3550 3576 3552
3 3579 3577 3578
3 3579 3554 3577
3 3576 3577 3553
3 3553 3577 3554
3 3576 3553 3552
3 3578 3580 3579
3 3581 3554 3579
3 3556 3554 3581
3 3580 3582 3581
3 3579 3580 3581
3 3557 3585 3584
3 3557 3556 3585
3 3583 3585 3581
3 3581 3585 3556
3 3583 3581 3582
3 3584 3559 3557
3 3585 3586 3584
3 3584 3586 3587
3 3584 3587 3559
3 3559 3587 3561
3 3562 3588 3564
3 3588 3562 3561
3 3588 3561 3589
3 3589 3561 3587
3 3588 3565 3564
3 3565 3588 3589
3 3565 3589 3567
3 3567 3589 3590
3 2791 3591 2772
3 3591 3568 2772
3 3591 3592 3568
3 3592 3569 3568
3 3592 3593 3569
3 3593 3570 3569
3 3571 3595 3594
3 3571 3570 3595
3 3570 3593 3595
3 3571 3594 3573
3 3597 3595 3596
3 3597 3575 3595
3 3594 3595 3574
3 3574 3595 3575
3 3594 3574 3573
3 3596 3598 3597
3 3599 3575 3597
3 3577 3575 3599
3 3598 3600 3599
3 3597 3598 3599
3 3599 3578 3577
3 3578 3599 3600
3 3578 3600 3580
3 3580 3600 3601
3 3601 3602 3580
3 3602 3582 3580
3 3583 3603 3585
3 3603 3583 3582
3 3603 3582 3604
3 3604 3582 3602
3 3603 3586 3585
3 3586 3603 3604
3 3586 3604 3587
3 3587 3604 3605
3 3605 3606 3587
3 3606 3589 3587
3 3606 3607 3589
3 3607 3590 3589
3 2813 3608 2791
3 3608 3591 2791
3 3608 3609 3591
3 3609 3592 3591
3 3611 3609 3610
3 3611 3593 3609
3 3593 3592 3609
3 3610 3612 3611
3 3613 3593 3611
3 3595 3593 3613
3 3612 3614 3613
3 3611 3612 3613
3 3596 3617 3616
3 3596 3595 3617
3 3615 3617 3613
3 3613 3617 3595
3 3615 3613 3614
3 3616 3598 3596
3 3617 3618 3616
3 3616 3618 3619
3 3616 3619 3598
3 3598 3619 3600
3 3619 3620 3600
3 3620 3601 3600
3 3620 3621 3601
3 3621 3602 3601
3 3621 3622 3602
3 3622 3604 3602
3 3622 3623 3604
3 3623 3605 3604
3 3623 3624 3605
3 3624 3606 3605
3 3624 3625 3606
3 3625 3607 3606
3 3626 2813 2831
3 3626 3627 2813
3 3627 3608 2813
3 2831 2832 3626
3 3627 3628 3608
3 3628 3609 3608
3 3610 3630 3629
3 3610 3609 3630
3 3609 3628 3630
3 3610 3629 3612
3 3630 3631 3629
3 3629 3631 3632
3 3629 3632 3612
3 3612 3632 3614
3 3615 3633 3617
3 3633 3615 3614
3 3633 3614 3634
3 3634 3614 3632
3 3633 3618 3617
3 3618 3633 3634
3 3618 3634 3619
3 3619 3634 3635
3 3635 3636 3619
3 3636 3620 3619
3 3636 3637 3620
3 3637 3621 3620
3 3637 3638 3621
3 3638 3622 3621
3 3638 3639 3622
3 3639 3623 3622
3 3639 3640 3623
3 3640 3624 3623
3 3641 74 73
3 3641 3627 74
3 2833 74 3626
3 3626 74 3627
3 2833 3626 2832
3 73 77 3641
3 3642 3627 3641
3 3628 3627 3642
3 77 80 3642
3 3641 77 3642
3 3643 3628 3642
3 3630 3628 3643
3 80 82 3643
3 3642 80 3643
3 3631 85 3644
3 3631 3630 85
3 84 85 3643
3 3643 85 3630
3 84 3643 82
3 3644 3632 3631
3 85 87 3644
3 3644 87 89
3 3644 89 3632
3 3632 89 3634
3 89 91 3634
3 91 3635 3634
3 91 93 3635
3 93 3636 3635
3 93 95 3636
3 95 3637 3636
3 95 97 3637
3 97 3638 3637
3 97 99 3638
3 99 3639 3638
3 99 101 3639
3 101 3640 3639
3 3646 3647 3650
3 3648 3646 3650
3 3651 3648 3650
3 3648 3651 3649
3 3653 3654 3652
3 3652 3655 3653
3 3654 3653 3656
3 3653 3655 3656
3 3652 3654 3660
3 3652 3660 3655
3 3661 3662 3663
3 3660 3654 3656
3 3660 3656 3655
3 3661 3664 3662
3 3663 3662 3665
3 3662 3664 3665
3 3657 3658 3666
3 3657 3666 3659
3 2473 3666 3658
3 2456 2473 3658
3 3666 2473 2459
3 3659 3666 2459
3 3661 3663 3667
3 3661 3667 3664
3 3667 3663 3665
3 3667 3665 3664
