ply
format ascii 1.0
comment Created by Open3D
element vertex 5649
property double x
property double y
property double z
property double nx
property double ny
property double nz
property uchar red
property uchar green
property uchar blue
element face 10464
property list uchar uint vertex_indices
end_header
0.967824 2.2275 0.6075 1 0 0 153 152 148
0.9675 2.21859 0.6075 0 -1 0 153 152 147
0.9675 2.2275 0.606951 4.41917e-17 0 -1 153 152 148
0.9675 2.2275 0.609234 -1.76767e-17 0 1 154 152 148
0.9675 2.22782 0.6075 -7.14685e-17 1 0 153 152 148
0.9825 2.34006 0.5775 -0.237335 -0.131285 0.962516 159 160 162
0.978387 2.3475 0.5775 -0.236438 -0.156999 0.958879 159 160 162
0.9825 2.3475 0.578514 -0.215935 -0.145356 0.965528 159 160 162
0.967602 2.3625 0.5775 -0.214239 0.0105387 0.976724 160 161 163
0.9825 2.3625 0.580691 -0.209209 0.045421 0.976816 160 161 163
0.9825 2.36931 0.5775 -0.190406 0.416393 0.889023 160 161 163
0.972811 2.3775 0.5775 0.320739 0 0.947168 161 162 164
0.9675 2.36265 0.5775 -0.00200229 -0.120364 0.992728 160 161 163
0.9675 2.3775 0.579298 1.25802e-17 0 1 161 162 164
0.9675 2.3877 0.5775 -0.206855 0.190608 0.959625 160 163 165
0.9825 2.39993 0.5775 -0.0156023 -0.163395 0.986437 162 163 165
0.9675 2.3995 0.5775 -0.0149905 -0.148532 0.988794 160 164 165
0.9825 2.4075 0.578957 -0.0299903 -0.0473676 0.998427 163 164 166
0.9675 2.4075 0.578435 -0.0135564 -0.121739 0.99247 161 165 166
0.983328 2.1675 0.6075 -0.632656 -0.0179241 0.774225 150 149 142
0.983259 2.1825 0.6075 -0.634954 0.196985 0.747014 151 150 143
0.9975 2.1675 0.619355 -0.53621 0.0336045 0.843415 151 149 142
0.9975 2.1825 0.619701 -0.438764 0.272059 0.856429 152 151 144
0.9975 2.19731 0.6075 -0.551078 0.530591 0.644039 152 152 145
0.9975 2.21109 0.6075 -0.97615 -0.0135575 0.216675 154 153 147
0.99748 2.2125 0.6075 -0.975712 -0.0328674 0.216578 154 153 147
0.9975 2.2125 0.607588 -0.984735 -0.0352374 0.170454 154 153 147
0.996947 2.2275 0.6075 -0.985375 3.32283e-05 0.170398 154 153 147
0.9975 2.2275 0.610721 -0.985589 0.000961338 0.169156 154 153 147
0.9975 2.22805 0.6075 -0.701956 0.701956 0.120476 154 153 147
0.9975 2.39576 0.5775 -0.0360733 -0.129681 0.990899 162 163 165
0.9975 2.4075 0.579036 -0.0157834 -0.129296 0.99148 163 164 166
1.00218 2.1675 0.6225 -0.603506 0.117958 0.788585 151 150 142
1.0125 2.17845 0.6225 -0.523288 0.486926 0.699337 152 150 143
1.0125 2.1825 0.62002 -0.206492 0.0632653 0.976401 152 150 143
1.0125 2.1675 0.630806 -0.375664 0.214775 0.901525 152 151 142
0.997701 2.1975 0.6075 -0.545945 0.533067 0.646361 152 152 145
1.0125 2.1975 0.620013 -0.395628 0.315444 0.862539 153 153 145
1.01612 2.1825 0.6225 -0.57627 0.280326 0.767678 152 151 143
1.0275 2.1675 0.631112 -0.0325836 -0.0233817 0.999195 153 150 142
1.0275 2.1825 0.631062 -0.41076 0.198098 0.889963 154 152 144
1.0161 2.1975 0.6225 -0.58826 -0.000538731 0.808672 153 153 145
1.01551 2.2125 0.6225 0 0 0 155 154 147
1.0155 2.2275 0.6225 0 0 0 155 154 147
1.01449 2.2425 0.6225 0 0 0 156 154 149
1.0275 2.25498 0.6225 0 0 0 157 156 150
1.02981 2.2575 0.6225 0 0 0 157 156 150
1.02878 2.2725 0.6225 0 0 0 158 157 152
1.02883 2.2875 0.6225 0 0 0 159 158 153
1.02844 2.3025 0.6225 0 0 0 160 160 156
1.02849 2.3175 0.6225 0 0 0 160 161 156
1.0352 2.3325 0.6225 0 0 0 162 162 158
1.0425 2.3398 0.6225 0 0 0 162 163 158
1.05004 2.3475 0.6225 0 0 0 163 164 159
0.5025 2.16429 0.5475 -0.0936983 0.309063 0.946415 131 130 128
0.5025 2.1675 0.546452 -0.0792646 -0.066633 0.994624 131 130 128
0.4875 2.1675 0.544967 -0.0186953 0.00328894 0.99982 130 129 127
0.5175 2.1675 0.547238 -0.0557145 -0.0958447 0.993836 133 132 130
0.5325 2.16295 0.5475 -0.0674554 -0.208544 0.975684 133 133 133
0.522312 2.1675 0.5475 -0.0879865 -0.19662 0.976524 133 132 131
0.5325 2.1675 0.548473 -0.071524 -0.189097 0.97935 133 133 133
0.5475 2.1675 0.549241 -0.08575 -0.193859 0.977275 134 134 134
0.5475 2.16747 0.5775 0 -1 0 134 132 128
0.5465 2.1675 0.5775 -1 0 0 134 132 128
0.5475 2.1675 0.577416 0 1.11633e-16 -1 134 133 128
0.5475 2.1675 0.57763 0 -1.04191e-16 1 134 132 128
0.5625 2.1675 0.551156 -0.0529361 -0.187849 0.98077 136 136 136
0.547528 2.1675 0.5775 1 3.57704e-17 0 134 132 128
0.5775 2.1675 0.55105 -0.00336619 -0.209777 0.977744 138 138 138
0.5925 2.1675 0.551389 -0.018175 -0.196855 0.980264 138 138 138
0.6075 2.1675 0.551527 -0.00831704 -0.214253 0.976743 139 139 139
0.6225 2.1675 0.551451 0.00503949 -0.230602 0.973035 140 140 140
0.6375 2.1675 0.551373 -0.111223 -0.134634 0.984633 141 141 141
0.6525 2.1525 0.554678 -0.0203605 -0.109274 0.993803 140 140 140
0.6525 2.1675 0.55621 -0.0858662 0.0377462 0.995591 141 141 141
0.6675 2.1525 0.554868 0.0235233 -0.121962 0.992256 140 140 140
0.6675 2.1675 0.556634 -0.03242 -0.0311503 0.998989 141 141 141
0.6825 2.1525 0.554124 0.0293907 -0.136418 0.990215 141 141 141
0.6825 2.1675 0.556121 0.0241491 -0.115863 0.992972 142 142 142
0.6975 2.1525 0.553724 -0.0610093 -0.0515496 0.996805 141 141 141
0.6975 2.1675 0.555929 0.0273592 -0.1263 0.991615 142 142 142
0.7125 2.1525 0.557444 -0.1732 0.0281469 0.984484 141 141 141
0.7125 2.1675 0.555363 -0.119954 0.0258618 0.992443 142 142 142
0.7275 2.1525 0.557063 0.00895126 -0.127421 0.991808 141 141 141
0.7275 2.1675 0.559941 -0.126523 0.00641231 0.991943 143 143 143
0.7425 2.1525 0.558476 -0.00230735 -0.0399267 0.9992 142 142 141
0.7425 2.1675 0.558503 0.0431649 -0.106517 0.993374 143 143 143
0.7575 2.1525 0.556963 0.0739222 -0.113933 0.990734 142 142 141
0.7575 2.1675 0.558707 0.0286445 -0.0608419 0.997736 143 143 143
0.7725 2.1525 0.55607 -0.0601295 0.0251041 0.997875 142 142 140
0.7725 2.1675 0.557756 0.073369 -0.108507 0.991385 144 144 144
0.7875 2.1525 0.560966 -0.183557 0.168077 0.968533 142 142 140
0.7875 2.1675 0.556464 -0.115164 0.0922181 0.989057 144 144 144
0.8025 2.1525 0.559933 0.0850273 -0.0926097 0.992065 142 142 140
0.8025 2.1675 0.561129 -0.121095 0.0964884 0.98794 144 144 144
0.8175 2.1525 0.558215 -0.0412208 0.0164023 0.999015 142 142 140
0.8175 2.14198 0.5925 0 -1 0 145 143 137
0.817314 2.1525 0.5925 -1 0 0 145 144 139
0.8175 2.1525 0.592201 2.10287e-17 0 -1 145 144 139
0.8175 2.1525 0.593524 1.8117e-16 0 1 145 144 139
0.8175 2.1675 0.560024 0.0846514 -0.114114 0.989855 144 144 144
0.8175 2.15269 0.5925 -5.23579e-17 1 0 145 144 139
0.8325 2.14705 0.5625 0.0305615 -0.121736 0.992092 142 142 140
0.830499 2.1525 0.5625 -0.308355 0.176403 0.934772 142 142 140
0.8325 2.1525 0.563161 -2.60661e-18 0 1 142 142 140
0.817696 2.1525 0.5925 1 0 0 145 144 139
0.8325 2.1548 0.5625 -0.119353 0.282033 0.951952 142 142 141
0.8325 2.1675 0.558721 -0.0719972 0.0508167 0.996109 144 144 144
0.8475 2.1375 0.5601 -0.0650108 0.0587694 0.996152 142 142 140
0.84098 2.1525 0.5625 0.0787296 0 0.996896 142 142 140
0.8475 2.1525 0.561976 0.0224149 -0.0171971 0.999601 142 142 140
0.8475 2.15855 0.5625 0.0548627 -0.0854039 0.994835 143 143 142
0.844937 2.1675 0.5625 -0.290616 -0.0284306 0.956417 144 144 144
0.8475 2.1675 0.563281 0 8.05594e-18 1 144 144 144
0.855393 2.1375 0.5625 -0.280051 0.27424 0.919981 142 142 140
0.8625 2.1375 0.564666 -0.0885656 0.0823254 0.992662 142 142 140
0.8625 2.14476 0.5625 -0.279967 0.274202 0.920017 142 142 140
0.8625 2.1525 0.560194 -0.024135 0.0432772 0.998772 143 143 141
0.854027 2.1675 0.5625 0.115835 4.84913e-18 0.993269 144 144 144
0.8625 2.1675 0.561531 0.057539 -0.0576518 0.996677 144 144 144
0.8775 2.13523 0.5625 0.21827 -0.152646 0.963876 142 142 140
0.8775 2.1375 0.562874 0.12993 -0.124252 0.983707 142 142 140
0.870084 2.1525 0.5625 -0.279294 0.284433 0.917111 143 143 141
0.8775 2.1525 0.56476 0.049204 0.0337178 0.998219 143 143 141
0.8775 2.15921 0.5625 -0.0509985 0.324733 0.94443 143 143 142
0.8775 2.1675 0.559599 -0.0462251 -0.0205084 0.998721 144 144 144
0.879086 2.1375 0.5625 0.205874 -0.137891 0.968815 142 142 140
0.8925 2.1375 0.559477 -0.00844076 -0.152768 0.988226 142 142 140
0.888986 2.1525 0.5625 0.192738 0.0140814 0.981149 143 143 141
0.8925 2.1525 0.561814 0.0337409 -0.026778 0.999072 143 143 141
0.8925 2.158 0.5625 -0.283825 -0.122474 0.951023 143 143 142
0.888005 2.1675 0.5625 -0.263074 -0.140711 0.954459 144 144 144
0.8925 2.1675 0.563744 -0.105381 -0.0764322 0.99149 144 144 144
0.901663 2.1375 0.5625 -0.310221 -0.142848 0.939871 141 141 139
0.9075 2.1375 0.564428 -0.156712 -0.132891 0.978663 141 141 139
0.894755 2.1525 0.5625 -0.298266 -0.132706 0.945213 143 143 141
0.9075 2.1525 0.566388 0.0135076 -0.0263276 0.999562 143 143 141
0.9075 2.1675 0.5636 -0.0247035 -0.0253114 0.999374 144 144 144
0.913196 2.1375 0.5625 0.325395 -0.119542 0.937991 141 141 139
0.918569 2.1525 0.5625 0.336752 -0.154966 0.928754 143 143 141
0.9225 2.16089 0.5625 0.443035 -0.207466 0.872168 144 144 143
0.9225 2.1675 0.564071 0.0600938 -0.106335 0.992513 144 144 144
0.84968 3.1275 0.4875 0.482583 -0.378805 0.789697 161 168 178
0.861456 3.1425 0.4875 0.529244 -0.41956 0.737476 164 170 182
0.8625 3.1275 0.481068 0.418649 -0.292647 0.859704 163 169 180
0.8625 3.1425 0.486977 0.435946 -0.329969 0.8373 164 170 182
0.8625 3.14367 0.4875 0.522842 -0.464381 0.714833 164 170 182
0.8775 3.1275 0.474164 0.193693 -0.145168 0.970263 164 168 179
0.8775 3.1425 0.478903 0.355127 -0.189673 0.915374 163 168 179
0.8925 3.13427 0.4725 0.437127 0.225661 0.87063 163 167 177
0.888075 3.1425 0.4725 0.463567 0.166527 0.870273 164 168 179
0.8925 3.1425 0.470601 0.174704 0.054261 0.983125 164 168 179
0.8925 3.1275 0.474069 0.179064 -0.0937584 0.97936 163 167 176
0.8925 3.14808 0.4725 0.376308 -0.29838 0.877132 163 168 179
0.897159 3.1275 0.4725 0.291506 0.0889845 0.952421 163 168 176
0.9075 3.1275 0.469476 0.239151 -0.103354 0.965466 162 169 177
0.9075 3.1425 0.470549 0.155256 -0.070516 0.985354 162 169 179
0.9225 3.1275 0.465074 0.167111 0.0323643 0.985407 162 169 179
0.9225 3.1425 0.465874 0.294292 -0.0566807 0.954033 162 169 179
0.9375 3.1275 0.463402 0.0376089 0.106047 0.99365 162 169 179
0.9375 3.1425 0.46107 0.066109 0.0853843 0.994152 162 169 179
0.9525 3.1275 0.462893 0.126266 -0.0194907 0.991805 161 170 179
0.9525 3.1425 0.464554 0.0142939 -0.0219742 0.999656 162 170 179
0.9675 3.1275 0.460735 0.0332215 0.134287 0.990385 162 169 179
0.9675 3.1425 0.460935 0.188754 -0.0607956 0.980141 162 169 179
0.9825 2.41649 0.5775 0.168215 0.138605 0.975957 162 165 168
0.979789 2.4225 0.5775 0.215923 -0.0671852 0.974096 162 166 169
0.9675 2.4225 0.580186 0.0960192 -0.0933142 0.990996 162 166 169
0.9825 2.42757 0.5775 -0.16249 -0.126045 0.978626 162 166 169
0.9825 2.4225 0.576814 0.243234 -0.130134 0.961198 162 166 169
0.9825 2.4375 0.57875 -0.00328351 -0.138344 0.990379 163 167 170
0.9675 2.4375 0.582473 -0.0638945 0.0791886 0.99481 163 167 170
0.970731 2.4525 0.5775 -0.256797 0.239985 0.936196 164 168 171
0.9675 2.45042 0.5775 -0.302656 0.347108 0.887646 164 168 171
0.9675 2.4525 0.576607 -0.361603 0.311277 0.878834 164 168 171
0.9825 2.4525 0.580761 -0.00733987 0.0648206 0.99787 164 168 171
0.97731 2.4675 0.5775 -0.433177 0.204731 0.877749 163 166 168
0.9675 2.4675 0.571314 -0.268692 0.278851 0.92198 163 165 166
0.9825 2.4675 0.580965 -0.0817724 0.0879085 0.992767 164 167 169
0.9825 2.47417 0.5775 -0.474912 0.433774 0.765702 164 166 168
0.9825 2.4825 0.572134 -0.384563 0.327422 0.863079 164 166 167
0.9675 2.4825 0.566506 -0.188456 0.177379 0.96593 163 165 164
0.9825 2.4975 0.567767 -0.196437 0.0163587 0.98038 164 165 165
0.9675 2.4975 0.566175 -0.0478169 -0.120569 0.991553 164 165 166
0.9825 2.5125 0.570901 -0.0402298 -0.204152 0.978112 164 165 166
0.9675 2.5125 0.569499 -0.0298567 -0.217311 0.975646 164 165 166
0.9825 2.5275 0.574327 -0.0530882 -0.134689 0.989465 165 166 166
0.9675 2.5275 0.57279 -0.00150074 -0.156857 0.98762 165 166 166
0.9825 2.5425 0.573957 -0.0483032 -0.0925751 0.994533 165 167 166
0.9675 2.5425 0.575166 -0.00175129 -0.128697 0.991682 166 167 167
0.975535 2.5575 0.5775 0.113859 0.161729 0.980245 167 168 168
0.9675 2.55348 0.5775 0.047818 -0.212903 0.975902 166 168 167
0.9825 2.5575 0.576629 -0.0465775 -0.101672 0.993727 166 168 167
0.9675 2.5575 0.578396 -5.41528e-18 0 1 167 168 168
0.9675 2.56072 0.5775 -0.162715 0.256154 0.952843 167 168 168
0.9825 2.5725 0.577057 -0.171064 -0.108658 0.97925 166 168 169
0.9675 2.5725 0.574362 -0.0513744 -0.0216627 0.998444 167 168 168
0.9825 2.57505 0.5775 -0.149776 -0.1672 0.97448 166 168 169
0.969158 2.5875 0.5775 -0.155603 -0.168461 0.973349 167 168 170
0.9675 2.5875 0.577237 -0.010833 -0.182433 0.983159 167 168 170
0.9825 2.5875 0.579629 -0.0838742 -0.10538 0.990889 167 168 170
0.9675 2.58889 0.5775 -0.114768 -0.197354 0.973591 167 168 170
0.9825 2.6025 0.579971 -0.0857041 -0.108356 0.990411 167 169 170
0.9675 2.6025 0.580276 0.0331445 -0.16364 0.985963 167 169 170
0.9825 2.6175 0.582167 -0.0282506 -0.130021 0.991109 168 169 171
0.9675 2.6175 0.583211 0.00226852 -0.126868 0.991917 169 170 172
0.9825 2.6325 0.584996 0.0327243 -0.15564 0.987272 168 171 172
0.9675 2.6325 0.584473 -0.0768282 -0.08489 0.993424 169 171 173
0.9825 2.6475 0.587395 -0.0336393 -0.118469 0.992388 169 171 172
0.9675 2.6475 0.585139 -0.0704265 -0.0967626 0.992813 170 171 173
0.985285 2.4225 0.5775 -0.247635 0.0781351 0.965698 162 166 169
0.9975 2.4225 0.580516 -0.187027 -0.0693744 0.979902 162 166 169
0.9975 2.4375 0.582957 -0.112984 0.0227049 0.993337 163 167 170
0.9975 2.45146 0.5775 0.222165 0.355158 0.908023 164 168 171
0.995824 2.4525 0.5775 0.232096 -0.0407131 0.971841 164 168 171
0.9975 2.45702 0.5775 0.163713 -0.0607044 0.984638 165 169 172
0.9975 2.4675 0.578146 0.199744 -0.0691094 0.977408 166 170 173
0.992411 2.4825 0.5775 -0.39175 0.425023 0.816019 165 167 171
0.9975 2.4825 0.580079 -0.127556 0.0975611 0.987021 165 168 172
0.9975 2.48871 0.5775 -0.438834 0.344624 0.829855 165 167 170
0.9975 2.4975 0.573852 -0.370348 0.171692 0.912888 164 166 167
0.9975 2.5125 0.571031 -0.139391 -0.0583033 0.98852 164 165 166
0.9975 2.5275 0.573372 0.203053 -0.183726 0.961777 165 166 166
0.9975 2.5425 0.576219 0.268971 -0.120102 0.955631 165 167 166
0.9975 2.5484 0.5775 0.31892 -0.417333 0.850954 166 167 167
0.986631 2.5575 0.5775 -0.186091 -0.116206 0.975636 166 168 167
0.9975 2.5575 0.579494 -0.0375575 -0.0795929 0.99612 166 168 167
0.985497 2.5725 0.5775 -0.165707 -0.0175147 0.986019 166 167 169
0.9975 2.5725 0.579283 -0.0981695 -0.0755437 0.992298 166 168 167
0.9975 2.5875 0.579919 -0.0807632 -0.0480693 0.995574 167 168 170
0.9975 2.6025 0.582027 -0.0122656 -0.144026 0.989498 167 169 170
0.9975 2.6175 0.585156 -0.0776015 -0.098101 0.992146 168 169 171
0.9975 2.6325 0.583977 -0.0784141 -0.0780157 0.993864 168 170 171
0.9975 2.6475 0.586448 0.00141906 -0.138726 0.99033 168 171 172
1.00419 2.4975 0.5775 -0.413118 0.320191 0.852532 165 167 169
1.0125 2.4825 0.580049 0.00199604 -0.091708 0.995784 166 168 172
1.0125 2.4975 0.58143 -0.224031 0.129948 0.96588 166 169 173
1.0125 2.50878 0.5775 -0.407821 0.30031 0.862262 165 166 168
1.01242 2.5275 0.5625 0.635465 -0.0709508 0.768863 162 161 157
1.01233 2.5425 0.5625 0.679102 -0.00332934 0.734036 162 161 157
1.0125 2.54291 0.5625 0.259419 -0.603465 0.754011 162 161 157
1.00899 2.5575 0.5775 0.196417 -0.230022 0.953158 166 168 167
1.0125 2.5575 0.576051 0.343728 -0.475856 0.809575 166 167 166
1.0125 2.56097 0.5775 0.299202 -0.476667 0.826599 166 168 167
1.0125 2.5725 0.579873 0.026278 -0.167213 0.985571 166 168 167
1.0125 2.5875 0.583079 -0.0975602 -0.0499127 0.993977 167 168 169
1.0125 2.6025 0.581213 -0.0684113 -0.0200439 0.997456 167 169 170
1.0125 2.6175 0.583498 0.0783141 -0.166737 0.982886 168 169 171
1.0125 2.6325 0.5863 0.0055588 -0.117062 0.993109 168 170 171
1.0125 2.6475 0.587953 -0.074255 -0.110515 0.991097 168 171 172
1.01344 2.5425 0.5625 -0.174372 -0.399277 0.900096 162 161 157
1.0275 2.5425 0.565224 0.236508 -0.397938 0.886402 162 161 157
1.0275 2.5575 0.564959 0.375698 -0.421113 0.825539 162 161 157
1.0275 2.56964 0.5775 0.392276 -0.648701 0.652155 166 167 166
1.0275 2.5725 0.579567 0.115829 -0.252435 0.960656 167 168 169
1.0275 2.5875 0.582698 0.209797 -0.167602 0.963273 167 169 169
1.0275 2.6025 0.583901 0.0548538 0.023077 0.998228 168 169 170
1.0275 2.6175 0.582764 0.206074 -0.0343724 0.977933 168 169 171
1.0275 2.6325 0.584728 0.144762 -0.22839 0.962747 168 170 170
1.0275 2.6475 0.587606 0.018919 -0.162149 0.986585 168 171 171
1.03205 2.5725 0.5775 0.487736 -0.225432 0.843382 166 166 166
1.0425 2.5575 0.567491 -0.162885 -0.205461 0.965015 164 163 159
1.0425 2.5725 0.570685 0.157975 -0.367617 0.916462 164 163 159
1.03675 2.5875 0.5775 0.487495 -0.217468 0.84561 165 166 163
1.0425 2.5875 0.57427 0.21939 -0.236838 0.946454 163 164 159
1.0425 2.59835 0.5775 0.0908503 -0.263466 0.960381 163 164 159
1.0425 2.6025 0.579343 0.189375 -0.0558914 0.980313 164 165 160
1.0425 2.60802 0.5775 0.245034 0.273078 0.930262 163 164 159
1.03703 2.6175 0.5775 0.461023 -0.072744 0.884401 165 166 164
1.0425 2.6175 0.575359 0 0 1 164 165 160
1.0425 2.62767 0.5775 -0.199104 -0.261753 0.944374 163 165 161
1.0425 2.6325 0.579514 0.119923 -0.305892 0.944483 164 166 163
1.0425 2.6475 0.588379 0.0794598 -0.302422 0.949856 168 171 171
1.0575 2.5725 0.57121 -0.0337931 -0.259246 0.96522 164 163 159
1.0575 2.5875 0.575239 -0.0309913 -0.236522 0.971132 163 164 159
1.0575 2.59862 0.5775 -0.00444203 -0.199633 0.979861 164 165 160
1.0575 2.6025 0.57803 0.023004 -0.226441 0.973753 164 165 160
1.04748 2.6175 0.5775 -0.405977 0.0667103 0.911445 164 165 160
1.0575 2.6175 0.581816 -0.134313 -0.128795 0.982533 164 165 160
1.0575 2.6325 0.582228 -0.134048 -0.105194 0.985376 165 167 163
1.0575 2.6475 0.585685 0.105257 -0.281949 0.953638 166 169 168
1.0725 2.59762 0.5775 -0.000372794 -0.250285 0.968172 164 165 160
1.0725 2.5875 0.575048 -0.000994018 -0.216578 0.976265 163 164 159
1.0725 2.6025 0.578635 -0.0284302 -0.205599 0.978223 164 165 160
1.0725 2.6175 0.581395 -0.0268779 -0.208897 0.977568 164 165 160
1.0725 2.6325 0.584882 -0.0759377 -0.0943153 0.992642 164 165 160
1.0725 2.6475 0.585151 -0.0403774 -0.0315838 0.998685 164 166 163
1.0875 2.60035 0.5775 0.0746904 -0.410954 0.908591 165 166 161
1.0875 2.6025 0.578472 0.0395291 -0.280551 0.959025 165 166 161
1.0875 2.6175 0.582477 -0.0206389 -0.223534 0.974478 165 166 161
1.0875 2.6325 0.585429 -0.0684741 -0.146868 0.986783 165 166 163
1.0875 2.6475 0.586055 -0.151261 -0.0236487 0.988211 164 166 163
1.0926 2.6025 0.5775 0.181778 -0.396233 0.899975 165 166 161
1.1025 2.60717 0.5775 0.188815 -0.399928 0.896887 165 166 162
1.1025 2.6175 0.582105 0.0770288 -0.293659 0.952802 166 166 164
1.1025 2.6325 0.586077 0.007402 -0.217347 0.976066 165 165 163
1.1025 2.6475 0.588828 -0.0725095 -0.144813 0.986799 165 167 164
1.1175 2.6175 0.580274 0.115078 -0.312423 0.942947 167 167 165
1.1175 2.6325 0.585244 0.0705206 -0.255112 0.964336 166 166 164
1.1175 2.6475 0.588887 0.0298292 -0.2023 0.978869 167 167 165
1.1325 2.6325 0.584265 -0.0517495 -0.161244 0.985557 168 168 166
1.1325 2.6475 0.587878 0.0445434 -0.222033 0.974021 167 167 165
1.1475 2.6325 0.587675 -0.221717 -0.00876048 0.975072 168 168 166
1.1475 2.6475 0.58781 -0.0893615 -0.11624 0.989193 168 168 166
1.2075 2.6925 0.594965 -0.112911 -0.0610675 0.991727 174 174 174
1.2225 2.6925 0.6011 -0.373811 0.158658 0.913834 176 176 176
1.2225 2.7075 0.598496 -0.115935 -0.105235 0.987666 174 176 175
1.2075 2.7075 0.599043 0.033006 -0.235531 0.971306 173 174 174
1.2225 2.7225 0.602633 0.0197588 -0.215515 0.976301 175 177 176
1.2075 2.7225 0.602263 -0.00273779 -0.190987 0.981589 172 174 173
1.2225 2.7375 0.60503 -0.00181562 -0.159527 0.987192 175 177 176
1.2075 2.7375 0.605263 -0.0481838 -0.139923 0.988989 174 176 175
1.2225 2.7525 0.607193 -0.0646797 -0.0651283 0.995779 176 178 177
1.2075 2.7525 0.607187 -0.195592 0.0897879 0.976566 173 177 176
1.2225 2.75426 0.6075 -0.1389 -0.164836 0.976492 176 178 177
1.21781 2.7675 0.6075 -0.418151 -0.0120072 0.908298 173 177 176
1.2075 2.7675 0.602825 -0.160689 0.022742 0.986743 173 177 176
1.2225 2.7675 0.609724 -0.0677534 0.00525596 0.997688 174 178 177
1.2225 2.77574 0.6075 -0.213709 0.25236 0.943739 174 178 177
1.2225 2.7825 0.605679 -0.0281325 -0.0488351 0.998411 174 178 177
1.2075 2.7825 0.605705 -0.0142617 -0.148878 0.988753 172 176 175
1.2225 2.79725 0.6075 0.00689581 -0.122527 0.992441 174 178 177
1.2075 2.79641 0.6075 -0.000141414 -0.125192 0.992133 173 179 177
1.2225 2.7975 0.607531 0.00231683 -0.119395 0.992844 174 178 177
1.2075 2.7975 0.60763 -0.0230482 -0.108078 0.993875 173 179 177
1.2225 2.8125 0.609314 -0.00545406 -0.122349 0.992472 174 180 178
1.2075 2.8125 0.609337 -0.0411852 -0.0877516 0.995291 173 179 177
1.2225 2.8275 0.611097 -0.0425566 -0.0943477 0.994629 174 180 178
1.2075 2.8275 0.610045 -0.0550112 -0.0841969 0.994929 172 178 176
1.2225 2.8425 0.612457 -0.0456866 -0.0887304 0.995007 174 180 180
1.2075 2.8425 0.611905 -0.0451048 -0.0974707 0.994216 172 178 176
1.2225 2.8575 0.613659 -0.0412973 -0.0825815 0.995728 175 181 181
1.2075 2.8575 0.613038 -0.0426107 -0.0787117 0.995986 172 178 178
1.2225 2.8725 0.614873 -0.0517252 -0.064445 0.99658 173 182 181
1.2075 2.8725 0.614101 -0.0548276 -0.0544937 0.997008 173 179 179
1.2225 2.8875 0.61565 -0.0523498 -0.0520092 0.997274 172 181 180
1.2075 2.8875 0.614868 -0.0660371 -0.0452967 0.996789 172 180 180
1.2375 2.7075 0.603323 -0.304458 0.110774 0.946062 176 178 177
1.2375 2.7225 0.601567 -0.0915366 -0.0882508 0.991883 175 177 176
1.2375 2.7375 0.605147 0.0267864 -0.185442 0.98229 176 178 177
1.2375 2.75097 0.6075 0.0248492 -0.197808 0.979926 174 178 177
1.23052 2.7525 0.6075 -0.0376837 -0.172007 0.984375 175 178 177
1.2375 2.7525 0.607769 -0.0142718 -0.144878 0.989347 174 178 177
1.2375 2.7675 0.609619 -0.0982221 0.000479641 0.995164 174 178 177
1.2375 2.77535 0.6075 -0.0480362 0.260074 0.964393 174 178 177
1.2375 2.7825 0.605574 -0.0622786 0.00736051 0.998032 174 178 177
1.2269 2.7975 0.6075 0.00716836 -0.128423 0.991694 174 178 177
1.2375 2.7975 0.607426 0.00690741 -0.122515 0.992443 175 179 178
1.2375 2.7981 0.6075 0.00538307 -0.130402 0.991447 175 179 178
1.2375 2.8125 0.60937 0.00317734 -0.134698 0.990882 174 180 178
1.2375 2.8275 0.611626 -0.0084498 -0.124628 0.992168 175 181 181
1.2375 2.8425 0.61317 -0.0343235 -0.0918867 0.995178 176 182 182
1.2375 2.8575 0.614211 -0.0453024 -0.0822166 0.995584 176 182 182
1.2375 2.8725 0.615709 -0.0462926 -0.0764804 0.995996 175 182 182
1.2375 2.8875 0.616484 -0.0625432 -0.0543228 0.996563 174 183 184
1.2525 2.7225 0.606903 -0.329864 0.17722 0.927245 177 179 178
1.2525 2.7375 0.604036 -0.0696701 -0.100077 0.992538 177 179 178
1.2525 2.75178 0.6075 0.0345495 -0.234975 0.971387 177 179 178
1.2525 2.7525 0.607659 0.0243916 -0.167974 0.98549 177 179 178
1.2525 2.7675 0.610172 0.000731566 -0.144398 0.989519 175 179 178
1.24198 2.7825 0.6075 -0.382009 0.258563 0.887251 175 179 178
1.2525 2.7825 0.612032 -0.195383 0.0648931 0.978578 176 180 179
1.2525 2.79693 0.6075 -0.379946 0.27691 0.882588 176 180 179
1.2525 2.7975 0.607322 -0.00842069 -0.108335 0.994079 176 180 179
1.2525 2.79895 0.6075 -0.20582 -0.130791 0.96981 176 180 179
1.2525 2.8125 0.609345 -0.095586 -0.0746569 0.992618 176 182 182
1.2525 2.8275 0.611384 -0.00782899 -0.133493 0.991019 177 183 183
1.2525 2.8425 0.613306 -0.0154561 -0.119532 0.99271 177 183 183
1.2525 2.8575 0.615086 -0.0384001 -0.089052 0.995286 177 183 183
1.2525 2.8725 0.616237 -0.038893 -0.0802377 0.996017 176 185 184
1.2525 2.8875 0.617387 -0.043359 -0.0722269 0.996445 176 185 184
1.2675 2.72918 0.6075 -0.000225992 -0.261796 0.965123 178 180 179
1.26129 2.7375 0.6075 -0.357997 0.107194 0.927549 178 180 179
1.2675 2.7375 0.609834 -0.00142668 0.0022896 0.999996 179 181 180
1.2675 2.74917 0.6075 -0.0385395 0.196698 0.979706 177 181 180
1.25549 2.7525 0.6075 0.0547957 -0.184209 0.981359 177 179 178
1.2675 2.7525 0.606802 -0.0913708 -0.0857199 0.992121 177 181 180
1.2675 2.75614 0.6075 0.0387027 -0.171302 0.984458 177 181 180
1.2675 2.7675 0.609592 0.0447582 -0.172126 0.984058 178 182 181
1.2675 2.7825 0.612129 0.0157578 -0.13965 0.990076 177 181 180
1.25291 2.7975 0.6075 -0.383676 0.245325 0.890286 176 180 179
1.2675 2.7975 0.613786 -0.1857 0.0236622 0.982322 177 182 183
1.2675 2.8125 0.61118 -0.200679 0.0760473 0.976701 178 184 184
1.2675 2.8275 0.611783 -0.0816378 -0.0769834 0.993684 178 184 184
1.2675 2.8425 0.613727 -0.0171285 -0.123849 0.992153 178 184 184
1.2675 2.8575 0.615615 -0.0209413 -0.105905 0.994156 177 186 185
1.2675 2.8725 0.616765 -0.0350546 -0.0764038 0.996461 177 186 185
1.2675 2.8875 0.617915 -0.0350374 -0.0763679 0.996464 178 187 186
1.2825 2.73685 0.6075 0.0523842 -0.102446 0.993358 179 183 182
1.2825 2.7375 0.607567 -0.0592878 -0.105645 0.992635 179 183 182
1.2825 2.73853 0.6075 0.131835 0.182139 0.974395 179 183 182
1.2825 2.75827 0.6075 -0.108706 -0.146457 0.983226 178 182 181
1.2825 2.7525 0.606536 0.0210801 -0.173863 0.984544 178 182 181
1.2825 2.7675 0.60882 -0.0177047 -0.121961 0.992377 179 183 182
1.2825 2.7825 0.611517 0.0301509 -0.162843 0.986191 179 183 184
1.2825 2.7975 0.613964 0.0155722 -0.140701 0.98993 178 184 184
1.2825 2.8125 0.615906 -0.10833 0.0409402 0.993272 178 184 184
1.2825 2.8275 0.614071 -0.107152 0.0480643 0.99308 179 185 185
1.2825 2.8425 0.613911 -0.0234819 -0.0802132 0.996501 180 187 187
1.2825 2.8575 0.61556 -0.00790064 -0.112733 0.993594 179 187 186
1.2825 2.8725 0.617292 -0.0173885 -0.0922318 0.995586 179 188 187
1.2825 2.8875 0.618442 -0.0316096 -0.0780608 0.996447 180 189 188
1.28587 2.7525 0.6075 -0.249108 0.0039737 0.968468 178 182 181
1.2975 2.7375 0.608163 -0.0392393 -0.153176 0.98742 180 184 183
1.2975 2.7525 0.61049 -0.126824 -0.0312967 0.991431 180 184 183
1.2975 2.7675 0.609277 -0.0822721 -0.000763196 0.99661 180 184 185
1.2975 2.7825 0.611402 0.0221898 -0.146313 0.988989 180 184 185
1.2975 2.7975 0.613439 0.030242 -0.150787 0.988104 179 184 185
1.2975 2.8125 0.615796 -0.0144241 -0.067087 0.997643 179 185 185
1.2975 2.8275 0.614477 -0.119931 0.0653416 0.99063 180 186 186
1.2975 2.8425 0.613508 -0.0866883 -0.000229018 0.996235 182 188 188
1.2975 2.8575 0.615831 0.0104557 -0.125188 0.992078 179 188 187
1.2975 2.8725 0.617392 -0.00552952 -0.104774 0.994481 180 189 188
1.2975 2.8875 0.618815 -0.0197989 -0.0896444 0.995777 181 190 189
1.3125 2.7525 0.610809 -0.0211489 -0.101072 0.994654 182 186 187
1.3125 2.7675 0.612333 -0.141665 0.013245 0.989826 181 185 186
1.3125 2.7825 0.610567 -0.1028 -0.010626 0.994645 181 185 186
1.3125 2.7975 0.612862 0.0391372 -0.149944 0.98792 181 187 187
1.3125 2.8125 0.61536 0.0354374 -0.155474 0.987204 181 187 187
1.3125 2.8275 0.617394 -0.0731156 -0.0633538 0.995309 182 188 188
1.3125 2.8425 0.617868 -0.214683 0.0408345 0.97583 182 188 188
1.3125 2.8575 0.615342 -0.144399 0.0327404 0.988978 181 189 188
1.3125 2.8725 0.617282 0.0265685 -0.126359 0.991629 181 190 189
1.3125 2.8875 0.619064 -0.0142796 -0.118409 0.992862 181 190 189
1.3275 2.7675 0.612493 -0.0105509 -0.146219 0.989196 183 187 188
1.3275 2.7825 0.61471 -0.119372 0.0623109 0.990892 183 187 188
1.3275 2.7975 0.61249 -0.0595012 -0.0311396 0.997742 182 188 188
1.3275 2.8125 0.614527 0.0340035 -0.154806 0.98736 183 189 189
1.3275 2.8275 0.617279 0.0390687 -0.149679 0.987962 183 189 189
1.3275 2.8425 0.619311 -0.011057 -0.101513 0.994773 184 190 190
1.3275 2.8575 0.620619 -0.127449 0.134362 0.982702 185 191 191
1.3275 2.8725 0.616488 -0.0372538 -0.0117699 0.999237 183 192 191
1.3275 2.8875 0.61895 0.022854 -0.156146 0.98747 183 192 191
1.3425 2.7825 0.614258 0.0300938 0.0484093 0.998374 183 189 189
1.3425 2.7975 0.613531 -0.0744354 0.00416682 0.997217 184 190 190
1.3425 2.8125 0.614412 -0.043578 -0.0784661 0.995964 185 191 191
1.3425 2.8275 0.616447 0.0469875 -0.141948 0.988758 184 190 190
1.3425 2.8425 0.61848 0.0534479 -0.135434 0.989344 185 191 191
1.3425 2.8575 0.620511 -0.0275083 0.0154868 0.999502 184 192 191
1.3425 2.8725 0.616379 -0.0978119 0.116192 0.988399 184 193 192
1.3425 2.8875 0.618836 0.0242368 -0.14807 0.98868 185 193 195
1.3575 2.7975 0.615521 -0.131265 -0.0575001 0.989678 186 192 192
1.3575 2.8125 0.616392 -0.0779814 0.0391466 0.996186 185 191 191
1.3575 2.8275 0.615614 0.024845 -0.0850764 0.996065 186 192 192
1.3575 2.8425 0.617648 0.0387383 -0.131013 0.990623 187 193 193
1.3575 2.8575 0.619808 0.0384767 -0.131783 0.990532 185 194 193
1.3575 2.8725 0.621308 -0.129125 0.0964578 0.986926 186 194 196
1.3575 2.8875 0.618209 -0.140211 0.0082794 0.990087 186 194 196
1.3725 2.8125 0.617536 -0.0744536 0.204596 0.976011 188 194 194
1.3725 2.8275 0.614392 -0.0287599 0.0027448 0.999583 189 195 195
1.3725 2.8425 0.617533 0.0358033 -0.157044 0.986942 187 193 193
1.3725 2.8575 0.619015 0.011425 -0.135891 0.990658 187 195 197
1.3725 2.8725 0.621636 -0.057537 -0.0854959 0.994676 187 195 197
1.3725 2.87745 0.6225 -0.0245524 -0.15892 0.986986 187 195 197
1.36813 2.8875 0.6225 -0.374028 -0.0356326 0.926732 187 195 197
1.3725 2.8875 0.624266 -0.13984 -0.0452583 0.989139 188 196 198
1.3875 2.8275 0.618975 -0.288352 0.161462 0.943813 189 195 195
1.3875 2.8425 0.616409 -0.0129983 -0.11029 0.993814 188 195 197
1.3875 2.8575 0.61945 0.0368259 -0.164703 0.985656 187 195 197
1.3875 2.8725 0.621429 0.000638089 -0.145777 0.989317 187 195 197
1.3875 2.88005 0.6225 -0.0031276 -0.153241 0.988184 188 196 198
1.3875 2.8875 0.623566 0.0162169 -0.174308 0.984558 188 196 198
1.4025 2.8575 0.617901 0.100378 -0.212488 0.971994 188 196 198
1.4025 2.8725 0.621418 0.0330529 -0.172116 0.984522 189 197 199
1.4025 2.8787 0.6225 -0.0158818 -0.177332 0.984023 189 197 199
1.4025 2.8875 0.624121 -0.030842 -0.149485 0.988283 190 198 200
0.7275 2.6475 0.583308 -0.0212433 -0.123727 0.992089 174 179 183
0.7425 2.6475 0.583544 -0.034506 -0.0580652 0.997716 176 181 185
0.7425 2.6625 0.585247 -0.0068539 -0.12046 0.992695 173 181 184
0.7275 2.6625 0.585069 -0.0140918 -0.124267 0.992149 175 180 184
0.7425 2.6775 0.587126 -0.0184342 -0.0326069 0.999298 174 182 185
0.7275 2.6775 0.587005 -0.0171578 -0.0229187 0.99959 173 181 184
0.7425 2.6925 0.585881 -0.0328104 -0.0558258 0.997901 174 182 185
0.7275 2.6925 0.585959 -0.0145225 -0.0604075 0.998068 173 181 184
0.7425 2.7075 0.588804 -0.0253889 -0.038009 0.998955 175 183 186
0.7275 2.7075 0.588677 -0.0229517 0.0125112 0.999658 173 181 184
0.7425 2.7225 0.585949 -0.14629 0.0654054 0.987077 174 181 187
0.7275 2.7225 0.585537 -0.0337063 0.046561 0.998347 173 180 186
0.7425 2.7375 0.58774 -0.0232742 -0.124988 0.991885 174 181 187
0.7275 2.7375 0.587315 -0.0337872 -0.126718 0.991363 174 181 187
0.7425 2.73299 0.6075 -0.167758 -0.975527 0.142143 178 182 186
0.737749 2.7375 0.6075 -0.965116 -0.208549 -0.158298 177 182 186
0.7425 2.7375 0.59872 -0.218242 -0.474673 -0.852676 176 182 187
0.7425 2.7375 0.616363 -0.408256 -0.291267 0.865153 179 182 185
0.7425 2.7525 0.589818 -0.0132663 -0.139779 0.990094 174 181 187
0.7275 2.7525 0.589309 -0.0457063 -0.132349 0.990149 174 181 187
0.736948 2.7525 0.6075 -0.97785 0.166718 0.126546 177 182 186
0.7425 2.7525 0.596601 -0.564899 0.283533 -0.774918 176 182 187
0.7425 2.7525 0.61792 -0.328986 0.544483 0.771561 179 183 186
0.7425 2.7675 0.592196 -0.0259727 -0.14444 0.989173 174 181 187
0.7275 2.7675 0.591304 -0.0546188 -0.131027 0.989873 174 181 187
0.7425 2.75709 0.6075 -0.167813 0.978731 -0.118002 178 182 186
0.7425 2.76979 0.5925 0.00128119 -0.122156 0.99251 174 181 187
0.7275 2.7765 0.5925 -0.0554225 -0.124675 0.990649 174 181 187
0.7425 2.7825 0.594008 -0.0176956 -0.107352 0.994064 175 182 188
0.7275 2.7825 0.593232 -0.0533704 -0.109743 0.992526 174 181 187
0.7425 2.7975 0.595451 -0.327134 -0.0929678 0.940394 175 182 188
0.7275 2.7975 0.595061 -0.0518932 0.0801561 0.995431 174 181 187
0.7425 2.80708 0.5925 -0.196196 0.501738 0.842476 174 181 187
0.7275 2.80511 0.5925 -0.0480267 0.304369 0.951343 173 180 186
0.7425 2.8125 0.590739 -0.0503491 -0.00441793 0.998722 174 181 187
0.7275 2.8125 0.589951 -0.0372756 0.0778975 0.996264 173 180 186
0.7425 2.82617 0.5925 -0.0170701 -0.121069 0.992497 174 181 187
0.740546 2.8275 0.5925 -0.372212 -0.524869 0.765487 174 181 187
0.7275 2.8275 0.591418 -0.0332605 -0.113214 0.993014 173 180 186
0.7425 2.8275 0.592784 -0.00705116 -0.863463 0.504363 174 181 187
0.7275 2.8364 0.5925 -0.360767 -0.412776 0.836339 173 180 186
0.7425 2.83493 0.6075 -0.18158 -0.853745 0.488005 177 182 187
0.734225 2.8425 0.6075 -0.777852 -0.291703 0.556647 176 182 187
0.7275 2.8425 0.593945 -0.408911 0.231919 0.882613 173 180 186
0.7425 2.8425 0.61924 -0.357675 0.377511 0.85414 179 183 184
0.7425 2.84886 0.6075 -0.384399 0.786925 0.482686 177 183 186
0.7425 2.8575 0.595892 -0.218412 -0.0280503 0.975453 174 181 186
0.7275 2.8575 0.594642 -0.0608508 -0.389754 0.918907 173 180 185
0.7425 2.86698 0.6075 -0.00751745 -0.848038 0.529881 177 183 184
0.7275 2.86764 0.6075 -0.3247 -0.723938 0.608674 177 181 183
0.7425 2.8725 0.620616 0.00846404 -0.0452515 0.99894 180 184 184
0.7275 2.8725 0.619837 -0.369897 0.603038 0.706768 178 182 183
0.7425 2.88325 0.5775 -0.108879 0.89223 0.43826 169 175 180
0.7275 2.88326 0.5775 -0.0296719 0.927174 0.373453 168 174 179
0.7425 2.87778 0.5925 -0.0169783 0.976375 0.215416 171 178 183
0.7275 2.87693 0.5925 -0.202162 0.917871 0.341532 171 178 181
0.7425 2.87684 0.6075 -0.0232975 0.98404 0.176413 176 181 182
0.7275 2.87645 0.6075 -0.303184 0.942748 0.138947 176 179 182
0.7575 2.6475 0.583219 -0.33528 -0.023436 0.941827 176 181 185
0.7575 2.6625 0.585218 -0.28978 -0.120084 0.94953 174 182 185
0.7575 2.6775 0.587214 -0.266195 -0.0802394 0.960574 175 183 186
0.7575 2.6925 0.586946 -0.231343 0.0289296 0.972442 175 183 186
0.7575 2.7075 0.58967 -0.134466 -0.126852 0.982765 175 183 186
0.7575 2.72079 0.5925 -0.0875292 -0.184156 0.978992 175 182 188
0.757011 2.7225 0.5925 -0.412069 -0.161882 0.896657 175 182 188
0.7575 2.7225 0.592721 -0.0586071 0.174124 0.982978 175 182 188
0.7575 2.72318 0.5925 -0.234701 0.285722 0.929128 175 182 188
0.7575 2.7375 0.588108 -0.0906654 0.0554187 0.994338 175 182 188
0.7575 2.73281 0.6075 0.159037 -0.978033 -0.134754 178 183 187
0.7575 2.7375 0.59866 0.320272 -0.558868 -0.764914 177 183 187
0.7575 2.7375 0.616423 0.20614 -0.566639 0.797763 179 183 186
0.7575 2.7525 0.589932 -0.0164337 -0.123375 0.992224 175 182 188
0.7575 2.7525 0.596588 -0.00443637 0.407672 -0.913117 176 183 188
0.7575 2.7525 0.617715 0.0151757 0.404239 0.914527 180 184 187
0.7575 2.7675 0.591732 -0.0107221 -0.13441 0.990868 175 182 188
0.7575 2.75734 0.6075 0.00453693 0.999986 0.00260599 178 183 187
0.7575 2.77364 0.5925 -0.012095 -0.126658 0.991873 175 182 188
0.7575 2.7825 0.593646 -0.18912 -0.417578 0.888742 176 183 189
0.7575 2.79239 0.6075 -0.126816 -0.820851 0.556885 178 184 187
0.75211 2.7975 0.6075 -0.746862 -0.363053 0.557127 178 183 187
0.7575 2.7975 0.616338 -0.518084 0.106732 0.848644 181 185 188
0.7575 2.80835 0.5925 -0.221588 0.782355 0.582082 175 182 188
0.7575 2.8125 0.591151 -0.059472 -0.0500667 0.996974 175 182 188
0.7575 2.80376 0.6075 -0.587469 0.672387 0.450306 178 183 187
0.7575 2.82619 0.5925 -0.534554 -0.163375 0.829193 175 182 188
0.7575 2.8275 0.592737 -0.197143 -0.854736 0.480168 175 182 188
0.7575 2.83439 0.6075 -0.371369 -0.803341 0.465541 177 183 187
0.7575 2.8425 0.619992 -0.171991 -0.021862 0.984856 181 186 188
0.7575 2.84914 0.6075 -0.0122964 0.846034 0.532987 177 184 186
0.7575 2.8575 0.59595 -0.0100385 -0.00430005 0.99994 175 182 187
0.7575 2.86679 0.6075 -0.0184861 -0.834597 0.550551 178 184 186
0.7575 2.8725 0.618522 0.0160968 -0.0463402 0.998796 181 186 186
0.74635 2.8875 0.5775 -0.551368 0.475843 0.68525 169 175 180
0.7575 2.87766 0.5925 -0.135497 0.916291 0.376898 172 179 184
0.7575 2.8875 0.586697 -0.19045 0.562928 0.804265 170 177 182
0.7575 2.87695 0.6075 -0.00165754 0.981575 0.191071 176 181 183
0.766105 2.6475 0.5925 -0.863628 0.0355002 0.502878 172 175 174
0.764294 2.6625 0.5925 -0.866238 -0.0941343 0.490684 172 177 177
0.771353 2.6475 0.6075 -0.926921 -0.0266638 0.374309 173 172 167
0.770073 2.6625 0.6075 -0.925366 -0.0243597 0.37829 174 173 168
0.7725 2.6475 0.61173 -0.00345529 -0.273499 0.961866 173 171 165
0.7725 2.6625 0.615066 -0.0700002 -0.130649 0.988954 173 171 166
0.762702 2.6775 0.5925 -0.839384 -0.056418 0.540602 174 179 179
0.771454 2.6775 0.6075 -0.898844 0.0337225 0.43697 173 172 167
0.7725 2.6775 0.615325 -0.188762 0.369115 0.910013 173 171 166
0.760817 2.6925 0.5925 -0.679037 0.231304 0.696712 174 181 182
0.7725 2.67862 0.6075 -0.434665 0.6148 0.658094 174 172 167
0.7725 2.6925 0.598231 -0.437985 0.385958 0.811915 172 177 175
0.7725 2.70645 0.5925 -0.550641 0.467203 0.691749 175 181 187
0.7725 2.7075 0.590944 -0.153346 -0.148673 0.976924 175 182 188
0.7725 2.71407 0.5925 -0.494337 -0.141702 0.857643 175 182 188
0.7725 2.7225 0.593528 -0.572409 0.0929215 0.814686 175 182 188
0.7725 2.72584 0.5925 -0.144418 0.301345 0.942515 175 182 188
0.7725 2.7375 0.588588 -0.26645 0.0693113 0.961353 175 182 188
0.762751 2.7375 0.6075 0.692093 -0.710157 0.129167 178 183 187
0.7725 2.7525 0.590255 -0.0972379 -0.125575 0.987307 175 182 188
0.7725 2.74748 0.6075 0.0808788 -0.996599 0.0157546 179 184 188
0.7725 2.7525 0.596563 -0.0564365 -0.0484639 -0.997229 177 183 188
0.7725 2.7525 0.617336 0.364262 -0.203311 0.908833 181 184 187
0.7725 2.76704 0.5925 -0.521972 -0.130286 0.842954 176 183 189
0.771227 2.7675 0.5925 -0.0553421 -0.144237 0.987994 176 183 189
0.7725 2.75693 0.6075 -0.423297 0.887093 0.18408 179 183 187
0.7725 2.7675 0.592574 -0.610722 -0.111903 0.783898 176 183 189
0.7725 2.7825 0.594515 -0.335792 -0.566369 0.752642 177 184 190
0.7725 2.79244 0.6075 -0.415497 -0.760066 0.499662 180 184 188
0.7725 2.7975 0.615835 -0.174267 -0.334842 0.926019 181 185 188
0.760486 2.8125 0.5925 -0.894779 0.148272 0.421173 175 182 188
0.766217 2.8125 0.6075 -0.828264 0.354014 0.434342 179 184 188
0.7725 2.8125 0.617154 -0.348975 0.0448822 0.936056 182 185 188
0.764657 2.8275 0.6075 -0.84717 -0.248639 0.469555 178 183 188
0.7725 2.8275 0.617933 -0.293599 -0.229525 0.927964 181 186 188
0.7725 2.8425 0.61835 -0.21585 0.401247 0.890174 182 186 188
0.7725 2.84929 0.6075 -0.159537 0.825932 0.540725 178 184 188
0.7725 2.8575 0.59612 -0.325842 -0.279315 0.903222 176 183 189
0.7725 2.86623 0.6075 -0.40565 -0.782892 0.471729 179 184 188
0.7725 2.8725 0.619193 -0.313963 0.00869158 0.949395 181 186 187
0.7725 2.87802 0.5925 -0.0952588 0.916907 0.387567 173 180 185
0.7725 2.8875 0.58698 -0.0135134 0.574172 0.818623 171 177 183
0.7725 2.87733 0.6075 -0.127446 0.971824 0.198284 177 182 185
0.779088 2.6475 0.6075 0.43889 -0.251842 0.862526 172 171 166
0.7875 2.6621 0.6075 0.375146 -0.209918 0.902884 171 170 164
0.7875 2.6475 0.604108 0.367706 -0.211733 0.905517 172 171 169
0.7875 2.6625 0.607612 0.452752 -0.213571 0.865681 171 170 164
0.7875 2.6775 0.610879 0.365342 -0.00252468 0.93087 172 172 166
0.7875 2.68854 0.6075 -0.155031 0.52979 0.83384 172 172 167
0.7875 2.6925 0.60644 0.252062 -0.0109245 0.967649 171 172 168
0.773632 2.7075 0.5925 -0.715575 0.0446551 0.697107 175 181 187
0.7875 2.69569 0.6075 -0.435419 -0.085518 0.896157 172 172 168
0.785708 2.7075 0.6075 -0.838358 -0.0912743 0.537425 173 174 171
0.7875 2.7075 0.614134 -0.0327717 -0.25745 0.965736 173 172 168
0.784581 2.7225 0.6075 -0.887341 -0.0631733 0.456766 174 175 173
0.7875 2.7225 0.615579 0.044651 -0.383045 0.92265 174 173 169
0.776512 2.7375 0.5925 -0.840417 0.0398625 0.540472 174 180 183
0.783091 2.7375 0.6075 -0.927968 -0.348712 0.131438 174 176 176
0.7875 2.72928 0.6225 0.473865 -0.609739 0.63535 176 176 171
0.781521 2.7375 0.6225 -0.960531 -0.27228 0.0569546 179 180 180
0.774971 2.7525 0.5925 -0.945007 0.0557888 0.322258 175 181 186
0.778468 2.7525 0.6225 -0.959103 0.0132961 0.282745 180 182 182
0.78368 2.7675 0.6075 -0.875356 0.265735 0.403901 180 185 188
0.7875 2.76181 0.6225 -0.69053 0.65411 0.308721 181 183 184
0.7875 2.7675 0.616907 -0.82394 0.037501 0.565435 183 186 189
0.7875 2.7675 0.631148 -0.652774 0.633007 -0.416159 182 182 182
0.782539 2.7825 0.6075 -0.821186 -0.251626 0.512189 180 185 189
0.7875 2.7825 0.618394 -0.668334 -0.265444 0.694888 183 187 190
0.7875 2.7825 0.630876 0 0 0 182 183 183
0.7875 2.7975 0.618518 -0.365863 0.0313314 0.930141 183 187 190
0.7875 2.8125 0.617451 -0.270112 -0.0109212 0.962767 183 186 189
0.7875 2.8275 0.618078 -0.212794 -0.0325255 0.976556 182 187 189
0.7875 2.8425 0.618266 -0.148625 0.0567762 0.987262 182 187 189
0.782346 2.8575 0.6075 -0.817158 0.239674 0.524222 180 185 189
0.7875 2.8575 0.619006 -0.307866 -0.118055 0.944077 182 187 189
0.7875 2.8725 0.619765 0.00493859 0.499566 0.866262 183 187 190
0.7875 2.87846 0.5925 -0.0235808 0.966466 0.255709 174 180 186
0.7875 2.8875 0.58724 -0.168956 0.461947 0.870666 172 178 185
0.7875 2.88249 0.6075 -0.117798 0.970927 0.208385 178 182 185
0.787703 2.6625 0.6075 0.428994 -0.158162 0.889353 170 170 164
0.8025 2.6475 0.598202 0.328661 -0.198679 0.923314 177 180 179
0.8025 2.6625 0.601277 0.375723 -0.111831 0.91996 179 182 180
0.794786 2.6775 0.6075 0.475062 0.0343017 0.879284 171 172 167
0.8025 2.6775 0.602719 0.39518 -0.0455407 0.917474 178 181 179
0.8025 2.6925 0.601375 0.247526 -0.0824149 0.96537 179 183 181
0.797899 2.7075 0.6075 0.472435 -0.304635 0.827044 173 173 170
0.8025 2.7075 0.605606 0.335024 -0.229831 0.913749 174 175 173
0.8025 2.7166 0.6075 0.365602 -0.186261 0.911944 173 172 170
0.8025 2.7225 0.608848 0.437216 -0.162209 0.884608 173 172 170
0.793368 2.7375 0.6225 0.652452 -0.519967 0.551309 177 176 173
0.8025 2.7375 0.611692 0.566485 -0.39895 0.721064 174 174 172
0.8025 2.74811 0.6225 0.647281 -0.518304 0.558918 178 178 175
0.794113 2.7675 0.6225 -0.637583 0.158406 0.75392 181 183 183
0.792639 2.7825 0.6225 -0.632137 -0.0467437 0.773446 182 184 185
0.792778 2.7975 0.6225 -0.609561 0.0116537 0.792654 182 185 185
0.793669 2.8125 0.6225 -0.624062 0.0288599 0.780841 181 183 184
0.793597 2.8275 0.6225 -0.603192 -0.0195407 0.797357 182 184 185
0.793018 2.8425 0.6225 -0.59605 0.122468 0.793553 182 184 185
0.8025 2.85385 0.6225 -0.563138 0.531144 0.633057 183 186 187
0.8025 2.8575 0.618805 -0.255475 0.0819705 0.963334 183 188 190
0.8025 2.8725 0.619023 -0.0888122 0.279095 0.956148 184 188 191
0.8025 2.87906 0.5925 -0.297957 0.863546 0.406829 174 180 188
0.8025 2.8875 0.587413 -0.189916 0.233318 0.953674 173 178 186
0.8025 2.88241 0.6075 -0.326945 0.90289 0.279098 179 183 186
0.8175 2.6475 0.593381 0.285798 -0.1884 0.939588 191 197 199
0.8175 2.6625 0.596207 0.243743 -0.0843566 0.966164 191 196 196
0.8175 2.6775 0.59463 0.27549 -0.103371 0.95573 192 197 196
0.8175 2.6925 0.599542 0.27691 -0.109659 0.954618 186 190 191
0.8175 2.7075 0.600172 0.242002 -0.137634 0.960464 182 186 187
0.805304 2.7225 0.6075 0.377383 -0.160723 0.912004 173 172 171
0.8175 2.7225 0.602884 0.300508 -0.152194 0.941558 179 182 183
0.811813 2.7375 0.6075 0.393898 -0.173573 0.902617 172 172 171
0.8175 2.7375 0.605146 0.309887 -0.159668 0.93727 174 176 176
0.8175 2.75018 0.6075 0.487546 -0.328861 0.808795 170 171 171
0.805897 2.7525 0.6225 0.65873 -0.578105 0.481527 178 179 177
0.8175 2.7525 0.607946 0.636448 -0.53467 0.555933 170 172 171
0.8175 2.76532 0.6225 0.478717 -0.688013 0.545406 179 180 178
0.8175 2.7675 0.626969 0.536465 -0.421483 0.731135 180 181 178
0.8175 2.7825 0.628335 0.396506 -0.0827258 0.914297 181 181 179
0.8175 2.7975 0.629251 0.367208 -0.045774 0.929012 181 181 178
0.8175 2.8125 0.629689 0.352036 -0.0366656 0.935268 181 180 179
0.806994 2.8575 0.6225 -0.628998 0.138506 0.764969 183 186 187
0.806606 2.8725 0.6225 -0.639693 0.412942 0.648283 183 186 187
0.810007 2.8875 0.5925 -0.707934 0.694192 0.130102 174 180 188
0.810314 2.8875 0.6075 -0.649426 0.722913 0.235886 176 179 181
0.8175 2.88455 0.6225 -0.49639 0.695525 0.519464 177 178 176
0.8175 2.8875 0.618102 -0.155484 0.622871 0.766718 176 177 176
0.821346 2.6475 0.5925 0.223418 -0.16409 0.960811 190 197 199
0.832033 2.6625 0.5925 0.245098 -0.153427 0.957281 193 199 200
0.8325 2.6475 0.590169 0.206193 -0.169036 0.963801 189 197 200
0.8325 2.6625 0.592356 0.19463 -0.133216 0.971789 193 199 201
0.8325 2.66339 0.5925 0.211165 -0.142245 0.967045 194 200 200
0.8325 2.6775 0.594445 0.178125 -0.0475691 0.982857 194 200 199
0.8325 2.68805 0.5925 0.337306 0.176885 0.924627 193 199 200
0.83044 2.6925 0.5925 0.457244 -0.204264 0.865566 192 198 200
0.8325 2.6925 0.591831 0.0272677 -0.00227524 0.999626 193 198 201
0.8325 2.6952 0.5925 0.337527 -0.29371 0.894321 193 198 201
0.8325 2.7075 0.59709 0.293783 -0.206437 0.933314 194 200 203
0.8325 2.7225 0.599071 0.208806 -0.117553 0.970866 193 199 201
0.8325 2.7375 0.600705 0.252212 -0.136593 0.957983 191 196 199
0.818913 2.7525 0.6075 0.531603 -0.512105 0.674646 171 173 173
0.8325 2.7525 0.603471 0.27307 -0.152691 0.949799 189 193 195
0.828414 2.7675 0.6075 0.803642 -0.506571 0.312322 181 185 186
0.8325 2.7675 0.605361 0.310435 -0.186019 0.932216 185 189 190
0.826664 2.7675 0.6225 0.688478 -0.451507 0.567574 179 181 180
0.8325 2.76869 0.6075 0.573159 -0.625467 0.529415 184 188 189
0.831024 2.7825 0.6225 0.640334 -0.206974 0.739685 179 181 179
0.8325 2.7825 0.62214 0.585461 -0.49635 0.640993 179 181 179
0.8325 2.78905 0.6225 0.506125 -0.347539 0.789338 179 181 180
0.8325 2.7975 0.62318 0.37739 -0.0630278 0.923907 180 182 181
0.8325 2.8125 0.624043 0.361388 -0.0432123 0.931413 181 182 182
0.8325 2.8275 0.624781 0.373391 -0.0398308 0.926819 180 181 181
0.8325 2.8425 0.62511 0.368454 -0.0930347 0.924979 181 181 180
0.8325 2.8575 0.628406 0.40817 -0.187664 0.893409 181 182 179
0.8325 2.8725 0.6305 0.294616 0.310635 0.903719 181 182 179
0.8325 2.88036 0.6225 0.228394 0.774721 0.589613 178 180 179
0.8325 2.8875 0.612218 0.268609 0.381648 0.884417 175 178 179
0.8475 2.6475 0.586971 0.173447 -0.168069 0.970396 186 193 195
0.8475 2.6625 0.589444 0.170446 -0.137705 0.975697 189 195 198
0.842085 2.6775 0.5925 0.210744 0 0.977541 193 199 200
0.8475 2.6775 0.591211 0.13669 -0.0858828 0.986884 192 198 199
0.8475 2.68543 0.5925 0.105267 -0.147209 0.983488 192 198 201
0.839334 2.6925 0.5925 -0.107916 -0.00360871 0.994153 192 198 201
0.8475 2.6925 0.593428 0 0 1 192 197 202
0.8475 2.69872 0.5925 4.49334e-18 0.139145 0.990272 192 198 202
0.843449 2.7075 0.5925 0.351103 -0.313006 0.88247 194 200 203
0.8475 2.7075 0.59132 0.0543729 -0.00397848 0.998513 193 200 203
0.8475 2.71204 0.5925 0.327332 -0.278139 0.903046 194 200 204
0.8475 2.7225 0.596414 0.255473 -0.18812 0.948338 195 201 205
0.8475 2.7375 0.59737 0.170505 -0.0953064 0.980737 193 199 204
0.8475 2.7525 0.599141 0.207555 -0.135417 0.968805 195 200 204
0.8475 2.7675 0.601479 0.227519 -0.135076 0.96436 196 202 206
0.845326 2.7825 0.6075 0.634881 -0.576753 0.514084 195 200 201
0.8475 2.7825 0.603615 0.345032 -0.341663 0.874196 196 202 203
0.8475 2.7852 0.6075 0.355957 -0.623799 0.695823 196 201 202
0.834409 2.7975 0.6225 0.268568 -0.0368151 0.962557 180 182 182
0.8475 2.7975 0.6192 0.290498 -0.288899 0.912222 185 188 188
0.836274 2.8125 0.6225 0.292324 -0.0332418 0.955741 181 183 183
0.8475 2.8125 0.619537 0.214665 -0.0707546 0.974121 184 187 188
0.837697 2.8275 0.6225 0.297307 -0.0301377 0.954306 180 181 181
0.8475 2.8275 0.620029 0.151018 -0.00571652 0.988515 182 185 185
0.839317 2.8425 0.6225 0.340097 -0.0823601 0.936777 182 184 184
0.8475 2.8425 0.620593 0.198416 -0.031526 0.979611 186 189 190
0.842793 2.8575 0.6225 0.436268 -0.205411 0.876057 181 183 183
0.8475 2.8575 0.621103 0.203295 -0.124155 0.971214 183 186 186
0.8475 2.86334 0.6225 0.242616 -0.272661 0.931017 180 183 183
0.8475 2.8725 0.62555 0.352813 -0.0892197 0.931431 179 181 181
0.8475 2.87569 0.6225 0.201879 0.743191 0.637897 178 180 180
0.8475 2.8875 0.608523 0.119427 0.477968 0.87022 186 190 192
0.8625 2.6475 0.584576 0.0635578 -0.0868841 0.994189 179 185 188
0.8625 2.6625 0.587122 0.129158 -0.149736 0.980254 184 191 193
0.8625 2.6775 0.589156 0.112721 -0.101639 0.988415 188 194 197
0.851779 2.6925 0.5925 0.218947 0.0520839 0.974346 191 197 202
0.8625 2.6925 0.59002 0.0998174 -0.0762033 0.992083 188 195 199
0.8625 2.7075 0.59214 0.0285388 -0.0222556 0.999345 193 199 204
0.856177 2.7225 0.5925 0.34127 -0.298449 0.891327 195 202 207
0.8625 2.7225 0.590689 0.0343726 -0.0252157 0.999091 193 199 204
0.8625 2.72849 0.5925 0.288392 -0.278129 0.916228 194 200 206
0.8625 2.7375 0.595301 0.210546 -0.176223 0.961569 193 199 204
0.8625 2.7525 0.596959 0.137144 -0.10203 0.985282 196 202 207
0.8625 2.7675 0.598555 0.170724 -0.112808 0.97884 196 203 207
0.8625 2.7825 0.600323 0.261491 -0.315733 0.912105 196 203 206
0.8625 2.7892 0.6075 0.428772 -0.653795 0.623464 195 202 203
0.8625 2.7975 0.616209 0.317033 -0.419281 0.850702 196 201 202
0.8625 2.8125 0.61553 0.222514 -0.0802846 0.971618 197 201 203
0.8625 2.8275 0.61952 0.188405 -0.0872477 0.978208 193 195 198
0.8625 2.8425 0.617931 0.121002 0.0330399 0.992102 192 195 197
0.8625 2.8575 0.618296 0.200527 -0.104279 0.974123 196 200 203
0.859452 2.8725 0.6225 0.229997 0.487267 0.84242 190 193 194
0.8625 2.8725 0.621812 0.0963947 0.252714 0.962727 193 197 198
0.8625 2.8875 0.608904 -0.104685 0.402023 0.909626 188 192 196
0.8775 2.6475 0.584747 -0.0343677 -0.0191361 0.999226 172 177 181
0.8775 2.6625 0.585488 0.0362688 -0.0923178 0.995069 174 179 182
0.8775 2.6775 0.587603 0.0964515 -0.126304 0.987291 175 181 184
0.8775 2.6925 0.589294 0.0662955 -0.0932925 0.993429 176 182 186
0.8775 2.7075 0.590463 0.0431848 -0.0836852 0.995556 179 185 190
0.8775 2.7202 0.5925 0.0749245 -0.157664 0.984646 183 189 194
0.875364 2.7225 0.5925 -0.141451 0.00205746 0.989943 185 191 196
0.8775 2.7225 0.592855 4.72196e-18 0 1 183 189 195
0.8775 2.72431 0.5925 0.0748755 0.161651 0.984003 183 189 195
0.870817 2.7375 0.5925 0.29867 -0.285 0.910808 188 194 199
0.8775 2.7375 0.590401 0.0131284 -0.0217062 0.999678 182 188 194
0.8775 2.74428 0.5925 0.253048 -0.2891 0.923249 182 188 193
0.8775 2.7525 0.595113 0.196956 -0.151619 0.968617 183 189 194
0.8775 2.7675 0.596153 0.180003 -0.103947 0.978158 185 191 196
0.8775 2.7825 0.59746 0.144747 -0.118521 0.982345 188 194 199
0.87022 2.7975 0.6075 0.622576 -0.541287 0.565161 196 202 203
0.8775 2.7975 0.599893 0.349249 -0.424024 0.835601 193 200 204
0.8775 2.80624 0.6075 0.237121 -0.65361 0.718727 197 202 205
0.8775 2.8125 0.613499 0.255193 -0.215894 0.942479 197 201 204
0.8775 2.8275 0.613977 0.203173 -0.128862 0.970626 197 200 204
0.8775 2.8425 0.616709 0.155005 -0.0275377 0.98753 197 201 204
0.8775 2.8575 0.615596 0.127933 0.00622046 0.991763 196 201 204
0.8775 2.8725 0.61696 0.226432 -0.0157219 0.9739 197 202 205
0.8775 2.8875 0.614678 -0.0298903 0.426116 0.904175 194 198 202
0.8925 2.6475 0.585919 -0.000884622 -0.065216 0.997871 172 175 179
0.8925 2.6625 0.586102 -0.0527663 -0.0267008 0.99825 172 176 180
0.8925 2.6775 0.586193 0.00157986 -0.0616165 0.998099 172 177 181
0.8925 2.6925 0.588061 0.0711944 -0.12167 0.990014 174 179 183
0.8925 2.7075 0.589929 0.0504244 -0.0990986 0.993799 173 178 182
0.880814 2.7225 0.5925 0.10995 0 0.993937 181 187 193
0.8925 2.7225 0.591196 0.0327623 -0.0642519 0.997396 175 181 186
0.8925 2.73456 0.5925 0.0410748 -0.103127 0.99382 175 181 185
0.890917 2.7375 0.5925 -0.157032 -0.00241087 0.987591 176 181 186
0.8925 2.7375 0.592805 0 0 1 175 181 185
0.8925 2.74001 0.5925 0.0410949 0.0983231 0.994306 176 181 186
0.887612 2.7525 0.5925 0.248652 -0.11541 0.961693 179 185 190
0.8925 2.7525 0.591269 -0.00200347 -0.0127248 0.999917 178 184 189
0.891368 2.7675 0.5925 0.250928 -0.153086 0.955824 179 185 190
0.8925 2.7675 0.592221 0.0824305 -0.0679971 0.994274 179 184 190
0.8925 2.76865 0.5925 0.223416 -0.239429 0.944859 179 184 190
0.8925 2.7825 0.596023 0.160239 -0.174441 0.971542 180 185 191
0.8925 2.7975 0.597634 0.183164 -0.349465 0.918872 184 190 194
0.8925 2.80859 0.6075 0.350119 -0.624185 0.698434 197 202 206
0.8925 2.8125 0.611328 0.237042 -0.333477 0.912472 197 201 205
0.8925 2.8275 0.612468 0.148368 -0.0922731 0.984618 197 201 206
0.8925 2.8425 0.614005 0.150259 -0.0855433 0.984939 196 200 205
0.8925 2.8575 0.614865 0.124266 0.0313422 0.991754 198 202 206
0.8925 2.8725 0.613434 0.13944 0.0180656 0.990066 198 203 207
0.8925 2.8875 0.613208 0.113755 0.234746 0.965378 194 199 202
0.9075 2.6475 0.584818 0.056796 -0.121471 0.990969 171 174 177
0.9075 2.6625 0.586546 0.00935718 -0.0842818 0.996398 172 175 177
0.9075 2.6775 0.587663 -0.0675612 -0.0331755 0.997163 172 176 180
0.9075 2.6925 0.587185 -0.0775301 -0.0772366 0.993994 173 177 180
0.9075 2.7075 0.589084 -0.0246139 -0.0774129 0.996695 173 177 181
0.9075 2.7225 0.59062 0.038979 -0.0903602 0.995146 173 178 181
0.896243 2.7375 0.5925 0.0658704 -2.58537e-18 0.997828 175 180 184
0.9075 2.7375 0.591815 0.0208372 -0.0561933 0.998202 173 178 181
0.9075 2.7446 0.5925 0.0068496 -0.110776 0.993822 175 179 183
0.90147 2.7525 0.5925 -0.142826 -0.0309372 0.989264 177 182 187
0.9075 2.7525 0.593518 0 0 1 177 181 185
0.9075 2.75942 0.5925 -0.0358905 0.123467 0.991699 176 181 185
0.9075 2.7675 0.591571 -0.0108501 -0.000928961 0.999941 175 181 186
0.907443 2.7825 0.5925 0.222218 -0.248961 0.942676 176 182 187
0.9075 2.7825 0.592488 0.0587173 -0.0647635 0.996172 176 182 187
0.9075 2.78255 0.5925 0.256072 -0.254481 0.932559 176 182 187
0.9075 2.7975 0.596584 0.157163 -0.192731 0.968584 176 181 185
0.896207 2.8125 0.6075 0.578648 -0.506428 0.639295 193 198 203
0.9075 2.8125 0.598174 0.290927 -0.407732 0.865515 180 185 190
0.9075 2.82577 0.6075 0.203609 -0.586834 0.78369 190 194 198
0.9075 2.8275 0.609322 0.206002 -0.200313 0.95783 191 195 199
0.9075 2.8425 0.611923 0.134164 -0.0963505 0.986264 194 198 202
0.9075 2.8575 0.612215 0.106953 0.000572645 0.994264 191 195 199
0.9075 2.8725 0.611625 0.107916 0.0380104 0.993433 191 196 200
0.9075 2.8875 0.611933 0.0410268 0.107448 0.993364 192 198 202
0.9225 2.6475 0.584127 -0.00351025 -0.077216 0.997008 171 173 176
0.9225 2.6625 0.586128 0.037091 -0.12637 0.991289 171 173 176
0.9225 2.6775 0.587867 0.00458112 -0.108843 0.994048 172 175 178
0.9225 2.6925 0.589491 -0.0530835 -0.102045 0.993362 172 176 178
0.9225 2.7075 0.591774 -0.0952567 -0.0394051 0.994673 172 176 179
0.9225 2.7225 0.590027 -0.0636527 -0.00563297 0.997956 173 177 181
0.9225 2.7375 0.591471 0.0177382 -0.0752459 0.997007 174 179 182
0.920065 2.7525 0.5925 0.0772866 0 0.997009 174 179 183
0.9225 2.7525 0.592355 0.00788561 -0.0436614 0.999015 174 179 182
0.9225 2.75378 0.5925 -0.0223082 -0.119923 0.992533 174 179 183
0.912905 2.7675 0.5925 -0.193588 -0.00581158 0.981066 175 180 185
0.9225 2.7675 0.594558 -0.0874792 -0.0245563 0.995864 174 179 183
0.9225 2.77697 0.5925 -0.199097 0.182897 0.962761 174 180 184
0.9225 2.7825 0.591591 -0.00930282 -0.019973 0.999757 174 180 184
0.922349 2.7975 0.5925 0.254526 -0.279404 0.925824 173 179 183
0.9225 2.7975 0.592462 0.0503098 -0.0603814 0.996907 173 179 183
0.9225 2.79763 0.5925 -0.0183915 -0.314996 0.948915 173 179 183
0.9225 2.8125 0.597418 0.158783 -0.368727 0.915876 175 181 185
0.9225 2.82595 0.6075 0.273087 -0.579126 0.768139 185 189 192
0.9225 2.8275 0.608796 0.0623829 -0.190763 0.979652 187 190 194
0.9225 2.8425 0.609886 0.0739364 -0.0849971 0.993634 186 190 193
0.9225 2.8575 0.611356 0.0883549 -0.0346961 0.995485 187 191 195
0.9225 2.8725 0.611042 0.0340659 0.0452433 0.998395 187 192 196
0.9225 2.8875 0.609591 0.0532296 0.00188088 0.998581 187 191 195
0.9375 2.6475 0.584955 -0.0707307 -0.046269 0.996422 171 173 174
0.9375 2.6625 0.58534 -0.0588781 -0.0919367 0.994023 172 173 175
0.9375 2.6775 0.587604 -0.00525797 -0.11576 0.993263 171 174 176
0.9375 2.6925 0.589614 0.0237727 -0.121933 0.992254 171 175 177
0.9375 2.7075 0.591523 -0.000395968 -0.0844046 0.996431 171 176 178
0.9375 2.71672 0.5925 0.0193802 -0.102267 0.994568 172 176 179
0.934742 2.7225 0.5925 -0.199817 -0.0476437 0.978674 172 176 179
0.9375 2.7225 0.59307 3.25051e-18 0 1 172 176 179
0.9375 2.72757 0.5925 -0.0702598 0.113458 0.991055 172 177 179
0.9375 2.7375 0.591345 -0.0444997 -0.0111687 0.998947 173 177 181
0.9375 2.7525 0.592287 0.00582861 -0.0643749 0.997909 172 177 180
0.9375 2.75524 0.5925 -0.000146502 -0.0833162 0.996523 172 177 181
0.9375 2.7675 0.593459 0.0356387 -0.111638 0.99311 173 179 182
0.926338 2.7825 0.5925 -0.267587 0.0901992 0.959302 174 180 184
0.9375 2.7825 0.595682 -0.0805418 0.00413126 0.996743 173 179 182
0.925297 2.7975 0.5925 -0.145105 0.0603788 0.987572 173 179 183
0.9375 2.7975 0.592794 -0.116072 -0.0579889 0.991547 174 180 184
0.9375 2.8125 0.594829 -0.0218062 -0.134457 0.990679 175 180 185
0.92413 2.8275 0.6075 0.492704 -0.53317 0.68773 185 189 192
0.9375 2.8275 0.59815 0.306259 -0.38969 0.868531 175 181 185
0.9375 2.8398 0.6075 0.476588 -0.53197 0.699908 183 187 190
0.9375 2.8425 0.609685 0.141563 -0.125391 0.981956 185 188 192
0.9375 2.8575 0.609662 0.0867954 -0.0359911 0.995576 185 189 192
0.9375 2.8725 0.610196 0.0740059 -0.0153406 0.99714 186 190 193
0.9375 2.8875 0.610237 0.0307558 0.0313006 0.999037 185 189 193
0.9525 2.6475 0.585773 0.0180451 -0.123605 0.992167 169 171 173
0.9525 2.6625 0.587779 -0.050198 -0.0992042 0.9938 171 172 174
0.9525 2.6775 0.588804 -0.0904722 -0.0706461 0.99339 171 172 175
0.9525 2.6925 0.589005 -0.0430284 -0.0529924 0.997667 171 174 177
0.9525 2.7075 0.590603 0.0347414 -0.110469 0.993272 171 175 177
0.946742 2.7225 0.5925 0.0609414 5.19113e-18 0.998141 172 176 179
0.9525 2.7225 0.592154 0.0157218 -0.0632932 0.997871 172 176 178
0.9525 2.7261 0.5925 -0.0268224 -0.0991324 0.994713 173 176 179
0.944962 2.7375 0.5925 -0.151307 -0.012672 0.988406 173 177 180
0.9525 2.7375 0.593648 -0.084958 -0.0236226 0.996104 173 177 179
0.9525 2.74949 0.5925 -0.154087 0.0942819 0.983549 171 177 180
0.9525 2.7525 0.592219 -0.0199649 -0.047681 0.998663 171 176 180
0.9525 2.75536 0.5925 -0.0943913 -0.0938655 0.9911 171 177 180
0.9525 2.7675 0.593636 -0.100786 -0.0583975 0.993193 172 177 181
0.9525 2.7825 0.59457 0.00756403 -0.107368 0.994191 172 178 181
0.9525 2.7975 0.597096 -0.053667 -0.0656999 0.996395 173 179 183
0.9525 2.8125 0.59839 -0.13252 -0.0717025 0.988583 174 179 184
0.9525 2.8275 0.597856 -0.0907648 -0.0599451 0.994067 174 179 184
0.940407 2.8425 0.6075 0.498565 -0.446523 0.743001 183 187 190
0.9525 2.8425 0.599717 0.216814 -0.370559 0.903149 174 179 184
0.9525 2.85652 0.6075 0.125557 -0.498653 0.85766 184 188 192
0.9525 2.8575 0.608168 0.0746364 -0.0683058 0.994869 185 189 193
0.9525 2.8725 0.608929 0.0517636 -0.0344973 0.998063 185 189 192
0.9525 2.8875 0.609478 0.0285927 0.00170222 0.99959 185 189 192
0.9675 2.6625 0.586891 -0.00947815 -0.115399 0.993274 170 172 173
0.9675 2.6775 0.589428 0.0127986 -0.128817 0.991586 170 173 176
0.9675 2.6925 0.591113 -0.0604607 -0.0254947 0.997845 170 173 176
0.9675 2.7075 0.590286 -0.0737473 -0.0595252 0.995499 171 174 176
0.9675 2.7225 0.592089 -0.00275517 -0.108583 0.994084 171 175 176
0.9675 2.7267 0.5925 -0.0885199 -0.0985093 0.991191 172 175 177
0.9675 2.7375 0.593585 -0.0147436 -0.0697513 0.997455 172 176 178
0.953997 2.7525 0.5925 -0.188428 0.0629688 0.980066 171 176 180
0.9675 2.7525 0.595098 -0.0765347 -0.0746757 0.994267 172 176 178
0.9675 2.7675 0.596667 -0.109938 -0.0397335 0.993144 171 176 180
0.9675 2.7825 0.595674 -0.125872 0.0117034 0.991978 172 177 181
0.9675 2.7975 0.596251 -0.0116439 -0.0683761 0.997592 172 178 182
0.9675 2.8125 0.597435 0.0537823 -0.12047 0.991259 172 178 182
0.9675 2.8275 0.600407 -0.0246275 -0.0803255 0.996464 173 179 183
0.9675 2.8425 0.59986 -0.00894569 -0.235644 0.971798 174 179 184
0.9675 2.85401 0.6075 0.190094 -0.522659 0.831079 182 186 190
0.9675 2.8575 0.609069 0.020387 -0.0972656 0.99505 185 188 192
0.9675 2.8725 0.608914 -0.0183421 -0.0152675 0.999715 184 188 193
0.9675 2.8875 0.60887 -0.022108 -0.0396407 0.998969 186 190 194
0.301542 2.1825 0.5325 -0.183345 0.383536 0.905143 100 92 82
0.3075 2.1825 0.533707 0 0.39015 0.920751 101 94 84
0.3075 2.18535 0.5325 0.160974 0.376573 0.912294 101 94 84
0.3075 2.1975 0.52756 -0.0426335 0.0520541 0.997734 101 94 86
0.3075 2.2125 0.528816 -0.151128 -0.0711888 0.985947 104 96 90
0.3075 2.2275 0.529351 -0.190656 -0.0253614 0.981329 105 99 92
0.3075 2.2425 0.529591 -0.255406 -0.0814651 0.963396 109 103 97
0.3075 2.2575 0.531471 -0.352937 -0.134048 0.925995 112 106 100
0.3075 2.26259 0.5325 -0.240864 -0.140915 0.960275 113 107 102
0.3075 2.2725 0.533993 -0.205014 -0.13961 0.968751 114 109 104
0.311685 2.1825 0.5325 0.258507 0.367076 0.893549 102 95 85
0.3225 2.1825 0.529328 -0.0473292 0.0813357 0.995562 104 98 89
0.3225 2.1975 0.529884 -0.178645 -0.0484279 0.982721 106 100 92
0.3225 2.2125 0.530808 -0.150783 -0.0802482 0.985304 109 102 99
0.3225 2.2275 0.532265 -0.195147 -0.0630576 0.978745 109 104 98
0.3225 2.2293 0.5325 -0.157029 -0.0775543 0.984544 110 105 99
0.317058 2.2425 0.5325 -0.254672 -0.110844 0.960654 112 107 102
0.3225 2.2425 0.533526 -0.167562 -0.0983895 0.98094 114 109 104
0.310199 2.2575 0.5325 -0.251913 -0.120054 0.960274 113 107 101
0.3225 2.2575 0.535406 -0.179634 -0.11807 0.976622 117 113 107
0.3225 2.2725 0.537003 0.0786812 -0.0623276 0.99495 118 113 109
0.3225 2.2875 0.539664 0.0697415 -0.0341566 0.99698 118 113 109
0.3225 2.3025 0.534083 -0.174814 -0.0969795 0.979814 119 116 111
0.3225 2.3175 0.539378 -0.12528 -0.239639 0.962745 119 115 110
0.3225 2.3325 0.542862 0.0428225 -0.0873317 0.995258 119 114 110
0.3225 2.3475 0.545929 0.298464 -0.163327 0.940342 120 118 113
0.3225 2.35407 0.5475 0.354228 -0.165436 0.920409 120 117 111
0.3225 2.3625 0.548584 0.325742 0 0.945459 118 114 107
0.3225 2.36573 0.5475 0.320293 0.311903 0.894499 120 116 109
0.3225 2.3775 0.543353 0.0334921 0.0144004 0.999335 123 118 111
0.3225 2.3925 0.545053 -0.0433499 -0.120466 0.99177 124 118 110
0.3225 2.4075 0.546997 -0.0593361 -0.144283 0.987756 122 115 108
0.3375 2.1825 0.532116 -0.193186 -0.04974 0.979901 108 104 95
0.3375 2.18829 0.5325 -0.260265 -0.107268 0.95956 109 104 97
0.334745 2.1975 0.5325 -0.231235 -0.055729 0.971301 109 104 97
0.3375 2.1975 0.533537 -0.177543 -0.0420086 0.983216 110 104 98
0.332009 2.2125 0.5325 -0.229937 -0.0767688 0.970173 112 106 103
0.3375 2.2125 0.534314 -0.170397 -0.0510823 0.984051 114 109 106
0.323348 2.2275 0.5325 -0.185131 -0.0741976 0.979909 109 105 99
0.3375 2.2275 0.534499 -0.164409 -0.0628142 0.98439 115 111 106
0.3375 2.2425 0.536112 0.0469367 -0.0143759 0.998794 119 114 110
0.3375 2.2575 0.537307 0.0333375 0.0272748 0.999072 121 119 114
0.3375 2.27021 0.5325 0.197109 0.353196 0.914549 122 119 116
0.334611 2.2725 0.5325 0.355345 -0.1143 0.927721 122 118 115
0.3375 2.2725 0.531635 -1.09584e-17 0 1 122 119 116
0.3375 2.27901 0.5325 -0.136163 -0.218079 0.966386 123 119 116
0.3375 2.2875 0.53463 -0.00351907 -0.190419 0.981697 124 120 117
0.3375 2.3025 0.536944 -0.0869478 -0.0761158 0.993301 123 121 117
0.3375 2.3175 0.541684 -0.0135643 -0.231028 0.972853 123 120 118
0.3375 2.3325 0.544106 -0.0155231 -0.0519461 0.998529 124 120 118
0.3375 2.3475 0.541504 0.0672541 0.00422481 0.997727 123 121 117
0.325645 2.3625 0.5475 0.333707 0.164309 0.928247 119 116 109
0.3375 2.3625 0.543218 0.155545 -0.0782616 0.984724 122 120 115
0.3375 2.3775 0.544619 -0.0514668 -0.0826095 0.995252 123 120 116
0.3375 2.3925 0.545709 -0.080683 -0.133418 0.98777 125 122 118
0.3375 2.4 0.5475 -0.156107 -0.220281 0.962864 125 122 117
0.327394 2.4075 0.5475 -0.147642 -0.223522 0.963452 123 118 111
0.3375 2.4075 0.549298 -0.0520984 -0.177912 0.982666 126 122 117
0.340226 2.1825 0.5325 -0.242666 -0.11428 0.963355 109 105 96
0.3525 2.1825 0.535895 -0.165596 -0.0285637 0.98578 111 108 101
0.3525 2.1975 0.535421 -0.159798 -0.014324 0.987046 113 109 103
0.3525 2.2125 0.536157 -0.0756783 0.0110837 0.997071 116 111 108
0.3525 2.2275 0.537329 0.0103645 0.0431831 0.999013 118 113 110
0.3525 2.24054 0.5325 0.166682 0.341961 0.924813 122 118 115
0.350029 2.2425 0.5325 0.287646 -0.0317341 0.957211 122 118 115
0.3525 2.2425 0.531775 0.184438 0.0868848 0.978996 122 119 115
0.3525 2.2532 0.5325 -0.158156 -0.120099 0.980083 123 122 118
0.3525 2.2575 0.533062 -0.0157048 -0.118735 0.992802 124 123 119
0.343391 2.2725 0.5325 -0.215163 0.212958 0.953076 123 120 118
0.3525 2.2725 0.53502 -0.1448 -0.101937 0.984196 124 123 121
0.3525 2.2875 0.539117 -0.0679044 -0.186791 0.98005 126 123 121
0.3525 2.3025 0.541464 -0.126753 -0.0634739 0.989901 125 124 121
0.3525 2.3175 0.539834 -0.0672532 -0.0740925 0.994981 125 123 122
0.3525 2.3325 0.541588 0.0422151 -0.0937857 0.994697 125 125 122
0.3525 2.3475 0.543146 -0.0390197 0.00649578 0.999217 125 125 122
0.3525 2.3625 0.541473 -0.0691178 -0.0694173 0.99519 127 126 123
0.3525 2.3775 0.544905 -0.0961148 -0.176594 0.97958 127 126 122
0.3525 2.38885 0.5475 -0.166073 -0.188067 0.968014 127 126 122
0.347583 2.3925 0.5475 -0.15768 -0.20885 0.965152 126 125 120
0.3525 2.3925 0.547981 -0.091183 -0.120943 0.988463 127 126 122
0.3525 2.4075 0.549296 0.0503688 -0.0525357 0.997348 126 125 120
0.3675 2.1825 0.537269 -0.133564 -0.0629138 0.989041 114 111 106
0.3675 2.1975 0.538271 -0.101502 0.0167265 0.994695 115 112 108
0.3675 2.2125 0.538833 -0.0910445 0.0828613 0.992394 120 117 113
0.3675 2.2275 0.533239 -0.101124 0.046049 0.993808 122 118 115
0.35754 2.2425 0.5325 -0.233541 0.217496 0.94771 123 120 116
0.3675 2.2425 0.535256 -0.207212 -0.076012 0.975339 124 122 118
0.3675 2.2575 0.537214 -0.231811 -0.0695339 0.970272 126 125 122
0.3675 2.2725 0.539492 -0.166192 -0.0633237 0.984058 127 126 124
0.3675 2.2875 0.538171 -0.125391 -0.0650478 0.989973 128 127 124
0.3675 2.3025 0.539579 -0.0110774 -0.084767 0.996339 128 128 126
0.3675 2.3175 0.541602 -0.019815 -0.100943 0.994695 129 128 127
0.3675 2.3325 0.543316 -0.122264 -0.0671036 0.990226 130 129 127
0.3675 2.3475 0.542756 -0.110233 -0.0651963 0.991765 129 128 127
0.3675 2.3625 0.545002 -0.194974 -0.133713 0.971651 129 129 127
0.3675 2.37485 0.5475 -0.217841 -0.15657 0.963344 129 129 127
0.364659 2.3775 0.5475 -0.193901 -0.19812 0.960807 128 128 126
0.3675 2.3775 0.547841 -0.150325 -0.123201 0.98093 129 129 127
0.3675 2.3925 0.549769 0.00840652 0.0352411 0.999343 129 129 126
0.3675 2.39926 0.5475 0.278336 0.298727 0.912848 129 129 126
0.358128 2.4075 0.5475 0.302407 -0.049235 0.951906 127 126 122
0.3675 2.4075 0.544984 0.0792915 0.0122306 0.996776 130 129 126
0.3825 2.1825 0.539691 0.00933107 -0.0730208 0.997287 115 113 109
0.3825 2.1975 0.540551 -0.105669 0.0441879 0.993419 118 116 112
0.3825 2.2125 0.536383 -0.127781 0.0249825 0.991488 122 120 116
0.3825 2.2275 0.538195 -0.236134 -0.0381286 0.970972 124 122 119
0.3825 2.2425 0.540007 -0.23872 -0.0581277 0.969347 126 126 121
0.3825 2.2575 0.542211 -0.142851 -0.0145775 0.989637 128 127 124
0.3825 2.2725 0.539114 -0.117825 -0.0168951 0.992891 128 128 125
0.3825 2.2875 0.541033 -0.102596 -0.0615654 0.992816 129 128 126
0.3825 2.3025 0.542676 -0.144952 -0.043472 0.988483 129 130 129
0.3825 2.3175 0.541124 -0.133464 -0.0724512 0.988402 131 131 131
0.3825 2.3325 0.544413 -0.141309 -0.165074 0.976106 131 131 131
0.3825 2.3475 0.54645 -0.171284 -0.0829811 0.981721 131 131 131
0.3825 2.3523 0.5475 0.153659 -0.145308 0.977381 132 133 132
0.375709 2.3625 0.5475 -0.246713 -0.165597 0.954835 131 132 131
0.3825 2.3625 0.548696 -0.0835492 -0.116769 0.989639 133 135 134
0.3825 2.3775 0.550452 0.0547316 -0.00764098 0.998472 133 135 133
0.3825 2.38542 0.5475 0.290124 0.340008 0.894552 132 133 132
0.374083 2.3925 0.5475 0.29478 0.30655 0.905059 130 130 128
0.3825 2.3925 0.544807 0.00207135 0.0380189 0.999275 132 132 130
0.3825 2.4075 0.546597 -0.131933 -0.116475 0.984392 134 135 133
0.3975 2.1825 0.537911 -0.146722 -0.105544 0.983531 118 117 113
0.3975 2.1975 0.539487 -0.101735 -0.100257 0.989747 120 119 115
0.3975 2.2125 0.5411 -0.166143 0.0240585 0.985808 124 123 119
0.3975 2.2275 0.542981 -0.0721497 -0.115308 0.990706 127 126 122
0.3975 2.2425 0.544861 -0.12623 0.0243277 0.991703 128 129 124
0.3975 2.2575 0.540209 -0.109881 0.042376 0.993041 129 129 126
0.3975 2.2725 0.541364 -0.109133 -0.0301208 0.993571 130 130 127
0.3975 2.2875 0.542973 -0.122906 -0.0619804 0.990481 132 132 130
0.3975 2.3025 0.542751 -0.159148 -0.102155 0.981955 133 134 133
0.3975 2.3175 0.545117 -0.212299 -0.123796 0.969332 134 135 134
0.3975 2.32974 0.5475 -0.230218 -0.144269 0.962386 136 136 136
0.395038 2.3325 0.5475 -0.224107 -0.154571 0.962229 135 135 135
0.3975 2.3325 0.547817 -0.159364 -0.0827055 0.983749 136 136 136
0.386763 2.3475 0.5475 -0.182204 0.0425215 0.982341 133 133 133
0.3975 2.3475 0.548945 -0.0298894 0.0841999 0.996001 136 136 136
0.3975 2.35181 0.5475 6.72199e-18 0.308822 0.95112 136 137 136
0.386307 2.3625 0.5475 0.29444 -0.109168 0.949414 134 136 135
0.3975 2.3625 0.544074 0.0382066 0.0128365 0.999187 135 137 136
0.391902 2.3775 0.5475 0.29775 0.122657 0.946731 135 137 136
0.3975 2.3775 0.545749 0.0142782 -0.0736155 0.997184 136 138 137
0.3975 2.3925 0.547499 -0.155348 -0.115516 0.981083 135 137 136
0.3975 2.39251 0.5475 -0.218518 -0.193785 0.956398 135 137 136
0.387528 2.4075 0.5475 -0.250486 -0.166551 0.953686 135 136 134
0.3975 2.4075 0.550537 -0.133086 -0.149318 0.979792 136 138 137
0.4125 2.1825 0.542108 -0.28718 -0.106385 0.95195 121 120 117
0.4125 2.1975 0.543784 -0.207152 -0.032337 0.977774 123 122 119
0.4125 2.2125 0.545664 -0.0859187 0.0395384 0.995517 126 126 121
0.4125 2.2275 0.540649 -0.0706873 0.0528977 0.996095 129 129 124
0.4125 2.2425 0.54179 0.0243093 -0.0953834 0.995144 130 131 126
0.4125 2.2575 0.543313 -0.0952419 -0.00723719 0.995428 131 132 127
0.4125 2.2725 0.544263 -0.154796 -0.0480206 0.986779 132 133 128
0.4125 2.2875 0.544561 -0.185704 -0.0955779 0.977946 133 133 131
0.4125 2.30147 0.5475 -0.225516 -0.169476 0.959385 134 136 133
0.411892 2.3025 0.5475 -0.306553 -0.170481 0.936462 134 136 133
0.4125 2.3025 0.547613 -0.148319 -0.0946682 0.984398 134 136 133
0.404719 2.3175 0.5475 -0.268079 -0.136152 0.953727 135 136 134
0.4125 2.3175 0.548978 -0.159755 -0.0944259 0.98263 135 137 134
0.4125 2.3325 0.550401 0.00547684 0.0760966 0.997085 137 139 136
0.4125 2.34046 0.5475 0.256512 0.332243 0.907643 136 138 136
0.402743 2.3475 0.5475 0.243591 0.30994 0.919022 136 137 136
0.4125 2.3475 0.544937 0.00579447 0.0707326 0.997478 135 137 136
0.4125 2.3625 0.545998 -0.143909 -0.0809994 0.98627 137 139 138
0.4125 2.3775 0.547384 -0.114098 -0.10501 0.987904 139 141 140
0.4125 2.37875 0.5475 -0.228071 -0.180217 0.95682 139 141 140
0.397513 2.3925 0.5475 -0.164968 -0.179853 0.969762 135 137 136
0.4125 2.3925 0.550167 -0.145396 -0.101305 0.984173 139 141 140
0.4125 2.4075 0.55063 -0.0965026 -0.0878089 0.991452 140 142 141
0.4275 2.1825 0.546961 -0.201844 -0.056398 0.977793 124 123 121
0.4275 2.18776 0.5475 0.245 -0.0676376 0.967161 125 124 122
0.424714 2.1975 0.5475 -0.278821 -0.0319581 0.959811 125 125 123
0.4275 2.1975 0.54797 -4.45911e-18 0 1 126 126 124
0.4275 2.19868 0.5475 -0.20163 0.389587 0.898648 126 126 124
0.4275 2.2125 0.541746 0.0154437 0.0539843 0.998422 128 127 123
0.4275 2.2275 0.542828 -0.09213 -0.00917743 0.995705 129 130 125
0.4275 2.2425 0.543917 -0.160585 -0.0807022 0.983717 131 132 127
0.4275 2.2575 0.545335 -0.171022 -0.0755666 0.982365 133 134 129
0.4275 2.2725 0.545694 -0.167318 -0.0740209 0.98312 133 134 129
0.4275 2.28177 0.5475 -0.211668 -0.132039 0.968381 134 135 131
0.423133 2.2875 0.5475 -0.23664 -0.1768 0.955376 134 134 132
0.4275 2.2875 0.548117 -0.157992 -0.101453 0.982215 135 135 133
0.4275 2.3025 0.549777 -0.148233 -0.0981744 0.984067 136 137 135
0.4275 2.3175 0.55111 0.0122266 0.0683533 0.997586 137 139 136
0.4275 2.32783 0.5475 0.274892 0.322925 0.905623 139 141 138
0.421945 2.3325 0.5475 0.276859 0.328852 0.902887 139 141 138
0.4275 2.3325 0.5458 -0.0441213 0.0121617 0.998952 139 141 138
0.4275 2.3475 0.547186 -0.152748 -0.0835208 0.98473 139 141 140
0.4275 2.35089 0.5475 -0.259882 -0.151261 0.95372 139 141 140
0.421246 2.3625 0.5475 -0.214177 -0.115334 0.969962 138 140 139
0.4275 2.3625 0.549405 -0.220759 -0.110576 0.96904 139 141 140
0.413173 2.3775 0.5475 -0.253179 -0.136285 0.957772 139 141 140
0.4275 2.3775 0.551865 -0.135481 -0.0996082 0.98576 143 145 144
0.4275 2.3925 0.551779 -0.108819 -0.0519173 0.992705 143 145 144
0.4275 2.4075 0.553116 -0.0849457 -0.0453333 0.995354 143 145 144
0.4425 2.17152 0.5475 -0.102982 -0.0939663 0.990235 126 125 123
0.43053 2.1825 0.5475 -0.0984871 0.202395 0.974339 125 124 122
0.4425 2.1825 0.548542 -0.113478 0.0287353 0.993125 126 125 123
0.4425 2.18548 0.5475 -0.0979762 0.345191 0.933405 127 126 124
0.429062 2.1975 0.5475 0.308061 0.215492 0.92664 126 126 124
0.4425 2.1975 0.542994 -0.00140436 0.126579 0.991956 128 127 125
0.4425 2.2125 0.544157 -0.132605 -0.0764429 0.988217 129 130 126
0.4425 2.2275 0.54532 -0.14296 -0.0843121 0.986131 132 133 128
0.4425 2.2425 0.546822 -0.160695 -0.0907648 0.982822 133 134 129
0.4425 2.24905 0.5475 -0.109923 -0.0927861 0.9896 134 135 130
0.438453 2.2575 0.5475 -0.191986 -0.0825393 0.977921 134 135 130
0.4425 2.2575 0.548252 -0.111461 -0.0782108 0.990686 135 136 131
0.432969 2.2725 0.5475 -0.217265 -0.0789957 0.972911 134 135 130
0.4425 2.2725 0.549311 -0.132358 -0.0882926 0.987262 136 137 133
0.4425 2.2875 0.550672 -0.0482947 -0.0128728 0.99875 136 138 133
0.4425 2.3025 0.552132 0.0183994 0.0129087 0.999747 137 139 136
0.4425 2.3152 0.5475 0.168197 0.3378 0.926068 139 141 138
0.439765 2.3175 0.5475 0.272208 0.323286 0.906305 139 141 138
0.4425 2.3175 0.546604 -0.0218134 0.0529642 0.998358 139 141 138
0.4425 2.32656 0.5475 -0.255835 -0.142102 0.956219 140 142 139
0.438835 2.3325 0.5475 -0.168862 -0.10555 0.979972 140 142 139
0.4425 2.3325 0.548514 -0.221343 -0.109105 0.969073 140 142 139
0.42959 2.3475 0.5475 -0.216623 -0.133506 0.967084 139 141 140
0.4425 2.3475 0.551073 -0.139265 -0.143921 0.979741 141 143 142
0.4425 2.3625 0.553262 -0.126855 -0.0389622 0.991156 141 143 142
0.4425 2.3775 0.551898 -0.121903 -0.0465407 0.99145 143 145 144
0.4425 2.3925 0.553417 -0.0687381 -0.0343138 0.997044 145 147 146
0.4425 2.4075 0.554838 -0.0601591 -0.0297821 0.997744 146 148 147
0.4575 2.1675 0.548881 -0.111561 -0.100469 0.988666 127 126 124
0.4575 2.1825 0.550443 0.0253842 0.102394 0.99442 128 127 125
0.4575 2.19015 0.5475 -0.0141561 0.354079 0.935108 129 129 127
0.4575 2.1975 0.544678 -0.0359803 0.0512337 0.998038 130 130 128
0.4575 2.2125 0.545908 -0.115128 -0.0785334 0.990241 130 131 127
0.4575 2.2275 0.547059 -0.111874 -0.0824585 0.990295 132 133 128
0.4575 2.23306 0.5475 -0.10624 -0.0741521 0.991572 133 134 129
0.449624 2.2425 0.5475 -0.0912639 -0.0830992 0.992353 133 134 129
0.4575 2.2425 0.548185 -0.110428 -0.088983 0.989893 134 135 130
0.4575 2.2575 0.549608 -0.11653 -0.082026 0.989794 135 136 131
0.4575 2.2725 0.550696 -0.11022 -0.0830317 0.990433 137 139 134
0.4575 2.2875 0.552223 0.00258715 0.0721425 0.997391 138 139 135
0.4575 2.3025 0.547547 -0.00607388 -0.0151052 0.999867 139 141 138
0.447374 2.3175 0.5475 -0.250327 0.183011 0.950707 140 142 139
0.4575 2.3175 0.550584 -0.111518 -0.0647151 0.991653 141 143 140
0.4575 2.3325 0.552666 -0.104121 -0.0525959 0.993173 142 144 141
0.4575 2.3475 0.5517 -0.114582 -0.050198 0.992145 143 144 142
0.4575 2.3625 0.553003 -0.056723 -0.0960046 0.993763 146 147 145
0.4575 2.3775 0.554301 -0.0622842 -0.018012 0.997896 147 148 146
0.4575 2.3925 0.555754 -0.068658 -0.0257652 0.997307 148 149 149
0.4575 2.4075 0.553059 -0.107597 -0.06385 0.992142 149 151 150
0.4725 2.17588 0.5475 0.313877 0.306059 0.898782 129 128 126
0.466037 2.1825 0.5475 0.312782 0.333126 0.889491 129 128 126
0.4725 2.1825 0.545167 0.0381244 0.0466117 0.998185 129 128 126
0.4725 2.1675 0.550314 0.107125 0.0985824 0.989346 128 127 125
0.4725 2.1975 0.546446 -0.107954 -0.0824293 0.990733 131 130 128
0.4725 2.21047 0.5475 -0.126013 -0.102975 0.98667 131 131 129
0.471148 2.2125 0.5475 -0.120532 -0.0815458 0.989354 131 131 129
0.4725 2.2125 0.547789 -0.162407 -0.0717924 0.984109 131 131 129
0.461188 2.2275 0.5475 -0.119729 -0.0764709 0.989857 132 133 129
0.4725 2.2275 0.548825 -0.106586 -0.075588 0.991426 133 133 131
0.4725 2.2425 0.550052 -0.105966 -0.0941766 0.9899 135 135 132
0.4725 2.2575 0.551612 -0.0408201 -0.0181254 0.999002 137 137 135
0.4725 2.2725 0.552806 0.0524736 0.0285626 0.998214 139 140 137
0.4725 2.28722 0.5475 0.270174 0.326121 0.905898 139 141 136
0.472209 2.2875 0.5475 0.306314 -0.167011 0.937166 139 141 136
0.4725 2.2875 0.5474 0 0 1 139 141 136
0.4725 2.28846 0.5475 -0.19087 -0.186042 0.963824 139 141 136
0.4725 2.3025 0.550223 -0.116824 -0.121079 0.985744 141 143 140
0.4725 2.3175 0.553399 -0.173775 -0.0389036 0.984017 143 145 142
0.4725 2.3325 0.551616 -0.0758335 -0.0359987 0.99647 144 146 143
0.4725 2.3475 0.553357 -0.0845693 -0.0740873 0.993659 145 146 144
0.4725 2.3625 0.554677 -0.0817008 -0.0483327 0.995484 147 148 146
0.4725 2.3775 0.555981 -0.0603125 -0.0149993 0.998067 147 148 147
0.4725 2.3925 0.553466 -0.0832388 -0.0699865 0.994069 149 150 150
0.4725 2.4075 0.556756 -0.158075 -0.133672 0.978338 151 153 152
0.480664 2.1675 0.5475 0.322194 0.312336 0.893665 129 128 126
0.4875 2.1825 0.546646 -0.0924733 -0.0952253 0.991151 130 129 127
0.4875 2.19248 0.5475 -0.109524 -0.114393 0.98738 132 131 129
0.483309 2.1975 0.5475 -0.111246 -0.0938641 0.98935 132 131 129
0.4875 2.1975 0.548245 -0.140946 -0.137993 0.980353 133 132 130
0.4875 2.2125 0.550996 -0.102543 -0.0664526 0.992506 133 133 131
0.4875 2.2275 0.55029 -0.118837 -0.0356778 0.992273 135 135 133
0.4875 2.2425 0.551484 -0.0290812 -0.020927 0.999358 137 137 134
0.4875 2.2575 0.553044 0.0242635 0.0351237 0.999088 139 140 136
0.4875 2.2725 0.547745 -0.00897777 0.0130836 0.999874 141 141 139
0.473335 2.2875 0.5475 -0.194138 0.309393 0.930906 139 141 136
0.4875 2.2875 0.550528 -0.123759 -0.105864 0.986649 141 142 139
0.4875 2.3025 0.55331 -0.116838 -0.114627 0.986514 143 144 141
0.4875 2.3175 0.55609 -0.0495503 -0.0621564 0.996836 144 146 144
0.4875 2.3325 0.553823 -0.117894 0.0256666 0.992694 146 148 146
0.4875 2.3475 0.555077 -0.0730126 -0.0644621 0.995246 146 147 146
0.4875 2.3625 0.556632 -0.0534739 -0.0254284 0.998245 149 150 148
0.4875 2.3775 0.554452 -0.0809898 -0.0531157 0.995299 150 150 150
0.4875 2.3925 0.556929 -0.151581 -0.119149 0.981237 151 151 151
0.4875 2.4075 0.560263 -0.147427 -0.140784 0.979002 153 155 154
0.500094 2.4075 0.5625 -0.16737 0.0839611 0.982312 155 157 156
0.5025 2.40818 0.5625 -2.16799e-18 0.331203 0.943559 155 157 156
0.48854 2.4225 0.5625 0.327761 0.254509 0.909834 154 156 155
0.4875 2.41906 0.5625 0.266133 -0.165057 0.9497 154 156 155
0.5025 2.4225 0.557459 0.0642728 0.0518136 0.996586 155 156 156
0.5025 2.4075 0.562724 0 2.98363e-18 1 155 157 156
0.4875 2.4225 0.56285 -2.96278e-18 0 1 154 156 155
0.4875 2.4235 0.5625 -4.11188e-18 0.344706 0.938711 154 156 155
0.5025 2.4375 0.559317 -0.0966594 -0.114637 0.988694 155 157 157
0.4875 2.4375 0.557342 0.0474492 0.0428196 0.997955 153 155 154
0.5025 2.4525 0.56108 -0.0998213 -0.132502 0.986143 156 158 157
0.4875 2.4525 0.559615 -0.11058 -0.129431 0.985403 154 156 155
0.5025 2.46114 0.5625 -0.0862352 -0.160401 0.983278 157 159 158
0.495757 2.4675 0.5625 -0.142827 -0.143836 0.97924 156 158 157
0.4875 2.4675 0.561282 -0.126935 -0.118732 0.984779 154 156 155
0.5025 2.4675 0.563428 -0.101874 -0.103612 0.989387 158 160 159
0.4875 2.47678 0.5625 -0.138475 -0.122915 0.982709 154 157 157
0.5025 2.4825 0.564617 -0.103798 -0.105732 0.988962 156 160 159
0.4875 2.4825 0.563186 -0.110497 -0.129202 0.985443 154 158 159
0.5025 2.4975 0.566596 -0.0215682 -0.0548979 0.998259 155 161 161
0.4875 2.4975 0.56539 -0.106806 -0.110493 0.988121 153 156 157
0.5025 2.5125 0.568297 0.0281438 -0.0146904 0.999496 155 160 162
0.4875 2.5125 0.566528 -0.0623548 -0.0469758 0.996948 152 156 156
0.5025 2.5275 0.564806 -0.0133388 -0.0357374 0.999272 155 159 160
0.4875 2.5275 0.568714 -0.0219091 0.00657473 0.999738 152 155 155
0.5025 2.5425 0.567472 -0.126363 -0.0914508 0.98776 155 159 160
0.4875 2.5425 0.563829 -0.0465401 0.00557228 0.998901 152 156 156
0.5025 2.5575 0.569817 -0.15209 -0.0859617 0.984621 154 158 159
0.4875 2.5575 0.566611 -0.126944 -0.0868328 0.988102 151 155 155
0.4875 2.5575 0.626062 0 0 0 132 128 120
0.5025 2.5725 0.571943 -0.0542186 -0.0442788 0.997547 154 158 159
0.4875 2.5725 0.569023 -0.136673 -0.122349 0.983032 151 154 154
0.5025 2.5875 0.569725 -0.0248364 -0.0339558 0.999115 154 157 157
0.4875 2.5875 0.571929 -0.0683041 -0.0577108 0.995994 150 153 153
0.4875 2.5875 0.625534 0 0 0 137 132 124
0.5025 2.6025 0.571284 -0.0283425 -0.0281132 0.999203 152 156 155
0.4875 2.6025 0.569461 -0.0118262 -0.0491989 0.998719 146 150 149
0.5025 2.6175 0.572725 -0.0459966 -0.0751792 0.996109 148 152 151
0.4875 2.6175 0.571484 -0.0210112 -0.0387259 0.999029 147 149 148
0.5025 2.6325 0.572148 -0.0673265 -0.102973 0.992403 148 149 150
0.4875 2.6325 0.573122 -0.0355613 -0.110612 0.993227 146 148 147
0.5025 2.6475 0.575191 -0.0814693 -0.17184 0.98175 150 148 149
0.4875 2.6475 0.573645 -0.047276 -0.119283 0.991734 145 143 142
0.503166 2.4075 0.5625 0.334636 0.264989 0.904323 155 157 156
0.5175 2.4075 0.557188 0.0726289 0.0584134 0.995647 156 157 157
0.5175 2.4225 0.558868 -0.0842913 -0.110038 0.990347 155 158 157
0.5175 2.4375 0.560547 -0.0813872 -0.107357 0.990884 157 159 159
0.5175 2.4525 0.562002 -0.0769891 -0.121514 0.989599 158 160 159
0.5175 2.45417 0.5625 -0.0791453 -0.164549 0.983188 158 160 159
0.5175 2.4675 0.564591 -0.0713657 -0.136084 0.988123 159 161 161
0.5175 2.4825 0.566385 -0.0923571 -0.107488 0.989907 158 162 163
0.5175 2.4975 0.568069 0.0304398 0.0560009 0.997967 157 162 163
0.5175 2.5125 0.563453 0.0219302 -0.0417247 0.998888 158 163 166
0.5175 2.5275 0.567216 -0.0644319 -0.128997 0.98955 158 163 165
0.5175 2.5425 0.5699 -0.0771695 -0.134042 0.987966 158 162 164
0.5175 2.5575 0.573097 -0.0365509 -0.0278197 0.998944 158 162 163
0.5175 2.5725 0.569231 -0.029714 0.00584769 0.999541 156 161 163
0.5175 2.5725 0.625262 0 0 0 142 140 135
0.5175 2.5875 0.570996 -0.0181836 -0.03497 0.999223 156 160 162
0.5175 2.6025 0.572467 -0.051249 -0.0646786 0.996589 155 159 161
0.5175 2.6175 0.571469 -0.0678278 -0.0733373 0.994998 152 158 158
0.5175 2.6325 0.574511 -0.141657 -0.152453 0.978106 153 155 157
0.5175 2.6475 0.577278 -0.131037 -0.177066 0.975437 154 154 156
0.5325 2.4075 0.558442 -0.0858637 -0.0938505 0.991877 156 158 160
0.5325 2.4225 0.560078 -0.0780601 -0.10812 0.991068 156 158 160
0.5325 2.4375 0.561693 -0.0787113 -0.108485 0.990977 156 160 161
0.5325 2.44472 0.5625 -0.07766 -0.114316 0.990404 156 160 161
0.521096 2.4525 0.5625 -0.0920275 -0.131958 0.986974 158 160 160
0.5325 2.4525 0.563423 -0.0806368 -0.131341 0.988052 157 161 162
0.5325 2.4675 0.565535 -0.0601429 -0.135518 0.988948 159 162 163
0.5325 2.4825 0.567534 0.1152 0.0624506 0.991377 159 163 164
0.5325 2.49748 0.5625 0.332693 0.300815 0.89377 159 165 165
0.532478 2.4975 0.5625 0.342754 -0.185926 0.920843 159 165 165
0.5325 2.4975 0.562491 0.00683297 -0.0299832 0.999527 159 165 165
0.5325 2.49757 0.5625 -0.133578 -0.19736 0.971188 159 165 165
0.5325 2.5125 0.565534 -0.0494619 -0.142693 0.98853 160 165 168
0.5325 2.5275 0.569296 -0.0668366 -0.151657 0.986171 160 165 168
0.5325 2.5425 0.571626 -0.0032812 -0.0496453 0.998762 160 165 168
0.5325 2.5575 0.56941 0.0344067 -0.038752 0.998656 159 164 166
0.5325 2.5725 0.57091 0.00118622 -0.0110989 0.999938 159 164 166
0.5325 2.5875 0.572458 -0.0322137 -0.0574766 0.997827 159 164 165
0.5325 2.6025 0.571352 -0.0554938 -0.104667 0.992958 158 163 164
0.5325 2.6025 0.623541 0 0 0 155 152 150
0.5325 2.6175 0.574689 -0.137884 -0.16004 0.977433 156 162 162
0.5325 2.63136 0.5775 -0.113213 -0.161528 0.980353 155 159 160
0.531508 2.6325 0.5775 -0.202772 -0.183285 0.96192 155 159 160
0.5325 2.6325 0.577622 -0.0984866 -0.10829 0.989229 155 159 160
0.518492 2.6475 0.5775 -0.154825 0.0273181 0.987564 154 154 156
0.5325 2.6475 0.579267 -0.00458557 0.0349871 0.999377 156 157 158
0.5475 2.4075 0.559876 -0.0918112 -0.0929037 0.991433 157 159 161
0.5475 2.4225 0.561194 -0.087003 -0.0988749 0.991289 156 160 161
0.5475 2.43448 0.5625 -0.0937441 -0.108577 0.989658 158 162 163
0.543071 2.4375 0.5625 -0.0754059 -0.109399 0.991134 157 161 162
0.5475 2.4375 0.562839 -0.0777714 -0.120137 0.989706 158 162 163
0.5475 2.4525 0.564986 -0.0811745 -0.122482 0.989146 159 163 163
0.5475 2.4675 0.566415 -0.0169411 0.0620267 0.997931 160 163 164
0.5475 2.48059 0.5625 0.163449 0.281458 0.945551 160 164 165
0.54604 2.4825 0.5625 0.333518 0.296231 0.894993 160 164 165
0.5475 2.4825 0.561945 0.0048572 0.0136416 0.999895 160 164 165
0.5475 2.48734 0.5625 -0.0700343 -0.183755 0.980474 160 164 165
0.532606 2.4975 0.5625 -0.116529 -0.170735 0.978402 159 165 165
0.5475 2.4975 0.564566 -0.103285 -0.191495 0.976044 161 165 166
0.5475 2.5125 0.567118 -0.0519737 -0.146642 0.987823 161 166 167
0.5475 2.5275 0.570728 0.00706111 -0.0929038 0.99565 161 167 169
0.5475 2.5425 0.568621 0.0219632 -0.0334754 0.999198 161 166 169
0.5475 2.5575 0.570183 -0.0164519 -0.0665818 0.997645 161 166 169
0.5475 2.5725 0.57191 -0.0716357 -0.0241058 0.99714 162 167 170
0.5475 2.5875 0.570679 -0.0401275 -0.0813238 0.99588 161 166 169
0.5475 2.6025 0.573213 -0.0912617 -0.145385 0.985157 161 166 169
0.5475 2.6175 0.576766 -0.111413 -0.176475 0.977979 159 164 167
0.5475 2.62112 0.5775 0.14501 -0.130164 0.980831 159 164 167
0.5475 2.6325 0.578746 0.016623 -0.0506943 0.998576 160 163 166
0.5475 2.63631 0.5775 0.325086 0.293922 0.898849 159 162 165
0.537375 2.6475 0.5775 0.32167 0.314646 0.893043 157 158 160
0.5475 2.6475 0.573845 0.0645506 0.0459432 0.996856 159 160 163
0.5625 2.42017 0.5625 -0.0662508 -0.0985885 0.992921 158 163 166
0.560556 2.4225 0.5625 -0.0995545 -0.097093 0.990284 158 163 165
0.5625 2.4075 0.561355 -0.082618 -0.09911 0.991641 157 161 164
0.5625 2.4225 0.562695 -0.0715521 -0.0820403 0.994057 158 163 166
0.5625 2.4375 0.56399 -0.0675921 -0.10931 0.991707 158 163 166
0.5625 2.4525 0.565761 -0.0667409 -0.13133 0.98909 159 164 166
0.5625 2.4675 0.567896 0.0681429 0.10735 0.991883 161 165 168
0.5625 2.48199 0.5625 0.081045 0.327345 0.941423 162 166 167
0.5625 2.4825 0.562311 -0.0182973 -0.0598843 0.998038 162 166 167
0.5625 2.48414 0.5625 -0.0900519 -0.210911 0.973348 162 166 167
0.5625 2.4975 0.565501 -0.097791 -0.218764 0.970865 163 167 168
0.5625 2.5125 0.568977 -0.107066 -0.0523889 0.992871 163 169 169
0.5625 2.5275 0.567787 0.0137725 -0.068893 0.997529 163 169 170
0.5625 2.5425 0.569416 -0.0174804 -0.071235 0.997306 163 168 171
0.5625 2.5575 0.571191 -0.032531 -0.0812641 0.996162 164 169 172
0.5625 2.5725 0.572836 -0.00853567 -0.0803826 0.996728 163 168 171
0.5625 2.5875 0.57252 -0.098221 -0.085272 0.991505 163 168 171
0.5625 2.6025 0.575715 -0.0833254 -0.129335 0.988094 162 167 170
0.5625 2.61088 0.5775 0.17842 -0.164114 0.970172 162 167 170
0.552798 2.6175 0.5775 -0.109807 0.0825422 0.99052 160 165 168
0.5625 2.6175 0.578244 2.02236e-18 0 1 162 167 170
0.5625 2.61971 0.5775 1.12916e-18 0.31785 0.948141 162 167 170
0.550937 2.6325 0.5775 0.342973 0.128918 0.930457 160 164 167
0.5625 2.6325 0.573215 0.0674982 0.0382233 0.996987 161 166 169
0.5625 2.6475 0.57523 -0.0845495 -0.110846 0.990235 162 166 169
0.5775 2.41048 0.5625 -0.0726086 -0.114916 0.990718 157 162 165
0.5775 2.4075 0.562158 -0.0580547 -0.0965507 0.993634 157 162 165
0.5775 2.4225 0.563816 -0.0692257 -0.0873401 0.99377 158 163 166
0.5775 2.4375 0.564805 -0.0670694 -0.10121 0.992602 159 164 166
0.5775 2.4525 0.566941 -0.00503795 0.0525938 0.998603 160 164 167
0.5775 2.46646 0.5625 0.233334 0.295015 0.926564 161 166 169
0.57663 2.4675 0.5625 0.33765 0.326044 0.883 161 166 169
0.5775 2.4675 0.56216 -0.000707116 0.00334666 0.999994 161 166 169
0.5775 2.47127 0.5625 -0.103656 -0.142552 0.984345 162 166 169
0.564904 2.4825 0.5625 -0.116127 -0.134566 0.984076 162 166 167
0.5775 2.4825 0.564247 -0.115322 -0.189875 0.975012 163 167 168
0.5775 2.4975 0.567295 -0.0581963 -0.160048 0.985392 164 168 169
0.5775 2.5125 0.571056 -0.0039475 -0.086692 0.996227 164 169 170
0.5775 2.5275 0.568681 -0.0685877 0.00840345 0.99761 164 169 171
0.5775 2.5425 0.570409 -0.0558963 -0.111738 0.992164 163 169 170
0.5775 2.5575 0.572135 -0.0668096 -0.0361839 0.997109 165 170 173
0.5775 2.5725 0.571076 -0.0374868 -0.0943535 0.994833 165 170 173
0.5775 2.5875 0.573951 -0.0734809 -0.155731 0.985063 165 170 173
0.5775 2.6025 0.577162 -0.0974744 0.0260255 0.994898 163 171 173
0.564652 2.6175 0.5775 0.326679 0.183736 0.927104 162 167 170
0.5775 2.6175 0.572957 0.0419444 0.0481687 0.997958 164 169 172
0.5775 2.6325 0.574604 -0.0789607 -0.109275 0.99087 164 168 171
0.5775 2.6325 0.623498 0.00467674 -0.0103787 -0.999935 161 159 157
0.5775 2.6475 0.576406 -0.0800152 -0.120796 0.989447 164 168 171
0.5775 2.6475 0.623342 0.00467696 0.00357154 -0.999983 162 159 157
0.584147 2.4075 0.5625 -0.0625235 -0.11467 0.991434 157 162 165
0.5925 2.4075 0.563298 -0.0614266 -0.105523 0.992518 158 162 165
0.5925 2.4225 0.564662 -0.0594641 -0.095634 0.993639 159 164 167
0.5925 2.4375 0.566083 -0.0718133 -0.0946965 0.992913 160 165 168
0.5925 2.4525 0.567715 -0.067839 0.0806166 0.994434 160 165 168
0.583927 2.4675 0.5625 -0.0745556 0.229666 0.97041 161 166 169
0.5925 2.4675 0.563319 -0.0890331 0.0229817 0.995763 162 167 170
0.5925 2.4825 0.565768 -0.0953458 -0.201656 0.974805 164 168 169
0.5925 2.4975 0.569308 -0.106064 -0.0617775 0.992438 165 169 171
0.5925 2.5125 0.567872 0.0104522 -0.0600389 0.998141 165 170 170
0.5925 2.5275 0.569455 -0.0183061 -0.0697857 0.997394 165 171 172
0.5925 2.5425 0.571182 -0.0419624 -0.0830956 0.995658 166 171 174
0.5925 2.5575 0.57278 -0.0113272 -0.0864462 0.996192 166 171 174
0.5925 2.5725 0.572936 -0.0913025 -0.0764438 0.992885 166 171 174
0.5925 2.5875 0.576197 -0.0909689 -0.155395 0.983655 167 172 175
0.5925 2.59393 0.5775 0.161528 -0.150581 0.975312 166 172 175
0.579937 2.6025 0.5775 -0.105338 -0.0713631 0.991873 163 171 173
0.5925 2.6025 0.57849 -4.72206e-18 0 1 165 173 175
0.5925 2.60561 0.5775 -0.0180532 0.308336 0.951106 165 172 175
0.5925 2.6175 0.57373 -0.000723582 0.0471292 0.998889 166 171 175
0.5925 2.6325 0.575814 -0.0625024 -0.113176 0.991607 165 171 174
0.5925 2.6475 0.577186 -0.0609605 -0.108325 0.992245 166 171 175
0.5925 2.6475 0.623413 0.00467696 0.00357154 -0.999983 164 163 161
0.6075 2.4075 0.564113 -0.0507474 -0.0975865 0.993932 159 163 166
0.6075 2.4225 0.565519 -0.0440296 -0.101068 0.993905 160 165 168
0.6075 2.4375 0.567167 -0.0555164 -0.106654 0.992745 160 165 168
0.6075 2.4525 0.568656 -0.0765366 0.0676623 0.994768 162 167 170
0.6075 2.4675 0.564752 -0.105991 0.0548987 0.99285 163 168 171
0.6075 2.4825 0.5672 -0.106744 -0.194431 0.975091 165 169 171
0.6075 2.4975 0.570738 -0.0947348 -0.0486893 0.994311 165 169 173
0.6075 2.5125 0.569084 -0.0666364 0.00331077 0.997772 167 170 173
0.6075 2.5275 0.570443 -0.0620958 -0.110305 0.991956 166 171 173
0.6075 2.5425 0.572495 -0.0594445 -0.0380045 0.997508 167 172 175
0.6075 2.5575 0.571627 -0.0234078 -0.0945217 0.995248 167 172 175
0.6075 2.5725 0.574202 -0.0728605 -0.179013 0.981145 167 172 175
0.6075 2.58441 0.5775 -0.077617 -0.20799 0.975046 168 173 176
0.60191 2.5875 0.5775 -0.126652 0.0418477 0.991064 168 173 176
0.6075 2.5875 0.577929 -0.0372966 0.0953739 0.994743 168 173 176
0.6075 2.58888 0.5775 -0.0425863 0.315571 0.947946 168 173 176
0.595287 2.6025 0.5775 0.343339 0.148326 0.927425 165 173 175
0.6075 2.6025 0.572935 0.0356464 0.0828743 0.995922 167 174 176
0.6075 2.6175 0.574759 -0.0750075 -0.120313 0.989898 167 173 176
0.6075 2.6325 0.576581 -0.0741359 -0.124542 0.989441 168 173 177
0.6075 2.63863 0.5775 -0.125257 -0.152813 0.980285 168 173 177
0.595553 2.6475 0.5775 -0.105126 -0.138133 0.984819 167 172 175
0.6075 2.6475 0.578765 -0.0817178 -0.103006 0.991318 169 173 176
0.6075 2.6475 0.626214 0 0 0 164 164 160
0.6225 2.4075 0.564595 -0.0493362 -0.0830165 0.995326 161 165 168
0.6225 2.4225 0.565994 -0.0511317 -0.10041 0.993631 161 166 169
0.6225 2.4375 0.567674 -0.0420396 -0.114204 0.992567 161 166 169
0.6225 2.4525 0.569649 -0.049193 0.0284137 0.998385 163 168 171
0.6225 2.4675 0.566725 -0.100721 0.0229008 0.994651 165 169 172
0.6225 2.4825 0.569056 -0.0599806 -0.130926 0.989576 165 169 172
0.6225 2.4975 0.572581 0.0167988 -0.0732633 0.997171 166 169 174
0.6225 2.5125 0.56968 -0.0613035 0.0241264 0.997828 168 171 175
0.6225 2.5275 0.571407 -0.0563967 -0.10505 0.992867 167 172 175
0.6225 2.5425 0.573011 -0.052389 -0.0399505 0.997827 167 172 176
0.6225 2.5575 0.572344 -0.0561732 -0.064659 0.996325 168 173 177
0.6225 2.5725 0.575879 -0.0909845 -0.22614 0.969836 169 174 177
0.6225 2.5805 0.5775 -0.0732924 -0.157714 0.984761 169 174 177
0.6225 2.5875 0.578355 -0.0667628 -0.00368888 0.997762 169 174 177
0.6225 2.59028 0.5775 -0.0481709 0.300575 0.952541 169 174 177
0.6225 2.6025 0.573752 -0.0514165 0.052341 0.997305 168 173 177
0.6225 2.6175 0.576003 -0.0641671 -0.138083 0.98834 167 175 178
0.6225 2.62748 0.5775 -0.0197336 -0.153111 0.988012 168 176 179
0.61574 2.6325 0.5775 -0.126328 -0.170036 0.977307 168 175 178
0.6225 2.6325 0.57876 -0.0401086 -0.113407 0.992739 168 176 179
0.6225 2.6475 0.57954 -0.0403985 -0.0892604 0.995189 168 175 178
0.6225 2.6475 0.625223 0 0 0 166 166 165
0.6375 2.4075 0.565414 -0.0379174 -0.0845931 0.995694 162 166 169
0.6375 2.4225 0.567111 -0.0451555 -0.107417 0.993188 162 167 170
0.6375 2.4375 0.56864 -0.053344 -0.0990699 0.99365 162 167 170
0.6375 2.4525 0.570038 -0.0411065 0.0176353 0.998999 163 168 171
0.6375 2.4675 0.567887 -0.0490374 -0.0153875 0.998678 166 170 173
0.6375 2.4825 0.570906 -0.0686413 -0.0234965 0.997365 166 169 174
0.6375 2.4975 0.568652 0.0421553 -0.048214 0.997947 167 170 175
0.6375 2.5125 0.570479 0.0056506 -0.0680962 0.997663 168 171 176
0.6375 2.5275 0.572304 -0.0476251 -0.109797 0.992812 168 173 177
0.6375 2.5425 0.573805 -0.0698881 -0.0620111 0.995626 168 173 177
0.6375 2.5575 0.573483 -0.112094 -0.118787 0.986572 169 174 178
0.6375 2.57097 0.5775 -0.104411 -0.213447 0.971359 170 175 179
0.63421 2.5725 0.5775 -0.127966 -0.246644 0.96062 170 175 179
0.6375 2.5725 0.577766 -0.0551351 -0.127557 0.990298 170 175 179
0.6375 2.5875 0.579604 -0.0613823 0.0641437 0.996051 170 175 179
0.6375 2.59376 0.5775 -0.060759 0.309465 0.948968 169 175 179
0.6375 2.6025 0.574568 -0.054165 0.0801874 0.995307 168 175 179
0.6375 2.6175 0.576391 -0.0449607 -0.125312 0.991098 168 176 179
0.6375 2.62944 0.5775 -0.0447926 -0.114966 0.992359 168 176 179
0.6375 2.6325 0.578088 -0.0326463 -0.132165 0.99069 168 176 179
0.6375 2.6475 0.580046 -0.0322117 -0.109685 0.993444 169 176 179
0.6525 2.4075 0.565803 -0.0822927 -0.0618937 0.994684 162 166 169
0.6525 2.4225 0.56734 -0.0234932 -0.110574 0.99359 163 168 171
0.6525 2.4375 0.569221 -0.026185 -0.111541 0.993415 164 169 172
0.6525 2.4525 0.57066 -0.0428303 0.0203919 0.998874 164 169 172
0.6525 2.4675 0.568603 -0.0466526 -0.016239 0.998779 167 171 174
0.6525 2.4825 0.571179 -0.0321058 -0.026927 0.999122 167 170 175
0.6525 2.4975 0.569438 -0.0292699 0.00559648 0.999556 168 171 176
0.6525 2.5125 0.571114 -0.036024 -0.114875 0.992727 168 172 176
0.6525 2.5275 0.572855 -0.0367654 -0.114575 0.992734 168 173 177
0.6525 2.5425 0.574428 -0.0369348 -0.0972846 0.994571 168 173 177
0.6525 2.5575 0.57607 -0.0807182 -0.130901 0.988104 170 175 179
0.6525 2.5654 0.5775 -0.037858 -0.156612 0.986934 170 175 179
0.6525 2.5725 0.578163 -0.042391 -0.125613 0.991173 170 175 179
0.6525 2.5875 0.580265 0.0457751 0.0150017 0.998839 170 175 180
0.6525 2.59619 0.5775 0.0327313 0.312816 0.949249 170 175 180
0.6525 2.6025 0.575384 0.00807719 -0.0292453 0.99954 170 175 179
0.6525 2.61661 0.5775 -0.043962 -0.15412 0.987074 171 176 180
0.65088 2.6175 0.5775 -0.0847687 -0.126557 0.988331 171 176 180
0.6525 2.6175 0.577725 -0.056941 -0.0940749 0.993935 171 176 180
0.6525 2.6325 0.57908 -0.0390467 -0.103677 0.993844 171 176 180
0.6525 2.6475 0.580865 -0.0368049 -0.123821 0.991622 170 176 180
0.6675 2.4075 0.568841 -0.0640701 -0.0803385 0.994706 163 167 170
0.6675 2.4225 0.5679 -0.0496879 -0.0505101 0.997487 164 169 172
0.6675 2.4375 0.569382 -0.0203755 -0.114601 0.993203 164 169 172
0.6675 2.4525 0.571319 -0.0228983 0.0058339 0.999721 165 170 173
0.6675 2.4675 0.56932 -0.0378481 -0.0231692 0.999015 167 171 174
0.6675 2.4825 0.571895 -0.108378 -0.0714179 0.991541 167 170 175
0.6675 2.4975 0.569634 -0.14976 0.0748471 0.985885 169 172 177
0.6675 2.5125 0.571513 -0.0152918 -0.120631 0.99258 168 173 177
0.6675 2.5275 0.573267 -0.0238042 -0.122474 0.992186 169 174 178
0.6675 2.5425 0.575201 -0.0368937 -0.0926156 0.995018 169 174 178
0.6675 2.5575 0.576071 -0.0304919 -0.120398 0.992257 170 175 179
0.6675 2.56266 0.5775 -0.0234906 -0.179062 0.983557 170 175 179
0.6675 2.5725 0.579026 0.0059255 -0.0218206 0.999744 171 176 180
0.6675 2.57732 0.5775 0.183672 0.292825 0.938359 171 176 180
0.659737 2.5875 0.5775 0.356736 0.285912 0.889378 170 175 181
0.6675 2.5875 0.574286 0.0489699 0.0619537 0.996877 170 175 181
0.6675 2.6025 0.576121 -0.036233 -0.129244 0.990951 171 176 180
0.6675 2.6132 0.5775 -0.0346093 -0.161491 0.986267 171 176 180
0.6675 2.6175 0.578465 -0.0490593 -0.095761 0.994195 171 176 180
0.6675 2.6325 0.579481 -0.0469498 -0.0932516 0.994535 172 177 181
0.6675 2.6475 0.581025 -0.0477208 -0.12234 0.99134 171 177 181
0.6825 2.4075 0.568762 -0.0351338 -0.0790856 0.996249 164 168 171
0.6825 2.4225 0.567857 -0.00686483 -0.0289351 0.999558 164 169 172
0.6825 2.4375 0.569795 -0.0102047 -0.11723 0.993052 165 170 173
0.6825 2.4525 0.57146 -0.0521082 -0.0340387 0.998061 165 170 173
0.6825 2.4675 0.569621 -0.0946185 -0.00512274 0.9955 167 171 174
0.6825 2.4825 0.572611 -0.0426304 -0.200462 0.978773 168 171 176
0.6825 2.4975 0.57589 -0.165346 0.0982988 0.981325 169 172 177
0.6825 2.5125 0.571563 -0.0806507 0.0125773 0.996663 169 174 178
0.6825 2.5275 0.573559 -0.008862 -0.128544 0.991664 170 175 179
0.6825 2.5425 0.575553 -0.0136402 -0.110127 0.993824 170 175 179
0.6825 2.5575 0.576747 -0.0318053 -0.112815 0.993107 170 175 179
0.6825 2.56068 0.5775 -0.0259167 -0.150351 0.988293 170 175 179
0.6825 2.5725 0.57903 -0.0757269 -0.0432807 0.996189 171 176 180
0.6825 2.57767 0.5775 -0.0831915 0.292776 0.952555 171 176 181
0.6825 2.5875 0.574509 -0.11812 0.0490193 0.991789 171 176 182
0.6825 2.6025 0.576502 -0.023784 -0.128909 0.991371 172 177 181
0.6825 2.61001 0.5775 -0.0406497 -0.185152 0.981869 172 177 181
0.6825 2.6175 0.579182 -0.0454995 -0.10896 0.993004 172 177 181
0.6825 2.6325 0.580244 -0.0361891 -0.0982669 0.994502 173 178 182
0.6825 2.6475 0.582207 -0.0395794 -0.127096 0.9911 173 178 182
0.6975 2.4075 0.569519 -0.0651868 -0.118955 0.990758 164 169 172
0.6975 2.4225 0.568269 -0.117764 0.0356468 0.992402 165 170 173
0.6975 2.4375 0.569752 -0.00832866 -0.116879 0.993111 165 170 173
0.6975 2.4525 0.571688 -0.00771189 -0.111245 0.993763 166 171 174
0.6975 2.4675 0.573169 -0.08797 -0.019342 0.995935 167 171 174
0.6975 2.4825 0.573327 -0.0605803 -0.141362 0.988103 168 171 176
0.6975 2.4975 0.576645 -0.0192999 0.047807 0.99867 170 173 178
0.6975 2.5125 0.571988 -0.00998154 0.0930543 0.995611 169 174 178
0.6975 2.5275 0.573636 -0.00496772 -0.122312 0.992479 171 176 180
0.6975 2.5425 0.575569 -0.00694201 -0.121487 0.992569 171 176 180
0.6975 2.55749 0.5775 0.00281608 -0.127755 0.991802 171 176 180
0.697453 2.5575 0.5775 -0.0496696 -0.145905 0.988051 171 176 180
0.6975 2.5575 0.577501 -0.0176771 -0.131186 0.9912 171 176 180
0.6975 2.5725 0.579504 -0.012286 -0.115348 0.993249 172 177 183
0.689381 2.5875 0.5775 -0.384881 0.256036 0.886742 171 176 182
0.6975 2.5875 0.581034 -0.0970862 0.120075 0.988006 172 177 183
0.6975 2.6004 0.5775 -0.19349 0.260177 0.945975 172 177 181
0.6975 2.6025 0.576908 -0.0353612 -0.0504956 0.998098 172 177 181
0.6975 2.60682 0.5775 0.0162327 -0.195814 0.980507 172 177 181
0.6975 2.6175 0.580033 -0.00888893 -0.129126 0.991588 173 178 182
0.6975 2.6325 0.580633 -0.028207 -0.0875995 0.995756 173 178 182
0.6975 2.6475 0.582461 -0.0257086 -0.124236 0.99192 173 178 182
0.7125 2.4075 0.56944 -0.401678 -0.103206 0.909947 163 168 171
0.7125 2.4225 0.572727 -0.410059 0.0405295 0.911158 165 170 173
0.7125 2.4375 0.569934 -0.373644 -0.00885013 0.92753 166 171 174
0.7125 2.4525 0.571751 -0.200242 0.00021962 0.979746 166 171 174
0.7125 2.4675 0.573327 -0.00342871 -0.0504576 0.99872 168 172 175
0.7125 2.4825 0.573636 0.00771563 -0.112488 0.993623 169 172 177
0.7125 2.4975 0.576567 7.88955e-05 0.00848888 0.999964 170 173 178
0.7125 2.5125 0.571658 -0.114615 0.128179 0.985106 169 174 178
0.7125 2.5275 0.573593 -0.00550457 -0.12486 0.992159 171 176 180
0.7125 2.5425 0.575526 -0.00651342 -0.127771 0.991782 171 176 180
0.697955 2.5575 0.5775 0.00292429 -0.132296 0.991206 171 176 180
0.7125 2.5575 0.577457 -0.00563746 -0.127961 0.991763 172 177 181
0.7125 2.55782 0.5775 -0.0128548 -0.132294 0.991127 172 177 181
0.7125 2.5725 0.579459 -0.0144255 -0.123162 0.992282 173 178 184
0.7125 2.5875 0.581103 -0.0177462 0.0802756 0.996615 173 178 182
0.7125 2.59893 0.5775 -0.000816835 0.284937 0.958546 173 178 182
0.7125 2.6025 0.576478 0.00457667 0.00233631 0.999987 173 178 182
0.7125 2.61068 0.5775 -0.00961474 -0.185806 0.982539 173 178 182
0.7125 2.6175 0.579214 0.00647389 -0.152955 0.988212 173 178 182
0.7125 2.6325 0.580883 -0.0105722 -0.109723 0.993906 174 179 183
0.7125 2.6475 0.582882 -0.0234793 -0.127644 0.991542 174 179 183
0.717689 2.4075 0.5775 -0.832857 -0.0843424 0.547024 162 165 164
0.715459 2.4225 0.5775 -0.839872 0.00497155 0.542762 164 168 169
0.726344 2.4075 0.5925 -0.877165 -0.0819989 0.473136 161 157 151
0.725807 2.4225 0.5925 -0.914092 0.00346031 0.405493 163 161 154
0.7275 2.4075 0.598319 -0.503026 -0.247895 0.827957 161 157 150
0.7275 2.4225 0.601188 0.100658 -0.222363 0.969754 163 159 152
0.717387 2.4075 0.6225 -0.732402 -0.0455255 -0.679348 160 161 157
0.718541 2.4225 0.6225 -0.750928 -0.039409 -0.659207 160 161 157
0.7275 2.4075 0.612476 -0.139685 -0.0916267 -0.985948 162 157 150
0.7275 2.4225 0.611083 -0.194365 -0.0473959 -0.979784 162 158 151
0.71924 2.4375 0.5775 -0.86931 0.0342774 0.493077 164 165 164
0.724253 2.4375 0.5925 -0.950842 -0.0815725 0.298741 164 162 157
0.7275 2.4375 0.602836 -0.123068 -0.180679 0.975812 164 160 152
0.7152 2.4375 0.6225 -0.713741 -0.0572216 -0.698068 161 163 160
0.7275 2.4375 0.61091 -0.217906 -0.0722021 -0.973295 163 159 152
0.717827 2.4525 0.5775 -0.930606 0.159372 0.329503 165 167 166
0.722977 2.4525 0.5925 -0.947081 0.022971 0.320172 165 163 159
0.7275 2.4525 0.605746 -0.283947 -0.0864205 0.954937 165 160 153
0.716406 2.4525 0.6225 -0.750337 -0.0543474 -0.658817 163 164 160
0.7275 2.4525 0.609184 -0.220176 -0.0806349 -0.972122 164 160 153
0.7275 2.46354 0.5775 -0.71146 0.669382 0.213899 167 168 170
0.7275 2.4675 0.573641 -0.313642 0.087371 0.945513 168 171 176
0.725449 2.4675 0.5925 -0.955944 0.235253 0.175578 166 162 157
0.7275 2.4675 0.58561 -0.692506 0.665816 -0.277712 167 165 164
0.7275 2.4675 0.606851 -0.393257 0.484599 0.781353 165 160 155
0.713351 2.4675 0.6225 -0.662804 0.395793 -0.63564 163 165 163
0.7275 2.4675 0.607746 -0.411301 0.4016 -0.81826 165 161 155
0.7275 2.4825 0.572938 -0.169453 -0.0745019 0.982718 169 172 177
0.7275 2.46974 0.5925 -0.661954 0.741504 -0.109491 166 162 158
0.7275 2.47108 0.6225 -0.121451 0.913556 -0.388155 166 164 160
0.7275 2.4975 0.576488 -0.116424 -0.0599033 0.991392 170 173 178
0.7275 2.50309 0.5775 -0.751156 -0.0812826 0.655101 170 174 178
0.725438 2.5125 0.5775 -0.422925 -0.0504275 0.904761 170 175 179
0.7275 2.5125 0.578432 -0.757803 0.114152 0.64242 170 175 179
0.7275 2.51565 0.5775 -0.46962 0.255558 0.845072 170 175 179
0.7275 2.5275 0.573895 -0.20887 0.0458564 0.976868 172 177 181
0.7275 2.5425 0.575837 -0.0152216 -0.130295 0.991358 172 177 181
0.7275 2.55463 0.5775 -0.00783114 -0.133771 0.990981 173 178 182
0.71401 2.5575 0.5775 -0.0286581 -0.135044 0.990425 172 177 181
0.7275 2.5575 0.577883 -0.00523468 -0.12329 0.992357 173 178 182
0.7275 2.5725 0.579813 0.0057264 -0.12553 0.992073 173 178 184
0.7275 2.5875 0.581628 -0.0821028 0.0179097 0.996463 174 179 183
0.7275 2.60053 0.5775 -0.0491252 0.29929 0.952897 173 178 182
0.7275 2.6025 0.576838 -0.0435248 -0.0643326 0.996979 173 178 182
0.7275 2.60748 0.5775 -0.238791 -0.192766 0.951746 173 178 182
0.7275 2.6175 0.579876 -0.121155 -0.120092 0.985342 174 179 183
0.7275 2.6325 0.581308 -0.0924646 -0.0821426 0.992322 174 179 183
0.788321 3.0375 0.4875 0.405122 -0.167982 0.898698 161 164 171
0.79522 3.0525 0.4875 0.454318 -0.236141 0.858972 162 165 172
0.8025 3.0375 0.482168 0.34957 -0.116264 0.929668 161 164 171
0.8025 3.0525 0.484044 0.303827 -0.135781 0.943002 162 165 172
0.8025 3.06524 0.4875 0.379347 -0.245129 0.892193 162 165 172
0.80395 3.0675 0.4875 0.321814 -0.26642 0.908546 162 165 172
0.8175 3.0525 0.482842 0.132816 0.0704031 0.988637 161 164 171
0.8175 3.0675 0.482321 0.271687 -0.153448 0.950074 162 165 172
0.817025 3.0825 0.4875 0.278516 -0.248275 0.927787 163 166 173
0.8175 3.0825 0.48742 0.37279 -0.296141 0.879391 163 166 173
0.8175 3.0827 0.4875 0.401352 -0.447091 0.799391 163 166 173
0.8325 3.0525 0.481241 0.192703 0.107893 0.975308 162 165 172
0.8325 3.0675 0.479079 0.204867 0.0216415 0.978551 162 165 172
0.8325 3.0825 0.480726 0.3421 -0.217252 0.914204 163 166 173
0.829226 3.0975 0.4875 0.464503 -0.316166 0.82721 162 166 175
0.8325 3.0975 0.485764 0.406467 -0.288297 0.866989 162 166 175
0.8325 3.10323 0.4875 0.417434 -0.264597 0.869331 162 166 175
0.8475 3.0525 0.476842 0.268542 0.0419141 0.962356 163 166 173
0.8475 3.0675 0.476188 0.211525 0.018947 0.977189 162 165 172
0.8475 3.0825 0.47575 0.158539 -0.0866404 0.983544 162 165 172
0.8475 3.0975 0.478668 0.346149 -0.182277 0.920302 162 165 173
0.838449 3.1125 0.4875 0.412652 -0.299675 0.860182 163 167 177
0.8475 3.1125 0.483465 0.406791 -0.27689 0.870547 164 168 178
0.8475 3.1243 0.4875 0.422449 -0.300923 0.854975 162 168 178
0.8625 3.05629 0.4725 0.302487 0.0926753 0.948637 162 165 174
0.859064 3.0675 0.4725 0.293571 -0.149026 0.94425 162 165 174
0.8625 3.0525 0.47287 0.265389 0.0524068 0.962716 162 165 174
0.8625 3.07039 0.4725 0.263445 -0.276813 0.924106 162 165 174
0.8625 3.0825 0.476126 0.195034 -0.0421186 0.979892 162 165 174
0.8625 3.09516 0.4725 0.337525 0.265227 0.903178 163 166 175
0.860499 3.0975 0.4725 0.412489 -0.206461 0.887258 163 166 175
0.8625 3.0975 0.471804 0.0120488 -0.0277594 0.999542 163 166 175
0.8625 3.10011 0.4725 -0.07639 -0.302118 0.950205 163 166 175
0.8625 3.1125 0.476534 0.256443 -0.21298 0.942802 163 167 177
0.864798 3.0675 0.4725 -0.311478 0.307069 0.899272 162 165 174
0.8775 3.08038 0.4725 -0.0711919 0.322325 0.943948 163 166 175
0.874825 3.0825 0.4725 0.279976 0.0251407 0.959678 163 166 175
0.8775 3.0675 0.4769 -0.0114227 0.28809 0.957535 162 166 175
0.8775 3.08846 0.4725 0.129799 -0.140205 0.981578 163 166 175
0.867883 3.0975 0.4725 -0.128697 -0.154854 0.979519 163 166 175
0.8775 3.0825 0.471779 0.0806366 0.0294404 0.996309 163 166 175
0.8775 3.0975 0.473867 0.00634409 -0.186502 0.982434 163 166 175
0.8775 3.1125 0.475559 0.145225 -0.0353867 0.988766 163 167 177
0.8925 3.07362 0.4725 0.174581 0.254157 0.951276 162 166 175
0.8925 3.0675 0.473375 0.224615 0.137924 0.964637 162 166 175
0.882228 3.0975 0.4725 0.309301 -0.0889438 0.946795 163 166 175
0.8925 3.0825 0.470871 0.06006 0.107607 0.992378 162 166 175
0.8925 3.0975 0.469245 0.169448 0.0241263 0.985244 162 166 175
0.885076 3.1125 0.4725 0.336822 -0.161718 0.927577 163 167 176
0.8925 3.1125 0.470212 0.274082 -0.134852 0.952205 163 167 176
0.8925 3.12218 0.4725 0.285269 -0.233125 0.929663 163 167 176
0.896394 3.0675 0.4725 0.217079 0.138165 0.966326 162 166 175
0.9075 3.0975 0.469558 -0.0124342 0.155391 0.987775 161 168 176
0.9075 3.1125 0.466157 0.0975228 0.0217592 0.994995 162 169 177
0.9225 3.0975 0.468122 0.152289 0.00851211 0.988299 161 168 178
0.9225 3.1125 0.467846 0.052697 0.12561 0.990679 161 168 178
0.9375 3.0975 0.465153 0.19415 -0.0107355 0.980913 161 168 178
0.9375 3.1125 0.465317 0.145443 0.0508576 0.988059 161 169 179
0.9525 3.1125 0.462813 0.0559527 0.0894171 0.994421 160 169 178
0.9675 3.1125 0.464943 0.0121523 0.208382 0.977972 161 168 178
1.2225 2.9025 0.616479 -0.0637077 -0.0602855 0.996146 173 181 183
1.2075 2.9025 0.615369 -0.0740143 -0.0440045 0.996286 171 180 181
1.2225 2.9175 0.617377 -0.0846894 -0.0585681 0.994685 173 181 183
1.2075 2.9175 0.616128 -0.0905914 -0.0442279 0.994906 172 180 182
1.2225 2.9325 0.618255 -0.092504 -0.0476874 0.99457 173 182 183
1.2075 2.9325 0.616829 -0.107824 -0.0375359 0.993461 172 180 182
1.2225 2.9475 0.618877 -0.0934877 -0.0299195 0.995171 174 182 184
1.2075 2.9475 0.617293 -0.107986 -0.0337974 0.993578 172 180 182
1.2225 2.9625 0.61934 -0.153246 0.105243 0.982568 175 183 185
1.2075 2.9625 0.617757 -0.0992446 0.153839 0.983099 173 181 183
1.2225 2.9775 0.613593 -0.188178 0.237565 0.95297 174 183 188
1.2075 2.9775 0.613048 -0.15381 0.316097 0.936176 174 182 187
1.21435 2.9925 0.6075 -0.525628 0.49848 0.689371 174 183 189
1.2075 2.98516 0.6075 -0.134562 0.559857 0.81759 173 182 188
1.2075 2.9925 0.602326 -0.176566 0.247259 0.952726 173 183 189
1.2225 2.9925 0.613719 -0.176982 0.338258 0.924261 175 184 189
1.2225 3.00093 0.6075 -0.302266 0.557089 0.773491 175 184 190
1.2225 3.0075 0.602901 -0.0483702 0.511707 0.857797 175 184 191
1.2075 3.0075 0.603168 -0.208653 0.417813 0.884249 173 183 189
1.2225 3.02119 0.5925 0.0189513 0.608525 0.793308 174 184 192
1.2075 3.02115 0.5925 -0.28551 0.590277 0.755022 173 183 191
1.2375 2.9025 0.617199 -0.0603765 -0.065333 0.996035 175 183 184
1.2375 2.9175 0.618691 -0.0550877 -0.0770335 0.995505 175 184 183
1.2375 2.9325 0.619681 -0.0720487 -0.0573936 0.995748 175 184 183
1.2375 2.9475 0.620295 -0.088659 -0.0275716 0.99568 176 184 186
1.2375 2.9625 0.620366 -0.0898426 -0.0225255 0.995701 176 184 186
1.2375 2.9775 0.620829 -0.197995 0.268189 0.9428 178 186 188
1.2375 2.9925 0.614345 -0.109872 0.417268 0.902117 176 185 190
1.2375 3.00158 0.6075 -0.0235411 0.591854 0.805701 176 184 191
1.2375 3.0075 0.603226 -0.0207775 0.629274 0.776906 175 184 192
1.2375 3.02008 0.5925 0.00262015 0.633989 0.773338 175 184 194
1.2525 2.9025 0.618537 -0.0625325 -0.0606975 0.996196 177 186 185
1.2525 2.9175 0.619197 -0.0602245 -0.0682372 0.99585 176 185 184
1.2525 2.9325 0.6203 -0.0484212 -0.0658372 0.996655 177 185 187
1.2525 2.9475 0.621402 -0.0511266 -0.0507944 0.9974 177 185 187
1.2525 2.9625 0.621903 -0.0768263 -0.0319515 0.996532 178 186 188
1.2525 2.9775 0.622407 -0.0763382 0.277565 0.957669 178 186 188
1.2525 2.9925 0.614593 -0.149867 0.420678 0.894746 177 186 192
1.2525 3.00203 0.6075 -0.106199 0.587575 0.802171 177 186 193
1.2525 3.0075 0.603705 -0.16386 0.62015 0.767179 177 186 194
1.2525 3.02059 0.5925 -0.270038 0.620636 0.736132 176 186 194
1.2675 2.9025 0.619064 -0.0350184 -0.0763372 0.996467 178 187 186
1.2675 2.9175 0.620213 -0.0458222 -0.070889 0.996431 179 188 187
1.2675 2.9325 0.621361 -0.0556984 -0.0596903 0.996662 178 186 188
1.2675 2.9475 0.621908 -0.0519166 -0.0531227 0.997238 180 188 190
1.2675 2.95557 0.6225 -0.0727407 -0.0720014 0.994749 180 188 190
1.26059 2.9625 0.6225 -0.0726458 -0.0526799 0.995966 179 187 189
1.2675 2.9625 0.622992 -0.0646278 -0.0284237 0.997505 180 188 190
1.25381 2.9775 0.6225 -0.0586797 -7.17855e-05 0.998277 178 186 188
1.2675 2.9775 0.623092 -0.101954 0.0455474 0.993746 180 188 190
1.2675 2.97838 0.6225 -0.245956 0.447004 0.860054 180 188 190
1.2675 2.9925 0.615314 -0.176071 0.32957 0.927568 178 188 194
1.25751 3.0075 0.6075 -0.534812 0.519582 0.666341 178 187 194
1.2675 3.0075 0.615344 -0.160895 0.372004 0.91418 178 188 194
1.25431 3.0225 0.5925 -0.561452 0.525041 0.639612 176 186 195
1.2675 3.0178 0.6075 -0.374233 0.566938 0.733847 177 188 196
1.2675 3.0225 0.604127 -0.205541 0.613869 0.76218 176 188 197
1.2675 3.03603 0.5925 -0.304209 0.620813 0.722529 176 188 198
1.2825 2.9025 0.619591 -0.0350128 -0.0763181 0.996469 180 189 188
1.2825 2.9175 0.62074 -0.0349975 -0.0762939 0.996471 180 189 188
1.2825 2.9325 0.621888 -0.046557 -0.0729173 0.996251 181 189 191
1.2825 2.94051 0.6225 -0.0747287 -0.0744034 0.994424 181 189 191
1.27553 2.9475 0.6225 -0.0739718 -0.0742139 0.994495 181 189 191
1.2825 2.9475 0.623017 -0.0538567 -0.0654555 0.996401 181 189 191
1.2825 2.9625 0.624062 -0.0620058 -0.0342449 0.997488 181 189 191
1.2825 2.9775 0.624043 -0.0628382 0.00063631 0.998024 181 190 193
1.28002 2.9925 0.6225 -0.470565 0.422366 0.77471 180 190 194
1.2825 2.9925 0.624308 -0.0889744 0.135226 0.986812 180 191 194
1.2825 2.99508 0.6225 -0.248742 0.533377 0.808478 180 190 194
1.2825 3.0075 0.61425 -0.0651047 0.492479 0.867886 179 190 196
1.2825 3.01695 0.6075 0.0332973 0.56686 0.823141 178 190 197
1.2825 3.0225 0.604364 0.005917 0.604549 0.796546 177 189 198
1.2825 3.03631 0.5925 -0.0126251 0.651563 0.75849 177 188 199
1.2975 2.9025 0.620118 -0.0311498 -0.0802608 0.996287 180 189 188
1.2975 2.9175 0.621266 -0.04073 -0.0878012 0.995305 181 189 191
1.2975 2.92793 0.6225 -0.0254766 -0.100975 0.994563 182 190 192
1.29046 2.9325 0.6225 -0.0755302 -0.102083 0.991904 182 190 192
1.2975 2.9325 0.623022 -0.0394968 -0.0693878 0.996808 182 190 192
1.2975 2.9475 0.623568 -0.0486733 -0.0519062 0.997465 182 190 192
1.2975 2.9625 0.624722 -0.0411088 -0.0610177 0.99729 183 191 193
1.2975 2.9775 0.625246 -0.0628574 0.0146231 0.997915 182 192 193
1.2975 2.9925 0.624597 -0.0433367 0.142763 0.988808 181 191 194
1.2975 2.99555 0.6225 -0.0212513 0.554891 0.831652 181 191 194
1.2975 3.0075 0.614614 -0.0251505 0.590412 0.80671 180 191 197
1.2975 3.01607 0.6075 0.0027048 0.57433 0.818619 180 191 197
1.2975 3.0225 0.603771 -0.166358 0.469094 0.867338 180 190 199
1.2975 3.03663 0.5925 -0.00929633 0.637352 0.770517 179 190 201
1.3125 2.9025 0.620564 -0.043781 -0.0809119 0.995759 181 190 189
1.3125 2.9175 0.621762 -0.030081 -0.0842599 0.99599 182 190 192
1.3125 2.92675 0.6225 -0.0266622 -0.0789662 0.996521 183 191 193
1.3125 2.9325 0.622943 -0.0116166 -0.0962937 0.995285 183 191 193
1.3125 2.9475 0.624638 -0.0366182 -0.0744465 0.996552 184 192 194
1.3125 2.9625 0.625141 -0.0615026 -0.0589174 0.996366 183 193 194
1.3125 2.9775 0.626247 -0.0572661 0.0111557 0.998297 183 193 194
1.3125 2.9925 0.625197 -0.117847 0.139728 0.983152 184 194 197
1.3125 2.99628 0.6225 -0.174807 0.547216 0.818534 183 194 197
1.3125 3.0075 0.615143 -0.245968 0.573373 0.781501 182 192 199
1.3125 3.01673 0.6075 -0.263879 0.576167 0.773563 181 192 200
1.3125 3.0225 0.603983 -0.154836 0.19907 0.967676 180 191 201
1.29833 3.0375 0.5925 -0.543214 0.523951 0.656044 179 190 201
1.3125 3.0375 0.604229 -0.192487 0.485831 0.852594 181 191 201
1.3125 3.05216 0.5925 -0.155433 0.617207 0.771295 179 191 202
1.3275 2.9025 0.621697 -0.00650307 -0.108978 0.994023 184 192 194
1.3275 2.9175 0.622312 -0.0238405 -0.0654026 0.997574 184 192 194
1.3275 2.91986 0.6225 -0.0361899 -0.0797881 0.996155 184 192 194
1.3275 2.9325 0.623515 -0.042029 -0.083498 0.995621 183 193 194
1.3275 2.9475 0.624627 -0.0375345 -0.0954402 0.994727 184 194 195
1.3275 2.9625 0.626409 -0.0519143 -0.0829063 0.995204 185 195 196
1.3275 2.9775 0.627358 -0.105748 -0.00911489 0.994351 185 195 196
1.3275 2.9925 0.625716 -0.112204 0.0695534 0.991248 184 193 198
1.32256 3.0075 0.6225 -0.522068 0.501977 0.689539 185 194 200
1.3275 3.0075 0.626235 -0.124058 0.230833 0.965052 186 195 200
1.31791 3.0225 0.6075 -0.543893 0.4921 0.679719 182 192 201
1.3275 3.01271 0.6225 -0.371139 0.54008 0.75536 185 194 200
1.3275 3.0225 0.615825 -0.185402 0.591854 0.784433 183 194 201
1.3275 3.03252 0.6075 -0.298093 0.563219 0.770665 182 193 202
1.3275 3.0375 0.604485 -0.0596 0.655207 0.753095 181 192 202
1.3275 3.04485 0.5925 0.117897 0.767067 0.630641 179 191 202
1.3425 2.9025 0.620866 0.0277304 -0.125922 0.991653 185 193 195
1.3425 2.91458 0.6225 0.00892136 -0.143783 0.989569 186 194 196
1.33264 2.9175 0.6225 -0.0376069 -0.123919 0.99158 185 193 195
1.3425 2.9175 0.622848 -0.0328359 -0.0997519 0.99447 186 194 196
1.3425 2.9325 0.624002 -0.0461938 -0.0887484 0.994982 184 194 195
1.3425 2.9475 0.625785 -0.0434333 -0.096031 0.99443 185 195 196
1.3425 2.9625 0.626938 -0.0495477 -0.0962544 0.994123 186 196 197
1.3425 2.9775 0.628469 -0.0567237 -0.0815154 0.995057 187 195 198
1.3425 2.9925 0.629574 -0.158694 0.0402826 0.986506 188 196 199
1.3425 3.0075 0.626556 -0.169038 0.217154 0.96139 186 195 200
1.3425 3.01319 0.6225 -0.152238 0.556964 0.816465 185 194 201
1.3425 3.0225 0.616439 -0.280988 0.576929 0.766941 183 194 202
1.3425 3.0332 0.6075 -0.0868456 0.608394 0.788869 182 193 202
1.3425 3.0375 0.604824 -0.0139682 0.786356 0.617615 181 193 203
1.3425 3.04498 0.5925 -0.00964234 0.853732 0.520624 180 192 203
1.3575 2.9025 0.620251 0.0123641 -0.144222 0.989468 187 195 197
1.3575 2.91597 0.6225 -0.0181306 -0.167363 0.985729 186 196 197
1.3575 2.9175 0.622758 0.00067004 -0.134668 0.990891 186 196 197
1.3575 2.9325 0.625161 -0.0219542 -0.108498 0.993854 187 197 198
1.3575 2.9475 0.625976 -0.0465657 -0.0951251 0.994376 187 197 198
1.3575 2.9625 0.627684 -0.0451863 -0.0977286 0.994187 187 196 198
1.3575 2.9775 0.629247 -0.0470016 -0.0936904 0.994491 189 197 200
1.3575 2.9925 0.630398 -0.0552583 -0.0753854 0.995622 188 196 199
1.35065 3.0225 0.6225 -0.763494 0.321481 0.560113 185 195 202
1.34646 3.0375 0.6075 -0.886293 0.18656 0.423887 182 194 203
1.35021 3.0375 0.6225 -0.971211 -0.0258854 0.236809 185 196 203
1.34622 3.0525 0.6075 -0.97257 -0.0248286 0.231283 182 194 204
1.3497 3.0525 0.6225 -0.973465 -0.0265925 0.227287 184 196 202
1.34582 3.0675 0.6075 -0.976875 0.213777 -0.00393712 181 194 203
1.34937 3.0675 0.6225 -0.972822 -0.0226775 0.23044 183 195 202
1.3575 3.07952 0.6075 -0.645991 0.621533 -0.443161 182 194 204
1.349 3.0825 0.6225 -0.857622 0.440245 -0.265837 183 195 202
1.3575 3.0825 0.611675 -0.633561 0.608044 -0.478418 182 195 203
1.3575 3.0914 0.6225 -0.647736 0.59185 -0.479741 183 195 203
1.3725 2.89497 0.6225 -0.365779 0.213866 0.905796 188 196 198
1.3725 2.9025 0.620723 -0.123639 -0.0825885 0.988884 187 195 197
1.3725 2.91268 0.6225 -0.213208 -0.168513 0.962365 187 196 198
1.3725 2.9175 0.623348 -0.043239 -0.0402307 0.998254 187 197 198
1.3725 2.9325 0.624607 -0.0151906 -0.129902 0.991411 188 198 199
1.3725 2.9475 0.626843 -0.0352077 -0.114893 0.992754 188 198 199
1.3725 2.9625 0.628624 -0.0547364 -0.103198 0.993154 189 198 200
1.3725 2.9775 0.629775 -0.0522605 -0.089265 0.994636 189 198 200
1.3725 2.9925 0.631294 -0.0472184 -0.0885375 0.994953 188 196 199
1.36025 3.0825 0.6075 -0.940682 0.311025 -0.135577 182 194 204
1.35999 3.0975 0.6075 -0.979239 -0.0173349 0.201964 181 193 204
1.36308 3.0975 0.6225 -0.967872 0.243842 -0.0613556 183 195 204
1.3769 2.9025 0.6225 -0.374225 0.0648942 0.925064 188 196 198
1.3875 2.9025 0.62679 -0.075683 0.0379324 0.99641 188 197 199
1.3875 2.9175 0.623206 -0.013509 0.0135017 0.999818 190 198 200
1.3875 2.9325 0.625185 -0.0279492 -0.13439 0.990534 190 198 200
1.3875 2.9475 0.627584 -0.0363494 -0.130608 0.990767 189 199 200
1.3875 2.9625 0.629152 -0.0380013 -0.110829 0.993113 190 200 201
1.3875 2.9775 0.630931 -0.0557901 -0.097069 0.993713 190 199 201
1.4025 2.9025 0.62616 0.0156091 -0.0591767 0.998125 191 199 201
1.4025 2.9175 0.623566 -0.00201635 0.0881384 0.996106 191 199 201
1.4025 2.9325 0.625762 -0.0333178 -0.140068 0.989581 191 199 201
1.4025 2.9475 0.627956 -0.0290612 -0.138318 0.989961 191 200 202
1.4025 2.9625 0.62965 -0.0288084 -0.108044 0.993729 190 200 202
0.3225 2.41014 0.5475 -0.16781 -0.338526 0.925873 121 115 107
0.3225 2.4225 0.552234 0.061512 -0.216401 0.974365 109 104 95
0.3225 2.4375 0.556392 0.15809 -0.172077 0.972315 100 95 85
0.3225 2.4525 0.557085 0.138742 -0.0504461 0.989043 109 102 93
0.3225 2.4675 0.559804 0.284838 -0.281035 0.916453 110 101 93
0.3375 2.4225 0.550889 0.00224078 -0.12723 0.991871 117 114 107
0.3375 2.4375 0.553146 0.207106 -0.136615 0.968733 111 108 101
0.3375 2.4525 0.556259 0.113866 -0.11119 0.987254 104 99 92
0.3375 2.4675 0.555142 0.0547909 -0.189447 0.980361 99 93 86
0.332394 2.4825 0.5625 0.122582 -0.208335 0.970345 103 95 87
0.3375 2.4825 0.561622 0.129627 -0.380429 0.91568 97 90 82
0.3375 2.4855 0.5625 -0.00525311 -0.231301 0.972868 97 90 82
0.3375 2.4975 0.564843 -0.0321461 -0.191502 0.980966 100 92 83
0.3375 2.5125 0.56777 0.301617 -0.0778697 0.950244 107 100 92
0.3375 2.5275 0.570694 0.315959 -0.226354 0.921376 109 102 94
0.3375 2.5425 0.573885 0.157686 -0.182091 0.970555 111 104 96
0.3375 2.5575 0.5742 -0.042342 -0.156983 0.986693 112 105 95
0.3375 2.56522 0.5775 0.0132558 -0.299127 0.954121 111 104 94
0.3375 2.5725 0.579906 0.0211105 -0.160165 0.986864 110 103 93
0.3375 2.5875 0.580433 -0.0813124 -0.0755854 0.993818 108 100 90
0.3375 2.6025 0.582188 0.179133 -0.0450385 0.982793 107 99 89
0.3375 2.6175 0.583803 0.0433406 -0.0126171 0.998981 105 97 87
0.3375 2.6325 0.58013 -0.26358 -0.0876153 0.96065 100 94 82
0.3375 2.6475 0.583168 -0.308304 -0.219287 0.925668 100 92 80
0.3375 2.63698 0.6225 0.797149 -0.603783 0 124 117 103
0.3375 2.6475 0.62052 0.167831 -0.0669755 -0.983538 121 113 99
0.3375 2.6475 0.625887 0.292546 -0.14317 0.945473 125 117 103
0.3525 2.4225 0.552166 0.153765 -0.0153617 0.987988 126 124 118
0.3525 2.43638 0.5475 0.341166 0.297548 0.891668 125 124 119
0.351489 2.4375 0.5475 0.373403 -0.261843 0.889949 125 124 119
0.3525 2.4375 0.547135 0.0086815 -0.0381106 0.999236 125 124 119
0.3525 2.43946 0.5475 -0.0907196 -0.33457 0.937994 125 124 119
0.3525 2.4525 0.552242 0.0881117 -0.307175 0.947565 121 119 112
0.3525 2.4675 0.557693 0.0363077 -0.161358 0.986228 111 108 100
0.3525 2.4825 0.56164 0.151265 -0.283367 0.947007 101 97 91
0.3525 2.48487 0.5625 0.215696 -0.246785 0.944761 99 94 88
0.3525 2.4975 0.565669 0.124339 -0.0908116 0.988075 100 94 87
0.3525 2.50604 0.5625 0.416393 0.311144 0.854287 102 96 89
0.34757 2.5125 0.5625 0.463449 -0.101199 0.880326 107 100 92
0.3525 2.5125 0.560458 0.171053 0.00221086 0.985259 110 103 96
0.3525 2.52208 0.5625 0.0856391 -0.280588 0.956 109 102 94
0.3525 2.5275 0.564967 0.23647 -0.286681 0.928384 111 104 96
0.3525 2.5425 0.569907 0.217865 -0.24663 0.944303 114 107 99
0.3525 2.5575 0.574844 0.199516 -0.243923 0.94905 116 109 101
0.3525 2.56557 0.5775 0.219755 -0.239681 0.945654 115 108 99
0.3525 2.5725 0.578543 0.103313 -0.213963 0.971363 114 107 97
0.3525 2.5875 0.58166 0.153093 -0.0121821 0.988137 112 103 94
0.3525 2.60241 0.5775 0.33463 0.259147 0.906016 111 104 94
0.352437 2.6025 0.5775 0.293331 -0.219046 0.930578 111 104 94
0.3525 2.6025 0.577472 0.0122461 -0.131734 0.991209 111 104 94
0.3525 2.60267 0.5775 -0.0483315 -0.233257 0.971213 111 104 94
0.3525 2.6175 0.581052 0.0282067 -0.216721 0.975826 106 99 89
0.3525 2.6325 0.583679 -0.0958874 -0.094407 0.990905 105 99 87
0.3525 2.6475 0.588418 -0.0344143 -0.23765 0.970741 102 96 84
0.34547 2.6475 0.6225 0.82453 -0.534142 0.186663 123 116 102
0.365051 2.4225 0.5475 0.341711 0.0665854 0.937443 129 128 124
0.3675 2.4225 0.546698 0.0169726 -0.0851391 0.996225 129 129 125
0.3675 2.43061 0.5475 -0.157171 -0.166938 0.97336 130 130 125
0.3574 2.4375 0.5475 -0.0981621 -0.157257 0.982667 127 126 121
0.3675 2.4375 0.549048 -0.13021 -0.219656 0.966849 129 130 125
0.3675 2.4525 0.553208 0.037565 -0.273767 0.961062 128 128 123
0.3675 2.4675 0.558527 0.0326397 -0.135511 0.990238 127 127 122
0.3675 2.4825 0.555574 0.0871372 -0.074714 0.993391 114 112 107
0.359003 2.4975 0.5625 0.406168 0.0673507 0.911313 95 90 84
0.3675 2.4975 0.558873 0.127123 -0.124926 0.983988 104 100 95
0.3675 2.5125 0.560353 -0.0358697 -0.155211 0.98723 94 90 84
0.3675 2.52227 0.5625 -0.0277052 -0.224923 0.973983 89 84 78
0.3675 2.5275 0.564614 0.0643318 -0.290854 0.954602 93 88 81
0.3675 2.5425 0.569005 0.0810299 -0.18482 0.979426 101 95 88
0.3675 2.5575 0.569567 0.138367 -0.164626 0.976603 104 98 92
0.355511 2.5725 0.5775 0.379762 -0.180501 0.907304 115 108 98
0.3675 2.5725 0.572323 0.222703 -0.159315 0.961781 108 102 94
0.362807 2.5875 0.5775 0.390248 0.039286 0.919871 116 107 98
0.3675 2.5875 0.575297 0.235788 -0.144895 0.960942 114 106 97
0.3675 2.60008 0.5775 0.0575271 -0.252426 0.965905 117 108 99
0.353474 2.6025 0.5775 -0.0331618 -0.192765 0.980684 111 104 94
0.3675 2.6025 0.57825 0.00524889 -0.234318 0.972146 117 108 99
0.3675 2.6175 0.58233 0.0740865 -0.277265 0.957933 113 105 96
0.3675 2.6325 0.58754 -0.0141662 -0.114792 0.993289 109 102 91
0.3675 2.6475 0.585057 0.0265682 -0.06991 0.997199 109 101 91
0.3825 2.41507 0.5475 -0.234555 -0.183214 0.954681 135 135 133
0.374531 2.4225 0.5475 -0.145963 -0.144293 0.978711 132 132 129
0.3825 2.4225 0.549203 -0.189761 -0.153414 0.969771 135 135 133
0.3825 2.4375 0.552424 -0.102177 -0.112065 0.988434 131 133 129
0.3825 2.4525 0.552557 -0.0619656 -0.119759 0.990867 130 131 128
0.3825 2.4675 0.554964 0.0963097 -0.147545 0.984355 131 131 127
0.3825 2.4825 0.557098 0.0758955 -0.0932567 0.992745 130 130 127
0.3825 2.4975 0.559228 0.0161978 -0.178713 0.983768 131 129 125
0.3825 2.5125 0.561775 -0.037977 -0.160912 0.986238 126 121 118
0.3825 2.51628 0.5625 -0.0133122 -0.142119 0.98976 125 120 115
0.3825 2.5275 0.563645 0.00316564 -0.178684 0.983901 120 117 110
0.3825 2.5425 0.566717 0.0735165 -0.193199 0.978401 112 108 101
0.3825 2.54238 0.6075 0 -1 0 130 125 116
0.382374 2.5425 0.6075 -1 0 0 130 125 116
0.3825 2.5425 0.607322 0 0 -1 130 125 116
0.3825 2.5425 0.608051 0 0 1 130 125 116
0.3825 2.5575 0.568855 0.203705 -0.11443 0.972322 112 106 101
0.3825 2.54262 0.6075 0 1 0 130 125 116
0.3825 2.5725 0.572453 0.108265 -0.169885 0.979499 115 109 102
0.3825 2.5875 0.572074 0.0409827 -0.177753 0.983221 115 109 99
0.3825 2.60094 0.5775 -0.0204957 -0.334087 0.942319 123 114 105
0.3825 2.6025 0.577865 -0.00170474 -0.180512 0.983571 123 114 105
0.3825 2.6025 0.630317 -0.253459 0.0625708 -0.96532 129 124 114
0.3825 2.6175 0.580239 0.0435452 -0.196958 0.979444 120 112 102
0.3825 2.6175 0.63129 -0.253459 0.0625708 -0.96532 130 124 114
0.3825 2.6325 0.583366 0.219368 -0.172762 0.960225 114 106 96
0.3825 2.6325 0.625581 0 0 0 124 117 107
0.3825 2.6475 0.585688 0.0507521 -0.107057 0.992957 111 103 93
0.3975 2.4225 0.55283 -0.117727 -0.0647887 0.99093 137 139 137
0.3975 2.4375 0.552204 -0.0422789 -0.0213804 0.998877 136 139 137
0.3975 2.4525 0.553999 0.0692907 -0.109213 0.9916 136 138 137
0.3975 2.4675 0.555636 -0.0204061 -0.092973 0.995459 135 137 134
0.3975 2.4825 0.554726 -0.0723168 -0.106011 0.991732 134 135 134
0.3975 2.4975 0.557606 -0.0308459 -0.199589 0.979394 133 134 132
0.3975 2.5125 0.561303 -0.0299017 -0.174565 0.984192 135 132 129
0.3975 2.51797 0.5625 0.169388 -0.169048 0.970943 134 131 128
0.3975 2.5275 0.564023 0.0464781 -0.150217 0.98756 129 127 122
0.3975 2.5425 0.566671 0.189286 -0.039045 0.981145 123 120 115
0.382623 2.5425 0.6075 1 0 0 130 125 116
0.3975 2.55725 0.5625 0.374564 0.239965 0.895611 107 103 98
0.397346 2.5575 0.5625 0.38262 -0.262759 0.885754 107 102 98
0.3975 2.5575 0.56244 0.0226268 -0.103855 0.994335 107 102 98
0.3975 2.55791 0.5625 -0.0924015 -0.294159 0.951279 107 102 98
0.3975 2.5725 0.567023 0.134707 -0.308946 0.941492 100 95 91
0.3975 2.5875 0.573438 0.100116 -0.23518 0.966782 104 98 90
0.3975 2.60062 0.5775 0.217186 -0.273359 0.937073 109 102 94
0.3975 2.6025 0.57781 0.0205565 -0.197677 0.980052 109 102 94
0.3975 2.6175 0.580855 0.149667 -0.069904 0.986262 115 108 99
0.3975 2.6175 0.627351 -0.253459 0.0625708 -0.96532 128 122 112
0.3975 2.6309 0.5775 0.385299 0.222885 0.89547 119 111 102
0.39662 2.6325 0.5775 0.3727 -0.330887 0.866954 120 111 102
0.3975 2.6325 0.5771 0.17147 -0.0320935 0.984666 119 110 101
0.3975 2.63384 0.5775 0.0782256 -0.396391 0.914743 120 111 102
0.3975 2.6475 0.583836 0.118584 -0.340689 0.932668 119 110 101
0.4125 2.4225 0.55265 -0.00878183 -0.062921 0.99798 137 140 139
0.4125 2.4375 0.55422 -0.0121963 0.016196 0.999794 137 140 138
0.4125 2.4525 0.550588 -0.0806089 -0.0473226 0.995622 139 142 143
0.4125 2.4675 0.553504 -0.0492025 -0.208606 0.976761 137 141 139
0.4125 2.4825 0.558049 -0.0626302 -0.127078 0.989913 138 140 140
0.4125 2.4975 0.561595 -0.0313104 -0.206271 0.977994 140 140 138
0.4125 2.50111 0.5625 0.13696 -0.15828 0.977849 140 140 138
0.402361 2.5125 0.5625 -0.190053 0.0748618 0.978915 137 134 131
0.4125 2.5125 0.564122 3.65983e-18 0 1 138 137 135
0.4125 2.5172 0.5625 3.73698e-18 0.306003 0.95203 139 137 134
0.401645 2.5275 0.5625 0.328439 -0.118036 0.937121 134 132 128
0.4125 2.5275 0.559301 0.081792 0.0272816 0.996276 137 134 132
0.406651 2.5425 0.5625 0.377867 0.0526464 0.924362 134 133 128
0.4125 2.5425 0.56054 0.0227364 -0.0953947 0.99518 135 134 130
0.4125 2.55386 0.5625 -0.124288 -0.225286 0.966333 135 134 129
0.398634 2.5575 0.5625 -0.0590583 -0.220611 0.973572 109 104 100
0.4125 2.5575 0.563972 -0.0942942 -0.228799 0.968896 132 131 125
0.4125 2.5725 0.567776 0.0470633 -0.251553 0.966698 125 120 117
0.4125 2.5875 0.572751 0.079397 -0.170779 0.982105 107 102 97
0.398201 2.6025 0.5775 0.404403 -0.180923 0.896507 109 102 94
0.4125 2.6025 0.571 0.168443 -0.0729069 0.983012 117 112 105
0.4125 2.6025 0.627449 0 0 0 130 125 116
0.40486 2.6175 0.5775 0.408615 0.0217091 0.912449 115 108 100
0.4125 2.6175 0.574137 0.196343 -0.180191 0.963836 116 110 102
0.4125 2.6325 0.5766 -0.0104948 -0.178449 0.983893 119 112 104
0.4125 2.63647 0.5775 0.0437664 -0.320319 0.946298 121 114 106
0.4125 2.6475 0.58285 0.150074 -0.386194 0.910127 124 116 107
0.4275 2.4225 0.554793 -0.0741264 -0.0103595 0.997195 144 147 146
0.4275 2.4375 0.550995 -0.0971406 -0.0344094 0.994676 141 145 144
0.4275 2.4525 0.554286 -0.168829 -0.156909 0.973076 142 146 147
0.4275 2.4675 0.558201 -0.178203 -0.119199 0.976747 140 144 145
0.4275 2.4825 0.560863 -0.0415954 -0.0478254 0.997989 140 144 145
0.4275 2.4975 0.557145 0.0109081 -0.0232635 0.99967 143 144 142
0.416747 2.5125 0.5625 0.318697 0.114084 0.940966 140 139 137
0.4275 2.5125 0.558979 0.0797637 -0.0716009 0.994239 142 142 140
0.4275 2.5275 0.560811 -0.115921 -0.110502 0.987093 140 139 137
0.4275 2.54133 0.5625 -0.123093 -0.130221 0.983814 138 139 134
0.426457 2.5425 0.5625 -0.141551 -0.145948 0.979113 138 139 134
0.4275 2.5425 0.56278 -0.0965484 -0.190078 0.97701 138 139 134
0.4275 2.5575 0.566373 -0.0693425 -0.138826 0.987886 136 137 132
0.4275 2.5575 0.629372 0.142379 -0.0667384 -0.98756 135 130 122
0.4275 2.5725 0.567063 -0.0400163 -0.117742 0.992238 126 126 120
0.4275 2.5725 0.628358 0.0196934 -0.0876847 -0.995954 135 130 122
0.4275 2.5875 0.56902 0.122303 -0.134714 0.983308 121 119 114
0.4275 2.5875 0.629683 -0.222422 0.0857802 -0.97117 136 131 122
0.4275 2.6025 0.571807 0.103047 -0.0914679 0.990462 111 108 102
0.4275 2.6175 0.571432 0.0221011 -0.207972 0.977885 104 100 92
0.4275 2.6325 0.577487 0.0323319 -0.301053 0.953059 96 92 83
0.4275 2.63254 0.5775 -0.0155121 -0.181917 0.983192 96 92 83
0.4275 2.6475 0.580219 0.0513532 -0.244051 0.968402 101 95 89
0.4425 2.4225 0.552447 -0.0964488 -0.0703371 0.99285 145 148 147
0.4425 2.4375 0.555605 -0.203475 -0.112597 0.972584 146 149 149
0.4425 2.4525 0.558162 -0.174987 -0.118779 0.97738 146 149 150
0.4425 2.4675 0.561894 -0.0506439 -0.033221 0.998164 144 148 149
0.4425 2.4825 0.556807 -0.0283518 0.0218098 0.99936 143 147 148
0.4425 2.4975 0.558685 -0.0472509 -0.0621302 0.996949 143 146 145
0.4425 2.5125 0.561003 -0.122837 -0.12386 0.984667 142 144 142
0.4425 2.52729 0.5625 -0.129682 -0.112516 0.985151 143 143 143
0.442321 2.5275 0.5625 -0.113089 -0.110432 0.987429 143 143 143
0.4425 2.5275 0.562538 -0.129366 -0.111869 0.985266 143 143 143
0.4425 2.5425 0.564123 -0.124847 -0.118399 0.985086 142 142 141
0.4425 2.5575 0.566099 -0.0017745 -0.0684941 0.99765 140 142 138
0.4425 2.5725 0.568073 0.132725 -0.117117 0.984209 136 137 133
0.4425 2.5725 0.63052 0.140575 -0.171827 -0.975046 137 132 124
0.4425 2.5875 0.569654 0.0357613 -0.0492704 0.998145 135 134 130
0.4425 2.5875 0.626247 -0.0421851 -0.0977137 -0.99432 137 131 122
0.4425 2.6025 0.567521 0.0400504 -0.138379 0.989569 136 134 130
0.4425 2.6175 0.572759 0.0186435 -0.246926 0.968855 123 121 116
0.4425 2.6175 0.623646 0 0 0 135 130 121
0.4425 2.6325 0.577403 0.00749616 -0.201244 0.979512 109 106 99
0.4425 2.63281 0.5775 0.217672 -0.173215 0.960529 109 106 99
0.4425 2.6475 0.580265 0.153043 -0.0938749 0.983751 103 100 93
0.4575 2.4225 0.55635 -0.171728 -0.136806 0.975599 149 151 150
0.4575 2.4375 0.559513 -0.158438 -0.119379 0.980126 150 152 151
0.4575 2.4525 0.5623 -0.0549132 0.00150961 0.99849 150 152 151
0.4575 2.4675 0.557369 -0.0101741 0.00829634 0.999914 147 151 151
0.4575 2.4825 0.559161 -0.0542884 -0.027643 0.998143 147 151 152
0.4575 2.4975 0.560951 -0.137097 -0.124169 0.982744 149 151 150
0.4575 2.51048 0.5625 -0.166809 -0.150981 0.974361 148 150 149
0.455335 2.5125 0.5625 -0.122434 -0.11608 0.985665 147 149 148
0.4575 2.5125 0.562962 -0.126451 -0.113322 0.985479 148 150 149
0.4575 2.5275 0.564586 -0.128938 -0.108845 0.985661 147 148 147
0.4575 2.5425 0.566424 -0.0544044 -0.0492165 0.997305 146 147 146
0.4575 2.5575 0.568317 -0.00108906 0.0231509 0.999731 145 146 144
0.4575 2.5725 0.563003 -0.0166982 0.000612155 0.99986 140 142 139
0.4575 2.5725 0.627563 0 0 0 139 134 126
0.4575 2.5875 0.565912 0.0336487 -0.200856 0.979043 138 140 137
0.4575 2.6025 0.569503 -0.0378338 -0.0991045 0.994358 140 139 137
0.4575 2.6025 0.626326 0 0 0 137 131 123
0.4575 2.6175 0.573091 0.0937673 -0.238125 0.966698 141 140 137
0.4575 2.6325 0.576639 0.106645 -0.078803 0.99117 138 137 134
0.447977 2.6475 0.5775 0.407044 0.0245229 0.913079 99 96 89
0.4575 2.6475 0.573555 0.094281 -0.0201653 0.995341 111 108 103
0.4725 2.4225 0.559937 -0.153824 -0.137112 0.978539 151 153 152
0.4725 2.43634 0.5625 0.3024 -0.16797 0.938265 152 154 153
0.471495 2.4375 0.5625 -0.205337 -0.161107 0.96534 152 154 153
0.4725 2.4375 0.562612 3.22778e-18 0 1 152 154 153
0.4725 2.43786 0.5625 -0.18156 0.310539 0.93306 152 154 153
0.4725 2.4525 0.557713 0.0538111 -0.00214518 0.998549 152 154 153
0.4725 2.4675 0.559309 -0.0431491 -0.0247774 0.998761 152 154 153
0.4725 2.4825 0.561109 -0.130781 -0.119826 0.984143 151 155 155
0.4725 2.49363 0.5625 -0.158912 -0.149774 0.975866 150 154 155
0.469053 2.4975 0.5625 -0.150144 -0.135351 0.979355 150 153 154
0.4725 2.4975 0.563427 -0.139958 -0.110383 0.983985 150 154 155
0.4725 2.5125 0.56451 -0.120899 -0.113513 0.986153 150 153 154
0.4725 2.5275 0.566651 -0.0622998 -0.0414182 0.997198 149 153 153
0.4725 2.5425 0.56801 -0.000902881 0.0207945 0.999783 149 151 152
0.4725 2.5575 0.563405 -0.0112182 -0.0073355 0.99991 149 151 150
0.4725 2.5575 0.630223 0 0 0 136 132 124
0.4725 2.5725 0.566188 -0.110897 -0.0958308 0.989201 148 149 148
0.4725 2.5725 0.623717 0 0 0 140 134 125
0.4725 2.5875 0.568968 -0.128843 -0.149967 0.98026 144 146 144
0.4725 2.6025 0.572852 -0.0537777 -0.0759913 0.995657 143 145 142
0.4725 2.6025 0.62252 0 0 0 139 133 124
0.4725 2.6175 0.569596 -0.0111226 -0.0447363 0.998937 144 145 142
0.4725 2.6325 0.572254 0.117195 -0.137203 0.983586 139 139 136
0.4725 2.6475 0.573838 0.0368904 -0.0834142 0.995832 145 142 139
0.484511 2.4225 0.5625 -0.197899 0.0949907 0.975609 153 155 154
0.472849 2.4375 0.5625 0.319508 0.269203 0.90854 152 154 153
0.482404 2.4825 0.5625 -0.137564 -0.123896 0.982714 153 157 158
0.42061 2.8875 0.6225 0.855651 -0.514788 -0.0534293 103 90 74
0.4275 2.89897 0.6225 0.680639 -0.607367 0.409677 101 88 72
0.4275 2.8875 0.612051 0.3978 -0.395255 0.827967 96 83 67
0.4275 2.8875 0.625765 0.394943 -0.243914 -0.885735 110 98 83
0.430034 2.9025 0.6225 0.765187 -0.539356 -0.351545 101 88 72
0.4425 2.8875 0.611158 -0.0280388 -0.176542 0.983894 96 84 70
0.4425 2.9025 0.615502 0.302982 -0.286068 0.909047 99 86 71
0.4425 2.9025 0.627978 0.363134 -0.272107 -0.891118 116 105 91
0.440818 2.9175 0.6225 0.48732 -0.343627 -0.80277 102 89 73
0.4425 2.9175 0.621557 0.509831 -0.361996 0.780405 101 89 73
0.4425 2.9175 0.623365 0.324343 -0.283708 -0.902392 104 92 76
0.4425 2.91984 0.6225 0.647344 -0.551923 0.525668 102 89 73
0.4575 2.8875 0.613367 -0.370682 0.292801 0.881398 102 91 78
0.4575 2.9025 0.615008 0.0575575 -0.0324085 0.997816 100 88 74
0.4575 2.9175 0.610938 0.186782 -0.21441 0.958718 95 83 68
0.4575 2.9175 0.628502 0.30209 -0.278882 -0.911574 114 103 90
0.453847 2.9325 0.6225 0.735195 -0.613635 -0.287992 100 87 71
0.4575 2.9325 0.61981 0.333051 -0.46541 0.820043 98 85 70
0.4575 2.9325 0.623925 0.281722 -0.302204 -0.910662 103 91 75
0.4575 2.93812 0.6225 0.301589 -0.517803 0.800577 99 86 70
0.467597 2.8875 0.6225 -0.576988 0.510072 0.637896 115 106 92
0.4725 2.89324 0.6225 -0.611229 0.606442 0.508554 112 103 90
0.4725 2.9025 0.610369 -0.367217 0.255403 0.894383 100 90 78
0.4725 2.9175 0.613805 -0.099733 -0.105383 0.989418 97 87 74
0.4725 2.9325 0.618275 0.0611226 -0.341527 0.937882 96 85 71
0.4725 2.9325 0.628563 0.128607 -0.352728 -0.926846 113 103 91
0.4725 2.94695 0.6225 0.123848 -0.991109 0.048627 95 83 69
0.4725 2.95142 0.6225 1.18848e-15 1 0 97 84 70
0.471916 2.9625 0.6225 1 0 0 101 88 71
0.4725 2.9625 0.622184 -1.29464e-17 0 1 101 88 71
0.4725 2.9625 0.622974 1.29464e-17 0 -1 102 89 73
0.4725 2.96276 0.6225 0 -1 0 102 89 72
0.479895 2.9025 0.6225 -0.715533 0.545658 0.4362 111 101 88
0.4875 2.91291 0.6225 -0.721311 0.491412 0.488082 108 99 87
0.4875 2.9175 0.618673 -0.50129 0.100769 0.859391 101 91 79
0.4875 2.9325 0.616517 -0.20228 -0.220923 0.954084 99 89 76
0.4875 2.93949 0.6225 -0.492978 -0.839437 -0.228732 114 104 93
0.472818 2.9625 0.6225 -1 0 0 102 89 72
0.733199 2.4075 0.5925 0.59022 -0.173118 0.788461 160 157 150
0.73646 2.4225 0.5925 0.596933 -0.21231 0.77369 161 160 153
0.7425 2.4075 0.58722 0.408382 -0.147904 0.900749 158 157 151
0.7425 2.4225 0.58972 0.418267 -0.164874 0.893235 160 159 153
0.7425 2.4075 0.618425 0.295627 -0.0792211 -0.952013 161 158 151
0.7425 2.4225 0.617749 0.290997 -0.0682692 -0.954285 161 159 151
0.7425 2.43399 0.5925 0.431793 -0.217609 0.875329 163 160 153
0.7425 2.4375 0.593622 0.556837 -0.199628 0.806276 164 159 153
0.7425 2.4375 0.615947 0.309819 -0.0435086 -0.949799 163 160 153
0.7425 2.4525 0.597321 0.498655 -0.168749 0.850216 165 160 153
0.7425 2.4525 0.616118 0.444797 -0.0906015 -0.891037 164 161 154
0.732355 2.4675 0.5775 -0.870159 0.44601 0.209518 166 167 169
0.7425 2.4675 0.599538 0.454547 -0.0106484 0.890659 165 161 155
0.7425 2.4675 0.614097 0.254674 0.354567 -0.89968 165 161 155
0.730893 2.4825 0.5775 -0.787762 -0.0946138 0.60867 167 169 172
0.741678 2.4825 0.5925 -0.885336 0.298863 0.356176 165 162 157
0.7425 2.4825 0.596191 0.179715 0.276555 0.944045 165 162 156
0.7425 2.4763 0.6225 0.0289207 0.692275 -0.721054 167 162 156
0.728222 2.4975 0.5775 -0.785987 -0.103187 0.609571 170 172 177
0.740252 2.4975 0.5925 -0.843981 -0.0804845 0.5303 168 166 161
0.7425 2.4975 0.599032 0.0324185 -0.231254 0.972353 167 164 158
0.7425 2.4975 0.628659 0 0 0 168 164 157
0.738681 2.5125 0.5925 -0.856462 -0.024811 0.515613 169 167 165
0.7425 2.5125 0.602329 -0.139833 -0.163882 0.976519 168 164 159
0.7425 2.5125 0.627905 0 0 0 169 164 158
0.731177 2.5275 0.5775 -0.916137 0.247827 0.315078 171 174 176
0.737422 2.5275 0.5925 -0.91897 -0.0773555 0.386666 170 169 167
0.7425 2.5275 0.604034 -0.242675 -0.143554 0.959427 169 165 159
0.7425 2.5275 0.626695 0 0 0 168 165 158
0.7425 2.54055 0.5775 -0.704883 0.628698 0.328451 171 176 179
0.7425 2.5425 0.575845 -0.0788377 -0.0817449 0.99353 172 177 181
0.735933 2.5425 0.5925 -0.944143 0.280315 0.173255 170 170 169
0.7425 2.5425 0.580131 -0.654436 0.659062 -0.37061 171 175 177
0.7425 2.5425 0.606361 -0.344116 0.285718 0.894399 169 166 160
0.7425 2.5425 0.62628 0.381113 -0.131985 -0.915059 170 166 160
0.7425 2.55496 0.5775 -0.0912116 -0.13057 0.987234 173 178 182
0.7425 2.54761 0.5925 -0.644579 0.764102 0.0257993 170 169 167
0.7425 2.5575 0.577829 -0.614202 -0.0811493 0.784966 173 178 182
0.7425 2.54756 0.6075 0 -1 0 170 166 160
0.741734 2.5575 0.6075 -1 0 0 171 167 161
0.7425 2.5575 0.606345 7.79497e-18 0 -1 171 167 162
0.7425 2.5575 0.616558 -1.0913e-16 0 1 171 167 160
0.7425 2.5575 0.624117 0.396099 -0.0807186 -0.914653 171 167 160
0.7425 2.5725 0.579371 -0.42141 -0.109345 0.900254 174 179 185
0.7425 2.55833 0.6075 -1.64363e-17 1 0 171 167 162
0.7425 2.5725 0.62284 0.420104 -0.107105 -0.901133 171 167 162
0.7425 2.5875 0.581372 -0.381695 -0.116109 0.916967 174 179 183
0.729022 2.6025 0.5775 -0.391122 0.186169 0.901313 173 178 182
0.7425 2.6025 0.583371 -0.468145 0.013097 0.883555 174 179 183
0.7425 2.6175 0.580467 -0.441967 0.161714 0.882334 175 180 184
0.7425 2.6325 0.584627 -0.0624225 -0.0752856 0.995206 175 180 184
0.7575 2.4075 0.581471 0.375267 -0.155004 0.913865 174 175 172
0.7575 2.4225 0.583231 0.380579 -0.140572 0.914002 173 173 169
0.7575 2.4075 0.622424 0.250328 -0.128444 -0.959603 161 159 151
0.7575 2.4225 0.6199 0.204393 -0.066458 -0.97663 162 159 152
0.7575 2.4075 0.622682 0.598478 -0.199107 0.776003 161 159 151
0.7575 2.4225 0.628132 0.463567 -0.173506 0.868908 162 159 152
0.744236 2.4375 0.5925 0.509488 -0.158409 0.845771 163 160 153
0.7575 2.4375 0.586023 0.388833 -0.128152 0.912352 167 168 163
0.7575 2.4375 0.619809 0.316193 0.109739 -0.942327 163 160 153
0.7575 2.4375 0.62861 0.468791 0.144382 0.871429 163 161 153
0.750529 2.4525 0.5925 0.530889 -0.210956 0.820764 165 160 153
0.7575 2.4525 0.586512 0.484412 -0.107773 0.868176 168 166 160
0.7575 2.44018 0.6225 0.395743 0.896004 -0.201404 163 161 153
0.746732 2.4525 0.6225 0.80942 0.162029 -0.564434 164 161 154
0.757083 2.4675 0.5925 0.465497 0.127282 0.875849 165 163 157
0.7575 2.4675 0.592048 0.550487 -0.129557 0.82473 165 163 158
0.7575 2.4639 0.6225 0.654769 -0.591692 -0.470296 164 161 154
0.7575 2.4675 0.618419 0.40379 0.173371 -0.898274 164 161 154
0.7463 2.4825 0.5925 0.490726 -0.0374703 0.870508 165 162 157
0.7575 2.4825 0.587253 0.333452 0.014449 0.942656 170 168 164
0.7575 2.47166 0.6225 0.325234 0.662186 -0.67508 166 162 155
0.755194 2.4975 0.5925 0.436477 -0.219162 0.872614 165 163 159
0.7575 2.4975 0.59154 0.415149 -0.212234 0.884651 165 164 159
0.7575 2.50258 0.5925 0.425732 -0.159321 0.890713 165 163 159
0.7575 2.5125 0.594441 0.457462 -0.169382 0.872948 165 164 160
0.7575 2.5275 0.596883 0.431012 -0.13928 0.891532 168 166 162
0.744865 2.5425 0.5775 -0.903814 0.354862 0.239152 171 175 178
0.7575 2.5425 0.599346 0.413782 -0.151238 0.897726 168 166 162
0.753604 2.5575 0.5925 -0.888022 0.262014 0.377842 170 169 167
0.74678 2.5575 0.6075 1 0 0 170 167 161
0.7575 2.5575 0.601901 -0.300221 0.208177 0.930876 169 166 162
0.7575 2.5575 0.630364 0.383162 -0.082633 -0.919977 171 167 162
0.754022 2.5725 0.5925 -0.851265 -0.0439583 0.522892 170 170 168
0.7575 2.5725 0.603965 0.0245571 -0.0558348 0.998138 170 167 162
0.7575 2.5725 0.629833 0.408676 -0.0827474 -0.908921 171 168 162
0.75232 2.5875 0.5925 -0.828708 -0.0686554 0.555454 172 171 168
0.7575 2.5875 0.602644 -0.254578 -0.0765956 0.964014 171 168 160
0.7575 2.5875 0.627544 0.418551 -0.137007 -0.8978 172 168 162
0.750967 2.6025 0.5925 -0.836055 -0.0939367 0.540544 172 173 171
0.7575 2.6025 0.605817 -0.208769 -0.231408 0.950192 172 168 162
0.7575 2.6025 0.626239 0 0 0 171 168 162
0.749047 2.6175 0.5925 -0.910177 0.17148 0.377059 173 175 175
0.7575 2.60807 0.6075 0.264046 -0.376218 0.88811 173 169 163
0.756522 2.6175 0.6075 -0.919763 -0.0938656 0.381084 174 171 166
0.7575 2.6175 0.614989 -0.665129 -0.336094 0.666817 174 170 164
0.7575 2.62776 0.5925 -0.507281 0.770394 0.386212 174 177 178
0.7575 2.6325 0.583997 -0.487181 0.176524 0.855274 176 181 185
0.755419 2.6325 0.6075 -0.976187 0.111558 0.186048 174 172 167
0.7575 2.6325 0.601108 -0.364859 0.841548 -0.398339 174 175 173
0.7575 2.6325 0.620097 0.305657 0.154451 0.939531 173 169 163
0.7575 2.63477 0.6075 0 1 0 174 172 167
0.767196 2.4075 0.5775 0.382872 -0.146114 0.912173 180 182 181
0.771344 2.4225 0.5775 0.379862 -0.132202 0.915548 180 182 182
0.7725 2.4075 0.575135 0.362729 -0.165604 0.917062 180 182 181
0.7725 2.4225 0.577015 0.346746 -0.134473 0.92827 180 182 182
0.757896 2.4075 0.6225 0.464373 -0.314974 0.827737 161 159 151
0.768028 2.4225 0.6225 0.872937 -0.247239 0.420541 162 160 152
0.7725 2.42536 0.5775 0.342458 -0.158725 0.926028 181 183 182
0.7725 2.4375 0.579634 0.377557 -0.155095 0.912905 183 185 183
0.768807 2.4375 0.6225 0.729224 0.3436 -0.591752 163 161 153
0.7725 2.4525 0.581939 0.279539 -0.0255277 0.959795 178 179 175
0.7725 2.4675 0.579359 0.379146 -0.124833 0.916878 181 183 182
0.760412 2.4675 0.6225 0.814006 0 -0.580856 164 161 155
0.7725 2.4825 0.584277 0.354805 -0.0515565 0.933518 176 177 174
0.7725 2.4975 0.584449 0.337515 -0.12958 0.932359 177 178 175
0.760967 2.5125 0.5925 0.418577 -0.167094 0.892677 164 163 160
0.7725 2.5125 0.587129 0.379946 -0.166477 0.909904 171 172 169
0.767291 2.5275 0.5925 0.404427 -0.148377 0.902454 164 163 160
0.7725 2.5275 0.590312 0.382895 -0.156278 0.910477 166 165 163
0.77225 2.5425 0.5925 0.417257 -0.158989 0.894773 165 164 161
0.7725 2.5425 0.592321 0.375097 -0.114851 0.919843 165 164 161
0.7725 2.54308 0.5925 0.440215 -0.206956 0.873716 165 164 161
0.7725 2.5575 0.595391 0.450727 -0.0592866 0.890691 167 165 163
0.7725 2.57101 0.5925 0.549551 0.181635 0.815477 169 169 165
0.771845 2.5725 0.5925 0.608013 -0.232072 0.759251 170 169 165
0.7725 2.5725 0.592191 0.154113 0.022243 0.987803 170 169 165
0.7725 2.5741 0.5925 0.4779 -0.220359 0.850325 170 169 165
0.7725 2.5875 0.59754 0.462475 -0.143553 0.874934 171 169 164
0.7725 2.6025 0.598765 0.382674 -0.17389 0.907371 171 169 163
0.762999 2.6175 0.6075 0.874401 -0.174175 0.452865 173 170 164
0.7725 2.6175 0.602749 0.232161 -0.124609 0.964662 171 169 164
0.763022 2.6325 0.5925 -0.853602 0.215397 0.474308 173 176 178
0.770637 2.6325 0.6075 0.953546 0.296903 -0.0509675 173 171 165
0.7725 2.6325 0.606633 -0.122859 -0.140882 0.982374 173 171 166
0.7725 2.63601 0.6075 -0.377175 -0.218915 0.899897 173 171 166
0.7875 2.4075 0.569227 0.284093 -0.115783 0.95178 173 177 175
0.7875 2.4225 0.571617 0.30399 -0.143534 0.9418 180 183 184
0.77819 2.4375 0.5775 0.331509 -0.161771 0.929479 182 185 183
0.7875 2.4375 0.574144 0.306874 -0.161255 0.93799 181 183 183
0.786143 2.4525 0.5775 0.314313 -0.140569 0.938854 184 186 185
0.7875 2.4525 0.576842 0.319051 -0.121569 0.939908 183 186 185
0.7875 2.45633 0.5775 0.38648 -0.132876 0.912676 184 186 186
0.7875 2.4675 0.578828 0.201701 -0.0464179 0.978347 185 187 187
0.7875 2.47579 0.5775 0.429414 0.15612 0.889511 186 188 188
0.784773 2.4825 0.5775 0.455436 -0.0761141 0.887009 186 188 187
0.7875 2.4825 0.57658 0.148697 -0.0281412 0.988482 186 188 187
0.7875 2.4875 0.5775 0.271341 -0.17338 0.946738 186 188 188
0.7875 2.4975 0.579363 0.348722 -0.129894 0.928181 186 189 187
0.7875 2.5125 0.58188 0.293933 -0.155699 0.943059 186 189 188
0.7875 2.5275 0.584102 0.30381 -0.151815 0.940559 186 188 188
0.7875 2.5425 0.586333 0.295973 -0.127974 0.946585 182 184 183
0.77926 2.5575 0.5925 0.4472 0.00938475 0.894385 170 170 168
0.7875 2.5575 0.587886 0.283759 -0.116282 0.951819 178 180 180
0.7875 2.5725 0.59182 0.228314 -0.0222914 0.973332 172 175 173
0.77871 2.5875 0.5925 0.476472 -0.255213 0.841333 171 170 166
0.7875 2.5875 0.58905 0.255099 -0.0568954 0.96524 174 176 173
0.7875 2.60202 0.5925 0.32151 -0.218999 0.921233 167 168 164
0.7875 2.6025 0.592625 0.422301 -0.19338 0.885588 167 168 164
0.7875 2.6175 0.59628 0.363248 -0.238314 0.900698 169 169 166
0.7875 2.6325 0.600382 0.360605 -0.229711 0.903989 169 169 167
0.8025 2.4075 0.565097 0.326774 -0.167104 0.930212 164 168 166
0.8025 2.4225 0.567676 0.256119 -0.137063 0.956879 170 173 173
0.8025 2.4375 0.569679 0.271909 -0.154136 0.949899 177 180 180
0.8025 2.4525 0.572197 0.25749 -0.109818 0.96002 179 182 181
0.791194 2.4675 0.5775 0.382815 0.0324593 0.923255 185 187 187
0.8025 2.4675 0.572559 0.250796 -0.0934641 0.963517 182 184 184
0.8025 2.4825 0.576586 0.154777 -0.119163 0.980737 186 188 188
0.794063 2.4975 0.5775 0.268958 -0.158365 0.950043 186 189 188
0.8025 2.4975 0.575202 0.125228 -0.0209437 0.991907 185 188 188
0.802466 2.5125 0.5775 0.277046 -0.164154 0.94673 186 189 190
0.8025 2.5125 0.577491 0.247732 -0.15345 0.956599 185 189 189
0.8025 2.51255 0.5775 0.252741 -0.170928 0.952316 186 189 190
0.8025 2.5275 0.580233 0.2549 -0.160092 0.953623 187 190 191
0.8025 2.5425 0.58267 0.24204 -0.158081 0.957302 189 192 192
0.8025 2.5575 0.585259 0.197055 -0.105168 0.974735 188 192 194
0.8025 2.5725 0.585483 0.204612 -0.0400884 0.978022 188 193 194
0.8025 2.5875 0.584873 0.202138 -0.022517 0.979098 190 194 195
0.787844 2.6025 0.5925 0.316296 -0.202356 0.926827 168 168 165
0.8025 2.6025 0.587772 0.247937 -0.192013 0.949557 192 194 194
0.797344 2.6175 0.5925 0.332095 -0.232769 0.914074 182 184 183
0.8025 2.6175 0.590887 0.255644 -0.205312 0.944718 190 193 192
0.8025 2.624 0.5925 0.267284 -0.242053 0.932722 189 192 191
0.8025 2.6325 0.59487 0.318374 -0.225789 0.920683 185 188 187
0.807882 2.4075 0.5625 0.34039 -0.253846 0.905371 161 165 162
0.8175 2.4186 0.5625 0.0739449 -0.2795 0.957294 162 166 162
0.8175 2.4075 0.559622 0.142872 -0.128768 0.981329 161 164 160
0.8175 2.4225 0.563872 0.182442 -0.121842 0.975638 162 167 164
0.8175 2.4375 0.56521 0.224608 -0.128033 0.966002 166 168 167
0.8175 2.4525 0.568245 0.257127 -0.149805 0.954696 168 171 170
0.8175 2.4675 0.570081 0.200334 -0.0945355 0.975156 174 177 176
0.8175 2.4825 0.5709 0.233341 -0.151993 0.960443 178 180 180
0.8175 2.4975 0.574727 0.17627 -0.080294 0.981062 184 187 186
0.8175 2.5125 0.573663 0.129155 -0.058035 0.989925 183 186 186
0.812609 2.5275 0.5775 0.252951 -0.168628 0.95267 188 192 193
0.8175 2.5275 0.576252 0.209213 -0.169846 0.963007 187 190 192
0.8175 2.53481 0.5775 0.192375 -0.165216 0.967314 189 192 194
0.8175 2.5425 0.57882 0.226036 -0.16138 0.960658 189 192 193
0.8175 2.5575 0.581398 0.217329 -0.168514 0.961442 189 192 196
0.8175 2.5725 0.583928 0.142719 -0.0951577 0.985178 191 195 196
0.8175 2.5875 0.584455 0.0510821 -0.0158681 0.998568 190 194 195
0.8175 2.6025 0.584718 0.115024 -0.100271 0.988289 191 194 195
0.8175 2.6175 0.587331 0.20587 -0.187368 0.960474 192 196 198
0.810603 2.6325 0.5925 0.2638 -0.20239 0.943105 191 195 196
0.8175 2.6325 0.590707 0.228992 -0.203336 0.951955 193 197 200
0.8175 2.64285 0.5925 0.219603 -0.168773 0.96088 192 197 199
0.8325 2.41726 0.5625 0.11998 -0.288396 0.949965 162 164 161
0.8325 2.4075 0.559208 0.151297 -0.234914 0.960169 161 164 160
0.8325 2.4225 0.5638 0.0239318 -0.0649127 0.997604 162 164 161
0.8325 2.4375 0.5631 0.0424558 -0.0225938 0.998843 163 166 164
0.8325 2.4525 0.564281 0.157999 -0.0979468 0.982569 164 167 165
0.8325 2.4675 0.566143 0.218322 -0.156455 0.963254 166 169 168
0.8325 2.4825 0.569196 0.153924 -0.127007 0.979886 168 171 170
0.8325 2.4975 0.57012 0.177182 -0.13808 0.974444 171 174 173
0.8325 2.5125 0.573343 0.131228 -0.0996877 0.986327 173 176 177
0.8325 2.5275 0.57328 0.0870372 -0.0909396 0.992046 176 179 180
0.824769 2.5425 0.5775 0.175876 -0.15158 0.972672 184 187 188
0.8325 2.5425 0.576112 0.158663 -0.175258 0.971654 179 181 182
0.8325 2.55194 0.5775 0.12565 -0.144364 0.981515 180 182 183
0.8325 2.5575 0.578328 0.163761 -0.173223 0.971172 180 182 184
0.8325 2.5725 0.581297 0.152169 -0.171905 0.97329 183 187 188
0.8325 2.5875 0.583651 0.0807839 -0.0941765 0.992273 187 191 192
0.8325 2.6025 0.584113 0.0236109 -0.0195317 0.99953 189 192 194
0.8325 2.6175 0.584593 0.108717 -0.0989667 0.989134 191 195 197
0.8325 2.6325 0.587058 0.196876 -0.182178 0.963354 192 196 199
0.837212 2.4225 0.5625 0.24634 -0.238277 0.939436 162 164 161
0.8475 2.4075 0.555638 0.173523 -0.226457 0.95844 161 162 160
0.8475 2.4225 0.559904 0.21828 -0.254027 0.942244 161 163 161
0.8475 2.43285 0.5625 0.22636 -0.239553 0.944127 162 164 162
0.8475 2.4375 0.563737 0.0200953 -0.0488634 0.998603 162 164 163
0.8475 2.4525 0.563473 -0.0244401 0.00571683 0.999685 162 165 164
0.8475 2.4675 0.563323 0.0825429 -0.084336 0.993013 164 167 166
0.8475 2.4825 0.566276 0.163284 -0.190365 0.968039 166 169 168
0.8475 2.4975 0.569168 0.0991673 -0.118424 0.987999 166 169 168
0.8475 2.5125 0.5698 0.0956409 -0.164886 0.981665 167 169 170
0.8475 2.5275 0.573639 0.0386386 -0.108328 0.993364 169 171 172
0.8475 2.5425 0.573762 0.041311 -0.108371 0.993252 170 173 175
0.84052 2.5575 0.5775 0.0993775 -0.157019 0.982583 175 177 178
0.8475 2.5575 0.576805 0.112293 -0.179815 0.97727 171 173 174
0.8475 2.5617 0.5775 0.0941416 -0.159255 0.982739 171 173 174
0.8475 2.5725 0.579263 0.113674 -0.171029 0.978687 173 176 177
0.8475 2.5875 0.581981 0.117946 -0.163262 0.979507 177 180 182
0.8475 2.6025 0.584365 0.0482054 -0.0688831 0.996459 182 185 187
0.8475 2.6175 0.583977 -0.0010747 -0.0129203 0.999916 183 186 188
0.8475 2.6325 0.584479 0.0828464 -0.0906555 0.99243 184 188 190
0.8625 2.4075 0.553825 -0.147821 0.0783161 0.985908 161 162 159
0.8625 2.4225 0.556849 0.154192 -0.210661 0.965322 161 162 160
0.852652 2.4375 0.5625 0.216922 -0.273729 0.937026 162 164 163
0.8625 2.4375 0.56027 0.195779 -0.235894 0.951853 161 163 162
0.8625 2.44495 0.5625 0.220943 -0.278093 0.934798 162 164 163
0.8625 2.4525 0.564772 0.0279251 -0.0720328 0.997011 162 164 163
0.8625 2.4675 0.563904 -0.0661819 0.0203886 0.997599 162 165 164
0.8625 2.4825 0.564081 0.0693413 -0.091468 0.993391 165 168 167
0.8625 2.4975 0.567037 0.108762 -0.179025 0.977814 165 168 167
0.8625 2.5125 0.569853 0.0748198 -0.1681 0.982926 167 170 171
0.8625 2.5275 0.572804 0.0517771 -0.182716 0.981801 168 170 171
0.8625 2.5425 0.574757 -0.025716 -0.0885104 0.995743 169 171 172
0.8625 2.5575 0.575413 0.0027423 -0.0878585 0.996129 169 172 173
0.8625 2.57057 0.5775 0.109297 -0.155893 0.981709 170 173 174
0.8625 2.5725 0.577804 0.102823 -0.155935 0.982401 171 173 174
0.8625 2.5875 0.58014 0.112972 -0.159159 0.980768 172 175 177
0.8625 2.6025 0.582584 0.114864 -0.141168 0.9833 174 177 179
0.8625 2.6175 0.584352 0.0463046 -0.0640358 0.996873 176 179 181
0.8625 2.6325 0.584806 -0.00881232 -0.0121635 0.999887 178 183 185
0.8775 2.4075 0.560008 -0.381154 0.33936 0.859975 161 162 160
0.8775 2.4225 0.55501 -0.134432 0.0687408 0.988536 160 162 160
0.8775 2.4375 0.557494 0.125888 -0.202471 0.971163 161 163 162
0.871586 2.4525 0.5625 0.230518 -0.262064 0.937115 162 164 163
0.8775 2.4525 0.561129 0.163103 -0.244281 0.955889 162 164 163
0.8775 2.45786 0.5625 0.144849 -0.24415 0.958858 163 165 164
0.8775 2.4675 0.565162 0.0146824 -0.0406049 0.999067 163 165 165
0.8775 2.48028 0.5625 0.094469 0.204554 0.974286 163 166 165
0.873801 2.4825 0.5625 0.137261 -0.203299 0.969448 164 167 166
0.8775 2.4825 0.56208 4.9163e-18 0 1 164 166 165
0.8775 2.48459 0.5625 -0.222449 -0.253019 0.94154 164 167 166
0.8775 2.4975 0.56611 -0.0385596 -0.149858 0.987955 165 168 167
0.8775 2.5125 0.568152 0.0701985 -0.169713 0.98299 166 168 169
0.8775 2.5275 0.571379 0.0939708 -0.203151 0.974628 167 170 170
0.8775 2.5425 0.574479 0.0625804 -0.17886 0.981882 167 170 170
0.8775 2.5575 0.577138 -0.0135808 -0.0461052 0.998844 168 170 171
0.864733 2.5725 0.5775 0.127693 -0.165145 0.977968 170 173 174
0.8775 2.5725 0.575882 -0.00373481 -0.0445727 0.998999 169 172 173
0.8775 2.58224 0.5775 0.0944283 -0.166975 0.981429 170 174 175
0.8775 2.5875 0.578437 0.0938163 -0.156413 0.983226 171 175 176
0.8775 2.6025 0.580765 0.0929826 -0.14728 0.984715 171 175 176
0.8775 2.6175 0.582879 0.0807271 -0.128517 0.988416 172 175 176
0.8775 2.6325 0.584603 0.0190556 -0.0666411 0.997595 171 176 179
0.881612 2.4075 0.5625 -0.44013 0.4204 0.793441 161 163 161
0.8925 2.4191 0.5625 -0.446285 0.4238 0.788178 160 162 161
0.8925 2.4225 0.560501 -0.333229 0.314753 0.888757 160 162 160
0.8925 2.4075 0.568413 -0.204389 0.188635 0.960543 162 165 165
0.8925 2.4375 0.556246 -0.13861 -0.0140435 0.990247 161 163 162
0.8925 2.4525 0.55935 0.0327507 -0.187242 0.981768 162 164 163
0.8925 2.46585 0.5625 0.113058 -0.227722 0.96714 163 164 164
0.8925 2.4675 0.562872 0.140966 -0.253599 0.956983 163 165 164
0.878805 2.4825 0.5625 -0.305395 0.146557 0.94088 164 166 165
0.8925 2.4825 0.566918 -0.0436657 -0.145752 0.988357 164 166 165
0.8925 2.4975 0.568101 -0.0846957 -0.0456373 0.995361 165 167 166
0.8925 2.5125 0.567799 -0.0617061 -0.0656464 0.995933 166 168 168
0.8925 2.5275 0.569985 0.0528059 -0.166426 0.984639 166 169 169
0.8925 2.5425 0.57314 0.0977544 -0.201507 0.974597 167 170 170
0.8925 2.5575 0.576062 0.0494392 -0.136082 0.989463 167 170 171
0.8925 2.5659 0.5775 0.0163184 -0.160882 0.986839 168 171 172
0.886869 2.5725 0.5775 -0.173959 -0.0433263 0.983799 169 172 173
0.8925 2.5725 0.578497 0 0 1 169 172 173
0.8925 2.58592 0.5775 0.0164876 0.0747285 0.997068 169 172 173
0.890764 2.5875 0.5775 0.0694593 -0.158486 0.984915 170 172 173
0.8925 2.5875 0.577383 -0.0444892 -0.0450433 0.997994 169 172 173
0.8925 2.58829 0.5775 -0.133839 -0.151818 0.979305 169 172 173
0.8925 2.6025 0.579706 -0.0442752 -0.128741 0.990689 168 172 173
0.8925 2.6175 0.581839 0.0392649 -0.1281 0.990984 169 172 175
0.8925 2.6325 0.584097 0.060091 -0.129332 0.989779 171 175 179
0.895875 2.4225 0.5625 -0.416357 0.436595 0.797516 160 162 161
0.9075 2.4075 0.568162 -0.255102 0.251542 0.933622 161 164 164
0.9075 2.4225 0.568454 -0.203776 0.212367 0.955707 161 164 164
0.9075 2.43283 0.5625 -0.413486 0.44874 0.792251 161 164 163
0.9075 2.4375 0.560117 -0.231776 0.139727 0.962682 161 163 163
0.9075 2.4525 0.561212 -0.0914335 -0.0712995 0.993255 162 163 162
0.896137 2.4675 0.5625 0.0994664 -0.217567 0.970964 163 164 164
0.9075 2.4675 0.561257 -0.0185262 -0.108941 0.993876 162 164 163
0.9075 2.47266 0.5625 -0.0170467 -0.217203 0.975978 163 164 164
0.9075 2.4825 0.564614 0.102225 -0.193784 0.975704 163 165 164
0.9075 2.4975 0.568242 0.0831614 -0.15328 0.984677 164 167 166
0.9075 2.5125 0.569918 -0.021415 -0.0605513 0.997935 166 167 167
0.9075 2.5275 0.57004 -0.0581843 -0.085511 0.994637 167 169 169
0.9075 2.5425 0.571344 -0.0172593 -0.165568 0.986047 167 169 169
0.9075 2.5575 0.574698 0.0406293 -0.155146 0.987056 168 170 171
0.903835 2.5725 0.5775 0.0888729 0 0.996043 168 171 172
0.9075 2.5725 0.577159 0.0842959 -0.140804 0.986442 168 170 171
0.9075 2.57439 0.5775 0.0223918 -0.172681 0.984723 168 171 172
0.893245 2.5875 0.5775 -0.15661 -0.169169 0.973065 169 172 173
0.9075 2.5875 0.579787 -0.0251178 -0.163487 0.986226 169 172 173
0.9075 2.6025 0.582294 -0.0328753 -0.0969064 0.99475 170 172 174
0.9075 2.6175 0.582203 -0.0639174 -0.046364 0.996878 169 172 175
0.9075 2.6325 0.582942 0.0107855 -0.0867865 0.996169 171 174 177
0.9225 2.4075 0.57636 -0.184146 0.210552 0.960082 162 166 167
0.9225 2.4225 0.567988 -0.258047 0.222935 0.940059 162 165 167
0.912305 2.4375 0.5625 -0.44392 0.424385 0.789198 162 164 165
0.9225 2.4375 0.568434 -0.266753 0.20732 0.941202 163 166 167
0.9225 2.44904 0.5625 -0.438762 0.394832 0.807215 162 165 165
0.9225 2.4525 0.560867 -0.0531618 -0.0195632 0.998394 162 164 164
0.9225 2.46593 0.5625 0.050417 -0.126342 0.990705 162 164 163
0.918146 2.4675 0.5625 -0.099733 -0.162469 0.98166 163 164 164
0.9225 2.4675 0.56296 -0.0251456 -0.0764562 0.996756 163 164 164
0.9225 2.4825 0.562949 -0.0403221 -0.131326 0.990519 164 165 165
0.9225 2.4975 0.566201 0.00159149 -0.170655 0.985329 165 166 166
0.9225 2.5125 0.568421 0.0351812 -0.124108 0.991645 165 166 167
0.9225 2.5275 0.570587 0.0247912 -0.127407 0.991541 166 167 168
0.9225 2.5425 0.573286 -0.00779232 -0.161453 0.98685 166 168 168
0.9225 2.5575 0.575926 -0.0272181 -0.103724 0.994234 167 169 169
0.9225 2.5725 0.575521 0.00158249 -0.0792991 0.99685 168 170 171
0.9225 2.58391 0.5775 0.100823 -0.172256 0.979879 168 170 171
0.9225 2.5875 0.578155 0.0910551 -0.166672 0.981799 168 171 172
0.9225 2.6025 0.58054 0.0846554 -0.1596 0.983545 169 172 173
0.9225 2.6175 0.583014 0.0148102 -0.0964538 0.995227 170 172 175
0.9225 2.6325 0.583773 -0.0511807 -0.0386724 0.99794 170 172 175
0.9375 2.4075 0.574001 -0.0638062 -0.008946 0.997922 162 166 167
0.9375 2.4225 0.575878 -0.308157 0.240948 0.920317 163 167 170
0.9375 2.4375 0.570094 -0.281204 0.186794 0.941293 162 165 166
0.925806 2.4525 0.5625 -0.458859 0.41261 0.786893 162 164 165
0.9375 2.4525 0.569679 -0.325193 0.223534 0.918848 163 166 167
0.9375 2.46524 0.5625 -0.47969 0.419437 0.770694 162 164 164
0.924856 2.4675 0.5625 0.134151 -0.229924 0.963918 162 164 163
0.9375 2.4675 0.561515 -0.0381214 -0.00957488 0.999227 162 164 164
0.9375 2.47478 0.5625 0.13175 -0.215612 0.96755 162 164 163
0.9375 2.4825 0.565006 0.0428884 -0.211969 0.976335 163 165 164
0.9375 2.4975 0.56847 -0.038723 -0.170668 0.984567 164 165 166
0.9375 2.5125 0.569485 -0.0946904 -0.101333 0.990336 165 166 167
0.9375 2.5275 0.5703 -0.108325 -0.0996183 0.989112 166 167 167
0.9375 2.5425 0.572012 -0.0264771 -0.109851 0.993595 167 168 168
0.9375 2.5575 0.574754 0.0518399 -0.148577 0.987541 167 168 168
0.9375 2.57196 0.5775 0.0949408 -0.185075 0.978128 167 169 169
0.936819 2.5725 0.5775 -0.137048 -0.0646506 0.988452 168 170 170
0.9375 2.5725 0.577597 0 0 1 168 170 170
0.9375 2.5742 0.5775 0.096447 0.0580305 0.993645 168 170 170
0.929388 2.5875 0.5775 0.0919804 -0.191423 0.977188 168 170 171
0.9375 2.5875 0.576716 -0.00302427 -0.0489393 0.998797 168 169 171
0.9375 2.59127 0.5775 -0.0478414 -0.195171 0.979602 168 170 171
0.9375 2.6025 0.579703 -0.0207113 -0.150956 0.988323 169 171 172
0.9375 2.6175 0.582082 0.0464535 -0.146705 0.988089 170 171 173
0.9375 2.6325 0.58443 0.0114722 -0.099113 0.99501 170 172 174
0.949015 2.4075 0.5775 -0.287464 -0.135399 0.948173 161 165 166
0.942833 2.4225 0.5775 -0.291201 -0.0180628 0.956491 163 167 170
0.9525 2.4075 0.578561 -0.0778428 -0.127668 0.988758 161 165 166
0.9525 2.4225 0.580447 -0.16174 -0.00334615 0.986828 162 166 169
0.9525 2.43579 0.5775 -0.287822 0.205465 0.935383 163 167 170
0.9525 2.4375 0.57715 -0.368395 0.334593 0.867371 163 167 170
0.9525 2.4525 0.571243 -0.214461 0.167588 0.962248 162 165 166
0.938922 2.4675 0.5625 -0.523999 0.440061 0.729226 162 164 164
0.9525 2.4675 0.572167 -0.245581 0.310439 0.918323 163 165 166
0.9525 2.4821 0.5625 -0.470803 0.487311 0.73544 163 165 164
0.949548 2.4825 0.5625 0.186009 -0.286977 0.939705 163 164 164
0.9525 2.4825 0.562227 -0.0397909 -0.00851666 0.999172 163 165 164
0.9525 2.4844 0.5625 -0.2093 -0.293212 0.932856 163 165 164
0.9525 2.4975 0.566659 0.0394484 -0.209689 0.976972 164 165 166
0.9525 2.5125 0.57005 0.0258526 -0.19337 0.980785 165 166 166
0.9525 2.5275 0.573378 -0.0601873 -0.148462 0.987085 165 166 167
0.9525 2.5425 0.575223 -0.124137 -0.0276239 0.991881 166 168 167
0.9525 2.5575 0.573566 -0.0755428 -0.0295842 0.996704 167 168 168
0.938353 2.5725 0.5775 0.107289 7.82287e-19 0.994228 167 169 169
0.9525 2.5725 0.575978 0.072844 -0.136516 0.987956 167 169 169
0.9525 2.58146 0.5775 0.0108874 -0.173175 0.984831 167 169 169
0.943666 2.5875 0.5775 -0.121281 -0.178708 0.976399 168 169 170
0.9525 2.5875 0.578629 -0.01733 -0.193679 0.980912 167 169 169
0.9525 2.6025 0.581587 -0.0328022 -0.124689 0.991654 168 169 171
0.9525 2.6175 0.581877 -0.0586414 -0.0783882 0.995197 169 170 172
0.9525 2.6325 0.583311 0.00830653 -0.119212 0.992834 170 171 174
0.953488 2.4375 0.5775 -0.322851 0.268799 0.907477 163 167 170
0.954491 2.4825 0.5625 -0.240993 0.488591 0.838571 163 165 164
0.964726 2.5575 0.5775 -0.302801 -0.121111 0.945327 167 168 168
0.964436 2.5875 0.5775 0.0914916 -0.193553 0.976814 167 169 170
0.9825 3.1125 0.46208 0.158967 0.0769077 0.984284 162 169 179
0.9825 3.1275 0.460908 0.142063 0.160187 0.97681 162 169 179
0.9975 3.12425 0.4575 0.259482 0.208685 0.942931 162 169 179
0.994878 3.1275 0.4575 0.259586 0.209351 0.942755 162 169 179
0.9975 3.1125 0.460098 0.189546 0.137039 0.972262 162 169 179
0.5025 2.65888 0.5775 -0.0972696 -0.156209 0.982923 149 148 146
0.494417 2.6625 0.5775 -0.084193 -0.190482 0.978074 145 144 141
0.4875 2.6625 0.57684 -0.0569484 -0.192177 0.979706 142 141 137
0.5025 2.6625 0.577941 -0.0532788 -0.133607 0.989601 148 147 145
0.4875 2.66501 0.5775 -0.0598832 -0.169169 0.983766 142 141 137
0.5025 2.6775 0.579838 0.0967066 0.00228364 0.99531 143 142 140
0.4875 2.6775 0.579496 -0.00961777 -0.171772 0.98509 137 136 132
0.5025 2.68564 0.5775 0.370574 0.261621 0.891195 145 144 141
0.497391 2.6925 0.5775 0.399266 -0.0382 0.916039 144 143 139
0.5025 2.6925 0.575591 0.0988533 -0.019457 0.994912 145 144 141
0.4875 2.6925 0.581828 0.122856 -0.0695196 0.989987 130 128 123
0.50122 2.7075 0.5775 0.425335 -0.176446 0.887669 143 142 138
0.5025 2.7075 0.576985 0.0809138 -0.101059 0.991585 143 142 138
0.4875 2.7075 0.583961 0.216931 -0.0954268 0.971512 121 120 114
0.5025 2.71093 0.5775 0.0160239 -0.244108 0.969616 142 141 136
0.5025 2.7225 0.581087 0.169233 -0.202598 0.964528 130 128 123
0.4875 2.7225 0.58234 0.162973 -0.152161 0.974826 104 101 94
0.5025 2.7375 0.586619 0.190804 -0.274468 0.942476 111 109 102
0.4875 2.7375 0.587279 0.196987 -0.319949 0.92673 103 100 93
0.493704 2.7525 0.5925 0.329613 -0.100597 0.938741 105 102 95
0.4875 2.749 0.5925 0.235895 -0.385345 0.892111 112 109 102
0.5025 2.7525 0.590381 0.240315 -0.169977 0.955697 98 96 89
0.4875 2.7525 0.59366 0.133259 -0.23231 0.96347 114 111 104
0.496121 2.7675 0.5925 0.452377 -0.151565 0.878853 119 116 109
0.5025 2.7675 0.589535 0.230463 -0.111866 0.96663 120 117 111
0.4875 2.7675 0.597254 0.20726 -0.113163 0.971719 118 114 107
0.5025 2.77983 0.5925 0.238421 -0.228 0.944019 122 119 112
0.5025 2.7825 0.593147 0.287881 0.038198 0.956904 123 120 113
0.4875 2.7825 0.596557 0.221572 0.059258 0.973342 125 122 114
0.5025 2.78468 0.5925 0.193831 0.229618 0.953785 125 122 115
0.489165 2.7975 0.5925 0.427402 -0.194343 0.882926 137 136 131
0.5025 2.7975 0.589843 0.0406343 0.0856921 0.995493 133 132 128
0.4875 2.7975 0.593505 0.400018 -0.0854733 0.912513 137 136 131
0.500601 2.8125 0.5925 0.600296 -0.471302 0.646157 142 141 137
0.5025 2.8125 0.590759 0.242997 -0.129631 0.961326 140 139 136
0.4875 2.8125 0.604695 0.479233 -0.50892 0.715078 147 148 144
0.5025 2.81448 0.5925 0.577077 -0.495792 0.648978 142 141 138
0.496141 2.8275 0.6075 0.530753 -0.415105 0.738911 149 149 147
0.4875 2.81564 0.6075 0.53789 -0.443239 0.717087 149 150 146
0.5025 2.8275 0.601466 0.568291 -0.463968 0.679543 146 146 144
0.4875 2.8275 0.612244 0.266783 -0.318461 0.909621 150 150 147
0.5025 2.83624 0.6075 0.496992 -0.535899 0.682504 152 151 149
0.5025 2.8425 0.611812 0.332284 -0.422994 0.843009 152 152 150
0.4875 2.8425 0.617054 0.134291 -0.24875 0.959213 150 149 145
0.5025 2.8575 0.618952 0.161574 -0.310192 0.936843 151 151 147
0.4875 2.8575 0.618689 0.0541046 -0.210635 0.976066 140 138 131
0.5025 2.86497 0.6225 0.268537 -0.390676 0.880488 141 138 133
0.4875 2.86863 0.6225 -0.00114883 -0.351807 0.936072 129 125 117
0.5175 2.64864 0.5775 0.139182 -0.116371 0.983405 154 154 156
0.5175 2.6625 0.579099 0.0299787 -0.055203 0.998025 153 153 153
0.5175 2.66713 0.5775 0.336493 0.301784 0.89202 152 151 151
0.508122 2.6775 0.5775 0.337886 0.268387 0.902109 146 146 144
0.5175 2.6775 0.574199 0.0771997 0.0285321 0.996607 148 148 146
0.5175 2.6925 0.575751 -0.0427875 -0.10553 0.993495 145 146 144
0.5175 2.7075 0.577386 -0.0367983 -0.105234 0.993766 146 147 142
0.5175 2.70855 0.5775 -0.0645841 -0.224846 0.972252 146 147 142
0.5175 2.7225 0.580809 -0.00448104 -0.152277 0.988328 145 144 140
0.5175 2.7375 0.581762 0.107917 -0.164364 0.980479 132 130 125
0.5175 2.7525 0.584447 0.241959 -0.11844 0.963031 121 120 114
0.5175 2.7675 0.586814 0.28808 -0.164495 0.943372 113 111 105
0.506578 2.7825 0.5925 0.160188 1.14869e-17 0.987087 115 112 105
0.5175 2.7825 0.590713 0.142915 -0.157038 0.977197 103 101 94
0.5175 2.78964 0.5925 0.137572 -0.309144 0.941012 98 95 88
0.512492 2.7975 0.5925 -0.275357 -0.0908191 0.957043 112 110 104
0.5175 2.7975 0.593971 -0.00238816 0.00446191 0.999987 102 99 93
0.5175 2.80133 0.5925 -0.0842463 0.364282 0.92747 107 104 98
0.5175 2.8125 0.588033 0.183545 0.17974 0.966439 121 121 116
0.514997 2.8275 0.5925 0.541342 -0.502946 0.673791 137 137 135
0.5175 2.8275 0.589415 0.498209 -0.240926 0.832912 134 134 131
0.5175 2.83063 0.5925 0.59189 -0.491066 0.639156 137 138 135
0.51136 2.8425 0.6075 0.389442 -0.576415 0.718387 158 158 156
0.5175 2.8425 0.602918 0.607328 -0.562235 0.561289 155 155 154
0.5175 2.84662 0.6075 0.601699 -0.583167 0.545779 159 159 158
0.5175 2.8575 0.615665 0.351225 -0.37196 0.859236 155 154 152
0.507571 2.8725 0.6225 0.446755 -0.273391 0.851861 137 133 127
0.5175 2.8725 0.61734 0.311333 -0.222142 0.923972 152 151 146
0.516467 2.8875 0.6225 0.484924 -0.3097 0.817884 126 123 114
0.5175 2.8875 0.621887 0.298136 -0.304478 0.904659 128 124 116
0.5325 2.65216 0.5775 0 0.348331 0.937372 156 157 158
0.521685 2.6625 0.5775 0.33462 0.107093 0.936248 154 154 154
0.5325 2.6625 0.573693 0.0447777 0.0442654 0.998016 156 157 158
0.5325 2.6625 0.623038 0 0 0 135 132 127
0.5325 2.6775 0.575288 -0.0962367 -0.105242 0.989779 153 154 154
0.5325 2.6925 0.576883 -0.082721 -0.0996781 0.991575 151 151 150
0.5325 2.70009 0.5775 -0.119895 -0.130332 0.984195 150 152 149
0.519834 2.7075 0.5775 -0.0684497 -0.119813 0.990434 147 148 143
0.5325 2.7075 0.57871 -0.0761484 -0.125761 0.989134 150 152 148
0.5325 2.7225 0.580258 -0.0344444 -0.108111 0.993542 147 149 146
0.5325 2.7375 0.581926 -0.0307849 -0.117119 0.992641 145 146 141
0.5325 2.7525 0.584206 0.130151 0.0117956 0.991424 138 138 133
0.5325 2.7675 0.581409 0.152626 -0.0953607 0.983672 138 137 132
0.5325 2.7825 0.585415 0.225517 -0.30141 0.926442 125 125 120
0.5325 2.79712 0.5925 0.243574 -0.419891 0.874279 99 99 91
0.5325 2.7975 0.59257 0.0916632 -0.171258 0.980953 99 99 91
0.5325 2.79767 0.5925 0.124386 0.398652 0.908628 99 99 91
0.5325 2.8125 0.585368 0.17597 0.372125 0.911349 132 131 127
0.5325 2.8275 0.579682 0.364938 0.136369 0.920991 141 141 140
0.524113 2.8425 0.5925 0.688157 -0.46865 0.553902 140 141 139
0.5325 2.8425 0.584283 0.534903 -0.381179 0.754043 139 140 138
0.5325 2.84162 0.6225 0 -1 0 161 161 159
0.530663 2.8425 0.6225 -1 -5.02625e-17 0 160 160 158
0.5325 2.8425 0.620574 2.0436e-17 0 -1 160 159 157
0.5325 2.8425 0.624323 -2.0436e-17 0 1 161 160 158
0.5325 2.85266 0.5925 0.603082 -0.538848 0.588163 146 146 145
0.527479 2.8575 0.6075 0.585153 -0.521255 0.6212 157 158 156
0.5325 2.8575 0.60013 0.664879 -0.610476 0.430412 154 155 153
0.5325 2.84387 0.6225 -1.22524e-17 1 0 160 160 158
0.5325 2.86297 0.6075 0.664715 -0.526318 0.530229 158 159 157
0.5325 2.8725 0.613682 0.360783 -0.494955 0.790477 156 157 153
0.5325 2.87749 0.6225 -0.0794138 -0.995541 0.0509076 155 154 148
0.518231 2.8875 0.6225 -0.512549 -0.74153 0.432928 128 124 116
0.5475 2.6625 0.575481 -0.0950199 -0.107915 0.989609 158 159 161
0.5475 2.6625 0.623357 0 0 0 149 146 141
0.5475 2.6775 0.577116 -0.105853 -0.104527 0.988873 156 158 157
0.5475 2.6821 0.5775 -0.161606 -0.134758 0.977611 156 158 157
0.538825 2.6925 0.5775 -0.132808 -0.110922 0.984915 153 154 152
0.5475 2.6925 0.579043 -0.101614 -0.0900045 0.990744 155 156 155
0.5475 2.7075 0.580079 -0.079661 -0.0843012 0.993251 154 155 154
0.5475 2.7075 0.623929 0 0 0 140 137 131
0.5475 2.7225 0.581472 -0.0811083 -0.102985 0.991371 152 154 151
0.5475 2.7375 0.583201 0.122988 0.0872843 0.988562 151 152 148
0.5475 2.75177 0.5775 0.365853 0.34633 0.863833 149 150 145
0.54674 2.7525 0.5775 0.428362 -0.167157 0.888011 149 150 145
0.5475 2.7525 0.577226 0.000354543 -0.00106507 0.999999 149 150 145
0.5475 2.75502 0.5775 -0.174528 -0.218149 0.960183 149 150 145
0.5475 2.7675 0.58046 0.0115654 -0.155747 0.987729 148 148 143
0.5475 2.76699 0.6225 0 -1 0 148 146 141
0.545779 2.7675 0.6225 -1 0 0 149 147 143
0.5475 2.7675 0.621774 0 0 -1 146 144 140
0.5475 2.7675 0.623552 0 0 1 149 147 143
0.5475 2.7825 0.584399 0.0574942 -0.193309 0.979452 146 145 142
0.5475 2.76808 0.6225 0 1 0 149 147 142
0.533038 2.7975 0.5925 0.272994 0.404737 0.872733 100 101 93
0.5475 2.7975 0.58789 0.197084 0.0369483 0.97969 142 143 138
0.5475 2.8125 0.58314 0.0162489 0.299935 0.953821 138 139 135
0.5475 2.82346 0.5775 0.102676 0.489348 0.866023 150 151 148
0.536727 2.8275 0.5775 0.343726 -0.0944486 0.934308 145 145 144
0.5475 2.8275 0.575477 0.0246023 0.10709 0.993945 151 152 150
0.54508 2.8425 0.5775 0.41827 -0.250454 0.873111 150 151 150
0.5475 2.8425 0.577097 0.197894 -0.0691147 0.977784 151 152 152
0.539883 2.8425 0.6225 1 0 0 163 162 161
0.5475 2.84549 0.5775 0.493025 -0.389321 0.778046 152 153 153
0.537425 2.8575 0.5925 0.61414 -0.564508 0.55151 142 143 143
0.5475 2.8575 0.583427 0.587971 -0.447717 0.673676 143 145 145
0.5475 2.86897 0.5925 0.628383 -0.545998 0.554095 138 142 141
0.539251 2.8725 0.6075 0.670363 -0.476056 0.569196 158 159 157
0.5475 2.8725 0.596016 0.64311 -0.53462 0.548261 145 149 147
0.5475 2.86842 0.6225 -0.219344 -0.974941 -0.0371179 161 161 158
0.540371 2.8725 0.6225 -0.512482 -0.589078 -0.62478 159 159 154
0.5475 2.8725 0.614791 0.141228 -0.553712 -0.820645 161 161 158
0.5475 2.8841 0.6075 0.515744 -0.802383 0.300315 158 160 157
0.5475 2.8875 0.631247 0 0 0 152 150 144
0.5625 2.6625 0.576574 -0.0873001 -0.107782 0.990334 160 164 167
0.5625 2.6625 0.624305 0 0 0 158 155 152
0.5625 2.66921 0.5775 -0.171772 -0.200352 0.964548 160 164 166
0.551334 2.6775 0.5775 -0.135662 -0.164335 0.977031 157 160 159
0.5625 2.6775 0.579487 -0.0998847 -0.0932859 0.990616 159 163 164
0.5625 2.6925 0.579817 -0.0852705 -0.0635615 0.994328 158 161 162
0.5625 2.7075 0.581133 -0.0845167 -0.0884381 0.99249 158 161 161
0.5625 2.7225 0.582641 0.104002 0.0904004 0.99046 156 159 157
0.5625 2.73743 0.5775 0.328355 0.307831 0.892986 154 156 153
0.56243 2.7375 0.5775 0.334141 0.34939 0.875372 154 156 153
0.5625 2.7375 0.577475 -0.00348442 0.0100914 0.999943 154 156 153
0.5625 2.73773 0.5775 -0.17121 -0.187095 0.967307 154 156 153
0.549681 2.7525 0.5775 -0.20068 -0.174154 0.964053 150 151 146
0.5625 2.7525 0.580365 -0.153604 -0.176443 0.972252 152 154 149
0.5625 2.7675 0.582589 -0.0907653 -0.103241 0.990506 151 153 149
0.561669 2.7675 0.6225 1 0 0 138 136 132
0.5625 2.7825 0.585163 -0.00114215 -0.0920203 0.995756 150 151 149
0.5625 2.7975 0.58406 0.0247751 0.0051273 0.99968 146 146 143
0.5625 2.8125 0.58243 0.0176553 0.132599 0.991013 149 150 148
0.550902 2.8275 0.5775 -0.423564 0.448105 0.78727 151 152 150
0.5625 2.8275 0.583521 -0.0366774 0.258002 0.965448 146 147 145
0.5625 2.83654 0.5775 -0.13409 0.529368 0.837729 151 152 151
0.5625 2.8425 0.574142 0.0922826 0.148662 0.984573 152 153 153
0.554452 2.8575 0.5775 0.504107 -0.327638 0.79908 152 154 154
0.5625 2.8575 0.573964 0.380594 -0.051177 0.923325 152 153 154
0.5625 2.86857 0.5775 0.543156 -0.454401 0.706046 152 154 154
0.551537 2.8725 0.5925 0.575171 -0.576496 0.580372 138 142 141
0.5625 2.8725 0.58115 0.526309 -0.603648 0.598839 147 149 150
0.5625 2.86699 0.6225 0.185078 -0.941051 -0.283143 165 166 164
0.5625 2.8725 0.620421 0.312566 -0.329549 -0.890898 165 166 164
0.5625 2.8725 0.624596 0.208549 -0.329995 0.920658 165 165 163
0.5625 2.88537 0.5625 0.764874 0.600423 0.233367 160 162 166
0.557856 2.8875 0.5625 1 0 0 160 162 168
0.5625 2.8875 0.556082 0.75763 -0.510953 0.406108 158 159 164
0.5625 2.8875 0.566069 0.565836 -0.628981 -0.533116 158 160 164
0.5625 2.88394 0.5925 0.551802 -0.556418 0.621219 140 143 144
0.550626 2.8875 0.6075 0.701068 -0.654744 -0.282514 159 161 157
0.5625 2.8875 0.595326 0.602264 -0.536426 0.591207 147 150 150
0.5625 2.8875 0.614912 0.425221 -0.347489 -0.835726 162 164 162
0.5625 2.8875 0.629462 0.245197 -0.165753 0.955199 158 158 154
0.5775 2.65521 0.5775 -0.0568187 -0.157508 0.985882 164 168 171
0.569682 2.6625 0.5775 -0.157005 -0.168864 0.973054 162 166 169
0.5775 2.6625 0.579247 -0.0647449 -0.133356 0.988951 164 168 170
0.5775 2.6625 0.623605 0.00467627 0.0175197 -0.999836 160 158 155
0.5775 2.6775 0.580062 -0.0502556 -0.0738464 0.996003 163 166 167
0.5775 2.6925 0.581383 -0.0687426 -0.0820561 0.994254 162 165 166
0.5775 2.6925 0.623472 0 0 0 157 155 151
0.5775 2.7075 0.582885 -0.0387404 0.085726 0.995565 161 164 164
0.5775 2.72208 0.5775 0.279011 0.332837 0.900762 159 163 162
0.577057 2.7225 0.5775 0.317049 0.30978 0.896391 159 163 162
0.5775 2.7225 0.577336 -4.01679e-05 0.000189876 1 159 163 162
0.5775 2.72442 0.5775 -0.151042 -0.146795 0.977567 159 163 162
0.562838 2.7375 0.5775 -0.127202 -0.143272 0.981475 154 156 153
0.5775 2.7375 0.579534 -0.154478 -0.165759 0.973992 157 161 160
0.5775 2.7525 0.582084 -0.097412 -0.115122 0.988564 156 160 156
0.5775 2.7675 0.584912 -0.0404866 -0.0617936 0.997267 155 158 156
0.5775 2.7825 0.583133 -0.0179149 -0.0368126 0.999162 153 156 153
0.5775 2.7975 0.584568 -0.0225387 -0.066662 0.997521 151 154 151
0.5775 2.8125 0.58608 -0.117374 0.181199 0.976417 149 152 148
0.5775 2.8275 0.579867 -0.0154882 0.315842 0.948685 150 152 149
0.5775 2.83194 0.5775 0.0717883 0.421957 0.903769 150 152 150
0.5775 2.8425 0.574051 0.00455786 0.302047 0.953282 153 155 156
0.5775 2.8575 0.570499 0.12826 0.310422 0.941906 155 157 159
0.5775 2.86309 0.5625 0.725439 0.26587 0.634863 157 159 162
0.569819 2.8725 0.5625 0.9487 0.313379 0.0419814 156 158 160
0.567129 2.8725 0.5775 0.962558 -0.111214 0.247213 153 155 155
0.568541 2.8725 0.6225 0.524273 -0.604585 0.599679 166 167 166
0.563028 2.8725 0.5475 0.869652 -0.297848 -0.393691 156 157 161
0.568166 2.8875 0.5475 0.994145 -0.0209511 0.105999 155 156 160
0.5775 2.88148 0.5625 -0.472261 -0.856951 -0.206409 155 158 159
0.565351 2.8875 0.5625 -0.48073 -0.634101 -0.605652 160 161 165
0.5775 2.8875 0.552611 -0.022184 -0.485766 -0.873807 156 157 160
0.5775 2.87976 0.5775 0.232705 -0.912541 0.336329 156 157 158
0.565264 2.8875 0.5925 0.621775 -0.468486 0.627628 141 144 145
0.5775 2.8875 0.582869 0.454408 -0.469235 0.757187 147 149 151
0.5775 2.88027 0.6225 0.632565 -0.599967 -0.489798 167 168 167
0.5775 2.8875 0.619889 0.349072 -0.198836 -0.915758 164 166 164
0.5775 2.8875 0.625612 0.316031 -0.208857 0.925475 165 166 163
0.5925 2.6503 0.5775 -0.0709929 -0.113956 0.990946 166 171 175
0.5925 2.6625 0.578908 -0.054213 -0.129042 0.990156 165 170 173
0.5925 2.6775 0.580951 -0.0540152 -0.098004 0.993719 164 169 172
0.5925 2.6925 0.582239 0.00265437 -0.0192835 0.999811 164 169 171
0.5925 2.7075 0.58369 0.0656214 -0.0052293 0.997831 163 168 169
0.579098 2.7225 0.5775 -0.159442 0.299429 0.940702 159 163 163
0.5925 2.7225 0.579885 -0.140839 0.0384483 0.989286 162 166 167
0.5925 2.7375 0.58211 -0.08267 -0.113551 0.990087 161 165 165
0.5925 2.7525 0.585018 -0.0441688 -0.0651064 0.9969 159 163 163
0.5925 2.7675 0.582996 -0.0226467 -0.0309823 0.999263 158 162 162
0.5925 2.7825 0.584252 -0.041924 -0.0561252 0.997543 156 160 159
0.5925 2.7975 0.585681 -0.0494356 -0.0612335 0.996898 155 157 156
0.5925 2.8125 0.586903 -0.0148892 0.11823 0.992875 154 156 156
0.5925 2.8275 0.581233 -0.157929 0.331699 0.930072 154 157 157
0.5925 2.8331 0.5775 -0.0815661 0.423488 0.902222 155 158 158
0.5925 2.8425 0.573528 0.0321519 0.388909 0.920715 157 161 163
0.589363 2.8725 0.5625 -0.200944 -0.854917 0.478265 157 159 162
0.588522 2.8875 0.5775 0.365615 -0.503064 0.783104 157 159 161
0.5925 2.8725 0.568433 -0.0380487 -0.384255 0.922443 156 159 160
0.5925 2.8875 0.575842 0.173427 -0.566681 0.805478 157 159 161
0.581925 2.8875 0.6225 0.794943 -0.227321 0.562487 167 168 166
0.6075 2.6625 0.580236 -0.07131 -0.106648 0.991736 168 173 176
0.6075 2.6775 0.582065 -0.0647186 -0.112338 0.99156 167 171 174
0.6075 2.6775 0.625974 0 0 0 163 162 159
0.6075 2.6925 0.583463 0.0482192 0.0733809 0.996138 166 171 173
0.6075 2.7075 0.578401 0.0239335 -0.0158229 0.999588 166 171 174
0.6075 2.7225 0.582079 -0.0521549 -0.106197 0.992976 164 169 171
0.6075 2.7375 0.584004 -0.129101 -0.00655827 0.99161 163 168 168
0.6075 2.7525 0.58234 -0.0117798 -0.0445205 0.998939 162 166 168
0.6075 2.7675 0.583896 -0.0377492 -0.0643402 0.997214 161 165 168
0.6075 2.7825 0.58539 -0.0504925 -0.0586527 0.997001 159 164 165
0.6075 2.7975 0.586864 -0.0265941 -0.0554896 0.998105 158 162 163
0.6075 2.8125 0.585655 -0.128108 0.0620121 0.98982 157 161 161
0.6075 2.8275 0.582321 -0.182465 0.190715 0.964538 158 161 163
0.600096 2.8425 0.5775 -0.543124 0.465323 0.698921 157 160 161
0.6075 2.8425 0.583162 -0.165489 0.28063 0.945442 157 160 161
0.6075 2.85035 0.5775 -0.223639 0.570168 0.790502 157 161 162
0.6075 2.8725 0.567432 0.163027 -0.118653 0.979461 158 163 164
0.6075 2.8875 0.572277 0.291389 -0.330508 0.897695 160 163 165
0.6225 2.6625 0.58127 -0.0479688 -0.103543 0.993468 167 175 178
0.6225 2.6775 0.582734 0.00464393 0.0789801 0.996865 167 174 177
0.6225 2.69225 0.5775 0.329575 0.315871 0.889722 168 173 176
0.622273 2.6925 0.5775 0.368602 -0.214216 0.904568 168 173 176
0.6225 2.6925 0.577411 0 0 1 168 173 176
0.6225 2.69311 0.5775 -0.121927 -0.241237 0.962776 168 173 176
0.6225 2.7075 0.581112 -0.0495498 -0.131703 0.99005 168 173 176
0.6225 2.7225 0.583855 -0.0725797 -0.12109 0.989984 167 172 175
0.6225 2.7375 0.586079 -0.00539231 -0.0421267 0.999098 166 171 173
0.6225 2.7525 0.583926 -0.0837826 0.0222261 0.996236 164 170 172
0.6225 2.7675 0.585246 -0.0742109 -0.104724 0.991729 162 169 171
0.6225 2.7825 0.586974 -0.0928613 -0.00486184 0.995667 162 168 171
0.6225 2.7975 0.585077 -0.0406227 -0.0690503 0.996786 161 166 169
0.6225 2.8125 0.588122 -0.08106 -0.123066 0.989082 161 165 167
0.6225 2.8275 0.590348 -0.230352 0.171339 0.957904 160 164 165
0.6225 2.8425 0.583207 -0.125854 0.393875 0.910507 159 165 164
0.6225 2.85129 0.5775 -0.0313894 0.548215 0.835748 160 165 167
0.6075 2.8575 0.573338 0.0613234 0.44252 0.89466 158 162 164
0.6225 2.8575 0.573823 -0.0306554 0.514797 0.856764 160 165 168
0.6225 2.8725 0.56489 0.105023 0.350986 0.930473 159 164 167
0.6225 2.8875 0.568374 0.356965 -0.0254515 0.933771 159 164 166
0.6375 2.6625 0.581753 -0.0507133 -0.110398 0.992593 168 175 178
0.6375 2.6625 0.628711 0 0 0 167 169 166
0.6375 2.6775 0.583272 -0.0617324 0.0745956 0.995301 169 175 178
0.623599 2.6925 0.5775 -0.126482 0.315388 0.940496 168 173 176
0.6375 2.6925 0.579428 -0.0977922 0.00581544 0.99519 169 176 179
0.6375 2.7075 0.582209 -0.0772674 -0.193899 0.977974 169 176 179
0.6375 2.7225 0.585576 -0.0786261 -0.023033 0.996638 168 175 178
0.6375 2.7375 0.582972 0.0159139 -0.0207499 0.999658 167 174 177
0.6375 2.7525 0.5847 -0.0148782 -0.0639673 0.997841 166 173 176
0.6375 2.7675 0.586021 -0.040728 -0.0771137 0.99619 165 172 176
0.6375 2.7825 0.587872 -0.0220317 -0.071388 0.997205 165 170 174
0.6375 2.7975 0.587156 -0.117592 -0.0211956 0.992836 164 169 173
0.6375 2.8125 0.589622 -0.0791956 -0.120116 0.989596 164 169 172
0.6375 2.82737 0.5925 0.345397 -0.177749 0.92147 162 167 170
0.637307 2.8275 0.5925 -0.141165 -0.186376 0.972284 162 167 170
0.6375 2.8275 0.592512 1.50563e-18 0 1 162 167 170
0.6375 2.82752 0.5925 -0.123732 0.487108 0.864532 162 167 170
0.6375 2.8425 0.584076 -0.0760677 0.38423 0.920098 161 166 168
0.6375 2.85258 0.5775 -0.11552 0.535052 0.836884 162 166 169
0.6375 2.8575 0.574327 -0.0401722 0.577957 0.815078 162 167 170
0.6375 2.87188 0.5625 -0.265402 0.615913 0.741763 164 168 172
0.63072 2.8725 0.5625 0.632966 0.136121 0.762119 162 166 169
0.624011 2.8875 0.5625 0.877785 0.422498 0.225807 158 163 166
0.6525 2.6625 0.582693 -0.0401591 -0.117078 0.99231 171 177 180
0.6525 2.6625 0.628038 0 0 0 170 171 169
0.6525 2.6775 0.584519 -0.0575783 0.0470269 0.997233 170 177 180
0.6525 2.6925 0.580958 -0.0916804 0.0331858 0.995235 170 178 181
0.6525 2.7075 0.583717 -0.0395071 -0.128854 0.990876 170 178 181
0.6525 2.7225 0.586291 0.0292552 -0.0661031 0.997384 169 177 180
0.6525 2.7375 0.584102 -0.05748 0.033658 0.997779 169 175 179
0.6525 2.7525 0.585499 -0.0530753 -0.114204 0.992039 167 175 179
0.6525 2.7675 0.587323 -0.0743492 -0.0372401 0.996537 167 174 178
0.6525 2.7825 0.586624 -0.0342796 -0.0861721 0.99569 167 173 178
0.6525 2.7975 0.58907 -0.0961134 -0.155743 0.983111 166 172 176
0.6525 2.81054 0.5925 -0.0733666 -0.207918 0.975391 167 172 175
0.650399 2.8125 0.5925 -0.211704 0.0735645 0.974561 166 171 174
0.6525 2.8125 0.592765 -0.0335755 0.114193 0.992891 167 172 175
0.6525 2.8132 0.5925 -0.0528491 0.368712 0.92804 167 172 175
0.63754 2.8275 0.5925 0.315295 0.461596 0.829167 162 167 170
0.6525 2.8275 0.586805 -0.0237429 0.203308 0.978827 164 170 173
0.6525 2.8425 0.58436 -0.174211 0.110163 0.978527 164 169 173
0.641955 2.8575 0.5775 -0.520518 0.498548 0.693189 163 168 171
0.6525 2.8575 0.585017 -0.181944 0.350505 0.918718 164 169 172
0.638042 2.8725 0.5625 -0.470572 0.694861 0.543811 164 168 172
0.6525 2.86857 0.5775 -0.403621 0.531699 0.744571 165 169 173
0.6525 2.8725 0.575038 -0.4649 0.704587 0.53612 164 169 172
0.6525 2.87998 0.5625 -0.406158 0.784639 0.468378 163 168 171
0.6675 2.6625 0.583082 0.0216619 -0.0456878 0.998721 171 177 180
0.6675 2.6775 0.584684 0.105792 -0.0441504 0.993408 171 178 181
0.6675 2.6925 0.58239 -0.056182 0.00189251 0.998419 171 179 182
0.6675 2.7075 0.584837 -0.071393 -0.0208559 0.99723 171 179 182
0.6675 2.7225 0.583093 0.0416811 -0.048693 0.997944 170 178 181
0.6675 2.7375 0.58492 -0.0030703 -0.0620345 0.998069 169 177 181
0.6675 2.7525 0.586072 -0.0527433 -0.109262 0.992613 169 176 182
0.6675 2.7675 0.588263 -0.0583451 -0.0699106 0.995846 169 176 182
0.6675 2.7825 0.588055 -0.0883836 -0.0500794 0.994827 169 176 182
0.6675 2.7975 0.5905 -0.100856 -0.190623 0.976469 168 175 181
0.6675 2.80689 0.5925 -0.0781734 -0.169845 0.982365 167 174 178
0.6675 2.8125 0.59313 -0.0676797 -0.00421587 0.997698 166 174 177
0.6675 2.81495 0.5925 -0.0741023 0.300097 0.951026 166 173 176
0.6675 2.8275 0.58901 -0.0752794 0.071294 0.994611 167 172 175
0.6675 2.8425 0.590463 -0.168956 0.15361 0.97358 166 171 174
0.6675 2.8575 0.585596 -0.0957427 0.407521 0.908163 165 170 173
0.6675 2.8674 0.5775 -0.00110605 0.609018 0.793156 166 171 175
0.6825 2.6625 0.584329 -0.112264 0.0239685 0.993389 173 178 182
0.6825 2.6775 0.579299 -0.054799 0.0338083 0.997925 173 178 182
0.6825 2.6925 0.582856 0.00898451 -0.151208 0.988461 171 179 182
0.6825 2.7075 0.58594 -0.0613441 -0.0177526 0.997959 171 179 182
0.6825 2.7225 0.583657 -0.0525203 0.0153241 0.998502 171 179 182
0.6825 2.7375 0.585309 -0.0418157 -0.116926 0.99226 170 177 183
0.6825 2.7525 0.587134 -0.0547025 -0.113253 0.992059 171 178 184
0.6825 2.7675 0.588958 -0.0686467 -0.0964635 0.992966 171 178 184
0.6825 2.7825 0.589486 -0.109622 -0.105261 0.988384 171 178 184
0.6825 2.79665 0.5925 -0.103855 -0.161673 0.981364 171 178 184
0.681256 2.7975 0.5925 -0.13873 -0.203261 0.969247 171 178 184
0.6825 2.7975 0.592601 -0.0702295 -0.119383 0.990361 171 178 184
0.6825 2.8125 0.594434 0.018267 0.0248214 0.999525 169 177 180
0.6825 2.81825 0.5925 0.00546632 0.292694 0.956191 169 176 179
0.6825 2.8275 0.589485 0.0139857 0.0110238 0.999841 169 174 179
0.6825 2.8425 0.590885 -0.042386 0.125612 0.991174 170 176 180
0.6825 2.8575 0.585959 -0.0189503 0.467104 0.883999 168 174 178
0.6825 2.86786 0.5775 -0.0167187 0.632539 0.774348 166 172 176
0.6975 2.6625 0.584288 -0.0208713 -0.115613 0.993075 174 179 183
0.6975 2.6775 0.585875 -0.170375 0.0665022 0.983133 172 180 183
0.6975 2.6925 0.584169 -0.145102 -0.0906351 0.985257 172 180 183
0.6975 2.7075 0.586949 -0.0682599 -0.00535012 0.997653 171 179 182
0.6975 2.7225 0.5845 -0.0460106 0.0227351 0.998682 172 180 183
0.6975 2.7375 0.586126 -0.0472962 -0.112796 0.992492 171 178 184
0.6975 2.7525 0.587951 -0.0470831 -0.12398 0.991167 172 179 185
0.6975 2.7675 0.589774 -0.0529299 -0.120322 0.991323 172 179 185
0.6975 2.7825 0.591623 -0.0920627 -0.128008 0.987491 172 179 185
0.6975 2.78761 0.5925 -0.0440651 -0.110648 0.992882 172 179 185
0.6975 2.7975 0.593397 -0.0178181 -0.0135545 0.999749 173 180 185
0.6975 2.80024 0.5925 0.167421 0.312256 0.935129 172 180 185
0.687287 2.8125 0.5925 0.356013 0.294695 0.886797 170 178 181
0.6975 2.8125 0.588391 0.0334075 0.0803952 0.996203 171 179 182
0.6975 2.8275 0.590588 -0.064154 -0.119931 0.990707 172 177 182
0.6975 2.8425 0.592023 -0.134503 0.0718053 0.988308 172 177 181
0.6975 2.8575 0.586215 -0.171918 0.447215 0.877749 167 173 178
0.6975 2.86815 0.5775 -0.212769 0.602799 0.769001 167 174 177
0.7125 2.6625 0.584881 -0.028446 -0.119266 0.992455 175 180 184
0.7125 2.6775 0.586408 -0.0357872 -0.0217174 0.999123 172 180 183
0.7125 2.6925 0.585588 -0.0512899 -0.0501037 0.997426 172 180 183
0.7125 2.7075 0.588163 -0.0611257 0.0192806 0.997944 172 180 183
0.7125 2.7225 0.584899 -0.042399 0.0381318 0.998373 173 180 185
0.7125 2.7375 0.58678 -0.0400268 -0.118307 0.99217 173 180 186
0.7125 2.7525 0.588455 -0.0449574 -0.125984 0.991013 173 180 186
0.7125 2.7675 0.590591 -0.0470629 -0.126909 0.990797 173 180 186
0.7125 2.7825 0.592346 -0.050802 -0.125303 0.990817 173 180 186
0.7125 2.78344 0.5925 -0.0408148 -0.095264 0.994615 173 180 186
0.7125 2.7975 0.593812 -0.0524048 -0.00236441 0.998623 173 180 186
0.7125 2.8022 0.5925 -0.0521023 0.284203 0.957347 173 180 186
0.7125 2.8125 0.589636 -0.0426257 0.0441315 0.998116 173 180 186
0.7125 2.8275 0.591427 -0.0479427 -0.120414 0.991565 173 180 186
0.7125 2.83607 0.5925 -0.0255778 -0.135465 0.990452 173 180 186
0.703084 2.8425 0.5925 -0.0795165 -0.0407182 0.996002 172 178 183
0.7125 2.8425 0.593187 -0.0807808 -0.0408981 0.995892 173 180 185
0.710518 2.8575 0.5925 -0.323205 0.31761 0.891438 172 178 184
0.7125 2.8575 0.593765 -0.452292 -0.0299577 0.891367 172 179 185
0.702853 2.8725 0.5775 -0.525851 0.476725 0.704425 168 175 178
0.7125 2.85966 0.5925 -0.506958 0.443636 0.73904 172 179 184
0.7125 2.8725 0.585457 -0.521924 0.469136 0.712395 168 176 179
0.7125 2.88265 0.5775 -0.339607 0.727438 0.596238 167 174 177
0.714109 2.7825 0.5925 -0.060835 -0.129218 0.989748 173 180 186
0.723349 2.8725 0.5925 -0.755549 0.475673 0.450422 171 178 181
0.723724 2.8725 0.6075 -0.988665 2.78079e-17 0.15014 176 179 181
0.5025 2.1791 0.5475 -0.0945395 -0.141336 0.985437 132 131 129
0.498681 2.1825 0.5475 -0.084644 -0.0964932 0.991728 131 130 128
0.5025 2.1825 0.548029 -0.147313 -0.181734 0.972251 132 131 129
0.5025 2.1975 0.550915 -0.142869 -0.0591319 0.987974 134 133 131
0.5025 2.2125 0.550894 -0.0661322 -0.0658603 0.995635 136 134 134
0.5025 2.2275 0.551827 -0.0793081 -0.0511536 0.995537 137 137 137
0.5025 2.2425 0.553051 -0.113908 0.0988141 0.988565 138 138 137
0.5025 2.2575 0.5482 -0.00711682 0.00724245 0.999948 141 141 139
0.5025 2.2725 0.550952 -0.0966659 -0.0899428 0.991245 143 143 141
0.5025 2.2875 0.553612 -0.131152 -0.115295 0.984635 143 143 141
0.5025 2.3025 0.555942 -0.0649045 -0.0467501 0.996796 144 144 143
0.5025 2.3175 0.553533 -0.0317205 -0.0222189 0.99925 146 148 146
0.5025 2.3325 0.554942 -0.0498567 -0.0537482 0.997309 147 149 147
0.5025 2.3475 0.556424 -0.102357 -0.00610579 0.994729 148 149 148
0.5025 2.3625 0.554895 -0.0583579 -0.0583761 0.996587 150 151 149
0.5025 2.3775 0.557118 -0.114155 -0.106372 0.987752 151 152 151
0.5025 2.3925 0.560023 -0.119978 -0.125024 0.984873 152 152 152
0.5025 2.4053 0.5625 0.287619 -0.170865 0.94238 155 156 155
0.5175 2.16966 0.5475 -0.103909 -0.191246 0.976027 133 132 130
0.5175 2.1825 0.55011 -0.059838 -0.16091 0.985154 134 133 131
0.5175 2.1975 0.553157 -0.0403781 -0.0914797 0.994988 135 134 132
0.5175 2.2125 0.551916 -0.0822223 -0.018262 0.996447 138 136 136
0.5175 2.2275 0.553294 -0.0816986 -0.0774086 0.993646 139 139 138
0.5175 2.2425 0.554312 -0.100409 0.0488807 0.993745 140 140 139
0.5175 2.2575 0.551376 -0.163239 0.0527203 0.985177 142 142 141
0.5175 2.2725 0.553361 -0.167096 -0.161121 0.972686 144 144 143
0.5175 2.2875 0.556001 -0.149518 0.00338347 0.988753 145 145 144
0.5175 2.3025 0.553777 -0.0130501 -0.0279771 0.999523 146 146 146
0.5175 2.3175 0.555375 -0.0496318 -0.0510584 0.997462 147 148 148
0.5175 2.3325 0.556597 -0.0696087 -0.0634033 0.995557 148 149 150
0.5175 2.3475 0.557933 -0.053308 -0.0618967 0.996658 149 150 150
0.5175 2.3625 0.557325 -0.142284 -0.045785 0.988766 150 152 151
0.5175 2.3775 0.559654 -0.0885863 -0.105211 0.990496 151 153 152
0.5175 2.39153 0.5625 0.308712 -0.183624 0.933263 155 156 158
0.516444 2.3925 0.5625 -0.171886 0.0807189 0.981804 155 156 158
0.5175 2.3925 0.562603 7.74939e-18 0 1 155 156 158
0.5175 2.3928 0.5625 3.69437e-18 0.339592 0.940573 155 156 158
0.5325 2.1825 0.551102 -0.0677754 -0.0644708 0.995615 134 134 133
0.5325 2.1975 0.55118 0.0130879 -0.0935981 0.995524 136 135 135
0.5325 2.2125 0.552957 -0.0262381 -0.0789504 0.996533 138 138 138
0.5325 2.2275 0.554353 -0.0223015 -0.0372394 0.999057 140 140 140
0.5325 2.2425 0.555639 0.0170647 -0.0377087 0.999143 141 141 141
0.5325 2.2575 0.553825 -0.12939 0.0053077 0.99158 142 142 142
0.5325 2.2725 0.555762 -0.0762913 -0.0901865 0.992999 144 144 144
0.5325 2.2875 0.558667 -0.00383287 -0.0311186 0.999508 146 146 147
0.5325 2.3025 0.554868 -0.100601 0.0589191 0.993181 147 147 148
0.5325 2.3175 0.55631 -0.08392 -0.0956783 0.991868 148 149 150
0.5325 2.3325 0.557687 -0.101104 -0.0313892 0.994381 149 150 150
0.5325 2.3475 0.556894 -0.0810621 -0.082883 0.993257 150 153 152
0.5325 2.3625 0.559544 -0.114377 -0.120957 0.986046 151 153 153
0.5325 2.3775 0.561798 -0.139753 0.0712225 0.987622 153 155 154
0.517792 2.3925 0.5625 0.324273 0.29864 0.897586 155 156 158
0.5325 2.3925 0.557189 0.0355953 0.0714728 0.996807 155 157 159
0.5475 2.1825 0.552354 -0.0785472 -0.0742907 0.994138 135 135 135
0.5475 2.16753 0.5775 0 1 0 134 132 128
0.5475 2.1975 0.551797 -0.0582101 -0.0434569 0.997358 137 137 137
0.5475 2.2125 0.553502 -0.0415849 -0.119885 0.991917 140 139 140
0.5475 2.2275 0.555528 -0.0601124 0.0385593 0.997447 142 142 142
0.5475 2.2425 0.55214 0.0149482 -0.0475619 0.998756 142 142 142
0.5475 2.2575 0.555574 -0.0352143 -0.126199 0.99138 142 143 143
0.5475 2.2725 0.557783 -0.100135 0.0398211 0.994177 145 146 146
0.5475 2.2875 0.554289 0.0312927 -0.0151158 0.999396 147 147 148
0.5475 2.3025 0.556238 -0.0136432 -0.0516622 0.998571 148 149 151
0.5475 2.3175 0.557838 -0.0602365 -0.0842436 0.994623 149 150 152
0.5475 2.3325 0.559284 -0.0555612 -0.0841809 0.9949 149 150 152
0.5475 2.3475 0.559735 -0.133681 -0.0662925 0.988805 150 154 155
0.5475 2.3625 0.562194 -0.145338 -0.14665 0.978453 151 155 156
0.5475 2.36401 0.5625 0.156851 -0.118237 0.980519 151 155 156
0.535788 2.3775 0.5625 -0.148044 -0.0159868 0.988852 153 155 155
0.5475 2.3775 0.56394 0 0 1 153 157 157
0.5475 2.3814 0.5625 -0.0343003 0.361328 0.931808 154 157 158
0.5475 2.3925 0.558307 -0.0266277 0.0785983 0.996551 155 157 159
0.5625 2.1825 0.553786 -0.0678622 -0.0533408 0.996268 136 136 136
0.5625 2.1975 0.552771 -0.0417337 -0.0233832 0.998855 139 139 139
0.5625 2.2125 0.55432 -0.0376569 -0.110822 0.993127 141 141 141
0.5625 2.2275 0.555959 -0.0410368 0.00649946 0.999136 142 142 142
0.5625 2.2425 0.553807 -0.0756985 -0.0105728 0.997075 144 144 144
0.5625 2.2575 0.556715 -0.0798838 -0.170909 0.982043 144 146 145
0.5625 2.2725 0.5587 -0.0701458 0.0405955 0.99671 146 148 147
0.5625 2.2875 0.555729 -0.0618983 0.0498682 0.996836 147 148 150
0.5625 2.3025 0.557275 -0.0650463 -0.100515 0.992807 149 150 152
0.5625 2.3175 0.558632 -0.0624742 -0.057752 0.996374 150 151 153
0.5625 2.3325 0.558721 -0.033567 -0.0864606 0.99569 150 151 153
0.5625 2.3475 0.561165 -0.075641 -0.145821 0.986415 151 155 156
0.5625 2.35377 0.5625 -0.0830988 -0.149086 0.985326 152 156 157
0.549707 2.3625 0.5625 -0.0978071 0.0970071 0.990466 151 155 156
0.5625 2.3625 0.563456 -0.0452607 0.00129609 0.998974 154 158 159
0.5625 2.36542 0.5625 -0.0512132 0.328748 0.943028 154 158 159
0.551575 2.3775 0.5625 0.353348 0.136219 0.925521 153 157 158
0.5625 2.3775 0.558227 0.031772 0.100793 0.9944 153 157 159
0.5625 2.3925 0.559662 -0.0763909 -0.100807 0.991969 155 159 162
0.5775 2.1825 0.554407 -0.0159544 -0.0588753 0.998138 138 138 138
0.5775 2.1975 0.552882 -0.0265006 -0.00987253 0.9996 140 140 140
0.5775 2.2125 0.554479 -0.0200574 -0.112069 0.993498 142 142 142
0.5775 2.2275 0.556443 -0.0193351 -0.0110648 0.999752 144 144 144
0.5775 2.2425 0.554856 -0.0476481 -0.0430914 0.997934 146 146 146
0.5775 2.2575 0.557685 -0.0700684 -0.176425 0.981817 145 147 146
0.5775 2.2725 0.56013 -0.0794895 0.0602797 0.995011 147 149 148
0.5775 2.2875 0.556227 -0.0489839 0.0595864 0.997021 148 149 151
0.5775 2.3025 0.558069 -0.0479493 -0.108335 0.992957 150 151 153
0.5775 2.3175 0.559426 -0.0659429 -0.0721898 0.995209 151 152 154
0.5775 2.3325 0.560151 -0.0864291 -0.097298 0.991495 151 152 154
0.5775 2.34692 0.5625 -0.0800758 -0.139411 0.986992 152 156 157
0.5765 2.3475 0.5625 -0.0926011 -0.17226 0.980689 152 156 157
0.5775 2.3475 0.562553 -0.0536057 -0.100925 0.993449 152 156 157
0.5775 2.3625 0.563914 -0.0598736 0.0583535 0.996499 154 158 159
0.5775 2.36683 0.5625 -0.0514973 0.312543 0.948507 154 158 160
0.5775 2.3775 0.559115 -0.0633771 0.0591701 0.996234 155 159 162
0.5775 2.3925 0.560793 -0.0620168 -0.0995905 0.993094 156 160 163
0.5925 2.1825 0.554329 -0.0125396 -0.0682341 0.997591 140 140 140
0.5925 2.1975 0.553342 -0.016547 -0.0191497 0.99968 142 142 142
0.5925 2.2125 0.555103 -0.0242334 -0.105146 0.994161 142 142 142
0.5925 2.2275 0.556584 -0.0164769 -0.0101481 0.999813 145 145 145
0.5925 2.2425 0.555187 -0.0171665 -0.0674924 0.997572 146 146 146
0.5925 2.2575 0.558739 -0.0290485 -0.195411 0.980291 146 148 147
0.5925 2.2725 0.561456 -0.0499353 0.0534827 0.997319 148 150 149
0.5925 2.2875 0.556935 -0.0571173 0.0872295 0.994549 149 150 152
0.5925 2.3025 0.558649 -0.0409768 -0.115814 0.992425 151 152 154
0.5925 2.3175 0.560526 -0.0463855 -0.0938833 0.994502 152 153 155
0.5925 2.3325 0.561533 -0.0752235 -0.0985651 0.992283 152 153 155
0.5925 2.33814 0.5625 -0.0528721 -0.121833 0.991141 152 155 156
0.5925 2.3475 0.56335 -0.0463071 -0.103088 0.993594 153 157 158
0.5925 2.3625 0.565129 -0.0511349 0.0469103 0.997589 155 159 160
0.5925 2.37054 0.5625 -0.0630686 0.310375 0.94852 155 159 161
0.5925 2.3775 0.560166 -0.0576951 0.0313147 0.997843 155 159 162
0.5925 2.3925 0.56156 -0.0554633 -0.0953071 0.993902 156 160 163
0.5925 2.40262 0.5625 -0.0629256 -0.114839 0.991389 157 161 164
0.6075 2.1825 0.554685 -0.0129718 -0.0586466 0.998195 141 141 141
0.6075 2.1975 0.553578 -0.001698 -0.02443 0.9997 142 142 142
0.6075 2.2125 0.555279 -0.00851018 -0.107596 0.994158 144 144 144
0.6075 2.2275 0.556717 -0.018122 -0.0131142 0.99975 146 146 146
0.6075 2.2425 0.555498 -0.0303773 -0.0675601 0.997253 146 146 146
0.6075 2.2575 0.558863 -0.0257134 -0.197574 0.979951 148 150 149
0.6075 2.2725 0.561437 -0.0159074 0.0428785 0.998954 148 150 149
0.6075 2.2875 0.557775 -0.0169395 0.0772422 0.996868 149 150 152
0.6075 2.3025 0.559398 -0.0294096 -0.108774 0.993631 151 152 154
0.6075 2.3175 0.560877 -0.0301581 -0.100481 0.994482 153 154 156
0.6075 2.3325 0.562248 -0.0362524 -0.0977707 0.994548 153 157 158
0.6075 2.33362 0.5625 -0.0322027 -0.123125 0.991869 153 157 158
0.6075 2.3475 0.564146 -0.0290892 -0.104301 0.99412 154 158 159
0.6075 2.3625 0.565507 -0.0351681 0.0665227 0.997165 156 160 161
0.6075 2.37255 0.5625 -0.0330282 0.298886 0.953717 156 160 162
0.6075 2.3775 0.560937 -0.0369112 0.0331834 0.998767 156 160 163
0.6075 2.3925 0.562376 -0.0459787 -0.0957669 0.994341 158 162 165
0.6075 2.39352 0.5625 -0.0787673 -0.1173 0.989968 158 162 165
0.6225 2.1825 0.555006 -0.00925321 -0.0611571 0.998085 141 141 141
0.6225 2.1975 0.553254 -0.00809829 -0.0128961 0.999884 144 144 144
0.6225 2.2125 0.555252 -0.00311078 -0.119671 0.992809 144 144 144
0.6225 2.2275 0.556953 -0.0435805 -0.0593717 0.997284 147 147 147
0.6225 2.2425 0.556215 -0.0836384 -0.0425417 0.995588 148 148 148
0.6225 2.2575 0.559416 -0.0175465 -0.195465 0.980554 149 151 150
0.6225 2.2725 0.562133 -0.021483 0.0559388 0.998203 149 151 150
0.6225 2.2875 0.55773 -0.0126024 0.0815887 0.996586 150 151 153
0.6225 2.3025 0.559355 -0.00529752 -0.11374 0.993496 152 153 155
0.6225 2.3175 0.561288 -0.013619 -0.108104 0.994046 155 156 158
0.6225 2.3298 0.5625 -0.015726 -0.108619 0.993959 154 158 159
0.61277 2.3325 0.5625 -0.0342065 -0.106214 0.993755 153 157 158
0.6225 2.3325 0.56276 -0.023144 -0.102804 0.994432 154 158 159
0.6225 2.3475 0.564202 -0.0164481 -0.106916 0.994132 155 159 160
0.6225 2.3625 0.566085 -0.0178487 0.0710006 0.997317 157 161 162
0.6225 2.37382 0.5625 -0.0261456 0.299619 0.953701 157 161 164
0.6225 2.3775 0.561301 -0.0319181 -0.0164188 0.999356 157 161 164
0.6225 2.38681 0.5625 -0.0472377 -0.167562 0.984729 158 162 165
0.609785 2.3925 0.5625 -0.0695505 -0.156066 0.985295 158 162 165
0.6225 2.3925 0.563715 -0.0588117 -0.0949289 0.993745 159 163 166
0.6375 2.1825 0.554928 -0.0565395 -0.124562 0.9906 142 142 142
0.6375 2.1975 0.553679 -0.109505 0.0433953 0.993039 144 144 144
0.6375 2.2125 0.555456 -0.00226038 -0.121808 0.992551 145 145 145
0.6375 2.2275 0.557204 -0.00633604 -0.123304 0.992349 147 147 147
0.6375 2.2425 0.5592 -0.0689485 -0.0421154 0.996731 149 149 149
0.6375 2.2575 0.559338 -0.0398562 -0.118494 0.992155 150 152 151
0.6375 2.2725 0.562077 -0.00880292 0.0323512 0.999438 150 152 151
0.6375 2.2875 0.557833 -0.00117647 0.0804088 0.996761 151 152 154
0.6375 2.3025 0.559681 -0.0138038 -0.114606 0.993315 153 154 156
0.6375 2.3175 0.561246 -0.0147513 -0.113624 0.993414 156 157 159
0.6375 2.32724 0.5625 -0.0154887 -0.117216 0.992986 155 158 160
0.6375 2.3325 0.563161 -0.00872243 -0.107239 0.994195 155 159 160
0.6375 2.3475 0.564734 -0.0159985 -0.0989588 0.994963 157 161 162
0.6375 2.3625 0.566151 -0.00905526 0.0768011 0.997005 158 162 163
0.6375 2.37483 0.5625 -0.00856601 0.291424 0.956556 158 162 165
0.6375 2.3775 0.561688 -0.0155829 -0.0124046 0.999802 158 162 165
0.6375 2.38362 0.5625 -0.011925 -0.18508 0.982651 159 163 166
0.6375 2.3925 0.564496 -0.0281656 -0.120578 0.992304 160 164 167
0.6525 2.1825 0.555253 -0.0455841 -0.124183 0.991212 142 142 142
0.6525 2.1975 0.558402 -0.100225 0.0484059 0.993787 145 145 145
0.6525 2.2125 0.555164 -0.0425244 -0.0123979 0.999019 146 146 146
0.6525 2.2275 0.55716 0.0106921 -0.129898 0.99147 148 148 148
0.6525 2.2425 0.559156 -0.0131678 -0.0950375 0.995387 150 150 150
0.6525 2.2575 0.55943 -0.0444712 -0.1097 0.992969 151 153 152
0.6525 2.27119 0.5625 -0.048024 -0.167263 0.984742 151 153 152
0.646354 2.2725 0.5625 -0.045821 -0.193836 0.979963 151 153 152
0.6525 2.2725 0.562675 -0.116779 -0.0330413 0.992608 151 153 152
0.6525 2.27302 0.5625 -0.199439 0.305803 0.930972 151 153 152
0.6525 2.2875 0.55779 -0.131458 0.153868 0.979308 152 153 155
0.6525 2.3025 0.559724 0.00525897 -0.128587 0.991684 154 155 157
0.6525 2.3175 0.561657 -0.00935225 -0.115689 0.993241 156 157 159
0.6525 2.32606 0.5625 -0.0104601 -0.108844 0.994004 156 159 160
0.6525 2.3325 0.563138 -0.0150661 -0.102802 0.994588 156 160 161
0.6525 2.3475 0.56469 -0.0111343 -0.103298 0.994588 158 162 163
0.6525 2.3625 0.566221 -0.0148823 0.0853764 0.996238 159 163 166
0.6525 2.37469 0.5625 -0.00920645 0.288603 0.957404 159 163 166
0.6525 2.3775 0.56167 -0.0103627 -0.0155449 0.999825 159 163 166
0.6525 2.38395 0.5625 -0.00915662 -0.176603 0.98424 160 164 167
0.6525 2.3925 0.564528 -0.0404482 -0.179931 0.982847 161 165 168
0.6675 2.1825 0.554741 -0.0504777 -0.0187591 0.998549 143 143 143
0.6675 2.1975 0.558077 -0.0370402 -0.0825182 0.995901 146 146 146
0.6675 2.2125 0.55512 -0.125001 0.103031 0.986792 146 146 146
0.6675 2.2275 0.556942 0.00292874 -0.128325 0.991728 148 148 148
0.6675 2.2425 0.559002 0.0119333 -0.130717 0.991348 150 150 150
0.6675 2.2575 0.56106 -0.0129042 -0.113944 0.993403 151 153 152
0.6675 2.27123 0.5625 0.0259021 -0.10606 0.994022 152 154 153
0.6675 2.2725 0.562626 0.0280881 -0.151969 0.987986 152 154 153
0.662274 2.2875 0.5625 -0.415974 0.289308 0.862129 153 154 156
0.6675 2.2875 0.565024 -0.0449114 0.0390705 0.998227 154 155 157
0.6675 2.29458 0.5625 -0.210602 0.337753 0.917371 154 155 157
0.6675 2.3025 0.559499 -0.0509437 0.0046865 0.998691 155 156 158
0.6675 2.3175 0.561586 -0.00533315 -0.129273 0.991595 157 158 160
0.6675 2.32438 0.5625 -0.0130556 -0.120084 0.992678 157 159 160
0.6675 2.3325 0.563551 -0.00880186 -0.105735 0.994355 156 160 161
0.6675 2.3475 0.565036 -0.0130048 -0.105518 0.994332 158 162 163
0.6675 2.3625 0.566646 -0.0954749 0.018024 0.995269 159 163 166
0.6675 2.37608 0.5625 -0.0396214 0.29017 0.956155 160 164 167
0.6675 2.3775 0.562093 -0.0348816 -0.0664643 0.997179 160 164 167
0.6675 2.38176 0.5625 -0.243971 -0.150535 0.958028 160 164 167
0.6675 2.3925 0.56445 -0.089507 -0.156735 0.983576 161 165 168
0.6825 2.1825 0.557649 -0.0571784 -0.00446714 0.998354 143 143 143
0.6825 2.1975 0.55741 -0.0136579 -0.147441 0.988976 146 146 146
0.6825 2.2125 0.560962 -0.111714 0.0864782 0.989971 147 147 147
0.6825 2.2275 0.557072 -0.0518649 0.0021266 0.998652 149 149 149
0.6825 2.2425 0.558957 0.00891412 -0.122347 0.992447 150 150 150
0.6825 2.2575 0.560593 0.0141612 -0.10414 0.994462 151 153 152
0.671291 2.2725 0.5625 0.0386753 -0.148285 0.988188 152 154 153
0.6825 2.2725 0.561855 0.00999839 -0.110703 0.993803 153 155 154
0.6825 2.27538 0.5625 -0.00156967 -0.151625 0.988437 153 155 155
0.6825 2.2875 0.56417 -0.0393533 -0.0529724 0.99782 155 156 158
0.6825 2.29341 0.5625 -0.0543481 0.302526 0.95159 155 156 158
0.6825 2.3025 0.559937 -0.104179 0.0309773 0.994076 156 157 159
0.6825 2.3175 0.561995 -0.0167997 -0.130914 0.991251 157 158 160
0.6825 2.32232 0.5625 -0.0141758 -0.117993 0.992913 157 159 161
0.6825 2.3325 0.563508 -0.0187374 -0.0920966 0.995574 157 161 162
0.6825 2.3475 0.564993 -0.000292428 -0.109746 0.99396 159 163 164
0.6825 2.3625 0.566803 -0.00381217 -0.132285 0.991204 160 164 167
0.668369 2.3775 0.5625 -0.417598 0.191236 0.88828 160 164 167
0.6825 2.3775 0.569126 -0.14518 0.0657064 0.987221 161 165 168
0.6825 2.3925 0.565855 -0.0503536 -0.0376304 0.998022 163 167 170
0.6975 2.1825 0.557614 -0.00582065 -0.0724175 0.997357 143 143 143
0.6975 2.1975 0.557332 -0.0278134 -0.0721407 0.997007 146 146 146
0.6975 2.2125 0.560788 0.0358915 -0.0267198 0.998998 148 148 148
0.6975 2.2275 0.556559 -0.0935602 0.0958787 0.990986 149 149 149
0.6975 2.2425 0.558555 0.0232836 -0.132026 0.990973 150 150 150
0.6975 2.2575 0.560549 0.00191394 -0.123047 0.992399 151 153 152
0.6975 2.27219 0.5625 0.000181554 -0.131706 0.991289 153 155 154
0.696033 2.2725 0.5625 -0.0452522 -0.145793 0.98828 153 155 154
0.6975 2.2725 0.562542 -0.010312 -0.11968 0.992759 153 155 154
0.6975 2.2875 0.564179 -0.00651447 -0.11918 0.992851 156 157 159
0.688654 2.3025 0.5625 -0.372381 0.2523 0.893128 156 157 159
0.6975 2.3025 0.56619 -0.0899044 0.111095 0.989735 157 158 160
0.6975 2.31555 0.5625 -0.183917 0.267367 0.94588 158 159 161
0.6975 2.3175 0.561949 -0.00997838 -0.039338 0.999176 158 159 161
0.6975 2.32276 0.5625 0.0172689 -0.162446 0.986566 158 160 162
0.6975 2.3325 0.564269 -0.0190857 -0.0964443 0.995155 158 162 163
0.6975 2.3475 0.565027 -0.0176307 -0.0923445 0.995571 159 163 164
0.6975 2.3625 0.56689 -0.00616817 -0.132337 0.991186 160 164 167
0.6975 2.3775 0.569027 -0.0580519 -0.0250337 0.998 162 166 169
0.6975 2.3925 0.565963 -0.111106 0.0422106 0.992912 163 167 170
0.7125 2.1825 0.557048 0.0480695 -0.127567 0.990664 144 144 144
0.7125 2.1975 0.55925 -0.0195297 -0.0735462 0.997101 146 146 146
0.7125 2.2125 0.559654 -0.0573418 -0.0789737 0.995226 148 148 148
0.7125 2.2232 0.5625 0.0457442 -0.234004 0.971159 149 149 149
0.711177 2.2275 0.5625 -0.411961 -0.151445 0.898528 150 150 150
0.7125 2.2275 0.563076 0 0 1 150 150 150
0.7125 2.22939 0.5625 -0.161604 0.308431 0.937419 150 150 150
0.7125 2.2425 0.558244 -0.137694 0.0420744 0.989581 151 151 151
0.7125 2.2575 0.560372 0.0180011 -0.134977 0.990685 152 154 153
0.71157 2.2725 0.5625 0.00292861 -0.128481 0.991708 153 155 154
0.7125 2.2725 0.562497 0.0174131 -0.137444 0.990356 153 155 154
0.7125 2.27252 0.5625 0.0461047 -0.117958 0.991948 153 155 154
0.7125 2.2875 0.564439 0.0202503 -0.121271 0.992413 156 157 159
0.7125 2.3025 0.566145 -0.0595706 0.00808561 0.998191 157 158 160
0.7125 2.31407 0.5625 -0.0148817 0.287428 0.957687 158 159 161
0.7125 2.3175 0.56142 -0.0172214 -0.0297296 0.99941 158 159 161
0.7125 2.32538 0.5625 -0.197582 -0.178047 0.963982 158 161 162
0.7125 2.3325 0.56419 -0.0599945 -0.0886177 0.994257 158 162 163
0.7125 2.3475 0.565364 -0.0571176 -0.0621773 0.996429 159 163 164
0.7125 2.3625 0.566983 -0.00574154 -0.125912 0.992025 161 165 168
0.7125 2.3775 0.569192 -0.26359 -0.219785 0.939263 162 166 169
0.7125 2.3925 0.57098 -0.439384 0.0251047 0.897948 163 167 170
0.7275 2.1825 0.556183 -0.141929 0.066907 0.987613 144 144 144
0.7275 2.1975 0.558312 0.0631277 -0.129882 0.989518 147 147 147
0.7275 2.2125 0.560022 0.0237471 -0.105562 0.994129 149 149 149
0.721256 2.2275 0.5625 0.0892676 0 0.996008 150 150 150
0.7275 2.2275 0.561731 -0.0287597 -0.0667978 0.997352 150 150 150
0.7275 2.23057 0.5625 -0.0270892 -0.154902 0.987558 150 150 150
0.723225 2.2425 0.5625 -0.378504 -0.0329708 0.925012 151 151 151
0.7275 2.2425 0.564199 -0.116875 -0.0110297 0.993085 151 151 151
0.7275 2.24907 0.5625 -0.347584 0.243216 0.905556 151 152 152
0.7275 2.2575 0.560169 -0.0988515 0.00898902 0.995062 152 154 153
0.7275 2.2725 0.561932 0.0419455 -0.122068 0.991635 154 156 155
0.7275 2.27757 0.5625 0.0463895 -0.118531 0.991866 155 156 156
0.7275 2.2875 0.563548 0.0422361 -0.127643 0.99092 156 157 159
0.7275 2.3025 0.565614 0.0393086 -0.129342 0.990821 157 158 160
0.715091 2.3175 0.5625 -0.381005 0.145448 0.913061 158 159 161
0.7275 2.3175 0.567679 -0.139359 0.0208059 0.990023 159 160 162
0.7275 2.3325 0.564111 -0.113986 0.0374616 0.992776 158 162 163
0.7275 2.3475 0.567668 -0.0437074 -0.104789 0.993534 160 164 165
0.7275 2.3625 0.566939 -0.201969 -0.307459 0.92988 161 165 168
0.7275 2.37194 0.5775 -0.123052 -0.807375 0.577064 157 157 157
0.720954 2.3775 0.5775 -0.743345 -0.419116 0.521326 159 159 159
0.7275 2.37641 0.5925 0.130207 -0.956249 0.26198 160 156 149
0.726638 2.3775 0.5925 -0.910162 -0.190854 0.367669 160 156 149
0.7275 2.3775 0.597791 0 0 1 160 155 147
0.7275 2.37044 0.6225 -0.0512796 -0.951226 -0.304202 158 157 151
0.718994 2.3775 0.6225 -0.748532 -0.139674 -0.648222 158 157 152
0.7275 2.3775 0.612938 0.0282794 -0.296567 -0.954593 160 154 146
0.719387 2.3925 0.5775 -0.83435 -0.0614571 0.547799 161 162 161
0.7275 2.38981 0.5925 -0.650324 0.196283 0.73386 160 156 148
0.7275 2.3925 0.591902 0.0922952 0.0162486 0.995599 160 156 148
0.720222 2.3925 0.6225 -0.744726 -0.0478853 -0.665651 159 158 153
0.7275 2.3925 0.613712 -0.13658 -0.0158975 -0.990501 160 156 148
0.7275 2.39492 0.5925 0.29649 -0.298174 0.907296 161 156 148
0.3375 2.6625 0.58736 -0.28666 0.0128 0.957947 99 89 78
0.3375 2.6625 0.62078 0.0946444 0.0172386 -0.995362 120 111 98
0.3375 2.6625 0.626391 0.200648 -0.0328748 0.979112 125 116 102
0.3525 2.6625 0.591848 -0.0859787 -0.0357001 0.995657 102 94 83
0.3525 2.66034 0.6225 0.355219 -0.186244 -0.916042 121 114 100
0.3525 2.6625 0.622206 0.130842 0.0115648 -0.991336 120 113 99
0.3525 2.6625 0.623317 0.288625 -0.115086 0.9505 121 114 100
0.3525 2.6775 0.587256 -0.170213 0.100911 0.980227 99 89 80
0.3525 2.66278 0.6225 0.675147 0.553121 -0.488093 121 113 99
0.340389 2.6775 0.6225 0.662828 0.545229 -0.513211 119 110 95
0.3525 2.6925 0.588519 -0.150047 -0.136098 0.979267 100 89 77
0.348496 2.7075 0.5925 0.385462 -0.167568 0.907381 96 84 73
0.3525 2.7075 0.591425 -0.107758 -0.165727 0.980267 97 85 73
0.3525 2.71671 0.5925 -0.0861075 -0.202172 0.975557 96 84 72
0.3525 2.7225 0.594195 -0.0599626 -0.476228 0.877275 96 84 72
0.350294 2.7225 0.6225 0.611605 -0.498685 -0.614209 144 140 133
0.3525 2.7225 0.624697 0.362941 -0.320838 -0.874835 144 140 133
0.3525 2.73038 0.6075 0.219698 -0.905926 0.361982 115 107 98
0.3525 2.72521 0.6225 0.593911 -0.803399 -0.0426507 144 140 133
0.3675 2.6625 0.587713 0.128266 -0.163553 0.978161 108 98 89
0.352714 2.6625 0.6225 1 0 0 121 113 99
0.3675 2.6775 0.589072 -0.0313738 -0.0215307 0.999276 106 96 87
0.3675 2.6925 0.590817 -0.150262 -0.149981 0.977204 102 92 83
0.3675 2.69986 0.5925 -0.211246 -0.19206 0.958378 102 92 82
0.360695 2.7075 0.5925 -0.178942 -0.177289 0.967754 99 88 77
0.3675 2.7075 0.594177 -0.146392 -0.134461 0.980046 100 90 80
0.3675 2.7225 0.595125 0.145504 -0.404154 0.903044 99 89 78
0.3675 2.7225 0.629157 0.276155 -0.247527 -0.928692 142 138 132
0.3675 2.73605 0.6075 0.431348 -0.857253 0.281171 127 123 116
0.362189 2.7375 0.6225 0.776221 -0.61911 -0.119097 143 139 133
0.3675 2.7375 0.613291 0.690813 -0.629031 0.356508 135 131 126
0.3675 2.7375 0.625159 0.351716 -0.304091 -0.885338 144 140 134
0.3675 2.74461 0.6225 0.697497 -0.652872 0.295392 142 138 132
0.3675 2.79527 0.6225 0 0.952553 0.304372 111 99 84
0.364417 2.7975 0.6225 0.915008 0 0.403435 106 93 77
0.3675 2.7975 0.615508 0.316203 0.146446 0.93732 103 89 75
0.3675 2.80352 0.6225 0.769548 -0.563793 0.29989 107 94 77
0.3825 2.6625 0.586913 -0.0402641 -0.161484 0.986054 110 101 92
0.3825 2.6775 0.590501 -0.118638 -0.208001 0.970907 107 98 89
0.3825 2.68356 0.5925 -0.177078 -0.201822 0.963281 106 96 87
0.373099 2.6925 0.5925 -0.223984 -0.217866 0.949929 103 93 84
0.3825 2.6925 0.593946 -0.119512 -0.135865 0.983493 105 95 86
0.3825 2.7075 0.595702 0.0771815 -0.0771872 0.994025 103 93 84
0.3825 2.7225 0.598125 -0.0541229 0.0230662 0.998268 101 91 81
0.3825 2.73674 0.5925 0.371129 -0.172746 0.912372 100 90 80
0.38154 2.7375 0.5925 0.653414 -0.574856 0.492536 100 90 80
0.3825 2.7375 0.5922 0 0 1 100 90 80
0.369239 2.7375 0.6075 0.624829 -0.598049 0.501923 126 122 116
0.3825 2.73966 0.5925 -0.0996551 -0.705294 0.701875 100 90 80
0.3825 2.74959 0.6075 0.463497 -0.75201 0.468669 127 121 115
0.374111 2.7525 0.6225 0.766919 -0.578206 -0.278413 140 136 131
0.3825 2.7525 0.614258 0.4567 -0.560034 0.691222 137 133 128
0.3825 2.7525 0.626368 0.391338 -0.219359 -0.89372 142 139 133
0.3825 2.76487 0.6225 0.674785 -0.583094 0.452401 142 138 132
0.37029 2.7975 0.6225 -0.646056 0.753205 0.123668 112 100 86
0.3825 2.80733 0.6225 -0.651647 0.758522 0 119 108 95
0.373392 2.8125 0.6225 0.887 -0.459691 0.0437664 108 95 78
0.3825 2.8125 0.613321 0.00372192 0.32847 0.944507 99 86 71
0.3825 2.8125 0.626619 0.10709 0.0512299 -0.992929 115 104 89
0.381291 2.8275 0.6225 0.648315 -0.335926 -0.683258 106 93 77
0.3825 2.8275 0.619244 0.69247 -0.367782 0.620663 106 92 77
0.3825 2.8275 0.623212 0.367851 -0.211086 -0.90561 108 95 79
0.3825 2.8296 0.6225 0.711982 -0.456692 0.533399 106 93 77
0.3975 2.6625 0.588929 -0.0256932 -0.210127 0.977336 119 110 101
0.3975 2.67135 0.5925 0.221323 -0.298408 0.928423 115 108 98
0.389939 2.6775 0.5925 -0.225888 -0.291815 0.929418 109 101 91
0.3975 2.6775 0.593541 -0.0576676 -0.141041 0.988323 112 105 95
0.3975 2.6925 0.595379 0.101331 -0.00786395 0.994822 111 102 93
0.3975 2.704 0.5925 0.27739 0.247595 0.928306 108 98 89
0.394386 2.7075 0.5925 0.279407 -0.0790707 0.956911 106 96 87
0.3975 2.7075 0.591483 0.0218039 -0.059989 0.997961 107 97 88
0.3975 2.71466 0.5925 -0.0517105 -0.180219 0.982266 106 96 87
0.3975 2.7225 0.594029 -0.0176028 -0.223624 0.974517 104 95 86
0.38374 2.7375 0.5925 -0.338031 0.293092 0.894333 100 90 81
0.3975 2.7375 0.597869 -0.118658 -0.254927 0.959652 102 93 83
0.3975 2.75059 0.6075 0.0176357 -0.68445 0.728846 123 119 115
0.3975 2.7525 0.609354 0.270855 -0.55108 0.789271 128 125 122
0.3975 2.7525 0.630769 0.281214 -0.0466549 -0.95851 146 143 137
0.38464 2.7675 0.6225 0.760714 -0.545915 -0.35113 143 139 132
0.3975 2.7675 0.615428 0.450129 -0.371267 0.812123 141 138 134
0.3975 2.7675 0.630039 0.423283 -0.242996 -0.872803 147 143 138
0.396728 2.7825 0.6225 0.533757 -0.420795 -0.733509 142 138 131
0.3975 2.7825 0.621434 0.465018 -0.358746 0.809358 141 137 131
0.3975 2.7825 0.623144 0.521001 -0.429433 -0.737662 142 138 131
0.3975 2.78345 0.6225 0.463987 -0.548369 0.695706 142 138 131
0.38775 2.8125 0.6225 -0.652954 0.720986 -0.232014 114 103 90
0.3975 2.82664 0.6075 -2.37787e-17 0.927186 0.374601 100 87 74
0.393995 2.8275 0.6075 0.124733 0.334744 0.934017 99 85 72
0.3975 2.8275 0.60698 0 0 1 98 84 71
0.3975 2.82123 0.6225 -0.624239 0.761386 0.174978 114 104 92
0.3975 2.8275 0.628688 -0.0210798 0.151818 -0.988184 119 108 96
0.3975 2.83156 0.6075 0.590777 -0.455525 0.665943 98 84 71
0.390969 2.8425 0.6225 0.822324 -0.562205 -0.0878036 105 92 77
0.3975 2.8425 0.613273 0.335015 -0.295507 0.894674 101 87 74
0.3975 2.8425 0.626004 0.345336 -0.221717 -0.911913 112 100 88
0.3975 2.85147 0.6225 0.70636 -0.611742 0.356127 105 91 76
0.4125 2.6625 0.589684 0.130548 -0.176333 0.975635 118 112 102
0.400667 2.6775 0.5925 0.351272 -0.171641 0.920406 113 106 96
0.4125 2.6775 0.587122 0.158682 -0.105511 0.981676 117 111 102
0.40771 2.6925 0.5925 0.301455 0.0360277 0.9528 112 105 95
0.4125 2.6925 0.590633 0.153613 -0.138407 0.97839 113 107 97
0.4125 2.70352 0.5925 -0.0747553 -0.271544 0.959518 113 104 95
0.407138 2.7075 0.5925 -0.119456 -0.169386 0.978284 110 101 92
0.4125 2.7075 0.593454 -0.117738 -0.220285 0.968304 113 103 94
0.4125 2.7225 0.598412 -0.0296967 -0.251719 0.967345 108 99 91
0.4125 2.7375 0.601739 -0.0778414 -0.181536 0.980299 107 99 90
0.400776 2.7525 0.6075 0.444917 -0.272602 0.853075 126 123 119
0.4125 2.7525 0.603047 0.0736511 -0.239205 0.968172 120 115 109
0.409063 2.7675 0.6075 0.522352 -0.341028 0.781568 140 136 134
0.4125 2.7675 0.605896 0.173066 -0.20782 0.962735 139 135 132
0.4125 2.77286 0.6075 0.070455 -0.41205 0.908433 140 136 134
0.4125 2.7825 0.61314 0.360337 -0.423217 0.831291 140 136 133
0.4125 2.79666 0.6225 0.43211 -0.515797 0.739753 140 136 131
0.398251 2.8275 0.6075 -0.77226 0.254996 0.581886 100 87 74
0.404536 2.8275 0.6225 -0.638422 0.734733 -0.229315 113 102 91
0.4125 2.83414 0.6225 -0.649621 0.624602 0.433434 115 105 94
0.4125 2.8425 0.609671 -0.217113 0.463999 0.858817 96 82 69
0.4125 2.8425 0.630175 -0.115441 0.215082 -0.969749 122 112 100
0.401888 2.8575 0.6225 0.794296 -0.546562 -0.265262 105 92 76
0.4125 2.8575 0.614183 0.511701 -0.388895 0.766109 99 85 71
0.4125 2.8575 0.62768 0.369709 -0.253905 -0.893783 117 106 92
0.411613 2.8725 0.6225 0.49884 -0.319332 -0.805721 106 93 77
0.4125 2.8725 0.621735 0.636135 -0.307642 0.707594 105 92 76
0.4125 2.8725 0.623001 0.39562 -0.251574 -0.883287 107 94 79
0.4125 2.87398 0.6225 0.740605 -0.357198 0.569135 106 93 77
0.4275 2.6625 0.583763 0.284558 -0.192918 0.939047 109 103 95
0.4275 2.6775 0.586395 0.178034 -0.154411 0.971834 113 107 97
0.4275 2.6925 0.589726 0.0589203 -0.24917 0.966666 118 112 102
0.4275 2.69861 0.5925 0.0378541 -0.374107 0.926613 117 110 101
0.4275 2.7075 0.595904 -0.00348354 -0.166478 0.986039 115 108 100
0.4275 2.7225 0.596384 0.0736098 -0.115166 0.990615 114 106 98
0.4275 2.7375 0.59933 0.199558 -0.228241 0.952934 111 103 94
0.4275 2.7525 0.602887 0.119629 -0.193066 0.973866 126 121 116
0.4275 2.7675 0.605914 0.053362 -0.228601 0.972057 129 124 120
0.4275 2.7714 0.6075 0.0896791 -0.3793 0.920917 135 131 128
0.4275 2.7825 0.612176 0.0992858 -0.311533 0.945034 144 142 139
0.413087 2.7975 0.6225 0.431132 -0.257549 0.864751 141 136 131
0.4275 2.7975 0.615377 0.2634 -0.265166 0.927528 142 139 135
0.422119 2.8125 0.6225 0.708629 -0.460668 0.534444 140 135 128
0.4275 2.8125 0.619751 0.354588 -0.305996 0.883535 145 140 135
0.4275 2.8125 0.628067 0.442391 -0.527194 -0.725505 143 138 131
0.4275 2.82041 0.6225 0.640593 -0.724291 0.255036 135 128 121
0.421308 2.8425 0.6225 -0.673839 0.726686 0.133671 115 104 93
0.4275 2.85519 0.6075 0 0.868826 0.495118 102 89 77
0.421009 2.8575 0.6075 0.322535 0.0657754 0.944269 94 80 67
0.4275 2.8575 0.605708 -0.0201989 0.0130821 0.99971 96 82 70
0.4275 2.84793 0.6225 -0.564876 0.671172 0.480044 114 104 92
0.426606 2.8725 0.6075 0.676295 -0.232652 0.698927 94 81 65
0.4275 2.8725 0.60722 0.151033 -0.0978189 0.983677 94 81 65
0.4275 2.8725 0.629526 0.386258 -0.24979 -0.887924 119 109 96
0.4275 2.87637 0.6075 0.383012 -0.310745 0.869908 94 81 65
0.4425 2.65895 0.5775 0.423019 0.209479 0.881574 102 98 91
0.440801 2.6625 0.5775 0.433379 -0.248536 0.866264 103 98 92
0.4425 2.6625 0.576703 0.160879 -0.0572461 0.985313 105 100 94
0.4425 2.6658 0.5775 0.0977411 -0.324478 0.94083 104 99 93
0.4425 2.6775 0.582822 0.202159 -0.321347 0.925131 115 110 103
0.4425 2.6925 0.58776 0.169051 -0.263408 0.949757 120 116 107
0.4425 2.70294 0.5925 0.304452 -0.348487 0.886491 122 118 109
0.4425 2.7075 0.593571 0.164956 -0.230983 0.958872 121 117 108
0.4425 2.7225 0.596121 0.156824 -0.0506435 0.986327 119 114 105
0.4425 2.7375 0.594773 0.118156 -0.209217 0.970705 114 107 99
0.4425 2.7525 0.599997 0.0888241 -0.22463 0.970387 112 104 96
0.4425 2.7675 0.603365 0.191374 -0.210914 0.958588 127 122 118
0.4425 2.77703 0.6075 0.332285 -0.358568 0.872362 135 133 130
0.4425 2.7825 0.609374 0.206707 -0.302813 0.930364 139 136 133
0.4425 2.7975 0.613308 0.241009 -0.20068 0.949549 145 143 141
0.4425 2.8125 0.614243 0.180987 -0.289238 0.939992 144 141 137
0.43869 2.8275 0.6225 0.447858 -0.668508 -0.593735 139 133 126
0.4425 2.8275 0.621245 0.199062 -0.397434 0.895779 143 138 132
0.4425 2.8275 0.624587 0.398417 -0.558478 -0.727576 142 137 130
0.4425 2.83045 0.6225 0.137541 -0.409749 0.901769 138 133 125
0.430214 2.8575 0.6075 -0.827725 0.363965 0.427083 101 89 77
0.436617 2.8575 0.6225 -0.783141 0.396186 0.479299 115 104 91
0.430724 2.8725 0.6075 -0.579324 0.364724 0.728945 95 82 67
0.4425 2.86359 0.6225 -0.413115 0.69104 0.593127 112 101 88
0.4425 2.8725 0.609594 -0.356266 0.298513 0.885418 97 85 71
0.4575 2.6625 0.576733 0.0240214 -0.198198 0.979868 97 95 88
0.4575 2.66732 0.5775 0.0397144 -0.270906 0.961786 95 92 86
0.4575 2.6775 0.580853 0.119505 -0.31396 0.941885 98 95 89
0.4575 2.6925 0.586979 0.149963 -0.196963 0.968874 108 104 98
0.444849 2.7075 0.5925 0.426657 -0.204666 0.880952 122 118 109
0.4575 2.7075 0.585642 0.203995 -0.139797 0.968939 109 106 98
0.451756 2.7225 0.5925 0.390688 -0.180102 0.902733 121 117 108
0.4575 2.7225 0.589723 0.245068 -0.241344 0.938986 117 113 104
0.4575 2.73571 0.5925 0.180624 -0.217873 0.959117 120 116 107
0.4575 2.7375 0.593089 0.210584 -0.292813 0.932692 120 116 107
0.4575 2.7525 0.601788 0.153541 -0.271129 0.950218 117 112 103
0.4575 2.7675 0.601882 0.0859111 -0.0415885 0.995434 130 126 121
0.446205 2.7825 0.6075 0.477861 -0.257734 0.839775 137 135 132
0.4575 2.7825 0.600519 0.20861 -0.144408 0.967279 136 134 131
0.453973 2.7975 0.6075 0.461467 -0.312212 0.830405 143 141 139
0.4575 2.7975 0.605209 0.336495 -0.298059 0.893271 141 139 137
0.4575 2.80305 0.6075 0.186242 -0.458336 0.869047 143 142 139
0.4575 2.8125 0.612681 0.217412 -0.337372 0.915921 146 145 142
0.4575 2.8275 0.620126 0.227491 -0.366743 0.902079 148 144 139
0.4575 2.8344 0.6225 0.320678 -0.271321 0.907497 145 141 135
0.45305 2.8725 0.6225 -0.570914 0.675472 0.466685 114 105 91
0.4575 2.87627 0.6225 -0.608757 0.527845 0.592279 116 107 94
0.4725 2.6625 0.575967 -0.00439838 -0.169641 0.985496 135 132 127
0.4725 2.67032 0.5775 -0.00163196 -0.248064 0.968742 128 125 120
0.4725 2.6775 0.580401 0.0373801 -0.201276 0.978821 118 115 110
0.4725 2.6925 0.581806 0.133497 -0.200895 0.970474 119 115 110
0.4725 2.7075 0.585587 0.149454 -0.0915066 0.984525 116 113 106
0.4725 2.7225 0.587468 0.206087 -0.230009 0.951117 118 115 107
0.466083 2.7375 0.5925 0.0594707 -0.232018 0.970892 122 118 109
0.4725 2.7375 0.59196 0.171065 -0.265552 0.948799 123 119 110
0.4725 2.73883 0.5925 0.170922 -0.291237 0.941258 124 120 111
0.4725 2.7525 0.595382 0.192863 -0.258438 0.94658 123 119 110
0.4725 2.7675 0.598253 0.218369 -0.118398 0.968657 128 124 117
0.4725 2.7825 0.601184 0.222465 -0.0443721 0.973931 129 126 120
0.4725 2.7975 0.602511 0.276493 -0.327558 0.903469 140 139 135
0.4725 2.8072 0.6075 0.228592 -0.486259 0.843385 144 143 140
0.4725 2.8125 0.610965 0.165487 -0.342214 0.924934 146 145 142
0.4725 2.8275 0.614037 0.186917 -0.263134 0.946479 145 144 141
0.461065 2.8425 0.6225 0.297769 -0.118716 0.947228 142 138 131
0.4725 2.8425 0.617347 0.230541 -0.204007 0.951437 145 142 137
0.45979 2.8575 0.6225 0.124366 -0.064358 0.990147 122 117 108
0.4725 2.8575 0.620904 0.198951 -0.167785 0.96554 132 127 119
0.4725 2.8646 0.6225 0.111659 -0.26701 0.957203 125 120 111
0.481719 2.8125 0.6075 0.299858 -0.455013 0.83848 148 148 144
0.491007 2.9175 0.6225 -0.711165 0.263713 0.65169 109 100 89
0.494766 2.9325 0.6225 -0.664012 -0.0471619 0.746233 114 106 95
0.5025 2.95919 0.6225 0.526761 0.63624 0.563668 103 94 83
0.499345 2.9625 0.6225 0.767731 0.00634122 0.640741 103 93 82
0.5025 2.9625 0.618756 -0.0652288 0.0164966 0.997734 96 86 74
0.501764 2.9775 0.6225 0.809862 -0.242952 0.533945 95 85 73
0.5025 2.9775 0.621574 0.61433 -0.159704 0.772718 93 84 72
0.5025 2.9775 0.625357 0 -0.966744 -0.255745 102 92 81
0.5025 2.97826 0.6225 0 -1 0 95 85 74
0.5175 2.88805 0.6225 0 -0.745837 0.666128 127 124 115
0.5175 2.94744 0.6225 0 0.604472 0.796626 102 94 83
0.517444 2.9475 0.6225 0.487105 0.62212 0.612941 102 94 83
0.5175 2.9475 0.622456 -0.126418 0.116301 0.985136 102 94 83
0.5175 2.94755 0.6225 -0.637891 -0.509779 0.577253 102 94 83
0.505549 2.9625 0.6225 -0.726918 -0.347675 0.59221 103 94 83
0.503244 2.9775 0.6225 -0.780052 -0.144884 0.608709 95 86 74
0.517536 2.9475 0.6225 -0.77604 0 0.630683 102 94 83
0.5625 2.88914 0.5625 0.310749 -0.940419 -0.138008 160 162 166
0.5625 2.90048 0.6075 0.73675 -0.670033 0.0908624 159 160 159
0.5775 2.89757 0.5475 0.192484 -0.893185 -0.406411 157 158 162
0.57607 2.9025 0.5925 0.670587 -0.503228 0.545046 142 146 147
0.5775 2.9025 0.59154 0.429599 -0.422856 0.797896 142 146 147
0.564263 2.9025 0.6075 0.800665 -0.598039 -0.0358579 158 160 158
0.5775 2.9025 0.618769 0.470902 -0.363927 -0.803622 164 165 163
0.5775 2.9025 0.625951 0.352993 -0.144157 0.924454 163 163 160
0.5775 2.90428 0.5925 0.55501 -0.550705 0.623448 141 145 145
0.575791 2.9175 0.6075 0.792177 -0.609152 -0.0372599 160 160 159
0.5775 2.9175 0.605431 0.584054 -0.567571 0.580297 157 158 157
0.5775 2.9175 0.609054 0.495793 -0.390547 -0.775669 159 159 157
0.5775 2.91962 0.6075 0.661449 -0.466755 0.587048 159 159 158
0.582492 2.9025 0.5475 0.873545 -0.375234 -0.310031 158 159 163
0.5925 2.8875 0.556147 0.192597 -0.228582 -0.954283 157 159 162
0.5925 2.9025 0.551842 0.304644 0.0775994 -0.9493 159 160 164
0.5925 2.89013 0.5775 0.231567 -0.490234 0.840267 157 159 162
0.5925 2.9025 0.58508 0.36415 -0.395734 0.843084 156 159 162
0.585942 2.9025 0.6225 0.810272 -0.517892 0.274313 168 168 165
0.592198 2.9175 0.5475 0.857721 -0.511421 0.0525679 158 159 163
0.5925 2.9025 0.538281 0.590887 -0.409589 0.695046 157 159 163
0.5925 2.9175 0.54712 0.654237 -0.348079 0.671427 158 159 163
0.5925 2.91591 0.5625 0.275217 0.69196 -0.667418 162 166 170
0.59155 2.9175 0.5625 0.915003 -0.0978675 -0.391396 162 167 171
0.5925 2.9175 0.564365 0.543547 -0.358036 -0.759188 162 167 171
0.590922 2.9175 0.5925 0.555945 -0.564451 0.61018 152 156 157
0.5925 2.9175 0.591765 0.439025 -0.410206 0.799367 154 158 159
0.5925 2.90759 0.6225 0.648123 -0.652143 -0.393251 169 169 166
0.5925 2.9175 0.617274 0.448268 -0.358013 -0.819074 161 161 160
0.5925 2.9175 0.627457 0.414776 -0.330961 0.8476 164 163 160
0.5925 2.91773 0.5475 0.58695 -0.738109 0.332692 158 159 163
0.5925 2.92069 0.5625 0.702725 -0.692922 0.161356 162 167 172
0.5925 2.91905 0.5925 0.546475 -0.471584 0.692079 153 157 158
0.58614 2.9325 0.6075 0.802931 -0.58885 -0.0925086 162 162 160
0.5925 2.9325 0.601307 0.545517 -0.478941 0.68777 159 160 160
0.5925 2.9325 0.613218 0.480698 -0.367323 -0.796243 160 159 156
0.5925 2.9325 0.630663 0.368873 -0.25086 0.894987 151 148 143
0.5925 2.94004 0.6075 0.606107 -0.609711 0.510772 155 154 152
0.6075 2.8875 0.557851 0.129043 -0.141833 -0.981444 159 163 165
0.6075 2.9025 0.555683 0.307238 0.208186 -0.928581 158 162 165
0.6075 2.89616 0.5775 0.290845 -0.456127 0.841045 159 162 165
0.6075 2.9025 0.580412 0.310485 -0.314375 0.897088 160 162 167
0.600136 2.9025 0.5325 0.669241 -0.31515 0.672902 156 160 163
0.605376 2.9175 0.5325 0.713077 -0.313314 0.62718 156 159 162
0.6075 2.91037 0.5625 0.409372 0.68252 -0.605459 161 165 169
0.6075 2.9175 0.574455 0.454063 0.00508611 -0.890955 158 162 165
0.6075 2.9175 0.582468 0.442874 -0.353272 0.824052 162 165 169
0.599829 2.9175 0.6225 0.788404 -0.575187 0.218126 169 168 166
0.6075 2.91985 0.5325 0.535283 -0.706583 0.462831 155 159 162
0.6075 2.92935 0.5475 0.58521 -0.713632 0.385043 159 162 167
0.603381 2.9325 0.5625 0.731525 -0.665915 -0.146384 165 170 177
0.6075 2.9325 0.553344 0.701251 -0.635518 0.323054 162 166 171
0.6075 2.9325 0.565976 0.410693 -0.563295 -0.716959 167 172 177
0.607156 2.9325 0.5925 0.449777 -0.490845 0.746172 169 173 175
0.6075 2.9325 0.592265 0.475687 -0.415116 0.7755 169 173 176
0.6075 2.92789 0.6225 0.668306 -0.524073 -0.527934 165 164 161
0.6075 2.9325 0.620429 0.448864 -0.325315 -0.832281 161 161 158
0.6075 2.9325 0.624481 0.394554 -0.289524 0.872068 162 161 157
0.6075 2.93698 0.5625 0.476153 -0.873562 -0.100835 167 172 179
0.6075 2.9328 0.5925 0.545141 -0.466139 0.696804 169 173 175
0.600084 2.9475 0.6075 0.708219 -0.64456 -0.288041 144 144 140
0.6075 2.9475 0.601982 0.590739 -0.426581 0.684877 152 154 152
0.6075 2.9475 0.613137 0.500908 -0.418652 -0.75751 147 146 143
0.6075 2.9475 0.629683 0.42049 -0.281498 0.862524 153 151 145
0.6075 2.95734 0.6075 0.800689 -0.59851 -0.0261415 135 134 130
0.6225 2.88958 0.5625 0.82225 0.328445 0.464788 158 163 166
0.611862 2.9025 0.5625 0.89359 0.345466 -0.286618 159 163 166
0.6225 2.8875 0.560092 0.460738 0.210046 -0.862323 158 163 166
0.611893 2.9025 0.5775 0.825604 -0.130161 0.549033 160 162 165
0.617459 2.9175 0.5775 0.96857 -0.089056 0.232251 159 163 166
0.6225 2.93022 0.5325 0.516988 -0.708573 0.480258 156 160 163
0.610119 2.9325 0.5475 0.636882 -0.624569 0.45199 159 162 167
0.6225 2.9325 0.535043 0.569906 -0.582802 0.579266 157 160 164
0.6225 2.92162 0.5775 0.567562 -0.676907 -0.46869 160 164 169
0.6225 2.9325 0.574049 0.301679 -0.591152 -0.748017 162 166 171
0.6225 2.9325 0.583063 0.40489 -0.368082 0.837006 166 170 175
0.613124 2.9325 0.6225 0.638766 -0.40398 0.654812 161 160 158
0.6225 2.94474 0.5475 0.487253 -0.869994 0.0754698 161 164 169
0.6225 2.93846 0.5625 0.1548 -0.881777 -0.44554 163 168 173
0.616824 2.9475 0.5925 0.638016 -0.39466 0.661196 166 169 170
0.6225 2.9475 0.587507 0.425741 -0.325597 0.844234 168 172 174
0.620295 2.9475 0.6225 0.847599 -0.520676 -0.102337 149 148 146
0.6225 2.95704 0.5925 0.569986 -0.428131 0.701298 165 168 168
0.612111 2.9625 0.6075 0.727726 -0.62774 -0.276328 129 128 124
0.6225 2.9625 0.597535 0.603172 -0.530284 0.595804 151 153 152
0.6225 2.95151 0.6225 0.694607 -0.505878 -0.511476 150 149 146
0.6225 2.9625 0.61652 0.535808 -0.47796 -0.696034 142 142 137
0.6225 2.9625 0.626533 0.421534 -0.355994 0.834013 155 153 147
0.6225 2.97335 0.6075 0.727251 -0.684903 -0.0448813 119 118 115
0.625575 2.9325 0.5325 0.623721 -0.469882 0.624646 156 160 163
0.635876 2.9325 0.5775 0.548881 -0.597992 0.584068 162 166 171
0.635803 2.9475 0.5325 0.691309 -0.52182 0.499796 159 163 166
0.6375 2.9325 0.524203 0.570517 -0.320469 0.756182 158 162 165
0.6375 2.9475 0.531106 0.573308 -0.39385 0.71847 159 163 166
0.625292 2.9475 0.5475 0.722836 -0.689136 0.0509872 161 164 169
0.6375 2.94103 0.5625 -0.00672938 -0.967714 -0.251963 163 168 172
0.6375 2.9475 0.552442 0.224124 -0.379866 -0.89748 163 167 171
0.6375 2.93383 0.5775 0.400452 -0.913527 -0.0714664 162 166 171
0.6375 2.9475 0.582485 0.290859 -0.319269 0.901925 168 173 177
0.6375 2.94964 0.5325 0.65831 -0.522922 0.541462 159 163 166
0.6375 2.9622 0.5475 0.762263 -0.62211 0.178702 164 169 175
0.627721 2.9625 0.5925 0.488193 -0.404472 0.77335 167 171 171
0.6375 2.9625 0.588066 0.356185 -0.29121 0.887879 174 178 180
0.631596 2.9625 0.6225 0.662391 -0.748989 -0.0159122 151 150 146
0.6375 2.97515 0.5925 0.55667 -0.417943 0.717943 175 179 179
0.625842 2.9775 0.6075 0.793834 -0.578057 -0.188885 120 119 116
0.6375 2.9775 0.59425 0.596136 -0.496951 0.630604 170 173 173
0.6375 2.96718 0.6225 0.664098 -0.608215 -0.434798 151 149 146
0.6375 2.9775 0.616262 0.559822 -0.383372 -0.734592 144 142 139
0.6375 2.9775 0.628694 0.470944 -0.435404 0.767226 155 152 147
0.636095 2.9925 0.6075 0.668752 -0.422954 -0.611458 122 120 114
0.6375 2.9925 0.605886 0.581209 -0.473318 0.661941 126 125 119
0.6375 2.9925 0.609376 0.566611 -0.39164 -0.724962 126 124 118
0.6375 2.99465 0.6075 0.699291 -0.545488 0.46199 123 121 115
0.6525 2.9302 0.5625 -0.031636 -0.997822 0.0578882 163 167 171
0.648931 2.9325 0.5625 -0.567473 -0.790848 -0.229202 163 167 171
0.6525 2.9325 0.559161 0.0443144 -0.411206 -0.910465 163 167 171
0.6525 2.9325 0.57143 -0.120718 -0.610353 0.782877 165 169 174
0.647098 2.9325 0.5175 0.553749 -0.254992 0.79268 157 162 165
0.6525 2.94424 0.5175 0.554445 -0.255204 0.792125 157 162 165
0.6525 2.9475 0.518551 0.540975 -0.379883 0.750357 157 162 165
0.6525 2.9475 0.556021 0.353743 0.15165 -0.922967 163 166 171
0.6525 2.94488 0.5775 0.07999 -0.905162 0.417472 167 173 178
0.6525 2.9475 0.578336 0.244027 -0.320601 0.915241 168 174 178
0.64769 2.9625 0.5325 0.628366 -0.618402 0.471948 162 164 170
0.6525 2.9625 0.528879 0.54099 -0.49032 0.683312 162 163 170
0.637801 2.9625 0.5475 0.900266 -0.408274 -0.151109 164 169 175
0.6525 2.95473 0.5625 0.685632 0.295837 -0.665123 167 174 179
0.646933 2.9625 0.5625 0.826367 0.278776 -0.489286 170 178 184
0.6525 2.9625 0.572326 0.566945 0.18424 -0.802888 175 182 187
0.6525 2.9625 0.583496 0.276172 -0.17571 0.94491 175 182 185
0.6525 2.9664 0.5325 0.60378 -0.637706 0.47831 163 163 171
0.6525 2.97557 0.5475 0.61808 -0.670842 0.409815 165 169 177
0.644819 2.9775 0.5625 0.913286 -0.33442 -0.232532 191 200 208
0.6525 2.9775 0.55033 0.644435 -0.64193 0.415486 169 174 183
0.6525 2.9775 0.570682 0.508087 -0.335071 -0.793457 181 189 194
0.639723 2.9775 0.5925 0.467873 -0.498406 0.729854 175 179 180
0.6525 2.9775 0.584384 0.385336 -0.332078 0.860953 175 181 184
0.645554 2.9775 0.6225 0.799566 -0.571359 0.185051 148 146 142
0.6525 2.98675 0.5625 0.778153 -0.62523 0.0597053 194 205 211
0.6525 2.98913 0.5925 0.406621 -0.510097 0.757932 172 176 179
0.6525 2.9925 0.594483 0.501761 -0.464648 0.729615 165 169 171
0.6525 2.98775 0.6225 0.69718 -0.501129 -0.51265 145 143 140
0.6525 2.9925 0.620032 0.552887 -0.360038 -0.751457 143 141 138
0.6525 2.9925 0.624747 0.506853 -0.367961 0.779555 148 145 142
0.647488 3.0075 0.6075 0.791874 -0.598651 -0.120634 125 123 117
0.6525 3.0075 0.603404 0.547048 -0.383193 0.744246 132 132 128
0.6525 3.0075 0.612173 0.58616 -0.4039 -0.70234 131 130 124
0.6525 3.0075 0.630948 0.538498 -0.287985 0.791887 154 151 145
0.6525 3.01484 0.6075 0.78901 -0.579957 -0.202764 122 120 114
0.6675 2.93134 0.5625 0.0485835 -0.997341 0.0543177 166 169 174
0.6675 2.9325 0.560876 0.342402 0.0489435 -0.938278 166 168 174
0.6675 2.9325 0.567359 0.194207 -0.713244 0.673474 166 169 175
0.6675 2.93414 0.5625 0.750401 0.460984 0.4737 166 169 175
0.656642 2.9475 0.5625 0.847249 0.374836 -0.376388 163 167 173
0.655428 2.9475 0.5775 0.754274 -0.286964 0.590527 167 174 178
0.659187 2.9475 0.5175 0.154351 -0.087836 0.984104 157 162 165
0.6675 2.96208 0.5175 0.146733 -0.0821065 0.985763 159 163 166
0.6675 2.9625 0.517535 0.483127 -0.450327 0.750862 159 163 166
0.6675 2.95619 0.5775 0.835051 -0.198727 -0.513028 168 175 180
0.6675 2.9625 0.575769 0.265064 -0.0376167 -0.963497 170 177 182
0.6675 2.9625 0.579767 0.280979 -0.163868 0.94562 172 179 184
0.663736 2.9775 0.5325 0.681093 -0.575228 0.453019 164 164 172
0.6675 2.9775 0.528722 0.572155 -0.497326 0.652154 163 164 171
0.654279 2.9775 0.5475 0.719236 -0.544435 0.431614 165 169 178
0.6675 2.9775 0.576555 0.295334 -0.212804 -0.931393 179 186 190
0.6675 2.9775 0.578827 0.325348 -0.251628 0.9115 179 187 190
0.6675 2.98259 0.5325 0.651163 -0.496308 0.574165 164 165 173
0.665371 2.9925 0.5475 0.704124 -0.574567 0.41723 166 175 182
0.6675 2.9925 0.544135 0.666276 -0.596184 0.447928 165 173 180
0.656876 2.9925 0.5625 0.748053 -0.662009 -0.0464935 199 210 216
0.6675 2.9925 0.570085 0.396142 -0.439554 -0.806141 188 197 202
0.656867 2.9925 0.5925 0.374953 -0.373166 0.848621 173 178 181
0.6675 2.9925 0.587697 0.323588 -0.452504 0.830982 177 184 188
0.657195 2.9925 0.6225 0.718797 -0.40908 0.562125 146 144 140
0.6675 2.99461 0.5475 0.657219 -0.624676 0.421715 167 176 183
0.6675 3.00302 0.5625 0.709684 -0.696973 0.102849 201 212 218
0.6675 3.00384 0.5925 0.3167 -0.359964 0.877569 164 169 172
0.6675 3.0075 0.593794 0.458704 -0.329962 0.825055 159 163 165
0.663963 3.0075 0.6225 0.84423 -0.45946 -0.275994 145 143 140
0.659792 3.0225 0.6075 0.705888 -0.671975 -0.22399 132 129 124
0.6675 3.0225 0.597671 0.603574 -0.373326 0.704504 149 148 145
0.6675 3.01422 0.6225 0.758597 -0.537893 -0.367697 147 145 141
0.6675 3.0225 0.61602 0.637153 -0.544411 -0.545575 148 146 141
0.6675 3.0225 0.626704 0.525959 -0.408267 0.746113 154 151 146
0.6675 3.02961 0.6075 0.423245 -0.902603 0.0785601 141 138 132
0.6675 3.0825 0.629161 0 0 0 155 153 150
0.6675 3.1275 0.630219 0.0967377 -0.0864779 0.991546 153 152 148
0.6825 2.92928 0.5625 0.0646228 -0.881054 -0.468581 167 172 175
0.6825 2.9325 0.562385 0.0999153 0.308619 -0.945924 167 171 175
0.6825 2.9325 0.562944 0.0618045 -0.732116 0.67837 167 171 176
0.6825 2.9326 0.5625 0.0955322 0.952818 0.288116 167 171 175
0.66758 2.9625 0.5175 0.514669 -0.396925 0.759978 159 163 166
0.671136 2.9625 0.5775 0.881372 -0.094363 0.462902 170 177 182
0.679746 2.9775 0.5175 0.59243 -0.45354 0.66583 160 163 168
0.6825 2.9625 0.510564 0.404773 -0.27928 0.870725 157 162 165
0.6825 2.9775 0.515376 0.462701 -0.309616 0.83069 160 163 168
0.67118 2.9775 0.5775 0.73197 -0.563246 0.383372 179 187 191
0.6825 2.98199 0.5175 0.604967 -0.409086 0.683128 161 163 168
0.675559 2.9925 0.5325 0.637476 -0.592031 0.493076 163 168 174
0.6825 2.9925 0.524742 0.622457 -0.531901 0.574133 163 166 171
0.6825 2.98468 0.5775 0.504873 -0.831251 -0.232648 181 189 193
0.6825 2.9925 0.575079 0.245647 -0.325804 -0.912967 181 189 194
0.6825 2.9925 0.582119 0.330449 -0.416825 0.846794 182 189 193
0.6825 2.99874 0.5325 0.613202 -0.622032 0.486888 163 169 175
0.679459 3.0075 0.5475 0.703675 -0.603832 0.374472 172 181 188
0.6825 3.0075 0.543428 0.648341 -0.572945 0.501386 169 177 184
0.672034 3.0075 0.5625 0.715186 -0.628674 -0.305414 202 212 219
0.6825 3.0075 0.569169 0.366108 -0.37805 -0.850319 192 200 208
0.672185 3.0075 0.5925 0.390927 -0.0563235 0.918697 167 171 175
0.6825 3.0075 0.589347 0.330408 -0.267086 0.90526 181 186 192
0.6825 3.0115 0.5475 0.69236 -0.557732 0.457791 176 185 192
0.6825 3.02125 0.5625 0.782236 -0.614324 0.103499 200 210 219
0.671817 3.0225 0.5925 0.530638 -0.393222 0.750865 157 158 159
0.6825 3.0225 0.588881 0.221213 -0.147234 0.964047 173 178 182
0.673463 3.0225 0.6225 0.777127 -0.603367 0.178948 148 147 142
0.6825 3.0307 0.5925 0.373591 -0.834423 0.405178 161 163 164
0.6825 3.02963 0.6075 0.367793 -0.924561 0.0995789 160 159 156
0.6825 3.03369 0.6225 0.582594 -0.812422 -0.0235295 145 142 137
0.6825 3.0375 0.624663 0.52958 -0.419193 0.737443 147 144 139
0.6825 3.09262 0.6075 0 1 0 94 90 83
0.679228 3.0975 0.6075 1 0 0 95 92 86
0.6825 3.0975 0.602327 -5.92096e-17 0 1 103 100 95
0.6825 3.0975 0.616059 0 0 -1 120 118 113
0.6825 3.0975 0.62682 0.433211 -0.0508905 0.899855 151 150 146
0.6825 3.10143 0.6075 0 -1 0 94 92 86
0.6825 3.1125 0.627668 0.433042 -0.0580274 0.899504 156 155 151
0.6825 3.1275 0.628755 0.352125 -0.0824536 0.932314 155 155 151
0.682585 2.9325 0.5625 1 0 0 167 171 175
0.688951 2.9925 0.5175 0.573245 -0.45361 0.682369 163 164 169
0.6975 2.9775 0.507005 0.367261 -0.186721 0.911183 158 162 166
0.6975 2.9925 0.512141 0.48043 -0.339082 0.808832 161 163 168
0.696408 2.9925 0.5775 0.429814 -0.552476 0.714164 183 190 196
0.6975 3.00094 0.5175 0.577446 -0.562354 0.591874 161 164 169
0.691361 3.0075 0.5325 0.641157 -0.563792 0.520631 162 169 175
0.6975 3.0075 0.524955 0.628622 -0.556455 0.543316 161 166 172
0.6975 2.99322 0.5775 0.458136 -0.767253 -0.448815 183 190 196
0.6975 3.0075 0.573859 0.212743 -0.265924 -0.940226 183 192 199
0.6975 3.0075 0.581511 0.286613 -0.315905 0.904465 182 189 195
0.6975 3.0158 0.5325 0.662009 -0.509514 0.549673 164 171 178
0.691635 3.0225 0.5475 0.67373 -0.627096 0.390946 184 194 203
0.6975 3.0225 0.539385 0.661863 -0.576975 0.478578 173 181 190
0.68354 3.0225 0.5625 0.636891 -0.634093 -0.438515 200 210 219
0.6975 3.0225 0.569221 0.320263 -0.351222 -0.879815 191 200 209
0.6975 3.0225 0.586888 0.219088 -0.2518 0.942654 178 183 189
0.6975 3.01186 0.6075 -0.155277 -0.932186 0.326985 165 167 167
0.693612 3.0225 0.6075 -1 2.25414e-17 0 161 161 160
0.6975 3.0225 0.601918 -0.0572688 -0.0960608 -0.993727 168 170 171
0.6975 3.0225 0.612326 -0.0632288 0.0775196 0.994984 160 160 158
0.6975 3.0283 0.5475 0.650029 -0.644672 0.402318 189 199 208
0.6975 3.0363 0.5625 0.700819 -0.712202 0.0402546 196 206 216
0.693738 3.0375 0.5925 0.791217 -0.538688 0.289465 158 161 161
0.6975 3.0375 0.5915 0.181969 -0.317297 0.930704 161 165 166
0.6975 3.0263 0.6075 -0.0487874 0.993447 -0.103354 161 162 160
0.690259 3.0375 0.6075 0.881811 -0.398857 0.251639 161 160 157
0.684888 3.0375 0.6225 0.902879 -0.416061 0.108178 146 143 138
0.6975 3.0404 0.5925 0.0949671 -0.67522 0.731477 159 162 163
0.692511 3.0525 0.6075 0.939706 -0.302628 0.159274 157 155 150
0.6975 3.0525 0.59799 0.0196368 -0.460375 0.887507 155 155 153
0.695737 3.0525 0.6225 0.868336 -0.442978 -0.223077 148 145 141
0.69612 3.0675 0.6075 0.937159 -0.293865 -0.188087 151 148 143
0.6975 3.0675 0.605357 0.655694 -0.345795 0.671187 152 150 145
0.6975 3.0543 0.6225 0.750581 -0.651789 -0.108624 148 145 141
0.6975 3.0675 0.612223 0.581601 -0.56622 -0.584067 150 147 142
0.6975 3.0675 0.628475 0.377175 -0.325316 0.867127 151 149 145
0.6975 3.06905 0.6075 0.0748439 -0.99612 0.0463044 153 150 145
0.685724 3.0975 0.6075 -1 0 0 97 94 88
0.6975 3.11035 0.6225 -0.190418 0.361645 0.912663 153 151 148
0.693236 3.1125 0.6225 0.417924 -0.0569941 0.906692 154 152 150
0.6975 3.1125 0.620765 -0.0047796 0.103304 0.994638 152 151 149
0.696243 3.1275 0.6225 0.409814 -0.0864157 0.908067 154 153 150
0.6975 3.1275 0.622018 0.143439 -0.0767657 0.986677 154 152 150
0.7125 2.9775 0.505214 0.218418 0.0681078 0.973476 158 163 167
0.7125 2.9925 0.504164 0.367834 -0.171406 0.913957 159 162 167
0.704142 3.0075 0.5175 0.599506 -0.534243 0.595967 161 164 169
0.7125 3.0075 0.509866 0.54282 -0.400969 0.73795 160 163 168
0.7125 3.00138 0.5775 0.291105 -0.457982 -0.839947 181 189 196
0.7125 3.0075 0.576426 0.148611 -0.191961 -0.970085 184 193 199
0.7125 3.0075 0.579057 0.165075 -0.282023 0.9451 183 192 199
0.7125 3.01778 0.5175 0.610587 -0.489509 0.622547 162 165 172
0.702453 3.0225 0.5325 0.642847 -0.547588 0.535626 165 172 180
0.7125 3.0225 0.521382 0.634005 -0.527586 0.565412 164 168 175
0.7125 3.0225 0.573189 0.203373 -0.263991 -0.942841 186 195 202
0.7125 3.0225 0.583884 0.181439 -0.300967 0.936215 182 190 196
0.7125 3.01736 0.6075 0.332128 -0.632876 -0.699399 176 179 181
0.7125 3.0225 0.605245 0.260825 0.4375 -0.86056 174 177 179
0.7125 3.0225 0.609041 0.208619 -0.255771 0.943959 171 174 175
0.7125 3.03341 0.5325 0.637817 -0.589122 0.49611 166 175 182
0.706809 3.0375 0.5475 0.670323 -0.641159 0.373608 197 207 216
0.7125 3.0375 0.538491 0.667842 -0.610513 0.425748 178 188 195
0.698832 3.0375 0.5625 0.634246 -0.623678 -0.4569 197 207 217
0.7125 3.0375 0.567991 0.321958 -0.295054 -0.899603 195 205 214
0.7125 3.0375 0.588412 0.199275 -0.272091 0.941412 172 178 182
0.7125 3.0241 0.6075 0.182959 0.903492 0.387592 170 173 174
0.7125 3.04368 0.5475 0.705501 -0.585881 0.398764 198 208 218
0.7125 3.05247 0.5625 0.749843 -0.660672 0.0353114 200 208 221
0.7125 3.05082 0.5925 0.351922 -0.821316 0.448988 156 161 162
0.7125 3.04931 0.6075 0.112818 -0.9618 0.249426 163 164 162
0.707732 3.0525 0.6075 -0.626017 -0.407414 0.664918 161 161 158
0.7125 3.0525 0.614217 -0.155148 -0.517203 0.841683 165 165 162
0.700422 3.0675 0.6075 -0.684507 -0.363656 0.631826 154 152 147
0.711238 3.0675 0.6225 0.678987 -0.619356 0.394176 162 160 157
0.7125 3.0675 0.621808 -0.0229689 -0.381889 0.923923 163 162 159
0.7125 3.06957 0.6225 0.360289 -0.592749 0.720306 163 161 158
0.7125 3.0825 0.626557 0.430191 -0.272074 0.860762 157 156 151
0.7125 3.0975 0.630236 0.255817 -0.117343 0.959577 150 149 145
0.70005 3.1125 0.6225 -0.349532 0.384273 0.854495 152 150 147
0.7125 3.12476 0.6225 -0.485913 0.506856 0.71203 141 140 138
0.7125 3.1275 0.620516 0.00208484 0.100419 0.994943 143 143 141
0.717579 2.9775 0.5025 0.414985 0.0396482 0.908964 158 163 167
0.717011 2.9925 0.5025 0.503762 -0.179683 0.844948 159 163 167
0.721416 3.0075 0.5025 0.58581 -0.29727 0.753961 159 162 167
0.721144 3.0075 0.5775 0.29603 -0.456908 0.838809 183 192 198
0.7275 3.01518 0.5025 0.53156 -0.430768 0.729303 160 162 167
0.7275 3.0075 0.499068 0.194037 -0.126935 0.972747 159 162 167
0.716341 3.0225 0.5175 0.598061 -0.486443 0.636943 163 166 173
0.7275 3.0225 0.507298 0.574305 -0.479354 0.663622 161 163 169
0.7275 3.01164 0.5775 0.449711 -0.636339 -0.626763 182 191 198
0.7275 3.0225 0.575656 0.148384 -0.198804 -0.968741 186 195 203
0.7275 3.0225 0.580785 0.19734 -0.294826 0.934952 184 193 200
0.713477 3.0225 0.6075 1 -8.28227e-18 0 172 175 176
0.7275 3.03622 0.5175 0.591165 -0.51669 0.619318 161 168 174
0.716643 3.0375 0.5325 0.65632 -0.5646 0.500471 167 176 183
0.7275 3.0375 0.51882 0.643415 -0.560373 0.521535 162 169 175
0.7275 3.0375 0.571965 0.223097 -0.15763 -0.961967 191 200 210
0.7275 3.0375 0.58563 0.211443 -0.232984 0.949216 180 187 193
0.7275 3.05085 0.5325 0.679354 -0.555827 0.479098 170 180 188
0.719374 3.0525 0.5475 0.696892 -0.629639 0.343361 203 213 223
0.7275 3.0525 0.534201 0.681402 -0.598656 0.421073 174 184 193
0.712525 3.0525 0.5625 0.648782 -0.594799 -0.474653 200 208 221
0.7275 3.0525 0.570847 0.358129 -0.296295 -0.885411 192 200 210
0.715278 3.0525 0.5925 0.470713 -0.857484 -0.207728 156 161 162
0.7275 3.0525 0.588666 0.250137 -0.295434 0.922036 167 173 176
0.7275 3.04794 0.6075 0.184535 -0.977585 -0.101363 167 169 169
0.7275 3.0525 0.601967 0.408869 -0.745471 -0.526403 165 168 168
0.7275 3.0525 0.609249 0.207207 -0.430834 0.878321 167 168 167
0.7275 3.06121 0.5475 0.674986 -0.644994 0.358298 201 211 223
0.7275 3.06732 0.5625 0.708982 -0.704012 -0.041372 203 211 222
0.7275 3.05853 0.5925 0.436126 -0.896178 0.0816005 160 165 166
0.7275 3.0675 0.61479 0.298316 -0.296536 0.907234 168 168 166
0.718351 3.0825 0.6225 0.451086 -0.280707 0.847186 158 156 152
0.7275 3.0825 0.618778 0.332079 -0.246481 0.910478 160 159 156
0.7275 3.09436 0.6225 0.344713 -0.29043 0.89265 155 154 151
0.7275 3.0975 0.623974 0.433639 -0.30957 0.846241 154 153 149
0.715942 3.1275 0.6225 -0.410056 0.570431 0.711662 142 141 139
0.7425 2.1825 0.561763 -0.0968651 0.0353636 0.994669 145 145 145
0.7425 2.1975 0.557238 -0.138689 0.0679611 0.988001 147 147 147
0.7425 2.2125 0.559171 0.0442282 -0.134296 0.989954 149 149 149
0.7425 2.2275 0.561485 0.0369983 -0.145842 0.988616 150 150 150
0.7425 2.23443 0.5625 0.0383542 -0.146021 0.988538 151 151 151
0.7425 2.2425 0.56369 0.0321556 -0.132876 0.990611 152 152 152
0.734087 2.2575 0.5625 -0.320225 0.260411 0.910847 152 154 153
0.7425 2.2575 0.565483 -0.127951 0.0393415 0.991 153 155 154
0.7425 2.26703 0.5625 -0.328248 0.2756 0.903492 154 156 155
0.7425 2.2725 0.560905 -0.0297954 -0.0433944 0.998614 154 156 155
0.7425 2.28376 0.5625 0.0473838 -0.141507 0.988803 156 157 158
0.7425 2.2875 0.563052 0.0366448 -0.135153 0.990147 156 157 159
0.7425 2.3025 0.565169 0.0335897 -0.128039 0.9912 157 158 160
0.7425 2.3175 0.56695 0.0396292 -0.134713 0.990092 160 161 163
0.7425 2.3325 0.569156 -0.0775898 0.0905828 0.992862 159 163 164
0.7425 2.3475 0.566347 -0.00017317 -0.0434884 0.999054 160 164 165
0.7425 2.3625 0.56901 -0.112532 -0.361248 0.925655 169 172 173
0.7425 2.37504 0.5775 0.185806 -0.795954 0.576136 171 172 171
0.734776 2.3775 0.5925 0.599689 0.0297129 0.799682 159 156 149
0.7425 2.3775 0.586115 0.509363 -0.235008 0.827841 165 164 159
0.7425 2.37345 0.6225 0.272429 -0.929819 -0.247424 159 157 150
0.7425 2.3775 0.619103 0.337616 -0.109755 -0.934863 159 155 147
0.7425 2.3775 0.629454 0.44998 -0.536906 0.713618 159 156 148
0.7425 2.3925 0.584899 0.404798 -0.0674905 0.911912 166 163 159
0.7425 2.3925 0.619614 0.324347 -0.0198509 -0.94573 160 156 148
0.7425 2.3925 0.630712 0.606865 -0.101079 0.788352 160 156 148
0.7575 2.1825 0.558906 0.0629253 -0.125839 0.990053 145 145 145
0.7575 2.1975 0.561994 -0.0602899 0.0613478 0.996294 148 148 148
0.7575 2.2125 0.55886 -0.0964019 0.0190473 0.99516 149 149 149
0.7575 2.2275 0.560864 0.0589248 -0.139119 0.988521 150 150 150
0.7575 2.23828 0.5625 0.0729246 -0.147907 0.986309 151 151 151
0.7575 2.2425 0.563101 0.0663821 -0.141799 0.987667 151 151 151
0.7575 2.2575 0.565237 0.0554462 -0.126972 0.990355 152 154 153
0.746516 2.2725 0.5625 -0.357981 0.26732 0.894645 154 156 155
0.7575 2.2725 0.56687 -0.0758942 0.137452 0.987597 154 156 155
0.7575 2.28745 0.5625 -0.13722 0.27802 0.950724 156 157 159
0.757068 2.2875 0.5625 0.0374484 -0.141933 0.989168 156 157 159
0.7575 2.2875 0.562483 -0.0618955 0.0110874 0.998021 156 157 159
0.7575 2.28761 0.5625 0.0332477 -0.156594 0.987103 156 157 159
0.7575 2.3025 0.56462 0.028404 -0.122507 0.992061 157 158 160
0.7575 2.3175 0.566383 0.0417159 -0.13046 0.990576 160 161 163
0.7575 2.3325 0.56859 -0.0150529 -0.0179482 0.999726 158 162 163
0.7575 2.3475 0.565152 -0.054776 -0.155309 0.986346 160 164 165
0.7575 2.36178 0.5775 0.41046 -0.605678 0.681672 175 178 177
0.757045 2.3625 0.5775 -0.496274 -0.288446 0.818847 176 178 177
0.7575 2.3625 0.578062 0 0 1 175 178 177
0.7575 2.36623 0.5775 0 0.154263 0.98803 176 179 178
0.752629 2.3775 0.5775 0.510507 -0.459081 0.727068 176 177 176
0.7575 2.3775 0.57572 0.170335 -0.121089 0.977918 177 179 178
0.752086 2.3775 0.6225 0.851678 -0.320756 0.41444 160 156 147
0.7575 2.38957 0.5775 0.370441 -0.137084 0.918685 179 180 179
0.7575 2.3925 0.578131 0.481334 -0.119407 0.868366 179 179 178
0.752892 2.3925 0.6225 0.938354 -0.14166 -0.315316 160 157 149
0.7575 2.40651 0.6225 0.288263 -0.0940235 -0.952924 161 159 151
0.7725 2.1825 0.55933 0.0352197 -0.0985945 0.994504 146 146 146
0.7725 2.18193 0.5925 0 -1 0 146 146 141
0.771944 2.1825 0.5925 -1 0 0 146 146 141
0.7725 2.1825 0.591595 0 0 -1 146 146 141
0.7725 2.1825 0.595335 0 0 1 146 146 141
0.7725 2.1975 0.560936 -0.0235514 -0.0861809 0.996001 146 148 147
0.7725 2.18306 0.5925 0 1 0 146 146 141
0.7725 2.20519 0.5625 0.00747742 -0.159331 0.987197 147 148 148
0.769477 2.2125 0.5625 -0.303582 -0.0800933 0.949433 148 148 148
0.7725 2.2125 0.563421 -0.0750458 -0.0189796 0.996999 148 148 148
0.7725 2.21604 0.5625 -0.290861 0.233746 0.927773 148 148 148
0.7725 2.2275 0.559641 -0.0792955 0.0286904 0.996438 150 150 150
0.763301 2.2425 0.5625 0.105157 -0.145455 0.983761 151 151 151
0.7725 2.2425 0.561486 0.0869305 -0.13406 0.987153 151 151 151
0.7725 2.24919 0.5625 0.080907 -0.148271 0.985632 151 152 152
0.7725 2.2575 0.563726 0.0910478 -0.139296 0.986056 152 154 153
0.7725 2.2725 0.565934 0.0154239 -0.0114989 0.999815 154 156 155
0.7725 2.28532 0.5625 0.0277455 0.270291 0.962379 155 156 158
0.7725 2.2875 0.561876 -0.000305227 -0.00200268 0.999998 155 156 158
0.7725 2.29269 0.5625 -0.141585 -0.170928 0.975058 156 157 159
0.7725 2.3025 0.564505 -0.121915 -0.0785047 0.989431 157 158 160
0.7725 2.3175 0.565705 0.0281929 -0.10148 0.994438 160 161 163
0.7725 2.3325 0.567839 0.0624935 -0.134708 0.988913 158 162 163
0.7725 2.3475 0.56971 0.134965 0.0574002 0.989186 160 164 165
0.759009 2.3625 0.5775 0.547926 0.09412 0.831215 176 178 177
0.7725 2.3625 0.568194 0.26908 -0.187715 0.944647 175 178 177
0.7725 2.3775 0.573122 0.348803 -0.124591 0.928877 177 179 178
0.758468 2.3925 0.5775 0.378269 -0.201187 0.903569 179 180 179
0.7725 2.3925 0.571898 0.277782 -0.066181 0.958362 177 179 179
0.7875 2.1825 0.558049 0.0806296 -0.129995 0.988231 146 146 146
0.773097 2.1825 0.5925 1 0 0 146 146 141
0.7875 2.1975 0.560413 0.0648866 -0.151132 0.986382 146 148 147
0.7875 2.21076 0.5625 0.0666858 -0.154463 0.985746 148 148 148
0.7875 2.2125 0.562757 0.0584413 -0.122637 0.990729 148 148 148
0.781169 2.2275 0.5625 -0.305134 0.242713 0.92086 150 150 150
0.7875 2.2275 0.564592 -0.0657159 -0.00110508 0.997838 150 150 150
0.7875 2.23478 0.5625 -0.308502 0.257916 0.91559 151 151 151
0.7875 2.2425 0.560365 -0.029779 -0.0367324 0.998881 152 152 152
0.7875 2.25656 0.5625 0.0748898 -0.150029 0.985841 153 153 153
0.7875 2.2575 0.562649 0.0736454 -0.125997 0.989293 153 153 153
0.7875 2.2725 0.564465 0.0885393 -0.135965 0.986749 154 154 154
0.774391 2.2875 0.5625 -0.308487 0.159531 0.937756 155 156 158
0.7875 2.2875 0.566837 -0.0736054 -0.102167 0.99204 155 157 157
0.7875 2.3025 0.568967 -0.133306 0.00173697 0.991073 157 159 159
0.7875 2.3175 0.565805 -0.145939 0.0611476 0.987402 160 161 163
0.7875 2.3325 0.566559 0.0851526 0.0940454 0.99192 158 162 163
0.774644 2.3475 0.5325 -0.85102 0 -0.525133 159 159 155
0.7725 2.34535 0.5325 -0.648914 0.646973 -0.400421 159 158 154
0.7725 2.3475 0.535975 -0.85102 0 -0.525133 159 159 156
0.7875 2.34018 0.5625 0.313146 0.389287 0.866253 164 167 166
0.782375 2.3475 0.5625 0.55397 -0.0641092 0.830065 166 169 168
0.7875 2.3475 0.560338 0.218768 0.071606 0.973146 168 170 168
0.7725 2.35369 0.5325 -0.816338 -0.28257 -0.503732 160 159 154
0.7875 2.35951 0.5625 0.340439 -0.243199 0.908271 170 173 171
0.7875 2.3625 0.564224 0.420963 -0.0900193 0.9026 170 174 172
0.7875 2.37503 0.5625 0.525256 0.118954 0.842589 170 173 171
0.786916 2.3775 0.5625 0.56637 -0.28942 0.771661 170 174 172
0.7875 2.3775 0.562195 0.187913 -0.0303612 0.981716 170 173 171
0.7875 2.37838 0.5625 0.422489 -0.365102 0.82958 170 174 172
0.7875 2.3925 0.569051 0.366205 -0.161378 0.916434 175 177 176
0.8025 2.1825 0.556886 -0.160849 0.0285565 0.986566 146 146 146
0.8025 2.1975 0.559251 -0.0742731 -0.098885 0.992323 146 148 147
0.791043 2.2125 0.5625 0.0756658 -0.122282 0.989607 148 148 148
0.8025 2.2125 0.561613 0.0888188 -0.147301 0.985096 149 149 149
0.8025 2.21987 0.5625 0.0768255 -0.119494 0.989858 149 149 149
0.8025 2.2275 0.563425 0.0760724 -0.136886 0.987662 150 150 150
0.793532 2.2425 0.5625 -0.324679 0.255616 0.910628 152 152 152
0.8025 2.2425 0.56568 -0.0963886 0.0213811 0.995114 152 152 152
0.8025 2.25397 0.5625 -0.325552 0.2546 0.910601 153 153 153
0.789404 2.2575 0.5625 0.0768851 -0.121674 0.989588 153 153 153
0.8025 2.2575 0.561486 -0.0426289 -0.0187613 0.998915 153 153 153
0.8025 2.26592 0.5625 0.0763396 -0.119139 0.989938 154 154 154
0.8025 2.2725 0.563297 0.0770716 -0.119869 0.989794 154 154 154
0.8025 2.2875 0.565113 0.090705 -0.147343 0.984918 155 157 156
0.8025 2.3025 0.567657 0.086724 -0.14727 0.985287 158 159 159
0.8025 2.3175 0.569589 -0.0811201 0.0155154 0.996584 158 161 162
0.8025 2.3325 0.567631 -0.134 0.318928 0.938258 158 162 163
0.8025 2.33874 0.5625 0.0457102 0.51243 0.857512 159 162 162
0.8025 2.3475 0.557296 0.149516 0.207094 0.966828 160 161 159
0.792793 2.3625 0.5625 0.336278 0.0159601 0.941627 166 169 167
0.8025 2.3625 0.558843 0.256615 -0.0906851 0.96225 158 160 158
0.8025 2.3775 0.56038 0.201976 -0.112911 0.97286 160 163 160
0.799857 2.3925 0.5625 0.439535 -0.29766 0.847471 163 166 163
0.8025 2.3925 0.561419 0.17742 -0.0901498 0.979997 161 163 161
0.8025 2.39808 0.5625 0.341757 -0.192526 0.919856 161 164 162
0.8175 2.1825 0.561831 -0.106286 -0.0656834 0.992164 146 146 146
0.8175 2.18676 0.5625 0.0012022 -0.156083 0.987743 146 147 146
0.812353 2.1975 0.5625 -0.3131 -0.0303737 0.949234 146 148 147
0.8175 2.1975 0.564201 5.10108e-18 0 1 146 148 147
0.8175 2.20342 0.5625 -0.102942 0.268806 0.957678 147 148 148
0.8175 2.2125 0.55999 -0.0438671 -0.00608943 0.999019 149 149 149
0.814373 2.2275 0.5625 0.0765067 -0.140514 0.987118 150 150 150
0.8175 2.2275 0.562258 0.0874832 -0.142683 0.985895 150 150 150
0.8175 2.22904 0.5625 0.0747748 -0.151949 0.985556 150 150 150
0.8175 2.2425 0.564555 0.0792555 -0.145207 0.986222 151 151 151
0.805263 2.2575 0.5625 -0.323039 0.268865 0.90739 153 153 153
0.8175 2.2575 0.56684 -0.111713 0.0576302 0.992068 154 154 154
0.8175 2.27136 0.5625 -0.32054 0.282962 0.903984 154 156 155
0.812733 2.2725 0.5625 0.0766549 -0.119219 0.989905 154 155 155
0.8175 2.2725 0.562144 -0.0367993 -0.0120685 0.99925 154 156 155
0.8175 2.27557 0.5625 -0.242034 -0.115719 0.963342 154 156 155
0.8175 2.2875 0.563946 -0.117646 -0.0902212 0.988949 156 158 157
0.8175 2.3025 0.566318 0.0468739 -0.13228 0.990103 158 160 159
0.8175 2.3175 0.568688 0.117286 -0.106678 0.987352 159 161 162
0.8175 2.3325 0.5705 -0.0627482 0.211202 0.975426 159 162 164
0.8175 2.33806 0.5625 -0.17189 0.636968 0.751482 159 161 161
0.8175 2.3475 0.556296 -0.233606 0.330731 0.914355 159 161 160
0.8175 2.3625 0.554398 0.0541392 0.0549817 0.997019 159 160 158
0.8175 2.3775 0.555563 0.244127 -0.139866 0.959604 159 161 159
0.8175 2.3925 0.559114 0.189888 -0.141704 0.971526 160 163 159
0.8325 2.1825 0.560669 0.0907385 -0.127667 0.987658 146 146 146
0.832285 2.1975 0.5625 0.114283 0 0.993448 146 148 147
0.8325 2.1975 0.562475 0.0267448 -0.0616742 0.997738 146 148 147
0.8325 2.19763 0.5625 0.000187219 -0.174837 0.984597 146 148 147
0.824595 2.2125 0.5625 -0.333919 -0.000920554 0.942601 149 149 149
0.8325 2.2125 0.565303 -0.103659 -0.0239245 0.994325 149 149 149
0.8325 2.22261 0.5625 -0.318411 0.255831 0.912779 150 150 150
0.8325 2.2275 0.561097 -0.0315635 -0.0730183 0.996831 150 150 150
0.8325 2.23642 0.5625 -0.123927 -0.152523 0.980499 151 151 151
0.8325 2.2425 0.563429 -0.107998 -0.0784614 0.99105 152 152 152
0.8325 2.2575 0.565279 0.0635713 -0.123258 0.990336 154 154 154
0.818504 2.2725 0.5625 -0.326158 0.220782 0.919172 154 156 155
0.8325 2.2725 0.567466 -0.0942564 -0.0684315 0.993193 154 156 155
0.8325 2.2875 0.569214 -0.146811 -0.0155218 0.989043 156 158 157
0.8325 2.3025 0.566971 -0.153017 0.0457419 0.987164 157 159 158
0.8325 2.3175 0.566966 -0.0108713 -0.0124271 0.999864 158 160 162
0.8325 2.3325 0.566394 0.0810472 -0.0196534 0.996516 160 161 162
0.826443 2.3475 0.5625 -0.552594 0.53439 0.639583 159 162 162
0.8325 2.3475 0.567465 -0.148041 0.18457 0.971606 159 163 163
0.8325 2.35544 0.5625 -0.521193 0.439697 0.731454 159 162 161
0.8325 2.3625 0.558135 -0.351915 0.333398 0.874644 159 162 160
0.8325 2.3775 0.553092 -0.0700875 0.109833 0.991476 158 160 157
0.8325 2.3925 0.55524 0.199727 -0.198878 0.959457 160 161 158
0.8475 2.17012 0.5625 -0.0896704 0.27557 0.95709 144 144 144
0.8475 2.1825 0.558951 -0.0894301 -0.0133761 0.995903 146 146 146
0.8475 2.1975 0.561268 0.0367837 -0.115191 0.992662 146 148 147
0.8475 2.20504 0.5625 0.0967862 -0.158473 0.982608 148 149 148
0.8475 2.2125 0.563682 0.104838 -0.162438 0.981134 149 149 149
0.836755 2.2275 0.5625 -0.310656 0.110603 0.944066 150 150 150
0.8475 2.2275 0.566053 -0.0645505 -0.112038 0.991605 150 150 150
0.8475 2.2425 0.568425 -0.147387 -0.00413158 0.98907 152 152 152
0.8475 2.2575 0.565218 -0.140916 0.0619625 0.988081 154 154 154
0.8475 2.2725 0.566059 0.0460331 -0.082734 0.995508 154 156 155
0.8475 2.2875 0.567943 0.098866 -0.134873 0.985918 155 157 156
0.8475 2.3025 0.57011 -0.0493633 0.00131617 0.99878 157 159 158
0.8475 2.3175 0.568064 -0.130149 0.0570297 0.989853 159 160 162
0.8475 2.3325 0.567968 -0.100097 0.0436635 0.994019 160 161 163
0.8475 2.3475 0.566933 -0.0313786 0.00787934 0.999477 160 161 162
0.839301 2.3625 0.5625 -0.478679 0.470676 0.741168 159 162 161
0.8475 2.3625 0.567807 -0.195691 0.180509 0.963909 159 163 163
0.8475 2.37055 0.5625 -0.477932 0.476352 0.738018 159 162 161
0.8475 2.3775 0.558111 -0.386993 0.362756 0.847729 159 161 160
0.8475 2.3925 0.552767 -0.125642 0.0914695 0.98785 159 161 158
0.8625 2.17366 0.5625 0.0186947 -0.157505 0.987341 144 144 144
0.858262 2.1825 0.5625 -0.309944 -0.143543 0.939856 145 145 145
0.8625 2.1825 0.5639 -0.0294872 -0.133937 0.990551 145 145 145
0.851548 2.1975 0.5625 -0.298807 -0.00757044 0.954284 146 148 147
0.8625 2.1975 0.56584 -0.108635 0.00691305 0.994058 146 148 147
0.8625 2.21034 0.5625 -0.28298 0.241435 0.928241 148 148 148
0.857765 2.2125 0.5625 0.114148 -0.159127 0.980637 148 148 148
0.8625 2.2125 0.561938 -0.035763 -0.019196 0.999176 148 148 148
0.8625 2.21594 0.5625 -0.196711 -0.158886 0.967502 148 148 148
0.8625 2.2275 0.564401 0.0629451 -0.108096 0.992146 150 150 150
0.8625 2.2425 0.567089 0.100063 -0.147926 0.983923 153 153 153
0.8625 2.2575 0.569073 -0.0669072 0.0298677 0.997312 154 154 154
0.8625 2.2725 0.566311 -0.168513 0.0376696 0.984979 154 156 155
0.8625 2.2875 0.566153 -0.0502224 -0.0259904 0.9984 155 157 156
0.8625 2.3025 0.568615 0.107338 -0.14282 0.983911 157 159 158
0.8625 2.3175 0.570497 -0.0223814 -0.0228665 0.999488 159 160 162
0.8625 2.3325 0.569601 -0.14899 0.0228432 0.988575 159 160 162
0.8625 2.3475 0.568483 -0.228888 0.0580366 0.971721 160 162 164
0.8625 2.3625 0.567023 -0.145554 0.0719022 0.986734 159 162 163
0.854212 2.3775 0.5625 -0.495481 0.455019 0.739903 160 162 162
0.8625 2.3775 0.568093 -0.19642 0.175589 0.96467 160 164 163
0.8625 2.38736 0.5625 -0.491833 0.435898 0.75372 160 162 161
0.8625 2.3925 0.55936 -0.407071 0.354389 0.841844 160 161 160
0.874666 2.1825 0.5625 0.114881 -0.136745 0.983922 145 145 145
0.8775 2.1825 0.562136 0.0979603 -0.162635 0.981811 145 145 145
0.8775 2.18519 0.5625 -0.182598 -0.124414 0.975284 145 146 145
0.8775 2.1975 0.564049 0.0543569 -0.0936235 0.994123 146 148 147
0.864346 2.2125 0.5625 -0.287471 0.170646 0.942465 148 148 148
0.8775 2.2125 0.566513 -0.0699798 0.0133835 0.997459 148 148 148
0.8775 2.2275 0.562688 -0.145412 -0.00925728 0.989328 150 150 150
0.8775 2.2425 0.565536 -0.0587591 -0.109316 0.992269 151 151 151
0.8775 2.2575 0.56735 0.0577969 -0.102141 0.993089 153 153 153
0.8775 2.2725 0.569419 0.00602146 -0.0705999 0.997487 154 156 155
0.8775 2.2875 0.570975 -0.160289 0.0354783 0.986432 155 157 156
0.8775 2.3025 0.566826 -0.142475 0.0206514 0.989583 156 158 157
0.8775 2.3175 0.569036 0.0215427 -0.100463 0.994708 158 159 161
0.8775 2.3325 0.571168 0.0294976 -0.106193 0.993908 159 160 162
0.8775 2.3475 0.573213 -0.0879964 -0.0715508 0.993548 161 162 164
0.8775 2.3625 0.574029 -0.274814 0.123532 0.953529 160 164 165
0.8775 2.3775 0.567376 -0.219322 0.19316 0.95634 160 163 163
0.867609 2.3925 0.5625 -0.453143 0.436187 0.777433 161 162 161
0.8775 2.3925 0.568189 -0.196389 0.181489 0.963583 162 164 164
0.8775 2.40321 0.5625 -0.460332 0.429261 0.777065 161 162 161
0.878979 2.1825 0.5625 -0.249279 -0.146337 0.957312 145 145 145
0.8925 2.1825 0.565839 -0.124309 -0.0287495 0.991827 145 145 145
0.8925 2.1975 0.563045 -0.178856 -0.0162862 0.98374 146 148 147
0.8925 2.2125 0.565197 -0.0524039 -0.0648909 0.996515 148 148 148
0.8925 2.2275 0.567569 -0.0130011 -0.102679 0.99463 150 150 150
0.8925 2.2425 0.570224 -0.127006 -0.06166 0.989984 151 151 151
0.8925 2.2575 0.568125 -0.148818 0.0146443 0.988756 152 152 152
0.8925 2.2725 0.567631 -0.0406011 -0.00907557 0.999134 154 156 155
0.8925 2.2875 0.569514 0.109602 -0.128262 0.985665 155 157 156
0.8925 2.3025 0.571621 -0.0684066 -0.0208853 0.997439 156 158 157
0.8925 2.3175 0.571159 -0.185168 -0.00351391 0.982701 158 159 161
0.8925 2.3325 0.569683 -0.139129 -0.047362 0.989141 159 160 162
0.8925 2.3475 0.57184 -0.0108186 -0.0706962 0.997439 161 162 164
0.8925 2.3625 0.573719 0.0778822 -0.109456 0.990936 162 163 165
0.8925 2.3775 0.575193 -0.237528 0.171927 0.956045 161 165 166
0.8925 2.3925 0.567624 -0.258584 0.223182 0.939853 161 163 163
0.9075 2.1825 0.565849 0.00510018 -0.105141 0.994444 145 145 145
0.9075 2.1975 0.568135 -0.0192318 -0.100726 0.994728 146 148 147
0.9075 2.2125 0.570661 -0.164602 0.0198475 0.98616 148 148 148
0.9075 2.2275 0.565009 -0.135875 0.0288386 0.990306 149 149 149
0.9075 2.2425 0.568072 0.032551 -0.125351 0.991578 151 151 151
0.9075 2.2575 0.569717 0.00348922 -0.0745228 0.997213 152 152 152
0.9075 2.2725 0.571755 -0.144073 0.0300272 0.989111 154 156 155
0.9075 2.2875 0.567725 -0.137559 0.0276383 0.990108 154 156 155
0.9075 2.3025 0.569901 0.0411271 -0.109843 0.993098 155 157 156
0.9075 2.3175 0.572643 0.0718265 -0.122844 0.989823 157 158 160
0.9075 2.3325 0.574632 -0.0556595 -0.0665549 0.996229 158 159 161
0.9075 2.3475 0.575448 -0.139755 0.0291757 0.989756 160 161 163
0.9075 2.3625 0.57171 -0.0489656 0.0399077 0.998003 161 162 164
0.9075 2.3775 0.574129 0.111704 -0.151464 0.982131 160 164 165
0.9075 2.3925 0.576787 -0.221719 0.187419 0.95693 161 165 166
0.9225 2.1825 0.567049 -0.057361 -0.0867709 0.994576 145 145 145
0.9225 2.1975 0.565399 -0.0879407 -0.0724464 0.993488 146 148 147
0.9225 2.2125 0.567683 0.0333604 -0.0659108 0.997268 149 149 149
0.9225 2.2275 0.56997 0.000192758 -0.0316363 0.999499 149 149 149
0.9225 2.2425 0.570154 -0.141905 -0.0589228 0.988125 151 151 151
0.9225 2.2575 0.569461 -0.14334 -0.0470477 0.988555 151 151 151
0.9225 2.2725 0.57092 -0.0310937 -0.0459677 0.998459 153 155 154
0.9225 2.2875 0.572665 -0.0463417 0.00112531 0.998925 154 156 155
0.9225 2.3025 0.571978 -0.14783 0.0102181 0.98896 156 158 157
0.9225 2.3175 0.56999 -0.105108 -0.0574449 0.9928 157 158 160
0.9225 2.3325 0.57216 -0.00531354 -0.0821613 0.996605 158 159 161
0.9225 2.3475 0.574039 0.0617746 -0.0925636 0.993789 160 161 163
0.9225 2.3625 0.575072 -0.121219 0.061767 0.990702 160 161 163
0.9225 2.3775 0.572231 -0.125303 -0.0164271 0.991983 160 163 164
0.9225 2.3925 0.574483 -0.0323404 -0.0772293 0.996489 160 164 165
0.9375 2.1675 0.564246 -0.0115766 -0.134921 0.990789 144 144 144
0.9375 2.1825 0.566289 0.0293939 -0.174275 0.984258 145 145 145
0.9375 2.1975 0.569237 -0.151238 -0.0941658 0.984002 146 148 147
0.9375 2.2125 0.572245 -0.276801 0.00912123 0.960884 149 149 149
0.9375 2.2275 0.566526 0.0516167 -0.00275326 0.998663 149 149 149
0.9375 2.2425 0.570082 0.0834036 -0.146169 0.985738 151 151 151
0.9375 2.2575 0.573405 -0.00630946 -0.110939 0.993807 151 151 151
0.9375 2.2725 0.574512 -0.133081 0.0283358 0.9907 153 155 154
0.9375 2.2875 0.57021 -0.132841 0.025578 0.990807 154 156 155
0.9375 2.3025 0.57202 -0.0463236 -0.0512632 0.99761 156 158 157
0.9375 2.3175 0.574265 -0.067852 -0.109195 0.991702 157 158 160
0.9375 2.3325 0.576367 -0.164848 -0.0136999 0.986224 158 159 161
0.9375 2.3475 0.573701 -0.148454 -0.0244344 0.988617 160 161 163
0.9375 2.3625 0.575444 -0.0434493 -0.0331295 0.998506 160 161 163
0.9375 2.3775 0.577186 -0.0828435 -0.0712967 0.994009 159 163 164
0.9375 2.38021 0.5775 0.066348 -0.121229 0.990405 159 163 164
0.932426 2.3925 0.5775 -0.290031 -0.015357 0.956894 161 165 166
0.9375 2.3925 0.579046 -3.88289e-18 0 1 161 165 166
0.9375 2.39709 0.5775 -0.0527731 0.317372 0.946832 161 165 166
0.9525 2.2425 0.569997 0.00565666 -0.0489515 0.998785 150 150 150
0.9525 2.2575 0.570732 0.118774 -0.129889 0.984389 151 151 151
0.9525 2.2725 0.572612 0.141392 -0.116759 0.983044 153 155 154
0.9525 2.2875 0.57497 -0.166906 0.0225695 0.985715 154 156 155
0.9525 2.3025 0.575885 -0.267419 0.00155698 0.963579 155 157 156
0.9525 2.3175 0.573086 -0.0334159 -0.0587581 0.997713 157 158 160
0.9525 2.3325 0.576291 -0.0190042 -0.0612913 0.997939 158 159 161
0.9525 2.33763 0.5775 0.135382 -0.18369 0.973617 158 159 161
0.948245 2.3475 0.5775 -0.338098 -0.138405 0.930878 159 160 162
0.9525 2.3475 0.579008 -0.12312 -0.124026 0.984611 159 160 162
0.943312 2.3625 0.5775 -0.333832 -0.00593476 0.942614 160 161 163
0.9525 2.3625 0.580759 0.0354592 0.0357201 0.998733 160 161 163
0.9525 2.37025 0.5775 -0.0622343 0.39227 0.917743 159 162 164
0.9525 2.3775 0.574348 -0.0317333 0.0273322 0.999123 159 163 164
0.945352 2.3925 0.5775 0.189254 0 0.981928 160 164 165
0.9525 2.3925 0.576155 0.0361294 -0.0535907 0.997909 160 164 165
0.9525 2.40105 0.5775 -0.0369644 -0.152327 0.987639 161 165 166
0.967176 2.2275 0.6075 -1 0 0 153 152 148
0.958422 2.3475 0.5775 0.245802 -0.142315 0.958816 159 160 162
0.9675 2.3325 0.57621 0.00533647 0.0921184 0.995734 158 159 161
0.9675 2.3475 0.574823 0.173993 -0.0694095 0.982298 159 160 162
0.967417 2.3625 0.5775 0.213353 0.0555368 0.975395 160 161 163
0.9675 2.3625 0.577478 0.0450705 0.0148803 0.998873 160 161 163
0.962059 2.3775 0.5775 -0.313506 -0.000821403 0.949586 160 162 164
0.9675 2.3925 0.576236 -0.0597672 -0.0886651 0.994267 160 164 165
0.9975 3.13056 0.4575 0 0 0 162 169 179
0.998813 3.1275 0.4575 0 0 0 162 169 179
1.0125 3.1275 0.46298 0 0 0 162 169 179
1.0275 3.1275 0.460961 0 0 0 162 169 179
1.0425 3.13089 0.4575 0 0 0 162 170 181
1.0425 3.1275 0.458122 0 0 0 162 170 181
0.6825 3.1425 0.630064 0.300675 -0.0574875 0.951992 155 154 151
0.6825 3.1575 0.629374 0.271658 0.0441861 0.961379 155 153 151
0.6975 3.13326 0.6225 0.144381 -0.0993513 0.984522 155 153 151
0.6975 3.1425 0.62344 0.304076 -0.0972973 0.947666 156 155 152
0.6975 3.1575 0.625136 0.273669 -0.0576672 0.960094 158 157 154
0.705696 3.1425 0.6225 0.120002 -0.104804 0.987226 150 148 146
0.7125 3.1425 0.621538 0.201828 -0.0921181 0.975079 144 142 141
0.7125 3.15017 0.6225 0.219637 -0.101889 0.970247 145 143 142
0.7125 3.1575 0.623171 0.127764 -0.103378 0.986402 146 144 142
0.7275 3.13555 0.6225 -0.448343 0.535657 0.715584 143 142 140
0.7275 3.1425 0.617402 -0.0945593 0.121121 0.988124 146 145 145
0.714713 3.1575 0.6225 0.255304 -0.0771021 0.963782 144 142 141
0.7275 3.1575 0.619198 0.146178 -0.112799 0.982806 140 140 139
0.732897 3.1425 0.6225 -0.6088 0.462442 0.644601 146 145 144
0.7425 3.1275 0.62926 0.141904 -0.29144 0.946005 159 158 156
0.7425 3.15529 0.6225 -0.616411 0.479236 0.624796 156 157 157
0.7425 3.1575 0.620573 -0.225305 0.0223682 0.974031 157 159 159
0.7575 3.1275 0.62701 0.238672 -0.344056 0.908109 162 161 160
0.74461 3.1575 0.6225 -0.56662 0.542043 0.620589 157 158 159
0.770086 3.1275 0.6225 0.319189 -0.362041 0.875811 169 170 169
0.7725 3.12966 0.6225 0.182137 -0.371944 0.910211 169 171 170
0.7725 3.1275 0.621529 0.175859 -0.182865 0.967282 169 171 170
0.7725 3.1425 0.6281 0.26578 -0.383634 0.884413 166 166 165
0.7725 3.1575 0.630992 0 0 0 162 162 161
0.78208 3.1275 0.5625 0.633359 -0.764585 0.119436 173 181 188
0.7875 3.13246 0.5625 0.674773 -0.723225 0.147061 169 177 183
0.7875 3.1275 0.551568 0.653725 -0.686765 0.317802 194 205 218
0.779644 3.1275 0.5775 0.565802 -0.755959 -0.329233 159 161 159
0.7875 3.12999 0.5775 0.611977 -0.779539 -0.133427 161 163 162
0.7875 3.1275 0.582749 0.432754 -0.49764 -0.751717 161 164 163
0.7875 3.13563 0.6225 0.252708 -0.345455 0.903769 171 173 172
0.7875 3.1275 0.619042 0.251553 -0.254122 0.933886 172 174 173
0.7875 3.1425 0.624658 0.1945 -0.351238 0.915861 170 173 172
0.797309 3.1275 0.5325 0.65482 -0.662593 0.363568 200 212 228
0.8025 3.13263 0.5325 0.63215 -0.62902 0.45246 201 213 229
0.8025 3.1275 0.525035 0.598204 -0.642601 0.478765 197 207 223
0.789507 3.1275 0.5475 0.661413 -0.66841 0.340237 200 212 226
0.8025 3.14036 0.5475 0.669946 -0.667684 0.324608 204 216 231
0.798486 3.1425 0.5625 0.726801 -0.686812 -0.00699716 152 159 164
0.8025 3.1425 0.552775 0.677425 -0.679899 0.280772 187 197 208
0.800751 3.1425 0.5775 0.730867 -0.65192 -0.202076 162 162 160
0.8025 3.1275 0.589015 0.288015 -0.377684 -0.880001 163 168 170
0.8025 3.1425 0.580531 0.402503 -0.491883 -0.772038 162 163 161
0.793755 3.1425 0.6225 0.33978 -0.309361 0.88817 172 174 174
0.8025 3.1275 0.614196 0.275533 -0.232803 0.932676 174 177 177
0.8025 3.1425 0.61892 0.279943 -0.310429 0.908441 173 176 177
0.8025 3.14725 0.5625 0.758468 -0.631652 0.160446 154 160 165
0.8025 3.14764 0.5775 0.868302 -0.485659 -0.10093 162 162 159
0.80901 3.1275 0.5175 0.571835 -0.653979 0.495295 182 191 206
0.8175 3.13421 0.5175 0.558859 -0.625828 0.544073 176 185 200
0.8175 3.1275 0.507717 0.539467 -0.635321 0.552579 168 176 190
0.811591 3.1425 0.5325 0.669368 -0.607673 0.427411 201 214 230
0.8175 3.1425 0.525977 0.615264 -0.559064 0.555786 194 205 220
0.804499 3.1425 0.5475 0.716984 -0.627662 0.303272 205 217 231
0.8175 3.1275 0.592211 0.205892 -0.308701 -0.928608 167 172 175
0.8175 3.1425 0.58706 0.264267 -0.371545 -0.89001 164 168 169
0.8175 3.1275 0.608593 0.338833 -0.251782 0.906531 176 180 180
0.8175 3.1425 0.615946 0.29257 -0.379049 0.877909 175 179 178
0.8175 3.14961 0.5325 0.630938 -0.524632 0.571558 201 214 230
0.8235 3.1275 0.5025 0.498138 -0.604643 0.621503 165 173 185
0.8325 3.13284 0.5025 0.521942 -0.631944 0.572909 164 172 184
0.8325 3.1275 0.495694 0.452871 -0.440895 0.774932 162 170 181
0.825135 3.1425 0.5175 0.596055 -0.548814 0.586107 181 190 205
0.8325 3.1425 0.510723 0.568304 -0.514928 0.641779 173 182 196
0.818847 3.1275 0.5925 0.719538 -0.682638 -0.127556 167 172 175
0.8325 3.1364 0.5925 0.497055 -0.813793 -0.301125 168 173 175
0.8325 3.1425 0.590696 0.199612 -0.297673 -0.933566 168 172 172
0.821835 3.1275 0.6075 0.786485 -0.571327 0.234577 176 181 181
0.8325 3.13701 0.6075 0.586642 -0.799592 0.128471 177 180 181
0.8325 3.1425 0.609527 0.325085 -0.374328 0.868446 177 180 181
0.842282 3.1425 0.5025 0.566418 -0.500767 0.654525 169 177 190
0.8475 3.1275 0.488917 0.398407 -0.38487 0.832554 161 168 179
0.8475 3.1425 0.497742 0.504085 -0.491898 0.709884 168 175 188
0.843448 3.1425 0.5925 0.519543 -0.851962 -0.0650789 170 175 176
0.838619 3.1425 0.6075 0.527038 -0.805296 0.271531 177 181 182
0.8475 3.14981 0.5025 0.559503 -0.444098 0.69981 169 178 192
0.8475 3.14513 0.5925 0.151864 -0.977852 0.144026 170 174 177
0.8475 3.14662 0.6075 0.459715 -0.880216 0.117819 179 182 183
0.8625 3.13236 0.5925 -0.635443 -0.751339 0.178049 171 177 182
0.849033 3.1425 0.5925 -0.63482 -0.762601 0.12427 171 176 179
0.8625 3.1425 0.589415 -0.193546 -0.142367 -0.970707 182 188 193
0.8625 3.1425 0.604223 -0.491176 -0.63174 0.599709 179 183 185
0.865924 3.1275 0.5925 -0.792063 -0.296108 -0.533812 174 182 187
0.8775 3.1275 0.588065 -0.13718 -0.0873398 -0.986688 201 210 219
0.8775 3.1425 0.58936 0.00217728 0.0860184 -0.996291 184 191 197
0.862765 3.1275 0.6075 -0.864962 0.0431153 0.499981 179 184 186
0.867567 3.1425 0.6075 -0.835355 0.0101812 0.549617 182 187 188
0.8775 3.1275 0.618186 -0.266648 -0.000337264 0.963794 179 183 184
0.8775 3.1425 0.618647 -0.315923 -0.0291074 0.948338 180 184 185
0.8925 3.1275 0.588262 -0.262469 0.169076 -0.950012 200 209 220
0.8925 3.1425 0.589481 -0.0171882 0.0826194 -0.996433 195 204 212
0.8925 3.1275 0.615023 0.166119 -0.0535349 0.984651 188 194 198
0.8925 3.1425 0.615806 0.159568 -0.0444123 0.986187 185 190 193
0.9075 3.1275 0.578252 -0.379713 0.197088 -0.903866 191 201 214
0.9075 3.1425 0.588386 -0.388232 0.397092 -0.831621 200 209 218
0.9075 3.1275 0.612392 0.176239 -0.085161 0.980657 188 196 201
0.9075 3.1425 0.614529 0.162079 -0.110208 0.980604 189 195 200
0.9225 3.1275 0.578988 0.0446622 -0.0236418 -0.998722 186 198 210
0.9225 3.1425 0.578484 -0.194297 0.194961 -0.961374 183 194 205
0.9225 3.1275 0.610754 0.12477 -0.0443856 0.991192 198 206 213
0.9225 3.1425 0.610999 0.157986 -0.0575241 0.985764 191 198 205
0.9375 3.1275 0.580186 0.0623001 -0.0908374 -0.993915 178 189 200
0.9375 3.1425 0.578555 0.00803152 -0.0833924 -0.996484 180 192 203
0.9375 3.1275 0.608029 0.134327 -0.0558728 0.989361 193 201 209
0.9375 3.1425 0.608955 0.107489 -0.046285 0.993128 188 195 202
0.9525 3.1275 0.58096 0.0728431 -0.062007 -0.995414 175 186 196
0.9525 3.1425 0.577649 0.126501 -0.17893 -0.975695 178 191 203
0.942142 3.1275 0.6075 0.0995812 -0.0983542 0.990157 193 201 209
0.9525 3.13383 0.6075 -0.0556202 -0.152665 0.986712 189 197 206
0.9525 3.1275 0.606524 -0.00013475 -2.81086e-05 1 191 200 209
0.9525 3.1425 0.608854 0.020149 -0.0553329 0.998265 186 193 201
0.9675 3.1275 0.580298 -0.0740926 0.0462258 -0.996179 173 183 193
0.9675 3.1425 0.583615 0.174119 0.000209901 -0.984725 182 192 203
0.958494 3.1275 0.6075 -0.157769 0.104328 0.981949 190 199 208
0.9675 3.1275 0.608929 -0.00926998 -0.0127202 0.999876 188 197 206
0.9675 3.1425 0.607663 0.0788456 0.0838641 0.993353 187 197 205
0.9825 3.1275 0.578516 0.225487 -0.316748 -0.921317 166 176 184
0.9825 3.1275 0.609203 0.0602022 -0.134606 0.989069 187 196 204
0.9975 3.1275 0.585277 0.168538 0.010249 -0.985642 175 184 193
0.990978 3.1275 0.6075 0.399103 -0.405809 0.822214 187 196 205
0.9975 3.13369 0.6075 0.747877 -0.393752 0.534452 188 197 205
0.9975 3.1275 0.602938 0.505596 0.0823985 0.858827 187 196 205
1.0017 3.1275 0.5925 0.72121 0.680457 -0.129748 179 189 198
1.0425 3.13571 0.5925 0 0 0 167 177 187
1.06508 3.1275 0.5925 -0.655716 -0.755007 0 166 176 185
1.0725 3.1275 0.59034 0 -0.317638 -0.948212 168 178 186
1.0725 3.1275 0.606525 0 -0.90857 0.417732 169 180 187
1.07935 3.1275 0.5925 0.68547 -0.728101 0 167 176 185
1.09477 3.1275 0.5925 -0.685324 0.6592 0.309493 166 176 185
1.1025 3.1275 0.589865 -0.0340666 0.120777 -0.992095 167 177 187
1.1025 3.1275 0.603068 0.0234279 0.463501 0.885787 168 178 185
1.11249 3.1275 0.5925 0.459422 0.512315 -0.725578 167 177 186
1.12206 3.1275 0.5925 -0.660741 0.634019 0.401798 167 177 186
1.1325 3.1275 0.589545 0.00494634 0.0603677 -0.998164 168 177 187
1.1325 3.1275 0.605452 0.256511 0.29525 0.920342 169 177 186
1.14174 3.1275 0.5925 0.913033 -0.11185 -0.392251 168 178 187
0.984498 2.1375 0.6075 -0.645203 -0.0460409 0.762623 149 147 140
0.9975 2.1375 0.6185 -0.612455 -0.0142922 0.790376 150 148 140
0.983427 2.1525 0.6075 -0.624424 -0.0153792 0.780934 148 147 140
0.9975 2.1525 0.61845 -0.60827 -0.0197445 0.793484 150 148 140
1.00329 2.1375 0.6225 -0.609621 0.00281801 0.792688 151 148 140
1.0125 2.1375 0.630036 -0.429621 0.00341259 0.903003 151 148 140
1.00335 2.1525 0.6225 -0.609415 -0.0140729 0.792726 150 149 140
1.0125 2.1525 0.62998 -0.324693 -0.0278399 0.94541 151 150 140
1.0275 2.1525 0.630835 -0.0569634 -0.00730383 0.99835 152 149 140
0.9825 2.8875 0.609834 -0.0873328 -0.0483588 0.995005 185 190 192
0.9825 2.9025 0.611091 -0.0625837 0.00360018 0.998033 184 189 193
0.9675 2.9025 0.609796 -0.110019 0.0866262 0.990147 184 188 192
0.976965 2.9175 0.6075 -0.450536 0.427849 0.783558 182 188 192
0.9675 2.90737 0.6075 -0.131539 0.429116 0.89362 183 187 191
0.9675 2.9175 0.601273 -0.142058 0.196523 0.970154 176 182 187
0.9825 2.9175 0.610241 -0.0984344 0.209914 0.972752 184 189 193
0.9825 2.92313 0.6075 -0.261034 0.401853 0.87771 182 188 192
0.9825 2.9325 0.603658 -0.0780309 0.260708 0.962259 180 186 191
0.9675 2.9325 0.603401 -0.101642 0.165357 0.980982 180 186 191
0.9825 2.9475 0.598812 -0.0112059 0.114971 0.993306 178 184 190
0.9675 2.9475 0.598774 -0.0268264 0.0226663 0.999383 179 184 189
0.9825 2.95743 0.5775 -0.262497 0.850279 -0.456203 162 167 173
0.9675 2.95639 0.5775 -0.0395103 0.84665 -0.530681 163 169 174
0.9825 2.9625 0.586941 -0.217763 0.509016 -0.832755 172 178 184
0.9675 2.9625 0.586566 -0.0627583 0.429935 -0.900676 172 178 184
0.9825 2.9625 0.600087 0.0155811 -0.0713554 0.997329 179 185 190
0.9675 2.9625 0.600749 -0.0163465 -0.0160504 0.999738 179 184 190
0.9825 2.9775 0.586087 -0.053768 0.0168482 -0.998411 172 177 184
0.9675 2.9775 0.588054 -0.0275094 -0.0091266 -0.99958 174 180 186
0.9825 2.9775 0.601043 -0.0365853 -0.0153717 0.999212 179 185 190
0.9675 2.9775 0.599163 -0.0504641 0.0312088 0.998238 179 185 191
0.9825 2.9925 0.587413 -0.01878 -0.0369949 -0.999139 173 179 185
0.9675 2.9925 0.585873 0.00679734 -0.0660379 -0.997794 171 177 183
0.9825 2.9925 0.600655 -0.0994595 0.0307155 0.994567 179 185 191
0.9675 2.9925 0.599425 0.0107143 -0.0245123 0.999642 179 185 191
0.9825 3.0075 0.585159 -0.00658285 -0.0576791 -0.998313 171 176 183
0.9675 3.0075 0.586461 -0.0253929 -0.022488 -0.999425 172 178 184
0.9825 3.0075 0.599895 -0.0297166 -0.0412649 0.998706 179 185 191
0.9675 3.0075 0.600331 0.0562782 -0.11484 0.991789 179 185 191
0.9825 3.0225 0.585614 -0.0396375 -0.0431143 -0.998284 171 177 184
0.9675 3.0225 0.584963 -0.0322965 -0.03762 -0.99877 170 177 183
0.9825 3.0225 0.602129 0.0494906 -0.11824 0.991751 179 185 192
0.9675 3.0225 0.603085 0.00876898 -0.0755488 0.997104 179 186 191
0.9825 3.0375 0.584099 -0.0441449 -0.0258967 -0.998689 170 175 183
0.9675 3.0375 0.585287 -0.0258536 -0.0449037 -0.998657 171 177 183
0.9825 3.0375 0.603206 0.02293 -0.054209 0.998266 179 186 193
0.9675 3.0375 0.602818 0.0383928 -0.0668516 0.997024 179 186 192
0.9825 3.0525 0.584613 0.0499561 -0.00304771 -0.998747 171 176 184
0.9675 3.0525 0.583503 -0.016201 -0.0636372 -0.997842 168 175 182
0.9825 3.0525 0.604305 0.0525142 0.0230263 0.998355 179 185 193
0.9675 3.0525 0.603826 0.000263699 0.0229023 0.999738 180 187 194
0.9825 3.0675 0.582086 0.101573 -0.13676 -0.985383 167 174 182
0.9675 3.0675 0.583875 -0.0563301 -0.0292391 -0.997984 169 176 183
0.9825 3.0675 0.603743 0.0711336 -0.0739774 0.99472 180 187 195
0.9675 3.0675 0.603323 0.0259159 -0.0578026 0.997992 180 188 195
0.9825 3.0825 0.5821 -0.132766 0.0846431 -0.987527 167 174 182
0.9675 3.0825 0.582551 -0.0509561 0.167015 -0.984637 167 176 183
0.9825 3.0825 0.604677 -0.0777289 0.070555 0.994475 180 188 195
0.9675 3.0825 0.604966 0.0528393 0.0751535 0.995771 181 189 197
0.9825 3.0975 0.58692 -0.210767 0.216876 -0.953175 173 181 189
0.9675 3.0975 0.589431 0.188503 -0.0814293 -0.978691 176 185 193
0.9825 3.0975 0.600076 -0.055567 0.0819441 0.995087 180 188 196
0.9675 3.0975 0.602247 0.240782 -0.138758 0.960609 185 194 202
0.9825 3.1125 0.586278 0.153381 -0.275325 -0.949036 174 183 192
0.9675 3.1125 0.580244 0.169164 -0.267513 -0.948589 167 177 185
0.970399 3.1125 0.6075 0.200524 -0.305859 0.93072 188 198 206
0.9675 3.1086 0.6075 0.37368 -0.342317 0.86208 188 198 206
0.9825 3.1125 0.603363 0.192677 -0.266397 0.944409 186 195 204
0.9675 3.1125 0.60787 0.0884708 -0.085349 0.992415 189 198 206
0.9825 3.119 0.6075 0.329561 -0.392529 0.858668 187 197 205
0.9975 2.8875 0.612315 0.0764016 -0.000145251 0.997077 185 190 193
0.9975 2.9025 0.612193 0.114291 0.0271623 0.993076 185 190 194
0.9975 2.9175 0.610127 0.121509 0.157538 0.980009 184 189 194
0.9975 2.92364 0.6075 0.0463498 0.379719 0.92394 183 188 193
0.9975 2.9325 0.604239 0.123762 0.265716 0.956074 180 186 191
0.9975 2.9475 0.599014 -0.0503679 0.165394 0.984941 179 185 190
0.987287 2.9625 0.5775 -0.676518 0.655563 -0.335501 162 167 173
0.9975 2.9625 0.600365 0.161557 0.0620049 0.984914 179 185 190
0.9975 2.97312 0.5775 0.272889 0.946838 -0.170383 162 168 173
0.9975 2.9775 0.586404 -0.00344652 0.283505 -0.958965 172 178 184
0.9975 2.9775 0.600367 0.3037 -0.0366975 0.952061 179 185 191
0.9975 2.9925 0.585491 0.186342 -0.0351614 -0.981856 171 177 183
0.9975 2.9925 0.602203 0.326495 -0.0573663 0.943457 179 185 191
0.9975 3.0075 0.586197 0.143704 -0.066759 -0.987366 172 178 185
0.9975 3.0075 0.601458 0.176518 0.0186297 0.984121 180 185 192
0.9975 3.0225 0.584008 0.172132 -0.0264881 -0.984718 169 175 182
0.9975 3.0225 0.601322 0.240615 -0.0287112 0.970196 180 185 192
0.9975 3.0375 0.583738 0.202322 -0.0607435 -0.977433 169 175 182
0.9975 3.0375 0.602676 0.320267 -0.0686587 0.944836 180 186 193
0.9975 3.0525 0.583082 0.048926 0.0646123 -0.99671 168 175 182
0.9975 3.0525 0.603478 0.236027 0.016343 0.971609 178 186 193
0.9975 3.0675 0.588618 0.0458868 -0.0945326 -0.994464 173 181 187
0.9975 3.0675 0.599318 0.154969 -0.0529476 0.986499 178 186 192
0.9975 3.0825 0.580781 0.319605 -0.262023 -0.910602 164 173 180
0.9975 3.0825 0.605772 0.402881 -0.0934469 0.91047 180 188 195
0.9975 3.0975 0.58015 -0.221577 0.162334 -0.961536 163 173 181
0.9975 3.0975 0.605079 0.0602578 0.0944099 0.993708 181 189 197
0.9975 3.1125 0.585391 -0.23054 0.123712 -0.965167 172 181 188
0.9975 3.1125 0.603015 0.0252377 0.0132441 0.999594 183 192 199
1.00884 2.8875 0.6075 0.392833 -0.0244854 0.919284 175 181 185
1.01068 2.9025 0.6075 0.36071 0.073067 0.929811 174 179 185
1.0125 2.8875 0.60559 0.107629 -0.0576971 0.992515 173 178 182
1.0125 2.9025 0.606413 0.0105848 0.00978227 0.999896 173 178 183
1.00517 2.9175 0.6075 0.348278 0.25391 0.902348 178 184 189
1.0125 2.9175 0.604229 0.0852911 0.237477 0.967641 172 177 183
1.0125 2.9325 0.600143 -0.109507 0.157076 0.981496 170 176 182
1.0125 2.9475 0.600439 0.0795979 0.258152 0.96282 170 176 183
1.0125 2.96118 0.5925 0.22778 0.509515 0.829765 169 175 182
1.00962 2.9625 0.5925 0.546888 0.0895088 0.832407 171 176 183
1.0125 2.9625 0.591634 0.236687 0.83913 0.489734 169 174 181
1.0125 2.97428 0.5775 -0.035401 0.767604 0.639946 163 168 174
1.00761 2.9775 0.5925 0.960858 0.198642 0.193117 172 178 185
1.00884 2.9925 0.5925 0.972511 -0.197833 -0.122819 171 177 184
1.0125 3.0022 0.5925 0.642669 -0.399014 -0.654037 168 174 182
1.0125 3.0075 0.59007 0.220432 -0.151084 -0.96363 167 173 181
1.0125 3.0075 0.594201 0.362525 -0.112071 0.925211 168 174 182
1.0125 3.0225 0.589206 0.0804012 -0.012115 -0.996689 167 173 180
1.0125 3.0225 0.595019 0.165303 0.0135006 0.98615 168 175 182
1.0125 3.0375 0.591248 0.082306 -0.0225645 -0.996352 167 174 182
1.0125 3.0375 0.593012 0.184766 0.0201739 0.982575 168 175 183
1.0125 3.0525 0.58902 0.135599 -0.154628 -0.978623 165 173 182
1.0125 3.0525 0.594165 0.294987 -0.128809 0.946779 167 175 184
1.0125 3.0675 0.584581 0.0807666 0.090503 -0.992616 163 171 179
1.0125 3.0675 0.598266 0.137885 0.0220105 0.990204 167 176 184
1.0125 3.07235 0.5925 0.0858998 0.995667 0.0356233 165 173 182
1.00441 3.0825 0.5925 0.99914 0.0398065 -0.0115677 170 179 186
1.0125 3.09325 0.5925 0.725881 -0.667864 -0.164483 166 175 183
1.0125 3.0975 0.579552 0.638105 -0.263398 -0.723494 161 171 179
1.0125 3.0975 0.59835 0.626615 -0.262644 0.733738 169 178 187
1.0125 3.1125 0.580706 0.297733 0.395371 -0.868929 163 172 181
1.0125 3.1125 0.599914 0.51174 0.13168 0.848989 171 180 189
1.0125 3.11866 0.5925 0.699986 0.707248 0.0990945 167 176 185
1.0275 2.8875 0.605809 0.0367165 -0.0363801 0.998663 172 176 181
1.0275 2.9025 0.606602 0.0750445 -0.052702 0.995787 172 176 182
1.0275 2.9175 0.607382 -0.137841 0.043639 0.989493 172 176 182
1.0275 2.92131 0.6075 -0.0422066 -0.0195343 0.998918 173 177 183
1.02718 2.9325 0.6075 -0.451607 -0.00687118 0.89219 172 177 183
1.0275 2.9325 0.607699 -0.035488 0.0117102 0.999301 172 177 183
1.0275 2.93284 0.6075 -0.235588 0.414222 0.879158 172 177 183
1.0275 2.9475 0.600614 -0.0902843 0.402784 0.910831 170 176 182
1.0275 2.96187 0.5925 -0.0124455 0.501858 0.86486 169 174 181
1.0275 2.9625 0.59196 0.0055143 0.772012 0.635584 169 174 181
1.0275 2.9745 0.5775 0.00444625 0.76905 0.639173 162 167 173
1.02107 3.0075 0.5925 0.351231 -0.525386 0.774988 168 174 182
1.0275 3.01196 0.5925 0.0177644 -0.999831 -0.00474038 168 174 182
1.0275 3.0225 0.58797 0.0174192 -0.167148 -0.985778 166 172 180
1.0275 3.0225 0.595516 0.0425582 -0.12469 0.991283 168 174 182
1.0275 3.0375 0.58671 -0.135354 -0.048314 -0.989619 164 172 180
1.0275 3.0375 0.596796 -0.122441 0.0154661 0.992355 167 175 183
1.0275 3.0525 0.585313 -0.213126 -0.130484 -0.968272 164 171 179
1.0275 3.0525 0.595303 -0.153232 -0.00857218 0.988153 167 175 182
1.0275 3.0675 0.585081 -0.204547 -0.0962465 -0.974113 164 172 180
1.0275 3.0675 0.596238 -0.0199875 -0.156764 0.987434 167 176 183
1.02184 3.0825 0.5925 -0.726459 0.672979 0.139128 164 174 182
1.0275 3.0825 0.582255 -0.462827 0.321124 -0.826239 163 171 179
1.0275 3.0825 0.599936 -0.28792 0.221751 0.931627 167 176 184
1.0275 3.08847 0.5925 -0.693288 0.711836 -0.112434 165 174 182
1.01702 3.0975 0.5925 0.964801 -0.211734 0.155977 166 175 183
1.0176 3.1125 0.5925 0.982397 0.150399 -0.110794 167 176 185
1.0425 2.8875 0.605529 -0.0338898 0.00999174 0.999376 172 176 181
1.0425 2.9025 0.603478 0.0112374 -0.0601926 0.998124 172 176 182
1.0425 2.91633 0.6075 0.0195668 -0.280482 0.95966 173 177 183
1.03065 2.9175 0.6075 -0.0296049 -0.231141 0.97247 173 177 183
1.0425 2.9175 0.607831 -0.00895562 -0.035353 0.999335 173 177 183
1.0425 2.9325 0.608189 -0.0131976 0.0373643 0.999215 172 176 183
1.0425 2.93394 0.6075 -0.0274042 0.411774 0.910874 172 176 182
1.0425 2.9475 0.60156 -0.124515 0.379074 0.916951 170 175 182
1.0425 2.96197 0.5925 -0.0368342 0.516653 0.855402 168 174 181
1.0425 2.9625 0.592106 -0.0216083 0.786113 0.617705 168 173 181
1.0425 2.97376 0.5775 -0.0824865 0.778696 0.621956 162 167 173
1.0425 2.97488 0.5925 -0.582328 -0.0339462 0.812245 169 174 181
1.03685 2.9775 0.5925 -0.604522 -0.178351 -0.776366 169 174 181
1.0425 2.9775 0.592246 -0.697996 0.237951 -0.675412 169 174 181
1.0425 2.9775 0.592656 -0.0569138 0.128592 0.990063 169 174 181
1.03766 2.9925 0.5925 -0.969289 -0.118657 -0.215406 168 174 182
1.0425 2.9925 0.589211 -0.102779 -0.159356 -0.981856 167 173 181
1.0425 2.9925 0.593558 -0.0599763 -0.0658635 0.996025 168 174 182
1.034 3.0075 0.5925 -0.7774 -0.53316 -0.333751 168 174 181
1.0425 3.0075 0.588494 -0.22552 -0.00526923 -0.974224 167 172 180
1.0425 3.0075 0.594703 -0.0626685 -0.0454235 0.997 168 174 182
1.0425 3.0225 0.591605 -0.0368542 -0.0319177 -0.998811 166 174 182
1.0425 3.0225 0.592892 0.0165313 -0.0451973 0.998841 167 174 182
1.0425 3.0375 0.585952 0.0507747 -0.216714 -0.974914 165 172 180
1.0425 3.0375 0.596969 0.0664358 -0.165601 0.983953 167 175 182
1.0425 3.0525 0.584831 -0.0116191 -0.189055 -0.981898 164 172 179
1.0425 3.0525 0.597998 -0.0783485 -0.0317129 0.996421 167 175 182
1.0425 3.0675 0.578187 0.0560701 -0.0259657 -0.998089 162 170 177
1.0425 3.0675 0.598744 -0.100226 -0.0543434 0.993479 167 175 183
1.0425 3.0825 0.579851 0.207012 0.0376358 -0.977614 162 171 179
1.0425 3.0825 0.599665 -0.0651958 -0.0824429 0.994461 167 176 183
1.03779 3.0975 0.5925 -0.684447 0.709946 0.165858 165 174 182
1.0425 3.0975 0.581153 -0.256058 0.339211 -0.905191 163 171 180
1.0425 3.0975 0.599273 -0.40096 0.3275 0.855556 167 177 185
1.0425 3.10293 0.5925 -0.734583 0.663722 -0.140928 165 175 183
1.0575 2.8875 0.605655 -0.0561707 -0.0322453 0.9979 172 176 182
1.0575 2.9025 0.606356 -0.0621151 -0.0134018 0.997979 172 176 182
1.0491 2.9175 0.6075 0.0490523 -0.0919069 0.994559 173 177 183
1.0575 2.9175 0.606952 -0.033337 -0.119295 0.992299 172 176 182
1.0575 2.92263 0.6075 0.030111 -0.0638164 0.997507 172 176 182
1.0575 2.9325 0.608116 -0.0328986 -0.0242662 0.999164 171 176 182
1.0575 2.93378 0.6075 -0.132925 0.406172 0.904077 171 176 182
1.0575 2.9475 0.601312 -0.178247 0.228356 0.957121 170 175 181
1.04293 2.9625 0.5925 -0.79012 0.250279 0.559527 168 174 181
1.0575 2.9625 0.602532 -0.177216 0.295738 0.938687 170 175 182
1.04541 2.9775 0.5775 -0.845232 0.524456 -0.102613 163 169 175
1.0575 2.9775 0.592844 -0.0672106 0.222301 0.972659 168 175 182
1.0575 2.99018 0.5775 -0.636146 0.760055 -0.132792 164 170 177
1.0575 2.9925 0.590758 -0.480027 0.413099 -0.773902 167 174 181
1.0575 2.9925 0.593457 -0.0396189 -0.032337 0.998691 168 174 182
1.0575 3.0075 0.585916 -0.0131077 -0.202925 -0.979107 166 172 179
1.0575 3.0075 0.594391 0.0220397 -0.0766162 0.996817 168 175 182
1.0575 3.0225 0.585479 -0.313793 0.0713497 -0.946807 165 172 180
1.0575 3.0225 0.595966 -0.0730153 -0.0175417 0.997177 167 175 182
1.0575 3.0375 0.588166 -0.197386 -0.112337 -0.973868 165 173 180
1.0575 3.0375 0.594828 -0.0524321 -0.117465 0.991692 167 175 182
1.0575 3.0525 0.58297 -0.0729307 -0.134923 -0.988168 164 172 180
1.0575 3.0525 0.598482 -0.0137283 -0.125879 0.991951 167 175 183
1.0575 3.0675 0.582567 -0.0624403 0.0863808 -0.994304 164 172 180
1.0575 3.0675 0.59929 -0.0509865 -0.0400237 0.997897 167 175 183
1.0575 3.0825 0.590418 0.0581225 0.292024 -0.954643 167 175 184
1.0575 3.0825 0.599945 -0.00778462 -0.0924064 0.995691 167 175 183
1.0575 3.0975 0.590778 0.341804 -0.279827 -0.897144 167 176 185
1.0575 3.0975 0.602649 -0.0546903 -0.022291 0.998255 167 177 184
1.05126 3.1125 0.5925 -0.732797 0.669342 0.122435 165 175 183
1.0575 3.1125 0.57807 0.0330985 0.294905 -0.954953 162 172 182
1.0575 3.1125 0.600978 0.0465288 0.522393 0.851434 168 178 186
1.0575 3.11937 0.5925 2.43422e-17 1 0 166 176 184
1.07107 2.8875 0.6075 -0.133844 -0.0421018 0.990108 171 176 179
1.0725 2.88943 0.6075 -0.1449 0.0954074 0.984836 171 176 179
1.0725 2.9025 0.60624 -0.0468842 0.0278906 0.998511 172 176 180
1.0725 2.8875 0.607691 -0.0479918 -0.0152173 0.998732 171 176 179
1.0725 2.9175 0.606904 0.0329358 -0.052385 0.998084 171 176 179
1.0725 2.93125 0.6075 0.0286487 -0.0430329 0.998663 171 176 180
1.0725 2.9325 0.607545 0.0361444 -0.137902 0.989786 171 176 181
1.06775 2.9475 0.6075 -0.481113 0.384013 0.788076 170 175 181
1.0725 2.9475 0.610444 0.0148141 0.00589523 0.999873 171 176 181
1.0725 2.9525 0.6075 -0.181336 0.499675 0.84702 170 176 181
1.0725 2.9625 0.601567 -0.0450739 0.349968 0.935677 169 175 182
1.0725 2.9775 0.594314 0.0152777 0.38092 0.924482 169 174 182
1.06333 2.9925 0.5775 -0.652591 0.704513 -0.278902 165 171 178
1.0725 2.9925 0.595324 0.00182994 -0.0494751 0.998774 168 174 182
1.0725 3.00246 0.5775 0.126074 0.985805 0.11088 165 171 179
1.0725 3.0075 0.589031 -0.0604704 0.0264027 -0.997821 168 174 182
1.0725 3.0075 0.594242 -0.0902675 -0.0150273 0.995804 169 175 183
1.0725 3.0225 0.581652 0.135773 -0.10879 -0.984749 164 172 179
1.0725 3.0225 0.594998 -0.0100765 -0.0710314 0.997423 168 175 183
1.0725 3.0375 0.580822 0.146764 0.0147163 -0.989062 164 171 179
1.0725 3.0375 0.597518 0.00382905 -0.102517 0.994724 168 175 182
1.0725 3.0525 0.581113 0.20965 -0.0529885 -0.97634 164 172 180
1.0725 3.0525 0.599068 -0.00933412 -0.126272 0.991952 168 175 183
1.0725 3.0675 0.581145 0.147353 -0.141874 -0.978856 164 172 180
1.0725 3.0675 0.600536 -0.0335337 -0.0656513 0.997279 167 175 183
1.0725 3.0825 0.580712 -0.354181 0.253134 -0.900266 164 172 181
1.0725 3.0825 0.600475 -0.0597196 -0.0118665 0.998145 167 176 184
1.0725 3.0975 0.590157 -0.208918 0.315779 -0.925547 167 176 184
1.0725 3.0975 0.601187 -0.0352666 0.200829 0.978991 167 177 184
1.0725 3.1043 0.5925 0.245678 0.968042 -0.0503671 165 175 183
1.06341 3.1125 0.5925 0.762611 0.62459 -0.168262 165 175 184
1.0725 3.12105 0.5925 0 -1 0 166 175 184
1.07991 2.9025 0.6075 -0.165446 0.123352 0.978474 171 176 179
1.0875 2.8875 0.607872 0.00321029 -0.029338 0.999564 171 176 179
1.0875 2.9025 0.608773 0.0031857 0.012987 0.999911 171 176 178
1.0875 2.90911 0.6075 -0.0410424 0.190584 0.980812 171 176 179
1.0875 2.9175 0.605863 -0.032751 -0.00206709 0.999461 171 176 179
1.07423 2.9325 0.6075 0.120064 -0.0993726 0.98778 171 176 180
1.0875 2.9325 0.607061 0.0125247 -0.0326534 0.999388 170 176 179
1.0864 2.9475 0.6075 0.209424 0.201242 0.956893 171 176 181
1.0875 2.9475 0.60717 0.00912526 0.212946 0.977021 171 176 180
1.0875 2.9625 0.602571 0.026002 0.460541 0.887258 169 175 182
1.0875 2.97645 0.5925 0.0582368 0.59053 0.804912 169 175 182
1.07981 2.9775 0.5925 0.191659 -0.0127791 0.981378 169 174 182
1.0875 2.9775 0.59188 0.00357412 0.0371379 0.999304 169 175 182
1.08488 2.9925 0.5925 0.548396 0.470678 0.691176 169 175 182
1.0875 2.9925 0.591864 -0.228701 0.288869 0.929651 169 175 182
1.0875 3.00346 0.5775 -0.394244 0.733943 0.553082 165 173 180
1.0875 2.99445 0.5925 0.676447 -0.736491 0 169 175 182
1.0875 3.0075 0.585822 0.0864048 -0.3061 -0.94807 167 174 181
1.0875 3.0075 0.596332 0.0845115 -0.147817 0.985397 169 175 183
1.0875 3.0225 0.584721 -0.064548 0.0363094 -0.997254 166 174 180
1.0875 3.0225 0.597408 -0.0758608 -0.00791469 0.997087 168 175 182
1.0875 3.0375 0.591633 -0.0453921 0.0873077 -0.995147 168 176 182
1.0875 3.0375 0.595691 -0.0263406 -0.0407175 0.998823 168 176 182
1.0875 3.0525 0.591362 0.071527 0.124428 -0.989647 167 175 182
1.0875 3.0525 0.597963 0.0532636 -0.12597 0.990603 167 176 182
1.0875 3.0675 0.591029 0.408662 -0.241583 -0.880132 167 176 183
1.0875 3.0675 0.59973 0.0459744 -0.122929 0.99135 167 176 183
1.0875 3.0825 0.579191 0.400322 -0.25749 -0.879455 164 173 181
1.0875 3.0825 0.602034 -0.0323601 -0.060471 0.997645 167 176 184
1.0875 3.0975 0.578623 -0.0256544 0.329923 -0.943659 163 173 182
1.0875 3.0975 0.601147 -0.0912755 -0.0108223 0.995767 167 177 185
1.08037 3.1125 0.5925 -0.706307 0.673024 0.219473 165 175 184
1.0875 3.1125 0.589979 -0.250849 0.395151 -0.883703 167 177 186
1.0875 3.1125 0.602152 -0.41518 0.342136 0.842952 168 177 185
1.0875 3.12003 0.5925 -0.67423 0.649164 -0.352137 166 176 185
1.09999 2.8875 0.6075 0.0542048 -0.0261509 0.998187 171 176 178
1.10244 2.9025 0.6075 0.0847889 0.0490159 0.995193 171 176 178
1.1025 2.8875 0.607419 -0.00113222 0.00019162 0.999999 171 176 178
1.1025 2.9025 0.607495 -0.0375443 0.0530153 0.997888 171 176 178
1.1025 2.90261 0.6075 0.0492845 -0.0420404 0.9979 171 176 178
1.09832 2.9175 0.6075 -0.15107 -0.0616776 0.986597 171 176 178
1.1025 2.9175 0.60816 -0.0742811 -0.0890461 0.993254 171 176 178
1.09028 2.9325 0.6075 -0.174266 -0.0248358 0.984385 171 176 179
1.1025 2.9325 0.609896 0.000356118 0.00233125 0.999997 171 176 179
1.09944 2.9475 0.6075 -0.106869 0.0724049 0.991633 171 176 181
1.1025 2.9475 0.607579 -0.0828786 0.0896413 0.99252 171 175 182
1.1025 2.94763 0.6075 -0.217355 0.378207 0.899842 171 175 182
1.1025 2.9625 0.601277 -0.130941 0.41888 0.898551 170 175 183
1.1025 2.977 0.5925 -0.145159 0.528402 0.836493 169 175 183
1.1025 2.9775 0.592247 -0.0458703 0.0330606 0.9984 169 175 183
1.1025 2.9925 0.591984 0.162706 0.119272 0.979439 169 176 184
1.09117 3.0075 0.5775 -0.640007 0.587361 0.495377 165 173 180
1.10121 3.0075 0.5925 0.677324 -0.735684 0 169 176 184
1.1025 3.0075 0.592142 -0.0484277 0.552106 0.832367 169 176 184
1.1025 3.01981 0.5775 0 0.765472 0.64347 166 174 181
1.1025 3.00881 0.5925 0.773459 -0.633846 0 169 176 184
1.1025 3.0225 0.584429 0.254943 -0.332441 -0.908013 167 175 182
1.1025 3.0225 0.596402 0.177312 -0.174782 0.96851 169 176 183
1.1025 3.0375 0.583463 -0.192088 -0.0440951 -0.980387 166 174 181
1.1025 3.0375 0.597642 -0.00606255 -0.0225601 0.999727 168 175 182
1.1025 3.0525 0.578906 -0.284514 0.25117 -0.925184 170 178 187
1.1025 3.0525 0.59768 -0.00794159 -0.0794255 0.996809 168 176 183
1.1025 3.0675 0.591138 -0.13106 0.247973 -0.959861 168 176 184
1.1025 3.0675 0.599496 -0.00219509 -0.14209 0.989851 168 176 184
1.1025 3.0825 0.590745 0.258362 -0.161806 -0.952401 167 176 184
1.1025 3.0825 0.601046 -0.00610409 -0.105271 0.994425 168 176 184
1.1025 3.0975 0.58964 0.358998 -0.0299405 -0.932858 167 176 185
1.1025 3.0975 0.603729 -0.0147216 -0.0754396 0.997042 168 177 185
1.1025 3.1125 0.590086 0.130563 0.154163 -0.979381 168 177 186
1.1025 3.1125 0.603759 -0.0914321 0.00419601 0.995802 168 177 186
1.10331 2.8875 0.6075 -0.0938129 0.00730531 0.995563 171 176 178
1.10253 2.9025 0.6075 -0.130651 0.0485715 0.990238 171 176 178
1.1175 2.8875 0.608831 -0.00743221 -0.0373906 0.999273 171 176 178
1.1175 2.9025 0.609789 -0.0429676 0.0468725 0.997976 170 176 178
1.1175 2.91282 0.6075 -0.137569 0.208877 0.968218 171 176 178
1.10827 2.9175 0.6075 0.131604 -0.0632999 0.989279 171 176 178
1.1175 2.9175 0.606553 -0.00884607 0.0105577 0.999905 171 176 178
1.11495 2.9325 0.6075 0.179107 -0.0764573 0.980854 171 176 180
1.1175 2.9325 0.607127 0.0394723 -0.0471153 0.998109 171 176 180
1.1175 2.93718 0.6075 -0.0188839 -0.0689236 0.997443 171 176 181
1.1175 2.9475 0.608134 -0.00758546 -0.0294202 0.999538 171 175 182
1.11496 2.9625 0.6075 -0.421825 0.420629 0.803203 171 175 182
1.1175 2.9625 0.609216 -0.0687958 0.077011 0.994654 171 175 182
1.10295 2.9775 0.5925 -0.503623 0.331254 0.797894 169 175 183
1.1175 2.96507 0.6075 -0.297451 0.42501 0.854921 171 176 182
1.1175 2.9775 0.601724 -0.243639 0.405503 0.881026 170 176 183
1.11171 2.9925 0.5925 -0.626744 0.255706 0.736075 169 176 184
1.1175 2.9925 0.5938 0.00985205 0.38491 0.922902 169 176 184
1.1175 3.00731 0.5775 -0.0575549 0.50493 0.861239 166 174 182
1.11692 3.0075 0.5775 0.541509 0.64989 0.533302 167 175 182
1.10555 3.0075 0.5925 -0.945335 0.24136 0.219288 169 176 183
1.1175 3.0075 0.581928 -0.00902328 0.880153 -0.474604 167 175 182
1.1175 3.0075 0.594369 0.0597013 0.0524996 0.996835 169 176 183
1.1175 3.01514 0.5925 -3.01112e-17 1 0 168 176 183
1.1135 3.0225 0.5925 0.690676 -0.601332 0.401705 168 176 183
1.1175 3.02685 0.5925 0.745991 -0.561953 -0.357361 168 176 183
1.1175 3.0375 0.581582 0.371986 -0.462918 -0.80457 167 175 182
1.1175 3.0375 0.596474 0.197645 -0.207232 0.958119 169 176 183
1.1175 3.0525 0.581667 -0.184437 0.156115 -0.970366 166 175 182
1.1175 3.0525 0.597666 -0.0160708 -0.0651456 0.997746 168 176 183
1.1175 3.0675 0.591021 -0.237035 0.418363 -0.876805 168 176 184
1.1175 3.0675 0.598857 0.0168418 -0.162274 0.986602 168 176 183
1.1175 3.0825 0.590928 -0.0194665 -0.0183965 -0.999641 168 177 185
1.1175 3.0825 0.603276 -0.0405631 -0.132859 0.990305 168 177 184
1.1175 3.0975 0.590472 0.0220828 -0.0384403 -0.999017 167 177 185
1.1175 3.0975 0.602033 -0.0988641 -0.0710462 0.992561 168 177 185
1.1175 3.1125 0.58947 0.0235415 0.0418378 -0.998847 167 177 186
1.1175 3.1125 0.604305 -0.105941 0.247665 0.963036 168 177 185
1.1175 3.12304 0.5925 0.303887 0.952533 -0.0182855 167 177 186
1.13249 2.8875 0.6075 0.0883054 -0.0643468 0.994013 166 172 172
1.1325 2.88752 0.6075 -0.141299 -0.0648428 0.987841 166 172 172
1.1325 2.8875 0.607499 0 3.46035e-19 1 166 172 172
1.1325 2.9025 0.608483 -0.0191463 -0.033196 0.999265 166 172 172
1.12531 2.9175 0.6075 -0.126949 0.111295 0.985646 168 174 175
1.1325 2.9175 0.608454 -0.0825946 0.0357811 0.995941 166 172 172
1.12617 2.9325 0.6075 -0.0812159 -0.0105757 0.99664 168 173 176
1.1325 2.9325 0.607832 -0.0902691 -0.0318622 0.995408 165 170 173
1.1325 2.9475 0.609028 -0.0532947 -0.0252058 0.998261 171 176 182
1.1325 2.9625 0.60924 -0.0136009 0.0682962 0.997572 170 176 182
1.1325 2.96598 0.6075 -0.00660357 0.425397 0.904983 170 176 183
1.1325 2.9775 0.60241 0.0500039 0.537941 0.841498 168 175 182
1.1325 2.98782 0.5925 0.128344 0.701095 0.701423 167 174 181
1.11874 2.9925 0.5925 0.723124 0.222398 0.653935 169 176 184
1.11911 3.0075 0.5925 0.969772 0.152474 0.190509 168 176 183
1.12069 3.0375 0.5925 0.77246 -0.619356 0.140368 168 176 183
1.1325 3.04775 0.5925 0.666804 -0.742201 -0.0671535 168 177 184
1.1325 3.0525 0.577817 0.585951 -0.333309 -0.738625 167 176 183
1.1325 3.0525 0.598587 0.297226 -0.290086 0.909674 169 177 184
1.1325 3.0675 0.577975 0.0189113 0.373146 -0.92758 167 177 184
1.1325 3.0675 0.599659 0.256703 -0.0991553 0.961391 169 177 185
1.1325 3.0825 0.590164 -0.0983209 0.254506 -0.96206 168 177 185
1.1325 3.0825 0.601426 0.357442 -0.182814 0.915868 168 177 184
1.1325 3.0975 0.589999 0.0732435 0.00550222 -0.997299 168 177 185
1.1325 3.0975 0.605598 0.377775 -0.106432 0.91976 168 177 185
1.1325 3.1125 0.590558 0.121803 -0.0284908 -0.992145 168 177 186
1.1325 3.1125 0.6073 0.429753 -0.00819079 0.90291 169 177 186
1.13251 2.8875 0.6075 -0.141818 0.00760064 0.989863 166 172 172
1.1475 2.8875 0.609648 -0.117213 -0.0118651 0.993036 167 173 173
1.1475 2.9025 0.60948 -0.101136 -0.0132907 0.994784 167 173 173
1.1475 2.9175 0.610269 -0.0973326 -0.01358 0.995159 167 172 173
1.1475 2.9325 0.609961 -0.123317 0.0105558 0.992311 168 173 177
1.1475 2.9475 0.610145 -0.0942773 0.0178211 0.995386 167 174 177
1.1475 2.9625 0.609223 -0.0509946 0.147243 0.987785 166 174 177
1.1475 2.96453 0.6075 0.0149184 0.458097 0.888777 166 174 177
1.1475 2.9775 0.601041 -0.12781 0.438334 0.889679 168 175 181
1.1475 2.98865 0.5925 -0.0544268 0.646406 0.76105 168 176 183
1.1377 3.0525 0.5925 0.919022 -0.324957 0.223164 169 177 184
1.14088 3.0675 0.5925 0.993543 -0.0979089 0.0573319 168 177 185
1.14157 3.0825 0.5925 0.997355 0.070379 0.0181727 168 178 186
1.14179 3.0975 0.5925 0.999533 0.00999089 -0.0288928 168 178 186
1.14017 3.1125 0.5925 0.999502 0.0315229 -0.00106711 168 177 186
1.1625 2.8875 0.611102 -0.0949632 -0.0189105 0.995301 169 175 175
1.1625 2.9025 0.611701 -0.114669 -0.00730489 0.993377 169 175 175
1.1625 2.9175 0.61146 -0.104039 -0.0088911 0.994533 169 174 177
1.1625 2.9325 0.611755 -0.103496 -0.00633536 0.99461 168 176 178
1.1625 2.9475 0.611668 -0.106659 0.0534401 0.992859 167 175 177
1.1625 2.9625 0.610338 -0.148706 0.160478 0.975773 168 176 179
1.1625 2.96653 0.6075 -0.175862 0.485363 0.856444 168 176 180
1.1625 2.9775 0.601644 -0.209538 0.259595 0.942711 169 177 184
1.15107 2.9925 0.5925 -0.538928 0.512324 0.668641 169 177 184
1.1625 2.9925 0.601682 -0.218389 0.409073 0.885983 170 178 185
1.1625 3.00437 0.5925 -0.277118 0.587834 0.760037 170 178 186
1.1775 2.8875 0.612448 -0.0810312 -0.0298561 0.996264 171 177 177
1.1775 2.9025 0.61308 -0.0874285 -0.0253805 0.995847 171 176 177
1.1775 2.9175 0.613194 -0.103499 -0.00272058 0.994626 170 178 180
1.1775 2.9325 0.6131 -0.113692 -0.0196335 0.993322 169 177 179
1.1775 2.9475 0.613565 -0.1527 0.0371947 0.987572 169 177 179
1.1775 2.9625 0.611372 -0.151786 0.101458 0.983192 170 178 182
1.17237 2.9775 0.6075 -0.496953 0.454882 0.738999 170 178 183
1.1775 2.9775 0.611362 -0.155113 0.262551 0.952369 170 179 183
1.1775 2.9829 0.6075 -0.273965 0.488642 0.828355 170 179 183
1.1775 2.9925 0.602243 -0.0888491 0.485178 0.869889 170 179 186
1.1775 3.00496 0.5925 -0.0276993 0.614402 0.788507 170 179 187
1.1925 2.8875 0.613758 -0.0770558 -0.0392824 0.996253 172 178 178
1.1925 2.9025 0.614315 -0.0829617 -0.0322372 0.996031 171 179 181
1.1925 2.9175 0.614519 -0.0990925 -0.0234065 0.994803 170 178 180
1.1925 2.9325 0.614967 -0.114388 -0.0303318 0.992973 171 179 181
1.1925 2.9475 0.615709 -0.123638 -0.0299692 0.991875 171 179 181
1.1925 2.9625 0.615862 -0.16944 0.148286 0.974321 171 179 181
1.1925 2.9775 0.612311 -0.104008 0.317958 0.942383 171 180 184
1.1925 2.98419 0.6075 -0.0391494 0.532617 0.84545 171 180 185
1.1925 2.9925 0.602695 -0.160431 0.462909 0.871766 171 180 187
1.1925 3.00568 0.5925 -0.0610412 0.612657 0.787988 171 181 189
1.1942 3.0075 0.5925 -0.535996 0.517444 0.667054 172 181 190
0.9825 2.6625 0.588869 -0.0964399 -0.0784797 0.99224 169 172 173
0.9825 2.6775 0.588741 -0.059714 -0.0620091 0.996288 170 172 175
0.9825 2.6925 0.590965 0.00229275 -0.111399 0.993773 170 173 176
0.9825 2.70159 0.5925 0.0151182 -0.161194 0.986807 171 174 176
0.978022 2.7075 0.5925 -0.203619 -0.135805 0.969586 171 174 176
0.9825 2.7075 0.59341 -0.0305753 -0.108826 0.99359 171 175 176
0.969694 2.7225 0.5925 -0.189037 -0.10285 0.976569 171 175 176
0.9825 2.7225 0.59482 -0.0666652 -0.0371023 0.997085 171 175 176
0.9825 2.7375 0.593421 -0.0729905 0.00210177 0.99733 171 175 177
0.9825 2.7525 0.59498 -0.00684528 -0.092553 0.995684 171 175 178
0.9825 2.7675 0.596467 0.0136254 -0.108267 0.994028 172 176 179
0.9825 2.7825 0.598315 -0.0687339 -0.0179059 0.997474 172 177 180
0.9825 2.7975 0.597151 -0.130515 -0.000996807 0.991446 172 177 180
0.9825 2.8125 0.597272 -0.0832608 -0.0222153 0.99628 172 177 182
0.9825 2.8275 0.598604 0.0580428 -0.140786 0.988337 173 178 183
0.9825 2.8425 0.601543 -0.00268244 -0.0872686 0.996181 174 178 183
0.971365 2.8575 0.6075 0.412998 -0.403842 0.816299 182 186 190
0.9825 2.8575 0.601241 0.116808 -0.287477 0.950638 175 179 184
0.9825 2.8693 0.6075 -0.00745147 -0.488638 0.872455 183 187 191
0.9825 2.8725 0.608821 -0.0670936 -0.0724252 0.995115 185 190 193
0.9975 2.6625 0.58878 0.0246485 -0.15065 0.98828 169 171 172
0.9975 2.6775 0.591455 -0.0532232 -0.0394858 0.997802 169 172 174
0.9975 2.6925 0.590328 -0.0627403 -0.0623215 0.996082 171 173 174
0.993882 2.7075 0.5925 0.0799074 -0.129709 0.988327 171 174 175
0.9975 2.7075 0.592202 0.0439629 -0.139275 0.989277 170 174 174
0.9975 2.71 0.5925 -0.139133 -0.120538 0.98291 171 174 175
0.9975 2.7225 0.594036 0.00955183 -0.0887495 0.996008 171 174 175
0.9975 2.7375 0.596039 -0.0596144 -0.0409793 0.99738 171 175 176
0.9975 2.7525 0.595561 -0.115929 -0.040202 0.992444 172 175 178
0.9975 2.7675 0.596323 -0.0726425 -0.0633563 0.995344 172 176 179
0.9975 2.7825 0.597887 -0.00805611 -0.0895828 0.995947 172 177 179
0.9975 2.7975 0.599127 -0.0388945 -0.0617771 0.997332 172 176 179
0.9975 2.8125 0.600727 -0.125062 -0.00685811 0.992125 172 177 181
0.9975 2.8275 0.598642 -0.129871 0.00249697 0.991528 173 177 181
0.9975 2.8425 0.599949 0.016772 -0.121503 0.992449 174 177 182
0.9975 2.8575 0.603107 0.0527973 -0.282965 0.957676 174 178 183
0.9975 2.86325 0.6075 0.138934 -0.551269 0.822678 178 182 187
0.9975 2.8725 0.612938 0.0352707 -0.209101 0.977258 185 190 193
1.0125 2.6625 0.588555 -0.0696304 -0.105779 0.991949 168 171 172
1.0125 2.6775 0.590786 -0.0522995 -0.0994796 0.993664 169 172 173
1.0125 2.68907 0.5925 0.0450554 -0.145901 0.988273 170 172 173
1.00969 2.6925 0.5925 -0.173687 -0.133384 0.975726 170 173 174
1.0125 2.6925 0.592991 -0.0430186 -0.143294 0.988745 170 173 174
0.999059 2.7075 0.5925 -0.182524 -0.129256 0.974668 170 174 174
1.0125 2.7075 0.595135 -0.0642727 -0.060933 0.99607 170 174 174
1.0125 2.7225 0.593954 -0.085627 -0.0336843 0.995758 171 174 175
1.0125 2.7375 0.595507 -0.0365577 -0.0951277 0.994794 171 174 175
1.0125 2.7525 0.597553 -0.0279477 -0.089328 0.99561 171 175 176
1.0125 2.7675 0.599072 -0.0964114 -0.0544608 0.993851 172 175 177
1.0125 2.7825 0.598663 -0.12018 -0.0364458 0.992083 172 176 178
1.0125 2.7975 0.599302 -0.0698806 -0.0331359 0.997005 172 176 178
1.0125 2.8125 0.600362 0.0106793 -0.0879617 0.996067 173 176 179
1.0125 2.8275 0.601832 -0.0744663 -0.025758 0.996891 173 176 180
1.0125 2.8425 0.601828 -0.137394 -0.00677181 0.990493 174 177 182
1.0125 2.8575 0.600978 -0.0412817 -0.0989885 0.994232 172 177 182
1.00799 2.8725 0.6075 0.455359 -0.137628 0.879606 176 182 185
1.0125 2.8725 0.60453 0.14136 -0.215538 0.966209 173 178 182
1.0275 2.6625 0.59066 -0.0324593 -0.157711 0.986952 169 171 172
1.0275 2.67155 0.5925 0.0300583 -0.186285 0.982036 169 172 173
1.02193 2.6775 0.5925 -0.182015 -0.0336935 0.982718 170 172 173
1.0275 2.6775 0.593495 0 0 1 170 172 173
1.0275 2.68583 0.5925 0.0303721 0.120186 0.992287 169 172 173
1.01828 2.6925 0.5925 0.0850206 -0.160034 0.983443 170 172 173
1.0275 2.6925 0.591688 -0.0253351 -0.0307456 0.999206 169 172 173
1.0275 2.69731 0.5925 -0.0752655 -0.163615 0.983649 169 172 173
1.0275 2.7075 0.594196 -0.038219 -0.116445 0.992462 169 173 173
1.0275 2.7225 0.596078 -0.0419493 -0.0907121 0.994993 170 174 174
1.0275 2.7375 0.597872 -0.113423 -0.0642194 0.991469 170 174 175
1.0275 2.7525 0.597277 -0.0933969 -0.037256 0.994932 171 173 175
1.0275 2.7675 0.5987 -0.00110615 -0.0908037 0.995868 171 174 176
1.0275 2.7825 0.600649 -0.0121343 -0.0855229 0.996262 172 175 177
1.0275 2.7975 0.601931 -0.0974112 -0.0171958 0.995096 171 175 177
1.0275 2.8125 0.600285 -0.113075 -0.0138655 0.99349 173 176 179
1.0275 2.8275 0.601575 -0.0438221 -0.0666629 0.996813 173 176 180
1.0275 2.8425 0.603052 -0.0242365 -0.0705906 0.997211 172 176 181
1.0275 2.8575 0.604068 -0.0926656 -0.0289142 0.995277 172 176 181
1.0275 2.8725 0.604467 -0.0403594 -0.0842305 0.995629 173 177 182
1.0425 2.6625 0.589654 -0.0239993 -0.132616 0.990877 169 172 172
1.03681 2.6775 0.5925 0.107697 0 0.994184 170 172 173
1.0425 2.6775 0.59187 -0.00209154 -0.109099 0.994029 170 172 173
1.0425 2.68115 0.5925 0.00109598 -0.163573 0.986531 169 172 173
1.03195 2.6925 0.5925 -0.173861 -0.161581 0.971424 169 172 173
1.0425 2.6925 0.594354 -0.0174776 -0.157247 0.987405 169 172 173
1.0425 2.7075 0.596583 -0.0393565 -0.080343 0.99599 170 172 173
1.0425 2.7225 0.59616 -0.0726386 -0.0801305 0.994134 170 173 174
1.0425 2.7375 0.598194 -0.0286707 -0.100716 0.994502 170 173 175
1.0425 2.7525 0.600074 -0.0538511 -0.0445152 0.997556 171 174 175
1.0425 2.7675 0.599742 -0.104805 -0.0282513 0.994091 171 173 175
1.0425 2.7825 0.599685 -0.0717386 -0.0627799 0.995446 171 174 176
1.0425 2.7975 0.601356 -0.0194422 -0.0929708 0.995479 172 175 177
1.0425 2.8125 0.603001 -0.072462 -0.0497772 0.996128 172 175 178
1.0425 2.8275 0.603911 -0.130725 -0.0297385 0.990973 172 176 179
1.0425 2.8425 0.602927 -0.118598 -0.0305449 0.992472 172 176 180
1.0425 2.8575 0.604315 -0.0517361 -0.0347067 0.998058 171 175 180
1.0425 2.8725 0.604949 -0.00867168 -0.0423028 0.999067 172 176 181
1.0575 2.6625 0.591181 0.142883 -0.225598 0.963686 169 171 171
1.0575 2.66683 0.5925 0.179389 -0.206694 0.96182 169 172 172
1.04631 2.6775 0.5925 -0.176444 -0.0422926 0.983402 169 172 173
1.0575 2.6775 0.594358 -8.5722e-18 0 1 169 172 172
1.0575 2.69232 0.5925 0 0.124792 0.992183 169 172 172
1.05733 2.6925 0.5925 0.122706 -0.16374 0.978842 169 172 172
1.0575 2.6925 0.592472 0.186668 -0.0671281 0.980127 169 172 172
1.0575 2.69265 0.5925 0.183045 -0.163364 0.969436 169 172 172
1.0575 2.7075 0.595026 0.117905 -0.183141 0.975991 169 172 172
1.0575 2.7225 0.597464 -0.000463168 -0.122497 0.992469 169 173 173
1.0575 2.7375 0.599613 -0.0681722 -0.0821052 0.994289 170 173 175
1.0575 2.7525 0.599105 -0.0642672 -0.049403 0.996709 171 173 175
1.0575 2.7675 0.600621 -0.0377528 -0.0735 0.99658 171 174 176
1.0575 2.7825 0.602533 -0.0729893 -0.0692766 0.994924 171 173 175
1.0575 2.7975 0.603031 -0.104123 -0.0589437 0.992816 171 174 177
1.0575 2.8125 0.603522 -0.0957629 -0.066719 0.993166 172 175 178
1.0575 2.8275 0.604557 -0.0540613 -0.045808 0.997486 171 175 179
1.0575 2.8425 0.606117 -0.0397169 -0.0458288 0.998159 171 175 179
1.0575 2.8575 0.606602 -0.091825 0.0059733 0.995757 171 176 179
1.0575 2.8725 0.604671 -0.0790545 0.0167423 0.99673 171 175 180
1.0725 2.6625 0.584988 0.131473 -0.143602 0.980863 164 166 163
1.06181 2.6775 0.5925 0.410195 0.00100843 0.911997 168 170 169
1.0725 2.6775 0.587615 0.185572 -0.137838 0.972915 164 166 163
1.0725 2.6925 0.590238 0.0806666 -0.150262 0.98535 164 166 163
1.07072 2.7075 0.5925 0.180553 -0.236493 0.95471 165 168 165
1.0725 2.7075 0.59219 0.0597897 -0.143322 0.987868 165 167 164
1.0725 2.70846 0.5925 -0.0177464 -0.310776 0.950318 165 167 165
1.0725 2.7225 0.597058 0.071839 -0.203106 0.976518 170 173 174
1.0725 2.7375 0.599416 0.0740118 -0.131119 0.9886 170 173 175
1.0725 2.7525 0.60153 0.029347 -0.0730122 0.996899 171 173 175
1.0725 2.7675 0.602094 -0.0252823 -0.0536796 0.998238 171 173 175
1.0725 2.7825 0.602207 -0.0215736 -0.079239 0.996622 171 174 176
1.0725 2.7975 0.603711 -0.0174892 -0.0774365 0.996844 171 174 177
1.0725 2.8125 0.605404 -0.0201593 -0.0879591 0.99592 171 174 177
1.0725 2.8275 0.606754 -0.080019 -0.0150967 0.996679 171 175 179
1.0725 2.8425 0.604788 -0.0648643 0.00423295 0.997885 171 175 179
1.0725 2.8575 0.605815 -0.041545 -0.0484819 0.99796 171 175 179
1.0725 2.8725 0.60678 -0.0773309 -0.0298004 0.99656 171 175 179
1.0725 2.88451 0.6075 -0.0555472 -0.060529 0.99662 171 176 179
1.0875 2.6625 0.585232 -0.138146 0.000173171 0.990412 165 167 164
1.0875 2.6775 0.587984 -0.00448337 -0.168823 0.985636 165 167 164
1.0875 2.6925 0.590016 -0.0181764 -0.154349 0.987849 165 167 164
1.0875 2.70607 0.5925 -0.0202287 -0.162913 0.986433 165 167 166
1.08097 2.7075 0.5925 -0.0378842 -0.191034 0.980852 165 167 165
1.0875 2.7075 0.592813 0.0266621 -0.205707 0.97825 165 167 166
1.0875 2.7225 0.595535 0.0666732 -0.159767 0.984901 166 168 168
1.0875 2.7375 0.59786 0.0750054 -0.109005 0.991207 167 169 169
1.0875 2.7525 0.598704 0.0941589 -0.100558 0.990466 167 169 170
1.0875 2.7675 0.600445 0.0741227 -0.115239 0.990568 168 170 171
1.0875 2.7825 0.602414 0.0109646 -0.10937 0.993941 169 172 173
1.0875 2.7975 0.604425 -0.037022 -0.0846099 0.995726 170 174 176
1.0875 2.8125 0.604523 -0.0336279 -0.0616313 0.997532 170 174 177
1.0875 2.8275 0.605895 -0.00912691 -0.0596804 0.998176 171 175 179
1.0875 2.8425 0.607457 -0.0236126 -0.0504289 0.998448 170 175 177
1.0875 2.84302 0.6075 0.0377386 -0.0809138 0.996006 171 175 178
1.08136 2.8575 0.6075 -0.184519 -0.00200534 0.982827 171 175 178
1.0875 2.8575 0.608629 -0.004782 -0.00306037 0.999984 171 175 178
1.0874 2.8725 0.6075 -0.0975782 -0.0127189 0.995147 171 176 178
1.0875 2.8725 0.607505 -0.0159533 0.00417924 0.999864 171 176 178
1.1025 2.6625 0.591107 -0.197474 0.0481259 0.979126 165 167 164
1.1025 2.6775 0.587396 -0.148118 -0.0021255 0.988967 165 167 164
1.1025 2.6925 0.590618 0.0071548 -0.167993 0.985762 166 168 167
1.1025 2.70641 0.5925 0.00210631 -0.158633 0.987335 166 168 167
1.1025 2.7075 0.592636 -0.0242568 -0.156099 0.987444 166 168 167
1.1025 2.7225 0.594941 -0.00555637 -0.144335 0.989513 165 167 166
1.1025 2.7375 0.597015 0.00757433 -0.117587 0.993034 165 167 166
1.1025 2.7525 0.598217 -0.0028758 -0.0899659 0.995941 166 168 167
1.1025 2.7675 0.60007 0.0179259 -0.129821 0.991375 166 168 167
1.1025 2.7825 0.602554 0.0422915 -0.124557 0.991311 168 171 172
1.1025 2.7975 0.604386 0.0747809 -0.116489 0.990373 169 173 174
1.1025 2.8125 0.606312 0.0197161 -0.101458 0.994644 170 174 177
1.1025 2.82035 0.6075 0.124932 -0.127922 0.983884 170 174 177
1.09774 2.8275 0.6075 -0.164139 -0.0613377 0.984528 170 174 177
1.1025 2.8275 0.608264 4.57278e-18 0 1 170 175 177
1.1025 2.83157 0.6075 -0.0849759 0.186966 0.978684 170 175 177
1.1025 2.8425 0.605389 0.058056 -0.00539106 0.998299 170 174 176
1.09678 2.8575 0.6075 0.127471 -0.0720599 0.989221 171 175 178
1.1025 2.8575 0.606699 0.0855938 -0.0807918 0.993049 171 175 178
1.1025 2.86937 0.6075 0.0334522 -0.0879381 0.995564 171 175 178
1.1025 2.8725 0.607717 -0.00490025 -0.00629422 0.999968 171 175 178
1.1025 2.88329 0.6075 0.0235274 0.0195275 0.999532 171 176 178
1.1175 2.6625 0.591409 -0.0765593 -0.0803607 0.993821 166 168 165
1.1175 2.67019 0.5925 -0.0449938 -0.150345 0.987609 166 168 165
1.11515 2.6775 0.5925 -0.37558 -0.0530661 0.925269 166 168 165
1.1175 2.6775 0.59345 -0.0682125 0.074277 0.994902 166 168 165
1.1175 2.68153 0.5925 -0.209142 0.217693 0.953346 166 168 166
1.1175 2.6925 0.590024 -0.0557868 -0.0371779 0.99775 166 168 167
1.1175 2.70426 0.5925 -0.0181971 -0.196399 0.980355 167 169 168
1.1175 2.7075 0.59322 -0.0118613 -0.172073 0.985013 167 169 168
1.1175 2.7225 0.595707 -0.0324482 -0.142349 0.989285 166 168 167
1.1175 2.7375 0.597355 -0.0354116 -0.112374 0.993035 167 169 168
1.1175 2.7525 0.599135 -0.0348569 -0.0946023 0.994905 167 169 168
1.1175 2.7675 0.600311 -0.0343048 -0.0940543 0.994976 166 169 168
1.1175 2.7825 0.601681 -0.0137412 -0.0885548 0.995977 166 170 169
1.1175 2.7975 0.602388 0.0134884 -0.0667282 0.99768 164 168 167
1.1175 2.8125 0.603449 0.0588482 -0.090947 0.994115 165 169 168
1.10599 2.8275 0.6075 0.212982 0.0926992 0.972649 169 173 175
1.1175 2.8275 0.604991 0.0860307 -0.0428604 0.99537 164 168 169
1.1175 2.8425 0.605492 -0.0717558 -0.0499424 0.996171 164 168 169
1.1175 2.8575 0.606155 -0.0197854 -0.0758014 0.996927 164 168 169
1.1175 2.86939 0.6075 -0.0526837 -0.116523 0.99179 169 174 176
1.1175 2.8725 0.607903 -0.000214333 -0.0511804 0.998689 171 176 178
1.1325 2.6625 0.591398 0.0348147 -0.192995 0.980582 168 168 166
1.1325 2.66881 0.5925 0.00179767 -0.200812 0.979628 168 168 167
1.1325 2.6775 0.593962 -0.115848 -0.0357939 0.992622 167 169 168
1.1325 2.68397 0.5925 -0.084966 0.223599 0.970971 167 169 168
1.1325 2.6925 0.590486 -0.0880013 -0.0650529 0.993994 167 169 168
1.1325 2.70404 0.5925 -0.211517 -0.166656 0.963061 168 170 169
1.1325 2.7075 0.59311 -0.0151429 -0.0744638 0.997109 168 170 169
1.1325 2.7225 0.595744 0.0185225 -0.167154 0.985757 168 170 169
1.1325 2.7375 0.598118 -0.0162157 -0.120818 0.992542 168 170 169
1.1325 2.7525 0.599373 -0.0332858 -0.0982599 0.994604 168 170 169
1.1325 2.7675 0.600814 -0.0390862 -0.096318 0.994583 168 170 169
1.1325 2.7825 0.602378 -0.043191 -0.0925605 0.99477 166 170 169
1.1325 2.7975 0.603742 -0.0615933 -0.0660897 0.995911 167 171 170
1.1325 2.8125 0.604394 -0.0730045 -0.0631147 0.995333 166 170 171
1.1325 2.8275 0.605497 -0.0719338 -0.0963121 0.992748 165 169 170
1.1325 2.84054 0.6075 -0.0416431 -0.113036 0.992718 166 170 171
1.13054 2.8425 0.6075 -0.150623 -0.0746276 0.98577 166 170 171
1.1325 2.8425 0.60777 -0.0540135 -0.0483136 0.997371 166 170 171
1.13074 2.8575 0.6075 -0.119968 -0.0454789 0.991736 165 169 170
1.1325 2.8575 0.60771 -0.0816258 -0.0106106 0.996607 165 169 170
1.1325 2.8725 0.607615 -0.0467045 -0.00631735 0.998889 165 171 171
1.1325 2.88731 0.6075 0.0883611 0.00773945 0.996058 166 172 172
1.1475 2.6625 0.590416 0.0153005 -0.208753 0.977849 169 169 169
1.1475 2.66964 0.5925 0.0267557 -0.22899 0.973061 169 169 169
1.1475 2.6775 0.594514 0.0164748 -0.204043 0.978823 169 169 169
1.13699 2.6925 0.5925 -0.398359 0.0504383 0.915842 167 169 168
1.1475 2.6925 0.597031 -0.171804 0.00242361 0.985128 168 170 169
1.1475 2.7075 0.593287 -0.215283 0.0694774 0.974077 168 170 169
1.1475 2.7225 0.595064 -0.0628101 -0.126671 0.989954 169 171 170
1.1475 2.7375 0.597822 0.00413659 -0.152973 0.988222 169 171 170
1.1475 2.7525 0.599872 -0.0203385 -0.120977 0.992447 170 172 171
1.1475 2.7675 0.60159 -0.04537 -0.104446 0.993495 168 171 170
1.1475 2.7825 0.60312 -0.0527878 -0.0943612 0.994138 168 172 171
1.1475 2.7975 0.604269 -0.0639317 -0.0871463 0.994142 168 172 173
1.1475 2.8125 0.605502 -0.08097 -0.0714564 0.994152 168 172 173
1.1475 2.8275 0.606638 -0.0768124 -0.0854156 0.99338 168 172 173
1.1475 2.83971 0.6075 -0.0568846 -0.070993 0.995853 169 173 174
1.1475 2.8425 0.607707 -0.048708 -0.078684 0.995709 169 173 174
1.1475 2.8575 0.609212 -0.0661472 -0.054957 0.996295 167 173 173
1.1475 2.8725 0.609586 -0.111632 -0.00756297 0.993721 167 173 173
1.1625 2.6475 0.590937 -0.204048 0.00956755 0.978914 170 170 168
1.1625 2.6625 0.59079 -0.0535055 -0.136763 0.989158 170 170 170
1.1625 2.67273 0.5925 -0.00586802 -0.189644 0.981835 170 170 170
1.1625 2.6775 0.593184 0.027484 -0.201579 0.979087 170 170 170
1.1625 2.6925 0.597129 0.042963 -0.206132 0.977581 169 170 170
1.1625 2.7075 0.599758 -0.175006 -0.0184591 0.984394 170 172 171
1.1625 2.7225 0.598343 -0.268123 0.0148813 0.96327 170 172 171
1.1625 2.7375 0.598156 -0.141027 -0.0508647 0.988698 171 173 172
1.1625 2.7525 0.600099 -0.0325615 -0.142031 0.989327 170 172 171
1.1625 2.7675 0.602279 -0.0499205 -0.11583 0.992014 169 173 172
1.1625 2.7825 0.603802 -0.0479512 -0.100321 0.993799 169 173 172
1.1625 2.7975 0.605423 -0.0535425 -0.10479 0.993052 170 174 173
1.1625 2.8125 0.607185 -0.0804606 -0.0962484 0.9921 169 173 174
1.1625 2.81646 0.6075 -0.0596438 -0.0727961 0.995562 169 173 174
1.15537 2.8275 0.6075 -0.10973 -0.0714768 0.991388 169 173 174
1.1625 2.8275 0.608285 -0.0735027 -0.0605316 0.995456 169 173 174
1.1625 2.8425 0.608875 -0.0757733 -0.0602336 0.995304 170 176 176
1.1625 2.8575 0.609927 -0.0651064 -0.0764985 0.994942 170 176 176
1.1625 2.8725 0.611192 -0.0755021 -0.0355069 0.996513 169 175 175
1.16938 2.6475 0.5925 -0.162099 0.217443 0.962519 170 170 169
1.1775 2.65355 0.5925 -0.162099 0.217443 0.962519 171 171 171
1.1775 2.6475 0.593867 -0.162099 0.217443 0.962519 171 171 171
1.1775 2.67046 0.5925 -0.187553 -0.248172 0.950387 171 171 171
1.1775 2.6625 0.59048 -0.00510167 -0.200892 0.9796 172 172 172
1.1775 2.6775 0.594385 -0.0351955 -0.0974688 0.994616 171 171 171
1.1775 2.6925 0.595962 0.000371535 -0.183604 0.983 172 172 172
1.1775 2.7075 0.599272 0.0197079 -0.195357 0.980534 171 172 172
1.1775 2.7225 0.602276 -0.0854854 -0.0595488 0.994558 171 173 172
1.1775 2.7375 0.602313 -0.149069 0.0593167 0.987046 172 174 173
1.1775 2.7525 0.600675 -0.0618331 -0.0690262 0.995697 171 174 173
1.1775 2.7675 0.6033 -0.0313385 -0.133568 0.990544 170 174 173
1.1775 2.7825 0.604683 -0.0531462 -0.0969425 0.99387 171 175 174
1.1775 2.7975 0.60595 -0.0520385 -0.104098 0.993205 171 175 174
1.1775 2.81061 0.6075 -0.0524517 -0.101952 0.993406 170 174 173
1.17111 2.8125 0.6075 -0.0357371 -0.109574 0.993336 170 174 173
1.1775 2.8125 0.607726 -0.0365374 -0.0924521 0.995047 170 174 173
1.1775 2.8275 0.609354 -0.04462 -0.0802756 0.995774 168 174 172
1.1775 2.8425 0.609932 -0.0748739 -0.0637071 0.995156 171 177 177
1.1775 2.8575 0.611187 -0.0814925 -0.0619196 0.994749 170 176 176
1.1775 2.8725 0.611965 -0.0692076 -0.0499638 0.99635 170 176 176
1.18273 2.6625 0.5925 -0.351241 -0.230978 0.907347 172 172 172
1.1925 2.6625 0.596281 -0.132318 -0.00588157 0.99119 173 173 173
1.1925 2.6775 0.593238 -0.0348578 0.0135583 0.9993 172 172 172
1.1925 2.6925 0.596401 0.0390771 -0.197664 0.979491 172 172 172
1.1925 2.7075 0.599492 -0.000840304 -0.19675 0.980453 172 174 173
1.1925 2.7225 0.602166 -0.0282418 -0.140713 0.989647 172 174 173
1.1925 2.7375 0.602889 -0.133331 0.00697042 0.991047 172 174 173
1.1925 2.7525 0.600869 -0.14522 0.0592084 0.987626 172 175 174
1.1925 2.7675 0.603191 0.00199612 -0.153991 0.98807 172 176 175
1.1925 2.7825 0.60513 -0.0255776 -0.121354 0.99228 172 176 175
1.1925 2.7975 0.607086 -0.0496069 -0.112599 0.992401 172 176 175
1.1925 2.8027 0.6075 -0.0392051 -0.0797168 0.996046 172 176 175
1.1925 2.8125 0.608288 -0.0505961 -0.0789051 0.995597 171 177 175
1.1925 2.8275 0.609409 -0.0310003 -0.0994522 0.994559 171 177 175
1.1925 2.8425 0.611044 -0.049626 -0.0883601 0.994852 171 177 177
1.1925 2.8575 0.612551 -0.0650677 -0.0696515 0.995447 171 177 177
1.1925 2.8725 0.613033 -0.0746675 -0.0438304 0.996245 172 178 178
1.2075 2.6775 0.599062 -0.350713 0.246753 0.90339 174 174 174
1.20381 2.7975 0.6075 -0.0365142 -0.114996 0.992695 173 178 177
0.733304 3.0225 0.5025 0.476021 -0.408006 0.779061 161 162 167
0.7425 3.0075 0.499591 0.167994 0.0174643 0.985633 160 163 168
0.7425 3.0225 0.498133 0.227413 -0.15239 0.961801 161 162 167
0.742375 3.0225 0.5775 0.366204 -0.513893 0.775763 186 195 203
0.7425 3.03268 0.5025 0.480447 -0.46974 0.740618 162 164 170
0.728802 3.0375 0.5175 0.590902 -0.527347 0.610524 161 168 174
0.7425 3.0375 0.506465 0.521687 -0.496399 0.693852 162 165 173
0.7425 3.02259 0.5775 0.472946 -0.687024 -0.551652 187 196 203
0.7425 3.0375 0.575055 0.147045 -0.109496 -0.983051 189 198 207
0.7425 3.0375 0.582248 0.216027 -0.22771 0.949463 186 195 203
0.742261 3.0525 0.5175 0.614452 -0.558574 0.557175 161 168 176
0.7425 3.0525 0.517261 0.541728 -0.471367 0.695948 161 168 176
0.72862 3.0525 0.5325 0.621027 -0.559104 0.549298 170 180 189
0.7425 3.0525 0.575125 0.205942 -0.142128 -0.968188 187 196 205
0.7425 3.0525 0.584047 0.295615 -0.260321 0.919154 184 192 198
0.735177 3.0525 0.6075 0.396871 -0.671577 0.625682 168 170 170
0.7425 3.05287 0.5175 0.654461 -0.516721 0.551979 161 168 176
0.7425 3.06746 0.5325 0.650772 -0.575509 0.495263 182 190 203
0.733857 3.0675 0.5475 0.726562 -0.597186 0.339819 202 211 225
0.7425 3.0675 0.532558 0.696812 -0.593053 0.403412 182 190 203
0.727684 3.0675 0.5625 0.647535 -0.558814 -0.518098 203 211 222
0.7425 3.0675 0.569585 0.324125 -0.332038 -0.88583 192 201 211
0.7425 3.06556 0.5925 0.406014 -0.749395 0.523029 161 167 169
0.7425 3.05683 0.6075 0.519155 -0.832126 -0.195051 169 171 172
0.7425 3.0675 0.611667 0.221099 -0.279786 0.934256 170 171 172
0.7425 3.07885 0.5475 0.717518 -0.572867 0.396222 198 210 225
0.739095 3.0825 0.5625 0.774158 -0.601937 -0.195836 201 210 223
0.7425 3.0825 0.554254 0.717481 -0.628075 0.301236 199 209 225
0.7425 3.0825 0.564258 0.356816 -0.358601 -0.862605 197 206 220
0.7425 3.0825 0.614435 0.203519 -0.230334 0.951592 169 168 167
0.7425 3.08561 0.5625 0.688699 -0.715687 0.116127 195 204 216
0.730086 3.0975 0.6225 0.35797 -0.366617 0.858749 157 156 153
0.7425 3.0975 0.618371 0.212921 -0.290562 0.932866 168 166 165
0.7425 3.10926 0.6225 0.237304 -0.361052 0.901847 166 165 163
0.7425 3.1125 0.624639 0.23849 -0.373841 0.896306 164 163 160
0.7575 2.89907 0.5775 -0.274203 0.598266 0.752922 169 176 181
0.7575 3.0075 0.493707 0.372144 -0.0898222 0.923818 160 163 170
0.7575 3.0225 0.495825 0.304275 -0.13414 0.943093 160 163 170
0.749017 3.0375 0.5025 0.451866 -0.448778 0.770984 162 165 172
0.7575 3.0375 0.498233 0.305634 -0.259677 0.916054 161 164 171
0.7575 3.03142 0.5775 0.224093 -0.352444 -0.908606 188 196 205
0.7575 3.0375 0.57693 0.108417 0.00170293 -0.994104 188 197 206
0.7575 3.0375 0.578754 0.226605 -0.0935269 0.969486 188 197 206
0.7575 3.04742 0.5025 0.446114 -0.396509 0.802349 162 165 174
0.7575 3.0525 0.505806 0.520361 -0.458193 0.720614 162 166 175
0.7575 3.05215 0.5775 0.484002 0.163746 0.85961 185 195 204
0.757366 3.0525 0.5775 0.17343 0.0382603 -0.984103 185 194 204
0.754096 3.0675 0.5175 0.66146 -0.518133 0.542225 167 174 184
0.7575 3.0675 0.514705 0.576949 -0.415187 0.703384 166 173 183
0.742544 3.0675 0.5325 0.700144 -0.544283 0.46212 182 190 203
0.7575 3.05257 0.5775 0.466149 -0.80095 0.375744 185 195 204
0.7575 3.0675 0.5736 0.193602 -0.240055 -0.951258 190 200 208
0.745361 3.0675 0.5925 0.768371 -0.638318 -0.0464326 161 166 169
0.7575 3.0675 0.588064 0.323863 -0.356755 0.876264 178 186 190
0.755489 3.0675 0.6075 0.727656 -0.679208 0.0958763 170 173 175
0.7575 3.07127 0.5175 0.618854 -0.473446 0.626792 167 174 185
0.753947 3.0825 0.5325 0.694538 -0.56796 0.441632 193 202 217
0.7575 3.0825 0.527742 0.649759 -0.553188 0.521341 184 192 207
0.745826 3.0825 0.5475 0.702292 -0.599657 0.383662 198 210 225
0.7575 3.0825 0.570064 0.27407 -0.311488 -0.909868 189 198 208
0.754306 3.0825 0.5925 0.779281 -0.500103 -0.377649 162 166 167
0.7575 3.0825 0.590451 0.469258 -0.204417 0.859076 164 169 170
0.7575 3.069 0.6075 0.46711 -0.864614 0.185071 170 174 175
0.7575 3.0825 0.59671 0.369963 -0.529063 -0.763688 164 169 169
0.7575 3.0825 0.611804 0.17638 -0.25477 0.95078 170 173 172
0.7575 3.08602 0.5325 0.652779 -0.613543 0.444348 195 204 219
0.7575 3.09528 0.5475 0.684409 -0.646912 0.336289 199 210 224
0.755504 3.0975 0.5625 0.683436 -0.701375 -0.202456 200 209 218
0.7575 3.0975 0.554394 0.697379 -0.689007 0.197312 201 212 224
0.7575 3.0975 0.563426 0.597787 -0.222873 -0.770051 201 211 220
0.7575 3.088 0.5925 0.687387 -0.726292 9.92248e-17 162 167 166
0.7575 3.0975 0.616193 0.1614 -0.310733 0.936694 170 171 170
0.7575 3.10044 0.5625 0.822263 -0.561122 0.0949986 194 203 211
0.750564 3.1125 0.6225 0.196809 -0.376828 0.905133 168 167 165
0.7575 3.1125 0.621555 0.142227 -0.284084 0.948192 169 169 168
0.7575 3.11569 0.6225 0.265127 -0.332804 0.904958 169 169 167
0.7725 2.89949 0.5775 -0.0133024 0.620882 0.783791 170 176 181
0.7725 3.0075 0.488574 0.323708 -0.00876673 0.946116 161 164 171
0.7725 3.0225 0.488713 0.383972 -0.198035 0.901858 161 164 171
0.7725 3.0375 0.493919 0.334738 -0.233711 0.912869 161 164 171
0.769954 3.0375 0.5775 1 0 0 189 197 208
0.762714 3.0525 0.5025 0.544661 -0.35151 0.761436 162 166 174
0.7725 3.0525 0.497017 0.364828 -0.242317 0.89899 162 165 172
0.77082 3.0675 0.5025 0.620688 -0.355916 0.69862 163 167 176
0.7725 3.0675 0.501378 0.425518 -0.269751 0.863811 163 167 176
0.7725 3.0608 0.5775 0.387935 -0.622696 -0.679527 186 196 205
0.7725 3.0675 0.5761 0.151977 -0.173774 -0.972988 187 197 207
0.7725 3.0675 0.582164 0.333752 -0.392447 0.857085 185 194 202
0.7725 3.06957 0.5025 0.580637 -0.454126 0.675744 163 167 176
0.765802 3.0825 0.5175 0.63332 -0.513378 0.579093 167 175 188
0.7725 3.0825 0.511338 0.582006 -0.480339 0.656158 166 173 185
0.7725 3.0825 0.573545 0.359455 -0.0135336 -0.933064 191 200 209
0.7725 3.0825 0.585823 0.303664 0.180928 0.935443 172 180 185
0.7725 3.07448 0.6075 0.418053 -0.777394 -0.46999 172 176 178
0.7725 3.0825 0.602875 0.374615 -0.472043 -0.798022 169 173 175
0.7725 3.0825 0.610052 0.160958 -0.246725 0.955625 173 175 176
0.7725 3.08977 0.5175 0.594698 -0.567628 0.569326 169 177 190
0.768215 3.0975 0.5325 0.707312 -0.581278 0.402275 204 213 228
0.7725 3.0975 0.526282 0.653827 -0.543303 0.526624 190 198 213
0.75934 3.0975 0.5475 0.743208 -0.58755 0.320042 198 210 224
0.7725 3.08757 0.5775 0.839353 0.489163 0.237078 177 186 191
0.76581 3.0975 0.5775 0.932354 0.1766 -0.31548 159 166 169
0.770155 3.0975 0.5925 0.955428 -0.292791 -0.0378168 161 167 168
0.7725 3.0975 0.594131 0.360875 -0.54387 -0.757611 162 168 169
0.7725 3.0975 0.613 0.182485 -0.298811 0.936702 171 174 173
0.7725 3.10434 0.5325 0.676685 -0.574222 0.460832 202 212 228
0.771854 3.1125 0.5475 0.70831 -0.617971 0.341188 200 212 226
0.7725 3.1125 0.545937 0.713182 -0.602424 0.35841 200 212 226
0.765668 3.1125 0.5625 0.837384 -0.543119 0.0617248 179 187 193
0.763487 3.1125 0.5775 0.89237 -0.309506 -0.328453 155 159 160
0.7725 3.0985 0.5925 0.330792 -0.575862 -0.747636 161 167 168
0.7725 3.1125 0.582461 0.400684 -0.476798 -0.782379 158 161 162
0.7725 3.1125 0.619419 0.18197 -0.270263 0.945434 170 172 171
0.7725 3.11314 0.5475 0.598455 -0.73123 0.327346 200 212 226
0.7725 3.11874 0.5625 0.649396 -0.729425 0.214999 185 193 201
0.7725 3.11979 0.5775 0.675468 -0.732487 -0.0848867 157 160 159
0.7875 2.89968 0.5775 -0.0645098 0.621282 0.780927 171 176 184
0.775052 3.0225 0.4875 0.387505 -0.341859 0.856138 161 164 171
0.7875 3.03646 0.4875 0.344275 -0.304544 0.888103 161 164 171
0.7875 3.0375 0.487855 0.363947 -0.280624 0.88814 161 164 171
0.7875 3.0525 0.491882 0.376469 -0.207455 0.902903 161 164 171
0.7875 3.0675 0.494684 0.383765 -0.226411 0.895244 162 165 173
0.781699 3.0675 0.5775 0.536211 -0.596889 0.596825 187 197 206
0.783016 3.0825 0.5025 0.554142 -0.465791 0.689902 163 170 180
0.7875 3.0825 0.499289 0.430436 -0.33231 0.839223 164 170 180
0.7875 3.07232 0.5775 0.579926 -0.347542 -0.736818 188 198 207
0.7875 3.0825 0.575775 0.184159 0.0413105 -0.982028 190 199 209
0.7875 3.0825 0.581616 0.407273 -0.15767 0.899594 183 191 199
0.781614 3.0825 0.6075 0.562004 -0.601905 0.567329 173 177 178
0.7875 3.08741 0.5025 0.437607 -0.561262 0.702484 164 171 182
0.780326 3.0975 0.5175 0.612104 -0.516497 0.598799 168 176 189
0.7875 3.0975 0.510949 0.495077 -0.473194 0.728688 166 173 186
0.7875 3.08453 0.5775 0.213999 0.923111 0.319484 191 199 208
0.7875 3.08824 0.6075 0.54892 -0.764379 -0.338248 173 177 178
0.7875 3.0975 0.601329 0.349034 -0.572641 -0.741794 169 174 175
0.7875 3.0975 0.610145 0.182228 -0.294299 0.93818 173 176 176
0.7875 3.10755 0.5175 0.615324 -0.507609 0.603084 173 182 196
0.780779 3.1125 0.5325 0.60741 -0.685096 0.402116 198 208 224
0.7875 3.1125 0.523458 0.594582 -0.660303 0.458773 184 193 208
0.7875 3.10611 0.5925 0.332166 -0.575314 -0.747448 163 169 170
0.7875 3.1125 0.589856 0.336101 -0.362838 -0.869129 162 167 168
0.7875 3.1125 0.615733 0.214157 -0.265222 0.940103 173 175 174
0.7875 3.11781 0.5325 0.60891 -0.684466 0.400917 198 208 223
0.7875 3.12551 0.5475 0.622916 -0.709157 0.330261 200 212 226
0.790016 2.9025 0.5775 -0.553836 0.518567 0.651424 171 176 184
0.8025 2.9025 0.588065 -0.224465 0.424209 0.877304 172 178 186
0.8025 2.91569 0.5775 -0.290138 0.598219 0.746963 171 176 184
0.8025 3.0675 0.488338 0.410502 -0.214106 0.886367 162 165 172
0.8025 3.0825 0.491923 0.341934 -0.406442 0.847282 163 167 176
0.788736 3.0825 0.5775 1 0 0 190 199 208
0.8025 3.09542 0.5025 0.359288 -0.52177 0.773736 163 170 180
0.8025 3.0975 0.503816 0.394628 -0.428856 0.81262 163 170 181
0.8025 3.09637 0.6075 0.323917 -0.561507 -0.761438 174 179 181
0.8025 3.0975 0.607097 0.429746 -0.553401 -0.713488 174 179 181
0.8025 3.0975 0.60771 0.151683 -0.303355 0.940727 175 179 181
0.792532 3.1125 0.5175 0.553767 -0.613379 0.563124 173 182 196
0.8025 3.1125 0.508707 0.533903 -0.444058 0.719556 166 174 186
0.798197 3.1125 0.5925 0.345524 -0.573262 -0.742956 165 170 172
0.8025 3.1125 0.594972 0.45992 -0.547346 -0.699204 168 172 174
0.8025 3.1125 0.613018 0.258637 -0.207366 0.943454 175 178 178
0.8025 3.12109 0.5175 0.586009 -0.607194 0.536572 181 190 204
0.8025 3.11557 0.5925 0.383979 -0.493097 -0.78065 166 171 173
0.8175 2.89555 0.5925 -0.604084 0.700319 0.38031 174 180 188
0.8175 2.9025 0.588244 -0.336781 0.530546 0.777881 173 178 186
0.8175 2.89611 0.6075 -0.675194 0.729066 0.112145 177 180 182
0.8175 2.91583 0.5775 -0.00500314 0.626733 0.779218 171 177 184
0.804193 3.0975 0.5025 0.545425 -0.241317 0.802669 163 170 180
0.8175 3.0975 0.494149 0.47779 -0.288156 0.829869 163 168 178
0.803564 3.0975 0.6075 0.367371 -0.341489 0.865115 175 179 181
0.810671 3.1125 0.5025 0.553228 -0.32032 0.768983 163 170 181
0.8175 3.1125 0.497916 0.482946 -0.281308 0.829234 161 168 178
0.817045 3.1125 0.6075 0.773171 -0.54541 0.323627 176 180 182
0.8175 3.12048 0.5025 0.557862 -0.490953 0.669145 164 172 183
0.8175 3.12635 0.5925 0.414657 -0.568347 -0.710662 167 172 174
0.8175 3.11533 0.6075 0.726261 -0.567094 -0.388523 176 180 181
0.828352 2.9025 0.5925 -0.813364 0.520365 0.260113 180 185 190
0.825252 2.9025 0.6075 -0.925267 0.341196 0.165729 176 179 182
0.8325 2.9025 0.613309 -0.0413897 0.0215962 0.99891 175 177 178
0.8325 2.91583 0.5775 -0.509587 0.828644 0.231668 172 177 185
0.828691 2.9175 0.5925 -0.917377 0.305173 -0.255517 180 184 188
0.8325 2.9175 0.583586 -0.554015 0.775675 -0.302316 176 181 186
0.823577 2.9175 0.6075 -0.95701 -0.0636724 0.28298 177 181 183
0.8325 2.9175 0.614733 -0.182327 -0.108976 0.97718 177 179 180
0.8325 2.92168 0.5925 -0.563088 0.673198 -0.479309 180 184 189
0.82346 2.9325 0.6075 -0.99207 0.0917077 -0.0859466 177 181 184
0.8325 2.9325 0.602979 -0.53481 0.310787 -0.785742 174 177 180
0.8325 2.9325 0.617262 -0.251697 -0.0935114 0.963278 176 178 178
0.823776 2.9475 0.6075 -0.938775 0.249087 0.238027 177 181 185
0.8325 2.9475 0.601565 -0.570488 0.0794763 -0.817452 174 178 182
0.8325 2.9475 0.617923 -0.349608 0.324806 0.878792 175 178 180
0.8325 2.95624 0.6075 -0.625061 0.721603 -0.297637 177 182 186
0.8325 3.1125 0.490504 0.43025 -0.278405 0.858706 163 168 177
0.8475 2.9025 0.610207 0.175367 -0.064367 0.982397 181 184 186
0.836876 2.9175 0.5775 -0.866628 0.493853 0.0711778 175 181 187
0.8475 2.9175 0.611426 0.193244 -0.0891958 0.977088 180 183 184
0.835065 2.9325 0.5775 -0.90722 0.195879 0.372269 173 178 185
0.846003 2.9325 0.5925 -0.929544 0.240988 -0.279057 185 190 194
0.8475 2.9325 0.613062 0.232982 -0.120117 0.965034 181 184 186
0.8475 2.94682 0.5775 -0.738545 0.64909 -0.182301 172 177 185
0.844606 2.9475 0.5925 -0.900298 0.255916 -0.352095 183 188 194
0.8475 2.9475 0.579913 -0.699131 0.564877 -0.438326 174 179 186
0.8475 2.9475 0.615139 0.198732 -0.0544141 0.978542 180 183 186
0.842528 2.9625 0.5925 -0.887026 -0.0900249 -0.452858 181 187 194
0.8475 2.9625 0.590656 -0.521779 0.122064 -0.844303 182 188 195
0.841377 2.9625 0.6075 -0.970066 0.239878 0.0378093 178 182 187
0.8475 2.9625 0.614145 -0.17589 0.0809283 0.981078 177 181 184
0.841467 2.9775 0.5925 -0.906973 0.130875 -0.400339 180 187 193
0.8475 2.9775 0.590386 -0.510966 0.123322 -0.850709 183 189 194
0.839258 2.9775 0.6075 -0.945406 -0.0693943 0.318421 179 183 189
0.8475 2.9775 0.616179 -0.238359 -0.0255441 0.970841 177 180 183
0.8475 2.98434 0.5925 -0.515842 0.502393 -0.693908 179 186 192
0.839393 2.9925 0.6075 -0.993856 0.0795421 -0.0769681 180 185 191
0.8475 2.9925 0.601246 -0.645527 0.294851 -0.704527 176 181 187
0.8475 2.9925 0.614735 -0.259523 -0.0350872 0.965099 179 183 186
0.836916 3.0075 0.6075 -0.953213 0.216133 0.211355 181 187 194
0.8475 3.0075 0.599396 -0.651141 0.0895869 -0.753651 176 182 189
0.8475 3.0075 0.616718 -0.308234 0.217331 0.926153 183 188 192
0.8475 3.0179 0.6075 -0.683241 0.701548 -0.202516 184 190 196
0.8475 3.11237 0.6075 1.58764e-17 -1 0 178 182 185
0.847239 3.1125 0.6075 -1 -1.41839e-16 0 178 182 185
0.8475 3.1125 0.607476 -5.36972e-18 0 -1 178 182 185
0.8475 3.1125 0.607512 -8.94953e-19 0 1 178 182 185
0.8475 3.11254 0.6075 3.9691e-18 1 0 178 182 185
0.8625 2.89775 0.6075 0.102208 0.13133 0.986056 188 193 196
0.858857 2.9025 0.6075 0.210653 -0.0698895 0.975059 187 191 194
0.8625 2.9025 0.607074 0.437647 0.245949 0.864855 189 193 196
0.8625 2.90712 0.6075 0.209675 -0.119195 0.970479 189 193 196
0.8625 2.9175 0.608916 0.19753 -0.0970667 0.975479 189 192 195
0.8625 2.9325 0.609999 0.205014 -0.0846386 0.975093 187 191 194
0.848248 2.9475 0.5775 -0.497913 0.57514 -0.649073 172 177 185
0.8625 2.9475 0.611246 0.233891 -0.118068 0.965067 185 191 195
0.8625 2.95971 0.5775 -0.113297 0.751275 -0.650192 189 195 200
0.8625 2.9475 0.574287 -0.400347 0.457301 -0.794102 181 186 193
0.8625 2.9625 0.585356 -0.0334172 0.238603 -0.970542 187 193 198
0.8625 2.9625 0.613423 0.153138 -0.03109 0.987716 185 189 193
0.8625 2.9775 0.581517 0.175469 -0.349839 -0.92023 188 194 199
0.8625 2.9775 0.612868 0.159683 -0.0327676 0.986624 187 192 196
0.8625 2.97919 0.5775 -0.553071 -0.373853 -0.744544 188 195 199
0.849312 2.9925 0.5775 -0.875413 0.12372 -0.467274 173 179 187
0.8625 2.9925 0.574021 -8.44313e-18 0 -1 181 186 193
0.856076 2.9925 0.5925 -0.926386 -0.00876253 -0.376473 179 186 193
0.8625 2.9925 0.613849 0.164602 -0.00372337 0.986353 182 187 191
0.8625 2.99598 0.5775 0.183331 0.771254 -0.609555 180 187 194
0.854678 3.0075 0.5925 -0.785529 0.287596 -0.547935 178 185 194
0.8625 3.0075 0.590309 -0.38559 0.327267 -0.86268 182 189 196
0.8625 3.0075 0.614109 0.178571 -0.0629336 0.981912 185 191 195
0.857452 3.0225 0.5925 -0.813094 0.0345439 -0.581106 184 191 198
0.8625 3.0225 0.590732 -0.483868 0.0342938 -0.874469 186 193 200
0.85293 3.0225 0.6075 -0.975647 0.21729 0.0299641 187 193 200
0.8625 3.0225 0.614669 -0.145053 -0.00575101 0.989407 188 194 198
0.856163 3.0375 0.5925 -0.828443 0.169289 -0.533876 184 192 201
0.8625 3.0375 0.590387 -0.483111 -0.00415291 -0.875549 183 191 200
0.85032 3.0375 0.6075 -0.931757 -0.00480328 0.363051 191 198 206
0.8625 3.0375 0.617459 -0.239248 -0.0263413 0.970601 187 194 199
0.8625 3.04454 0.5925 -0.645688 0.50579 -0.57207 187 195 205
0.853822 3.0525 0.6075 -0.980042 0.195135 -0.0379419 194 202 209
0.8625 3.0525 0.601589 -0.636932 0.308613 -0.706453 193 201 210
0.8625 3.0525 0.617026 -0.27953 -0.03521 0.959491 191 197 202
0.853703 3.0675 0.6075 -0.996391 -0.0778439 -0.0338287 193 201 208
0.8625 3.0675 0.599784 -0.684224 -0.0736357 -0.725545 193 201 210
0.8625 3.0675 0.618205 -0.323923 -0.0306121 0.945588 188 194 198
0.851921 3.0825 0.6075 -0.952442 0.245271 0.180819 192 199 206
0.8625 3.0825 0.597859 -0.723157 0.0728565 -0.68683 190 199 210
0.8625 3.0825 0.616788 -0.37648 0.277254 0.883965 181 186 188
0.8625 3.09573 0.6075 -0.78805 0.607628 -0.0988197 190 197 204
0.847598 3.1125 0.6075 1 3.54596e-17 0 178 182 185
0.8775 2.8992 0.6075 -0.0770374 0.433446 0.897881 190 195 199
0.8775 2.9025 0.604732 0.0758973 0.689653 0.720152 190 195 199
0.8775 2.91546 0.5925 0.38016 0.581463 0.719291 188 194 200
0.866587 2.9175 0.5925 0.813501 0.0952014 0.573719 185 191 197
0.8775 2.9175 0.591213 0.0979358 0.118274 0.98814 187 193 198
0.867384 2.9175 0.6075 0.835673 -0.175147 0.520552 190 194 197
0.875356 2.9325 0.5925 0.905156 -0.397168 0.151492 186 192 198
0.8775 2.9325 0.591669 0.574598 0.175651 0.799365 186 192 198
0.873345 2.9325 0.6075 0.679832 -0.213125 0.701717 189 193 198
0.8775 2.94709 0.5625 -0.430191 0.879804 -0.202189 167 171 176
0.8625 2.93997 0.5625 -0.35016 0.808218 -0.473467 171 175 180
0.8775 2.9475 0.564268 -0.408257 0.69121 -0.596284 169 173 178
0.8775 2.93488 0.5925 0.63748 -0.599965 0.483385 186 192 198
0.876778 2.9475 0.6075 0.613197 -0.189307 0.766911 188 193 198
0.8775 2.9475 0.60649 0.779993 -0.00402387 0.625775 188 193 198
0.8775 2.95664 0.5775 -0.0992058 0.958332 -0.267876 178 184 190
0.8775 2.96011 0.5925 0.58368 0.807332 0.0867927 186 193 199
0.875511 2.9625 0.5925 0.713481 0.467388 -0.522009 186 193 199
0.8775 2.94834 0.6075 0.734986 -0.673017 -0.0827294 188 193 198
0.8775 2.9625 0.594535 0.617513 -0.486385 -0.618148 187 193 199
0.8775 2.9625 0.610172 0.201515 -0.11269 0.972981 190 195 200
0.8775 2.96608 0.5925 0.557686 -0.364569 -0.745705 186 193 199
0.8775 2.9775 0.589484 0.304314 -0.296498 -0.905252 186 192 198
0.8775 2.9775 0.610754 0.153441 -0.0107133 0.9881 188 193 198
0.873208 2.9925 0.5775 0.687529 -0.154244 -0.709586 184 191 197
0.8775 2.9925 0.585978 0.256055 -0.194275 -0.946939 184 192 198
0.8775 2.9925 0.610856 0.193056 0.0127254 0.981105 190 196 201
0.8775 2.99717 0.5775 0 -0.613204 -0.789925 184 191 197
0.874334 3.0075 0.5775 -0.786092 -0.115551 -0.607213 181 188 195
0.8775 3.0075 0.574334 0 0 -1 181 187 195
0.8775 3.0075 0.610159 0.198909 -0.0609864 0.978119 191 197 202
0.8775 3.02065 0.5775 0.455461 0.517551 -0.724359 185 193 200
0.8775 3.0225 0.580269 -0.200527 0.0901984 -0.975527 185 193 200
0.8775 3.0225 0.612305 0.18298 -0.0897605 0.97901 191 198 203
0.8775 3.0375 0.582226 -0.184577 -0.0155828 -0.982694 185 195 203
0.8775 3.0375 0.613888 0.20332 -0.0841517 0.975489 193 200 206
0.870707 3.0525 0.5925 -0.72903 0.247552 -0.638149 187 196 206
0.8775 3.0525 0.57962 -0.396838 0.173837 -0.901277 191 201 209
0.8775 3.0525 0.61396 0.197504 -0.015168 0.980185 197 204 211
0.86912 3.0675 0.5925 -0.542106 -0.0980481 -0.83457 192 202 212
0.8775 3.0675 0.590045 -0.556693 0.114661 -0.822767 189 199 208
0.8775 3.0675 0.615308 0.232737 -0.0985724 0.967531 194 201 207
0.865546 3.0825 0.5925 -0.656883 0.036502 -0.753109 192 201 214
0.8775 3.0825 0.588107 -0.361098 0.109875 -0.926032 194 203 214
0.8775 3.0825 0.61695 0.15103 -0.00344382 0.988523 191 198 203
0.865242 3.0975 0.5925 -0.743687 0.321752 -0.586008 193 203 216
0.8775 3.0975 0.589106 -0.175434 0.0821122 -0.981061 198 208 220
0.864612 3.0975 0.6075 -0.875673 0.23492 0.421912 191 198 205
0.8775 3.0975 0.61614 -0.18575 0.0735951 0.979837 186 193 197
0.8775 3.10711 0.5925 -0.429701 0.42894 -0.794586 195 204 215
0.865334 3.1125 0.6075 -0.9913 -0.109604 0.072874 179 185 190
0.8775 3.1125 0.59922 -0.598936 0.382017 -0.703803 191 200 208
0.8775 3.1125 0.617227 -0.256269 -0.0648355 0.964429 180 185 187
0.8775 3.11672 0.5925 -0.471448 -0.568892 -0.673869 195 204 214
0.8925 2.89874 0.6075 0.0549554 0.526629 0.848317 191 196 201
0.8925 2.9025 0.604213 0.0271008 0.702473 0.711195 189 193 198
0.8925 2.91322 0.5925 0.0474109 0.682807 0.729059 183 189 195
0.8925 2.9175 0.5899 0.035169 0.488083 0.872088 181 186 192
0.8925 2.92775 0.5775 0.376979 0.757726 0.53267 168 172 177
0.883102 2.9325 0.5775 0.756359 0 0.654157 175 179 185
0.8925 2.9325 0.574325 0.1047 0.0560021 0.992926 166 170 175
0.87791 2.9475 0.5625 -0.687249 0.70877 -0.159165 167 171 175
0.8925 2.94189 0.5775 0.605193 -0.582302 0.542832 170 175 181
0.888887 2.9475 0.5925 0.714842 0 0.699286 182 188 194
0.8925 2.9475 0.591157 0.470978 -0.584328 0.660863 179 186 192
0.8925 2.96164 0.5625 -0.339849 0.936157 0.0900742 166 170 174
0.883817 2.9625 0.5775 -0.870612 0.441437 -0.217181 174 180 186
0.8925 2.9625 0.566212 -0.189157 0.457281 -0.868973 168 172 177
0.8925 2.94832 0.5925 0.0657811 -0.863461 0.500109 180 187 193
0.878003 2.9625 0.5925 -0.959911 -0.0130239 0.280001 186 193 199
0.890558 2.9625 0.6075 0.721797 -0.57651 0.382944 190 195 200
0.8925 2.9625 0.607022 -0.255004 0.152578 0.954826 190 195 200
0.8925 2.96999 0.5775 -0.077575 0.895805 -0.437625 171 177 183
0.8925 2.97638 0.5925 -0.392521 0.905641 0.160444 186 193 200
0.886181 2.9775 0.5925 0.78665 -0.397718 -0.47223 186 193 200
0.8925 2.96634 0.6075 0.742874 -0.461059 -0.485347 190 196 201
0.8925 2.9775 0.599359 0.734392 -0.196541 -0.649646 187 194 201
0.8925 2.9775 0.608671 0.177988 -0.0161041 0.983901 189 196 201
0.8925 2.97865 0.5925 0.198646 -0.979251 0.0400813 186 193 200
0.8925 2.9925 0.583985 0.0364648 -0.211263 -0.976749 178 184 190
0.8925 2.98735 0.6075 0.825857 0.509934 0.24068 190 196 202
0.889509 2.9925 0.6075 0.526532 -0.0187786 0.849948 190 196 202
0.8925 2.9925 0.606762 0.340984 -0.203605 0.917755 190 196 202
0.88671 3.0075 0.5775 0.738805 -0.194349 -0.645287 177 184 191
0.8925 3.0075 0.588923 0.344524 0.0105678 -0.938718 181 188 195
0.8925 3.00604 0.6075 0.22638 -0.053449 0.972571 190 196 202
0.8925 3.0075 0.607586 0.197799 -0.059435 0.978439 190 196 202
0.8925 3.0225 0.5861 0.156378 -0.0634525 -0.985657 183 191 199
0.8925 3.0225 0.610041 0.172174 -0.0992916 0.98005 192 199 205
0.8925 3.0375 0.584579 0.168936 -0.0710451 -0.983063 178 186 195
0.8925 3.0375 0.610274 0.18697 -0.0826612 0.978882 192 199 207
0.8925 3.0525 0.584795 0.103025 -0.118016 -0.987653 182 191 200
0.8925 3.0525 0.611937 0.131208 -0.0119289 0.991283 198 206 213
0.8925 3.0675 0.580638 -0.0519036 -0.00365782 -0.998645 184 192 202
0.8925 3.0675 0.610922 0.177102 -0.0299143 0.983738 199 207 216
0.8925 3.0825 0.578326 -0.294909 0.113935 -0.948708 182 192 203
0.8925 3.0825 0.612932 0.21698 -0.0951422 0.971528 198 207 215
0.8925 3.0975 0.58977 -0.396163 0.19744 -0.896701 198 208 220
0.8925 3.0975 0.612999 0.170658 -0.0168018 0.985187 196 203 210
0.881538 3.1125 0.5925 -0.493551 -0.184814 -0.849853 195 204 214
0.8925 3.1125 0.587874 -0.359351 -0.0293036 -0.932742 201 212 223
0.8925 3.1125 0.614908 0.202087 -0.0729829 0.976644 190 197 201
0.9075 2.89644 0.6075 -0.0229756 0.495486 0.868312 190 195 200
0.9075 2.9025 0.60367 -0.109948 0.666281 0.73755 185 189 194
0.9075 2.91305 0.5925 -0.204237 0.661598 0.72151 173 179 185
0.9075 2.9175 0.589941 -0.132502 0 0.991183 172 178 184
0.89752 2.9325 0.5775 -0.727239 0.546117 0.415787 167 171 175
0.9075 2.9251 0.5925 -0.646308 -0.306233 0.698933 176 181 187
0.897875 2.9325 0.5925 -0.923322 0 0.384026 182 188 194
0.9075 2.9325 0.601495 -0.32563 0.191357 0.925931 184 188 194
0.9075 2.94209 0.5775 -0.152922 0.969052 0.193786 167 171 175
0.897717 2.9475 0.5775 0.879158 -0.291821 0.376725 170 175 181
0.9075 2.9475 0.573313 0.0553086 0.482604 0.874091 166 170 174
0.9075 2.94214 0.5925 -0.377267 0.881164 0.28499 178 184 190
0.9075 2.96137 0.5625 0.0985969 0.661174 0.743725 164 168 172
0.9075 2.95741 0.5775 0.473898 -0.833572 -0.283863 170 175 180
0.9075 2.9625 0.56685 0.439122 0.101862 -0.892634 166 170 176
0.9075 2.9516 0.5925 0.175263 -0.940076 0.292472 177 184 189
0.9075 2.9625 0.603057 0.157407 -0.0854009 0.983834 187 193 197
0.9075 2.96765 0.5775 0.289349 0.805147 -0.517702 170 176 181
0.9075 2.97339 0.5925 0.104496 0.971183 0.214205 176 182 188
0.898616 2.9775 0.6075 1 -4.32826e-18 0 190 196 201
0.9075 2.98171 0.5925 0.0923188 -0.995438 -0.0240933 176 183 189
0.9075 2.9925 0.585105 0.109076 0.00376835 -0.994026 173 179 184
0.9075 2.9925 0.60535 0.157454 -0.0588847 0.985769 187 194 199
0.9075 3.00628 0.5925 0.449661 0.847324 0.282572 179 187 195
0.90365 3.0075 0.5925 0.949018 -0.296299 0.107575 180 188 196
0.893051 3.0075 0.6075 0.639304 -0.209261 0.739932 190 196 202
0.9075 3.00847 0.5925 0.237903 -0.971209 0.0124417 179 187 195
0.9075 3.0225 0.584386 0.0508052 -0.136767 -0.9893 173 180 187
0.904642 3.0225 0.6075 0.389532 -0.271372 0.880126 192 200 207
0.9075 3.0225 0.606855 0.261563 -0.319627 0.910727 192 199 206
0.9075 3.0375 0.588245 0.118962 -0.125583 -0.984925 174 183 191
0.906795 3.0375 0.6075 0.199348 -0.11015 0.973718 192 200 206
0.9075 3.0375 0.607037 0.376259 -0.136996 0.91633 192 200 206
0.9075 3.0525 0.582393 0.0293323 -0.148224 -0.988519 174 182 190
0.9075 3.03811 0.6075 0.326522 -0.196504 0.924537 192 200 207
0.9075 3.0525 0.610277 0.171578 -0.0939285 0.980683 195 203 210
0.9075 3.0675 0.582127 -0.00435376 -0.00553425 -0.999975 175 183 192
0.9075 3.0675 0.60999 0.0638641 0.00922726 0.997916 200 209 218
0.9075 3.0825 0.58431 0.135999 -0.107682 -0.98484 181 190 200
0.9075 3.0825 0.609388 0.0806697 -0.0905759 0.992617 199 208 217
0.9075 3.0975 0.578794 -0.114324 -0.0341566 -0.992856 182 192 203
0.9075 3.0975 0.612407 0.14097 -0.0233841 0.989738 199 207 215
0.9075 3.1125 0.578516 -0.304515 -0.027437 -0.952112 186 197 208
0.9075 3.1125 0.610801 0.127358 -0.0263407 0.991507 198 205 212
0.914549 2.9025 0.6075 -0.411907 0.523502 0.745841 187 191 196
0.9225 2.9025 0.610888 -0.0215972 0.165413 0.985988 187 191 196
0.911948 2.9175 0.5925 -0.643354 0.17182 0.746039 173 179 184
0.9225 2.90947 0.6075 -0.359141 0.512765 0.779801 183 188 192
0.9225 2.9175 0.602875 -0.192539 0.0849691 0.977604 179 184 189
0.9225 2.9325 0.600961 0.0287944 0.476346 0.878786 182 187 192
0.9225 2.94018 0.5775 -0.0160075 0.928315 0.371449 166 170 173
0.9225 2.9475 0.573502 -0.179619 0.485012 0.855862 165 169 173
0.9225 2.93972 0.5925 0.0663416 0.94121 0.331245 176 181 187
0.9225 2.96031 0.5625 -0.0271632 0.633854 0.772975 165 169 174
0.912548 2.9625 0.5775 0.730297 -0.198668 -0.653603 169 174 180
0.9225 2.95415 0.5925 0.283921 -0.95824 -0.0341378 175 181 186
0.9225 2.9625 0.58685 0.211354 0.00231897 -0.977407 174 179 184
0.9225 2.9625 0.60094 -0.0402142 -0.136393 0.989838 181 186 192
0.9225 2.97481 0.5925 0.0310851 0.99004 -0.137314 172 178 184
0.9225 2.98008 0.5925 -0.293818 -0.955453 0.0279336 172 178 184
0.9225 2.9925 0.586937 -0.0896967 0.0660118 -0.993779 174 179 185
0.9225 2.9925 0.602331 -0.177024 -0.13002 0.97558 183 190 196
0.9225 3.00371 0.5925 -0.092858 0.992674 0.0772996 173 181 187
0.9225 3.01076 0.5925 -0.237326 -0.968555 -0.0746882 173 181 188
0.9225 3.0225 0.585313 -0.109969 -0.0954467 -0.989342 172 179 185
0.9225 3.0225 0.603281 -0.0630268 -0.3135 0.947494 183 190 197
0.9225 3.0375 0.590035 -0.0500884 0.000108048 -0.998745 170 178 186
0.9225 3.0375 0.600847 0.126957 -0.0489746 0.990698 181 189 197
0.9225 3.0525 0.584066 0.0682375 -0.229094 -0.97101 172 179 187
0.915534 3.0525 0.6075 0.315717 -0.189041 0.929831 193 201 208
0.9225 3.0525 0.605193 0.202223 -0.221821 0.953888 190 198 206
0.9225 3.0675 0.58259 0.0525747 -0.052628 -0.997229 172 180 188
0.9225 3.0634 0.6075 0.197664 -0.203422 0.958931 192 200 208
0.9225 3.0675 0.608391 0.160676 -0.102879 0.981631 192 201 209
0.9225 3.0825 0.582416 -0.0327354 -0.00558206 -0.999448 174 182 192
0.9225 3.0825 0.610351 0.115126 -0.0131243 0.993264 199 208 216
0.9225 3.0975 0.581554 0.074631 -0.150983 -0.985715 175 185 194
0.9225 3.09491 0.6075 0.267917 0.220392 0.937895 200 208 217
0.920549 3.0975 0.6075 0.343963 -0.144675 0.927771 200 209 217
0.9225 3.0975 0.606921 0.00281284 -0.00406089 0.999988 199 208 217
0.9225 3.1125 0.578601 0.10293 -0.070873 -0.99216 173 183 194
0.9225 3.10051 0.6075 0.190073 -0.211716 0.95867 199 208 216
0.9225 3.1125 0.610242 0.162694 -0.0692642 0.984242 196 204 212
0.9375 2.9025 0.610067 0.0517867 0.0861782 0.994933 185 189 193
0.9375 2.90813 0.6075 0.0817031 0.495957 0.864495 184 188 192
0.9375 2.9175 0.601165 0.0299862 0.301542 0.952981 178 183 188
0.9375 2.9325 0.600111 -0.0467831 0.255242 0.965745 179 184 189
0.9375 2.94229 0.5775 -0.238795 0.853406 0.463331 167 172 177
0.9375 2.9475 0.573061 -0.138443 0.230196 0.963246 164 169 174
0.9375 2.94038 0.5925 -0.262452 0.912234 0.314559 174 180 185
0.924618 2.9625 0.5625 -0.552336 0.54441 0.631302 164 168 174
0.9375 2.9625 0.57376 -0.217326 0.445196 0.86866 163 169 174
0.9375 2.95522 0.5925 -0.374903 -0.926769 -0.023382 174 180 185
0.9375 2.9625 0.587174 -0.176712 -0.0972485 -0.979447 173 178 183
0.9375 2.9625 0.599728 -0.0506505 -0.279582 0.958785 179 185 189
0.9375 2.97545 0.5625 -0.307077 0.624356 0.71825 163 168 173
0.925677 2.9775 0.5925 -0.986732 0.162244 -0.00601682 172 178 184
0.9375 2.9775 0.587604 -0.109398 -0.0120523 -0.993925 173 179 183
0.9375 2.9775 0.6004 -0.131876 -0.0801818 0.988018 179 185 190
0.9375 2.9925 0.586184 -0.0201974 -0.0134801 -0.999705 172 178 182
0.9375 2.9925 0.601933 0.0607029 -0.0648426 0.996047 179 186 191
0.926676 3.0075 0.5925 -0.992875 0.116852 -0.023329 173 181 187
0.9375 3.0075 0.587429 -0.134409 -0.00902714 -0.990885 173 179 185
0.9375 3.0075 0.602409 -0.18287 -0.0914345 0.978876 179 186 191
0.9375 3.0225 0.585306 0.0282434 -0.0733516 -0.996906 171 177 183
0.9375 3.0225 0.604371 0.00258691 -0.0781461 0.996939 180 187 192
0.9375 3.0375 0.58549 -0.106471 0.0220084 -0.994072 171 178 184
0.9375 3.0375 0.603622 -0.107107 0.0612778 0.992357 181 188 194
0.9375 3.0525 0.584135 -0.0360503 -0.11486 -0.992727 169 177 184
0.9375 3.0525 0.604065 0.0266676 -0.126072 0.991663 182 190 196
0.9375 3.0675 0.583642 0.0367719 -0.060907 -0.997466 170 178 185
0.92836 3.0675 0.6075 0.169683 -0.114914 0.978776 190 198 206
0.9375 3.0675 0.60617 0.104295 -0.104997 0.988988 187 195 203
0.9375 3.0825 0.582458 0.0188003 -0.0664859 -0.99761 168 177 185
0.936638 3.0825 0.6075 0.201184 0.0430033 0.978609 190 199 208
0.9375 3.0825 0.607267 0.106594 -0.0515746 0.992964 189 199 207
0.9375 3.0975 0.581846 -0.0084827 -0.0302074 -0.999508 171 181 190
0.9375 3.08462 0.6075 0.031532 -0.135089 0.990332 190 199 208
0.927903 3.0975 0.6075 -0.108058 -0.00640025 0.994124 197 206 215
0.9375 3.0975 0.608525 -0.0657166 -0.0216419 0.997604 193 203 211
0.9375 3.1125 0.581206 0.0780237 -0.0763536 -0.994023 173 183 193
0.9375 3.11192 0.6075 -0.107187 0.0704046 0.991743 195 203 212
0.937234 3.1125 0.6075 0.181283 -0.119753 0.976113 196 204 212
0.9375 3.1125 0.60746 -0.00347661 -0.0182471 0.999827 195 203 212
0.9375 3.11372 0.6075 0.100612 -0.0335889 0.994359 195 203 212
0.9525 2.9025 0.608368 0.0114852 0.118445 0.992894 185 190 193
0.9525 2.90449 0.6075 -0.00926601 0.388966 0.921206 185 189 193
0.9525 2.9175 0.603319 -0.0804336 0.273053 0.958631 180 185 190
0.9525 2.9325 0.597991 -0.0825948 0.135619 0.987312 179 184 189
0.944965 2.9475 0.5775 -0.648104 0.734898 0.199715 164 169 173
0.944949 2.9475 0.5925 -0.976671 0.214563 0.00874922 174 180 185
0.9525 2.9475 0.599978 -0.159123 -0.0919741 0.982965 179 184 189
0.9525 2.9551 0.5775 -0.566482 0.701173 -0.432961 164 168 173
0.9525 2.9625 0.573274 -0.059966 0.493857 0.867473 163 168 174
0.9525 2.9625 0.588093 -0.00292249 0.333422 -0.942773 174 179 185
0.9525 2.9625 0.59969 -0.0172191 0.0228777 0.99959 179 184 189
0.9525 2.97621 0.5625 -0.0103206 0.630559 0.776073 163 168 174
0.9525 2.9775 0.587332 0.00972235 -0.047767 -0.998811 173 178 184
0.9525 2.9775 0.599913 0.0403232 -0.0293332 0.998756 179 184 189
0.9525 2.9925 0.586816 -0.00655287 -0.035364 -0.999353 173 179 184
0.9525 2.9925 0.600544 0.0728259 -0.0601046 0.995532 179 185 191
0.9525 3.0075 0.586156 -0.0329609 -0.00701638 -0.999432 172 178 183
0.9525 3.0075 0.601411 0.0513394 -0.0719358 0.996087 179 185 190
0.9525 3.0225 0.586627 -0.0183976 -0.045906 -0.998776 173 179 184
0.9525 3.0225 0.602179 0.0703176 -0.111646 0.991257 179 186 191
0.9525 3.0375 0.584987 -0.00199684 -0.0627179 -0.998029 170 177 183
0.9525 3.0375 0.605631 0.0343621 -0.0237849 0.999126 180 188 194
0.9525 3.0525 0.584599 -0.0193587 -0.0361151 -0.99916 171 177 184
0.9525 3.0525 0.603121 0.00293866 0.0120258 0.999923 180 187 194
0.9525 3.0675 0.583852 0.00330032 -0.0515521 -0.998665 169 177 184
0.9525 3.0675 0.60512 0.0745533 -0.0846589 0.993617 181 189 196
0.9525 3.0825 0.583185 0.0981258 -0.00111601 -0.995173 168 177 184
0.9525 3.0825 0.605081 0.114281 -0.039925 0.992646 184 194 202
0.9525 3.0975 0.580953 0.157904 -0.14082 -0.977362 167 176 184
0.9525 3.09334 0.6075 0.251262 -0.273509 0.928472 188 198 206
0.9525 3.0975 0.608419 0.0666744 -0.100716 0.992679 189 199 208
0.9525 3.1125 0.581601 -0.0386053 -0.00636193 -0.999234 170 180 191
0.937755 3.1125 0.6075 -0.150291 0.140499 0.978608 195 203 212
0.9525 3.1125 0.609766 -0.0247782 0.0283086 0.999292 190 199 208
0.9525 3.12295 0.6075 -0.151055 0.208846 0.966212 190 199 208
0.9675 2.97678 0.5625 -0.0288322 0.621043 0.783246 161 168 174
0.9675 2.9625 0.573925 -0.0338855 0.624263 0.780479 162 168 173
0.959985 3.0975 0.6075 0.318074 -0.306327 0.897214 188 198 206
3 1 2 0
3 1 0 3
3 0 2 4
3 0 4 3
3 5 7 6
3 7 9 8
3 6 7 8
3 10 8 9
3 11 13 12
3 11 14 13
3 16 15 17
3 18 16 17
3 21 22 20
3 19 21 20
3 20 22 23
3 24 26 25
3 26 28 27
3 25 26 27
3 27 28 29
3 15 30 31
3 17 15 31
3 33 21 32
3 33 34 21
3 34 22 21
3 32 35 33
3 36 23 22
3 36 22 37
3 37 22 34
3 33 38 34
3 38 33 35
3 38 35 40
3 40 35 39
3 41 34 38
3 37 34 41
3 38 40 41
3 56 54 55
3 58 60 59
3 60 58 61
3 64 62 63
3 62 65 63
3 62 64 67
3 62 67 65
3 75 76 73
3 76 74 73
3 77 78 75
3 78 76 75
3 79 80 77
3 80 78 77
3 81 82 79
3 82 80 79
3 83 84 81
3 84 82 81
3 85 86 83
3 86 84 83
3 87 88 85
3 88 86 85
3 89 90 87
3 90 88 87
3 91 92 89
3 92 90 89
3 93 94 91
3 94 92 91
3 98 96 97
3 96 99 97
3 95 100 93
3 100 94 93
3 98 97 101
3 97 99 101
3 102 104 103
3 96 98 105
3 96 105 99
3 106 95 103
3 106 107 95
3 107 100 95
3 103 104 106
3 105 98 101
3 105 101 99
3 102 110 109
3 102 109 104
3 112 110 111
3 112 107 110
3 109 110 106
3 106 110 107
3 109 106 104
3 111 113 112
3 116 108 114
3 116 117 108
3 117 110 108
3 114 115 116
3 111 119 118
3 111 110 119
3 110 117 119
3 111 118 113
3 116 122 117
3 122 116 115
3 122 115 123
3 123 115 121
3 124 117 122
3 124 125 117
3 125 119 117
3 122 123 124
3 120 127 126
3 126 121 120
3 129 126 127
3 128 126 129
3 126 128 123
3 121 126 123
3 131 129 130
3 131 125 129
3 128 129 124
3 124 129 125
3 128 124 123
3 130 132 131
3 135 127 133
3 129 127 135
3 134 136 135
3 133 134 135
3 135 130 129
3 130 135 136
3 130 136 132
3 132 136 137
3 138 139 136
3 134 138 136
3 139 140 141
3 139 141 136
3 136 141 137
3 145 142 144
3 143 142 145
3 145 146 143
3 147 148 144
3 148 145 144
3 151 150 149
3 149 150 148
3 149 148 152
3 152 148 147
3 151 153 150
3 154 151 149
3 154 155 151
3 155 156 151
3 154 149 152
3 157 158 155
3 158 156 155
3 159 160 157
3 160 158 157
3 161 162 159
3 162 160 159
3 163 164 161
3 164 162 161
3 165 166 167
3 165 167 17
3 17 167 18
3 169 168 166
3 166 168 170
3 166 170 167
3 167 170 171
3 173 172 174
3 172 173 171
3 172 171 175
3 175 171 170
3 176 174 172
3 177 174 176
3 175 178 176
3 172 175 176
3 179 177 176
3 179 180 177
3 180 181 177
3 176 178 179
3 180 182 181
3 182 183 181
3 182 184 183
3 184 185 183
3 184 186 185
3 186 187 185
3 186 188 187
3 188 189 187
3 191 192 190
3 191 189 192
3 189 188 192
3 191 190 193
3 190 196 194
3 190 192 196
3 192 195 196
3 190 194 193
3 198 195 197
3 198 199 195
3 199 196 195
3 197 200 198
3 198 201 199
3 201 198 200
3 201 200 203
3 203 200 202
3 202 204 203
3 204 205 203
3 204 206 205
3 206 207 205
3 206 208 207
3 208 209 207
3 210 165 17
3 210 17 211
3 211 17 31
3 168 210 211
3 168 211 170
3 170 211 212
3 213 214 175
3 213 175 212
3 212 175 170
3 214 215 216
3 214 216 175
3 175 216 178
3 217 179 178
3 217 178 218
3 218 178 216
3 217 218 219
3 220 221 182
3 221 184 182
3 221 222 184
3 222 186 184
3 222 223 186
3 223 188 186
3 225 223 224
3 225 192 223
3 192 188 223
3 224 226 225
3 227 192 225
3 195 192 227
3 226 228 227
3 225 226 227
3 227 197 195
3 197 227 228
3 197 228 200
3 200 228 229
3 229 230 200
3 230 202 200
3 230 231 202
3 231 204 202
3 231 232 204
3 232 206 204
3 232 233 206
3 233 208 206
3 234 219 218
3 234 218 236
3 236 218 235
3 234 236 237
3 238 239 223
3 222 238 223
3 242 241 224
3 240 242 224
3 240 224 223
3 240 223 239
3 224 241 226
3 242 243 241
3 241 243 244
3 241 244 226
3 226 244 228
3 244 245 228
3 245 229 228
3 245 246 229
3 246 230 229
3 246 247 230
3 247 231 230
3 247 248 231
3 248 232 231
3 248 249 232
3 249 233 232
3 240 250 251
3 240 251 242
3 242 251 252
3 252 243 242
3 253 243 252
3 243 253 254
3 244 243 254
3 254 255 244
3 255 245 244
3 255 256 245
3 256 246 245
3 256 257 246
3 257 247 246
3 257 258 247
3 258 248 247
3 258 259 248
3 259 249 248
3 253 262 260
3 253 252 262
3 252 261 262
3 253 260 254
3 264 260 262
3 263 260 264
3 260 263 255
3 254 260 255
3 264 265 263
3 263 265 266
3 263 266 255
3 255 266 256
3 269 268 267
3 267 268 257
3 267 257 266
3 266 257 256
3 269 270 268
3 268 270 271
3 268 271 257
3 257 271 258
3 271 272 258
3 272 259 258
3 273 274 262
3 274 264 262
3 274 265 264
3 275 265 274
3 265 275 276
3 266 265 276
3 267 277 269
3 277 267 266
3 277 266 278
3 278 266 276
3 277 270 269
3 270 277 278
3 270 278 271
3 271 278 279
3 279 280 271
3 280 272 271
3 282 275 274
3 281 275 282
3 275 281 283
3 276 275 283
3 283 284 276
3 284 278 276
3 284 285 278
3 285 279 278
3 285 286 279
3 286 280 279
3 281 287 288
3 283 281 288
3 288 289 283
3 289 284 283
3 289 290 284
3 290 285 284
3 290 291 285
3 291 286 285
3 292 293 294
3 292 294 288
3 288 294 289
3 294 295 289
3 295 290 289
3 295 296 290
3 296 291 290
3 297 298 294
3 298 295 294
3 298 299 295
3 299 296 295
3 300 301 298
3 301 299 298
3 302 303 300
3 303 301 300
3 305 306 304
3 306 307 304
3 306 308 307
3 308 309 307
3 308 310 309
3 310 311 309
3 310 312 311
3 312 313 311
3 315 312 314
3 315 316 312
3 316 313 312
3 314 317 315
3 318 316 315
3 318 319 316
3 319 320 316
3 315 317 318
3 319 322 320
3 321 322 319
3 322 321 323
3 324 322 323
3 323 325 324
3 325 326 324
3 325 327 326
3 327 328 326
3 327 329 328
3 329 330 328
3 329 331 330
3 331 332 330
3 331 333 332
3 333 334 332
3 333 335 334
3 335 336 334
3 337 338 306
3 338 308 306
3 338 339 308
3 339 310 308
3 341 339 340
3 341 312 339
3 312 310 339
3 340 342 341
3 341 314 312
3 314 341 342
3 314 342 317
3 317 342 343
3 319 344 345
3 318 344 319
3 344 318 317
3 343 344 317
3 321 347 346
3 321 319 347
3 319 345 347
3 321 346 323
3 347 348 346
3 346 348 349
3 346 349 323
3 323 349 325
3 349 350 325
3 350 327 325
3 350 351 327
3 351 329 327
3 351 352 329
3 352 331 329
3 352 353 331
3 353 333 331
3 353 354 333
3 354 335 333
3 355 356 338
3 356 339 338
3 356 340 339
3 357 340 356
3 340 357 358
3 342 340 358
3 358 359 342
3 359 343 342
3 344 360 345
3 360 344 343
3 360 343 361
3 361 343 359
3 362 345 360
3 362 363 345
3 363 347 345
3 360 361 362
3 363 348 347
3 364 348 363
3 348 364 365
3 349 348 365
3 365 366 349
3 366 350 349
3 366 367 350
3 367 351 350
3 367 368 351
3 368 352 351
3 368 369 352
3 369 353 352
3 369 370 353
3 370 354 353
3 371 373 372
3 357 376 375
3 357 356 376
3 374 376 372
3 372 376 356
3 374 372 373
3 375 358 357
3 376 377 375
3 375 377 378
3 375 378 358
3 358 378 359
3 378 379 359
3 379 361 359
3 362 380 363
3 380 362 361
3 380 361 381
3 381 361 379
3 380 364 363
3 364 380 381
3 364 381 365
3 365 381 382
3 382 383 365
3 383 366 365
3 383 384 366
3 384 367 366
3 384 385 367
3 385 368 367
3 385 386 368
3 386 369 368
3 386 387 369
3 387 370 369
3 371 388 389
3 373 371 389
3 390 374 373
3 389 390 373
3 392 377 376
3 391 377 392
3 377 391 393
3 378 377 393
3 393 394 378
3 394 379 378
3 394 395 379
3 395 381 379
3 395 396 381
3 396 382 381
3 396 397 382
3 397 383 382
3 397 398 383
3 398 384 383
3 398 399 384
3 399 385 384
3 399 400 385
3 400 386 385
3 400 401 386
3 401 387 386
3 402 390 389
3 402 389 404
3 404 389 403
3 391 402 404
3 391 404 393
3 393 404 405
3 405 406 393
3 406 394 393
3 406 407 394
3 407 395 394
3 407 408 395
3 408 396 395
3 408 409 396
3 409 397 396
3 409 410 397
3 410 398 397
3 410 411 398
3 411 399 398
3 411 412 399
3 412 400 399
3 412 413 400
3 413 401 400
3 414 415 404
3 415 405 404
3 415 416 405
3 416 406 405
3 416 417 406
3 417 407 406
3 417 418 407
3 418 408 407
3 418 419 408
3 419 409 408
3 419 420 409
3 420 410 409
3 420 421 410
3 421 411 410
3 421 422 411
3 422 412 411
3 422 423 412
3 423 413 412
3 424 425 415
3 425 416 415
3 425 426 416
3 426 417 416
3 426 427 417
3 427 418 417
3 427 428 418
3 428 419 418
3 428 429 419
3 429 420 419
3 429 430 420
3 430 421 420
3 430 431 421
3 431 422 421
3 431 432 422
3 432 423 422
3 433 434 425
3 434 426 425
3 434 435 426
3 435 427 426
3 435 436 427
3 436 428 427
3 436 437 428
3 437 429 428
3 437 438 429
3 438 430 429
3 438 439 430
3 439 431 430
3 439 440 431
3 440 432 431
3 441 442 434
3 442 435 434
3 442 443 435
3 443 436 435
3 443 444 436
3 444 437 436
3 444 445 437
3 445 438 437
3 445 446 438
3 446 439 438
3 446 447 439
3 447 440 439
3 448 449 442
3 449 443 442
3 449 450 443
3 450 444 443
3 450 451 444
3 451 445 444
3 451 452 445
3 452 446 445
3 454 452 453
3 454 447 452
3 447 446 452
3 453 455 454
3 456 457 449
3 457 450 449
3 457 458 450
3 458 451 450
3 458 459 451
3 459 452 451
3 459 453 452
3 460 453 459
3 453 460 461
3 455 453 461
3 462 458 457
3 462 463 458
3 463 459 458
3 463 460 459
3 464 460 463
3 460 464 465
3 461 460 465
3 467 468 466
3 468 469 466
3 468 470 469
3 470 471 469
3 470 472 471
3 472 473 471
3 472 474 473
3 474 475 473
3 474 476 475
3 476 477 475
3 476 478 477
3 478 479 477
3 482 480 481
3 480 483 481
3 478 484 479
3 484 485 479
3 487 482 481
3 486 487 481
3 483 488 486
3 481 483 486
3 484 489 485
3 489 490 485
3 487 486 491
3 486 488 491
3 489 493 490
3 492 493 489
3 493 492 494
3 495 493 494
3 494 496 495
3 496 497 495
3 501 498 500
3 499 498 501
3 498 499 497
3 496 498 497
3 503 500 502
3 503 504 500
3 504 501 500
3 502 505 503
3 503 506 504
3 506 508 509
3 503 508 506
3 503 507 508
3 503 505 507
3 507 510 508
3 511 509 508
3 511 512 509
3 512 513 509
3 508 510 511
3 512 515 513
3 514 515 512
3 515 514 516
3 517 515 516
3 518 519 520
3 519 521 520
3 520 521 522
3 521 523 522
3 522 523 517
3 516 522 517
3 524 525 467
3 525 468 467
3 525 526 468
3 526 470 468
3 526 527 470
3 527 472 470
3 527 528 472
3 528 474 472
3 530 528 529
3 530 476 528
3 476 474 528
3 529 531 530
3 532 476 530
3 532 533 476
3 533 478 476
3 534 480 482
3 534 482 535
3 532 530 531
3 480 534 536
3 483 480 536
3 533 537 478
3 537 484 478
3 535 482 538
3 538 482 487
3 536 539 483
3 539 488 483
3 537 540 484
3 540 489 484
3 538 487 491
3 541 538 491
3 541 491 488
3 539 541 488
3 540 492 489
3 542 492 540
3 492 542 543
3 494 492 543
3 545 543 544
3 545 496 543
3 496 494 543
3 544 546 545
3 500 547 548
3 498 547 500
3 496 545 549
3 496 549 498
3 498 549 547
3 545 546 549
3 548 502 500
3 550 502 548
3 502 550 551
3 505 502 551
3 551 507 505
3 552 507 551
3 507 552 553
3 510 507 553
3 512 554 555
3 511 554 512
3 554 511 510
3 553 554 510
3 555 514 512
3 556 514 555
3 514 556 557
3 516 514 557
3 558 559 560
3 558 518 559
3 518 520 559
3 559 520 561
3 520 522 561
3 561 522 516
3 557 561 516
3 563 524 562
3 525 524 563
3 562 564 563
3 564 565 563
3 566 567 565
3 564 566 565
3 568 525 563
3 526 525 568
3 563 565 568
3 565 569 568
3 567 570 569
3 565 567 569
3 571 526 568
3 527 526 571
3 572 573 571
3 572 571 569
3 569 571 568
3 569 570 572
3 574 527 571
3 574 575 527
3 575 528 527
3 571 573 574
3 575 529 528
3 576 529 575
3 529 576 577
3 531 529 577
3 533 578 579
3 532 578 533
3 531 577 578
3 531 578 532
3 535 580 534
3 534 580 536
3 579 581 533
3 581 537 533
3 582 580 535
3 582 535 583
3 583 535 538
3 580 582 584
3 580 584 536
3 536 584 539
3 586 581 585
3 586 540 581
3 540 537 581
3 583 538 541
3 583 541 587
3 588 586 585
3 587 541 539
3 584 587 539
3 586 542 540
3 542 586 588
3 542 588 543
3 543 588 589
3 589 544 543
3 590 544 589
3 544 590 591
3 546 544 591
3 547 592 548
3 549 592 547
3 593 592 549
3 593 549 546
3 593 546 594
3 594 546 591
3 592 550 548
3 550 595 551
3 550 592 595
3 592 593 595
3 594 596 595
3 593 594 595
3 595 552 551
3 552 595 596
3 552 596 553
3 553 596 597
3 555 598 599
3 554 598 555
3 598 554 553
3 597 598 553
3 599 556 555
3 600 556 599
3 556 600 601
3 557 556 601
3 560 602 603
3 559 602 560
3 602 559 604
3 559 561 604
3 604 561 557
3 601 604 557
3 607 606 605
3 605 606 608
3 605 608 566
3 566 608 567
3 608 609 567
3 609 570 567
3 573 610 611
3 572 610 573
3 610 572 570
3 609 610 570
3 574 612 575
3 613 573 611
3 613 612 573
3 613 614 612
3 574 573 612
3 613 615 614
3 612 576 575
3 576 616 577
3 576 612 616
3 612 614 616
3 615 617 616
3 614 615 616
3 578 618 579
3 577 618 578
3 577 616 618
3 616 619 618
3 617 620 621
3 617 621 616
3 616 621 619
3 622 579 618
3 581 579 622
3 583 619 582
3 583 622 619
3 622 618 619
3 582 623 584
3 582 619 623
3 619 621 623
3 622 585 581
3 587 622 583
3 587 624 622
3 585 622 588
3 588 622 624
3 624 625 626
3 587 625 624
3 587 623 625
3 587 584 623
3 627 625 623
3 628 588 624
3 589 588 628
3 626 629 628
3 624 626 628
3 628 590 589
3 590 628 629
3 590 629 591
3 591 629 631
3 631 632 591
3 632 594 591
3 632 633 594
3 633 596 594
3 633 634 596
3 634 597 596
3 598 635 599
3 635 598 597
3 635 597 636
3 636 597 634
3 635 600 599
3 600 635 636
3 600 636 601
3 601 636 637
3 603 638 639
3 602 638 603
3 638 602 640
3 602 604 640
3 640 604 601
3 637 640 601
3 606 643 641
3 606 607 643
3 607 642 643
3 606 641 608
3 645 641 643
3 644 641 645
3 641 644 609
3 608 641 609
3 644 611 610
3 644 645 611
3 645 646 611
3 644 610 609
3 613 648 647
3 613 611 648
3 611 646 648
3 613 647 615
3 648 649 647
3 647 649 650
3 647 650 615
3 615 650 617
3 620 652 651
3 620 617 652
3 617 650 652
3 652 653 651
3 625 654 626
3 655 626 654
3 629 626 655
3 656 629 655
3 631 629 656
3 657 631 656
3 632 631 657
3 658 632 657
3 633 632 658
3 659 633 658
3 634 633 659
3 660 634 659
3 660 661 634
3 661 636 634
3 661 662 636
3 662 637 636
3 639 663 664
3 638 663 639
3 663 638 665
3 638 640 665
3 665 640 637
3 662 665 637
3 666 667 642
3 667 643 642
3 667 668 643
3 668 645 643
3 668 669 645
3 669 646 645
3 669 670 646
3 670 648 646
3 649 672 671
3 649 648 672
3 648 670 672
3 649 671 650
3 674 671 672
3 673 671 674
3 671 673 652
3 650 671 652
3 674 675 673
3 677 676 653
3 675 677 653
3 675 653 652
3 675 652 673
3 677 678 676
3 676 678 679
3 660 683 661
3 684 661 683
3 662 661 684
3 663 685 664
3 665 685 663
3 686 685 665
3 686 687 688
3 665 687 686
3 665 684 687
3 665 662 684
3 692 689 691
3 690 689 692
3 689 690 667
3 666 689 667
3 692 693 690
3 690 693 694
3 690 694 667
3 667 694 668
3 697 696 695
3 695 696 669
3 695 669 694
3 694 669 668
3 697 698 696
3 696 698 699
3 696 699 669
3 669 699 670
3 699 700 670
3 700 672 670
3 700 701 672
3 701 674 672
3 675 703 702
3 675 674 703
3 674 701 703
3 675 702 677
3 705 702 703
3 704 702 705
3 678 677 702
3 678 702 706
3 706 702 704
3 678 706 679
3 705 707 704
3 709 704 707
3 709 708 704
3 708 706 704
3 706 708 680
3 679 706 680
3 709 710 708
3 708 710 711
3 708 711 680
3 680 711 681
3 711 712 681
3 712 682 681
3 712 713 682
3 688 717 718
3 687 717 688
3 719 720 691
3 720 692 691
3 693 722 721
3 693 692 722
3 692 720 722
3 693 721 694
3 724 722 723
3 724 697 722
3 721 722 695
3 695 722 697
3 721 695 694
3 723 725 724
3 698 728 727
3 698 697 728
3 726 728 724
3 724 728 697
3 726 724 725
3 727 699 698
3 728 729 727
3 727 729 730
3 727 730 699
3 699 730 700
3 730 731 700
3 731 701 700
3 731 732 701
3 732 703 701
3 732 733 703
3 733 705 703
3 707 735 734
3 707 705 735
3 705 733 735
3 707 734 709
3 735 736 734
3 738 737 710
3 736 738 710
3 736 710 709
3 736 709 734
3 710 737 711
3 740 737 738
3 739 737 740
3 737 739 712
3 711 737 712
3 742 739 740
3 741 739 742
3 739 741 713
3 712 739 713
3 744 741 742
3 743 741 744
3 741 743 714
3 713 741 714
3 746 743 744
3 745 743 746
3 743 745 715
3 714 743 715
3 746 747 745
3 745 747 748
3 745 748 715
3 715 748 716
3 718 749 750
3 717 749 718
3 749 717 716
3 748 749 716
3 751 752 719
3 752 720 719
3 752 753 720
3 753 722 720
3 723 755 754
3 723 722 755
3 722 753 755
3 723 754 725
3 754 728 726
3 754 755 728
3 755 756 728
3 754 726 725
3 729 758 757
3 729 728 758
3 728 756 758
3 729 757 730
3 758 759 757
3 757 759 760
3 757 760 730
3 730 760 731
3 760 761 731
3 761 732 731
3 761 762 732
3 762 733 732
3 762 763 733
3 763 735 733
3 763 736 735
3 764 736 763
3 736 764 765
3 738 736 765
3 765 766 738
3 766 740 738
3 766 767 740
3 767 742 740
3 767 768 742
3 768 744 742
3 768 769 744
3 769 746 744
3 747 771 770
3 747 746 771
3 746 769 771
3 747 770 748
3 770 750 749
3 770 771 750
3 771 772 750
3 770 749 748
3 773 774 751
3 774 752 751
3 774 775 752
3 775 753 752
3 775 776 753
3 776 755 753
3 776 777 755
3 777 756 755
3 779 777 778
3 779 758 777
3 758 756 777
3 778 780 779
3 759 783 782
3 759 758 783
3 781 783 779
3 779 783 758
3 781 779 780
3 782 760 759
3 783 784 782
3 782 784 785
3 782 785 760
3 760 785 761
3 785 786 761
3 786 762 761
3 786 787 762
3 787 763 762
3 764 789 788
3 764 763 789
3 763 787 789
3 764 788 765
3 789 790 788
3 788 790 791
3 788 791 765
3 765 791 766
3 791 792 766
3 792 767 766
3 792 793 767
3 793 768 767
3 793 794 768
3 794 769 768
3 794 795 769
3 795 771 769
3 795 796 771
3 796 772 771
3 797 798 773
3 798 774 773
3 798 799 774
3 799 775 774
3 799 800 775
3 800 776 775
3 800 801 776
3 801 777 776
3 778 803 802
3 778 777 803
3 777 801 803
3 778 802 780
3 805 803 804
3 805 783 803
3 802 803 781
3 781 803 783
3 802 781 780
3 804 806 805
3 784 809 808
3 784 783 809
3 807 809 805
3 805 809 783
3 807 805 806
3 808 785 784
3 811 808 809
3 810 808 811
3 808 810 786
3 785 808 786
3 811 812 810
3 810 812 813
3 810 813 786
3 786 813 787
3 813 814 787
3 814 789 787
3 814 790 789
3 815 790 814
3 790 815 816
3 791 790 816
3 816 817 791
3 817 792 791
3 817 818 792
3 818 793 792
3 818 819 793
3 819 794 793
3 819 820 794
3 820 795 794
3 820 821 795
3 821 796 795
3 822 823 797
3 823 798 797
3 823 824 798
3 824 799 798
3 824 825 799
3 825 800 799
3 825 826 800
3 826 801 800
3 826 827 801
3 827 803 801
3 804 829 828
3 804 803 829
3 803 827 829
3 804 828 806
3 831 829 830
3 831 809 829
3 828 829 807
3 807 829 809
3 828 807 806
3 830 832 831
3 833 809 831
3 833 834 809
3 834 811 809
3 831 832 833
3 812 836 835
3 812 811 836
3 811 834 836
3 812 835 813
3 836 837 835
3 835 837 838
3 835 838 813
3 813 838 814
3 815 840 839
3 815 814 840
3 814 838 840
3 815 839 816
3 840 841 839
3 839 841 842
3 839 842 816
3 816 842 817
3 842 843 817
3 843 818 817
3 843 844 818
3 844 819 818
3 844 845 819
3 845 820 819
3 845 846 820
3 846 821 820
3 847 848 822
3 848 823 822
3 848 849 823
3 849 824 823
3 849 850 824
3 850 825 824
3 850 851 825
3 851 826 825
3 851 852 826
3 852 827 826
3 852 853 827
3 853 829 827
3 830 855 854
3 830 829 855
3 829 853 855
3 830 854 832
3 857 855 856
3 857 834 855
3 854 855 833
3 833 855 834
3 854 833 832
3 856 858 857
3 859 834 857
3 859 860 834
3 860 836 834
3 857 858 859
3 837 862 861
3 837 836 862
3 836 860 862
3 837 861 838
3 862 863 861
3 861 863 864
3 861 864 838
3 838 864 840
3 864 841 840
3 865 841 864
3 841 865 866
3 842 841 866
3 866 867 842
3 867 843 842
3 867 868 843
3 868 844 843
3 868 869 844
3 869 845 844
3 869 870 845
3 870 846 845
3 871 872 847
3 872 848 847
3 872 873 848
3 873 849 848
3 873 874 849
3 874 850 849
3 874 875 850
3 875 851 850
3 877 875 876
3 877 852 875
3 852 851 875
3 876 878 877
3 879 852 877
3 879 880 852
3 880 853 852
3 877 878 879
3 880 881 853
3 881 855 853
3 881 856 855
3 882 856 881
3 856 882 883
3 858 856 883
3 859 884 860
3 884 859 858
3 884 858 885
3 885 858 883
3 886 860 884
3 862 860 886
3 885 887 886
3 884 885 886
3 886 863 862
3 863 886 887
3 863 887 864
3 864 887 888
3 865 890 889
3 865 864 890
3 864 888 890
3 865 889 866
3 890 891 889
3 889 891 892
3 889 892 866
3 866 892 867
3 892 893 867
3 893 868 867
3 893 894 868
3 894 869 868
3 894 895 869
3 895 870 869
3 896 897 871
3 897 872 871
3 897 898 872
3 898 873 872
3 898 899 873
3 899 874 873
3 899 900 874
3 900 875 874
3 876 902 901
3 876 875 902
3 875 900 902
3 876 901 878
3 904 902 903
3 904 880 902
3 901 902 879
3 879 902 880
3 901 879 878
3 903 905 904
3 906 880 904
3 906 907 880
3 907 881 880
3 904 905 906
3 907 882 881
3 908 882 907
3 882 908 909
3 883 882 909
3 909 910 883
3 910 885 883
3 910 911 885
3 911 887 885
3 911 912 887
3 912 888 887
3 912 913 888
3 913 890 888
3 891 915 914
3 891 890 915
3 890 913 915
3 891 914 892
3 915 916 914
3 914 916 917
3 914 917 892
3 892 917 893
3 917 918 893
3 918 894 893
3 918 919 894
3 919 895 894
3 209 920 896
3 920 897 896
3 920 921 897
3 921 898 897
3 921 922 898
3 922 899 898
3 922 923 899
3 923 900 899
3 923 924 900
3 924 902 900
3 924 903 902
3 925 903 924
3 903 925 926
3 905 903 926
3 906 927 907
3 927 906 905
3 927 905 928
3 928 905 926
3 927 908 907
3 908 927 928
3 908 928 909
3 909 928 929
3 929 930 909
3 930 910 909
3 930 931 910
3 931 911 910
3 931 932 911
3 932 912 911
3 932 933 912
3 933 913 912
3 933 934 913
3 934 915 913
3 934 916 915
3 935 916 934
3 916 935 936
3 917 916 936
3 936 937 917
3 937 918 917
3 937 938 918
3 938 919 918
3 939 940 941
3 949 942 941
3 949 950 942
3 950 951 942
3 949 941 940
3 951 952 942
3 952 943 942
3 952 953 943
3 953 944 943
3 955 953 954
3 955 945 953
3 945 944 953
3 954 956 955
3 957 945 955
3 946 945 957
3 956 958 957
3 955 956 957
3 957 947 946
3 947 957 958
3 947 958 948
3 948 958 959
3 959 960 948
3 973 971 972
3 973 951 971
3 951 950 971
3 972 974 973
3 975 951 973
3 952 951 975
3 974 976 975
3 973 974 975
3 977 952 975
3 953 952 977
3 976 978 977
3 975 976 977
3 977 954 953
3 954 977 978
3 954 978 956
3 956 978 979
3 979 980 956
3 980 958 956
3 983 982 981
3 981 982 959
3 981 959 980
3 980 959 958
3 983 984 982
3 982 984 985
3 982 985 959
3 959 985 960
3 985 986 960
3 986 961 960
3 986 987 961
3 987 962 961
3 987 988 962
3 988 963 962
3 988 989 963
3 989 964 963
3 965 991 990
3 965 964 991
3 964 989 991
3 965 990 966
3 990 968 967
3 990 991 968
3 991 992 968
3 990 967 966
3 992 993 968
3 993 969 968
3 995 993 994
3 995 970 993
3 970 969 993
3 994 996 995
3 997 972 971
3 972 997 998
3 972 998 974
3 974 998 999
3 999 1000 974
3 1000 976 974
3 1000 1001 976
3 1001 978 976
3 1004 1003 1002
3 1002 1003 979
3 1002 979 1001
3 1001 979 978
3 1004 1005 1003
3 1003 1005 1006
3 1003 1006 979
3 979 1006 980
3 981 1007 983
3 1007 981 980
3 1007 980 1008
3 1008 980 1006
3 1007 984 983
3 984 1007 1008
3 984 1008 985
3 985 1008 1009
3 1009 1010 985
3 1010 986 985
3 1010 1011 986
3 1011 987 986
3 1011 1012 987
3 1012 988 987
3 1012 1013 988
3 1013 989 988
3 1013 1014 989
3 1014 991 989
3 1014 1015 991
3 1015 992 991
3 1017 1015 1016
3 1017 993 1015
3 993 992 1015
3 1016 1018 1017
3 1017 994 993
3 994 1017 1018
3 994 1018 996
3 996 1018 1019
3 1020 1021 998
3 1021 999 998
3 1021 1022 999
3 1022 1000 999
3 1022 1023 1000
3 1023 1001 1000
3 1002 1024 1004
3 1024 1002 1001
3 1024 1001 1025
3 1025 1001 1023
3 1005 1024 1025
3 1005 1025 1006
3 1006 1025 1026
3 1026 1027 1006
3 1027 1008 1006
3 1027 1028 1008
3 1028 1009 1008
3 1028 1029 1009
3 1029 1010 1009
3 1029 1030 1010
3 1030 1011 1010
3 1030 1031 1011
3 1031 1012 1011
3 1031 1032 1012
3 1032 1013 1012
3 1032 1033 1013
3 1033 1014 1013
3 1035 1033 1034
3 1035 1015 1033
3 1015 1014 1033
3 1034 1036 1035
3 1035 1016 1015
3 1016 1035 1036
3 1016 1036 1018
3 1018 1036 1037
3 1040 1039 1038
3 1038 1039 1019
3 1038 1019 1037
3 1037 1019 1018
3 1041 1042 1020
3 1042 1021 1020
3 1042 1043 1021
3 1043 1022 1021
3 1043 1044 1022
3 1044 1023 1022
3 1044 1045 1023
3 1045 1025 1023
3 1045 1046 1025
3 1046 1026 1025
3 1046 1047 1026
3 1047 1027 1026
3 1047 1048 1027
3 1048 1028 1027
3 1048 1049 1028
3 1049 1029 1028
3 1049 1050 1029
3 1050 1030 1029
3 1050 1051 1030
3 1051 1031 1030
3 1051 1052 1031
3 1052 1032 1031
3 1054 1052 1053
3 1054 1033 1052
3 1033 1032 1052
3 1053 1055 1054
3 1054 1034 1033
3 1034 1054 1055
3 1034 1055 1036
3 1036 1055 1056
3 1059 1058 1057
3 1057 1058 1037
3 1057 1037 1056
3 1056 1037 1036
3 1058 1040 1038
3 1058 1059 1040
3 1059 1060 1040
3 1058 1038 1037
3 1061 1062 1041
3 1062 1042 1041
3 1062 1063 1042
3 1063 1043 1042
3 1063 1064 1043
3 1064 1044 1043
3 1064 1065 1044
3 1065 1045 1044
3 1065 1066 1045
3 1066 1046 1045
3 1066 1067 1046
3 1067 1047 1046
3 1067 1068 1047
3 1068 1048 1047
3 1068 1069 1048
3 1069 1049 1048
3 1069 1070 1049
3 1070 1050 1049
3 1072 1070 1071
3 1072 1051 1070
3 1051 1050 1070
3 1071 1073 1072
3 1074 1051 1072
3 1052 1051 1074
3 1073 1075 1074
3 1072 1073 1074
3 1053 1078 1077
3 1053 1052 1078
3 1076 1078 1074
3 1074 1078 1052
3 1076 1074 1075
3 1077 1055 1053
3 1080 1077 1078
3 1079 1077 1080
3 1077 1079 1056
3 1055 1077 1056
3 1079 1059 1057
3 1079 1080 1059
3 1080 1081 1059
3 1079 1057 1056
3 1083 1081 1082
3 1083 1060 1081
3 1060 1059 1081
3 1082 1084 1083
3 1085 1086 1061
3 1086 1062 1061
3 1086 1087 1062
3 1087 1063 1062
3 1087 1088 1063
3 1088 1064 1063
3 1088 1089 1064
3 1089 1065 1064
3 1089 1090 1065
3 1090 1066 1065
3 1090 1091 1066
3 1091 1067 1066
3 1091 1092 1067
3 1092 1068 1067
3 1094 1092 1093
3 1094 1069 1092
3 1069 1068 1092
3 1093 1095 1094
3 1096 1069 1094
3 1070 1069 1096
3 1095 1097 1096
3 1094 1095 1096
3 1096 1071 1070
3 1071 1096 1097
3 1071 1097 1073
3 1073 1097 1098
3 1101 1100 1099
3 1099 1100 1075
3 1099 1075 1098
3 1098 1075 1073
3 1100 1078 1076
3 1100 1101 1078
3 1101 1102 1078
3 1100 1076 1075
3 1102 1103 1078
3 1103 1080 1078
3 1105 1103 1104
3 1105 1081 1103
3 1081 1080 1103
3 1104 1106 1105
3 1105 1082 1081
3 1082 1105 1106
3 1082 1106 1084
3 1084 1106 1107
3 1110 1108 1109
3 1110 1086 1108
3 1086 1085 1108
3 1109 1111 1110
3 1112 1086 1110
3 1112 1113 1086
3 1113 1087 1086
3 1110 1111 1112
3 1113 1114 1087
3 1114 1088 1087
3 1114 1115 1088
3 1115 1089 1088
3 1115 1116 1089
3 1116 1090 1089
3 1116 1117 1090
3 1117 1091 1090
3 1119 1117 1118
3 1119 1092 1117
3 1092 1091 1117
3 1118 1120 1119
3 1119 1093 1092
3 1093 1119 1120
3 1093 1120 1095
3 1095 1120 1121
3 1121 1122 1095
3 1122 1097 1095
3 1125 1124 1123
3 1123 1124 1098
3 1123 1098 1122
3 1122 1098 1097
3 1124 1101 1099
3 1124 1125 1101
3 1125 1126 1101
3 1124 1099 1098
3 1128 1126 1127
3 1128 1102 1126
3 1102 1101 1126
3 1127 1129 1128
3 1130 1102 1128
3 1103 1102 1130
3 1129 1131 1130
3 1128 1129 1130
3 1130 1104 1103
3 1104 1130 1131
3 1104 1131 1106
3 1106 1131 1132
3 1132 1133 1106
3 1133 1107 1106
3 1134 1136 1135
3 1109 1139 1138
3 1109 1108 1139
3 1137 1139 1135
3 1135 1139 1108
3 1137 1135 1136
3 1138 1111 1109
3 1138 1113 1112
3 1138 1139 1113
3 1139 1140 1113
3 1138 1112 1111
3 1140 1141 1113
3 1141 1114 1113
3 1141 1142 1114
3 1142 1115 1114
3 1144 1142 1143
3 1144 1116 1142
3 1116 1115 1142
3 1143 1145 1144
3 1146 1116 1144
3 1117 1116 1146
3 1145 1147 1146
3 1144 1145 1146
3 1146 1118 1117
3 1118 1146 1147
3 1118 1147 1120
3 1120 1147 1148
3 1148 1149 1120
3 1149 1121 1120
3 1152 1151 1150
3 1150 1151 1122
3 1150 1122 1149
3 1149 1122 1121
3 1154 1152 1153
3 1154 1125 1152
3 1151 1152 1123
3 1123 1152 1125
3 1151 1123 1122
3 1153 1155 1154
3 1156 1125 1154
3 1126 1125 1156
3 1155 1157 1156
3 1154 1155 1156
3 1156 1127 1126
3 1127 1156 1157
3 1127 1157 1129
3 1129 1157 1158
3 1158 1159 1129
3 1159 1131 1129
3 1159 1160 1131
3 1160 1132 1131
3 1160 1161 1132
3 1161 1133 1132
3 1134 1162 1136
3 1136 1162 1163
3 1139 1164 1165
3 1137 1164 1139
3 1164 1137 1136
3 1163 1164 1136
3 1165 1166 1139
3 1166 1140 1139
3 1166 1167 1140
3 1167 1141 1140
3 1169 1167 1168
3 1169 1142 1167
3 1142 1141 1167
3 1168 1170 1169
3 1169 1143 1142
3 1143 1169 1170
3 1143 1170 1145
3 1145 1170 1171
3 1171 1172 1145
3 1172 1147 1145
3 1172 1173 1147
3 1173 1148 1147
3 1173 1174 1148
3 1174 1149 1148
3 1150 1175 1152
3 1175 1150 1149
3 1175 1149 1176
3 1176 1149 1174
3 1175 1153 1152
3 1153 1175 1176
3 1153 1176 1155
3 1155 1176 1177
3 1177 1178 1155
3 1178 1157 1155
3 1178 1179 1157
3 1179 1158 1157
3 1179 1180 1158
3 1180 1159 1158
3 1180 1181 1159
3 1181 1160 1159
3 1181 1182 1160
3 1182 1161 1160
3 1185 1184 1183
3 1183 1184 1163
3 1183 1163 1186
3 1186 1163 1162
3 1184 1165 1164
3 1184 1185 1165
3 1185 1187 1165
3 1184 1164 1163
3 1189 1187 1188
3 1189 1166 1187
3 1166 1165 1187
3 1188 1190 1189
3 1191 1166 1189
3 1167 1166 1191
3 1190 1192 1191
3 1189 1190 1191
3 1191 1168 1167
3 1168 1191 1192
3 1168 1192 1170
3 1170 1192 1193
3 1193 1194 1170
3 1194 1171 1170
3 1194 1195 1171
3 1195 1172 1171
3 1198 1197 1196
3 1196 1197 1173
3 1196 1173 1195
3 1195 1173 1172
3 1198 1199 1197
3 1197 1199 1200
3 1197 1200 1173
3 1173 1200 1174
3 1200 1201 1174
3 1201 1176 1174
3 1201 1202 1176
3 1202 1177 1176
3 1202 1203 1177
3 1203 1178 1177
3 1203 1204 1178
3 1204 1179 1178
3 1204 1205 1179
3 1205 1180 1179
3 1205 1206 1180
3 1206 1181 1180
3 1206 1207 1181
3 1207 1182 1181
3 1208 1185 1183
3 1208 56 1185
3 56 1209 1185
3 1208 1183 1186
3 1211 1209 1210
3 1211 1187 1209
3 1187 1185 1209
3 1210 1212 1211
3 1211 1188 1187
3 1188 1211 1212
3 1188 1212 1190
3 1190 1212 1213
3 1213 1214 1190
3 1214 1192 1190
3 1214 1215 1192
3 1215 1193 1192
3 1215 1216 1193
3 1216 1194 1193
3 1216 1217 1194
3 1217 1195 1194
3 1196 1218 1198
3 1218 1196 1195
3 1218 1195 1219
3 1219 1195 1217
3 1218 1199 1198
3 1199 1218 1219
3 1199 1219 1200
3 1200 1219 1220
3 1220 1221 1200
3 1221 1201 1200
3 1221 1222 1201
3 1222 1202 1201
3 1222 1223 1202
3 1223 1203 1202
3 1223 1224 1203
3 1224 1204 1203
3 1224 1225 1204
3 1225 1205 1204
3 1225 1226 1205
3 1226 1206 1205
3 1226 1227 1206
3 1227 1207 1206
3 1231 1232 1230
3 1231 1227 1232
3 1229 1232 1228
3 1228 1232 1227
3 1229 1228 1233
3 1230 1234 1231
3 1230 1237 1235
3 1230 1232 1237
3 1232 1236 1237
3 1230 1235 1234
3 1236 1238 1237
3 1238 1239 1237
3 1241 1238 1240
3 1241 1242 1238
3 1242 1239 1238
3 1240 1243 1241
3 1241 1244 1242
3 1244 1241 1243
3 1244 1243 1246
3 1246 1243 1245
3 1245 1247 1246
3 1247 1248 1246
3 1247 1249 1248
3 1249 1250 1248
3 1249 1251 1250
3 1251 1252 1250
3 1251 1253 1252
3 1253 1254 1252
3 1253 1255 1254
3 1255 1256 1254
3 1255 1258 1256
3 1258 1259 1256
3 1258 1260 1259
3 1260 1261 1259
3 1260 1263 1261
3 1263 1264 1261
3 1263 1265 1264
3 1265 1266 1264
3 1265 1267 1266
3 1267 1268 1266
3 1267 1269 1268
3 1269 1270 1268
3 1271 1232 1229
3 1271 1272 1232
3 1272 1273 1232
3 1271 1229 1233
3 1273 1274 1232
3 1274 1236 1232
3 1274 1275 1236
3 1275 1238 1236
3 1275 1240 1238
3 1276 1240 1275
3 1240 1276 1277
3 1243 1240 1277
3 1277 1278 1243
3 1278 1245 1243
3 1278 1279 1245
3 1279 1247 1245
3 1279 1280 1247
3 1280 1249 1247
3 1280 1281 1249
3 1281 1251 1249
3 1281 1282 1251
3 1282 1253 1251
3 1282 1283 1253
3 1283 1255 1253
3 1283 1284 1255
3 1284 1258 1255
3 1284 1286 1258
3 1286 1260 1258
3 1286 1287 1260
3 1287 1263 1260
3 1287 1288 1263
3 1288 1265 1263
3 1288 1289 1265
3 1289 1267 1265
3 1289 1290 1267
3 1290 1269 1267
3 1291 1292 1272
3 1292 1273 1272
3 1292 1293 1273
3 1293 1274 1273
3 1295 1293 1294
3 1295 1275 1293
3 1275 1274 1293
3 1294 1296 1295
3 1295 1276 1275
3 1276 1295 1296
3 1276 1296 1277
3 1277 1296 1297
3 1297 1298 1277
3 1298 1278 1277
3 1301 1300 1299
3 1299 1300 1279
3 1299 1279 1298
3 1298 1279 1278
3 1301 1302 1300
3 1300 1302 1303
3 1300 1303 1279
3 1279 1303 1280
3 1303 1304 1280
3 1304 1281 1280
3 1304 1305 1281
3 1305 1282 1281
3 1305 1306 1282
3 1306 1283 1282
3 1306 1307 1283
3 1307 1284 1283
3 1307 1308 1284
3 1308 1286 1284
3 1308 1309 1286
3 1309 1287 1286
3 1309 1311 1287
3 1311 1288 1287
3 1313 1311 1312
3 1313 1289 1311
3 1289 1288 1311
3 1312 1314 1313
3 1315 1289 1313
3 1290 1289 1315
3 1314 1316 1315
3 1313 1314 1315
3 1317 1318 1291
3 1318 1292 1291
3 1320 1318 1319
3 1320 1293 1318
3 1293 1292 1318
3 1319 1321 1320
3 1320 1294 1293
3 1294 1320 1321
3 1294 1321 1296
3 1296 1321 1322
3 1322 1323 1296
3 1323 1297 1296
3 1326 1325 1324
3 1324 1325 1298
3 1324 1298 1323
3 1323 1298 1297
3 1328 1326 1327
3 1328 1301 1326
3 1325 1326 1299
3 1299 1326 1301
3 1325 1299 1298
3 1327 1329 1328
3 1328 1302 1301
3 1302 1328 1329
3 1302 1329 1303
3 1303 1329 1330
3 1330 1331 1303
3 1331 1304 1303
3 1331 1332 1304
3 1332 1305 1304
3 1332 1333 1305
3 1333 1306 1305
3 1333 1334 1306
3 1334 1307 1306
3 1334 1335 1307
3 1335 1308 1307
3 1335 1336 1308
3 1336 1309 1308
3 1336 1337 1309
3 1337 1311 1309
3 1337 1312 1311
3 1338 1312 1337
3 1312 1338 1339
3 1314 1312 1339
3 1342 1341 1340
3 1340 1341 1316
3 1340 1316 1339
3 1339 1316 1314
3 1344 1345 1343
3 1344 1318 1345
3 1318 1317 1345
3 1343 1346 1344
3 1344 1319 1318
3 1319 1344 1346
3 1319 1346 1321
3 1321 1346 1347
3 1347 1348 1321
3 1348 1322 1321
3 1348 1349 1322
3 1349 1323 1322
3 1326 1350 1351
3 1324 1350 1326
3 1350 1324 1323
3 1349 1350 1323
3 1351 1327 1326
3 1352 1327 1351
3 1327 1352 1353
3 1329 1327 1353
3 1353 1354 1329
3 1354 1330 1329
3 1354 1355 1330
3 1355 1331 1330
3 1355 1356 1331
3 1356 1332 1331
3 1356 1357 1332
3 1357 1333 1332
3 1357 1358 1333
3 1358 1334 1333
3 1358 1359 1334
3 1359 1335 1334
3 1359 1360 1335
3 1360 1336 1335
3 1362 1360 1361
3 1362 1337 1360
3 1337 1336 1360
3 1361 1363 1362
3 1338 1366 1365
3 1338 1337 1366
3 1364 1366 1362
3 1362 1366 1337
3 1364 1362 1363
3 1365 1339 1338
3 1365 1342 1340
3 1365 1366 1342
3 1366 1367 1342
3 1365 1340 1339
3 1369 1343 1345
3 1368 1343 1369
3 1343 1368 1370
3 1346 1343 1370
3 1370 1371 1346
3 1371 1347 1346
3 1371 1372 1347
3 1372 1348 1347
3 1375 1374 1373
3 1373 1374 1349
3 1373 1349 1372
3 1372 1349 1348
3 1377 1375 1376
3 1377 1351 1375
3 1374 1375 1350
3 1350 1375 1351
3 1374 1350 1349
3 1376 1378 1377
3 1377 1352 1351
3 1352 1377 1378
3 1352 1378 1353
3 1353 1378 1379
3 1379 1380 1353
3 1380 1354 1353
3 1380 1381 1354
3 1381 1355 1354
3 1381 1382 1355
3 1382 1356 1355
3 1382 1383 1356
3 1383 1357 1356
3 1383 1384 1357
3 1384 1358 1357
3 1384 1385 1358
3 1385 1359 1358
3 1385 1386 1359
3 1386 1360 1359
3 1361 1388 1387
3 1361 1360 1388
3 1360 1386 1388
3 1361 1387 1363
3 1387 1366 1364
3 1387 1388 1366
3 1388 1389 1366
3 1387 1364 1363
3 1389 1391 1366
3 1391 1367 1366
3 1393 1368 1369
3 1368 1393 1394
3 1368 1394 1370
3 1370 1394 1395
3 1395 1396 1370
3 1396 1371 1370
3 1396 1397 1371
3 1397 1372 1371
3 1373 1398 1375
3 1398 1373 1372
3 1398 1372 1399
3 1399 1372 1397
3 1398 1376 1375
3 1376 1398 1399
3 1376 1399 1378
3 1378 1399 1400
3 1400 1401 1378
3 1401 1379 1378
3 1401 1402 1379
3 1402 1380 1379
3 1402 1403 1380
3 1403 1381 1380
3 1403 1404 1381
3 1404 1382 1381
3 1404 1405 1382
3 1405 1383 1382
3 1405 1406 1383
3 1406 1384 1383
3 1406 1407 1384
3 1407 1385 1384
3 1409 1407 1408
3 1409 1386 1407
3 1386 1385 1407
3 1408 1410 1409
3 1411 1386 1409
3 1411 1412 1386
3 1412 1388 1386
3 1409 1410 1411
3 1412 1413 1388
3 1413 1389 1388
3 1413 1414 1389
3 1414 1391 1389
3 1415 1390 1392
3 1416 1417 1394
3 1417 1395 1394
3 1417 1418 1395
3 1418 1396 1395
3 1418 1419 1396
3 1419 1397 1396
3 1419 1420 1397
3 1420 1399 1397
3 1420 1421 1399
3 1421 1400 1399
3 1421 1422 1400
3 1422 1401 1400
3 1422 1423 1401
3 1423 1402 1401
3 1423 1424 1402
3 1424 1403 1402
3 1424 1425 1403
3 1425 1404 1403
3 1425 1426 1404
3 1426 1405 1404
3 1426 1427 1405
3 1427 1406 1405
3 1429 1427 1428
3 1429 1407 1427
3 1407 1406 1427
3 1428 1430 1429
3 1408 1433 1432
3 1408 1407 1433
3 1431 1433 1429
3 1429 1433 1407
3 1431 1429 1430
3 1432 1410 1408
3 1432 1412 1411
3 1432 1433 1412
3 1433 1434 1412
3 1432 1411 1410
3 1434 1435 1412
3 1435 1413 1412
3 1437 1435 1436
3 1437 1414 1435
3 1414 1413 1435
3 1436 1438 1437
3 1440 1441 1416
3 1441 1417 1416
3 1441 1442 1417
3 1442 1418 1417
3 1442 1443 1418
3 1443 1419 1418
3 1443 1444 1419
3 1444 1420 1419
3 1444 1445 1420
3 1445 1421 1420
3 1445 1446 1421
3 1446 1422 1421
3 1446 1447 1422
3 1447 1423 1422
3 1447 1448 1423
3 1448 1424 1423
3 1448 1449 1424
3 1449 1425 1424
3 1449 1450 1425
3 1450 1426 1425
3 1450 1451 1426
3 1451 1427 1426
3 1451 1428 1427
3 1452 1428 1451
3 1428 1452 1453
3 1430 1428 1453
3 1433 1454 1455
3 1431 1454 1433
3 1454 1431 1430
3 1453 1454 1430
3 1455 1456 1433
3 1456 1434 1433
3 1458 1456 1457
3 1458 1435 1456
3 1435 1434 1456
3 1457 1459 1458
3 1458 1436 1435
3 1436 1458 1459
3 1436 1459 1438
3 1438 1459 1460
3 1462 1463 1440
3 1463 1441 1440
3 1463 1464 1441
3 1464 1442 1441
3 1464 1465 1442
3 1465 1443 1442
3 1465 1466 1443
3 1466 1444 1443
3 1466 1467 1444
3 1467 1445 1444
3 1467 1468 1445
3 1468 1446 1445
3 1468 1469 1446
3 1469 1447 1446
3 1469 1470 1447
3 1470 1448 1447
3 1470 1471 1448
3 1471 1449 1448
3 1471 1472 1449
3 1472 1450 1449
3 1474 1472 1473
3 1474 1451 1472
3 1451 1450 1472
3 1473 1475 1474
3 1474 1452 1451
3 1452 1474 1475
3 1452 1475 1453
3 1453 1475 1476
3 1455 1477 1478
3 1454 1477 1455
3 1477 1454 1453
3 1476 1477 1453
3 1478 1479 1455
3 1479 1456 1455
3 1479 1457 1456
3 1480 1457 1479
3 1457 1480 1481
3 1459 1457 1481
3 1481 1482 1459
3 1482 1460 1459
3 1483 1484 1462
3 1484 1463 1462
3 1484 1485 1463
3 1485 1464 1463
3 1485 1486 1464
3 1486 1465 1464
3 1486 1487 1465
3 1487 1466 1465
3 1487 1488 1466
3 1488 1467 1466
3 1488 1489 1467
3 1489 1468 1467
3 1489 1490 1468
3 1490 1469 1468
3 1490 1491 1469
3 1491 1470 1469
3 1491 1492 1470
3 1492 1471 1470
3 1492 1493 1471
3 1493 1472 1471
3 1493 1473 1472
3 1494 1473 1493
3 1473 1494 1495
3 1475 1473 1495
3 1495 1496 1475
3 1496 1476 1475
3 1478 1497 1498
3 1477 1497 1478
3 1497 1477 1476
3 1496 1497 1476
3 1500 1498 1499
3 1500 1479 1498
3 1479 1478 1498
3 1499 1501 1500
3 1500 1480 1479
3 1480 1500 1501
3 1480 1501 1481
3 1481 1501 1502
3 1502 1503 1481
3 1503 1482 1481
3 1504 1505 1483
3 1505 1484 1483
3 1505 1506 1484
3 1506 1485 1484
3 1506 1507 1485
3 1507 1486 1485
3 1507 1508 1486
3 1508 1487 1486
3 1508 1509 1487
3 1509 1488 1487
3 1509 1510 1488
3 1510 1489 1488
3 1510 1511 1489
3 1511 1490 1489
3 1511 1512 1490
3 1512 1491 1490
3 1512 1513 1491
3 1513 1492 1491
3 1513 1514 1492
3 1514 1493 1492
3 1514 1494 1493
3 1515 1494 1514
3 1494 1515 1516
3 1495 1494 1516
3 1519 1518 1517
3 1517 1518 1496
3 1517 1496 1516
3 1516 1496 1495
3 1518 1498 1497
3 1518 1519 1498
3 1519 1520 1498
3 1518 1497 1496
3 1520 1499 1498
3 1521 1499 1520
3 1499 1521 1522
3 1501 1499 1522
3 1522 1523 1501
3 1523 1502 1501
3 1523 1524 1502
3 1524 1503 1502
3 1525 1526 1504
3 1526 1505 1504
3 1526 1527 1505
3 1527 1506 1505
3 1527 1528 1506
3 1528 1507 1506
3 1528 1529 1507
3 1529 1508 1507
3 1529 1530 1508
3 1530 1509 1508
3 1530 1531 1509
3 1531 1510 1509
3 1531 1532 1510
3 1532 1511 1510
3 1532 1533 1511
3 1533 1512 1511
3 1533 1534 1512
3 1534 1513 1512
3 1534 1535 1513
3 1535 1514 1513
3 1535 1515 1514
3 1536 1515 1535
3 1515 1536 1537
3 1516 1515 1537
3 1519 1538 1539
3 1517 1538 1519
3 1538 1517 1516
3 1537 1538 1516
3 1539 1540 1519
3 1540 1520 1519
3 1540 1521 1520
3 1541 1521 1540
3 1521 1541 1542
3 1522 1521 1542
3 1542 1543 1522
3 1543 1523 1522
3 1543 1544 1523
3 1544 1524 1523
3 1545 1546 1525
3 1546 1526 1525
3 1546 1547 1526
3 1547 1527 1526
3 1547 1548 1527
3 1548 1528 1527
3 1548 1549 1528
3 1549 1529 1528
3 1549 1550 1529
3 1550 1530 1529
3 1550 1551 1530
3 1551 1531 1530
3 1551 1552 1531
3 1552 1532 1531
3 1552 1553 1532
3 1553 1533 1532
3 1553 1554 1533
3 1554 1534 1533
3 1556 1554 1555
3 1556 1535 1554
3 1535 1534 1554
3 1555 1557 1556
3 1556 1536 1535
3 1536 1556 1557
3 1536 1557 1537
3 1537 1557 1558
3 1538 1559 1539
3 1559 1538 1537
3 1559 1537 1560
3 1560 1537 1558
3 1561 1539 1559
3 1561 1562 1539
3 1562 1540 1539
3 1559 1560 1561
3 1562 1541 1540
3 1563 1541 1562
3 1541 1563 1564
3 1542 1541 1564
3 1564 1565 1542
3 1565 1543 1542
3 1565 1566 1543
3 1566 1544 1543
3 1567 1568 1545
3 1568 1546 1545
3 1568 1569 1546
3 1569 1547 1546
3 1569 1570 1547
3 1570 1548 1547
3 1570 1571 1548
3 1571 1549 1548
3 1571 1572 1549
3 1572 1550 1549
3 1572 1573 1550
3 1573 1551 1550
3 1573 1574 1551
3 1574 1552 1551
3 1574 1575 1552
3 1575 1553 1552
3 1575 1576 1553
3 1576 1554 1553
3 1555 1578 1577
3 1555 1554 1578
3 1554 1576 1578
3 1555 1577 1557
3 1578 1579 1577
3 1577 1579 1580
3 1577 1580 1557
3 1557 1580 1558
3 1580 1581 1558
3 1581 1560 1558
3 1562 1582 1583
3 1561 1582 1562
3 1582 1561 1560
3 1581 1582 1560
3 1583 1563 1562
3 1584 1563 1583
3 1563 1584 1585
3 1564 1563 1585
3 1585 1586 1564
3 1586 1565 1564
3 1586 1587 1565
3 1587 1566 1565
3 1589 1567 1588
3 1568 1567 1589
3 1588 1590 1589
3 1590 1591 1589
3 1592 1593 1591
3 1590 1592 1591
3 1597 1596 1594
3 1595 1597 1594
3 1598 1568 1589
3 1569 1568 1598
3 1589 1591 1598
3 1591 1599 1598
3 1593 1600 1599
3 1591 1593 1599
3 1602 1597 1595
3 1601 1602 1595
3 1603 1569 1598
3 1570 1569 1603
3 1598 1599 1603
3 1599 1604 1603
3 1600 1605 1604
3 1599 1600 1604
3 1607 1602 1601
3 1606 1607 1601
3 1608 1570 1603
3 1608 1609 1570
3 1609 1571 1570
3 1611 1608 1603
3 1611 1603 1610
3 1610 1603 1604
3 1605 1612 1610
3 1604 1605 1610
3 1614 1607 1606
3 1613 1614 1606
3 1609 1615 1571
3 1615 1572 1571
3 1611 1610 1616
3 1610 1612 1616
3 1614 1613 1617
3 1615 1618 1572
3 1618 1573 1572
3 1620 1618 1619
3 1620 1574 1618
3 1574 1573 1618
3 1619 1621 1620
3 1622 1574 1620
3 1622 1623 1574
3 1623 1575 1574
3 1620 1621 1622
3 1623 1624 1575
3 1624 1576 1575
3 1626 1624 1625
3 1626 1578 1624
3 1578 1576 1624
3 1625 1627 1626
3 1626 1579 1578
3 1579 1626 1627
3 1579 1627 1580
3 1580 1627 1628
3 1628 1629 1580
3 1629 1581 1580
3 1583 1630 1631
3 1582 1630 1583
3 1630 1582 1581
3 1629 1630 1581
3 1631 1584 1583
3 1632 1584 1631
3 1584 1632 1633
3 1585 1584 1633
3 1633 1634 1585
3 1634 1586 1585
3 1634 466 1586
3 466 1587 1586
3 1638 1635 1637
3 1636 1635 1638
3 1638 1639 1636
3 1639 1642 1640
3 1639 1638 1642
3 1638 1641 1642
3 1644 1640 1642
3 1643 1640 1644
3 1644 1645 1643
3 1646 1647 1641
3 1647 1642 1641
3 1647 1648 1642
3 1648 1644 1642
3 1645 1650 1649
3 1645 1644 1650
3 1644 1648 1650
3 1650 1651 1649
3 1652 1653 1646
3 1653 1647 1646
3 1653 1654 1647
3 1654 1648 1647
3 1654 1655 1648
3 1655 1650 1648
3 1651 1657 1656
3 1651 1650 1657
3 1650 1655 1657
3 1657 1658 1656
3 1659 1660 1653
3 1659 1653 1661
3 1661 1653 1652
3 1660 1662 1663
3 1660 1663 1653
3 1653 1663 1654
3 1666 1665 1664
3 1664 1665 1655
3 1664 1655 1663
3 1663 1655 1654
3 1666 1667 1665
3 1665 1667 1668
3 1665 1668 1655
3 1655 1668 1657
3 1658 144 142
3 1658 1657 144
3 1657 1668 144
3 1670 1669 1672
3 1671 1663 1662
3 1674 1675 1673
3 1674 1666 1675
3 1671 1675 1664
3 1664 1675 1666
3 1671 1664 1663
3 1673 1676 1674
3 1674 1667 1666
3 1667 1674 1676
3 1667 1676 1668
3 1668 1676 1677
3 1677 147 1668
3 147 144 1668
3 1678 1670 1672
3 1679 1678 1672
3 1673 1682 1680
3 1673 1675 1682
3 1675 1681 1682
3 1673 1680 1676
3 1684 1680 1682
3 1683 1680 1684
3 1680 1683 1677
3 1676 1680 1677
3 1684 1685 1683
3 1683 1685 152
3 1683 152 1677
3 1677 152 147
3 1686 1678 1679
3 1687 1688 1682
3 1688 1684 1682
3 1685 155 154
3 1685 1684 155
3 1684 1688 155
3 1685 154 152
3 1689 1690 1687
3 1690 1688 1687
3 1690 157 1688
3 157 155 1688
3 1691 1692 1689
3 1692 1690 1689
3 1692 159 1690
3 159 157 1690
3 1693 161 1692
3 161 159 1692
3 1694 163 1693
3 163 161 1693
3 335 1695 336
3 1695 1696 336
3 1695 1697 1696
3 1697 1698 1696
3 1697 1699 1698
3 1699 1700 1698
3 1699 1701 1700
3 1701 1702 1700
3 1701 1703 1702
3 1703 1704 1702
3 1703 1705 1704
3 1705 1706 1704
3 1708 1707 1709
3 1707 1708 1706
3 1707 1706 1710
3 1710 1706 1705
3 1711 1709 1707
3 1711 1712 1709
3 1712 1713 1709
3 1707 1710 1711
3 1714 1715 1713
3 1712 1714 1713
3 354 1716 335
3 1716 1695 335
3 1716 1717 1695
3 1717 1697 1695
3 1717 1718 1697
3 1718 1699 1697
3 1718 1719 1699
3 1719 1701 1699
3 1719 1720 1701
3 1720 1703 1701
3 1720 1721 1703
3 1721 1705 1703
3 1721 1722 1705
3 1722 1710 1705
3 1712 1723 1724
3 1711 1723 1712
3 1723 1711 1710
3 1722 1723 1710
3 1725 1714 1712
3 1724 1725 1712
3 370 1726 354
3 1726 1716 354
3 1726 1727 1716
3 1727 1717 1716
3 1727 1728 1717
3 1728 1718 1717
3 1728 1729 1718
3 1729 1719 1718
3 1729 1730 1719
3 1730 1720 1719
3 1730 1731 1720
3 1731 1721 1720
3 1731 1732 1721
3 1732 1722 1721
3 1724 1733 1734
3 1723 1733 1724
3 1733 1723 1722
3 1732 1733 1722
3 1735 1725 1724
3 1734 1735 1724
3 387 1736 370
3 1736 1726 370
3 1736 1737 1726
3 1737 1727 1726
3 1737 1738 1727
3 1738 1728 1727
3 1738 1739 1728
3 1739 1729 1728
3 1741 1739 1740
3 1741 1730 1739
3 1730 1729 1739
3 1740 1742 1741
3 1743 1730 1741
3 1731 1730 1743
3 1742 1744 1743
3 1741 1742 1743
3 1745 1731 1743
3 1745 1746 1731
3 1746 1732 1731
3 1743 1744 1745
3 1733 1747 1734
3 1747 1733 1732
3 1747 1732 1748
3 1748 1732 1746
3 1749 1750 1751
3 1735 1750 1749
3 1735 1747 1750
3 1735 1734 1747
3 1747 1748 1750
3 1749 1751 1752
3 401 1753 387
3 1753 1736 387
3 1753 1754 1736
3 1754 1737 1736
3 1754 1755 1737
3 1755 1738 1737
3 1757 1755 1756
3 1757 1739 1755
3 1739 1738 1755
3 1756 1758 1757
3 1757 1740 1739
3 1740 1757 1758
3 1740 1758 1742
3 1742 1758 1759
3 1759 1760 1742
3 1760 1744 1742
3 1745 1761 1746
3 1761 1745 1744
3 1761 1744 1762
3 1762 1744 1760
3 1763 1746 1761
3 1763 1764 1746
3 1764 1748 1746
3 1761 1762 1763
3 1751 1765 1766
3 1750 1765 1751
3 1765 1750 1748
3 1764 1765 1748
3 1767 1752 1751
3 1766 1767 1751
3 413 1768 401
3 1768 1753 401
3 1768 1769 1753
3 1769 1754 1753
3 1771 1769 1770
3 1771 1755 1769
3 1755 1754 1769
3 1770 1772 1771
3 1771 1756 1755
3 1756 1771 1772
3 1756 1772 1758
3 1758 1772 1773
3 1773 1774 1758
3 1774 1759 1758
3 1774 1775 1759
3 1775 1760 1759
3 1775 1776 1760
3 1776 1762 1760
3 1764 1777 1778
3 1763 1777 1764
3 1777 1763 1762
3 1776 1777 1762
3 1766 1779 1780
3 1765 1779 1766
3 1779 1765 1764
3 1778 1779 1764
3 1781 1767 1766
3 1780 1781 1766
3 423 1782 413
3 1782 1768 413
3 1782 1783 1768
3 1783 1769 1768
3 1783 1770 1769
3 1784 1770 1783
3 1770 1784 1785
3 1772 1770 1785
3 1785 1786 1772
3 1786 1773 1772
3 1786 1787 1773
3 1787 1774 1773
3 1787 1788 1774
3 1788 1775 1774
3 1788 1789 1775
3 1789 1776 1775
3 1778 1790 1791
3 1777 1790 1778
3 1790 1777 1776
3 1789 1790 1776
3 1780 1792 1793
3 1779 1792 1780
3 1792 1779 1778
3 1791 1792 1778
3 1794 1781 1780
3 1794 1780 1795
3 1795 1780 1793
3 1794 1795 1796
3 432 1797 423
3 1797 1782 423
3 1797 1798 1782
3 1798 1783 1782
3 1798 1784 1783
3 1799 1784 1798
3 1784 1799 1800
3 1785 1784 1800
3 1800 1801 1785
3 1801 1786 1785
3 1801 1802 1786
3 1802 1787 1786
3 1802 1803 1787
3 1803 1788 1787
3 1803 1804 1788
3 1804 1789 1788
3 1790 1805 1791
3 1805 1790 1789
3 1805 1789 1806
3 1806 1789 1804
3 1792 1807 1793
3 1807 1808 1809
3 1792 1808 1807
3 1792 1805 1808
3 1792 1791 1805
3 1805 1806 1808
3 1810 1793 1807
3 1810 1811 1793
3 1811 1795 1793
3 1807 1809 1810
3 1812 1796 1795
3 1811 1812 1795
3 440 1813 432
3 1813 1797 432
3 1815 1813 1814
3 1815 1798 1813
3 1798 1797 1813
3 1814 1816 1815
3 1815 1799 1798
3 1799 1815 1816
3 1799 1816 1800
3 1800 1816 1817
3 1817 1818 1800
3 1818 1801 1800
3 1818 1819 1801
3 1819 1802 1801
3 1819 1820 1802
3 1820 1803 1802
3 1820 1821 1803
3 1821 1804 1803
3 1821 1822 1804
3 1822 1806 1804
3 1809 1823 1824
3 1808 1823 1809
3 1823 1808 1806
3 1822 1823 1806
3 1811 1825 1826
3 1810 1825 1811
3 1825 1810 1809
3 1824 1825 1809
3 1827 1812 1811
3 1826 1827 1811
3 447 1828 440
3 1828 1813 440
3 1828 1814 1813
3 1829 1814 1828
3 1814 1829 1830
3 1816 1814 1830
3 1830 1831 1816
3 1831 1817 1816
3 1831 1832 1817
3 1832 1818 1817
3 1832 1833 1818
3 1833 1819 1818
3 1833 1834 1819
3 1834 1820 1819
3 1834 1835 1820
3 1835 1821 1820
3 1823 1836 1824
3 1836 1823 1822
3 1824 1837 1825
3 1824 1836 1837
3 1836 1838 1837
3 1837 1838 1839
3 1838 1840 1839
3 1839 1840 1841
3 1840 1842 1841
3 1845 1843 1841
3 1845 1841 1844
3 1844 1841 1842
3 1845 1844 1846
3 1847 447 454
3 1847 1848 447
3 1848 1828 447
3 454 455 1847
3 1848 1829 1828
3 1849 1829 1848
3 1829 1849 1850
3 1830 1829 1850
3 1850 1851 1830
3 1851 1831 1830
3 1851 1852 1831
3 1852 1832 1831
3 1852 1853 1832
3 1853 1833 1832
3 1853 1854 1833
3 1854 1834 1833
3 1854 1855 1834
3 1855 1835 1834
3 1843 1845 1856
3 1846 1856 1845
3 1846 1858 1856
3 1858 1857 1856
3 1847 1859 1848
3 1859 1847 455
3 1859 455 1860
3 1860 455 461
3 1859 1849 1848
3 1849 1859 1860
3 1849 1860 1850
3 1850 1860 1861
3 1861 1862 1850
3 1862 1851 1850
3 1862 1863 1851
3 1863 1852 1851
3 1863 1864 1852
3 1864 1853 1852
3 1864 1865 1853
3 1865 1854 1853
3 465 1866 461
3 1866 1860 461
3 1866 1867 1860
3 1867 1861 1860
3 1867 1868 1861
3 1868 1862 1861
3 1868 1869 1862
3 1869 1863 1862
3 1869 1870 1863
3 1870 1864 1863
3 995 1871 970
3 1871 995 996
3 1871 996 1872
3 1872 996 1876
3 1876 1877 1872
3 1877 1873 1872
3 1877 1878 1873
3 1878 1874 1873
3 1878 1879 1874
3 1879 1875 1874
3 1875 1879 1881
3 1881 1882 1880
3 1880 1882 1883
3 1019 1898 996
3 1898 1876 996
3 1901 1900 1899
3 1899 1900 1877
3 1899 1877 1898
3 1898 1877 1876
3 1901 1902 1900
3 1900 1902 1903
3 1900 1903 1877
3 1877 1903 1878
3 1903 1904 1878
3 1904 1879 1878
3 1904 1905 1879
3 1905 1881 1879
3 1905 1882 1881
3 1906 1882 1905
3 1882 1906 1907
3 1883 1882 1907
3 1910 1909 1908
3 1908 1909 1884
3 1908 1884 1907
3 1907 1884 1883
3 1910 1911 1909
3 1909 1911 1912
3 1909 1912 1884
3 1884 1912 1885
3 1912 1913 1885
3 1913 1886 1885
3 1913 1914 1886
3 1914 1887 1886
3 1914 1888 1887
3 1915 1888 1914
3 1888 1915 1916
3 1889 1888 1916
3 1916 1917 1889
3 1917 1890 1889
3 1920 1919 1918
3 1918 1919 1891
3 1918 1891 1917
3 1917 1891 1890
3 1920 1921 1919
3 1919 1921 1922
3 1919 1922 1891
3 1891 1922 1892
3 1922 1923 1892
3 1923 1893 1892
3 1923 1924 1893
3 1924 1894 1893
3 1895 1896 1925
3 1895 1925 1897
3 1927 1039 1040
3 1926 1039 1927
3 1039 1926 1898
3 1019 1039 1898
3 1929 1927 1928
3 1929 1901 1927
3 1926 1927 1899
3 1899 1927 1901
3 1926 1899 1898
3 1928 1930 1929
3 1929 1902 1901
3 1902 1929 1930
3 1902 1930 1903
3 1903 1930 1931
3 1931 1932 1903
3 1932 1904 1903
3 1932 1933 1904
3 1933 1905 1904
3 1906 1935 1934
3 1906 1905 1935
3 1905 1933 1935
3 1906 1934 1907
3 1934 1910 1908
3 1934 1935 1910
3 1935 1936 1910
3 1934 1908 1907
3 1936 1911 1910
3 1937 1911 1936
3 1911 1937 1938
3 1912 1911 1938
3 1938 1939 1912
3 1939 1913 1912
3 1939 1940 1913
3 1940 1914 1913
3 1915 1942 1941
3 1915 1914 1942
3 1914 1940 1942
3 1915 1941 1916
3 1944 1941 1942
3 1943 1941 1944
3 1941 1943 1917
3 1916 1941 1917
3 1946 1944 1945
3 1946 1920 1944
3 1943 1944 1918
3 1918 1944 1920
3 1943 1918 1917
3 1945 1947 1946
3 1946 1921 1920
3 1921 1946 1947
3 1921 1947 1922
3 1922 1947 1948
3 1948 1949 1922
3 1949 1923 1922
3 1949 1950 1923
3 1950 1924 1923
3 1952 1060 1951
3 1952 1927 1060
3 1927 1040 1060
3 1951 1953 1952
3 1952 1928 1927
3 1928 1952 1953
3 1928 1953 1930
3 1930 1953 1954
3 1954 1955 1930
3 1955 1931 1930
3 1955 1956 1931
3 1956 1932 1931
3 1956 1957 1932
3 1957 1933 1932
3 1957 1958 1933
3 1958 1935 1933
3 1958 1959 1935
3 1959 1936 1935
3 1959 1937 1936
3 1960 1937 1959
3 1937 1960 1961
3 1938 1937 1961
3 1961 1962 1938
3 1962 1939 1938
3 1965 1963 1964
3 1963 1966 1964
3 1962 1967 1939
3 1967 1940 1939
3 1965 1964 1968
3 1964 1966 1968
3 1967 1969 1940
3 1969 1942 1940
3 1969 1970 1942
3 1970 1944 1942
3 1970 1945 1944
3 1971 1945 1970
3 1945 1971 1972
3 1947 1945 1972
3 1972 1974 1947
3 1974 1948 1947
3 1974 1976 1948
3 1976 1949 1948
3 1976 1978 1949
3 1978 1950 1949
3 1083 1951 1060
3 1951 1083 1084
3 1951 1084 1953
3 1953 1084 1979
3 1979 1980 1953
3 1980 1954 1953
3 1980 1981 1954
3 1981 1955 1954
3 1981 1982 1955
3 1982 1956 1955
3 1982 1983 1956
3 1983 1957 1956
3 1983 1984 1957
3 1984 1958 1957
3 1984 1985 1958
3 1985 1959 1958
3 1985 1960 1959
3 1986 1960 1985
3 1960 1986 1987
3 1961 1960 1987
3 1987 1988 1961
3 1988 1962 1961
3 1963 1965 1989
3 1963 1989 1966
3 1992 1991 1990
3 1990 1991 1967
3 1990 1967 1988
3 1988 1967 1962
3 1989 1965 1968
3 1989 1968 1966
3 1992 1993 1991
3 1991 1993 1994
3 1991 1994 1967
3 1967 1994 1969
3 1994 1995 1969
3 1995 1970 1969
3 1995 1971 1970
3 1996 1971 1995
3 1971 1996 1997
3 1972 1971 1997
3 1997 1998 1972
3 1998 1974 1972
3 1999 1973 1975
3 2002 2001 2000
3 2000 2001 1976
3 2000 1976 1998
3 1998 1976 1974
3 2002 2003 2001
3 2001 2003 2004
3 2001 2004 1976
3 1976 2004 1978
3 1107 2005 1084
3 2005 1979 1084
3 2005 2006 1979
3 2006 1980 1979
3 2006 2007 1980
3 2007 1981 1980
3 2007 2008 1981
3 2008 1982 1981
3 2008 2009 1982
3 2009 1983 1982
3 2009 2010 1983
3 2010 1984 1983
3 2012 2010 2011
3 2012 1985 2010
3 1985 1984 2010
3 2011 2013 2012
3 1986 2016 2015
3 1986 1985 2016
3 2014 2016 2012
3 2012 2016 1985
3 2014 2012 2013
3 2015 1987 1986
3 2018 2015 2016
3 2017 2015 2018
3 2015 2017 1988
3 1987 2015 1988
3 2020 2018 2019
3 2020 1992 2018
3 2017 2018 1990
3 1990 2018 1992
3 2017 1990 1988
3 2019 2021 2020
3 2020 1993 1992
3 1993 2020 2021
3 1993 2021 1994
3 1994 2021 2022
3 2022 2023 1994
3 2023 1995 1994
3 1996 2025 2024
3 1996 1995 2025
3 1995 2023 2025
3 1996 2024 1997
3 2028 2024 2025
3 2027 2024 2028
3 2024 2027 1998
3 1997 2024 1998
3 2027 2002 2000
3 2027 2028 2002
3 2028 2029 2002
3 2027 2000 1998
3 2029 2003 2002
3 2030 2003 2029
3 2003 2030 2031
3 2004 2003 2031
3 1133 2032 1107
3 2032 2005 1107
3 2032 2033 2005
3 2033 2006 2005
3 2033 2034 2006
3 2034 2007 2006
3 2034 2035 2007
3 2035 2008 2007
3 2035 2036 2008
3 2036 2009 2008
3 2036 2037 2009
3 2037 2010 2009
3 2011 2039 2038
3 2011 2010 2039
3 2010 2037 2039
3 2011 2038 2013
3 2038 2016 2014
3 2038 2039 2016
3 2039 2040 2016
3 2038 2014 2013
3 2042 2040 2041
3 2042 2018 2040
3 2018 2016 2040
3 2041 2043 2042
3 2042 2019 2018
3 2019 2042 2043
3 2019 2043 2021
3 2021 2043 2044
3 2044 2046 2021
3 2046 2022 2021
3 2046 2048 2022
3 2048 2023 2022
3 2048 2050 2023
3 2050 2025 2023
3 2050 2051 2025
3 2051 2028 2025
3 2051 2052 2028
3 2052 2029 2028
3 2052 2030 2029
3 2053 2030 2052
3 2030 2053 2054
3 2031 2030 2054
3 1161 2055 1133
3 2055 2032 1133
3 2055 2056 2032
3 2056 2033 2032
3 2056 2057 2033
3 2057 2034 2033
3 2057 2058 2034
3 2058 2035 2034
3 2058 2059 2035
3 2059 2036 2035
3 2059 2060 2036
3 2060 2037 2036
3 2060 2061 2037
3 2061 2039 2037
3 2063 2061 2062
3 2063 2040 2061
3 2040 2039 2061
3 2062 2064 2063
3 2063 2041 2040
3 2041 2063 2064
3 2041 2064 2043
3 2043 2064 2065
3 2065 2066 2043
3 2066 2044 2043
3 2066 2067 2044
3 2067 2046 2044
3 2068 2045 2047
3 2067 2069 2046
3 2069 2048 2046
3 2068 2047 2070
3 2070 2047 2049
3 2069 2071 2048
3 2071 2050 2048
3 2071 2072 2050
3 2072 2051 2050
3 2072 2074 2051
3 2074 2052 2051
3 2074 2053 2052
3 2075 2053 2074
3 2053 2075 2076
3 2054 2053 2076
3 1182 2077 1161
3 2077 2055 1161
3 2077 2078 2055
3 2078 2056 2055
3 2078 2079 2056
3 2079 2057 2056
3 2079 2080 2057
3 2080 2058 2057
3 2080 2081 2058
3 2081 2059 2058
3 2081 2082 2059
3 2082 2060 2059
3 2084 2082 2083
3 2084 2061 2082
3 2061 2060 2082
3 2083 2085 2084
3 2084 2062 2061
3 2062 2084 2085
3 2062 2085 2064
3 2064 2085 2086
3 2086 2087 2064
3 2087 2065 2064
3 2087 2088 2065
3 2088 2066 2065
3 2088 2089 2066
3 2089 2067 2066
3 2089 2091 2067
3 2091 2069 2067
3 2091 2092 2069
3 2092 2071 2069
3 2092 2094 2071
3 2094 2072 2071
3 2094 2095 2072
3 2095 2074 2072
3 2075 2097 2096
3 2075 2074 2097
3 2074 2095 2097
3 2075 2096 2076
3 1207 2098 1182
3 2098 2077 1182
3 2100 2098 2099
3 2100 2078 2098
3 2078 2077 2098
3 2099 2101 2100
3 2102 2078 2100
3 2102 2103 2078
3 2103 2079 2078
3 2100 2101 2102
3 2103 2104 2079
3 2104 2080 2079
3 2104 2105 2080
3 2105 2081 2080
3 2107 2105 2106
3 2107 2082 2105
3 2082 2081 2105
3 2106 2108 2107
3 2107 2083 2082
3 2083 2107 2108
3 2083 2108 2085
3 2085 2108 2109
3 2109 2110 2085
3 2110 2086 2085
3 2110 2111 2086
3 2111 2087 2086
3 2111 2112 2087
3 2112 2088 2087
3 2112 2114 2088
3 2114 2089 2088
3 2114 2116 2089
3 2116 2091 2089
3 2116 2117 2091
3 2117 2092 2091
3 2117 2119 2092
3 2119 2094 2092
3 2119 2120 2094
3 2120 2095 2094
3 2120 2121 2095
3 2121 2097 2095
3 2122 1227 1231
3 2122 2098 1227
3 2098 1207 1227
3 1231 1234 2122
3 2099 1237 2123
3 2099 2098 1237
3 1235 1237 2122
3 2122 1237 2098
3 1235 2122 1234
3 2123 2101 2099
3 2123 2103 2102
3 2123 1237 2103
3 1237 1239 2103
3 2123 2102 2101
3 1239 1242 2103
3 1242 2104 2103
3 2124 1242 1244
3 2124 2105 1242
3 2105 2104 1242
3 1244 1246 2124
3 2124 2106 2105
3 2106 2124 1246
3 2106 1246 2108
3 2108 1246 1248
3 1248 1250 2108
3 1250 2109 2108
3 1250 1252 2109
3 1252 2110 2109
3 1252 1254 2110
3 1254 2111 2110
3 1254 1256 2111
3 1256 2112 2111
3 1256 1259 2112
3 1259 2114 2112
3 1259 1261 2114
3 1261 2116 2114
3 1261 1264 2116
3 1264 2117 2116
3 1264 1266 2117
3 1266 2119 2117
3 1266 1268 2119
3 1268 2120 2119
3 1268 1270 2120
3 1270 2121 2120
3 2127 2126 2125
3 2125 2126 2128
3 2126 2131 2129
3 2126 2127 2131
3 2127 2130 2131
3 2129 2128 2126
3 2129 2132 2128
3 2134 2129 2131
3 2133 2129 2134
3 2132 2133 2135
3 2129 2133 2132
3 2134 2136 2133
3 2133 2136 2135
3 2137 2138 2130
3 2138 2131 2130
3 2138 2139 2131
3 2139 2134 2131
3 2140 2132 2135
3 2136 2142 2141
3 2136 2134 2142
3 2134 2139 2142
3 2141 2135 2136
3 2141 2143 2135
3 2143 2140 2135
3 2142 2144 2141
3 2141 2144 2143
3 2146 2137 2145
3 2146 2147 2137
3 2147 2138 2137
3 2147 2148 2138
3 2148 2139 2138
3 2148 2149 2139
3 2149 2142 2139
3 2150 2140 2143
3 2149 2144 2142
3 2151 2144 2149
3 2151 2143 2144
3 2150 2143 2151
3 2154 2153 2152
3 2152 2153 2155
3 2154 2156 2153
3 2153 2156 2155
3 2146 2157 2147
3 2158 2147 2157
3 2158 2159 2147
3 2159 2148 2147
3 2159 2160 2148
3 2160 2149 2148
3 2160 2151 2149
3 2161 2151 2160
3 2161 2150 2151
3 2152 2162 2154
3 2152 2155 2162
3 2162 2156 2154
3 2162 2155 2156
3 2166 2163 2165
3 2164 2163 2166
3 2163 2164 1593
3 1592 2163 1593
3 2167 1596 2168
3 2168 1596 1597
3 2166 2169 2164
3 2164 2169 2170
3 2164 2170 1593
3 1593 2170 1600
3 2168 1597 2171
3 2171 1597 1602
3 2170 2172 1600
3 2172 1605 1600
3 2171 1602 2173
3 2173 1602 1607
3 1608 2174 1609
3 1608 1611 2174
3 2172 2175 1605
3 2175 1612 1605
3 2173 1607 2176
3 2176 1607 1614
3 2177 1609 2174
3 1615 1609 2177
3 1616 2174 1611
3 1616 2178 2174
3 2178 2177 2174
3 2178 1616 1612
3 2178 1612 2179
3 2179 1612 2175
3 2176 1614 1617
3 2180 2176 1617
3 2181 1615 2177
3 1618 1615 2181
3 2177 2178 2181
3 2178 2182 2181
3 2179 2183 2182
3 2178 2179 2182
3 2181 1619 1618
3 1619 2185 1621
3 1619 2181 2185
3 2181 2182 2185
3 2183 2186 2185
3 2182 2183 2185
3 1622 2188 1623
3 1621 2188 1622
3 1621 2185 2188
3 2185 2189 2188
3 2186 2190 2189
3 2185 2186 2189
3 2192 1623 2188
3 2192 2193 1623
3 2193 1624 1623
3 2195 2192 2188
3 2195 2188 2194
3 2194 2188 2189
3 2190 2196 2194
3 2189 2190 2194
3 2193 1625 1624
3 2198 1625 2193
3 2200 1627 1625
3 2200 1625 2198
3 2195 2194 2199
3 2196 2199 2194
3 2201 2202 2203
3 2201 2204 2202
3 2200 2206 1627
3 2206 1628 1627
3 2203 2202 2207
3 2202 2204 2207
3 2206 2209 1628
3 2209 1629 1628
3 1630 2210 1631
3 2210 1630 1629
3 2210 1629 2211
3 2211 1629 2209
3 2210 1632 1631
3 1632 2210 2211
3 1632 2211 1633
3 1633 2211 2212
3 2212 2213 1633
3 2213 1634 1633
3 2213 467 1634
3 467 466 1634
3 2214 2215 2165
3 2215 2166 2165
3 2216 2167 2217
3 2217 2167 2168
3 2169 2221 2220
3 2169 2166 2221
3 2166 2215 2221
3 2169 2220 2170
3 2217 2168 2222
3 2222 2168 2171
3 2225 2220 2221
3 2224 2220 2225
3 2220 2224 2172
3 2170 2220 2172
3 2227 2226 2222
3 2227 2222 2173
3 2173 2222 2171
3 2229 2224 2225
3 2228 2224 2229
3 2224 2228 2175
3 2172 2224 2175
3 2230 2227 2173
3 2230 2173 2231
3 2231 2173 2176
3 2233 2228 2229
3 2232 2228 2233
3 2228 2232 2179
3 2175 2228 2179
3 2231 2176 2180
3 2234 2231 2180
3 2236 2232 2233
3 2235 2232 2236
3 2232 2235 2183
3 2179 2232 2183
3 2236 2237 2235
3 2235 2237 2238
3 2235 2238 2183
3 2183 2238 2186
3 2238 2239 2186
3 2239 2190 2186
3 2192 2240 2193
3 2192 2195 2240
3 2239 2241 2190
3 2241 2196 2190
3 2240 2198 2193
3 2199 2240 2195
3 2199 2242 2240
3 2198 2240 2200
3 2200 2240 2242
3 2243 2201 2203
3 2242 2199 2244
3 2244 2199 2196
3 2244 2196 2241
3 2201 2243 2204
3 2245 2197 2205
3 2246 2200 2242
3 2206 2200 2246
3 2244 2247 2246
3 2244 2246 2242
3 2203 2207 2243
3 2243 2207 2204
3 2245 2205 2248
3 2248 2205 2208
3 2249 2206 2246
3 2209 2206 2249
3 2247 2250 2249
3 2246 2247 2249
3 2208 2251 2248
3 2252 2209 2249
3 2211 2209 2252
3 2250 2253 2252
3 2249 2250 2252
3 2255 2211 2252
3 2212 2211 2255
3 2253 2256 2257
3 2253 2257 2252
3 2252 2257 2255
3 2256 2258 2257
3 2259 2212 2255
3 2259 2260 2212
3 2260 2213 2212
3 2262 2259 2255
3 2262 2255 2261
3 2261 2255 2257
3 2258 2263 2261
3 2257 2258 2261
3 2260 524 2213
3 524 467 2213
3 2262 2261 2264
3 2261 2263 2264
3 2268 2265 2267
3 2266 2265 2268
3 2265 2266 2215
3 2214 2265 2215
3 2270 2269 2216
3 2217 2270 2216
3 2269 2270 2219
3 2218 2269 2219
3 2268 2271 2266
3 2266 2271 2272
3 2266 2272 2215
3 2215 2272 2221
3 2273 2270 2217
3 2222 2273 2217
3 2270 2273 2223
3 2219 2270 2223
3 2272 2274 2221
3 2274 2225 2221
3 2273 2222 2226
3 2273 2226 2223
3 2274 2275 2225
3 2275 2229 2225
3 2230 2231 2276
3 2275 2277 2229
3 2277 2233 2229
3 2276 2231 2234
3 2277 2278 2233
3 2278 2236 2233
3 2237 2280 2279
3 2237 2236 2280
3 2236 2278 2280
3 2237 2279 2238
3 2282 2279 2280
3 2281 2279 2282
3 2279 2281 2239
3 2238 2279 2239
3 2284 2281 2282
3 2283 2281 2284
3 2281 2283 2241
3 2239 2281 2241
3 2284 2285 2283
3 2283 2285 2286
3 2283 2286 2241
3 2241 2286 2244
3 2289 2288 2287
3 2287 2288 2247
3 2287 2247 2286
3 2286 2247 2244
3 2289 2290 2288
3 2288 2290 2291
3 2288 2291 2247
3 2247 2291 2250
3 2291 2292 2250
3 2292 2253 2250
3 2256 2294 2293
3 2256 2253 2294
3 2253 2292 2294
3 2256 2293 2258
3 2259 2295 2260
3 2297 2259 2294
3 2297 2295 2259
3 2294 2259 2293
3 2262 2296 2259
3 2293 2259 2296
3 2293 2296 2263
3 2258 2293 2263
3 562 2260 2295
3 524 2260 562
3 2262 2264 2296
3 2297 2298 2295
3 2295 2298 564
3 2295 564 562
3 2296 2264 2263
3 2298 566 564
3 2299 2300 2267
3 2300 2268 2267
3 2271 2302 2301
3 2271 2268 2302
3 2268 2300 2302
3 2271 2301 2272
3 2304 2301 2302
3 2303 2301 2304
3 2301 2303 2274
3 2272 2301 2274
3 2304 2305 2303
3 2303 2305 2306
3 2303 2306 2274
3 2274 2306 2275
3 2309 2308 2307
3 2307 2308 2277
3 2307 2277 2306
3 2306 2277 2275
3 2309 2310 2308
3 2308 2310 2311
3 2308 2311 2277
3 2277 2311 2278
3 2311 2312 2278
3 2312 2280 2278
3 2312 2313 2280
3 2313 2282 2280
3 2313 2314 2282
3 2314 2284 2282
3 2285 2316 2315
3 2285 2284 2316
3 2284 2314 2316
3 2285 2315 2286
3 2315 2289 2287
3 2315 2316 2289
3 2316 2317 2289
3 2315 2287 2286
3 2290 2319 2318
3 2290 2289 2319
3 2289 2317 2319
3 2290 2318 2291
3 2319 2320 2318
3 2318 2320 2321
3 2318 2321 2291
3 2291 2321 2292
3 2321 2322 2292
3 2322 2294 2292
3 2322 2323 2294
3 2323 2297 2294
3 2298 607 605
3 2298 2297 607
3 2297 2323 607
3 2298 605 566
3 2324 2325 2299
3 2325 2300 2299
3 2325 2326 2300
3 2326 2302 2300
3 2326 2327 2302
3 2327 2304 2302
3 2305 2329 2328
3 2305 2304 2329
3 2304 2327 2329
3 2305 2328 2306
3 2328 2309 2307
3 2328 2329 2309
3 2329 2330 2309
3 2328 2307 2306
3 2310 2332 2331
3 2310 2309 2332
3 2309 2330 2332
3 2310 2331 2311
3 2334 2331 2332
3 2333 2331 2334
3 2331 2333 2312
3 2311 2331 2312
3 2334 2335 2333
3 2333 2335 2336
3 2333 2336 2312
3 2312 2336 2313
3 2336 2337 2313
3 2337 2314 2313
3 2337 2338 2314
3 2338 2316 2314
3 2338 2339 2316
3 2339 2317 2316
3 2339 2340 2317
3 2340 2319 2317
3 2320 2342 2341
3 2320 2319 2342
3 2319 2340 2342
3 2320 2341 2321
3 2344 2341 2342
3 2343 2341 2344
3 2341 2343 2322
3 2321 2341 2322
3 2344 2345 2343
3 2343 2345 2346
3 2343 2346 2322
3 2322 2346 2323
3 2346 642 2323
3 642 607 2323
3 2349 2348 2347
3 2347 2348 2350
3 2347 2350 2324
3 2324 2350 2325
3 2350 2351 2325
3 2351 2326 2325
3 2351 2352 2326
3 2352 2327 2326
3 2352 2353 2327
3 2353 2329 2327
3 2353 2354 2329
3 2354 2330 2329
3 2354 2355 2330
3 2355 2332 2330
3 2355 2356 2332
3 2356 2334 2332
3 2335 2358 2357
3 2335 2334 2358
3 2334 2356 2358
3 2335 2357 2336
3 2358 2359 2357
3 2357 2359 2360
3 2357 2360 2336
3 2336 2360 2337
3 2360 2361 2337
3 2361 2338 2337
3 2361 2362 2338
3 2362 2339 2338
3 2362 2363 2339
3 2363 2340 2339
3 2363 2364 2340
3 2364 2342 2340
3 2364 2365 2342
3 2365 2344 2342
3 2345 2367 2366
3 2345 2344 2367
3 2344 2365 2367
3 2345 2366 2346
3 2367 2368 2366
3 2366 2368 666
3 2366 666 2346
3 2346 666 642
3 2370 2348 2349
3 2369 2348 2370
3 2348 2369 2371
3 2350 2348 2371
3 2371 2372 2350
3 2372 2351 2350
3 2372 2373 2351
3 2373 2352 2351
3 2373 2374 2352
3 2374 2353 2352
3 2374 2375 2353
3 2375 2354 2353
3 2375 2376 2354
3 2376 2355 2354
3 2376 2377 2355
3 2377 2356 2355
3 2377 2378 2356
3 2378 2358 2356
3 2359 2380 2379
3 2359 2358 2380
3 2358 2378 2380
3 2359 2379 2360
3 2380 2381 2379
3 2379 2381 2382
3 2379 2382 2360
3 2360 2382 2361
3 2382 2383 2361
3 2383 2362 2361
3 2383 2384 2362
3 2384 2363 2362
3 2384 2385 2363
3 2385 2364 2363
3 2385 2386 2364
3 2386 2365 2364
3 2386 2387 2365
3 2387 2367 2365
3 2368 691 689
3 2368 2367 691
3 2367 2387 691
3 2368 689 666
3 2369 2390 2388
3 2369 2370 2390
3 2370 2389 2390
3 2369 2388 2371
3 2390 2391 2388
3 2388 2391 2392
3 2388 2392 2371
3 2371 2392 2372
3 2392 2393 2372
3 2393 2373 2372
3 2393 2394 2373
3 2394 2374 2373
3 2394 2395 2374
3 2395 2375 2374
3 2395 2396 2375
3 2396 2376 2375
3 2396 2397 2376
3 2397 2377 2376
3 2397 2398 2377
3 2398 2378 2377
3 2398 2399 2378
3 2399 2380 2378
3 2381 2401 2400
3 2381 2380 2401
3 2380 2399 2401
3 2381 2400 2382
3 2401 2402 2400
3 2400 2402 2403
3 2400 2403 2382
3 2382 2403 2383
3 2403 2404 2383
3 2404 2384 2383
3 2404 2405 2384
3 2405 2385 2384
3 2405 2406 2385
3 2406 2386 2385
3 2406 2407 2386
3 2407 2387 2386
3 2407 719 2387
3 719 691 2387
3 2408 2409 2389
3 2409 2390 2389
3 2391 2411 2410
3 2391 2390 2411
3 2390 2409 2411
3 2391 2410 2392
3 2411 2412 2410
3 2410 2412 2413
3 2410 2413 2392
3 2392 2413 2393
3 2413 2414 2393
3 2414 2394 2393
3 2414 2415 2394
3 2415 2395 2394
3 2415 2416 2395
3 2416 2396 2395
3 2416 2417 2396
3 2417 2397 2396
3 2417 2418 2397
3 2418 2398 2397
3 2418 2419 2398
3 2419 2399 2398
3 2419 2420 2399
3 2420 2401 2399
3 2420 2402 2401
3 2421 2402 2420
3 2402 2421 2422
3 2403 2402 2422
3 2422 2423 2403
3 2423 2404 2403
3 2423 2424 2404
3 2424 2405 2404
3 2424 2425 2405
3 2425 2406 2405
3 2425 2426 2406
3 2426 2407 2406
3 2426 751 2407
3 751 719 2407
3 2427 2428 2408
3 2428 2409 2408
3 2428 2429 2409
3 2429 2411 2409
3 2412 2431 2430
3 2412 2411 2431
3 2411 2429 2431
3 2412 2430 2413
3 2431 2432 2430
3 2430 2432 2433
3 2430 2433 2413
3 2413 2433 2414
3 2436 2435 2434
3 2434 2435 2415
3 2434 2415 2433
3 2433 2415 2414
3 2436 2437 2435
3 2435 2437 2438
3 2435 2438 2415
3 2415 2438 2416
3 2438 2439 2416
3 2439 2417 2416
3 2439 2440 2417
3 2440 2418 2417
3 2440 2441 2418
3 2441 2419 2418
3 2441 2442 2419
3 2442 2420 2419
3 2421 2444 2443
3 2421 2420 2444
3 2420 2442 2444
3 2421 2443 2422
3 2444 2445 2443
3 2443 2445 2446
3 2443 2446 2422
3 2422 2446 2423
3 2446 2447 2423
3 2447 2424 2423
3 2447 2448 2424
3 2448 2425 2424
3 2448 2449 2425
3 2449 2426 2425
3 2449 773 2426
3 773 751 2426
3 2451 2427 2450
3 2451 2452 2427
3 2452 2428 2427
3 2450 2453 2451
3 2452 2454 2428
3 2454 2429 2428
3 2454 2455 2429
3 2455 2431 2429
3 2455 2432 2431
3 2456 2432 2455
3 2432 2456 2457
3 2433 2432 2457
3 2434 2458 2436
3 2458 2434 2433
3 2458 2433 2459
3 2459 2433 2457
3 2458 2437 2436
3 2437 2458 2459
3 2437 2459 2438
3 2438 2459 2460
3 2460 2461 2438
3 2461 2439 2438
3 2461 2462 2439
3 2462 2440 2439
3 2462 2463 2440
3 2463 2441 2440
3 2463 2464 2441
3 2464 2442 2441
3 2466 2464 2465
3 2466 2444 2464
3 2444 2442 2464
3 2465 2467 2466
3 2445 2470 2469
3 2445 2444 2470
3 2468 2470 2466
3 2466 2470 2444
3 2468 2466 2467
3 2469 2446 2445
3 2470 2471 2469
3 2469 2471 2472
3 2469 2472 2446
3 2446 2472 2447
3 2472 2473 2447
3 2473 2448 2447
3 2473 2474 2448
3 2474 2449 2448
3 2474 797 2449
3 797 773 2449
3 2451 2475 2452
3 2475 2451 2453
3 2475 2453 2477
3 2477 2453 2476
3 2478 2452 2475
3 2478 2479 2452
3 2479 2454 2452
3 2475 2477 2478
3 2479 2480 2454
3 2480 2455 2454
3 2456 2482 2481
3 2456 2455 2482
3 2455 2480 2482
3 2456 2481 2457
3 2482 2483 2481
3 2481 2483 2484
3 2481 2484 2457
3 2457 2484 2459
3 2484 2485 2459
3 2485 2460 2459
3 2485 2486 2460
3 2486 2461 2460
3 2486 2487 2461
3 2487 2462 2461
3 2487 2488 2462
3 2488 2463 2462
3 2488 2489 2463
3 2489 2464 2463
3 2465 2491 2490
3 2465 2464 2491
3 2464 2489 2491
3 2465 2490 2467
3 2493 2491 2492
3 2493 2470 2491
3 2490 2491 2468
3 2468 2491 2470
3 2490 2468 2467
3 2492 2494 2493
3 2493 2471 2470
3 2471 2493 2494
3 2471 2494 2472
3 2472 2494 2495
3 2495 2496 2472
3 2496 2473 2472
3 2496 2497 2473
3 2497 2474 2473
3 2497 822 2474
3 822 797 2474
3 2498 2499 2476
3 2499 2477 2476
3 2478 2500 2479
3 2500 2478 2477
3 2500 2477 2501
3 2501 2477 2499
3 2502 2479 2500
3 2502 2503 2479
3 2503 2480 2479
3 2500 2501 2502
3 2505 2503 2504
3 2505 2482 2503
3 2482 2480 2503
3 2504 2506 2505
3 2505 2483 2482
3 2483 2505 2506
3 2483 2506 2484
3 2484 2506 2507
3 2507 2508 2484
3 2508 2485 2484
3 2508 2509 2485
3 2509 2486 2485
3 2509 2510 2486
3 2510 2487 2486
3 2510 2511 2487
3 2511 2488 2487
3 2511 2512 2488
3 2512 2489 2488
3 2512 2513 2489
3 2513 2491 2489
3 2513 2492 2491
3 2514 2492 2513
3 2492 2514 2515
3 2494 2492 2515
3 2515 2516 2494
3 2516 2495 2494
3 2516 2517 2495
3 2517 2496 2495
3 2517 2518 2496
3 2518 2497 2496
3 2518 847 2497
3 847 822 2497
3 2519 2520 2498
3 2520 2499 2498
3 2520 2521 2499
3 2521 2501 2499
3 2502 2522 2503
3 2522 2502 2501
3 2522 2501 2523
3 2523 2501 2521
3 2504 2526 2525
3 2504 2503 2526
3 2524 2526 2522
3 2522 2526 2503
3 2524 2522 2523
3 2525 2506 2504
3 2526 2527 2525
3 2525 2527 2528
3 2525 2528 2506
3 2506 2528 2507
3 2528 2529 2507
3 2529 2508 2507
3 2529 2530 2508
3 2530 2509 2508
3 2530 2531 2509
3 2531 2510 2509
3 2531 2532 2510
3 2532 2511 2510
3 2532 2533 2511
3 2533 2512 2511
3 2535 2533 2534
3 2535 2513 2533
3 2513 2512 2533
3 2534 2536 2535
3 2514 2539 2538
3 2514 2513 2539
3 2537 2539 2535
3 2535 2539 2513
3 2537 2535 2536
3 2538 2515 2514
3 2539 2540 2538
3 2538 2540 2541
3 2538 2541 2515
3 2515 2541 2516
3 2541 2542 2516
3 2542 2517 2516
3 2542 2543 2517
3 2543 2518 2517
3 2543 871 2518
3 871 847 2518
3 2545 2519 2544
3 2520 2519 2545
3 2546 2547 2545
3 2544 2546 2545
3 2548 2520 2545
3 2548 2549 2520
3 2549 2521 2520
3 2545 2547 2548
3 2549 2550 2521
3 2550 2523 2521
3 2524 2551 2526
3 2551 2524 2523
3 2551 2523 2552
3 2552 2523 2550
3 2527 2555 2554
3 2527 2526 2555
3 2553 2555 2551
3 2551 2555 2526
3 2553 2551 2552
3 2554 2528 2527
3 2555 2556 2554
3 2554 2556 2557
3 2554 2557 2528
3 2528 2557 2529
3 2557 2558 2529
3 2558 2530 2529
3 2558 2559 2530
3 2559 2531 2530
3 2559 2560 2531
3 2560 2532 2531
3 2560 2561 2532
3 2561 2533 2532
3 2534 2563 2562
3 2534 2533 2563
3 2533 2561 2563
3 2534 2562 2536
3 2565 2563 2564
3 2565 2539 2563
3 2562 2563 2537
3 2537 2563 2539
3 2562 2537 2536
3 2564 2566 2565
3 2565 2540 2539
3 2540 2565 2566
3 2540 2566 2541
3 2541 2566 2567
3 2567 2568 2541
3 2568 2542 2541
3 2568 2569 2542
3 2569 2543 2542
3 2569 896 2543
3 896 871 2543
3 18 167 2546
3 167 2547 2546
3 2548 2570 2549
3 2570 2548 2547
3 2570 2547 171
3 171 2547 167
3 173 2549 2570
3 173 174 2549
3 174 2550 2549
3 2570 171 173
3 174 177 2550
3 177 2552 2550
3 2571 2553 2552
3 2571 2552 181
3 181 2552 177
3 2556 2571 181
3 2556 181 2557
3 2557 181 183
3 183 185 2557
3 185 2558 2557
3 185 187 2558
3 187 2559 2558
3 187 189 2559
3 189 2560 2559
3 2572 189 191
3 2572 2561 189
3 2561 2560 189
3 191 193 2572
3 194 2561 2572
3 194 196 2561
3 196 2563 2561
3 2572 193 194
3 2564 199 2573
3 2564 2563 199
3 2563 196 199
3 2564 2573 2566
3 199 201 2573
3 2573 201 203
3 2573 203 2566
3 2566 203 2567
3 203 205 2567
3 205 2568 2567
3 205 207 2568
3 207 2569 2568
3 207 209 2569
3 209 896 2569
3 2574 2575 1694
3 2575 163 1694
3 2576 2577 2575
3 2576 2575 2578
3 2578 2575 2574
3 2580 1269 2579
3 2580 2581 1269
3 2581 1270 1269
3 2579 2582 2580
3 2580 2583 2581
3 2583 2580 2582
3 2583 2582 2585
3 2585 2582 2584
3 2588 2587 2586
3 2586 2587 2589
3 2586 2589 2584
3 2584 2589 2585
3 2591 2587 2588
3 2590 2587 2591
3 2587 2590 2592
3 2589 2587 2592
3 2591 2593 2590
3 2590 2593 2594
3 2590 2594 2592
3 2592 2594 2595
3 2594 2596 2595
3 2596 2597 2595
3 2599 2600 2598
3 2599 2597 2600
3 2597 2596 2600
3 2599 2598 2601
3 2603 2598 2600
3 2602 2598 2603
3 2598 2602 2604
3 2601 2598 2604
3 2603 2605 2602
3 2602 2605 2606
3 2602 2606 2604
3 2604 2606 2607
3 2610 2609 2608
3 2608 2609 2611
3 2608 2611 2606
3 2606 2611 2607
3 2613 2609 2610
3 2612 2609 2613
3 2609 2612 2614
3 2611 2609 2614
3 2613 2615 2612
3 2618 2616 2617
3 2615 2618 2617
3 2615 2617 2614
3 2615 2614 2612
3 2617 2616 2619
3 2618 2620 2616
3 2616 2620 2621
3 2616 2621 2619
3 2619 2621 2622
3 2621 2623 2622
3 2623 2624 2622
3 2623 2626 2624
3 2625 2626 2623
3 1290 2579 1269
3 2627 2579 1290
3 2579 2627 2628
3 2582 2579 2628
3 2631 2630 2629
3 2629 2630 2584
3 2629 2584 2628
3 2628 2584 2582
3 2630 2588 2586
3 2630 2631 2588
3 2631 2632 2588
3 2630 2586 2584
3 2632 2633 2588
3 2633 2591 2588
3 2633 2593 2591
3 2634 2593 2633
3 2593 2634 2635
3 2594 2593 2635
3 2635 2636 2594
3 2636 2596 2594
3 2636 2637 2596
3 2637 2600 2596
3 2637 2638 2600
3 2638 2603 2600
3 2605 2640 2639
3 2605 2603 2640
3 2603 2638 2640
3 2605 2639 2606
3 2642 2640 2641
3 2642 2610 2640
3 2639 2640 2608
3 2608 2640 2610
3 2639 2608 2606
3 2641 2643 2642
3 2644 2610 2642
3 2644 2645 2610
3 2645 2613 2610
3 2642 2643 2644
3 2615 2647 2646
3 2615 2613 2647
3 2613 2645 2647
3 2615 2646 2618
3 2647 2648 2646
3 2650 2649 2620
3 2648 2650 2620
3 2648 2620 2618
3 2648 2618 2646
3 2620 2649 2621
3 2650 2651 2649
3 2649 2651 2652
3 2649 2652 2621
3 2621 2652 2623
3 2625 2654 2653
3 2625 2623 2654
3 2623 2652 2654
3 2656 2653 2654
3 2655 2653 2656
3 2627 2659 2658
3 2627 1290 2659
3 2657 2659 1315
3 1315 2659 1290
3 2657 1315 1316
3 2658 2628 2627
3 2658 2631 2629
3 2658 2659 2631
3 2659 2661 2631
3 2658 2629 2628
3 2661 2662 2631
3 2662 2632 2631
3 2664 2662 2663
3 2664 2633 2662
3 2633 2632 2662
3 2663 2665 2664
3 2664 2634 2633
3 2634 2664 2665
3 2634 2665 2635
3 2635 2665 2666
3 2666 2667 2635
3 2667 2636 2635
3 2667 2668 2636
3 2668 2637 2636
3 2668 2669 2637
3 2669 2638 2637
3 2669 2670 2638
3 2670 2640 2638
3 2670 2641 2640
3 2671 2641 2670
3 2641 2671 2672
3 2643 2641 2672
3 2645 2673 2674
3 2644 2673 2645
3 2673 2644 2643
3 2672 2673 2643
3 2674 2675 2645
3 2675 2647 2645
3 2648 2677 2676
3 2648 2647 2677
3 2647 2675 2677
3 2648 2676 2650
3 2680 2678 2679
3 2678 2681 2679
3 2677 2682 2676
3 2684 2683 2651
3 2682 2684 2651
3 2682 2651 2650
3 2682 2650 2676
3 2680 2679 2685
3 2683 2652 2651
3 2679 2681 2685
3 2684 2686 2683
3 2683 2686 2687
3 2683 2687 2652
3 2652 2687 2654
3 2689 2687 2688
3 2689 2656 2687
3 2656 2654 2687
3 1341 2659 2657
3 1341 1342 2659
3 1342 2690 2659
3 1341 2657 1316
3 2690 2692 2659
3 2692 2661 2659
3 2694 2692 2693
3 2694 2662 2692
3 2662 2661 2692
3 2693 2695 2694
3 2694 2663 2662
3 2663 2694 2695
3 2663 2695 2665
3 2665 2695 2696
3 2696 2698 2665
3 2698 2666 2665
3 2698 2699 2666
3 2699 2667 2666
3 2702 2701 2700
3 2700 2701 2668
3 2700 2668 2699
3 2699 2668 2667
3 2702 2703 2701
3 2701 2703 2704
3 2701 2704 2668
3 2668 2704 2669
3 2707 2705 2706
3 2705 2708 2706
3 2704 2709 2669
3 2709 2670 2669
3 2707 2706 2710
3 2706 2708 2710
3 2671 2712 2711
3 2671 2670 2712
3 2670 2709 2712
3 2671 2711 2672
3 2711 2674 2673
3 2711 2712 2674
3 2712 2713 2674
3 2711 2673 2672
3 2716 2715 2714
3 2714 2715 2675
3 2714 2675 2713
3 2713 2675 2674
3 2718 2715 2716
3 2717 2715 2718
3 2715 2717 2677
3 2675 2715 2677
3 2678 2680 2719
3 2678 2719 2681
3 2718 2720 2717
3 2722 2721 2682
3 2720 2722 2682
3 2720 2682 2677
3 2720 2677 2717
3 2682 2721 2684
3 2719 2680 2685
3 2719 2685 2681
3 2722 2723 2721
3 2725 2724 2686
3 2723 2725 2686
3 2723 2686 2684
3 2723 2684 2721
3 2724 2687 2686
3 2728 2726 2727
3 2725 2729 2724
3 2727 2729 2728
3 2727 2688 2729
3 2724 2729 2687
3 2687 2729 2688
3 1367 2731 1342
3 2731 2690 1342
3 2734 2731 2733
3 2734 2692 2731
3 2692 2690 2731
3 2733 2735 2734
3 2734 2693 2692
3 2693 2734 2735
3 2693 2735 2695
3 2695 2735 2736
3 2736 2737 2695
3 2737 2696 2695
3 2737 2738 2696
3 2738 2698 2696
3 2741 2740 2739
3 2739 2740 2699
3 2739 2699 2738
3 2738 2699 2698
3 2743 2741 2742
3 2743 2702 2741
3 2740 2741 2700
3 2700 2741 2702
3 2740 2700 2699
3 2742 2744 2743
3 2743 2703 2702
3 2703 2743 2744
3 2703 2744 2704
3 2704 2744 2745
3 2705 2707 2746
3 2705 2746 2708
3 2745 2747 2704
3 2747 2709 2704
3 2746 2707 2710
3 2746 2710 2708
3 2747 2748 2709
3 2748 2712 2709
3 2748 2749 2712
3 2749 2713 2712
3 2714 2750 2716
3 2750 2714 2713
3 2750 2713 2751
3 2751 2713 2749
3 2752 2716 2750
3 2752 2753 2716
3 2753 2718 2716
3 2750 2751 2752
3 2720 2755 2754
3 2720 2718 2755
3 2718 2753 2755
3 2720 2754 2722
3 2755 2756 2754
3 2758 2757 2723
3 2756 2758 2723
3 2756 2723 2722
3 2756 2722 2754
3 2723 2757 2725
3 2728 2760 2759
3 2726 2728 2759
3 2726 2759 2761
3 2764 2763 2762
3 2762 2763 2765
3 2758 2766 2757
3 2768 2767 2729
3 2766 2768 2729
3 2766 2729 2725
3 2766 2725 2757
3 2767 2728 2729
3 2767 2769 2728
3 2769 2760 2728
3 2772 1391 2771
3 2772 2731 1391
3 2731 1367 1391
3 2771 2773 2772
3 2772 2733 2731
3 2733 2772 2773
3 2733 2773 2735
3 2735 2773 2775
3 2775 2776 2735
3 2776 2736 2735
3 2776 2778 2736
3 2778 2737 2736
3 2781 2780 2779
3 2779 2780 2738
3 2779 2738 2778
3 2778 2738 2737
3 2783 2781 2782
3 2783 2741 2781
3 2780 2781 2739
3 2739 2781 2741
3 2780 2739 2738
3 2782 2784 2783
3 2783 2742 2741
3 2742 2783 2784
3 2742 2784 2744
3 2744 2784 2785
3 2785 2786 2744
3 2786 2745 2744
3 2786 2787 2745
3 2787 2747 2745
3 2787 2788 2747
3 2788 2748 2747
3 2788 2789 2748
3 2789 2749 2748
3 2789 2790 2749
3 2790 2751 2749
3 2753 2791 2792
3 2752 2791 2753
3 2791 2752 2751
3 2790 2791 2751
3 2792 2793 2753
3 2793 2755 2753
3 2794 2795 2796
3 2794 2796 2755
3 2794 2755 2793
3 2755 2796 2756
3 2756 2796 2758
3 2759 2760 2797
3 2759 2797 2761
3 2800 2801 2802
3 2795 2799 2762
3 2795 2798 2799
3 2799 2764 2762
3 2795 2765 2796
3 2795 2762 2765
3 2796 2765 2803
3 2801 2800 2765
3 2803 2765 2800
3 2805 2804 2766
3 2803 2805 2766
3 2803 2766 2758
3 2803 2758 2796
3 2766 2804 2768
3 2806 2797 2760
3 2806 2760 2807
3 2807 2760 2769
3 2797 2806 2808
3 2797 2808 2761
3 2761 2808 2770
3 1414 2771 1391
3 2809 2771 1414
3 2771 2809 2810
3 2773 2771 2810
3 2774 1415 1392
3 2810 2811 2773
3 2811 2775 2773
3 2811 2812 2775
3 2812 2776 2775
3 2812 2813 2776
3 2813 2778 2776
3 2779 2814 2781
3 2814 2779 2778
3 2814 2778 2815
3 2815 2778 2813
3 2814 2782 2781
3 2782 2814 2815
3 2782 2815 2784
3 2784 2815 2816
3 2816 2817 2784
3 2817 2785 2784
3 2817 2818 2785
3 2818 2786 2785
3 2818 2819 2786
3 2819 2787 2786
3 2819 2820 2787
3 2820 2788 2787
3 2820 2821 2788
3 2821 2789 2788
3 2821 2822 2789
3 2822 2790 2789
3 2792 2823 2824
3 2791 2823 2792
3 2823 2791 2790
3 2822 2823 2790
3 2825 2803 2800
3 2825 2828 2803
3 2825 2827 2828
3 2826 2803 2828
3 2803 2826 2805
3 2806 2807 2829
3 2806 2829 2808
3 1437 2809 1414
3 2809 1437 1438
3 2809 1438 2810
3 2810 1438 2830
3 2830 2831 2810
3 2831 2811 2810
3 2831 2833 2811
3 2833 2812 2811
3 2833 2834 2812
3 2834 2813 2812
3 2834 2835 2813
3 2835 2815 2813
3 2835 2836 2815
3 2836 2816 2815
3 2836 2837 2816
3 2837 2817 2816
3 2837 2838 2817
3 2838 2818 2817
3 2838 2839 2818
3 2839 2819 2818
3 2839 2840 2819
3 2840 2820 2819
3 2840 2841 2820
3 2841 2821 2820
3 2841 2842 2821
3 2842 2822 2821
3 2843 2823 2822
3 2843 2822 2844
3 2844 2822 2842
3 2843 2844 2845
3 2846 2847 2827
3 2847 2828 2827
3 1460 2848 1438
3 2848 2830 1438
3 2848 2849 2830
3 2849 2831 2830
3 2852 2851 2850
3 2850 2851 2833
3 2850 2833 2849
3 2849 2833 2831
3 2852 2853 2851
3 2851 2853 2854
3 2851 2854 2833
3 2833 2854 2834
3 2854 2855 2834
3 2855 2835 2834
3 2855 2856 2835
3 2856 2836 2835
3 2856 2857 2836
3 2857 2837 2836
3 2857 2858 2837
3 2858 2838 2837
3 2858 2859 2838
3 2859 2839 2838
3 2859 2860 2839
3 2860 2840 2839
3 2860 2861 2840
3 2861 2841 2840
3 2861 2862 2841
3 2862 2842 2841
3 2862 2863 2842
3 2863 2844 2842
3 2864 2845 2844
3 2863 2864 2844
3 2866 2867 2865
3 2867 2846 2865
3 2867 2868 2846
3 2868 2847 2846
3 1482 2869 1460
3 2869 2848 1460
3 2869 2871 2848
3 2871 2849 2848
3 2850 2872 2852
3 2872 2850 2849
3 2872 2849 2873
3 2873 2849 2871
3 2872 2853 2852
3 2853 2872 2873
3 2853 2873 2854
3 2854 2873 2874
3 2874 2875 2854
3 2875 2855 2854
3 2875 2876 2855
3 2876 2856 2855
3 2876 2877 2856
3 2877 2857 2856
3 2877 2878 2857
3 2878 2858 2857
3 2878 2879 2858
3 2879 2859 2858
3 2879 2880 2859
3 2880 2860 2859
3 2880 2881 2860
3 2881 2861 2860
3 2883 2881 2882
3 2883 2862 2881
3 2862 2861 2881
3 2882 2884 2883
3 2885 2862 2883
3 2885 2886 2862
3 2886 2863 2862
3 2883 2884 2885
3 2866 2887 2888
3 2864 2887 2866
3 2887 2864 2863
3 2886 2887 2863
3 2889 2890 2867
3 2889 2867 2888
3 2888 2867 2866
3 2890 2891 2868
3 2867 2890 2868
3 1503 2892 1482
3 2892 2869 1482
3 2892 2894 2869
3 2894 2871 2869
3 2894 2895 2871
3 2895 2873 2871
3 2895 2896 2873
3 2896 2874 2873
3 2896 2897 2874
3 2897 2875 2874
3 2897 2898 2875
3 2898 2876 2875
3 2898 2899 2876
3 2899 2877 2876
3 2899 2900 2877
3 2900 2878 2877
3 2900 2901 2878
3 2901 2879 2878
3 2901 2902 2879
3 2902 2880 2879
3 2904 2902 2903
3 2904 2881 2902
3 2881 2880 2902
3 2903 2905 2904
3 2882 2908 2907
3 2882 2881 2908
3 2906 2908 2904
3 2904 2908 2881
3 2906 2904 2905
3 2907 2884 2882
3 2907 2886 2885
3 2907 2908 2886
3 2908 2909 2886
3 2907 2885 2884
3 2887 2910 2888
3 2910 2887 2886
3 2910 2886 2911
3 2911 2886 2909
3 2912 2913 2914
3 2889 2913 2912
3 2889 2910 2913
3 2889 2888 2910
3 2910 2911 2913
3 2912 2914 2915
3 1524 2916 1503
3 2916 2892 1503
3 2916 2917 2892
3 2917 2894 2892
3 2917 2918 2894
3 2918 2895 2894
3 2918 2919 2895
3 2919 2896 2895
3 2919 2920 2896
3 2920 2897 2896
3 2920 2921 2897
3 2921 2898 2897
3 2921 2922 2898
3 2922 2899 2898
3 2922 2923 2899
3 2923 2900 2899
3 2923 2924 2900
3 2924 2901 2900
3 2924 2925 2901
3 2925 2902 2901
3 2925 2903 2902
3 2926 2903 2925
3 2903 2926 2927
3 2905 2903 2927
3 2908 2928 2929
3 2906 2928 2908
3 2928 2906 2905
3 2927 2928 2905
3 2929 2930 2908
3 2930 2909 2908
3 2930 2931 2909
3 2931 2911 2909
3 2932 2913 2911
3 2931 2932 2911
3 1544 2933 1524
3 2933 2916 1524
3 2933 2934 2916
3 2934 2917 2916
3 2934 2935 2917
3 2935 2918 2917
3 2935 2936 2918
3 2936 2919 2918
3 2936 2937 2919
3 2937 2920 2919
3 2937 2938 2920
3 2938 2921 2920
3 2938 2939 2921
3 2939 2922 2921
3 2939 2940 2922
3 2940 2923 2922
3 2940 2941 2923
3 2941 2924 2923
3 2943 2941 2942
3 2943 2925 2941
3 2925 2924 2941
3 2942 2944 2943
3 2943 2926 2925
3 2926 2943 2944
3 2926 2944 2927
3 2927 2944 2945
3 2929 2946 2947
3 2928 2946 2929
3 2946 2928 2927
3 2945 2946 2927
3 2947 2948 2929
3 2948 2930 2929
3 2948 2949 2930
3 2949 2931 2930
3 2950 2932 2931
3 2949 2950 2931
3 1566 2951 1544
3 2951 2933 1544
3 2951 2952 2933
3 2952 2934 2933
3 2952 2953 2934
3 2953 2935 2934
3 2953 2954 2935
3 2954 2936 2935
3 2954 2955 2936
3 2955 2937 2936
3 2955 2956 2937
3 2956 2938 2937
3 2956 2957 2938
3 2957 2939 2938
3 2957 2958 2939
3 2958 2940 2939
3 2958 2959 2940
3 2959 2941 2940
3 2959 2942 2941
3 2960 2942 2959
3 2942 2960 2961
3 2944 2942 2961
3 2964 2963 2962
3 2962 2963 2945
3 2962 2945 2961
3 2961 2945 2944
3 2963 2947 2946
3 2963 2964 2947
3 2964 2965 2947
3 2963 2946 2945
3 2965 2966 2947
3 2966 2948 2947
3 2966 2967 2948
3 2967 2949 2948
3 2968 2950 2949
3 2967 2968 2949
3 1587 2969 1566
3 2969 2951 1566
3 2969 2970 2951
3 2970 2952 2951
3 2970 2971 2952
3 2971 2953 2952
3 2971 2972 2953
3 2972 2954 2953
3 2972 2973 2954
3 2973 2955 2954
3 2973 2974 2955
3 2974 2956 2955
3 2974 2975 2956
3 2975 2957 2956
3 2975 2976 2957
3 2976 2958 2957
3 2976 2977 2958
3 2977 2959 2958
3 2977 2960 2959
3 2978 2960 2977
3 2960 2978 2979
3 2961 2960 2979
3 2964 2980 2981
3 2962 2980 2964
3 2980 2962 2961
3 2979 2980 2961
3 2981 2982 2964
3 2982 2965 2964
3 2984 2982 2983
3 2984 2966 2982
3 2966 2965 2982
3 2983 2985 2984
3 2986 2966 2984
3 2967 2966 2986
3 2985 2987 2986
3 2984 2985 2986
3 2988 2989 2990
3 2968 2989 2988
3 2968 2986 2989
3 2968 2967 2986
3 2986 2987 2989
3 2988 2990 2991
3 466 469 1587
3 469 2969 1587
3 469 471 2969
3 471 2970 2969
3 471 473 2970
3 473 2971 2970
3 473 475 2971
3 475 2972 2971
3 475 477 2972
3 477 2973 2972
3 477 479 2973
3 479 2974 2973
3 479 485 2974
3 485 2975 2974
3 485 490 2975
3 490 2976 2975
3 2992 490 493
3 2992 2977 490
3 2977 2976 490
3 493 495 2992
3 2992 2978 2977
3 2978 2992 495
3 2978 495 2979
3 2979 495 497
3 2981 499 501
3 2980 499 2981
3 499 2980 2979
3 497 499 2979
3 501 504 2981
3 504 2982 2981
3 504 2983 2982
3 506 2983 504
3 2983 506 509
3 2985 2983 509
3 509 513 2985
3 513 2987 2985
3 2989 2993 2990
3 515 2987 513
3 515 2993 2987
3 515 2994 2993
3 2989 2987 2993
3 515 517 2994
3 2990 2993 521
3 2990 521 2991
3 2991 521 519
3 2993 2994 523
3 521 2993 523
3 2994 517 523
3 2996 55 2995
3 2996 1209 55
3 1209 56 55
3 2995 2997 2996
3 2996 1210 1209
3 1210 2996 2997
3 1210 2997 1212
3 1212 2997 2998
3 2998 2999 1212
3 2999 1213 1212
3 2999 3000 1213
3 3000 1214 1213
3 3000 3001 1214
3 3001 1215 1214
3 3001 3002 1215
3 3002 1216 1215
3 3002 3003 1216
3 3003 1217 1216
3 3003 3004 1217
3 3004 1219 1217
3 3004 3005 1219
3 3005 1220 1219
3 3005 3006 1220
3 3006 1221 1220
3 3006 3007 1221
3 3007 1222 1221
3 3007 3008 1222
3 3008 1223 1222
3 3008 3009 1223
3 3009 1224 1223
3 3009 3010 1224
3 3010 1225 1224
3 3010 3011 1225
3 3011 1226 1225
3 1228 3011 3012
3 1228 1227 3011
3 1227 1226 3011
3 3012 1233 1228
3 57 2995 55
3 3013 2995 57
3 2995 3013 3014
3 2997 2995 3014
3 3014 3015 2997
3 3015 2998 2997
3 3015 3016 2998
3 3016 2999 2998
3 3016 3017 2999
3 3017 3000 2999
3 3017 3018 3000
3 3018 3001 3000
3 3018 3019 3001
3 3019 3002 3001
3 3019 3020 3002
3 3020 3003 3002
3 3020 3021 3003
3 3021 3004 3003
3 3021 3022 3004
3 3022 3005 3004
3 3022 3023 3005
3 3023 3006 3005
3 3023 3024 3006
3 3024 3007 3006
3 3024 3025 3007
3 3025 3008 3007
3 3025 3026 3008
3 3026 3009 3008
3 3026 3027 3009
3 3027 3010 3009
3 3029 3027 3028
3 3029 3011 3027
3 3011 3010 3027
3 3028 3030 3029
3 3012 1272 1271
3 3012 3011 1272
3 3031 1272 3029
3 3029 1272 3011
3 3031 3029 3030
3 1271 1233 3012
3 59 3013 57
3 3013 59 60
3 3013 60 3014
3 3014 60 3032
3 3032 3033 3014
3 3033 3015 3014
3 3033 3034 3015
3 3034 3016 3015
3 3034 3035 3016
3 3035 3017 3016
3 3035 3036 3017
3 3036 3018 3017
3 3036 3037 3018
3 3037 3019 3018
3 3037 3038 3019
3 3038 3020 3019
3 3038 3039 3020
3 3039 3021 3020
3 3039 3040 3021
3 3040 3022 3021
3 3040 3041 3022
3 3041 3023 3022
3 3041 3042 3023
3 3042 3024 3023
3 3042 3043 3024
3 3043 3025 3024
3 3043 3044 3025
3 3044 3026 3025
3 3044 3045 3026
3 3045 3027 3026
3 3028 3047 3046
3 3028 3027 3047
3 3027 3045 3047
3 3028 3046 3030
3 3046 1272 3031
3 3046 3047 1272
3 3047 1291 1272
3 3046 3031 3030
3 61 3048 60
3 3048 3032 60
3 64 63 3049
3 63 65 3049
3 3048 3050 3032
3 3050 3033 3032
3 3050 3051 3033
3 3051 3034 3033
3 3051 3052 3034
3 3052 3035 3034
3 3052 3053 3035
3 3053 3036 3035
3 3053 3054 3036
3 3054 3037 3036
3 3054 3055 3037
3 3055 3038 3037
3 3055 3056 3038
3 3056 3039 3038
3 3056 3057 3039
3 3057 3040 3039
3 3057 3058 3040
3 3058 3041 3040
3 3058 3059 3041
3 3059 3042 3041
3 3059 3060 3042
3 3060 3043 3042
3 3060 3061 3043
3 3061 3044 3043
3 3063 3061 3062
3 3063 3045 3061
3 3045 3044 3061
3 3062 3064 3063
3 3065 3045 3063
3 3065 3066 3045
3 3066 3047 3045
3 3063 3064 3065
3 3066 1317 3047
3 1317 1291 3047
3 66 3067 61
3 3067 3048 61
3 67 64 3049
3 67 3049 65
3 3067 3068 3048
3 3068 3050 3048
3 3068 3069 3050
3 3069 3051 3050
3 3069 3070 3051
3 3070 3052 3051
3 3070 3071 3052
3 3071 3053 3052
3 3071 3072 3053
3 3072 3054 3053
3 3072 3073 3054
3 3073 3055 3054
3 3073 3074 3055
3 3074 3056 3055
3 3074 3075 3056
3 3075 3057 3056
3 3075 3076 3057
3 3076 3058 3057
3 3076 3077 3058
3 3077 3059 3058
3 3077 3078 3059
3 3078 3060 3059
3 3080 3078 3079
3 3080 3061 3078
3 3061 3060 3078
3 3079 3081 3080
3 3062 3084 3083
3 3062 3061 3084
3 3082 3084 3080
3 3080 3084 3061
3 3082 3080 3081
3 3083 3064 3062
3 3083 3066 3065
3 3083 3084 3066
3 3084 3085 3066
3 3083 3065 3064
3 3085 1345 3066
3 1345 1317 3066
3 68 3086 66
3 3086 3067 66
3 3086 3087 3067
3 3087 3068 3067
3 3087 3088 3068
3 3088 3069 3068
3 3088 3089 3069
3 3089 3070 3069
3 3089 3090 3070
3 3090 3071 3070
3 3090 3091 3071
3 3091 3072 3071
3 3091 3092 3072
3 3092 3073 3072
3 3092 3093 3073
3 3093 3074 3073
3 3093 3094 3074
3 3094 3075 3074
3 3094 3095 3075
3 3095 3076 3075
3 3095 3096 3076
3 3096 3077 3076
3 3098 3096 3097
3 3098 3078 3096
3 3078 3077 3096
3 3097 3099 3098
3 3098 3079 3078
3 3079 3098 3099
3 3079 3099 3081
3 3081 3099 3100
3 3084 3101 3102
3 3082 3101 3084
3 3101 3082 3081
3 3100 3101 3081
3 3102 3103 3084
3 3103 3085 3084
3 3103 1369 3085
3 1369 1345 3085
3 69 3104 68
3 3104 3086 68
3 3104 3105 3086
3 3105 3087 3086
3 3105 3106 3087
3 3106 3088 3087
3 3106 3107 3088
3 3107 3089 3088
3 3107 3108 3089
3 3108 3090 3089
3 3108 3109 3090
3 3109 3091 3090
3 3109 3110 3091
3 3110 3092 3091
3 3110 3111 3092
3 3111 3093 3092
3 3111 3112 3093
3 3112 3094 3093
3 3112 3113 3094
3 3113 3095 3094
3 3113 3114 3095
3 3114 3096 3095
3 3114 3097 3096
3 3115 3097 3114
3 3097 3115 3116
3 3099 3097 3116
3 3116 3117 3099
3 3117 3100 3099
3 3102 3118 3119
3 3101 3118 3102
3 3118 3101 3100
3 3117 3118 3100
3 3119 3120 3102
3 3120 3103 3102
3 1393 3120 3121
3 1393 1369 3120
3 1369 3103 3120
3 3121 1394 1393
3 70 3122 69
3 3122 3104 69
3 3122 3123 3104
3 3123 3105 3104
3 3123 3124 3105
3 3124 3106 3105
3 3124 3125 3106
3 3125 3107 3106
3 3125 3126 3107
3 3126 3108 3107
3 3126 3127 3108
3 3127 3109 3108
3 3127 3128 3109
3 3128 3110 3109
3 3128 3129 3110
3 3129 3111 3110
3 3129 3130 3111
3 3130 3112 3111
3 3130 3131 3112
3 3131 3113 3112
3 3131 3132 3113
3 3132 3114 3113
3 3132 3115 3114
3 3133 3115 3132
3 3115 3133 3134
3 3116 3115 3134
3 3134 3135 3116
3 3135 3117 3116
3 3119 3136 3137
3 3118 3136 3119
3 3136 3118 3117
3 3135 3136 3117
3 3137 3138 3119
3 3138 3120 3119
3 3138 3121 3120
3 3139 3121 3138
3 3121 3139 1416
3 1394 3121 1416
3 71 3140 70
3 3140 3122 70
3 3140 3141 3122
3 3141 3123 3122
3 3141 3142 3123
3 3142 3124 3123
3 3142 3143 3124
3 3143 3125 3124
3 3143 3144 3125
3 3144 3126 3125
3 3144 3145 3126
3 3145 3127 3126
3 3145 3146 3127
3 3146 3128 3127
3 3146 3147 3128
3 3147 3129 3128
3 3147 3148 3129
3 3148 3130 3129
3 3148 3149 3130
3 3149 3131 3130
3 3151 3149 3150
3 3151 3132 3149
3 3132 3131 3149
3 3150 3152 3151
3 3151 3133 3132
3 3133 3151 3152
3 3133 3152 3134
3 3134 3152 3153
3 3153 3154 3134
3 3154 3135 3134
3 3137 3155 3156
3 3136 3155 3137
3 3155 3136 3135
3 3154 3155 3135
3 3158 3156 3157
3 3158 3138 3156
3 3138 3137 3156
3 3157 3159 3158
3 3158 3139 3138
3 3139 3158 3159
3 3139 3159 1416
3 1416 3159 1440
3 72 3160 71
3 3160 3140 71
3 3160 3161 3140
3 3161 3141 3140
3 3161 3162 3141
3 3162 3142 3141
3 3162 3163 3142
3 3163 3143 3142
3 3163 3164 3143
3 3164 3144 3143
3 3164 3165 3144
3 3165 3145 3144
3 3165 3166 3145
3 3166 3146 3145
3 3166 3167 3146
3 3167 3147 3146
3 3167 3168 3147
3 3168 3148 3147
3 3168 3169 3148
3 3169 3149 3148
3 3169 3150 3149
3 3170 3150 3169
3 3150 3170 3171
3 3152 3150 3171
3 3171 3172 3152
3 3172 3153 3152
3 3172 3173 3153
3 3173 3154 3153
3 3156 3174 3175
3 3155 3174 3156
3 3174 3155 3154
3 3173 3174 3154
3 3175 3157 3156
3 3176 3157 3175
3 3157 3176 3177
3 3159 3157 3177
3 3177 1462 3159
3 1462 1440 3159
3 74 3178 72
3 3178 3160 72
3 3178 3179 3160
3 3179 3161 3160
3 3179 3180 3161
3 3180 3162 3161
3 3180 3181 3162
3 3181 3163 3162
3 3181 3182 3163
3 3182 3164 3163
3 3182 3183 3164
3 3183 3165 3164
3 3185 3183 3184
3 3185 3166 3183
3 3166 3165 3183
3 3184 3186 3185
3 3187 3166 3185
3 3187 3188 3166
3 3188 3167 3166
3 3185 3186 3187
3 3188 3189 3167
3 3189 3168 3167
3 3189 3190 3168
3 3190 3169 3168
3 3190 3170 3169
3 3191 3170 3190
3 3170 3191 3192
3 3171 3170 3192
3 3192 3193 3171
3 3193 3172 3171
3 3193 3194 3172
3 3194 3173 3172
3 3175 3195 3196
3 3174 3195 3175
3 3195 3174 3173
3 3194 3195 3173
3 3196 3176 3175
3 3197 3176 3196
3 3176 3197 3198
3 3177 3176 3198
3 3198 1483 3177
3 1483 1462 3177
3 76 3199 74
3 3199 3178 74
3 3199 3200 3178
3 3200 3179 3178
3 3200 3201 3179
3 3201 3180 3179
3 3201 3202 3180
3 3202 3181 3180
3 3202 3203 3181
3 3203 3182 3181
3 3203 3204 3182
3 3204 3183 3182
3 3204 3184 3183
3 3205 3184 3204
3 3184 3205 3206
3 3186 3184 3206
3 3187 3207 3188
3 3207 3187 3186
3 3207 3186 3208
3 3208 3186 3206
3 3209 3188 3207
3 3209 3210 3188
3 3210 3189 3188
3 3207 3208 3209
3 3210 3211 3189
3 3211 3190 3189
3 3211 3191 3190
3 3212 3191 3211
3 3191 3212 3213
3 3192 3191 3213
3 3213 3214 3192
3 3214 3193 3192
3 3214 3215 3193
3 3215 3194 3193
3 3196 3216 3217
3 3195 3216 3196
3 3216 3195 3194
3 3215 3216 3194
3 3217 3197 3196
3 3218 3197 3217
3 3197 3218 3219
3 3198 3197 3219
3 3219 1504 3198
3 1504 1483 3198
3 78 3220 76
3 3220 3199 76
3 3220 3221 3199
3 3221 3200 3199
3 3221 3222 3200
3 3222 3201 3200
3 3222 3223 3201
3 3223 3202 3201
3 3223 3224 3202
3 3224 3203 3202
3 3224 3225 3203
3 3225 3204 3203
3 3205 3227 3226
3 3205 3204 3227
3 3204 3225 3227
3 3205 3226 3206
3 3227 3228 3226
3 3226 3228 3229
3 3226 3229 3206
3 3206 3229 3208
3 3210 3230 3231
3 3209 3230 3210
3 3230 3209 3208
3 3229 3230 3208
3 3231 3232 3210
3 3232 3211 3210
3 3232 3212 3211
3 3233 3212 3232
3 3212 3233 3234
3 3213 3212 3234
3 3234 3235 3213
3 3235 3214 3213
3 3235 3236 3214
3 3236 3215 3214
3 3216 3237 3217
3 3237 3216 3215
3 3237 3215 3238
3 3238 3215 3236
3 3237 3218 3217
3 3218 3237 3238
3 3218 3238 3219
3 3219 3238 3239
3 3239 1525 3219
3 1525 1504 3219
3 80 3240 78
3 3240 3220 78
3 3240 3241 3220
3 3241 3221 3220
3 3241 3242 3221
3 3242 3222 3221
3 3242 3243 3222
3 3243 3223 3222
3 3243 3244 3223
3 3244 3224 3223
3 3244 3245 3224
3 3245 3225 3224
3 3247 3245 3246
3 3247 3227 3245
3 3227 3225 3245
3 3246 3248 3247
3 3247 3228 3227
3 3228 3247 3248
3 3228 3248 3229
3 3229 3248 3249
3 3230 3250 3231
3 3250 3230 3229
3 3250 3229 3251
3 3251 3229 3249
3 3252 3231 3250
3 3252 3253 3231
3 3253 3232 3231
3 3250 3251 3252
3 3253 3233 3232
3 3254 3233 3253
3 3233 3254 3255
3 3234 3233 3255
3 3255 3256 3234
3 3256 3235 3234
3 3256 3257 3235
3 3257 3236 3235
3 3257 3258 3236
3 3258 3238 3236
3 3258 3259 3238
3 3259 3239 3238
3 3259 1545 3239
3 1545 1525 3239
3 82 3260 80
3 3260 3240 80
3 3260 3261 3240
3 3261 3241 3240
3 3261 3262 3241
3 3262 3242 3241
3 3264 3262 3263
3 3264 3243 3262
3 3243 3242 3262
3 3263 3265 3264
3 3266 3243 3264
3 3266 3267 3243
3 3267 3244 3243
3 3264 3265 3266
3 3267 3268 3244
3 3268 3245 3244
3 3246 3270 3269
3 3246 3245 3270
3 3245 3268 3270
3 3246 3269 3248
3 3270 3271 3269
3 3269 3271 3272
3 3269 3272 3248
3 3248 3272 3249
3 3272 3273 3249
3 3273 3251 3249
3 3253 3274 3275
3 3252 3274 3253
3 3274 3252 3251
3 3273 3274 3251
3 3275 3254 3253
3 3276 3254 3275
3 3254 3276 3277
3 3255 3254 3277
3 3277 3278 3255
3 3278 3256 3255
3 3278 3279 3256
3 3279 3257 3256
3 3279 3280 3257
3 3280 3258 3257
3 3280 3281 3258
3 3281 3259 3258
3 3281 1567 3259
3 1567 1545 3259
3 84 3282 82
3 3282 3260 82
3 3282 3283 3260
3 3283 3261 3260
3 3283 3284 3261
3 3284 3262 3261
3 3263 3286 3285
3 3263 3262 3286
3 3262 3284 3286
3 3263 3285 3265
3 3288 3286 3287
3 3288 3267 3286
3 3285 3286 3266
3 3266 3286 3267
3 3285 3266 3265
3 3287 3289 3288
3 3290 3267 3288
3 3290 3291 3267
3 3291 3268 3267
3 3288 3289 3290
3 3291 3292 3268
3 3292 3270 3268
3 3292 3271 3270
3 3293 3271 3292
3 3271 3293 3294
3 3272 3271 3294
3 3294 3295 3272
3 3295 3273 3272
3 3274 3296 3275
3 3296 3274 3273
3 3296 3273 3297
3 3297 3273 3295
3 3296 3276 3275
3 3276 3296 3297
3 3276 3297 3277
3 3277 3297 3298
3 3298 3299 3277
3 3299 3278 3277
3 3299 3300 3278
3 3300 3279 3278
3 3302 3300 3301
3 3302 3280 3300
3 3280 3279 3300
3 3301 3303 3304
3 3302 3301 3304
3 3303 3305 3304
3 3308 3306 3307
3 3309 3280 3302
3 3281 3280 3309
3 3310 3311 3309
3 3310 3309 3304
3 3304 3309 3302
3 3304 3305 3310
3 3313 3308 3307
3 3312 3313 3307
3 1588 3281 3309
3 1567 3281 1588
3 3311 3314 1590
3 3311 1590 3309
3 3309 1590 1588
3 3314 1592 1590
3 1596 3313 3312
3 1594 1596 3312
3 1924 3318 1894
3 3318 3315 1894
3 3319 1925 1896
3 3319 1896 3320
3 3320 1896 3316
3 1925 3319 3321
3 1925 3321 1897
3 1897 3321 3317
3 3318 3322 3315
3 3324 3323 3320
3 3327 3328 3326
3 3326 3328 3329
3 3330 3333 3331
3 1950 3334 1924
3 3334 3318 1924
3 3319 3320 3335
3 3319 3335 3321
3 3334 3336 3318
3 3336 3322 3318
3 3335 3320 3323
3 3335 3323 3321
3 3336 3337 3322
3 3337 3325 3322
3 3339 3337 3338
3 3339 3327 3337
3 3327 3325 3337
3 3338 3340 3339
3 3339 3328 3327
3 3328 3339 3340
3 3328 3340 3329
3 3329 3340 3341
3 3341 3332 3329
3 3343 3332 3341
3 3345 3344 3333
3 3345 3333 3343
3 3343 3333 3332
3 3344 3331 3333
3 3344 3346 3331
3 3346 3342 3331
3 3345 3347 3344
3 3344 3347 3346
3 3350 3349 3348
3 3350 3351 3349
3 1978 3352 1950
3 3352 3334 1950
3 3352 3353 3334
3 3353 3336 3334
3 3355 3353 3354
3 3355 3337 3353
3 3337 3336 3353
3 3354 3356 3355
3 3355 3338 3337
3 3338 3355 3356
3 3338 3356 3340
3 3340 3356 3357
3 3357 3358 3340
3 3358 3341 3340
3 3361 3360 3359
3 3359 3360 3362
3 3359 3362 3341
3 3359 3341 3358
3 3341 3362 3343
3 3343 3362 3345
3 3361 3363 3360
3 3360 3364 3362
3 3363 3364 3360
3 3366 3365 3347
3 3364 3366 3347
3 3364 3347 3345
3 3364 3345 3362
3 3365 3346 3347
3 3365 3367 3346
3 3366 3368 3365
3 3365 3368 3367
3 3348 3369 3350
3 3351 3372 3371
3 3351 3350 3372
3 3370 3372 3369
3 3369 3372 3350
3 3351 3371 3373
3 3370 3369 3373
3 3375 3371 3372
3 3374 3371 3375
3 3373 3374 3376
3 3371 3374 3373
3 3375 3377 3374
3 3374 3377 3376
3 2004 3378 1978
3 3378 3352 1978
3 3380 3378 3379
3 3380 3353 3378
3 3353 3352 3378
3 3379 3381 3380
3 3380 3354 3353
3 3354 3380 3381
3 3354 3381 3356
3 3356 3381 3382
3 3385 3384 3383
3 3383 3384 3357
3 3383 3357 3382
3 3382 3357 3356
3 3385 3386 3384
3 3384 3386 3387
3 3384 3387 3357
3 3357 3387 3358
3 3359 3388 3361
3 3388 3359 3358
3 3388 3358 3389
3 3389 3358 3387
3 3388 3363 3361
3 3389 3363 3388
3 3389 3390 3363
3 3390 3364 3363
3 3364 3390 3391
3 3366 3364 3391
3 3368 3394 3393
3 3368 3366 3394
3 3366 3391 3394
3 3393 3367 3368
3 3393 3395 3367
3 3395 3392 3367
3 3397 3393 3394
3 3396 3393 3397
3 3395 3396 3398
3 3393 3396 3395
3 3397 3399 3396
3 3396 3399 3398
3 3370 3400 3372
3 3370 3373 3400
3 3403 3402 3401
3 3402 3404 3401
3 3402 3372 3404
3 3402 3375 3372
3 3400 3404 3372
3 3400 3405 3404
3 3400 3373 3405
3 3373 3376 3405
3 3403 3406 3402
3 3408 3407 3377
3 3406 3408 3377
3 3406 3377 3375
3 3406 3375 3402
3 3407 3376 3377
3 3407 3409 3376
3 3409 3405 3376
3 3408 3410 3407
3 3407 3410 3409
3 2031 3411 2004
3 3411 3378 2004
3 3379 3413 3412
3 3379 3378 3413
3 3378 3411 3413
3 3379 3412 3381
3 3415 3412 3413
3 3414 3412 3415
3 3412 3414 3382
3 3381 3412 3382
3 3417 3415 3416
3 3417 3385 3415
3 3414 3415 3383
3 3383 3415 3385
3 3414 3383 3382
3 3416 3418 3417
3 3417 3386 3385
3 3386 3417 3418
3 3386 3418 3387
3 3387 3418 3419
3 3419 3420 3387
3 3420 3389 3387
3 3390 3422 3421
3 3390 3389 3422
3 3389 3420 3422
3 3390 3421 3391
3 3424 3421 3422
3 3423 3421 3424
3 3421 3423 3394
3 3391 3421 3394
3 3424 3425 3423
3 3423 3425 3426
3 3423 3426 3394
3 3394 3426 3397
3 3426 3399 3397
3 3427 3399 3426
3 3427 3398 3399
3 3401 3428 3403
3 3404 3428 3401
3 3429 3428 3404
3 3404 3405 3429
3 3428 3406 3403
3 3430 3428 3429
3 3430 3408 3428
3 3430 3431 3408
3 3408 3406 3428
3 3429 3432 3430
3 3429 3405 3432
3 3405 3409 3432
3 3410 3434 3433
3 3410 3408 3434
3 3408 3431 3434
3 3433 3409 3410
3 3433 3435 3409
3 3435 3432 3409
3 3437 3433 3434
3 3436 3433 3437
3 3435 3436 3438
3 3433 3436 3435
3 3437 3439 3436
3 3436 3439 3438
3 2054 3440 2031
3 3440 3411 2031
3 3440 3441 3411
3 3441 3413 3411
3 3441 3442 3413
3 3442 3415 3413
3 3442 3416 3415
3 3443 3416 3442
3 3416 3443 3444
3 3418 3416 3444
3 3444 3445 3418
3 3445 3419 3418
3 3445 3446 3419
3 3446 3420 3419
3 3446 3447 3420
3 3447 3422 3420
3 3447 3448 3422
3 3448 3424 3422
3 3448 3425 3424
3 3449 3425 3448
3 3425 3449 3450
3 3426 3425 3450
3 3427 3452 3451
3 3427 3426 3452
3 3426 3450 3452
3 3454 3451 3452
3 3453 3451 3454
3 3454 3456 3453
3 3453 3456 3455
3 3430 3457 3431
3 3430 3432 3457
3 3460 3459 3458
3 3459 3461 3458
3 3459 3431 3461
3 3459 3434 3431
3 3457 3461 3431
3 3463 3459 3460
3 3462 3459 3463
3 3459 3462 3437
3 3434 3459 3437
3 3464 3435 3438
3 3463 3465 3462
3 2127 2125 3439
3 3465 2127 3439
3 3465 3439 3437
3 3465 3437 3462
3 2125 3438 3439
3 2125 2128 3438
3 2128 3464 3438
3 3468 3467 3466
3 3466 3467 3440
3 3466 3440 2076
3 2076 3440 2054
3 3468 3469 3467
3 3467 3469 3470
3 3467 3470 3440
3 3440 3470 3441
3 3470 3471 3441
3 3471 3442 3441
3 3471 3443 3442
3 3472 3443 3471
3 3443 3472 3473
3 3444 3443 3473
3 3473 3474 3444
3 3474 3445 3444
3 3474 3475 3445
3 3475 3446 3445
3 3475 3476 3446
3 3476 3447 3446
3 3476 3477 3447
3 3477 3448 3447
3 3477 3449 3448
3 3478 3449 3477
3 3449 3478 3479
3 3450 3449 3479
3 3479 3480 3450
3 3480 3452 3450
3 3480 3481 3452
3 3481 3454 3452
3 3456 3483 3482
3 3456 3454 3483
3 3454 3481 3483
3 3482 3455 3456
3 3482 3484 3455
3 3483 3485 3482
3 3482 3485 3484
3 3458 3486 3460
3 3461 3486 3458
3 3487 3486 3461
3 3488 3460 3486
3 3463 3460 3488
3 3489 3490 3488
3 3489 3488 3487
3 3487 3488 3486
3 3488 3465 3463
3 3465 3488 3490
3 3465 3490 2127
3 2127 3490 2130
3 2096 3468 3466
3 2096 2097 3468
3 2097 3491 3468
3 2096 3466 2076
3 3491 3469 3468
3 3492 3469 3491
3 3469 3492 3493
3 3470 3469 3493
3 3493 3494 3470
3 3494 3471 3470
3 3472 3496 3495
3 3472 3471 3496
3 3471 3494 3496
3 3472 3495 3473
3 3498 3495 3496
3 3497 3495 3498
3 3495 3497 3474
3 3473 3495 3474
3 3498 3499 3497
3 3497 3499 3500
3 3497 3500 3474
3 3474 3500 3475
3 3500 3501 3475
3 3501 3476 3475
3 3501 3502 3476
3 3502 3477 3476
3 3478 3504 3503
3 3478 3477 3504
3 3477 3502 3504
3 3478 3503 3479
3 3506 3503 3504
3 3505 3503 3506
3 3503 3505 3480
3 3479 3503 3480
3 3506 3507 3505
3 3505 3507 3508
3 3505 3508 3480
3 3480 3508 3481
3 3508 3509 3481
3 3509 3483 3481
3 3509 3485 3483
3 3510 3485 3509
3 3489 3511 3490
3 3512 3490 3511
3 3512 2137 3490
3 2137 2130 3490
3 2121 3513 2097
3 3513 3491 2097
3 3513 3492 3491
3 3514 3492 3513
3 3492 3514 3515
3 3493 3492 3515
3 3515 3516 3493
3 3516 3494 3493
3 3516 3517 3494
3 3517 3496 3494
3 3517 3518 3496
3 3518 3498 3496
3 3499 3520 3519
3 3499 3498 3520
3 3498 3518 3520
3 3499 3519 3500
3 3520 3521 3519
3 3519 3521 3522
3 3519 3522 3500
3 3500 3522 3501
3 3522 3523 3501
3 3523 3502 3501
3 3523 3524 3502
3 3524 3504 3502
3 3524 3525 3504
3 3525 3506 3504
3 3525 3507 3506
3 3526 3507 3525
3 3507 3526 3527
3 3508 3507 3527
3 3527 3528 3508
3 3528 3509 3508
3 3510 3530 3529
3 3510 3509 3530
3 3509 3528 3530
3 3532 3529 3530
3 3531 3529 3532
3 3532 3533 3531
3 3512 2145 2137
3 1270 2581 2121
3 2581 3513 2121
3 2581 3514 3513
3 2583 3514 2581
3 3514 2583 2585
3 3515 3514 2585
3 2585 2589 3515
3 2589 3516 3515
3 2589 2592 3516
3 2592 3517 3516
3 2592 2595 3517
3 2595 3518 3517
3 2595 2597 3518
3 2597 3520 3518
3 2597 3521 3520
3 2599 3521 2597
3 3521 2599 2601
3 3522 3521 2601
3 2601 2604 3522
3 2604 3523 3522
3 2604 2607 3523
3 2607 3524 3523
3 2607 2611 3524
3 2611 3525 3524
3 3526 2614 3534
3 3526 3525 2614
3 3525 2611 2614
3 3526 3534 3527
3 2614 2617 3534
3 3534 2617 2619
3 3534 2619 3527
3 3527 2619 3528
3 2619 2622 3528
3 2622 3530 3528
3 2622 2624 3530
3 2624 3532 3530
3 2624 3533 3532
3 2626 3533 2624
3 2158 3535 2159
3 3536 2159 3535
3 2160 2159 3536
3 3536 2161 2160
3 3539 3538 3537
3 3541 3538 3539
3 3540 3538 3541
3 3541 3543 3540
3 3540 3543 3542
3 2656 3544 2655
3 3547 3546 3545
3 3549 3547 3548
3 3549 3539 3547
3 3546 3547 3537
3 3537 3547 3539
3 3550 3539 3549
3 3541 3539 3550
3 3550 3543 3541
3 3550 3542 3543
3 2689 3544 2656
3 3545 3551 3547
3 3551 3548 3547
3 2764 3552 2763
3 2763 3552 2765
3 2768 3553 2767
3 2767 3553 2769
3 2801 3554 2802
3 2801 3552 3554
3 2799 3554 2764
3 2764 3554 3552
3 2801 2765 3552
3 3556 2804 2805
3 3555 2804 3556
3 3553 2768 2804
3 3553 2804 3557
3 3557 2804 3555
3 3557 2769 3553
3 3557 3558 2769
3 3558 2807 2769
3 2808 3559 2770
3 3556 3560 3555
3 3562 3555 3560
3 3562 3561 3555
3 3561 3557 3555
3 3558 3561 3563
3 3557 3561 3558
3 3562 3564 3561
3 3561 3564 3563
3 3565 2802 3554
3 3565 3567 2802
3 3567 3566 2802
3 2828 3568 2826
3 2826 3568 3569
3 2826 3569 2805
3 2805 3569 3556
3 3570 2829 2807
3 3558 3570 2807
3 2829 3570 3559
3 2808 2829 3559
3 3573 3565 3572
3 3571 3565 3573
3 3567 3575 3574
3 3567 3565 3575
3 3565 3571 3575
3 3574 3575 3576
3 3560 3578 3577
3 3560 3556 3578
3 3556 3569 3578
3 3560 3577 3562
3 3579 3570 3558
3 3579 3558 3580
3 3580 3558 3563
3 3570 3579 3581
3 3570 3581 3559
3 3573 3582 3571
3 3571 3583 3575
3 3582 3583 3571
3 3575 3583 3576
3 3578 3584 3577
3 3586 3585 3564
3 3584 3586 3564
3 3584 3564 3562
3 3584 3562 3577
3 3585 3563 3564
3 3585 3587 3563
3 3587 3580 3563
3 3586 3589 3585
3 3585 3589 3587
3 3590 3566 3591
3 3591 3566 3567
3 2847 3568 2828
3 3592 3568 2847
3 3568 3592 3593
3 3569 3568 3593
3 3594 3595 3573
3 3572 3594 3573
3 3591 3567 3574
3 3596 3591 3574
3 3574 3597 3596
3 3576 3597 3574
3 3593 3598 3569
3 3598 3578 3569
3 3579 3580 3599
3 3579 3599 3581
3 3595 3582 3573
3 3595 3600 3582
3 3600 3601 3582
3 3603 3602 3583
3 3603 3583 3601
3 3601 3583 3582
3 3602 3576 3583
3 3602 3604 3576
3 3604 3597 3576
3 3584 3606 3605
3 3584 3578 3606
3 3578 3598 3606
3 3584 3605 3586
3 3607 3599 3580
3 3607 3580 3608
3 3608 3580 3587
3 3599 3607 3609
3 3599 3609 3581
3 3581 3609 3588
3 3603 3610 3602
3 3602 3610 3604
3 3606 3611 3605
3 3613 3612 3589
3 3611 3613 3589
3 3611 3589 3586
3 3611 3586 3605
3 3612 3587 3589
3 3612 3614 3587
3 3614 3608 3587
3 3609 3615 3588
3 3613 3616 3612
3 3612 3616 3614
3 3618 3617 3619
3 3618 3619 3591
3 3591 3619 3590
3 3617 3618 3620
3 3617 3620 2847
3 3617 2847 2868
3 2847 3620 3592
3 3592 3620 3593
3 3618 3591 3596
3 3596 3597 3621
3 3596 3621 3618
3 3618 3621 3620
3 3620 3621 3598
3 3593 3620 3598
3 3624 3623 3601
3 3624 3601 3622
3 3622 3601 3600
3 3601 3623 3603
3 3625 3621 3597
3 3625 3597 3626
3 3626 3597 3604
3 3621 3625 3627
3 3621 3627 3598
3 3598 3627 3606
3 3607 3608 3628
3 3607 3628 3609
3 3624 3629 3623
3 3623 3610 3603
3 3623 3629 3610
3 3629 3630 3610
3 3630 3604 3610
3 3626 3604 3630
3 3611 3632 3631
3 3611 3606 3632
3 3606 3627 3632
3 3611 3631 3613
3 3633 3628 3608
3 3614 3633 3608
3 3628 3633 3615
3 3609 3628 3615
3 3632 3634 3631
3 3636 3635 3616
3 3634 3636 3616
3 3634 3616 3613
3 3634 3613 3631
3 3635 3638 3637
3 3616 3635 3637
3 3616 3637 3633
3 3616 3633 3614
3 3633 3637 3639
3 3633 3639 3615
3 3636 3640 3635
3 3635 3640 3638
3 2891 3617 2868
3 3622 3641 3624
3 3625 3626 3642
3 3625 3642 3627
3 3645 3641 3644
3 3643 3641 3645
3 3629 3624 3641
3 3629 3641 3646
3 3646 3641 3643
3 3646 3648 3647
3 3646 3647 3629
3 3629 3647 3630
3 3626 3649 3642
3 3626 3630 3649
3 3630 3647 3649
3 3642 3649 3650
3 3642 3650 3627
3 3627 3650 3632
3 3645 3651 3643
3 3643 3652 3646
3 3651 3652 3643
3 3646 3652 3648
3 3634 3654 3653
3 3634 3632 3654
3 3632 3650 3654
3 3634 3653 3636
3 3637 3638 3655
3 3637 3655 3639
3 3654 3656 3653
3 3658 3657 3640
3 3656 3658 3640
3 3656 3640 3636
3 3656 3636 3653
3 3657 3660 3659
3 3640 3657 3659
3 3640 3659 3655
3 3640 3655 3638
3 3655 3659 3661
3 3655 3661 3639
3 3663 3657 3658
3 3662 3657 3663
3 3660 3662 3664
3 3657 3662 3660
3 3663 3665 3662
3 3662 3665 3664
3 3668 3666 3667
3 3666 3669 3667
3 3670 3671 3672
3 3670 3672 3644
3 3644 3672 3645
3 3667 3647 3648
3 3667 3648 3668
3 3668 3648 3673
3 3669 3647 3667
3 3669 3674 3647
3 3674 3649 3647
3 3649 3674 3675
3 3650 3649 3675
3 3651 3677 3676
3 3651 3645 3677
3 3645 3672 3677
3 3652 3651 3676
3 3678 3652 3676
3 3679 3673 3648
3 3679 3648 3678
3 3679 3678 3680
3 3652 3678 3648
3 3679 3680 3681
3 3675 3682 3650
3 3682 3654 3650
3 3677 3683 3676
3 3676 3684 3678
3 3683 3684 3676
3 3686 3678 3684
3 3686 3685 3678
3 3685 3680 3678
3 3681 3685 3687
3 3680 3685 3681
3 3656 3689 3688
3 3656 3654 3689
3 3654 3682 3689
3 3656 3688 3658
3 3659 3660 3690
3 3659 3690 3661
3 3686 3691 3685
3 3685 3691 3687
3 3689 3692 3688
3 3688 3692 3693
3 3688 3693 3658
3 3658 3693 3663
3 3694 3690 3660
3 3694 3660 3695
3 3695 3660 3664
3 3690 3694 3696
3 3690 3696 3661
3 3665 3698 3697
3 3665 3663 3698
3 3663 3693 3698
3 3697 3664 3665
3 3697 3699 3664
3 3699 3695 3664
3 3698 3701 3697
3 3697 3701 3699
3 3668 3703 3702
3 3666 3668 3702
3 3666 3702 3704
3 3669 3666 3704
3 3706 3705 3703
3 3706 3703 3673
3 3673 3703 3668
3 3705 3706 3707
3 3705 3707 3669
3 3705 3669 3704
3 3669 3707 3674
3 3674 3707 3675
3 3708 3709 3710
3 3708 3710 3672
3 3672 3710 3677
3 3706 3673 3679
3 3711 3707 3706
3 3711 3706 3681
3 3711 3681 3712
3 3681 3706 3679
3 3707 3711 3713
3 3707 3713 3675
3 3675 3713 3682
3 3683 3715 3714
3 3683 3677 3715
3 3677 3710 3715
3 3684 3683 3714
3 3716 3684 3714
3 3684 3716 3686
3 3712 3681 3717
3 3717 3681 3687
3 3713 3718 3682
3 3718 3689 3682
3 3715 3719 3714
3 3721 3714 3719
3 3721 3720 3714
3 3720 3716 3714
3 3691 3686 3716
3 3691 3716 3722
3 3722 3716 3720
3 3722 3687 3691
3 3722 3723 3687
3 3723 3717 3687
3 3692 3725 3724
3 3692 3689 3725
3 3689 3718 3725
3 3692 3724 3693
3 3694 3695 3726
3 3694 3726 3696
3 3721 3727 3720
3 3720 3728 3722
3 3727 3728 3720
3 3722 3728 3723
3 3725 3729 3724
3 3724 3729 3730
3 3724 3730 3693
3 3693 3730 3698
3 3731 3726 3695
3 3699 3731 3695
3 3726 3731 3700
3 3696 3726 3700
3 3701 3733 3732
3 3701 3698 3733
3 3698 3730 3733
3 3732 3735 3734
3 3701 3732 3734
3 3701 3734 3731
3 3701 3731 3699
3 3734 3700 3731
3 3733 3737 3732
3 3732 3737 3735
3 3703 3741 3740
3 3702 3703 3740
3 3702 3740 3742
3 3704 3702 3742
3 3741 3703 3705
3 3743 3741 3705
3 3743 3705 3704
3 3742 3743 3704
3 3709 3744 3710
3 3711 3712 3745
3 3711 3745 3713
3 3748 3744 3747
3 3746 3744 3748
3 3744 3746 3715
3 3710 3744 3715
3 3749 3745 3712
3 3717 3749 3712
3 3745 3749 3718
3 3713 3745 3718
3 3748 3750 3746
3 3752 3751 3719
3 3750 3752 3719
3 3750 3719 3715
3 3750 3715 3746
3 3719 3751 3721
3 3753 3749 3717
3 3753 3717 3754
3 3754 3717 3723
3 3749 3753 3755
3 3749 3755 3718
3 3718 3755 3725
3 3752 3756 3751
3 3758 3757 3727
3 3756 3758 3727
3 3756 3727 3721
3 3756 3721 3751
3 3728 3727 3757
3 3759 3728 3757
3 3759 3723 3728
3 3759 3760 3723
3 3760 3754 3723
3 3729 3762 3761
3 3729 3725 3762
3 3725 3755 3762
3 3729 3761 3730
3 3758 3763 3757
3 3757 3764 3759
3 3763 3764 3757
3 3759 3764 3760
3 3766 3761 3762
3 3765 3761 3766
3 3761 3765 3733
3 3730 3761 3733
3 3734 3735 3767
3 3734 3767 3736
3 3766 3768 3765
3 3765 3737 3733
3 3765 3768 3737
3 3768 3769 3737
3 3735 3770 3767
3 3735 3737 3770
3 3737 3769 3770
3 3767 3770 3771
3 3767 3771 3736
3 3774 3773 3772
3 3772 3773 3775
3 3774 3777 3773
3 3773 3777 3775
3 3740 3741 3780
3 3740 3780 3742
3 3780 3741 3743
3 3780 3743 3742
3 3750 3783 3781
3 3750 3748 3783
3 3748 3782 3783
3 3750 3781 3752
3 3753 3754 3784
3 3753 3784 3755
3 3783 3785 3781
3 3787 3786 3756
3 3785 3787 3756
3 3785 3756 3752
3 3785 3752 3781
3 3756 3786 3758
3 3788 3784 3754
3 3788 3754 3789
3 3789 3754 3760
3 3784 3788 3790
3 3784 3790 3755
3 3755 3790 3762
3 3787 3791 3786
3 3793 3792 3763
3 3791 3793 3763
3 3791 3763 3758
3 3791 3758 3786
3 3764 3763 3792
3 3794 3764 3792
3 3794 3760 3764
3 3794 3795 3760
3 3795 3789 3760
3 3790 3796 3762
3 3796 3766 3762
3 3799 3797 3798
3 3797 3800 3798
3 3793 3801 3792
3 3792 3802 3794
3 3801 3802 3792
3 3794 3802 3795
3 3768 3804 3803
3 3768 3766 3804
3 3766 3796 3804
3 3769 3768 3803
3 3769 3803 3806
3 3805 3799 3798
3 3806 3807 3770
3 3806 3770 3769
3 3798 3800 3805
3 3770 3807 3771
3 3804 3808 3803
3 3810 3803 3808
3 3810 3809 3803
3 3809 3806 3803
3 3806 3809 3807
3 3807 3809 3811
3 3813 3809 3810
3 3812 3809 3813
3 3814 3812 3815
3 3814 3811 3812
3 3811 3809 3812
3 3813 3817 3812
3 3812 3817 3815
3 3772 3818 3774
3 3772 3775 3818
3 3818 3777 3774
3 3818 3775 3777
3 3819 3821 3820
3 3820 3778 3776
3 3823 3820 3821
3 3822 3820 3823
3 3820 3822 3779
3 3778 3820 3779
3 3824 3825 3782
3 3825 3783 3782
3 3785 3827 3826
3 3785 3783 3827
3 3783 3825 3827
3 3785 3826 3787
3 3789 3829 3828
3 3788 3789 3828
3 3788 3828 3830
3 3790 3788 3830
3 3827 3831 3826
3 3833 3832 3791
3 3831 3833 3791
3 3831 3791 3787
3 3831 3787 3826
3 3791 3832 3793
3 3829 3789 3834
3 3834 3789 3795
3 3830 3835 3790
3 3835 3796 3790
3 3799 3837 3836
3 3797 3799 3836
3 3797 3836 3838
3 3800 3797 3838
3 3833 3839 3832
3 3841 3840 3801
3 3839 3841 3801
3 3839 3801 3793
3 3839 3793 3832
3 3802 3801 3840
3 3842 3802 3840
3 3842 3795 3802
3 3842 3843 3795
3 3843 3834 3795
3 3835 3844 3796
3 3844 3804 3796
3 3837 3799 3805
3 3845 3837 3805
3 3845 3805 3800
3 3838 3845 3800
3 3841 3846 3840
3 3840 3847 3842
3 3846 3847 3840
3 3842 3847 3843
3 3844 3808 3804
3 3848 3808 3844
3 3850 3810 3808
3 3850 3808 3849
3 3849 3808 3848
3 3849 3851 3850
3 3852 3810 3850
3 3813 3810 3852
3 3852 3850 3851
3 3852 3851 3854
3 3853 3814 3815
3 3814 3853 3816
3 3852 3817 3813
3 3815 3855 3853
3 3815 3817 3855
3 3854 3855 3852
3 3852 3855 3817
3 3853 3855 3856
3 3853 3856 3816
3 3819 3858 3821
3 3819 3857 3858
3 3859 3821 3858
3 3859 3860 3821
3 3860 3823 3821
3 3861 3862 3825
3 3824 3861 3825
3 3862 3863 3827
3 3825 3862 3827
3 3828 3829 3864
3 3828 3864 3830
3 3866 3865 3863
3 3868 3867 3831
3 3865 3868 3831
3 3865 3831 3827
3 3865 3827 3863
3 3831 3867 3833
3 3869 3864 3829
3 3869 3829 3870
3 3870 3829 3834
3 3864 3869 3871
3 3864 3871 3830
3 3830 3871 3835
3 3836 3837 3872
3 3836 3872 3838
3 3868 3873 3867
3 3875 3874 3839
3 3873 3875 3839
3 3873 3839 3833
3 3873 3833 3867
3 3839 3874 3841
3 3870 3834 3876
3 3876 3834 3843
3 3871 3877 3835
3 3877 3844 3835
3 3872 3837 3845
3 3872 3845 3838
3 3875 3878 3874
3 3880 3879 3846
3 3878 3880 3846
3 3878 3846 3841
3 3878 3841 3874
3 3847 3846 3879
3 3881 3847 3879
3 3881 3843 3847
3 3881 3882 3843
3 3882 3876 3843
3 3848 3884 3883
3 3848 3844 3884
3 3844 3877 3884
3 3883 3886 3885
3 3883 3885 3848
3 3848 3885 3849
3 3849 3885 3887
3 3851 3849 3887
3 3880 3888 3879
3 3879 3889 3881
3 3888 3889 3879
3 3881 3889 3882
3 3884 3890 3883
3 3883 3890 3886
3 3887 3891 3851
3 3891 3854 3851
3 3855 3893 3892
3 3855 3854 3893
3 3854 3891 3893
3 3855 3892 3856
3 3893 3894 3892
3 3892 3894 3895
3 3892 3895 3856
3 3856 3895 3857
3 3859 3896 3860
3 86 3897 84
3 3897 3282 84
3 3897 3898 3282
3 3898 3283 3282
3 3898 3899 3283
3 3899 3284 3283
3 3899 3900 3284
3 3900 3286 3284
3 3900 3287 3286
3 3901 3287 3900
3 3287 3901 3902
3 3289 3287 3902
3 3290 3903 3291
3 3903 3290 3289
3 3903 3289 3904
3 3904 3289 3902
3 3905 3291 3903
3 3905 3906 3291
3 3906 3292 3291
3 3903 3904 3905
3 3906 3293 3292
3 3907 3293 3906
3 3293 3907 3908
3 3294 3293 3908
3 3908 3909 3294
3 3909 3295 3294
3 3909 3910 3295
3 3910 3297 3295
3 3910 3911 3297
3 3911 3298 3297
3 3911 3912 3298
3 3912 3299 3298
3 3912 3913 3299
3 3913 3300 3299
3 3913 3301 3300
3 3914 3301 3913
3 3916 3915 3303
3 3916 3303 3914
3 3914 3303 3301
3 3303 3915 3305
3 3308 3918 3917
3 3306 3308 3917
3 3306 3917 3919
3 3915 3311 3310
3 3915 3916 3311
3 3916 3920 3311
3 3915 3310 3305
3 3918 3308 3921
3 3921 3308 3313
3 3314 2165 2163
3 3314 3311 2165
3 3311 3920 2165
3 3314 2163 1592
3 3921 3313 2167
3 2167 3313 1596
3 88 3923 86
3 3923 3897 86
3 3923 3924 3897
3 3924 3898 3897
3 3924 3925 3898
3 3925 3899 3898
3 3925 3926 3899
3 3926 3900 3899
3 3926 3901 3900
3 3927 3901 3926
3 3901 3927 3928
3 3902 3901 3928
3 3928 3929 3902
3 3929 3904 3902
3 3905 3930 3906
3 3930 3905 3904
3 3930 3904 3931
3 3931 3904 3929
3 3907 3934 3933
3 3907 3906 3934
3 3932 3934 3930
3 3930 3934 3906
3 3932 3930 3931
3 3933 3908 3907
3 3934 3935 3933
3 3933 3935 3936
3 3933 3936 3908
3 3908 3936 3909
3 3936 3937 3909
3 3937 3910 3909
3 3937 3938 3910
3 3938 3911 3910
3 3938 3939 3911
3 3939 3912 3911
3 3941 3939 3940
3 3941 3913 3939
3 3913 3912 3939
3 3940 3942 3941
3 3914 3945 3944
3 3914 3913 3945
3 3943 3945 3941
3 3941 3945 3913
3 3943 3941 3942
3 3944 3916 3914
3 3917 3918 3946
3 3917 3946 3919
3 3945 3947 3944
3 3944 3947 3948
3 3944 3948 3916
3 3916 3948 3920
3 3949 3946 3918
3 3921 3949 3918
3 3946 3949 3922
3 3919 3946 3922
3 3948 2214 3920
3 2214 2165 3920
3 3950 3949 3921
3 3950 3921 2216
3 2216 3921 2167
3 3949 3950 2218
3 3949 2218 3922
3 90 3951 88
3 3951 3923 88
3 3954 3952 3953
3 3952 3955 3953
3 3951 3956 3923
3 3956 3924 3923
3 3954 3953 3957
3 3953 3955 3957
3 3959 3956 3958
3 3959 3925 3956
3 3925 3924 3956
3 3958 3960 3959
3 3961 3925 3959
3 3961 3962 3925
3 3962 3926 3925
3 3959 3960 3961
3 3927 3964 3963
3 3927 3926 3964
3 3926 3962 3964
3 3927 3963 3928
3 3964 3965 3963
3 3963 3965 3966
3 3963 3966 3928
3 3928 3966 3929
3 3966 3967 3929
3 3967 3931 3929
3 3934 3968 3969
3 3932 3968 3934
3 3968 3932 3931
3 3967 3968 3931
3 3969 3935 3934
3 3970 3935 3969
3 3935 3970 3971
3 3936 3935 3971
3 3971 3972 3936
3 3972 3937 3936
3 3972 3973 3937
3 3973 3938 3937
3 3973 3974 3938
3 3974 3939 3938
3 3940 3976 3975
3 3940 3939 3976
3 3939 3974 3976
3 3940 3975 3942
3 3975 3945 3943
3 3975 3976 3945
3 3976 3977 3945
3 3975 3943 3942
3 3947 3979 3978
3 3947 3945 3979
3 3945 3977 3979
3 3947 3978 3948
3 2267 3978 3979
3 2265 3978 2267
3 3978 2265 2214
3 3948 3978 2214
3 3950 2216 2269
3 3950 2269 2218
3 92 3980 90
3 3980 3951 90
3 3952 3954 3981
3 3952 3981 3955
3 3980 3982 3951
3 3982 3956 3951
3 3981 3954 3957
3 3981 3957 3955
3 3982 3958 3956
3 3983 3958 3982
3 3958 3983 3984
3 3960 3958 3984
3 3961 3985 3962
3 3985 3961 3960
3 3985 3960 3986
3 3986 3960 3984
3 3987 3962 3985
3 3987 3988 3962
3 3988 3964 3962
3 3985 3986 3987
3 3988 3965 3964
3 3989 3965 3988
3 3965 3989 3990
3 3966 3965 3990
3 3990 3991 3966
3 3991 3967 3966
3 3968 3992 3969
3 3992 3968 3967
3 3992 3967 3993
3 3993 3967 3991
3 3992 3970 3969
3 3970 3992 3993
3 3970 3993 3971
3 3971 3993 3994
3 3994 3995 3971
3 3995 3972 3971
3 3995 3996 3972
3 3996 3973 3972
3 3998 3999 3997
3 4002 4001 4000
3 4000 4001 3974
3 4000 3974 3996
3 3996 3974 3973
3 3997 3999 4003
3 4002 4004 4001
3 4001 4004 4005
3 4001 4005 3974
3 3974 4005 3976
3 4008 4007 4006
3 4006 4007 3977
3 4006 3977 4005
3 4005 3977 3976
3 4008 4009 4007
3 4007 4009 4010
3 4007 4010 3977
3 3977 4010 3979
3 4010 2299 3979
3 2299 2267 3979
3 94 4011 92
3 4011 3980 92
3 4011 4012 3980
3 4012 3982 3980
3 3983 4014 4013
3 3983 3982 4014
3 3982 4012 4014
3 3983 4013 3984
3 4014 4015 4013
3 4013 4015 4016
3 4013 4016 3984
3 3984 4016 3986
3 3987 4017 3988
3 4017 3987 3986
3 4017 3986 4018
3 4018 3986 4016
3 3989 4021 4020
3 3989 3988 4021
3 4019 4021 4017
3 4017 4021 3988
3 4019 4017 4018
3 4020 3990 3989
3 4021 4022 4020
3 4020 4022 4023
3 4020 4023 3990
3 3990 4023 3991
3 4023 4024 3991
3 4024 3993 3991
3 4024 4025 3993
3 4025 3994 3993
3 4025 4026 3994
3 4026 3995 3994
3 4026 4027 3995
3 4027 3996 3995
3 4002 4028 4029
3 4000 4028 4002
3 4028 4000 3996
3 4027 4028 3996
3 4004 4031 4030
3 4004 4002 4031
3 4002 4029 4031
3 4004 4030 4005
3 4030 4008 4006
3 4030 4031 4008
3 4031 4032 4008
3 4030 4006 4005
3 4009 4034 4033
3 4009 4008 4034
3 4008 4032 4034
3 4009 4033 4010
3 4034 4035 4033
3 4033 4035 2324
3 4033 2324 4010
3 4010 2324 2299
3 100 4036 94
3 4036 4011 94
3 4038 4036 4037
3 4038 4012 4036
3 4012 4011 4036
3 4037 4039 4038
3 4040 4012 4038
3 4040 4041 4012
3 4041 4014 4012
3 4038 4039 4040
3 4015 4043 4042
3 4015 4014 4043
3 4014 4041 4043
3 4015 4042 4016
3 4043 4044 4042
3 4042 4044 4045
3 4042 4045 4016
3 4016 4045 4018
3 4019 4046 4021
3 4046 4019 4018
3 4046 4018 4047
3 4047 4018 4045
3 4022 4050 4049
3 4022 4021 4050
3 4048 4050 4046
3 4046 4050 4021
3 4048 4046 4047
3 4049 4023 4022
3 4050 4051 4049
3 4049 4051 4052
3 4049 4052 4023
3 4023 4052 4024
3 4052 4053 4024
3 4053 4025 4024
3 4053 4054 4025
3 4054 4026 4025
3 4054 4055 4026
3 4055 4027 4026
3 4029 4056 4057
3 4028 4056 4029
3 4056 4028 4027
3 4055 4056 4027
3 4057 4058 4029
3 4058 4031 4029
3 4058 4059 4031
3 4059 4032 4031
3 4059 4060 4032
3 4060 4034 4032
3 4035 2349 2347
3 4035 4034 2349
3 4034 4060 2349
3 4035 2347 2324
3 107 4061 100
3 4061 4036 100
3 4037 4063 4062
3 4037 4036 4063
3 4036 4061 4063
3 4037 4062 4039
3 4065 4063 4064
3 4065 4041 4063
3 4062 4063 4040
3 4040 4063 4041
3 4062 4040 4039
3 4064 4066 4065
3 4067 4041 4065
3 4067 4068 4041
3 4068 4043 4041
3 4065 4066 4067
3 4068 4044 4043
3 4069 4044 4068
3 4044 4069 4070
3 4045 4044 4070
3 4070 4071 4045
3 4071 4047 4045
3 4048 4072 4050
3 4072 4048 4047
3 4072 4047 4073
3 4073 4047 4071
3 4072 4051 4050
3 4051 4072 4073
3 4051 4073 4052
3 4052 4073 4074
3 4074 4075 4052
3 4075 4053 4052
3 4075 4076 4053
3 4076 4054 4053
3 4076 4077 4054
3 4077 4055 4054
3 4056 4078 4057
3 4078 4056 4055
3 4078 4055 4079
3 4079 4055 4077
3 4080 4057 4078
3 4080 4081 4057
3 4081 4058 4057
3 4078 4079 4080
3 4081 4082 4058
3 4082 4059 4058
3 4082 4083 4059
3 4083 4060 4059
3 4083 2370 4060
3 2370 2349 4060
3 4084 107 112
3 4084 4085 107
3 4085 4061 107
3 112 113 4084
3 4085 4086 4061
3 4086 4063 4061
3 4086 4064 4063
3 4087 4064 4086
3 4064 4087 4088
3 4066 4064 4088
3 4067 4089 4068
3 4089 4067 4066
3 4089 4066 4090
3 4090 4066 4088
3 4089 4069 4068
3 4069 4089 4090
3 4069 4090 4070
3 4070 4090 4091
3 4091 4092 4070
3 4092 4071 4070
3 4092 4093 4071
3 4093 4073 4071
3 4093 4094 4073
3 4094 4074 4073
3 4094 4095 4074
3 4095 4075 4074
3 4095 4096 4075
3 4096 4076 4075
3 4096 4097 4076
3 4097 4077 4076
3 4097 4098 4077
3 4098 4079 4077
3 4080 4099 4081
3 4099 4080 4079
3 4099 4079 4100
3 4100 4079 4098
3 4101 4081 4099
3 4101 4102 4081
3 4102 4082 4081
3 4099 4100 4101
3 4102 4103 4082
3 4103 4083 4082
3 4103 2389 4083
3 2389 2370 4083
3 4105 119 4104
3 4105 4085 119
3 118 119 4084
3 4084 119 4085
3 118 4084 113
3 4104 4106 4105
3 4107 4085 4105
3 4086 4085 4107
3 4106 4108 4107
3 4105 4106 4107
3 4087 4111 4110
3 4087 4086 4111
3 4109 4111 4107
3 4107 4111 4086
3 4109 4107 4108
3 4110 4088 4087
3 4111 4112 4110
3 4110 4112 4113
3 4110 4113 4088
3 4088 4113 4090
3 4113 4114 4090
3 4114 4091 4090
3 4114 4115 4091
3 4115 4092 4091
3 4115 4116 4092
3 4116 4093 4092
3 4116 4117 4093
3 4117 4094 4093
3 4117 4118 4094
3 4118 4095 4094
3 4118 4119 4095
3 4119 4096 4095
3 4119 4120 4096
3 4120 4097 4096
3 4120 4121 4097
3 4121 4098 4097
3 4121 4122 4098
3 4122 4100 4098
3 4101 4123 4102
3 4123 4101 4100
3 4123 4100 4124
3 4124 4100 4122
3 4125 4102 4123
3 4125 4126 4102
3 4126 4103 4102
3 4123 4124 4125
3 4126 2408 4103
3 2408 2389 4103
3 4104 4128 4127
3 4104 119 4128
3 119 125 4128
3 4104 4127 4106
3 4128 4129 4127
3 4127 4129 4130
3 4127 4130 4106
3 4106 4130 4108
3 4109 4131 4111
3 4131 4109 4108
3 4131 4108 4132
3 4132 4108 4130
3 4131 4112 4111
3 4112 4131 4132
3 4112 4132 4113
3 4113 4132 4133
3 4133 4134 4113
3 4134 4114 4113
3 4134 4135 4114
3 4135 4115 4114
3 4135 4136 4115
3 4136 4116 4115
3 4136 4137 4116
3 4137 4117 4116
3 4137 4138 4117
3 4138 4118 4117
3 4138 4139 4118
3 4139 4119 4118
3 4139 4140 4119
3 4140 4120 4119
3 4140 4141 4120
3 4141 4121 4120
3 4141 4142 4121
3 4142 4122 4121
3 4142 4143 4122
3 4143 4124 4122
3 4125 4144 4126
3 4144 4125 4124
3 4144 4124 4145
3 4145 4124 4143
3 4146 4126 4144
3 4146 2427 4126
3 2427 2408 4126
3 4144 4145 4146
3 4147 125 131
3 4128 125 4147
3 132 4148 4147
3 131 132 4147
3 4147 4129 4128
3 4129 4147 4148
3 4129 4148 4130
3 4130 4148 4149
3 4149 4150 4130
3 4150 4132 4130
3 4150 4151 4132
3 4151 4133 4132
3 4151 4152 4133
3 4152 4134 4133
3 4152 4153 4134
3 4153 4135 4134
3 4153 4154 4135
3 4154 4136 4135
3 4154 4155 4136
3 4155 4137 4136
3 4155 4156 4137
3 4156 4138 4137
3 4156 4157 4138
3 4157 4139 4138
3 4157 4158 4139
3 4158 4140 4139
3 4158 4159 4140
3 4159 4141 4140
3 4159 4160 4141
3 4160 4142 4141
3 4160 4161 4142
3 4161 4143 4142
3 4161 4162 4143
3 4162 4145 4143
3 4146 2450 2427
3 2450 4146 4145
3 2450 4145 2453
3 2453 4145 4162
3 137 4163 132
3 4163 4148 132
3 4163 4164 4148
3 4164 4149 4148
3 4164 4165 4149
3 4165 4150 4149
3 4165 4166 4150
3 4166 4151 4150
3 4166 4167 4151
3 4167 4152 4151
3 4167 4168 4152
3 4168 4153 4152
3 4168 4169 4153
3 4169 4154 4153
3 4169 4170 4154
3 4170 4155 4154
3 4170 4171 4155
3 4171 4156 4155
3 4171 4172 4156
3 4172 4157 4156
3 4172 4173 4157
3 4173 4158 4157
3 4173 4174 4158
3 4174 4159 4158
3 4174 4175 4159
3 4175 4160 4159
3 4175 4176 4160
3 4176 4161 4160
3 4176 4177 4161
3 4177 4162 4161
3 4177 2476 4162
3 2476 2453 4162
3 141 4178 137
3 4178 4163 137
3 4178 4179 4163
3 4179 4164 4163
3 4179 4180 4164
3 4180 4165 4164
3 4180 4181 4165
3 4181 4166 4165
3 4181 4182 4166
3 4182 4167 4166
3 4182 4183 4167
3 4183 4168 4167
3 4183 4184 4168
3 4184 4169 4168
3 4184 4185 4169
3 4185 4170 4169
3 4185 4186 4170
3 4186 4171 4170
3 4186 4187 4171
3 4187 4172 4171
3 4187 4188 4172
3 4188 4173 4172
3 4188 4189 4173
3 4189 4174 4173
3 4189 4190 4174
3 4190 4175 4174
3 4190 4191 4175
3 4191 4176 4175
3 4191 4192 4176
3 4192 4177 4176
3 4192 2498 4177
3 2498 2476 4177
3 4193 4194 141
3 4194 4178 141
3 4194 4195 4178
3 4195 4179 4178
3 4195 4196 4179
3 4196 4180 4179
3 4196 4197 4180
3 4197 4181 4180
3 4197 4198 4181
3 4198 4182 4181
3 4198 4199 4182
3 4199 4183 4182
3 4199 4200 4183
3 4200 4184 4183
3 4200 4201 4184
3 4201 4185 4184
3 4201 4202 4185
3 4202 4186 4185
3 4202 4203 4186
3 4203 4187 4186
3 4203 4204 4187
3 4204 4188 4187
3 4204 4205 4188
3 4205 4189 4188
3 4205 4206 4189
3 4206 4190 4189
3 4206 4207 4190
3 4207 4191 4190
3 4209 4207 4208
3 4209 4192 4207
3 4192 4191 4207
3 4208 4210 4209
3 4211 4192 4209
3 4211 2519 4192
3 2519 2498 4192
3 4209 4210 4211
3 4212 4213 4198
3 4213 4199 4198
3 4213 4214 4199
3 4214 4200 4199
3 4214 4215 4200
3 4215 4201 4200
3 4215 4216 4201
3 4216 4202 4201
3 4216 4217 4202
3 4217 4203 4202
3 4217 4218 4203
3 4218 4204 4203
3 4220 4218 4219
3 4220 4205 4218
3 4205 4204 4218
3 4219 4221 4220
3 4222 4205 4220
3 4206 4205 4222
3 4221 4223 4222
3 4220 4221 4222
3 4224 4206 4222
3 4224 4225 4206
3 4225 4207 4206
3 4222 4223 4224
3 4208 4227 4226
3 4208 4207 4227
3 4207 4225 4227
3 4208 4226 4210
3 2544 4227 4228
3 2544 2519 4227
3 4226 4227 4211
3 4211 4227 2519
3 4226 4211 4210
3 4228 2546 2544
3 2 1 4229
3 1 3 4229
3 2 4229 4
3 4229 3 4
3 4219 4232 4230
3 4219 4218 4232
3 4218 4231 4232
3 4219 4230 4221
3 4234 4230 4232
3 4233 4230 4234
3 4230 4233 4223
3 4221 4230 4223
3 4235 4234 12
3 4235 4225 4234
3 4233 4234 4224
3 4224 4234 4225
3 4233 4224 4223
3 12 13 4235
3 14 4225 4235
3 14 4236 4225
3 4236 4227 4225
3 4235 13 14
3 4236 4228 4227
3 16 4228 4236
3 4228 16 18
3 2546 4228 18
3 3779 4243 3739
3 3823 4245 3822
3 3822 4245 4246
3 3822 4246 3779
3 3779 4246 4243
3 4246 4247 4243
3 4247 4244 4243
3 4245 4249 4248
3 4245 3823 4249
3 3823 3860 4249
3 4245 4248 4246
3 4249 4250 4248
3 4248 4250 4251
3 4248 4251 4246
3 4246 4251 4247
3 4252 3860 3896
3 4252 4253 3860
3 4253 4249 3860
3 4250 4255 4254
3 4250 4249 4255
3 4249 4253 4255
3 4250 4254 4251
3 4252 4256 4253
3 4258 4253 4256
3 4258 4259 4253
3 4259 4255 4253
3 4258 4261 4259
3 4264 4263 4262
3 4262 4263 4265
3 4262 4265 4260
3 4269 4268 4267
3 4267 4271 4270
3 4268 4271 4267
3 4270 4271 4272
3 4274 4263 4264
3 4273 4263 4274
3 4263 4273 4275
3 4265 4263 4275
3 4278 4277 4276
3 4276 4280 4279
3 4277 4280 4276
3 4282 4281 4268
3 4280 4282 4268
3 4280 4268 4269
3 4280 4269 4279
3 4271 4268 4281
3 4283 4271 4281
3 4283 4272 4271
3 4283 4285 4272
3 4285 4284 4272
3 4273 4288 4286
3 4273 4274 4288
3 4274 4287 4288
3 4273 4286 4275
3 4282 4289 4281
3 4281 4290 4283
3 4289 4290 4281
3 4283 4290 4285
3 4293 4292 4291
3 4295 4294 4277
3 4292 4295 4277
3 4292 4277 4278
3 4292 4278 4291
3 4280 4277 4294
3 4296 4280 4294
3 4280 4296 4282
3 4297 4284 4298
3 4298 4284 4285
3 4299 4300 4287
3 4300 4288 4287
3 4295 4301 4294
3 4289 4282 4296
3 4304 4303 4302
3 4306 4305 4292
3 4303 4306 4292
3 4303 4292 4293
3 4303 4293 4302
3 4292 4305 4295
3 4308 4307 4297
3 4308 4297 4309
3 4309 4297 4298
3 4307 4311 4310
3 4308 4311 4307
3 4310 4311 4312
3 4310 4312 4299
3 4299 4312 4300
3 4303 4315 4313
3 4303 4304 4315
3 4304 4314 4315
3 4303 4313 4306
3 4308 4309 4316
3 4311 4308 4316
3 4317 4311 4316
3 4311 4317 4312
3 4315 4318 4313
3 4318 4306 4313
3 4319 4316 4309
3 4316 4320 4317
3 4319 4320 4316
3 142 143 4315
3 4314 142 4315
3 4323 4321 4322
3 4321 4324 4322
3 146 4318 4315
3 146 4315 143
3 4324 4319 4322
3 4325 4321 4323
3 4325 4323 4326
3 4326 4323 4327
3 4321 4329 4324
3 4321 4325 4329
3 4325 4328 4329
3 4330 4331 4329
3 4328 4330 4329
3 4332 4326 4333
3 4333 4326 4327
3 4334 4335 4330
3 4335 4331 4330
3 4336 4332 4337
3 4337 4332 4333
3 4338 4339 4334
3 4339 4335 4334
3 4340 4336 4341
3 4341 4336 4337
3 4342 4343 4338
3 4343 4339 4338
3 4344 4340 4345
3 4345 4340 4341
3 4346 4347 4342
3 4347 4343 4342
3 4348 4344 4349
3 4349 4344 4345
3 4352 4351 4350
3 4350 4351 4353
3 4350 4353 4346
3 4346 4353 4347
3 4354 4348 4355
3 4355 4348 4349
3 4356 4351 4352
3 4351 4356 4357
3 4351 4357 4353
3 4353 4357 4358
3 4364 4363 4362
3 4363 4364 4365
3 4380 4382 4381
3 4379 4380 4381
3 4382 21 19
3 4381 4382 19
3 4385 4380 4383
3 4382 4380 4385
3 4384 4386 4385
3 4383 4384 4385
3 32 4382 4385
3 21 4382 32
3 4386 35 32
3 4385 4386 32
3 4387 4386 4384
3 4387 39 4386
3 39 35 4386
3 4388 4389 938
3 4389 4390 938
3 4392 4391 4393
3 4391 4392 4390
3 4391 4390 4394
3 4394 4390 4389
3 4395 4393 4391
3 4395 4396 4393
3 4396 4397 4393
3 4391 4394 4395
3 4396 4398 4397
3 4398 4399 4397
3 4401 4402 4400
3 4403 4402 4401
3 4398 4404 4399
3 4404 4405 4399
3 4402 4403 4406
3 4406 4403 4407
3 4404 4408 4405
3 4408 4409 4405
3 4406 4407 4410
3 4410 4407 4411
3 4408 4412 4409
3 4412 4413 4409
3 4410 4411 4414
3 4414 4411 4415
3 4412 4416 4413
3 4416 4417 4413
3 4414 4415 4418
3 4418 4415 4419
3 4416 4420 4417
3 4420 4421 4417
3 4418 4419 4422
3 4422 4419 4423
3 4420 4424 4421
3 4424 4425 4421
3 4422 4423 4426
3 4426 4423 4427
3 4424 4428 4425
3 4428 4429 4425
3 4426 4427 4430
3 4430 4427 4431
3 4428 4432 4429
3 4432 4433 4429
3 4430 4431 4434
3 4434 4431 4435
3 4432 4436 4433
3 4436 4437 4433
3 4434 4435 4438
3 4438 4435 4439
3 4436 4440 4437
3 4440 4441 4437
3 4438 4439 4442
3 4442 4439 4443
3 4445 4446 4444
3 4445 4441 4446
3 4441 4440 4446
3 4445 4444 4447
3 4442 4443 4359
3 4359 4443 4354
3 4446 4448 4444
3 4444 4448 4360
3 4444 4360 4447
3 4447 4360 4357
3 4449 4450 4388
3 4450 4389 4388
3 4450 4451 4389
3 4451 4394 4389
3 4396 4452 4453
3 4395 4452 4396
3 4452 4395 4394
3 4451 4452 4394
3 4453 4454 4396
3 4454 4398 4396
3 4400 4402 4455
3 4454 4456 4398
3 4456 4404 4398
3 4455 4458 4457
3 4455 4402 4458
3 4402 4406 4458
3 4456 4459 4404
3 4459 4408 4404
3 4458 4406 4460
3 4460 4406 4410
3 4459 4461 4408
3 4461 4412 4408
3 4460 4410 4462
3 4462 4410 4414
3 4461 4463 4412
3 4463 4416 4412
3 4462 4414 4464
3 4464 4414 4418
3 4463 4465 4416
3 4465 4420 4416
3 4464 4418 4466
3 4466 4418 4422
3 4465 4467 4420
3 4467 4424 4420
3 4466 4422 4468
3 4468 4422 4426
3 4467 4469 4424
3 4469 4428 4424
3 4468 4426 4470
3 4470 4426 4430
3 4469 4471 4428
3 4471 4432 4428
3 4470 4430 4472
3 4472 4430 4434
3 4471 4473 4432
3 4473 4436 4432
3 4472 4434 4474
3 4474 4434 4438
3 4473 4475 4436
3 4475 4440 4436
3 4474 4438 4476
3 4476 4438 4442
3 4475 4477 4440
3 4477 4446 4440
3 4476 4442 4361
3 4361 4442 4359
3 4448 4364 4362
3 4448 4446 4364
3 4446 4477 4364
3 4448 4362 4360
3 4481 4478 4480
3 4479 4478 4481
3 4478 4479 4450
3 4449 4478 4450
3 4483 4479 4481
3 4482 4479 4483
3 4479 4482 4451
3 4450 4479 4451
3 4482 4453 4452
3 4482 4483 4453
3 4483 4484 4453
3 4482 4452 4451
3 4484 4485 4453
3 4485 4454 4453
3 4488 4487 4486
3 4486 4487 4456
3 4486 4456 4485
3 4485 4456 4454
3 4488 4490 4487
3 4488 4457 4490
3 4488 4489 4457
3 4458 4490 4457
3 4487 4490 4459
3 4456 4487 4459
3 4491 4490 4458
3 4460 4491 4458
3 4490 4491 4461
3 4459 4490 4461
3 4492 4491 4460
3 4492 4460 4493
3 4493 4460 4462
3 4491 4492 4494
3 4491 4494 4461
3 4461 4494 4463
3 4493 4462 4495
3 4495 4462 4464
3 4494 4496 4463
3 4496 4465 4463
3 4495 4464 4497
3 4497 4464 4466
3 4496 4498 4465
3 4498 4467 4465
3 4497 4466 4499
3 4499 4466 4468
3 4498 4500 4467
3 4500 4469 4467
3 4499 4468 4501
3 4501 4468 4470
3 4500 4502 4469
3 4502 4471 4469
3 4504 4503 4501
3 4504 4501 4472
3 4472 4501 4470
3 4503 4504 4473
3 4503 4473 4502
3 4502 4473 4471
3 4505 4504 4472
3 4505 4472 4506
3 4506 4472 4474
3 4504 4505 4507
3 4504 4507 4473
3 4473 4507 4475
3 4506 4474 4508
3 4508 4474 4476
3 4507 4509 4475
3 4509 4477 4475
3 4365 4510 4508
3 4365 4508 4361
3 4361 4508 4476
3 4510 4365 4364
3 4510 4364 4509
3 4509 4364 4477
3 4511 4512 4480
3 4512 4481 4480
3 4512 4513 4481
3 4513 4483 4481
3 4515 4513 4514
3 4515 4484 4513
3 4484 4483 4513
3 4514 4516 4515
3 4517 4484 4515
3 4517 4518 4484
3 4518 4485 4484
3 4515 4516 4517
3 4488 4519 4520
3 4486 4519 4488
3 4519 4486 4485
3 4518 4519 4485
3 4521 4489 4488
3 4520 4521 4488
3 4492 4493 4522
3 4492 4522 4494
3 4523 4522 4493
3 4523 4493 4524
3 4524 4493 4495
3 4522 4523 4525
3 4522 4525 4494
3 4494 4525 4496
3 4524 4495 4526
3 4526 4495 4497
3 4525 4527 4496
3 4527 4498 4496
3 4526 4497 4528
3 4528 4497 4499
3 4527 4529 4498
3 4529 4500 4498
3 4528 4499 4530
3 4530 4499 4501
3 4529 4531 4500
3 4531 4502 4500
3 4503 4532 4533
3 4503 4533 4501
3 4501 4533 4530
3 4532 4503 4502
3 4532 4502 4534
3 4534 4502 4531
3 4532 4535 4533
3 4505 4506 4536
3 4535 4532 4534
3 4536 4507 4505
3 4537 4536 4506
3 4508 4537 4506
3 4536 4537 4509
3 4507 4536 4509
3 4537 4508 4510
3 4537 4510 4509
3 4538 4539 4511
3 4539 4512 4511
3 4541 4539 4540
3 4541 4513 4539
3 4513 4512 4539
3 4540 4542 4541
3 4541 4514 4513
3 4514 4541 4542
3 4514 4542 4516
3 4516 4542 4543
3 4518 4544 4545
3 4517 4544 4518
3 4544 4517 4516
3 4543 4544 4516
3 4520 4546 4547
3 4519 4546 4520
3 4546 4519 4518
3 4545 4546 4518
3 4548 4521 4520
3 4548 4520 4547
3 4549 4550 4551
3 4549 4552 4550
3 4554 4551 4550
3 4553 4554 4550
3 4552 4555 4553
3 4550 4552 4553
3 4557 4554 4553
3 4556 4557 4553
3 4555 4558 4556
3 4553 4555 4556
3 4556 4523 4524
3 4556 4524 4557
3 4557 4524 4559
3 4523 4556 4558
3 4523 4558 4525
3 4525 4558 4560
3 4559 4524 4561
3 4561 4524 4526
3 4560 4562 4525
3 4562 4527 4525
3 4561 4526 4563
3 4563 4526 4528
3 4562 4564 4527
3 4564 4529 4527
3 4563 4528 4565
3 4565 4528 4530
3 4564 4566 4529
3 4566 4531 4529
3 4565 4530 4567
3 4567 4530 4533
3 4566 4568 4531
3 4568 4534 4531
3 4535 4569 4570
3 4535 4570 4533
3 4533 4570 4567
3 4569 4535 4534
3 4569 4534 4571
3 4571 4534 4568
3 4570 4569 4572
3 4569 4571 4572
3 4573 4574 4538
3 4574 4539 4538
3 4540 4576 4575
3 4540 4539 4576
3 4539 4574 4576
3 4540 4575 4542
3 4576 4577 4575
3 4575 4577 4578
3 4575 4578 4542
3 4542 4578 4543
3 4545 4579 4580
3 4544 4579 4545
3 4579 4544 4543
3 4578 4579 4543
3 4546 4581 4547
3 4581 4546 4545
3 4581 4545 4582
3 4582 4545 4580
3 4551 4581 4549
3 4551 4583 4581
3 4547 4581 4548
3 4548 4581 4583
3 4549 4581 4582
3 4549 4582 4552
3 4552 4582 4584
3 4583 4586 4585
3 4583 4551 4586
3 4551 4554 4586
3 4584 4587 4552
3 4587 4555 4552
3 4586 4554 4588
3 4588 4554 4557
3 4587 4589 4555
3 4589 4558 4555
3 4588 4557 4590
3 4590 4557 4559
3 4589 4591 4558
3 4591 4560 4558
3 4590 4559 4592
3 4592 4559 4561
3 4591 4593 4560
3 4593 4562 4560
3 4592 4561 4594
3 4594 4561 4563
3 4593 4595 4562
3 4595 4564 4562
3 4594 4563 4596
3 4596 4563 4565
3 4595 4597 4564
3 4597 4566 4564
3 4596 4565 4598
3 4598 4565 4567
3 4597 4599 4566
3 4599 4568 4566
3 4598 4567 4600
3 4600 4567 4570
3 4599 4601 4568
3 4601 4571 4568
3 4572 4602 4603
3 4572 4603 4570
3 4570 4603 4600
3 4602 4572 4571
3 4602 4571 4604
3 4604 4571 4601
3 4603 4602 4605
3 4602 4604 4605
3 4607 4573 4606
3 4607 4608 4573
3 4608 4574 4573
3 4606 4609 4607
3 4608 4610 4574
3 4610 4576 4574
3 4610 4577 4576
3 4611 4577 4610
3 4577 4611 4612
3 4578 4577 4612
3 4579 4613 4580
3 4613 4579 4578
3 4613 4578 4614
3 4614 4578 4612
3 4615 4580 4613
3 4615 4616 4580
3 4616 4582 4580
3 4613 4614 4615
3 4616 4617 4582
3 4617 4584 4582
3 4585 4586 4618
3 4617 4619 4584
3 4619 4587 4584
3 4618 4621 4620
3 4618 4586 4621
3 4586 4588 4621
3 4619 4622 4587
3 4622 4589 4587
3 4621 4588 4623
3 4623 4588 4590
3 4622 4624 4589
3 4624 4591 4589
3 4623 4590 4625
3 4625 4590 4592
3 4624 4626 4591
3 4626 4593 4591
3 4625 4592 4627
3 4627 4592 4594
3 4626 4628 4593
3 4628 4595 4593
3 4627 4594 4629
3 4629 4594 4596
3 4628 4630 4595
3 4630 4597 4595
3 4629 4596 4631
3 4631 4596 4598
3 4630 4632 4597
3 4632 4599 4597
3 4631 4598 4633
3 4633 4598 4600
3 4632 4634 4599
3 4634 4601 4599
3 4636 4635 4633
3 4636 4633 4603
3 4603 4633 4600
3 4635 4636 4604
3 4635 4604 4634
3 4634 4604 4601
3 4637 4367 4368
3 4636 4603 4605
3 4636 4605 4604
3 4637 4369 4367
3 4607 4638 4608
3 4638 4607 4609
3 4638 4609 4640
3 4640 4609 4639
3 4641 4608 4638
3 4641 4642 4608
3 4642 4610 4608
3 4638 4640 4641
3 4611 4644 4643
3 4611 4610 4644
3 4610 4642 4644
3 4611 4643 4612
3 4646 4643 4644
3 4645 4643 4646
3 4643 4645 4614
3 4612 4643 4614
3 4645 4616 4615
3 4645 4646 4616
3 4646 4647 4616
3 4645 4615 4614
3 4650 4649 4648
3 4648 4649 4617
3 4648 4617 4647
3 4647 4617 4616
3 4652 4649 4650
3 4651 4649 4652
3 4649 4651 4619
3 4617 4649 4619
3 4655 4651 4621
3 4655 4654 4651
3 4621 4651 4620
3 4652 4653 4651
3 4620 4651 4653
3 4651 4654 4656
3 4651 4656 4619
3 4619 4656 4622
3 4655 4621 4657
3 4657 4621 4623
3 4656 4658 4622
3 4658 4624 4622
3 4657 4623 4659
3 4659 4623 4625
3 4658 4660 4624
3 4660 4626 4624
3 4659 4625 4661
3 4661 4625 4627
3 4660 4662 4626
3 4662 4628 4626
3 4661 4627 4663
3 4663 4627 4629
3 4662 4664 4628
3 4664 4630 4628
3 4663 4629 4665
3 4665 4629 4631
3 4664 4666 4630
3 4666 4632 4630
3 4665 4631 4667
3 4667 4631 4633
3 4666 4668 4632
3 4668 4634 4632
3 4635 4669 4670
3 4635 4670 4633
3 4633 4670 4667
3 4669 4635 4634
3 4669 4634 4671
3 4671 4634 4668
3 4669 4672 4670
3 4637 4368 4370
3 4672 4669 4671
3 4370 4369 4637
3 4676 4673 4675
3 4674 4673 4676
3 4673 4674 4640
3 4639 4673 4640
3 4678 4676 4677
3 4678 4642 4676
3 4674 4676 4641
3 4641 4676 4642
3 4674 4641 4640
3 4677 4679 4678
3 4680 4642 4678
3 4644 4642 4680
3 4679 4681 4680
3 4678 4679 4680
3 4682 4644 4680
3 4646 4644 4682
3 4681 4683 4682
3 4680 4681 4682
3 4684 4646 4682
3 4684 4685 4646
3 4685 4647 4646
3 4682 4683 4684
3 4650 4686 4687
3 4648 4686 4650
3 4686 4648 4647
3 4685 4686 4647
3 4687 4688 4650
3 4688 4652 4650
3 4690 4654 4655
3 4689 4653 4691
3 4691 4653 4652
3 4691 4652 4688
3 4654 4690 4656
3 4689 4691 4692
3 4655 4694 4690
3 4655 4657 4694
3 4694 4693 4690
3 4690 4693 4695
3 4690 4695 4656
3 4656 4695 4658
3 4694 4657 4696
3 4696 4657 4659
3 4695 4697 4658
3 4697 4660 4658
3 4696 4659 4698
3 4698 4659 4661
3 4697 4699 4660
3 4699 4662 4660
3 4698 4661 4700
3 4700 4661 4663
3 4699 4701 4662
3 4701 4664 4662
3 4700 4663 4702
3 4702 4663 4665
3 4701 4703 4664
3 4703 4666 4664
3 4702 4665 4704
3 4704 4665 4667
3 4703 4705 4666
3 4705 4668 4666
3 4704 4667 4706
3 4706 4667 4670
3 4705 4707 4668
3 4707 4671 4668
3 4672 4371 4372
3 4672 4372 4670
3 4670 4372 4706
3 4371 4672 4671
3 4371 4671 4373
3 4373 4671 4707
3 4709 4675 4708
3 4676 4675 4709
3 4710 4711 4709
3 4708 4710 4709
3 4677 4714 4713
3 4677 4676 4714
3 4712 4714 4709
3 4709 4714 4676
3 4712 4709 4711
3 4713 4679 4677
3 4716 4713 4714
3 4715 4713 4716
3 4713 4715 4681
3 4679 4713 4681
3 4716 4717 4715
3 4715 4717 4718
3 4715 4718 4681
3 4681 4718 4683
3 4684 4719 4685
3 4719 4684 4683
3 4719 4683 4720
3 4720 4683 4718
3 4686 4721 4687
3 4721 4722 4723
3 4686 4722 4721
3 4686 4719 4722
3 4686 4685 4719
3 4719 4720 4722
3 4724 4687 4721
3 4688 4687 4724
3 4723 4725 4724
3 4721 4723 4724
3 4728 4726 4724
3 4728 4729 4726
3 4724 4726 4688
3 4727 4691 4726
3 4688 4726 4691
3 4725 4730 4728
3 4724 4725 4728
3 4727 4692 4691
3 4728 4731 4729
3 4694 4732 4693
3 4731 4728 4730
3 4732 4695 4693
3 4733 4732 4694
3 4733 4694 4734
3 4734 4694 4696
3 4732 4733 4735
3 4732 4735 4695
3 4695 4735 4697
3 4734 4696 4736
3 4736 4696 4698
3 4735 4737 4697
3 4737 4699 4697
3 4736 4698 4738
3 4738 4698 4700
3 4737 4739 4699
3 4739 4701 4699
3 4738 4700 4740
3 4740 4700 4702
3 4739 4741 4701
3 4741 4703 4701
3 4740 4702 4742
3 4742 4702 4704
3 4741 4743 4703
3 4743 4705 4703
3 4742 4704 4744
3 4744 4704 4706
3 4743 4745 4705
3 4745 4707 4705
3 4374 4746 4744
3 4374 4744 4372
3 4372 4744 4706
3 4746 4374 4373
3 4746 4373 4745
3 4745 4373 4707
3 4749 4748 4747
3 4747 4748 4750
3 4747 4750 4710
3 4710 4750 4711
3 4712 4751 4714
3 4751 4712 4711
3 4751 4711 4752
3 4752 4711 4750
3 4753 4714 4751
3 4716 4714 4753
3 4752 4754 4753
3 4751 4752 4753
3 4753 4717 4716
3 4717 4753 4754
3 4717 4754 4718
3 4718 4754 4755
3 4755 4756 4718
3 4756 4720 4718
3 4723 4757 4758
3 4722 4757 4723
3 4757 4722 4720
3 4756 4757 4720
3 4759 4760 4725
3 4759 4725 4758
3 4758 4725 4723
3 4760 4761 4730
3 4725 4760 4730
3 4761 4729 4731
3 4761 4731 4730
3 4733 4734 4762
3 4733 4762 4735
3 4763 4762 4734
3 4763 4734 4764
3 4764 4734 4736
3 4762 4763 4765
3 4762 4765 4735
3 4735 4765 4737
3 4764 4736 4766
3 4766 4736 4738
3 4765 4767 4737
3 4767 4739 4737
3 4766 4738 4768
3 4768 4738 4740
3 4767 4769 4739
3 4769 4741 4739
3 4768 4740 4770
3 4770 4740 4742
3 4769 4771 4741
3 4771 4743 4741
3 4770 4742 4772
3 4772 4742 4744
3 4771 4773 4743
3 4773 4745 4743
3 4746 4375 4376
3 4746 4376 4744
3 4744 4376 4772
3 4375 4746 4745
3 4375 4745 4377
3 4377 4745 4773
3 4774 4748 4749
3 4748 4774 4775
3 4748 4775 4750
3 4750 4775 4776
3 4776 4777 4750
3 4777 4752 4750
3 4777 4778 4752
3 4778 4754 4752
3 4778 4779 4754
3 4779 4755 4754
3 4779 4780 4755
3 4780 4756 4755
3 4758 4781 4782
3 4757 4781 4758
3 4781 4757 4756
3 4780 4781 4756
3 4783 4759 4758
3 4782 4783 4758
3 4763 4764 4784
3 4763 4784 4765
3 4785 4784 4764
3 4766 4785 4764
3 4784 4785 4767
3 4765 4784 4767
3 4786 4785 4766
3 4768 4786 4766
3 4785 4786 4769
3 4767 4785 4769
3 4787 4786 4768
3 4770 4787 4768
3 4786 4787 4771
3 4769 4786 4771
3 4788 4787 4770
3 4772 4788 4770
3 4787 4788 4773
3 4771 4787 4773
3 4378 4788 4772
3 4376 4378 4772
3 4788 4378 4377
3 4773 4788 4377
3 4789 4790 4775
3 4790 4776 4775
3 4790 4791 4776
3 4791 4777 4776
3 4791 4792 4777
3 4792 4778 4777
3 4792 4793 4778
3 4793 4779 4778
3 4793 4794 4779
3 4794 4780 4779
3 4782 4795 4796
3 4781 4795 4782
3 4795 4781 4780
3 4794 4795 4780
3 4797 4783 4782
3 4797 4782 4798
3 4798 4782 4796
3 4797 4798 4799
3 4800 4801 4789
3 4801 4790 4789
3 4801 4802 4790
3 4802 4791 4790
3 4802 4803 4791
3 4803 4792 4791
3 4803 4804 4792
3 4804 4793 4792
3 4804 4805 4793
3 4805 4794 4793
3 4795 4806 4796
3 4806 4795 4794
3 4806 4794 4807
3 4807 4794 4805
3 4808 4796 4806
3 4808 4809 4796
3 4809 4798 4796
3 4806 4807 4808
3 4810 4799 4798
3 4809 4810 4798
3 4811 4812 4800
3 4812 4801 4800
3 4812 4813 4801
3 4813 4802 4801
3 4813 4814 4802
3 4814 4803 4802
3 4814 4815 4803
3 4815 4804 4803
3 4815 4816 4804
3 4816 4805 4804
3 4816 4817 4805
3 4817 4807 4805
3 4809 4818 4819
3 4808 4818 4809
3 4818 4808 4807
3 4817 4818 4807
3 4820 4810 4809
3 4819 4820 4809
3 336 1696 4811
3 1696 4812 4811
3 1696 1698 4812
3 1698 4813 4812
3 1698 1700 4813
3 1700 4814 4813
3 1700 1702 4814
3 1702 4815 4814
3 1702 1704 4815
3 1704 4816 4815
3 1704 1706 4816
3 1706 4817 4816
3 4819 1708 1709
3 4818 1708 4819
3 1708 4818 4817
3 1706 1708 4817
3 4821 4820 4819
3 4821 4819 1713
3 1713 4819 1709
3 4821 1713 1715
3 208 4822 209
3 4822 920 209
3 4822 4823 920
3 4823 921 920
3 4823 4824 921
3 4824 922 921
3 4826 4824 4825
3 4826 923 4824
3 923 922 4824
3 4825 4827 4826
3 4828 923 4826
3 924 923 4828
3 4827 4829 4828
3 4826 4827 4828
3 4828 925 924
3 925 4828 4829
3 925 4829 926
3 926 4829 4830
3 4830 4831 926
3 4831 928 926
3 4831 4832 928
3 4832 929 928
3 4832 4833 929
3 4833 930 929
3 4833 4834 930
3 4834 931 930
3 4834 4835 931
3 4835 932 931
3 4835 4836 932
3 4836 933 932
3 4836 4837 933
3 4837 934 933
3 935 4839 4838
3 935 934 4839
3 934 4837 4839
3 935 4838 936
3 4839 4840 4838
3 4838 4840 4841
3 4838 4841 936
3 936 4841 937
3 4841 4388 937
3 4388 938 937
3 233 4842 208
3 4842 4822 208
3 4842 4843 4822
3 4843 4823 4822
3 4843 4844 4823
3 4844 4824 4823
3 4825 4846 4845
3 4825 4824 4846
3 4824 4844 4846
3 4825 4845 4827
3 4846 4847 4845
3 4845 4847 4848
3 4845 4848 4827
3 4827 4848 4829
3 4848 4849 4829
3 4849 4830 4829
3 4849 4850 4830
3 4850 4831 4830
3 4850 4851 4831
3 4851 4832 4831
3 4851 4852 4832
3 4852 4833 4832
3 4852 4853 4833
3 4853 4834 4833
3 4853 4854 4834
3 4854 4835 4834
3 4854 4855 4835
3 4855 4836 4835
3 4855 4856 4836
3 4856 4837 4836
3 4856 4857 4837
3 4857 4839 4837
3 4857 4840 4839
3 4858 4840 4857
3 4840 4858 4859
3 4841 4840 4859
3 4859 4449 4841
3 4449 4388 4841
3 249 4860 233
3 4860 4842 233
3 4860 4861 4842
3 4861 4843 4842
3 4863 4861 4862
3 4863 4844 4861
3 4844 4843 4861
3 4862 4864 4863
3 4865 4844 4863
3 4846 4844 4865
3 4864 4866 4865
3 4863 4864 4865
3 4865 4847 4846
3 4847 4865 4866
3 4847 4866 4848
3 4848 4866 4867
3 4867 4868 4848
3 4868 4849 4848
3 4868 4869 4849
3 4869 4850 4849
3 4869 4870 4850
3 4870 4851 4850
3 4870 4871 4851
3 4871 4852 4851
3 4871 4872 4852
3 4872 4853 4852
3 4872 4873 4853
3 4873 4854 4853
3 4873 4874 4854
3 4874 4855 4854
3 4874 4875 4855
3 4875 4856 4855
3 4875 4876 4856
3 4876 4857 4856
3 4858 4878 4877
3 4858 4857 4878
3 4857 4876 4878
3 4858 4877 4859
3 4480 4877 4878
3 4478 4877 4480
3 4877 4478 4449
3 4859 4877 4449
3 259 4879 249
3 4879 4860 249
3 4881 4879 4880
3 4881 4861 4879
3 4861 4860 4879
3 4880 4882 4881
3 4862 4885 4884
3 4862 4861 4885
3 4883 4885 4881
3 4881 4885 4861
3 4883 4881 4882
3 4884 4864 4862
3 4885 4886 4884
3 4884 4886 4887
3 4884 4887 4864
3 4864 4887 4866
3 4887 4888 4866
3 4888 4867 4866
3 4888 4889 4867
3 4889 4868 4867
3 4889 4890 4868
3 4890 4869 4868
3 4890 4891 4869
3 4891 4870 4869
3 4891 4892 4870
3 4892 4871 4870
3 4892 4893 4871
3 4893 4872 4871
3 4893 4894 4872
3 4894 4873 4872
3 4894 4895 4873
3 4895 4874 4873
3 4895 4896 4874
3 4896 4875 4874
3 4896 4897 4875
3 4897 4876 4875
3 4897 4898 4876
3 4898 4878 4876
3 4898 4511 4878
3 4511 4480 4878
3 272 4899 259
3 4899 4879 259
3 4880 4901 4900
3 4880 4879 4901
3 4879 4899 4901
3 4880 4900 4882
3 4903 4901 4902
3 4903 4885 4901
3 4900 4901 4883
3 4883 4901 4885
3 4900 4883 4882
3 4902 4904 4903
3 4903 4886 4885
3 4886 4903 4904
3 4886 4904 4887
3 4887 4904 4905
3 4905 4906 4887
3 4906 4888 4887
3 4906 4907 4888
3 4907 4889 4888
3 4907 4908 4889
3 4908 4890 4889
3 4908 4909 4890
3 4909 4891 4890
3 4909 4910 4891
3 4910 4892 4891
3 4910 4911 4892
3 4911 4893 4892
3 4911 4912 4893
3 4912 4894 4893
3 4912 4913 4894
3 4913 4895 4894
3 4913 4914 4895
3 4914 4896 4895
3 4914 4915 4896
3 4915 4897 4896
3 4915 4916 4897
3 4916 4898 4897
3 4916 4538 4898
3 4538 4511 4898
3 280 4917 272
3 4917 4899 272
3 4919 4917 4918
3 4919 4901 4917
3 4901 4899 4917
3 4918 4920 4919
3 4902 4923 4922
3 4902 4901 4923
3 4921 4923 4919
3 4919 4923 4901
3 4921 4919 4920
3 4922 4904 4902
3 4923 4924 4922
3 4922 4924 4925
3 4922 4925 4904
3 4904 4925 4905
3 4925 4926 4905
3 4926 4906 4905
3 4926 4927 4906
3 4927 4907 4906
3 4927 4928 4907
3 4928 4908 4907
3 4928 4929 4908
3 4929 4909 4908
3 4929 4930 4909
3 4930 4910 4909
3 4930 4931 4910
3 4931 4911 4910
3 4931 4932 4911
3 4932 4912 4911
3 4932 4933 4912
3 4933 4913 4912
3 4933 4934 4913
3 4934 4914 4913
3 4934 4935 4914
3 4935 4915 4914
3 4935 4936 4915
3 4936 4916 4915
3 4936 4573 4916
3 4573 4538 4916
3 286 4937 280
3 4937 4917 280
3 4918 4939 4938
3 4918 4917 4939
3 4917 4937 4939
3 4918 4938 4920
3 4938 4923 4921
3 4938 4939 4923
3 4939 4940 4923
3 4938 4921 4920
3 4924 4942 4941
3 4924 4923 4942
3 4923 4940 4942
3 4924 4941 4925
3 4942 4943 4941
3 4941 4943 4944
3 4941 4944 4925
3 4925 4944 4926
3 4944 4945 4926
3 4945 4927 4926
3 4945 4946 4927
3 4946 4928 4927
3 4946 4947 4928
3 4947 4929 4928
3 4947 4948 4929
3 4948 4930 4929
3 4948 4949 4930
3 4949 4931 4930
3 4949 4950 4931
3 4950 4932 4931
3 4950 4951 4932
3 4951 4933 4932
3 4951 4952 4933
3 4952 4934 4933
3 4952 4953 4934
3 4953 4935 4934
3 4953 4954 4935
3 4954 4936 4935
3 4606 4954 4955
3 4606 4573 4954
3 4573 4936 4954
3 4955 4609 4606
3 291 4956 286
3 4956 4937 286
3 4956 4957 4937
3 4957 4939 4937
3 4957 4958 4939
3 4958 4940 4939
3 4960 4958 4959
3 4960 4942 4958
3 4942 4940 4958
3 4959 4961 4960
3 4960 4943 4942
3 4943 4960 4961
3 4943 4961 4944
3 4944 4961 4962
3 4962 4963 4944
3 4963 4945 4944
3 4963 4964 4945
3 4964 4946 4945
3 4964 4965 4946
3 4965 4947 4946
3 4965 4966 4947
3 4966 4948 4947
3 4966 4967 4948
3 4967 4949 4948
3 4967 4968 4949
3 4968 4950 4949
3 4968 4969 4950
3 4969 4951 4950
3 4969 4970 4951
3 4970 4952 4951
3 4972 4970 4971
3 4972 4953 4970
3 4953 4952 4970
3 4971 4973 4972
3 4974 4953 4972
3 4954 4953 4974
3 4973 4975 4974
3 4972 4973 4974
3 4974 4955 4954
3 4955 4974 4975
3 4955 4975 4609
3 4609 4975 4639
3 296 4976 291
3 4976 4956 291
3 4976 4977 4956
3 4977 4957 4956
3 4977 4978 4957
3 4978 4958 4957
3 4978 4959 4958
3 4979 4959 4978
3 4959 4979 4980
3 4961 4959 4980
3 4980 4981 4961
3 4981 4962 4961
3 4981 4982 4962
3 4982 4963 4962
3 4982 4983 4963
3 4983 4964 4963
3 4983 4984 4964
3 4984 4965 4964
3 4984 4985 4965
3 4985 4966 4965
3 4985 4986 4966
3 4986 4967 4966
3 4986 4987 4967
3 4987 4968 4967
3 4989 4987 4988
3 4989 4969 4987
3 4969 4968 4987
3 4988 4990 4989
3 4991 4969 4989
3 4991 4992 4969
3 4992 4970 4969
3 4989 4990 4991
3 4971 4994 4993
3 4971 4970 4994
3 4970 4992 4994
3 4971 4993 4973
3 4994 4995 4993
3 4993 4995 4996
3 4993 4996 4973
3 4973 4996 4975
3 4675 4673 4997
3 4997 4673 4639
3 4997 4639 4996
3 4996 4639 4975
3 299 4998 296
3 4998 4976 296
3 5000 4998 4999
3 5000 4977 4998
3 4977 4976 4998
3 4999 5001 5000
3 5002 4977 5000
3 5002 5003 4977
3 5003 4978 4977
3 5000 5001 5002
3 5003 4979 4978
3 5004 4979 5003
3 4979 5004 5005
3 4980 4979 5005
3 5005 5006 4980
3 5006 4981 4980
3 5006 5007 4981
3 5007 4982 4981
3 5007 5008 4982
3 5008 4983 4982
3 5008 5009 4983
3 5009 4984 4983
3 5009 5010 4984
3 5010 4985 4984
3 5010 5011 4985
3 5011 4986 4985
3 5011 5012 4986
3 5012 4987 4986
3 4988 5014 5013
3 4988 4987 5014
3 4987 5012 5014
3 4988 5013 4990
3 5013 4992 4991
3 5013 5014 4992
3 5014 5015 4992
3 5013 4991 4990
3 5015 5016 4992
3 5016 4994 4992
3 5016 4995 4994
3 5017 4995 5016
3 4995 5017 5018
3 4996 4995 5018
3 4997 4708 4675
3 4708 4997 4996
3 4708 4996 4710
3 4710 4996 5018
3 301 5019 299
3 5019 4998 299
3 5019 4999 4998
3 5020 4999 5019
3 4999 5020 5021
3 5001 4999 5021
3 5003 5022 5023
3 5002 5022 5003
3 5022 5002 5001
3 5021 5022 5001
3 5023 5004 5003
3 5024 5004 5023
3 5004 5024 5025
3 5005 5004 5025
3 5025 5026 5005
3 5026 5006 5005
3 5026 5027 5006
3 5027 5007 5006
3 5027 5028 5007
3 5028 5008 5007
3 5028 5029 5008
3 5029 5009 5008
3 5029 5030 5009
3 5030 5010 5009
3 5030 5031 5010
3 5031 5011 5010
3 5031 5032 5011
3 5032 5012 5011
3 5032 5033 5012
3 5033 5014 5012
3 5035 5033 5034
3 5035 5015 5033
3 5015 5014 5033
3 5034 5036 5035
3 5037 5015 5035
3 5016 5015 5037
3 5036 5038 5037
3 5035 5036 5037
3 5037 5017 5016
3 5017 5037 5038
3 5017 5038 5018
3 5018 5038 5039
3 4749 4747 5040
3 5040 4747 4710
3 5040 4710 5039
3 5039 4710 5018
3 303 5041 301
3 5041 5019 301
3 5041 5020 5019
3 5042 5020 5041
3 5020 5042 5043
3 5021 5020 5043
3 5022 5044 5023
3 5044 5022 5021
3 5044 5021 5045
3 5045 5021 5043
3 5044 5024 5023
3 5024 5044 5045
3 5024 5045 5025
3 5025 5045 5046
3 5046 5047 5025
3 5047 5026 5025
3 5047 5048 5026
3 5048 5027 5026
3 5048 5049 5027
3 5049 5028 5027
3 5049 5050 5028
3 5050 5029 5028
3 5050 5051 5029
3 5051 5030 5029
3 5051 5052 5030
3 5052 5031 5030
3 5052 5053 5031
3 5053 5032 5031
3 5053 5054 5032
3 5054 5033 5032
3 5054 5034 5033
3 5055 5034 5054
3 5034 5055 5056
3 5036 5034 5056
3 5056 5057 5036
3 5057 5038 5036
3 5057 5058 5038
3 5058 5039 5038
3 5040 4774 4749
3 4774 5040 5039
3 4774 5039 4775
3 4775 5039 5058
3 5059 5060 303
3 5060 5041 303
3 5060 5042 5041
3 5061 5042 5060
3 5042 5061 5062
3 5043 5042 5062
3 5062 5063 5043
3 5063 5045 5043
3 5063 5064 5045
3 5064 5046 5045
3 5064 5065 5046
3 5065 5047 5046
3 5065 5066 5047
3 5066 5048 5047
3 5066 5067 5048
3 5067 5049 5048
3 5067 5068 5049
3 5068 5050 5049
3 5068 5069 5050
3 5069 5051 5050
3 5069 5070 5051
3 5070 5052 5051
3 5070 5071 5052
3 5071 5053 5052
3 5073 5071 5072
3 5073 5054 5071
3 5054 5053 5071
3 5072 5074 5073
3 5073 5055 5054
3 5055 5073 5074
3 5055 5074 5056
3 5056 5074 5075
3 5075 5076 5056
3 5076 5057 5056
3 5076 5077 5057
3 5077 5058 5057
3 5077 4789 5058
3 4789 4775 5058
3 5078 5080 5079
3 5082 5061 5060
3 5081 5061 5082
3 5061 5081 5083
3 5062 5061 5083
3 5083 5084 5062
3 5084 5063 5062
3 5084 5085 5063
3 5085 5064 5063
3 5085 5086 5064
3 5086 5065 5064
3 5086 5087 5065
3 5087 5066 5065
3 5087 5088 5066
3 5088 5067 5066
3 5088 5089 5067
3 5089 5068 5067
3 5089 5090 5068
3 5090 5069 5068
3 5090 5091 5069
3 5091 5070 5069
3 5093 5091 5092
3 5093 5071 5091
3 5071 5070 5091
3 5092 5094 5093
3 5093 5072 5071
3 5072 5093 5094
3 5072 5094 5074
3 5074 5094 5095
3 5095 5096 5074
3 5096 5075 5074
3 5096 5097 5075
3 5097 5076 5075
3 5097 5098 5076
3 5098 5077 5076
3 5098 4800 5077
3 4800 4789 5077
3 5081 5099 5100
3 5081 5100 5083
3 5083 5100 5101
3 5101 5102 5083
3 5102 5084 5083
3 5102 5103 5084
3 5103 5085 5084
3 5103 5104 5085
3 5104 5086 5085
3 5104 5105 5086
3 5105 5087 5086
3 5105 5106 5087
3 5106 5088 5087
3 5106 5107 5088
3 5107 5089 5088
3 5107 5108 5089
3 5108 5090 5089
3 5108 5109 5090
3 5109 5091 5090
3 5109 5092 5091
3 5110 5092 5109
3 5092 5110 5111
3 5094 5092 5111
3 5111 5112 5094
3 5112 5095 5094
3 5112 5113 5095
3 5113 5096 5095
3 5113 5114 5096
3 5114 5097 5096
3 5114 5115 5097
3 5115 5098 5097
3 5115 4811 5098
3 4811 4800 5098
3 5116 304 5101
3 304 5102 5101
3 304 307 5102
3 307 5103 5102
3 307 309 5103
3 309 5104 5103
3 309 311 5104
3 311 5105 5104
3 311 313 5105
3 313 5106 5105
3 313 316 5106
3 316 5107 5106
3 316 320 5107
3 320 5108 5107
3 5117 320 322
3 5117 5109 320
3 5109 5108 320
3 322 324 5117
3 5117 5110 5109
3 5110 5117 324
3 5110 324 5111
3 5111 324 326
3 326 328 5111
3 328 5112 5111
3 328 330 5112
3 330 5113 5112
3 330 332 5113
3 332 5114 5113
3 332 334 5114
3 334 5115 5114
3 334 336 5115
3 336 4811 5115
3 3865 5120 5118
3 3865 3866 5120
3 3866 5119 5120
3 3865 5118 3868
3 3869 3870 5121
3 3869 5121 3871
3 5120 5122 5118
3 5124 5123 3873
3 5122 5124 3873
3 5122 3873 3868
3 5122 3868 5118
3 3873 5123 3875
3 5125 5121 3870
3 5125 3870 5126
3 5126 3870 3876
3 5121 5125 5127
3 5121 5127 3871
3 3871 5127 3877
3 5129 5123 5124
3 5128 5123 5129
3 3878 3875 5123
3 3878 5123 5130
3 5130 5123 5128
3 3878 5130 3880
3 5126 3876 5131
3 5131 3876 3882
3 5127 5132 3877
3 5132 3884 3877
3 3885 3886 5133
3 3885 5133 3887
3 5129 5134 5128
3 5128 5135 5130
3 5134 5135 5128
3 5137 5136 3888
3 5135 5137 3888
3 5135 3888 3880
3 5135 3880 5130
3 3889 3888 5136
3 5138 3889 5136
3 5138 3882 3889
3 5138 5139 3882
3 5139 5131 3882
3 5132 3890 3884
3 5140 3890 5132
3 3886 5141 5133
3 3886 3890 5141
3 3890 5140 5141
3 5133 5141 5142
3 5133 5142 3887
3 3887 5142 3891
3 5137 5143 5136
3 5145 5136 5143
3 5145 5144 5136
3 5144 5138 5136
3 5139 5144 5146
3 5138 5144 5139
3 5142 5147 3891
3 5147 3893 3891
3 5145 5148 5144
3 5144 5148 5146
3 3894 5150 5149
3 3894 3893 5150
3 3893 5147 5150
3 3894 5149 3895
3 5150 5151 5149
3 5149 5151 5152
3 5149 5152 3895
3 558 560 5153
3 5154 5155 5119
3 5155 5120 5119
3 5122 5157 5156
3 5122 5120 5157
3 5120 5155 5157
3 5122 5156 5124
3 5126 5159 5158
3 5125 5126 5158
3 5125 5158 5160
3 5127 5125 5160
3 5157 5161 5156
3 5156 5161 5162
3 5156 5162 5124
3 5124 5162 5129
3 5164 5163 5159
3 5164 5159 5131
3 5131 5159 5126
3 5163 5164 5132
3 5163 5132 5160
3 5160 5132 5127
3 5134 5166 5165
3 5134 5129 5166
3 5129 5162 5166
3 5135 5134 5165
3 5167 5135 5165
3 5135 5167 5137
3 5168 5164 5131
3 5168 5131 5169
3 5169 5131 5139
3 5171 5170 5140
3 5168 5171 5140
3 5168 5140 5132
3 5168 5132 5164
3 5141 5140 5170
3 5172 5141 5170
3 5141 5172 5142
3 5166 5173 5165
3 5175 5165 5173
3 5175 5174 5165
3 5174 5167 5165
3 5143 5137 5167
3 5143 5167 5176
3 5176 5167 5174
3 5143 5176 5145
3 5169 5139 5177
3 5177 5139 5146
3 5179 5170 5171
3 5178 5170 5179
3 5180 5178 5181
3 5180 5172 5178
3 5172 5170 5178
3 5172 5180 5182
3 5172 5182 5142
3 5142 5182 5147
3 5175 5183 5174
3 5174 5184 5176
3 5183 5184 5174
3 5186 5185 5148
3 5184 5186 5148
3 5184 5148 5145
3 5184 5145 5176
3 5185 5146 5148
3 5185 5187 5146
3 5187 5177 5146
3 5179 5188 5178
3 5178 5188 5181
3 5182 5189 5147
3 5189 5150 5147
3 5186 5190 5185
3 5185 5190 5187
3 5151 5192 5191
3 5151 5150 5192
3 5150 5189 5192
3 5151 5191 5152
3 5192 5193 5191
3 5191 5193 4260
3 5191 4260 5152
3 5152 4260 4257
3 5194 5153 560
3 603 5194 560
3 5195 5196 5154
3 5196 5155 5154
3 5196 5197 5155
3 5197 5157 5155
3 5158 5159 5198
3 5158 5198 5160
3 5161 5200 5199
3 5161 5157 5200
3 5157 5197 5200
3 5161 5199 5162
3 5198 5159 5163
3 5198 5163 5160
3 5202 5199 5200
3 5201 5199 5202
3 5199 5201 5166
3 5162 5199 5166
3 5169 5204 5203
3 5168 5169 5203
3 5168 5203 5205
3 5171 5168 5205
3 5202 5206 5201
3 5208 5207 5173
3 5206 5208 5173
3 5206 5173 5166
3 5206 5166 5201
3 5173 5207 5175
3 5204 5169 5209
3 5209 5169 5177
3 5205 5210 5171
3 5210 5179 5171
3 5181 5212 5211
3 5180 5181 5211
3 5180 5211 5213
3 5182 5180 5213
3 5208 5214 5207
3 5216 5215 5183
3 5214 5216 5183
3 5214 5183 5175
3 5214 5175 5207
3 5184 5183 5215
3 5217 5184 5215
3 5184 5217 5186
3 5219 5218 5209
3 5219 5209 5187
3 5187 5209 5177
3 5218 5219 5220
3 5218 5220 5179
3 5218 5179 5210
3 5179 5220 5188
3 5220 5181 5188
3 5220 5221 5181
3 5221 5212 5181
3 5213 5222 5182
3 5222 5189 5182
3 5216 5223 5215
3 5225 5215 5223
3 5225 5224 5215
3 5224 5217 5215
3 5190 5186 5217
3 5190 5217 5226
3 5226 5217 5224
3 5187 5190 5226
3 5187 5226 5219
3 5219 5226 5227
3 5228 5227 5229
3 5228 5220 5227
3 5220 5219 5227
3 5220 5228 5221
3 5222 5230 5189
3 5230 5192 5189
3 5225 5231 5224
3 5224 5232 5226
3 5231 5232 5224
3 5226 5233 5227
3 5232 5233 5226
3 5227 5233 5229
3 5193 4264 4262
3 5193 5192 4264
3 5192 5230 4264
3 5193 4262 4260
3 5234 5194 603
3 639 5234 603
3 5235 5236 5237
3 5235 5237 5196
3 5196 5237 5197
3 5237 5238 5197
3 5238 5200 5197
3 5238 5239 5200
3 5239 5202 5200
3 5203 5204 5240
3 5203 5240 5205
3 5206 5242 5241
3 5206 5202 5242
3 5202 5239 5242
3 5206 5241 5208
3 5243 5240 5204
3 5243 5204 5244
3 5244 5204 5209
3 5240 5243 5245
3 5240 5245 5205
3 5205 5245 5210
3 5211 5212 5246
3 5211 5246 5213
3 5242 5247 5241
3 5249 5248 5214
3 5247 5249 5214
3 5247 5214 5208
3 5247 5208 5241
3 5214 5248 5216
3 5244 5209 5218
3 5250 5244 5218
3 5250 5218 5210
3 5245 5250 5210
3 5251 5246 5212
3 5251 5212 5252
3 5252 5212 5221
3 5246 5251 5253
3 5246 5253 5213
3 5213 5253 5222
3 5249 5254 5248
3 5256 5255 5223
3 5254 5256 5223
3 5254 5223 5216
3 5254 5216 5248
3 5223 5255 5225
3 5229 5258 5257
3 5228 5229 5257
3 5257 5221 5228
3 5252 5221 5257
3 5253 5259 5222
3 5259 5230 5222
3 5256 5260 5255
3 5255 5231 5225
3 5255 5260 5231
3 5260 5261 5231
3 4269 4267 5232
3 4269 5232 5261
3 5261 5232 5231
3 5233 5232 4267
3 4270 5233 4267
3 4270 5229 5233
3 4270 4272 5229
3 4272 5258 5229
3 5259 4274 5230
3 4274 4264 5230
3 5262 5234 639
3 5262 639 5263
3 5263 639 664
3 5262 5263 5264
3 5236 1635 5237
3 1635 1636 5238
3 5237 1635 5238
3 1636 1639 5265
3 1636 5265 5238
3 5238 5265 5239
3 5265 5266 5239
3 5266 5242 5239
3 5243 5244 5267
3 5243 5267 5245
3 5266 5247 5242
3 5268 5247 5266
3 5247 5268 5269
3 5249 5247 5269
3 5267 5244 5250
3 5267 5250 5245
3 5252 5271 5270
3 5251 5252 5270
3 5251 5270 5272
3 5253 5251 5272
3 5254 5274 5273
3 5254 5249 5274
3 5249 5269 5274
3 5254 5273 5256
3 5257 5258 5275
3 5275 5252 5257
3 5275 5276 5252
3 5276 5271 5252
3 5272 5277 5253
3 5277 5259 5253
3 5274 5278 5273
3 4278 4276 5260
3 5278 4278 5260
3 5278 5260 5256
3 5278 5256 5273
3 5261 5260 4276
3 4279 5261 4276
3 5261 4279 4269
3 5279 5275 5258
3 5279 5258 4284
3 4284 5258 4272
3 5275 5279 5276
3 5277 4287 5259
3 4287 4274 5259
3 5280 664 685
3 5280 5281 664
3 5281 5263 664
3 685 686 5282
3 5280 685 5282
3 686 688 5282
3 5283 5264 5263
3 5281 5283 5263
3 1639 1640 5265
3 1640 1643 5266
3 5265 1640 5266
3 5285 5284 5268
3 1645 5285 5268
3 1645 5268 5266
3 1645 5266 1643
3 5268 5284 5269
3 5270 5271 5286
3 5270 5286 5272
3 5288 5284 5285
3 5287 5284 5288
3 5284 5287 5274
3 5269 5284 5274
3 5289 5286 5271
3 5276 5289 5271
3 5286 5289 5277
3 5272 5286 5277
3 5288 5290 5287
3 4293 4291 5278
3 5290 4293 5278
3 5290 5278 5274
3 5290 5274 5287
3 5278 4291 4278
3 4284 4297 5291
3 5279 4284 5291
3 5276 5292 5289
3 5276 5279 5292
3 5279 5291 5292
3 5289 5292 4299
3 5289 4299 5277
3 5277 4299 4287
3 5280 5293 5281
3 5282 5293 5280
3 5294 5293 5282
3 5294 5282 688
3 5294 688 5295
3 5295 688 718
3 5281 5296 5283
3 5281 5297 5296
3 5281 5293 5297
3 5297 5298 5296
3 5293 5294 5297
3 5294 5299 5297
3 5295 5300 5299
3 5294 5295 5299
3 5298 5297 5301
3 5303 5301 5297
3 5303 5297 5302
3 5302 5297 5299
3 5300 5304 5302
3 5299 5300 5302
3 5306 5303 5302
3 5305 5306 5302
3 5304 5307 5305
3 5302 5304 5305
3 5306 5305 5308
3 5305 5307 5308
3 1645 1649 5285
3 1649 1651 5309
3 1649 5309 5285
3 5285 5309 5288
3 5290 4304 4302
3 5290 5288 4304
3 5288 5309 4304
3 5290 4302 4293
3 5291 4297 4307
3 5292 5291 4307
3 4310 5292 4307
3 5292 4310 4299
3 750 5310 718
3 5310 5295 718
3 5296 5298 5311
3 5310 5312 5295
3 5312 5300 5295
3 5301 5311 5298
3 5301 5314 5311
3 5314 5313 5311
3 5301 5303 5314
3 5312 5315 5300
3 5315 5304 5300
3 5318 5316 5313
3 5318 5313 5317
3 5317 5313 5314
3 5314 5306 5317
3 5303 5306 5314
3 5315 5319 5304
3 5319 5307 5304
3 5321 5318 5317
3 5320 5321 5317
3 5308 5317 5306
3 5308 5322 5317
3 5322 5320 5317
3 5322 5308 5307
3 5322 5307 5323
3 5323 5307 5319
3 5325 5321 5320
3 5324 5325 5320
3 5320 5322 5324
3 5322 5326 5324
3 5323 5327 5326
3 5322 5323 5326
3 5325 5324 5328
3 5330 5328 5324
3 5330 5324 5329
3 5329 5324 5326
3 5327 5331 5329
3 5326 5327 5329
3 5333 5330 5329
3 5332 5333 5329
3 5331 5334 5332
3 5329 5331 5332
3 5333 5332 5335
3 5332 5334 5335
3 1651 1656 5309
3 5338 5336 5337
3 5336 5339 5337
3 1656 1658 4314
3 1656 4314 5309
3 5309 4314 4304
3 5338 5337 5340
3 5337 5339 5340
3 5343 5342 5341
3 5341 5342 5310
3 5341 5310 772
3 772 5310 750
3 5343 5344 5342
3 5342 5344 5345
3 5342 5345 5310
3 5310 5345 5312
3 5345 5346 5312
3 5346 5315 5312
3 5316 5318 5347
3 5346 5348 5315
3 5348 5319 5315
3 5350 5347 5349
3 5347 5351 5349
3 5347 5318 5351
3 5318 5321 5351
3 5348 5352 5319
3 5352 5323 5319
3 5351 5321 5353
3 5353 5321 5325
3 5352 5354 5323
3 5354 5327 5323
3 5357 5355 5356
3 5355 5358 5356
3 5355 5325 5358
3 5355 5353 5325
3 5325 5328 5358
3 5328 5330 5358
3 5354 5359 5327
3 5359 5331 5327
3 5357 5356 5360
3 5362 5360 5356
3 5362 5356 5361
3 5361 5356 5358
3 5358 5333 5361
3 5330 5333 5358
3 5359 5363 5331
3 5363 5334 5331
3 5365 5362 5361
3 5364 5365 5361
3 5335 5361 5333
3 5335 5366 5361
3 5366 5364 5361
3 5366 5335 5334
3 5366 5334 5367
3 5367 5334 5363
3 5369 5365 5364
3 5368 5369 5364
3 5364 5366 5368
3 5366 5370 5368
3 5367 5371 5370
3 5366 5367 5370
3 5369 5368 5372
3 5374 5372 5368
3 5374 5368 5373
3 5373 5368 5370
3 5371 5375 5373
3 5370 5371 5373
3 5377 5374 5373
3 5376 5377 5373
3 5375 5378 5376
3 5373 5375 5376
3 5380 5377 5376
3 5379 5380 5376
3 5378 5381 5379
3 5376 5378 5379
3 5380 5379 5382
3 5379 5381 5382
3 5336 5338 5383
3 5336 5383 5339
3 1658 142 4314
3 5383 5338 5340
3 5383 5340 5339
3 5343 5384 5385
3 5341 5384 5343
3 5384 5341 772
3 796 5384 772
3 5388 5387 5386
3 5386 5387 5389
3 5386 5389 5343
3 5386 5343 5385
3 5343 5389 5344
3 5344 5389 5345
3 5391 5387 5388
3 5390 5387 5391
3 5387 5390 5389
3 5389 5390 5392
3 5389 5392 5346
3 5345 5389 5346
3 5394 5395 5393
3 5350 5395 5394
3 5391 5396 5390
3 5398 5390 5396
3 5398 5397 5390
3 5397 5392 5390
3 5392 5397 5348
3 5346 5392 5348
3 5395 5350 5349
3 5399 5395 5349
3 5401 5349 5351
3 5401 5400 5349
3 5400 5399 5349
3 5402 5401 5403
3 5402 5397 5401
3 5400 5401 5398
3 5398 5401 5397
3 5397 5402 5404
3 5397 5404 5348
3 5348 5404 5352
3 5405 5401 5351
3 5405 5351 5406
3 5406 5351 5353
3 5401 5405 5403
3 5404 5407 5352
3 5407 5354 5352
3 5355 5357 5408
3 5408 5353 5355
3 5408 5409 5353
3 5409 5406 5353
3 5407 5410 5354
3 5410 5359 5354
3 5411 5412 5413
3 5408 5357 5360
3 5360 5409 5408
3 5360 5362 5409
3 5411 5409 5412
3 5412 5409 5362
3 5410 5414 5359
3 5414 5363 5359
3 5413 5412 5415
3 5412 5416 5415
3 5412 5362 5416
3 5362 5365 5416
3 5414 5417 5363
3 5417 5367 5363
3 5416 5365 5418
3 5418 5365 5369
3 5417 5419 5367
3 5419 5371 5367
3 5372 5420 5421
3 5372 5421 5369
3 5369 5421 5418
3 5372 5374 5420
3 5419 5422 5371
3 5422 5375 5371
3 5424 5421 5420
3 5423 5424 5420
3 5420 5377 5423
3 5374 5377 5420
3 5422 5425 5375
3 5425 5378 5375
3 5427 5424 5423
3 5426 5427 5423
3 5423 5380 5426
3 5377 5380 5423
3 5425 5428 5378
3 5428 5381 5378
3 5430 5427 5426
3 5429 5430 5426
3 5382 5426 5380
3 5382 5431 5426
3 5431 5429 5426
3 5431 5382 5381
3 5431 5381 5432
3 5432 5381 5428
3 5430 5429 5433
3 5435 5433 5429
3 5435 5429 5434
3 5434 5429 5431
3 5432 5436 5434
3 5431 5432 5434
3 4326 5437 4325
3 5437 5435 5434
3 5437 5434 4325
3 4325 5434 4328
3 5436 4330 4328
3 5434 5436 4328
3 5385 5438 5439
3 5384 5438 5385
3 5438 5384 796
3 821 5438 796
3 5388 5440 5441
3 5386 5440 5388
3 5440 5386 5385
3 5439 5440 5385
3 5444 5443 5442
3 5442 5443 5391
3 5442 5391 5441
3 5441 5391 5388
3 5444 5446 5443
3 5445 5393 5395
3 5448 5447 5396
3 5446 5448 5396
3 5446 5396 5391
3 5446 5391 5443
3 5396 5447 5398
3 5451 5399 5450
3 5449 5399 5451
3 5449 5395 5399
3 5449 5445 5395
3 5400 5448 5399
3 5400 5447 5448
3 5399 5448 5450
3 5452 5453 5448
3 5450 5448 5453
3 5452 5455 5453
3 5400 5398 5447
3 5454 5402 5403
3 5402 5454 5404
3 5451 5450 5456
3 5457 5456 5450
3 5457 5450 5453
3 5405 5406 5458
3 5405 5458 5460
3 5405 5460 5459
3 5405 5459 5403
3 5454 5403 5459
3 5453 5455 5457
3 5454 5459 5461
3 5454 5461 5404
3 5404 5461 5407
3 5462 5458 5406
3 5462 5406 5463
3 5463 5406 5409
3 5466 5458 5462
3 5466 5465 5458
3 5460 5458 5464
3 5464 5458 5465
3 5464 5465 5410
3 5464 5410 5461
3 5461 5410 5407
3 5411 5413 5467
3 5467 5409 5411
3 5467 5468 5409
3 5468 5463 5409
3 5466 5469 5465
3 5465 5469 5470
3 5465 5470 5410
3 5410 5470 5414
3 5467 5413 5415
3 5415 5468 5467
3 5415 5416 5468
3 5416 5471 5468
3 5470 5472 5414
3 5472 5417 5414
3 5471 5416 5473
3 5473 5416 5418
3 5472 5474 5417
3 5474 5419 5417
3 5473 5418 5475
3 5475 5418 5421
3 5474 5476 5419
3 5476 5422 5419
3 5475 5421 5477
3 5477 5421 5424
3 5476 5478 5422
3 5478 5425 5422
3 5477 5424 5479
3 5479 5424 5427
3 5478 5480 5425
3 5480 5428 5425
3 5479 5427 5481
3 5481 5427 5430
3 5480 5482 5428
3 5482 5432 5428
3 5433 5483 5484
3 5433 5484 5430
3 5430 5484 5481
3 5433 5435 5483
3 5482 5485 5432
3 5485 5436 5432
3 5483 5437 4326
3 5483 4326 5484
3 5484 4326 4332
3 5483 5435 5437
3 5485 4334 5436
3 4334 4330 5436
3 5439 5486 5487
3 5438 5486 5439
3 5486 5438 821
3 846 5486 821
3 5441 5488 5489
3 5440 5488 5441
3 5488 5440 5439
3 5487 5488 5439
3 5442 5490 5444
3 5491 5441 5489
3 5491 5490 5441
3 5491 5492 5490
3 5442 5441 5490
3 5491 5493 5492
3 5446 5496 5495
3 5446 5444 5496
3 5494 5496 5490
3 5490 5496 5444
3 5490 5492 5497
3 5490 5497 5494
3 5495 5448 5446
3 5492 5493 5497
3 5500 5495 5451
3 5500 5499 5495
3 5451 5495 5449
3 5496 5498 5495
3 5449 5495 5498
3 5495 5452 5448
3 5495 5499 5452
3 5499 5501 5452
3 5452 5501 5502
3 5455 5452 5502
3 5500 5451 5456
3 5503 5500 5456
3 5503 5456 5504
3 5456 5457 5504
3 5455 5502 5504
3 5455 5504 5457
3 5460 5505 5459
3 5459 5505 5461
3 5463 5507 5506
3 5462 5463 5506
3 5462 5506 5508
3 5462 5508 5466
3 5464 5505 5460
3 5505 5464 5461
3 5510 5509 5507
3 5510 5507 5468
3 5468 5507 5463
3 5509 5510 5511
3 5509 5511 5466
3 5509 5466 5508
3 5466 5511 5469
3 5469 5511 5470
3 5512 5510 5468
3 5512 5468 5513
3 5513 5468 5471
3 5515 5510 5512
3 5515 5514 5510
3 5514 5511 5510
3 5511 5514 5472
3 5470 5511 5472
3 5513 5471 5516
3 5516 5471 5473
3 5518 5514 5515
3 5517 5514 5518
3 5514 5517 5474
3 5472 5514 5474
3 5516 5473 5519
3 5519 5473 5475
3 5518 5520 5517
3 5517 5520 5521
3 5517 5521 5474
3 5474 5521 5476
3 5519 5475 5522
3 5522 5475 5477
3 5521 5523 5476
3 5523 5478 5476
3 5522 5477 5524
3 5524 5477 5479
3 5523 5525 5478
3 5525 5480 5478
3 5524 5479 5526
3 5526 5479 5481
3 5525 5527 5480
3 5527 5482 5480
3 5526 5481 5528
3 5528 5481 5484
3 5527 5529 5482
3 5529 5485 5482
3 5528 5484 4336
3 4336 5484 4332
3 5529 4338 5485
3 4338 4334 5485
3 5486 5530 5487
3 5530 5486 846
3 5530 846 5531
3 5531 846 870
3 5488 5532 5489
3 5532 5533 5534
3 5488 5533 5532
3 5488 5530 5533
3 5488 5487 5530
3 5530 5531 5533
3 5532 5491 5489
3 5491 5532 5534
3 5491 5534 5493
3 5493 5534 5535
3 5496 5536 5537
3 5494 5536 5496
3 5536 5494 5538
3 5494 5497 5538
3 5538 5497 5493
3 5535 5538 5493
3 5496 5537 5539
3 5496 5539 5498
3 5500 5540 5499
3 5540 5542 5541
3 5540 5541 5499
3 5499 5541 5501
3 5501 5541 5543
3 5502 5501 5543
3 5540 5500 5503
3 5542 5540 5503
3 5542 5503 5544
3 5544 5503 5504
3 5544 5504 5502
3 5543 5544 5502
3 5507 5546 5545
3 5506 5507 5545
3 5506 5545 5547
3 5508 5506 5547
3 5546 5507 5509
3 5548 5546 5509
3 5548 5509 5508
3 5547 5548 5508
3 5513 5550 5549
3 5512 5513 5549
3 5512 5549 5551
3 5515 5512 5551
3 5550 5513 5552
3 5552 5513 5516
3 5551 5553 5515
3 5553 5518 5515
3 5552 5516 5554
3 5554 5516 5519
3 5520 5556 5555
3 5520 5518 5556
3 5518 5553 5556
3 5520 5555 5521
3 5554 5519 5557
3 5557 5519 5522
3 5556 5558 5555
3 5555 5558 5559
3 5555 5559 5521
3 5521 5559 5523
3 5557 5522 5560
3 5560 5522 5524
3 5559 5561 5523
3 5561 5525 5523
3 5560 5524 5562
3 5562 5524 5526
3 5565 5564 5563
3 5563 5564 5527
3 5563 5527 5561
3 5561 5527 5525
3 5562 5526 5566
3 5566 5526 5528
3 5565 5567 5564
3 5564 5567 5568
3 5564 5568 5527
3 5527 5568 5529
3 5566 5528 4340
3 4340 5528 4336
3 5568 4342 5529
3 4342 4338 5529
3 895 5569 870
3 5569 5531 870
3 5534 5570 5571
3 5533 5570 5534
3 5570 5533 5531
3 5569 5570 5531
3 5571 5572 5534
3 5572 5535 5534
3 5537 5573 5574
3 5536 5573 5537
3 5573 5536 5575
3 5536 5538 5575
3 5575 5538 5535
3 5572 5575 5535
3 5576 5539 5537
3 5576 5537 5577
3 5577 5537 5574
3 5542 5579 5578
3 5541 5542 5578
3 5541 5578 5580
3 5543 5541 5580
3 5576 5577 5581
3 5544 5582 5583
3 5544 5583 5542
3 5542 5583 5579
3 5582 5544 5543
3 5582 5543 5584
3 5584 5543 5580
3 5582 5545 5546
3 5582 5546 5583
3 5583 5546 5585
3 5545 5582 5584
3 5545 5584 5547
3 5547 5584 5586
3 5548 5587 5588
3 5548 5588 5546
3 5546 5588 5585
3 5587 5548 5547
3 5587 5547 5589
3 5589 5547 5586
3 5587 5549 5550
3 5587 5550 5588
3 5588 5550 5590
3 5549 5587 5589
3 5549 5589 5551
3 5551 5589 5591
3 5590 5550 5592
3 5592 5550 5552
3 5591 5593 5551
3 5593 5553 5551
3 5592 5552 5594
3 5594 5552 5554
3 5593 5595 5553
3 5595 5556 5553
3 5594 5554 5596
3 5596 5554 5557
3 5558 5598 5597
3 5558 5556 5598
3 5556 5595 5598
3 5558 5597 5559
3 5596 5557 5599
3 5599 5557 5560
3 5601 5597 5598
3 5600 5597 5601
3 5597 5600 5561
3 5559 5597 5561
3 5599 5560 5602
3 5602 5560 5562
3 5604 5601 5603
3 5604 5565 5601
3 5600 5601 5563
3 5563 5601 5565
3 5600 5563 5561
3 5603 5605 5604
3 5602 5562 5606
3 5606 5562 5566
3 5567 5609 5608
3 5567 5565 5609
3 5607 5609 5604
3 5604 5609 5565
3 5607 5604 5605
3 5608 5568 5567
3 5606 5566 4344
3 4344 5566 4340
3 5609 5610 5608
3 5608 5610 4346
3 5608 4346 5568
3 5568 4346 4342
3 919 5611 895
3 5611 5569 895
3 5571 5612 5613
3 5570 5612 5571
3 5612 5570 5569
3 5611 5612 5569
3 5613 5614 5571
3 5614 5572 5571
3 5573 5615 5574
3 5575 5615 5573
3 5616 5615 5575
3 5616 5575 5572
3 5616 5572 5617
3 5617 5572 5614
3 5618 5574 5615
3 5618 5619 5574
3 5619 5577 5574
3 5618 5579 5620
3 5618 5616 5579
3 5618 5615 5616
3 5578 5579 5616
3 5578 5616 5617
3 5578 5617 5580
3 5580 5617 5621
3 5622 5581 5577
3 5619 5622 5577
3 5620 5579 5623
3 5623 5579 5583
3 5621 5624 5580
3 5624 5584 5580
3 5623 5583 5625
3 5625 5583 5585
3 5624 5626 5584
3 5626 5586 5584
3 5625 5585 5627
3 5627 5585 5588
3 5626 5628 5586
3 5628 5589 5586
3 5627 5588 5629
3 5629 5588 5590
3 5628 5630 5589
3 5630 5591 5589
3 5629 5590 5631
3 5631 5590 5592
3 5630 5632 5591
3 5632 5593 5591
3 5631 5592 5633
3 5633 5592 5594
3 5632 5634 5593
3 5634 5595 5593
3 5633 5594 5635
3 5635 5594 5596
3 5634 5636 5595
3 5636 5598 5595
3 5635 5596 5637
3 5637 5596 5599
3 5636 5638 5598
3 5638 5601 5598
3 5637 5599 5639
3 5639 5599 5602
3 5638 5603 5601
3 5640 5603 5638
3 5603 5640 5641
3 5605 5603 5641
3 5639 5602 5642
3 5642 5602 5606
3 5607 5643 5609
3 5643 5607 5605
3 5643 5605 5644
3 5644 5605 5641
3 5642 5606 4348
3 4348 5606 4344
3 5610 4352 4350
3 5610 5609 4352
3 5645 4352 5643
3 5643 4352 5609
3 5645 5643 5644
3 4350 4346 5610
3 938 4390 919
3 4390 5611 919
3 5613 4392 4393
3 5612 4392 5613
3 4392 5612 5611
3 4390 4392 5611
3 4393 4397 5613
3 4397 5614 5613
3 4397 4399 5614
3 4399 5617 5614
3 5618 4403 4401
3 5620 4403 5618
3 4399 4405 5617
3 4405 5621 5617
3 5646 5622 5619
3 5647 5646 5619
3 4403 5620 4407
3 4407 5620 5623
3 4405 4409 5621
3 4409 5624 5621
3 4407 5623 4411
3 4411 5623 5625
3 4409 4413 5624
3 4413 5626 5624
3 4411 5625 4415
3 4415 5625 5627
3 4413 4417 5626
3 4417 5628 5626
3 4415 5627 4419
3 4419 5627 5629
3 4417 4421 5628
3 4421 5630 5628
3 4419 5629 4423
3 4423 5629 5631
3 4421 4425 5630
3 4425 5632 5630
3 4423 5631 4427
3 4427 5631 5633
3 4425 4429 5632
3 4429 5634 5632
3 4427 5633 4431
3 4431 5633 5635
3 4429 4433 5634
3 4433 5636 5634
3 4431 5635 4435
3 4435 5635 5637
3 4433 4437 5636
3 4437 5638 5636
3 4435 5637 4439
3 4439 5637 5639
3 5640 4441 5648
3 5640 5638 4441
3 5638 4437 4441
3 5640 5648 5641
3 4439 5639 4443
3 4443 5639 5642
3 4441 4445 5648
3 5648 4445 4447
3 5648 4447 5641
3 5641 4447 5644
3 4443 5642 4354
3 4354 5642 4348
3 5645 4356 4352
3 4356 5645 5644
3 4356 5644 4357
3 4357 5644 4447
