ply
format ascii 1.0
comment Created by Open3D
element vertex 5235
property double x
property double y
property double z
property double nx
property double ny
property double nz
property uchar red
property uchar green
property uchar blue
element face 9652
property list uchar uint vertex_indices
end_header
3.0825 1.4475 0.421695 0.0106499 0.139815 0.99012 163 165 165
3.0975 1.4475 0.422506 -0.051539 0.18764 0.980885 163 165 164
3.0975 1.4625 0.419369 0.0206117 0.146877 0.98894 164 165 166
3.0825 1.4625 0.420515 0.0759277 0.0782111 0.994041 164 166 166
3.1125 1.4475 0.423277 -0.0449036 0.157842 0.986443 163 165 164
3.1125 1.4625 0.42008 -0.0685587 0.22155 0.972736 164 166 165
3.1125 1.4775 0.416557 0.0401796 0.158919 0.986474 165 167 166
3.0975 1.4775 0.419207 0.173972 0.0106441 0.984693 164 166 165
3.1275 1.4475 0.423943 -0.0424989 0.119775 0.991891 165 165 163
3.1275 1.4625 0.421596 -0.0744782 0.206509 0.975606 164 166 165
3.1275 1.4775 0.417675 -0.126366 0.23271 0.964302 164 166 165
3.1275 1.4925 0.413004 -0.179216 0.224122 0.957941 165 167 166
3.1125 1.4925 0.416355 0.218048 0.0131396 0.97585 165 167 166
2.7727 1.2075 0.4575 -0.189513 0.27899 0.941408 160 164 166
2.7825 1.21414 0.4575 -0.189729 0.279374 0.941251 160 164 166
2.7724 1.2225 0.4575 0.26189 -0.159921 0.951756 160 165 168
2.7675 1.21448 0.4575 0.26189 -0.159921 0.951756 160 164 167
2.7825 1.2075 0.459471 -0.0550601 0.149679 0.9872 160 164 165
2.7675 1.2225 0.458848 0.26189 -0.159921 0.951756 160 165 168
2.79479 1.2225 0.4575 -0.189819 0.279246 0.941271 159 164 167
2.7975 1.2075 0.459208 0.0761063 0.0254292 0.996775 159 164 167
2.7975 1.2225 0.458045 0.0481032 0.0846807 0.995246 159 164 167
2.7975 1.22433 0.4575 0 0.284957 0.95854 159 164 167
2.80985 1.2075 0.4575 0.107318 0.0443185 0.993236 160 164 167
2.80676 1.2225 0.4575 0.0673685 0.0338295 0.997154 159 164 167
2.8125 1.2075 0.457135 0.0529723 0.0431547 0.997663 160 164 167
2.8125 1.2225 0.457022 0.0829188 0.0376369 0.995845 159 164 167
2.8275 1.2075 0.456798 0.0413126 0.0504563 0.997871 160 164 167
2.8275 1.2225 0.455663 0.0567254 0.0598892 0.996592 160 164 167
2.8275 1.2375 0.455007 0.0857811 0.0484157 0.995137 161 165 168
2.8125 1.2375 0.455892 0.0587231 0.0750118 0.995452 161 165 168
2.8425 1.2075 0.455751 0.0799358 0.0220782 0.996555 160 164 165
2.8425 1.2225 0.455326 0.043974 0.0649098 0.996922 161 165 168
2.8425 1.2375 0.453613 0.0419437 0.0763243 0.9962 162 166 168
2.8425 1.2525 0.45299 0.0776693 0.0490742 0.995771 164 165 168
2.8275 1.2525 0.454424 0.0951162 0.0386454 0.994716 165 166 168
2.8575 1.2075 0.454512 0.0740808 0.0252611 0.996932 161 165 166
2.8575 1.2225 0.454155 0.0796426 0.0265984 0.996469 163 164 166
2.8575 1.2375 0.453706 0.0359841 0.0679122 0.997042 164 165 167
2.8575 1.2525 0.452139 0.0234981 0.087166 0.995917 164 165 167
2.8575 1.2675 0.450971 0.0588798 0.0603143 0.996441 164 165 167
2.8425 1.2675 0.452291 0.0875966 0.0463185 0.995079 164 165 167
2.8725 1.2075 0.45348 0.0945606 0.00395797 0.995511 162 164 166
2.8725 1.2225 0.452923 0.0673513 0.0266507 0.997373 162 164 166
2.8725 1.2375 0.452558 0.0692172 0.0309688 0.997121 163 164 166
2.8725 1.2525 0.452172 0.0360954 0.0689668 0.996966 163 164 166
2.8725 1.2675 0.450389 0.0128052 0.0944519 0.995447 164 165 167
2.8725 1.2825 0.449379 0.0650102 0.0685735 0.995526 166 166 168
2.8575 1.2825 0.450476 0.0728954 0.0329208 0.996796 166 166 168
2.8875 1.2075 0.451642 0.0835895 -0.000947891 0.9965 163 164 166
2.8875 1.2225 0.452009 0.0819714 0.00525527 0.996621 163 164 166
2.8875 1.2375 0.451805 0.0659438 0.0335202 0.99726 163 164 166
2.8875 1.2525 0.450959 0.0712372 0.0368937 0.996777 163 164 166
2.8875 1.2675 0.450638 0.0334849 0.0692679 0.997036 165 165 167
2.8875 1.2825 0.448854 -0.00337331 0.117598 0.993056 165 166 168
2.8875 1.2975 0.446707 0.0490295 0.110696 0.992644 165 166 168
2.8725 1.2975 0.448876 0.143021 0.0331623 0.989164 166 167 169
2.5487 1.0275 0.4875 -0.139452 0.240211 0.960652 153 156 161
2.5425 1.02395 0.4875 0.111188 0.238786 0.964686 153 156 161
2.5425 1.0275 0.486327 -0.176918 0.309139 0.934416 153 156 161
2.57099 1.0425 0.4875 -0.199168 0.270343 0.941938 155 158 163
2.5575 1.03253 0.4875 -0.191714 0.268891 0.943898 154 157 162
2.5575 1.0425 0.484371 -0.21617 0.292305 0.931573 154 157 162
2.5875 1.02309 0.4875 0.14249 0.16197 0.976454 154 157 162
2.58074 1.0275 0.4875 0.117962 0.0499237 0.991762 154 157 162
2.5875 1.0275 0.486408 0.125146 0.0738833 0.989384 154 157 162
2.57672 1.0425 0.4875 0.0984753 0.218413 0.970875 155 158 163
2.5875 1.0425 0.48628 0.0680117 0.150972 0.986196 155 158 163
2.5725 1.04334 0.4875 0.0709827 0.379188 0.922593 155 158 163
2.5875 1.0575 0.482315 -0.00846025 0.278194 0.960488 155 158 163
2.5725 1.0575 0.481562 0.0253329 0.325379 0.945244 155 158 163
2.6025 0.993424 0.4875 0.126218 0.12084 0.984615 154 158 161
2.59782 0.9975 0.4875 0.159843 0.023182 0.98687 154 158 161
2.6025 0.9975 0.486695 0.101662 0.088857 0.990843 154 158 161
2.59668 1.0125 0.4875 0.209986 0.104014 0.972156 154 158 161
2.6025 1.0125 0.485932 0.142195 0.0501216 0.988569 154 158 161
2.6025 1.0275 0.48548 0.0982815 0.06288 0.99317 154 157 162
2.6025 1.0425 0.484011 0.124245 0.0644643 0.990155 155 158 163
2.6025 1.0575 0.483541 0.0231631 0.202819 0.978942 155 158 163
2.6025 1.0725 0.476866 -0.0210436 0.281102 0.959447 156 160 163
2.5875 1.0725 0.479542 0.172804 0.179058 0.968544 155 158 163
2.60912 0.9675 0.4875 0.107735 -0.00299553 0.994175 154 158 161
2.61157 0.9825 0.4875 0.141517 0.0557797 0.988363 154 158 161
2.6175 0.9675 0.486728 0.0772088 0.0217332 0.996778 154 158 161
2.6175 0.9825 0.486652 0.0842087 0.0308305 0.995971 154 158 161
2.6175 0.9975 0.485896 0.0641237 0.111381 0.991707 154 158 161
2.6175 1.0125 0.4839 0.111456 0.069386 0.991344 154 158 161
2.6175 1.0275 0.483437 0.12471 0.0411137 0.991341 154 158 162
2.6175 1.0425 0.48253 0.100006 0.0930453 0.990627 155 158 163
2.6175 1.0575 0.480676 0.125547 0.0688576 0.989695 155 159 162
2.6175 1.0725 0.480285 -0.0378792 0.231307 0.972143 155 159 162
2.6175 1.0875 0.473779 -0.110364 0.184006 0.97671 156 160 163
2.6025 1.0875 0.477521 0.241827 -0.0423383 0.969395 156 160 163
2.6325 0.9675 0.485756 0.0706142 0.0372599 0.996808 154 158 161
2.6325 0.9825 0.485281 0.0928293 0.0208816 0.995463 154 158 161
2.6325 0.9975 0.48512 0.0617515 0.0780954 0.995032 154 158 161
2.6325 1.0125 0.4822 0.0480681 0.140396 0.988928 155 159 162
2.6325 1.0275 0.481581 0.135081 0.0420975 0.98994 155 159 162
2.6325 1.0425 0.481039 0.131493 0.0618677 0.989385 155 159 162
2.6325 1.0575 0.479578 0.100083 0.093094 0.990614 155 159 162
2.6325 1.0725 0.478276 0.101449 0.0546072 0.993341 155 159 162
2.6325 1.0875 0.477331 -0.0298372 0.217155 0.975681 156 160 163
2.6325 1.09648 0.4725 0.106586 0.454726 0.884231 157 161 164
2.625 1.1025 0.4725 0.278281 0.346729 0.895733 157 161 164
2.6175 1.1025 0.474832 0.0261322 0.180083 0.983304 157 161 164
2.6475 0.9675 0.484737 0.0819149 0.0291738 0.996212 154 158 161
2.6475 0.9825 0.483847 0.0731459 0.0456651 0.996275 154 158 161
2.6475 0.9975 0.483308 0.0938239 0.0207605 0.995372 155 159 162
2.6475 1.0125 0.483162 0.0491189 0.165237 0.98503 155 159 162
2.6475 1.0275 0.479459 0.0919691 0.110881 0.989569 155 159 162
2.6475 1.0425 0.478416 0.124978 0.0640175 0.990092 155 159 162
2.6475 1.0575 0.477702 0.138037 0.0684148 0.988061 155 159 162
2.6475 1.0725 0.476623 0.148139 0.0609618 0.987086 155 159 162
2.6475 1.0875 0.47656 0.122561 0.0758631 0.989557 156 160 163
2.64477 1.1025 0.4725 -0.226294 0.459837 0.858685 157 161 164
2.6475 1.1025 0.473219 -0.00965565 0.240638 0.970567 157 161 164
2.6475 1.10406 0.4725 -0.122356 0.415774 0.9012 157 161 164
2.63313 1.1175 0.4725 0.279052 -0.15094 0.948339 157 161 164
2.6325 1.11633 0.4725 0.279052 -0.15094 0.948339 157 161 164
2.6325 1.1175 0.472685 0.279052 -0.15094 0.948339 157 161 164
3.3825 1.49358 0.5025 -0.958731 -0.158962 0.235724 173 158 137
3.38005 1.5075 0.5025 -0.953514 -0.167903 0.25024 175 158 138
3.3825 1.5075 0.511839 -0.95722 -0.171873 0.232785 176 159 139
3.3825 1.50475 0.5325 -0.973626 -0.211683 -0.085108 176 159 139
3.382 1.5075 0.5325 -0.976715 -0.214534 -0.00197654 176 159 139
3.3825 1.5075 0.527414 -0.965005 -0.234391 -0.117588 176 159 139
3.3825 1.5075 0.53731 -0.978395 -0.179477 0.102627 176 160 139
3.3825 1.51138 0.5175 -0.945475 -0.314083 -0.086195 176 159 139
3.37865 1.5225 0.5175 -0.976693 -0.211611 0.0359399 175 158 138
3.38009 1.5225 0.5325 -0.981057 -0.14662 0.12661 176 159 139
3.3755 1.5375 0.5175 -0.954155 -0.256319 0.154563 174 159 138
3.37842 1.5375 0.5325 -0.929773 -0.292271 0.223831 174 159 138
3.36823 1.5525 0.5175 -0.897129 -0.373117 0.236522 174 159 138
3.37321 1.5525 0.5325 -0.901303 -0.312917 0.299559 174 159 138
3.39082 1.4475 0.4875 -0.964775 -0.257835 0.052248 170 157 135
3.38556 1.4625 0.4875 -0.965136 -0.18933 0.18074 169 157 135
3.39166 1.4475 0.5025 -0.979078 -0.198086 0.0465571 171 159 137
3.38935 1.4625 0.5025 -0.989458 -0.0961058 0.108332 171 159 137
3.39116 1.4475 0.5175 -0.981848 -0.188799 0.0181419 172 160 138
3.38819 1.4625 0.5175 -0.994477 -0.104576 -0.00891658 172 160 138
3.3924 1.4475 0.5325 -0.975999 -0.205948 0.0707957 172 160 138
3.38897 1.4625 0.5325 -0.995707 -0.0654858 0.0654131 172 160 138
3.38431 1.4775 0.4875 -0.940879 -0.182124 0.285617 172 157 136
3.38941 1.4775 0.5025 -0.980932 -0.175033 0.0844729 173 158 137
3.38812 1.4775 0.5175 -0.993076 -0.104703 0.0532695 172 160 138
3.38951 1.4775 0.5325 -0.992734 -0.115065 0.035213 173 161 139
3.3825 1.48269 0.4875 -0.919677 -0.323151 0.223087 172 157 136
3.38269 1.4925 0.5025 -0.941393 -0.281978 0.185115 173 158 137
3.3825 1.4925 0.501774 -0.906515 -0.347925 0.239121 173 158 137
3.38653 1.4925 0.5175 -0.981667 -0.169255 0.0876493 174 159 138
3.38535 1.4925 0.5325 -0.970124 -0.224988 -0.0907715 175 160 139
3.38374 1.5075 0.5175 -0.978819 -0.197169 0.0551202 176 159 139
2.9025 1.2075 0.450761 0.0912077 0.00520039 0.995818 163 164 166
2.9025 1.2225 0.450776 0.0873809 -0.0019242 0.996173 163 164 166
2.9025 1.2375 0.450533 0.0780486 0.0233842 0.996675 163 164 166
2.9025 1.2525 0.449972 0.0594755 0.0352026 0.997609 164 165 167
2.9025 1.2675 0.44936 0.0652042 0.0420624 0.996985 165 166 168
2.9025 1.2825 0.449102 0.0450357 0.0624847 0.997029 165 166 168
2.9025 1.2975 0.447317 -0.0384689 0.154 0.987322 165 166 168
2.9025 1.3125 0.444113 -0.0241958 0.104221 0.99426 165 166 168
2.8875 1.3125 0.446343 0.147029 0.0239781 0.988842 166 167 169
2.9175 1.2075 0.449081 0.104877 -0.00159831 0.994484 163 164 166
2.9175 1.2225 0.449091 0.0981396 -0.00643331 0.995152 163 164 166
2.9175 1.2375 0.449355 0.0889977 0.00328891 0.996026 163 164 166
2.9175 1.2525 0.449057 0.0747838 0.0163938 0.997065 164 165 167
2.9175 1.2675 0.449072 0.0511485 0.0491588 0.99748 164 165 167
2.9175 1.2825 0.447335 0.0678651 0.054637 0.996197 164 165 167
2.9175 1.2975 0.447566 0.0602443 0.0568335 0.996564 165 166 168
2.9175 1.3125 0.445653 -0.0269911 0.139058 0.989916 165 166 168
2.9175 1.32619 0.4425 0.116199 0.226752 0.966996 165 166 168
2.91532 1.3275 0.4425 0.155823 0.258514 0.953357 165 166 168
2.9025 1.3275 0.444595 0.0277384 0.099296 0.994671 166 167 169
2.9325 1.2075 0.447331 0.0539687 0.0832666 0.995065 163 164 166
2.9325 1.2225 0.447898 0.0981339 -0.0132761 0.995085 163 164 166
2.9325 1.2375 0.447917 0.0958622 -0.00541984 0.99538 163 164 166
2.9325 1.2525 0.447932 0.0828115 0.0089164 0.996525 164 165 167
2.9325 1.2675 0.447579 0.0779589 0.0223235 0.996707 164 165 167
2.9325 1.2825 0.447198 0.0437999 0.0707884 0.996529 164 165 167
2.9325 1.2975 0.445532 0.0708548 0.0582806 0.995783 164 165 167
2.9325 1.3125 0.445549 0.0824622 0.0527587 0.995197 165 166 168
2.91979 1.3275 0.4425 -0.123475 0.237703 0.963458 165 166 168
2.9175 1.3275 0.44204 -0.186047 0.324193 0.927516 165 166 168
2.9325 1.3275 0.444112 -0.0198358 0.151251 0.988296 165 166 168
2.9325 1.33293 0.4425 -0.111104 0.343015 0.932736 165 166 168
2.91886 1.3425 0.4425 0.236467 -0.0433839 0.97067 165 166 168
2.9175 1.3351 0.4425 0.236467 -0.0433839 0.97067 165 166 168
2.9175 1.3425 0.442831 0.236467 -0.0433839 0.97067 165 166 168
2.9475 1.2075 0.446308 0.054177 0.12715 0.990403 162 163 165
2.9475 1.2225 0.446319 0.0903189 -0.00610967 0.995894 163 164 166
2.9475 1.2375 0.446337 0.0941171 -0.0101941 0.995509 163 164 166
2.9475 1.2525 0.446494 0.0889468 -0.00262299 0.996033 163 164 165
2.9475 1.2675 0.446663 0.0870673 0.0168092 0.996061 163 164 166
2.9475 1.2825 0.446101 0.0814956 0.0355886 0.996038 164 165 167
2.9475 1.2975 0.445539 0.0421075 0.0864485 0.995366 164 165 167
2.9475 1.3125 0.443338 0.0548928 0.0587556 0.996762 164 165 167
2.9475 1.3275 0.44332 0.0776334 0.0598431 0.995184 165 166 168
2.9475 1.33742 0.4425 -0.0275846 0.2323 0.972253 165 166 168
2.9475 1.3425 0.44139 0.0338224 0.19979 0.979255 165 166 168
2.9325 1.3425 0.43827 -0.147416 0.338739 0.92926 165 166 168
2.9625 1.2075 0.44673 0.0863186 0.056624 0.994657 162 163 165
2.9625 1.2225 0.445022 0.049553 0.0425093 0.997866 163 164 166
2.9625 1.2375 0.444949 0.0860181 -0.00606082 0.996275 163 164 166
2.9625 1.2525 0.4455 0.0895127 -0.0100758 0.995935 163 164 166
2.9625 1.2675 0.44507 0.0787542 0.0214007 0.996664 163 164 166
2.9625 1.2825 0.44469 0.0825453 0.0330389 0.99604 163 164 166
2.9625 1.2975 0.444105 0.0821213 0.039589 0.995836 164 165 167
2.9625 1.3125 0.443481 0.056299 0.0727499 0.99576 164 165 167
2.9625 1.31888 0.4425 0.150155 0.193263 0.969589 164 165 167
2.95297 1.3275 0.4425 0.200997 0.161197 0.966238 165 166 168
2.9625 1.3275 0.440489 0.0423776 0.0826318 0.995679 165 166 168
2.9625 1.3425 0.441159 0.0578534 0.116151 0.991545 165 166 168
2.9625 1.3575 0.436161 -0.0106613 0.31665 0.948482 166 167 169
2.9475 1.3575 0.436133 -0.00176333 0.330746 0.943718 166 167 169
2.9775 1.2075 0.444197 0.208184 -0.0541197 0.976591 162 163 165
2.9775 1.2225 0.444326 0.124529 0.0189465 0.992035 162 163 165
2.9775 1.2375 0.444043 0.0910105 0.0151424 0.995735 164 164 164
2.9775 1.2525 0.443615 0.102299 -0.01213 0.99468 164 164 164
2.9775 1.2675 0.444127 0.0823048 0.003834 0.9966 163 164 166
2.9775 1.2825 0.443645 0.0638432 0.0309922 0.997479 163 164 166
2.9775 1.2975 0.443151 0.073168 0.0468416 0.996219 164 165 167
2.9775 1.30571 0.4425 0.114725 0.0883061 0.989465 164 165 167
2.97233 1.3125 0.4425 0.119073 0.135611 0.983581 164 165 167
2.9775 1.3125 0.441665 0.0664045 0.0400791 0.996988 164 165 167
2.9775 1.3255 0.4425 0.143152 -0.0630618 0.98769 165 166 168
2.97665 1.3275 0.4425 -0.140437 -0.0535838 0.988639 165 166 168
2.9775 1.3275 0.442576 -1.67649e-18 0 1 165 166 168
2.9775 1.32791 0.4425 -0.121302 0.278493 0.952747 165 166 168
2.9775 1.3425 0.438231 0.0605174 0.118203 0.991144 165 166 168
2.9775 1.3575 0.438103 0.00127672 0.235447 0.971886 165 166 168
2.9775 1.3725 0.43082 -0.0871 0.272158 0.958303 165 166 170
2.9625 1.3725 0.433658 0.183422 0.161799 0.969628 165 166 170
2.98378 1.2075 0.4425 0.180966 -0.059206 0.981706 162 163 165
2.9888 1.2225 0.4425 0.136553 -0.0144713 0.990527 162 163 165
2.9925 1.2075 0.441125 0.0180166 0.0699395 0.997389 162 163 165
2.9925 1.2225 0.442159 0.132027 -0.0446303 0.990241 162 163 165
2.98994 1.2375 0.4425 0.114036 0.00637408 0.993456 163 163 163
2.9925 1.2375 0.442173 0.0950813 -0.00137487 0.995469 163 163 163
2.98911 1.2525 0.4425 0.0947011 -0.0159653 0.995378 163 163 163
2.9925 1.2525 0.442188 0.0936681 -0.0199847 0.995403 163 163 163
2.9925 1.26102 0.4425 0.0917312 -0.0364326 0.995117 163 163 163
2.9925 1.2675 0.442738 0.0930024 -0.022789 0.995405 163 163 163
2.9925 1.2825 0.442762 0.0757752 0.0233396 0.996852 162 163 165
2.9925 1.28606 0.4425 0.140195 0.101286 0.98493 162 163 165
2.98378 1.2975 0.4425 0.147119 0.111082 0.982862 164 165 167
2.9925 1.2975 0.440998 0.0715323 0.0577278 0.995766 163 164 166
2.9925 1.3125 0.440918 0.0822098 0.0339861 0.996035 164 165 167
2.97829 1.3275 0.4425 0.153999 0.240646 0.958318 165 166 168
2.9925 1.3275 0.440203 0.0921277 0.0726706 0.993092 164 165 167
2.9925 1.3425 0.439199 0.022972 0.135166 0.990557 165 166 168
2.9925 1.3575 0.435979 0.0509544 0.143605 0.988323 165 166 168
2.9925 1.3725 0.433995 -0.0326299 0.261341 0.964695 165 166 168
2.9925 1.38459 0.4275 0.163184 0.452433 0.876741 165 166 168
2.98889 1.3875 0.4275 0.266187 0.331101 0.905272 165 166 168
2.9775 1.3875 0.430848 0.047362 0.240691 0.969446 165 166 170
2.99674 1.2075 0.4425 -0.294698 0.3747 0.879064 162 163 165
3.0075 1.21595 0.4425 -0.291122 0.37022 0.882148 163 163 164
3.0075 1.2225 0.439804 -0.0110074 0.0884964 0.996016 163 163 163
3.0075 1.2075 0.446124 -0.0637769 0.146325 0.987179 162 163 164
3.0075 1.2375 0.440791 0.109241 -0.03321 0.99346 163 163 163
3.0075 1.2525 0.440806 0.0842157 -0.011686 0.996379 163 163 163
2.99507 1.2675 0.4425 0.108162 0.00875347 0.994095 163 163 163
3.0075 1.2675 0.441355 0.0904515 -0.00759377 0.995872 163 163 163
2.99447 1.2825 0.4425 0.136264 0.0607218 0.98881 162 163 165
3.0075 1.2825 0.440773 0.0764119 0.0182446 0.996909 164 164 164
3.0075 1.2975 0.441248 0.0527093 0.0614224 0.996719 163 164 166
3.0075 1.3125 0.439437 0.0823793 0.0730303 0.993922 163 164 166
3.0075 1.3275 0.438468 0.107027 0.0614261 0.992357 164 165 167
3.0075 1.3425 0.437496 0.0943694 0.0767716 0.992573 165 166 168
3.0075 1.3575 0.435711 0.0402556 0.165528 0.985383 165 166 168
3.0075 1.3725 0.433171 0.042626 0.137923 0.989525 165 166 168
2.99707 1.3875 0.4275 -0.289461 0.43893 0.850619 165 166 168
3.0075 1.3875 0.431046 -0.0821903 0.277975 0.957066 165 166 168
3.0075 1.39519 0.4275 -0.211563 0.409313 0.887527 165 166 168
2.998 1.4025 0.4275 0.243719 -0.160541 0.956466 165 166 168
2.9925 1.39415 0.4275 0.243719 -0.160541 0.956466 165 166 168
2.9925 1.4025 0.428901 0.243719 -0.160541 0.956466 165 166 168
3.01582 1.2225 0.4425 -0.29807 0.367906 0.880795 163 163 163
3.0225 1.2075 0.444659 0.0974674 -0.0250568 0.994923 163 163 163
3.0225 1.2225 0.444834 -0.0248874 0.101492 0.994525 163 163 163
3.0225 1.22822 0.4425 -0.297987 0.349718 0.888201 163 163 163
3.0225 1.2375 0.438874 -0.057266 0.115687 0.991634 163 163 163
3.0225 1.2525 0.439864 0.0924893 -0.0292797 0.995283 163 163 163
3.0225 1.2675 0.439778 0.0815245 -0.00220997 0.996669 163 163 163
3.0225 1.2825 0.439894 0.0835341 0.0056097 0.996489 163 163 164
3.0225 1.2975 0.439806 0.065882 0.041434 0.996967 164 164 164
3.0225 1.3125 0.437856 0.0576351 0.1178 0.991363 163 164 166
3.0225 1.3275 0.436883 0.0995735 0.0590086 0.993279 163 164 166
3.0225 1.3425 0.43591 0.0892183 0.0471275 0.994897 164 165 167
3.0225 1.3575 0.435468 0.0301131 0.107321 0.993768 164 165 167
3.0225 1.3725 0.43222 -0.00124459 0.166584 0.986027 165 166 168
3.0225 1.3875 0.430988 0.0168789 0.153017 0.988079 165 166 168
3.0225 1.40064 0.4275 -0.0623752 0.304818 0.950366 165 166 168
3.0375 1.2075 0.443242 0.107903 -0.0359732 0.99351 161 163 162
3.0375 1.2225 0.443332 0.0987465 -0.0201118 0.994909 163 163 163
3.0333 1.2375 0.4425 -0.298428 0.349904 0.88798 163 163 163
3.0375 1.2375 0.443865 0.0539403 0.0462783 0.997471 163 163 163
3.0375 1.24109 0.4425 -0.085964 0.368327 0.925714 163 163 163
3.0375 1.2525 0.43804 -0.0609783 0.115367 0.99145 162 162 162
3.0375 1.2675 0.438864 0.0962952 -0.0139137 0.995256 163 163 163
3.0375 1.2825 0.438455 0.0775495 0.00712846 0.996963 163 163 163
3.0375 1.2975 0.438474 0.0811272 0.00536431 0.996689 163 163 164
3.0375 1.3125 0.438335 0.00673152 0.0920442 0.995732 164 164 165
3.0375 1.3275 0.435297 0.00571013 0.133707 0.991004 163 164 166
3.0375 1.3425 0.434811 0.0928072 0.0313636 0.99519 164 165 166
3.0375 1.3575 0.434351 0.0748507 0.0312195 0.996706 164 165 167
3.0375 1.3725 0.433797 -0.0192863 0.14014 0.989944 165 166 168
3.0375 1.3875 0.430092 -0.0425853 0.157513 0.986598 165 166 168
3.0277 1.4025 0.4275 -0.0901189 0.242051 0.966069 165 166 168
3.0225 1.4025 0.427195 -0.0579074 0.161972 0.985095 165 166 168
3.0375 1.4025 0.428426 -0.0041675 0.193537 0.981084 165 166 168
3.0375 1.40715 0.4275 0.0331469 0.158248 0.986843 165 167 168
3.04266 1.2075 0.4425 0.139937 -0.0403279 0.989339 161 163 162
3.04681 1.2225 0.4425 0.128431 -0.0249956 0.991403 162 163 162
3.0525 1.2075 0.440946 0.141365 -0.0669905 0.987688 161 163 162
3.0525 1.2225 0.44152 0.133361 -0.00807966 0.991035 161 163 162
3.04851 1.2375 0.4425 0.145082 0.0726693 0.986747 162 162 162
3.0525 1.2375 0.44166 0.0772172 0.0324274 0.996487 162 162 162
3.0525 1.24454 0.4425 0.181089 -0.108497 0.977464 162 162 162
3.05079 1.2525 0.4425 -0.326408 -0.0485475 0.943981 162 162 162
3.0525 1.2525 0.443057 -2.179e-18 0 1 162 162 162
3.0525 1.25384 0.4425 -0.217363 0.372782 0.902101 162 162 162
3.0525 1.2675 0.436871 -0.0389691 0.131308 0.990575 162 162 162
3.0525 1.2825 0.437385 0.0937948 -0.0108651 0.995532 163 163 163
3.0525 1.2975 0.437405 0.0777719 0.00532512 0.996957 163 163 163
3.0525 1.3125 0.437249 0.0730333 -0.00121859 0.997329 163 163 164
3.0525 1.3275 0.437234 -0.0501031 0.126976 0.99064 163 165 164
3.0525 1.3425 0.433112 -0.0352755 0.148586 0.98827 163 165 164
3.0525 1.3575 0.433141 0.100672 0.0147634 0.99481 164 165 166
3.0525 1.3725 0.432792 0.0861221 0.0439981 0.995313 164 166 165
3.0525 1.3875 0.431818 -0.00713625 0.168494 0.985677 164 165 166
3.0525 1.4005 0.4275 0.0460656 0.307555 0.950415 165 167 166
3.04625 1.4025 0.4275 0.0749861 0.152613 0.985437 165 167 167
3.0525 1.4025 0.42707 0.00165633 0.105964 0.994369 165 167 166
3.0525 1.4175 0.426213 0.0360587 0.0729825 0.996681 165 167 166
3.0375 1.4175 0.426223 0.0304871 0.0870149 0.99574 166 168 167
3.0675 1.2075 0.438833 0.136234 -0.0785381 0.987559 162 162 160
3.0675 1.2225 0.440059 0.106611 -0.0239438 0.994012 161 163 162
3.0675 1.2375 0.439185 0.10768 0.0354018 0.993555 161 163 162
3.05601 1.2525 0.4425 0.230037 0.231717 0.945193 162 162 162
3.0675 1.2525 0.439404 0.131228 -0.0177151 0.991194 162 162 162
3.0675 1.2675 0.441189 -0.0127692 0.140952 0.989934 162 162 162
3.0675 1.2825 0.435835 0.0321867 0.102877 0.994173 162 162 162
3.0675 1.2975 0.436159 0.0833845 -0.00889595 0.996478 163 163 163
3.0675 1.3125 0.43593 0.0668345 -0.00957144 0.997718 163 163 163
3.0675 1.3275 0.436522 0.0553817 -0.0110268 0.998404 162 164 163
3.0675 1.3425 0.436299 -0.0984672 0.158562 0.982427 163 165 164
3.0675 1.3575 0.43144 -0.0736138 0.174878 0.981834 163 165 164
3.0675 1.3725 0.431205 0.0926226 0.0259832 0.995362 164 166 165
3.0675 1.3875 0.430426 0.069207 0.0626546 0.995633 164 166 165
3.05661 1.4025 0.4275 -0.154161 0.307095 0.93911 165 167 166
3.0675 1.4025 0.429382 -0.0100735 0.1714 0.98515 164 166 165
3.0675 1.40777 0.4275 -0.0893445 0.249136 0.964339 164 166 165
3.0675 1.4175 0.425405 -0.024719 0.124176 0.991952 165 167 166
3.0675 1.4325 0.424197 0.0342501 0.100869 0.99431 164 166 165
3.0525 1.4325 0.424742 0.036137 0.0975548 0.994574 165 167 166
3.0825 1.2075 0.4368 -0.0463811 0.112246 0.992597 162 162 161
3.0825 1.2225 0.437932 0.141498 -0.0633015 0.987913 162 162 161
3.0825 1.2375 0.438822 0.0783076 0.0224731 0.996676 161 163 162
3.0825 1.2525 0.436787 0.0762169 0.0391448 0.996323 161 163 162
3.0825 1.2675 0.438029 0.127892 0.0100597 0.991737 162 162 162
3.0825 1.2825 0.434487 0.0129213 0.167292 0.985823 163 163 163
3.0825 1.2975 0.434722 0.0745034 -0.0273565 0.996845 163 163 163
3.0825 1.3125 0.435315 0.0565735 -0.0234155 0.998124 161 163 161
3.0825 1.3275 0.435608 0.0540179 -0.0160493 0.998411 162 164 162
3.0825 1.3425 0.435878 0.0524025 -0.00159285 0.998625 162 164 163
3.0825 1.3575 0.435639 -0.0734701 0.239017 0.968232 163 165 164
3.0825 1.3725 0.429768 -0.00999816 0.138893 0.990257 163 165 164
3.0825 1.3875 0.429797 0.0525476 0.0373745 0.997919 164 166 165
3.0825 1.4025 0.428753 0.0613546 0.0973724 0.993355 164 166 165
3.0825 1.41136 0.4275 -0.00358474 0.17053 0.985346 163 165 164
3.0825 1.4175 0.426952 -0.0209432 0.117555 0.992846 163 165 164
3.0825 1.4325 0.424249 -0.0457062 0.15696 0.986547 164 164 165
3.0675 1.4475 0.42303 0.0883419 0.0772686 0.993089 164 165 167
3.0975 1.2075 0.440063 0.0391411 0.0629466 0.997249 162 162 160
3.0975 1.2225 0.435862 -0.0116511 0.106951 0.994196 162 162 162
3.0975 1.2375 0.436359 0.140965 -0.0584479 0.988288 161 162 161
3.0975 1.2525 0.437495 0.0391746 0.033031 0.998686 161 162 161
3.0975 1.2675 0.435325 0.0534227 0.0179369 0.998411 162 163 163
3.0975 1.2825 0.437226 0.0120923 0.0549974 0.998413 162 162 162
3.0975 1.2975 0.433921 -0.0447425 0.0832538 0.995523 163 163 163
3.0975 1.3125 0.434411 0.0595262 -0.0316623 0.997724 161 163 160
3.0975 1.3275 0.43498 0.0579877 -0.0127884 0.998235 162 164 162
3.0975 1.3425 0.434708 0.0582692 -0.00383787 0.998294 163 165 164
3.0975 1.3575 0.435013 -0.00202183 0.105709 0.994395 163 165 164
3.0975 1.3725 0.429874 -0.0856842 0.250844 0.964228 161 163 162
3.0975 1.3875 0.429169 0.0430089 0.0744842 0.996294 163 165 164
3.0975 1.39931 0.4275 0.0735409 0.131312 0.98861 163 165 164
3.09355 1.4025 0.4275 0.0889205 0.111638 0.989763 163 165 164
3.0975 1.4025 0.42725 0.0268494 0.0553206 0.998108 163 165 164
3.0975 1.4175 0.426509 0.0221498 0.0764334 0.996829 162 164 163
3.0975 1.4325 0.425103 -0.0159502 0.13476 0.99075 164 164 162
3.1125 1.2075 0.436241 0.131202 -0.0245142 0.991052 163 162 160
3.1125 1.2225 0.437807 0.0689714 0.064617 0.995524 162 162 162
3.1125 1.2375 0.434401 0.00899161 0.0691474 0.997566 161 162 162
3.1125 1.2525 0.435569 0.12834 -0.0733168 0.989016 163 165 164
3.1125 1.2675 0.436694 0.0208202 0.0372087 0.999091 162 163 163
3.1125 1.2825 0.434372 0.0426703 0.0271832 0.998719 162 163 162
3.1125 1.2975 0.435765 0.0267286 0.0320119 0.99913 162 164 161
3.1125 1.3125 0.433632 -0.0303118 0.0633505 0.997531 162 164 161
3.1125 1.3275 0.433777 0.0653262 -0.0139171 0.997767 162 164 163
3.1125 1.3425 0.434044 0.0579088 -0.0124248 0.998245 162 164 163
3.1125 1.3575 0.434055 0.046389 -0.00869142 0.998886 162 164 163
3.1125 1.3725 0.434395 -0.124513 0.172768 0.977061 161 163 162
3.1125 1.3875 0.428539 -0.181677 0.265664 0.946793 162 164 163
3.1125 1.39486 0.4275 0.00688055 0.115851 0.993243 162 164 163
3.1125 1.4025 0.426875 0.00748338 0.0675244 0.99769 162 164 163
3.1125 1.4175 0.426266 0.0148214 0.0610408 0.998025 165 165 163
3.1125 1.4325 0.424809 -0.0068226 0.0955594 0.9954 164 164 162
3.1275 1.2075 0.436108 0.0589553 0.0156012 0.998139 163 163 163
3.1275 1.2225 0.433891 0.100269 0.0212641 0.994733 164 165 164
3.1275 1.2375 0.43593 0.0884179 0.0197562 0.995888 161 162 162
3.1275 1.2525 0.43367 0.0361001 0.0332229 0.998796 161 163 162
3.1275 1.2675 0.434621 0.126334 -0.0788455 0.988849 161 163 162
3.1275 1.2825 0.435831 -0.00433211 0.037903 0.999272 163 164 163
3.1275 1.2975 0.43334 0.00542136 0.0272484 0.999614 163 164 162
3.1275 1.3125 0.435241 0.0241274 0.0195397 0.999518 163 165 162
3.1275 1.3275 0.43301 -0.0213872 0.0713353 0.997223 163 165 163
3.1275 1.3425 0.432872 0.0588361 -0.0207172 0.998053 162 164 163
3.1275 1.3575 0.433709 0.047543 -0.0228322 0.998608 163 165 164
3.1275 1.3725 0.433486 0.0304381 -0.00468517 0.999526 163 165 164
3.1275 1.3875 0.433742 -0.155945 0.2011 0.967078 162 164 163
3.1275 1.40169 0.4275 -0.185033 0.266121 0.946014 162 164 163
3.1275 1.4025 0.427117 -0.0662631 0.121923 0.990325 162 164 163
3.1275 1.4175 0.425833 -0.0157424 0.0631289 0.997881 164 164 162
3.1275 1.4325 0.4252 -0.0169197 0.0678771 0.99755 164 164 162
2.8875 0.9675 0.45351 -0.0917451 0.246709 0.964737 186 190 195
2.9025 0.9675 0.454844 -0.0337148 0.17849 0.983364 185 190 194
2.9025 0.9825 0.451153 -0.0897063 0.279858 0.955841 187 191 197
2.8875 0.9825 0.449522 -0.132193 0.300949 0.944433 184 187 193
2.9025 0.9975 0.446743 -0.000793548 0.0663564 0.997796 180 186 190
2.8875 0.9975 0.443915 0.107048 -0.181513 0.977545 174 178 183
2.9025 1.0125 0.452078 0.138223 -0.264077 0.954546 177 181 184
2.8875 1.0125 0.452288 0.163236 -0.326455 0.931011 171 176 179
2.89186 1.0275 0.4575 0.462866 -0.42782 0.776354 167 170 170
2.8875 1.02285 0.4575 0.255329 -0.451666 0.854871 165 168 169
2.9025 1.0275 0.451729 0.195099 -0.240599 0.950815 175 180 182
2.8875 1.0275 0.460407 0.146714 -0.242898 0.958893 164 167 167
2.9025 1.03908 0.4575 0.17062 -0.446499 0.878366 165 168 168
2.9025 1.0425 0.459652 0.162021 -0.145654 0.975979 163 165 165
2.8875 1.0425 0.460983 0.153025 -0.124736 0.980319 165 168 169
2.9025 1.0575 0.4613 0.153591 -0.0926309 0.983783 160 162 161
2.8875 1.0575 0.463684 -0.0106211 0.094025 0.995513 160 162 161
2.9025 1.0725 0.462014 -0.0259423 0.131856 0.990929 160 162 161
2.8875 1.0725 0.458497 -0.0593431 0.148335 0.987155 160 162 161
2.9025 1.08454 0.4575 0.0107713 0.363387 0.931576 160 162 161
2.88879 1.0875 0.4575 0.124765 0.0390488 0.991418 160 162 161
2.9025 1.0875 0.456237 -0.0049218 0.150216 0.988641 160 162 161
2.8875 1.0875 0.457722 0.0574162 0.10185 0.993142 160 162 161
2.89159 1.1025 0.4575 0.134273 -0.0328077 0.990401 160 162 161
2.9025 1.1025 0.455778 0.119792 -0.0150739 0.992685 160 162 161
2.8875 1.1025 0.458148 0.10991 -0.00993761 0.993892 160 162 161
2.8949 1.1175 0.4575 0.119903 0.0153882 0.992666 160 162 161
2.9025 1.1175 0.4568 0.121752 -0.000811443 0.99256 160 162 161
2.8875 1.1175 0.458162 0.11214 -0.0131204 0.993606 160 162 161
2.89295 1.1325 0.4575 0.140633 -0.0270918 0.989691 160 162 161
2.9025 1.1325 0.455488 0.145821 0.0097201 0.989263 160 162 161
2.8875 1.1325 0.4582 0.12325 -4.4147e-06 0.992376 160 162 161
2.90008 1.1475 0.4575 0.0640341 0.18629 0.980406 161 163 162
2.9025 1.1475 0.457245 0.10707 -0.0230051 0.993985 161 163 162
2.8875 1.1475 0.458215 0.070865 0.0357805 0.996844 160 162 161
2.8875 1.14932 0.4575 -0.143792 0.370754 0.917532 160 162 161
2.9025 1.1625 0.456417 -0.111754 0.18674 0.976032 161 163 162
2.8875 1.1625 0.452152 -0.0722902 0.167109 0.983285 161 163 162
2.9025 1.1775 0.450438 -0.0698397 0.174285 0.982215 162 164 164
2.8875 1.1775 0.452167 0.101694 -0.00424284 0.994807 162 163 165
2.9025 1.1925 0.450746 0.101197 -0.00479889 0.994855 162 163 165
2.8875 1.1925 0.452182 0.0769608 0.0174438 0.996882 163 164 166
2.91746 0.9825 0.4275 -0.415623 0.424471 -0.804414 197 207 217
2.9025 0.967856 0.4275 -0.415623 0.424471 -0.804414 203 207 219
2.9025 0.9825 0.435227 -0.415623 0.424471 -0.804414 186 189 200
2.9175 0.9675 0.454373 -0.122545 0.20921 0.970162 188 191 195
2.9175 0.9825 0.45302 -0.108177 0.223913 0.968587 186 190 195
2.9175 0.9975 0.446859 -0.119637 0.305026 0.944799 186 193 197
2.9175 1.0125 0.44463 0.15856 -0.238507 0.958109 185 192 196
2.9175 1.0275 0.451185 0.129854 -0.283798 0.950051 174 178 181
2.9175 1.04129 0.4575 0.242203 -0.411401 0.878685 162 164 164
2.9175 1.0425 0.4583 0.123575 -0.153184 0.980441 161 164 163
2.9175 1.0575 0.458537 0.133931 -0.0582625 0.989276 162 164 164
2.9175 1.0725 0.459587 0.150847 -0.058243 0.98684 160 162 161
2.90671 1.0875 0.4575 -0.253242 0.351737 0.901194 160 162 161
2.9175 1.0875 0.460533 0.0279874 0.145401 0.988977 160 162 161
2.9175 1.09507 0.4575 -0.0618217 0.376942 0.924172 160 162 161
2.9175 1.1025 0.454443 0.0855361 0.124459 0.988531 160 162 161
2.9175 1.1175 0.454457 0.115314 -0.0160473 0.993199 160 162 161
2.9175 1.1325 0.454572 0.0773085 0.0398989 0.996209 161 161 161
2.9175 1.1475 0.453232 0.143001 0.00887319 0.989683 161 162 161
2.9175 1.1625 0.454688 0.198935 -0.0179018 0.979849 161 163 162
2.9175 1.1775 0.453953 -0.0294682 0.182482 0.982767 162 164 163
2.9175 1.1925 0.44931 -0.0371135 0.149934 0.987999 162 163 165
2.92478 0.9675 0.4575 -0.346122 0.343869 0.8729 188 191 195
2.9325 0.975404 0.4575 -0.335206 0.377912 0.863029 187 191 195
2.9325 0.9825 0.453925 -0.163859 0.245551 0.955434 186 191 195
2.9325 0.9675 0.460357 -0.0949037 0.14928 0.98423 183 185 188
2.9325 0.9975 0.451838 -0.184828 0.290944 0.938717 187 191 196
2.9325 1.0125 0.44397 -0.0913671 0.077518 0.992796 186 192 196
2.9325 1.0275 0.452389 0.143739 -0.288048 0.946767 177 182 184
2.91874 1.0425 0.4575 0.28055 -0.223374 0.933486 162 164 164
2.9325 1.0425 0.450851 0.201009 -0.160172 0.966406 174 179 181
2.93004 1.0575 0.4575 0.0870605 -0.0455865 0.995159 160 162 161
2.9325 1.0575 0.457206 0.351783 -0.291917 0.8894 160 162 161
2.9325 1.06609 0.4575 0.117693 -0.0332072 0.992495 160 162 161
2.9325 1.0725 0.457653 0.111953 -0.0445248 0.992716 160 162 161
2.9325 1.0875 0.45826 0.13921 -0.0196363 0.990068 160 162 161
2.9325 1.08933 0.4575 0.143282 0.375146 0.915825 160 162 161
2.9325 1.1025 0.452074 0.0305537 0.157318 0.987075 160 162 161
2.9325 1.1175 0.452961 0.128255 -0.0294401 0.991304 160 161 162
2.9325 1.1325 0.453136 0.111244 -0.00878649 0.993754 160 161 162
2.9325 1.1475 0.453295 0.0441228 0.0674109 0.996749 161 162 161
2.9325 1.1625 0.450499 0.093659 0.0572257 0.993958 162 162 162
2.9325 1.1775 0.451529 0.186483 -0.0195199 0.982264 161 162 164
2.9325 1.1925 0.451554 0.0416112 0.173416 0.983969 162 163 165
2.94211 0.9825 0.4575 -0.274381 0.374708 0.885612 181 184 188
2.9475 0.9675 0.459791 0.00979784 0.0865362 0.996201 169 171 171
2.9475 0.9825 0.458998 -0.0446001 0.117001 0.99213 177 179 182
2.9475 0.986244 0.4575 -0.319043 0.40365 0.857484 181 183 187
2.9475 0.9975 0.45211 -0.170076 0.279016 0.945105 187 191 195
2.9475 1.0125 0.450285 -0.185555 0.253736 0.949309 187 192 196
2.9475 1.0275 0.444384 -0.00418446 -0.141844 0.98988 187 193 198
2.9475 1.0425 0.451449 0.175643 -0.110617 0.97822 176 180 182
2.9475 1.0575 0.45017 0.149804 -0.183662 0.971508 174 178 181
2.93433 1.0725 0.4575 0.163846 0.000130504 0.986486 160 162 161
2.9475 1.0725 0.455876 0.183907 -0.120567 0.975521 160 162 161
2.93729 1.0875 0.4575 0.223756 0.186701 0.956596 160 162 161
2.9475 1.0875 0.454749 0.0897535 0.0673628 0.993683 160 162 161
2.9475 1.1025 0.455757 -0.0315914 0.0868797 0.995718 160 162 161
2.9475 1.1175 0.450747 -0.0272083 0.134974 0.990476 160 162 162
2.9475 1.1325 0.451282 0.125952 -0.0224289 0.991783 160 161 162
2.9475 1.1475 0.451296 0.11451 -0.0138474 0.993326 161 163 162
2.9475 1.1625 0.451823 0.0114023 0.0796384 0.996759 161 163 162
2.9475 1.1775 0.448716 0.0348281 0.0978743 0.994589 161 162 163
2.9475 1.1925 0.44913 0.143072 0.0472214 0.988585 162 163 165
2.9625 0.9675 0.45941 -0.139174 0.194543 0.97097 165 164 164
2.9625 0.9825 0.458692 -0.0416815 0.0499947 0.997879 161 162 163
2.96062 0.9975 0.4575 -0.337513 0.395962 0.85399 168 170 171
2.9625 0.9975 0.45824 -0.0576971 0.0983609 0.993477 165 166 168
2.9625 0.998951 0.4575 -0.297907 0.454729 0.839329 167 168 170
2.9625 1.0125 0.450127 -0.18767 0.259061 0.947453 184 189 191
2.9625 1.0275 0.449391 -0.0896243 0.147804 0.984947 187 193 197
2.9625 1.0419 0.4425 0.462237 0.376164 0.803018 187 193 199
2.96227 1.0425 0.4425 0.466749 -0.435904 0.769502 187 192 199
2.9625 1.0425 0.44239 5.02803e-18 0 1 187 192 199
2.9625 1.04275 0.4425 -0.340571 -0.486605 0.804504 187 192 199
2.9625 1.0575 0.451336 0.0648136 -0.188092 0.980011 175 179 184
2.9625 1.0725 0.453142 0.166288 -0.151503 0.974369 160 162 161
2.9625 1.0875 0.454154 0.0903909 0.0245566 0.995604 160 162 161
2.9625 1.1025 0.451938 0.114721 0.0443955 0.992405 160 162 161
2.9625 1.1175 0.453399 0.0515101 0.0961291 0.994035 160 162 162
2.9625 1.1325 0.449197 0.00190761 0.111185 0.993798 160 162 163
2.9625 1.1475 0.449959 0.128891 -0.0249752 0.991344 162 162 162
2.9625 1.1625 0.449973 0.119505 -0.0288483 0.992414 161 163 162
2.9625 1.1775 0.450738 0.0261922 0.139612 0.98986 161 162 164
2.9625 1.1925 0.446237 0.149385 0.113518 0.982241 161 162 164
2.9775 0.9675 0.464053 -0.282259 0.276508 0.918626 167 166 163
2.9775 0.9825 0.460583 -0.179395 0.152878 0.971826 164 163 164
2.9775 0.9975 0.459209 -0.0834926 0.113957 0.989971 163 164 165
2.9775 1.00722 0.4575 -0.191455 0.308655 0.931706 169 171 173
2.9775 1.0125 0.456098 -0.252947 0.30338 0.918683 174 177 178
2.9775 1.0275 0.450285 -0.165999 0.223081 0.960562 185 189 193
2.96305 1.0425 0.4425 -0.378088 0.381129 0.843677 187 192 200
2.9775 1.0425 0.448946 -0.0887962 -0.00858721 0.996013 188 193 199
2.9775 1.0575 0.450129 0.106906 -0.0106819 0.994212 174 178 180
2.9775 1.0725 0.448909 0.156517 -0.045735 0.986616 172 175 178
2.9775 1.0875 0.451562 0.207508 -0.122336 0.970554 160 162 161
2.9775 1.1025 0.452876 0.0451347 0.0649138 0.99687 161 161 161
2.9775 1.1175 0.449352 0.0851779 0.0664197 0.994149 161 163 162
2.9775 1.1325 0.451141 0.0788743 0.0733392 0.994183 161 163 162
2.9775 1.1475 0.447416 0.0320672 0.084979 0.995867 161 163 162
2.9775 1.1625 0.448117 0.131233 -0.036219 0.99069 161 162 163
2.9775 1.1775 0.448649 0.0767373 0.136344 0.987685 161 162 163
2.9775 1.19237 0.4425 0.221801 0.374374 0.90036 162 163 165
2.97715 1.1925 0.4425 0.24589 -0.107999 0.963262 162 163 165
2.9775 1.1925 0.442445 0.0734253 0.0158504 0.997175 162 163 165
2.9775 1.19329 0.4425 0.198857 -0.0879159 0.976077 162 163 165
2.9925 0.9675 0.469452 -0.25838 0.311021 0.914607 168 165 162
2.9925 0.9825 0.464105 -0.253552 0.284542 0.924525 168 165 164
2.9925 0.9975 0.460354 -0.146446 0.173366 0.973909 167 166 165
2.98788 1.0125 0.4575 -0.103862 0.197008 0.974885 167 169 168
2.9925 1.0125 0.457957 -0.128811 0.182637 0.974706 165 166 164
2.9925 1.01516 0.4575 -0.13294 0.232799 0.963396 165 166 165
2.9925 1.0275 0.45439 -0.154325 0.342092 0.926907 168 172 173
2.9925 1.0425 0.448529 -0.0367474 0.179895 0.982999 180 185 188
2.9925 1.0575 0.447546 0.0814993 -0.0129452 0.996589 184 189 196
2.9925 1.0725 0.448425 0.166015 0.00861872 0.986086 172 175 176
2.9925 1.0875 0.447925 0.119989 -0.0724398 0.990129 172 173 174
2.9925 1.1025 0.450324 0.178042 -0.0924908 0.979667 161 162 161
2.9925 1.1175 0.451098 0.0176302 0.0998432 0.994847 162 162 162
2.9925 1.1325 0.447093 0.0663015 0.0987636 0.9929 161 163 162
2.9925 1.1475 0.448529 0.118244 0.0352952 0.992357 161 163 162
2.9925 1.1625 0.446135 0.0446175 0.0398614 0.998209 161 163 162
2.9925 1.1775 0.446946 0.117742 -0.039306 0.992266 161 162 163
2.97767 1.1925 0.4425 -0.295393 0.369351 0.881092 162 163 165
2.9925 1.1925 0.447497 -0.0925362 0.177183 0.979818 162 163 164
2.9925 1.20415 0.4425 -0.293913 0.373704 0.87975 162 163 165
3.0075 0.9675 0.470687 -0.155271 0.234693 0.959588 169 166 162
3.0075 0.9825 0.468946 -0.193196 0.23403 0.952841 169 166 163
3.0075 0.9975 0.462913 -0.225004 0.289814 0.930258 167 166 163
3.0075 1.0125 0.460562 -0.108236 0.190277 0.975746 166 166 164
3.0075 1.02401 0.4575 -0.140639 0.242798 0.959828 164 166 164
3.0075 1.0275 0.456617 -0.18909 0.383112 0.904141 164 166 165
3.0075 1.0425 0.448713 -0.157482 0.31733 0.935147 175 179 182
3.0075 1.0575 0.44727 -0.0165616 0.151994 0.988243 184 188 192
3.0075 1.06867 0.4425 0.28036 0.34385 0.896195 190 194 198
3.00519 1.0725 0.4425 0.409076 -0.239907 0.880399 185 189 192
3.0075 1.0725 0.441709 0 0 1 188 192 196
3.0075 1.07531 0.4425 -0.215067 -0.381123 0.899162 184 188 191
3.0075 1.0875 0.44763 0.0919846 -0.100895 0.990636 172 173 174
3.0075 1.1025 0.447764 0.119226 -0.0537033 0.991414 162 162 162
3.0075 1.1175 0.448601 0.150821 -0.056113 0.986967 161 162 162
3.0075 1.1325 0.449553 -0.0234163 0.138941 0.990024 161 163 162
3.0075 1.1475 0.44395 0.0259044 0.114337 0.993104 161 163 162
3.0075 1.1625 0.446391 0.139916 -0.0211881 0.989937 161 163 162
3.0075 1.1775 0.445262 0.0738496 0.0118016 0.9972 162 164 163
3.0075 1.1925 0.445573 0.111441 -0.0321319 0.993251 162 163 164
3.01049 0.9675 0.4725 -0.348355 0.448849 0.822911 170 166 162
3.0225 0.978336 0.4725 0.357456 0.401751 0.843102 170 167 164
3.0225 0.9825 0.469782 -0.0921589 0.102963 0.990407 170 166 163
3.0225 0.9675 0.476881 0.167408 0.30169 0.938594 173 171 168
3.0225 0.9975 0.468572 -0.215687 0.26526 0.939743 169 166 163
3.0225 1.0125 0.461053 -0.231839 0.30914 0.922325 168 166 163
3.01531 1.0275 0.4575 -0.0934113 0.237819 0.966807 166 166 164
3.0225 1.0275 0.458039 -0.118467 0.213817 0.969664 167 167 164
3.0225 1.03072 0.4575 -0.123274 0.237413 0.963555 167 167 164
3.0225 1.0425 0.454414 -0.220611 0.338818 0.914622 169 170 170
3.0225 1.0575 0.448429 -0.156658 0.229839 0.960537 179 182 184
3.01144 1.0725 0.4425 -0.331745 0.244058 0.911252 190 194 198
3.0225 1.0725 0.446641 -0.0758779 0.0741661 0.994355 184 187 190
3.0225 1.0875 0.445332 0.13599 0.033002 0.99016 162 163 163
3.0225 1.1025 0.446062 0.143235 -0.06251 0.987713 166 167 167
3.0225 1.1175 0.446596 0.106697 -0.028759 0.993876 162 162 162
3.0225 1.1325 0.447362 0.148716 -0.049308 0.98765 161 163 162
3.0225 1.1475 0.448038 -0.0574077 0.155749 0.986127 161 163 162
3.0225 1.1625 0.442565 -0.060365 0.0679077 0.995864 161 163 162
3.0225 1.1775 0.44426 0.0774794 0.0392846 0.99622 162 164 163
3.0225 1.1925 0.444022 0.110129 -0.0288736 0.993498 161 163 162
3.02559 0.9675 0.4725 0.794637 0.0414451 0.605669 168 165 163
3.0375 0.980369 0.4725 0.0228993 -0.757113 0.652882 169 166 164
3.02814 0.9825 0.4725 -0.301592 -0.491499 0.816989 170 167 164
3.0375 0.9675 0.457967 0.529772 -0.277551 0.801441 161 161 161
3.0375 0.9825 0.47579 2.65206e-17 0 1 173 170 168
3.0375 0.991657 0.4725 -0.144955 0.401442 0.904341 170 167 164
3.0375 0.9975 0.469537 0.040168 -0.0224425 0.998941 170 166 163
3.0375 1.0125 0.467624 -0.244233 0.280697 0.928202 170 167 164
3.0375 1.0275 0.460876 -0.269747 0.335754 0.9025 168 166 161
3.0375 1.03973 0.4575 -0.15121 0.240824 0.958717 170 167 164
3.0375 1.0425 0.457006 -0.152233 0.298741 0.942114 170 167 165
3.0375 1.0575 0.451569 -0.189354 0.312973 0.930695 168 168 168
3.0375 1.0725 0.447022 -0.12693 0.231001 0.964638 171 172 173
3.0375 1.0875 0.444121 -0.0564521 0.0882977 0.994493 182 184 186
3.0375 1.1025 0.44278 -0.0157625 -0.0547524 0.998376 161 161 161
3.0375 1.1175 0.445813 0.0929678 0.00759051 0.99564 160 162 161
3.0375 1.1325 0.44498 0.159747 -0.0235559 0.986877 160 162 161
3.0375 1.1475 0.445638 0.152515 -0.0544753 0.986799 161 163 162
3.0375 1.1625 0.44662 0.0154838 0.134387 0.990808 161 163 162
3.0375 1.17411 0.4425 0.164857 0.340404 0.925714 161 163 162
3.0294 1.1775 0.4425 0.158978 0.0135509 0.987189 162 164 163
3.0375 1.1775 0.441305 0.160668 0.0586302 0.985266 161 163 162
3.03562 1.1925 0.4425 0.115373 -0.0558191 0.991753 161 163 162
3.0375 1.1925 0.442268 0.1618 -0.0700338 0.984335 161 163 162
3.0375 1.19581 0.4425 0.147757 -0.0668556 0.986762 161 163 162
3.03951 0.9675 0.4575 0.586207 -0.392713 0.708616 161 161 161
3.04948 0.9825 0.4575 0.758863 -0.235371 0.607229 163 162 162
3.0525 0.9675 0.451927 0.231311 -0.0253397 0.97255 161 161 161
3.0525 0.9825 0.454196 0.452275 -0.163343 0.876793 161 161 161
3.03946 0.9825 0.4725 0.820019 -0.171283 0.546105 169 166 164
3.0525 0.985613 0.4575 0.476591 -0.640493 0.602188 163 162 162
3.0525 0.995446 0.4725 0.281784 -0.81917 0.499558 170 166 165
3.04315 0.9975 0.4725 -0.389937 0 0.920842 170 167 164
3.0525 0.9975 0.475889 0 0 1 174 171 169
3.0525 1.00662 0.4725 -0.156016 0.419441 0.894275 172 168 166
3.0525 1.0125 0.469358 0.0869927 -0.0624306 0.994251 172 168 165
3.0525 1.0275 0.466982 -0.25292 0.320952 0.9127 171 167 162
3.04354 1.0425 0.4575 -0.118337 0.254082 0.959916 170 168 165
3.0525 1.0425 0.458682 -0.311448 0.414145 0.855268 171 168 165
3.0525 1.04659 0.4575 -0.139574 0.25245 0.95749 170 167 165
3.0525 1.0575 0.454637 -0.163557 0.28186 0.945412 168 167 166
3.0525 1.0725 0.450325 -0.160789 0.304514 0.938839 168 168 169
3.0525 1.0875 0.445456 -0.0440585 0.133209 0.990108 179 180 181
3.0525 1.1025 0.447259 -0.0292016 0.0264843 0.999223 163 163 163
3.0525 1.11478 0.4425 0.16061 0.37111 0.914594 161 161 161
3.04756 1.1175 0.4425 0.226861 0.0267176 0.973561 161 161 161
3.0525 1.1175 0.441516 0.0380842 0.0871137 0.99547 161 161 161
3.05212 1.1325 0.4425 0.167183 -0.0566084 0.984299 160 162 161
3.0525 1.1325 0.442431 0.169371 -0.0702738 0.983044 160 162 161
3.0525 1.13355 0.4425 0.144968 -0.0637399 0.987381 160 162 161
3.0525 1.1475 0.443386 0.151897 -0.0589563 0.986636 161 163 162
3.0525 1.1625 0.444397 0.146638 0.00455363 0.98918 161 163 162
3.0525 1.16739 0.4425 0.147785 0.343249 0.927545 161 163 162
3.0525 1.1775 0.438843 -0.00187648 0.126907 0.991913 161 163 162
3.0525 1.1925 0.439677 0.150662 -0.0692771 0.986155 162 162 160
3.0675 0.9675 0.451499 0.0629716 0.137644 0.988478 161 161 161
3.0675 0.9825 0.448507 0.106188 0.102915 0.989006 161 161 161
3.05884 0.9975 0.4575 0.778222 -0.349396 0.521818 167 165 163
3.0675 0.9975 0.447375 0.452322 -0.263073 0.852172 161 161 161
3.05448 0.9975 0.4725 0.946456 0.0584943 0.31749 170 167 165
3.0675 1.00632 0.4575 0.465799 -0.703978 0.53614 168 165 162
3.0675 1.01089 0.4725 0.1771 -0.933938 0.310477 172 168 164
3.05923 1.0125 0.4725 -0.373351 0 0.92769 173 168 165
3.0675 1.0125 0.475395 0 0 1 175 171 168
3.0675 1.02052 0.4725 0.327757 0.379623 0.865137 173 169 165
3.0675 1.0275 0.469064 0.19426 -0.0835707 0.977384 172 169 165
3.0675 1.0425 0.465514 -0.277989 0.402829 0.872038 172 168 164
3.0675 1.05689 0.4575 -0.268099 0.375629 0.887145 169 166 163
3.0675 1.0575 0.457169 -0.187072 0.266602 0.945477 168 166 163
3.0675 1.0725 0.45271 -0.195773 0.325946 0.924896 170 169 168
3.0675 1.0875 0.446427 -0.158761 0.296206 0.941837 167 168 167
3.0675 1.1025 0.443351 0.0496814 0.0878106 0.994898 169 169 168
3.05636 1.1175 0.4425 -0.253695 0.353162 0.900509 161 161 161
3.0675 1.1175 0.445704 0.0712806 0.0777866 0.994419 163 163 162
3.0675 1.12531 0.4425 -0.0120008 0.362443 0.931929 160 162 161
3.0675 1.1325 0.439902 0.0129365 0.063609 0.997891 160 162 161
3.05866 1.1475 0.4425 0.15079 -0.0636393 0.986515 161 163 162
3.0675 1.1475 0.441196 0.159924 -0.0664566 0.98489 161 163 162
3.06529 1.1625 0.4425 0.163655 0.0507128 0.985213 161 163 162
3.0675 1.1625 0.441906 0.0821393 0.020798 0.996404 161 163 162
3.0675 1.16748 0.4425 0.190095 -0.0982978 0.976832 161 163 162
3.06534 1.1775 0.4425 -0.28408 -0.0341193 0.958193 161 163 162
3.0675 1.1775 0.443117 0 0 1 161 163 162
3.0675 1.17919 0.4425 -0.181482 0.334969 0.924587 161 163 162
3.0675 1.1925 0.437681 -0.0146194 0.0935454 0.995508 162 162 161
3.0825 0.9675 0.446815 0.25524 0.00378951 0.96687 168 168 168
3.0825 0.9825 0.449972 0.0878654 0.00125837 0.996132 162 162 162
3.0825 0.9975 0.446587 -0.032406 0.134002 0.990451 162 162 162
3.07329 1.0125 0.4575 0.836876 -0.21476 0.503505 169 166 163
3.0825 1.0125 0.446563 0.36723 -0.188106 0.910911 162 162 162
3.06889 1.0125 0.4725 0.940903 -0.0019678 0.33867 174 170 167
3.07334 1.0275 0.4575 0.854521 -0.171887 0.490151 167 165 163
3.0825 1.0275 0.447865 0.536615 -0.243069 0.808061 161 161 162
3.0825 1.02579 0.4725 0 -1 0 175 173 170
3.07361 1.0275 0.4725 -1 0 0 173 170 166
3.0825 1.0275 0.469256 0 0 -1 170 168 166
3.0825 1.0275 0.476135 0 0 1 177 176 173
3.0825 1.03684 0.4575 0.642946 -0.632549 0.431859 166 165 164
3.0825 1.03818 0.4725 9.27276e-17 1 0 175 172 169
3.0825 1.0425 0.470163 0.150699 -0.145415 0.977826 175 172 169
3.06985 1.0575 0.4575 -0.218058 0.4179 0.881936 169 166 163
3.0825 1.0575 0.460871 -0.392382 0.446265 0.804291 170 168 166
3.0825 1.06723 0.4575 -0.221399 0.261742 0.939401 169 168 166
3.0825 1.0725 0.456505 -0.244689 0.297293 0.9229 170 169 167
3.0825 1.0875 0.450585 -0.243456 0.382643 0.891243 170 169 167
3.0825 1.10237 0.4425 0.0491371 0.475776 0.878193 168 169 166
3.08178 1.1025 0.4425 0.15341 -0.062644 0.986175 168 169 166
3.0825 1.1025 0.442473 -0.0442922 0.0391531 0.998251 168 168 165
3.08077 1.1175 0.4425 0.242807 0.152027 0.958088 169 168 166
3.0825 1.1175 0.441902 -0.0191661 0.0592079 0.998062 169 169 166
3.0825 1.12021 0.4425 0.0741941 -0.187082 0.979539 168 168 166
3.07662 1.1325 0.4425 -0.299063 -0.0290659 0.953791 160 162 161
3.0825 1.1325 0.444508 0 0 1 161 163 162
3.0825 1.13711 0.4425 -0.0314856 0.369304 0.928775 160 162 161
3.0825 1.1475 0.438623 -0.00961489 0.0873737 0.996129 160 162 161
3.0825 1.1625 0.439572 0.148959 -0.0263331 0.988493 160 162 161
3.07113 1.1775 0.4425 0.250544 0.18307 0.950638 161 163 161
3.0825 1.1775 0.439161 0.128353 -0.00193925 0.991727 161 161 159
3.0825 1.1925 0.441496 -0.0289816 0.0239278 0.999294 162 162 160
3.0975 0.9675 0.445757 -0.0543024 0.164294 0.984916 167 168 167
3.0975 0.9825 0.44567 0.161333 -0.109158 0.980845 168 168 168
3.0975 0.9975 0.449006 0.0364437 0.0235451 0.999058 163 163 163
3.0975 1.0125 0.44478 -0.0483422 0.133777 0.989832 162 162 162
3.0975 1.0275 0.445277 0.138698 -0.0626509 0.988351 161 162 164
3.08423 1.0275 0.4725 1 -9.93962e-18 0 175 173 170
3.08806 1.0425 0.4575 0.653025 -0.666317 0.359972 168 167 165
3.0975 1.0425 0.446698 0.444634 -0.388661 0.806997 160 161 161
3.0975 1.05186 0.4575 0.646941 -0.636797 0.419473 170 169 168
3.0975 1.0575 0.472274 0.380354 -0.0931494 0.920138 174 173 171
3.08743 1.0725 0.4575 -0.338335 0.32 0.884946 170 169 168
3.0975 1.0725 0.461906 -0.347349 0.185603 0.919184 172 172 170
3.0975 1.08176 0.4575 -0.492893 0.38596 0.779802 172 171 168
3.0975 1.0875 0.456207 -0.344082 0.356684 0.868553 172 170 167
3.0827 1.1025 0.4425 -0.352786 0.377722 0.856077 168 169 166
3.0975 1.1025 0.448634 -0.366378 0.406376 0.837034 170 170 167
3.09504 1.1175 0.4425 -0.166732 0.177387 0.969915 169 169 167
3.0975 1.1175 0.442739 -0.275215 0.333793 0.901576 170 169 167
3.0975 1.11866 0.4425 -0.0991637 0.11988 0.987823 169 168 167
3.0924 1.1325 0.4425 0.232726 -1.29999e-17 0.972542 160 162 161
3.0975 1.1325 0.440919 0.0142519 0.0825016 0.996489 160 162 161
3.0975 1.14655 0.4425 0.270538 -0.10724 0.956718 160 162 161
3.09727 1.1475 0.4425 -0.255293 -0.100314 0.961646 160 162 161
3.0975 1.1475 0.44258 0 0 1 160 162 161
3.0975 1.14766 0.4425 -0.231157 0.331514 0.914694 160 162 161
3.0975 1.1625 0.437124 0.0222748 0.105829 0.994135 160 162 161
3.0975 1.1775 0.437735 0.104228 -0.010499 0.994498 162 161 159
3.0975 1.1925 0.437137 0.154896 -0.0677247 0.985607 163 162 160
3.1125 0.9675 0.448084 0.190158 0.0922472 0.97741 173 174 174
3.1125 0.9825 0.444948 0.127159 0.0328893 0.991337 169 169 169
3.1125 0.9975 0.445309 0.125073 -0.111328 0.985882 169 169 169
3.1125 1.0125 0.448354 0.00443291 0.0739431 0.997253 161 163 165
3.1125 1.0275 0.443672 -0.0680434 0.102343 0.992419 164 165 167
3.1125 1.0425 0.444238 0.0895085 -0.0233654 0.995712 161 162 164
3.10319 1.0575 0.4575 0.558212 -0.559899 0.612301 170 169 168
3.1125 1.0575 0.445388 0.45457 -0.411544 0.789935 161 162 164
3.1125 1.06717 0.4575 0.661112 -0.644749 0.383705 169 169 169
3.1125 1.07133 0.4725 0.125057 -0.809305 0.573922 189 189 188
3.10734 1.0725 0.4725 -0.642974 0.19839 0.739747 184 185 183
3.1125 1.0725 0.474413 0 0 1 191 191 189
3.10234 1.0875 0.4575 -0.453149 0.44112 0.774641 173 172 168
3.1125 1.0785 0.4725 -0.379679 0.557255 0.738452 186 187 185
3.1125 1.0875 0.463604 0.00169821 -0.125128 0.992139 176 177 174
3.1125 1.10137 0.4575 -0.57737 0.338128 0.743178 175 175 172
3.1125 1.1025 0.45725 -0.431939 0.447174 0.78324 175 175 172
3.1125 1.1175 0.447671 -0.401986 0.388456 0.829161 172 170 169
3.1125 1.13194 0.4425 -0.206996 0.225657 0.951962 171 169 167
3.1125 1.1325 0.442426 -0.0628255 0.308095 0.949279 171 169 167
3.09784 1.1475 0.4425 0.265856 0.307944 0.913505 160 162 161
3.1125 1.1475 0.438194 0.0916316 0.109788 0.989722 160 162 161
3.1125 1.1625 0.439643 0.0211758 0.0383599 0.99904 162 162 161
3.1125 1.1775 0.435713 0.00195814 0.0807626 0.996731 163 162 161
3.1125 1.1925 0.437048 0.0756791 -0.0195774 0.99694 163 162 160
3.12084 0.9675 0.4425 0.527016 0.174954 0.831652 177 178 178
3.11609 0.9825 0.4425 0.480742 -0.18063 0.858056 170 171 170
3.1275 0.9675 0.437858 0.0639669 0.207567 0.976127 180 182 181
3.1275 0.9825 0.436844 0.286386 -0.0990607 0.95298 178 180 178
3.1275 0.993706 0.4425 0.419367 -0.429961 0.799541 169 173 174
3.1275 0.9975 0.445218 0.130348 -0.148652 0.980261 169 173 176
3.1275 1.0125 0.445234 0.057014 -0.05616 0.996793 172 174 176
3.1275 1.0275 0.446061 -0.00980801 0.117352 0.993042 172 173 175
3.1275 1.04218 0.4425 0.10212 0.237097 0.966104 163 164 166
3.12653 1.0425 0.4425 0.124695 -0.0791958 0.989029 163 164 166
3.1275 1.0425 0.442384 0 0 1 163 164 166
3.1275 1.04422 0.4425 -0.058319 -0.0881024 0.994403 163 164 166
3.1275 1.0575 0.443727 0.0122082 -0.0613945 0.998039 164 168 171
3.11789 1.0725 0.4575 0.737294 -0.380457 0.558257 171 172 172
3.1275 1.0725 0.44471 0.413677 -0.487035 0.7692 164 165 167
3.11346 1.0725 0.4725 0.952106 0.147382 0.267903 190 190 188
3.1275 1.08177 0.4575 0.354028 -0.748753 0.560387 172 174 173
3.1275 1.08618 0.4725 0.0784325 -0.958525 0.274003 195 196 196
3.12023 1.0875 0.4725 -0.640692 0.171102 0.74849 188 189 188
3.1275 1.0875 0.475231 0 0 1 195 196 195
3.11325 1.1025 0.4575 -0.516369 0.578037 0.631851 176 176 173
3.1275 1.09901 0.4725 -0.429334 0.424773 0.797019 197 197 196
3.1275 1.1025 0.469347 0.140275 -0.152823 0.978247 194 194 193
3.1275 1.11455 0.4575 -0.581973 0.552317 0.59687 176 175 175
3.1275 1.1175 0.456334 -0.462878 0.385017 0.79844 174 173 173
3.11291 1.1325 0.4425 -0.395647 0.500172 0.770254 171 169 167
3.1275 1.1325 0.450038 -0.446149 0.459069 0.768249 173 173 171
3.1275 1.13719 0.4425 -0.426975 0.582824 0.691382 169 169 168
3.1275 1.1475 0.4378 -0.155893 0.301618 0.940598 162 163 164
3.1275 1.1625 0.43543 0.100523 0.0232343 0.994663 163 164 163
3.1275 1.1775 0.437512 0.107699 0.0735481 0.991459 164 163 163
3.1275 1.1925 0.434799 0.10219 7.88548e-05 0.994765 164 163 162
2.6625 0.9675 0.483188 0.108527 -0.000644863 0.994093 154 158 161
2.6625 0.9825 0.483025 0.0899095 0.0371686 0.995256 154 158 161
2.6625 0.9975 0.482232 0.0748352 0.0273418 0.996821 154 158 161
2.6625 1.0125 0.481887 0.0239171 0.114911 0.993088 155 159 162
2.6625 1.0275 0.477408 0.0201074 0.198461 0.979903 155 159 162
2.6625 1.0425 0.477435 0.120964 0.0604456 0.990815 155 159 162
2.6625 1.0575 0.475672 0.113998 0.0872572 0.989642 155 159 162
2.6625 1.0725 0.474486 0.143993 0.101102 0.984401 156 160 163
2.6625 1.0875 0.472511 0.209847 0.0461427 0.976645 156 160 163
2.6625 1.1025 0.473365 0.124235 0.0828038 0.988792 157 161 164
2.6625 1.10772 0.4725 0.047615 0.197661 0.979113 157 161 164
2.6775 0.9675 0.481731 0.0994396 0.01014 0.994992 154 158 161
2.6775 0.9825 0.481302 0.10007 0.0173496 0.994829 154 158 161
2.6775 0.9975 0.480741 0.0861202 0.022934 0.996021 154 158 161
2.6775 1.0125 0.481086 0.0876825 0.00971883 0.996101 155 159 162
2.6775 1.0275 0.480467 -0.0716141 0.193006 0.978581 155 159 162
2.6775 1.0425 0.474847 -0.0676878 0.172452 0.982689 156 160 163
2.6775 1.0575 0.473872 0.0709857 0.142626 0.987228 156 160 163
2.6775 1.0679 0.4725 0.130877 0.120242 0.98408 156 160 163
2.674 1.0725 0.4725 0.0978086 0.0663506 0.992991 156 160 163
2.6775 1.0725 0.472139 0.0666145 0.0516507 0.996441 156 160 163
2.66274 1.0875 0.4725 0.0795298 0.0291295 0.996407 156 160 163
2.6775 1.0875 0.472169 0.0725281 0.0446358 0.996367 157 161 164
2.66589 1.1025 0.4725 0.185558 0.0410244 0.981777 157 161 164
2.6775 1.1025 0.470458 0.0751618 0.0594496 0.995398 157 161 164
2.6775 1.1175 0.470281 0.077226 0.0418345 0.996136 158 162 165
2.6625 1.1175 0.471293 0.11945 0.0634678 0.99081 158 162 165
2.6925 0.9675 0.480081 0.0402183 -0.0056984 0.999175 155 159 162
2.6925 0.9825 0.47954 0.100952 0.0122158 0.994816 154 158 161
2.6925 0.9975 0.480113 0.0944749 0.0099138 0.995478 155 159 161
2.6925 1.0125 0.479265 0.0930951 0.0227269 0.995398 155 159 161
2.6925 1.0275 0.479281 0.0998348 0.0238229 0.994719 156 160 163
2.6925 1.0425 0.478489 -0.067045 0.192812 0.978943 156 160 163
2.6925 1.0572 0.4725 0.0821676 0.380275 0.921216 156 160 163
2.69046 1.0575 0.4725 0.0883036 0.120706 0.988753 156 160 163
2.6925 1.0575 0.472366 0.0102382 0.102569 0.994673 156 160 163
2.6925 1.0725 0.471789 0.0575658 0.0690635 0.99595 157 161 164
2.6925 1.0875 0.47001 0.0776033 0.049661 0.995747 157 161 164
2.6925 1.1025 0.470121 0.0699536 0.0381741 0.99682 157 161 164
2.6925 1.1175 0.468985 0.0488266 0.0688908 0.996429 158 162 165
2.6925 1.1325 0.468027 0.0886741 0.0701551 0.993587 159 163 166
2.6775 1.1325 0.469074 0.0694343 0.0799909 0.994374 159 163 166
2.7075 0.9675 0.482545 0.102037 -0.112772 0.988368 155 159 162
2.7075 0.9825 0.478659 -0.00128908 0.133261 0.99108 155 159 160
2.7075 0.9975 0.477917 0.103188 0.00677577 0.994639 155 159 160
2.7075 1.0125 0.478133 0.0920803 0.0190488 0.995569 155 159 161
2.7075 1.0275 0.477398 0.0866162 0.0251235 0.995925 156 160 162
2.7075 1.0425 0.477415 0.0921278 0.0159305 0.99562 156 160 163
2.69288 1.0575 0.4725 -0.276819 0.374393 0.884986 156 160 163
2.7075 1.0575 0.477066 -0.0521445 0.255615 0.965371 157 161 164
2.7075 1.06777 0.4725 -0.101621 0.417019 0.903199 157 161 164
2.7075 1.0725 0.470147 0.0726146 0.135879 0.988061 157 161 164
2.7075 1.0875 0.469659 0.0686005 0.0609817 0.995779 157 161 164
2.7075 1.1025 0.468477 0.0841313 0.0331956 0.995902 157 161 164
2.7075 1.1175 0.46879 0.0740478 0.037564 0.996547 158 162 165
2.7075 1.1325 0.466934 0.0193816 0.106378 0.994137 158 162 166
2.7075 1.1475 0.465311 0.0751075 0.0730401 0.994497 158 162 166
2.6925 1.1475 0.467477 0.142789 0.036244 0.989089 159 162 167
2.7225 0.9675 0.475672 0.207501 -0.171368 0.963108 156 160 161
2.7225 0.9825 0.478986 0.110167 0.0249236 0.993601 155 159 160
2.7225 0.9975 0.47668 0.0385668 0.0793703 0.996099 155 159 160
2.7225 1.0125 0.476545 0.0975293 -0.0021949 0.99523 156 160 161
2.7225 1.0275 0.47671 0.0764188 0.0221163 0.99683 156 160 162
2.7225 1.0425 0.475861 0.0749787 0.0286171 0.996774 157 161 164
2.7225 1.0575 0.475877 0.0459537 0.111281 0.992726 157 161 164
2.7225 1.06453 0.4725 -0.0217948 0.422512 0.906095 157 161 164
2.7225 1.0725 0.468839 -0.0541411 0.240614 0.96911 157 161 164
2.7225 1.0875 0.46811 0.0932927 0.0352731 0.995014 157 161 164
2.7225 1.1025 0.467718 0.065836 0.0531361 0.996415 157 161 164
2.7225 1.1175 0.466344 0.0909059 0.024462 0.995559 158 162 165
2.7225 1.1325 0.467173 0.0748806 0.0336725 0.996624 158 162 165
2.7225 1.1475 0.465458 -0.0133253 0.12158 0.992492 158 162 165
2.7225 1.1625 0.463178 0.0644057 0.0862656 0.994188 159 163 166
2.7075 1.1625 0.465879 0.177063 -0.0371862 0.983497 159 163 166
2.7375 0.9675 0.474411 0.117625 -0.113757 0.986521 155 160 161
2.7375 0.9825 0.477093 0.165286 -0.104135 0.980732 155 159 160
2.7375 0.9975 0.476706 0.0916441 0.0899199 0.991724 156 160 161
2.7375 1.0125 0.475157 0.104391 0.0311621 0.994048 156 160 161
2.7375 1.0275 0.47508 0.112449 -0.00231302 0.993655 156 160 161
2.7375 1.0425 0.475186 0.0860766 0.0272368 0.995916 157 161 164
2.7375 1.0575 0.474252 0.0773203 0.0382941 0.996271 157 161 164
2.73383 1.0725 0.4725 -0.286915 0.408127 0.866667 157 161 164
2.7375 1.0725 0.473737 0.0624505 0.107293 0.992264 157 161 164
2.7375 1.07507 0.4725 -0.139467 0.41496 0.899087 157 161 164
2.7375 1.0875 0.466788 -0.0810024 0.190411 0.978357 157 161 164
2.7375 1.1025 0.466329 0.0877928 0.0260476 0.995798 157 161 164
2.7375 1.1175 0.466243 0.0643831 0.051663 0.996587 158 162 165
2.7375 1.1325 0.464808 0.0906363 0.0197889 0.995687 158 162 165
2.7375 1.1475 0.465394 0.0747897 0.0295077 0.996763 158 162 165
2.7375 1.1625 0.463982 -0.0381482 0.153478 0.987415 159 163 166
2.7375 1.1775 0.460367 0.0448007 0.112437 0.992648 160 164 167
2.7225 1.1775 0.464279 0.251772 -0.0708628 0.965189 159 163 166
2.7525 0.9675 0.47662 -0.011792 -0.0907397 0.995805 156 160 161
2.7525 0.9825 0.473039 0.00279517 0.015655 0.999874 155 159 160
2.7525 0.9975 0.474692 0.117452 0.0530352 0.991661 156 160 161
2.7525 1.0125 0.472709 0.152378 0.0674898 0.986015 156 160 161
2.7525 1.0275 0.473274 0.129093 -0.0119058 0.991561 157 161 162
2.7525 1.0425 0.47326 0.117454 -0.00408416 0.99307 157 161 162
2.7525 1.0575 0.473304 0.0972372 0.0376157 0.99455 157 161 164
2.7525 1.06477 0.4725 0.161498 0.132186 0.97798 157 161 164
2.7461 1.0725 0.4725 0.162914 0.341331 0.925717 157 161 164
2.7525 1.0725 0.471067 0.0566899 0.0739548 0.995649 157 161 164
2.7525 1.0875 0.471997 -0.0904101 0.153973 0.98393 157 161 164
2.7525 1.1025 0.465313 -0.0927324 0.220228 0.97103 157 161 163
2.7525 1.1175 0.464441 0.0839219 0.033514 0.995909 158 162 164
2.7525 1.1325 0.46419 0.0660075 0.0416687 0.996949 158 162 165
2.7525 1.1475 0.463269 0.0844372 0.00949582 0.996384 158 162 164
2.7525 1.1625 0.463972 0.0729968 0.0357738 0.99669 158 162 165
2.7525 1.1775 0.462319 -0.0661929 0.180137 0.981412 159 163 166
2.7525 1.1925 0.458069 -0.0568253 0.0702835 0.995907 160 164 167
2.7375 1.1925 0.462251 0.266569 -0.120111 0.956302 160 164 167
2.75801 0.9675 0.4725 0.52236 -0.489401 0.698303 157 160 162
2.7675 0.977712 0.4725 0.518523 -0.489004 0.701433 157 160 162
2.7675 0.9675 0.465434 0.246478 -0.205603 0.947088 158 161 163
2.7675 0.9825 0.475883 0.12342 -0.0117085 0.992285 157 160 162
2.7675 0.99593 0.4725 0.408383 0.24925 0.878122 156 160 161
2.76226 0.9975 0.4725 0.127718 0.082936 0.988337 156 160 161
2.7675 0.9975 0.47178 0.03683 0.0722356 0.996707 156 160 161
2.75592 1.0125 0.4725 0.0813822 0.00724837 0.996657 156 160 161
2.7675 1.0125 0.471846 0.0981991 0.0148409 0.995056 157 161 162
2.75831 1.0275 0.4725 0.117062 -0.0188248 0.992946 157 161 162
2.7675 1.0275 0.471326 0.101651 -0.00170034 0.994819 157 161 162
2.76071 1.0425 0.4725 0.124098 0.0170518 0.992123 157 161 162
2.7675 1.0425 0.471852 0.107252 0.0226244 0.993974 157 161 162
2.75854 1.0575 0.4725 0.192136 0.0967616 0.976586 157 161 163
2.7675 1.0575 0.470493 0.117359 0.0711065 0.990541 157 161 162
2.7675 1.0725 0.470235 0.11071 0.0610896 0.991973 157 161 164
2.7675 1.0875 0.46867 0.150937 0.0398394 0.98774 157 161 162
2.7675 1.1025 0.468441 -0.00497403 0.179052 0.983827 157 161 162
2.7675 1.1175 0.463602 -0.066743 0.175321 0.982246 158 162 164
2.7675 1.1325 0.462904 0.0663455 0.0221154 0.997552 158 162 164
2.7675 1.1475 0.462921 0.0593968 0.0434396 0.997289 158 162 164
2.7675 1.1625 0.461912 0.0999012 0.0248695 0.994687 158 162 164
2.7675 1.1775 0.461993 0.083461 0.0296769 0.996069 159 163 165
2.7675 1.1925 0.460895 -0.0457486 0.126113 0.99096 160 164 166
2.7675 1.20396 0.4575 0.155355 0.285057 0.945837 160 164 167
2.76322 1.2075 0.4575 0.25265 0.304869 0.918272 160 164 167
2.7525 1.2075 0.460451 0.0318839 0.0638196 0.997452 161 165 168
2.77211 0.9825 0.4725 0.592767 9.9852e-18 0.805374 157 160 162
2.7825 0.9675 0.466311 0.276098 -0.234598 0.932059 159 162 164
2.7825 0.9825 0.464843 0.164377 -0.237265 0.957437 158 161 163
2.7825 0.994061 0.4725 -0.0354626 -0.527323 0.848924 157 161 162
2.76973 0.9975 0.4725 -0.189309 -0.298771 0.93536 156 160 161
2.7825 0.9975 0.474852 -0.0665281 0.0168607 0.997642 157 161 162
2.7825 1.00647 0.4725 -0.221098 0.313392 0.923526 156 160 161
2.7825 1.0125 0.469929 -0.0150366 0.139575 0.990097 156 160 161
2.7825 1.0275 0.469944 0.116976 0.00675956 0.993112 157 161 162
2.7825 1.0425 0.469958 0.118266 0.00337549 0.992976 157 161 162
2.7825 1.0575 0.469438 0.0737134 0.0643764 0.995199 157 161 162
2.7825 1.0725 0.467802 0.0805242 0.0897602 0.992703 158 160 162
2.7825 1.0875 0.466829 0.119633 0.0707521 0.990294 157 161 162
2.7825 1.1025 0.465856 0.148777 0.0288631 0.988449 157 161 162
2.7825 1.1175 0.466297 0.0586954 0.157603 0.985757 157 161 162
2.7825 1.1325 0.462179 0.0345241 0.111855 0.993125 158 162 163
2.7825 1.1475 0.461796 0.0775644 0.0369636 0.996302 159 163 164
2.7825 1.1625 0.460782 0.0597659 0.0577955 0.996538 159 163 164
2.7825 1.1775 0.459683 0.0905988 0.0194515 0.995697 159 163 164
2.7825 1.1925 0.460687 0.0902374 0.00464114 0.995909 160 164 166
2.79435 0.9675 0.4575 0.526292 -0.480676 0.701404 160 162 165
2.7975 0.970922 0.4575 0.073485 -0.562013 0.823858 160 162 165
2.7975 0.9675 0.455036 0.127451 -0.144446 0.98127 160 162 165
2.7975 0.9825 0.46567 0.200326 -0.35152 0.914496 160 162 165
2.7975 0.995709 0.4725 0.31779 -0.447972 0.835662 157 161 162
2.7975 0.9975 0.473708 0.127824 -0.163983 0.978146 157 160 162
2.79107 1.0125 0.4725 -0.207453 0.293705 0.933113 156 160 161
2.7975 1.0125 0.473719 0.0580192 0.0580456 0.996627 156 160 162
2.7975 1.01701 0.4725 -0.0525976 0.376514 0.924917 156 160 161
2.7975 1.0275 0.468026 -0.0530464 0.155515 0.986408 157 161 161
2.7975 1.0425 0.467875 0.121078 -0.00686839 0.992619 157 161 162
2.7975 1.0575 0.468055 0.0977325 0.00492514 0.995201 157 161 162
2.7975 1.0725 0.467905 0.0262924 0.0825769 0.996238 158 160 162
2.7975 1.0875 0.465243 0.0348716 0.143361 0.989056 158 160 162
2.7975 1.1025 0.46427 0.131086 0.0696171 0.988924 157 161 162
2.7975 1.1175 0.462934 0.135129 0.0748841 0.987994 158 162 163
2.7975 1.1325 0.46074 0.07957 0.11881 0.989724 158 162 163
2.7975 1.1475 0.460302 0.0815454 0.0323771 0.996144 159 163 164
2.7975 1.1625 0.459739 0.0712454 0.022639 0.997202 159 163 164
2.7975 1.1775 0.459755 0.0284342 0.0546835 0.998099 159 163 164
2.7975 1.1925 0.458105 0.0632528 0.00119625 0.997997 159 163 164
2.8125 0.970874 0.4575 0.301305 -0.521657 0.798179 161 163 166
2.8125 0.9675 0.455159 0.114813 -0.438458 0.891388 162 164 167
2.8125 0.9825 0.464905 0.174066 -0.309384 0.93487 160 163 166
2.79919 0.9975 0.4725 0.389667 -0.284846 0.875798 157 161 162
2.8125 0.9975 0.462934 0.230284 -0.260023 0.93774 158 162 164
2.80929 1.0125 0.4725 0.137611 0.0119217 0.990415 157 161 160
2.8125 1.0125 0.471635 0.200082 -0.184714 0.96221 157 161 160
2.8125 1.01975 0.4725 0.18292 -0.108509 0.977121 157 161 160
2.81083 1.0275 0.4725 -0.325874 -0.0503679 0.944071 157 161 160
2.8125 1.0275 0.473025 6.96647e-18 0 1 157 161 160
2.8125 1.02871 0.4725 -0.215308 0.409542 0.88652 157 161 160
2.8125 1.0425 0.46612 0.0755543 0.165301 0.983345 157 161 161
2.8125 1.0575 0.466671 0.11895 -0.0173559 0.992749 159 160 162
2.8125 1.0725 0.466685 0.103554 0.00560635 0.994608 159 160 162
2.8125 1.0875 0.466485 -0.0135714 0.136293 0.990576 158 160 162
2.8125 1.1025 0.461682 -0.0110235 0.196209 0.9805 158 161 162
2.8125 1.1175 0.460937 0.140692 0.0461962 0.988975 158 162 163
2.8125 1.1325 0.460735 0.0919446 0.0597768 0.993968 160 164 164
2.8125 1.1475 0.459315 0.0569921 0.0514729 0.997047 159 163 164
2.8125 1.1625 0.458773 0.0623398 0.0201886 0.997851 160 164 165
2.8125 1.1775 0.458838 0.073334 0.0164672 0.997171 159 163 164
2.8125 1.1925 0.458275 0.0513499 0.034231 0.998094 159 163 164
2.8125 1.20266 0.4575 0.102083 0.0754137 0.991913 160 164 166
2.82256 0.9825 0.4575 0.526403 -0.474089 0.70579 160 164 167
2.8275 0.9675 0.454687 0.158366 -0.0942783 0.982869 162 165 169
2.8275 0.9825 0.453698 0.163346 -0.174379 0.971036 160 164 168
2.8275 0.987892 0.4575 0.125129 -0.552938 0.823773 160 164 167
2.8275 0.9975 0.464178 0.158011 -0.254559 0.954061 161 165 167
2.8275 1.0125 0.468222 0.198829 -0.227948 0.953156 158 161 160
2.81592 1.0275 0.4725 0.229027 0.26284 0.937263 157 161 160
2.8275 1.0275 0.46938 0.171445 0.112822 0.978712 157 161 160
2.8275 1.0425 0.464486 0.0315018 0.170243 0.984898 159 161 162
2.8275 1.0575 0.4645 0.124295 -0.0180633 0.992081 159 160 161
2.8275 1.0725 0.464764 0.11669 -0.00870818 0.99313 159 160 162
2.8275 1.0875 0.464779 0.107806 -0.00454744 0.994162 159 160 161
2.8275 1.1025 0.465063 -0.0659869 0.175753 0.98222 159 162 162
2.8275 1.1175 0.459121 -0.108645 0.189687 0.975815 159 163 162
2.8275 1.1325 0.458146 0.0627401 0.10974 0.991978 159 163 162
2.8275 1.1475 0.458173 0.120478 0.0304815 0.992248 159 163 164
2.8275 1.1625 0.45789 0.0819607 0.0204182 0.996426 159 163 162
2.8275 1.17327 0.4575 0.104497 0.0362933 0.993863 159 163 163
2.82591 1.1775 0.4575 0.0828178 0.020589 0.996352 159 163 164
2.8275 1.1775 0.457342 0.0857377 0.0092813 0.996275 159 163 164
2.82517 1.1925 0.4575 0.0616468 0.0397265 0.997307 160 164 165
2.8275 1.1925 0.457346 0.0722573 0.0211452 0.997162 160 164 165
2.8425 0.9675 0.449119 0.1437 -0.133461 0.980581 167 171 176
2.8425 0.9825 0.453692 0.12111 -0.231666 0.965227 164 168 172
2.8425 0.98934 0.4575 0.284434 -0.503714 0.815702 163 166 168
2.8425 0.9975 0.463213 0.183952 -0.327076 0.926921 165 167 168
2.8425 1.0125 0.463404 0.170318 -0.1016 0.980137 161 164 166
2.8425 1.0275 0.465824 0.228731 -0.0706542 0.970922 158 161 160
2.8425 1.0425 0.465849 0.0613346 0.119778 0.990904 159 161 160
2.8425 1.0575 0.462644 0.0272176 0.0811089 0.996334 159 160 161
2.8425 1.0725 0.463176 0.114744 -0.0196052 0.993202 159 161 160
2.8425 1.0875 0.463393 0.113346 -0.00391973 0.993548 160 162 161
2.8425 1.1025 0.463408 0.114367 -0.00965458 0.993392 160 162 161
2.8425 1.1175 0.463422 -0.0181729 0.235727 0.971649 159 163 162
2.8425 1.13025 0.4575 0.0927084 0.426264 0.899836 159 163 162
2.83124 1.1325 0.4575 0.114292 0.0386557 0.992695 159 163 162
2.8425 1.1325 0.456425 0.0854593 0.0762233 0.993422 159 163 162
2.8314 1.1475 0.4575 0.119109 0.0118674 0.99281 159 163 163
2.8425 1.1475 0.45644 0.076733 0.0160909 0.996922 159 163 162
2.83043 1.1625 0.4575 0.127809 0.0218076 0.991559 159 163 162
2.8425 1.1625 0.455958 0.0880349 0.00524436 0.996104 159 163 162
2.8425 1.1775 0.45643 0.0759727 0.00211947 0.997108 161 162 164
2.8425 1.1925 0.45587 0.0767497 0.0199311 0.996851 160 164 165
2.8575 0.9675 0.448631 -0.0541705 0.152101 0.986879 172 175 180
2.8575 0.9825 0.453734 0.152421 -0.208549 0.966062 168 170 174
2.85024 0.9975 0.4575 0.502171 -0.471975 0.724613 163 165 168
2.8575 0.9975 0.453138 0.200237 -0.15843 0.966853 164 167 171
2.8575 1.00527 0.4575 0.483542 -0.450846 0.750283 163 165 167
2.8575 1.0125 0.46251 0.262589 -0.212621 0.94119 168 170 172
2.8575 1.0275 0.462574 0.0827235 -0.0750992 0.993739 164 166 167
2.8575 1.0425 0.463076 0.088674 0.0272875 0.995687 159 161 160
2.8575 1.0575 0.46345 0.0770218 0.0640396 0.994971 159 161 160
2.8575 1.0725 0.461455 0.0542724 0.0572491 0.996884 159 161 160
2.8575 1.0875 0.46147 0.124305 0.000615532 0.992244 160 162 161
2.8575 1.1025 0.461347 0.127046 -0.0160414 0.991767 160 162 161
2.8575 1.1175 0.461879 0.048151 0.107783 0.993008 160 162 161
2.8575 1.12726 0.4575 0.012062 0.419468 0.90769 160 162 161
2.8575 1.1325 0.454991 -0.0152108 0.165256 0.986133 160 162 161
2.8575 1.1475 0.455486 0.103792 -0.00535677 0.994585 159 163 162
2.8575 1.1625 0.455021 0.0779048 0.0172363 0.996812 159 163 162
2.8575 1.1775 0.454942 0.093881 0.00216564 0.995581 161 162 164
2.8575 1.1925 0.454957 0.0900291 0.011085 0.995877 162 164 166
2.8725 0.9675 0.452069 -0.116432 0.31617 0.941531 181 185 190
2.8725 0.9825 0.446989 0.152665 -0.0112329 0.988214 173 176 182
2.8725 0.9975 0.452832 0.266507 -0.197558 0.943369 174 177 180
2.86423 1.0125 0.4575 0.503613 -0.463038 0.729362 165 168 170
2.8725 1.0125 0.452524 0.184182 -0.233959 0.954642 168 172 175
2.8725 1.02161 0.4575 0.152238 -0.496563 0.854546 164 167 169
2.8725 1.0275 0.461625 0.188843 -0.22853 0.955046 165 168 168
2.8725 1.0425 0.464875 0.0231358 -0.0135079 0.999641 159 161 160
2.8725 1.0575 0.460632 0.00573889 0.132072 0.991223 160 162 161
2.8725 1.0725 0.461286 0.116326 0.0544728 0.991716 160 162 161
2.8725 1.0875 0.459545 0.0995079 0.0348452 0.994426 160 162 161
2.8725 1.1025 0.459489 0.113395 -0.0112965 0.993486 160 162 161
2.8725 1.1175 0.460111 0.123669 -0.02033 0.992115 160 162 161
2.86471 1.1325 0.4575 -0.292924 0.400163 0.868369 160 162 161
2.8725 1.1325 0.460126 -0.00548401 0.128079 0.991749 160 162 161
2.8725 1.13814 0.4575 -0.294016 0.402796 0.866782 160 162 161
2.8725 1.1475 0.453177 -0.0613481 0.161894 0.984899 160 163 162
2.8725 1.1625 0.453587 0.104781 -0.00441754 0.994485 161 163 163
2.8725 1.1775 0.453602 0.0870349 0.0123326 0.996129 162 163 165
2.8725 1.1925 0.453062 0.0965141 0.00850834 0.995295 162 164 166
2.88538 1.1475 0.4575 -0.292764 0.396488 0.870107 160 162 161
2.6475 0.7275 0.452297 0.0410443 0.150807 0.987711 163 163 164
2.6625 0.7275 0.451057 0.107744 0.097262 0.98941 163 163 166
2.6625 0.7425 0.446017 0.01168 0.133141 0.991028 162 162 164
2.6475 0.7425 0.448318 0.169441 0.0488594 0.984328 163 162 163
2.66054 0.7275 0.4725 -0.999825 -0.0123909 -0.0140446 166 170 173
2.6604 0.7425 0.4725 -0.921288 -0.388827 0.00643322 158 162 165
2.6625 0.7275 0.46822 -0.243031 -0.0182577 -0.969847 166 169 173
2.6625 0.7425 0.467975 -0.209622 -0.0779243 -0.974672 159 162 165
2.6625 0.7275 0.47785 -0.339627 0.00661295 0.940537 170 174 178
2.6625 0.7425 0.476726 -0.246096 -0.0807809 0.965873 161 165 168
2.6625 0.7575 0.447093 0.0537299 -0.0839089 0.995024 161 161 163
2.6475 0.7575 0.449045 0.184137 -0.0377435 0.982176 162 160 162
2.6475 0.755712 0.4725 0.00528667 -0.999505 0.030998 159 161 163
2.6625 0.7575 0.467476 -0.0215896 0.0881369 -0.995874 159 161 164
2.6475 0.7575 0.469359 -0.0698224 -0.196805 -0.977953 159 160 163
2.6625 0.7575 0.476936 -0.0147518 0.0978193 0.995095 158 161 165
2.6475 0.7575 0.476888 0.0529309 -0.192077 0.979951 158 160 163
2.6625 0.7725 0.448967 0.0252247 -0.0542731 0.998207 161 161 163
2.6475 0.7725 0.448976 0.144348 -0.0180266 0.989363 161 161 163
2.6625 0.771604 0.4725 -0.0225327 0.999725 -0.00642398 158 161 164
2.66172 0.7725 0.4725 0.91572 0.357111 -0.184199 158 161 163
2.6475 0.7725 0.468287 0.144396 -0.0231989 -0.989248 158 160 162
2.6475 0.7725 0.476707 0.110405 0.035812 0.993241 157 159 162
2.6625 0.7875 0.449314 0.00654454 -0.0276189 0.999597 162 162 164
2.6475 0.7875 0.449661 0.143696 -0.0359538 0.988969 161 161 163
2.6625 0.775409 0.4725 0.452225 -0.195158 -0.870291 158 161 164
2.6625 0.7875 0.470445 0.274912 -0.0742067 -0.958601 159 161 164
2.6475 0.7875 0.467477 0.121468 -0.0147228 -0.992486 158 160 162
2.6625 0.7875 0.473622 0.242902 -0.0346345 0.969432 158 161 164
2.6475 0.7875 0.47693 0.0973126 -0.00658749 0.995232 157 159 162
2.6625 0.8025 0.449661 0.00969301 0.00965631 0.999906 161 162 166
2.6475 0.8025 0.450413 0.140119 -0.00105444 0.990134 161 161 164
2.6625 0.8025 0.470022 0.247891 -0.046222 -0.967685 158 160 164
2.6475 0.8025 0.467468 -0.044679 0.101671 -0.993814 159 160 162
2.6625 0.8025 0.47362 0.215355 -0.026143 0.976186 158 160 164
2.6475 0.8025 0.477043 -0.0161168 0.0846762 0.996278 158 160 163
2.6625 0.8175 0.448646 0.0286886 0.0410069 0.998747 162 161 166
2.6475 0.8175 0.450159 0.149664 0.052343 0.98735 161 161 164
2.6625 0.8175 0.468669 0.110137 0.117795 -0.986911 158 160 164
2.6475 0.8175 0.470745 -0.124841 0.0945189 -0.987664 158 160 162
2.6625 0.8175 0.474598 0.119118 0.0618855 0.99095 157 160 163
2.6475 0.8175 0.474137 -0.0932355 0.083621 0.992126 158 160 162
2.6625 0.8325 0.448248 -0.13277 0.0116516 0.991078 161 162 166
2.6475 0.8325 0.447876 0.161106 0.0536806 0.985476 161 162 166
2.6625 0.825352 0.4725 0.575272 0.657832 0.486126 157 160 163
2.65388 0.8325 0.4725 0.705313 0.572323 -0.418305 157 160 163
2.6475 0.8325 0.470865 -0.0026608 0.0541879 -0.998527 158 160 163
2.6475 0.8325 0.474118 -0.00144782 0.0584896 0.998287 157 160 163
2.6625 0.845594 0.4425 -0.258524 0.508906 0.821084 162 161 166
2.66149 0.8475 0.4425 0.404556 0.214772 0.888936 162 161 166
2.6475 0.8475 0.448866 0.216542 0.167043 0.961876 162 162 167
2.65051 0.8475 0.4725 0.999637 0.0209951 -0.0168724 157 160 163
2.6475 0.8475 0.471604 0.544686 -0.528824 -0.650894 157 160 163
2.6475 0.8475 0.473174 0.0154677 0.0391966 0.999112 157 160 163
2.65354 0.8625 0.4575 0.894994 -0.438703 0.0807808 159 160 164
2.6475 0.855993 0.4575 0.70963 -0.603588 -0.363464 159 160 164
2.6477 0.8625 0.4725 0.831032 -0.0609347 0.552876 157 159 163
2.6475 0.8625 0.472538 0.0157217 0.0433222 0.998937 157 159 163
2.6625 0.871135 0.4575 0.629878 -0.455063 0.629422 160 161 164
2.6475 0.862722 0.4725 -0.0473993 0.212982 0.975906 157 159 163
2.6625 0.8775 0.467848 0.416819 -0.470853 0.777534 157 160 163
2.6475 0.8775 0.469267 0.167344 -0.0560566 0.984304 158 159 163
2.6625 0.8925 0.469712 0.155984 -0.10439 0.982228 157 159 162
2.6475 0.8925 0.470098 0.0634984 -0.110116 0.991888 158 160 163
2.65642 0.9075 0.4725 0.527524 -0.477856 0.702405 156 159 162
2.6475 0.897015 0.4725 0.290349 -0.500499 0.815597 157 159 162
2.6625 0.9075 0.468887 0.120169 -0.163059 0.979271 157 160 163
2.6475 0.9075 0.479682 0.191092 -0.344975 0.918954 155 158 161
2.6625 0.914016 0.4725 0.0813046 -0.535467 0.840634 156 159 162
2.6625 0.9225 0.479042 0.193292 -0.286899 0.938257 155 159 162
2.6475 0.9225 0.479099 0.175055 -0.226087 0.958249 155 159 162
2.6625 0.9375 0.483898 0.157485 -0.180861 0.970818 153 157 160
2.6475 0.9375 0.484911 0.166117 -0.11721 0.979115 153 157 160
2.6625 0.9525 0.482736 0.0961106 0.0164897 0.995234 154 158 161
2.6475 0.9525 0.484827 0.116469 0.00529663 0.99318 154 158 161
2.6775 0.7275 0.447362 0.167209 -0.00800743 0.985889 165 166 168
2.6775 0.7425 0.448032 0.0669898 0.0294325 0.997319 163 164 166
2.6775 0.7275 0.467997 0.233258 -0.249622 -0.939829 171 175 178
2.6775 0.7425 0.468017 0.00336964 0.016802 -0.999853 163 167 170
2.6775 0.7275 0.478557 0.284415 -0.315735 0.905218 174 179 183
2.6775 0.7425 0.478812 -0.00536244 0.0747394 0.997189 170 175 178
2.6775 0.7575 0.447846 0.000698522 -0.035359 0.999374 163 163 166
2.6775 0.7575 0.468375 0.0336926 -0.0140619 -0.999333 160 163 166
2.6775 0.7575 0.47715 0.0434011 0.0282384 0.998659 164 169 172
2.6775 0.7725 0.448807 0.0267633 -0.0764608 0.996713 162 163 166
2.66321 0.7725 0.4725 -0.495048 0.60379 0.624792 159 161 164
2.6775 0.7725 0.468059 -0.101204 0.202879 -0.97396 161 163 166
2.6775 0.7725 0.477253 -0.0676716 0.212207 0.974879 163 166 169
2.6775 0.7875 0.449328 0.0409133 0.0128608 0.99908 161 162 166
2.6775 0.782112 0.4725 -0.275143 0.849122 -0.450875 160 162 166
2.66655 0.7875 0.4725 0.739404 -0.139441 0.658664 158 161 164
2.6775 0.8025 0.449744 0.115026 -0.00948826 0.993317 161 162 166
2.66861 0.8025 0.4725 0.918473 -0.143053 0.368705 158 160 164
2.6775 0.8175 0.449458 -0.136678 -0.253762 0.957561 161 162 166
2.6711 0.8175 0.4725 0.874386 0.141589 -0.464115 158 160 164
2.6775 0.824132 0.4575 -0.10678 -0.839058 0.533461 159 161 165
2.66765 0.8325 0.4575 -0.778789 -0.0401572 0.625999 160 161 165
2.6775 0.8325 0.471543 -0.630182 0.152281 0.761368 158 161 165
2.66526 0.8475 0.4425 -0.234477 0.510599 0.82723 162 161 166
2.6775 0.840162 0.4575 -0.472132 0.715872 0.514411 160 162 165
2.6775 0.8475 0.445191 -0.20198 0.472263 0.858004 162 161 166
2.6625 0.86104 0.4425 -0.215242 -0.044536 0.975545 163 162 167
2.6775 0.8625 0.445347 0.061746 0.0363539 0.99743 163 164 166
2.6625 0.8625 0.442576 -0.185169 -0.0138128 0.98261 163 162 167
2.66747 0.8775 0.4575 0.720675 -0.601241 0.345162 160 161 164
2.6775 0.889318 0.4575 -0.443956 -0.765841 0.465179 159 161 164
2.6775 0.8925 0.463184 0.229652 -0.37613 0.897656 158 161 164
2.6775 0.9075 0.46984 0.128908 -0.264693 0.955678 157 160 163
2.6775 0.912663 0.4725 0.249957 -0.475641 0.843378 156 159 163
2.6775 0.9225 0.478551 0.166765 -0.309426 0.936186 155 158 161
2.6775 0.9375 0.478149 0.194567 -0.121147 0.973379 156 159 162
2.6775 0.9525 0.481716 0.197056 -0.0946893 0.975809 154 158 161
2.6925 0.7275 0.446387 -0.145612 0.151868 0.977616 165 169 172
2.6925 0.7425 0.445371 -0.0488731 -0.0234502 0.99853 165 166 170
2.68039 0.7275 0.4725 0.720225 -0.688125 0.0880899 179 184 188
2.6925 0.740479 0.4725 -0.114756 -0.992151 0.0496664 182 187 191
2.6925 0.7425 0.467949 -0.150963 -0.0832196 -0.98503 174 178 181
2.6925 0.7425 0.477728 0.0197774 -0.0615084 0.997911 179 183 187
2.6925 0.7575 0.446786 -0.0395281 -0.0387963 0.998465 164 165 169
2.6925 0.7575 0.468952 0.0646806 0.00510107 -0.997893 169 173 176
2.6925 0.7575 0.474922 0.0653502 0.0780055 0.994809 172 176 179
2.6925 0.7725 0.447343 -0.0129049 -0.0743873 0.997146 163 164 168
2.6925 0.7725 0.468099 0.0217154 0.130307 -0.991236 163 165 169
2.6925 0.7725 0.475284 0.0646462 0.0727416 0.995254 166 169 173
2.6925 0.7875 0.449408 -0.0426345 0.0263806 0.998742 163 164 168
2.6925 0.784369 0.4725 -0.144086 0.987223 0.068043 160 164 168
2.6925 0.8025 0.44603 -0.0413519 0.0648972 0.997035 163 164 168
2.6925 0.8175 0.446283 0.148338 -0.317172 0.936695 162 164 168
2.6925 0.826089 0.4575 0.394093 -0.783165 0.480982 160 162 167
2.6925 0.8325 0.472375 0.313885 -0.620142 0.718958 158 161 165
2.68606 0.8475 0.4575 -0.77259 0.593036 0.226746 160 162 165
2.6925 0.8475 0.47133 -0.361944 0.311766 0.878521 158 161 164
2.6925 0.850791 0.4425 -0.716196 0.696663 -0.0415221 161 162 166
2.68411 0.8625 0.4425 0.380704 0.272877 0.883517 163 163 166
2.68705 0.8625 0.4575 -0.986548 0.105453 0.124907 159 160 163
2.6925 0.8625 0.447645 -0.387023 0.11894 -0.914367 160 161 165
2.6925 0.8625 0.466322 -0.342656 0.119716 0.931802 158 159 163
2.6874 0.8775 0.4575 -0.845203 -0.194789 0.497683 159 161 164
2.6925 0.8775 0.466405 -0.243011 -0.0651272 0.967835 158 160 163
2.6925 0.8925 0.463617 0.115203 -0.0194947 0.993151 159 161 164
2.6925 0.9075 0.468672 0.20629 -0.256047 0.944396 157 160 163
2.68581 0.9225 0.4725 0.510404 -0.44127 0.738084 156 159 162
2.6925 0.9225 0.468535 0.209756 -0.151701 0.965914 157 160 163
2.6925 0.930267 0.4725 0.47194 -0.430207 0.769542 156 159 162
2.6925 0.9375 0.477333 0.257729 -0.196378 0.946051 155 159 162
2.6925 0.9525 0.477348 0.0948001 -0.164288 0.981846 155 159 162
2.7075 0.7275 0.449813 -0.210132 0.116002 0.970767 183 187 191
2.7075 0.7425 0.449195 -0.196664 0.0299531 0.980013 179 181 185
2.70329 0.7275 0.4725 -0.995415 0.0849935 0.0438713 187 192 196
2.7075 0.7275 0.464393 -0.405842 0.103702 -0.908041 193 198 201
2.7075 0.7425 0.464748 -0.251713 0.166108 -0.95344 188 192 196
2.7075 0.7275 0.480049 -0.33434 0.0800124 0.93905 180 184 188
2.7075 0.7425 0.480441 -0.0816739 0.129446 0.988217 179 184 188
2.7075 0.7575 0.44984 -0.101394 0.0105478 0.99479 170 172 176
2.7075 0.7575 0.470316 -0.164994 0.200949 -0.965607 180 185 188
2.7075 0.7575 0.475087 -0.126778 0.194796 0.972616 181 185 189
2.7075 0.7725 0.449579 -0.00162917 -0.00774031 0.999969 165 167 171
2.7075 0.7725 0.470117 0.0451165 0.0121822 -0.998907 177 182 185
2.7075 0.7725 0.474581 -0.0186995 0.0398097 0.999032 179 184 187
2.7075 0.7875 0.450089 0.0484951 -0.0378142 0.998107 164 166 171
2.69914 0.7875 0.4725 -0.180401 0.391165 0.902466 165 169 173
2.7075 0.7875 0.471168 -0.0625997 0.141568 -0.987947 171 176 179
2.7075 0.7875 0.473529 -0.0895098 0.110867 0.989796 173 177 181
2.7075 0.8025 0.449816 -0.00495984 0.0678123 0.997686 163 165 170
2.7075 0.790581 0.4725 -0.531768 0.527969 -0.662172 170 174 178
2.7075 0.8175 0.449792 -0.00915316 0.0518859 0.998611 163 164 169
2.69945 0.8325 0.4575 0.660057 -0.648975 0.378359 160 162 166
2.7075 0.8325 0.447475 0.309403 -0.417429 0.854414 162 163 167
2.7075 0.840624 0.4575 0.204522 -0.818175 0.537364 160 161 165
2.7075 0.8475 0.469325 0.267034 -0.24276 0.93261 158 161 165
2.7075 0.861225 0.4425 0.243083 0.4179 -0.875369 161 162 166
2.7075 0.8625 0.442971 0.0476349 0.148084 -0.987827 161 162 166
2.7075 0.8625 0.465283 0.00505237 0.207233 0.978279 159 161 164
2.7075 0.8775 0.443072 -0.0287549 -0.0207239 -0.999372 163 164 168
2.6925 0.8775 0.446509 -0.22278 -0.0735859 -0.972088 162 163 167
2.7075 0.8775 0.464363 0.0945766 0.0671231 0.993252 159 161 164
2.7075 0.8925 0.463134 0.0718422 0.145314 0.986774 158 161 164
2.7075 0.9075 0.460072 0.234932 -0.18753 0.95375 159 161 165
2.7075 0.9225 0.46798 0.29159 -0.207013 0.933874 156 160 163
2.69931 0.9375 0.4725 0.486267 -0.450699 0.748609 156 160 163
2.7075 0.9375 0.467996 0.179761 -0.224175 0.957826 157 160 164
2.7075 0.946456 0.4725 0.15233 -0.476644 0.865798 156 159 163
2.7075 0.9525 0.476548 0.214169 -0.283515 0.934746 155 159 162
2.7225 0.7275 0.455503 -0.224416 0.112788 0.967944 208 213 217
2.7225 0.7425 0.452335 -0.207287 0.132835 0.96922 192 195 200
2.7225 0.7275 0.459343 -0.157337 0.0991165 -0.982558 206 211 215
2.7225 0.7425 0.461731 -0.0980183 0.106534 -0.989466 194 197 202
2.7225 0.7275 0.48322 -0.0817906 0.183118 0.979683 180 185 188
2.7225 0.7425 0.478881 -0.0215653 0.113945 0.993253 179 184 187
2.7225 0.7575 0.450546 -0.107772 0.155691 0.981909 176 179 184
2.7225 0.7575 0.462952 -0.173688 0.275499 -0.94548 182 186 190
2.7225 0.7575 0.47898 -0.0446142 0.164566 0.985357 180 185 189
2.7225 0.7725 0.447409 0.0286176 0.0889367 0.995626 174 177 182
2.7225 0.7725 0.46994 -0.10857 0.17958 -0.977734 184 188 192
2.7225 0.7725 0.475482 -0.0489389 0.113997 0.992275 181 186 189
2.7225 0.7875 0.44705 0.107629 -0.0203508 0.993983 167 170 175
2.7225 0.7875 0.470187 -0.0129737 0.0184688 -0.999745 175 179 183
2.7225 0.7875 0.474651 -0.00245175 0.0431997 0.999063 175 180 184
2.7225 0.8025 0.447922 -0.282077 -0.0924049 0.954931 164 167 172
2.71658 0.8025 0.4725 -0.766221 0.560792 0.313715 167 171 175
2.7225 0.8025 0.470108 -0.650573 0.00300141 -0.759438 169 174 177
2.7225 0.8025 0.474586 -0.0320473 0.0919991 0.995243 171 176 179
2.7225 0.8175 0.445776 -0.117616 0.223334 0.96762 163 165 169
2.7225 0.81161 0.4725 -0.327216 0.94495 0 165 169 173
2.7225 0.8325 0.445529 0.168196 -0.368722 0.914196 162 162 167
2.7225 0.841764 0.4575 -0.332077 -0.903996 0.26929 161 164 168
2.7225 0.8475 0.469886 -0.0850187 -0.350274 0.932781 159 162 166
2.7225 0.851022 0.4425 0.475938 0.750736 -0.458125 162 162 164
2.7225 0.8625 0.439854 0.127367 0.183035 0.974821 164 164 166
2.7075 0.8625 0.442146 0.150499 0.226342 0.962351 161 162 166
2.7225 0.8625 0.447294 0.123435 0.244329 -0.961804 162 163 166
2.7225 0.8625 0.46756 -0.0490449 0.197858 0.979003 160 162 166
2.7225 0.8775 0.449889 0.185065 0.127372 -0.974437 160 162 166
2.7225 0.8775 0.463427 -0.0444546 0.178293 0.982973 159 161 165
2.7225 0.8925 0.461559 0.0316277 0.110247 0.993401 158 161 164
2.7225 0.9075 0.459676 0.0340547 0.036938 0.998737 158 162 165
2.7225 0.916315 0.4575 0.520633 0.161777 0.838314 158 162 165
2.72173 0.9225 0.4575 0.553343 -0.361016 0.750652 158 161 165
2.7225 0.923323 0.4575 -0.181736 -0.582559 0.79221 158 161 165
2.7225 0.9375 0.467515 0.132742 -0.362431 0.922509 157 160 164
2.7225 0.948054 0.4725 0.250875 -0.435413 0.864568 156 160 163
2.7225 0.9525 0.475318 0.145596 -0.229106 0.962451 156 160 163
2.7375 0.7275 0.455619 -0.107059 0.0660326 0.992058 204 209 213
2.7375 0.7425 0.454766 -0.183307 0.167885 0.968614 202 207 211
2.7375 0.7275 0.460177 -0.0775177 0.101114 -0.99185 200 205 209
2.7375 0.7425 0.462155 -0.170533 0.183495 -0.968116 198 203 207
2.7375 0.7275 0.482563 -0.0373773 0.147517 0.988353 170 174 175
2.7375 0.7425 0.480294 -0.0614084 0.157817 0.985557 179 183 187
2.7375 0.7575 0.452963 -0.153728 0.194759 0.968729 198 203 207
2.7375 0.7575 0.464273 -0.0796864 0.173073 -0.98168 197 201 205
2.7375 0.7575 0.478057 -0.0790602 0.122874 0.989268 180 184 188
2.7375 0.7725 0.447901 -0.161903 0.172907 0.97154 187 191 195
2.7375 0.7725 0.468511 -0.137426 0.272654 -0.952247 184 189 193
2.7375 0.7725 0.475178 -0.0757549 0.170338 0.982469 178 183 187
2.7375 0.7875 0.447114 -0.157955 -0.248688 0.955617 172 177 181
2.7375 0.7875 0.47077 0.0598833 -0.306196 -0.950083 181 185 189
2.7375 0.7875 0.474003 -0.0216478 0.0620058 0.997841 180 184 188
2.7375 0.792254 0.4575 -0.0875014 -0.995928 -0.0216917 179 184 187
2.72956 0.8025 0.4575 -0.907646 -0.409775 0.0909031 163 168 172
2.7375 0.8025 0.472956 0.00698282 0.0767199 0.997028 180 185 188
2.73003 0.8175 0.4575 -0.912683 0.284667 0.293215 162 165 169
2.7375 0.809744 0.4725 -0.166422 0.783273 0.598988 179 184 189
2.7375 0.8175 0.471925 -0.324833 -0.108059 0.939578 177 183 188
2.7375 0.830644 0.4425 -0.764801 0.446357 0.464591 166 167 171
2.73535 0.8325 0.4425 0.550087 -0.0212655 0.834837 165 166 170
2.7375 0.8325 0.442056 -0.186221 0.101908 0.977209 166 167 171
2.72936 0.8325 0.4575 -0.976241 -0.187296 0.108964 161 164 169
2.7375 0.8325 0.443018 -0.729667 -0.137048 -0.669929 166 167 171
2.7375 0.8325 0.468914 -0.34172 -0.0999314 0.934474 163 168 172
2.72759 0.8475 0.4425 0.627781 0.0657782 0.775606 163 163 166
2.7375 0.8475 0.440536 -0.0366355 0.125981 0.991356 165 166 169
2.7375 0.8475 0.444471 -0.229242 0.0108287 -0.973309 164 166 169
2.7375 0.8475 0.468096 0.0923867 0.0817801 0.992359 161 165 170
2.7375 0.8625 0.43893 -0.141278 0.239861 0.960472 162 163 167
2.7375 0.8625 0.447041 -0.175862 0.238159 -0.955172 161 163 167
2.7375 0.8625 0.46639 0.0836325 0.117043 0.989599 160 163 166
2.7375 0.8775 0.45062 -0.0372876 0.199745 -0.979138 160 162 166
2.7375 0.8775 0.465161 0.0161105 0.160674 0.986876 159 162 165
2.7375 0.8925 0.453331 0.0106826 0.141979 -0.989812 160 163 166
2.7225 0.8925 0.451689 0.108029 0.118487 -0.987062 160 162 166
2.7375 0.8925 0.461758 -0.00656156 0.159143 0.987234 160 162 166
2.7375 0.9075 0.4605 0.0598978 0.0477733 0.997061 158 162 165
2.72623 0.9225 0.4575 -0.310512 0.145189 0.939416 158 162 166
2.7375 0.9225 0.461061 0.0810785 -0.20485 0.97543 158 162 166
2.7375 0.9375 0.46692 0.2562 -0.25342 0.932813 158 162 165
2.72665 0.9525 0.4725 0.45602 -0.416249 0.786627 156 160 163
2.7375 0.9525 0.466939 0.197787 -0.238283 0.950842 158 162 164
2.7375 0.964488 0.4725 0.0887026 -0.493385 0.865276 155 161 161
2.74115 0.7275 0.4575 -0.983181 0.100613 -0.152419 205 210 214
2.74256 0.7425 0.4575 -0.878079 0.472488 -0.0757128 205 210 215
2.7525 0.7275 0.484442 -0.187007 0.279059 0.941889 161 163 164
2.7525 0.7425 0.481048 -0.0535926 0.1473 0.987639 167 170 171
2.7525 0.752263 0.4575 -0.650378 0.682129 0.334227 203 208 214
2.7525 0.7575 0.454473 -0.253511 0.211608 0.943904 203 208 213
2.7525 0.7575 0.461583 -0.354015 0.252974 -0.900377 197 202 207
2.7525 0.7575 0.479988 -0.0636401 0.0607326 0.996123 172 176 180
2.7525 0.7725 0.451898 -0.261797 0.159601 0.951835 200 205 209
2.7525 0.7725 0.463518 -0.302291 0.241944 -0.922 196 201 205
2.7525 0.7725 0.478943 -0.170472 0.169988 0.970589 177 182 186
2.7525 0.7875 0.450716 -0.462061 0.0102863 0.886788 190 195 199
2.7525 0.7875 0.469305 -0.477118 0.0850737 -0.874712 186 190 194
2.7525 0.7875 0.474945 -0.108005 0.159374 0.981292 180 184 188
2.74651 0.8025 0.4575 0.841271 -0.516484 0.159709 186 192 198
2.7525 0.8025 0.449179 0.151481 -0.349849 0.924478 182 187 194
2.7525 0.8025 0.470274 -0.479636 0.00780221 -0.877433 183 188 194
2.7525 0.8025 0.474626 -0.0160238 0.0917747 0.995651 179 184 190
2.7525 0.809224 0.4575 0.608716 -0.669059 0.426409 188 194 201
2.7525 0.810558 0.4725 -0.126592 0.97475 0.183947 180 185 190
2.7525 0.8175 0.470869 0.337213 -0.491309 0.803058 179 185 189
2.73913 0.8325 0.4425 -0.445353 0.142306 -0.883974 166 167 171
2.7525 0.8325 0.469659 -0.0740776 0.13049 0.988678 175 181 186
2.74356 0.8475 0.4425 -0.794147 0.264685 -0.547058 165 166 170
2.7525 0.8475 0.466771 -0.0620893 0.144569 0.987545 171 175 180
2.74798 0.8625 0.4425 -0.80884 0.549055 -0.210514 162 163 167
2.7525 0.8625 0.465638 -0.00154102 0.105509 0.994417 165 168 172
2.7525 0.86688 0.4425 -0.0640127 0.988446 0.137392 163 164 168
2.7525 0.8775 0.435742 -0.0834076 0.274979 0.957825 164 166 170
2.7375 0.8775 0.435964 0.0145133 0.193942 0.980906 163 164 168
2.7525 0.8775 0.448917 -0.0547483 0.327522 -0.943256 163 165 169
2.7525 0.8775 0.463189 0.0240601 0.152533 0.988006 162 165 169
2.7525 0.8925 0.452101 0.0351394 0.175468 -0.983858 160 163 167
2.7525 0.8925 0.461934 0.0553531 0.15131 0.986935 160 163 166
2.7525 0.9075 0.454932 0.0244537 0.140033 -0.989845 160 163 167
2.7375 0.9075 0.454035 0.0596451 0.0467784 -0.997123 159 162 167
2.7525 0.9075 0.458615 0.0411611 0.131641 0.990443 160 163 166
2.7525 0.9225 0.457579 0.11766 0.0349627 0.992438 160 163 167
2.7525 0.9375 0.457583 0.217964 -0.329259 0.918738 159 163 166
2.7525 0.9525 0.466204 0.153703 -0.348036 0.924795 157 162 163
2.7525 0.961711 0.4725 0.243264 -0.553008 0.796872 157 161 162
2.76104 0.7275 0.4875 -0.337683 0.411224 0.846679 159 160 159
2.7675 0.731984 0.4875 -0.186946 0.471786 0.861667 160 160 159
2.7675 0.7425 0.481941 -0.115994 0.255904 0.959718 160 162 163
2.75836 0.7575 0.4575 -0.802236 0.596969 -0.00674758 204 209 215
2.7675 0.7575 0.479697 -0.0661238 0.061445 0.995918 168 172 176
2.7675 0.772419 0.4575 -0.452112 0.277734 0.84762 206 211 215
2.7675 0.7725 0.45746 -0.461112 -0.026351 0.886951 206 211 215
2.7675 0.7725 0.457561 -0.388575 0.24613 -0.887936 206 211 215
2.7675 0.7725 0.480658 -0.0398274 0.0769148 0.996242 176 181 184
2.7675 0.772519 0.4575 -0.768183 -0.574157 -0.283265 206 211 215
2.75692 0.7875 0.4575 -0.968666 -0.225845 -0.10335 200 205 209
2.7675 0.7875 0.477861 -0.12873 0.226941 0.965363 174 178 181
2.75785 0.8025 0.4575 -0.906552 0.403009 0.125488 194 201 208
2.7675 0.8025 0.473051 -0.0806808 0.198645 0.976745 179 184 189
2.7675 0.814561 0.4575 -0.535001 0.844723 -0.0147214 192 198 206
2.76355 0.8175 0.4575 0.606648 -0.66295 0.43872 188 195 202
2.7675 0.8175 0.44922 -0.189776 -0.151012 0.970145 182 188 195
2.7675 0.811772 0.4725 -0.0282931 0.718073 0.695393 180 185 190
2.7675 0.822228 0.4575 -0.400094 -0.719355 0.567849 190 196 203
2.7675 0.8325 0.471023 0.0383624 -0.249826 0.967531 179 184 190
2.7675 0.8475 0.470353 -0.0774413 0.14041 0.98706 179 185 190
2.7675 0.85457 0.4425 0.247298 0.632349 -0.734151 168 169 174
2.75988 0.8625 0.4425 0.383877 0.651668 0.654192 164 165 170
2.7675 0.8625 0.440915 0.0491146 0.22641 0.972793 167 168 173
2.7675 0.8625 0.444736 0.0809073 0.255614 -0.963387 167 168 173
2.7675 0.8625 0.466038 -0.0994716 0.156648 0.982633 171 176 180
2.7675 0.8775 0.438232 -0.000630728 0.181543 0.983383 163 165 169
2.7675 0.8775 0.447734 -0.0948594 0.294986 -0.950781 163 165 169
2.7675 0.8775 0.465358 -0.0924146 0.168802 0.981308 163 167 172
2.7675 0.8925 0.435763 -0.0373525 0.142556 0.989082 164 166 171
2.7525 0.8925 0.434194 -0.103496 0.102135 0.989372 162 165 170
2.7675 0.8925 0.455068 -0.0601755 0.276605 -0.959098 161 164 168
2.7675 0.8925 0.460101 -0.0786776 0.202751 0.976064 160 164 168
2.7675 0.9075 0.456377 0.0695038 0.130257 -0.989041 161 165 169
2.7675 0.9075 0.458854 0.00746421 0.146201 0.989227 161 164 168
2.7675 0.912407 0.4575 -0.0249549 0.812893 -0.581878 160 164 168
2.75307 0.9225 0.4575 0.127794 -0.0770865 0.9888 159 163 167
2.7675 0.936149 0.4575 0.124284 -0.128224 0.983927 159 163 166
2.7675 0.9375 0.457676 0.00710963 -0.291312 0.956602 159 164 166
2.7675 0.9525 0.466822 0.174573 -0.338495 0.924633 158 161 163
2.7825 0.733701 0.4875 -0.150323 0.4712 0.869122 161 160 158
2.7825 0.7425 0.483063 -0.191836 0.248617 0.949415 161 161 161
2.7825 0.7575 0.482547 -0.0891233 0.0956762 0.991415 163 164 164
2.7676 0.7725 0.4575 -0.347077 0.359924 0.866021 206 211 215
2.7825 0.7725 0.480622 -0.0459723 0.112414 0.992597 168 171 171
2.7825 0.786837 0.4575 -0.69372 0.709174 -0.125793 205 212 218
2.78237 0.7875 0.4575 0.709733 -0.704076 -0.0235757 205 212 218
2.7825 0.7875 0.457326 -5.41023e-05 -0.000292983 1 205 212 218
2.7825 0.7875 0.457821 -0.003315 -0.000631567 -0.999994 204 211 217
2.7825 0.7875 0.478391 -0.0144902 0.142655 0.989666 173 177 179
2.7825 0.787644 0.4575 2.43491e-17 -1 0 205 212 218
2.7825 0.8025 0.476445 -0.133107 0.211269 0.968322 179 184 187
2.77079 0.8175 0.4575 -0.779096 0.0818695 0.621535 191 198 206
2.7825 0.812636 0.4725 -0.275551 0.580512 0.76621 180 185 188
2.7825 0.8175 0.470849 -0.390494 -0.176478 0.903532 180 185 188
2.7825 0.8325 0.470782 -0.00792138 0.0656504 0.997811 180 186 190
2.7825 0.8475 0.468407 -0.00629677 0.0696265 0.997553 180 185 190
2.7825 0.851785 0.4425 -0.192431 0.797888 0.571267 173 178 183
2.7825 0.8625 0.439581 -0.153757 0.198646 0.967935 168 171 175
2.7825 0.8625 0.445968 -0.0722545 0.207624 -0.975537 168 171 176
2.7825 0.8625 0.468463 -0.080872 0.132371 0.987896 176 182 187
2.7825 0.8775 0.436946 -0.14865 0.200153 0.968422 164 167 172
2.7825 0.8775 0.447604 -0.161611 0.178834 -0.970515 164 167 172
2.7825 0.8775 0.465237 -0.078901 0.14987 0.985552 173 177 182
2.7825 0.8925 0.433404 -0.148838 0.208874 0.96655 165 168 173
2.7825 0.8925 0.45021 -0.203638 0.296155 -0.933179 163 167 171
2.7825 0.8925 0.46408 -0.100357 0.198235 0.975003 168 172 177
2.7825 0.9075 0.455695 -0.168361 0.237052 -0.956797 161 165 169
2.7825 0.9075 0.459648 -0.122902 0.2369 0.963729 162 166 170
2.7825 0.916881 0.4575 -0.302017 0.846441 -0.438548 161 165 168
2.76855 0.9375 0.4575 0.491841 -0.432796 0.7555 159 163 166
2.78097 0.9525 0.4575 0.507699 -0.453002 0.732824 160 162 164
2.7825 0.954125 0.4575 0.529889 -0.47217 0.704466 160 162 164
2.7825 0.9525 0.456342 0.148556 -0.063041 0.986893 160 162 165
2.79077 0.7425 0.4875 -0.452849 0.432337 0.779751 161 160 158
2.7975 0.749314 0.4875 -0.426585 0.449293 0.78496 162 161 157
2.7975 0.7575 0.482848 -0.216332 0.225093 0.950018 160 161 158
2.7975 0.7725 0.481289 -0.104869 0.137803 0.984892 161 162 160
2.78292 0.7875 0.4575 -1 0 0 205 212 218
2.7975 0.7875 0.478447 -0.0959404 0.166396 0.981381 168 171 172
2.7975 0.8025 0.476626 -0.0211325 0.108549 0.993866 174 178 179
2.78726 0.8175 0.4725 -0.318876 0.329499 0.888678 180 185 188
2.7975 0.8175 0.476133 -0.0762892 0.172539 0.982044 176 180 183
2.7975 0.82739 0.4725 -0.266071 0.345057 0.900079 181 186 189
2.7975 0.8325 0.470366 -0.0545986 0.111308 0.992285 181 187 190
2.7975 0.8475 0.470316 -0.012412 0.0534121 0.998495 181 188 193
2.78979 0.8625 0.4425 -0.714509 0.329997 -0.616911 170 173 178
2.7975 0.8625 0.469344 -0.0215718 0.0742303 0.997008 182 188 193
2.79636 0.8775 0.4425 -0.843311 0.478899 -0.243891 165 168 173
2.7975 0.8775 0.467939 -0.0801501 0.161636 0.98359 182 187 193
2.7975 0.87943 0.4425 -0.381271 0.813421 0.439294 165 168 173
2.7975 0.8925 0.439423 -0.166552 0.24735 0.954504 166 169 174
2.7975 0.8925 0.447091 -0.128288 0.275896 -0.952588 167 171 176
2.7975 0.8925 0.463699 -0.0974346 0.186576 0.977597 174 178 183
2.7975 0.9075 0.434664 -0.309604 0.0947137 0.946137 166 169 174
2.7825 0.9075 0.431508 -0.204353 0.122777 0.971167 164 167 172
2.7975 0.9075 0.452138 -0.371772 0.167969 -0.913001 165 169 173
2.7975 0.9075 0.461836 -0.1189 0.208803 0.970703 169 174 178
2.7975 0.919983 0.4575 -0.639816 0.746496 0.182699 162 165 169
2.7975 0.9525 0.455239 0.408716 -0.368106 0.835134 161 163 166
2.80677 0.7575 0.4875 -0.411766 0.448632 0.793208 162 161 157
2.8125 0.76336 0.4875 -0.402782 0.380934 0.832259 162 161 157
2.8125 0.7725 0.483613 -0.238778 0.229443 0.943579 161 160 158
2.8125 0.7875 0.481747 -0.157747 0.170559 0.972638 158 160 159
2.8125 0.8025 0.478045 -0.159297 0.211407 0.96433 159 162 162
2.8125 0.8175 0.47479 -0.0481274 0.138685 0.989166 173 176 178
2.80759 0.8325 0.4725 -0.181249 0.340556 0.922589 181 186 189
2.8125 0.8325 0.473452 -0.028472 0.15786 0.987051 180 184 187
2.8125 0.835703 0.4725 -0.136988 0.262258 0.955225 181 186 189
2.8125 0.8475 0.469363 -0.0168708 0.13651 0.990495 182 188 191
2.8125 0.8625 0.468968 0.0531725 0.0589623 0.996843 180 186 191
2.8125 0.87586 0.4425 1.73269e-17 1 0 183 189 195
2.80412 0.8775 0.4425 0.0817049 0.315703 0.945334 172 176 181
2.8125 0.8775 0.44201 -0.0919488 0.212051 0.972923 181 185 191
2.8125 0.8775 0.443297 -0.000199202 0.272994 -0.962016 181 186 192
2.8125 0.8775 0.466967 0.0301155 0.0931315 0.995198 182 188 193
2.8125 0.8925 0.438839 -0.251395 -0.00400492 0.967876 172 176 182
2.8125 0.8925 0.446494 -0.210556 0.0806137 -0.974252 174 179 184
2.8125 0.8925 0.466693 -0.0132485 0.167014 0.985865 180 185 189
2.8125 0.894665 0.4425 -0.328337 -0.92424 -0.194871 171 176 182
2.8027 0.9075 0.4425 -0.960067 -0.183395 -0.211275 166 169 173
2.8125 0.9075 0.462879 -0.0257017 0.152171 0.98802 172 177 181
2.80475 0.9225 0.4425 -0.792943 0.565219 -0.227529 163 165 169
2.80012 0.9225 0.4575 -0.774753 0.574804 0.263361 161 165 169
2.8125 0.9225 0.461721 -0.0944477 0.214823 0.972075 168 173 177
2.8125 0.929215 0.4425 -0.671132 0.729702 -0.13083 166 167 171
2.8125 0.931904 0.4575 -0.585924 0.792913 0.167279 162 166 169
2.8071 0.9525 0.4425 0.634722 -0.609989 0.474385 163 164 168
2.7975 0.941936 0.4425 0.646226 -0.587455 0.487123 163 163 167
2.8125 0.958089 0.4425 -0.336238 -0.793159 0.507782 164 164 168
2.82144 0.7725 0.4875 -0.406622 0.402407 0.8202 162 160 157
2.8275 0.77837 0.4875 -0.399945 0.412146 0.818645 163 160 158
2.8275 0.7875 0.483006 -0.223024 0.254566 0.940987 161 161 159
2.8275 0.8025 0.481201 -0.137268 0.192873 0.971575 159 160 159
2.8275 0.8175 0.477206 -0.144174 0.240411 0.959904 162 165 165
2.8275 0.8325 0.474266 -0.0623277 0.16702 0.983981 175 179 181
2.8275 0.840453 0.4725 -0.0813199 0.241442 0.967002 174 179 181
2.8275 0.8475 0.470693 -0.0964465 0.232936 0.967698 173 178 180
2.8275 0.8625 0.467122 -0.0961838 0.11018 0.989247 182 189 192
2.81361 0.8775 0.4425 -0.594242 0.230373 -0.770587 182 187 193
2.8275 0.8775 0.467563 -0.0286618 0.0536802 0.998147 182 188 191
2.81953 0.8925 0.4425 -0.859911 0.473499 0.190659 174 179 185
2.8275 0.8925 0.465096 -0.0644757 0.172522 0.982893 182 188 192
2.8275 0.904924 0.4425 -0.426234 0.665083 -0.61318 170 175 181
2.82693 0.9075 0.4425 0.656133 -0.724325 -0.211763 169 174 180
2.8275 0.9075 0.440661 0.0308047 0.179589 0.983259 169 174 180
2.8275 0.9075 0.444073 0.445019 0.0105462 -0.895459 170 176 181
2.8275 0.9075 0.462265 0.0029032 0.189736 0.981831 182 189 194
2.8275 0.908136 0.4425 0.754335 -0.595663 0.27598 169 174 180
2.8275 0.9225 0.46021 0.0485814 0.115229 0.99215 177 184 188
2.82106 0.9375 0.4425 -0.81699 0.574259 0.0524879 166 167 171
2.82353 0.9375 0.4575 -0.667757 0.549557 0.502083 166 171 175
2.8275 0.9375 0.458424 0.0165313 0.187837 0.982061 168 174 178
2.82177 0.9525 0.4425 -0.905185 0.0161099 0.424713 165 165 170
2.8275 0.939615 0.4575 -0.357331 0.413736 0.837339 167 172 177
2.8275 0.9525 0.452387 -0.1654 -0.0886985 0.98223 165 168 172
2.83643 0.7875 0.4875 -0.435689 0.430629 0.790401 163 161 159
2.8425 0.793412 0.4875 -0.396247 0.451556 0.799428 162 161 159
2.8425 0.8025 0.482439 -0.219376 0.289067 0.931834 161 161 159
2.8425 0.8175 0.479874 -0.105217 0.274819 0.955722 160 161 158
2.8425 0.8325 0.474459 -0.0414096 0.244128 0.968859 158 161 161
2.8425 0.84647 0.4725 -0.0201857 0.168725 0.985456 163 167 168
2.8425 0.8475 0.472393 -0.0815766 0.108639 0.990728 163 167 169
2.8425 0.852062 0.4725 0.189295 -0.0225272 0.981662 167 172 174
2.84199 0.8625 0.4725 -0.348823 -0.00639256 0.937167 178 182 185
2.8425 0.8625 0.47269 5.84818e-18 0 1 177 182 184
2.8425 0.863118 0.4725 -0.300058 0.31637 0.899931 178 182 185
2.8425 0.8775 0.467416 -0.0633033 0.0971213 0.993257 182 189 191
2.8425 0.8925 0.468628 -0.0387216 0.141097 0.989238 182 189 191
2.8425 0.904915 0.4425 -0.120294 0.89425 0.431099 199 208 217
2.8425 0.9075 0.44147 -0.21713 0.480276 0.849818 195 204 212
2.8425 0.9075 0.444847 -0.131525 0.531648 -0.836691 194 203 211
2.8425 0.9075 0.463701 -0.100309 0.233723 0.967115 181 189 192
2.83849 0.9225 0.4425 0.786251 -0.617581 -0.0200624 174 181 187
2.8425 0.9225 0.434962 0.177888 -0.0942332 0.979528 175 179 185
2.8425 0.9225 0.45297 0.190804 -0.26182 -0.946068 182 189 195
2.8425 0.9225 0.459895 -0.0660817 0.183986 0.980705 183 190 195
2.83235 0.9375 0.4275 -0.30196 0.15585 -0.940495 169 168 173
2.8275 0.928101 0.4275 -0.30196 0.15585 -0.940495 169 168 173
2.8425 0.927276 0.4425 0.0937608 -0.991359 0.0917406 175 181 188
2.8275 0.9375 0.429058 -0.30196 0.15585 -0.940495 167 167 172
2.8425 0.9375 0.458282 -0.00600799 0.124131 0.992248 184 190 195
2.8425 0.939122 0.4575 -0.0728692 0.406156 0.910894 184 190 195
2.8425 0.9525 0.451268 -0.108659 0.322059 0.940463 174 177 182
2.85447 0.7275 0.4875 0.845299 -0.219768 0.487003 157 160 159
2.8575 0.730772 0.4875 0.679266 -0.593254 0.432026 157 160 159
2.8575 0.7275 0.484973 0.039796 0.0706061 0.99671 155 159 160
2.85402 0.8025 0.4875 -0.368488 0.467381 0.803599 163 162 159
2.8575 0.805237 0.4875 -0.393021 0.43063 0.812461 163 162 159
2.8575 0.8175 0.481155 -0.293039 0.360673 0.885462 161 162 159
2.8575 0.8325 0.475231 -0.188349 0.380037 0.905592 161 163 160
2.8575 0.840599 0.4725 -0.015685 0.211385 0.977277 160 162 160
2.8575 0.8475 0.471397 -0.0366794 0.107835 0.993492 161 163 162
2.84363 0.8625 0.4725 0.204551 0.191852 0.959871 176 180 183
2.8575 0.8625 0.469509 -0.0226802 0.0601137 0.997934 162 166 166
2.8575 0.8775 0.470702 -0.172439 0.0771748 0.981992 169 172 172
2.8575 0.8925 0.466835 -0.124176 0.182346 0.975362 180 185 186
2.84307 0.9075 0.4425 -0.681181 0.716653 -0.149668 196 205 214
2.8575 0.9075 0.463894 -0.0380803 0.206946 0.977611 182 189 192
2.8575 0.9204 0.4425 -0.668819 0.7428 0.0304823 208 217 225
2.8575 0.9225 0.43764 -0.37225 -0.0380249 0.927353 200 207 216
2.8575 0.9225 0.449181 -0.531478 0.377749 -0.75818 199 207 214
2.8575 0.9225 0.462441 -0.0321242 0.19777 0.979722 183 189 193
2.8575 0.925061 0.4425 -0.19795 -0.960886 -0.193685 207 215 223
2.8575 0.9375 0.458449 -0.0243108 0.163261 0.986283 186 191 195
2.8575 0.949412 0.4575 -0.115938 0.211418 0.970495 186 190 196
2.8575 0.9525 0.457055 -0.121339 0.345339 0.930601 185 189 195
2.87014 0.7275 0.4875 -0.194627 0.105548 0.975182 155 159 160
2.8725 0.728962 0.4875 0 0.306815 0.951769 155 159 160
2.86761 0.7425 0.4875 0.687677 -0.641937 0.339142 159 159 159
2.8725 0.7425 0.483127 0.109348 0.0203661 0.993795 157 158 160
2.8725 0.747343 0.4875 0.67119 -0.61176 0.418633 160 159 160
2.86952 0.8175 0.4875 -0.440658 0.424936 0.790727 162 162 158
2.8725 0.820843 0.4875 -0.415468 0.419331 0.807185 163 162 158
2.8725 0.8325 0.481437 -0.375296 0.437282 0.817274 162 162 158
2.8725 0.846751 0.4725 -0.288015 0.432057 0.854619 161 162 159
2.8725 0.8475 0.472057 -0.0485408 0.0464504 0.997741 160 162 160
2.8725 0.8625 0.472017 -0.0469018 0.0426836 0.997987 160 162 159
2.8725 0.8775 0.471794 -0.0107003 0.00834755 0.999908 164 167 166
2.8725 0.8925 0.471248 -0.0739812 0.194407 0.978127 174 179 179
2.8725 0.9075 0.466826 -0.129026 0.250829 0.959394 184 188 190
2.85969 0.9225 0.4425 -1 3.14881e-17 0 208 217 225
2.8725 0.9225 0.46149 -0.10515 0.256981 0.960679 183 189 191
2.8725 0.9375 0.458018 -0.0370288 0.212908 0.97637 183 188 191
2.86328 0.9525 0.4275 -0.40188 0.2075 -0.891872 172 173 182
2.8575 0.9413 0.4275 -0.40188 0.2075 -0.891872 172 172 180
2.8575 0.9525 0.430106 -0.40188 0.2075 -0.891872 172 173 180
2.8725 0.941241 0.4575 0.00759343 0.124397 0.992203 183 188 191
2.8725 0.9525 0.455894 -0.0279287 0.210562 0.977181 183 188 192
2.87454 0.7275 0.4875 0.220166 0.214983 0.951477 155 159 160
2.8875 0.7275 0.484498 0.00398517 0.0857827 0.996306 156 160 159
2.8875 0.7425 0.485708 -0.0148754 0.0923278 0.995618 157 158 160
2.88144 0.7575 0.4875 0.696029 -0.646443 0.312498 160 159 159
2.8875 0.7575 0.48128 0.20965 -0.0817028 0.974357 157 158 160
2.8875 0.76378 0.4875 0.67055 -0.615586 0.414026 160 160 160
2.8852 0.8325 0.4875 -0.387273 0.460664 0.798629 163 162 157
2.87334 0.8475 0.4725 -0.429292 0.440996 0.788182 161 162 159
2.8875 0.834429 0.4875 -0.418376 0.446529 0.790932 164 163 157
2.8875 0.8475 0.48024 -0.421308 0.442302 0.79175 164 162 158
2.8875 0.86128 0.4725 -0.417336 0.442755 0.793599 163 164 160
2.8875 0.8625 0.471939 -0.0606197 0.0915772 0.993951 164 164 160
2.8875 0.8775 0.470504 -0.0102873 0.0594716 0.998177 162 163 160
2.8875 0.8925 0.470099 0.00631059 0.132986 0.991098 165 167 164
2.8875 0.9075 0.466014 0.00388493 0.211551 0.977359 172 176 175
2.8875 0.9225 0.464941 -0.0569552 0.200198 0.978099 181 186 187
2.8875 0.9375 0.459936 -0.130208 0.260257 0.95672 185 190 193
2.8875 0.951088 0.4575 -0.0698089 0.163002 0.984153 184 190 193
2.8875 0.9525 0.457271 -0.0446183 0.209358 0.976821 184 190 194
2.4075 0.666602 0.4725 -0.845864 -0.104221 0.523118 157 158 160
2.41667 0.6675 0.4875 -0.846535 -0.0512096 0.529863 155 157 160
2.4075 0.6675 0.472679 -0.581866 -0.10872 0.805985 157 158 160
2.41579 0.6825 0.4875 -0.806055 -0.19775 0.557826 155 157 160
2.4075 0.6825 0.47492 -0.318532 -0.377049 0.869696 157 158 160
2.4075 0.689251 0.4875 -0.600531 -0.658114 0.454146 155 157 160
2.42997 0.6675 0.4725 0.77647 -0.609842 0.158706 157 158 160
2.4375 0.6675 0.470317 -0.0464854 -0.0454239 0.997886 158 159 161
2.4375 0.66196 0.4875 0.0262213 -0.99811 0.0555755 155 157 160
2.4375 0.6675 0.476379 -0.0662705 -0.451934 -0.889586 157 158 161
2.4329 0.6825 0.4725 0.935861 -0.14255 -0.322246 158 159 161
2.4375 0.6825 0.471084 0.0307736 -0.0434116 0.998583 158 159 161
2.4375 0.6825 0.475068 -0.0201543 -0.0454243 -0.998764 157 159 161
2.43435 0.6975 0.4725 0.953777 -0.0669823 -0.292954 158 159 161
2.4375 0.6975 0.471636 0.0341359 -0.0306419 0.998947 158 159 161
2.4375 0.6975 0.475473 -0.0261759 -0.0412542 -0.998806 157 158 161
2.43619 0.7125 0.4725 0.867394 -0.111199 -0.485038 158 159 161
2.4375 0.7125 0.472034 0.095605 -0.0429337 0.994493 158 159 161
2.4375 0.7125 0.474266 -0.229838 -0.121959 -0.965557 158 159 161
2.4375 0.715388 0.4725 0 -1 0 158 159 161
2.4525 0.662074 0.4725 0.115363 -0.990233 -0.0782927 158 159 161
2.45065 0.6675 0.4725 -0.563237 -0.152603 -0.812081 158 159 161
2.4525 0.664905 0.4875 0.454976 -0.868735 0.195696 155 157 160
2.44721 0.6825 0.4725 -0.885802 -0.149956 0.439168 158 159 161
2.44415 0.6975 0.4725 -0.857594 -0.174723 0.48374 158 159 161
2.44109 0.7125 0.4725 -0.463078 -0.153062 0.873001 158 159 161
2.45338 0.6675 0.4725 0.729234 -0.154898 0.666502 158 159 161
2.4675 0.6675 0.467738 0.293702 -0.0828769 0.952297 159 160 162
2.4547 0.6675 0.4875 0.829349 -0.519512 -0.205639 155 157 160
2.45529 0.6825 0.4725 0.911119 -0.385501 0.145778 158 159 161
2.4675 0.6825 0.469113 0.286706 -0.0573524 0.9563 159 160 162
2.4675 0.681603 0.4875 0.619261 -0.663414 -0.419997 155 158 161
2.4675 0.6825 0.483329 0.570648 -0.288783 -0.768743 156 158 161
2.45744 0.6975 0.4725 0.985698 -0.129932 -0.10732 159 160 162
2.4675 0.6975 0.469936 0.280575 -0.0501285 0.958522 159 160 162
2.4675 0.6975 0.481789 0.409105 -0.0882243 -0.908213 156 158 161
2.45924 0.7125 0.4725 0.966125 -0.165189 -0.198278 159 160 162
2.4675 0.7125 0.470681 0.255937 -0.0477475 0.965513 159 160 162
2.4675 0.7125 0.480119 0.417809 -0.113729 -0.901389 156 158 161
2.4635 0.7275 0.4725 0.889622 -0.235012 -0.391589 159 160 162
2.4675 0.7275 0.471116 0.267252 -0.0482818 0.962416 159 160 162
2.4675 0.7275 0.478133 0.485484 -0.186374 -0.854148 157 159 161
2.4825 0.6675 0.463411 0.203811 -0.0811509 0.975641 159 160 162
2.4825 0.6825 0.464744 0.207746 -0.0778261 0.975082 159 160 162
2.46859 0.6825 0.4875 0.68001 -0.723194 0.120732 155 158 161
2.4825 0.6975 0.465163 0.169336 -0.057333 0.983889 159 160 162
2.4825 0.695551 0.4875 0.0514473 -0.998622 0.0103191 155 158 161
2.4825 0.6975 0.4838 0.0213373 -0.142361 -0.989585 156 158 161
2.4825 0.7125 0.466103 0.164174 -0.063312 0.984398 160 161 163
2.4825 0.7125 0.482955 0.186561 -0.0757754 -0.979517 157 159 162
2.4825 0.7275 0.467503 0.140272 -0.0549137 0.988589 159 161 162
2.4825 0.7275 0.481955 0.189157 -0.0503346 -0.980656 156 158 160
2.4975 0.6675 0.461002 0.00252593 -0.0678118 0.997695 159 160 162
2.4971 0.6675 0.4875 -0.970811 -0.0594322 -0.232368 155 158 161
2.4975 0.6675 0.486418 -0.0351759 -0.173807 -0.984151 155 158 161
2.4975 0.6825 0.462079 0.0621164 -0.102806 0.99276 160 161 163
2.49617 0.6825 0.4875 -0.854968 -0.512612 -0.0791093 155 158 161
2.4975 0.6825 0.484037 -0.114823 -0.157917 -0.980754 156 158 161
2.4975 0.6975 0.464383 0.0664977 -0.0926146 0.993479 159 161 161
2.4975 0.6975 0.482435 0.0043421 0.104616 -0.994503 157 159 162
2.4975 0.7125 0.466087 0.0589913 -0.0688391 0.995882 159 161 161
2.4975 0.7125 0.486308 0.0886061 0.0490279 -0.994859 156 157 160
2.4975 0.7275 0.466452 0.0665086 -0.0809734 0.994495 159 160 162
2.4975 0.7275 0.484706 0.250706 -0.0498846 -0.966777 156 158 160
2.5125 0.6675 0.462235 0.115796 -0.0953273 0.988688 159 160 162
2.5125 0.666713 0.4875 0.064831 -0.966059 -0.250055 155 158 161
2.5125 0.6675 0.486008 0.125847 -0.160357 -0.979004 155 158 161
2.5125 0.6825 0.463141 0.045763 -0.070834 0.996438 159 160 160
2.5125 0.6825 0.484436 0.125306 -0.0889921 -0.988119 156 158 161
2.5125 0.6975 0.464367 0.0682262 -0.0580908 0.995977 159 160 160
2.5125 0.6975 0.483629 0.110011 0.022118 -0.993684 156 158 159
2.5125 0.7125 0.464321 0.094797 -0.065521 0.993338 159 160 161
2.5125 0.7125 0.486977 0.0379555 0.120453 -0.991993 156 157 160
2.5125 0.7275 0.465464 0.11829 -0.0247155 0.992671 160 160 161
2.5125 0.71448 0.4875 -0.333128 0.888122 -0.316647 156 157 159
2.50154 0.7275 0.4875 0.909227 0.294392 0.294345 155 157 160
2.5275 0.661064 0.4575 0 0 0 159 159 160
2.5275 0.6675 0.458173 -0.000958411 -0.131764 0.991281 159 159 159
2.51791 0.6675 0.4875 0.561578 -0.261339 0.785068 155 158 161
2.5275 0.6825 0.4607 0.0645462 -0.0935511 0.99352 160 160 160
2.52372 0.6825 0.4875 0.874657 -0.248874 0.415978 155 158 161
2.5275 0.6975 0.461758 0.0565533 -0.0649805 0.996283 160 160 160
2.52697 0.6975 0.4875 0.972941 -0.217706 0.0773953 155 157 161
2.5275 0.7125 0.462343 0.0471192 -0.0603787 0.997063 160 160 162
2.5275 0.699962 0.4875 0.394406 -0.127412 -0.910061 156 158 161
2.5275 0.7125 0.486118 0.138845 -0.0301218 -0.989856 156 158 161
2.5275 0.7275 0.46438 0.0212789 -0.0092765 0.999731 159 160 162
2.52166 0.7275 0.4875 -0.783807 0.590129 0.193377 156 157 160
2.5275 0.7275 0.484077 -0.0374245 0.072662 -0.996654 157 158 161
2.5425 0.6675 0.461026 0.112773 -0.0699577 0.991155 159 159 160
2.53629 0.6675 0.4875 -0.62504 0.780593 0 156 159 162
2.5425 0.6675 0.485927 0 0.301613 -0.95343 156 159 162
2.5425 0.6825 0.461953 0.0722125 -0.0650654 0.995265 160 160 161
2.5425 0.672472 0.4875 0 1 0 155 158 161
2.5425 0.6975 0.46235 0.111675 -0.051064 0.992432 160 160 162
2.5425 0.7125 0.463708 0.118545 -0.0565224 0.991339 160 160 162
2.53044 0.7125 0.4875 0.667417 -0.164949 0.726186 156 157 161
2.5425 0.7275 0.463961 0.127274 -0.0548299 0.990351 159 160 162
2.5345 0.7275 0.4875 0.951837 0.0679139 -0.29899 156 157 161
2.55415 0.6675 0.4575 0.300166 -0.0893761 0.949691 159 160 161
2.5575 0.6675 0.456433 0 -0.0847428 0.996403 159 160 162
2.55025 0.6675 0.4875 0.540089 0.841608 0 155 158 162
2.5575 0.680042 0.4575 -0.0976731 -0.0951301 0.990662 160 160 162
2.5575 0.6825 0.457886 0.0779186 -0.0697525 0.994517 160 160 162
2.5575 0.6975 0.458594 0.16708 0.027368 0.985563 159 160 162
2.5575 0.7125 0.458656 0.279003 -0.0533287 0.958808 160 160 162
2.5575 0.7275 0.459981 0.277211 -0.0521832 0.959391 161 161 163
2.5725 0.6525 0.457644 -0.160937 -0.108886 0.98094 159 160 162
2.56298 0.6675 0.4575 -0.186816 -0.0934494 0.97794 159 160 162
2.5725 0.6675 0.459309 -0.0586418 -0.0981974 0.993438 159 160 162
2.5725 0.6825 0.460643 0.0513123 0.0318205 0.998176 159 160 162
2.5725 0.690327 0.4575 0.256487 0.372398 0.891927 159 160 162
2.56155 0.6975 0.4575 0.248231 0.0546891 0.967156 159 160 162
2.5725 0.6975 0.454368 -0.0236282 0.0316207 0.999221 159 160 162
2.56265 0.7125 0.4575 0.239094 -0.0353117 0.970354 160 160 162
2.5725 0.7125 0.455363 0.015951 -0.0217157 0.999637 159 160 162
2.56553 0.7275 0.4575 0.286547 -0.0523529 0.956635 160 160 162
2.5725 0.7275 0.455479 0.0138323 -0.0351838 0.999285 160 160 162
2.57313 0.6525 0.4575 0.239352 -0.0943408 0.966339 159 160 162
2.5875 0.6525 0.454153 0.0268102 -0.0807571 0.996373 157 161 164
2.57958 0.6675 0.4575 0.262363 -0.0827159 0.961418 159 160 162
2.5875 0.6675 0.455369 0.0428075 -0.00393255 0.999076 159 160 162
2.58329 0.6825 0.4575 0.280416 0.0870065 0.955927 160 161 164
2.5875 0.6825 0.456243 0.16999 -0.0155352 0.985323 160 161 165
2.5875 0.696864 0.4575 0.238283 -0.0849025 0.967478 159 160 162
2.58722 0.6975 0.4575 -0.20751 -0.0607278 0.976346 159 160 162
2.5875 0.6975 0.457556 -0.152075 -0.0313821 0.987871 159 160 162
2.58464 0.7125 0.4575 -0.185715 -0.0216022 0.982366 159 160 162
2.5875 0.7125 0.458023 0.00110281 0.000593676 0.999999 159 160 162
2.5872 0.7275 0.4575 -0.149245 -0.0109827 0.988739 160 160 162
2.5875 0.7275 0.457545 -0.0499244 -0.0402705 0.997941 160 160 162
2.6025 0.6525 0.45671 -0.00710582 -0.114091 0.993445 158 162 165
2.6025 0.657531 0.4575 0.119942 -0.109768 0.986694 158 161 164
2.59814 0.6675 0.4575 -0.207852 -0.0446735 0.97714 158 159 163
2.6025 0.6675 0.458352 0 0 1 158 159 163
2.6025 0.669784 0.4575 -0.103427 0.354383 0.929363 158 159 163
2.6025 0.6825 0.452644 0.0458252 0.0777049 0.995923 159 160 163
2.58773 0.6975 0.4575 0.274363 -0.00143309 0.961625 159 160 162
2.6025 0.6975 0.453737 0.0902503 -0.0319711 0.995406 160 161 164
2.58914 0.7125 0.4575 0.275013 -0.0192361 0.961248 159 160 162
2.6025 0.7125 0.453262 0.0900557 -0.0221224 0.995691 159 160 162
2.5877 0.7275 0.4575 0.231659 -0.0177525 0.972635 160 160 162
2.6025 0.7275 0.454191 0.0877239 -0.0158403 0.996019 159 160 162
2.6175 0.6525 0.453149 0.118741 0.0222935 0.992675 160 164 167
2.60665 0.6675 0.4575 0.205913 0.186826 0.960571 159 160 165
2.6175 0.6675 0.455147 0.182973 0.00162693 0.983117 161 164 168
2.6175 0.6825 0.453794 0.0501099 0.0177314 0.998586 162 163 167
2.6175 0.6975 0.454485 0.0551277 -0.0364311 0.997814 161 162 165
2.6175 0.7125 0.454807 0.0552872 -0.015647 0.998348 161 162 164
2.6175 0.7275 0.455517 0.0538233 -0.0235718 0.998272 160 161 165
2.6175 0.724316 0.4725 -2.622e-17 -1 0 157 161 164
2.61359 0.7275 0.4725 -0.979843 -0.156511 -0.124142 157 160 163
2.6175 0.7275 0.460455 0.339719 -0.576736 -0.742944 159 161 165
2.6175 0.7275 0.480067 -0.132235 -0.377524 0.916509 157 161 164
2.6325 0.6525 0.45574 -0.0780291 0.216675 0.97312 162 165 170
2.6325 0.6675 0.450734 -0.00423697 0.0732323 0.997306 163 165 169
2.6325 0.6825 0.452005 0.0783877 -0.00310874 0.996918 160 163 167
2.6325 0.6975 0.451998 0.0766476 -0.0207766 0.996842 162 163 167
2.6325 0.7125 0.452163 0.0734577 -0.000128923 0.997298 160 163 166
2.6325 0.7275 0.451984 0.15056 0.0187653 0.988423 163 163 166
2.62018 0.7275 0.4725 0.745449 -0.665624 0.0353666 157 161 164
2.6475 0.6525 0.453749 0.00828966 0.136266 0.990638 174 179 183
2.6475 0.6675 0.453742 0.0306402 0.0924498 0.995246 165 168 172
2.6475 0.6825 0.452606 0.00887523 0.0226223 0.999705 162 164 169
2.6475 0.6975 0.451711 0.0339691 0.00629257 0.999403 162 166 169
2.6475 0.694489 0.4725 0 -1 0 170 174 178
2.64392 0.6975 0.4725 -1 3.29521e-17 0 164 167 171
2.6475 0.6975 0.463879 -8.01763e-17 0 -1 164 167 171
2.6475 0.6975 0.480994 -8.01763e-17 0 1 171 175 179
2.6475 0.7125 0.452579 0.0508839 -0.0195313 0.998514 162 163 166
2.6475 0.700497 0.4725 0 1 0 165 169 173
2.34326 0.6675 0.4875 0.642085 -0.470486 0.605285 152 156 159
2.3475 0.6675 0.483068 0.125848 -0.652228 0.747503 152 156 159
2.3475 0.672579 0.4875 0.00491841 -0.756383 0.654111 152 156 159
2.3625 0.6675 0.484261 0.214177 -0.45852 0.862489 153 157 160
2.3625 0.669373 0.4875 0.347052 -0.703581 0.620104 153 157 160
2.3775 0.6675 0.480712 0.266814 -0.074181 0.960889 155 156 158
2.37248 0.6825 0.4875 0.67145 -0.533203 0.514636 155 156 159
2.3775 0.6825 0.482468 0.441406 -0.272187 0.855029 156 157 159
2.3775 0.688262 0.4875 0.637918 -0.514502 0.573017 155 156 159
2.3925 0.6675 0.477137 0.221014 -0.0468135 0.974146 156 157 159
2.3925 0.6825 0.477097 0.240938 -0.0720311 0.967864 156 157 159
2.38494 0.6975 0.4875 0.663102 -0.603137 0.443308 154 156 158
2.3925 0.6975 0.479049 0.162847 -0.486845 0.858174 156 157 159
2.3925 0.706215 0.4875 -0.246782 -0.797723 0.550215 155 156 159
2.39965 0.6975 0.4875 -0.629553 -0.618187 0.470646 155 156 159
2.4825 0.9675 0.495702 0.0644458 0.0762741 0.995002 149 153 156
2.4975 0.9675 0.495496 -0.0216593 0.142462 0.989563 150 154 157
2.4975 0.9825 0.492734 0.0436467 0.112292 0.992716 151 155 158
2.4825 0.9825 0.495225 0.16373 0.0313306 0.986007 150 154 157
2.5125 0.9675 0.495766 0.0601672 0.0627409 0.996215 151 155 158
2.5125 0.9825 0.493922 -0.0463871 0.159265 0.986145 151 155 158
2.5125 0.9975 0.490598 0.0285116 0.106474 0.993907 151 154 159
2.4975 0.9975 0.493574 0.194304 -0.0548393 0.979407 151 155 158
2.5275 0.9675 0.493806 0.0779133 0.0467574 0.995863 151 155 158
2.5275 0.9825 0.493823 0.0706225 0.0545475 0.996011 151 154 159
2.5275 0.9975 0.492385 -0.0447051 0.171436 0.98418 152 155 160
2.5275 1.0125 0.48841 -0.0253014 0.0746858 0.996886 152 155 160
2.5125 1.0125 0.492346 0.252234 -0.111986 0.961165 152 155 160
2.5425 0.9675 0.493336 0.0549337 0.0627519 0.996516 152 155 160
2.5425 0.9825 0.492017 0.0618427 0.0503083 0.996817 151 155 159
2.5425 0.9975 0.491774 0.0649732 0.0604819 0.996052 152 155 160
2.5425 1.0125 0.490246 -0.018008 0.124721 0.992028 153 156 161
2.53872 1.0275 0.4875 0.220864 0.235565 0.946429 153 156 161
2.5275 1.0275 0.490118 0.0490133 0.0581774 0.997102 153 156 161
2.5575 0.9675 0.49201 0.0950226 0.0245737 0.995172 152 156 159
2.5575 0.9825 0.491913 0.0595409 0.0506801 0.996939 151 155 159
2.5575 0.9975 0.490479 0.0515558 0.057256 0.997027 152 155 160
2.5575 1.0125 0.489993 0.0469325 0.0607298 0.99705 153 156 161
2.5575 1.0275 0.488757 -0.029447 0.118572 0.992509 154 157 162
2.54685 1.0425 0.4875 0.225515 -0.122183 0.966548 154 157 162
2.5425 1.03448 0.4875 0.225515 -0.122183 0.966548 153 156 161
2.5425 1.0425 0.488514 0.225515 -0.122183 0.966548 154 157 162
2.5725 0.9675 0.490695 0.0614668 0.053439 0.996678 152 156 159
2.5725 0.9825 0.490219 0.0925272 0.0211648 0.995485 152 156 159
2.5725 0.9975 0.490026 0.0593129 0.0399032 0.997442 153 156 161
2.5725 1.0125 0.48894 0.0322604 0.0489787 0.998279 154 157 162
2.5725 1.0275 0.488429 0.0483832 0.0640841 0.996771 154 157 162
2.5725 1.0425 0.487758 0.0428289 0.0533145 0.997659 155 158 163
2.5875 0.9675 0.490039 0.0811493 0.0309725 0.996221 153 157 160
2.5875 0.9825 0.489093 0.0501013 0.0441997 0.997766 154 158 161
2.5875 0.9975 0.488616 0.0820564 0.0236726 0.996347 154 158 161
2.5875 1.0125 0.489008 0.0740194 0.0425127 0.99635 154 157 162
2.6025 0.9675 0.48816 0.111211 -0.00595122 0.993779 154 158 161
2.6025 0.9825 0.488664 0.083249 0.030229 0.99607 154 158 161
3.3975 1.41436 0.4875 -0.986035 -0.159484 0.0479627 171 156 135
3.39707 1.4175 0.4875 -0.98044 -0.176604 0.0868808 171 156 135
3.3975 1.41741 0.5025 -0.979926 -0.194815 0.0423391 172 157 136
3.39748 1.4175 0.5025 -0.983084 -0.183106 -0.00425838 172 157 136
3.3975 1.4175 0.503083 -0.965363 -0.259186 0.0299547 172 157 136
3.39487 1.4325 0.4875 -0.975436 -0.208421 0.0713084 172 157 136
3.39433 1.4325 0.5025 -0.978785 -0.204727 -0.00815437 173 158 137
3.3975 1.41916 0.5175 -0.967924 -0.246099 0.0505726 173 158 137
3.39414 1.4325 0.5175 -0.977719 -0.208642 0.0231001 174 159 138
3.3975 1.42181 0.5325 -0.974731 -0.219976 0.0388516 172 158 137
3.39549 1.4325 0.5325 -0.97559 -0.206466 0.0748058 171 159 137
3.4125 1.3211 0.4875 -0.936822 -0.340727 0.0791874 170 155 136
3.41089 1.3275 0.4875 -0.997941 -0.00412185 0.0640051 170 155 136
3.4125 1.32365 0.5025 -0.928003 -0.371462 0.0287272 170 155 136
3.41133 1.3275 0.5025 -0.999259 -0.0223088 0.031351 170 155 136
3.4125 1.32457 0.5175 -0.932744 -0.360514 0.00440272 169 156 137
3.41176 1.3275 0.5175 -0.999979 -0.00453861 0.00463093 169 156 137
3.4125 1.32389 0.5325 -0.931521 -0.363684 -0.00154049 170 157 138
3.41145 1.3275 0.5325 -0.999199 -0.0341424 0.0208616 170 157 138
3.4125 1.3275 0.54583 -0.993884 0.0782743 0.0778897 170 157 138
3.4125 1.3406 0.4875 -0.98967 0.124519 0.0710445 171 156 137
3.4125 1.33703 0.5025 -0.99212 0.121909 0.0289124 170 155 136
3.4125 1.33348 0.5175 -0.992371 0.121884 0.0185543 169 156 137
3.4125 1.33374 0.5325 -0.988336 0.150232 0.0249653 170 157 138
3.4125 1.34342 0.4875 -0.940729 -0.336151 0.0450704 171 156 137
3.40728 1.3575 0.4875 -0.979469 -0.192442 0.0600484 171 156 137
3.4125 1.34515 0.5025 -0.949593 -0.307932 0.058752 170 155 136
3.40792 1.3575 0.5025 -0.978486 -0.195753 0.0651555 171 156 137
3.4125 1.34807 0.5175 -0.960818 -0.27649 0.0195395 170 156 137
3.40951 1.3575 0.5175 -0.981322 -0.186484 0.047229 171 156 137
3.4125 1.34862 0.5325 -0.953163 -0.302251 0.0111409 169 156 137
3.40921 1.3575 0.5325 -0.980906 -0.193933 -0.0146188 170 157 138
3.40631 1.3725 0.4875 -0.991521 -0.128376 0.0201206 171 156 137
3.40722 1.3725 0.5025 -0.986687 -0.15228 0.0570955 171 156 137
3.4079 1.3725 0.5175 -0.981861 -0.189531 0.00511864 172 157 138
3.40755 1.3725 0.5325 -0.981199 -0.19272 0.0104102 170 157 138
3.403 1.3875 0.4875 -0.974538 -0.223373 -0.0195072 170 155 136
3.40344 1.3875 0.5025 -0.97175 -0.233759 0.032531 171 156 137
3.40354 1.3875 0.5175 -0.975486 -0.218398 0.0270102 172 157 138
3.40473 1.3875 0.5325 -0.976423 -0.209815 0.050753 171 157 138
3.39922 1.4025 0.4875 -0.974762 -0.223244 0.0008834 171 156 137
3.40046 1.4025 0.5025 -0.98226 -0.183198 0.0400436 171 156 137
3.40072 1.4025 0.5175 -0.980916 -0.193215 0.0217017 171 156 137
3.4007 1.4025 0.5325 -0.982899 -0.183598 0.014186 172 157 138
3.39817 1.4175 0.5175 -0.984217 -0.174785 0.0277009 173 158 137
3.39887 1.4175 0.5325 -0.982266 -0.181289 0.0478291 173 158 137
3.4275 1.24421 0.4875 -0.960465 -0.278262 0.00875899 168 156 135
3.42497 1.2525 0.4875 -0.996422 -0.0715722 0.0449515 168 155 135
3.4275 1.24301 0.5025 -0.96481 -0.262853 -0.00704945 167 156 137
3.42475 1.2525 0.5025 -0.99848 -0.0547983 -0.00594296 167 156 138
3.4275 1.24273 0.5175 -0.967408 -0.253218 0.00174318 166 157 139
3.42504 1.2525 0.5175 -0.998923 -0.0458918 0.00689204 167 156 138
3.4275 1.24325 0.5325 -0.960379 -0.278534 0.00957131 167 158 139
3.42482 1.2525 0.5325 -0.999628 -0.0258512 0.00870737 168 157 139
3.4264 1.2675 0.4875 -0.995498 -0.0851635 0.0415967 167 154 135
3.42606 1.2675 0.5025 -0.99721 -0.0729909 0.0156329 168 155 136
3.42652 1.2675 0.5175 -0.998362 -0.0513819 0.0251516 169 156 137
3.42722 1.2675 0.5325 -0.991759 -0.126994 0.0169455 169 156 137
3.42202 1.2825 0.4875 -0.966038 -0.255192 0.0406032 169 154 135
3.42291 1.2825 0.5025 -0.971629 -0.233719 0.0362394 168 155 136
3.4231 1.2825 0.5175 -0.96663 -0.256176 -0.000932739 168 155 136
3.42247 1.2825 0.5325 -0.96379 -0.265253 -0.0273828 169 156 137
3.41815 1.2975 0.4875 -0.975864 -0.208169 0.0659854 169 154 135
3.41888 1.2975 0.5025 -0.981817 -0.186161 0.0371368 168 155 136
3.41898 1.2975 0.5175 -0.983905 -0.178551 -0.00706135 168 155 136
3.41895 1.2975 0.5325 -0.989884 -0.141798 0.00472836 169 156 137
3.41597 1.3125 0.4875 -0.972628 -0.210814 0.0977381 170 155 136
3.41753 1.3125 0.5025 -0.972681 -0.228664 0.0400493 169 155 136
3.41737 1.3125 0.5175 -0.97228 -0.233752 0.00569763 169 156 137
3.41763 1.3125 0.5325 -0.959262 -0.282454 0.0060521 169 156 137
3.41273 1.3425 0.4875 -0.996605 0.0757477 0.0322656 171 156 137
3.41317 1.3425 0.5025 -0.999023 0.0333058 0.0290499 170 155 136
3.41361 1.3425 0.5175 -0.999574 0.0195914 0.0216424 169 156 137
3.41397 1.3425 0.5325 -0.99934 0.0069627 0.0356514 169 156 137
3.43518 1.2075 0.4875 -0.994941 -0.0891409 0.0463236 168 157 136
3.4335 1.2225 0.4875 -0.97938 -0.201573 0.0135365 169 157 136
3.43521 1.2075 0.5025 -0.993194 -0.11645 0.00228052 167 158 137
3.43269 1.2225 0.5025 -0.978818 -0.204674 0.00481467 168 157 137
3.43586 1.2075 0.5175 -0.994259 -0.106179 0.0132127 167 159 138
3.43356 1.2225 0.5175 -0.976263 -0.216568 0.00286931 166 158 138
3.43532 1.2075 0.5325 -0.991708 -0.124669 -0.0311992 169 158 138
3.43322 1.2225 0.5325 -0.971605 -0.236545 -0.00551818 169 158 138
3.42935 1.2375 0.4875 -0.966253 -0.257495 0.00717719 168 156 134
3.42902 1.2375 0.5025 -0.965068 -0.261995 -0.00145291 167 156 136
3.42875 1.2375 0.5175 -0.960358 -0.278758 -0.00267731 166 158 139
3.42917 1.2375 0.5325 -0.965517 -0.259322 0.0230058 166 158 139
2.6775 0.652445 0.4875 -0.199296 0.860832 -0.46824 177 181 185
2.67756 0.6525 0.4875 -0.670494 0.741908 -0.00321019 177 181 185
2.6925 0.6525 0.493955 -0.353099 0.398324 0.846557 158 159 159
2.6925 0.665999 0.4875 -0.619105 0.662768 -0.421244 166 169 170
2.7075 0.6525 0.499979 -0.177189 0.416491 0.891706 160 159 157
2.69406 0.6675 0.4875 -0.668613 0.617861 0.413768 167 170 171
2.7075 0.6675 0.493075 -0.249091 0.327561 0.911404 161 162 162
2.70535 0.6825 0.4875 -0.388844 0.332017 0.859398 176 180 182
2.7075 0.6825 0.487747 -0.271754 0.329627 0.904155 175 179 181
2.7075 0.683692 0.4875 -0.62758 0.737432 -0.249674 175 179 181
2.7225 0.649988 0.5025 -0.147422 0.187478 0.971143 161 160 157
2.7225 0.6525 0.502015 -0.28724 0.419203 0.861256 161 160 157
2.7225 0.6675 0.494115 -0.235338 0.341925 0.909782 159 160 159
2.7225 0.6825 0.492576 -0.20736 0.239683 0.948448 157 158 157
2.7225 0.695396 0.4875 -0.620741 0.687625 0.376634 160 162 164
2.72411 0.6525 0.5025 -0.280881 0.241719 0.928804 161 160 157
2.7375 0.6525 0.506551 -0.263176 0.32058 0.909927 163 161 158
2.73708 0.6675 0.5025 -0.379904 0.338118 0.861017 161 160 157
2.7375 0.6675 0.502758 -0.143044 0.248064 0.958125 162 160 157
2.7375 0.66793 0.5025 -0.364657 0.443174 0.818915 161 160 157
2.7375 0.6825 0.494633 -0.263604 0.310693 0.913227 159 160 158
2.72503 0.6975 0.4875 -0.298329 0.382999 0.874249 161 163 164
2.7375 0.6975 0.491793 -0.209418 0.275171 0.93831 159 160 159
2.7375 0.705765 0.4875 -0.305235 0.406578 0.861119 158 160 159
2.7525 0.6525 0.512853 -0.233113 0.417371 0.878328 164 162 159
2.7525 0.6675 0.50482 -0.239305 0.32676 0.914309 162 161 157
2.7525 0.676684 0.5025 -0.254735 0.337315 0.906272 162 160 157
2.7525 0.6825 0.501104 -0.367182 0.365349 0.855393 161 160 157
2.7525 0.6975 0.493148 -0.276632 0.315854 0.907585 160 159 158
2.74488 0.7125 0.4875 -0.373634 0.395813 0.838886 157 159 158
2.7525 0.7125 0.491117 -0.209231 0.24778 0.945953 158 159 158
2.7525 0.720232 0.4875 -0.34734 0.370573 0.861412 158 159 159
2.7675 0.647188 0.5175 -0.48133 0.450677 0.751806 165 163 160
2.7675 0.6525 0.514315 -0.293134 0.372711 0.880431 165 162 159
2.7675 0.6675 0.508999 -0.240264 0.331738 0.912263 164 161 158
2.75791 0.6825 0.5025 -0.251786 0.235266 0.938751 162 161 157
2.7675 0.6825 0.505101 -0.214126 0.248859 0.944574 164 162 159
2.7675 0.692702 0.5025 -0.219605 0.232426 0.947498 163 160 157
2.7675 0.6975 0.50139 -0.343486 0.400052 0.849692 162 160 157
2.7675 0.7125 0.492884 -0.252813 0.326639 0.91071 162 160 157
2.7675 0.7275 0.490289 -0.130572 0.305242 0.943281 161 160 158
2.77247 0.6525 0.5175 -0.518373 0.505468 0.689777 165 163 160
2.7825 0.6525 0.525876 -0.472065 0.490378 0.732587 166 164 161
2.7825 0.662724 0.5175 -0.501484 0.511114 0.698052 165 162 159
2.7825 0.6675 0.514415 -0.360375 0.387894 0.848333 164 162 159
2.7825 0.6825 0.50815 -0.241518 0.341829 0.908197 164 161 157
2.77453 0.6975 0.5025 -0.155076 0.251111 0.955455 163 161 157
2.7825 0.6975 0.503764 -0.135083 0.245226 0.960009 164 161 158
2.7825 0.701427 0.5025 -0.185374 0.291442 0.938455 164 161 158
2.7825 0.7125 0.499104 -0.302157 0.375863 0.87603 163 160 157
2.7825 0.7275 0.491057 -0.327973 0.397196 0.857128 162 160 157
2.79666 0.6525 0.5025 0.484284 -0.855213 -0.184609 157 160 163
2.7975 0.6525 0.502105 0.377614 -0.204479 0.903103 156 160 163
2.7975 0.649177 0.5175 0.810354 -0.58549 -0.0229683 164 163 161
2.7975 0.6525 0.504173 0.76911 -0.621731 -0.148056 157 160 163
2.7975 0.6525 0.532149 0.532628 0.253346 0.807541 166 165 162
2.7975 0.653355 0.5025 0.701159 -0.578999 0.416095 157 160 163
2.78789 0.6675 0.5175 -0.508464 0.543524 0.667867 165 162 159
2.7975 0.6675 0.525481 0.195966 0.517351 0.833033 166 164 161
2.7975 0.676389 0.5175 -0.145081 0.584332 0.798441 165 163 160
2.7975 0.6825 0.513718 -0.16145 0.206401 0.965056 164 162 159
2.7975 0.6975 0.505045 -0.282726 0.342354 0.896024 165 162 158
2.79671 0.7125 0.5025 -0.228084 0.287536 0.930215 164 161 157
2.7975 0.7125 0.502741 -0.151748 0.196416 0.968707 164 161 158
2.7975 0.713353 0.5025 -0.183801 0.241292 0.952888 164 161 158
2.7975 0.7275 0.498918 -0.278074 0.3399 0.898411 163 162 158
2.8125 0.6525 0.496037 0.273012 -0.0981309 0.956993 156 160 163
2.79964 0.6525 0.5175 0.953932 -0.225932 0.197403 164 163 161
2.80933 0.6675 0.5025 0.867209 -0.222149 0.445644 157 160 161
2.8125 0.6675 0.499221 0.444151 -0.205072 0.872167 155 159 162
2.79948 0.6675 0.5175 0.878287 0.122446 0.462189 164 162 160
2.8125 0.670712 0.5025 0.467871 -0.633338 0.616425 157 160 161
2.8125 0.68046 0.5175 0.233441 -0.869898 0.434491 163 162 160
2.80348 0.6825 0.5175 -0.694623 0 0.719374 164 163 159
2.8125 0.6825 0.528202 0 0 1 165 164 161
2.8125 0.691316 0.5175 -0.168189 0.637536 0.751838 165 163 159
2.8125 0.6975 0.513714 -0.147907 0.173381 0.973685 166 163 159
2.8125 0.7125 0.505669 -0.321975 0.36374 0.874085 164 162 158
2.8125 0.72188 0.5025 -0.164631 0.278024 0.946361 163 162 158
2.8125 0.7275 0.500875 -0.226988 0.228961 0.946601 163 161 158
2.8275 0.6525 0.495121 0.00921343 0.120207 0.992706 156 160 163
2.8275 0.6675 0.493368 0.155787 0.0563185 0.986184 156 160 163
2.81838 0.6825 0.5025 0.778302 -0.338133 0.529066 161 162 160
2.8275 0.6825 0.492448 0.470839 -0.264671 0.841582 155 159 161
2.8144 0.6825 0.5175 0.969376 0.0532633 0.239734 163 162 160
2.8275 0.691901 0.5025 0.463878 -0.697499 0.54618 162 162 159
2.8275 0.695923 0.5175 0.136715 -0.959284 0.247152 163 162 159
2.81947 0.6975 0.5175 -0.645492 0 0.763767 165 163 159
2.8275 0.6975 0.526391 0 0 1 165 163 158
2.8275 0.704615 0.5175 -0.177236 0.612764 0.770135 164 163 158
2.8275 0.7125 0.512537 -0.157756 0.175077 0.971834 164 162 158
2.82006 0.7275 0.5025 -0.216661 0.194247 0.956727 163 162 158
2.8275 0.7275 0.504186 -0.360001 0.32833 0.873269 164 162 158
2.8425 0.6375 0.491202 -0.0896473 -0.272296 0.958028 157 161 164
2.8425 0.6525 0.495465 0.201764 -0.00148892 0.979433 157 161 164
2.8425 0.6675 0.493523 -0.00336958 0.130261 0.991474 156 160 162
2.8425 0.6825 0.490545 0.0374483 0.109053 0.99333 155 159 160
2.83277 0.6975 0.5025 0.743391 -0.407399 0.530467 162 162 159
2.8425 0.6975 0.491172 0.462886 -0.386556 0.797691 155 159 162
2.82895 0.6975 0.5175 0.969553 0.0702319 0.234596 163 162 158
2.8425 0.706948 0.5025 0.469974 -0.702394 0.534572 161 161 159
2.8425 0.71098 0.5175 0.113587 -0.967286 0.22684 164 163 159
2.83519 0.7125 0.5175 -0.773853 6.1061e-17 0.633365 165 163 159
2.8425 0.7125 0.530864 1.65881e-16 0 1 166 164 159
2.8425 0.720352 0.5175 -0.21935 0.652665 0.725199 165 164 159
2.8425 0.7275 0.513312 -0.0962887 0.302687 0.948213 165 163 159
2.8575 0.6375 0.492605 0.0833296 0.0982491 0.991667 157 161 164
2.8575 0.65209 0.4875 0.433229 0.302628 0.848958 156 160 161
2.85705 0.6525 0.4875 0.461673 -0.273319 0.843893 156 160 161
2.8575 0.653212 0.4875 0.360058 -0.271378 0.892587 156 160 161
2.8575 0.6675 0.492491 0.261091 -0.115147 0.958422 155 159 160
2.8575 0.6825 0.49226 -0.0147116 0.121402 0.992494 155 159 160
2.8575 0.6975 0.488 -0.0214143 0.0596001 0.997993 155 159 160
2.84754 0.7125 0.5025 0.892971 -0.0991302 0.439063 161 162 159
2.8575 0.7125 0.489707 0.373447 -0.16127 0.913526 155 159 160
2.84391 0.7125 0.5175 0.962587 0.0364549 0.268511 164 163 159
2.8575 0.719672 0.4875 0.532695 0.278587 0.79914 155 159 160
2.84751 0.7275 0.5025 0.876104 -0.319196 0.361325 161 161 158
2.8725 0.6375 0.490632 0.0254919 -0.011935 0.999604 158 162 163
2.85811 0.6525 0.4875 -0.214603 0.299345 0.929698 156 160 161
2.8725 0.6525 0.490811 0.0115371 0.188243 0.982055 156 160 159
2.8725 0.663815 0.4875 0.00658764 0.282117 0.959357 156 160 159
2.86834 0.6675 0.4875 0.375072 -0.265629 0.888123 156 160 159
2.8725 0.673771 0.4875 0.312465 -0.195558 0.929582 156 160 160
2.8725 0.6825 0.490168 0.268872 -0.112115 0.956629 156 160 161
2.8725 0.6975 0.491119 0.0849925 0.0700149 0.993919 155 159 160
2.8725 0.709193 0.4875 0.224968 0.297517 0.927833 155 159 160
2.86751 0.7125 0.4875 0.207183 0.29655 0.932273 155 159 160
2.8725 0.723145 0.4875 0.169416 -0.104293 0.980011 155 159 160
2.8725 0.7275 0.487962 0 -4.13218e-18 1 155 159 160
2.8875 0.6375 0.49184 0.141295 0.188952 0.971768 158 162 161
2.8875 0.65186 0.4875 0.245928 0.282194 0.9273 157 161 160
2.88664 0.6525 0.4875 0.219221 0.275071 0.936097 157 161 160
2.8875 0.653874 0.4875 0.0613611 -0.146134 0.98736 157 161 160
2.87774 0.6675 0.4875 -0.201163 0.0804221 0.976251 156 160 159
2.8875 0.6675 0.489507 0 0 1 157 161 160
2.8875 0.673828 0.4875 0.0592092 0.297979 0.952734 157 161 160
2.87779 0.6825 0.4875 0.301317 -0.148751 0.94185 156 160 161
2.88683 0.6975 0.4875 0.253755 0.0503228 0.965959 156 160 161
2.8875 0.698506 0.4875 0.130581 -0.207498 0.969481 156 160 161
2.87705 0.7125 0.4875 -0.233985 0.0865156 0.968383 155 159 160
2.8875 0.7125 0.489846 -8.51019e-18 0 1 155 159 160
2.8875 0.719533 0.4875 0.124397 0.362695 0.923568 155 159 160
2.4675 0.736305 0.4725 0.668602 -0.275504 0.690702 160 161 163
2.46994 0.7425 0.4725 0.919624 -0.392648 -0.0109219 160 161 163
2.4825 0.7425 0.467361 0.167275 -0.0887534 0.981907 160 162 163
2.4825 0.7425 0.482201 0.380482 -0.151474 -0.912299 156 158 161
2.47407 0.7575 0.4725 0.76755 -0.157805 -0.62126 159 162 164
2.4825 0.7575 0.469827 -0.00501293 -0.138765 0.990313 160 161 164
2.4825 0.7575 0.479277 -0.0692619 -0.444225 -0.893234 158 159 162
2.47469 0.7725 0.4725 0.542496 -0.180876 -0.820355 160 163 165
2.4825 0.7725 0.4766 -0.261375 -0.181142 -0.948088 159 160 163
2.4825 0.774494 0.4725 0 -0.899327 -0.437277 160 161 164
2.4975 0.7425 0.468498 0.011113 -0.202221 0.979277 160 161 163
2.4975 0.7425 0.483579 0.17918 -0.429451 -0.885136 157 158 160
2.4975 0.745146 0.4725 -0.035226 -0.996846 0.0711163 159 160 163
2.48509 0.7575 0.4725 -0.90005 -0.29442 -0.321289 159 160 163
2.49411 0.7725 0.4725 -0.993138 0.00722332 0.116724 161 162 164
2.4825 0.7725 0.470904 -0.135848 -0.0710095 0.988182 161 162 164
2.4975 0.80419 0.4875 0.136542 0.0444168 0.989638 156 158 161
2.49464 0.8175 0.4875 0.254939 -0.0195438 0.96676 156 158 162
2.4975 0.8175 0.487116 0.0051518 -0.00360474 0.99998 155 157 162
2.4975 0.827286 0.4875 -0.0289009 -0.0733789 0.996885 156 158 162
2.5125 0.7425 0.466571 0.190585 -0.0780872 0.97856 159 160 162
2.50282 0.7425 0.4875 0.957541 -0.216978 0.18983 156 157 160
2.50741 0.7575 0.4725 0.818865 -0.4703 0.329055 158 160 162
2.5125 0.7575 0.466959 0.336338 -0.343808 0.87674 160 161 163
2.50239 0.7575 0.4875 0.809034 0.0236782 0.587285 155 157 160
2.5125 0.763261 0.4725 0.51955 -0.666047 0.535209 158 159 162
2.50192 0.7725 0.4875 0.452735 -0.196014 0.869833 155 157 160
2.5125 0.7725 0.485351 0.367688 -0.507996 0.778939 155 157 160
2.50624 0.7875 0.4875 0.203113 -0.009244 0.979112 155 157 161
2.5125 0.7875 0.485668 0.0857641 -0.06351 0.994289 155 157 161
2.50303 0.8025 0.4875 0.0207042 0.0108441 0.999727 156 158 161
2.5125 0.8025 0.487308 0.0143788 -0.0438884 0.998933 156 158 161
2.5125 0.806442 0.4875 -0.0588795 -0.0466275 0.997176 156 158 161
2.50681 0.8175 0.4875 -0.0601843 -0.0440179 0.997216 155 158 162
2.5275 0.7425 0.461757 0.0245751 -0.0176386 0.999542 160 161 163
2.5275 0.734421 0.4875 0 1 9.68836e-17 156 157 161
2.5275 0.7575 0.463902 0.118707 -0.215166 0.969336 160 161 163
2.52671 0.7725 0.4725 0.515631 -0.645226 0.563745 161 162 164
2.5275 0.7725 0.471394 0.306291 -0.406759 0.860658 161 162 164
2.5275 0.773227 0.4725 0.654396 -0.524236 0.544924 161 162 164
2.5275 0.7875 0.486284 0.40998 -0.338726 0.846865 156 157 161
2.5275 0.798351 0.4875 0.405651 -0.319021 0.856547 156 158 161
2.51635 0.8025 0.4875 -0.0448573 -0.100715 0.993904 156 158 161
2.5275 0.821454 0.4875 0.192813 0.189104 0.962841 156 158 161
2.51647 0.8325 0.4875 0.301184 -0.114385 0.946681 156 158 161
2.5275 0.8325 0.486006 0.150069 0.0329714 0.988126 155 158 160
2.52541 0.8475 0.4875 0.461158 -0.332473 0.822676 155 157 160
2.5275 0.8475 0.486381 0.185516 -0.0626921 0.980639 155 158 160
2.5275 0.849812 0.4875 0.471383 -0.371051 0.800075 155 157 160
2.5425 0.7425 0.464826 0.0917861 -0.019963 0.995579 160 161 163
2.5425 0.7575 0.466264 0.0839017 -0.0861808 0.99274 161 161 163
2.5425 0.7725 0.466578 0.220806 -0.129679 0.966658 161 161 163
2.53867 0.7875 0.4725 0.656244 -0.515328 0.551163 160 161 163
2.5425 0.7875 0.468425 0.399634 -0.279602 0.872992 161 162 165
2.5425 0.792329 0.4725 0.35229 -0.634484 0.687984 160 161 163
2.52899 0.8025 0.4875 0.305871 -0.0570328 0.950363 156 158 161
2.5425 0.8025 0.483035 0.149906 -0.326081 0.933381 156 158 161
2.5312 0.8175 0.4875 0.283176 0.0623468 0.957039 156 158 161
2.5425 0.8175 0.483939 0.145291 -0.00947804 0.989344 156 158 161
2.5425 0.8325 0.484459 0.119352 0.0406554 0.992019 156 158 161
2.5425 0.8475 0.484152 0.155881 -0.0532168 0.986341 155 157 160
2.53726 0.8625 0.4875 0.47557 -0.392114 0.787451 154 157 160
2.5425 0.8625 0.484485 0.160624 -0.168723 0.972488 155 158 161
2.5425 0.868653 0.4875 0.0817326 -0.46444 0.881825 154 157 160
2.5575 0.7425 0.460692 0.271042 -0.029164 0.962126 161 161 163
2.5575 0.7575 0.460514 0.295509 -0.0586965 0.953535 161 161 163
2.5575 0.7725 0.462677 0.30821 -0.0659107 0.949032 161 162 164
2.5575 0.7875 0.462937 0.0712518 -0.436946 0.896661 162 162 164
2.5575 0.796052 0.4725 -0.283453 -0.781971 0.555135 158 160 162
2.5575 0.8025 0.483524 -0.0223423 -0.374072 0.927131 156 158 161
2.5575 0.8175 0.483905 0.0917154 0.00533979 0.995771 157 159 161
2.5575 0.8325 0.483547 0.0931688 0.0708803 0.993124 156 159 161
2.5575 0.8475 0.480047 0.110112 -0.034926 0.993305 156 159 162
2.5575 0.8625 0.484476 0.150695 -0.225135 0.962603 155 158 162
2.5575 0.868834 0.4875 0.277128 -0.434299 0.857079 154 157 161
2.56846 0.7425 0.4575 0.263098 -0.0331904 0.964198 161 161 163
2.5725 0.7425 0.456217 0.0499248 -0.0574253 0.997101 161 161 163
2.57091 0.7575 0.4575 0.220196 -0.022173 0.975204 161 161 163
2.5725 0.7575 0.457184 0.0714291 -0.0316437 0.996944 161 161 163
2.5725 0.750656 0.4725 -0.326155 -0.921407 0.211265 158 159 161
2.56643 0.7575 0.4725 -0.97071 -0.205822 -0.123932 158 160 162
2.5725 0.7575 0.45813 -0.842191 -0.296411 -0.450394 161 161 163
2.5725 0.7575 0.483036 -0.319632 -0.228034 0.919693 156 158 161
2.57162 0.7725 0.4575 0.291334 -0.0765676 0.953552 161 161 163
2.5725 0.7725 0.457187 0.0571485 -0.0152123 0.99825 161 161 163
2.56603 0.7725 0.4725 -0.996762 0.00291179 0.0803533 158 160 162
2.5725 0.7725 0.458124 -0.870247 -0.0194449 -0.492231 161 161 163
2.5725 0.7725 0.481263 -0.316957 0.060444 0.946512 156 158 161
2.5725 0.77541 0.4575 -0.662057 -0.461745 0.590315 161 161 163
2.56625 0.7875 0.4725 -0.846807 -0.385314 0.366676 158 159 162
2.5725 0.7875 0.481191 -0.173718 -0.211707 0.96177 156 158 161
2.5725 0.8025 0.481745 0.16601 -0.00963045 0.986077 157 159 161
2.5725 0.8175 0.48136 0.144307 0.0378119 0.98881 156 158 160
2.5725 0.8325 0.479927 0.197003 0.0593903 0.978602 156 158 161
2.5725 0.8475 0.480701 0.212886 -0.0328635 0.976524 157 159 163
2.5725 0.8625 0.482314 0.160931 -0.152116 0.975173 155 158 161
2.56386 0.8775 0.4875 0.511235 -0.438432 0.739199 154 157 160
2.5725 0.8775 0.482495 0.199987 -0.227582 0.953001 155 158 161
2.5725 0.886875 0.4875 0.138141 -0.496515 0.856966 154 157 160
2.58103 0.7425 0.4575 -0.14463 -0.0584721 0.987757 161 161 163
2.5875 0.7425 0.458479 -0.290211 -0.776969 0.558656 161 161 163
2.57445 0.7575 0.4575 -0.742503 -0.630969 0.224872 161 161 163
2.5875 0.75387 0.4725 0.28457 -0.770063 0.570985 157 158 161
2.5875 0.7575 0.47972 0.351129 -0.481157 0.803241 156 158 161
2.57491 0.7725 0.4575 -0.590941 -0.0504383 0.805136 161 161 163
2.5875 0.7725 0.480109 0.171141 0.0335927 0.984674 156 159 162
2.5875 0.7875 0.478775 0.141693 0.0485717 0.988718 156 158 161
2.5875 0.8025 0.478462 0.193876 -0.00766756 0.980996 157 158 160
2.5875 0.8175 0.478856 0.190507 -0.00311273 0.981681 156 158 160
2.5875 0.8325 0.478669 0.0801962 0.0786063 0.993675 157 159 162
2.5875 0.8475 0.474884 0.0743733 0.0575759 0.995567 157 159 163
2.5875 0.8625 0.476639 0.197154 -0.241381 0.950192 157 160 163
2.5875 0.8775 0.482661 0.139126 -0.275275 0.951246 155 158 162
2.5875 0.887456 0.4875 0.275103 -0.438386 0.855649 154 157 160
2.59091 0.7425 0.4575 0.531167 -0.226068 0.816551 161 161 163
2.6025 0.7425 0.454469 0.0855829 -0.0461694 0.995261 160 160 162
2.59497 0.7575 0.4575 0.747689 -0.0577772 0.661531 161 161 163
2.6025 0.7575 0.455113 0.0907245 -0.0273159 0.995501 161 161 163
2.5905 0.7575 0.4725 0.896776 -0.427678 0.113513 157 159 161
2.59348 0.7725 0.4575 0.931091 -0.30554 0.199288 161 161 162
2.6025 0.7725 0.454956 -0.0211139 0.00364505 0.99977 162 160 161
2.6025 0.77118 0.4725 0.22339 -0.971977 -0.0731984 156 158 161
2.6025 0.7725 0.466894 -0.0874177 -0.19623 -0.976654 158 159 161
2.6025 0.7725 0.476128 0.218957 -0.185002 0.958036 156 158 161
2.59588 0.7875 0.4575 0.972872 -0.153223 -0.173329 162 161 162
2.6025 0.7875 0.454615 0.0569934 -0.0472296 0.997257 162 160 161
2.6025 0.7875 0.466585 0.133159 -0.166673 -0.976979 159 159 160
2.6025 0.7875 0.476719 0.0671025 0.0262266 0.997401 157 158 160
2.59961 0.8025 0.4575 0.967916 -0.165016 -0.189496 161 160 165
2.6025 0.8025 0.456391 -0.00726326 -0.094842 0.995466 161 160 165
2.6025 0.8025 0.462254 -0.162487 -0.270638 -0.948869 160 160 164
2.6025 0.8025 0.475663 0.0550577 0.0412461 0.997631 157 158 161
2.60006 0.8175 0.4575 0.904832 0.0240726 -0.425088 162 161 166
2.6025 0.8175 0.456971 0.122946 -0.0296985 0.991969 162 161 166
2.6025 0.8175 0.460528 -0.0985364 0.22968 -0.968265 161 160 165
2.6025 0.8175 0.47565 0.0982894 -0.0142216 0.995056 157 159 161
2.59639 0.8325 0.4575 0.77987 0.197632 -0.593922 162 163 167
2.6025 0.8325 0.465694 -0.179171 0.0199997 -0.983615 159 160 164
2.6025 0.8325 0.475907 0.115893 -0.0517933 0.99191 157 158 162
2.6025 0.8475 0.478165 0.00789034 0.0413918 0.999112 157 159 163
2.6025 0.8625 0.476246 0.0978133 -0.0348923 0.994593 157 159 163
2.6025 0.8775 0.481941 0.22874 -0.237018 0.944193 155 159 162
2.59129 0.8925 0.4875 0.505477 -0.446818 0.738137 154 157 160
2.6025 0.8925 0.480871 0.243517 -0.178885 0.953257 155 159 162
2.6025 0.904619 0.4875 0.469007 -0.439517 0.766066 154 158 161
2.6175 0.7425 0.454926 0.0548614 -0.0264161 0.998144 160 160 162
2.61305 0.7425 0.4725 -0.980904 0.152378 0.120864 159 161 164
2.6175 0.7425 0.461156 -0.432887 0.293926 -0.852183 160 160 162
2.6175 0.7425 0.480671 -0.279242 0.298833 0.912536 158 161 164
2.6175 0.7575 0.456434 0.0354549 -0.0600004 0.997568 162 160 161
2.6175 0.746086 0.4725 -0.646916 0.761096 -0.047249 159 161 164
2.6175 0.76717 0.4575 0.0369772 -0.906902 0.419716 162 160 161
2.61595 0.7725 0.4575 -0.962196 -0.0160564 0.271885 162 160 161
2.6175 0.76877 0.4725 -0.410382 -0.908383 0.080163 159 159 161
2.6175 0.7725 0.479057 -0.064037 -0.174962 0.98249 158 159 161
2.6175 0.782901 0.4575 0.951173 0.302944 -0.0591134 161 161 162
2.6175 0.7875 0.457278 0.0604944 -0.02283 0.997907 161 161 163
2.6175 0.7875 0.458266 0.085164 -0.0299708 -0.995916 161 161 163
2.6175 0.7875 0.47708 0.014082 0.0732025 0.997218 157 158 160
2.6175 0.788667 0.4575 -0.0908278 -0.716899 0.691236 161 161 163
2.60804 0.8025 0.4575 -0.932552 -0.325053 -0.157121 161 160 165
2.6175 0.8025 0.476978 0.0775465 0.0472926 0.995866 157 158 161
2.60612 0.8175 0.4575 -0.955631 0.276194 0.102401 162 161 166
2.6175 0.8175 0.475708 0.0829703 0.0205822 0.996339 157 159 161
2.6175 0.831169 0.4575 0.753094 0.346304 -0.559395 162 163 167
2.6175 0.8325 0.458308 -0.0146674 -0.220299 -0.975322 162 163 167
2.6175 0.8325 0.476113 0.103269 -0.00870201 0.994615 157 159 163
2.6175 0.834282 0.4575 -0.267926 -0.325012 -0.906963 162 163 167
2.60719 0.8475 0.4575 -0.322831 -0.25188 -0.912325 162 163 167
2.6025 0.8475 0.459159 -0.396826 -0.345079 -0.850558 161 163 167
2.6175 0.8475 0.475969 0.154373 0.0831893 0.984504 157 159 162
2.6175 0.857887 0.4725 0.23908 0.310291 0.920087 157 160 163
2.61291 0.8625 0.4725 0.450613 -0.16531 0.87728 157 160 163
2.61681 0.8775 0.4725 0.52238 -0.317293 0.791482 158 160 164
2.6175 0.878246 0.4725 0.543902 -0.442419 0.713047 158 160 164
2.6175 0.8925 0.481344 0.293336 -0.238478 0.925788 156 158 162
2.60527 0.9075 0.4875 0.486858 -0.427042 0.761974 154 157 161
2.6175 0.9075 0.480381 0.176918 -0.275469 0.94489 156 158 162
2.6175 0.921713 0.4875 0.277227 -0.44251 0.852837 153 157 160
2.6175 0.948899 0.4875 0.0745 0.0722031 0.994604 154 158 161
2.61303 0.9525 0.4875 0.0781337 0.024864 0.996633 154 158 161
2.6175 0.9525 0.487228 0.0690832 0.0418509 0.996733 154 158 161
2.6325 0.7425 0.452943 0.226271 -0.0280602 0.97366 162 161 162
2.6325 0.741248 0.4725 0.740328 -0.665152 -0.0974026 157 160 163
2.6325 0.7425 0.468159 0.482782 -0.203799 -0.851697 158 160 162
2.6325 0.7425 0.476459 0.413615 -0.278679 0.866753 157 160 163
2.6325 0.7575 0.453213 0.227793 -0.0227588 0.973444 163 161 162
2.63073 0.7575 0.4725 -0.921173 0.356342 0.156399 158 160 162
2.6325 0.7575 0.467808 -0.0982144 -0.0905075 -0.991041 160 160 162
2.6325 0.7575 0.476959 -0.0867517 -0.0665514 0.994005 158 160 163
2.61865 0.7725 0.4575 0.602098 -0.701216 -0.381804 162 160 161
2.6325 0.7725 0.453276 0.263567 -0.0165243 0.964499 162 160 162
2.6325 0.7725 0.466422 0.335106 -0.00614061 -0.942161 159 159 161
2.6325 0.7725 0.476491 0.0557388 0.0114249 0.99838 157 159 161
2.6325 0.7875 0.453326 0.236557 -0.0139843 0.971517 161 161 164
2.6325 0.7875 0.467147 0.1911 0.123262 -0.9738 158 159 162
2.6325 0.7875 0.476419 -0.00883179 0.0895176 0.995946 157 159 161
2.62169 0.8025 0.4575 0.960572 -0.186019 0.206634 161 160 164
2.6325 0.8025 0.453439 0.262553 -0.0298015 0.964457 161 161 164
2.6325 0.8025 0.471173 0.417814 0.0644329 -0.906245 157 159 161
2.6325 0.8025 0.473379 -0.00771004 0.110798 0.993813 157 159 161
2.6229 0.8175 0.4575 0.974621 0.11061 -0.194627 162 161 166
2.6325 0.8175 0.45414 0.298048 0.0165473 0.954407 162 161 166
2.6325 0.8175 0.471557 0.445407 0.0751586 -0.892168 157 159 162
2.6325 0.8175 0.472906 0.0600259 0.0273328 0.997823 157 159 162
2.6325 0.8325 0.454448 0.298084 -0.0196115 0.954338 162 161 166
2.6175 0.8325 0.457247 0.246625 0.0445441 0.968087 162 163 167
2.6325 0.8325 0.471605 0.5097 -0.449988 -0.733292 157 159 162
2.6325 0.8325 0.47279 0.0711062 0.00835596 0.997434 157 159 162
2.6325 0.836101 0.4575 0.506145 -0.8203 -0.266317 161 161 165
2.6325 0.8475 0.472799 0.0921075 0.0201107 0.995546 157 159 163
2.6325 0.851759 0.4725 0.0537399 0.162217 0.985291 157 159 163
2.62901 0.8925 0.4725 0.538232 -0.467757 0.701078 157 159 163
2.6325 0.89644 0.4725 0.0907298 -0.548277 0.83136 157 159 163
2.6325 0.8925 0.47031 0.0419427 -0.14777 0.988132 157 159 163
2.6325 0.9075 0.480452 0.211383 -0.307836 0.927661 156 158 162
2.62367 0.9225 0.4875 0.105814 -0.0427309 0.993467 153 157 160
2.6325 0.9225 0.486372 0.212759 -0.290428 0.932944 153 157 160
2.62621 0.9375 0.4875 0.0969574 0.0288611 0.99487 153 157 160
2.6325 0.9375 0.486851 0.106323 0.0106034 0.994275 153 157 160
2.6325 0.9525 0.486268 0.0773384 0.0303048 0.996544 154 158 161
2.63393 0.7425 0.4725 0.693698 -0.713222 0.100484 157 160 163
2.64078 0.8475 0.4575 0.728443 -0.626318 -0.277662 159 161 165
2.64671 0.8625 0.4725 -0.0518428 0.0703758 0.996172 157 159 163
2.6325 0.8625 0.471762 -0.0133582 0.140318 0.990016 157 160 163
2.6325 0.8775 0.47004 0.0390328 0.0137924 0.999143 157 159 163
2.9025 0.637309 0.4875 0.272613 0.280682 0.920272 158 162 161
2.9023 0.6375 0.4875 0.272588 0.280982 0.920187 158 162 161
2.9025 0.6375 0.487397 0.200029 -0.0733915 0.977037 158 162 161
2.9025 0.637853 0.4875 0.078773 -0.191899 0.978248 158 162 161
2.88862 0.6525 0.4875 -0.179986 0.0470114 0.982545 157 161 160
2.8875 0.6525 0.487298 -0.00846313 0.0332796 0.99941 157 161 160
2.9025 0.661878 0.4875 0.0770697 0.279337 0.957095 157 161 160
2.89607 0.6675 0.4875 0.230043 0 0.97318 157 161 160
2.9025 0.6675 0.485961 0.0223043 0.0359729 0.999104 157 161 160
2.9025 0.679765 0.4875 0.168821 -0.122493 0.978006 157 161 160
2.90087 0.6825 0.4875 -0.196058 -0.0930257 0.97617 157 161 160
2.8875 0.6825 0.484827 0.0443431 0.0321267 0.9985 157 161 160
2.9025 0.683647 0.4875 -0.153054 0.270521 0.95047 157 161 160
2.9025 0.6975 0.483557 0.0619107 0.0720463 0.995478 156 160 160
2.8875 0.6975 0.487179 0.203646 -0.0884212 0.975044 156 160 161
2.89599 0.7125 0.4875 0.359207 0 0.933258 156 160 159
2.9025 0.7125 0.484073 0.199555 -0.0574097 0.978203 156 160 159
2.9025 0.723233 0.4875 0.312526 -0.275355 0.909124 156 160 159
2.89932 0.7275 0.4875 -0.26005 -0.187569 0.947202 156 160 159
2.9175 0.6375 0.483938 0.0592416 0.047648 0.997106 158 162 161
2.91223 0.6525 0.4875 0.307141 0 0.951664 157 161 160
2.9175 0.6525 0.485174 0.186785 -0.0826264 0.97892 157 161 160
2.9175 0.660444 0.4875 0.198842 -0.249143 0.947834 158 162 161
2.91082 0.6675 0.4875 -0.195126 0.0178275 0.980616 158 162 161
2.9175 0.672014 0.4875 0 0.262593 0.964907 158 162 161
2.9041 0.6825 0.4875 0.203736 0.212449 0.955697 157 161 160
2.9175 0.6825 0.484629 0.0394698 0.0774882 0.996212 158 162 161
2.9175 0.6975 0.485225 0.00843838 0.0664143 0.997756 157 161 160
2.9175 0.7125 0.481931 0.0139476 0.112505 0.993553 156 160 159
2.90509 0.7275 0.4875 0.415239 0.204402 0.886452 156 160 159
2.9175 0.7275 0.48125 0.210939 0.0715266 0.974879 158 160 159
2.9325 0.6375 0.48726 0.00303726 0.18277 0.983151 158 162 161
2.9325 0.6525 0.482638 0.019173 0.111648 0.993563 158 162 161
2.92218 0.6675 0.4875 0.356492 0.120601 0.926482 158 162 161
2.9325 0.6675 0.482951 0.217405 -0.0819038 0.972639 157 161 160
2.9325 0.6825 0.487318 0.120347 -0.0505996 0.991441 158 162 161
2.9325 0.6975 0.482669 0.0768483 0.171409 0.982198 156 160 159
2.9325 0.7125 0.483073 0.154591 0.0386202 0.987223 157 160 159
2.9325 0.7275 0.480318 0.000747166 0.126943 0.99191 157 161 160
2.9475 0.6375 0.482779 0.127708 0.0273602 0.991434 158 162 161
2.9475 0.6525 0.483658 0.086056 0.0951994 0.991732 158 162 161
2.9475 0.6675 0.480926 0.0350665 0.100686 0.9943 159 163 162
2.9475 0.6825 0.479477 0.257782 -0.0816175 0.96275 156 160 159
2.9475 0.6975 0.483869 0.189527 0.118533 0.974694 157 161 160
2.9475 0.7125 0.476055 0.181568 0.112321 0.976943 157 161 160
2.9475 0.7275 0.480531 0.239924 -0.0665857 0.968506 157 161 160
2.9625 0.6375 0.48406 0.0101168 0.125797 0.992004 160 164 163
2.9625 0.6525 0.481061 0.0364213 0.0858263 0.995644 159 163 162
2.9625 0.6675 0.48075 0.0797194 0.0886578 0.992867 157 161 160
2.9625 0.6825 0.479685 0.0432382 0.0922768 0.994794 156 160 159
2.9625 0.6975 0.477062 0.172984 0.0401577 0.984106 157 161 160
2.9625 0.7125 0.477609 0.0981407 0.140991 0.985135 157 161 160
2.9625 0.7275 0.473532 0.10417 -0.0446716 0.993556 157 161 160
2.9775 0.6375 0.481545 0.198049 0.166046 0.966026 160 164 163
2.9775 0.6525 0.481837 0.187785 0.018886 0.982029 160 164 164
2.9775 0.6675 0.47982 0.020296 0.110167 0.993706 159 163 163
2.9775 0.6825 0.477268 0.0735586 0.0985539 0.992409 157 161 160
2.9775 0.6975 0.477745 0.0506747 0.0844572 0.995138 158 162 161
2.9775 0.7125 0.47383 0.0204083 0.043901 0.998827 157 161 160
2.9775 0.7275 0.475823 0.0753479 0.0734036 0.994452 157 161 160
2.9925 0.6375 0.482495 -0.018472 0.275024 0.96126 160 164 165
2.9925 0.6525 0.474176 0.0315149 0.091679 0.99529 160 164 165
2.9925 0.6675 0.478895 0.190604 -0.0116221 0.981598 158 162 162
2.9925 0.6825 0.478365 0.0252527 0.103017 0.994359 158 162 162
2.9925 0.6975 0.474643 0.0336609 0.0739162 0.996696 157 161 160
2.9925 0.7125 0.476502 0.0336037 0.0479963 0.998282 158 162 161
2.9925 0.725741 0.4725 0.179498 0.286267 0.941186 157 161 160
2.99035 0.7275 0.4725 0.242681 0.257269 0.935371 157 161 160
2.9925 0.7275 0.471931 0.0166068 0.0296645 0.999422 157 161 160
3.0075 0.6375 0.476412 0.230541 -0.0822895 0.969577 161 165 166
3.0075 0.6525 0.480174 0.0828406 0.0973832 0.991793 160 164 165
3.0075 0.666095 0.4725 0.312786 0.464807 0.828323 159 163 164
3.00578 0.6675 0.4725 0.425463 -0.155555 0.891507 159 163 164
3.0075 0.6675 0.472067 0.0648677 0.0346793 0.997291 159 163 164
3.0075 0.671118 0.4725 0.282624 -0.160521 0.945704 159 163 164
3.0075 0.6825 0.475362 0.282162 -0.134204 0.949934 159 163 163
3.0075 0.6975 0.477093 0.0558175 0.0942399 0.993984 159 163 163
3.0075 0.7125 0.473668 0.142991 0.0794449 0.98653 160 164 163
2.99492 0.7275 0.4725 -0.214895 0.291044 0.932263 157 161 160
3.0075 0.7275 0.475393 0.0689121 0.0814462 0.994293 160 162 162
3.0225 0.6375 0.477837 -0.107201 0.159642 0.981337 163 167 168
3.0225 0.6525 0.474132 0.0685085 0.0554943 0.996106 161 166 167
3.00943 0.6675 0.4725 -0.228919 0.39052 0.891678 159 163 164
3.0225 0.6675 0.47583 0.0330133 0.11723 0.992556 160 164 166
3.0225 0.676977 0.4725 -0.224903 0.30989 0.923789 160 165 165
3.01416 0.6825 0.4725 0.300301 -0.214968 0.929305 159 164 164
3.0225 0.6825 0.470799 0.0245407 0.0188377 0.999521 160 166 165
3.0225 0.692683 0.4725 0.203589 -0.189874 0.960468 159 164 163
3.0225 0.6975 0.474039 0.262762 0.00221052 0.964858 159 163 162
3.0225 0.70058 0.4725 0.234874 0.291171 0.927391 159 163 163
3.01015 0.7125 0.4725 0.273277 -0.0229804 0.961661 160 164 163
3.0225 0.7125 0.469315 0.0492113 0.0584642 0.997076 160 164 164
3.01985 0.7275 0.4725 0.263615 0.0289143 0.964195 158 162 161
3.0225 0.7275 0.471292 0.167743 -0.0733864 0.983095 158 162 161
3.0375 0.6375 0.477684 -0.0774359 0.049784 0.995754 165 171 171
3.0375 0.6525 0.477775 -0.149791 0.139914 0.978768 163 168 169
3.0375 0.6675 0.473013 -0.104548 0.0792574 0.991357 163 167 168
3.0301 0.6825 0.4725 -0.249658 0.282322 0.926264 160 166 166
3.0375 0.6825 0.474905 -0.0842154 0.0587214 0.994716 161 167 168
3.0375 0.690256 0.4725 -0.267303 0.254763 0.929325 161 167 168
3.02764 0.6975 0.4725 0.211462 -1.39785e-17 0.977386 160 164 165
3.0375 0.6975 0.470793 -0.0288692 0.0375494 0.998878 162 167 169
3.0375 0.710422 0.4725 0.104775 -0.135205 0.985262 160 166 167
3.03639 0.7125 0.4725 -0.226378 -0.103631 0.968511 160 166 166
3.0375 0.7125 0.473022 -1.03296e-17 0 1 160 166 166
3.0375 0.71345 0.4725 -0.0471366 0.272498 0.961001 160 166 166
3.0375 0.7275 0.468553 -0.0286468 0.088724 0.995644 162 165 166
3.0525 0.6375 0.480772 -0.315615 0.186262 0.930427 175 180 183
3.0525 0.6525 0.47834 -0.190271 0.0718575 0.979098 166 171 174
3.0525 0.6675 0.478523 -0.244884 0.118188 0.962322 170 176 177
3.0525 0.6825 0.475368 -0.216698 0.0848051 0.972548 163 171 173
3.0444 0.6975 0.4725 -0.279635 0.266118 0.922488 161 167 170
3.0525 0.6975 0.475329 -0.199385 0.139604 0.969926 164 172 174
3.0525 0.705994 0.4725 -0.290933 0.277286 0.91568 162 168 171
3.03978 0.7125 0.4725 0.147394 -9.22126e-18 0.989078 160 166 167
3.0525 0.7125 0.470787 -0.0520569 0.0456284 0.997601 163 167 170
3.0525 0.724103 0.4725 0.0962751 -0.1485 0.984215 163 169 169
3.05101 0.7275 0.4725 -0.284367 -0.100121 0.953473 163 169 169
3.0525 0.7275 0.473089 0 -1.72415e-17 1 164 170 170
3.0675 0.631744 0.4875 -0.597578 -0.0457251 0.800506 197 203 206
3.06706 0.6375 0.4875 -0.452129 0.170355 0.875533 193 198 201
3.0675 0.638346 0.4875 -0.428238 0.243084 0.870358 194 199 202
3.0675 0.6525 0.483558 -0.373972 0.188669 0.908047 192 197 200
3.0675 0.6675 0.481359 -0.276479 0.062761 0.958968 179 184 187
3.0675 0.6825 0.481012 -0.361168 0.121387 0.924566 184 192 194
3.0675 0.6975 0.477659 -0.308122 0.120084 0.943738 177 185 187
3.0587 0.7125 0.4725 -0.315983 0.293667 0.902172 163 169 171
3.0675 0.7125 0.47611 -0.356899 0.219392 0.908015 171 179 181
3.0675 0.721733 0.4725 -0.346946 0.308413 0.885726 163 171 173
3.05622 0.7275 0.4725 0.135396 0.263026 0.955241 163 170 170
3.0675 0.7275 0.470886 -0.0868691 0.0595882 0.994436 164 171 173
3.07485 0.6525 0.4875 -0.571716 0.315487 0.75737 205 210 213
3.0825 0.665358 0.4875 -0.560664 0.335408 0.757072 205 210 211
3.0825 0.6675 0.486726 -0.385498 0.029339 0.922242 202 209 209
3.0825 0.67313 0.4875 -0.591515 -0.148097 0.792576 204 210 211
3.08002 0.6825 0.4875 -0.483761 -0.0355239 0.874479 202 210 212
3.0825 0.686562 0.4875 -0.494837 0.276027 0.823982 203 211 213
3.0825 0.6975 0.484039 -0.448382 0.170277 0.877473 197 205 207
3.0825 0.7125 0.482431 -0.45198 0.143844 0.880354 198 206 208
3.07203 0.7275 0.4725 -0.448259 0.336899 0.827987 166 174 176
3.0825 0.7275 0.478798 -0.490143 0.29172 0.821376 184 192 195
3.08377 0.6675 0.4875 -0.731136 0.147385 0.666122 204 210 210
3.08744 0.6975 0.4875 -0.721662 0.238183 0.649979 202 210 212
3.09071 0.7125 0.4875 -0.646098 0.174491 0.743041 202 210 212
3.09483 0.7275 0.4875 -0.579164 0.245277 0.777437 204 210 212
3.1575 0.6225 0.541326 0.190097 0.0759876 0.97882 169 160 145
3.1575 0.6375 0.54111 0.159757 -0.0744222 0.984347 169 160 145
3.1575 0.6525 0.540778 -0.0280076 0.0326663 0.999074 167 158 143
3.1725 0.6225 0.539361 0.117754 0.000210409 0.993043 171 162 148
3.1725 0.6375 0.537248 0.106272 -0.0335049 0.993772 171 162 147
3.1725 0.6525 0.541198 0.138718 -0.0516871 0.988982 168 159 144
3.1725 0.6675 0.54055 0.181227 0.026703 0.983079 168 158 143
3.1725 0.6825 0.540404 0.254497 0.0558476 0.96546 166 156 141
3.1725 0.6975 0.539324 0.22386 -0.0028944 0.974617 165 153 138
3.1725 0.7125 0.53887 0.13231 0.165438 0.977305 162 150 134
3.1875 0.6225 0.53451 0.100934 -0.157639 0.982325 171 161 149
3.1875 0.6375 0.538727 0.131945 -0.0303809 0.990791 172 163 149
3.1875 0.6525 0.538304 0.184656 0.000417138 0.982803 171 161 147
3.1875 0.6675 0.536736 0.281411 0.0707937 0.956972 168 159 143
3.1875 0.6825 0.53655 0.276878 0.0280614 0.960495 166 157 140
3.1875 0.6975 0.535172 0.276322 0.0258554 0.960717 163 152 135
3.1875 0.7125 0.536839 0.266549 0.0650223 0.961626 160 149 131
3.1875 0.725818 0.5325 0.249038 0.2944 0.922664 156 144 125
3.18651 0.7275 0.5325 0.308661 -0.269429 0.912215 156 143 124
3.1875 0.7275 0.532183 0.218078 0.106002 0.970157 156 143 124
3.2025 0.6225 0.537339 0.0419348 0.0805048 0.995872 174 165 150
3.2025 0.6375 0.536126 0.166561 0.0540702 0.984548 172 163 148
3.2025 0.6525 0.533413 0.283445 0.12279 0.951095 171 162 145
3.2025 0.65756 0.5325 0.374366 0.160847 0.913224 170 161 144
3.19846 0.6675 0.5325 0.357042 0.0165303 0.933942 168 159 142
3.2025 0.6675 0.53049 0.417681 0.024138 0.908273 167 158 141
3.2009 0.6825 0.5325 0.308317 0.0471471 0.950114 163 155 136
3.2025 0.6825 0.531666 0.336638 -0.0140013 0.94153 163 155 136
3.19577 0.6975 0.5325 0.330662 0.00792347 0.943716 158 149 130
3.2025 0.6975 0.530336 0.250495 0.0079661 0.968085 155 146 127
3.1962 0.7125 0.5325 0.368607 0.113049 0.922686 154 145 126
3.2025 0.7125 0.530744 0.221222 0.0543193 0.97371 150 141 122
3.2025 0.7275 0.529204 0.0514178 -0.117567 0.991733 149 136 117
3.2175 0.6225 0.533247 0.275363 0.093607 0.956772 173 164 149
3.2175 0.627919 0.5325 0.350782 0.144416 0.925254 173 164 148
3.21378 0.6375 0.5325 0.396628 0.209275 0.893807 172 163 146
3.2175 0.6375 0.530194 0.466427 0.232317 0.853508 172 163 146
3.20496 0.6525 0.5325 0.452851 0.227299 0.862126 171 162 145
3.2175 0.6525 0.52557 0.445046 0.15102 0.882682 170 161 143
3.2175 0.6675 0.52364 0.20254 -0.0350625 0.978646 164 156 137
3.2175 0.6825 0.526016 0.179648 -0.133558 0.974622 159 150 130
3.2175 0.6975 0.526636 0.156341 -0.017065 0.987556 156 146 127
3.2175 0.7125 0.527763 0.078632 -0.112913 0.990489 158 149 130
3.2175 0.721644 0.5325 -0.333308 -0.45405 0.826283 157 148 130
3.20952 0.7275 0.5325 -0.365391 -0.427411 0.826928 153 142 124
3.2175 0.7275 0.536006 -0.352821 -0.480631 0.802814 159 150 133
3.22012 0.6225 0.5325 0.445137 0.208004 0.870969 173 164 149
3.2325 0.6225 0.525937 0.439739 0.221054 0.870497 174 165 149
3.2325 0.6375 0.52208 0.470006 0.286319 0.834935 172 163 146
3.2325 0.646218 0.5175 0.491822 0.351179 0.796734 169 160 143
3.22869 0.6525 0.5175 0.516107 -0.222553 0.827105 168 159 142
3.2325 0.6525 0.516171 0.116166 0.0348156 0.992619 167 158 141
3.2325 0.655206 0.5175 -0.109433 -0.519992 0.847132 167 158 140
3.2325 0.6675 0.523226 0.0992853 -0.228726 0.968415 163 155 137
3.2325 0.6825 0.525022 0.052211 -0.202862 0.977814 167 159 143
3.2325 0.6975 0.530186 -0.0833371 -0.188674 0.978497 162 154 140
3.2325 0.703101 0.5325 -0.488136 -0.38485 0.783335 162 154 141
3.22509 0.7125 0.5325 -0.488136 -0.38485 0.783335 158 150 134
3.2325 0.7125 0.537118 -0.488136 -0.38485 0.783335 161 153 140
3.2475 0.6225 0.519204 0.243241 0.295271 0.923931 174 165 148
3.2475 0.626273 0.5175 -0.293973 0.342 0.892533 173 164 147
3.24015 0.6375 0.5175 0.366403 0.276766 0.888341 170 161 144
3.2475 0.6375 0.515238 0.053249 0.0681997 0.99625 169 160 143
3.2475 0.6525 0.516744 -0.0379451 -0.0997915 0.994285 172 164 149
3.2475 0.653822 0.5175 -0.0569676 -0.617375 0.784603 171 164 148
3.2475 0.6675 0.528263 -0.164189 -0.528716 0.832768 170 163 148
3.2475 0.680839 0.5325 -0.631491 -0.256538 0.731715 173 166 150
3.24683 0.6825 0.5325 -0.631491 -0.256538 0.731715 173 166 150
3.2475 0.6825 0.533082 -0.631491 -0.256538 0.731715 173 166 150
3.23517 0.6975 0.5325 0 0 0 162 154 141
3.26069 0.6225 0.5325 -0.667608 0.327161 0.668779 177 169 150
3.2625 0.6225 0.534318 -0.877925 0.22403 0.423153 178 169 151
3.25251 0.6375 0.5175 -0.631344 0.299459 0.715353 170 161 144
3.2625 0.625933 0.5325 -0.675064 0.315277 0.667001 177 169 150
3.2625 0.6375 0.526833 -0.642824 0.337028 0.687888 174 165 148
3.2625 0.644004 0.5325 -0.704099 -0.356184 0.61431 175 166 149
3.2582 0.6525 0.5325 -0.704099 -0.356184 0.61431 173 164 147
3.2625 0.6525 0.537426 -0.704099 -0.356184 0.61431 174 165 148
3.25031 0.6675 0.5325 0 0 0 173 166 150
3.26452 0.6375 0.5325 -0.936842 0.163649 0.309104 175 166 149
2.9025 0.6525 0.490015 0 0 1 157 161 160
2.9025 0.6825 0.487828 -4.21793e-18 0 1 157 161 160
2.9025 0.7275 0.488215 0 0 1 156 160 159
2.9175 0.6675 0.488711 0 0 1 158 162 161
3.0525 0.626989 0.5325 -0.202012 0.113898 -0.972737 182 179 171
3.0675 0.6375 0.487829 -0.600763 0.245112 0.760923 193 198 201
3.05843 0.6375 0.5325 -0.483576 0.145335 -0.863152 180 177 169
3.0675 0.6375 0.530616 -0.440846 0.304513 -0.84435 180 179 173
3.0675 0.6375 0.535222 -0.307252 0.0324679 0.951074 174 170 161
3.06156 0.6525 0.5325 -0.58507 0.193531 0.787552 173 170 163
3.0675 0.6525 0.531536 -0.209794 0.0856681 -0.973985 170 167 161
3.0675 0.6525 0.533845 -0.338456 0.133536 0.931459 167 163 155
3.0675 0.663607 0.5325 -0.342623 0.179582 -0.92215 176 174 167
3.0825 0.6375 0.4984 -0.640605 0.197053 0.742156 199 208 212
3.07546 0.6375 0.5175 -0.70857 0.590091 -0.386938 189 193 192
3.0825 0.6375 0.503825 -0.638916 0.643113 -0.422129 197 205 209
3.0825 0.6375 0.539294 -0.261476 -0.0612935 0.963262 158 151 140
3.0825 0.6525 0.494834 -0.632151 0.282877 0.721364 204 211 214
3.0825 0.646476 0.5175 -0.48259 0.738951 -0.470169 193 197 196
3.0825 0.6525 0.527809 -0.496364 0.380998 -0.780041 173 173 168
3.0825 0.6525 0.540248 -0.375095 0.109526 0.920493 160 154 143
3.06985 0.6675 0.5325 -0.811906 0.408777 0.416786 175 173 165
3.0825 0.6675 0.530109 -0.309176 0.137482 -0.941015 163 159 150
3.0825 0.6675 0.53689 -0.383457 0.187613 0.904302 156 150 140
3.0825 0.6825 0.489528 -0.637302 0.0723557 0.76721 203 210 212
3.07809 0.6825 0.5325 -0.657209 0.274271 0.702035 168 163 153
3.0825 0.6825 0.531593 -0.276166 0.0617691 -0.959123 169 163 153
3.0825 0.6825 0.534252 -0.372885 0.0924662 0.923259 165 159 148
3.0806 0.6975 0.5325 -0.551576 0.11616 0.825997 157 151 139
3.0825 0.6975 0.532142 -0.489037 -0.110446 -0.865243 155 149 137
3.0825 0.6975 0.533158 -0.442786 0.0556821 0.894897 154 148 136
3.0825 0.700115 0.5325 -0.947817 0.318814 0 155 149 137
3.0825 0.722619 0.5325 -0.60927 -0.212676 0.76391 158 152 141
3.0768 0.7275 0.5325 -1 0 0 166 160 150
3.0825 0.7275 0.531917 -0.742712 0.0684563 -0.666103 158 152 141
3.0825 0.7275 0.533435 -0.293704 0.110275 0.949514 156 150 138
3.0975 0.6225 0.545461 0 0 0 164 155 141
3.08537 0.6375 0.5025 -0.73386 0.67674 -0.0589355 200 208 213
3.0905 0.6525 0.5025 -0.792073 0.281591 0.541597 204 210 210
3.09725 0.6525 0.5175 -0.760597 0.598412 -0.251786 192 194 191
3.09546 0.6675 0.5025 -0.808488 0.29017 0.512004 207 210 207
3.0975 0.653281 0.5175 -0.9755 0.196538 0.0988553 191 193 190
3.0975 0.6675 0.505709 -0.946144 0.224236 0.233516 201 203 199
3.0975 0.6675 0.522643 -0.576957 0.207976 -0.789852 169 168 160
3.0975 0.6675 0.544461 -0.439475 0.220729 0.870713 158 151 139
3.0975 0.672333 0.5025 -0.694405 0.134801 0.706846 206 209 207
3.0975 0.6825 0.497454 -0.598421 0.0577842 0.799095 203 208 207
3.0975 0.6825 0.526687 -0.602066 0.108562 -0.791031 175 172 164
3.0975 0.6825 0.540214 -0.392946 0.151682 0.906965 157 151 140
3.0975 0.6975 0.500422 -0.709964 0.153571 0.68729 205 210 209
3.0975 0.6975 0.527022 -0.601609 -0.194214 -0.774821 161 156 146
3.0975 0.6975 0.539574 -0.371888 0.000191414 0.928278 157 149 136
3.0975 0.7125 0.493804 -0.730203 0.225867 0.644816 202 209 210
3.0975 0.702007 0.5175 -0.733609 -0.421999 -0.532666 171 171 163
3.09055 0.7125 0.5175 -0.896175 -0.15133 -0.417096 190 190 184
3.0975 0.7125 0.50507 -0.718483 -0.280335 -0.63655 199 203 202
3.08565 0.7125 0.5325 -0.980835 -0.0734568 -0.180465 162 156 144
3.0975 0.7125 0.540435 -0.394651 0.0509736 0.917416 159 152 138
3.0975 0.7275 0.49006 -0.714761 0.215279 0.665411 204 209 212
3.09166 0.7275 0.5175 -0.87131 0.133033 -0.472358 181 181 175
3.0975 0.7275 0.508286 -0.666478 0.287597 -0.687819 191 191 188
3.0975 0.7275 0.537966 -0.296962 0.171717 0.939322 157 149 136
3.09937 0.6675 0.5175 -0.989503 0.134793 -0.0521008 174 174 167
3.10051 0.6825 0.5025 -0.98396 0.0760655 0.161356 200 204 202
3.10086 0.6825 0.5175 -0.994308 0.0222087 -0.104204 192 192 186
3.09912 0.6975 0.5025 -0.979197 0.058682 0.194243 205 209 208
3.10119 0.6975 0.5175 -0.974838 -0.121562 -0.186851 167 166 158
3.10359 0.7125 0.5025 -0.970134 0.180151 -0.162439 193 198 197
3.1125 0.7125 0.545677 -0.329303 0.0590311 0.942377 161 152 138
3.1088 0.7275 0.5025 -0.917798 0.392971 0.0567545 205 209 209
3.1125 0.7275 0.542936 -0.314916 0.172318 0.933346 161 151 137
2.9025 0.729807 0.4875 -0.159144 0.324496 0.932403 156 160 159
2.9025 0.7425 0.483057 0.171256 0.0926509 0.98086 158 159 159
2.9025 0.7575 0.482539 0.0376795 0.146658 0.988469 157 158 160
2.89525 0.7725 0.4875 0.857262 -0.231916 0.459693 161 160 160
2.9025 0.7725 0.479846 0.229365 0.0106613 0.973282 157 158 160
2.89537 0.7875 0.4875 0.850007 -0.287343 0.441499 161 160 158
2.9025 0.7875 0.476664 0.512218 -0.118859 0.850591 157 158 159
2.9025 0.794458 0.4875 0.669124 -0.629748 0.394577 160 161 159
2.90153 0.8475 0.4875 -0.413578 0.446171 0.793653 166 163 158
2.88888 0.8625 0.4725 -0.405506 0.428717 0.80732 164 164 160
2.9025 0.848398 0.4875 -0.427337 0.450246 0.784004 165 163 157
2.9025 0.8625 0.479406 -0.435112 0.424199 0.794186 164 163 158
2.9025 0.876481 0.4725 -0.432216 0.401254 0.80758 163 162 157
2.9025 0.8775 0.47205 -0.112142 0.130884 0.985035 163 162 157
2.9025 0.8925 0.470592 -0.0709682 0.0956855 0.992879 164 164 161
2.9025 0.9075 0.468043 -0.140098 0.248192 0.958527 166 168 166
2.9025 0.9225 0.463299 -0.0454676 0.182768 0.982104 176 179 179
2.9025 0.9375 0.46237 -0.0626459 0.206304 0.97648 178 182 183
2.9025 0.9507 0.4575 -0.0782922 0.272638 0.958926 185 190 193
2.9025 0.9525 0.456764 -0.0322937 0.201169 0.979024 185 189 193
2.90166 0.9675 0.4275 -0.254819 0.466244 -0.847162 201 205 217
2.8875 0.959762 0.4275 -0.254819 0.466244 -0.847162 179 182 194
2.8875 0.9675 0.431759 -0.254819 0.466244 -0.847162 178 182 192
2.9175 0.7425 0.479215 0.170182 0.0108351 0.985353 157 159 160
2.9175 0.7575 0.481376 0.152236 -0.00384134 0.988337 158 159 159
2.9175 0.7725 0.478874 0.0556605 0.140941 0.988452 157 159 159
2.9175 0.7875 0.477952 0.00531046 0.127412 0.991836 157 159 160
2.90978 0.8025 0.4875 0.666858 -0.64825 0.367522 161 161 160
2.9175 0.8025 0.474235 0.458595 -0.366624 0.809492 156 160 163
2.9175 0.810259 0.4875 0.679809 -0.642321 0.353954 161 161 161
2.91626 0.8625 0.4875 -0.457293 0.422619 0.782481 166 163 158
2.9036 0.8775 0.4725 -0.369425 0.461561 0.806528 163 162 157
2.9175 0.863659 0.4875 -0.227979 0.512058 0.828144 166 163 158
2.9175 0.8775 0.478824 -0.238233 0.421776 0.874843 164 162 158
2.9175 0.889638 0.4725 -0.377847 0.420933 0.82465 165 164 160
2.9175 0.8925 0.471127 -0.0957766 0.115603 0.988667 165 164 160
2.9175 0.9075 0.470874 -0.0950281 0.159609 0.982596 162 163 160
2.9175 0.9225 0.46624 -0.170946 0.279384 0.94484 162 163 162
2.9175 0.9375 0.461909 -0.0870574 0.175285 0.980661 169 170 171
2.90539 0.9525 0.4575 -0.226263 0.348945 0.909419 185 189 193
2.9175 0.9525 0.460538 -0.121177 0.192263 0.973833 182 185 187
2.9175 0.960029 0.4575 -0.275387 0.365782 0.889025 187 190 193
2.9325 0.7425 0.478538 0.0425931 0.122129 0.9916 158 160 159
2.9325 0.7575 0.477461 0.181142 -0.0292294 0.983023 158 160 161
2.9325 0.7725 0.479011 0.153222 0.0786264 0.985059 158 159 160
2.9325 0.7875 0.475718 0.202906 0.0831641 0.97566 158 159 161
2.9325 0.8025 0.476616 0.028483 0.0933307 0.995228 156 160 162
2.9325 0.816225 0.4725 0.422677 -0.293143 0.857561 156 160 163
2.932 0.8175 0.4725 0.725235 -0.567268 0.390181 156 160 163
2.9325 0.8175 0.472065 0.0352611 0.130377 0.990837 156 160 163
2.92395 0.8175 0.4875 0.686289 -0.630799 0.362076 162 162 161
2.9325 0.818056 0.4725 0.701625 -0.584953 0.406881 156 160 163
2.9325 0.826543 0.4875 0.702817 -0.627643 0.334831 163 162 161
2.9325 0.864882 0.4875 -0.197013 0.519083 0.831709 166 164 158
2.9325 0.8775 0.480114 -0.259477 0.324972 0.909431 166 163 158
2.92028 0.8925 0.4725 -0.425008 0.423566 0.799975 165 164 160
2.9325 0.8925 0.479043 -0.260941 0.275831 0.925109 165 163 158
2.9325 0.904394 0.4725 -0.411135 0.430448 0.803544 165 164 159
2.9325 0.9075 0.470931 -0.122321 0.174291 0.977067 165 164 160
2.9325 0.9225 0.468634 -0.0985372 0.243004 0.965008 164 164 160
2.9325 0.9375 0.464693 -0.107393 0.241405 0.964464 167 167 167
2.9325 0.9525 0.460941 -0.0621018 0.13738 0.98857 177 180 182
2.9475 0.7425 0.478764 0.0115446 0.131235 0.991284 158 160 159
2.9475 0.7575 0.475428 0.00581192 0.114033 0.99346 158 160 159
2.9475 0.7725 0.474999 0.168867 0.131855 0.97678 159 161 160
2.9475 0.781132 0.4725 0.245631 0.282424 0.927309 159 161 160
2.94022 0.7875 0.4725 0.319134 -0.0123453 0.947629 159 160 160
2.9475 0.7875 0.470757 0.0694089 0.0292622 0.997159 159 161 160
2.9475 0.801392 0.4725 0.224428 -0.124567 0.966496 159 160 162
2.9475 0.8025 0.472778 0.279923 -0.123042 0.952105 159 160 162
2.93456 0.8175 0.4725 -0.182347 0.30395 0.935074 156 160 163
2.9475 0.8175 0.474966 0.0843027 0.0786963 0.993328 157 160 161
2.9475 0.824892 0.4725 0.0952087 0.348287 0.93254 157 160 161
2.94451 0.8325 0.4725 0.693383 -0.627317 0.354534 160 161 160
2.9475 0.8325 0.469766 0.045586 0.0229911 0.998696 159 161 160
2.93784 0.8325 0.4875 0.679543 -0.672186 0.293917 163 162 160
2.9475 0.83551 0.4725 0.675416 -0.619227 0.400464 161 162 160
2.9475 0.842088 0.4875 0.692971 -0.663982 0.280927 164 163 160
2.94429 0.8775 0.4875 -0.514405 0.479459 0.71099 167 163 159
2.9475 0.88092 0.4875 -0.455252 0.479987 0.749906 167 164 160
2.9475 0.8925 0.480543 -0.286283 0.298851 0.910346 166 164 160
2.93604 0.9075 0.4725 -0.389553 0.425501 0.816822 166 165 160
2.9475 0.9075 0.478021 -0.270458 0.289905 0.918045 166 164 159
2.9475 0.918671 0.4725 -0.395715 0.40268 0.825383 166 164 160
2.9475 0.9225 0.47062 -0.247799 0.311697 0.917301 166 164 160
2.9475 0.9375 0.465066 -0.171413 0.278751 0.944942 165 165 162
2.9475 0.9525 0.462256 -0.0821341 0.212396 0.973726 164 163 162
2.9625 0.7425 0.477057 0.208914 -0.0266478 0.977571 158 161 160
2.9625 0.7575 0.477128 0.0548048 0.112448 0.992145 158 160 159
2.9625 0.771031 0.4725 0.133409 0.32046 0.93782 160 160 158
2.95999 0.7725 0.4725 0.187494 0.278425 0.94198 160 160 158
2.9625 0.7725 0.472013 -0.0116823 0.0539234 0.998477 160 160 158
2.9625 0.775653 0.4725 0.0974747 -0.148397 0.984112 160 160 158
2.95492 0.7875 0.4725 -0.227717 0.0862188 0.969903 159 161 160
2.9625 0.7875 0.474245 0 0 1 159 161 160
2.9625 0.792999 0.4725 0.0936849 0.310789 0.945851 159 161 160
2.94815 0.8025 0.4725 0.276426 -0.107912 0.954957 159 160 162
2.9625 0.8025 0.469346 0.0198688 0.0788907 0.996685 159 160 160
2.95657 0.8175 0.4725 0.334197 0.00966941 0.942454 158 160 160
2.9625 0.8175 0.469647 0.181195 -0.0391003 0.98267 160 160 160
2.9625 0.829991 0.4725 0.294668 -0.210044 0.93223 159 161 160
2.9608 0.8325 0.4725 -0.206847 0.0443798 0.977366 159 161 160
2.9625 0.8325 0.472832 -9.14858e-18 0 1 159 161 160
2.9625 0.833647 0.4725 0 0.29012 0.95699 159 161 160
2.95831 0.8475 0.4725 0.828223 -0.356142 0.432677 161 162 160
2.9625 0.8475 0.468285 0.114213 0.0694831 0.991023 159 161 160
2.95251 0.8475 0.4875 0.915627 -0.0416336 0.399867 164 163 159
2.959 0.8625 0.4725 0.835204 -0.244177 0.492759 163 162 161
2.9625 0.8625 0.467173 0.410589 -0.0650352 0.909498 161 162 161
2.94895 0.8625 0.4875 0.830823 -0.381317 0.405377 165 165 160
2.9625 0.865956 0.4725 0.682139 -0.609436 0.404072 163 163 162
2.9625 0.876089 0.4875 0.673958 -0.643072 0.363646 165 165 160
2.96121 0.8925 0.4875 -0.938988 0.0808014 0.334323 166 165 160
2.9625 0.893831 0.4875 -0.658004 0.746173 0.101275 166 165 160
2.9625 0.9075 0.480594 -0.287552 0.313621 0.904962 168 166 160
2.95121 0.9225 0.4725 -0.409103 0.40074 0.819782 166 164 160
2.9625 0.9225 0.478101 -0.252295 0.267123 0.93005 168 165 160
2.9625 0.934097 0.4725 -0.412415 0.407588 0.81473 167 165 159
2.9625 0.9375 0.47062 -0.327649 0.375789 0.86685 166 165 159
2.9625 0.9525 0.464741 -0.238204 0.306816 0.921479 165 164 162
2.9775 0.73989 0.4725 0.282814 0.263938 0.922146 159 161 160
2.97417 0.7425 0.4725 0.345178 -0.0447513 0.93747 159 161 160
2.9775 0.7425 0.471748 0.0865804 0.0270757 0.995877 159 161 160
2.9775 0.751948 0.4725 0.239254 -0.084344 0.967287 160 160 159
2.9775 0.7575 0.473341 0.289107 -0.080186 0.953933 160 160 158
2.96507 0.7725 0.4725 -0.181201 0.304902 0.934987 160 160 158
2.9775 0.7725 0.474931 0.0911729 0.0942988 0.99136 160 160 158
2.9775 0.780197 0.4725 0.0807535 0.315919 0.945343 161 160 158
2.96924 0.7875 0.4725 0.256559 0 0.966529 160 161 159
2.9775 0.7875 0.470263 0.029262 0.043748 0.998614 161 160 158
2.9775 0.802002 0.4725 0.225932 -0.148494 0.962759 160 160 160
2.97714 0.8025 0.4725 -0.2084 -0.142118 0.967663 160 160 160
2.9775 0.8025 0.472575 0 0 1 160 160 160
2.9775 0.802731 0.4725 -0.191344 0.316574 0.929069 160 160 160
2.9775 0.8175 0.467466 0.0328763 0.126667 0.9914 160 160 159
2.96397 0.8325 0.4725 0.342465 0.21991 0.913432 159 161 160
2.9775 0.8325 0.467222 0.195019 -0.0276675 0.980409 160 160 159
2.9775 0.8475 0.470462 0.115209 -0.00963421 0.993295 159 159 159
2.9775 0.8625 0.466147 -0.0125663 0.187977 0.982093 159 160 159
2.97255 0.8775 0.4725 0.656024 -0.661576 0.363248 161 162 160
2.9775 0.8775 0.463754 0.399089 -0.218559 0.890483 159 161 160
2.96377 0.8775 0.4875 0.624974 -0.718987 0.304082 166 165 160
2.9775 0.882539 0.4725 0.628552 -0.744892 0.223738 162 163 160
2.9775 0.888257 0.4875 0.465348 -0.854174 0.232029 172 173 170
2.97571 0.9075 0.4875 -0.628347 0.777812 0.0137332 168 167 163
2.9775 0.908946 0.4875 -0.178391 0.817973 0.546898 168 166 163
2.9775 0.9225 0.479179 -0.209586 0.234734 0.949196 168 165 160
2.96599 0.9375 0.4725 -0.394931 0.436454 0.808417 167 166 159
2.9775 0.9375 0.478062 -0.243826 0.257174 0.935099 168 165 160
2.9775 0.946656 0.4725 -0.411315 0.483199 0.772877 167 166 160
2.9775 0.9525 0.46879 -0.330658 0.361368 0.871825 167 165 161
2.9925 0.730742 0.4725 0.0714747 -0.170328 0.982792 158 161 160
2.98136 0.7425 0.4725 -0.184072 0.0775083 0.979852 159 161 159
2.9925 0.7425 0.474519 4.93494e-18 0 1 160 161 159
2.9925 0.748862 0.4725 -5.65978e-18 0.313996 0.949424 160 160 158
2.97946 0.7575 0.4725 0.268389 -0.0986587 0.958245 160 160 158
2.9925 0.7575 0.469558 0.0413615 0.0848331 0.995536 161 161 159
2.98712 0.7725 0.4725 0.303208 0.0261211 0.952566 161 160 158
2.9925 0.7725 0.470156 0.175697 -0.0462181 0.983359 161 160 158
2.9925 0.779836 0.4725 0.235614 -0.260335 0.936329 161 160 158
2.98678 0.7875 0.4725 -0.248486 0.0406523 0.967782 161 160 158
2.9925 0.7875 0.473815 1.38413e-17 0 1 161 160 158
2.9925 0.791645 0.4725 0 0.311609 0.95021 161 160 158
2.97781 0.8025 0.4725 0.227355 0.30086 0.926171 160 160 160
2.9925 0.8025 0.468896 0.0537395 0.110353 0.992439 161 160 158
2.9925 0.8175 0.468849 0.0148679 0.0894266 0.995882 160 160 158
2.9925 0.8325 0.465842 0.000361867 0.134056 0.990974 159 159 158
2.9925 0.8475 0.463713 0.219077 -4.10515e-05 0.975708 160 160 159
2.9925 0.8625 0.46659 0.21819 0.00393245 0.975898 160 162 161
2.9925 0.8775 0.463893 -0.0188236 0.172813 0.984775 159 161 161
2.9863 0.8925 0.4725 0.882435 -0.399519 0.24838 164 164 161
2.9925 0.8925 0.460332 0.482347 -0.343276 0.805918 159 161 159
2.9925 0.892441 0.4875 0.421896 -0.9047 0.0593425 177 181 179
2.9925 0.8925 0.487349 0.922972 -7.60688e-16 -0.384867 177 181 179
2.9925 0.898997 0.4725 0.665287 -0.610761 0.429378 164 164 162
2.9925 0.892681 0.4875 0.707592 0.653162 -0.269616 177 181 180
2.97872 0.9075 0.4875 0.917148 0.280882 -0.282746 169 168 164
2.9925 0.9075 0.481669 0.320455 -0.313795 0.893779 174 175 173
2.9925 0.920799 0.4875 0.60228 -0.391804 0.69552 178 178 177
2.99049 0.9225 0.4875 -0.543976 -0.270234 0.794395 177 176 175
2.9925 0.924641 0.4875 -0.391129 0.529838 0.752523 177 176 175
2.9925 0.9375 0.479136 -0.0558659 0.141376 0.988378 168 166 162
2.98345 0.9525 0.4725 -0.464694 0.454571 0.759885 168 166 160
2.9925 0.9525 0.478022 -0.209582 0.338647 0.917275 169 166 161
2.9925 0.962231 0.4725 -0.289157 0.475851 0.830635 168 165 161
3.0075 0.736624 0.4725 0.0414581 0.319239 0.946767 160 162 160
3.0003 0.7425 0.4725 0.25428 0.105703 0.961337 160 161 159
3.0075 0.7425 0.470599 0.00296516 0.0586822 0.998272 160 162 159
3.0075 0.7575 0.472463 0.000392631 0.0590663 0.998254 161 161 159
3.0075 0.7725 0.467742 -0.01123 0.147444 0.989007 161 161 159
2.99715 0.7875 0.4725 0.396398 0.144167 0.906689 161 160 158
3.0075 0.7875 0.467287 0.202436 -0.0562386 0.977679 162 161 157
3.0075 0.8025 0.471215 0.145228 0.0316582 0.988892 161 160 158
3.0075 0.8175 0.46676 0.0978967 0.0928532 0.990855 161 161 159
3.0075 0.8325 0.466133 0.0476417 0.108414 0.992964 160 160 158
3.0075 0.8475 0.464473 -0.0175519 0.173646 0.984652 159 160 159
3.0075 0.8625 0.45974 0.106613 -0.00792027 0.994269 160 161 163
3.0075 0.8775 0.463334 0.179447 -0.0109327 0.983707 161 162 162
3.0075 0.8925 0.462449 -0.17061 0.0536718 0.983876 161 161 162
2.99255 0.8925 0.4875 1 0 0 177 181 179
3.0075 0.906588 0.4575 0.463329 -0.244702 0.851732 161 161 161
3.00613 0.9075 0.4575 0.841193 0.0647478 0.536844 161 161 161
3.0075 0.9075 0.457182 0.0531527 0.0284098 0.998182 161 161 161
3.00007 0.9075 0.4725 0.865412 -0.256394 0.430493 164 162 162
3.0075 0.909844 0.4575 0.201218 -0.131899 0.970626 161 161 161
2.99654 0.9225 0.4725 0.881722 -0.21951 0.417589 166 164 161
3.0075 0.9225 0.459223 0.588327 -0.414981 0.694018 161 161 161
2.99351 0.9225 0.4875 0.864372 0.0204446 0.502437 178 178 177
3.0075 0.933799 0.4725 0.635903 -0.497564 0.589964 167 164 162
3.0075 0.9375 0.480942 0.225538 -0.403355 0.886813 175 173 170
3.0075 0.9525 0.480398 -0.104478 0.235374 0.966273 170 167 163
3.0075 0.964284 0.4725 -0.137903 0.517525 0.844483 170 166 162
3.0225 0.731706 0.4725 0.164537 -0.218823 0.961792 159 162 161
3.01559 0.7425 0.4725 -0.250131 -0.0603441 0.96633 161 161 160
3.0225 0.7425 0.474171 0 0 1 161 162 162
3.0225 0.746838 0.4725 -0.0814203 0.350567 0.932992 161 162 161
3.0225 0.7575 0.468517 0.0627637 0.0649192 0.995915 161 162 160
3.0225 0.7725 0.469794 0.0431148 0.116163 0.992294 162 162 159
3.0225 0.7875 0.466129 -0.00355805 0.130868 0.991393 162 161 160
3.0225 0.8025 0.464962 0.174603 0.0454436 0.98359 161 160 158
3.0225 0.8175 0.463614 0.212134 0.0335558 0.976664 161 161 159
3.0225 0.8325 0.465392 0.145035 0.020636 0.989211 161 161 160
3.0225 0.8475 0.463145 0.196252 0.102508 0.975181 161 161 159
3.0225 0.8625 0.462189 0.0355885 0.110067 0.993287 160 161 162
3.0225 0.876965 0.4575 0.33144 0.297363 0.895389 160 161 163
3.02176 0.8775 0.4575 0.370841 -0.192421 0.908543 160 161 163
3.0225 0.8775 0.457328 0.0634222 0.0379325 0.997266 160 161 163
3.0225 0.87877 0.4575 0.301937 -0.176809 0.936789 160 161 163
3.0225 0.8925 0.46079 0.23757 -0.336782 0.911119 160 161 163
3.00875 0.9075 0.4575 -0.59393 0.469049 0.653636 161 161 161
3.0225 0.9075 0.472407 -0.331607 -0.196782 0.922667 180 183 183
3.0225 0.918306 0.4575 -0.354168 0.685357 0.636279 161 161 161
3.01589 0.9225 0.4575 0.199472 -0.119148 0.972633 161 161 161
3.0225 0.9225 0.456147 0.058689 0.0280094 0.997883 161 161 161
3.0225 0.934956 0.4575 0.418728 -0.337764 0.84296 161 161 161
3.01099 0.9375 0.4725 0.656135 -0.638303 0.402563 168 165 162
3.0225 0.9375 0.457785 0.619633 -0.569422 0.540198 161 161 161
3.0225 0.949046 0.4725 0.615851 -0.638228 0.461944 168 165 163
3.0225 0.9525 0.478994 0.502458 -0.233589 0.832449 174 172 169
3.02929 0.7425 0.4725 0.335103 0.143778 0.931147 160 162 161
3.0375 0.7425 0.468752 0.159796 -0.0522344 0.985767 159 163 162
3.0375 0.7575 0.471666 0.00212264 -0.00903442 0.999957 162 164 163
3.0375 0.7725 0.467563 0.0169484 0.197727 0.980111 162 163 162
3.0375 0.7875 0.466523 0.131815 0.0562692 0.989676 161 162 161
3.0375 0.8025 0.464761 -0.0325466 0.134006 0.990446 161 161 160
3.0375 0.8175 0.461704 0.0222073 0.113397 0.993302 161 161 161
3.0375 0.8325 0.462208 0.137213 0.0789034 0.987394 160 161 159
3.0375 0.846266 0.4575 0.302972 0.324249 0.896142 158 160 159
3.03564 0.8475 0.4575 0.385341 -0.125217 0.914239 158 160 159
3.0375 0.8475 0.45708 0.0764326 0.0327394 0.996537 158 160 159
3.0375 0.851463 0.4575 0.256312 -0.13323 0.957368 159 160 160
3.0375 0.8625 0.459723 0.264232 -0.0748675 0.961549 160 161 163
3.02326 0.8775 0.4575 -0.211684 0.301212 0.929764 160 161 163
3.0375 0.8775 0.460745 0.0685208 0.110223 0.991542 159 160 162
3.0375 0.887504 0.4575 0.0138468 0.31305 0.949636 161 161 163
3.03054 0.8925 0.4575 0.313405 -0.565338 0.763 161 162 164
3.0375 0.8925 0.455888 0.00368964 -0.00609807 0.999975 162 162 164
3.0375 0.902407 0.4575 -0.0709965 -0.759056 0.647142 162 162 164
3.0375 0.906309 0.4725 0.0781455 -0.897623 0.433781 177 181 180
3.02287 0.9075 0.4725 -0.162617 0.70842 0.686802 180 183 183
3.0375 0.9075 0.476169 -0.26038 0.539851 0.800477 179 183 182
3.02846 0.9225 0.4575 -0.333088 0.487056 0.807359 161 161 161
3.0375 0.909956 0.4725 -0.229382 0.697599 0.678777 179 183 182
3.0375 0.9225 0.462253 -0.176735 0.562466 0.807711 167 168 168
3.0375 0.928847 0.4575 -0.301178 0.428572 0.851832 161 161 161
3.02385 0.9375 0.4575 0.543125 -0.439989 0.71514 161 161 161
3.0375 0.9375 0.454707 0.0106811 0.106987 0.994203 161 161 161
3.03619 0.9525 0.4575 0.781625 -0.254513 0.569461 162 161 161
3.0375 0.9525 0.455344 0.272052 -0.0746058 0.959386 161 161 161
3.02576 0.9525 0.4725 0.795972 -0.28377 0.534699 168 165 162
3.0375 0.963209 0.4575 0.442334 -0.172375 0.88013 161 161 161
3.0525 0.728814 0.4725 -0.193998 0.340143 0.920146 163 169 169
3.0525 0.7425 0.467434 -0.091813 0.132465 0.986926 162 167 167
3.0525 0.7575 0.467127 0.13204 -0.0805294 0.987968 163 166 166
3.0525 0.7725 0.470183 0.0256872 0.202264 0.978994 160 164 163
3.0525 0.7875 0.461038 0.0734487 0.17313 0.982156 161 163 162
3.0525 0.8025 0.465188 0.168202 -0.0871348 0.981894 162 164 162
3.0525 0.8175 0.463816 -0.0882548 0.155105 0.983948 160 162 162
3.0525 0.8325 0.459994 -0.0540639 0.0684982 0.996185 161 163 162
3.0392 0.8475 0.4575 -0.237555 0.320476 0.916986 158 160 159
3.0525 0.8475 0.460985 -0.011159 0.191218 0.981484 159 162 161
3.0525 0.857147 0.4575 0.00319139 0.336207 0.941783 160 162 161
3.04336 0.8625 0.4575 0.252388 -0.113815 0.960909 160 161 162
3.0525 0.8625 0.455629 0.0195275 0.0541837 0.99834 160 162 161
3.05146 0.8775 0.4575 0.23737 0.0555914 0.969827 156 158 157
3.0525 0.8775 0.457074 0.134599 -0.0530082 0.989481 156 158 157
3.0525 0.879279 0.4575 0.0964238 -0.172131 0.980343 157 159 158
3.0446 0.8925 0.4575 -0.228062 -0.150178 0.961995 162 162 164
3.0525 0.8925 0.45935 -0.213854 -0.512885 0.831393 163 163 165
3.0525 0.904251 0.4725 -0.117517 -0.875278 0.469125 176 180 178
3.0525 0.9075 0.481435 -0.301916 0.358033 0.883549 181 185 183
3.0525 0.913544 0.4725 -0.115597 0.75312 0.647647 181 185 183
3.0525 0.9225 0.462228 -0.0407333 0.561025 0.826796 182 185 184
3.0498 0.9375 0.4575 -0.297593 0.436751 0.848933 161 161 161
3.0525 0.9375 0.458567 0.0410263 0.34501 0.937702 162 163 163
3.0525 0.939243 0.4575 -0.132909 0.336852 0.93213 161 161 161
3.0525 0.9525 0.452861 -0.00313237 0.140419 0.990087 161 161 161
3.0675 0.7425 0.472149 -0.148527 0.0959875 0.984239 163 168 171
3.0675 0.7575 0.467961 -0.190137 0.132619 0.972759 166 171 173
3.0675 0.7725 0.466884 -0.0325076 0.058549 0.997755 163 166 169
3.0675 0.7875 0.464573 -0.167092 0.277025 0.946223 163 167 168
3.0675 0.8025 0.459738 -0.0184324 -0.00124881 0.999829 164 165 167
3.0675 0.8175 0.46393 0.0924954 -0.0716303 0.993133 162 165 164
3.0675 0.8325 0.463188 -0.0769136 0.156696 0.984647 162 165 166
3.0675 0.847203 0.4575 0.206888 0.35213 0.912799 161 165 166
3.06709 0.8475 0.4575 0.219165 0.330601 0.91797 161 165 166
3.0675 0.8475 0.457404 -0.0449592 0.0640249 0.996935 161 165 166
3.0675 0.848205 0.4575 0.0152896 -0.15366 0.988006 161 165 166
3.05986 0.8625 0.4575 -0.26431 -0.00440511 0.964428 162 164 163
3.0675 0.8625 0.45975 -8.14464e-18 0 1 165 167 166
3.0675 0.868498 0.4575 -0.0478903 0.324437 0.944694 164 166 164
3.0675 0.8775 0.454513 -0.0154201 0.0697843 0.997443 163 165 163
3.06126 0.8925 0.4575 0.216815 -0.52969 0.820012 161 162 163
3.0675 0.8925 0.455248 0.165181 -0.156853 0.973711 160 162 161
3.0675 0.894236 0.4575 0.038854 -0.837757 0.544659 162 164 163
3.0675 0.903985 0.4725 -0.0628867 -0.923528 0.378339 177 180 179
3.0675 0.9075 0.487454 -0.325155 0.238359 0.915128 181 186 184
3.0675 0.915572 0.4725 -0.136629 0.838134 0.528075 182 186 184
3.0675 0.9225 0.463154 -0.0501973 0.641004 0.765894 181 184 183
3.0675 0.930074 0.4575 0.118397 0.484893 0.866522 181 184 184
3.05709 0.9375 0.4575 0.218658 0.346004 0.912398 167 168 168
3.0675 0.9375 0.454702 0.11736 0.21207 0.970182 177 180 180
3.0675 0.9525 0.455885 0.189917 0.0977341 0.976924 160 160 160
3.0825 0.740815 0.4725 -0.498487 0.347273 0.7943 178 186 189
3.0825 0.7425 0.471962 -0.123793 0.035721 0.991665 178 186 189
3.0825 0.745499 0.4725 -0.568916 -0.200634 0.797546 178 185 188
3.078 0.7575 0.4725 -0.444264 -0.0222056 0.895621 173 178 181
3.0825 0.7575 0.475521 -0.484903 0.101743 0.86863 179 185 187
3.0825 0.764217 0.4725 -0.417874 0.310847 0.853672 179 184 187
3.0825 0.7725 0.469533 -0.270716 0.155808 0.949967 181 186 188
3.0825 0.7875 0.467972 -0.240517 0.144512 0.959827 169 174 176
3.0825 0.8025 0.465061 -0.298264 0.192979 0.934772 168 174 176
3.0825 0.8175 0.462308 -0.13752 0.0367394 0.989817 164 169 172
3.0825 0.8325 0.463272 -0.0120406 -0.00658153 0.999906 163 167 169
3.06788 0.8475 0.4575 -0.298215 0.33014 0.895587 161 165 166
3.0825 0.8475 0.462425 -0.215398 0.206172 0.954514 163 168 167
3.0825 0.861302 0.4575 -0.298881 0.3166 0.900242 159 163 162
3.08037 0.8625 0.4575 0.17081 1.09676e-17 0.985304 160 164 163
3.0825 0.8625 0.45715 -0.054859 0.0717049 0.995916 159 163 162
3.0825 0.866434 0.4575 0.00915981 -0.101804 0.994762 160 163 162
3.07894 0.8775 0.4575 -0.266007 -0.0183944 0.963795 161 163 162
3.0825 0.8775 0.458698 0 0 1 162 164 163
3.0825 0.880854 0.4575 -0.0895701 0.286006 0.954032 161 163 162
3.0825 0.8925 0.45409 -0.0788712 -0.0524908 0.995502 161 162 162
3.0825 0.89632 0.4575 -0.060805 -0.872137 0.485469 166 169 168
3.0825 0.902245 0.4725 -0.0495022 -0.936907 0.346056 176 181 179
3.0825 0.906418 0.4875 -0.0978511 -0.975797 0.195565 202 209 206
3.06759 0.9075 0.4875 -0.218439 -0.862681 0.456143 181 186 185
3.0825 0.917982 0.4725 -0.253714 0.846412 0.468205 183 188 186
3.0825 0.9225 0.466892 -0.231642 0.707934 0.667212 183 187 186
3.0825 0.910809 0.4875 -0.284766 0.87167 0.398873 200 206 204
3.0825 0.932119 0.4575 -0.192531 0.621783 0.759156 183 187 187
3.0825 0.9375 0.45461 -0.114485 0.416062 0.9021 180 182 182
3.0825 0.9525 0.447913 0.116423 0.212474 0.970206 169 170 170
3.08363 0.7425 0.4725 -0.575204 0.239359 0.782207 180 188 191
3.0975 0.731984 0.4875 -0.657999 0.340994 0.671387 203 208 211
3.0975 0.7425 0.482849 -0.516969 0.0862359 0.851649 197 203 206
3.0975 0.7575 0.4818 -0.444553 0.0906982 0.891149 203 209 212
3.08901 0.7725 0.4725 -0.493031 0.334952 0.80295 190 196 199
3.0975 0.7725 0.478567 -0.540154 0.270544 0.796894 199 206 208
3.0975 0.786399 0.4725 -0.56317 0.312907 0.764807 202 210 212
3.0975 0.7875 0.472135 -0.299651 0.131873 0.944891 202 210 212
3.0975 0.8025 0.46984 -0.344295 0.147098 0.927266 185 193 196
3.0975 0.8175 0.467422 -0.393506 0.202387 0.896768 192 199 202
3.0975 0.8325 0.463468 -0.289855 0.0676882 0.954674 178 185 186
3.0975 0.8475 0.464569 -0.175457 0.083769 0.980917 170 175 174
3.08377 0.8625 0.4575 -0.350645 0.324368 0.87854 159 164 162
3.0975 0.8625 0.46313 -0.179744 0.260249 0.948663 172 179 175
3.0975 0.876907 0.4575 -0.295579 0.34459 0.891006 164 169 165
3.09545 0.8775 0.4575 0.0908919 0 0.995861 164 168 165
3.0975 0.8775 0.457329 -0.0825217 0.0835593 0.99308 164 169 165
3.0975 0.880115 0.4575 -0.15424 -0.0922586 0.983717 164 168 165
3.09483 0.8925 0.4575 -0.273412 -0.227758 0.934544 163 165 164
3.0975 0.8925 0.458506 -0.00469836 -0.51054 0.859841 166 168 167
3.0975 0.901417 0.4725 0.157065 -0.893188 0.421362 193 199 197
3.0975 0.904715 0.4875 0.124102 -0.971745 0.200775 201 208 205
3.09442 0.9225 0.4725 -0.341771 0.780004 0.5242 196 203 200
3.0975 0.917949 0.4875 0.0202261 0.914236 0.404676 202 209 206
3.0975 0.9225 0.477152 0.552894 -0.0628009 0.830882 200 208 205
3.0969 0.9375 0.4575 -0.247227 0.661674 0.70786 183 186 186
3.0975 0.923973 0.4725 -0.238082 0.806957 0.540497 198 205 203
3.0975 0.9375 0.457742 0.00978715 0.737102 0.67571 183 186 186
3.0975 0.937731 0.4575 -0.116037 0.400247 0.909031 183 186 186
3.0975 0.9525 0.45106 0.0162986 0.352537 0.935656 175 177 177
3.10375 0.7425 0.4875 -0.717085 0.349957 0.60276 203 208 211
3.11014 0.7575 0.4875 -0.588033 0.160548 0.792743 205 209 210
3.10816 0.7725 0.4875 -0.623174 0.154595 0.766651 206 211 211
3.09817 0.7875 0.4725 -0.605999 0.2632 0.750661 203 211 213
3.1125 0.780844 0.4875 -0.639031 0.348698 0.685601 208 212 213
3.1125 0.7875 0.484191 -0.626775 0.26586 0.732442 208 213 214
3.10331 0.8025 0.4725 -0.534833 0.18343 0.824807 194 202 205
3.1125 0.8025 0.478401 -0.610514 0.180286 0.771213 203 211 212
3.10584 0.8175 0.4725 -0.546062 0.147598 0.82464 207 215 218
3.1125 0.8175 0.478094 -0.580427 0.144361 0.801414 207 215 217
3.1125 0.830312 0.4725 -0.555486 0.292957 0.77821 203 211 214
3.1125 0.8325 0.471655 -0.487007 0.162539 0.858141 200 208 211
3.1125 0.8475 0.470015 -0.440191 0.182301 0.879203 201 210 209
3.1125 0.8625 0.463852 -0.39049 0.253012 0.885157 182 189 188
3.10125 0.8775 0.4575 -0.114417 0.302462 0.946269 171 177 173
3.1125 0.8775 0.459093 -0.341131 0.159128 0.926449 194 200 198
3.1125 0.8925 0.459912 -0.16017 -0.176005 0.971271 175 181 179
3.10435 0.9075 0.4725 0.741204 -0.283586 0.608438 198 206 203
3.1125 0.9075 0.46656 0.246521 -0.545071 0.801327 196 204 201
3.10062 0.9075 0.4875 0.978701 0.0919579 0.183543 201 207 204
3.1125 0.917456 0.4725 -0.0893614 -0.804007 0.587867 205 212 211
3.1125 0.92187 0.4875 -0.229761 -0.950848 0.207601 203 209 206
3.10835 0.9225 0.4875 -0.715291 0 0.698827 203 209 206
3.1125 0.937293 0.4575 -0.199983 0.829246 0.521879 184 189 188
3.10514 0.9375 0.4575 0.0272034 0.419312 0.907434 184 188 187
3.1125 0.9375 0.457155 0.044754 0.659501 0.750371 184 189 188
3.1125 0.929829 0.4725 -0.358041 0.864594 0.352538 205 212 210
3.1125 0.923646 0.4875 -0.405854 0.863682 0.298891 203 209 206
3.1125 0.9525 0.444587 0.21672 0.282561 0.934447 185 188 188
3.11596 0.7875 0.4875 -0.800317 0.310221 0.513084 209 213 213
3.12047 0.8025 0.4875 -0.765303 0.308514 0.564917 205 208 208
3.1275 0.81593 0.4875 -0.729189 0.378277 0.570255 208 213 213
3.1275 0.8175 0.486565 -0.534377 0.0545632 0.843483 208 214 214
3.11364 0.8325 0.4725 -0.669969 0.221688 0.708516 202 210 213
3.1275 0.8325 0.485792 -0.655954 0.156688 0.738358 205 211 211
3.11652 0.8475 0.4725 -0.645734 0.202677 0.736173 203 212 212
3.1275 0.8475 0.482682 -0.71642 0.257281 0.648497 204 210 213
3.12476 0.8625 0.4725 -0.602642 0.273096 0.749827 202 211 210
3.1275 0.8625 0.475572 -0.759342 0.223942 0.610942 203 211 211
3.1275 0.874871 0.4725 -0.61012 0.142441 0.7794 204 210 208
3.1275 0.8775 0.471944 -0.622351 0.267911 0.735461 204 210 208
3.1275 0.8925 0.465761 -0.511324 0.161568 0.844064 203 210 208
3.1275 0.9075 0.464418 -0.219574 -0.366185 0.904266 200 209 206
3.1275 0.912206 0.4725 -0.300575 -0.879124 0.36986 203 212 209
3.1275 0.917973 0.4875 -0.29778 -0.922172 0.246831 205 210 208
3.11354 0.9375 0.4575 -0.230434 0.886086 0.402183 185 190 189
3.1275 0.935312 0.4725 -0.32695 0.895062 0.303262 204 211 210
3.1275 0.9375 0.465654 -0.415761 0.827418 0.37752 204 210 209
3.1275 0.932026 0.4875 -0.449031 0.859229 0.245147 205 211 208
3.1275 0.94207 0.4575 -0.363702 0.805625 0.467643 203 208 208
3.1275 0.9525 0.444102 -0.152793 0.646776 0.747218 188 192 191
3.1275 0.953301 0.4425 0.271917 0.367217 0.889502 187 190 189
3.1275 0.7575 0.54612 -0.400957 0.0173804 0.915932 161 151 138
3.1275 0.7875 0.542843 -0.284573 0.11289 0.951984 161 151 137
3.13008 0.8025 0.5025 -0.915276 0.35154 0.196694 176 176 171
3.1275 0.794511 0.5025 -0.788034 0.612893 -0.0580039 166 165 160
3.1275 0.8025 0.497539 -0.789442 0.353753 0.501637 187 188 185
3.13019 0.8025 0.5175 -0.928035 -0.0188732 -0.372014 162 157 148
3.1275 0.799226 0.5175 -0.545476 0.795063 -0.2652 162 157 148
3.1275 0.8025 0.524115 -0.556178 0.328045 -0.763579 162 155 145
3.1275 0.8025 0.539706 -0.313405 0.133348 0.94021 161 151 138
3.1282 0.8175 0.4875 -0.876103 0.206293 0.43576 207 213 213
3.13543 0.8175 0.5025 -0.998515 0.0370256 -0.0399566 160 159 155
3.1275 0.805927 0.5175 -0.73594 -0.53111 -0.419898 162 158 148
3.1275 0.8175 0.506312 -0.55761 -0.380152 -0.73794 164 161 155
3.1425 0.8175 0.545858 -0.447037 0.0531697 0.892934 160 150 137
3.1275 0.8175 0.538348 -0.290733 -0.0277633 0.956401 160 150 137
3.12905 0.8325 0.4875 -0.923654 0.0252462 0.382395 204 210 210
3.13375 0.8325 0.5025 -0.956035 0.288749 -0.0511901 168 167 164
3.1275 0.8325 0.505746 -0.340543 0.406473 -0.847827 170 170 165
3.1425 0.8325 0.545429 -0.347282 0.04766 0.936549 160 150 136
3.1275 0.8325 0.540841 -0.258766 0.0806329 0.962569 162 151 136
3.13088 0.8475 0.4875 -0.85659 0.244698 0.454287 201 206 208
3.13931 0.8475 0.5025 -0.920646 0.34644 0.179975 162 163 161
3.13337 0.8475 0.5175 -0.836588 0.0131181 -0.547676 160 155 148
3.1275 0.840752 0.5175 -0.316588 0.783598 -0.534552 159 154 146
3.1275 0.8475 0.529099 -0.593437 0.0218509 -0.804584 162 154 142
3.1425 0.8475 0.541075 -0.27522 0.198765 0.94061 160 150 135
3.1275 0.8475 0.536786 -0.300795 0.218819 0.928246 162 152 139
3.13678 0.8625 0.4875 -0.818428 0.223447 0.529384 206 211 212
3.1425 0.85609 0.5025 -0.925033 -0.0175056 -0.379483 155 155 152
3.1425 0.8625 0.498522 -0.886892 0.134911 0.441839 171 171 168
3.1275 0.854852 0.5175 -0.534394 -0.608936 -0.586191 158 153 146
3.1425 0.8625 0.503839 -0.38429 0.0720206 -0.920399 158 157 152
3.1275 0.8625 0.509625 -0.55004 -0.197999 -0.811327 170 169 164
3.1425 0.8625 0.539975 -0.342139 0.0330024 0.93907 160 150 137
3.1275 0.8625 0.5329 -0.357129 -0.0755073 0.930998 162 152 139
3.13869 0.8775 0.4875 -0.818273 0.238911 0.52283 184 187 184
3.1425 0.8775 0.494756 -0.876269 0.259414 0.406026 165 166 162
3.1425 0.8775 0.504175 -0.373299 0.0737088 -0.924778 155 153 148
3.1275 0.8775 0.509737 -0.621204 0.217155 -0.75296 178 177 172
3.1425 0.8775 0.541414 -0.340949 0.0015318 0.94008 161 151 137
3.1275 0.8775 0.536444 -0.277872 0.0452901 0.95955 161 152 140
3.1425 0.884771 0.4875 -0.761764 0.415862 0.496763 191 193 190
3.13616 0.8925 0.5175 -0.848643 -0.0844026 -0.522189 157 153 145
3.1275 0.882924 0.5175 -0.665893 0.610717 -0.428498 158 154 146
3.1425 0.8925 0.507172 -0.520861 0.195948 -0.830848 159 158 151
3.1275 0.8925 0.532139 -0.907794 -0.0541255 -0.41591 161 153 141
3.1425 0.8925 0.537437 -0.368182 0.177716 0.912611 162 153 139
3.1275 0.8925 0.533119 -0.254947 0.0903483 0.962725 161 153 141
3.1275 0.903521 0.5175 -0.370577 -0.720313 -0.586364 159 154 146
3.1425 0.9075 0.510293 -0.329097 -0.191945 -0.924582 158 154 146
3.1275 0.9075 0.513528 -0.305138 -0.524887 -0.794597 173 169 161
3.1425 0.9075 0.536571 -0.246332 0.00567331 0.969169 161 153 140
3.1275 0.9075 0.534587 -0.21859 -0.0950432 0.971177 163 155 143
3.1425 0.912319 0.4875 -0.378869 -0.890294 0.252654 206 211 207
3.1425 0.915663 0.5025 -0.344545 -0.903807 -0.253814 170 171 167
3.1275 0.920372 0.5025 -0.448377 -0.826303 -0.340853 191 195 190
3.13756 0.9375 0.4875 -0.453895 0.865453 0.212064 206 212 209
3.1425 0.936112 0.5025 -0.476888 0.860176 0.180765 181 182 177
3.1275 0.92777 0.5025 -0.477467 0.873418 -0.0957419 194 198 193
3.1425 0.9375 0.497406 -0.473653 0.856426 0.205397 189 192 188
3.1425 0.9375 0.503697 -0.268835 0.518786 -0.811535 180 181 176
3.1275 0.9375 0.508901 -0.462124 0.601868 -0.651304 192 193 188
3.1425 0.9375 0.545311 -0.249618 0.73186 0.634091 177 173 163
3.1275 0.9375 0.539406 -0.298646 0.721402 0.624812 177 174 164
3.1425 0.93983 0.4875 -0.432094 0.875102 0.217925 206 212 209
3.13933 0.9525 0.5175 -0.694606 0.705788 0.139236 181 179 170
3.1275 0.94195 0.5175 -0.581959 0.808988 -0.0828361 179 177 170
3.1425 0.9525 0.51273 -0.381537 0.568515 -0.728849 181 180 172
3.1425 0.9486 0.5325 -0.436818 0.814372 0.382083 178 174 164
3.1275 0.943479 0.5325 -0.486121 0.863029 0.137355 178 175 166
3.1425 0.9525 0.528003 -0.59347 0.735414 0.327047 178 175 165
3.1425 0.95527 0.5175 -0.603369 0.771819 0.200603 181 179 170
3.14456 0.8625 0.5025 -0.937338 0.122882 -0.326032 159 158 154
3.14572 0.8775 0.5025 -0.946177 0.321557 -0.0367412 156 154 149
3.1575 0.8775 0.544835 -0.221433 -0.0914175 0.970881 158 149 134
3.14621 0.8925 0.4875 -0.842947 0.342839 0.41461 194 195 191
3.15264 0.8925 0.5025 -0.926105 0.374874 -0.0424154 162 159 153
3.1575 0.8925 0.546221 -0.376297 0.176176 0.909595 159 149 135
3.15176 0.9075 0.4875 -0.895215 -0.0126679 0.445454 187 189 184
3.1575 0.905602 0.5025 -0.883284 0.333164 0.329866 160 156 149
3.1575 0.9075 0.500616 -0.591485 -0.763981 0.257834 161 158 152
3.1575 0.9075 0.502867 -0.42933 0.15665 -0.889458 159 156 149
3.1575 0.9075 0.541706 -0.359515 0.200406 0.911365 160 151 137
3.1575 0.907953 0.5025 -0.453026 -0.87556 -0.167818 160 157 150
3.14462 0.9375 0.5025 -0.445281 0.765695 -0.46415 181 182 177
3.1575 0.945896 0.4875 -0.432349 0.882521 0.185015 196 201 197
3.1575 0.944809 0.5025 -0.506368 0.85795 -0.0866817 185 186 180
3.1575 0.9525 0.508896 -0.294965 0.499455 -0.81458 184 182 175
3.1476 0.9525 0.5325 -0.505518 0.776481 0.376204 178 174 164
3.1575 0.9525 0.544991 -0.531702 0.734634 0.421433 179 173 163
3.15618 0.9675 0.5175 -0.696781 0.650646 0.301921 180 177 169
3.1575 0.9675 0.515617 -0.320772 0.471469 -0.821476 180 177 169
3.1575 0.959666 0.5325 -0.53901 0.722472 0.433016 180 175 165
3.1575 0.9675 0.522283 -0.365615 0.733243 0.573306 180 176 167
3.15815 0.9075 0.5025 -1 -2.00045e-17 0 159 156 149
3.1725 0.9075 0.545539 -0.237654 0.279959 0.930131 163 152 139
3.16616 0.9525 0.4875 -0.603775 0.788181 0.119276 191 196 192
3.16846 0.9525 0.5025 -0.529516 0.730234 -0.431707 187 188 181
3.1725 0.957773 0.4875 -0.5436 0.826089 0.148579 183 186 182
3.1725 0.955526 0.5025 -0.513329 0.806891 -0.292266 187 188 181
3.1725 0.9675 0.511819 -0.306433 0.496859 -0.81193 182 181 172
3.1725 0.965799 0.5325 -0.29804 0.769218 0.565222 179 175 165
3.1725 0.9675 0.529854 -0.294965 0.757937 0.581831 179 176 166
3.1875 0.728464 0.5325 0.177408 -0.333763 0.925812 156 143 124
3.1875 0.7425 0.537427 0.142131 -0.144203 0.979288 155 142 125
3.1875 0.7575 0.53734 0.0727099 0.0834821 0.993853 147 134 117
3.1875 0.7725 0.534907 0.124436 0.219075 0.967741 151 138 121
3.1875 0.780639 0.5325 0.203153 0.282399 0.937539 151 138 121
3.18516 0.7875 0.5325 0.666583 0 0.745431 152 140 123
3.1875 0.7875 0.530412 0.00159372 -0.00346769 0.999993 151 138 121
3.1875 0.789437 0.5325 -0.00162241 -0.737582 0.675255 152 140 123
3.1875 0.966408 0.4875 -0.476389 0.871738 0.114569 188 188 182
3.1875 0.964366 0.5025 -0.536396 0.843633 0.0236975 189 188 181
3.1875 0.9675 0.505792 -0.345917 0.539436 -0.767692 187 186 178
3.17765 0.9675 0.5325 -0.383198 0.71447 0.585399 179 175 165
3.1875 0.9675 0.539721 -0.416481 0.709975 0.567872 178 175 164
3.2025 0.736361 0.5325 0.0484924 -0.348338 0.936114 147 134 115
3.2025 0.7425 0.534786 0.171736 -0.23575 0.956519 146 133 114
3.2025 0.7575 0.536242 0.11919 0.0797668 0.989662 151 139 122
3.2025 0.772243 0.5325 0.153265 0.243291 0.957768 141 128 111
3.20209 0.7725 0.5325 0.157427 0.281263 0.94663 141 128 111
3.2025 0.7725 0.532413 -0.042872 0.0934155 0.994704 141 128 111
3.2025 0.785607 0.5325 -0.619062 -0.00616306 0.785318 138 126 110
3.20243 0.7875 0.5325 -0.137974 -0.128568 0.982056 138 126 110
3.2025 0.7875 0.532542 -0.227638 -0.891617 0.391408 138 126 110
3.2025 0.826968 0.5325 0 0.236919 0.971529 153 140 123
3.20112 0.8325 0.5325 0.713771 -0.133695 0.6875 154 141 124
3.2025 0.8325 0.531151 0 0 1 153 140 123
3.2025 0.836618 0.5325 0 -0.33548 0.942047 152 139 123
3.2025 0.8475 0.536493 -0.366012 0.391832 0.844099 151 138 122
3.1886 0.9675 0.4875 -0.623481 0.780048 0.0528789 189 188 182
3.19067 0.9675 0.5025 -0.638646 0.74712 -0.184238 189 189 181
3.20255 0.7725 0.5325 -0.818803 0.0746978 0.569194 141 128 111
3.20784 0.8325 0.5325 -0.254899 -0.184584 0.949187 153 140 123
3.2175 0.8475 0.545112 -0.420251 0.537167 0.731328 162 149 132
3.2175 0.8625 0.534095 -0.420251 0.537167 0.731328 151 139 123
3.2175 0.8775 0.536889 0.0671724 0.198071 0.977883 144 134 119
3.2175 0.8925 0.533851 -0.0547205 0.0409504 0.997662 144 134 119
3.2175 0.900885 0.5325 -0.143297 0.141372 0.979531 146 135 120
3.2164 0.9075 0.5325 0.608675 0 0.79342 149 137 121
3.2175 0.9075 0.531653 3.0236e-18 0 1 148 136 120
3.2175 0.908353 0.5325 0 -0.704718 0.709487 149 137 121
3.2325 0.8925 0.53282 0.0685211 -0.0162223 0.997518 153 144 127
3.22108 0.9075 0.5325 -0.308784 0.119266 0.943625 148 136 120
3.2325 0.9075 0.536347 -0.0928142 0.017966 0.995521 147 136 118
3.2325 0.9225 0.534909 -0.0792367 0.0951283 0.992306 146 135 117
3.2325 0.964532 0.4875 0.0716833 0.950497 -0.302351 213 220 213
3.22882 0.9675 0.4875 0.823122 0.558086 -0.104933 207 213 205
3.2325 0.9675 0.490984 0.317237 0.447325 -0.836219 206 212 204
3.2325 0.9675 0.533005 0.382768 0.699146 0.603891 180 179 167
3.2475 0.9225 0.533171 0.114532 0.0948003 0.988886 149 138 120
3.2475 0.9525 0.544895 0.0216273 0.687024 0.726313 181 178 166
3.2475 0.965856 0.4875 -0.201898 0.973356 -0.108701 214 221 214
3.2475 0.9675 0.490206 0.208795 0.706364 -0.676354 209 214 206
3.2475 0.965604 0.5325 0.0214243 0.694168 0.719494 183 182 170
3.23602 0.9675 0.5325 0.0857307 0.917153 0.389205 181 180 168
3.2475 0.9675 0.530309 -0.173407 0.923997 0.340822 183 182 170
3.2625 0.9075 0.540025 0 0 0 158 146 127
3.2625 0.911305 0.5325 0.203675 0.241044 0.948902 184 173 155
3.24925 0.9225 0.5325 0.203675 0.241044 0.948902 151 140 122
3.2625 0.9225 0.529656 0.203675 0.241044 0.948902 169 158 140
3.25176 0.9675 0.4875 -0.349962 0.906345 -0.236782 214 221 214
3.24945 0.9675 0.5325 -0.487319 0.721136 0.492426 187 187 176
3.12818 0.8775 0.4725 -0.786106 0.220898 0.577271 204 210 208
3.13551 0.8925 0.4725 -0.701563 0.356713 0.6169 203 208 207
3.1425 0.8925 0.480912 -0.759608 0.360245 0.541497 206 208 206
3.1425 0.907304 0.4725 -0.67386 0.31772 0.667058 203 209 207
3.1425 0.9075 0.472422 -0.453364 -0.285387 0.844402 203 209 207
3.1425 0.907536 0.4725 -0.349163 -0.892674 0.284989 203 209 207
3.13104 0.9375 0.4725 -0.503177 0.829912 0.240954 204 211 209
3.1425 0.948877 0.4575 -0.327974 0.871789 0.363891 208 214 213
3.1425 0.9525 0.45094 -0.287418 0.796807 0.531498 199 204 203
3.1425 0.945293 0.4725 -0.403108 0.872227 0.276991 205 212 210
3.1425 0.958883 0.4425 -0.288173 0.585996 0.757341 193 196 195
3.1425 0.9675 0.439866 0.0279693 0.395288 0.918131 193 196 196
3.14257 0.9075 0.4725 -0.821764 0.288454 0.491424 203 209 207
3.15227 0.9525 0.4575 -0.371119 0.819895 0.43594 207 213 213
3.1575 0.949627 0.4725 -0.333099 0.910509 0.244987 205 213 210
3.1575 0.9525 0.463827 -0.550523 0.772849 0.315642 206 213 211
3.15736 0.9675 0.4425 -0.353069 0.608202 0.710938 205 210 209
3.1575 0.955572 0.4575 -0.468514 0.753 0.462046 206 213 212
3.1575 0.9675 0.442618 -0.30843 0.819511 0.482983 205 210 210
3.16162 0.9525 0.4725 -0.597411 0.776194 0.201551 205 213 211
3.1725 0.964637 0.4575 -0.401299 0.852074 0.336048 208 214 212
3.1725 0.9675 0.448543 -0.31346 0.884738 0.344936 208 213 213
3.1725 0.960961 0.4725 -0.495771 0.846698 0.193166 204 208 205
3.17973 0.9525 0.4125 -0.244064 0.739088 -0.627839 208 214 210
3.1725 0.950112 0.4125 -0.244064 0.739088 -0.627839 208 214 210
3.1725 0.9525 0.415311 -0.244064 0.739088 -0.627839 206 212 209
3.1875 0.960527 0.4275 0.241036 0.814392 -0.527889 210 216 213
3.17578 0.9675 0.4275 0.62961 0.484607 -0.607245 208 214 214
3.1875 0.9675 0.439657 0.300697 0.524544 -0.796514 210 213 211
3.17868 0.9675 0.4575 -0.443445 0.848275 0.28946 210 214 211
3.1875 0.967205 0.4725 -0.389351 0.907402 0.1582 185 186 181
3.1875 0.9675 0.471494 -0.54738 0.789128 0.278663 187 187 183
3.2025 0.955137 0.4125 -0.151649 0.988385 0.00989061 211 216 212
3.1875 0.955151 0.4125 0.177741 0.969193 -0.170507 209 215 211
3.2025 0.955039 0.4275 0.153617 0.905692 -0.395125 212 217 213
3.2025 0.9675 0.437526 0.158347 0.571127 -0.805444 211 215 213
3.18785 0.9675 0.4725 -0.608015 0.792808 0.0421059 185 185 180
3.2175 0.958673 0.4125 -0.149219 0.9884 0.0282756 213 218 214
3.2175 0.95842 0.4275 -0.179545 0.982849 -0.0420853 212 218 214
3.2175 0.960087 0.4425 0.202206 0.891814 -0.404698 213 218 214
3.21084 0.9675 0.4425 0.622105 0.561353 -0.545773 211 216 213
3.2175 0.9675 0.447304 0.374615 0.525198 -0.764088 205 209 204
3.2325 0.958384 0.3975 -0.185443 0.981095 -0.0553566 212 217 213
3.2175 0.96021 0.3975 0.00596895 0.999893 -0.013349 212 217 213
3.2325 0.960321 0.4125 -0.149765 0.987252 -0.0538891 213 218 214
3.2325 0.960647 0.4275 -0.21432 0.976509 -0.0222958 214 219 215
3.2325 0.961774 0.4425 -0.175698 0.983546 -0.0420451 213 218 213
3.2325 0.961659 0.4575 0.0622189 0.993292 -0.0974626 214 219 213
3.22845 0.9675 0.4575 0.779148 0.464903 -0.420468 207 211 205
3.2325 0.962249 0.4725 0.0942321 0.993149 -0.0691035 213 220 213
3.22844 0.9675 0.4725 0.85194 0.523636 0.00206206 207 212 204
3.2475 0.965186 0.3975 -0.0841639 0.994597 0.0607743 213 218 214
3.2475 0.963851 0.4125 -0.196488 0.979382 -0.0469316 212 217 213
3.2475 0.965772 0.4275 -0.203703 0.978263 -0.0388043 215 220 214
3.2475 0.965175 0.4425 -0.245862 0.968725 -0.0335131 213 218 212
3.2475 0.965333 0.4575 -0.274377 0.961595 -0.00720919 215 220 214
3.2475 0.965628 0.4725 -0.265323 0.963888 -0.0228712 215 220 214
3.2625 0.964839 0.3825 0.015815 0.997644 0.0667526 215 217 214
3.25104 0.9675 0.3825 0.270258 0.933324 0.23636 213 215 212
3.2625 0.965252 0.3975 -0.144768 0.989325 -0.0166761 216 221 217
3.2475 0.9675 0.386548 0.236434 0.94843 0.211139 213 216 213
3.2625 0.965488 0.4125 -0.153482 0.988058 -0.0135961 216 221 215
3.2625 0.966691 0.4275 -0.13522 0.988123 -0.0729949 216 221 215
3.25264 0.9675 0.4425 -0.400679 0.912321 -0.084422 214 219 213
3.2625 0.9675 0.429613 -0.395659 0.864852 -0.309008 216 221 215
3.25293 0.9675 0.4575 -0.375235 0.926794 -0.0158721 215 220 214
3.25197 0.9675 0.4725 -0.379457 0.92516 -0.00958955 215 220 214
3.26871 0.9675 0.3825 -0.421132 0.906503 0.0300099 215 217 214
3.2693 0.9675 0.3975 -0.369725 0.929026 -0.014614 216 221 217
3.26754 0.9675 0.4125 -0.376665 0.923505 -0.0725438 216 221 215
3.26439 0.9675 0.4275 -0.383343 0.901108 -0.202614 216 221 215
3.1425 0.9825 0.43668 0.190087 -0.0429753 0.980826 180 182 183
3.13148 0.9975 0.4425 0.442765 -0.467516 0.765106 170 174 176
3.1425 0.9975 0.437025 0.192175 -0.212826 0.958005 180 183 183
3.1425 1.00791 0.4425 0.425846 -0.443001 0.788926 175 179 181
3.1425 1.0125 0.445791 0.182734 -0.151468 0.971424 177 182 184
3.1425 1.0275 0.446131 0.0816829 0.00107534 0.996658 175 179 182
3.12895 1.0425 0.4425 -0.0662818 0.20791 0.9759 164 165 167
3.1425 1.0425 0.443437 -0.10289 0.0530786 0.993276 173 177 180
3.1425 1.0575 0.445516 -0.0303661 -0.00723433 0.999513 174 178 181
3.1425 1.0725 0.444101 -0.0842718 0.0694306 0.994021 169 173 177
3.1425 1.07623 0.4425 0.429158 -0.126916 0.894268 166 170 174
3.13901 1.0875 0.4425 0.883832 -0.284108 0.371651 171 173 176
3.1425 1.0875 0.438763 0.0287788 0.0696819 0.997154 168 171 176
3.13382 1.0875 0.4575 0.717444 -0.446337 0.534844 187 188 189
3.1288 1.0875 0.4725 0.948934 0.0598409 0.309748 195 197 196
3.1425 1.09115 0.4425 0.64368 -0.683871 0.343506 172 174 178
3.1425 1.09585 0.4575 0.511501 -0.776099 0.368831 192 194 196
3.1425 1.10023 0.4725 0.153798 -0.945301 0.287665 194 196 196
3.12958 1.1025 0.4725 -0.598256 0.301356 0.742479 197 197 196
3.1425 1.1025 0.477435 0 0 1 193 194 194
3.12979 1.1175 0.4575 -0.664116 0.415328 0.621653 177 177 176
3.1425 1.11737 0.4725 -0.438422 0.502473 0.74519 196 197 197
3.1425 1.1175 0.472342 0.0698873 0.269075 0.96058 196 197 197
3.13867 1.1325 0.4575 -0.607768 0.452766 0.652397 188 188 187
3.1425 1.1325 0.462187 -0.442368 0.22739 0.867528 193 194 194
3.13663 1.1475 0.4425 -0.619114 0.472088 0.627559 168 170 169
3.1425 1.13729 0.4575 -0.698153 0.472827 0.537603 188 189 188
3.1425 1.1475 0.452435 -0.647818 0.523218 0.553692 177 179 178
3.1425 1.15317 0.4425 -0.577559 0.56713 0.587187 170 171 171
3.1425 1.1625 0.437024 -0.273597 0.315918 0.908483 165 166 168
3.1425 1.1775 0.434048 -0.00690905 0.108305 0.994094 165 165 166
3.1425 1.1925 0.432565 0.0851409 0.0446735 0.995367 164 165 166
3.1425 1.2075 0.43403 0.123686 -0.0910127 0.988139 164 165 166
3.1575 0.974731 0.4275 -0.00639955 0.874253 0.485429 188 191 191
3.15456 0.9825 0.4275 0.500652 0.164256 0.849922 183 187 187
3.1575 0.967568 0.4425 0.057538 0.807828 0.586603 205 210 210
3.1575 0.98525 0.4275 0.513216 -0.539476 0.667514 184 189 189
3.1575 0.9975 0.437401 0.296081 -0.33167 0.89573 194 199 201
3.14722 1.0125 0.4425 0.505191 -0.0695559 0.8602 178 181 184
3.1575 1.0125 0.437222 0.11346 -0.0690937 0.991137 186 188 189
3.14745 1.0275 0.4425 0.5089 -0.294691 0.808812 177 181 183
3.1575 1.0275 0.437007 0.268384 -0.126234 0.955005 188 191 192
3.1575 1.03653 0.4425 0.457384 -0.487087 0.744007 193 197 198
3.1575 1.0425 0.447177 0.031177 -0.109882 0.993456 190 195 197
3.1575 1.0575 0.444873 -0.128053 0.0693288 0.989341 203 208 211
3.1575 1.0725 0.444087 -0.0340517 -0.0150472 0.999307 189 193 196
3.15135 1.0875 0.4425 -0.423309 0.334614 0.841928 177 180 185
3.1575 1.0875 0.446406 -0.198147 0.0450745 0.979135 188 192 197
3.1575 1.09531 0.4425 -0.455312 0.357921 0.81522 189 193 197
3.15494 1.1025 0.4425 0.652161 -0.712077 0.260065 191 196 199
3.1575 1.1025 0.43982 -0.0423795 -0.102613 0.993818 190 194 198
3.14966 1.1025 0.4575 0.662494 -0.715786 0.220798 196 198 200
3.14487 1.1025 0.4725 0.82121 -0.209026 0.530964 195 196 196
3.1575 1.1048 0.4425 0 -0.926215 0.376997 193 198 201
3.1575 1.1097 0.4575 0.62656 -0.593247 0.50545 204 207 208
3.1575 1.1175 0.466783 0.201747 -0.431604 0.879213 192 193 191
3.1575 1.12764 0.4725 0.416257 -0.422828 0.804951 193 195 193
3.14846 1.1325 0.4725 -0.70315 -0.0221029 0.710698 196 197 197
3.1575 1.1325 0.475783 0 0 1 194 195 194
3.14945 1.1475 0.4575 -0.677566 0.527329 0.512669 186 189 188
3.1575 1.14583 0.4725 -0.285988 0.490477 0.823191 194 197 196
3.1575 1.1475 0.470322 -0.70153 0.458729 0.545366 194 197 196
3.15149 1.1625 0.4425 -0.637015 0.571492 0.517308 176 177 178
3.1575 1.15912 0.4575 -0.723092 0.516152 0.459048 195 198 196
3.1575 1.1625 0.455474 -0.635174 0.764726 0.10839 193 197 194
3.1575 1.16832 0.4425 -0.369849 0.680868 0.632163 176 179 179
3.1575 1.1775 0.436529 -0.116576 0.343735 0.931803 166 168 170
3.1575 1.1925 0.433561 -0.0527524 0.0843612 0.995038 166 167 170
3.1575 1.2075 0.432271 -0.0130582 0.00202014 0.999913 168 171 171
3.1725 0.980015 0.4275 0.233582 0.97106 0.0498208 201 208 209
3.1725 0.970293 0.4425 -0.274505 0.864892 0.420249 208 213 214
3.17033 0.9975 0.4275 0.512637 -0.541847 0.666037 193 198 198
3.1725 0.999486 0.4275 0.514823 -0.541187 0.664886 197 202 202
3.1725 1.0125 0.438093 0.372961 -0.258779 0.89103 206 210 212
3.1725 1.0275 0.437522 0.271523 -0.0772921 0.959323 186 191 192
3.1637 1.0425 0.4425 0.483978 -0.526907 0.698666 188 192 193
3.1725 1.0425 0.437272 0.17427 -0.204871 0.96315 183 186 187
3.1725 1.05045 0.4425 0.477607 -0.511354 0.714429 200 204 206
3.1725 1.0575 0.448412 0.179778 -0.113965 0.977083 201 206 207
3.1725 1.0725 0.446205 0.0477553 0.0124587 0.998781 204 209 211
3.1725 1.0875 0.445909 -0.0302066 -0.0850915 0.995915 205 210 213
3.16314 1.1025 0.4425 -0.131285 -0.157205 0.978801 199 204 208
3.1725 1.1025 0.449185 -0.148433 0.0841438 0.985336 205 210 215
3.16712 1.1175 0.4575 0.591945 -0.704869 0.390847 203 207 209
3.1725 1.1175 0.444065 0.345617 -0.434925 0.831498 208 213 217
3.1725 1.12229 0.4575 0.602396 -0.585143 0.542888 202 207 209
3.15929 1.1325 0.4725 0.654418 3.52162e-17 0.756133 195 197 196
3.1725 1.1325 0.4628 0.388403 -0.387721 0.835951 194 197 195
3.1725 1.1445 0.4725 0.132289 -0.671537 0.729066 194 197 195
3.15846 1.1475 0.4725 -0.572977 -0.00244836 0.819568 193 197 196
3.1725 1.1475 0.478458 -0.0621712 -0.023869 0.99778 188 189 186
3.1593 1.1625 0.4575 -0.710277 0.504791 0.490604 195 198 196
3.16999 1.1625 0.4725 -0.640583 0.456365 0.617564 198 200 198
3.1725 1.1625 0.473949 0.489807 0.188049 0.851309 198 199 197
3.1725 1.17206 0.4425 -0.441632 0.872339 0.209726 200 203 205
3.1725 1.1775 0.436152 -0.275731 0.409232 0.869771 188 193 196
3.17013 1.1775 0.4575 -0.777391 0.607383 0.163554 196 198 196
3.1725 1.1775 0.455289 -0.556028 0.702405 -0.444365 197 200 199
3.1725 1.16736 0.4725 0.0262672 0.636303 0.770992 199 200 198
3.1725 1.1775 0.461759 -0.68258 0.622198 0.383346 196 199 196
3.1725 1.1925 0.43244 -0.129382 0.0784828 0.988484 178 182 186
3.1725 1.18155 0.4575 -0.483105 0.869949 -0.0989867 197 199 197
3.1725 1.2075 0.43481 -0.135828 0.0192002 0.990546 178 183 186
3.1875 0.97534 0.4425 -0.280414 0.959823 0.0103971 209 213 213
3.1875 0.972517 0.4575 -0.484024 0.844891 0.227774 210 213 211
3.1861 1.0125 0.4275 0.612152 -0.167802 0.77273 202 206 206
3.18473 1.0275 0.4275 0.599699 -0.320426 0.733272 187 191 192
3.1875 1.03006 0.4275 0.523075 -0.557466 0.644689 194 197 198
3.1875 1.0425 0.438255 0.300298 -0.342837 0.890103 199 203 204
3.1799 1.0575 0.4425 0.552879 -0.0595836 0.831128 200 204 205
3.1875 1.0575 0.437728 0.0842829 -0.0714774 0.993875 191 194 194
3.17773 1.0725 0.4425 0.509033 -0.266348 0.818501 202 207 209
3.1875 1.0725 0.437264 0.229361 -0.0970107 0.968495 197 200 201
3.1875 1.08111 0.4425 0.451266 -0.496588 0.741458 198 202 205
3.1875 1.0875 0.447733 0.121295 -0.221127 0.967673 200 204 207
3.1875 1.1025 0.447143 -0.0518711 -0.0177267 0.998496 202 207 209
3.1875 1.1175 0.447134 -0.08086 0.0128461 0.996643 200 206 207
3.18442 1.1325 0.4575 0.740761 -0.292259 0.604862 202 209 210
3.1875 1.1325 0.449389 0.371145 -0.36311 0.854636 204 212 215
3.18296 1.1475 0.4575 0.787429 -0.206583 0.580757 200 207 208
3.1875 1.1475 0.448532 0.238759 -0.385638 0.891222 205 213 215
3.17575 1.1475 0.4725 0.845941 -0.0341561 0.532182 193 195 194
3.1875 1.15099 0.4575 -0.0787886 -0.740001 0.667976 202 208 209
3.17536 1.1625 0.4725 0.639036 -0.217769 0.737706 198 199 196
3.1875 1.1625 0.467564 0.264282 -0.316626 0.91099 192 193 189
3.18212 1.1775 0.4425 -0.698183 0.70337 -0.133459 201 203 203
3.1875 1.17029 0.4725 0.317141 -0.480135 0.817858 191 191 187
3.1777 1.1775 0.4725 -0.703474 -0.240254 0.668881 195 196 194
3.1875 1.1775 0.477698 -0.0995585 -0.0566473 0.993418 187 186 183
3.1875 1.18509 0.4425 -0.471961 0.832178 0.291087 201 204 205
3.1875 1.1925 0.438528 -0.359664 0.194484 0.912588 198 203 207
3.1875 1.1833 0.4575 -0.119985 0.982055 -0.145505 198 198 197
3.182 1.1925 0.4725 -0.775117 0.615963 0.140651 198 197 194
3.1875 1.1925 0.467094 3.04338e-17 0.762156 -0.647393 199 198 196
3.1875 1.1925 0.474956 0.288053 0.163898 0.943485 194 193 190
3.1875 1.2075 0.437034 -0.257979 0.0231492 0.965873 202 207 212
3.1875 1.19604 0.4725 1.90447e-17 1 0 202 201 199
3.20144 0.9825 0.4425 -0.455113 0.88813 0.0640114 210 214 213
3.2025 0.9825 0.442354 -0.138992 0.313499 -0.939361 211 214 213
3.2025 0.981408 0.4575 -0.125454 0.974884 -0.184016 201 203 199
3.2025 0.9825 0.446293 4.63137e-17 0.990662 0.136339 208 211 209
3.2025 0.97871 0.4725 -0.54019 0.828848 0.145619 187 187 180
3.2025 0.977911 0.4875 -0.557 0.829729 0.036074 190 190 183
3.2025 0.983473 0.4425 8.90148e-17 1 0 210 214 213
3.20071 1.0425 0.4275 0.523634 -0.557752 0.643988 192 196 196
3.2025 1.04415 0.4275 0.520514 -0.55892 0.645502 193 196 196
3.2025 1.0575 0.439056 0.382113 -0.28243 0.879899 196 199 198
3.2025 1.0725 0.438916 0.262987 -0.0854501 0.961008 195 198 198
3.19442 1.0875 0.4425 0.469545 -0.548426 0.691922 198 202 205
3.2025 1.0875 0.437895 0.11471 -0.176986 0.977506 197 200 200
3.2025 1.09402 0.4425 0.45885 -0.534599 0.70969 197 202 203
3.2025 1.1025 0.449612 0.24406 -0.218827 0.944748 200 205 206
3.2025 1.1175 0.449131 0.131951 -0.0605915 0.989403 201 207 207
3.2025 1.1325 0.4486 -0.0869133 -0.215209 0.972693 200 205 205
3.2025 1.14497 0.4575 0.228491 -0.572735 0.787253 209 214 214
3.19525 1.1475 0.4575 -0.441966 -0.661338 0.606051 208 215 216
3.2025 1.1475 0.459804 0.216619 -0.284422 0.933906 205 210 209
3.2025 1.1625 0.457531 0.440077 -0.146393 0.885947 207 213 213
3.19054 1.1775 0.4725 0.651354 -0.125044 0.7484 190 190 187
3.2025 1.1775 0.462882 0.412748 0.0746093 0.907784 195 194 191
3.1999 1.1925 0.4425 -0.4447 0.622875 0.643637 206 211 215
3.2025 1.18874 0.4575 -0.362293 0.805196 0.469471 209 212 212
3.2025 1.1925 0.444883 -0.734343 0.464475 0.494977 208 212 215
3.19332 1.1925 0.4725 0.830632 0.549961 0.0871383 184 183 180
3.2025 1.20093 0.4425 -0.390474 0.117902 0.913033 209 214 217
3.2025 1.2075 0.441782 -0.342706 0.0180152 0.93927 210 215 219
3.20265 0.9825 0.4425 0.836538 0.44964 -0.313094 211 214 213
3.20484 0.9825 0.4575 -0.564806 0.823077 -0.0594875 200 202 197
3.2175 0.9825 0.455409 -0.0237288 0.390615 -0.920248 190 191 185
3.20995 0.9825 0.4725 -0.552214 0.828788 0.0903845 189 189 182
3.21107 0.9825 0.4875 -0.745093 0.654234 -0.129669 191 190 182
3.2175 0.991987 0.4575 0.283702 0.91702 -0.280333 187 189 183
3.2175 0.988678 0.4725 -0.115425 0.979002 0.168024 192 191 183
3.2175 0.987957 0.4875 0.0954247 0.803636 -0.58742 191 190 182
3.21682 1.0575 0.4275 0.614994 -0.199636 0.762842 190 193 191
3.21668 1.0725 0.4275 0.5953 -0.318184 0.737819 193 196 195
3.2175 1.07334 0.4275 0.529147 -0.550006 0.64614 192 195 195
3.2175 1.0875 0.439549 0.30215 -0.363479 0.881243 196 199 199
3.2119 1.1025 0.4425 0.570432 -0.102354 0.814942 197 201 201
3.2175 1.1025 0.439292 0.0243049 -0.0529728 0.9983 196 198 198
3.21053 1.1175 0.4425 0.563388 -0.320705 0.761408 201 205 205
3.2175 1.1175 0.438351 0.165598 -0.0812011 0.982845 199 202 201
3.2175 1.12313 0.4425 0.470249 -0.562578 0.679979 202 205 203
3.2175 1.1325 0.451113 0.209315 -0.331775 0.919844 187 188 186
3.2057 1.1475 0.4575 0.498679 0.0530883 0.865159 204 209 208
3.2175 1.1475 0.451042 0.0585641 -0.0718851 0.995692 188 191 188
3.20254 1.1625 0.4575 0.478895 -0.290496 0.828415 207 213 213
3.2175 1.1625 0.449021 0.254599 -0.131225 0.958102 200 203 202
3.2175 1.17323 0.4575 0.427624 -0.566707 0.704259 200 202 200
3.2175 1.1775 0.461328 0.11847 -0.224204 0.967315 196 197 195
3.21023 1.1925 0.4575 -0.609876 0.38096 0.694925 197 199 198
3.2175 1.1925 0.460154 -0.221578 0.139713 0.965082 180 180 177
3.20404 1.2075 0.4425 -0.755856 0.104 0.646425 210 215 218
3.2167 1.2075 0.4575 -0.668298 0.214431 0.712318 207 208 210
3.2175 1.2075 0.457781 -0.339142 0.0673923 0.938318 206 207 209
3.22047 0.9825 0.4575 0.865105 0.442677 -0.235861 191 192 186
3.21966 0.9825 0.4725 0.890685 0.454169 0.0202905 195 195 188
3.21959 0.9825 0.4875 0.773355 0.387318 -0.501903 194 194 186
3.23228 1.0875 0.4275 0.520786 -0.56615 0.638949 190 194 192
3.2325 1.08769 0.4275 0.809481 -0.396971 0.432614 190 194 192
3.2325 1.1025 0.441094 0.497812 -0.262343 0.826655 187 188 183
3.2325 1.1175 0.44028 0.330799 0.0405994 0.942828 196 199 196
3.2285 1.1325 0.4425 0.493009 -0.572311 0.655288 188 191 188
3.2325 1.1325 0.440071 0.144716 -0.253654 0.956408 184 187 183
3.2325 1.13584 0.4425 0.506173 -0.565778 0.65091 186 188 185
3.2325 1.1475 0.452747 0.345499 -0.276908 0.896634 181 182 177
3.2325 1.1625 0.452446 0.185074 -0.075173 0.979845 183 184 180
3.22268 1.1775 0.4575 0.459492 -0.573731 0.678012 192 194 191
3.2325 1.1775 0.451617 0.0901085 -0.23353 0.968165 179 181 177
3.2325 1.18527 0.4575 0.462574 -0.555153 0.691252 162 162 157
3.2325 1.1925 0.464097 0.169676 -0.187407 0.967517 166 166 160
3.2325 1.2075 0.463158 -0.0118125 -0.0355488 0.999298 166 165 160
3.23963 1.1025 0.4275 0.876245 -0.129547 0.464125 198 199 196
3.23941 1.1175 0.4275 0.879677 0.0131945 0.475389 193 196 193
3.24521 1.1475 0.4425 0.610132 -0.160348 0.775904 174 176 172
3.24501 1.1625 0.4425 0.577436 -0.345769 0.739603 179 180 176
3.2475 1.1475 0.441006 0.545444 0.0118366 0.838064 172 174 170
3.2475 1.1625 0.440794 0.556027 -0.0371291 0.830335 175 176 172
3.2475 1.16446 0.4425 0.522143 -0.583307 0.622189 173 174 170
3.2475 1.1775 0.454743 0.262556 -0.367474 0.892203 176 176 169
3.24072 1.1925 0.4575 0.563777 -0.111162 0.818412 164 165 159
3.2475 1.1925 0.453374 -0.00334128 -0.0682629 0.997662 169 171 166
3.24023 1.2075 0.4575 0.513942 -0.361451 0.777957 170 169 164
3.2475 1.2075 0.453403 0.150679 -0.0955309 0.983956 180 181 176
3.2475 0.969183 0.3825 0.401896 0.84554 0.351486 212 214 211
3.2625 0.972092 0.4425 -0.237633 0.967364 -0.087966 216 221 215
3.2625 0.971307 0.4575 -0.221549 0.975087 0.0109869 215 220 214
3.2625 0.971897 0.4725 -0.204426 0.97868 -0.0198919 215 221 214
3.2625 0.971774 0.4875 -0.16897 0.983467 -0.0651287 214 221 214
3.26173 1.1775 0.4425 0.529019 -0.583808 0.61588 166 168 162
3.2625 1.17815 0.4425 0.797039 -0.416507 0.437322 165 167 161
3.2625 1.1775 0.441915 0.49083 -0.580659 0.649555 166 168 162
3.2625 1.1925 0.456167 0.481935 -0.2717 0.833017 181 180 172
3.2625 1.2075 0.45604 0.308404 0.0198498 0.951048 178 178 171
3.2775 0.972809 0.3825 -0.381271 0.909463 0.16586 209 211 208
3.2775 0.971219 0.3975 -0.375119 0.926726 -0.0215751 215 219 215
3.2775 0.971463 0.4125 -0.402561 0.914769 -0.0338086 216 221 215
3.2775 0.973096 0.4275 -0.311106 0.946206 -0.0889282 215 220 214
3.2775 0.973353 0.4425 -0.214291 0.976739 0.00770046 216 221 215
3.2775 0.973181 0.4575 -0.201844 0.979259 0.017632 216 221 215
3.2775 0.972755 0.4725 -0.206153 0.978385 -0.0162497 215 222 215
3.2775 0.973254 0.4875 -0.211101 0.977367 -0.0138198 215 222 215
3.26955 1.1925 0.4425 0.880373 -0.137701 0.453851 173 174 169
3.26948 1.2075 0.4425 0.888854 0.0039444 0.458174 175 176 170
3.2925 0.979765 0.3825 -0.325324 0.892846 0.311432 219 221 216
3.2925 0.975214 0.3975 -0.26914 0.963088 0.00496911 218 222 216
3.2925 0.979137 0.4125 -0.286301 0.956013 -0.0637987 217 222 216
3.2925 0.97828 0.4275 -0.27263 0.961993 0.0155922 217 222 216
3.2925 0.978193 0.4425 -0.216957 0.975868 0.0247323 217 222 216
3.2925 0.977433 0.4575 -0.199032 0.979967 0.0071259 216 222 216
3.2925 0.977793 0.4725 -0.200861 0.979413 -0.020135 216 223 216
3.2925 0.978552 0.4875 -0.206242 0.978117 -0.0274085 215 222 215
3.29987 0.9825 0.3825 -0.272661 0.765247 0.58314 213 215 210
3.2925 0.9825 0.37982 -0.263959 0.635458 0.725616 210 212 207
3.3075 0.979129 0.3975 -0.289536 0.948753 0.126638 218 221 216
3.3075 0.9825 0.389125 -0.288987 0.89671 0.335257 213 215 210
3.3075 0.981511 0.4125 -0.179921 0.979409 -0.0915744 219 221 216
3.3075 0.981141 0.4275 -0.153232 0.986969 0.0491106 218 223 217
3.3075 0.979936 0.4425 -0.144371 0.988042 0.0541221 218 223 217
3.3075 0.979092 0.4575 -0.131834 0.991118 0.0174646 217 224 217
3.3075 0.979409 0.4725 -0.13008 0.991401 -0.0142876 217 224 217
3.3075 0.979448 0.4875 -0.113896 0.993176 -0.0250806 216 223 216
3.29355 0.9975 0.3675 -0.263229 0.603127 0.752959 174 176 171
3.2925 0.996893 0.3675 -0.23912 0.63589 0.733802 174 176 171
3.3075 0.984862 0.3825 -0.17607 0.789423 0.588057 204 206 201
3.3075 0.9975 0.372258 -0.0562232 0.616068 0.785684 179 180 174
3.31718 0.9825 0.3975 -0.229927 0.971671 0.0546728 219 221 216
3.3183 0.9825 0.4125 -0.107522 0.994197 0.00324352 220 225 219
3.31731 0.9825 0.4275 -0.134142 0.990506 0.030065 219 224 218
3.3225 0.982171 0.4425 -0.148839 0.986763 0.0643863 219 224 218
3.3225 0.9825 0.43649 -0.314021 0.947152 0.0655243 219 224 218
3.3225 0.981426 0.4575 -0.179573 0.983324 0.0287535 218 225 218
3.3225 0.981653 0.4725 -0.18291 0.982983 -0.0170087 217 224 217
3.3225 0.981878 0.4875 -0.180511 0.983513 -0.0108813 217 224 217
3.3225 0.985986 0.3825 -0.175175 0.834843 0.521873 217 219 214
3.3225 0.9975 0.372475 -0.227794 0.633652 0.73932 188 190 183
3.3225 0.984061 0.3975 -0.152462 0.981615 0.11484 219 221 216
3.3225 0.982906 0.4125 -0.234592 0.971209 -0.0414562 221 226 220
3.3225 0.983217 0.4275 -0.323629 0.945614 0.0328426 219 224 218
3.3225 1.00253 0.3675 -0.0807117 0.599111 0.796587 179 180 173
3.3075 1.00697 0.3675 0.131761 0.444951 0.885809 175 176 169
3.3233 0.9825 0.4425 -0.368818 0.928229 0.0486272 219 224 218
3.32528 0.9825 0.4575 -0.379239 0.92527 -0.00727863 218 225 218
3.32438 0.9825 0.4725 -0.390537 0.920579 -0.00381323 217 224 217
3.32411 0.9825 0.4875 -0.362413 0.932005 -0.00486107 217 224 217
3.3375 0.993244 0.3825 -0.292254 0.826854 0.480521 201 204 197
3.3375 0.9975 0.378397 -0.11976 0.591116 0.797647 190 193 186
3.3375 0.985693 0.3975 -0.31872 0.929645 0.184872 220 225 218
3.3375 0.985713 0.4125 -0.221518 0.973802 -0.0513757 221 226 220
3.3375 0.989416 0.4275 -0.194787 0.979944 -0.0420421 220 226 220
3.3375 0.988148 0.4425 -0.228983 0.971714 0.0577804 219 226 219
3.3375 0.987363 0.4575 -0.222237 0.974982 0.00451094 219 226 218
3.3375 0.988223 0.4725 -0.260034 0.964163 -0.0526517 218 225 218
3.3375 0.987829 0.4875 -0.33422 0.942423 0.0116724 219 225 217
3.33726 1.0125 0.3675 -0.430417 0.635884 0.64062 180 181 173
3.3375 1.0125 0.367677 -0.214989 0.55412 0.804196 180 181 173
3.3375 1.01279 0.3675 -0.170357 0.50759 0.844589 180 181 173
3.3525 0.9944 0.3825 -0.148958 0.940436 0.3056 210 214 207
3.3525 0.9975 0.376796 -0.217678 0.559238 0.799918 198 201 194
3.3525 0.992781 0.3975 -0.338006 0.927234 0.161211 228 232 225
3.3525 0.99187 0.4125 -0.376019 0.924498 0.0625619 224 229 223
3.3525 0.990328 0.4275 -0.263823 0.963281 0.0498724 221 228 221
3.3525 0.989009 0.4425 -0.187797 0.98126 0.0431331 219 226 219
3.3525 0.988805 0.4575 -0.200985 0.979456 0.0164491 220 227 219
3.3525 0.989029 0.4725 -0.135158 0.986925 -0.0878188 220 227 219
3.3525 0.992418 0.4875 -0.140857 0.987534 -0.0702497 221 226 219
3.3525 1.0125 0.370191 -0.184726 0.426944 0.885209 186 187 181
3.3525 1.01761 0.3675 -0.321323 0.423067 0.84721 183 183 177
3.35932 0.9975 0.3825 -0.444791 0.86487 0.232726 218 221 214
3.36482 0.9975 0.3975 -0.361401 0.928737 0.0826808 223 227 221
3.36721 0.9975 0.4125 -0.358007 0.931208 0.0684263 223 230 223
3.3675 0.996324 0.4275 -0.301523 0.945997 0.119048 222 229 222
3.3675 0.9975 0.414337 -0.15648 0.984043 0.0847011 223 230 223
3.3675 0.993684 0.4425 -0.269455 0.960355 0.0714954 221 228 220
3.3675 0.994043 0.4575 -0.245175 0.969301 0.018582 221 228 221
3.3675 0.993275 0.4725 -0.226459 0.973759 0.0225897 221 228 221
3.3675 0.993197 0.4875 -0.137994 0.988956 -0.0540701 221 228 221
3.3675 1.00344 0.3825 -0.435344 0.770601 0.465457 213 216 209
3.3675 1.0125 0.374769 -0.333801 0.414288 0.846724 189 190 183
3.3675 0.998664 0.3975 -0.380488 0.905612 0.187337 222 227 221
3.3675 0.997616 0.4125 -0.266884 0.955981 0.121954 223 230 223
3.36206 1.0275 0.3675 -0.409439 0.377887 0.830398 180 180 172
3.3525 1.0275 0.362964 -0.298372 0.212628 0.930464 179 179 171
3.3675 1.0275 0.370203 -0.277446 0.352663 0.893674 182 182 175
3.3675 1.03432 0.3675 -0.278261 0.331579 0.901458 183 183 175
3.3675 1.0425 0.364647 -0.194006 0.131035 0.972209 185 185 177
3.3525 1.0425 0.362623 -0.133689 0.0225291 0.990767 181 178 171
3.1575 0.97159 0.5175 -0.38855 0.734022 -0.556993 180 176 168
3.1725 0.977313 0.5175 -0.455209 0.87232 0.178447 180 177 167
3.17968 0.9825 0.5175 -0.638062 0.686476 0.348751 180 177 167
3.1875 0.9825 0.514343 -0.297953 0.439283 -0.847499 182 180 170
3.1875 0.973276 0.5325 -0.433602 0.642168 0.632147 179 176 165
3.1875 0.9825 0.524525 -0.397571 0.596536 0.697196 180 177 167
3.1875 0.991749 0.5175 -0.576552 0.809554 -0.110499 180 178 168
3.2025 0.977329 0.5025 -0.558287 0.826389 -0.0734623 190 190 181
3.2025 0.9825 0.509048 -0.398178 0.525321 -0.751992 185 184 175
3.2025 0.982353 0.5325 -0.366994 0.610834 0.701567 178 176 165
3.2025 0.9825 0.532317 -0.381141 0.609984 0.694731 178 176 165
3.20046 0.9975 0.5175 -0.397339 0.62276 0.674012 180 177 167
3.2025 0.9975 0.517057 -0.616933 0.214301 -0.757277 180 177 167
3.2025 0.9975 0.518569 -0.365607 0.497149 0.786876 180 177 167
3.20249 1.0125 0.5175 -0.588741 -0.064969 -0.805707 182 179 169
3.2025 1.0125 0.517498 -0.739709 0.185826 -0.64676 182 179 169
3.2025 1.0125 0.517503 -0.158479 -0.162846 0.973841 182 179 169
3.19741 1.0275 0.5175 -0.999997 0.000194848 0.00253251 184 181 171
3.2025 1.0275 0.516349 -0.243471 8.93394e-05 -0.969908 184 181 171
3.2025 1.0275 0.520092 -0.311397 0.236214 0.920454 183 180 170
3.2025 1.02844 0.5175 -0.213737 0.882041 -0.419905 184 181 171
3.21269 0.9825 0.5025 -0.869871 0.306955 -0.386138 190 190 182
3.20291 0.9825 0.5325 -0.380202 0.639854 0.667858 178 176 165
3.2175 0.9825 0.540857 0.363763 0.722393 0.588068 178 174 163
3.2103 0.9975 0.5025 -0.892965 0.0443562 -0.447936 186 184 175
3.2175 0.9975 0.493215 0.0192443 0.217732 -0.975819 187 185 176
3.2175 0.991174 0.5325 -0.00766496 0.645827 0.763445 179 176 165
3.2175 0.9975 0.528129 -0.185539 0.324457 0.927525 180 177 167
3.21145 1.0125 0.5025 -0.792782 0.353827 -0.496289 187 184 174
3.2175 1.0125 0.493695 -0.296421 0.321176 -0.899434 188 186 177
3.2175 1.0125 0.518226 -0.416412 0.10733 0.902819 182 179 168
3.2175 1.01979 0.5025 -0.0663599 0.797925 -0.599092 188 185 176
3.2175 1.0275 0.512457 -0.39144 0.547628 -0.739512 187 184 174
3.2175 1.0275 0.524203 -0.0890629 0.169692 0.981464 183 180 170
3.2175 1.03229 0.5175 0.0228837 0.998727 0.0449569 187 185 175
3.2325 0.9825 0.497646 0.448778 0.4032 -0.797514 195 197 188
3.2325 0.98225 0.5175 0.582901 0.678163 0.447573 183 182 171
3.23233 0.9825 0.5175 0.919765 0.00513916 0.392436 183 182 171
3.2325 0.9825 0.517337 0.798949 0.515445 0.309834 184 183 172
3.2325 0.967978 0.5325 0.534454 0.632452 0.560681 180 179 167
3.22071 0.9825 0.5325 0.744656 0.455842 0.48754 179 177 166
3.2325 0.997093 0.5025 0.859597 0.350454 -0.371855 192 191 182
3.23208 0.9975 0.5025 0.577923 0.337302 -0.743123 192 191 182
3.2325 0.982702 0.5175 0.821648 -0.210642 0.529645 183 182 171
3.2325 0.9975 0.503004 0.970805 -0.166735 -0.172442 192 191 182
3.2325 0.9975 0.529546 0.490527 -0.337552 0.803394 180 177 166
3.2325 0.998017 0.5025 0.567014 -0.140343 -0.811665 192 191 182
3.2325 1.0125 0.500212 0.387808 0.163299 -0.90716 189 187 177
3.2325 1.0125 0.53002 0.249198 0.260763 0.932686 191 190 181
3.2325 1.02343 0.5025 0.593031 0.693536 -0.40905 191 190 180
3.2325 1.02376 0.5175 0.572695 0.799023 0.183255 191 190 180
3.22592 1.0275 0.5175 0.454592 0.839345 -0.298069 189 188 178
3.2475 0.973574 0.5025 0.255668 0.965655 -0.0463013 197 199 189
3.23794 0.9825 0.5025 0.776765 0.618732 -0.117502 197 199 190
3.2475 0.971705 0.5175 0.177466 0.940438 0.289971 192 193 183
3.23491 0.9975 0.5175 0.994855 -0.0972567 0.0283618 186 185 175
3.23479 1.0125 0.5025 0.98535 -0.0163722 -0.169756 189 187 177
3.23557 1.0125 0.5175 0.991438 0.112469 0.0663376 188 188 178
3.2625 0.972002 0.5025 -0.0167559 0.999743 -0.0152782 214 221 214
3.2625 0.97224 0.5175 -0.0867484 0.995567 -0.0363337 214 221 214
3.2625 0.972469 0.5325 -0.249198 0.963809 0.0947217 215 221 215
3.2775 0.973478 0.5025 -0.216735 0.976036 -0.0194686 214 221 214
3.2775 0.973691 0.5175 -0.181391 0.978398 -0.0991706 214 221 214
3.2775 0.977912 0.5325 -0.175996 0.966613 -0.186237 216 221 214
3.2925 0.978502 0.5025 -0.21079 0.977374 -0.0175401 215 222 215
3.2925 0.979195 0.5175 -0.208471 0.977807 -0.0208233 215 222 215
3.2925 0.979212 0.5325 -0.175025 0.980194 -0.0926602 217 222 215
3.3075 0.980053 0.5025 -0.103379 0.994614 -0.00744555 216 223 215
3.3075 0.980157 0.5175 -0.0786676 0.996738 -0.0180227 218 223 216
3.3075 0.980442 0.5325 -0.0734782 0.997212 -0.0129891 218 223 216
3.3225 0.982105 0.5025 -0.161175 0.986922 -0.00261465 217 224 216
3.3225 0.98141 0.5175 -0.138063 0.990362 0.0109987 219 224 217
3.3225 0.981566 0.5325 -0.124768 0.992094 -0.0135096 219 224 217
3.32352 0.9825 0.5025 -0.366175 0.930526 0.00603493 217 224 216
3.32507 0.9825 0.5175 -0.388388 0.921298 0.0191125 219 224 217
3.32492 0.9825 0.5325 -0.368179 0.929748 -0.00366176 219 224 217
3.3375 0.987702 0.5025 -0.31404 0.949407 0.00226898 220 225 218
3.3375 0.987925 0.5175 -0.310684 0.950425 0.0129299 220 225 218
3.3375 0.987506 0.5325 -0.33717 0.941292 0.0168804 220 225 218
3.3525 0.992252 0.5025 -0.20169 0.979347 0.0141692 221 226 220
3.3525 0.991652 0.5175 -0.198752 0.979751 0.0242097 221 226 220
3.3525 0.991406 0.5325 -0.203845 0.978803 0.0198165 221 226 220
3.3675 0.993547 0.5025 -0.1143 0.993426 -0.0062732 221 226 220
3.3675 0.993906 0.5175 -0.124167 0.992107 0.0175161 222 227 220
3.3675 0.993151 0.5325 -0.136222 0.989925 0.0386263 222 227 220
3.3975 1.41076 0.4725 -0.958181 -0.281649 0.0506183 170 155 134
3.39571 1.4175 0.4725 -0.968832 -0.23163 0.0878128 170 155 134
3.3923 1.4325 0.4725 -0.970114 -0.198138 0.140072 171 156 135
3.38872 1.4475 0.4725 -0.958214 -0.24396 0.149361 170 155 134
3.4125 1.31125 0.4275 -0.951179 -0.280946 0.127783 167 152 133
3.41207 1.3125 0.4275 -0.950805 -0.266972 0.157149 167 152 133
3.4125 1.3125 0.43212 -0.969408 -0.227544 0.0920457 167 152 133
3.40754 1.3275 0.4275 -0.941783 -0.284885 0.178565 168 153 134
3.4125 1.31682 0.4425 -0.967841 -0.251115 0.0150299 167 152 133
3.41038 1.3275 0.4425 -0.988835 -0.140395 0.0499528 168 153 134
3.4125 1.31673 0.4575 -0.955889 -0.293703 -0.00378318 168 153 134
3.40967 1.3275 0.4575 -0.999577 0.0163414 -0.0240431 168 153 134
3.4125 1.31618 0.4725 -0.954637 -0.291842 0.0591269 169 154 135
3.40979 1.3275 0.4725 -0.995338 -0.0909769 0.0320249 169 154 135
3.41197 1.3425 0.4425 -0.986705 -0.126374 0.102191 168 153 134
3.4125 1.33909 0.4575 -0.96886 0.246548 0.022923 168 153 134
3.4125 1.3425 0.445822 -0.947774 -0.297583 0.114753 168 153 134
3.41102 1.3425 0.4725 -0.991312 -0.131338 0.00708712 170 155 136
3.4125 1.3425 0.464855 -0.97675 0.152378 -0.150796 169 154 135
3.4125 1.3425 0.484684 -0.949197 -0.2932 0.114279 171 156 137
3.40298 1.3575 0.4425 -0.939386 -0.250468 0.234135 168 153 134
3.4125 1.34565 0.4575 -0.909978 -0.411564 -0.0505489 168 153 134
3.40672 1.3575 0.4575 -0.963627 -0.256945 0.073498 169 154 135
3.40613 1.3575 0.4725 -0.990293 -0.137698 0.0189363 169 154 135
3.40397 1.3725 0.4425 -0.982609 0.00571683 0.185601 168 153 134
3.4059 1.3725 0.4575 -0.993535 -0.10878 0.0324834 169 154 135
3.40621 1.3725 0.4725 -0.991687 -0.116735 0.0541225 170 155 136
3.40088 1.3875 0.4575 -0.964126 -0.229815 0.13284 168 153 134
3.40382 1.3875 0.4725 -0.979463 -0.182251 0.0862378 170 155 136
3.39756 1.4025 0.4575 -0.958857 -0.192096 0.209025 168 153 134
3.40115 1.4025 0.4725 -0.965754 -0.257964 0.0278284 169 154 135
3.3975 1.40271 0.4575 -0.894954 -0.392319 0.212469 168 153 134
3.41523 1.2225 0.3825 -0.655793 0.20805 0.725707 204 201 186
3.4125 1.21506 0.3825 -0.647977 0.203536 0.733962 202 199 186
3.42722 1.2075 0.3975 -0.6971 -0.0845354 0.711973 165 159 145
3.4275 1.20885 0.3975 -0.775212 0.202179 0.598473 164 158 144
3.4125 1.2075 0.384359 -0.666053 0 0.745904 197 194 182
3.4275 1.2225 0.393923 -0.721281 0.135865 0.679187 169 163 147
3.4275 1.2075 0.405677 -0.990189 0.135449 0.0343494 166 158 143
3.42733 1.2075 0.4275 -1 1.04284e-17 0 163 151 135
3.4275 1.20845 0.4275 -0.987034 0.159991 -0.0129538 163 151 135
3.4275 1.2075 0.420659 -0.974872 -0.220919 -0.0286094 164 154 138
3.4275 1.2075 0.433251 -0.98909 0.141425 0.0412307 165 152 135
3.4275 1.23037 0.3975 -0.944766 -0.312378 0.0991831 158 152 134
3.42402 1.2375 0.3975 -0.967865 -0.211667 0.135771 158 153 134
3.4275 1.23379 0.4125 -0.963662 -0.267125 -0.000299936 163 155 136
3.42613 1.2375 0.4125 -0.973108 -0.22543 0.047356 164 156 137
3.4275 1.23232 0.4275 -0.960916 -0.275922 -0.0225074 162 151 133
3.42542 1.2375 0.4275 -0.970229 -0.240098 -0.0317497 161 150 132
3.4275 1.23088 0.4425 -0.956226 -0.284741 0.0674811 167 153 133
3.42523 1.2375 0.4425 -0.974722 -0.220763 0.0343531 167 152 132
3.4275 1.2361 0.4575 -0.949301 -0.300581 0.0920819 167 152 131
3.42682 1.2375 0.4575 -0.969121 -0.233538 0.0791453 167 152 131
3.4275 1.2375 0.462671 -0.958489 -0.268168 0.0968726 168 153 132
3.42266 1.2525 0.3975 -0.988722 -0.136278 0.0621105 167 160 141
3.42302 1.2525 0.4125 -0.993977 -0.108331 0.0165408 161 151 133
3.42243 1.2525 0.4275 -0.998163 -0.0603174 -0.0056408 166 154 135
3.42285 1.2525 0.4425 -0.994552 -0.102997 0.0160327 163 150 131
3.42329 1.2525 0.4575 -0.99129 -0.119869 0.0545431 167 152 131
3.4275 1.24072 0.4725 -0.962996 -0.262288 0.0620044 169 154 133
3.42437 1.2525 0.4725 -0.9897 -0.123702 0.0720501 169 154 133
3.42092 1.2675 0.3975 -0.99421 -0.0389349 0.100152 164 151 134
3.42358 1.2675 0.4125 -0.998839 -0.0328569 0.0352266 164 151 132
3.42361 1.2675 0.4275 -0.995316 -0.0947475 -0.0191956 164 151 132
3.42174 1.2675 0.4425 -0.993085 -0.113764 -0.0289651 167 152 133
3.42284 1.2675 0.4575 -0.992182 -0.095648 0.0801693 168 153 134
3.42442 1.2675 0.4725 -0.991861 -0.0810092 0.0982329 169 154 135
3.41931 1.2825 0.4125 -0.961081 -0.268312 0.0658143 166 151 132
3.42084 1.2825 0.4275 -0.970862 -0.239472 0.00892155 167 152 133
3.41931 1.2825 0.4425 -0.984267 -0.176632 0.00450875 167 152 133
3.42014 1.2825 0.4575 -0.979591 -0.193563 0.0541744 168 153 134
3.42132 1.2825 0.4725 -0.968107 -0.240958 0.0686117 169 154 135
3.41379 1.2975 0.4125 -0.944395 -0.298144 0.138666 167 152 133
3.41648 1.2975 0.4275 -0.966651 -0.244684 0.0755941 167 152 133
3.41719 1.2975 0.4425 -0.981326 -0.191922 0.0128166 167 152 133
3.41656 1.2975 0.4575 -0.97824 -0.206484 0.0202502 168 153 134
3.41721 1.2975 0.4725 -0.974532 -0.220844 0.0389258 169 154 135
3.4125 1.30287 0.4125 -0.951772 -0.262449 0.158906 167 152 133
3.41377 1.3125 0.4425 -0.973336 -0.225563 0.0416984 167 152 133
3.41441 1.3125 0.4575 -0.977355 -0.21077 0.0187841 168 153 134
3.41413 1.3125 0.4725 -0.971536 -0.231929 0.0482306 169 154 135
3.41333 1.3425 0.4575 -1 0 0 168 153 134
3.42991 1.2225 0.3975 -0.992821 0.0605543 0.103147 159 151 135
3.42777 1.2075 0.4125 -0.999628 -0.0171181 0.0212167 166 157 142
3.4302 1.2225 0.4125 -0.998799 -0.0488183 0.00416837 160 152 134
3.42974 1.2225 0.4275 -0.999781 0.0160888 -0.013349 165 154 136
3.42797 1.2075 0.4425 -0.986316 -0.107279 0.125189 167 154 135
3.42951 1.2225 0.4425 -0.99438 -0.0486128 0.0940527 168 155 135
3.43197 1.2075 0.4575 -0.983223 -0.0746464 0.166434 168 153 134
3.43166 1.2225 0.4575 -0.98028 -0.170284 0.100268 168 153 132
3.43393 1.2075 0.4725 -0.992749 -0.0875923 0.0823198 168 156 134
3.43262 1.2225 0.4725 -0.983281 -0.170253 0.0645949 169 155 133
3.42827 1.2375 0.4725 -0.959339 -0.27437 0.0662524 169 154 133
3.3825 0.995236 0.4875 -0.173195 0.98439 -0.0312945 224 230 224
3.3825 0.996224 0.5025 -0.211084 0.977298 -0.0182399 224 229 222
3.3825 0.99554 0.5175 -0.187817 0.982063 0.0166576 224 229 222
3.3825 0.995344 0.5325 -0.190785 0.981265 0.0268411 224 229 222
3.38784 0.9975 0.4875 -0.375057 0.919904 -0.114498 224 230 223
3.38559 0.9975 0.5025 -0.340883 0.940024 0.0124178 224 229 222
3.38758 0.9975 0.5175 -0.341512 0.939578 0.0237101 224 229 222
3.38827 0.9975 0.5325 -0.343457 0.939034 0.0158988 224 229 222
3.3975 1.00172 0.4875 -0.188622 0.978061 -0.0884166 225 230 223
3.3975 1.00167 0.5025 -0.173108 0.984884 0.00612675 226 231 224
3.3975 1.00097 0.5175 -0.213297 0.976966 -0.00641277 225 230 223
3.3975 1.00083 0.5325 -0.291587 0.956481 0.0110555 225 230 223
3.4125 1.00251 0.4875 -0.128902 0.991212 0.0297111 228 233 226
3.4125 1.00178 0.5025 -0.0928037 0.995651 0.0081221 228 233 226
3.4125 1.00199 0.5175 -0.0776618 0.995856 -0.04733 227 232 225
3.4125 1.00444 0.5325 -0.0965133 0.989852 -0.104294 226 231 224
3.4275 1.00539 0.4875 -0.29569 0.9544 0.0410974 232 237 230
3.4275 1.00419 0.5025 -0.276205 0.960567 0.031958 231 236 229
3.4275 1.00455 0.5175 -0.260318 0.965517 -0.00340335 230 235 228
3.4275 1.0042 0.5325 -0.178753 0.98315 -0.0382581 230 235 228
3.4425 1.01155 0.4875 -0.378869 0.925198 0.0216011 226 231 224
3.4425 1.01056 0.5025 -0.397884 0.915768 0.0552973 226 231 224
3.4425 1.00999 0.5175 -0.371195 0.928512 0.00892112 227 232 225
3.4425 1.01006 0.5325 -0.367565 0.929992 0.00327775 231 236 229
3.4425 1.12986 0.4875 -0.940571 -0.33959 0.00213327 170 159 139
3.4416 1.1325 0.4875 -0.999732 0.0207498 -0.0102582 170 159 139
3.4425 1.12968 0.5025 -0.9341 -0.356228 0.0236295 171 160 140
3.44137 1.1325 0.5025 -0.998874 -0.0409932 0.02387 171 160 140
3.4425 1.1323 0.5175 -0.945099 -0.323138 0.0486782 171 160 140
3.44243 1.1325 0.5175 -0.954815 -0.289864 0.065622 171 160 140
3.4425 1.1325 0.519945 -0.993016 0.109787 0.0431993 171 160 140
3.4425 1.14019 0.4875 -0.993213 0.115854 -0.0102548 170 159 138
3.4425 1.13819 0.5025 -0.984951 0.168416 0.0388187 171 160 139
3.4425 1.13308 0.5175 -0.987882 0.152398 0.0294004 171 160 140
3.4425 1.14999 0.4875 -0.952039 -0.304016 0.0345743 170 159 137
3.43863 1.1625 0.4875 -0.989644 -0.142932 -0.013229 169 158 136
3.4425 1.15345 0.5025 -0.948849 -0.315547 0.0107183 169 159 137
3.43942 1.1625 0.5025 -0.987457 -0.153705 0.0360952 168 160 137
3.4425 1.15242 0.5175 -0.948601 -0.316046 -0.0164772 170 159 139
3.43907 1.1625 0.5175 -0.98998 -0.140836 -0.0102716 170 159 139
3.4425 1.15141 0.5325 -0.952887 -0.302635 -0.0204704 171 160 140
3.43907 1.1625 0.5325 -0.993717 -0.109659 0.0224046 171 160 140
3.43779 1.1775 0.4875 -0.9941 -0.107251 -0.0162031 169 158 136
3.43897 1.1775 0.5025 -0.996518 -0.0775029 0.030729 167 159 136
3.43899 1.1775 0.5175 -0.997379 -0.0670479 0.0271854 170 159 139
3.44037 1.1775 0.5325 -0.991877 -0.110355 0.0632539 171 160 140
3.43608 1.1925 0.4875 -0.993521 -0.104334 0.045053 168 157 135
3.43682 1.1925 0.5025 -0.992669 -0.120507 0.00933014 167 158 136
3.43647 1.1925 0.5175 -0.991587 -0.128303 0.0171223 168 158 137
3.43658 1.1925 0.5325 -0.992163 -0.124763 -0.00687911 170 159 139
3.44439 1.0125 0.4875 -0.613525 0.788863 0.0358126 226 231 224
3.44637 1.0125 0.5025 -0.600292 0.796018 0.0774942 226 231 224
3.44836 1.0125 0.5175 -0.566107 0.823965 0.0245963 228 233 226
3.44777 1.0125 0.5325 -0.548912 0.8356 -0.0216338 231 236 229
3.4575 1.0232 0.4875 -0.650048 0.759002 0.0368055 216 222 213
3.4575 1.02226 0.5025 -0.649001 0.757796 0.0674016 217 223 214
3.4575 1.02052 0.5175 -0.658294 0.749683 0.0680005 220 225 217
3.4575 1.01992 0.5325 -0.647631 0.761818 0.0143684 222 228 219
3.4575 1.05003 0.4875 -0.87016 -0.490434 0.0479261 191 189 177
3.4535 1.0575 0.4875 -0.982036 -0.184085 0.0414565 172 168 152
3.4575 1.05185 0.5025 -0.871986 -0.489421 0.0103757 187 184 171
3.45447 1.0575 0.5025 -0.983676 -0.17765 0.0286639 173 168 153
3.4575 1.05131 0.5175 -0.87791 -0.478158 0.0252598 190 187 175
3.45444 1.0575 0.5175 -0.989809 -0.138177 0.0344317 175 170 157
3.4575 1.05313 0.5325 -0.8797 -0.472067 0.0572683 185 181 169
3.45516 1.0575 0.5325 -0.983842 -0.177289 -0.024966 175 170 156
3.45362 1.0725 0.4875 -0.992533 -0.110953 0.0506815 171 163 144
3.45368 1.0725 0.5025 -0.990987 -0.132066 0.0224324 172 164 145
3.45501 1.0725 0.5175 -0.988711 -0.149815 -0.00235742 172 164 145
3.45268 1.0725 0.5325 -0.980425 -0.174816 -0.0905899 173 164 147
3.45048 1.0875 0.4875 -0.978862 -0.201758 0.0335093 174 162 140
3.44976 1.0875 0.5025 -0.977492 -0.210403 0.0154716 174 163 142
3.45083 1.0875 0.5175 -0.975641 -0.219362 0.00234855 174 163 142
3.45132 1.0875 0.5325 -0.973558 -0.228279 0.00858607 174 162 141
3.44795 1.1025 0.4875 -0.994477 -0.102248 0.0236669 171 160 140
3.44736 1.1025 0.5025 -0.993851 -0.110531 -0.00655418 172 161 141
3.44677 1.1025 0.5175 -0.991531 -0.128507 -0.0187865 172 161 141
3.44618 1.1025 0.5325 -0.995543 -0.0837857 -0.0432959 173 162 142
3.44671 1.1175 0.4875 -0.984086 -0.177593 0.00590811 171 160 140
3.4474 1.1175 0.5025 -0.987233 -0.158937 0.0105206 171 160 140
3.44754 1.1175 0.5175 -0.987042 -0.160427 -0.00344813 172 161 141
3.44676 1.1175 0.5325 -0.993391 -0.102608 -0.0514396 172 161 141
3.44309 1.1325 0.5325 -0.993547 -0.113404 0.00198246 171 160 140
3.44335 1.1475 0.4875 -0.999642 0.0197965 0.017973 170 159 137
3.44434 1.1475 0.5025 -0.99927 0.0174657 0.0339659 170 159 137
3.44418 1.1475 0.5175 -0.999859 -0.0165987 -0.00240404 170 159 139
3.44383 1.1475 0.5325 -0.995249 -0.0946217 -0.0229483 171 160 140
3.46276 1.0275 0.4875 -0.966358 0.244278 0.0804974 212 218 208
3.46346 1.0275 0.5025 -0.957051 0.276908 0.0858783 212 218 208
3.46544 1.0275 0.5175 -0.962628 0.265435 0.0537802 212 218 208
3.46598 1.0275 0.5325 -0.996313 0.0780273 0.035672 213 219 209
3.46192 1.0425 0.4875 -0.976011 -0.209396 0.0596271 206 206 197
3.46298 1.0425 0.5025 -0.964607 -0.258787 0.0506147 206 207 198
3.46267 1.0425 0.5175 -0.948091 -0.317865 0.0092314 210 211 202
3.46321 1.0425 0.5325 -0.928863 -0.368075 0.0416413 212 213 203
2.6625 0.650209 0.4575 0.147206 -0.0780565 0.986021 195 200 206
2.66199 0.6525 0.4575 -0.258461 0.262366 0.929711 193 198 203
2.6625 0.6525 0.457682 0 0 1 193 198 204
2.6625 0.652878 0.4575 -0.210719 0.372613 0.903746 193 198 204
2.6625 0.6675 0.451454 -0.00174008 0.17114 0.985245 184 189 194
2.6625 0.6825 0.450386 0.0395963 0.0104366 0.999161 171 176 179
2.6625 0.6975 0.451141 0.0490397 0.0583748 0.99709 165 167 172
2.65095 0.6975 0.4725 1 0 0 170 174 178
2.6625 0.7125 0.450634 0.16102 -0.00758753 0.986922 163 166 168
2.6625 0.710506 0.4725 0 -1 0 175 180 183
2.6608 0.7125 0.4725 -0.986718 -0.084139 -0.138956 172 177 180
2.6625 0.7125 0.468777 0.143987 -0.391694 -0.908759 171 175 178
2.6625 0.7125 0.477303 -0.265805 -0.29695 0.917153 175 180 184
2.66359 0.6525 0.4575 0.153984 0.326139 0.932696 194 199 205
2.6775 0.6525 0.455184 -0.0904516 0.259812 0.961414 201 207 213
2.6775 0.6675 0.452649 -0.120606 0.126757 0.984574 195 200 206
2.6775 0.6825 0.451417 -0.0710948 0.0323136 0.996946 180 184 188
2.6775 0.67732 0.4725 -4.85003e-17 -1 0 185 192 197
2.67244 0.6825 0.4725 -1 5.65483e-17 0 185 191 196
2.6775 0.6825 0.462553 0 0 -1 184 189 193
2.6775 0.6825 0.486843 0 0 1 177 183 187
2.6775 0.6975 0.452239 -0.0832515 0.0811059 0.993223 169 173 177
2.6775 0.687187 0.4725 0 1 0 186 192 197
2.6775 0.7125 0.44737 -0.0322949 0.174138 0.984191 169 171 175
2.66427 0.7125 0.4725 0.680756 -0.718361 0.143279 176 181 184
2.6775 0.724591 0.4725 0.683239 -0.725243 -0.0848931 178 183 186
2.68241 0.6525 0.4575 -0.410035 0.583595 0.70092 203 210 216
2.6925 0.647799 0.4725 -0.419844 0.905014 -0.0684223 197 204 207
2.6925 0.6525 0.463791 -0.582623 0.564575 0.584642 203 210 215
2.6925 0.6525 0.481217 -0.509419 0.546806 -0.664451 177 182 183
2.6925 0.663332 0.4575 -0.55077 0.506786 0.66319 200 207 213
2.6925 0.6675 0.455212 -0.260509 0.18503 0.947575 199 206 211
2.6925 0.6825 0.453089 -0.223166 0.105152 0.969092 196 202 208
2.68394 0.6825 0.4725 1 5.65483e-17 0 187 193 198
2.6925 0.6975 0.452058 -0.0858258 0.0809766 0.993014 191 196 199
2.6925 0.691591 0.4725 -0.223462 -0.961266 0.161346 186 193 197
2.68827 0.6975 0.4725 -0.985957 -0.136083 -0.0967985 186 192 196
2.6925 0.6975 0.464056 -0.350646 -0.335209 -0.874461 194 200 203
2.6925 0.6975 0.485325 -0.518956 -0.153623 0.840883 180 185 188
2.6925 0.7125 0.452049 -0.0959325 0.180083 0.978962 182 185 189
2.68878 0.7125 0.4725 -0.976242 0.176571 0.125599 182 188 192
2.6925 0.7125 0.464237 -0.515486 0.208833 -0.831061 185 190 194
2.6925 0.7125 0.480305 -0.519035 0.438305 0.73382 177 183 187
2.6925 0.716201 0.4725 -0.70868 0.694655 -0.123401 184 189 194
2.69746 0.6525 0.4725 -0.720321 0.630952 0.288162 194 200 202
2.69836 0.6675 0.4575 -0.400974 0.501196 0.766826 200 207 213
2.7075 0.662193 0.4725 -0.645232 0.761952 -0.0557231 190 193 194
2.7075 0.6675 0.461715 -0.743277 0.301501 0.597191 201 207 211
2.7075 0.6675 0.481753 -0.544982 0.496375 -0.675727 177 180 181
2.70452 0.6825 0.4575 -0.373744 0.144041 0.916279 201 208 214
2.7075 0.6825 0.458964 -0.85278 0.0914145 0.514207 202 208 214
2.7075 0.6825 0.48728 -0.737104 0.190137 -0.648479 176 180 182
2.7075 0.691207 0.4575 -0.424489 0.433034 0.795167 206 211 216
2.7075 0.6975 0.456239 -0.245828 0.207151 0.94692 208 213 217
2.7075 0.690854 0.4725 -0.365596 -0.922831 -0.121336 191 197 200
2.7075 0.6975 0.458842 -0.308321 -0.283075 -0.908189 206 211 215
2.7075 0.6975 0.484831 -0.135634 -0.448253 0.883557 173 176 179
2.7075 0.7125 0.450157 -0.211625 0.153757 0.965181 191 195 199
2.7075 0.7125 0.46452 -0.240395 0.133632 -0.961433 193 198 203
2.7075 0.7125 0.483406 -0.119786 0.172119 0.977766 179 183 187
2.71263 0.6675 0.4725 -0.961446 0.237184 -0.139162 193 197 198
2.71357 0.6825 0.4725 -0.987886 -0.0408352 0.149712 196 201 204
2.7225 0.695865 0.4575 -0.28099 0.668691 0.688402 202 208 214
2.7225 0.6975 0.457239 -0.023074 0.0453987 0.998702 201 208 214
2.7225 0.6975 0.45784 -0.0667036 -0.21931 -0.973372 200 207 213
2.7225 0.6975 0.486677 -0.165164 -0.0817511 0.982872 162 164 165
2.7225 0.7125 0.45698 -0.149392 0.11325 0.982271 204 209 213
2.7225 0.7125 0.458118 -0.129649 0.11143 -0.985279 203 208 212
2.7225 0.7125 0.484479 -0.0412908 0.115347 0.992467 175 179 181
2.73043 0.6975 0.4575 -0.0558047 0.145551 -0.987776 203 209 214
2.7375 0.700395 0.4575 -0.291174 0.250274 0.923353 204 209 214
2.7375 0.7125 0.456443 -0.0615156 0.0510262 0.996801 201 208 213
2.7375 0.7125 0.458683 -0.0322938 0.0739464 -0.996739 199 205 211
2.7375 0.7125 0.484684 -0.143949 0.220738 0.964652 162 164 164
2.74026 0.7125 0.4575 -0.872499 0.118012 -0.474151 201 208 214
2.8575 0.6525 0.487357 0.0380664 0.0324942 0.998747 156 160 161
2.8725 0.6675 0.4864 0.0373907 0.0276344 0.998919 156 160 159
2.8725 0.7125 0.486374 0.0180802 0.0603226 0.998015 155 159 160
3.2475 1.3078 0.4875 0.190495 -0.659341 0.727311 174 167 153
3.23817 1.3125 0.4875 -0.825962 -0.207609 0.524103 171 164 152
3.2475 1.3125 0.491985 -0.174258 -0.210348 0.961971 171 163 149
3.23912 1.3275 0.4875 -0.870632 0.178444 0.45843 170 163 153
3.2475 1.3275 0.491673 -0.333042 0.0921505 0.938398 171 161 149
3.24489 1.3425 0.4875 -0.942961 0.133602 0.304919 170 163 153
3.2475 1.3425 0.488487 -0.142925 -0.296475 0.944286 171 163 151
3.24644 1.3575 0.4875 -0.998561 0.00737906 0.0531222 170 163 155
3.2475 1.35545 0.5025 0.281585 -0.694838 0.661748 173 164 152
3.24393 1.3575 0.5025 -0.987847 -0.0571408 0.144543 173 165 154
3.2475 1.3575 0.50448 0 0 1 173 164 153
3.24481 1.3725 0.4875 -0.989649 0.0476228 0.13538 172 164 153
3.2475 1.36671 0.5025 0.0581022 0.598247 0.799203 173 165 154
3.2475 1.3725 0.493857 -0.88189 0.0793008 0.464739 172 164 153
3.24647 1.3875 0.4875 -0.968571 0.0528216 0.243064 173 165 154
3.2475 1.3875 0.491107 -0.973252 0.0297532 0.227806 173 165 154
3.24643 1.4025 0.4875 -0.97504 0.0406131 0.218283 171 163 152
3.2475 1.4025 0.490306 -0.965529 0.0383787 0.257452 171 163 152
3.2475 1.41399 0.4875 -0.967383 0.0851096 0.238593 173 164 154
3.2475 1.43534 0.5025 -0.993763 -0.0760848 0.081529 174 164 152
3.24663 1.4475 0.5025 -0.991303 -0.112261 0.0686677 175 165 153
3.2475 1.4475 0.490079 -0.993723 -0.0843951 -0.073429 172 163 152
3.2475 1.4475 0.506673 -0.976299 -0.00421404 0.216386 175 165 153
3.25306 1.3125 0.4875 0.468887 -0.606963 0.64167 170 162 148
3.2625 1.3194 0.4875 0.457013 -0.603537 0.653362 169 160 146
3.2625 1.3275 0.495278 0.214993 -0.247336 0.944777 171 160 146
3.2625 1.3425 0.494789 0.0213124 -0.058632 0.998052 173 161 148
3.25005 1.3575 0.5025 0.550202 -4.18838e-18 0.835031 173 164 152
3.2625 1.3575 0.494597 0.0186955 -0.293505 0.955775 171 162 149
3.2625 1.36615 0.5025 0.100116 -0.667176 0.738142 172 163 151
3.24974 1.3725 0.5025 -0.626326 -0.437811 0.64501 173 165 154
3.2625 1.3725 0.508472 -0.13646 -0.191814 0.971898 172 164 152
3.24971 1.3875 0.5025 -0.739186 0.0183622 0.673251 173 165 154
3.2625 1.3875 0.508503 -0.0564372 -0.102343 0.993147 173 164 151
3.25047 1.4025 0.5025 -0.874394 -0.114108 0.471609 173 165 154
3.2625 1.4025 0.508441 -0.210517 -0.371166 0.904388 173 164 151
3.24772 1.4175 0.4875 -0.977894 0.0455724 0.204073 173 164 155
3.25063 1.4175 0.5025 -0.99828 -0.0578554 -0.00950749 174 165 154
3.2625 1.41278 0.5175 0.12422 -0.661325 0.739742 174 165 153
3.24785 1.4175 0.5175 -0.791679 -0.336785 0.509726 175 167 156
3.2625 1.4175 0.522231 -0.114387 -0.137184 0.983919 174 165 153
3.24875 1.4325 0.4875 -0.99643 -0.051624 0.0668035 172 164 153
3.24778 1.4325 0.5025 -0.997617 -0.0672536 0.0154283 174 164 152
3.25066 1.4325 0.5175 -0.704479 0.0426118 0.708445 175 167 156
3.2625 1.4325 0.522057 -0.0615438 -0.121072 0.990734 175 166 154
3.24768 1.4475 0.4875 -0.997324 -0.0720852 0.0121481 171 163 152
3.24975 1.4475 0.5175 -0.813142 -0.163198 0.558719 176 166 155
3.2625 1.4475 0.523255 -0.146883 -0.325094 0.934205 175 166 154
3.27271 1.3275 0.4875 0.57131 -0.139272 0.808831 171 160 145
3.2722 1.3425 0.4875 0.531885 -0.371606 0.760926 172 161 147
3.2775 1.34591 0.4875 0.46816 -0.612056 0.637349 171 161 146
3.2775 1.3575 0.498831 0.195225 -0.407812 0.891951 170 160 147
3.2708 1.3725 0.5025 0.542561 -0.120781 0.831288 172 163 150
3.2775 1.3725 0.498735 -0.0316683 -0.121151 0.992129 172 161 148
3.27068 1.3875 0.5025 0.511379 -0.37961 0.770966 172 163 150
3.2775 1.3875 0.498638 0.11343 -0.103694 0.98812 172 162 148
3.2775 1.39175 0.5025 0.453716 -0.611657 0.648087 172 162 148
3.2775 1.4025 0.512862 0.16196 -0.388277 0.907199 172 162 149
3.26865 1.4175 0.5175 0.535488 -0.0911767 0.839607 174 164 152
3.2775 1.4175 0.51252 -0.0181755 -0.12789 0.991622 173 163 149
3.26828 1.4325 0.5175 0.494935 -0.379413 0.781719 174 165 153
3.2775 1.4325 0.512679 0.154432 -0.136679 0.978504 173 163 149
3.2775 1.43798 0.5175 0.428303 -0.607671 0.668799 174 164 150
3.2775 1.4475 0.526526 0.134427 -0.306347 0.94238 175 165 151
3.29184 1.3575 0.4875 0.489092 -0.610736 0.622728 170 159 145
3.2925 1.35795 0.4875 0.799544 -0.420709 0.428641 170 159 145
3.2925 1.3725 0.501783 0.473002 -0.299546 0.828578 172 161 146
3.2925 1.3875 0.501679 0.309157 0.00743137 0.950982 172 161 146
3.29099 1.4025 0.5025 0.479262 -0.609088 0.631918 172 161 147
3.2925 1.4025 0.501447 0.0405994 -0.22321 0.973925 172 161 147
3.2925 1.40352 0.5025 0.776085 -0.436743 0.454915 172 161 147
3.2925 1.4175 0.515906 0.443109 -0.292713 0.847333 172 162 148
3.2925 1.4325 0.515802 0.279227 -0.000902961 0.960225 173 162 148
3.28967 1.4475 0.5175 0.466088 -0.595927 0.653936 174 164 149
3.2925 1.4475 0.515835 0.0690988 -0.267678 0.961027 174 163 148
3.29972 1.3725 0.4875 0.882658 -0.142768 0.447809 171 160 145
3.29974 1.3875 0.4875 0.89056 -0.00119315 0.454864 171 160 145
3.29935 1.4175 0.5025 0.881331 -0.136997 0.452203 172 161 146
3.29937 1.4325 0.5025 0.88847 -0.000975678 0.458933 173 162 147
3.2475 1.44814 0.4875 -0.956655 -0.286488 -0.052302 171 163 152
3.24319 1.4625 0.4875 -0.98168 -0.164471 0.0961971 172 165 156
3.24666 1.4625 0.5025 -0.97429 0.00400271 0.225263 175 165 153
3.2475 1.4625 0.505728 -0.97078 0.01509 0.239496 176 166 153
3.25036 1.4625 0.5175 -0.981447 0.0323236 0.188992 178 169 154
3.2625 1.45734 0.5325 0.29821 -0.62019 0.725559 176 167 154
3.25249 1.4625 0.5325 -0.621911 -0.499156 0.603382 177 169 158
3.2625 1.4625 0.537496 0 -0.695813 0.718223 176 167 155
3.26508 1.4625 0.5325 0.671916 -0.336392 0.659825 176 167 154
3.2775 1.4625 0.522221 0.32271 -0.212565 0.92232 175 165 149
3.37511 0.9975 0.4275 -0.149808 0.985035 0.0852217 224 231 224
3.3825 0.997379 0.4425 -0.169788 0.981413 0.0894453 225 232 225
3.3825 0.9975 0.440293 -0.110991 0.990086 0.086083 225 232 225
3.3825 0.996559 0.4575 -0.124819 0.991451 0.0380051 224 231 224
3.3825 0.995856 0.4725 -0.123383 0.991333 0.0451243 224 231 224
3.3825 1.01086 0.3825 -0.266741 0.842709 0.467643 208 211 204
3.3825 1.0125 0.38152 -0.142647 0.454171 0.87942 206 209 202
3.3825 1.00478 0.3975 -0.2768 0.92167 0.271859 228 233 227
3.3825 1.00171 0.4125 -0.232846 0.958577 0.164051 227 234 228
3.3825 0.998639 0.4275 -0.18635 0.970084 0.155599 225 232 225
3.3825 1.0275 0.374672 -0.203558 0.349465 0.91457 189 189 182
3.3825 1.04025 0.3675 -0.209437 0.409595 0.887901 185 185 177
3.3825 1.0425 0.366534 -0.185172 0.0468877 0.981587 185 185 177
3.3825 1.0575 0.36661 -0.271229 0.096497 0.957666 182 182 174
3.3675 1.0575 0.363012 -0.232003 0.10542 0.966986 181 178 171
3.38454 0.9975 0.4425 -0.0889137 0.992647 0.0821367 225 232 225
3.3975 0.997447 0.4575 -0.0604558 0.996777 0.0527331 225 231 227
3.3975 0.9975 0.456531 -0.249019 0.964872 0.0837326 225 231 227
3.3975 0.996685 0.4725 -0.0914212 0.995491 0.0253032 225 232 225
3.3975 0.9975 0.474863 -0.375027 0.879512 -0.292939 225 231 224
3.39458 1.0125 0.3825 -0.120276 0.900145 0.418655 221 225 219
3.3975 1.00738 0.3975 -0.215689 0.937547 0.272916 230 235 229
3.3975 1.0125 0.383383 -0.344453 0.818095 0.460514 224 229 223
3.3975 1.0039 0.4125 -0.233083 0.955161 0.182594 229 235 231
3.3975 1.00182 0.4275 -0.246782 0.956136 0.157804 228 234 230
3.3975 0.99875 0.4425 -0.259748 0.957742 0.123537 225 231 227
3.3975 1.01317 0.3825 -0.218954 0.528753 0.820048 223 228 222
3.3975 1.0275 0.373451 -0.166302 0.313186 0.935018 194 195 189
3.38429 1.0425 0.3675 -0.405548 0.247577 0.879907 185 185 177
3.3975 1.0425 0.373321 -0.255301 0.13064 0.957995 193 193 186
3.3853 1.0575 0.3675 -0.284147 0.0959143 0.953971 183 183 175
3.3975 1.0575 0.369919 -0.341294 0.0847673 0.936126 186 186 179
3.39125 1.0725 0.3675 -0.396535 0.154052 0.905002 181 181 173
3.3825 1.0725 0.362202 -0.385462 0.120312 0.914846 179 179 171
3.3975 1.0725 0.370608 -0.401275 0.0961925 0.910893 185 185 177
3.3975 1.0842 0.3675 -0.475847 0.253943 0.84207 182 183 175
3.3975 1.0875 0.366437 -0.2698 -0.0162722 0.962779 182 183 175
3.3825 1.0875 0.363589 -0.185754 -0.0904946 0.97842 177 178 172
3.3975 1.0917 0.3675 -0.500314 -0.24048 0.831778 181 183 175
3.39357 1.1025 0.3675 -0.646132 0 0.763225 178 181 174
3.3975 1.1025 0.370827 -0.467755 0.0474686 0.882583 184 187 180
3.3975 1.11412 0.3675 -0.424685 0.249195 0.87037 183 186 179
3.3975 1.11955 0.3675 -0.423809 -0.361569 0.830454 183 187 180
3.3903 1.1325 0.3675 -0.530133 -0.294499 0.795128 177 183 175
3.3975 1.1325 0.372297 -0.360238 -0.140239 0.922259 187 192 184
3.39763 0.9975 0.4575 -0.359845 0.931254 0.0572424 225 231 227
3.39961 0.9975 0.4725 -0.346921 0.928553 -0.13204 225 232 225
3.4125 1.0115 0.3975 -0.273301 0.930692 0.243144 230 235 231
3.4125 1.0125 0.395075 -0.453481 0.704679 0.545694 227 232 228
3.4125 1.00921 0.4125 -0.329734 0.927316 0.17709 230 235 231
3.4125 1.00619 0.4275 -0.334334 0.929669 0.154712 229 235 231
3.4125 1.0047 0.4425 -0.307249 0.946013 0.103239 228 234 230
3.4125 1.00341 0.4575 -0.315958 0.944893 0.0857208 227 233 229
3.4125 1.0023 0.4725 -0.250545 0.967992 -0.0147638 227 234 227
3.4125 1.02312 0.3825 -0.456363 0.607784 0.64987 209 211 206
3.4125 1.0275 0.379976 -0.376787 0.287588 0.880525 204 206 201
3.4125 1.0425 0.376539 -0.254156 0.0920061 0.962777 201 202 196
3.4125 1.0575 0.376925 -0.253197 0.039411 0.966612 199 200 192
3.4125 1.0725 0.376227 -0.310042 0.0308737 0.950222 200 201 193
3.39926 1.0875 0.3675 -0.468064 0.141175 0.872345 183 184 176
3.4125 1.0875 0.374599 -0.380421 -0.0520376 0.923348 195 196 188
3.4125 1.1025 0.378152 -0.373663 0.0256964 0.927209 200 201 195
3.40237 1.1175 0.3675 -0.418857 0.193128 0.887277 189 192 185
3.4125 1.1175 0.373189 -0.439559 0.0124897 0.898127 200 202 193
3.4125 1.1325 0.376289 -0.43401 -0.156226 0.887259 197 200 191
3.4125 1.1475 0.377758 -0.456179 -0.00705184 0.88986 199 200 193
3.3975 1.1475 0.370387 -0.438169 0.113563 0.89169 191 196 189
3.41449 1.0125 0.3975 -0.525964 0.776228 0.34761 230 235 231
3.4204 1.0125 0.4125 -0.442477 0.878862 0.178371 231 237 233
3.42617 1.0125 0.4275 -0.419922 0.884626 0.202736 231 237 233
3.4275 1.00899 0.4425 -0.325565 0.934605 0.143251 231 237 233
3.4275 1.0125 0.430313 -0.416781 0.863965 0.282593 231 237 233
3.4275 1.00779 0.4575 -0.291975 0.95198 0.0921157 231 238 232
3.4275 1.00573 0.4725 -0.302843 0.951122 0.0604444 231 237 230
3.41673 1.0275 0.3825 -0.547459 0.507541 0.66535 208 211 205
3.4275 1.02242 0.3975 -0.515601 0.750308 0.413756 220 224 218
3.4275 1.0275 0.391786 -0.482745 0.545305 0.685274 214 217 210
3.4275 1.01698 0.4125 -0.487317 0.826166 0.282793 226 230 226
3.4275 1.0133 0.4275 -0.383181 0.901411 0.201571 230 236 232
3.4275 1.04101 0.3825 -0.548681 0.463961 0.695478 211 214 207
3.4275 1.0425 0.381056 -0.372452 0.20099 0.906026 211 213 206
3.4275 1.0575 0.378688 -0.312153 0.0268259 0.949653 205 206 198
3.4275 1.0725 0.379045 -0.293029 -0.00885318 0.956062 205 206 198
3.4275 1.0875 0.380083 -0.331463 -0.0304791 0.942976 205 206 198
3.4275 1.1025 0.381442 -0.287655 -0.115799 0.950708 199 200 192
3.4275 1.1175 0.382184 -0.452035 -0.0238119 0.891682 204 204 192
3.4275 1.11853 0.3825 -0.755465 -0.273192 0.595515 204 204 192
3.42206 1.1325 0.3825 -0.626869 -0.204042 0.751932 198 198 188
3.4275 1.1325 0.388865 -0.759486 -0.178739 0.625486 195 194 183
3.41817 1.1475 0.3825 -0.671048 -0.0834254 0.736706 201 201 193
3.4275 1.1475 0.391965 -0.734506 -0.00547162 0.67858 197 196 185
3.41886 1.1625 0.3825 -0.666079 -0.155141 0.729568 198 198 188
3.4125 1.1625 0.378896 -0.492583 -0.130403 0.86044 197 198 189
3.4275 1.1625 0.389958 -0.717507 -0.201077 0.666897 189 187 176
3.41297 1.1775 0.3825 -0.753249 -0.102407 0.649715 197 198 190
3.4125 1.1775 0.382155 -0.578707 -0.173161 0.79694 197 198 190
3.4275 1.17204 0.3975 -0.887163 -0.422053 0.186581 180 176 165
3.4242 1.1775 0.3975 -0.826415 -0.0867794 0.556334 182 179 167
3.4275 1.17674 0.4125 -0.94005 -0.323968 0.106538 164 157 141
3.42726 1.1775 0.4125 -0.903492 -0.394015 0.168684 164 157 141
3.4275 1.1775 0.415819 -0.96841 0.220845 0.115802 163 155 139
3.41576 1.1925 0.3825 -0.746835 0.0373091 0.663962 203 201 189
3.4275 1.1885 0.3975 -0.847538 0.273919 0.454585 169 165 153
3.4275 1.1925 0.395501 -0.75348 0 0.657471 170 166 154
3.4275 1.17846 0.4125 -0.950345 0.266094 0.161361 164 157 141
3.4125 1.20058 0.3825 -0.639539 -0.229941 0.733564 201 199 187
3.4275 1.20489 0.3975 -0.904645 -0.110995 0.411457 165 159 146
3.4275 1.20683 0.4275 -0.968629 -0.247626 0.0209639 163 151 135
3.43631 1.0125 0.4425 -0.410093 0.880688 0.23709 223 230 224
3.4425 1.01226 0.4575 -0.306063 0.947684 0.0906717 221 226 219
3.4425 1.0125 0.455899 -0.484107 0.848045 0.215544 221 226 219
3.4425 1.01136 0.4725 -0.339638 0.938994 0.05419 225 230 223
3.43761 1.0275 0.3975 -0.676413 0.473201 0.564399 214 216 210
3.4425 1.02612 0.4125 -0.482868 0.817032 0.315115 215 217 212
3.4425 1.0275 0.408095 -0.831538 0.302651 0.465776 214 216 211
3.4425 1.01874 0.4275 -0.481837 0.835531 0.264046 216 221 215
3.4425 1.01607 0.4425 -0.583967 0.792628 0.175282 218 224 217
3.4293 1.0425 0.3825 -0.696078 0.277065 0.662352 211 213 206
3.44063 1.0425 0.3975 -0.797423 0.202969 0.568261 209 210 202
3.4425 1.0425 0.399907 -0.808718 0.274634 0.520145 208 209 200
3.43292 1.0575 0.3825 -0.745775 0.00372048 0.666188 206 207 199
3.4425 1.04592 0.3975 -0.731352 0.300735 0.612114 206 207 199
3.4425 1.0575 0.392201 -0.755916 -0.11158 0.64509 201 201 192
3.42984 1.0725 0.3825 -0.827969 -0.0158386 0.56055 205 206 197
3.4425 1.06453 0.3975 -0.845081 -0.410547 0.342476 201 200 189
3.43858 1.0725 0.3975 -0.871866 -0.10672 0.477976 205 204 192
3.4425 1.0725 0.410003 -0.95226 -0.0699856 0.297157 169 166 152
3.43239 1.0875 0.3825 -0.835015 -0.00847588 0.550163 205 206 198
3.43952 1.0875 0.3975 -0.934172 -0.116379 0.337311 192 190 178
3.4425 1.0875 0.407343 -0.952061 -0.168955 0.255019 173 170 156
3.42871 1.1025 0.3825 -0.846498 -0.138822 0.513974 200 200 192
3.43653 1.1025 0.3975 -0.941026 -0.156987 0.299708 196 191 178
3.4425 1.09022 0.4125 -0.927147 -0.353343 0.124689 165 160 145
3.43785 1.1025 0.4125 -0.959624 -0.253903 0.121057 170 162 147
3.4425 1.09481 0.4275 -0.930796 -0.343007 0.12635 170 161 143
3.43977 1.1025 0.4275 -0.970735 -0.133092 0.199899 168 158 140
3.4425 1.10145 0.4425 -0.925264 -0.319068 0.205141 169 158 138
3.4422 1.1025 0.4425 -0.987892 -0.0341776 0.151334 169 158 138
3.4425 1.1025 0.444184 -0.959044 0.0455156 0.279578 169 158 138
3.428 1.1175 0.3825 -0.906615 -0.0800171 0.414302 204 204 192
3.43361 1.1175 0.3975 -0.975189 -0.11823 0.187161 193 189 174
3.43454 1.1175 0.4125 -0.978252 -0.0603687 0.198441 163 156 138
3.4415 1.1175 0.4275 -0.961656 -0.10883 0.251743 169 158 140
3.4425 1.1071 0.4425 -0.988763 0.0857167 0.122474 169 158 138
3.4425 1.1175 0.433792 -0.985332 -0.125358 0.115785 169 158 139
3.43363 1.1325 0.3975 -0.964619 -0.0736156 0.253163 187 182 169
3.43419 1.1325 0.4125 -0.986047 -0.0962819 0.135798 165 158 143
3.43536 1.1325 0.4275 -0.973663 -0.179815 0.140168 168 157 140
3.4425 1.12035 0.4425 -0.952156 -0.281003 0.120149 170 157 138
3.43927 1.1325 0.4425 -0.970359 -0.128375 0.204751 169 156 138
3.4425 1.12742 0.4575 -0.94516 -0.313297 0.0922926 169 157 137
3.44077 1.1325 0.4575 -0.994501 -0.0193933 0.102919 169 156 137
3.4425 1.13088 0.4725 -0.951711 -0.306576 0.0160346 170 159 139
3.44195 1.1325 0.4725 -0.999215 -0.0326681 0.0224246 170 159 139
3.43204 1.1475 0.3975 -0.955774 -0.0402948 0.29133 185 181 169
3.43402 1.1475 0.4125 -0.996879 -0.0412001 0.0673404 164 157 141
3.43466 1.1475 0.4275 -0.979304 -0.0440866 0.197536 166 156 139
3.44055 1.1475 0.4425 -0.974305 -0.110637 0.196187 167 156 138
3.4425 1.1473 0.4575 -0.987843 0.115847 0.103664 169 156 137
3.4425 1.1475 0.457209 -0.940888 -0.315408 0.123478 169 156 137
3.4425 1.1372 0.4725 -0.992285 0.115788 0.0443085 169 158 138
3.4327 1.1625 0.3975 -0.961276 -0.131775 0.242043 175 171 159
3.43235 1.1625 0.4125 -0.970141 -0.235972 0.056067 160 153 138
3.43353 1.1625 0.4275 -0.96512 -0.20919 0.157428 164 154 137
3.43552 1.1625 0.4425 -0.959128 -0.23512 0.157455 168 155 137
3.4425 1.14757 0.4575 -0.943879 -0.321858 0.0741638 169 156 137
3.43741 1.1625 0.4575 -0.973675 -0.189127 0.127229 168 155 136
3.4425 1.15101 0.4725 -0.948879 -0.315186 0.0169378 168 157 135
3.43859 1.1625 0.4725 -0.990127 -0.118954 0.0741514 168 157 136
3.42905 1.1775 0.4275 -0.984732 -0.0853888 0.151693 160 151 134
3.4336 1.1775 0.4425 -0.97609 -0.047924 0.212019 167 154 135
3.43726 1.1775 0.4575 -0.981789 -0.0533097 0.182342 168 155 134
3.44014 1.1775 0.4725 -0.995265 -0.0938607 0.0252729 168 156 134
3.42885 1.1925 0.3975 -0.988787 0.00565675 0.149227 165 160 148
3.4311 1.1925 0.4125 -0.995742 0.0398293 0.0831348 161 152 139
3.43111 1.1925 0.4275 -0.990855 -0.115923 0.0690535 163 151 134
3.43235 1.1925 0.4425 -0.973528 -0.177926 0.143476 167 155 137
3.43481 1.1925 0.4575 -0.966828 -0.205339 0.151918 167 155 135
3.43599 1.1925 0.4725 -0.982385 -0.1854 0.0233749 169 157 135
3.44299 1.0125 0.4575 -0.670348 0.731666 0.123688 221 226 219
3.44497 1.0125 0.4725 -0.641761 0.76597 0.0378624 225 230 223
3.44454 1.0275 0.4125 -0.751278 0.520479 0.405812 215 217 211
3.45272 1.0275 0.4275 -0.824706 0.49659 0.270662 214 215 208
3.45552 1.0275 0.4425 -0.824662 0.537084 0.177408 217 218 210
3.4575 1.02627 0.4575 -0.679117 0.720265 0.141484 214 216 205
3.4575 1.0275 0.451601 -0.957827 0.243483 0.152591 215 216 206
3.4575 1.02438 0.4725 -0.689933 0.71936 0.0807136 215 219 210
3.45064 1.0425 0.4125 -0.909926 0.143241 0.389251 201 201 191
3.4552 1.0425 0.4275 -0.97298 -0.0877377 0.213571 201 201 189
3.4575 1.03452 0.4425 -0.948236 0.227978 0.221074 213 213 203
3.4575 1.0425 0.435086 -0.94106 -0.253643 0.223765 205 205 193
3.44561 1.0575 0.3975 -0.939791 -0.0914206 0.329295 196 196 185
3.44832 1.0575 0.4125 -0.954687 -0.240315 0.175558 167 165 152
3.45023 1.0575 0.4275 -0.948759 -0.299541 0.100659 170 165 151
3.4575 1.04495 0.4425 -0.882816 -0.455541 0.114535 201 200 187
3.4513 1.0575 0.4425 -0.950404 -0.277446 0.140559 166 161 145
3.4575 1.04875 0.4575 -0.8851 -0.462453 0.0523028 194 190 175
3.45281 1.0575 0.4575 -0.969 -0.230276 0.0895148 167 161 143
3.4575 1.04927 0.4725 -0.888217 -0.458812 0.0237211 192 190 176
3.45344 1.0575 0.4725 -0.976856 -0.212871 0.0209278 169 163 146
3.44369 1.0725 0.4125 -0.954758 -0.243899 0.170149 162 159 144
3.44568 1.0725 0.4275 -0.977693 -0.115691 0.175303 169 163 147
3.45023 1.0725 0.4425 -0.979395 -0.0957824 0.177793 169 162 143
3.45222 1.0725 0.4575 -0.990143 -0.113289 0.0823599 173 165 144
3.45249 1.0725 0.4725 -0.992405 -0.119907 0.0274853 173 165 144
3.44354 1.0875 0.4125 -0.986256 -0.0368495 0.161061 164 161 146
3.44552 1.0875 0.4275 -0.97335 -0.161449 0.162865 171 164 145
3.44728 1.0875 0.4425 -0.957509 -0.242817 0.155617 168 159 140
3.44961 1.0875 0.4575 -0.980126 -0.190586 0.0550382 172 160 138
3.44925 1.0875 0.4725 -0.977561 -0.209186 0.0247925 173 161 139
3.44655 1.1025 0.4575 -0.983502 -0.141394 0.112838 170 159 139
3.44596 1.1025 0.4725 -0.994272 -0.092841 0.0529567 171 160 140
3.44326 1.1175 0.4425 -0.980245 -0.00514489 0.197721 170 157 138
3.44588 1.1175 0.4575 -0.989709 -0.119471 0.0787613 169 158 138
3.44664 1.1175 0.4725 -0.988813 -0.139606 0.0525263 170 159 139
3.44252 1.1475 0.4575 -0.990599 0.11254 0.077769 169 156 137
3.4437 1.1475 0.4725 -0.999574 0.0236594 0.017098 168 157 135
3.4583 1.0275 0.4575 -0.958599 0.247572 0.140698 213 215 204
3.46078 1.0275 0.4725 -0.962663 0.251464 0.100232 213 216 207
3.45884 1.0425 0.4425 -0.986162 0.0899181 0.139281 205 205 192
3.46086 1.0425 0.4575 -0.994443 -0.0476824 0.0938603 207 204 191
3.46085 1.0425 0.4725 -0.985009 -0.163385 0.0553461 206 207 196
3.1425 1.4475 0.424582 -0.0518707 0.0831555 0.995186 165 165 163
3.1425 1.4625 0.422453 -0.0993705 0.181639 0.978332 165 167 166
3.1425 1.4775 0.419135 -0.10106 0.159182 0.982063 165 167 166
3.1425 1.4925 0.418125 -0.211253 0.0965487 0.972651 165 167 166
3.13915 1.5075 0.4125 -0.625207 0.505372 0.594739 168 170 167
3.1275 1.49297 0.4125 -0.672856 0.539398 0.506275 165 167 166
3.1425 1.5075 0.415924 -0.381216 0.194381 0.90382 168 170 167
3.1575 1.4475 0.424997 -0.066021 0.0532176 0.996398 164 166 165
3.1575 1.4625 0.424767 -0.115476 0.117064 0.986388 165 167 166
3.1575 1.4775 0.421297 -0.126247 0.228313 0.965368 167 168 169
3.1575 1.4925 0.419286 -0.0476291 0.0477684 0.997722 166 168 167
3.1575 1.5075 0.421447 -0.217446 0.00131551 0.976072 169 171 170
3.1725 1.4475 0.426599 -0.0847908 0.0501907 0.995134 171 173 172
3.1725 1.4625 0.425826 -0.0884829 0.0456459 0.995031 167 168 170
3.1725 1.4775 0.424673 -0.172448 0.261268 0.949737 168 170 171
3.1725 1.4925 0.417667 -0.123747 0.332875 0.934816 167 168 168
3.18035 1.4475 0.4275 -0.299656 0.182483 0.936433 170 173 174
3.1875 1.45623 0.4275 -0.178202 0.119702 0.976686 171 174 177
3.1875 1.4625 0.426884 -0.104548 0.0370373 0.99383 173 174 178
3.1875 1.4475 0.429071 -0.470405 0.210959 0.856863 171 175 178
3.1875 1.4775 0.426838 -0.191255 0.164047 0.967735 172 176 179
3.1875 1.4925 0.421867 -0.257664 0.343058 0.903283 171 172 173
3.18942 1.4625 0.4275 -0.555913 0.0925922 0.826067 175 177 180
3.2025 1.4475 0.438071 -0.339998 0.089171 0.936189 201 206 210
3.2025 1.4625 0.436829 -0.460689 0.0611113 0.885455 205 210 213
3.1902 1.4775 0.4275 -0.478772 0.139774 0.866741 174 178 181
3.2025 1.4775 0.434295 -0.512035 0.194399 0.836677 195 199 202
3.19956 1.4925 0.4275 -0.443292 0.270549 0.854573 175 179 182
3.2025 1.4925 0.429973 -0.629173 0.215175 0.746887 182 186 189
3.2175 1.46233 0.4425 -0.560837 -0.068755 0.825067 217 222 226
3.21745 1.4625 0.4425 -0.353705 -0.0635164 0.933198 217 222 226
3.2175 1.4475 0.44155 -0.268497 -0.024309 0.962974 212 217 221
3.2175 1.4625 0.442519 -0.615997 -0.0852663 0.78312 217 222 226
3.21462 1.4775 0.4425 -0.46197 0.0191105 0.88669 215 220 224
3.2175 1.4775 0.444235 -0.568325 -0.0935374 0.81747 216 221 225
3.21931 1.4475 0.4425 -0.606208 -0.0118668 0.795217 213 218 222
3.2325 1.4475 0.451761 -0.649623 -0.0390661 0.759252 211 215 217
3.2325 1.4625 0.455149 -0.652287 -0.0701239 0.754721 215 220 223
3.2325 1.4775 0.454929 -0.615538 -0.0344694 0.787353 211 219 224
3.23697 1.4475 0.4575 -0.858482 0.00407066 0.512828 206 208 206
3.23476 1.4625 0.4575 -0.856521 -0.0575841 0.512889 207 211 214
3.24434 1.4475 0.4725 -0.945537 -0.0918757 0.31228 167 165 157
3.24318 1.4625 0.4725 -0.902571 0.0519818 0.427392 168 166 161
3.2475 1.4475 0.486636 -0.961782 -0.170326 0.214396 171 163 152
3.23562 1.4775 0.4575 -0.7094 0.237574 0.663559 203 210 215
3.2475 1.46713 0.4725 -0.522734 0.449277 0.724499 169 167 160
3.2475 1.4775 0.466317 -0.537624 0.431819 0.724219 165 168 166
2.1975 0.7275 0.524619 0.118521 -0.125115 0.985037 147 151 154
2.2125 0.7275 0.521482 0.210799 -0.0270456 0.977155 147 151 155
2.2125 0.7425 0.522486 0.23042 -0.0517281 0.971715 147 150 155
2.1975 0.7425 0.524396 0.126362 0.0147435 0.991875 147 151 154
2.2275 0.7275 0.517665 0.312794 -0.0436697 0.948816 148 151 156
2.2275 0.7425 0.517665 0.256154 -0.0639302 0.96452 147 150 155
2.2275 0.7575 0.519632 0.241701 -0.0737418 0.967545 147 150 155
2.2125 0.7575 0.522727 0.202011 -0.0157409 0.979257 147 150 155
2.2278 0.7275 0.5175 0.235335 -0.177698 0.955532 148 151 156
2.23112 0.7425 0.5175 0.128567 -0.0226932 0.991441 147 150 155
2.2425 0.7275 0.511294 0.165621 -0.20572 0.964494 148 151 156
2.2425 0.7425 0.516717 0.0628945 -0.120317 0.990741 148 151 156
2.2354 0.7575 0.5175 0.23584 -0.0760295 0.968813 147 150 155
2.2425 0.7575 0.515691 0.104134 0.00568953 0.994547 147 150 155
2.24201 0.7725 0.5175 0.203771 -0.0898604 0.974886 147 150 155
2.2275 0.7725 0.520533 0.223924 -0.0785517 0.971436 147 150 155
2.2575 0.742277 0.5175 0.361659 -0.331509 0.871381 148 151 156
2.25527 0.7425 0.5175 -0.054441 -0.334979 0.940652 148 151 156
2.2575 0.7275 0.511875 0.0964307 -0.221353 0.970414 149 152 157
2.2575 0.7425 0.517592 0 0 1 148 151 156
2.2575 0.743295 0.5175 -0.050849 0.162645 0.985374 148 151 156
2.2575 0.7575 0.515154 0.046363 0.0333675 0.998367 148 151 156
2.2575 0.7725 0.514395 0.0594058 0.0225401 0.997979 147 151 154
2.2425 0.7725 0.517376 0.19372 -0.109478 0.974929 147 150 155
2.24623 0.7875 0.5175 0.338312 -0.0907084 0.936652 147 151 154
2.2425 0.773605 0.5175 0.338312 -0.0907084 0.936652 147 150 155
2.2425 0.7875 0.518846 0.338312 -0.0907084 0.936652 147 151 154
2.25767 0.7425 0.5175 0.432496 0.137339 0.891115 148 151 156
2.2725 0.7275 0.510721 0.137476 -0.118735 0.983363 149 152 157
2.2725 0.7425 0.510349 0.145956 -0.197981 0.969278 149 152 156
2.2725 0.7575 0.516584 -0.0435135 -0.0937159 0.994648 148 152 155
2.2725 0.7725 0.514181 -0.0419206 0.110811 0.992957 147 151 154
2.2725 0.7875 0.513098 0.0168409 0.0651535 0.997733 147 151 154
2.2575 0.7875 0.513617 0.0345343 0.0517562 0.998062 147 151 154
2.25981 0.8025 0.5175 0.348321 -0.285496 0.89284 147 151 154
2.2575 0.799678 0.5175 0.348321 -0.285496 0.89284 147 151 154
2.2575 0.8025 0.518402 0.348321 -0.285496 0.89284 147 151 154
2.2875 0.7275 0.505558 0.102426 -0.16017 0.981761 150 154 158
2.2875 0.7425 0.509742 0.108091 -0.215752 0.970447 149 153 156
2.2875 0.7575 0.516123 0.148955 -0.241425 0.958919 149 152 157
2.2875 0.7725 0.515524 -0.0271329 0.0970282 0.994912 148 152 155
2.2875 0.7875 0.51321 -0.0497081 0.118557 0.991702 148 152 155
2.2875 0.8025 0.511799 0.0136168 0.0684259 0.997563 148 152 155
2.2725 0.8025 0.512556 0.0503688 0.0360844 0.998079 148 152 155
2.27369 0.8175 0.5175 0.365982 -0.306887 0.878566 148 152 155
2.2725 0.816075 0.5175 0.365982 -0.306887 0.878566 148 152 155
2.2725 0.8175 0.517998 0.365982 -0.306887 0.878566 148 152 155
2.3025 0.7275 0.507302 0.141984 -0.177982 0.973737 151 155 159
2.3025 0.7425 0.510903 0.106395 -0.155762 0.982048 150 153 158
2.3025 0.7575 0.510153 0.203178 -0.159401 0.96608 150 153 157
2.3025 0.7725 0.515012 0.204266 -0.138513 0.969066 149 152 157
2.3025 0.7875 0.514463 -0.0261379 0.0942856 0.995202 148 152 155
2.3025 0.8025 0.512237 -0.0602423 0.123548 0.990508 148 152 155
2.3025 0.8175 0.510501 0.00932675 0.0693464 0.997549 148 152 155
2.2875 0.8175 0.511756 0.0833739 0.00287778 0.996514 148 152 155
2.3175 0.7275 0.502844 0.173715 -0.0381992 0.984055 151 155 159
2.3175 0.7425 0.504584 0.328326 -0.189299 0.925402 151 155 159
2.3175 0.7575 0.508973 0.236076 -0.165765 0.957491 150 153 158
2.3175 0.7725 0.509223 0.129858 -0.209085 0.969237 151 154 157
2.3175 0.7875 0.514065 0.0812836 -0.0730628 0.994009 149 152 157
2.3175 0.8025 0.513403 -0.0169774 0.0860824 0.996143 149 153 156
2.3175 0.8175 0.511514 -0.0651913 0.133899 0.988848 148 152 155
2.3175 0.8325 0.509203 0.00301231 0.0738911 0.997262 148 152 155
2.3025 0.8325 0.511114 0.126233 -0.0404998 0.991174 148 152 155
2.32044 0.7275 0.5025 0.131867 -0.00591903 0.99125 151 155 159
2.32398 0.7425 0.5025 0.284552 -0.138828 0.948555 152 155 158
2.3325 0.7275 0.501491 0.012003 0.00729408 0.999901 152 155 159
2.3325 0.7425 0.501303 0.0351835 -0.018457 0.99921 152 154 157
2.33155 0.7575 0.5025 0.399377 -0.31697 0.860249 153 155 158
2.3325 0.7575 0.502036 0.0160976 -0.0650932 0.997749 153 155 158
2.3325 0.758524 0.5025 -0.0415555 -0.459027 0.88745 153 155 158
2.3325 0.7725 0.509613 0.10578 -0.26666 0.957968 151 153 157
2.3325 0.7875 0.513985 0.113469 -0.17039 0.978822 149 152 157
2.3325 0.8025 0.512789 0.0215108 0.0632346 0.997767 149 152 156
2.3325 0.8175 0.512341 0.00146238 0.0760948 0.9971 148 152 155
2.3325 0.8325 0.51029 -0.0667036 0.137426 0.988264 148 152 155
2.3325 0.8475 0.508221 0.00759773 0.0914699 0.995779 148 152 155
2.3175 0.8475 0.509723 0.0996088 -0.0344763 0.994429 148 152 155
2.34049 0.7275 0.5025 -0.133558 -0.0765507 0.98808 152 155 158
2.3475 0.73757 0.5025 -0.0519673 0.0999844 0.993631 153 155 158
2.3475 0.7425 0.501964 0.0292719 -0.00891768 0.999532 153 155 158
2.3475 0.7275 0.503537 0 0 1 153 155 158
2.3475 0.748625 0.5025 0.0737855 -0.0711929 0.99473 153 155 158
2.34064 0.7575 0.5025 -0.0807454 -0.108028 0.990863 153 155 158
2.3475 0.7575 0.503247 0.000762614 -0.366255 0.930514 153 155 158
2.3475 0.7725 0.509096 0.205257 -0.203045 0.957414 151 153 158
2.3475 0.7875 0.508541 0.153111 -0.17904 0.971855 151 153 158
2.3475 0.8025 0.513013 0.07281 -0.0429224 0.996422 148 151 156
2.3475 0.8175 0.511259 0.0246271 0.0596253 0.997917 148 151 156
2.3475 0.8325 0.511279 0.0115889 0.0731631 0.997253 148 151 156
2.3475 0.8475 0.509315 -0.0607817 0.157179 0.985698 148 151 156
2.3475 0.8625 0.50596 0.00215726 0.116162 0.993228 148 151 156
2.3325 0.8625 0.508306 0.154517 -0.00558626 0.987974 148 151 156
2.35178 0.7275 0.5025 0.223259 0.0260294 0.974412 153 155 158
2.3625 0.7275 0.500114 0.101205 0.0327912 0.994325 153 155 158
2.3625 0.7425 0.501051 0.15389 -0.0306271 0.987613 153 155 158
2.3503 0.7575 0.5025 0.27457 -0.176685 0.945195 153 155 158
2.3625 0.7575 0.500878 0.138229 -0.0335068 0.989833 153 155 158
2.3606 0.7725 0.5025 0.423739 -0.318526 0.847931 152 155 158
2.3625 0.7725 0.501573 0.161729 -0.0916544 0.98257 153 155 158
2.3625 0.774655 0.5025 0.0880458 -0.435168 0.896034 152 154 158
2.3625 0.7875 0.507649 0.143572 -0.207156 0.967716 150 152 157
2.3625 0.8025 0.512023 0.136856 -0.174368 0.975124 148 151 156
2.3625 0.8175 0.511659 0.0164407 0.070139 0.997402 148 151 156
2.3625 0.8325 0.510198 0.0379162 0.0701423 0.996816 148 151 156
2.3625 0.8475 0.509535 0.0417677 0.0753678 0.996281 148 151 156
2.3625 0.8625 0.507892 -0.0604355 0.16591 0.984287 148 151 156
2.3625 0.8775 0.504465 -0.040713 0.0775794 0.996155 148 151 156
2.3475 0.8775 0.507242 0.18136 -0.083749 0.979844 148 151 156
2.3775 0.7275 0.499784 -0.0343015 0.0459018 0.998357 153 155 158
2.3775 0.7425 0.497441 0.0234446 0.0597858 0.997936 153 155 159
2.3775 0.7575 0.498238 0.110043 -0.0703169 0.991436 153 155 159
2.3775 0.7725 0.49938 0.0986058 -0.136805 0.985678 152 154 158
2.3775 0.778593 0.5025 0.27012 -0.477934 0.835831 151 153 157
2.3775 0.7875 0.508027 0.132523 -0.259783 0.95653 150 153 157
2.3775 0.8025 0.507449 0.14372 -0.102065 0.984341 150 152 157
2.3775 0.8175 0.51105 0.17047 -0.086922 0.981522 149 152 157
2.3775 0.8325 0.510125 0.0170056 0.0926988 0.995549 148 151 156
2.3775 0.8475 0.508021 0.0337437 0.0798902 0.996232 148 151 156
2.3775 0.8625 0.507789 0.0419697 0.0659571 0.996939 148 151 156
2.3775 0.8775 0.506113 -0.0344875 0.144233 0.988943 148 151 156
2.3775 0.889899 0.5025 0.157709 0.277504 0.947692 148 151 156
2.37426 0.8925 0.5025 0.226933 0.282508 0.932036 148 151 156
2.3625 0.8925 0.505364 0.0620624 0.112293 0.991735 148 151 156
2.3925 0.7275 0.499824 0.0823983 -0.00399574 0.996591 153 155 159
2.3925 0.7425 0.500598 -0.0019944 0.0735152 0.997292 153 155 159
2.3925 0.7575 0.497361 0.0144709 0.0213732 0.999667 154 156 159
2.3925 0.7725 0.500037 0.0954639 -0.100786 0.990317 153 155 159
2.38784 0.7875 0.5025 0.421567 -0.429899 0.798416 152 154 158
2.3925 0.7875 0.50021 0.164709 -0.135086 0.977048 153 155 159
2.3925 0.79251 0.5025 0.448858 -0.383078 0.807328 152 154 158
2.3925 0.8025 0.507554 0.207865 -0.149998 0.966588 151 153 158
2.3925 0.8175 0.506468 0.109718 -0.106983 0.988189 150 152 157
2.3925 0.8325 0.50945 0.0899847 -0.0270839 0.995575 149 152 157
2.3925 0.8475 0.508589 0.00296873 0.088399 0.996081 149 152 157
2.3925 0.8625 0.506706 0.0149728 0.0828877 0.996446 149 152 157
2.3925 0.8775 0.50621 0.03823 0.0554931 0.997727 148 151 156
2.38085 0.8925 0.5025 -0.20555 0.269624 0.940772 148 151 156
2.3925 0.8925 0.505032 -0.0793052 0.161873 0.98362 148 151 156
2.3925 0.901543 0.5025 -0.188617 0.26476 0.945688 148 151 156
2.38093 0.9075 0.5025 0.16788 -0.0949534 0.981224 148 151 156
2.3775 0.901432 0.5025 0.16788 -0.0949534 0.981224 148 151 156
2.3775 0.9075 0.503087 0.16788 -0.0949534 0.981224 148 151 156
2.4075 0.7275 0.497246 0.162671 0.0339679 0.986095 154 156 160
2.4075 0.7425 0.497249 0.209444 -0.0240434 0.977525 154 156 159
2.4075 0.7575 0.497884 0.125985 0.0545898 0.990529 154 156 159
2.4075 0.7725 0.496284 0.149513 -0.0583024 0.987039 154 156 160
2.4075 0.7875 0.498603 0.135776 -0.100658 0.985613 153 155 159
2.40076 0.8025 0.5025 0.461455 -0.397101 0.793329 152 154 158
2.4075 0.8025 0.498913 0.149664 -0.194081 0.969502 153 155 159
2.4075 0.809998 0.5025 0.0842393 -0.43134 0.898248 152 154 158
2.4075 0.8175 0.506367 0.134401 -0.155871 0.978591 150 153 158
2.4075 0.8325 0.508718 0.102992 -0.0855504 0.990996 149 152 157
2.4075 0.8475 0.50785 0.0556552 0.0463888 0.997372 149 152 157
2.4075 0.8625 0.507455 0.0121486 0.0929259 0.995599 148 151 156
2.4075 0.8775 0.504958 0.0270223 0.0861885 0.995912 148 151 156
2.4075 0.8925 0.504977 0.0516544 0.0387395 0.997913 148 151 156
2.40191 0.9075 0.5025 -0.168346 0.265803 0.949215 148 151 156
2.4075 0.9075 0.503492 -0.0415339 0.13988 0.989297 148 151 156
2.4075 0.911041 0.5025 -0.135043 0.267377 0.954082 148 151 156
2.3932 0.9225 0.5025 0.234497 -0.127117 0.96377 148 151 156
2.3925 0.921206 0.5025 0.234497 -0.127117 0.96377 148 151 156
2.3925 0.9225 0.502671 0.234497 -0.127117 0.96377 148 151 156
2.1193 0.6825 0.5325 0.149022 -0.572788 0.806044 149 152 157
2.1075 0.67943 0.5325 0.149022 -0.572788 0.806044 148 151 156
2.1075 0.6825 0.534682 0.149022 -0.572788 0.806044 148 151 156
2.12727 0.6975 0.5325 0.190475 -0.101337 0.976448 149 152 157
2.1225 0.688542 0.5325 0.190475 -0.101337 0.976448 149 152 157
2.1225 0.6975 0.53343 0.190475 -0.101337 0.976448 149 152 157
2.1525 0.6825 0.523922 0.256437 -0.22165 0.940803 147 150 155
2.1375 0.6825 0.525655 0 0 0 147 150 155
2.16493 0.6825 0.5175 0.428118 -0.391871 0.814341 147 150 155
2.1675 0.6825 0.515825 -0.0632025 -0.481555 0.874134 147 150 155
2.1675 0.685541 0.5175 0.00226332 -0.424888 0.905243 147 150 155
2.1675 0.6975 0.523368 0.221516 -0.235948 0.946181 147 151 154
2.1525 0.6975 0.524422 0.0700928 -0.0332288 0.996987 147 150 155
2.1825 0.6825 0.516909 0.137348 -0.150529 0.979018 147 151 154
2.1825 0.683552 0.5175 0.23393 -0.397892 0.887107 147 151 154
2.1825 0.6975 0.523403 0.116303 -0.224442 0.967522 147 151 154
2.1825 0.7125 0.521564 0.100876 -0.126175 0.986866 147 151 154
2.1675 0.7125 0.529686 0.446508 -0.347349 0.824608 147 151 154
2.1975 0.6825 0.514526 0.127573 -0.112975 0.985374 147 151 154
2.19356 0.6975 0.5175 0.454316 -0.386952 0.802412 147 151 155
2.1975 0.6975 0.514767 0.141233 -0.157859 0.977309 147 151 155
2.1975 0.702072 0.5175 0.0673932 -0.447807 0.891587 147 151 155
2.1975 0.7125 0.522823 0.108491 -0.154963 0.981945 147 151 154
2.1825 0.7275 0.526717 0.131111 -0.322088 0.937587 147 151 154
2.2125 0.6825 0.510586 0.0710957 -0.217492 0.973469 148 151 155
2.2125 0.6975 0.515264 0.126549 -0.210964 0.969268 147 151 155
2.2125 0.701603 0.5175 0.279567 -0.406176 0.869979 147 151 155
2.2125 0.7125 0.522138 0.19087 -0.198762 0.961281 147 151 155
2.2275 0.6825 0.512903 0.104038 -0.0496279 0.993334 149 152 156
2.2275 0.6975 0.513601 0.10299 -0.0571213 0.993041 148 152 156
2.22023 0.7125 0.5175 0.511018 -0.300526 0.805323 148 152 155
2.2275 0.7125 0.512639 0.275016 -0.12702 0.953012 148 151 156
2.2275 0.727105 0.5175 0.431635 -0.28527 0.855752 148 151 156
2.2425 0.6825 0.509311 0.149239 -0.0758648 0.985887 149 152 156
2.2425 0.6975 0.510163 0.172582 -0.0398122 0.98419 149 152 156
2.2425 0.7125 0.51119 0.129304 -0.0548369 0.990088 149 152 156
2.2575 0.6825 0.507248 0.0159586 -0.0671623 0.997614 149 153 157
2.2575 0.6975 0.509006 0.0512184 -0.0336144 0.998122 149 153 157
2.2575 0.7125 0.50819 0.0771021 -0.0952369 0.992464 149 153 157
2.2725 0.6825 0.509041 0.0589373 0.00825113 0.998228 150 153 157
2.2725 0.6975 0.508555 0.0685626 0.0040224 0.997639 150 153 157
2.2725 0.7125 0.50885 0.129029 -0.043333 0.990694 150 153 157
2.2875 0.6825 0.506273 0.212369 -0.0354134 0.976548 150 154 158
2.2875 0.6975 0.506873 0.161118 0.0250061 0.986618 151 154 158
2.2875 0.7125 0.505136 0.111729 -0.0133226 0.993649 151 154 158
2.3025 0.6825 0.502849 -0.0309755 0.0291089 0.999096 151 154 158
2.3025 0.6975 0.50328 0.0832194 -0.0294965 0.996095 151 154 158
2.3025 0.7125 0.503758 0.099992 -0.0498845 0.993737 151 154 158
2.3175 0.6675 0.506628 0.198483 -0.0386369 0.979342 151 155 159
2.3175 0.6825 0.50656 0.026246 0.078634 0.996558 151 155 159
2.3175 0.6975 0.504388 -0.0646679 0.0454705 0.99687 151 155 159
2.3175 0.7125 0.504634 0.0296407 0.0483934 0.998388 151 155 159
2.3325 0.6675 0.502928 0.234383 -0.0808597 0.968776 151 155 159
2.3325 0.6825 0.50418 0.202433 -0.0223582 0.979041 151 155 159
2.3325 0.6975 0.503857 0.123803 0.0583003 0.990593 151 155 159
2.3325 0.706411 0.5025 0.183221 0.143872 0.972487 152 155 159
2.32815 0.7125 0.5025 0.151571 0.0785453 0.985321 151 155 159
2.3325 0.7125 0.501647 0.10781 0.05808 0.992474 152 155 159
2.33456 0.6675 0.5025 0.699537 -0.189933 0.688893 151 155 159
2.33858 0.6825 0.5025 0.42103 -0.222506 0.879332 151 155 158
2.3475 0.6825 0.500077 0.110414 -0.497225 0.860567 151 155 159
2.34055 0.6975 0.5025 0.163057 0.061353 0.984707 152 155 159
2.3475 0.6975 0.501351 -0.00446928 -0.000634589 0.99999 152 155 159
2.3475 0.7125 0.500558 -0.0141366 -0.0040121 0.999892 152 154 158
2.3475 0.722428 0.5025 0.105801 -0.19117 0.975838 153 155 158
2.3625 0.6825 0.502039 0.208438 -0.519487 0.828665 153 155 158
2.3625 0.689725 0.5025 0.472892 -0.356665 0.805706 153 155 158
2.35798 0.6975 0.5025 -0.109079 -0.019458 0.993843 152 155 158
2.3625 0.6975 0.502998 -0.0163668 -0.00324778 0.999861 153 155 158
2.36135 0.7125 0.5025 -0.128802 0.0807185 0.98838 153 155 158
2.3625 0.7125 0.502676 0.125275 0.0248593 0.991811 153 155 158
2.3625 0.713416 0.5025 -1.7452e-18 0.16838 0.985722 153 155 158
2.36433 0.6975 0.5025 0.236779 -0.0189243 0.971379 153 155 158
2.3775 0.6975 0.498991 0.435151 -0.43372 0.789006 153 155 159
2.36334 0.7125 0.5025 0.202489 0.0899158 0.975148 153 155 158
2.3775 0.7125 0.499552 0.0759312 0.0177246 0.996956 153 155 159
2.3925 0.7125 0.500535 0.136356 -0.313244 0.939832 154 156 159
2.4075 0.6975 0.497619 -0.238293 -0.365893 0.899633 154 156 159
2.4075 0.7125 0.4978 0.162168 0.00925071 0.98672 154 156 159
2.4225 0.7275 0.495357 0.109941 0.0352194 0.993314 154 156 159
2.4225 0.7425 0.49407 0.085133 0.00119064 0.996369 154 156 159
2.4225 0.7575 0.494234 0.0648033 -0.0189843 0.997717 155 157 160
2.4225 0.7725 0.49444 0.0533161 -0.000590089 0.998578 154 156 160
2.4225 0.7875 0.495641 0.117116 -0.165449 0.97924 154 156 160
2.4225 0.8025 0.499404 0.106794 -0.210315 0.971783 153 155 159
2.4225 0.809785 0.5025 0.233931 -0.395844 0.888022 152 154 158
2.4225 0.8175 0.506243 0.0955692 -0.190118 0.977099 150 153 158
2.4225 0.8325 0.505226 0.081759 -0.0458977 0.995595 150 153 158
2.4225 0.8475 0.507047 0.0935262 -0.00629265 0.995597 149 152 157
2.4225 0.8625 0.506249 0.07409 0.0519804 0.995896 149 152 157
2.4225 0.8775 0.505514 0.0252832 0.0960007 0.99506 148 151 156
2.4225 0.8925 0.503178 0.0192818 0.0455767 0.998775 148 151 156
2.4225 0.9075 0.503793 0.0438093 0.0581909 0.997344 148 151 156
2.4225 0.917901 0.5025 0.0282287 0.147617 0.988642 148 152 155
2.4375 0.7275 0.493744 0.0628924 -0.00657165 0.997999 155 157 160
2.4375 0.7425 0.493598 0.0669283 -0.0165716 0.99762 155 157 160
2.4375 0.7575 0.495735 0.0876874 -0.0567779 0.994529 155 157 160
2.4375 0.7725 0.496072 0.0567936 0.0155451 0.998265 154 157 160
2.4375 0.7875 0.494911 0.11655 -0.0495109 0.99195 155 157 160
2.4375 0.8025 0.49787 0.182748 -0.153832 0.97105 152 156 160
2.42877 0.8175 0.5025 0.448264 -0.400975 0.798923 151 154 159
2.4375 0.8175 0.498018 0.219679 -0.208207 0.953095 152 156 160
2.4375 0.826847 0.5025 0.169287 -0.461295 0.870947 151 154 159
2.4375 0.8325 0.505675 0.0986839 -0.0988127 0.990201 150 153 158
2.4375 0.8475 0.505865 0.0653579 -0.00850165 0.997826 149 152 157
2.4375 0.8625 0.505256 0.0627041 0.0556819 0.996478 149 152 157
2.4375 0.8775 0.504019 0.062823 0.0435168 0.997075 149 152 157
2.4375 0.8925 0.503975 0.0289574 0.0573837 0.997932 148 151 156
2.4375 0.901744 0.5025 0.0512738 0.157652 0.986163 148 152 155
2.43114 0.9075 0.5025 0.144767 0.132108 0.980607 148 152 155
2.4375 0.9075 0.501589 0.0314256 0.0580993 0.997816 148 152 155
2.4375 0.9225 0.502064 0.0688046 0.0160712 0.997501 148 152 155
2.4225 0.9225 0.501908 0.0484742 0.0266745 0.998468 148 152 155
2.4525 0.7275 0.49354 0.0710562 -0.00430655 0.997463 155 157 160
2.4525 0.7425 0.49355 0.0617205 0.0328157 0.997554 155 157 161
2.4525 0.7575 0.492351 0.130569 0.0163129 0.991305 155 157 161
2.4525 0.7725 0.492376 0.196028 -0.0100694 0.980547 155 158 161
2.4525 0.7875 0.492417 0.17054 0.0274051 0.98497 154 158 161
2.4525 0.8025 0.492112 0.204735 -0.191218 0.959958 154 157 161
2.4525 0.8175 0.496394 0.153244 -0.263656 0.952366 152 155 160
2.4525 0.829369 0.5025 0.249448 -0.465779 0.849014 150 153 158
2.4525 0.8325 0.504793 0.121355 -0.163344 0.979077 150 153 158
2.4525 0.8475 0.504407 0.0737866 0.0124477 0.997196 150 153 158
2.4525 0.8625 0.504192 0.0704002 0.0307307 0.997045 149 152 157
2.4525 0.8775 0.503652 0.0505304 0.0475959 0.997588 149 152 157
2.4525 0.8925 0.503021 0.0563323 0.03303 0.997866 148 152 155
2.4525 0.905825 0.5025 0.0164279 0.0860713 0.996154 148 152 155
2.4525 0.9075 0.502429 0.00592368 0.0835847 0.996483 148 152 155
2.4525 0.9225 0.500058 0.0220248 0.0808554 0.996482 149 153 156
2.4525 0.9375 0.499961 0.0876724 0.059233 0.994387 149 153 156
2.4375 0.9375 0.500244 0.0186884 0.120422 0.992547 149 153 156
2.4675 0.7275 0.491387 0.0688792 -0.0175761 0.99747 155 157 160
2.4675 0.7425 0.49154 0.0605583 0.00782023 0.998134 156 158 161
2.4675 0.7575 0.491103 0.0097877 0.0394129 0.999175 155 157 160
2.4675 0.7725 0.489833 0.00818425 0.0426809 0.999055 154 157 160
2.4675 0.7875 0.490287 0.0679529 0.0114528 0.997623 155 157 160
2.4675 0.8025 0.489473 0.129626 -0.142136 0.981323 154 157 161
2.4675 0.8175 0.496487 0.161146 -0.247372 0.955426 152 155 160
2.45619 0.8325 0.5025 0.436512 -0.395022 0.808341 150 153 158
2.4675 0.8325 0.496851 0.251091 -0.210981 0.944691 153 155 160
2.4675 0.845839 0.5025 0.427483 -0.356385 0.830812 150 153 157
2.4675 0.8475 0.503419 0.165186 -0.0600688 0.984431 149 152 157
2.4675 0.8625 0.503308 0.0731395 0.0128725 0.997239 149 152 157
2.4675 0.8775 0.502652 0.0589269 0.0381411 0.997533 149 153 156
2.4675 0.881381 0.5025 0.0513097 0.0388337 0.997927 149 153 156
2.46069 0.8925 0.5025 0.063446 0.0390294 0.997222 148 152 155
2.4675 0.8925 0.502069 0.0626922 0.0547354 0.996531 148 152 155
2.4675 0.9075 0.501348 0.0937763 0.0312932 0.995101 149 153 156
2.4675 0.9225 0.501367 0.0271731 0.0885056 0.995705 149 153 156
2.4675 0.9375 0.498525 0.00784705 0.11434 0.993411 149 153 156
2.4675 0.9525 0.49729 0.0682508 0.0651891 0.995536 149 153 156
2.4525 0.9525 0.498742 0.0960492 0.0806466 0.992104 149 153 156
2.4825 0.7275 0.491884 0.0641274 0.00571342 0.997925 155 157 160
2.4825 0.7425 0.491681 0.0842126 0.0092481 0.996405 155 157 160
2.4825 0.7575 0.491533 0.0968202 -0.0150586 0.995188 155 157 160
2.4825 0.7725 0.492596 0.0242738 0.0228272 0.999445 155 157 160
2.4825 0.7875 0.490358 -0.00180689 0.0807487 0.996733 155 157 161
2.4825 0.8025 0.490004 0.0484516 -0.00478618 0.998814 154 157 161
2.4825 0.8175 0.490944 0.258456 -0.16965 0.951009 156 158 162
2.4825 0.8325 0.495209 0.245673 -0.178744 0.95273 152 155 160
2.4688 0.8475 0.5025 0.287984 -0.224461 0.930958 150 152 157
2.4825 0.8475 0.49553 0.184555 -0.274518 0.943705 152 155 160
2.48041 0.8625 0.5025 0.053785 -0.00182231 0.998551 149 153 156
2.4825 0.8625 0.502275 0.17321 -0.184082 0.967529 149 153 156
2.47396 0.8775 0.5025 0.0239252 0.0246744 0.999409 149 153 156
2.4825 0.8775 0.502292 0.084646 0.0367349 0.995734 149 153 156
2.4825 0.8925 0.50112 0.0668417 0.0742075 0.995 149 153 156
2.4825 0.9075 0.500038 0.0684514 0.0577685 0.995981 149 153 156
2.4825 0.9225 0.499083 0.0950761 0.0332034 0.994916 149 153 156
2.4825 0.9375 0.4991 0.0426068 0.0752077 0.996257 149 153 156
2.4825 0.9525 0.496992 -0.0119256 0.11241 0.99359 149 153 156
2.4675 0.9675 0.497359 0.109838 -0.00460332 0.993939 149 153 156
2.4975 0.7275 0.489023 0.190336 0.00566462 0.981703 155 157 160
2.4975 0.7425 0.488932 0.20886 0.00957085 0.977899 156 157 160
2.4975 0.7575 0.488646 0.199672 0.0099463 0.979812 155 157 160
2.4975 0.7725 0.488614 0.23511 -0.0498017 0.970692 155 157 161
2.4975 0.7875 0.49018 0.15931 0.0514704 0.985886 155 157 160
2.4975 0.8025 0.487618 0.132613 0.0587222 0.989427 155 157 161
2.4975 0.8325 0.488072 0.171563 -0.278883 0.944876 156 158 162
2.4975 0.8475 0.495422 0.16827 -0.274577 0.946727 152 156 159
2.4975 0.8625 0.50138 0.182006 -0.235735 0.954622 149 153 156
2.4975 0.8775 0.500245 0.0810258 0.0418069 0.995835 149 153 156
2.4975 0.8925 0.500074 0.0835693 0.042342 0.995602 149 153 156
2.4975 0.9075 0.498989 0.058403 0.0567383 0.996679 149 153 156
2.4975 0.9225 0.498564 0.0512941 0.0495121 0.997455 149 153 156
2.4975 0.9375 0.497416 0.0719457 0.0356606 0.996771 150 154 157
2.4975 0.9525 0.497645 0.0445121 0.0650433 0.996889 150 154 157
2.5125 0.8175 0.488018 -0.050567 -0.0502803 0.997454 156 158 161
2.5125 0.8325 0.488675 0.024472 -0.126558 0.991657 156 158 161
2.5125 0.8475 0.494805 0.179484 -0.253121 0.950639 152 155 158
2.5125 0.8625 0.49397 0.247852 -0.164219 0.954778 152 156 159
2.5125 0.8775 0.499804 0.248692 -0.133187 0.959382 150 154 157
2.5125 0.8925 0.498622 0.0860937 0.0374379 0.995583 150 154 157
2.5125 0.9075 0.498478 0.0768198 0.0402012 0.996234 149 153 156
2.5125 0.9225 0.497456 0.067239 0.0449599 0.996723 150 154 157
2.5125 0.9375 0.49709 0.0556212 0.0555392 0.996906 150 154 157
2.5125 0.9525 0.49569 0.0769181 0.0434509 0.99609 151 155 158
2.5275 0.7275 0.489525 0.0162014 0.0394116 0.999092 156 157 161
2.5275 0.8025 0.488012 -0.020437 -0.0500115 0.99854 156 158 161
2.5275 0.8175 0.488577 0.046224 -0.00235373 0.998928 156 158 160
2.5275 0.8625 0.493432 0.25532 -0.174316 0.951013 152 156 159
2.5275 0.8775 0.492955 0.178491 -0.185888 0.966223 152 156 159
2.5275 0.8925 0.497281 0.140112 -0.0662243 0.987919 151 155 158
2.5275 0.9075 0.496721 0.0879032 0.024981 0.995816 151 155 158
2.5275 0.9225 0.496505 0.0793531 0.0415767 0.995979 151 155 158
2.5275 0.9375 0.495647 0.0784119 0.0371627 0.996228 151 155 158
2.5275 0.9525 0.495314 0.0575098 0.0641475 0.996282 151 155 158
2.5425 0.8775 0.49234 0.159489 -0.212428 0.964073 153 156 159
2.5425 0.8925 0.496122 0.143328 -0.154696 0.97751 151 155 158
2.5425 0.9075 0.495806 0.0730595 0.0312686 0.996837 151 155 158
2.5425 0.9225 0.495245 0.0762938 0.0338358 0.996511 151 155 158
2.5425 0.9375 0.494656 0.0785512 0.0482201 0.995743 151 155 158
2.5425 0.9525 0.494048 0.0894104 0.0375253 0.995288 151 155 158
2.5575 0.8775 0.492436 0.12853 -0.246662 0.96054 153 156 159
2.5575 0.8925 0.491601 0.115354 -0.104492 0.987813 153 156 160
2.5575 0.9075 0.494586 0.128714 -0.0446158 0.990678 151 155 158
2.5575 0.9225 0.494077 0.0892904 0.031363 0.995512 151 155 158
2.5575 0.9375 0.493536 0.0709854 0.0465978 0.996388 152 156 159
2.5575 0.9525 0.49243 0.0733906 0.0543753 0.99582 152 156 159
2.5725 0.8925 0.491595 0.147026 -0.165756 0.975145 153 157 160
2.5725 0.9075 0.493034 0.102487 -0.0636576 0.992695 152 156 159
2.5725 0.9225 0.492449 0.0946406 0.0342227 0.994923 152 156 159
2.5725 0.9375 0.492275 0.106878 0.0204604 0.994062 152 156 159
2.5725 0.9525 0.491949 0.0724312 0.0480847 0.996214 152 156 159
2.5875 0.8925 0.490707 0.132066 -0.222107 0.966037 153 157 160
2.5875 0.9075 0.49042 0.106295 -0.0270844 0.993966 153 157 160
2.5875 0.9225 0.491497 0.118281 0.0115339 0.992913 153 157 160
2.5875 0.9375 0.490428 0.109394 0.0385179 0.993252 152 156 159
2.5875 0.9525 0.490118 0.123792 0.012591 0.992228 153 157 160
2.6025 0.9075 0.489798 0.183375 -0.102461 0.977689 154 157 160
2.6025 0.9225 0.489232 0.0869473 0.0089274 0.996173 154 157 160
2.6025 0.9375 0.488755 0.0863653 0.0416454 0.995393 153 157 160
2.6025 0.9525 0.488198 0.0890025 0.0295181 0.995594 153 157 160
2.6175 0.9225 0.488104 0.142664 -0.0605534 0.987917 153 157 160
2.6175 0.9375 0.488306 0.0611414 0.0241782 0.997836 154 158 161
2.89069 0.7725 0.5025 0.942312 0.000478851 0.334736 164 162 159
2.8875 0.768987 0.5025 0.711411 -0.668818 0.215816 163 162 159
2.8875 0.7725 0.515449 0.352946 0.0433147 0.934641 166 164 159
2.8875 0.7725 0.534565 0 0 0 166 164 160
2.8875 0.787053 0.5025 -0.0621063 0.542392 0.837827 165 163 160
2.8875 0.7875 0.502223 0.455357 -0.0704466 0.887517 165 163 160
2.9025 0.8025 0.500922 0.400912 -0.345063 0.848647 165 164 159
2.8875 0.8025 0.498849 -0.305985 0.355483 0.883179 164 163 159
2.9025 0.8175 0.496102 -0.27549 0.342565 0.898195 164 164 160
2.8875 0.8175 0.490807 -0.255621 0.269454 0.928468 163 163 158
2.9025 0.8175 0.540012 -0.236965 0.204468 -0.949758 167 164 158
2.9025 0.8325 0.490927 -0.206155 0.253184 0.945197 165 163 160
2.8875 0.8325 0.488636 -0.169828 0.197222 0.965537 164 163 157
2.9025 0.8325 0.542437 -0.189884 0.156721 -0.969218 168 163 157
2.9025 0.8475 0.488048 -0.135572 0.176374 0.974942 165 163 158
2.9175 0.8175 0.501456 0.352386 -0.30546 0.884601 167 164 160
2.9175 0.8175 0.535465 -0.280906 0.249194 -0.926819 168 165 159
2.9175 0.8325 0.495161 -0.289508 0.334188 0.896941 166 164 160
2.9175 0.8325 0.539499 -0.236965 0.204468 -0.949758 169 164 158
2.9175 0.8475 0.489333 -0.215224 0.240236 0.946554 165 163 159
2.9175 0.8625 0.488231 -0.0998425 0.159454 0.982143 166 164 158
2.9175 0.8625 0.543982 0.175604 -0.107419 -0.978583 169 164 158
2.9175 0.876197 0.5175 -0.0880025 -0.995697 -0.0290201 174 173 169
2.91284 0.8775 0.5175 -0.858734 0.499871 -0.112713 174 174 170
2.9175 0.8775 0.516415 1.83532e-17 0 -1 174 174 169
2.9175 0.876613 0.5325 0.288251 -0.952262 -0.100538 174 174 170
2.91389 0.8775 0.5325 -0.674621 -0.736255 0.0530641 175 174 171
2.9175 0.880048 0.5175 0.27145 0.957166 -0.10074 174 174 170
2.9175 0.879579 0.5325 -0.0791598 0.983659 -0.161704 175 175 171
2.9325 0.8325 0.499665 0.336231 -0.321465 0.885217 167 164 160
2.9325 0.8475 0.495553 -0.317819 0.334245 0.887283 167 164 160
2.9325 0.8475 0.537799 -0.202878 0.241309 -0.949005 170 166 159
2.9325 0.8625 0.48945 -0.276868 0.304843 0.911271 167 164 159
2.9325 0.8625 0.54137 -0.215167 0.20502 -0.954814 168 165 159
2.91883 0.8775 0.5175 0.983226 -0.177786 -0.040721 174 174 169
2.91841 0.8775 0.5325 0.723577 -0.357346 -0.590542 174 174 170
2.9325 0.8775 0.545111 0.040205 -0.180776 -0.982702 168 165 158
2.9325 0.9075 0.545711 -0.219281 0.626715 -0.747759 174 174 169
2.9475 0.8475 0.501166 0.514432 -0.213849 0.830439 167 165 160
2.9475 0.8475 0.533931 -0.240634 0.267489 -0.93303 169 167 162
2.9475 0.8625 0.493519 0.100628 0.246788 0.963831 166 165 160
2.9475 0.8625 0.538231 -0.223178 0.173213 -0.959265 168 166 160
2.9475 0.8775 0.490585 -0.337573 0.333412 0.880273 167 164 160
2.9475 0.8775 0.539712 -0.271413 -0.146539 -0.951242 169 166 162
2.9475 0.887984 0.5025 -0.426284 -0.878633 -0.215144 172 172 169
2.94491 0.8925 0.5025 -0.706965 0.612401 -0.353787 173 173 170
2.9475 0.8925 0.497558 -0.677065 -8.54815e-17 -0.735923 172 172 168
2.9475 0.889002 0.5175 -0.367338 -0.929769 0.0243296 173 173 169
2.93566 0.8925 0.5175 -0.945251 0.289958 -0.149751 175 175 172
2.9475 0.888639 0.5325 -0.350607 -0.810212 -0.469714 174 174 171
2.93745 0.8925 0.5325 -0.706748 -0.706202 0.0422746 175 176 172
2.9475 0.89514 0.5025 -0.492146 0.834903 -0.246436 173 174 170
2.9475 0.89665 0.5175 -0.413134 0.908055 -0.0689672 175 176 172
2.9475 0.896986 0.5325 -0.364107 0.858003 -0.362293 176 176 173
2.9475 0.9075 0.541312 -0.274105 0.56613 -0.777408 176 176 172
2.9625 0.8775 0.495449 -0.0824636 -0.140691 0.986613 167 165 161
2.9625 0.8775 0.5359 -0.245247 -0.0929621 -0.964993 170 167 164
2.9625 0.882035 0.5025 0.150683 -0.988004 -0.0338035 170 169 165
2.9625 0.88199 0.5175 0.0173514 -0.999701 0.0172203 170 169 166
2.9625 0.882418 0.5325 -0.182786 -0.946774 -0.264968 173 171 168
2.9625 0.90427 0.5025 -0.532365 0.798961 -0.27973 176 177 174
2.9625 0.903762 0.5175 -0.442492 0.896634 -0.0157564 177 177 174
2.9625 0.904246 0.5325 -0.42292 0.899383 -0.110673 178 179 176
2.9625 0.9075 0.535656 -0.292393 0.539774 -0.789399 178 179 176
2.9625 0.9225 0.544269 -0.279539 0.478077 -0.832646 177 177 173
2.9775 0.88929 0.5025 0.329723 -0.943441 0.0346645 173 174 171
2.9775 0.889389 0.5175 0.342674 -0.939444 -0.00447321 174 176 173
2.9775 0.889155 0.5325 0.334159 -0.942516 -0.0011269 175 176 174
2.9697 0.9075 0.5025 -0.453656 0.890434 -0.0363838 177 178 175
2.97091 0.9075 0.5175 -0.446117 0.894896 -0.0118547 177 178 175
2.96958 0.9075 0.5325 -0.415141 0.785056 -0.459722 179 180 177
2.9775 0.912011 0.5025 -0.449557 0.891505 -0.055824 178 178 176
2.9775 0.911206 0.5175 -0.479182 0.877448 -0.0216644 177 178 176
2.9775 0.911791 0.5325 -0.462491 0.808956 -0.362895 178 180 178
2.9775 0.9225 0.539853 -0.286327 0.526406 -0.800571 179 179 176
2.99094 0.8925 0.5025 0.70219 -0.710296 -0.0490832 177 180 179
2.9925 0.8925 0.488774 0.993161 0.0186967 0.115246 177 181 179
2.99144 0.8925 0.5175 0.314917 -0.949058 -0.0108195 177 182 182
2.99164 0.8925 0.5325 0.294867 -0.955502 -0.00832983 177 182 182
2.9925 0.8925 0.53363 0.693575 -0.49115 -0.526997 178 183 182
2.9925 0.895348 0.5025 0.773958 -0.385457 -0.502406 177 180 178
2.9925 0.9075 0.497102 0.623105 0 -0.782138 178 179 178
2.9925 0.894577 0.5175 0.899646 -0.434593 -0.0420271 178 182 181
2.9925 0.893713 0.5325 0.871263 -0.486704 -0.0634117 177 182 182
2.9925 0.918776 0.5025 0.374434 0.857376 -0.353138 177 178 176
2.9925 0.9225 0.493619 1.4605e-16 0 1 178 178 176
2.9925 0.918669 0.5175 0.207902 0.976393 -0.0586003 180 181 178
2.9925 0.920977 0.5325 0.112657 0.955777 -0.27166 180 182 179
2.9925 0.9225 0.534346 0.0562408 0.388063 -0.919915 181 182 179
2.9925 0.9375 0.544504 -0.25688 0.541907 -0.800218 183 184 179
2.99754 0.9075 0.5025 0.964037 -0.140018 -0.225891 179 181 179
2.999 0.9075 0.5175 0.995994 -0.044531 -0.0775476 179 183 180
3.00082 0.9075 0.5325 0.949708 0.228668 -0.213931 182 186 184
3.0075 0.9075 0.540627 0.418645 0.244895 -0.874507 187 191 188
3.0075 0.9225 0.542705 0.344699 0.0381635 -0.937937 185 188 183
3.0075 0.9375 0.54038 0.135355 0.250326 -0.958653 185 186 182
3.0225 0.9075 0.540447 -0.0118999 0.13719 -0.990473 194 199 195
3.0375 0.9075 0.540722 -0.279465 -0.945758 -0.165651 194 198 194
3.0375 0.917365 0.5325 -0.908638 -0.417586 -1.60811e-17 193 197 193
3.03548 0.9225 0.5325 -1 0 0 191 194 189
3.0375 0.9225 0.530387 -0.410705 0.163722 -0.896948 190 193 188
3.0375 0.9225 0.54315 -0.427625 0.180837 0.885684 189 191 186
3.0375 0.923979 0.5325 -0.374456 0.81627 -0.439871 191 194 189
3.0525 0.904508 0.5325 -0.419514 -0.880819 -0.219465 191 194 190
3.04237 0.9075 0.5325 -0.548264 -0.834872 0.0489442 196 202 198
3.0525 0.9075 0.521475 -0.311889 -0.133436 -0.940702 197 203 200
3.0525 0.9225 0.53038 -0.0954394 0.437599 -0.894091 192 195 190
3.0525 0.9225 0.540963 0.0558187 0.207481 0.976645 190 192 186
3.0525 0.931446 0.5325 -0.233844 0.935728 -0.264063 191 193 187
3.0675 0.894168 0.5325 -0.128741 -0.747522 -0.651642 185 184 178
3.0675 0.9075 0.521002 -0.0170849 -0.180024 -0.983514 198 204 200
3.0675 0.9225 0.527745 -0.0820349 0.400405 -0.912659 194 198 193
3.0675 0.934299 0.5325 -0.0739357 0.685199 -0.724594 191 193 187
3.0825 0.734625 0.5325 -0.586189 0.508276 -0.630903 161 156 145
3.0825 0.9075 0.496665 -0.531682 0.54695 0.646653 200 207 204
3.0825 0.896987 0.5325 0.0174745 -0.767935 -0.64029 176 175 167
3.0825 0.9075 0.519873 -0.0996288 -0.0533606 -0.993593 200 205 202
3.0825 0.9225 0.526969 -0.0281529 0.429628 -0.902567 188 191 185
3.0825 0.9225 0.545826 0.0603833 0.795014 0.603578 173 172 164
3.0825 0.932704 0.5325 0.0546513 0.842901 -0.535285 188 188 181
3.0975 0.734596 0.5175 -0.525112 0.686017 -0.503625 185 184 179
3.08681 0.7425 0.5325 -0.834626 0.20534 -0.511112 164 159 148
3.0975 0.7425 0.530472 -0.338275 0.443412 -0.830034 163 158 146
3.0975 0.7425 0.535129 -0.266738 0.0819284 0.960281 158 150 136
3.08435 0.7575 0.5325 -0.559922 0.194397 0.805418 156 149 139
3.0975 0.7575 0.531508 -0.320277 -0.0526931 -0.945857 157 151 142
3.0975 0.7575 0.534534 -0.299794 0.104854 0.948224 156 149 138
3.0975 0.766323 0.5325 -0.671614 0.740901 5.01358e-17 157 150 139
3.0975 0.777715 0.5325 -0.600882 -0.276263 0.750079 157 150 139
3.09416 0.7875 0.5325 -1 0 0 156 149 140
3.0975 0.7875 0.53142 -0.734639 0.0613994 -0.675674 158 151 142
3.0975 0.7875 0.534432 -0.315113 0.0665635 0.946717 157 149 139
3.0975 0.798348 0.5175 -4.76456e-17 -1 0 184 179 172
3.09461 0.8025 0.5175 -1 -4.9442e-17 0 188 184 177
3.0975 0.8025 0.513037 -5.39343e-17 0 -1 191 188 182
3.0975 0.79636 0.5325 -0.609996 0.514392 -0.602749 157 150 140
3.0975 0.8025 0.530652 1.07869e-16 0 1 161 154 144
3.0975 0.806129 0.5175 0 1 0 182 177 170
3.0975 0.906645 0.5025 -0.0182939 -0.997575 0.0671535 203 209 206
3.08921 0.9075 0.5025 -0.675559 -0.574265 0.462428 201 207 204
3.0975 0.907364 0.5175 -0.0635915 -0.909354 -0.411135 204 209 207
3.09499 0.9075 0.5175 -0.290698 0.0595814 -0.954958 204 209 206
3.0975 0.898573 0.5325 0.218651 -0.938284 -0.267982 166 164 156
3.0975 0.911166 0.5025 -0.161288 0.981775 0.100515 203 209 206
3.0975 0.908105 0.5175 -0.0943274 0.995306 -0.0216184 204 209 206
3.0975 0.9225 0.526682 0.0950641 0.36469 -0.926263 186 187 181
3.0975 0.9225 0.54444 0.0660043 0.583982 0.809079 175 173 165
3.0975 0.931478 0.5325 0.0361761 0.998731 0.0350286 174 174 166
3.1125 0.738972 0.5025 -0.81696 0.556784 0.150228 194 196 195
3.1125 0.7425 0.500555 -0.808531 0.321903 0.492602 192 194 194
3.1125 0.739803 0.5175 -0.497784 0.857328 -0.131148 155 153 147
3.1125 0.7425 0.523274 -0.465057 0.590152 -0.659881 157 153 145
3.1125 0.7425 0.539838 -0.328009 0.101814 0.939172 160 151 137
3.1125 0.7575 0.489637 -0.859898 0.0622522 0.506656 205 209 210
3.1125 0.7575 0.528156 -0.585597 -0.101105 -0.804272 159 151 141
3.1125 0.7575 0.539553 -0.334576 0.0304137 0.941878 160 150 137
3.1125 0.7725 0.493331 -0.817252 0.134079 0.560465 198 201 200
3.1125 0.763058 0.5175 -0.704231 -0.459299 -0.54139 157 153 146
3.10521 0.7725 0.5175 -0.895119 -0.168079 -0.41293 178 175 168
3.1125 0.7725 0.505735 -0.705331 -0.32646 -0.629232 179 178 172
3.1009 0.7725 0.5325 -0.966263 -0.0556433 -0.251475 158 151 139
3.1125 0.7725 0.53878 -0.354041 0.0166609 0.935081 160 151 139
3.10651 0.7875 0.5175 -0.878368 0.139609 -0.457143 171 167 160
3.1125 0.7875 0.507144 -0.654025 0.288097 -0.699465 194 192 188
3.1125 0.7875 0.53836 -0.265667 0.118526 0.956751 160 152 139
3.1125 0.794683 0.5175 -0.466143 0.704989 -0.53451 158 154 146
3.10269 0.8025 0.5175 1 0 0 173 168 161
3.1019 0.8025 0.5325 -0.936615 0.349557 0.0237068 159 151 140
3.1125 0.8025 0.530227 -0.336209 0.479081 -0.81083 159 152 141
3.1125 0.8025 0.535703 -0.25923 0.0879001 0.961807 160 152 139
3.10395 0.8175 0.5325 -0.959221 -0.230245 0.163958 158 150 139
3.1125 0.8175 0.530697 -0.536448 -0.377871 -0.75461 160 152 140
3.1125 0.8175 0.536474 -0.281041 -0.04221 0.958767 160 151 138
3.1125 0.826331 0.5175 -0.578561 -0.616053 -0.534551 160 156 149
3.10843 0.8325 0.5175 -0.929764 0.175415 -0.323681 169 165 158
3.1125 0.8325 0.510972 -0.617016 -0.137864 -0.774781 178 177 173
3.10624 0.8325 0.5325 -0.90111 0.237435 0.362802 161 153 142
3.1125 0.8325 0.536414 -0.339562 0.15937 0.926984 161 152 140
3.1125 0.837423 0.5175 -0.297174 0.789913 -0.536401 162 159 151
3.1125 0.846906 0.5325 -0.567836 0.768157 -0.2958 162 153 141
3.1125 0.876758 0.5325 -0.575832 -0.561895 0.593878 162 155 144
3.11215 0.8775 0.5325 -1 -2.86074e-17 0 162 155 144
3.1125 0.8775 0.532397 -0.753196 -0.346241 -0.559297 163 155 145
3.1125 0.8775 0.532714 -0.248465 0.00945708 0.968595 162 155 144
3.1125 0.878221 0.5325 -0.630768 0.621482 -0.464642 162 155 145
3.09856 0.9075 0.5025 0.978783 0.0405034 -0.200858 203 208 205
3.1125 0.905422 0.5175 -0.212029 -0.970115 -0.117987 177 180 176
3.1125 0.9075 0.515238 -0.131141 -0.0699803 -0.988891 184 188 183
3.10645 0.9075 0.5325 0.749557 0.313491 -0.582999 165 160 151
3.1125 0.9075 0.524264 0.424151 -0.425384 0.799465 171 170 163
3.1125 0.9225 0.492505 -0.563205 0.770087 0.29961 204 210 206
3.1125 0.915433 0.5175 -0.271217 0.924949 0.266291 188 192 187
3.1125 0.915578 0.5325 0.0281273 -0.997367 -0.0668356 168 164 155
3.1125 0.9225 0.524408 -0.233598 -0.14177 -0.961942 186 187 180
3.1125 0.9225 0.543194 0.0827611 0 0.996569 176 173 164
3.1125 0.930707 0.5325 -0.19275 0.971618 -0.137137 175 173 165
3.11372 0.7425 0.5025 -0.934832 0.340989 0.0990743 189 191 190
3.11462 0.7425 0.5175 -0.960424 0.242216 -0.13754 156 153 148
3.11825 0.7575 0.5025 -0.973967 0.164809 0.155648 189 190 188
3.11725 0.7575 0.5175 -0.93832 -0.145563 -0.313636 158 154 147
3.11845 0.7725 0.5025 -0.996363 0.0833335 0.0177703 177 178 173
3.12444 0.7875 0.5025 -0.884262 0.464413 -0.0490026 166 164 159
3.11977 0.8175 0.5175 -0.714371 -0.530652 -0.45616 163 159 151
3.11304 0.8475 0.5325 -0.888444 0.157592 0.431083 162 153 141
3.12273 0.8625 0.5175 -0.967273 0.115281 -0.226038 156 152 145
3.12676 0.8625 0.5325 -0.96685 0.0645909 0.247041 162 152 140
3.12296 0.8775 0.5175 -0.931944 -0.142949 -0.333236 162 158 151
3.12567 0.8925 0.5325 -0.868223 0.401298 0.291803 161 154 142
3.12441 0.9075 0.5325 -0.891608 -0.227369 0.391586 162 154 143
3.11787 0.9225 0.5025 -0.993814 -0.103494 -0.0402953 200 204 200
3.12336 0.9225 0.5175 -0.935846 0.205134 -0.286553 185 187 182
3.12282 0.9375 0.5175 -0.925321 0.37171 -0.0749213 181 180 173
3.12059 0.9375 0.5325 -0.834653 0.482534 -0.265548 176 174 165
3.1425 1.2225 0.435246 -0.00605879 0.0576819 0.998317 163 164 165
3.1425 1.2375 0.432112 0.0464456 0.0425812 0.998013 161 163 162
3.1425 1.2525 0.434173 0.0956125 -0.00992022 0.995369 164 166 165
3.1425 1.2675 0.43263 0.0423937 -0.0134917 0.99901 164 166 165
3.1425 1.2825 0.434359 0.0953412 -0.102965 0.990105 162 163 164
3.1425 1.2975 0.435829 -0.0423366 0.0450785 0.998086 165 166 166
3.1425 1.3125 0.433164 -0.0246067 0.0412965 0.998844 163 165 163
3.1425 1.3275 0.434198 0.00388436 0.0382558 0.99926 163 165 162
3.1425 1.3425 0.432353 -0.0264409 0.0537467 0.998204 163 165 164
3.1425 1.3575 0.432555 0.0451242 -0.0385158 0.998239 162 164 163
3.1425 1.3725 0.433374 0.0291843 -0.0211642 0.99935 163 165 164
3.1425 1.3875 0.43339 0.0133378 0.00914735 0.999869 165 167 166
3.12844 1.4025 0.4275 -0.339615 0.371425 0.864121 162 164 163
3.1425 1.4025 0.433026 -0.183787 0.196683 0.963088 163 165 164
3.1425 1.41577 0.4275 -0.34723 0.364092 0.864215 166 167 165
3.1425 1.4175 0.42672 -0.101831 0.126724 0.986697 167 167 165
3.1425 1.4325 0.425469 -0.0396651 0.0692393 0.996811 164 166 163
3.1575 1.2225 0.433888 0.0899594 -0.0823626 0.992534 167 170 170
3.1575 1.2375 0.434741 0.000695569 0.151874 0.9884 165 168 168
3.1575 1.2525 0.431007 0.101197 -0.0206215 0.994653 168 170 170
3.1575 1.2675 0.433128 0.0692386 -0.0214497 0.99737 164 167 167
3.1575 1.2825 0.433022 0.0788941 -0.0747451 0.994077 165 168 168
3.1575 1.2975 0.434773 0.0780203 -0.0966045 0.99226 165 167 167
3.1575 1.3125 0.435589 -0.0216589 0.0994828 0.994804 165 167 166
3.1575 1.3275 0.43323 0.0278369 0.0204106 0.999404 165 167 167
3.1575 1.3425 0.433639 -0.0255026 0.031575 0.999176 166 168 167
3.1575 1.3575 0.432217 -0.048497 0.0298786 0.998376 167 169 168
3.1575 1.3725 0.43281 0.0169885 -0.0357138 0.999218 165 167 166
3.1575 1.3875 0.433269 0.00162508 -0.00928447 0.999956 166 167 167
3.1575 1.4025 0.432884 -0.0177567 -0.00125885 0.999842 161 164 164
3.14415 1.4175 0.4275 -0.382737 0.376931 0.843466 167 167 165
3.1575 1.4175 0.433555 -0.136529 0.260549 0.955758 165 167 166
3.1575 1.43016 0.4275 -0.207342 0.424726 0.881259 163 165 164
3.1575 1.4325 0.42634 -0.0713388 0.10654 0.991746 163 165 164
3.1725 1.2225 0.432508 -0.0914382 0.0262265 0.995465 180 182 185
3.1725 1.2375 0.43382 -0.0551746 0.0550278 0.996959 176 180 183
3.1725 1.2525 0.428886 -0.09013 0.132101 0.98713 170 174 175
3.1725 1.2675 0.431917 0.0562063 -0.0848744 0.994805 169 174 177
3.1725 1.2825 0.431367 0.035147 -0.0404181 0.998565 174 179 181
3.1725 1.2975 0.433117 0.0541639 -0.123514 0.990864 173 176 177
3.1725 1.3125 0.435275 -0.0182811 -0.00309678 0.999828 170 173 174
3.1725 1.3275 0.432025 -0.07269 0.111987 0.991047 170 172 174
3.1725 1.3425 0.433053 0.0186791 -0.0632622 0.997822 167 170 170
3.1725 1.3575 0.434081 -0.0483702 0.0318165 0.998323 166 168 167
3.1725 1.3725 0.432844 -0.0438145 0.00692329 0.999016 171 174 174
3.1725 1.3875 0.433137 -0.02789 -0.0336373 0.999045 171 172 174
3.1725 1.4025 0.433807 -0.0501294 -0.00871225 0.998705 167 169 172
3.1725 1.4175 0.433712 -0.130212 0.138845 0.981716 168 170 173
3.1725 1.43055 0.4275 -0.0364955 0.429971 0.902105 170 171 173
3.1725 1.4325 0.426622 -0.0824087 0.051135 0.995286 170 171 173
3.1875 1.2225 0.436444 -0.335985 0.0582129 0.940067 198 203 207
3.1875 1.2375 0.434436 -0.273433 0.0466192 0.960761 190 194 198
3.1875 1.2525 0.435858 -0.278758 0.130831 0.951408 194 199 203
3.1875 1.2675 0.431354 -0.243724 0.0605699 0.967952 185 193 196
3.1875 1.2825 0.431951 -0.171641 -0.064208 0.983065 180 186 190
3.1875 1.2975 0.433302 -0.156079 -0.0572006 0.986087 184 190 193
3.1875 1.3125 0.434953 -0.0439596 -0.10943 0.993022 190 193 196
3.1875 1.3275 0.436598 -0.182843 0.0610397 0.981245 193 197 200
3.1875 1.3425 0.433231 -0.20486 0.0551864 0.977234 185 189 191
3.1875 1.3575 0.434417 -0.11125 -0.0162589 0.993659 184 187 189
3.1875 1.3725 0.43339 -0.106609 0.0505495 0.993015 189 191 193
3.1875 1.3875 0.43406 -0.0460294 -0.0409388 0.998101 189 192 196
3.1875 1.4025 0.434704 -0.0607308 -0.0306656 0.997683 189 193 197
3.1875 1.4175 0.434723 -0.0889782 -0.02153 0.995801 186 189 191
3.17419 1.4325 0.4275 -0.471202 0.295128 0.831185 170 171 173
3.1875 1.4325 0.435104 -0.312556 0.16899 0.934746 181 185 187
3.2025 1.21387 0.4425 -0.416397 -0.118277 0.901457 207 213 218
3.19978 1.2225 0.4425 -0.434613 -0.0444104 0.899521 204 211 217
3.2025 1.2225 0.443751 -0.635469 0.00041936 0.772126 204 210 216
3.20093 1.2375 0.4425 -0.488267 0.0862185 0.868425 206 211 215
3.2025 1.2375 0.44378 -0.613213 0.142657 0.776929 206 211 215
3.2025 1.24108 0.4425 -0.510692 0.264201 0.818163 207 212 216
3.2025 1.2525 0.43872 -0.346797 0.116812 0.930638 207 212 216
3.2025 1.2675 0.437441 -0.347825 0.0844432 0.933749 201 209 212
3.2025 1.2825 0.436592 -0.378562 -0.0536168 0.924022 207 215 218
3.2025 1.2975 0.439126 -0.383727 -0.00637704 0.923424 208 215 218
3.2025 1.3125 0.436594 -0.306433 0.0299577 0.951421 206 213 216
3.2025 1.3275 0.43776 -0.162998 -0.0510313 0.985306 205 210 212
3.2025 1.3425 0.438854 -0.223839 0.0417887 0.97373 199 204 206
3.2025 1.3575 0.437107 -0.255174 0.0275258 0.966503 206 211 214
3.2025 1.3725 0.437235 -0.233101 0.0779855 0.96932 206 209 211
3.2025 1.3875 0.434604 -0.274077 0.0412853 0.960821 194 200 204
3.2025 1.4025 0.435374 -0.157139 -0.041101 0.986721 192 197 201
3.2025 1.4175 0.436145 -0.153715 -0.0529826 0.986694 195 198 202
3.2025 1.4325 0.437385 -0.173371 -0.0567476 0.98322 199 203 206
3.2175 1.21606 0.4575 -0.70768 -0.0250368 0.706089 208 211 214
3.2175 1.2225 0.456719 -0.67007 0.104002 0.734976 209 214 217
3.2175 1.2375 0.454518 -0.629768 0.0943935 0.771027 194 198 199
3.20853 1.2525 0.4425 -0.627233 0.315316 0.712148 210 215 219
3.2175 1.2525 0.451896 -0.683674 0.249272 0.685896 206 207 208
3.21616 1.2675 0.4425 -0.491853 0.143235 0.858815 205 211 214
3.2175 1.2675 0.443739 -0.774407 0.0868022 0.626705 206 211 213
3.21355 1.2825 0.4425 -0.465881 -0.0581541 0.882934 206 212 215
3.2175 1.2825 0.445316 -0.677193 -0.0162572 0.735626 208 212 215
3.20998 1.2975 0.4425 -0.434569 -0.0508195 0.899203 207 215 218
3.2175 1.2975 0.445638 -0.616956 -0.0335209 0.786283 208 214 217
3.21219 1.3125 0.4425 -0.530908 0.109962 0.840265 206 212 215
3.2175 1.3125 0.44759 -0.649353 0.0810021 0.756161 208 213 215
3.2175 1.3268 0.4425 -0.595531 0.246963 0.76443 211 215 218
3.2175 1.3275 0.442268 -0.311754 0.0278462 0.949755 211 215 218
3.2175 1.3425 0.440763 -0.224518 -0.00550697 0.974454 208 213 216
3.2175 1.3575 0.441572 -0.260033 0.0262998 0.965241 208 213 216
3.2175 1.3725 0.441062 -0.338094 0.0118467 0.941038 213 218 222
3.2175 1.381 0.4425 -0.527614 -0.138703 0.838084 210 216 221
3.21635 1.3875 0.4425 -0.506898 -0.0675101 0.859358 208 215 221
3.2175 1.3875 0.443323 -0.55979 -0.0141999 0.828513 208 215 221
3.2175 1.3908 0.4425 -0.51171 0.191441 0.837558 208 215 221
3.2175 1.4025 0.439772 -0.394117 0.0497762 0.917712 210 217 222
3.2175 1.4175 0.439796 -0.303941 -0.0338351 0.95209 213 218 222
3.2175 1.4325 0.440589 -0.263928 -0.0629065 0.962489 213 218 222
3.218 1.2225 0.4575 -0.596288 -0.203663 0.776506 208 212 215
3.2325 1.2225 0.462826 -0.204442 -0.253386 0.945515 171 172 168
3.22017 1.2375 0.4575 -0.90559 0.164178 0.391092 187 190 190
3.2325 1.23384 0.4725 0.210553 -0.638141 0.740569 173 170 161
3.22518 1.2375 0.4725 -0.772649 -0.0803373 0.629729 164 162 157
3.2325 1.2375 0.475986 -0.0368326 -0.015887 0.999195 173 170 160
3.2235 1.2525 0.4575 -0.843283 0.223299 0.488887 189 189 186
3.23082 1.2525 0.4725 -0.808531 0.241048 0.536818 162 159 150
3.2325 1.2525 0.473117 0.370105 0.159637 0.915171 163 160 151
3.22714 1.2675 0.4575 -0.847534 0.165199 0.504376 187 189 186
3.2325 1.26052 0.4725 -0.20475 0.253841 0.945327 164 161 152
3.2325 1.2675 0.469754 -0.821874 0.0685998 0.565523 167 164 156
3.22802 1.2825 0.4575 -0.836812 0.0487605 0.545315 194 196 194
3.2325 1.2825 0.466835 -0.932879 0.0589679 0.35533 173 171 165
3.22992 1.2975 0.4575 -0.805587 0.0306982 0.591681 167 168 164
3.2325 1.2975 0.465513 -0.949455 0.0277933 0.312671 162 161 155
3.22966 1.3125 0.4575 -0.732039 0.0871745 0.675662 179 179 178
3.2325 1.3125 0.463991 -0.918277 0.190886 0.346886 167 166 163
3.21787 1.3275 0.4425 -0.602718 0.209418 0.769984 211 215 218
3.2325 1.319 0.4575 -0.683105 0.306538 0.662874 181 182 181
3.2325 1.3275 0.453989 -0.677656 0.115359 0.726274 200 202 202
3.22143 1.3425 0.4425 -0.649854 0.0282494 0.759534 208 213 216
3.2325 1.3425 0.454153 -0.724735 0.00322107 0.68902 210 211 213
3.21988 1.3575 0.4425 -0.625258 -0.00391851 0.780408 209 214 217
3.2325 1.3575 0.452904 -0.673637 0.073267 0.735422 211 215 217
3.22019 1.3725 0.4425 -0.559201 0.0149863 0.828897 213 218 221
3.2325 1.3725 0.450408 -0.624129 -0.0120018 0.781229 203 205 204
3.2325 1.3875 0.451625 -0.581257 -0.0999947 0.807553 206 210 211
3.22124 1.4025 0.4425 -0.685448 0.144393 0.713661 209 216 222
3.2325 1.4025 0.454158 -0.686284 0.0211594 0.727025 214 216 219
3.22297 1.4175 0.4425 -0.688505 0.000779124 0.725231 213 218 222
3.2325 1.4175 0.453964 -0.767824 -0.0290809 0.640001 213 217 219
3.22114 1.4325 0.4425 -0.680063 -0.0646986 0.730293 213 218 222
3.2325 1.4325 0.454457 -0.70645 0.0266397 0.707261 214 218 220
3.2475 1.21235 0.4575 0.474879 -0.585862 0.656701 176 175 169
3.2475 1.2225 0.467032 0.161074 -0.34385 0.925107 176 174 167
3.23729 1.2375 0.4725 0.516853 0.0176671 0.855892 174 170 161
3.2475 1.2375 0.466155 0.013994 -0.092166 0.995645 174 171 164
3.23331 1.2525 0.4725 0.472692 0.0982687 0.875732 163 160 151
3.2475 1.2525 0.465021 0.165391 -0.116543 0.979318 174 171 164
3.2475 1.26114 0.4725 0.0989623 -0.658529 0.74602 175 171 162
3.23345 1.2675 0.4725 -0.457863 -0.402359 0.79276 166 162 153
3.2475 1.2675 0.478583 -0.166018 -0.270143 0.948399 174 169 159
3.23434 1.2825 0.4725 -0.581776 0.0182851 0.813144 166 162 153
3.2475 1.2825 0.478519 -0.339422 0.0216116 0.940386 177 170 159
3.23444 1.2975 0.4725 -0.729189 -0.134607 0.670943 166 162 155
3.2475 1.2975 0.478104 -0.185996 -0.322126 0.928246 173 166 155
3.23545 1.3125 0.4725 -0.961842 0.154428 0.225857 163 162 156
3.23564 1.3275 0.4575 -0.943469 0.144216 0.298444 189 190 188
3.23857 1.3275 0.4725 -0.974597 0.13559 0.178259 167 164 157
3.23485 1.3425 0.4575 -0.913684 0.0540126 0.40282 201 202 203
3.24164 1.3425 0.4725 -0.94466 0.156626 0.288247 167 163 156
3.23583 1.3575 0.4575 -0.888077 0.070515 0.454255 199 202 203
3.24265 1.3575 0.4725 -0.945025 0.0694327 0.319541 166 163 158
3.23742 1.3725 0.4575 -0.892897 0.0576641 0.446554 192 190 186
3.24337 1.3725 0.4725 -0.966944 -0.00826175 0.254856 167 161 153
3.23776 1.3875 0.4575 -0.894991 -0.039438 0.444337 189 188 186
3.24291 1.3875 0.4725 -0.959477 0.00394241 0.281759 171 165 158
3.23602 1.4025 0.4575 -0.868676 -0.0561721 0.492186 203 203 204
3.2436 1.4025 0.4725 -0.935648 0.0187616 0.352436 167 162 157
3.23488 1.4175 0.4575 -0.846089 -0.00933161 0.532959 206 209 209
3.2444 1.4175 0.4725 -0.91917 0.0291883 0.392778 169 165 157
3.2475 1.4175 0.486365 -0.96885 0.0370449 0.244861 173 164 155
3.23484 1.4325 0.4575 -0.836874 0.0368761 0.546152 210 214 214
3.24437 1.4325 0.4725 -0.912092 0.0310782 0.408806 167 163 157
3.2475 1.4325 0.483003 -0.965765 -0.00363098 0.259394 171 164 154
3.25895 1.2225 0.4575 0.506253 -0.590005 0.628969 176 175 168
3.2625 1.2225 0.455025 0.129021 -0.233805 0.963685 176 176 169
3.2625 1.22526 0.4575 0.493274 -0.597221 0.632462 178 176 168
3.2625 1.2375 0.469085 0.338313 -0.298773 0.892345 178 175 164
3.2625 1.2525 0.468827 0.195863 -0.110791 0.974353 180 176 166
3.25574 1.2675 0.4725 0.434268 -0.622478 0.651101 177 173 162
3.2625 1.2675 0.468647 0.0248112 -0.214725 0.976359 180 175 164
3.2625 1.27163 0.4725 0.477783 -0.602825 0.639003 181 175 164
3.2625 1.2825 0.482987 0.259493 -0.285863 0.922467 169 162 150
3.2625 1.2975 0.481984 0.140019 -0.074136 0.987369 171 164 150
3.2625 1.3125 0.481128 0.0787981 -0.277413 0.957514 168 161 147
3.27707 1.2375 0.4575 0.610255 -0.201848 0.766059 184 182 171
3.27668 1.2525 0.4575 0.580333 -0.362682 0.729161 182 178 167
3.2775 1.25308 0.4575 0.795652 -0.424284 0.432345 182 178 167
3.2775 1.2525 0.456953 0.434964 -0.618509 0.65441 182 178 167
3.2775 1.2675 0.471654 0.330081 -0.343668 0.87917 177 170 157
3.27484 1.2825 0.4725 0.620945 -0.1622 0.766889 183 176 164
3.2775 1.2825 0.470574 0.149148 -0.176733 0.972893 183 176 164
3.27395 1.2975 0.4725 0.576502 -0.354012 0.736424 171 164 150
3.2775 1.2975 0.470301 0.550457 -0.0420223 0.833805 171 164 149
3.2775 1.29989 0.4725 0.716042 -0.487452 0.499674 171 164 149
3.2775 1.3125 0.484849 0.261469 -0.33879 0.903801 169 159 144
3.2775 1.3275 0.484556 0.181633 -0.26012 0.948339 171 159 144
3.2775 1.3425 0.484389 0.206848 -0.122634 0.970657 171 161 146
3.28466 1.2675 0.4575 0.816011 -0.4049 0.41253 186 181 169
3.28382 1.3125 0.4725 0.813124 -0.40728 0.415875 169 159 143
3.2925 1.3425 0.487333 -0.192533 0.019559 0.981096 171 159 144
3.2925 1.3575 0.487033 -0.00306605 -0.170611 0.985334 170 159 145
2.7975 0.7425 0.491601 -0.377425 0.41638 0.82715 162 161 157
2.8125 0.7425 0.496814 -0.315224 0.336257 0.887448 163 161 158
2.8125 0.7575 0.490545 -0.379041 0.385887 0.841082 162 161 157
2.82573 0.7425 0.5025 -0.302363 0.16684 0.938478 163 162 158
2.8275 0.7425 0.502983 -0.171587 0.171562 0.970116 164 162 158
2.8275 0.744578 0.5025 -0.272966 0.34573 0.897753 164 162 158
2.8275 0.7575 0.497328 -0.302537 0.351027 0.886144 164 160 158
2.8275 0.7725 0.490807 -0.36522 0.375232 0.851948 163 160 157
2.8425 0.7425 0.505603 -0.329717 0.359235 0.873061 164 162 158
2.8425 0.751613 0.5025 -0.174406 0.32157 0.930685 164 162 158
2.8425 0.7575 0.500704 -0.219953 0.269458 0.937557 164 161 158
2.8425 0.7725 0.495817 -0.277367 0.309269 0.909626 165 161 158
2.8425 0.7875 0.491091 -0.326754 0.365397 0.871618 163 161 159
2.8575 0.737821 0.5025 0.702332 -0.646017 0.298984 162 161 159
2.8575 0.7425 0.512991 0.0953379 -0.0821039 0.992053 165 163 159
2.85248 0.7575 0.5025 -0.178958 0.283631 0.942087 165 161 158
2.8575 0.7575 0.503455 -0.437205 0.442162 0.783163 165 161 159
2.8575 0.761947 0.5025 -0.186541 0.185978 0.964684 165 161 159
2.8575 0.7725 0.500543 -0.226299 0.278048 0.93353 165 161 159
2.8575 0.7875 0.495688 -0.203323 0.364141 0.908879 165 161 158
2.8575 0.8025 0.489164 -0.190619 0.327466 0.925435 163 162 159
2.86169 0.7425 0.5025 0.683815 -0.680388 0.263569 162 161 158
2.8725 0.753242 0.5025 0.697676 -0.670703 0.251806 163 161 159
2.8725 0.7575 0.51484 0.0146665 -0.0731549 0.997213 166 163 160
2.86685 0.7725 0.5025 -0.216962 0.219667 0.951144 165 161 159
2.8725 0.7725 0.50389 -0.482336 0.496612 0.721616 166 162 159
2.8725 0.776132 0.5025 -0.221562 0.329317 0.917857 165 162 159
2.8725 0.7875 0.498443 -0.256269 0.363586 0.895618 165 162 159
2.8725 0.8025 0.489868 -0.239091 0.332079 0.912447 164 161 158
2.8725 0.8175 0.489349 -0.153581 0.148948 0.976846 163 163 159
2.87644 0.7575 0.5025 0.700352 -0.679834 0.21756 164 161 159
2.4225 0.6675 0.496633 -0.403886 0.0357715 0.91411 154 157 159
2.4225 0.6825 0.495024 -0.23613 -0.108291 0.965668 154 156 159
2.4225 0.6975 0.495302 0.142793 -0.00936767 0.989708 154 156 159
2.4225 0.7125 0.495316 0.141611 -0.00779097 0.989892 154 156 160
2.4375 0.6675 0.496831 0.128824 -0.185268 0.974207 154 157 160
2.4375 0.6825 0.496964 0.00231453 0.0885324 0.996071 154 157 160
2.4375 0.6975 0.493202 -0.0151406 0.0908878 0.995746 154 156 160
2.4375 0.7125 0.493327 0.0627108 -0.0110496 0.997971 154 156 160
2.4525 0.6675 0.493977 0.329228 -0.460684 0.824245 154 157 160
2.4525 0.6825 0.493991 0.213829 -0.0250593 0.97655 154 157 160
2.4525 0.6975 0.494859 0.116626 0.052778 0.991773 154 157 160
2.4525 0.7125 0.49364 0.0660763 0.0190908 0.997632 155 157 161
2.4675 0.6825 0.490508 0.340594 -0.235541 0.910229 155 158 161
2.4675 0.6975 0.49092 0.0831486 -0.0147492 0.996428 155 158 160
2.4675 0.7125 0.490595 0.0681087 0.00764969 0.997649 154 157 160
2.4825 0.6975 0.491999 0.0639233 -0.128507 0.989646 155 158 161
2.4825 0.7125 0.492289 0.0748341 -0.00398152 0.997188 155 157 161
2.4975 0.6675 0.488495 -0.194231 -0.0911231 0.976714 155 158 161
2.4975 0.6825 0.490519 -0.162822 -0.192453 0.967704 155 158 161
2.4975 0.6975 0.491739 0.00222917 0.114521 0.993418 155 158 161
2.4975 0.7125 0.488109 0.114282 0.0679515 0.991122 156 157 160
2.5125 0.6675 0.490307 0.0548749 -0.0940569 0.994053 155 158 161
2.5125 0.6825 0.491002 0.0957775 -0.0808159 0.992117 155 158 161
2.5125 0.6975 0.491922 0.109869 0.0270838 0.993577 156 157 160
2.5125 0.7125 0.488095 -0.0332415 0.138837 0.989757 156 157 160
2.5275 0.7125 0.488517 0.110844 0.0246536 0.993532 156 158 161
2.5425 0.6675 0.490206 0 0.478108 0.878301 156 159 162
3 1 2 0
3 2 3 0
3 4 5 1
3 5 2 1
3 5 6 2
3 6 7 2
3 8 9 4
3 9 5 4
3 9 10 5
3 10 6 5
3 10 11 6
3 11 12 6
3 14 13 17
3 15 18 16
3 19 14 17
3 19 17 21
3 21 17 20
3 19 21 22
3 26 23 25
3 24 23 26
3 23 24 21
3 20 23 21
3 24 22 21
3 27 28 25
3 28 26 25
3 28 29 26
3 29 30 26
3 31 32 27
3 32 28 27
3 32 33 28
3 33 29 28
3 33 34 29
3 34 35 29
3 36 37 31
3 37 32 31
3 37 38 32
3 38 33 32
3 38 39 33
3 39 34 33
3 39 40 34
3 40 41 34
3 42 43 36
3 43 37 36
3 43 44 37
3 44 38 37
3 44 45 38
3 45 39 38
3 45 46 39
3 46 40 39
3 46 47 40
3 47 48 40
3 49 50 42
3 50 43 42
3 50 51 43
3 51 44 43
3 51 52 44
3 52 45 44
3 52 53 45
3 53 46 45
3 53 54 46
3 54 47 46
3 54 55 47
3 55 56 47
3 58 57 59
3 61 60 62
3 65 64 63
3 67 64 65
3 66 64 67
3 66 70 68
3 66 67 70
3 67 69 70
3 73 72 71
3 75 72 73
3 74 72 75
3 74 65 63
3 74 75 65
3 75 76 65
3 76 77 65
3 77 67 65
3 77 78 67
3 78 69 67
3 78 79 69
3 79 80 69
3 84 81 83
3 82 81 84
3 82 73 71
3 82 84 73
3 84 85 73
3 85 86 73
3 86 75 73
3 86 87 75
3 87 76 75
3 87 88 76
3 88 77 76
3 88 89 77
3 89 78 77
3 89 90 78
3 90 79 78
3 90 91 79
3 91 92 79
3 93 94 83
3 94 84 83
3 94 95 84
3 95 85 84
3 95 96 85
3 96 86 85
3 96 97 86
3 97 87 86
3 97 98 87
3 98 88 87
3 98 99 88
3 99 89 88
3 99 100 89
3 100 90 89
3 100 101 90
3 101 91 90
3 102 103 104
3 102 104 101
3 101 104 91
3 105 106 93
3 106 94 93
3 106 107 94
3 107 95 94
3 107 108 95
3 108 96 95
3 108 109 96
3 109 97 96
3 109 110 97
3 110 98 97
3 110 111 98
3 111 99 98
3 111 112 99
3 112 100 99
3 112 113 100
3 113 101 100
3 114 102 101
3 114 101 115
3 115 101 113
3 116 114 115
3 117 119 118
3 120 122 121
3 125 123 124
3 123 126 124
3 127 125 124
3 127 124 128
3 128 124 129
3 128 129 130
3 129 131 130
3 130 131 132
3 131 133 132
3 134 136 135
3 136 137 135
3 136 138 137
3 138 139 137
3 138 140 139
3 140 141 139
3 135 137 142
3 137 143 142
3 137 139 143
3 139 144 143
3 139 141 144
3 141 145 144
3 146 147 148
3 146 142 147
3 142 143 147
3 143 144 147
3 144 149 147
3 144 145 149
3 145 150 149
3 120 151 122
3 120 147 151
3 147 149 151
3 125 150 123
3 125 151 150
3 151 149 150
3 151 127 122
3 151 125 127
3 152 153 49
3 153 50 49
3 153 154 50
3 154 51 50
3 154 155 51
3 155 52 51
3 155 156 52
3 156 53 52
3 156 157 53
3 157 54 53
3 157 158 54
3 158 55 54
3 158 159 55
3 159 160 55
3 161 162 152
3 162 153 152
3 162 163 153
3 163 154 153
3 163 164 154
3 164 155 154
3 164 165 155
3 165 156 155
3 165 166 156
3 166 157 156
3 166 167 157
3 167 158 157
3 167 168 158
3 168 159 158
3 169 170 171
3 169 171 168
3 168 171 159
3 172 173 161
3 173 162 161
3 173 174 162
3 174 163 162
3 174 175 163
3 175 164 163
3 175 176 164
3 176 165 164
3 176 177 165
3 177 166 165
3 177 178 166
3 178 167 166
3 178 179 167
3 179 168 167
3 169 180 181
3 180 169 168
3 180 168 182
3 182 168 179
3 183 180 182
3 184 186 185
3 187 188 172
3 188 173 172
3 188 189 173
3 189 174 173
3 189 190 174
3 190 175 174
3 190 191 175
3 191 176 175
3 191 192 176
3 192 177 176
3 192 193 177
3 193 178 177
3 193 194 178
3 194 179 178
3 194 195 179
3 195 182 179
3 198 196 197
3 183 196 198
3 196 183 182
3 195 196 182
3 199 200 187
3 200 188 187
3 200 201 188
3 201 189 188
3 201 202 189
3 202 190 189
3 202 203 190
3 203 191 190
3 203 204 191
3 204 192 191
3 204 205 192
3 205 193 192
3 205 206 193
3 206 194 193
3 209 208 207
3 207 208 195
3 207 195 206
3 206 195 194
3 208 197 196
3 208 209 197
3 209 210 197
3 208 196 195
3 210 211 197
3 211 212 197
3 213 214 199
3 214 200 199
3 214 215 200
3 215 201 200
3 215 216 201
3 216 202 201
3 216 217 202
3 217 203 202
3 217 218 203
3 218 204 203
3 218 219 204
3 219 205 204
3 222 221 220
3 220 221 206
3 220 206 219
3 219 206 205
3 224 222 223
3 224 209 222
3 221 222 207
3 207 222 209
3 221 207 206
3 223 225 224
3 226 209 224
3 226 227 209
3 227 210 209
3 224 225 226
3 227 228 210
3 228 211 210
3 228 229 211
3 229 230 211
3 234 231 233
3 232 231 234
3 231 232 214
3 213 231 214
3 236 232 234
3 235 232 236
3 232 235 215
3 214 232 215
3 238 235 236
3 237 235 238
3 235 237 216
3 215 235 216
3 238 239 237
3 237 239 240
3 237 240 216
3 216 240 217
3 240 241 217
3 241 218 217
3 244 243 242
3 242 243 219
3 242 219 241
3 241 219 218
3 243 222 220
3 243 244 222
3 244 245 222
3 243 220 219
3 223 247 246
3 223 222 247
3 222 245 247
3 223 246 225
3 246 227 226
3 246 247 227
3 247 248 227
3 246 226 225
3 248 249 227
3 249 228 227
3 249 250 228
3 250 229 228
3 251 252 253
3 251 253 250
3 250 253 229
3 255 233 254
3 255 256 233
3 256 234 233
3 254 257 255
3 256 258 234
3 258 236 234
3 258 259 236
3 259 238 236
3 239 261 260
3 239 238 261
3 238 259 261
3 239 260 240
3 263 260 261
3 262 260 263
3 260 262 241
3 240 260 241
3 262 244 242
3 262 263 244
3 263 264 244
3 262 242 241
3 264 265 244
3 265 245 244
3 265 266 245
3 266 247 245
3 266 267 247
3 267 248 247
3 267 268 248
3 268 249 248
3 268 269 249
3 269 250 249
3 270 251 250
3 270 250 271
3 271 250 269
3 272 270 271
3 273 275 274
3 255 276 256
3 276 255 257
3 276 257 278
3 278 257 277
3 279 256 276
3 279 280 256
3 280 258 256
3 276 278 279
3 280 281 258
3 281 259 258
3 281 282 259
3 282 261 259
3 282 283 261
3 283 263 261
3 283 284 263
3 284 264 263
3 284 285 264
3 285 265 264
3 285 286 265
3 286 266 265
3 286 287 266
3 287 267 266
3 287 288 267
3 288 268 267
3 288 289 268
3 289 269 268
3 289 290 269
3 290 271 269
3 291 272 271
3 290 291 271
3 292 293 277
3 293 278 277
3 279 294 280
3 294 279 278
3 294 278 295
3 295 278 293
3 296 280 294
3 296 297 280
3 297 281 280
3 294 295 296
3 297 298 281
3 298 282 281
3 298 299 282
3 299 283 282
3 299 300 283
3 300 284 283
3 300 301 284
3 301 285 284
3 301 302 285
3 302 286 285
3 302 303 286
3 303 287 286
3 303 304 287
3 304 288 287
3 304 305 288
3 305 289 288
3 305 306 289
3 306 290 289
3 291 307 308
3 307 291 290
3 307 290 309
3 309 290 306
3 307 309 310
3 314 311 313
3 312 311 314
3 311 312 293
3 292 311 293
3 316 312 314
3 315 312 316
3 312 315 295
3 293 312 295
3 318 316 317
3 318 297 316
3 315 316 296
3 296 316 297
3 315 296 295
3 317 319 318
3 320 297 318
3 320 321 297
3 321 298 297
3 318 319 320
3 321 322 298
3 322 299 298
3 322 323 299
3 323 300 299
3 323 324 300
3 324 301 300
3 324 325 301
3 325 302 301
3 325 326 302
3 326 303 302
3 326 327 303
3 327 304 303
3 327 328 304
3 328 305 304
3 328 329 305
3 329 306 305
3 332 331 330
3 330 331 309
3 330 309 329
3 329 309 306
3 331 334 310
3 331 332 334
3 332 333 334
3 331 310 309
3 335 336 313
3 336 314 313
3 336 337 314
3 337 316 314
3 317 339 338
3 317 316 339
3 316 337 339
3 317 338 319
3 338 321 320
3 338 339 321
3 339 340 321
3 338 320 319
3 340 341 321
3 341 322 321
3 341 342 322
3 342 323 322
3 342 343 323
3 343 324 323
3 343 344 324
3 344 325 324
3 344 345 325
3 345 326 325
3 345 346 326
3 346 327 326
3 346 347 327
3 347 328 327
3 347 348 328
3 348 329 328
3 330 349 332
3 349 330 329
3 349 329 350
3 350 329 348
3 351 332 349
3 351 352 332
3 352 333 332
3 349 350 351
3 352 353 333
3 353 354 333
3 355 356 335
3 356 336 335
3 356 357 336
3 357 337 336
3 357 358 337
3 358 339 337
3 358 359 339
3 359 340 339
3 359 360 340
3 360 341 340
3 360 361 341
3 361 342 341
3 361 362 342
3 362 343 342
3 362 363 343
3 363 344 343
3 363 364 344
3 364 345 344
3 364 365 345
3 365 346 345
3 365 366 346
3 366 347 346
3 366 367 347
3 367 348 347
3 367 368 348
3 368 350 348
3 352 369 370
3 351 369 352
3 369 351 350
3 368 369 350
3 370 371 352
3 371 353 352
3 371 0 353
3 0 372 353
3 373 374 355
3 374 356 355
3 374 375 356
3 375 357 356
3 375 376 357
3 376 358 357
3 376 377 358
3 377 359 358
3 377 378 359
3 378 360 359
3 378 379 360
3 379 361 360
3 379 380 361
3 380 362 361
3 380 381 362
3 381 363 362
3 381 382 363
3 382 364 363
3 382 383 364
3 383 365 364
3 383 384 365
3 384 366 365
3 384 385 366
3 385 367 366
3 388 387 386
3 386 387 368
3 386 368 385
3 385 368 367
3 387 370 369
3 387 388 370
3 388 389 370
3 387 369 368
3 389 390 370
3 390 371 370
3 390 1 371
3 1 0 371
3 391 392 373
3 392 374 373
3 392 393 374
3 393 375 374
3 393 394 375
3 394 376 375
3 394 395 376
3 395 377 376
3 395 396 377
3 396 378 377
3 396 397 378
3 397 379 378
3 397 398 379
3 398 380 379
3 398 399 380
3 399 381 380
3 399 400 381
3 400 382 381
3 400 401 382
3 401 383 382
3 401 402 383
3 402 384 383
3 402 403 384
3 403 385 384
3 388 404 405
3 386 404 388
3 404 386 385
3 403 404 385
3 405 406 388
3 406 389 388
3 406 407 389
3 407 390 389
3 407 4 390
3 4 1 390
3 408 409 391
3 409 392 391
3 409 410 392
3 410 393 392
3 410 411 393
3 411 394 393
3 411 412 394
3 412 395 394
3 412 413 395
3 413 396 395
3 413 414 396
3 414 397 396
3 414 415 397
3 415 398 397
3 415 416 398
3 416 399 398
3 416 417 399
3 417 400 399
3 417 418 400
3 418 401 400
3 418 419 401
3 419 402 401
3 419 420 402
3 420 403 402
3 405 421 422
3 404 421 405
3 421 404 403
3 420 421 403
3 422 423 405
3 423 406 405
3 423 424 406
3 424 407 406
3 424 8 407
3 8 4 407
3 426 427 425
3 427 428 425
3 427 429 428
3 429 430 428
3 429 431 430
3 431 432 430
3 434 435 433
3 434 432 435
3 432 431 435
3 434 433 436
3 435 437 433
3 433 437 438
3 433 438 436
3 436 438 439
3 438 440 439
3 440 441 439
3 440 442 441
3 442 443 441
3 446 445 444
3 444 445 447
3 444 447 442
3 442 447 443
3 449 445 446
3 448 445 449
3 445 448 450
3 447 445 450
3 452 448 449
3 451 448 452
3 448 451 453
3 450 448 453
3 455 451 452
3 454 451 455
3 451 454 456
3 453 451 456
3 458 454 455
3 457 454 458
3 454 457 459
3 456 454 459
3 457 462 460
3 457 458 462
3 458 461 462
3 457 460 459
3 461 463 462
3 463 464 462
3 463 465 464
3 465 466 464
3 465 152 466
3 152 49 466
3 468 469 467
3 470 471 426
3 471 427 426
3 471 472 427
3 472 429 427
3 472 473 429
3 473 431 429
3 473 474 431
3 474 435 431
3 474 437 435
3 475 437 474
3 437 475 476
3 438 437 476
3 476 477 438
3 477 440 438
3 477 478 440
3 478 442 440
3 444 479 446
3 479 444 442
3 479 442 480
3 480 442 478
3 481 446 479
3 481 482 446
3 482 449 446
3 479 480 481
3 482 483 449
3 483 452 449
3 483 484 452
3 484 455 452
3 484 485 455
3 485 458 455
3 485 486 458
3 486 461 458
3 486 487 461
3 487 463 461
3 487 488 463
3 488 465 463
3 488 161 465
3 161 152 465
3 490 470 489
3 490 491 470
3 491 471 470
3 489 492 490
3 491 493 471
3 493 472 471
3 493 494 472
3 494 473 472
3 494 495 473
3 495 474 473
3 475 497 496
3 475 474 497
3 474 495 497
3 475 496 476
3 499 496 497
3 498 496 499
3 496 498 477
3 476 496 477
3 499 500 498
3 498 500 501
3 498 501 477
3 477 501 478
3 501 502 478
3 502 480 478
3 482 503 504
3 481 503 482
3 503 481 480
3 502 503 480
3 504 505 482
3 505 483 482
3 505 506 483
3 506 484 483
3 506 507 484
3 507 485 484
3 507 508 485
3 508 486 485
3 508 509 486
3 509 487 486
3 509 510 487
3 510 488 487
3 510 172 488
3 172 161 488
3 490 511 491
3 511 490 492
3 511 492 513
3 513 492 512
3 514 491 511
3 514 515 491
3 515 493 491
3 511 513 514
3 515 516 493
3 516 494 493
3 516 517 494
3 517 495 494
3 517 518 495
3 518 497 495
3 518 519 497
3 519 499 497
3 500 521 520
3 500 499 521
3 499 519 521
3 500 520 501
3 523 520 521
3 522 520 523
3 520 522 502
3 501 520 502
3 522 504 503
3 522 523 504
3 523 524 504
3 522 503 502
3 524 525 504
3 525 505 504
3 525 526 505
3 526 506 505
3 526 527 506
3 527 507 506
3 527 528 507
3 528 508 507
3 528 529 508
3 529 509 508
3 529 530 509
3 530 510 509
3 530 187 510
3 187 172 510
3 531 532 512
3 532 513 512
3 514 533 515
3 533 514 513
3 533 513 534
3 534 513 532
3 535 515 533
3 535 536 515
3 536 516 515
3 533 534 535
3 536 537 516
3 537 517 516
3 540 539 538
3 538 539 518
3 538 518 537
3 537 518 517
3 540 541 539
3 539 541 542
3 539 542 518
3 518 542 519
3 542 543 519
3 543 521 519
3 543 544 521
3 544 523 521
3 544 545 523
3 545 524 523
3 545 546 524
3 546 525 524
3 546 547 525
3 547 526 525
3 547 548 526
3 548 527 526
3 548 549 527
3 549 528 527
3 549 550 528
3 550 529 528
3 550 551 529
3 551 530 529
3 551 199 530
3 199 187 530
3 552 553 531
3 553 532 531
3 553 554 532
3 554 534 532
3 536 555 556
3 535 555 536
3 555 535 534
3 554 555 534
3 556 557 536
3 557 537 536
3 538 558 540
3 558 538 537
3 558 537 559
3 559 537 557
3 558 541 540
3 541 558 559
3 541 559 542
3 542 559 560
3 560 561 542
3 561 543 542
3 561 562 543
3 562 544 543
3 562 563 544
3 563 545 544
3 563 564 545
3 564 546 545
3 564 565 546
3 565 547 546
3 565 566 547
3 566 548 547
3 566 567 548
3 567 549 548
3 567 568 549
3 568 550 549
3 571 570 569
3 569 570 551
3 569 551 568
3 568 551 550
3 571 572 570
3 570 572 213
3 570 213 551
3 551 213 199
3 573 574 552
3 574 553 552
3 574 575 553
3 575 554 553
3 555 576 556
3 576 555 554
3 576 554 577
3 577 554 575
3 578 556 576
3 578 579 556
3 579 557 556
3 576 577 578
3 579 580 557
3 580 559 557
3 580 581 559
3 581 560 559
3 581 582 560
3 582 561 560
3 582 583 561
3 583 562 561
3 583 584 562
3 584 563 562
3 584 585 563
3 585 564 563
3 585 586 564
3 586 565 564
3 586 587 565
3 587 566 565
3 587 588 566
3 588 567 566
3 588 589 567
3 589 568 567
3 569 590 571
3 590 569 568
3 590 568 591
3 591 568 589
3 572 233 231
3 572 571 233
3 592 233 590
3 590 233 571
3 592 590 591
3 231 213 572
3 593 594 573
3 594 574 573
3 594 595 574
3 595 575 574
3 595 596 575
3 596 577 575
3 579 597 598
3 578 597 579
3 597 578 577
3 596 597 577
3 598 599 579
3 599 580 579
3 599 600 580
3 600 581 580
3 603 602 601
3 601 602 582
3 601 582 600
3 600 582 581
3 603 604 602
3 602 604 605
3 602 605 582
3 582 605 583
3 605 606 583
3 606 584 583
3 606 607 584
3 607 585 584
3 607 608 585
3 608 586 585
3 608 609 586
3 609 587 586
3 609 610 587
3 610 588 587
3 610 611 588
3 611 589 588
3 611 612 589
3 612 591 589
3 592 254 233
3 254 592 591
3 254 591 257
3 257 591 612
3 614 593 613
3 614 615 593
3 615 594 593
3 613 616 614
3 615 617 594
3 617 595 594
3 617 618 595
3 618 596 595
3 597 619 598
3 619 597 596
3 619 596 620
3 620 596 618
3 621 598 619
3 621 622 598
3 622 599 598
3 619 620 621
3 622 623 599
3 623 600 599
3 601 624 603
3 624 601 600
3 624 600 625
3 625 600 623
3 624 604 603
3 604 624 625
3 604 625 605
3 605 625 626
3 626 627 605
3 627 606 605
3 627 628 606
3 628 607 606
3 628 629 607
3 629 608 607
3 629 630 608
3 630 609 608
3 630 631 609
3 631 610 609
3 631 632 610
3 632 611 610
3 632 633 611
3 633 612 611
3 633 277 612
3 277 257 612
3 636 637 635
3 636 615 637
3 634 637 614
3 614 637 615
3 634 614 616
3 635 638 636
3 639 615 636
3 639 640 615
3 640 617 615
3 636 638 639
3 640 641 617
3 641 618 617
3 641 642 618
3 642 620 618
3 622 643 644
3 621 643 622
3 643 621 620
3 642 643 620
3 644 645 622
3 645 623 622
3 645 646 623
3 646 625 623
3 646 647 625
3 647 626 625
3 647 648 626
3 648 627 626
3 648 649 627
3 649 628 627
3 649 650 628
3 650 629 628
3 650 651 629
3 651 630 629
3 651 652 630
3 652 631 630
3 655 654 653
3 653 654 632
3 653 632 652
3 652 632 631
3 657 654 655
3 656 654 657
3 654 656 633
3 632 654 633
3 657 658 656
3 656 658 292
3 656 292 633
3 633 292 277
3 662 659 661
3 660 659 662
3 635 637 659
3 635 659 663
3 663 659 660
3 635 663 638
3 662 664 660
3 665 640 664
3 665 666 640
3 664 640 660
3 639 663 640
3 660 640 663
3 663 639 638
3 665 667 666
3 668 640 666
3 668 669 640
3 669 641 640
3 666 667 668
3 669 670 641
3 670 642 641
3 643 671 644
3 671 643 642
3 671 642 672
3 672 642 670
3 673 644 671
3 673 674 644
3 674 645 644
3 671 672 673
3 674 675 645
3 675 646 645
3 675 676 646
3 676 647 646
3 676 677 647
3 677 648 647
3 680 679 678
3 678 679 649
3 678 649 677
3 677 649 648
3 682 679 680
3 681 679 682
3 679 681 650
3 649 679 650
3 682 683 681
3 681 683 684
3 681 684 650
3 650 684 651
3 684 685 651
3 685 652 651
3 655 686 687
3 653 686 655
3 686 653 652
3 685 686 652
3 687 688 655
3 688 657 655
3 658 313 311
3 658 657 313
3 657 688 313
3 658 311 292
3 689 690 661
3 690 662 661
3 664 692 691
3 664 662 692
3 662 690 692
3 665 664 691
3 693 665 691
3 665 693 667
3 692 694 691
3 695 669 694
3 695 696 669
3 694 669 691
3 668 693 669
3 691 669 693
3 693 668 667
3 695 697 696
3 698 669 696
3 698 699 669
3 699 670 669
3 696 697 698
3 699 700 670
3 700 672 670
3 674 701 702
3 673 701 674
3 701 673 672
3 700 701 672
3 702 703 674
3 703 675 674
3 703 704 675
3 704 676 675
3 704 705 676
3 705 677 676
3 678 706 680
3 706 678 677
3 706 677 707
3 707 677 705
3 708 680 706
3 708 709 680
3 709 682 680
3 706 707 708
3 683 711 710
3 683 682 711
3 682 709 711
3 683 710 684
3 713 710 711
3 712 710 713
3 710 712 685
3 684 710 685
3 715 713 714
3 715 687 713
3 712 713 686
3 686 713 687
3 712 686 685
3 714 716 715
3 717 687 715
3 717 718 687
3 718 688 687
3 715 716 717
3 718 335 688
3 335 313 688
3 719 720 689
3 720 690 689
3 720 721 690
3 721 692 690
3 694 723 722
3 694 692 723
3 692 721 723
3 695 694 722
3 724 695 722
3 695 724 697
3 726 722 723
3 725 722 726
3 727 728 729
3 724 725 698
3 724 722 725
3 725 699 698
3 724 698 697
3 727 730 728
3 726 731 725
3 728 732 729
3 725 731 699
3 699 731 733
3 699 733 700
3 728 730 732
3 701 734 702
3 734 701 700
3 734 700 735
3 735 700 733
3 736 702 734
3 736 737 702
3 737 703 702
3 734 735 736
3 737 738 703
3 738 704 703
3 741 740 739
3 739 740 705
3 739 705 738
3 738 705 704
3 743 740 741
3 742 740 743
3 740 742 707
3 705 740 707
3 745 743 744
3 745 709 743
3 742 743 708
3 708 743 709
3 742 708 707
3 744 746 745
3 747 709 745
3 747 748 709
3 748 711 709
3 745 746 747
3 748 749 711
3 749 713 711
3 714 751 750
3 714 713 751
3 713 749 751
3 714 750 716
3 750 718 717
3 750 751 718
3 751 752 718
3 750 717 716
3 752 355 718
3 355 335 718
3 753 754 719
3 754 720 719
3 754 755 720
3 755 721 720
3 755 756 721
3 756 723 721
3 756 757 723
3 757 726 723
3 727 729 758
3 727 758 730
3 731 760 759
3 731 726 760
3 726 757 760
3 729 732 758
3 731 759 733
3 758 732 730
3 760 761 759
3 759 761 762
3 759 762 733
3 733 762 735
3 736 763 737
3 763 736 735
3 763 735 764
3 764 735 762
3 765 737 763
3 765 766 737
3 766 738 737
3 763 764 765
3 739 767 741
3 767 739 738
3 767 738 768
3 768 738 766
3 769 741 767
3 743 741 769
3 768 770 769
3 767 768 769
3 744 773 772
3 744 743 773
3 771 773 769
3 769 773 743
3 771 769 770
3 772 746 744
3 775 773 774
3 775 748 773
3 772 773 747
3 747 773 748
3 772 747 746
3 774 776 775
3 777 748 775
3 777 778 748
3 778 749 748
3 775 776 777
3 778 779 749
3 779 751 749
3 779 780 751
3 780 752 751
3 780 373 752
3 373 355 752
3 781 782 753
3 782 754 753
3 782 783 754
3 783 755 754
3 783 784 755
3 784 756 755
3 784 785 756
3 785 757 756
3 785 786 757
3 786 760 757
3 761 788 787
3 761 760 788
3 760 786 788
3 761 787 762
3 788 789 787
3 787 764 762
3 787 790 764
3 787 789 790
3 790 791 764
3 790 792 791
3 765 793 766
3 793 794 795
3 765 794 793
3 765 791 794
3 765 764 791
3 791 792 794
3 796 766 793
3 796 797 766
3 797 768 766
3 793 795 796
3 797 798 768
3 798 770 768
3 773 799 800
3 771 799 773
3 799 771 770
3 798 799 770
3 774 802 801
3 774 773 802
3 773 800 802
3 774 801 776
3 801 778 777
3 801 802 778
3 802 803 778
3 801 777 776
3 803 804 778
3 804 779 778
3 804 805 779
3 805 780 779
3 805 391 780
3 391 373 780
3 809 806 808
3 807 806 809
3 806 807 782
3 781 806 782
3 809 810 807
3 807 810 811
3 807 811 782
3 782 811 783
3 811 812 783
3 812 784 783
3 812 813 784
3 813 785 784
3 816 815 814
3 814 815 786
3 814 786 813
3 813 786 785
3 816 817 815
3 815 817 818
3 815 818 786
3 786 818 788
3 789 820 819
3 789 788 820
3 788 818 820
3 790 789 819
3 821 790 819
3 790 821 792
3 820 822 819
3 823 795 822
3 823 824 795
3 822 795 819
3 794 821 795
3 819 795 821
3 821 794 792
3 823 825 824
3 796 826 797
3 826 827 828
3 796 827 826
3 796 824 827
3 796 795 824
3 824 825 827
3 829 797 826
3 829 830 797
3 830 798 797
3 826 828 829
3 799 831 800
3 831 799 798
3 831 798 832
3 832 798 830
3 833 800 831
3 833 834 800
3 834 802 800
3 831 832 833
3 834 835 802
3 835 803 802
3 835 836 803
3 836 804 803
3 836 837 804
3 837 805 804
3 837 408 805
3 408 391 805
3 838 839 105
3 839 106 105
3 839 840 106
3 840 107 106
3 840 841 107
3 841 108 107
3 841 842 108
3 842 109 108
3 842 843 109
3 843 110 109
3 843 844 110
3 844 111 110
3 844 845 111
3 845 112 111
3 845 846 112
3 846 113 112
3 846 847 113
3 847 115 113
3 848 116 115
3 847 848 115
3 849 850 838
3 850 839 838
3 850 851 839
3 851 840 839
3 851 852 840
3 852 841 840
3 852 853 841
3 853 842 841
3 853 854 842
3 854 843 842
3 854 855 843
3 855 844 843
3 858 857 856
3 856 857 845
3 856 845 855
3 855 845 844
3 860 857 858
3 859 857 860
3 857 859 846
3 845 857 846
3 862 859 860
3 861 859 862
3 859 861 847
3 846 859 847
3 861 864 848
3 861 862 864
3 862 863 864
3 861 848 847
3 865 866 849
3 866 850 849
3 866 867 850
3 867 851 850
3 867 868 851
3 868 852 851
3 868 869 852
3 869 853 852
3 869 870 853
3 870 854 853
3 873 872 871
3 871 872 855
3 871 855 870
3 870 855 854
3 872 858 856
3 872 873 858
3 873 874 858
3 872 856 855
3 874 875 858
3 875 860 858
3 875 876 860
3 876 862 860
3 876 877 862
3 877 863 862
3 877 878 863
3 878 879 863
3 880 881 865
3 881 866 865
3 881 882 866
3 882 867 866
3 882 883 867
3 883 868 867
3 883 884 868
3 884 869 868
3 884 885 869
3 885 870 869
3 871 886 873
3 886 871 870
3 886 870 887
3 887 870 885
3 888 873 886
3 888 889 873
3 889 874 873
3 886 887 888
3 889 890 874
3 890 875 874
3 890 891 875
3 891 876 875
3 891 892 876
3 892 877 876
3 892 893 877
3 893 878 877
3 893 894 878
3 894 895 878
3 896 897 880
3 897 881 880
3 897 898 881
3 898 882 881
3 898 899 882
3 899 883 882
3 899 900 883
3 900 884 883
3 900 901 884
3 901 885 884
3 901 902 885
3 902 887 885
3 889 903 904
3 888 903 889
3 903 888 887
3 902 903 887
3 904 905 889
3 905 890 889
3 905 906 890
3 906 891 890
3 906 907 891
3 907 892 891
3 907 908 892
3 908 893 892
3 908 909 893
3 909 894 893
3 909 910 894
3 910 911 894
3 912 913 896
3 913 897 896
3 913 914 897
3 914 898 897
3 914 915 898
3 915 899 898
3 915 916 899
3 916 900 899
3 916 917 900
3 917 901 900
3 917 918 901
3 918 902 901
3 903 919 904
3 919 903 902
3 919 902 920
3 920 902 918
3 921 904 919
3 921 922 904
3 922 905 904
3 919 920 921
3 922 923 905
3 923 906 905
3 923 924 906
3 924 907 906
3 924 925 907
3 925 908 907
3 925 926 908
3 926 909 908
3 926 927 909
3 927 910 909
3 927 928 910
3 928 929 910
3 930 931 912
3 931 913 912
3 931 932 913
3 932 914 913
3 932 933 914
3 933 915 914
3 933 934 915
3 934 916 915
3 934 935 916
3 935 917 916
3 935 936 917
3 936 918 917
3 939 938 937
3 937 938 920
3 937 920 936
3 936 920 918
3 938 922 921
3 938 939 922
3 939 940 922
3 938 921 920
3 940 941 922
3 941 923 922
3 941 942 923
3 942 924 923
3 942 943 924
3 943 925 924
3 943 944 925
3 944 926 925
3 944 945 926
3 945 927 926
3 945 946 927
3 946 928 927
3 946 947 928
3 947 948 928
3 951 950 949
3 949 950 952
3 949 952 930
3 930 952 931
3 955 954 953
3 953 954 932
3 953 932 952
3 952 932 931
3 957 954 955
3 956 954 957
3 954 956 933
3 932 954 933
3 959 956 957
3 958 956 959
3 956 958 934
3 933 956 934
3 961 958 959
3 960 958 961
3 958 960 935
3 934 958 935
3 963 960 961
3 962 960 963
3 960 962 936
3 935 960 936
3 962 939 937
3 962 963 939
3 963 964 939
3 962 937 936
3 964 965 939
3 965 940 939
3 965 966 940
3 966 941 940
3 966 967 941
3 967 942 941
3 967 968 942
3 968 943 942
3 968 969 943
3 969 944 943
3 969 970 944
3 970 945 944
3 970 971 945
3 971 946 945
3 971 972 946
3 972 947 946
3 973 974 975
3 973 975 972
3 972 975 947
3 950 978 976
3 950 951 978
3 951 977 978
3 950 976 952
3 980 978 979
3 980 955 978
3 976 978 953
3 953 978 955
3 976 953 952
3 979 981 980
3 982 955 980
3 982 983 955
3 983 957 955
3 980 981 982
3 983 984 957
3 984 959 957
3 984 985 959
3 985 961 959
3 985 986 961
3 986 963 961
3 986 987 963
3 987 964 963
3 987 988 964
3 988 965 964
3 988 989 965
3 989 966 965
3 989 990 966
3 990 967 966
3 990 991 967
3 991 968 967
3 991 992 968
3 992 969 968
3 992 993 969
3 993 970 969
3 993 994 970
3 994 971 970
3 994 995 971
3 995 972 971
3 13 973 972
3 13 972 17
3 17 972 995
3 998 997 996
3 996 997 999
3 996 999 977
3 977 999 978
3 999 979 978
3 1000 979 999
3 979 1000 1001
3 981 979 1001
3 982 1002 983
3 1002 982 981
3 1002 981 1003
3 1003 981 1001
3 1004 983 1002
3 1004 1005 983
3 1005 984 983
3 1002 1003 1004
3 1005 1006 984
3 1006 985 984
3 1006 1007 985
3 1007 986 985
3 1007 1008 986
3 1008 987 986
3 1008 1009 987
3 1009 988 987
3 1009 1010 988
3 1010 989 988
3 1010 1011 989
3 1011 990 989
3 1011 1012 990
3 1012 991 990
3 1012 1013 991
3 1013 992 991
3 1013 1014 992
3 1014 993 992
3 1014 1015 993
3 1015 994 993
3 1015 1016 994
3 1016 995 994
3 1016 20 995
3 20 17 995
3 1018 997 998
3 1017 997 1018
3 997 1017 1019
3 999 997 1019
3 1000 1021 1020
3 1000 999 1021
3 999 1019 1021
3 1000 1020 1001
3 1023 1020 1021
3 1022 1020 1023
3 1020 1022 1003
3 1001 1020 1003
3 1025 1023 1024
3 1025 1005 1023
3 1022 1023 1004
3 1004 1023 1005
3 1022 1004 1003
3 1024 1026 1025
3 1027 1005 1025
3 1027 1028 1005
3 1028 1006 1005
3 1025 1026 1027
3 1028 1029 1006
3 1029 1007 1006
3 1029 1030 1007
3 1030 1008 1007
3 1030 1031 1008
3 1031 1009 1008
3 1031 1032 1009
3 1032 1010 1009
3 1032 1033 1010
3 1033 1011 1010
3 1033 1034 1011
3 1034 1012 1011
3 1034 1035 1012
3 1035 1013 1012
3 1035 1036 1013
3 1036 1014 1013
3 1036 1037 1014
3 1037 1015 1014
3 1037 1038 1015
3 1038 1016 1015
3 25 23 1039
3 1039 23 20
3 1039 20 1038
3 1038 20 1016
3 1017 1042 1040
3 1017 1018 1042
3 1018 1041 1042
3 1017 1040 1019
3 1042 1043 1040
3 1040 1043 1044
3 1040 1044 1019
3 1019 1044 1021
3 1044 1045 1021
3 1045 1023 1021
3 1024 1047 1046
3 1024 1023 1047
3 1023 1045 1047
3 1024 1046 1026
3 1046 1028 1027
3 1046 1047 1028
3 1047 1048 1028
3 1046 1027 1026
3 1048 1049 1028
3 1049 1029 1028
3 1049 1050 1029
3 1050 1030 1029
3 1050 1051 1030
3 1051 1031 1030
3 1051 1052 1031
3 1052 1032 1031
3 1052 1053 1032
3 1053 1033 1032
3 1053 1054 1033
3 1054 1034 1033
3 1054 1055 1034
3 1055 1035 1034
3 1055 1056 1035
3 1056 1036 1035
3 1059 1058 1057
3 1057 1058 1037
3 1057 1037 1056
3 1056 1037 1036
3 1061 1058 1059
3 1060 1058 1061
3 1058 1060 1038
3 1037 1058 1038
3 1060 25 1039
3 1060 1061 25
3 1061 27 25
3 1060 1039 1038
3 1062 1063 1041
3 1063 1042 1041
3 1063 1043 1042
3 1064 1043 1063
3 1043 1064 1065
3 1044 1043 1065
3 1065 1066 1044
3 1066 1045 1044
3 1066 1067 1045
3 1067 1047 1045
3 1067 1068 1047
3 1068 1048 1047
3 1068 1069 1048
3 1069 1049 1048
3 1069 1070 1049
3 1070 1050 1049
3 1070 1071 1050
3 1071 1051 1050
3 1071 1072 1051
3 1072 1052 1051
3 1072 1073 1052
3 1073 1053 1052
3 1076 1075 1074
3 1074 1075 1054
3 1074 1054 1073
3 1073 1054 1053
3 1078 1075 1076
3 1077 1075 1078
3 1075 1077 1055
3 1054 1075 1055
3 1080 1077 1078
3 1079 1077 1080
3 1077 1079 1056
3 1055 1077 1056
3 1079 1059 1057
3 1079 1080 1059
3 1080 1081 1059
3 1079 1057 1056
3 1081 1082 1059
3 1082 1061 1059
3 1082 31 1061
3 31 27 1061
3 1083 1084 1062
3 1084 1063 1062
3 1064 1086 1085
3 1064 1063 1086
3 1063 1084 1086
3 1064 1085 1065
3 1086 1087 1085
3 1085 1087 1088
3 1085 1088 1065
3 1065 1088 1066
3 1088 1089 1066
3 1089 1067 1066
3 1089 1090 1067
3 1090 1068 1067
3 1090 1091 1068
3 1091 1069 1068
3 1091 1092 1069
3 1092 1070 1069
3 1092 1093 1070
3 1093 1071 1070
3 1093 1094 1071
3 1094 1072 1071
3 1094 1095 1072
3 1095 1073 1072
3 1076 1096 1097
3 1074 1096 1076
3 1096 1074 1073
3 1095 1096 1073
3 1097 1098 1076
3 1098 1078 1076
3 1098 1099 1078
3 1099 1080 1078
3 1099 1100 1080
3 1100 1081 1080
3 1100 1101 1081
3 1101 1082 1081
3 1101 36 1082
3 36 31 1082
3 1102 1103 1083
3 1103 1084 1083
3 1103 1104 1084
3 1104 1086 1084
3 1087 1106 1105
3 1087 1086 1106
3 1086 1104 1106
3 1087 1105 1088
3 1106 1107 1105
3 1105 1107 1108
3 1105 1108 1088
3 1088 1108 1089
3 1108 1109 1089
3 1109 1090 1089
3 1109 1110 1090
3 1110 1091 1090
3 1110 1111 1091
3 1111 1092 1091
3 1111 1112 1092
3 1112 1093 1092
3 1112 1113 1093
3 1113 1094 1093
3 1113 1114 1094
3 1114 1095 1094
3 1096 1115 1097
3 1115 1096 1095
3 1115 1095 1116
3 1116 1095 1114
3 1117 1097 1115
3 1117 1118 1097
3 1118 1098 1097
3 1115 1116 1117
3 1118 1119 1098
3 1119 1099 1098
3 1119 1120 1099
3 1120 1100 1099
3 1120 1121 1100
3 1121 1101 1100
3 1121 42 1101
3 42 36 1101
3 425 428 1102
3 428 1103 1102
3 428 430 1103
3 430 1104 1103
3 430 432 1104
3 432 1106 1104
3 432 1107 1106
3 434 1107 432
3 1107 434 436
3 1108 1107 436
3 436 439 1108
3 439 1109 1108
3 439 441 1109
3 441 1110 1109
3 441 443 1110
3 443 1111 1110
3 443 447 1111
3 447 1112 1111
3 447 450 1112
3 450 1113 1112
3 450 453 1113
3 453 1114 1113
3 453 456 1114
3 456 1116 1114
3 1117 1122 1118
3 1122 1117 1116
3 1122 1116 459
3 459 1116 456
3 460 1118 1122
3 460 462 1118
3 462 1119 1118
3 1122 459 460
3 462 464 1119
3 464 1120 1119
3 464 466 1120
3 466 1121 1120
3 466 49 1121
3 49 42 1121
3 1124 1125 1123
3 1125 1126 1123
3 1130 1129 1127
3 1128 1130 1127
3 1131 1132 1128
3 1127 1131 1128
3 1125 1133 1126
3 1133 1134 1126
3 1128 1135 1137
3 1128 1137 1130
3 1130 1137 1136
3 1135 1128 1132
3 1135 1132 1139
3 1139 1132 1138
3 1133 1140 1134
3 1140 1141 1134
3 1143 1142 1136
3 1143 1136 1144
3 1144 1136 1137
3 1142 1143 1145
3 1142 1145 1138
3 1138 1145 1139
3 1140 1146 1141
3 1146 1147 1141
3 1148 1143 1144
3 1148 1144 1149
3 1149 1144 1150
3 1143 1148 1151
3 1143 1151 1145
3 1145 1151 1152
3 1146 1153 1147
3 1153 1154 1147
3 1149 1150 1155
3 1155 1150 1156
3 1151 1157 1152
3 1157 1158 1152
3 1153 1159 1154
3 1159 1160 1154
3 1155 1156 1161
3 1161 1156 1162
3 1157 1163 1158
3 1163 1164 1158
3 1159 1165 1160
3 1165 1166 1160
3 1168 1167 1161
3 1168 1161 1169
3 1169 1161 1162
3 1167 1168 1170
3 1167 1170 1163
3 1163 1170 1164
3 1171 1172 1173
3 1171 1173 1165
3 1165 1173 1166
3 1174 1168 1169
3 1175 1174 1169
3 1168 1174 1176
3 1170 1168 1176
3 1175 1178 1177
3 1175 1177 1174
3 1174 1177 1179
3 1174 1179 1180
3 1176 1174 1180
3 1181 1183 1184
3 1181 1184 1179
3 1181 1179 1177
3 1182 1179 1184
3 1179 1182 1180
3 1183 1185 1184
3 1185 1186 1184
3 1188 1189 1187
3 1188 1186 1189
3 1186 1185 1189
3 1188 1187 1190
3 1189 1191 1187
3 1187 1191 1192
3 1187 1192 1190
3 1190 1192 1193
3 1192 1194 1193
3 1194 1195 1193
3 1194 1196 1195
3 1196 1197 1195
3 1196 838 1197
3 838 105 1197
3 1198 1199 1124
3 1199 1125 1124
3 1200 1129 1201
3 1201 1129 1130
3 1202 1203 1131
3 1203 1132 1131
3 1199 1204 1125
3 1204 1133 1125
3 1201 1130 1205
3 1205 1130 1136
3 1203 1206 1132
3 1206 1138 1132
3 1204 1207 1133
3 1207 1140 1133
3 1142 1208 1209
3 1142 1209 1136
3 1136 1209 1205
3 1208 1142 1138
3 1208 1138 1210
3 1210 1138 1206
3 1207 1211 1140
3 1211 1146 1140
3 1208 1212 1209
3 1148 1149 1213
3 1212 1208 1210
3 1213 1151 1148
3 1211 1214 1146
3 1214 1153 1146
3 1215 1213 1149
3 1155 1215 1149
3 1213 1215 1157
3 1151 1213 1157
3 1214 1216 1153
3 1216 1159 1153
3 1217 1215 1155
3 1161 1217 1155
3 1215 1217 1163
3 1157 1215 1163
3 1219 1216 1218
3 1219 1165 1216
3 1165 1159 1216
3 1218 1220 1219
3 1161 1167 1217
3 1217 1167 1163
3 1221 1222 1223
3 1171 1222 1221
3 1171 1219 1222
3 1171 1165 1219
3 1219 1220 1222
3 1224 1221 1223
3 1224 1223 1226
3 1226 1223 1225
3 1181 1227 1183
3 1227 1228 1229
3 1227 1229 1183
3 1183 1229 1185
3 1229 1230 1185
3 1230 1189 1185
3 1230 1191 1189
3 1231 1191 1230
3 1191 1231 1232
3 1192 1191 1232
3 1232 1233 1192
3 1233 1194 1192
3 1233 1234 1194
3 1234 1196 1194
3 1234 849 1196
3 849 838 1196
3 1235 1236 1198
3 1236 1199 1198
3 1238 1237 1200
3 1238 1200 1239
3 1239 1200 1201
3 1237 1238 1240
3 1237 1240 1202
3 1202 1240 1203
3 1236 1241 1199
3 1241 1204 1199
3 1239 1201 1242
3 1242 1201 1205
3 1240 1243 1203
3 1243 1206 1203
3 1241 1244 1204
3 1244 1207 1204
3 1242 1205 1245
3 1245 1205 1209
3 1243 1246 1206
3 1246 1210 1206
3 1244 1247 1207
3 1247 1211 1207
3 1245 1209 1212
3 1248 1245 1212
3 1248 1212 1210
3 1246 1248 1210
3 1247 1249 1211
3 1249 1214 1211
3 1249 1250 1214
3 1250 1216 1214
3 1250 1218 1216
3 1251 1218 1250
3 1218 1251 1252
3 1220 1218 1252
3 1222 1253 1223
3 1253 1222 1220
3 1253 1220 1254
3 1254 1220 1252
3 1257 1255 1253
3 1257 1258 1255
3 1253 1255 1223
3 1256 1225 1255
3 1223 1255 1225
3 1254 1259 1257
3 1253 1254 1257
3 1259 1261 1260
3 1257 1259 1260
3 1228 1260 1261
3 1228 1261 1229
3 1229 1261 1262
3 1262 1263 1229
3 1263 1230 1229
3 1231 1265 1264
3 1231 1230 1265
3 1230 1263 1265
3 1231 1264 1232
3 1265 1266 1264
3 1264 1266 1267
3 1264 1267 1232
3 1232 1267 1233
3 1267 1268 1233
3 1268 1234 1233
3 1268 865 1234
3 865 849 1234
3 1269 1270 1235
3 1270 1236 1235
3 1271 1238 1239
3 1271 1239 1272
3 1272 1239 1273
3 1238 1271 1274
3 1238 1274 1240
3 1240 1274 1275
3 1270 1276 1236
3 1276 1241 1236
3 1273 1239 1277
3 1277 1239 1242
3 1275 1278 1240
3 1278 1243 1240
3 1276 1279 1241
3 1279 1244 1241
3 1277 1242 1280
3 1280 1242 1245
3 1278 1281 1243
3 1281 1246 1243
3 1279 1282 1244
3 1282 1247 1244
3 1248 1283 1284
3 1248 1284 1245
3 1245 1284 1280
3 1283 1248 1246
3 1283 1246 1285
3 1285 1246 1281
3 1282 1286 1247
3 1286 1249 1247
3 1284 1283 1287
3 1283 1285 1287
3 1286 1288 1249
3 1288 1250 1249
3 1251 1290 1289
3 1251 1250 1290
3 1250 1288 1290
3 1251 1289 1252
3 1290 1291 1289
3 1289 1291 1292
3 1289 1292 1252
3 1252 1292 1254
3 1255 1294 1293
3 1258 1294 1255
3 1292 1295 1254
3 1295 1259 1254
3 1294 1258 1296
3 1296 1258 1297
3 1295 1298 1259
3 1298 1261 1259
3 1298 1299 1261
3 1299 1262 1261
3 1299 1300 1262
3 1300 1263 1262
3 1300 1301 1263
3 1301 1265 1263
3 1266 1303 1302
3 1266 1265 1303
3 1265 1301 1303
3 1266 1302 1267
3 1303 1304 1302
3 1302 1304 1305
3 1302 1305 1267
3 1267 1305 1268
3 1305 880 1268
3 880 865 1268
3 1306 1307 1269
3 1307 1270 1269
3 1308 1272 1309
3 1309 1272 1273
3 1310 1311 1274
3 1311 1275 1274
3 1307 1312 1270
3 1312 1276 1270
3 1309 1273 1313
3 1313 1273 1277
3 1311 1314 1275
3 1314 1278 1275
3 1312 1315 1276
3 1315 1279 1276
3 1313 1277 1316
3 1316 1277 1280
3 1314 1317 1278
3 1317 1281 1278
3 1315 1318 1279
3 1318 1282 1279
3 1316 1280 1319
3 1319 1280 1284
3 1317 1320 1281
3 1320 1285 1281
3 1318 1321 1282
3 1321 1286 1282
3 1287 1322 1323
3 1287 1323 1284
3 1284 1323 1319
3 1322 1287 1285
3 1322 1285 1324
3 1324 1285 1320
3 1321 1325 1286
3 1325 1288 1286
3 1323 1322 1326
3 1322 1324 1326
3 1325 1327 1288
3 1327 1290 1288
3 1327 1291 1290
3 1328 1291 1327
3 1291 1328 1329
3 1292 1291 1329
3 1332 1330 1331
3 1293 1330 1332
3 1293 1333 1330
3 1294 1333 1293
3 1329 1334 1292
3 1334 1295 1292
3 1333 1294 1335
3 1335 1294 1296
3 1334 1336 1295
3 1336 1298 1295
3 1336 1337 1298
3 1337 1299 1298
3 1337 1338 1299
3 1338 1300 1299
3 1339 1340 1301
3 1339 1301 1338
3 1338 1301 1300
3 1340 1341 1342
3 1340 1342 1301
3 1301 1342 1303
3 1342 1304 1303
3 1343 1304 1342
3 1304 1343 1344
3 1305 1304 1344
3 1344 896 1305
3 896 880 1305
3 1345 1346 1306
3 1346 1307 1306
3 1347 1308 1348
3 1348 1308 1309
3 1349 1350 1310
3 1350 1311 1310
3 1346 1351 1307
3 1351 1312 1307
3 1348 1309 1352
3 1352 1309 1313
3 1350 1353 1311
3 1353 1314 1311
3 1351 1354 1312
3 1354 1315 1312
3 1352 1313 1355
3 1355 1313 1316
3 1353 1356 1314
3 1356 1317 1314
3 1354 1357 1315
3 1357 1318 1315
3 1355 1316 1358
3 1358 1316 1319
3 1356 1359 1317
3 1359 1320 1317
3 1361 1357 1360
3 1361 1321 1357
3 1321 1318 1357
3 1360 1323 1361
3 1360 1358 1323
3 1358 1319 1323
3 1359 1362 1320
3 1362 1324 1320
3 1363 1321 1361
3 1325 1321 1363
3 1323 1363 1361
3 1323 1364 1363
3 1323 1326 1364
3 1365 1363 1364
3 1364 1326 1324
3 1362 1364 1324
3 1368 1367 1366
3 1369 1366 1363
3 1369 1370 1366
3 1363 1366 1325
3 1367 1327 1366
3 1325 1366 1327
3 1365 1371 1369
3 1363 1365 1369
3 1373 1367 1368
3 1372 1367 1373
3 1370 1328 1374
3 1370 1369 1328
3 1374 1328 1372
3 1327 1367 1328
3 1372 1328 1367
3 1328 1369 1371
3 1328 1371 1329
3 1329 1371 1375
3 1372 1331 1330
3 1372 1373 1331
3 1373 1376 1331
3 1330 1374 1372
3 1330 1333 1374
3 1333 1377 1374
3 1375 1378 1329
3 1378 1334 1329
3 1377 1333 1379
3 1379 1333 1335
3 1378 1380 1334
3 1380 1336 1334
3 1379 1335 1381
3 1381 1335 1382
3 1380 1383 1336
3 1383 1337 1336
3 1383 1384 1337
3 1384 1338 1337
3 1385 1339 1338
3 1385 1338 1386
3 1386 1338 1384
3 1341 1385 1386
3 1341 1386 1342
3 1342 1386 1387
3 1343 1389 1388
3 1343 1342 1389
3 1342 1387 1389
3 1343 1388 1344
3 1389 1390 1388
3 1388 1390 912
3 1388 912 1344
3 1344 912 896
3 1392 1345 1391
3 1346 1345 1392
3 1391 1348 1392
3 1347 1348 1391
3 1393 1394 1349
3 1394 1350 1349
3 1395 1346 1392
3 1395 1396 1346
3 1396 1351 1346
3 1392 1397 1395
3 1392 1348 1397
3 1348 1352 1397
3 1394 1398 1350
3 1398 1353 1350
3 1396 1399 1351
3 1399 1354 1351
3 1397 1352 1400
3 1400 1352 1355
3 1398 1401 1353
3 1401 1356 1353
3 1399 1402 1354
3 1402 1357 1354
3 1400 1355 1403
3 1403 1355 1358
3 1401 1404 1356
3 1404 1359 1356
3 1360 1406 1405
3 1360 1357 1406
3 1357 1402 1406
3 1405 1358 1360
3 1405 1407 1358
3 1407 1403 1358
3 1404 1408 1359
3 1408 1362 1359
3 1406 1409 1405
3 1410 1405 1364
3 1410 1407 1405
3 1364 1405 1365
3 1409 1411 1405
3 1365 1405 1411
3 1410 1364 1362
3 1408 1410 1362
3 1366 1412 1368
3 1366 1370 1412
3 1411 1413 1365
3 1413 1371 1365
3 1414 1368 1412
3 1373 1368 1414
3 1412 1374 1414
3 1370 1374 1412
3 1413 1415 1371
3 1415 1375 1371
3 1416 1373 1414
3 1376 1373 1416
3 1414 1377 1416
3 1374 1377 1414
3 1415 1417 1375
3 1417 1378 1375
3 1418 1376 1416
3 1418 1419 1376
3 1419 1420 1376
3 1416 1421 1418
3 1416 1377 1421
3 1377 1379 1421
3 1417 1422 1378
3 1422 1380 1378
3 1421 1379 1423
3 1423 1379 1381
3 1422 1424 1380
3 1424 1383 1380
3 1423 1381 1425
3 1425 1381 1426
3 1424 1427 1383
3 1427 1384 1383
3 1427 1428 1384
3 1428 1386 1384
3 1428 1429 1386
3 1429 1387 1386
3 1429 1430 1387
3 1430 1389 1387
3 1430 1390 1389
3 1431 1390 1430
3 1390 1431 930
3 912 1390 930
3 1433 1393 1432
3 1433 1434 1393
3 1434 1394 1393
3 1395 1435 1396
3 1395 1397 1435
3 1434 1436 1394
3 1436 1398 1394
3 1437 1396 1435
3 1437 1438 1396
3 1438 1399 1396
3 1435 1439 1437
3 1435 1397 1439
3 1397 1400 1439
3 1436 1440 1398
3 1440 1401 1398
3 1442 1438 1441
3 1442 1402 1438
3 1402 1399 1438
3 1441 1403 1442
3 1441 1439 1403
3 1439 1400 1403
3 1440 1443 1401
3 1443 1404 1401
3 1444 1402 1442
3 1406 1402 1444
3 1442 1407 1444
3 1403 1407 1442
3 1443 1445 1404
3 1445 1408 1404
3 1409 1448 1447
3 1409 1406 1448
3 1446 1448 1444
3 1444 1448 1406
3 1447 1411 1409
3 1444 1407 1446
3 1446 1407 1410
3 1446 1410 1449
3 1449 1410 1408
3 1445 1449 1408
3 1448 1450 1447
3 1447 1450 1451
3 1447 1451 1411
3 1411 1451 1413
3 1451 1452 1413
3 1452 1415 1413
3 1455 1454 1453
3 1453 1454 1456
3 1452 1457 1415
3 1457 1417 1415
3 1454 1419 1418
3 1454 1455 1419
3 1455 1458 1419
3 1418 1456 1454
3 1418 1421 1456
3 1421 1459 1456
3 1457 1460 1417
3 1460 1422 1417
3 1458 1461 1419
3 1461 1462 1419
3 1459 1421 1463
3 1463 1421 1423
3 1460 1464 1422
3 1464 1424 1422
3 1463 1423 1465
3 1465 1423 1425
3 1464 1466 1424
3 1466 1427 1424
3 1467 1468 1428
3 1467 1428 1466
3 1466 1428 1427
3 1468 1469 1470
3 1468 1470 1428
3 1428 1470 1429
3 1470 1471 1429
3 1471 1430 1429
3 1431 951 949
3 1431 1430 951
3 1430 1471 951
3 1431 949 930
3 1434 1472 1473
3 1433 1472 1434
3 1473 1474 1434
3 1474 1436 1434
3 1437 1475 1438
3 1437 1439 1475
3 1474 1476 1436
3 1476 1440 1436
3 1441 1479 1478
3 1441 1438 1479
3 1477 1479 1475
3 1475 1479 1438
3 1478 1439 1441
3 1478 1480 1439
3 1475 1439 1477
3 1477 1439 1480
3 1476 1481 1440
3 1481 1443 1440
3 1479 1482 1478
3 1478 1482 1480
3 1481 1483 1443
3 1483 1445 1443
3 1446 1484 1448
3 1484 1485 1486
3 1484 1446 1485
3 1446 1449 1485
3 1485 1449 1445
3 1483 1485 1445
3 1484 1450 1448
3 1450 1484 1486
3 1450 1486 1451
3 1451 1486 1487
3 1487 1488 1451
3 1488 1452 1451
3 1455 1489 1490
3 1453 1489 1455
3 1453 1491 1489
3 1456 1491 1453
3 1488 1492 1452
3 1492 1457 1452
3 1490 1493 1455
3 1493 1458 1455
3 1491 1456 1494
3 1494 1456 1459
3 1492 1495 1457
3 1495 1460 1457
3 1493 1496 1458
3 1496 1461 1458
3 1494 1459 1497
3 1497 1459 1463
3 1495 1498 1460
3 1498 1464 1460
3 1497 1463 1499
3 1499 1463 1465
3 1498 1500 1464
3 1500 1466 1464
3 1499 1465 1467
3 1501 1499 1467
3 1501 1467 1466
3 1500 1501 1466
3 1469 1502 1470
3 1502 1503 1471
3 1470 1502 1471
3 1505 1504 1503
3 1503 1504 977
3 1503 977 1471
3 1471 977 951
3 1472 1506 1473
3 1507 1473 1506
3 1507 1508 1473
3 1508 1474 1473
3 1508 1509 1474
3 1509 1476 1474
3 1477 1510 1479
3 1477 1480 1510
3 1509 1511 1476
3 1511 1481 1476
3 1510 1482 1479
3 1510 1480 1482
3 1511 1512 1481
3 1512 1483 1481
3 1485 1513 1486
3 1513 1485 1483
3 1513 1483 1514
3 1514 1483 1512
3 1515 1486 1513
3 1515 1516 1486
3 1516 1487 1486
3 1513 1514 1515
3 1516 1517 1487
3 1517 1488 1487
3 1489 1518 1490
3 1489 1491 1518
3 1517 1519 1488
3 1519 1492 1488
3 1520 1490 1518
3 1493 1490 1520
3 1518 1494 1520
3 1491 1494 1518
3 1519 1521 1492
3 1521 1495 1492
3 1522 1493 1520
3 1522 1523 1493
3 1523 1496 1493
3 1520 1524 1522
3 1520 1494 1524
3 1494 1497 1524
3 1521 1525 1495
3 1525 1498 1495
3 1523 1526 1496
3 1526 1527 1496
3 1524 1497 1528
3 1528 1497 1499
3 1525 1529 1498
3 1529 1500 1498
3 1528 1499 1501
3 1530 1528 1501
3 1530 1501 1500
3 1529 1530 1500
3 1504 998 996
3 1504 1505 998
3 1505 1531 998
3 1504 996 977
3 1507 1532 1508
3 1533 1508 1532
3 1533 1534 1508
3 1534 1509 1508
3 1534 1535 1509
3 1535 1511 1509
3 1535 1536 1511
3 1536 1512 1511
3 1536 1537 1512
3 1537 1514 1512
3 1515 1538 1516
3 1538 1515 1514
3 1538 1514 1539
3 1539 1514 1537
3 1540 1516 1538
3 1540 1541 1516
3 1541 1517 1516
3 1538 1539 1540
3 1541 1542 1517
3 1542 1519 1517
3 1545 1544 1543
3 1543 1544 1546
3 1542 1547 1519
3 1547 1521 1519
3 1544 1523 1522
3 1544 1545 1523
3 1545 1548 1523
3 1522 1546 1544
3 1522 1524 1546
3 1524 1549 1546
3 1547 1550 1521
3 1550 1525 1521
3 1552 1548 1551
3 1552 1526 1548
3 1526 1523 1548
3 1551 1528 1552
3 1551 1549 1528
3 1549 1524 1528
3 1550 1553 1525
3 1553 1529 1525
3 1530 1552 1528
3 1530 1555 1552
3 1555 1554 1552
3 1555 1530 1529
3 1555 1529 1556
3 1556 1529 1553
3 1554 1555 1558
3 1557 1554 1558
3 1555 1556 1558
3 1560 1559 1531
3 1559 1561 1018
3 1559 1018 1531
3 1531 1018 998
3 1533 1562 1534
3 1563 1534 1562
3 1563 1564 1534
3 1564 1535 1534
3 1564 1565 1535
3 1565 1536 1535
3 1565 1566 1536
3 1566 1537 1536
3 1566 1567 1537
3 1567 1539 1537
3 1541 1568 1569
3 1540 1568 1541
3 1568 1540 1539
3 1567 1568 1539
3 1569 1570 1541
3 1570 1542 1541
3 1543 1571 1545
3 1543 1546 1571
3 1570 1572 1542
3 1572 1547 1542
3 1573 1545 1571
3 1548 1545 1573
3 1571 1549 1573
3 1546 1549 1571
3 1572 1574 1547
3 1574 1550 1547
3 1551 1577 1576
3 1551 1548 1577
3 1575 1577 1573
3 1573 1577 1548
3 1576 1549 1551
3 1576 1578 1549
3 1573 1549 1575
3 1575 1549 1578
3 1574 1579 1550
3 1579 1553 1550
3 1577 1580 1576
3 1576 1580 1578
3 1579 1581 1553
3 1581 1556 1553
3 1558 1582 1557
3 1583 1582 1558
3 1583 1558 1556
3 1583 1556 1584
3 1584 1556 1581
3 1586 1587 1585
3 1586 1585 1583
3 1583 1585 1582
3 1583 1584 1586
3 1561 1585 1587
3 1561 1587 1018
3 1018 1587 1041
3 1563 1588 1564
3 1589 1564 1588
3 1589 1590 1564
3 1590 1565 1564
3 1590 1591 1565
3 1591 1566 1565
3 1591 1592 1566
3 1592 1567 1566
3 1569 1593 1594
3 1568 1593 1569
3 1593 1568 1567
3 1592 1593 1567
3 1596 1594 1595
3 1596 1570 1594
3 1570 1569 1594
3 1595 1597 1596
3 1598 1570 1596
3 1598 1599 1570
3 1599 1572 1570
3 1596 1597 1598
3 1599 1600 1572
3 1600 1574 1572
3 1577 1601 1602
3 1575 1601 1577
3 1575 1603 1601
3 1578 1603 1575
3 1600 1604 1574
3 1604 1579 1574
3 1580 1606 1605
3 1580 1577 1606
3 1577 1602 1606
3 1605 1578 1580
3 1605 1607 1578
3 1607 1603 1578
3 1604 1608 1579
3 1608 1581 1579
3 1606 1611 1605
3 1609 1610 1612
3 1605 1611 1607
3 1608 1613 1581
3 1613 1584 1581
3 1587 1614 1615
3 1586 1614 1587
3 1614 1586 1584
3 1613 1614 1584
3 1615 1062 1587
3 1062 1041 1587
3 1618 1617 1616
3 1589 1619 1590
3 1620 1590 1619
3 1620 1621 1590
3 1621 1591 1590
3 1621 1622 1591
3 1622 1592 1591
3 1594 1623 1624
3 1593 1623 1594
3 1623 1593 1592
3 1622 1623 1592
3 1595 1626 1625
3 1595 1594 1626
3 1594 1624 1626
3 1595 1625 1597
3 1625 1599 1598
3 1625 1626 1599
3 1626 1627 1599
3 1625 1598 1597
3 1627 1628 1599
3 1628 1600 1599
3 1601 1629 1602
3 1601 1603 1629
3 1628 1630 1600
3 1630 1604 1600
3 1631 1602 1629
3 1631 1632 1602
3 1632 1606 1602
3 1629 1633 1631
3 1629 1603 1633
3 1603 1607 1633
3 1630 1634 1604
3 1634 1608 1604
3 1632 1611 1606
3 1635 1611 1632
3 1635 1607 1611
3 1633 1607 1635
3 1634 1636 1608
3 1636 1613 1608
3 1615 1637 1638
3 1614 1637 1615
3 1637 1614 1613
3 1636 1637 1613
3 1638 1083 1615
3 1083 1062 1615
3 1617 1642 1641
3 1617 1618 1642
3 1640 1642 1639
3 1639 1642 1618
3 1642 1643 1641
3 1620 1644 1621
3 1645 1621 1644
3 1645 1646 1621
3 1646 1622 1621
3 1624 1647 1648
3 1623 1647 1624
3 1647 1623 1622
3 1646 1647 1622
3 1648 1649 1624
3 1649 1626 1624
3 1649 1650 1626
3 1650 1627 1626
3 1650 1651 1627
3 1651 1628 1627
3 1651 1652 1628
3 1652 1630 1628
3 1631 1653 1632
3 1631 1633 1653
3 1652 1654 1630
3 1654 1634 1630
3 1653 1635 1632
3 1653 1633 1635
3 1654 1655 1634
3 1655 1636 1634
3 1657 1658 1656
3 1638 1659 1660
3 1637 1659 1638
3 1659 1637 1636
3 1655 1659 1636
3 1660 1102 1638
3 1102 1083 1638
3 1661 1642 1640
3 1661 1662 1642
3 1662 1663 1642
3 1643 1665 1664
3 1643 1642 1665
3 1642 1663 1665
3 1665 1666 1664
3 1645 1667 1646
3 1647 1668 1648
3 1668 1669 1670
3 1647 1669 1668
3 1647 1667 1669
3 1647 1646 1667
3 1671 1648 1668
3 1671 1672 1648
3 1672 1649 1648
3 1668 1670 1671
3 1672 1673 1649
3 1673 1650 1649
3 1673 1674 1650
3 1674 1651 1650
3 1674 1675 1651
3 1675 1652 1651
3 1675 1676 1652
3 1676 1654 1652
3 1676 1677 1654
3 1677 1655 1654
3 1660 1678 1679
3 1659 1678 1660
3 1678 1659 1655
3 1677 1678 1655
3 1679 425 1660
3 425 1102 1660
3 1680 1681 1682
3 1683 1682 1681
3 1684 1682 1683
3 1683 1685 1684
3 1688 1686 1689
3 1691 1686 1687
3 1690 1686 1691
3 1689 1690 1692
3 1686 1690 1689
3 1694 1690 1691
3 1693 1690 1694
3 1692 1693 1695
3 1690 1693 1692
3 1697 1693 1694
3 1696 1693 1697
3 1695 1696 1698
3 1693 1696 1695
3 1697 1699 1696
3 1696 1699 1698
3 1689 1701 1700
3 1689 1700 1688
3 1688 1700 1702
3 1703 1687 1701
3 1691 1687 1703
3 1701 1692 1703
3 1689 1692 1701
3 1704 1691 1703
3 1694 1691 1704
3 1703 1695 1704
3 1692 1695 1703
3 1705 1694 1704
3 1697 1694 1705
3 1704 1698 1705
3 1695 1698 1704
3 1705 1699 1697
3 1705 1698 1699
3 1700 1707 1706
3 1702 1700 1706
3 1708 1702 1706
3 1710 1706 1707
3 1709 1706 1710
3 1711 1709 1712
3 1711 1708 1709
3 1708 1706 1709
3 1714 1709 1710
3 1713 1709 1714
3 1712 1713 1715
3 1709 1713 1712
3 1717 1713 1714
3 1716 1713 1717
3 1715 1716 1718
3 1713 1716 1715
3 1720 1716 1717
3 1719 1716 1720
3 1718 1719 1721
3 1716 1719 1718
3 1722 1723 1707
3 1723 1710 1707
3 1711 1712 1724
3 1723 1725 1710
3 1725 1714 1710
3 1726 1724 1712
3 1726 1712 1727
3 1727 1712 1715
3 1725 1728 1714
3 1728 1717 1714
3 1727 1715 1729
3 1729 1715 1718
3 1728 1730 1717
3 1730 1720 1717
3 1729 1718 1731
3 1731 1718 1721
3 1732 1735 1722
3 1735 1723 1722
3 1737 1734 1733
3 1736 1737 1733
3 1735 1738 1723
3 1738 1725 1723
3 1736 1726 1727
3 1736 1727 1737
3 1737 1727 1739
3 1738 1740 1725
3 1740 1728 1725
3 1739 1727 1741
3 1741 1727 1729
3 1740 1742 1728
3 1742 1730 1728
3 1741 1729 1743
3 1743 1729 1731
3 1734 1746 1745
3 1744 1747 1732
3 1747 1735 1732
3 1746 1734 1748
3 1748 1734 1737
3 1747 1749 1735
3 1749 1738 1735
3 1748 1737 1750
3 1750 1737 1739
3 1749 1751 1738
3 1751 1740 1738
3 1750 1739 1752
3 1752 1739 1741
3 1751 1753 1740
3 1753 1742 1740
3 1755 1754 1752
3 1755 1752 1743
3 1743 1752 1741
3 1745 1746 1758
3 1757 1759 1744
3 1759 1747 1744
3 1760 1758 1746
3 1748 1760 1746
3 1759 1761 1747
3 1761 1749 1747
3 1762 1760 1748
3 1750 1762 1748
3 1761 1763 1749
3 1763 1751 1749
3 1764 1762 1750
3 1764 1750 1765
3 1765 1750 1752
3 1763 1766 1751
3 1766 1753 1751
3 1754 1767 1768
3 1754 1768 1752
3 1752 1768 1765
3 1769 1772 1757
3 1772 1759 1757
3 1771 1770 1773
3 1772 1774 1759
3 1774 1761 1759
3 1774 1775 1761
3 1775 1763 1761
3 1764 1765 1776
3 1775 1777 1763
3 1777 1766 1763
3 1778 1776 1765
3 1768 1778 1765
3 1780 1782 1779
3 1779 1782 1783
3 1779 1783 1769
3 1769 1783 1772
3 1781 1771 1773
3 1783 1784 1772
3 1784 1774 1772
3 1784 1785 1774
3 1785 1775 1774
3 1785 1786 1775
3 1786 1777 1775
3 1787 1789 1788
3 1788 1782 1780
3 1782 1788 1789
3 1782 1789 1783
3 1783 1789 1790
3 1793 1792 1791
3 1791 1792 1784
3 1791 1784 1790
3 1790 1784 1783
3 1795 1792 1793
3 1794 1792 1795
3 1792 1794 1785
3 1784 1792 1785
3 1797 1794 1795
3 1796 1794 1797
3 1794 1796 1786
3 1785 1794 1786
3 1801 1798 1799
3 1800 1798 1801
3 1798 1800 1789
3 1787 1798 1789
3 1803 1800 1801
3 1802 1800 1803
3 1800 1802 1790
3 1789 1800 1790
3 1805 1803 1804
3 1805 1793 1803
3 1802 1803 1791
3 1791 1803 1793
3 1802 1791 1790
3 1804 1806 1805
3 1807 1793 1805
3 1795 1793 1807
3 1806 1808 1807
3 1805 1806 1807
3 1809 1795 1807
3 1797 1795 1809
3 1808 1810 1809
3 1807 1808 1809
3 1813 1811 1812
3 1813 1801 1811
3 1801 1799 1811
3 1812 1814 1813
3 1815 1801 1813
3 1815 1816 1801
3 1816 1803 1801
3 1813 1814 1815
3 1804 1818 1817
3 1804 1803 1818
3 1803 1816 1818
3 1804 1817 1806
3 1820 1817 1818
3 1819 1817 1820
3 1817 1819 1808
3 1806 1817 1808
3 1822 1819 1820
3 1821 1819 1822
3 1819 1821 1810
3 1808 1819 1810
3 1812 1825 1824
3 1812 1811 1825
3 1811 1823 1825
3 1812 1824 1814
3 1824 1816 1815
3 1824 1825 1816
3 1825 1826 1816
3 1824 1815 1814
3 1826 1827 1816
3 1827 1818 1816
3 1827 1828 1818
3 1828 1820 1818
3 1828 1829 1820
3 1829 1822 1820
3 1832 1830 1831
3 1830 1833 1831
3 1834 1835 1823
3 1835 1825 1823
3 1835 1836 1825
3 1836 1826 1825
3 1836 1837 1826
3 1837 1827 1826
3 1837 1838 1827
3 1838 1828 1827
3 1838 1839 1828
3 1839 1829 1828
3 1830 1832 1840
3 1830 1840 1833
3 1841 1842 1834
3 1842 1835 1834
3 1842 1843 1835
3 1843 1836 1835
3 1843 1844 1836
3 1844 1837 1836
3 1847 1845 1846
3 1845 1848 1846
3 1844 1849 1837
3 1849 1838 1837
3 1847 1846 1850
3 1846 1848 1850
3 1849 1123 1838
3 1123 1839 1838
3 1852 1853 1851
3 1854 1853 1852
3 1855 1853 1854
3 1855 1858 1857
3 1855 1854 1858
3 1854 1856 1858
3 1858 1859 1857
3 1860 1861 1856
3 1861 1858 1856
3 1859 1863 1862
3 1859 1858 1863
3 1858 1861 1863
3 1863 1864 1862
3 1682 1684 1860
3 1684 1861 1860
3 1865 1684 1685
3 1865 1863 1684
3 1863 1861 1684
3 1865 1864 1863
3 1867 1868 1866
3 1868 1869 1866
3 1870 1871 1867
3 1871 1868 1867
3 1871 1872 1868
3 1872 1873 1868
3 1874 1875 1870
3 1875 1871 1870
3 1875 1876 1871
3 1876 1872 1871
3 1876 1877 1872
3 1877 1878 1872
3 1879 1880 1874
3 1880 1875 1874
3 1880 1881 1875
3 1881 1876 1875
3 1881 1882 1876
3 1882 1877 1876
3 58 1883 1884
3 58 1884 1882
3 1882 1884 1877
3 1885 1886 1879
3 1886 1880 1879
3 1886 1887 1880
3 1887 1881 1880
3 1887 1888 1881
3 1888 1882 1881
3 57 58 1882
3 57 1882 1889
3 1889 1882 1888
3 61 57 1889
3 1890 1892 1891
3 1893 1894 1885
3 1894 1886 1885
3 1894 1895 1886
3 1895 1887 1886
3 1895 1896 1887
3 1896 1888 1887
3 1896 1897 1888
3 1897 1889 1888
3 60 61 1889
3 60 1889 1898
3 1898 1889 1897
3 60 1898 68
3 1899 1900 1893
3 1900 1894 1893
3 1900 1901 1894
3 1901 1895 1894
3 1901 1902 1895
3 1902 1896 1895
3 63 64 1897
3 63 1897 1902
3 1902 1897 1896
3 64 66 1898
3 1897 64 1898
3 66 68 1898
3 1903 1904 1899
3 1904 1900 1899
3 71 72 1901
3 71 1901 1904
3 1904 1901 1900
3 72 74 1902
3 1901 72 1902
3 74 63 1902
3 81 82 1904
3 1903 81 1904
3 82 71 1904
3 1905 1907 1908
3 1906 1905 1908
3 1907 1909 1908
3 1906 1908 1910
3 1908 1911 1910
3 1909 1912 1913
3 1909 1913 1908
3 1908 1913 1911
3 1912 1914 1915
3 1913 1912 1915
3 1910 1911 134
3 1911 136 134
3 1911 1913 136
3 1913 138 136
3 1913 1915 138
3 1915 140 138
3 1916 1918 1919
3 1917 1916 1919
3 1918 1920 1921
3 1919 1918 1921
3 1920 1922 1923
3 1921 1920 1923
3 1922 1924 1923
3 1917 1919 1926
3 1925 1917 1926
3 1919 1921 1927
3 1926 1919 1927
3 1921 1923 1928
3 1927 1921 1928
3 1923 1924 1928
3 1929 1931 1932
3 1930 1929 1932
3 1931 1933 1934
3 1932 1931 1934
3 1933 1935 1936
3 1934 1933 1936
3 1930 1932 1937
3 1932 1938 1937
3 1932 1934 1938
3 1934 1939 1938
3 1934 1936 1939
3 1936 1940 1939
3 1937 1938 1941
3 1938 1942 1941
3 1938 1939 1942
3 1939 1943 1942
3 1939 1940 1943
3 1940 1944 1943
3 1941 1942 1945
3 1942 1946 1945
3 1942 1943 1946
3 1943 1947 1946
3 1943 1944 1947
3 1944 1948 1947
3 1946 1905 1945
3 1907 1905 1946
3 1907 1949 1909
3 1907 1946 1949
3 1946 1947 1949
3 1947 1948 1949
3 1948 1950 1949
3 1949 1912 1909
3 1950 1912 1949
3 1914 1912 1950
3 1951 1953 1954
3 1952 1951 1954
3 1953 1955 1956
3 1954 1953 1956
3 1955 1957 1958
3 1956 1955 1958
3 1952 1954 1959
3 1954 1960 1959
3 1954 1956 1960
3 1956 1961 1960
3 1956 1958 1961
3 1958 1962 1961
3 1959 1960 1963
3 1960 1964 1963
3 1960 1961 1964
3 1961 1965 1964
3 1961 1962 1965
3 1962 1966 1965
3 1963 1964 1967
3 1964 1968 1967
3 1964 1965 1968
3 1965 1969 1968
3 1965 1966 1969
3 1966 1970 1969
3 1967 1968 1971
3 1968 1972 1971
3 1968 1969 1972
3 1969 1973 1972
3 1969 1970 1973
3 1970 1974 1973
3 1972 1916 1971
3 1918 1916 1972
3 1973 1918 1972
3 1920 1918 1973
3 1974 1920 1973
3 1922 1920 1974
3 1926 1975 1925
3 1976 1975 1926
3 1927 1976 1926
3 1977 1976 1927
3 1928 1977 1927
3 1978 1977 1928
3 1924 1978 1928
3 1976 1929 1975
3 1931 1929 1976
3 1977 1931 1976
3 1933 1931 1977
3 1978 1933 1977
3 1935 1933 1978
3 1979 1981 1980
3 1981 1982 1980
3 1981 1983 1982
3 1983 1984 1982
3 1983 1985 1984
3 1985 1986 1984
3 1980 1982 1987
3 1982 1988 1987
3 1982 1984 1988
3 1984 1989 1988
3 1984 1986 1989
3 1986 1990 1989
3 1988 1951 1987
3 1953 1951 1988
3 1989 1953 1988
3 1955 1953 1989
3 1990 1955 1989
3 1957 1955 1990
3 1992 1993 1994
3 1996 1994 1993
3 1996 1993 1997
3 1997 1993 1995
3 1997 1999 1998
3 1996 1997 1998
3 1998 1999 2000
3 1995 2001 2002
3 2002 2003 1995
3 2003 1997 1995
3 2003 2004 1997
3 2004 1999 1997
3 2005 2000 1999
3 2004 2005 1999
3 2001 2006 2002
3 2008 2002 2006
3 2003 2002 2008
3 2007 2009 2008
3 2006 2007 2008
3 2010 2003 2008
3 2010 2011 2003
3 2011 2004 2003
3 2008 2009 2010
3 2012 2005 2004
3 2012 2004 2013
3 2013 2004 2011
3 2012 2013 2014
3 2015 2016 2007
3 2016 2009 2007
3 2011 2017 2018
3 2010 2017 2011
3 2017 2010 2009
3 2016 2017 2009
3 2018 2019 2011
3 2019 2013 2011
3 2020 2014 2013
3 2020 2013 2021
3 2021 2013 2019
3 2020 2021 2022
3 2024 2025 2015
3 2025 2016 2015
3 2017 2026 2018
3 2026 2017 2016
3 2026 2016 2027
3 2027 2016 2025
3 2028 2018 2026
3 2028 2029 2018
3 2029 2019 2018
3 2026 2027 2028
3 2029 2030 2019
3 2030 2021 2019
3 1432 2022 2021
3 1432 2021 2031
3 2031 2021 2030
3 2023 2032 2024
3 2034 2024 2032
3 2034 2035 2024
3 2035 2025 2024
3 2032 2033 2034
3 2035 2036 2025
3 2036 2027 2025
3 2028 2037 2029
3 2037 2028 2027
3 2037 2027 2038
3 2038 2027 2036
3 2039 2029 2037
3 2039 2040 2029
3 2040 2030 2029
3 2037 2038 2039
3 2040 2041 2030
3 2041 2031 2030
3 2044 2042 2045
3 2043 2047 2042
3 2042 2047 2045
3 2035 2034 2048
3 2048 2034 2033
3 2048 2033 2049
3 2049 2033 2046
3 2050 2035 2048
3 2050 2051 2035
3 2051 2036 2035
3 2048 2049 2050
3 2051 2052 2036
3 2052 2038 2036
3 2039 2053 2040
3 2053 2039 2038
3 2053 2038 2054
3 2054 2038 2052
3 2055 2040 2053
3 2055 2056 2040
3 2056 2041 2040
3 2053 2054 2055
3 2044 2045 2058
3 2044 2058 2046
3 2047 2060 2059
3 2047 2043 2060
3 2043 2057 2060
3 2045 2047 2059
3 2045 2059 2058
3 2058 2059 2061
3 2058 2061 2049
3 2046 2058 2049
3 2060 2062 2059
3 2063 2051 2062
3 2063 2064 2051
3 2062 2051 2059
3 2050 2061 2051
3 2059 2051 2061
3 2061 2050 2049
3 2063 2065 2064
3 2066 2051 2064
3 2066 2067 2051
3 2067 2052 2051
3 2064 2065 2066
3 2067 2068 2052
3 2068 2054 2052
3 2056 2069 2070
3 2055 2069 2056
3 2069 2055 2054
3 2068 2069 2054
3 2071 2072 2057
3 2072 2060 2057
3 2062 2074 2073
3 2062 2060 2074
3 2060 2072 2074
3 2063 2062 2073
3 2075 2063 2073
3 2063 2075 2065
3 2074 2076 2073
3 2077 2067 2076
3 2077 2078 2067
3 2076 2067 2073
3 2066 2075 2067
3 2073 2067 2075
3 2075 2066 2065
3 2077 2079 2078
3 2080 2067 2078
3 2080 2081 2067
3 2081 2068 2067
3 2078 2079 2080
3 2069 2082 2070
3 2082 2069 2068
3 2082 2068 2083
3 2083 2068 2081
3 2085 2086 2071
3 2086 2072 2071
3 2086 2087 2072
3 2087 2074 2072
3 2076 2089 2088
3 2076 2074 2089
3 2074 2087 2089
3 2077 2076 2088
3 2090 2077 2088
3 2077 2090 2079
3 2089 2091 2088
3 2092 2081 2091
3 2092 2093 2081
3 2091 2081 2088
3 2080 2090 2081
3 2088 2081 2090
3 2090 2080 2079
3 2092 2094 2093
3 2095 2081 2093
3 2095 2096 2081
3 2096 2083 2081
3 2093 2094 2095
3 2098 2099 2085
3 2098 2085 2097
3 2097 2085 2084
3 2099 2100 2101
3 2099 2101 2085
3 2085 2101 2086
3 2101 2102 2086
3 2102 2087 2086
3 2102 2103 2087
3 2103 2089 2087
3 2091 2105 2104
3 2091 2089 2105
3 2089 2103 2105
3 2092 2091 2104
3 2106 2092 2104
3 2092 2106 2094
3 2107 2104 2105
3 2107 1616 2104
3 1616 2108 2104
3 2096 2095 2106
3 2096 2106 2108
3 2108 2106 2104
3 2106 2095 2094
3 2110 2098 2097
3 2110 2097 2111
3 2111 2097 2109
3 2112 2110 2111
3 2113 2101 2100
3 2113 2114 2115
3 2113 2115 2101
3 2101 2115 2102
3 2115 2116 2102
3 2116 2103 2102
3 2117 2118 2105
3 2117 2105 2116
3 2116 2105 2103
3 2118 2107 2105
3 2119 2120 1639
3 2122 2123 2111
3 2122 2111 2121
3 2121 2111 2109
3 2123 2112 2111
3 2124 2126 2125
3 2127 2125 2126
3 2128 2115 2114
3 2128 2129 2116
3 2115 2128 2116
3 2129 2117 2116
3 2130 2132 2131
3 2133 2131 2132
3 1661 2120 2119
3 1720 2134 1719
3 1719 2134 1721
3 2134 2136 2135
3 2134 1720 2136
3 1720 1730 2136
3 2135 1721 2134
3 2135 2137 1721
3 2137 1731 1721
3 2139 2135 2136
3 2138 2135 2139
3 2137 2138 2140
3 2135 2138 2137
3 2140 2141 2142
3 2138 2141 2140
3 2141 2143 2142
3 1742 2144 1730
3 2144 2136 1730
3 1743 1731 2145
3 2145 1731 2137
3 2147 2144 2146
3 2147 2139 2144
3 2139 2136 2144
3 2146 2140 2147
3 2146 2145 2140
3 2145 2137 2140
3 2148 2139 2147
3 2149 2139 2148
3 2147 2142 2148
3 2140 2142 2147
3 2148 2142 2143
3 2152 2151 2150
3 2152 2153 2151
3 1753 2154 1742
3 2154 2144 1742
3 2155 1755 1743
3 2145 2155 1743
3 2146 2157 2156
3 2146 2144 2157
3 2144 2154 2157
3 2145 2146 2156
3 2145 2156 2155
3 2155 2156 2158
3 2157 2159 2156
3 2161 2156 2159
3 2161 2160 2156
3 2160 2158 2156
3 2163 2160 2161
3 2162 2160 2163
3 2165 2162 2163
3 2164 2162 2165
3 2167 2165 2166
3 2167 2152 2165
3 2164 2165 2150
3 2150 2165 2152
3 2167 2153 2152
3 1766 2168 1753
3 2168 2154 1753
3 1768 1767 2169
3 2168 2170 2154
3 2170 2157 2154
3 2159 2172 2171
3 2159 2157 2172
3 2157 2170 2172
3 2159 2171 2161
3 2172 2173 2171
3 2171 2173 2174
3 2171 2174 2161
3 2161 2174 2163
3 2176 2174 2175
3 2176 2165 2174
3 2165 2163 2174
3 2176 2166 2165
3 2179 2178 2177
3 2181 2178 2179
3 2180 2178 2181
3 2181 2182 2180
3 1777 2183 1766
3 2183 2168 1766
3 1778 1768 2169
3 2183 2184 2168
3 2184 2170 2168
3 2184 2185 2170
3 2185 2172 2170
3 2173 2187 2186
3 2173 2172 2187
3 2172 2185 2187
3 2173 2186 2174
3 2187 2188 2186
3 2190 2189 2175
3 2188 2190 2175
3 2188 2175 2174
3 2188 2174 2186
3 2192 2189 2190
3 2191 2189 2192
3 2191 2179 2177
3 2191 2192 2179
3 2192 2193 2179
3 2193 2194 2179
3 2194 2181 2179
3 2182 2196 2195
3 2182 2181 2196
3 2181 2194 2196
3 2196 2197 2195
3 1786 2198 1777
3 2198 2183 1777
3 2198 2199 2183
3 2199 2184 2183
3 2199 2200 2184
3 2200 2185 2184
3 2200 2201 2185
3 2201 2187 2185
3 2201 2188 2187
3 2202 2188 2201
3 2188 2202 2203
3 2190 2188 2203
3 2203 2204 2190
3 2204 2192 2190
3 2204 2205 2192
3 2205 2193 2192
3 2205 2206 2193
3 2206 2194 2193
3 2206 2207 2194
3 2207 2196 2194
3 2207 2197 2196
3 2208 2197 2207
3 2210 1796 1797
3 2209 1796 2210
3 1796 2209 2198
3 1786 1796 2198
3 2212 2209 2210
3 2211 2209 2212
3 2199 2198 2209
3 2199 2209 2211
3 2215 2213 2214
3 2213 2216 2214
3 2218 2211 2212
3 2217 2211 2218
3 2211 2217 2199
3 2217 2200 2199
3 2214 2220 2215
3 2214 2219 2220
3 2216 2221 2219
3 2214 2216 2219
3 2218 2222 2217
3 2200 2222 2201
3 2200 2217 2222
3 2201 2222 2223
3 2220 2219 2222
3 2223 2222 2219
3 2221 2224 2223
3 2219 2221 2223
3 2223 2202 2201
3 2202 2223 2224
3 2202 2224 2203
3 2203 2224 2225
3 2225 2226 2203
3 2226 2204 2203
3 2226 2227 2204
3 2227 2205 2204
3 2227 2228 2205
3 2228 2206 2205
3 2228 2229 2206
3 2229 2207 2206
3 2208 2231 2230
3 2208 2207 2231
3 2207 2229 2231
3 2231 2232 2230
3 2233 1797 1809
3 2210 1797 2233
3 1810 2234 2233
3 1809 1810 2233
3 2235 2210 2233
3 2212 2210 2235
3 2234 2236 2213
3 2234 2213 2235
3 2234 2235 2233
3 2235 2213 2215
3 2213 2236 2237
3 2216 2213 2237
3 2238 2212 2235
3 2218 2212 2238
3 2235 2220 2238
3 2215 2220 2235
3 2237 2239 2216
3 2239 2221 2216
3 2238 2222 2218
3 2238 2220 2222
3 2239 2240 2221
3 2240 2224 2221
3 2240 2241 2224
3 2241 2225 2224
3 2241 2242 2225
3 2242 2226 2225
3 2242 2243 2226
3 2243 2227 2226
3 2243 2244 2227
3 2244 2228 2227
3 2244 2245 2228
3 2245 2229 2228
3 2245 2246 2229
3 2246 2231 2229
3 2246 2232 2231
3 2247 2232 2246
3 2249 1821 1822
3 2248 1821 2249
3 1821 2248 2234
3 1810 1821 2234
3 2251 2248 2249
3 2250 2248 2251
3 2236 2234 2248
3 2236 2248 2252
3 2252 2248 2250
3 2236 2252 2237
3 2254 2250 2251
3 2253 2250 2254
3 2255 2253 2256
3 2255 2252 2253
3 2252 2250 2253
3 2252 2255 2257
3 2252 2257 2237
3 2237 2257 2239
3 2259 2253 2254
3 2258 2253 2259
3 2256 2258 2260
3 2253 2258 2256
3 2257 2261 2239
3 2261 2240 2239
3 2263 2258 2259
3 2262 2258 2263
3 2260 2262 2264
3 2258 2262 2260
3 2261 2265 2240
3 2265 2241 2240
3 2267 2262 2263
3 2266 2262 2267
3 2264 2266 2268
3 2262 2266 2264
3 2265 2269 2241
3 2269 2242 2241
3 2268 2270 2271
3 2266 2270 2268
3 2269 2272 2242
3 2272 2243 2242
3 2272 2273 2243
3 2273 2244 2243
3 2273 2274 2244
3 2274 2245 2244
3 2274 2275 2245
3 2275 2246 2245
3 2247 2277 2276
3 2247 2246 2277
3 2246 2275 2277
3 2277 2278 2276
3 1829 2279 1822
3 2279 2249 1822
3 2281 1832 1831
3 2280 2281 1831
3 1833 2282 2280
3 1831 1833 2280
3 2279 2283 2249
3 2283 2251 2249
3 2281 2280 2284
3 2280 2282 2284
3 2286 2283 2285
3 2286 2254 2283
3 2254 2251 2283
3 2256 2286 2285
3 2256 2285 2255
3 2255 2285 2287
3 2255 2287 2288
3 2257 2255 2288
3 2289 2254 2286
3 2289 2290 2254
3 2290 2259 2254
3 2286 2291 2289
3 2286 2256 2291
3 2256 2260 2291
3 2288 2292 2257
3 2292 2261 2257
3 2294 2290 2293
3 2294 2263 2290
3 2263 2259 2290
3 2293 2264 2294
3 2293 2291 2264
3 2291 2260 2264
3 2292 2295 2261
3 2295 2265 2261
3 2296 2263 2294
3 2267 2263 2296
3 2294 2268 2296
3 2264 2268 2294
3 2295 2297 2265
3 2297 2269 2265
3 2296 2299 2298
3 2296 2268 2299
3 2268 2271 2299
3 2297 2300 2269
3 2300 2272 2269
3 2301 2303 2302
3 2301 2299 2303
3 2299 2271 2303
3 2300 2304 2272
3 2304 2273 2272
3 2305 2306 2274
3 2305 2274 2304
3 2304 2274 2273
3 2306 2307 2275
3 2274 2306 2275
3 2307 2308 2309
3 2307 2309 2275
3 2275 2309 2277
3 2278 2311 2310
3 2278 2277 2311
3 2277 2309 2311
3 2311 2312 2310
3 2315 2314 2313
3 83 2314 2315
3 81 2314 83
3 1839 2316 1829
3 2316 2279 1829
3 2317 1840 1832
3 2317 1832 2318
3 2318 1832 2281
3 1840 2317 2319
3 1840 2319 1833
3 1833 2319 2282
3 2316 2320 2279
3 2320 2283 2279
3 2284 2321 2322
3 2284 2322 2281
3 2281 2322 2318
3 2321 2284 2282
3 2321 2282 2323
3 2323 2282 2319
3 2285 2325 2324
3 2285 2283 2325
3 2283 2320 2325
3 2324 2326 2322
3 2324 2322 2287
3 2324 2287 2285
3 2287 2322 2321
3 2287 2321 2323
3 2287 2323 2288
3 2288 2323 2327
3 2324 2290 2289
3 2324 2325 2290
3 2325 2328 2290
3 2289 2326 2324
3 2289 2291 2326
3 2291 2329 2326
3 2327 2330 2288
3 2330 2292 2288
3 2293 2332 2331
3 2293 2290 2332
3 2290 2328 2332
3 2331 2291 2293
3 2331 2333 2291
3 2333 2329 2291
3 2330 2334 2292
3 2334 2295 2292
3 2336 2331 2332
3 2335 2331 2336
3 2333 2335 2337
3 2331 2335 2333
3 2334 2338 2295
3 2338 2297 2295
3 2335 2340 2298
3 2335 2336 2340
3 2336 2339 2340
3 2298 2337 2335
3 2298 2299 2337
3 2299 2341 2337
3 2338 2342 2297
3 2342 2300 2297
3 2343 2299 2301
3 2341 2299 2343
3 2342 2344 2300
3 2344 2304 2300
3 2345 2305 2304
3 2344 2345 2304
3 2308 2346 2309
3 2348 2347 2346
3 2346 2347 2349
3 2346 2349 2309
3 2309 2349 2311
3 2312 2351 2350
3 2312 2311 2351
3 2311 2349 2351
3 2353 2350 2351
3 2352 2350 2353
3 2352 2315 2313
3 2352 2353 2315
3 2353 2354 2315
3 2354 93 2315
3 93 83 2315
3 1123 1126 1839
3 1126 2316 1839
3 2317 2318 2355
3 2317 2355 2319
3 1126 1134 2316
3 1134 2320 2316
3 1135 2355 2318
3 1135 2318 1137
3 1137 2318 2322
3 2355 1135 1139
3 2355 1139 2319
3 2319 1139 2323
3 1134 1141 2320
3 1141 2325 2320
3 1137 2322 1144
3 1144 2322 2326
3 1139 1145 2323
3 1145 2327 2323
3 1141 1147 2325
3 1147 2328 2325
3 1144 2326 1150
3 1150 2326 2329
3 1145 1152 2327
3 1152 2330 2327
3 1147 1154 2328
3 1154 2332 2328
3 1150 2329 1156
3 1156 2329 2333
3 1152 1158 2330
3 1158 2334 2330
3 1154 1160 2332
3 1160 2336 2332
3 1156 2333 1162
3 1162 2333 2337
3 1158 1164 2334
3 1164 2338 2334
3 1160 1166 2336
3 1166 2339 2336
3 1162 2337 1169
3 1169 2337 2341
3 1164 1170 2338
3 1170 2342 2338
3 2356 2341 2343
3 2356 1175 2341
3 1175 1169 2341
3 1170 1176 2342
3 1176 2344 2342
3 2356 1178 1175
3 2358 2345 2357
3 2357 2345 2344
3 2357 2344 1180
3 1180 2344 1176
3 1182 2358 2357
3 1182 1184 2358
3 1184 2359 2358
3 2357 1180 1182
3 1184 1186 2359
3 1186 2348 2359
3 1186 2347 2348
3 1188 2347 1186
3 2347 1188 1190
3 2349 2347 1190
3 1190 1193 2349
3 1193 2351 2349
3 1193 1195 2351
3 1195 2353 2351
3 1195 1197 2353
3 1197 2354 2353
3 1197 105 2354
3 105 93 2354
3 2362 2361 2360
3 2364 2362 2363
3 2364 2365 2362
3 2361 2362 2122
3 2122 2362 2365
3 2124 2368 2367
3 2124 2365 2368
3 2366 2368 2364
3 2364 2368 2365
3 2370 2368 2369
3 2370 2371 2368
3 2367 2368 2127
3 2127 2368 2371
3 2372 2371 2370
3 2372 2373 2371
3 2373 2374 2371
3 2130 2376 2375
3 2130 2374 2376
3 2374 2373 2376
3 2378 2376 2377
3 2378 1662 2376
3 2375 2376 2133
3 2133 2376 1662
3 2363 2381 2380
3 2363 2362 2381
3 2362 2379 2381
3 2383 2381 2382
3 2383 2368 2381
3 2380 2381 2366
3 2366 2381 2368
3 2369 2386 2385
3 2369 2368 2386
3 2384 2386 2383
3 2383 2386 2368
3 2385 2373 2372
3 2385 2386 2373
3 2386 2387 2373
3 2387 2388 2373
3 2388 2376 2373
3 2377 2390 2389
3 2377 2376 2390
3 2376 2388 2390
3 2391 2392 2379
3 2392 2381 2379
3 2382 2394 2393
3 2382 2381 2394
3 2381 2392 2394
3 2393 2386 2384
3 2393 2394 2386
3 2394 2395 2386
3 2395 2396 2386
3 2396 2387 2386
3 2396 2397 2387
3 2397 2388 2387
3 2397 2398 2388
3 2398 2390 2388
3 2399 2400 2391
3 2400 2392 2391
3 2400 2401 2392
3 2401 2394 2392
3 2401 2402 2394
3 2402 2395 2394
3 2402 2403 2395
3 2403 2396 2395
3 2403 2404 2396
3 2404 2397 2396
3 2404 2405 2397
3 2405 2398 2397
3 2406 2407 2399
3 2407 2400 2399
3 2407 2408 2400
3 2408 2401 2400
3 2408 2409 2401
3 2409 2402 2401
3 2409 2410 2402
3 2410 2403 2402
3 2410 2411 2403
3 2411 2404 2403
3 2411 2412 2404
3 2412 2405 2404
3 2413 2414 2406
3 2414 2407 2406
3 2414 2415 2407
3 2415 2408 2407
3 2415 2416 2408
3 2416 2409 2408
3 2416 2417 2409
3 2417 2410 2409
3 2417 2418 2410
3 2418 2411 2410
3 2418 2419 2411
3 2419 2412 2411
3 2420 2421 2413
3 2421 2414 2413
3 2421 2422 2414
3 2422 2415 2414
3 2422 2423 2415
3 2423 2416 2415
3 2423 2424 2416
3 2424 2417 2416
3 2424 2425 2417
3 2425 2418 2417
3 2428 2427 2426
3 2426 2427 2419
3 2426 2419 2425
3 2425 2419 2418
3 2429 2430 2420
3 2430 2421 2420
3 2433 2432 2431
3 2431 2432 2422
3 2431 2422 2430
3 2430 2422 2421
3 2433 2434 2432
3 2432 2434 2435
3 2432 2435 2422
3 2422 2435 2423
3 2435 2436 2423
3 2436 2424 2423
3 2436 2437 2424
3 2437 2425 2424
3 2426 2438 2428
3 2438 2426 2425
3 2438 2425 2439
3 2439 2425 2437
3 2440 2441 2429
3 2441 2430 2429
3 2431 2442 2433
3 2442 2431 2430
3 2442 2430 2443
3 2443 2430 2441
3 2434 2446 2445
3 2434 2433 2446
3 2444 2446 2442
3 2442 2446 2433
3 2444 2442 2443
3 2445 2435 2434
3 2446 2447 2445
3 2445 2447 2448
3 2445 2448 2435
3 2435 2448 2436
3 2451 2450 2449
3 2449 2450 2437
3 2449 2437 2448
3 2448 2437 2436
3 2453 2450 2451
3 2452 2450 2453
3 2450 2452 2439
3 2437 2450 2439
3 2454 2455 2440
3 2455 2441 2440
3 2455 2456 2441
3 2456 2443 2441
3 2444 2457 2446
3 2457 2444 2443
3 2457 2443 2458
3 2458 2443 2456
3 2447 2461 2460
3 2447 2446 2461
3 2459 2461 2457
3 2457 2461 2446
3 2459 2457 2458
3 2460 2448 2447
3 2463 2461 2462
3 2463 2451 2461
3 2460 2461 2449
3 2449 2461 2451
3 2460 2449 2448
3 2462 2464 2463
3 2465 2451 2463
3 2465 2466 2451
3 2466 2453 2451
3 2463 2464 2465
3 2467 2468 2454
3 2468 2455 2454
3 2468 2469 2455
3 2469 2456 2455
3 2469 2470 2456
3 2470 2458 2456
3 2459 2471 2461
3 2471 2459 2458
3 2471 2458 2472
3 2472 2458 2470
3 2462 2475 2474
3 2462 2461 2475
3 2473 2475 2471
3 2471 2475 2461
3 2473 2471 2472
3 2474 2464 2462
3 2477 2475 2476
3 2477 2466 2475
3 2474 2475 2465
3 2465 2475 2466
3 2474 2465 2464
3 2476 2478 2477
3 2481 2467 2480
3 2481 2482 2467
3 2482 2468 2467
3 2482 2483 2468
3 2483 2469 2468
3 2483 2484 2469
3 2484 2470 2469
3 2484 2485 2470
3 2485 2472 2470
3 2473 2486 2475
3 2486 2473 2472
3 2486 2472 2487
3 2487 2472 2485
3 2476 2490 2489
3 2476 2475 2490
3 2488 2490 2486
3 2486 2490 2475
3 2488 2486 2487
3 2489 2478 2476
3 2481 2491 2482
3 2492 2482 2491
3 2492 2493 2482
3 2493 2483 2482
3 2495 2493 2494
3 2495 2484 2493
3 2484 2483 2493
3 2496 2484 2495
3 2496 2497 2484
3 2497 2485 2484
3 2497 2498 2485
3 2498 2487 2485
3 2488 2499 2490
3 2499 2488 2487
3 2499 2487 2500
3 2500 2487 2498
3 2492 2501 2493
3 2501 2494 2493
3 2496 2502 2497
3 2503 2497 2502
3 2498 2497 2503
3 2504 2498 2503
3 2500 2498 2504
3 2508 2509 2505
3 2509 2506 2505
3 2509 2510 2506
3 2510 2507 2506
3 2507 2510 2511
3 2515 2516 2508
3 2516 2509 2508
3 2516 2517 2509
3 2517 2510 2509
3 2517 2518 2510
3 2518 2511 2510
3 2518 2519 2511
3 2519 2512 2511
3 2519 2520 2512
3 2520 2513 2512
3 2520 2521 2513
3 2521 2514 2513
3 2524 2523 2522
3 2522 2514 2521
3 2525 2526 2515
3 2526 2516 2515
3 2526 2527 2516
3 2527 2517 2516
3 2530 2529 2528
3 2528 2529 2518
3 2528 2518 2527
3 2527 2518 2517
3 2532 2529 2530
3 2531 2529 2532
3 2529 2531 2519
3 2518 2529 2519
3 2534 2531 2532
3 2533 2531 2534
3 2531 2533 2520
3 2519 2531 2520
3 2536 2533 2534
3 2535 2533 2536
3 2533 2535 2521
3 2520 2533 2521
3 2535 2524 2522
3 2535 2536 2524
3 2536 2537 2524
3 2535 2522 2521
3 2541 2540 2539
3 2539 2540 2526
3 2539 2526 2538
3 2538 2526 2525
3 2543 2540 2541
3 2542 2540 2543
3 2540 2542 2527
3 2526 2540 2527
3 2542 2530 2528
3 2542 2543 2530
3 2543 2544 2530
3 2542 2528 2527
3 2544 2545 2530
3 2545 2532 2530
3 2545 2546 2532
3 2546 2534 2532
3 2546 2547 2534
3 2547 2536 2534
3 2549 2547 2548
3 2549 2537 2547
3 2537 2536 2547
3 2548 2550 2549
3 2551 2541 2539
3 2551 2552 2541
3 2552 2553 2541
3 2551 2539 2538
3 2556 2555 2554
3 2554 2555 2543
3 2554 2543 2553
3 2553 2543 2541
3 2556 2557 2555
3 2555 2557 2558
3 2555 2558 2543
3 2543 2558 2544
3 2558 2559 2544
3 2559 2545 2544
3 2559 2560 2545
3 2560 2546 2545
3 2561 2563 2562
3 2567 2566 2565
3 2565 2566 2553
3 2565 2553 2564
3 2564 2553 2552
3 2566 2556 2554
3 2566 2567 2556
3 2567 2568 2556
3 2566 2554 2553
3 2557 2569 2570
3 2558 2557 2570
3 2571 2573 2572
3 2565 2577 2567
3 2577 2578 2579
3 2565 2578 2577
3 2565 2575 2578
3 2565 2564 2575
3 2575 2576 2578
3 2580 2582 2581
3 2576 2584 2578
3 2360 2361 2121
3 2361 2122 2121
3 2363 2585 2364
3 2366 2364 2585
3 2367 2126 2124
3 2367 2127 2126
3 2369 2586 2370
3 2370 2586 2372
3 2130 2375 2132
3 2375 2133 2132
3 2377 2587 2378
3 2363 2380 2585
3 2380 2366 2585
3 2382 2588 2383
3 2384 2383 2588
3 2385 2586 2369
3 2385 2372 2586
3 2377 2389 2587
3 2382 2393 2588
3 2393 2384 2588
3 2479 2590 2480
3 2589 2591 2592
3 2480 2590 2481
3 2595 2592 2591
3 2594 2595 2591
3 2593 2596 2594
3 2591 2593 2594
3 2595 2594 2597
3 2594 2596 2597
3 2491 2481 2590
3 2491 2590 2602
3 2602 2590 2598
3 2600 2599 2603
3 2599 2604 2603
3 2599 2592 2604
3 2592 2595 2604
3 2601 2605 2593
3 2605 2596 2593
3 2491 2602 2492
3 2597 2606 2607
3 2597 2607 2595
3 2595 2607 2604
3 2606 2597 2596
3 2606 2596 2608
3 2608 2596 2605
3 2494 2609 2495
3 2611 2607 2606
3 2610 2611 2606
3 2608 2612 2610
3 2606 2608 2610
3 2495 2609 2496
3 2614 2611 2610
3 2613 2614 2610
3 2612 2615 2613
3 2610 2612 2613
3 2614 2613 2616
3 2613 2615 2616
3 2619 2617 2618
3 2617 2620 2618
3 2623 2598 2622
3 2602 2598 2623
3 2603 2622 2600
3 2603 2624 2622
3 2624 2623 2622
3 2603 2604 2624
3 2602 2501 2492
3 2602 2623 2501
3 2623 2625 2501
3 2626 2627 2625
3 2626 2625 2624
3 2624 2625 2623
3 2624 2628 2626
3 2624 2604 2628
3 2604 2607 2628
3 2629 2608 2605
3 2630 2501 2625
3 2630 2609 2501
3 2630 2631 2609
3 2609 2494 2501
3 2625 2627 2630
3 2628 2607 2632
3 2632 2607 2611
3 2629 2633 2608
3 2633 2612 2608
3 2502 2496 2609
3 2502 2609 2634
3 2634 2609 2631
3 2632 2611 2635
3 2635 2611 2614
3 2633 2636 2612
3 2636 2615 2612
3 2634 2637 2503
3 2502 2634 2503
3 2640 2638 2639
3 2638 2641 2639
3 2638 2614 2641
3 2638 2635 2614
3 2614 2616 2641
3 2641 2616 2615
3 2641 2615 2642
3 2642 2615 2636
3 2637 2643 2504
3 2503 2637 2504
3 2645 2640 2639
3 2644 2645 2639
3 2619 2641 2617
3 2619 2644 2641
3 2644 2639 2641
3 2617 2641 2642
3 2617 2642 2620
3 2620 2642 2646
3 2626 2647 2627
3 2626 2628 2647
3 2630 2648 2631
3 2627 2648 2630
3 2627 2647 2648
3 2647 2649 2648
3 2647 2632 2649
3 2628 2632 2647
3 2650 2631 2648
3 2634 2631 2650
3 2648 2649 2650
3 2649 2651 2650
3 2649 2635 2651
3 2632 2635 2649
3 2652 2634 2650
3 2637 2634 2652
3 2640 2651 2638
3 2640 2652 2651
3 2652 2650 2651
3 2651 2635 2638
3 2653 2642 2636
3 2654 2637 2652
3 2643 2637 2654
3 2652 2645 2654
3 2640 2645 2652
3 2653 2655 2642
3 2655 2646 2642
3 2656 1662 2378
3 2656 2657 1662
3 2657 1663 1662
3 2657 2658 1663
3 2658 1665 1663
3 1666 2660 2659
3 1666 1665 2660
3 1665 2658 2660
3 2662 2659 2660
3 2661 2659 2662
3 2662 2663 2661
3 1669 2664 1670
3 1671 2665 1672
3 2665 2666 2667
3 1671 2666 2665
3 1671 2664 2666
3 1671 1670 2664
3 2668 1672 2665
3 2668 2669 1672
3 2669 1673 1672
3 2665 2667 2668
3 2669 2670 1673
3 2670 1674 1673
3 2670 2671 1674
3 2671 1675 1674
3 2671 2672 1675
3 2672 1676 1675
3 2672 2673 1676
3 2673 1677 1676
3 1679 2674 2675
3 1678 2674 1679
3 2674 1678 1677
3 2673 2674 1677
3 2677 2678 2676
3 2675 426 1679
3 426 425 1679
3 2389 2657 2656
3 2389 2390 2657
3 2390 2679 2657
3 2679 2680 2657
3 2680 2658 2657
3 2680 2681 2658
3 2681 2660 2658
3 2681 2682 2660
3 2682 2662 2660
3 2663 2684 2683
3 2663 2662 2684
3 2662 2682 2684
3 2684 2685 2683
3 2666 2686 2667
3 2668 2687 2669
3 2687 2688 2689
3 2668 2688 2687
3 2668 2686 2688
3 2668 2667 2686
3 2690 2669 2687
3 2690 2691 2669
3 2691 2670 2669
3 2687 2689 2690
3 2691 2692 2670
3 2692 2671 2670
3 2692 2693 2671
3 2693 2672 2671
3 2693 2694 2672
3 2694 2673 2672
3 2674 2695 2675
3 2695 2674 2673
3 2695 2673 2696
3 2696 2673 2694
3 2697 2675 2695
3 2697 470 2675
3 470 426 2675
3 2695 2696 2697
3 2398 2698 2390
3 2698 2679 2390
3 2698 2699 2679
3 2699 2680 2679
3 2699 2700 2680
3 2700 2681 2680
3 2700 2701 2681
3 2701 2682 2681
3 2701 2702 2682
3 2702 2684 2682
3 2705 2704 2703
3 2703 2704 2706
3 2703 2706 2684
3 2703 2684 2702
3 2684 2706 2685
3 2705 2707 2704
3 2704 2708 2706
3 2707 2708 2704
3 2689 2709 2710
3 2688 2709 2689
3 2690 2711 2691
3 2711 2690 2689
3 2711 2689 2712
3 2712 2689 2710
3 2713 2691 2711
3 2713 2714 2691
3 2714 2692 2691
3 2711 2712 2713
3 2714 2715 2692
3 2715 2693 2692
3 2715 2716 2693
3 2716 2694 2693
3 2716 2717 2694
3 2717 2696 2694
3 2697 489 470
3 489 2697 2696
3 489 2696 492
3 492 2696 2717
3 2405 2718 2398
3 2718 2698 2398
3 2718 2719 2698
3 2719 2699 2698
3 2719 2720 2699
3 2720 2700 2699
3 2723 2722 2721
3 2721 2722 2701
3 2721 2701 2720
3 2720 2701 2700
3 2723 2724 2722
3 2722 2724 2725
3 2722 2725 2701
3 2701 2725 2702
3 2703 2726 2705
3 2726 2703 2702
3 2726 2702 2727
3 2727 2702 2725
3 2707 2730 2729
3 2707 2705 2730
3 2728 2730 2726
3 2726 2730 2705
3 2729 2731 2708
3 2729 2708 2707
3 2726 2727 2728
3 2730 2732 2729
3 2729 2733 2731
3 2732 2733 2729
3 2709 2734 2710
3 2735 2710 2734
3 2735 2736 2710
3 2736 2712 2710
3 2713 2737 2714
3 2737 2713 2712
3 2737 2712 2738
3 2738 2712 2736
3 2739 2714 2737
3 2739 2740 2714
3 2740 2715 2714
3 2737 2738 2739
3 2740 2741 2715
3 2741 2716 2715
3 2741 2742 2716
3 2742 2717 2716
3 2742 512 2717
3 512 492 2717
3 2412 2743 2405
3 2743 2718 2405
3 2743 2744 2718
3 2744 2719 2718
3 2747 2746 2745
3 2745 2746 2720
3 2745 2720 2744
3 2744 2720 2719
3 2749 2747 2748
3 2749 2723 2747
3 2746 2747 2721
3 2721 2747 2723
3 2746 2721 2720
3 2748 2750 2749
3 2724 2753 2752
3 2724 2723 2753
3 2751 2753 2749
3 2749 2753 2723
3 2751 2749 2750
3 2752 2725 2724
3 2755 2752 2753
3 2754 2752 2755
3 2752 2754 2727
3 2725 2752 2727
3 2757 2755 2756
3 2757 2730 2755
3 2754 2755 2728
3 2728 2755 2730
3 2754 2728 2727
3 2756 2758 2757
3 2732 2761 2760
3 2732 2730 2761
3 2759 2761 2757
3 2757 2761 2730
3 2760 2762 2733
3 2760 2733 2732
3 2757 2758 2759
3 2764 2760 2761
3 2763 2760 2764
3 2760 2763 2762
3 2762 2763 2765
3 2764 2766 2763
3 2763 2767 2765
3 2766 2767 2763
3 2735 2768 2736
3 2769 2736 2768
3 2769 2770 2736
3 2770 2738 2736
3 2739 2771 2740
3 2771 2739 2738
3 2771 2738 2772
3 2772 2738 2770
3 2773 2740 2771
3 2773 2774 2740
3 2774 2741 2740
3 2771 2772 2773
3 2774 2775 2741
3 2775 2742 2741
3 2775 531 2742
3 531 512 2742
3 2778 2777 2776
3 2776 2777 2743
3 2776 2743 2419
3 2419 2743 2412
3 2778 2779 2777
3 2777 2779 2780
3 2777 2780 2743
3 2743 2780 2744
3 2745 2781 2747
3 2781 2745 2744
3 2781 2744 2782
3 2782 2744 2780
3 2748 2785 2784
3 2748 2747 2785
3 2783 2785 2781
3 2781 2785 2747
3 2783 2781 2782
3 2784 2750 2748
3 2787 2785 2786
3 2787 2753 2785
3 2784 2785 2751
3 2751 2785 2753
3 2784 2751 2750
3 2786 2788 2787
3 2789 2753 2787
3 2789 2790 2753
3 2790 2755 2753
3 2787 2788 2789
3 2756 2792 2791
3 2756 2755 2792
3 2755 2790 2792
3 2756 2791 2758
3 2791 2761 2759
3 2791 2792 2761
3 2792 2793 2761
3 2791 2759 2758
3 2793 2794 2761
3 2794 2764 2761
3 2766 2796 2795
3 2766 2764 2796
3 2764 2794 2796
3 2767 2766 2795
3 2797 2767 2795
3 2796 2798 2795
3 2795 2799 2797
3 2798 2799 2795
3 2769 2800 2770
3 2801 2770 2800
3 2801 2802 2770
3 2802 2772 2770
3 2773 2803 2774
3 2803 2773 2772
3 2803 2772 2804
3 2804 2772 2802
3 2805 2774 2803
3 2805 2806 2774
3 2806 2775 2774
3 2803 2804 2805
3 2806 552 2775
3 552 531 2775
3 2808 2428 2807
3 2808 2778 2428
3 2427 2428 2776
3 2776 2428 2778
3 2427 2776 2419
3 2807 2809 2808
3 2779 2812 2811
3 2779 2778 2812
3 2810 2812 2808
3 2808 2812 2778
3 2810 2808 2809
3 2811 2780 2779
3 2814 2811 2812
3 2813 2811 2814
3 2811 2813 2782
3 2780 2811 2782
3 2816 2814 2815
3 2816 2785 2814
3 2813 2814 2783
3 2783 2814 2785
3 2813 2783 2782
3 2815 2817 2816
3 2786 2820 2819
3 2786 2785 2820
3 2818 2820 2816
3 2816 2820 2785
3 2818 2816 2817
3 2819 2788 2786
3 2819 2790 2789
3 2819 2820 2790
3 2820 2821 2790
3 2819 2789 2788
3 2821 2822 2790
3 2822 2792 2790
3 2822 2823 2792
3 2823 2793 2792
3 2823 2824 2793
3 2824 2794 2793
3 2824 2825 2794
3 2825 2796 2794
3 2798 2827 2826
3 2798 2796 2827
3 2796 2825 2827
3 2826 2829 2828
3 2826 2828 2798
3 2798 2828 2799
3 2827 2830 2826
3 2833 2826 2830
3 2833 2832 2826
3 2829 2826 2831
3 2831 2826 2832
3 2835 2833 2834
3 2835 2802 2833
3 2832 2833 2801
3 2801 2833 2802
3 2836 2802 2835
3 2836 2837 2802
3 2837 2804 2802
3 2805 2838 2806
3 2838 2805 2804
3 2838 2804 2839
3 2839 2804 2837
3 2840 2806 2838
3 2840 573 2806
3 573 552 2806
3 2838 2839 2840
3 2807 2843 2842
3 2807 2428 2843
3 2841 2843 2438
3 2438 2843 2428
3 2841 2438 2439
3 2842 2809 2807
3 2842 2812 2810
3 2842 2843 2812
3 2843 2844 2812
3 2842 2810 2809
3 2844 2845 2812
3 2845 2814 2812
3 2815 2847 2846
3 2815 2814 2847
3 2814 2845 2847
3 2815 2846 2817
3 2846 2820 2818
3 2846 2847 2820
3 2847 2848 2820
3 2846 2818 2817
3 2848 2849 2820
3 2849 2821 2820
3 2849 2850 2821
3 2850 2822 2821
3 2850 2851 2822
3 2851 2823 2822
3 2851 2852 2823
3 2852 2824 2823
3 2852 2853 2824
3 2853 2825 2824
3 2853 2854 2825
3 2854 2827 2825
3 2828 2829 2855
3 2858 2857 2856
3 2856 2857 2859
3 2856 2859 2827
3 2856 2827 2854
3 2827 2859 2830
3 2829 2831 2855
3 2830 2859 2833
3 2858 2860 2857
3 2862 2857 2860
3 2862 2861 2857
3 2861 2859 2857
3 2834 2833 2859
3 2834 2859 2863
3 2863 2859 2861
3 2862 2864 2861
3 2864 2865 2837
3 2864 2837 2863
3 2864 2863 2861
3 2836 2863 2837
3 2865 2866 2837
3 2866 2839 2837
3 573 2867 593
3 2840 2867 573
3 2867 2840 2839
3 2866 2867 2839
3 2869 2453 2868
3 2869 2843 2453
3 2452 2453 2841
3 2841 2453 2843
3 2452 2841 2439
3 2868 2870 2869
3 2871 2843 2869
3 2871 2872 2843
3 2872 2844 2843
3 2869 2870 2871
3 2872 2873 2844
3 2873 2845 2844
3 2873 2874 2845
3 2874 2847 2845
3 2874 2875 2847
3 2875 2848 2847
3 2875 2876 2848
3 2876 2849 2848
3 2876 2877 2849
3 2877 2850 2849
3 2877 2878 2850
3 2878 2851 2850
3 2878 2879 2851
3 2879 2852 2851
3 2882 2881 2880
3 2880 2881 2853
3 2880 2853 2879
3 2879 2853 2852
3 2882 2883 2881
3 2881 2883 2884
3 2881 2884 2853
3 2853 2884 2854
3 2856 2885 2858
3 2885 2856 2854
3 2885 2854 2886
3 2886 2854 2884
3 2860 2889 2888
3 2860 2858 2889
3 2887 2889 2885
3 2885 2889 2858
3 2887 2885 2886
3 2888 2862 2860
3 2889 2890 2888
3 2892 2891 2864
3 2890 2892 2864
3 2890 2864 2862
3 2890 2862 2888
3 2864 2891 2865
3 2892 2893 2891
3 2891 2893 2894
3 2891 2894 2865
3 2865 2894 2866
3 2867 613 593
3 613 2867 2866
3 613 2866 616
3 616 2866 2894
3 2868 2896 2895
3 2868 2453 2896
3 2453 2466 2896
3 2868 2895 2870
3 2895 2872 2871
3 2895 2896 2872
3 2896 2897 2872
3 2895 2871 2870
3 2897 2898 2872
3 2898 2873 2872
3 2898 2899 2873
3 2899 2874 2873
3 2899 2900 2874
3 2900 2875 2874
3 2900 2901 2875
3 2901 2876 2875
3 2901 2902 2876
3 2902 2877 2876
3 2905 2904 2903
3 2903 2904 2878
3 2903 2878 2902
3 2902 2878 2877
3 2905 2906 2904
3 2904 2906 2907
3 2904 2907 2878
3 2878 2907 2879
3 2880 2908 2882
3 2908 2880 2879
3 2908 2879 2909
3 2909 2879 2907
3 2883 2912 2911
3 2883 2882 2912
3 2910 2912 2908
3 2908 2912 2882
3 2910 2908 2909
3 2911 2884 2883
3 2912 2913 2911
3 2911 2886 2884
3 2911 2914 2886
3 2911 2913 2914
3 2914 2915 2886
3 2914 2916 2915
3 2887 2917 2889
3 2917 2918 2919
3 2887 2918 2917
3 2887 2915 2918
3 2887 2886 2915
3 2915 2916 2918
3 2890 2922 2921
3 2890 2889 2922
3 2920 2922 2917
3 2917 2922 2889
3 2920 2917 2919
3 2921 2892 2890
3 2924 2921 2922
3 2923 2921 2924
3 2893 2892 2921
3 2893 2921 2925
3 2925 2921 2923
3 2893 2925 2894
3 2924 2926 2923
3 637 2923 2926
3 637 634 2923
3 634 2925 2923
3 2925 634 616
3 2894 2925 616
3 2927 2466 2477
3 2927 2928 2466
3 2928 2896 2466
3 2477 2478 2927
3 2928 2929 2896
3 2929 2897 2896
3 2929 2930 2897
3 2930 2898 2897
3 2930 2931 2898
3 2931 2899 2898
3 2931 2932 2899
3 2932 2900 2899
3 2932 2933 2900
3 2933 2901 2900
3 2933 2934 2901
3 2934 2902 2901
3 2903 2935 2905
3 2935 2903 2902
3 2935 2902 2936
3 2936 2902 2934
3 2906 2939 2938
3 2906 2905 2939
3 2937 2939 2935
3 2935 2939 2905
3 2937 2935 2936
3 2938 2907 2906
3 2941 2938 2939
3 2940 2938 2941
3 2938 2940 2909
3 2907 2938 2909
3 2943 2941 2942
3 2943 2912 2941
3 2940 2941 2910
3 2910 2941 2912
3 2940 2910 2909
3 2942 2944 2943
3 2943 2913 2912
3 2944 2913 2943
3 2944 2945 2913
3 2945 2914 2913
3 2914 2945 2946
3 2916 2914 2946
3 2919 2947 2948
3 2918 2947 2919
3 2947 2918 2916
3 2946 2947 2916
3 2920 2949 2922
3 2949 2920 2919
3 2949 2919 2950
3 2950 2919 2948
3 2951 2922 2949
3 2951 2952 2922
3 2952 2924 2922
3 2949 2950 2951
3 2926 661 659
3 2926 2924 661
3 2924 2952 661
3 2926 659 637
3 2489 2928 2927
3 2489 2490 2928
3 2490 2953 2928
3 2489 2927 2478
3 2953 2954 2928
3 2954 2929 2928
3 2954 2955 2929
3 2955 2930 2929
3 2955 2956 2930
3 2956 2931 2930
3 2956 2957 2931
3 2957 2932 2931
3 2957 2958 2932
3 2958 2933 2932
3 2958 2959 2933
3 2959 2934 2933
3 2962 2961 2960
3 2960 2961 2936
3 2960 2936 2959
3 2959 2936 2934
3 2964 2962 2963
3 2964 2939 2962
3 2961 2962 2937
3 2937 2962 2939
3 2961 2937 2936
3 2963 2965 2964
3 2966 2939 2964
3 2966 2967 2939
3 2967 2941 2939
3 2964 2965 2966
3 2942 2969 2968
3 2942 2941 2969
3 2941 2967 2969
3 2942 2968 2944
3 2969 2970 2968
3 2968 2945 2944
3 2968 2970 2945
3 2970 2971 2945
3 2945 2971 2972
3 2946 2945 2972
3 2948 2973 2974
3 2947 2973 2948
3 2973 2947 2946
3 2972 2973 2946
3 2977 2976 2975
3 2975 2976 2950
3 2975 2950 2974
3 2974 2950 2948
3 2976 2952 2951
3 2976 2977 2952
3 2977 2978 2952
3 2976 2951 2950
3 2978 689 2952
3 689 661 2952
3 2979 2490 2499
3 2979 2980 2490
3 2980 2953 2490
3 2499 2500 2979
3 2982 2980 2981
3 2982 2954 2980
3 2954 2953 2980
3 2981 2983 2982
3 2984 2954 2982
3 2984 2985 2954
3 2985 2955 2954
3 2982 2983 2984
3 2985 2986 2955
3 2986 2956 2955
3 2986 2987 2956
3 2987 2957 2956
3 2987 2988 2957
3 2988 2958 2957
3 2988 2989 2958
3 2989 2959 2958
3 2960 2990 2962
3 2990 2960 2959
3 2990 2959 2991
3 2991 2959 2989
3 2963 2994 2993
3 2963 2962 2994
3 2992 2994 2990
3 2990 2994 2962
3 2992 2990 2991
3 2993 2965 2963
3 2996 2994 2995
3 2996 2967 2994
3 2993 2994 2966
3 2966 2994 2967
3 2993 2966 2965
3 2995 2997 2996
3 2998 2967 2996
3 2998 2999 2967
3 2999 2969 2967
3 2996 2997 2998
3 2999 2970 2969
3 3000 2970 2999
3 3000 3001 2970
3 2970 3001 2971
3 3003 2972 2971
3 3003 2971 3002
3 3002 2971 3001
3 2974 3004 3005
3 2973 3004 2974
3 2972 3003 3006
3 2972 3006 2973
3 2973 3006 3004
3 2977 3007 3008
3 2975 3007 2977
3 3007 2975 2974
3 3005 3007 2974
3 3008 3009 2977
3 3009 2978 2977
3 3009 719 2978
3 719 689 2978
3 2979 3010 2980
3 3010 3011 3012
3 2979 3011 3010
3 2979 2504 3011
3 2979 2500 2504
3 3010 2981 2980
3 2981 3010 3012
3 2981 3012 2983
3 2983 3012 3013
3 2984 3014 2985
3 3014 2984 2983
3 3014 2983 3015
3 3015 2983 3013
3 3016 2985 3014
3 3016 3017 2985
3 3017 2986 2985
3 3014 3015 3016
3 3017 3018 2986
3 3018 2987 2986
3 3018 3019 2987
3 3019 2988 2987
3 3019 3020 2988
3 3020 2989 2988
3 3020 3021 2989
3 3021 2991 2989
3 2992 3022 2994
3 3022 2992 2991
3 3022 2991 3023
3 3023 2991 3021
3 2995 3026 3025
3 2995 2994 3026
3 3024 3026 3022
3 3022 3026 2994
3 3024 3022 3023
3 3025 2997 2995
3 3028 3026 3027
3 3028 2999 3026
3 3025 3026 2998
3 2998 3026 2999
3 3025 2998 2997
3 3027 3029 3028
3 3028 3000 2999
3 3029 3000 3028
3 3029 3030 3000
3 3030 3001 3000
3 3030 3031 3001
3 3001 3031 3002
3 3004 3032 3005
3 3032 3033 3034
3 3032 3004 3033
3 3004 3006 3033
3 3007 3035 3008
3 3035 3036 3037
3 3007 3036 3035
3 3007 3032 3036
3 3007 3005 3032
3 3032 3034 3036
3 3038 3008 3035
3 3038 3039 3008
3 3039 3009 3008
3 3035 3037 3038
3 3039 753 3009
3 753 719 3009
3 3011 3040 3012
3 3041 3012 3040
3 3013 3012 3041
3 3042 3013 3041
3 3015 3013 3042
3 3016 3043 3017
3 3043 3044 3045
3 3016 3044 3043
3 3016 3042 3044
3 3016 3015 3042
3 3046 3017 3043
3 3018 3017 3046
3 3045 3047 3046
3 3043 3045 3046
3 3048 3018 3046
3 3019 3018 3048
3 3047 3049 3048
3 3046 3047 3048
3 3050 3019 3048
3 3050 3051 3019
3 3051 3020 3019
3 3048 3049 3050
3 3051 3052 3020
3 3052 3021 3020
3 3052 3053 3021
3 3053 3023 3021
3 3024 3054 3026
3 3054 3024 3023
3 3054 3023 3055
3 3055 3023 3053
3 3054 3027 3026
3 3027 3054 3055
3 3027 3055 3029
3 3029 3055 3056
3 3030 3058 3057
3 3030 3029 3058
3 3029 3056 3058
3 3031 3030 3057
3 3059 3031 3057
3 3058 3060 3057
3 3061 3034 3060
3 3061 3062 3034
3 3060 3034 3057
3 3033 3059 3034
3 3057 3034 3059
3 3065 3064 3063
3 3037 3063 3064
3 3037 3036 3063
3 3036 3066 3063
3 3034 3062 3067
3 3034 3067 3036
3 3036 3067 3066
3 3064 3039 3038
3 3064 3065 3039
3 3065 3068 3039
3 3064 3038 3037
3 3068 781 3039
3 781 753 3039
3 3044 3069 3045
3 3070 3045 3069
3 3047 3045 3070
3 3071 3047 3070
3 3071 3072 3047
3 3072 3049 3047
3 3050 3073 3051
3 3073 3050 3049
3 3073 3049 3074
3 3074 3049 3072
3 3075 3051 3073
3 3052 3051 3075
3 3074 3076 3075
3 3073 3074 3075
3 3077 3052 3075
3 3053 3052 3077
3 3076 3078 3077
3 3075 3076 3077
3 3079 3053 3077
3 3079 3080 3053
3 3080 3055 3053
3 3077 3078 3079
3 3080 3081 3055
3 3081 3056 3055
3 3081 3082 3056
3 3082 3058 3056
3 3082 3060 3058
3 3083 3060 3082
3 3083 3084 3060
3 3060 3084 3061
3 3063 3085 3065
3 3085 3086 3087
3 3085 3063 3086
3 3063 3066 3086
3 3086 3066 3088
3 3066 3067 3088
3 3089 3065 3085
3 3089 3090 3065
3 3090 3068 3065
3 3085 3087 3089
3 808 806 3091
3 3091 806 781
3 3091 781 3090
3 3090 781 3068
3 3095 3094 3096
3 3098 3094 3095
3 3097 3094 3098
3 3098 3099 3097
3 3096 3101 3071
3 3096 3094 3101
3 3094 3102 3101
3 3104 3097 3103
3 3104 3102 3097
3 3102 3094 3097
3 3097 3099 3103
3 3105 3106 3100
3 3101 3102 3107
3 3102 3108 3107
3 3102 3109 3108
3 3104 3109 3102
3 3105 3110 3106
3 3110 3111 3106
3 3107 3108 3112
3 3108 3113 3112
3 3115 3108 3109
3 3115 3114 3108
3 3114 3113 3108
3 3115 3116 3114
3 3110 3117 3111
3 3117 3118 3111
3 3120 3121 3119
3 3120 3119 3113
3 3113 3119 3112
3 3120 3124 3123
3 3120 3114 3124
3 3120 3113 3114
3 3122 3124 3114
3 3114 3116 3122
3 3117 3125 3118
3 3125 3126 3118
3 3121 3128 3127
3 3119 3121 3127
3 3123 3124 3129
3 3129 3124 3130
3 3125 3131 3126
3 3131 3132 3126
3 3127 3128 3133
3 3135 3134 3136
3 3135 3136 3130
3 3130 3136 3129
3 3135 3137 3134
3 3131 3138 3132
3 3138 3139 3132
3 3134 3140 3142
3 3134 3142 3136
3 3136 3142 3141
3 3134 3137 3140
3 3138 3143 3139
3 3143 3144 3139
3 3145 3146 3084
3 3084 3146 3147
3 3146 3142 3147
3 3141 3142 3146
3 3148 3149 3151
3 3148 3088 3149
3 3088 3150 3149
3 3150 3152 3149
3 3153 3152 3150
3 3148 3151 3156
3 3158 3157 3159
3 3158 3159 3153
3 3153 3159 3152
3 3157 3160 3162
3 3157 3158 3160
3 3158 3161 3160
3 3160 3161 3155
3 3154 3160 3155
3 3159 3157 3163
3 3157 3162 3163
3 3120 3164 3121
3 3120 3123 3164
3 3165 3121 3164
3 3128 3121 3165
3 3164 3129 3165
3 3123 3129 3164
3 3166 3131 3125
3 3128 3167 3133
3 3128 3165 3167
3 3165 3168 3167
3 3165 3136 3168
3 3129 3136 3165
3 3166 3169 3131
3 3169 3138 3131
3 3171 3172 3170
3 3171 3170 3168
3 3168 3170 3167
3 3168 3173 3171
3 3168 3136 3173
3 3136 3141 3173
3 3169 3174 3138
3 3174 3143 3138
3 3172 3145 3170
3 3172 3175 3145
3 3175 3146 3145
3 3175 3141 3146
3 3173 3141 3175
3 3149 3176 3151
3 3149 3152 3176
3 3151 3176 3178
3 3151 3178 3156
3 3156 3178 3177
3 3176 3179 3178
3 3176 3152 3179
3 3152 3159 3179
3 3160 3180 3162
3 3163 3182 3183
3 3163 3183 3159
3 3159 3183 3179
3 3182 3184 3185
3 3163 3184 3182
3 3163 3180 3184
3 3163 3162 3180
3 3180 3181 3184
3 3171 3186 3172
3 3171 3173 3186
3 3187 3174 3169
3 3186 3175 3172
3 3186 3173 3175
3 3178 3188 3177
3 3189 3188 3178
3 3178 3179 3189
3 3188 3189 3191
3 3190 3188 3191
3 3189 3192 3191
3 3189 3179 3192
3 3179 3183 3192
3 3185 3193 3194
3 3184 3193 3185
3 2524 3195 2523
3 3196 2523 3195
3 3201 3200 3199
3 3201 3202 3200
3 3203 3190 3204
3 3190 3191 3204
3 3191 3205 3204
3 3192 3205 3191
3 3193 3206 3194
3 2537 3195 2524
3 3208 3195 2537
3 3195 3208 3209
3 3196 3195 3209
3 3209 3210 3196
3 3210 3197 3196
3 3213 3212 3211
3 3211 3212 3198
3 3211 3198 3210
3 3210 3198 3197
3 3215 3213 3214
3 3215 3201 3213
3 3212 3213 3199
3 3199 3213 3201
3 3212 3199 3198
3 3214 3216 3215
3 3215 3202 3201
3 3216 3202 3215
3 3219 3218 3217
3 3219 3220 3218
3 3221 3218 3220
3 3204 3222 3203
3 3223 3222 3204
3 3204 3205 3223
3 2549 3208 2537
3 3210 3224 3211
3 3224 3214 3213
3 3217 3225 3219
3 3225 3220 3219
3 3221 3220 3225
3 3221 3226 3227
3 3232 3231 3230
3 3232 3233 3231
3 3234 3229 3228
3 3230 3235 3232
3 3235 3230 3229
3 3235 3229 3236
3 3236 3229 3234
3 3235 3233 3232
3 3235 3236 3237
3 3238 3239 3240
3 3242 3237 3236
3 3238 3245 3244
3 3240 3245 3238
3 3248 3247 3246
3 3246 3247 3241
3 3246 3241 3243
3 3252 3251 3250
3 3244 3245 3253
3 3246 3254 3248
3 3243 3254 3246
3 3071 3101 3072
3 3107 3072 3101
3 3074 3072 3107
3 3112 3074 3107
3 3076 3074 3112
3 3119 3076 3112
3 3078 3076 3119
3 3079 3255 3080
3 3078 3255 3079
3 3078 3119 3255
3 3119 3127 3255
3 3256 3080 3255
3 3081 3080 3256
3 3133 3257 3256
3 3133 3256 3127
3 3127 3256 3255
3 3258 3081 3256
3 3258 3259 3081
3 3259 3082 3081
3 3256 3257 3258
3 3259 3083 3082
3 3260 3083 3259
3 3260 3145 3083
3 3083 3145 3084
3 3086 3261 3087
3 3088 3261 3086
3 3148 3261 3088
3 3090 3262 3263
3 3089 3262 3090
3 3087 3261 3264
3 3087 3264 3089
3 3089 3264 3262
3 3261 3148 3156
3 3264 3261 3156
3 808 3265 3266
3 3091 3265 808
3 3265 3091 3090
3 3263 3265 3090
3 3133 3167 3257
3 3258 3267 3259
3 3257 3267 3258
3 3257 3167 3267
3 3167 3170 3267
3 3267 3260 3259
3 3170 3260 3267
3 3145 3260 3170
3 3262 3268 3263
3 3268 3269 3270
3 3268 3262 3269
3 3262 3264 3269
3 3269 3264 3177
3 3264 3156 3177
3 3265 3271 3266
3 3271 3272 3273
3 3265 3272 3271
3 3265 3268 3272
3 3265 3263 3268
3 3268 3270 3272
3 3269 3274 3270
3 3177 3274 3269
3 3188 3274 3177
3 3273 3275 3276
3 3272 3275 3273
3 3270 3274 3277
3 3270 3277 3272
3 3272 3277 3275
3 3274 3188 3190
3 3277 3274 3190
3 3279 3280 3278
3 3281 3282 3283
3 3275 3284 3276
3 3284 3285 3286
3 3284 3275 3285
3 3275 3277 3285
3 3285 3277 3203
3 3277 3190 3203
3 3287 3288 3289
3 3288 3281 3289
3 3281 3290 3289
3 3283 3290 3281
3 3285 3291 3286
3 3203 3291 3285
3 3222 3291 3203
3 3292 3287 3293
3 3287 3289 3293
3 3295 3289 3290
3 3295 3294 3289
3 3294 3293 3289
3 3294 3295 3296
3 3297 3298 3299
3 3298 3292 3299
3 3299 3292 3300
3 3292 3293 3300
3 3300 3293 3301
3 3293 3294 3301
3 3303 3294 3296
3 3303 3302 3294
3 3302 3301 3294
3 3302 3305 3304
3 3303 3305 3302
3 3304 3239 3238
3 3305 3239 3304
3 3306 3297 3307
3 3297 3299 3307
3 3307 3299 3308
3 3299 3300 3308
3 3308 3300 3309
3 3300 3301 3309
3 3309 3301 3310
3 3301 3302 3310
3 3310 3302 3311
3 3302 3304 3311
3 3311 3304 3244
3 3304 3238 3244
3 3315 3312 3313
3 3315 3306 3312
3 3306 3314 3312
3 3314 3306 3316
3 3306 3307 3316
3 3316 3307 3317
3 3307 3308 3317
3 3319 3309 3318
3 3319 3317 3309
3 3317 3308 3309
3 3310 3318 3309
3 3320 3318 3310
3 3311 3320 3310
3 3321 3320 3311
3 3244 3321 3311
3 3253 3321 3244
3 3314 3322 3312
3 3323 3322 3314
3 3316 3323 3314
3 3324 3323 3316
3 3317 3324 3316
3 3325 3324 3317
3 3317 3319 3325
3 3266 3326 808
3 3326 809 808
3 810 3328 3327
3 810 809 3328
3 809 3326 3328
3 810 3327 811
3 3328 3329 3327
3 3327 3329 3330
3 3327 3330 811
3 811 3330 812
3 3330 3331 812
3 3331 813 812
3 814 3332 816
3 3332 814 813
3 3332 813 3333
3 3333 813 3331
3 3332 817 816
3 817 3332 3333
3 817 3333 818
3 818 3333 3334
3 3334 3335 818
3 3335 820 818
3 3338 3337 3336
3 3336 3337 3339
3 3336 3339 820
3 3336 820 3335
3 820 3339 822
3 823 822 3339
3 3340 823 3339
3 823 3340 825
3 3338 3341 3337
3 3337 3342 3339
3 3341 3342 3337
3 3343 828 3342
3 3343 3344 828
3 3342 828 3339
3 827 3340 828
3 3339 828 3340
3 3340 827 825
3 3343 3345 3344
3 829 3346 830
3 3346 3347 3348
3 829 3347 3346
3 829 3344 3347
3 829 828 3344
3 3344 3345 3347
3 3349 830 3346
3 832 830 3349
3 3348 3350 3349
3 3346 3348 3349
3 833 3351 834
3 3351 3352 3353
3 833 3352 3351
3 833 3349 3352
3 833 832 3349
3 3349 3350 3352
3 3354 834 3351
3 3354 3355 834
3 3355 835 834
3 3351 3353 3354
3 3355 3356 835
3 3356 836 835
3 3356 3357 836
3 3357 837 836
3 3357 3358 837
3 3358 408 837
3 3360 3361 3359
3 3360 3266 3361
3 3360 3326 3266
3 3271 3361 3266
3 3271 3273 3361
3 3360 3362 3363
3 3360 3363 3326
3 3326 3363 3328
3 3329 3365 3364
3 3329 3328 3365
3 3328 3363 3365
3 3329 3364 3330
3 3367 3364 3365
3 3366 3364 3367
3 3364 3366 3331
3 3330 3364 3331
3 3367 3368 3366
3 3366 3368 3369
3 3366 3369 3331
3 3331 3369 3333
3 3369 3370 3333
3 3370 3334 3333
3 3370 3371 3334
3 3371 3335 3334
3 3336 3372 3338
3 3372 3336 3335
3 3372 3335 3373
3 3373 3335 3371
3 3341 3376 3375
3 3341 3338 3376
3 3374 3376 3372
3 3372 3376 3338
3 3375 3377 3342
3 3375 3342 3341
3 3372 3373 3374
3 3343 3342 3377
3 3378 3343 3377
3 3343 3378 3345
3 3376 3379 3375
3 3375 3380 3377
3 3379 3380 3375
3 3380 3381 3348
3 3380 3348 3378
3 3380 3378 3377
3 3347 3378 3348
3 3378 3347 3345
3 3383 3381 3382
3 3383 3350 3381
3 3350 3348 3381
3 3382 3384 3383
3 3352 3385 3353
3 3385 3386 3387
3 3352 3386 3385
3 3352 3383 3386
3 3352 3350 3383
3 3383 3384 3386
3 3354 3388 3355
3 3388 3389 3390
3 3354 3389 3388
3 3354 3385 3389
3 3354 3353 3385
3 3385 3387 3389
3 3391 3355 3388
3 3391 3392 3355
3 3392 3356 3355
3 3388 3390 3391
3 3392 3393 3356
3 3393 3357 3356
3 3393 3394 3357
3 3394 3358 3357
3 3395 3359 3396
3 3359 3361 3396
3 3396 3361 3273
3 3276 3396 3273
3 3362 3397 3363
3 3397 3398 3399
3 3397 3399 3363
3 3363 3399 3365
3 3399 3400 3365
3 3400 3367 3365
3 3368 3402 3401
3 3368 3367 3402
3 3367 3400 3402
3 3368 3401 3369
3 3402 3403 3401
3 3401 3403 3404
3 3401 3404 3369
3 3369 3404 3370
3 3404 3405 3370
3 3405 3371 3370
3 3405 3406 3371
3 3406 3373 3371
3 3374 3407 3376
3 3407 3374 3373
3 3407 3373 3408
3 3408 3373 3406
3 3407 3379 3376
3 3407 3380 3379
3 3407 3410 3380
3 3407 3408 3410
3 3409 3380 3410
3 3380 3409 3381
3 3410 3411 3409
3 3413 3412 3382
3 3411 3413 3382
3 3411 3382 3381
3 3411 3381 3409
3 3382 3412 3384
3 3415 3413 3414
3 3415 3387 3413
3 3412 3413 3386
3 3386 3413 3387
3 3412 3386 3384
3 3414 3416 3415
3 3389 3417 3390
3 3387 3417 3389
3 3387 3415 3417
3 3415 3418 3417
3 3416 3419 3418
3 3415 3416 3418
3 3392 3420 3421
3 3391 3420 3392
3 3390 3420 3391
3 3390 3422 3420
3 3390 3417 3422
3 3422 3423 3420
3 3424 3425 3422
3 3424 3422 3418
3 3418 3422 3417
3 3418 3419 3424
3 3421 3426 3392
3 3426 3393 3392
3 3423 3422 3427
3 3422 3425 3427
3 3426 3428 3393
3 3428 3394 3393
3 3283 3282 3395
3 3283 3395 3429
3 3429 3395 3396
3 3276 3284 3430
3 3276 3430 3396
3 3396 3430 3429
3 3284 3286 3430
3 3398 3431 3399
3 3431 3432 3400
3 3399 3431 3400
3 3432 3433 3434
3 3432 3434 3400
3 3400 3434 3402
3 3403 3436 3435
3 3403 3402 3436
3 3402 3434 3436
3 3403 3435 3404
3 3438 3435 3436
3 3437 3435 3438
3 3435 3437 3405
3 3404 3435 3405
3 3438 3439 3437
3 3437 3439 3440
3 3437 3440 3405
3 3405 3440 3406
3 3440 3441 3406
3 3441 3408 3406
3 3441 3442 3408
3 3442 3410 3408
3 3411 3444 3443
3 3411 3410 3444
3 3410 3442 3444
3 3411 3443 3413
3 3446 3443 3444
3 3445 3443 3446
3 3414 3413 3443
3 3414 3443 3447
3 3447 3443 3445
3 3414 3447 3416
3 3446 3448 3445
3 3450 3445 3448
3 3450 3449 3445
3 3449 3447 3445
3 3447 3449 3419
3 3416 3447 3419
3 3420 3451 3421
3 3420 3423 3451
3 3453 3450 3452
3 3453 3425 3450
3 3449 3450 3424
3 3424 3450 3425
3 3449 3424 3419
3 3452 3454 3453
3 3455 3421 3451
3 3455 3456 3421
3 3456 3426 3421
3 3451 3423 3427
3 3451 3427 3455
3 3455 3427 3457
3 3425 3457 3427
3 3425 3458 3457
3 3425 3453 3458
3 3458 3459 3457
3 3454 3460 3458
3 3453 3454 3458
3 3456 3461 3426
3 3461 3428 3426
3 3459 3458 3462
3 3458 3460 3462
3 3429 3463 3464
3 3429 3464 3283
3 3283 3464 3290
3 3463 3465 3466
3 3463 3429 3465
3 3429 3430 3465
3 3286 3291 3467
3 3286 3467 3430
3 3430 3467 3465
3 3291 3222 3468
3 3467 3291 3468
3 3464 3463 3469
3 3463 3466 3469
3 3433 3470 3434
3 3470 3471 3472
3 3470 3472 3434
3 3434 3472 3436
3 3472 3473 3436
3 3473 3438 3436
3 3439 3475 3474
3 3439 3438 3475
3 3438 3473 3475
3 3439 3474 3440
3 3475 3476 3474
3 3474 3476 3477
3 3474 3477 3440
3 3440 3477 3441
3 3477 3478 3441
3 3478 3442 3441
3 3478 3479 3442
3 3479 3444 3442
3 3481 3479 3480
3 3481 3446 3479
3 3446 3444 3479
3 3480 3482 3481
3 3481 3448 3446
3 3448 3481 3482
3 3448 3482 3450
3 3450 3482 3483
3 3452 3485 3484
3 3452 3450 3485
3 3450 3483 3485
3 3452 3484 3454
3 3455 3486 3456
3 3486 3487 3488
3 3486 3455 3487
3 3455 3457 3487
3 3485 3489 3484
3 3485 3457 3489
3 3485 3487 3457
3 3459 3489 3457
3 3484 3489 3460
3 3454 3484 3460
3 3490 3456 3486
3 3490 3491 3456
3 3491 3461 3456
3 3486 3488 3490
3 3489 3459 3462
3 3489 3462 3460
3 3492 3295 3290
3 3464 3492 3290
3 3492 3465 3295
3 3492 3466 3465
3 3295 3465 3296
3 3493 3494 3465
3 3296 3465 3494
3 3467 3493 3465
3 3495 3493 3467
3 3468 3495 3467
3 3496 3495 3468
3 3492 3464 3469
3 3494 3493 3497
3 3492 3469 3466
3 3493 3495 3498
3 3497 3493 3498
3 3495 3496 3499
3 3498 3495 3499
3 3471 3500 3472
3 3500 3501 3473
3 3472 3500 3473
3 3501 3502 3503
3 3501 3503 3473
3 3473 3503 3475
3 3476 3505 3504
3 3476 3475 3505
3 3475 3503 3505
3 3476 3504 3477
3 3507 3504 3505
3 3506 3504 3507
3 3504 3506 3478
3 3477 3504 3478
3 3507 3508 3506
3 3506 3508 3509
3 3506 3509 3478
3 3478 3509 3479
3 3480 3511 3510
3 3480 3479 3511
3 3479 3509 3511
3 3480 3510 3482
3 3513 3510 3511
3 3512 3510 3513
3 3510 3512 3483
3 3482 3510 3483
3 3513 3514 3512
3 3512 3514 3515
3 3512 3515 3483
3 3483 3515 3485
3 3487 3516 3488
3 3516 3487 3485
3 3516 3485 3517
3 3517 3485 3515
3 3490 3518 3491
3 3488 3518 3490
3 3488 3516 3518
3 3516 3519 3518
3 3517 3520 3519
3 3516 3517 3519
3 3521 3303 3296
3 3494 3521 3296
3 3303 3521 3305
3 3305 3521 3522
3 3305 3522 3239
3 3239 3522 3523
3 3521 3494 3497
3 3522 3521 3497
3 3498 3522 3497
3 3523 3522 3498
3 3499 3523 3498
3 3502 3524 3503
3 3524 3525 3526
3 3524 3526 3503
3 3503 3526 3505
3 3526 3527 3505
3 3527 3507 3505
3 3508 3529 3528
3 3508 3507 3529
3 3507 3527 3529
3 3508 3528 3509
3 3529 3530 3528
3 3528 3530 3531
3 3528 3531 3509
3 3509 3531 3511
3 3531 3532 3511
3 3532 3513 3511
3 3514 3534 3533
3 3514 3513 3534
3 3513 3532 3534
3 3514 3533 3515
3 3534 3535 3533
3 3533 3535 3536
3 3533 3536 3515
3 3515 3536 3517
3 3536 3537 3517
3 3537 3520 3517
3 3525 3538 3526
3 3538 3539 3527
3 3526 3538 3527
3 3530 3540 3531
3 3543 3540 3542
3 3541 3540 3543
3 3540 3541 3532
3 3531 3540 3532
3 3543 3544 3541
3 3541 3544 3545
3 3541 3545 3532
3 3532 3545 3534
3 3535 3547 3546
3 3535 3534 3547
3 3534 3545 3547
3 3535 3546 3536
3 3549 3546 3547
3 3548 3546 3549
3 3546 3548 3537
3 3536 3546 3537
3 3313 3550 3315
3 3319 3318 3551
3 3318 3320 3552
3 3551 3318 3552
3 3320 3321 3553
3 3552 3320 3553
3 3321 3253 3554
3 3553 3321 3554
3 3544 3555 3545
3 3557 3556 3555
3 3555 3556 3558
3 3555 3558 3545
3 3545 3558 3547
3 3558 3559 3547
3 3559 3549 3547
3 3322 3323 3561
3 3560 3322 3561
3 3323 3324 3562
3 3561 3323 3562
3 3324 3325 3563
3 3562 3324 3563
3 3325 3319 3551
3 3325 3551 3563
3 3563 3551 3564
3 3564 3551 3565
3 3551 3552 3565
3 3565 3552 3566
3 3552 3553 3566
3 3566 3553 3567
3 3553 3554 3567
3 3556 3568 3558
3 3568 3569 3559
3 3558 3568 3559
3 3570 3560 3571
3 3560 3561 3571
3 3571 3561 3572
3 3561 3562 3572
3 3572 3562 3573
3 3562 3563 3573
3 3573 3563 3574
3 3563 3564 3574
3 3574 3564 3575
3 3564 3565 3575
3 3575 3565 3576
3 3565 3566 3576
3 3576 3566 3577
3 3566 3567 3577
3 3570 3578 3579
3 3578 3580 3581
3 3578 3570 3580
3 3570 3571 3580
3 3580 3571 3582
3 3571 3572 3582
3 3582 3572 3583
3 3572 3573 3583
3 3583 3573 3584
3 3573 3574 3584
3 3584 3574 3585
3 3574 3575 3585
3 3585 3575 3586
3 3575 3576 3586
3 3586 3576 3587
3 3576 3577 3587
3 3588 3590 3591
3 3589 3590 3588
3 3589 3578 3590
3 3589 3579 3578
3 3578 3581 3590
3 3580 3592 3581
3 3582 3592 3580
3 3593 3592 3582
3 3583 3593 3582
3 3594 3593 3583
3 3594 3595 3596
3 3594 3583 3595
3 3583 3584 3595
3 3595 3584 3597
3 3584 3585 3597
3 3597 3585 3598
3 3585 3586 3598
3 3598 3586 3599
3 3586 3587 3599
3 3591 3600 3601
3 3590 3600 3591
3 3581 3592 3602
3 3581 3602 3590
3 3590 3602 3600
3 3592 3593 3603
3 3602 3592 3603
3 3593 3594 3604
3 3603 3593 3604
3 3594 3596 3604
3 3605 3606 3591
3 3601 3605 3591
3 3595 3607 3596
3 3597 3607 3595
3 3608 3607 3597
3 3598 3608 3597
3 3609 3608 3598
3 3599 3609 3598
3 3610 3609 3599
3 3601 3611 3612
3 3600 3611 3601
3 3611 3600 3613
3 3600 3602 3613
3 3613 3602 3614
3 3602 3603 3614
3 3614 3603 3615
3 3603 3604 3615
3 3596 3607 3616
3 3596 3616 3604
3 3604 3616 3615
3 3607 3608 3617
3 3616 3607 3617
3 3608 3609 3618
3 3617 3608 3618
3 3609 3610 3619
3 3618 3609 3619
3 3620 3605 3601
3 3620 3601 3621
3 3621 3601 3612
3 3620 3621 3622
3 3612 3623 3624
3 3611 3623 3612
3 3623 3611 3625
3 3611 3613 3625
3 3625 3613 3626
3 3613 3614 3626
3 3626 3614 3627
3 3614 3615 3627
3 3627 3615 3628
3 3615 3616 3628
3 3628 3616 3629
3 3616 3617 3629
3 3629 3617 3630
3 3617 3618 3630
3 3630 3618 3631
3 3618 3619 3631
3 3624 3632 3612
3 3632 3621 3612
3 3633 3622 3621
3 3632 3633 3621
3 3623 3634 3624
3 3625 3634 3623
3 3635 3634 3625
3 3626 3635 3625
3 3636 3635 3626
3 3636 3637 3638
3 3636 3626 3637
3 3626 3627 3637
3 3637 3627 3639
3 3627 3628 3639
3 3639 3628 3640
3 3628 3629 3640
3 3640 3629 3641
3 3629 3630 3641
3 3641 3630 3642
3 3630 3631 3642
3 3643 3624 3634
3 3643 3644 3624
3 3644 3632 3624
3 3634 3635 3645
3 3643 3634 3645
3 3635 3636 3646
3 3645 3635 3646
3 3636 3638 3646
3 3633 3647 3648
3 3647 3633 3632
3 3647 3632 3649
3 3649 3632 3644
3 3650 3648 3647
3 3650 3651 3648
3 3651 3652 3648
3 3647 3649 3650
3 3183 3182 3653
3 3182 3185 3653
3 3192 3183 3653
3 3654 3192 3653
3 3654 3653 3185
3 3194 3654 3185
3 3654 3655 3656
3 3654 3656 3192
3 3192 3656 3205
3 3655 3657 3658
3 3654 3657 3655
3 3654 3206 3657
3 3654 3194 3206
3 3206 3207 3657
3 3656 3655 3659
3 3655 3658 3659
3 3222 3223 3660
3 3468 3222 3660
3 3223 3661 3660
3 3223 3205 3661
3 3205 3656 3661
3 3658 3662 3663
3 3657 3662 3658
3 3659 3664 3665
3 3659 3665 3656
3 3656 3665 3661
3 3664 3659 3658
3 3664 3658 3666
3 3666 3658 3663
3 3668 3665 3664
3 3667 3668 3664
3 3666 3669 3667
3 3664 3666 3667
3 3671 3668 3667
3 3670 3671 3667
3 3669 3672 3670
3 3667 3669 3670
3 3671 3670 3673
3 3670 3672 3673
3 3660 3496 3468
3 3674 3496 3660
3 3660 3661 3674
3 3662 3675 3663
3 3678 3499 3496
3 3678 3496 3677
3 3677 3496 3674
3 3674 3665 3677
3 3661 3665 3674
3 3679 3663 3675
3 3679 3680 3663
3 3680 3666 3663
3 3675 3676 3679
3 3682 3678 3677
3 3681 3682 3677
3 3677 3668 3681
3 3665 3668 3677
3 3680 3683 3666
3 3683 3669 3666
3 3682 3681 3684
3 3681 3685 3684
3 3681 3668 3685
3 3668 3671 3685
3 3683 3686 3669
3 3686 3672 3669
3 3685 3671 3673
3 3687 3685 3673
3 3687 3673 3672
3 3686 3687 3672
3 3240 3523 3688
3 3239 3523 3240
3 3691 3690 3689
3 3689 3693 3692
3 3690 3693 3689
3 3241 3693 3676
3 3241 3692 3693
3 3499 3678 3695
3 3523 3499 3695
3 3523 3695 3694
3 3523 3694 3688
3 3696 3695 3697
3 3696 3690 3695
3 3694 3695 3691
3 3691 3695 3690
3 3696 3698 3680
3 3696 3680 3693
3 3696 3693 3690
3 3679 3693 3680
3 3693 3679 3676
3 3699 3695 3678
3 3699 3678 3700
3 3700 3678 3682
3 3695 3699 3697
3 3698 3701 3680
3 3701 3683 3680
3 3700 3682 3684
3 3702 3700 3684
3 3704 3684 3685
3 3704 3703 3684
3 3703 3702 3684
3 3703 3704 3686
3 3703 3686 3701
3 3701 3686 3683
3 3704 3685 3687
3 3704 3687 3686
3 3706 3705 3245
3 3706 3245 3688
3 3688 3245 3240
3 3691 3705 3706
3 3691 3689 3705
3 3689 3707 3705
3 3247 3248 3707
3 3247 3707 3692
3 3692 3707 3689
3 3247 3692 3241
3 3706 3688 3694
3 3694 3691 3706
3 3697 3708 3696
3 3696 3708 3698
3 3699 3700 3709
3 3697 3699 3709
3 3697 3709 3708
3 3708 3709 3710
3 3708 3710 3701
3 3698 3708 3701
3 3709 3700 3702
3 3710 3709 3702
3 3703 3710 3702
3 3710 3703 3701
3 3253 3245 3705
3 3253 3705 3554
3 3554 3705 3711
3 3711 3705 3712
3 3705 3707 3712
3 3248 3254 3713
3 3248 3713 3707
3 3707 3713 3712
3 3567 3554 3714
3 3554 3711 3714
3 3714 3711 3715
3 3711 3712 3715
3 3715 3712 3716
3 3712 3713 3716
3 3577 3567 3717
3 3567 3714 3717
3 3717 3714 3718
3 3714 3715 3718
3 3718 3715 3719
3 3715 3716 3719
3 3587 3577 3720
3 3577 3717 3720
3 3720 3717 3721
3 3717 3718 3721
3 3721 3718 3722
3 3718 3719 3722
3 3599 3587 3723
3 3587 3720 3723
3 3723 3720 3724
3 3720 3721 3724
3 3724 3721 3725
3 3721 3722 3725
3 3723 3610 3599
3 3726 3610 3723
3 3724 3726 3723
3 3727 3726 3724
3 3725 3727 3724
3 3728 3727 3725
3 3610 3726 3729
3 3619 3610 3729
3 3726 3727 3730
3 3729 3726 3730
3 3727 3728 3731
3 3730 3727 3731
3 3631 3619 3732
3 3619 3729 3732
3 3732 3729 3733
3 3729 3730 3733
3 3733 3730 3734
3 3730 3731 3734
3 3642 3631 3735
3 3631 3732 3735
3 3735 3732 3736
3 3732 3733 3736
3 3736 3733 3737
3 3733 3734 3737
3 3738 1905 1906
3 3739 3738 1906
3 3739 1906 3740
3 1906 1910 3740
3 3740 1910 3741
3 1910 134 3741
3 3742 3744 3743
3 3744 3746 3747
3 3744 3747 3743
3 3743 3747 3745
3 3746 3748 3749
3 3747 3746 3749
3 3748 3750 3751
3 3749 3748 3751
3 3750 1916 1917
3 3751 3750 1917
3 3753 3754 3752
3 3753 3752 3749
3 3749 3752 3747
3 3756 3753 3749
3 3756 3749 3755
3 3755 3749 3751
3 1925 3757 3755
3 1925 3755 1917
3 1917 3755 3751
3 3754 3759 3760
3 3754 3760 3752
3 3752 3760 3758
3 3759 3756 3755
3 3759 3755 3760
3 3760 3755 3761
3 3757 1929 1930
3 3757 1930 3755
3 3755 1930 3761
3 3758 3760 3762
3 3760 3763 3762
3 3760 3761 3763
3 3761 3764 3763
3 3761 1930 3764
3 1930 1937 3764
3 3763 3764 3765
3 3764 3766 3765
3 3764 1937 3766
3 1937 1941 3766
3 3765 3766 3767
3 3766 3768 3767
3 3766 1941 3768
3 1941 1945 3768
3 3768 3769 3767
3 3738 3769 3768
3 1945 3738 3768
3 1905 3738 1945
3 3770 3773 3775
3 3771 3773 3770
3 3771 3772 3773
3 3771 3774 3772
3 3772 3776 3773
3 3779 3777 3778
3 3777 3780 3778
3 3781 3783 3784
3 3782 3781 3784
3 3783 3785 3786
3 3784 3783 3786
3 3785 3787 3788
3 3786 3785 3788
3 3787 3789 3790
3 3788 3787 3790
3 3789 3791 3790
3 3782 3784 3792
3 3784 3793 3792
3 3784 3786 3793
3 3786 3794 3793
3 3786 3788 3794
3 3788 3795 3794
3 3788 3790 3795
3 3790 3796 3795
3 3791 3797 3798
3 3791 3798 3790
3 3790 3798 3796
3 3797 1951 1952
3 3798 3797 1952
3 3792 3793 3799
3 3793 3800 3799
3 3793 3794 3800
3 3794 3801 3800
3 3794 3795 3801
3 3795 3802 3801
3 3795 3796 3802
3 3796 3803 3802
3 3796 3798 3803
3 3798 3804 3803
3 3798 1952 3804
3 1952 1959 3804
3 3800 3801 3805
3 3801 3806 3805
3 3801 3802 3806
3 3802 3807 3806
3 3802 3803 3807
3 3803 3808 3807
3 3803 3804 3808
3 3804 3809 3808
3 3804 1959 3809
3 1959 1963 3809
3 3805 3806 3810
3 3806 3811 3810
3 3806 3807 3811
3 3807 3812 3811
3 3807 3808 3812
3 3808 3813 3812
3 3808 3809 3813
3 3809 3814 3813
3 3809 1963 3814
3 1963 1967 3814
3 3811 3815 3810
3 3742 3815 3811
3 3742 3816 3744
3 3742 3811 3816
3 3811 3812 3816
3 3812 3813 3816
3 3813 3817 3816
3 3813 3814 3817
3 3814 3818 3817
3 3814 1967 3818
3 1967 1971 3818
3 3816 3746 3744
3 3817 3746 3816
3 3748 3746 3817
3 3818 3748 3817
3 3750 3748 3818
3 1971 3750 3818
3 1916 3750 1971
3 3753 3819 3754
3 3753 3756 3819
3 1925 1975 3757
3 3819 3759 3754
3 3819 3756 3759
3 1975 1929 3757
3 3773 3820 3775
3 3776 3820 3773
3 3776 3821 3820
3 3821 3822 3820
3 3778 3821 3779
3 3778 3823 3821
3 3823 3822 3821
3 3780 3823 3778
3 3780 3824 3823
3 3824 3825 3823
3 3824 3826 3825
3 3826 3827 3825
3 3826 3828 3827
3 3828 3829 3827
3 3828 1979 3829
3 1979 1980 3829
3 3820 3781 3775
3 3822 3781 3820
3 3783 3781 3822
3 3823 3783 3822
3 3785 3783 3823
3 3825 3785 3823
3 3787 3785 3825
3 3827 3787 3825
3 3789 3787 3827
3 3789 3830 3791
3 3789 3827 3830
3 3827 3829 3830
3 3829 1980 3830
3 1980 1987 3830
3 3830 3797 3791
3 1987 3797 3830
3 1951 3797 1987
3 3831 3642 3832
3 3642 3735 3832
3 3832 3735 3833
3 3735 3736 3833
3 3833 3736 3834
3 3736 3737 3834
3 3832 3835 3831
3 3836 3835 3832
3 3833 3836 3832
3 3837 3836 3833
3 3834 3837 3833
3 3838 3837 3834
3 3835 3836 3840
3 3839 3835 3840
3 3836 3837 3841
3 3840 3836 3841
3 3837 3838 3842
3 3841 3837 3842
3 3843 3839 3844
3 3839 3840 3844
3 3844 3840 3845
3 3840 3841 3845
3 3845 3841 3846
3 3841 3842 3846
3 3847 3843 3848
3 3843 3844 3848
3 3848 3844 3849
3 3844 3845 3849
3 3849 3845 3850
3 3845 3846 3850
3 3851 3847 3852
3 3847 3848 3852
3 3852 3848 3853
3 3848 3849 3853
3 3853 3849 3854
3 3849 3850 3854
3 3855 3857 3858
3 3856 3855 3858
3 3857 3859 3860
3 3858 3857 3860
3 3859 3861 3860
3 3856 3858 3863
3 3862 3856 3863
3 3858 3860 3864
3 3863 3858 3864
3 3860 3861 3864
3 3865 3867 3868
3 3866 3865 3868
3 3867 3869 3870
3 3868 3867 3870
3 3869 3871 3872
3 3870 3869 3872
3 3866 3868 3873
3 3868 3874 3873
3 3868 3870 3874
3 3870 3875 3874
3 3870 3872 3875
3 3872 3876 3875
3 3873 3874 3877
3 3874 3878 3877
3 3874 3875 3878
3 3875 3879 3878
3 3875 3876 3879
3 3876 3880 3879
3 3877 3878 1979
3 3878 1981 1979
3 3878 3879 1981
3 3879 1983 1981
3 3879 3880 1983
3 3880 1985 1983
3 3852 3881 3851
3 3882 3881 3852
3 3853 3882 3852
3 3883 3882 3853
3 3854 3883 3853
3 3884 3883 3854
3 3881 3882 3886
3 3885 3881 3886
3 3882 3883 3887
3 3886 3882 3887
3 3883 3884 3888
3 3887 3883 3888
3 3889 3891 3892
3 3890 3889 3892
3 3891 3893 3894
3 3892 3891 3894
3 3893 3895 3896
3 3894 3893 3896
3 3890 3892 3897
3 3892 3898 3897
3 3892 3894 3898
3 3894 3899 3898
3 3894 3896 3899
3 3896 3900 3899
3 3897 3898 3901
3 3898 3902 3901
3 3898 3899 3902
3 3899 3903 3902
3 3899 3900 3903
3 3900 3904 3903
3 3901 3902 3905
3 3902 3906 3905
3 3902 3903 3906
3 3903 3907 3906
3 3903 3904 3907
3 3904 3908 3907
3 3905 3906 3909
3 3906 3910 3909
3 3906 3907 3910
3 3907 3911 3910
3 3907 3908 3911
3 3908 3912 3911
3 3910 3855 3909
3 3857 3855 3910
3 3911 3857 3910
3 3859 3857 3911
3 3859 3913 3861
3 3859 3911 3913
3 3911 3912 3913
3 3863 3914 3862
3 3915 3914 3863
3 3864 3915 3863
3 3916 3915 3864
3 3861 3916 3864
3 3861 3913 3916
3 3913 3917 3916
3 3915 3865 3914
3 3867 3865 3915
3 3916 3867 3915
3 3869 3867 3916
3 3917 3869 3916
3 3871 3869 3917
3 3886 3918 3885
3 3919 3918 3886
3 3887 3919 3886
3 3920 3919 3887
3 3888 3920 3887
3 3921 3920 3888
3 3918 3919 3922
3 3919 3923 3922
3 3919 3920 3923
3 3920 3924 3923
3 3920 3921 3924
3 3921 3925 3924
3 3923 3889 3922
3 3891 3889 3923
3 3924 3891 3923
3 3893 3891 3924
3 3925 3893 3924
3 3895 3893 3925
3 3926 3928 3927
3 3929 1841 3927
3 3929 3930 1841
3 3930 1842 1841
3 3927 3928 3929
3 3930 3931 1842
3 3931 1843 1842
3 3931 3932 1843
3 3932 1844 1843
3 1845 1847 3933
3 1845 3933 1848
3 3932 3934 1844
3 3934 1849 1844
3 3935 3936 3937
3 3933 1847 1850
3 3933 1850 1848
3 3935 3938 3936
3 3934 1124 1849
3 1124 1123 1849
3 1129 3937 3936
3 1127 1129 3936
3 3938 1131 1127
3 3936 3938 1127
3 3926 3940 3939
3 3926 3939 3928
3 3939 3930 3929
3 3939 3940 3930
3 3940 3941 3930
3 3939 3929 3928
3 3941 3942 3930
3 3942 3931 3930
3 3945 3943 3944
3 3943 3946 3944
3 3942 3947 3931
3 3947 3932 3931
3 3945 3944 3948
3 3944 3946 3948
3 3947 3949 3932
3 3949 3934 3932
3 3935 3937 3950
3 3935 3950 3938
3 3949 1198 3934
3 1198 1124 3934
3 3951 3950 3937
3 3951 3937 1200
3 1200 3937 1129
3 3950 3951 1202
3 3950 1202 3938
3 3938 1202 1131
3 3953 3954 3952
3 3955 1991 1992
3 3953 1991 3955
3 3956 3940 3952
3 3956 3957 3940
3 3957 3941 3940
3 3952 3954 3956
3 3955 1992 1994
3 3957 3958 3941
3 3958 3942 3941
3 3943 3945 3959
3 3943 3959 3946
3 3958 3960 3942
3 3960 3947 3942
3 3961 3962 3963
3 3959 3945 3948
3 3959 3948 3946
3 3961 3964 3962
3 3960 3965 3947
3 3965 3949 3947
3 3967 3963 3962
3 3966 3967 3962
3 3964 3968 3966
3 3962 3964 3966
3 3965 1235 3949
3 1235 1198 3949
3 3966 3969 3967
3 3951 1200 1237
3 3969 3966 3968
3 1237 1202 3951
3 3953 3970 3954
3 3953 3955 3970
3 3956 3971 3957
3 3971 3972 3973
3 3956 3972 3971
3 3956 3970 3972
3 3956 3954 3970
3 3974 1994 1996
3 3972 1994 3974
3 3972 3955 1994
3 3972 3970 3955
3 3975 3957 3971
3 3958 3957 3975
3 3973 3976 3975
3 3971 3973 3975
3 3977 3974 1996
3 1998 3977 1996
3 3978 3958 3975
3 3978 3979 3958
3 3979 3960 3958
3 3980 3961 3963
3 3980 3963 3981
3 3978 3975 3976
3 3982 3964 3961
3 3982 3961 3980
3 3977 1998 2000
3 3979 3983 3960
3 3983 3965 3960
3 3981 3963 3984
3 3984 3963 3967
3 3982 3985 3964
3 3985 3968 3964
3 3983 1269 3965
3 1269 1235 3965
3 3969 1271 1272
3 3969 1272 3967
3 3967 1272 3984
3 1271 3969 3968
3 1271 3968 1274
3 1274 3968 3985
3 3972 3986 3973
3 3972 3974 3986
3 3987 3973 3986
3 3976 3973 3987
3 3986 3977 3987
3 3974 3977 3986
3 3979 3988 3989
3 3978 3988 3979
3 3978 3987 3988
3 3978 3976 3987
3 3988 3987 3990
3 3980 3981 3987
3 3990 3987 3981
3 3982 3987 3991
3 3982 3980 3987
3 3991 3987 2005
3 3977 2000 3987
3 2005 3987 2000
3 3989 3992 3979
3 3992 3983 3979
3 3990 3981 3993
3 3993 3981 3984
3 3991 3994 3982
3 3994 3985 3982
3 3992 1306 3983
3 1306 1269 3983
3 3993 3984 1308
3 1308 3984 1272
3 3994 1310 3985
3 1310 1274 3985
3 3988 3995 3989
3 3988 3990 3995
3 2005 2012 3991
3 3996 3989 3995
3 3996 3997 3989
3 3997 3992 3989
3 3995 3998 3996
3 3995 3990 3998
3 3990 3993 3998
3 2014 3991 2012
3 2014 3999 3991
3 3999 3994 3991
3 3997 1345 3992
3 1345 1306 3992
3 3998 3993 1347
3 1347 3993 1308
3 3999 1349 3994
3 1349 1310 3994
3 3996 4000 3997
3 3996 3998 4000
3 2014 2020 3999
3 1391 3997 4000
3 1345 3997 1391
3 4000 1347 1391
3 3998 1347 4000
3 2022 3999 2020
3 2022 1393 3999
3 1393 1349 3999
3 2022 1432 1393
3 4001 2099 2098
3 4001 2100 2099
3 1618 1616 2107
3 2098 2110 4001
3 2100 4002 2113
3 2100 4001 4002
3 2112 4002 2110
3 2110 4002 4001
3 4002 2114 2113
3 4003 2118 2117
3 1639 4003 2119
3 1639 1618 4003
3 2118 4003 2107
3 2107 4003 1618
3 2365 2123 2122
3 2125 2365 2124
3 2125 4002 2365
3 2123 2365 2112
3 2112 2365 4002
3 2114 2371 2128
3 2114 4002 2371
3 2127 2371 2125
3 2125 2371 4002
3 2374 2128 2371
3 2129 2128 2374
3 2131 2374 2130
3 2131 4003 2374
3 2129 2374 2117
3 2117 2374 4003
3 2119 1662 1661
3 2119 4003 1662
3 2133 1662 2131
3 2131 1662 4003
3 4004 4006 4005
3 4006 4008 4007
3 4005 4006 4007
3 4008 4010 4009
3 4007 4008 4009
3 4010 4012 4013
3 4010 4013 4009
3 4009 4013 4011
3 4012 4014 4013
3 4016 4017 4015
3 4016 4015 4013
3 4013 4015 4011
3 4013 4014 4016
3 4017 4019 4018
3 4015 4017 4018
3 4019 4021 4020
3 4018 4019 4020
3 4020 4021 4022
3 4025 4023 4024
3 4023 4026 4024
3 4004 4027 4006
3 4027 4028 4029
3 4027 4029 4006
3 4006 4029 4008
3 4029 4030 4008
3 4030 4010 4008
3 4012 4032 4031
3 4012 4010 4032
3 4010 4030 4032
3 4012 4031 4014
3 4034 4032 4033
3 4034 4017 4032
3 4031 4032 4016
3 4016 4032 4017
3 4031 4016 4014
3 4033 4035 4034
3 4036 4017 4034
3 4019 4017 4036
3 4035 4037 4036
3 4034 4035 4036
3 4038 4019 4036
3 4021 4019 4038
3 4037 4039 4038
3 4036 4037 4038
3 4021 4040 4022
3 4021 4038 4040
3 4038 4041 4040
3 4039 4042 4043
3 4039 4043 4038
3 4038 4043 4041
3 4042 4044 4043
3 4040 4041 4045
3 4041 4046 4045
3 4041 4043 4046
3 4043 4047 4046
3 4044 4048 4047
3 4043 4044 4047
3 4025 4046 4023
3 4025 4049 4046
3 4049 4045 4046
3 4023 4050 4026
3 4023 4046 4050
3 4046 4047 4050
3 4048 4051 4050
3 4047 4048 4050
3 4028 4052 4029
3 4052 4053 4030
3 4029 4052 4030
3 4053 4054 4055
3 4053 4055 4030
3 4030 4055 4032
3 4033 4057 4056
3 4033 4032 4057
3 4032 4055 4057
3 4033 4056 4035
3 4059 4056 4057
3 4058 4056 4059
3 4056 4058 4037
3 4035 4056 4037
3 4059 4060 4058
3 4058 4060 4061
3 4058 4061 4037
3 4037 4061 4039
3 4042 4063 4062
3 4042 4039 4063
3 4039 4061 4063
3 4042 4062 4044
3 4065 4062 4063
3 4064 4062 4065
3 4062 4064 4048
3 4044 4062 4048
3 4065 4066 4064
3 4064 4066 4067
3 4064 4067 4048
3 4048 4067 4051
3 4054 4068 4055
3 4068 4069 4070
3 4068 4070 4055
3 4055 4070 4057
3 4070 4071 4057
3 4071 4059 4057
3 4060 4073 4072
3 4060 4059 4073
3 4059 4071 4073
3 4060 4072 4061
3 4073 4074 4072
3 4072 4074 4075
3 4072 4075 4061
3 4061 4075 4063
3 4075 4076 4063
3 4076 4065 4063
3 4066 4078 4077
3 4066 4065 4078
3 4065 4076 4078
3 4066 4077 4067
3 4069 4079 4070
3 4079 4080 4071
3 4070 4079 4071
3 4074 4081 4075
3 4081 4082 4076
3 4075 4081 4076
3 4083 4025 4024
3 4083 4024 4084
3 4084 4024 4085
3 4026 4086 4085
3 4024 4026 4085
3 4049 4025 4083
3 4087 4026 4050
3 4086 4026 4087
3 4051 4088 4089
3 4051 4089 4050
3 4050 4089 4087
3 4088 4090 4089
3 4088 4092 4091
3 4088 4051 4092
3 4051 4067 4092
3 4088 4091 4090
3 3637 4093 3638
3 4093 4094 4095
3 4093 3637 4094
3 3637 3639 4094
3 4094 3639 4096
3 3639 3640 4096
3 4096 3640 4097
3 3640 3641 4097
3 4097 3641 3831
3 3641 3642 3831
3 3644 4098 4099
3 3643 4098 3644
3 4098 3643 4100
3 3643 3645 4100
3 4100 3645 4101
3 3645 3646 4101
3 3638 4093 4102
3 3638 4102 3646
3 3646 4102 4101
3 4093 4095 4102
3 4099 4103 3644
3 4103 3649 3644
3 3651 4104 4105
3 3650 4104 3651
3 4104 3650 3649
3 4103 4104 3649
3 4105 4106 3651
3 4106 4107 3651
3 4094 4108 4095
3 4108 4109 4110
3 4108 4094 4109
3 4094 4096 4109
3 4109 4096 4111
3 4096 4097 4111
3 4112 3831 3835
3 4112 4111 3831
3 4111 4097 3831
3 4098 4113 4099
3 4113 4114 4115
3 4113 4098 4114
3 4098 4100 4114
3 4114 4100 4116
3 4100 4101 4116
3 4116 4101 4117
3 4101 4102 4117
3 4095 4108 4118
3 4095 4118 4102
3 4102 4118 4117
3 4108 4110 4118
3 4112 3835 3839
3 4119 4099 4113
3 4119 4120 4099
3 4120 4103 4099
3 4113 4115 4119
3 4104 4121 4105
3 4121 4104 4103
3 4121 4103 4122
3 4122 4103 4120
3 4123 4105 4121
3 4106 4105 4123
3 4122 4124 4123
3 4121 4122 4123
3 4125 4106 4123
3 4126 4106 4125
3 4124 4127 4125
3 4123 4124 4125
3 4128 4126 4125
3 4128 4129 4126
3 4129 4130 4126
3 4125 4127 4128
3 4131 4133 4132
3 4132 4133 4134
3 4135 4137 4136
3 4109 4138 4110
3 4111 4138 4109
3 4139 4138 4111
3 4111 4112 4139
3 4115 4140 4141
3 4114 4140 4115
3 4140 4114 4142
3 4114 4116 4142
3 4142 4116 4143
3 4116 4117 4143
3 4143 4117 4144
3 4117 4118 4144
3 4110 4138 4145
3 4110 4145 4118
3 4118 4145 4144
3 4138 4139 4146
3 4145 4138 4146
3 4139 4112 3839
3 4139 3839 4146
3 4146 3839 3843
3 4120 4147 4148
3 4119 4147 4120
3 4147 4119 4115
3 4141 4147 4115
3 4148 4149 4120
3 4149 4122 4120
3 4149 4150 4122
3 4150 4124 4122
3 4150 4151 4124
3 4151 4127 4124
3 4128 4152 4129
3 4152 4128 4127
3 4152 4127 4153
3 4153 4127 4151
3 4152 4131 4129
3 4131 4152 4153
3 4131 4153 4133
3 4133 4153 4154
3 4155 4134 4133
3 4155 4133 4156
3 4156 4133 4154
3 4135 4155 4156
3 4135 4156 4137
3 4137 4156 4157
3 4157 4158 4137
3 4158 4159 4137
3 4140 4160 4141
3 4142 4160 4140
3 4161 4160 4142
3 4143 4161 4142
3 4162 4161 4143
3 4162 4163 4164
3 4162 4143 4163
3 4143 4144 4163
3 4163 4144 4165
3 4144 4145 4165
3 4165 4145 4166
3 4145 4146 4166
3 4166 4146 3847
3 4146 3843 3847
3 4147 4167 4148
3 4167 4168 4169
3 4147 4168 4167
3 4147 4160 4168
3 4147 4141 4160
3 4160 4161 4170
3 4168 4160 4170
3 4161 4162 4171
3 4170 4161 4171
3 4162 4164 4171
3 4172 4148 4167
3 4172 4173 4148
3 4173 4149 4148
3 4167 4169 4172
3 4173 4174 4149
3 4174 4150 4149
3 4174 4175 4150
3 4175 4151 4150
3 4175 4176 4151
3 4176 4153 4151
3 4176 4177 4153
3 4177 4154 4153
3 4177 4178 4154
3 4178 4156 4154
3 4180 4178 4179
3 4180 4157 4178
3 4157 4156 4178
3 4179 4181 4180
3 4182 4157 4180
3 4158 4157 4182
3 4181 4183 4182
3 4180 4181 4182
3 4184 4158 4182
3 4185 4158 4184
3 4183 4186 4184
3 4182 4183 4184
3 4187 4185 4184
3 4188 4185 4187
3 4186 4189 4190
3 4186 4190 4184
3 4184 4190 4187
3 4189 4191 4192
3 4190 4189 4192
3 4191 4193 4192
3 4195 4196 4194
3 4195 4194 4190
3 4190 4194 4187
3 4190 4192 4197
3 4195 4190 4197
3 4192 4193 4197
3 4198 3772 3774
3 4194 3772 4198
3 4194 4199 3772
3 4194 4196 4199
3 4199 3776 3772
3 3779 4200 3777
3 4200 3780 3777
3 4163 4201 4164
3 4201 4202 4203
3 4201 4163 4202
3 4163 4165 4202
3 4202 4165 4204
3 4165 4166 4204
3 4204 4166 3851
3 4166 3847 3851
3 4168 4205 4169
3 4205 4206 4207
3 4205 4168 4206
3 4168 4170 4206
3 4206 4170 4208
3 4170 4171 4208
3 4164 4201 4209
3 4164 4209 4171
3 4171 4209 4208
3 4201 4203 4209
3 4172 4210 4173
3 4169 4210 4172
3 4169 4205 4210
3 4205 4211 4210
3 4207 4212 4211
3 4205 4207 4211
3 4213 4173 4210
3 4174 4173 4213
3 4214 4215 4213
3 4214 4213 4211
3 4211 4213 4210
3 4211 4212 4214
3 4216 4174 4213
3 4175 4174 4216
3 4215 4217 4218
3 4215 4218 4213
3 4213 4218 4216
3 4217 4219 4218
3 4220 4175 4216
3 4176 4175 4220
3 4216 4218 4220
3 4218 4221 4220
3 4219 4222 4221
3 4218 4219 4221
3 4223 4176 4220
3 4177 4176 4223
3 4220 4221 4223
3 4221 4224 4223
3 4222 4225 4226
3 4222 4226 4221
3 4221 4226 4224
3 4225 4227 4228
3 4226 4225 4228
3 4227 4229 4230
3 4228 4227 4230
3 4229 4231 4230
3 4232 4177 4223
3 4178 4177 4232
3 4223 4224 4232
3 4224 4233 4232
3 4224 4226 4233
3 4226 4234 4233
3 4226 4228 4234
3 4228 4235 4234
3 4236 4237 4235
3 4236 4235 4230
3 4230 4235 4228
3 4230 4231 4236
3 4232 4179 4178
3 4179 4238 4181
3 4179 4232 4238
3 4232 4233 4238
3 4233 4234 4238
3 4234 4239 4238
3 4234 4235 4239
3 4235 4240 4239
3 4237 4241 4242
3 4237 4242 4235
3 4235 4242 4240
3 4241 4243 4244
3 4242 4241 4244
3 4243 4245 4246
3 4244 4243 4246
3 4245 3855 3856
3 4246 4245 3856
3 4247 4181 4238
3 4183 4181 4247
3 4238 4239 4247
3 4239 4248 4247
3 4239 4240 4248
3 4240 4249 4248
3 4240 4242 4249
3 4242 4250 4249
3 4251 4252 4250
3 4251 4250 4244
3 4244 4250 4242
3 4244 4246 4253
3 4251 4244 4253
3 4246 3856 3862
3 4253 4246 3862
3 4254 4183 4247
3 4186 4183 4254
3 4247 4248 4254
3 4248 4255 4254
3 4248 4249 4255
3 4249 4256 4255
3 4249 4250 4256
3 4250 4257 4256
3 4252 4258 4259
3 4252 4259 4250
3 4250 4259 4257
3 4258 4260 4261
3 4259 4258 4261
3 4260 3865 3866
3 4261 4260 3866
3 4254 4189 4186
3 4255 4189 4254
3 4191 4189 4255
3 4191 4262 4193
3 4191 4255 4262
3 4255 4256 4262
3 4256 4257 4262
3 4257 4263 4262
3 4257 4259 4263
3 4259 4264 4263
3 4259 4261 4264
3 4261 4265 4264
3 4261 3866 4265
3 3866 3873 4265
3 4195 4266 4196
3 4197 4266 4195
3 4267 4266 4197
3 4193 4267 4197
3 4193 4262 4267
3 4262 4268 4267
3 4262 4263 4268
3 4263 4269 4268
3 4263 4264 4269
3 4264 4270 4269
3 4264 4265 4270
3 4265 4271 4270
3 4265 3873 4271
3 3873 3877 4271
3 4266 4199 4196
3 4199 3821 3776
3 4199 4266 3821
3 4266 4267 3821
3 3779 4268 4200
3 3779 3821 4268
3 3821 4267 4268
3 4200 3824 3780
3 4200 4268 3824
3 4268 4269 3824
3 4269 4270 3824
3 4270 3826 3824
3 4270 4271 3826
3 4271 3828 3826
3 4271 3877 3828
3 3877 1979 3828
3 4202 4272 4203
3 4204 4272 4202
3 4273 4272 4204
3 3851 4273 4204
3 3881 4273 3851
3 4206 4274 4207
3 4208 4274 4206
3 4275 4274 4208
3 4209 4275 4208
3 4276 4275 4209
3 4276 4277 4278
3 4209 4277 4276
3 4209 4272 4277
3 4209 4203 4272
3 4272 4273 4279
3 4277 4272 4279
3 4273 3881 3885
3 4279 4273 3885
3 4280 4207 4274
3 4212 4207 4280
3 4274 4275 4280
3 4275 4281 4280
3 4282 4283 4281
3 4282 4281 4276
3 4276 4281 4275
3 4276 4278 4282
3 4214 4284 4215
3 4212 4284 4214
3 4212 4280 4284
3 4280 4285 4284
3 4280 4281 4285
3 4281 4286 4285
3 4283 4287 4288
3 4283 4288 4281
3 4281 4288 4286
3 4287 4289 4290
3 4288 4287 4290
3 4289 4291 4292
3 4290 4289 4292
3 4291 3889 3890
3 4292 4291 3890
3 4284 4217 4215
3 4217 4293 4219
3 4217 4284 4293
3 4284 4285 4293
3 4285 4286 4293
3 4286 4294 4293
3 4286 4288 4294
3 4288 4295 4294
3 4288 4290 4295
3 4290 4296 4295
3 4290 4292 4296
3 4292 4297 4296
3 4292 3890 4297
3 3890 3897 4297
3 4298 4219 4293
3 4222 4219 4298
3 4293 4294 4298
3 4294 4299 4298
3 4294 4295 4299
3 4295 4300 4299
3 4295 4296 4300
3 4296 4301 4300
3 4296 4297 4301
3 4297 4302 4301
3 4297 3897 4302
3 3897 3901 4302
3 4298 4225 4222
3 4299 4225 4298
3 4227 4225 4299
3 4300 4227 4299
3 4229 4227 4300
3 4229 4303 4231
3 4229 4300 4303
3 4300 4301 4303
3 4301 4302 4303
3 4302 4304 4303
3 4302 3901 4304
3 3901 3905 4304
3 4236 4305 4237
3 4231 4305 4236
3 4231 4303 4305
3 4303 4306 4305
3 4303 4304 4306
3 4304 4307 4306
3 4304 3905 4307
3 3905 3909 4307
3 4305 4241 4237
3 4306 4241 4305
3 4243 4241 4306
3 4307 4243 4306
3 4245 4243 4307
3 3909 4245 4307
3 3855 4245 3909
3 4251 4308 4252
3 4253 4308 4251
3 4309 4308 4253
3 3862 4309 4253
3 3914 4309 3862
3 4308 4258 4252
3 4309 4258 4308
3 4260 4258 4309
3 3914 4260 4309
3 3865 4260 3914
3 4277 4310 4278
3 4279 4310 4277
3 4311 4310 4279
3 3885 4311 4279
3 3918 4311 3885
3 4282 4312 4283
3 4278 4312 4282
3 4278 4310 4312
3 4310 4313 4312
3 4310 4311 4313
3 4311 4314 4313
3 4311 3918 4314
3 3918 3922 4314
3 4312 4287 4283
3 4313 4287 4312
3 4289 4287 4313
3 4314 4289 4313
3 4291 4289 4314
3 3922 4291 4314
3 3889 4291 3922
3 4315 4316 8
3 4316 9 8
3 4316 4317 9
3 4317 10 9
3 4317 4318 10
3 4318 11 10
3 4319 4320 11
3 4319 11 4321
3 4321 11 4318
3 4322 4323 4315
3 4323 4316 4315
3 4323 4324 4316
3 4324 4317 4316
3 4324 4325 4317
3 4325 4318 4317
3 4325 4326 4318
3 4326 4321 4318
3 4327 4328 4322
3 4328 4323 4322
3 4328 4329 4323
3 4329 4324 4323
3 4329 4330 4324
3 4330 4325 4324
3 4332 4327 4331
3 4332 4333 4327
3 4333 4328 4327
3 4331 4334 4332
3 4333 4335 4328
3 4335 4329 4328
3 4335 4336 4329
3 4336 4330 4329
3 4332 4337 4333
3 4337 4332 4334
3 4337 4334 4339
3 4339 4334 4338
3 4340 4333 4337
3 4335 4333 4340
3 4339 4341 4340
3 4337 4339 4340
3 4342 4335 4340
3 4336 4335 4342
3 4341 4343 4342
3 4340 4341 4342
3 4345 4346 4344
3 4345 4339 4346
3 4339 4338 4346
3 4344 4347 4345
3 4348 4339 4345
3 4341 4339 4348
3 4347 4349 4348
3 4345 4347 4348
3 4350 4344 4346
3 4344 4350 4351
3 4344 4351 4347
3 4347 4351 4352
3 4352 4353 4347
3 4353 4349 4347
3 4355 4351 4354
3 4352 4351 4355
3 4354 4356 4355
3 4356 4357 4355
3 4358 4083 4084
3 4358 4084 4356
3 4356 4084 4357
3 4359 4352 4355
3 4353 4352 4359
3 4360 4361 4359
3 4360 4359 4357
3 4357 4359 4355
3 4049 4083 4358
3 4363 4364 4362
3 4364 4365 4362
3 4366 4367 4363
3 4367 4364 4363
3 4367 4368 4364
3 4368 4369 4364
3 4373 4370 4372
3 4371 4370 4373
3 4370 4371 4367
3 4366 4370 4367
3 4375 4371 4373
3 4374 4371 4375
3 4371 4374 4368
3 4367 4371 4368
3 4374 4376 4377
3 4368 4374 4377
3 4379 4380 4378
3 4379 4373 4380
3 4373 4372 4380
3 4378 4381 4379
3 4382 4373 4379
3 4382 4383 4373
3 4383 4375 4373
3 4379 4381 4382
3 4383 4384 4375
3 4384 4385 4375
3 4387 4386 4388
3 4378 4391 4389
3 4378 4380 4391
3 4380 4390 4391
3 4378 4389 4381
3 4389 4383 4382
3 4389 4391 4383
3 4391 4392 4383
3 4389 4382 4381
3 4392 4393 4383
3 4393 4384 4383
3 4393 4394 4384
3 4394 4395 4384
3 4397 4396 4398
3 4399 4400 4390
3 4400 4391 4390
3 4400 4401 4391
3 4401 4392 4391
3 4401 4402 4392
3 4402 4393 4392
3 4402 4403 4393
3 4403 4394 4393
3 4403 4404 4394
3 4404 4405 4394
3 4407 4406 4408
3 4409 4410 4399
3 4410 4400 4399
3 4410 4411 4400
3 4411 4401 4400
3 4411 4412 4401
3 4412 4402 4401
3 4412 4413 4402
3 4413 4403 4402
3 4413 4414 4403
3 4414 4404 4403
3 4414 4415 4404
3 4415 4416 4404
3 4417 4418 4409
3 4418 4410 4409
3 4418 4419 4410
3 4419 4411 4410
3 4419 4420 4411
3 4420 4412 4411
3 4420 4421 4412
3 4421 4413 4412
3 4421 4422 4413
3 4422 4414 4413
3 4422 4423 4414
3 4423 4415 4414
3 4423 4424 4415
3 4424 4425 4415
3 4429 4426 4428
3 4427 4426 4429
3 4426 4427 4418
3 4417 4426 4418
3 4431 4427 4429
3 4430 4427 4431
3 4427 4430 4419
3 4418 4427 4419
3 4431 4432 4430
3 4430 4432 4433
3 4430 4433 4419
3 4419 4433 4420
3 4433 4434 4420
3 4434 4421 4420
3 4434 4435 4421
3 4435 4422 4421
3 4435 4436 4422
3 4436 4423 4422
3 4436 4437 4423
3 4437 4424 4423
3 4437 4438 4424
3 4438 4439 4424
3 4441 4428 4440
3 4441 4442 4428
3 4442 4429 4428
3 4440 4443 4441
3 4445 4442 4444
3 4445 4431 4442
3 4431 4429 4442
3 4444 4446 4445
3 4445 4432 4431
3 4432 4445 4446
3 4432 4446 4433
3 4433 4446 4447
3 4447 4448 4433
3 4448 4434 4433
3 4448 4449 4434
3 4449 4435 4434
3 4449 4450 4435
3 4450 4436 4435
3 4450 4451 4436
3 4451 4437 4436
3 4451 4452 4437
3 4452 4438 4437
3 4452 4453 4438
3 4453 4454 4438
3 4455 4442 4441
3 4455 4456 4442
3 4456 4457 4442
3 4455 4441 4443
3 4444 4459 4458
3 4444 4442 4459
3 4442 4457 4459
3 4444 4458 4446
3 4461 4458 4459
3 4460 4458 4461
3 4458 4460 4447
3 4446 4458 4447
3 4461 4462 4460
3 4460 4462 4463
3 4460 4463 4447
3 4447 4463 4448
3 4463 4464 4448
3 4464 4449 4448
3 4464 4465 4449
3 4465 4450 4449
3 4465 4466 4450
3 4466 4451 4450
3 4466 4467 4451
3 4467 4452 4451
3 4467 4468 4452
3 4468 4453 4452
3 4468 4469 4453
3 4469 4470 4453
3 4471 4472 4456
3 4472 4457 4456
3 4472 4473 4457
3 4473 4459 4457
3 4473 4474 4459
3 4474 4461 4459
3 4474 4462 4461
3 4475 4462 4474
3 4462 4475 4476
3 4463 4462 4476
3 4476 4477 4463
3 4477 4464 4463
3 4477 4478 4464
3 4478 4465 4464
3 4478 4479 4465
3 4479 4466 4465
3 4479 4480 4466
3 4480 4467 4466
3 4480 4481 4467
3 4481 4468 4467
3 4481 4482 4468
3 4482 4469 4468
3 4483 4484 4485
3 4483 4485 4482
3 4482 4485 4469
3 4486 4487 4471
3 4487 4472 4471
3 4487 4488 4472
3 4488 4473 4472
3 4488 4489 4473
3 4489 4474 4473
3 4475 4491 4490
3 4475 4474 4491
3 4474 4489 4491
3 4475 4490 4476
3 4491 4492 4490
3 4490 4492 4493
3 4490 4493 4476
3 4476 4493 4477
3 4493 4494 4477
3 4494 4478 4477
3 4494 4495 4478
3 4495 4479 4478
3 4495 4496 4479
3 4496 4480 4479
3 4496 4497 4480
3 4497 4481 4480
3 4497 4498 4481
3 4498 4482 4481
3 4499 4483 4482
3 4499 4482 4500
3 4500 4482 4498
3 4501 4499 4500
3 4502 4504 4503
3 4505 4506 4486
3 4506 4487 4486
3 4506 4507 4487
3 4507 4488 4487
3 4507 4508 4488
3 4508 4489 4488
3 4508 4509 4489
3 4509 4491 4489
3 4492 4511 4510
3 4492 4491 4511
3 4491 4509 4511
3 4492 4510 4493
3 4511 4512 4510
3 4510 4512 4513
3 4510 4513 4493
3 4493 4513 4494
3 4513 4514 4494
3 4514 4495 4494
3 4514 4515 4495
3 4515 4496 4495
3 4515 4516 4496
3 4516 4497 4496
3 4516 4517 4497
3 4517 4498 4497
3 4517 4518 4498
3 4518 4500 4498
3 4519 4501 4500
3 4519 4500 4520
3 4520 4500 4518
3 4521 4519 4520
3 4522 4524 4523
3 4526 4525 4527
3 4529 4528 4530
3 4533 4535 4536
3 4533 4536 4531
3 4531 4536 4537
3 4538 4535 4534
3 4539 4535 4538
3 4535 4539 4540
3 4536 4535 4540
3 4540 4541 4536
3 4541 4542 4536
3 4539 4545 4544
3 4539 4538 4545
3 4538 4543 4545
3 4539 4544 4540
3 4545 4546 4544
3 4544 4546 4547
3 4544 4547 4540
3 4540 4547 4541
3 4547 4362 4541
3 4362 4548 4541
3 4549 4550 4543
3 4550 4545 4543
3 4550 4546 4545
3 4551 4546 4550
3 4546 4551 4552
3 4547 4546 4552
3 4552 4363 4547
3 4363 4362 4547
3 4553 4554 4549
3 4554 4550 4549
3 4551 4556 4555
3 4551 4550 4556
3 4550 4554 4556
3 4551 4555 4552
3 4556 4557 4555
3 4555 4557 4366
3 4555 4366 4552
3 4552 4366 4363
3 4558 4559 4553
3 4559 4554 4553
3 4559 4560 4554
3 4560 4556 4554
3 4557 4372 4370
3 4557 4556 4372
3 4556 4560 4372
3 4557 4370 4366
3 4561 4562 4558
3 4562 4559 4558
3 4562 4563 4559
3 4563 4560 4559
3 4563 4380 4560
3 4380 4372 4560
3 4564 4565 4561
3 4565 4562 4561
3 4565 4566 4562
3 4566 4563 4562
3 4566 4390 4563
3 4390 4380 4563
3 4567 4568 4564
3 4568 4565 4564
3 4568 4569 4565
3 4569 4566 4565
3 4569 4399 4566
3 4399 4390 4566
3 4570 4571 4567
3 4571 4568 4567
3 4571 4572 4568
3 4572 4569 4568
3 4572 4409 4569
3 4409 4399 4569
3 4574 4575 4570
3 4575 4571 4570
3 4575 4576 4571
3 4576 4572 4571
3 4576 4417 4572
3 4417 4409 4572
3 4577 4578 4573
3 4578 4574 4573
3 4578 4579 4574
3 4579 4575 4574
3 4582 4581 4580
3 4580 4581 4576
3 4580 4576 4579
3 4579 4576 4575
3 4428 4581 4582
3 4426 4581 4428
3 4581 4426 4417
3 4576 4581 4417
3 4585 1851 1853
3 4585 4584 1851
3 4584 4583 1851
3 4583 4584 4578
3 4577 4583 4578
3 4587 4584 4585
3 4586 4584 4587
3 4584 4586 4579
3 4578 4584 4579
3 4586 4582 4580
3 4586 4587 4582
3 4587 4588 4582
3 4586 4580 4579
3 4440 4588 4589
3 4440 4428 4588
3 4428 4582 4588
3 4589 4443 4440
3 1853 1855 4590
3 4585 1853 4590
3 4592 4590 4591
3 4592 4587 4590
3 4587 4585 4590
3 4591 4593 4592
3 4594 4587 4592
3 4588 4587 4594
3 4593 4595 4594
3 4592 4593 4594
3 4589 4456 4455
3 4589 4588 4456
3 4596 4456 4594
3 4594 4456 4588
3 4596 4594 4595
3 4455 4443 4589
3 1855 1857 4590
3 4598 4597 4591
3 1859 4598 4591
3 1859 4591 4590
3 1859 4590 1857
3 4591 4597 4593
3 4600 4597 4598
3 4599 4597 4600
3 4597 4599 4595
3 4593 4597 4595
3 4599 4456 4596
3 4599 4600 4456
3 4600 4471 4456
3 4599 4596 4595
3 1859 1862 4598
3 1862 1864 4601
3 1862 4601 4598
3 4598 4601 4600
3 4601 4486 4600
3 4486 4471 4600
3 1685 4602 1865
3 1864 1865 4602
3 1864 4602 4601
3 4601 4602 4603
3 4603 4505 4601
3 4505 4486 4601
3 4604 4605 4505
3 4605 4506 4505
3 4605 4606 4506
3 4606 4507 4506
3 4606 4607 4507
3 4607 4508 4507
3 4607 4608 4508
3 4608 4509 4508
3 4608 4609 4509
3 4609 4511 4509
3 4609 4512 4511
3 4610 4512 4609
3 4512 4610 4611
3 4513 4512 4611
3 4611 4612 4513
3 4612 4514 4513
3 4612 4613 4514
3 4613 4515 4514
3 4613 4614 4515
3 4614 4516 4515
3 4614 4615 4516
3 4615 4517 4516
3 4615 4616 4517
3 4616 4518 4517
3 4616 4617 4518
3 4617 4520 4518
3 4618 4521 4520
3 4617 4618 4520
3 4619 4620 4604
3 4620 4605 4604
3 4620 4621 4605
3 4621 4606 4605
3 4621 4622 4606
3 4622 4607 4606
3 4622 4623 4607
3 4623 4608 4607
3 4623 4624 4608
3 4624 4609 4608
3 4610 4626 4625
3 4610 4609 4626
3 4609 4624 4626
3 4610 4625 4611
3 4626 4627 4625
3 4625 4627 4628
3 4625 4628 4611
3 4611 4628 4612
3 4628 4629 4612
3 4629 4613 4612
3 4629 4630 4613
3 4630 4614 4613
3 4630 4631 4614
3 4631 4615 4614
3 4631 4632 4615
3 4632 4616 4615
3 4635 4634 4633
3 4633 4634 4617
3 4633 4617 4632
3 4632 4617 4616
3 4634 4637 4618
3 4634 4635 4637
3 4635 4636 4637
3 4634 4618 4617
3 4638 4639 4619
3 4639 4620 4619
3 4639 4640 4620
3 4640 4621 4620
3 4640 4641 4621
3 4641 4622 4621
3 4641 4642 4622
3 4642 4623 4622
3 4642 4643 4623
3 4643 4624 4623
3 4643 4644 4624
3 4644 4626 4624
3 4644 4627 4626
3 4645 4627 4644
3 4627 4645 4646
3 4628 4627 4646
3 4646 4647 4628
3 4647 4629 4628
3 4647 4648 4629
3 4648 4630 4629
3 4648 4649 4630
3 4649 4631 4630
3 4649 4650 4631
3 4650 4632 4631
3 4635 4651 4652
3 4633 4651 4635
3 4651 4633 4632
3 4650 4651 4632
3 4652 4653 4635
3 4653 4636 4635
3 4653 4654 4636
3 4654 4655 4636
3 4656 4657 4638
3 4657 4639 4638
3 4657 4658 4639
3 4658 4640 4639
3 4658 4659 4640
3 4659 4641 4640
3 4659 4660 4641
3 4660 4642 4641
3 4660 4661 4642
3 4661 4643 4642
3 4661 4662 4643
3 4662 4644 4643
3 4645 4664 4663
3 4645 4644 4664
3 4644 4662 4664
3 4645 4663 4646
3 4664 4665 4663
3 4663 4665 4666
3 4663 4666 4646
3 4646 4666 4647
3 4666 4667 4647
3 4667 4648 4647
3 4667 4668 4648
3 4668 4649 4648
3 4671 4670 4669
3 4669 4670 4650
3 4669 4650 4668
3 4668 4650 4649
3 4670 4652 4651
3 4670 4671 4652
3 4671 4672 4652
3 4670 4651 4650
3 4672 4673 4652
3 4673 4653 4652
3 4673 4674 4653
3 4674 4654 4653
3 4674 4675 4654
3 4675 4676 4654
3 4677 4678 4656
3 4678 4657 4656
3 4678 4679 4657
3 4679 4658 4657
3 4679 4680 4658
3 4680 4659 4658
3 4680 4681 4659
3 4681 4660 4659
3 4681 4682 4660
3 4682 4661 4660
3 4682 4683 4661
3 4683 4662 4661
3 4683 4684 4662
3 4684 4664 4662
3 4665 4686 4685
3 4665 4664 4686
3 4664 4684 4686
3 4665 4685 4666
3 4688 4685 4686
3 4687 4685 4688
3 4685 4687 4667
3 4666 4685 4667
3 4690 4687 4688
3 4689 4687 4690
3 4687 4689 4668
3 4667 4687 4668
3 4689 4671 4669
3 4689 4690 4671
3 4690 4691 4671
3 4689 4669 4668
3 4691 4692 4671
3 4692 4672 4671
3 4692 4693 4672
3 4693 4673 4672
3 4693 4694 4673
3 4694 4674 4673
3 4694 4695 4674
3 4695 4675 4674
3 4695 1866 4675
3 1866 4696 4675
3 4697 4698 4677
3 4698 4678 4677
3 4698 4699 4678
3 4699 4679 4678
3 4699 4700 4679
3 4700 4680 4679
3 4700 4701 4680
3 4701 4681 4680
3 4701 4702 4681
3 4702 4682 4681
3 2150 2151 4683
3 2150 4683 4702
3 4702 4683 4682
3 2151 2153 4703
3 2151 4703 4683
3 4683 4703 4684
3 4703 4704 4684
3 4704 4686 4684
3 4704 4705 4686
3 4705 4688 4686
3 4705 4706 4688
3 4706 4690 4688
3 4706 4707 4690
3 4707 4691 4690
3 4707 4708 4691
3 4708 4692 4691
3 4708 4709 4692
3 4709 4693 4692
3 4709 4710 4693
3 4710 4694 4693
3 4710 4711 4694
3 4711 4695 4694
3 4711 1867 4695
3 1867 1866 4695
3 1755 2155 4698
3 4697 1755 4698
3 2155 2158 4699
3 4698 2155 4699
3 2158 2160 4700
3 4699 2158 4700
3 2160 2162 4701
3 4700 2160 4701
3 2162 2164 4702
3 4701 2162 4702
3 2164 2150 4702
3 2166 4712 2167
3 2153 2167 4712
3 2153 4712 4703
3 4703 4712 4713
3 4713 4714 4703
3 4714 4704 4703
3 4714 4715 4704
3 4715 4705 4704
3 4715 4716 4705
3 4716 4706 4705
3 4716 4717 4706
3 4717 4707 4706
3 4717 4718 4707
3 4718 4708 4707
3 4718 4719 4708
3 4719 4709 4708
3 4719 4720 4709
3 4720 4710 4709
3 4720 4721 4710
3 4721 4711 4710
3 4721 1870 4711
3 1870 1867 4711
3 1767 4722 2169
3 2175 4723 2176
3 2166 2176 4723
3 2166 4723 4712
3 4712 4723 4724
3 2177 2178 4713
3 2177 4713 4724
3 4724 4713 4712
3 2178 2180 4714
3 4713 2178 4714
3 2180 2182 4725
3 2180 4725 4714
3 4714 4725 4715
3 4725 4726 4715
3 4726 4716 4715
3 4726 4727 4716
3 4727 4717 4716
3 4727 4728 4717
3 4728 4718 4717
3 4728 4729 4718
3 4729 4719 4718
3 4729 4730 4719
3 4730 4720 4719
3 4730 4731 4720
3 4731 4721 4720
3 4731 1874 4721
3 1874 1870 4721
3 1778 2169 4722
3 2175 2189 4723
3 2189 2191 4724
3 4723 2189 4724
3 2191 2177 4724
3 2182 2195 4725
3 2195 2197 4732
3 2195 4732 4725
3 4725 4732 4726
3 4732 4733 4726
3 4733 4727 4726
3 4733 4734 4727
3 4734 4728 4727
3 4734 4735 4728
3 4735 4729 4728
3 4735 4736 4729
3 4736 4730 4729
3 4736 4737 4730
3 4737 4731 4730
3 4737 1879 4731
3 1879 1874 4731
3 2197 2208 4738
3 4732 2197 4738
3 4738 4739 4732
3 4739 4733 4732
3 4739 4740 4733
3 4740 4734 4733
3 4740 4741 4734
3 4741 4735 4734
3 4741 4742 4735
3 4742 4736 4735
3 4742 4743 4736
3 4743 4737 4736
3 4743 1885 4737
3 1885 1879 4737
3 2208 2230 4738
3 2230 2232 4744
3 2230 4744 4738
3 4738 4744 4739
3 4744 4745 4739
3 4745 4740 4739
3 4745 4746 4740
3 4746 4741 4740
3 4746 4747 4741
3 4747 4742 4741
3 4747 4748 4742
3 4748 4743 4742
3 4748 1893 4743
3 1893 1885 4743
3 2232 2247 4749
3 4744 2232 4749
3 4749 4750 4744
3 4750 4745 4744
3 4750 4751 4745
3 4751 4746 4745
3 4751 4752 4746
3 4752 4747 4746
3 4752 4753 4747
3 4753 4748 4747
3 4753 1899 4748
3 1899 1893 4748
3 2247 2276 4749
3 2276 2278 4754
3 2276 4754 4749
3 4749 4754 4750
3 4754 4755 4750
3 4755 4751 4750
3 4755 4756 4751
3 4756 4752 4751
3 4756 4757 4752
3 4757 4753 4752
3 4757 1903 4753
3 1903 1899 4753
3 2278 2310 4754
3 2310 2312 4758
3 2310 4758 4754
3 4754 4758 4755
3 4758 4759 4755
3 4759 4756 4755
3 2313 2314 4757
3 2313 4757 4759
3 4759 4757 4756
3 2314 81 1903
3 4757 2314 1903
3 2312 2350 4758
3 2350 2352 4759
3 4758 2350 4759
3 2352 2313 4759
3 2378 2587 2656
3 4761 1666 2659
3 4760 4761 2659
3 4761 4760 4762
3 4765 4764 4760
3 4765 4760 2661
3 2661 4760 2659
3 4760 4764 4762
3 2661 2663 4766
3 2661 4766 4765
3 4765 4766 4767
3 4766 4768 4767
3 4768 4769 4767
3 4768 4771 4769
3 4771 4772 4769
3 2664 1669 4772
3 2664 4772 4774
3 4774 4772 4771
3 2664 4774 2666
3 2389 2656 2587
3 2663 2683 4766
3 2683 2685 4775
3 2683 4775 4766
3 4766 4775 4768
3 4775 4777 4768
3 4777 4771 4768
3 4776 4770 4778
3 4778 4770 4773
3 4777 4779 4771
3 4779 4774 4771
3 2686 2666 4774
3 2686 4774 4780
3 4780 4774 4779
3 2686 4780 2688
3 4784 4782 4783
3 4782 4785 4786
3 4783 4782 4786
3 4784 4783 4787
3 4783 4786 4788
3 4787 4783 4788
3 2685 2706 4775
3 2706 2708 4789
3 2706 4789 4775
3 4775 4789 4777
3 4789 4790 4777
3 4790 4779 4777
3 4790 4792 4779
3 4792 4780 4779
3 4791 4781 4793
3 2709 2688 4780
3 4792 2709 4780
3 4782 4784 4794
3 4785 4782 4794
3 4795 4785 4794
3 4795 4781 4785
3 4795 4796 4781
3 4796 4793 4781
3 4794 4784 4787
3 4795 4794 4787
3 4788 4795 4787
3 4796 4795 4788
3 2708 2731 4789
3 2731 2733 4798
3 2731 4798 4789
3 4789 4798 4790
3 4798 4800 4790
3 4800 4792 4790
3 4799 4791 4801
3 4801 4791 4793
3 2734 2709 4792
3 2734 4792 4802
3 4802 4792 4800
3 4801 4793 4803
3 4803 4793 4796
3 4802 2735 2734
3 4804 4805 4806
3 4804 4807 4808
3 4805 4804 4808
3 4807 4809 4810
3 4808 4807 4810
3 4809 4803 4796
3 4806 4805 4811
3 4805 4808 4812
3 4811 4805 4812
3 4808 4810 4813
3 4812 4808 4813
3 4813 4797 4814
3 2733 2762 4798
3 2762 2765 4800
3 4798 2762 4800
3 2765 2767 4815
3 2765 4815 4800
3 4800 4815 4802
3 4816 4801 4803
3 4804 2768 4817
3 4804 4806 2768
3 4817 2768 4815
3 2735 4802 2768
3 4815 2768 4802
3 4817 4818 4804
3 4804 4818 4807
3 4818 4819 4807
3 4807 4819 4809
3 4819 4803 4809
3 4816 4803 4819
3 2768 4806 4811
3 2768 4811 2769
3 2769 4811 4820
3 4820 4811 4821
3 4811 4812 4821
3 4821 4812 4822
3 4812 4813 4822
3 4813 4823 4822
3 4814 4823 4813
3 4823 4814 4824
3 2767 2797 4815
3 2797 4817 4815
3 2797 2799 4817
3 2799 4825 4817
3 4825 4826 4817
3 4817 4826 4818
3 4826 4827 4818
3 4818 4827 4819
3 4820 2800 2769
3 4828 2800 4820
3 4821 4828 4820
3 4829 4828 4821
3 4822 4829 4821
3 4830 4829 4822
3 4822 4823 4830
3 2800 4828 4831
3 2801 2800 4831
3 4828 4829 4832
3 4831 4828 4832
3 4829 4830 4833
3 4832 4829 4833
3 4830 4834 4833
3 4830 4823 4834
3 4823 4824 4834
3 4836 4835 4825
3 4836 4825 2828
3 2828 4825 2799
3 4826 4825 4835
3 4837 4826 4835
3 4827 4826 4837
3 4838 4827 4837
3 4840 2832 4841
3 4840 4835 2832
3 2831 2832 4836
3 4836 2832 4835
3 4835 4842 4837
3 4840 4842 4835
3 4837 4843 4838
3 4842 4843 4837
3 4838 4843 4839
3 4845 2835 2834
3 4841 2832 4844
3 4844 2832 2801
3 4844 2801 4831
3 4844 4831 4846
3 4831 4832 4846
3 4846 4832 4847
3 4832 4833 4847
3 4833 4848 4847
3 4834 4848 4833
3 2835 4845 2836
3 4834 4849 4848
3 2828 2855 4836
3 2831 4836 2855
3 4841 4850 4840
3 4842 4840 4850
3 4851 4842 4850
3 4843 4842 4851
3 4852 4843 4851
3 4841 4844 4850
3 2834 2863 4845
3 4851 4850 4844
3 4846 4851 4844
3 4852 4851 4846
3 4847 4852 4846
3 4847 4853 4852
3 4847 4848 4853
3 4848 4854 4853
3 2863 2836 4845
3 4854 4848 4855
3 4855 4848 4849
3 4854 4856 4853
3 4860 4858 4859
3 4861 4859 4858
3 4860 4859 4862
3 4859 4861 4862
3 4865 4863 4864
3 4857 4864 4863
3 4864 4858 4860
3 4864 4860 4865
3 4865 4860 4866
3 4861 4864 4867
3 4861 4858 4864
3 4866 4860 4862
3 4868 4866 4862
3 4868 4862 4861
3 4867 4868 4861
3 4865 4870 4869
3 4863 4865 4869
3 4870 4865 4871
3 4871 4865 4866
3 4871 4866 4868
3 4872 4871 4868
3 4872 4868 4867
3 2619 2618 4873
3 2618 2620 4873
3 3002 4874 3003
3 4870 4876 4875
3 4869 4870 4875
3 3003 4874 3006
3 4876 4870 4877
3 4877 4870 4871
3 4877 4871 4872
3 4879 4877 4872
3 2504 2643 3011
3 2645 2644 4880
3 4882 4873 4881
3 4880 4873 4882
3 4880 2619 4873
3 4880 2644 2619
3 4881 4873 2620
3 4881 2620 4883
3 4883 2620 2646
3 4885 4882 4881
3 4884 4885 4881
3 4883 4886 4884
3 4881 4883 4884
3 4885 4884 4887
3 4884 4886 4887
3 4890 4888 4889
3 4888 4891 4889
3 4894 4892 4893
3 4892 4896 4893
3 4890 4889 4895
3 4889 4891 4895
3 4894 4893 4897
3 4893 4896 4897
3 4899 4874 3002
3 4899 3002 4898
3 4898 3002 3031
3 4898 4900 4901
3 4899 4898 4901
3 4876 4901 4900
3 4876 4900 4875
3 4875 4900 4902
3 4874 4899 4903
3 4874 4903 3006
3 3006 4903 3033
3 4899 4901 4904
3 4903 4899 4904
3 4901 4905 4904
3 4901 4876 4905
3 4876 4877 4905
3 4905 4877 4879
3 4907 4905 4879
3 4907 4879 4878
3 4906 4907 4878
3 3040 4908 4909
3 3011 4908 3040
3 3011 2654 4908
3 3011 2643 2654
3 2654 2645 4880
3 2654 4880 4908
3 4908 4880 4910
3 4880 4911 4910
3 4882 4911 4880
3 2655 4912 2646
3 4912 4883 2646
3 4909 4913 3041
3 3040 4909 3041
3 4911 4882 4914
3 4914 4882 4885
3 4912 4915 4883
3 4915 4886 4883
3 4913 4916 3042
3 3041 4913 3042
3 4919 4917 4918
3 4917 4920 4918
3 4917 4885 4920
3 4917 4914 4885
3 4885 4887 4920
3 4920 4887 4886
3 4920 4886 4921
3 4921 4886 4915
3 3042 4916 3044
3 4923 4919 4918
3 4922 4923 4918
3 4890 4920 4888
3 4890 4922 4920
3 4922 4918 4920
3 4888 4920 4921
3 4888 4921 4891
3 4891 4921 4924
3 4922 4925 4923
3 4892 4894 4926
3 4925 4922 4890
3 4925 4890 4895
3 4925 4895 4928
3 4927 4928 4895
3 4926 4896 4892
3 4927 4895 4891
3 4927 4891 4929
3 4929 4891 4924
3 4926 4894 4897
3 4927 4930 4931
3 4927 4931 4928
3 4926 4897 4896
3 4929 4932 4930
3 4927 4929 4930
3 4935 4933 4934
3 4933 4931 4930
3 4933 4930 4934
3 4934 4930 4936
3 4932 4937 4936
3 4930 4932 4936
3 4935 4934 4938
3 4934 4936 4939
3 4938 4934 4939
3 4936 4937 4939
3 4942 4940 4941
3 4940 4943 4941
3 4942 4941 4944
3 4941 4943 4944
3 4898 3031 3059
3 4945 4898 3059
3 4945 4947 4946
3 4945 4946 4898
3 4898 4946 4900
3 4949 4948 4902
3 4949 4902 4946
3 4946 4902 4900
3 3033 4903 4945
3 3033 4945 3059
3 3061 4950 3062
3 4947 4945 4903
3 4947 4903 4951
3 4951 4903 4904
3 4953 4948 4905
3 4953 4952 4948
3 4905 4948 4904
3 4949 4951 4948
3 4904 4948 4951
3 4952 4954 4906
3 3062 4950 3067
3 4953 4905 4907
3 4955 4953 4907
3 4955 4907 4906
3 4954 4955 4906
3 4908 4956 4909
3 4910 4956 4908
3 4957 4956 4910
3 4910 4911 4957
3 4958 4909 4956
3 4913 4909 4958
3 4956 4957 4958
3 4957 4959 4958
3 4957 4914 4959
3 4911 4914 4957
3 3092 4915 4912
3 4960 4913 4958
3 4916 4913 4960
3 4919 4959 4917
3 4919 4960 4959
3 4960 4958 4959
3 4959 4914 4917
3 4916 3069 3044
3 4916 4960 3069
3 4960 4961 3069
3 4960 4923 4961
3 4919 4923 4960
3 3093 4924 4921
3 3095 3096 3070
3 3095 3070 4961
3 4961 3070 3069
3 4961 4923 4925
3 4961 4925 3095
3 3095 4925 3098
3 4925 3099 3098
3 4928 3099 4925
3 3093 3100 4924
3 3100 4929 4924
3 3070 3096 3071
3 3104 3103 4962
3 3103 4931 4962
3 3103 3099 4931
3 3099 4928 4931
3 3100 3106 4929
3 3106 4932 4929
3 4962 4933 4935
3 4962 4935 3104
3 3104 4935 3109
3 4962 4931 4933
3 3106 3111 4932
3 3111 4937 4932
3 3109 4935 4938
3 3115 3109 4938
3 3116 4939 4963
3 3116 3115 4939
3 3115 4938 4939
3 4963 4939 4937
3 4963 4937 3118
3 3118 4937 3111
3 3124 3122 4964
3 3122 3116 4963
3 3122 4963 4964
3 4964 4963 4965
3 3118 3126 4965
3 4963 3118 4965
3 3130 3124 4964
3 4966 3130 4964
3 4942 4965 4940
3 4942 4966 4965
3 4966 4964 4965
3 4940 4965 3126
3 4940 3126 4943
3 4943 3126 3132
3 3130 4966 3135
3 3137 4944 4967
3 3135 4944 3137
3 3135 4942 4944
3 3135 4966 4942
3 4967 4944 4943
3 4967 4943 3139
3 3139 4943 3132
3 4947 3142 3140
3 4946 4947 3140
3 3137 4967 4968
3 3137 4968 4946
3 3137 4946 3140
3 4949 4946 4968
3 3139 3144 4968
3 4967 3139 4968
3 4969 4950 3061
3 4969 3061 3147
3 3147 3061 3084
3 3147 4970 4969
3 3147 4947 4970
3 3147 3142 4947
3 4947 4951 4970
3 4953 4968 4952
3 4953 4970 4968
3 4949 4968 4951
3 4951 4968 4970
3 4950 4969 3150
3 4950 3150 3067
3 3067 3150 3088
3 3153 3150 4969
3 3153 4969 4971
3 4971 4969 4970
3 4955 4970 4953
3 4955 4972 4970
3 4972 4971 4970
3 3153 4971 3158
3 4971 4972 3161
3 3158 4971 3161
3 4972 3155 3161
3 3358 4973 408
3 4973 409 408
3 4973 4974 409
3 4974 410 409
3 4974 4975 410
3 4975 411 410
3 4975 4976 411
3 4976 412 411
3 4976 4977 412
3 4977 413 412
3 4977 4978 413
3 4978 414 413
3 4978 4979 414
3 4979 415 414
3 4979 4980 415
3 4980 416 415
3 4980 4981 416
3 4981 417 416
3 4981 4982 417
3 4982 418 417
3 4982 4983 418
3 4983 419 418
3 4983 4984 419
3 4984 420 419
3 421 4985 422
3 4985 421 420
3 4985 420 4986
3 4986 420 4984
3 4987 422 4985
3 4987 4988 422
3 4988 423 422
3 4985 4986 4987
3 4988 4989 423
3 4989 424 423
3 4989 4315 424
3 4315 8 424
3 3394 4990 3358
3 4990 4973 3358
3 4990 4991 4973
3 4991 4974 4973
3 4991 4992 4974
3 4992 4975 4974
3 4992 4993 4975
3 4993 4976 4975
3 4993 4994 4976
3 4994 4977 4976
3 4994 4995 4977
3 4995 4978 4977
3 4995 4996 4978
3 4996 4979 4978
3 4996 4997 4979
3 4997 4980 4979
3 4997 4998 4980
3 4998 4981 4980
3 4998 4999 4981
3 4999 4982 4981
3 4999 5000 4982
3 5000 4983 4982
3 5000 5001 4983
3 5001 4984 4983
3 5001 5002 4984
3 5002 4986 4984
3 4987 5003 4988
3 5003 4987 4986
3 5003 4986 5004
3 5004 4986 5002
3 5005 4988 5003
3 5005 5006 4988
3 5006 4989 4988
3 5003 5004 5005
3 5006 4322 4989
3 4322 4315 4989
3 3428 5007 3394
3 5007 4990 3394
3 5007 5008 4990
3 5008 4991 4990
3 5008 5009 4991
3 5009 4992 4991
3 5009 5010 4992
3 5010 4993 4992
3 5010 5011 4993
3 5011 4994 4993
3 5011 5012 4994
3 5012 4995 4994
3 5012 5013 4995
3 5013 4996 4995
3 5013 5014 4996
3 5014 4997 4996
3 5014 5015 4997
3 5015 4998 4997
3 5015 5016 4998
3 5016 4999 4998
3 5016 5017 4999
3 5017 5000 4999
3 5017 5018 5000
3 5018 5001 5000
3 5018 5019 5001
3 5019 5002 5001
3 5019 5020 5002
3 5020 5004 5002
3 5006 5021 5022
3 5005 5021 5006
3 5021 5005 5004
3 5020 5021 5004
3 5022 4327 5006
3 4327 4322 5006
3 3461 5023 3428
3 5023 5007 3428
3 5023 5024 5007
3 5024 5008 5007
3 5024 5025 5008
3 5025 5009 5008
3 5025 5026 5009
3 5026 5010 5009
3 5026 5027 5010
3 5027 5011 5010
3 5027 5028 5011
3 5028 5012 5011
3 5028 5029 5012
3 5029 5013 5012
3 5029 5030 5013
3 5030 5014 5013
3 5030 5031 5014
3 5031 5015 5014
3 5031 5032 5015
3 5032 5016 5015
3 5032 5033 5016
3 5033 5017 5016
3 5033 5034 5017
3 5034 5018 5017
3 5034 5035 5018
3 5035 5019 5018
3 5035 5036 5019
3 5036 5020 5019
3 5021 5037 5022
3 5037 5021 5020
3 5037 5020 5038
3 5038 5020 5036
3 4331 5022 5037
3 4327 5022 4331
3 5038 4334 4331
3 5037 5038 4331
3 5040 3491 5039
3 5040 5023 3491
3 5023 3461 3491
3 5039 5041 5040
3 5042 5023 5040
3 5024 5023 5042
3 5041 5043 5042
3 5040 5041 5042
3 5044 5024 5042
3 5044 5045 5024
3 5045 5025 5024
3 5042 5043 5044
3 5045 5046 5025
3 5046 5026 5025
3 5046 5047 5026
3 5047 5027 5026
3 5047 5048 5027
3 5048 5028 5027
3 5048 5049 5028
3 5049 5029 5028
3 5049 5050 5029
3 5050 5030 5029
3 5050 5051 5030
3 5051 5031 5030
3 5051 5052 5031
3 5052 5032 5031
3 5052 5053 5032
3 5053 5033 5032
3 5053 5054 5033
3 5054 5034 5033
3 5054 5055 5034
3 5055 5035 5034
3 5055 5056 5035
3 5056 5036 5035
3 5056 5057 5036
3 5057 5038 5036
3 5057 4338 5038
3 4338 4334 5038
3 3518 5039 3491
3 5058 3518 3519
3 5058 5041 3518
3 5058 5059 5041
3 5041 5039 3518
3 3519 3520 5058
3 5059 5060 5041
3 5060 5043 5041
3 5044 5061 5045
3 5061 5044 5043
3 5061 5043 5062
3 5062 5043 5060
3 5063 5045 5061
3 5046 5045 5063
3 5062 5064 5063
3 5061 5062 5063
3 5065 5046 5063
3 5047 5046 5065
3 5064 5066 5065
3 5063 5064 5065
3 5067 5047 5065
3 5048 5047 5067
3 5066 5068 5067
3 5065 5066 5067
3 5069 5048 5067
3 5049 5048 5069
3 5068 5070 5069
3 5067 5068 5069
3 5071 5049 5069
3 5071 5072 5049
3 5072 5050 5049
3 5069 5070 5071
3 5072 5073 5050
3 5073 5051 5050
3 5073 5074 5051
3 5074 5052 5051
3 5074 5075 5052
3 5075 5053 5052
3 5077 5075 5076
3 5077 5054 5075
3 5054 5053 5075
3 5076 5078 5077
3 5079 5054 5077
3 5079 5080 5054
3 5080 5055 5054
3 5077 5078 5079
3 5080 5081 5055
3 5081 5056 5055
3 5081 5082 5056
3 5082 5057 5056
3 5082 4346 5057
3 4346 4338 5057
3 5058 5083 5059
3 5083 5058 3520
3 5083 3520 5084
3 5084 3520 3537
3 5085 5059 5083
3 5060 5059 5085
3 5084 5086 5087
3 5084 5087 5083
3 5083 5087 5085
3 5086 5088 5087
3 5089 5060 5085
3 5062 5060 5089
3 5085 5087 5089
3 5087 5090 5089
3 5088 5091 5090
3 5087 5088 5090
3 5092 5062 5089
3 5064 5062 5092
3 5093 5094 5092
3 5093 5092 5090
3 5090 5092 5089
3 5090 5091 5093
3 5095 5064 5092
3 5066 5064 5095
3 5094 5096 5095
3 5092 5094 5095
3 5097 5066 5095
3 5068 5066 5097
3 5096 5098 5097
3 5095 5096 5097
3 5099 5068 5097
3 5070 5068 5099
3 5098 5100 5099
3 5097 5098 5099
3 5071 5101 5072
3 5101 5102 5103
3 5071 5102 5101
3 5071 5099 5102
3 5071 5070 5099
3 5099 5100 5102
3 5104 5072 5101
3 5073 5072 5104
3 5103 5105 5104
3 5101 5103 5104
3 5106 5073 5104
3 5074 5073 5106
3 5105 5107 5106
3 5104 5105 5106
3 5108 5074 5106
3 5075 5074 5108
3 5107 5109 5108
3 5106 5107 5108
3 5108 5076 5075
3 5076 5108 5109
3 5076 5109 5078
3 5078 5109 5110
3 5079 5111 5080
3 5111 5079 5078
3 5111 5078 5112
3 5112 5078 5110
3 5113 5080 5111
3 5081 5080 5113
3 5112 5114 5113
3 5111 5112 5113
3 5115 5081 5113
3 5082 5081 5115
3 5114 5116 5115
3 5113 5114 5115
3 4350 5082 5115
3 4346 5082 4350
3 5116 4351 4350
3 5115 5116 4350
3 3549 5117 3548
3 3548 5117 5118
3 3548 5118 3537
3 3537 5118 5084
3 5086 5120 5119
3 5086 5084 5120
3 5084 5118 5120
3 5086 5119 5088
3 5122 5119 5120
3 5121 5119 5122
3 5119 5121 5091
3 5088 5119 5091
3 5124 5122 5123
3 5124 5094 5122
3 5121 5122 5093
3 5093 5122 5094
3 5121 5093 5091
3 5123 5125 5124
3 5126 5094 5124
3 5096 5094 5126
3 5125 5127 5126
3 5124 5125 5126
3 5128 5096 5126
3 5098 5096 5128
3 5127 5129 5128
3 5126 5127 5128
3 5130 5098 5128
3 5100 5098 5130
3 5129 4004 4005
3 5129 4005 5128
3 5128 4005 5130
3 5102 5131 5103
3 5100 5131 5102
3 5100 5130 5131
3 5130 5132 5131
3 5130 4005 5132
3 4005 4007 5132
3 5133 5103 5131
3 5105 5103 5133
3 5131 5132 5133
3 5132 5134 5133
3 5132 4007 5134
3 4007 4009 5134
3 5135 5105 5133
3 5107 5105 5135
3 5133 5134 5135
3 5134 5136 5135
3 5134 4009 5136
3 4009 4011 5136
3 5137 5107 5135
3 5109 5107 5137
3 5135 5136 5137
3 5136 5138 5137
3 5136 4011 5138
3 4011 4015 5138
3 5139 5109 5137
3 5110 5109 5139
3 5137 5138 5139
3 5138 5140 5139
3 5138 4015 5140
3 4015 4018 5140
3 5141 5110 5139
3 5112 5110 5141
3 5139 5140 5141
3 5140 5142 5141
3 5140 4018 5142
3 4018 4020 5142
3 5143 5112 5141
3 5114 5112 5143
3 5141 5142 5143
3 5142 5144 5143
3 4022 5145 5144
3 4022 5144 4020
3 4020 5144 5142
3 5146 5114 5143
3 5116 5114 5146
3 5143 5144 5146
3 5144 5147 5146
3 5145 5148 5147
3 5144 5145 5147
3 4354 5116 5146
3 4351 5116 4354
3 5146 5147 4354
3 5147 4356 4354
3 5148 4358 4356
3 5147 5148 4356
3 5117 5150 5149
3 5117 3549 5150
3 3549 3559 5150
3 5117 5149 5118
3 5150 5151 5149
3 5149 5151 5152
3 5149 5152 5118
3 5118 5152 5120
3 5152 5153 5120
3 5153 5122 5120
3 5123 5155 5154
3 5123 5122 5155
3 5122 5153 5155
3 5123 5154 5125
3 5155 5156 5154
3 5154 5156 5157
3 5154 5157 5125
3 5125 5157 5127
3 5157 5158 5127
3 5158 5129 5127
3 4004 5159 4027
3 4004 5129 5159
3 5129 5158 5159
3 5159 4028 4027
3 4022 4040 5145
3 4045 5145 4040
3 5148 5145 4045
3 4049 5148 4045
3 4358 5148 4049
3 5151 5160 5152
3 5160 5161 5153
3 5152 5160 5153
3 5163 5162 5161
3 5161 5162 5164
3 5161 5164 5153
3 5153 5164 5155
3 5156 5166 5165
3 5156 5155 5166
3 5155 5164 5166
3 5156 5165 5157
3 5168 5165 5166
3 5167 5165 5168
3 5165 5167 5158
3 5157 5165 5158
3 5168 5169 5167
3 5167 5169 5170
3 5167 5170 5158
3 5158 5170 5159
3 4028 5171 4052
3 4028 5159 5171
3 5159 5170 5171
3 5172 4052 5171
3 4053 4052 5172
3 5172 4054 4053
3 5162 5173 5164
3 5169 5174 5170
3 4054 5176 4068
3 4054 5172 5176
3 5172 5175 5176
3 5176 4069 4068
3 1432 2031 1433
3 1472 1433 2031
3 2041 1472 2031
3 1506 1472 2041
3 1506 2041 5177
3 5177 2041 2056
3 1506 5177 1507
3 2070 5178 2056
3 5178 5177 2056
3 1532 1507 5177
3 1532 5177 5179
3 5179 5177 5178
3 1532 5179 1533
3 5180 2070 2082
3 5178 2070 5180
3 2083 5181 5180
3 2082 2083 5180
3 5182 5178 5180
3 5182 5183 5178
3 5183 5179 5178
3 5180 5181 5182
3 1562 1533 5179
3 1562 5179 5184
3 5184 5179 5183
3 1562 5184 1563
3 2096 5185 2083
3 5185 5181 2083
3 5183 5186 5187
3 5182 5186 5183
3 5186 5182 5181
3 5185 5186 5181
3 5187 5188 5183
3 5188 5184 5183
3 1588 1563 5184
3 1588 5184 5189
3 5189 5184 5188
3 1588 5189 1589
3 1616 5190 2108
3 1617 5190 1616
3 2108 5190 5191
3 2108 5191 2096
3 2096 5191 5185
3 5186 5192 5187
3 5192 5186 5185
3 5192 5185 5193
3 5193 5185 5191
3 5194 5187 5192
3 5194 5195 5187
3 5195 5188 5187
3 5192 5193 5194
3 5195 5196 5188
3 5196 5189 5188
3 1619 1589 5189
3 1619 5189 5197
3 5197 5189 5196
3 1619 5197 1620
3 1641 5198 5190
3 1641 5190 1617
3 1639 2120 1640
3 5190 5198 5191
3 1641 5199 5198
3 1643 5199 1641
3 5198 5199 5200
3 5198 5200 5191
3 5191 5200 5193
3 5194 5201 5195
3 5201 5194 5193
3 5201 5193 5202
3 5202 5193 5200
3 5203 5195 5201
3 5203 5204 5195
3 5204 5196 5195
3 5201 5202 5203
3 5204 5205 5196
3 5205 5197 5196
3 1644 1620 5197
3 1644 5197 5206
3 5206 5197 5205
3 1644 5206 1645
3 1661 1640 2120
3 5199 1643 1664
3 5207 5199 1664
3 5199 5207 5200
3 1664 4761 5207
3 1666 4761 1664
3 5207 4761 4762
3 5207 4762 5200
3 5200 4762 5202
3 5204 4764 4765
3 5203 4764 5204
3 4764 5203 5202
3 4762 4764 5202
3 4765 4767 5204
3 4767 5205 5204
3 4767 4769 5205
3 4769 5206 5205
3 1667 1645 5206
3 1667 5206 4772
3 4772 5206 4769
3 1667 4772 1669
3 5208 5209 1683
3 1681 5208 1683
3 1685 1683 5209
3 1685 5209 4602
3 4602 5209 5210
3 5210 5211 4602
3 5211 4603 4602
3 5211 4604 4603
3 4604 4505 4603
3 5212 5213 5208
3 5213 5209 5208
3 5213 5214 5209
3 5214 5210 5209
3 5214 5215 5210
3 5215 5211 5210
3 5215 4619 5211
3 4619 4604 5211
3 1688 1702 5216
3 5212 1688 5216
3 5216 5217 5212
3 5217 5213 5212
3 5217 5218 5213
3 5218 5214 5213
3 5218 5219 5214
3 5219 5215 5214
3 5219 4638 5215
3 4638 4619 5215
3 1702 1708 5216
3 1708 1711 5220
3 1708 5220 5216
3 5216 5220 5217
3 5220 5221 5217
3 5221 5218 5217
3 5221 5222 5218
3 5222 5219 5218
3 5222 4656 5219
3 4656 4638 5219
3 1711 1724 5220
3 1724 1726 5223
3 1724 5223 5220
3 5220 5223 5221
3 5223 5224 5221
3 5224 5222 5221
3 5224 4677 5222
3 4677 4656 5222
3 5225 5226 1736
3 1733 5225 1736
3 1726 1736 5226
3 1726 5226 5223
3 5223 5226 5227
3 5227 5228 5223
3 5228 5224 5223
3 5228 4697 5224
3 4697 4677 5224
3 5229 5230 5225
3 5230 5226 5225
3 5230 5231 5226
3 5231 5227 5226
3 5231 5232 5227
3 5232 5228 5227
3 1754 1755 4697
3 1754 4697 5232
3 5232 4697 5228
3 1745 1758 5229
3 1758 1760 5230
3 5229 1758 5230
3 1760 1762 5231
3 5230 1760 5231
3 1762 1764 5233
3 1762 5233 5231
3 5231 5233 5232
3 1767 1754 5232
3 1767 5232 4722
3 4722 5232 5233
3 1770 5234 1773
3 1764 1776 5233
3 1776 1778 4722
3 5233 1776 4722
3 1781 1773 5234
