ply
format ascii 1.0
comment Created by Open3D
element vertex 8978
property double x
property double y
property double z
property double nx
property double ny
property double nz
property uchar red
property uchar green
property uchar blue
element face 16843
property list uchar uint vertex_indices
end_header
3.177 3.74814 0.825 -0.910329 -0.199739 -0.362498 106 110 113
3.17601 3.753 0.825 -0.937641 0 -0.347605 104 107 110
3.177 3.753 0.822323 -0.557557 -0.103153 -0.823705 115 118 117
3.177 3.75399 0.825 -0.683996 0.683996 -0.253573 104 107 110
3.17732 3.747 0.825 -0.632844 -0.26893 -0.726075 106 110 113
3.183 3.747 0.820193 -0.55629 -0.12908 -0.820902 119 121 120
3.183 3.753 0.821514 -0.130637 0.213071 -0.968264 116 118 118
3.189 3.7526 0.819 -0.284863 -0.153749 -0.946158 121 124 121
3.18859 3.753 0.819 -0.155922 0 -0.987769 121 124 121
3.189 3.753 0.818935 -0.113734 0.0275511 -0.993129 121 125 121
3.189 3.7531 0.819 -0.020802 0.562121 -0.826793 121 124 121
3.19183 3.747 0.819 -0.265807 -0.147751 -0.952636 120 122 118
3.195 3.747 0.818119 -0.319597 -0.0459677 -0.946438 122 123 118
3.195 3.753 0.818797 -0.191131 0.127559 -0.973241 106 109 108
3.195 3.7533 0.819 -0.0189786 0.562098 -0.826853 105 109 108
3.201 3.747 0.814846 -0.338008 -0.0833224 -0.937448 122 122 115
3.201 3.753 0.81651 -0.413024 0.197894 -0.88896 107 110 107
3.207 3.747 0.814112 -0.0425491 -0.378507 -0.92462 120 118 113
3.207 3.753 0.813707 -0.281277 0.100198 -0.954381 122 120 114
3.25361 3.747 0.813 -0.521661 -0.300305 -0.798553 80 85 82
3.255 3.747 0.81188 -0.120314 -0.562129 -0.818251 78 83 80
3.261 3.747 0.81088 -0.0200108 -0.706965 -0.706965 75 81 79
3.267 3.747 0.811154 0.135565 -0.700579 -0.700579 65 73 71
3.55571 3.711 0.963 0.800675 -0.2641 0.537746 48 46 43
3.555 3.71034 0.963 0.63137 -0.569684 0.526147 47 46 42
3.555 3.711 0.963837 0.884274 -0.40299 0.23592 47 45 42
3.55584 3.711 0.987 0.921726 -0.385653 0.0411409 51 48 41
3.555 3.71018 0.987 0.588602 -0.808071 -0.0238594 48 45 38
3.555 3.711 0.984201 0.714909 -0.646374 -0.266657 46 44 38
3.55509 3.711 0.993 0.961924 -0.232367 0.143905 48 46 39
3.555 3.71092 0.993 0.434076 -0.888426 0.149255 48 46 38
3.555 3.711 0.993423 0.652591 -0.674744 0.34474 48 46 38
3.55772 3.717 0.963 0.802664 0.33274 0.494989 36 35 33
3.55679 3.717 0.969 0.991046 -0.116733 -0.064823 36 35 32
3.555 3.71319 0.969 0.877866 -0.471533 0.0837174 39 38 34
3.55891 3.717 0.975 0.994358 -0.00712858 -0.105837 44 42 37
3.555 3.71186 0.975 0.820207 -0.564371 -0.0935226 42 40 35
3.55835 3.717 0.981 0.933178 -0.347453 -0.0919552 49 47 41
3.555 3.71249 0.981 0.763467 -0.645826 -0.00527339 46 43 38
3.55754 3.717 0.987 0.898467 -0.425352 0.108776 47 45 38
3.556 3.717 0.993 0.827708 -0.557467 0.0642655 43 41 33
3.55618 3.717 0.999 0.744152 -0.666911 -0.0383005 44 41 34
3.555 3.71515 0.999 0.796784 -0.555015 0.238942 43 40 33
3.55749 3.717 1.005 0.519747 -0.851182 0.0731668 47 45 38
3.555 3.71596 1.005 0.676092 -0.716753 0.170774 42 40 33
3.555 3.717 1.00737 0.597875 -0.721434 0.349396 40 38 31
3.555 3.71846 0.963 0.710251 0.69708 0.0980972 29 30 29
3.561 3.72161 0.969 -0.196296 -0.969289 -0.148143 35 34 31
3.55805 3.723 0.969 -0.43848 -0.871904 -0.217986 28 27 26
3.555 3.72046 0.969 0.825637 0.536358 -0.175053 27 27 26
3.561 3.723 0.96683 -0.470463 -0.76379 -0.441917 30 30 28
3.561 3.71946 0.975 -0.0770482 -0.995506 -0.0550606 42 40 36
3.55651 3.723 0.975 -0.471435 -0.866709 -0.162987 26 25 24
3.555 3.72177 0.975 0.775243 0.604653 -0.18274 26 26 24
3.561 3.72131 0.981 0.232496 -0.97167 0.0424613 43 41 36
3.555 3.723 0.977388 0.713855 -0.499964 -0.490355 24 24 23
3.561 3.72293 0.987 0.68746 -0.714231 0.131426 39 38 34
3.561 3.72142 0.993 0.676129 -0.735299 -0.0467448 48 47 40
3.561 3.72087 0.999 0.667796 -0.742316 -0.0549124 49 46 39
3.561 3.71962 1.005 0.717295 -0.675301 0.17163 52 49 41
3.56019 3.723 1.011 0.555088 -0.707885 0.436779 45 42 35
3.555 3.71893 1.011 0.585702 -0.68741 0.429442 41 39 33
3.561 3.723 1.00969 0.691233 -0.597982 0.405727 45 42 34
3.55526 3.723 1.017 0.496043 -0.766863 0.407263 41 41 34
3.555 3.72279 1.017 0.711086 -0.596958 0.371481 40 40 34
3.555 3.723 1.01732 0.677475 -0.594616 0.432965 40 41 34
3.555 3.72572 0.963 0.524067 -0.850119 0.0514922 32 34 33
3.555 3.72369 0.969 0.196028 -0.964567 -0.176591 27 27 26
3.555 3.72342 0.975 0.139726 -0.987343 -0.0750422 28 28 27
3.555 3.7253 1.023 0.496582 -0.804603 0.325608 39 39 33
3.567 3.72086 0.963 -0.106768 -0.993153 -0.0474003 62 56 50
3.56419 3.723 0.963 -0.498379 -0.7673 0.403571 41 39 35
3.567 3.71945 0.969 0.256404 -0.960256 0.110292 64 59 52
3.567 3.72244 0.975 0.346041 -0.936583 0.0553902 61 55 48
3.567 3.72192 0.981 0.281474 -0.944687 0.168341 66 61 53
3.56123 3.723 0.987 0.445795 -0.875476 -0.186571 40 39 35
3.567 3.723 0.983323 0.335713 -0.854101 0.397251 65 60 52
3.56395 3.723 0.993 0.596193 -0.801754 -0.0417623 56 53 46
3.56221 3.723 0.999 0.91943 -0.386502 0.0725538 50 47 39
3.56179 3.723 1.005 0.967883 -0.226268 0.109571 49 46 38
3.567 3.72352 0.975 0 0 0 58 53 46
3.56908 3.723 0.963 0.813431 -0.561178 0.153002 64 59 53
3.56916 3.723 0.969 0.797412 -0.592473 0.114499 71 66 58
3.56837 3.723 0.975 0.490596 -0.871384 -0.00229205 65 60 53
3.56818 3.723 0.981 0.669627 -0.734525 0.109878 69 64 56
3.36718 3.687 0.963 0.0496901 -0.982354 0.180312 78 91 96
3.363 3.68675 0.963 0.0161243 -0.99058 0.13598 78 91 96
3.363 3.687 0.964169 -0.0735671 -0.982733 0.169775 78 91 96
3.369 3.68709 0.963 0.117785 -0.979301 0.164608 79 91 97
3.369 3.68826 0.969 0.102113 -0.981149 0.164075 81 93 99
3.363 3.68784 0.969 -0.0176162 -0.984474 0.174642 79 92 98
3.369 3.68915 0.975 0.0704016 -0.978438 0.194172 82 95 101
3.363 3.6892 0.975 0.0193653 -0.985346 0.169467 81 94 100
3.369 3.69049 0.981 0.0812792 -0.982055 0.170182 84 97 103
3.363 3.69004 0.981 0.0460206 -0.98605 0.159958 83 96 102
3.369 3.69143 0.987 0.0850216 -0.983929 0.157017 85 98 104
3.363 3.691 0.987 0.0342536 -0.989338 0.141553 84 97 103
3.369 3.69241 0.993 0.124746 -0.978854 0.162121 86 99 105
3.363 3.69157 0.993 0.00738379 -0.985134 0.171628 85 98 105
3.369 3.693 0.996012 0.124406 -0.969632 0.210563 87 100 105
3.363 3.693 0.998854 -0.0255083 -0.975391 0.219 87 100 106
3.369 3.69361 0.999 0.0306535 -0.988841 0.145786 87 100 106
3.363 3.69304 0.999 0.0468272 -0.98112 0.187643 87 100 106
3.369 3.69472 1.005 0.0206181 -0.984561 0.173822 90 103 108
3.363 3.69418 1.005 0.00428634 -0.983255 0.182186 89 102 108
3.369 3.69559 1.011 -0.00140879 -0.992987 0.118212 92 104 110
3.363 3.69537 1.011 0.0424845 -0.988064 0.148071 92 104 110
3.369 3.69633 1.017 -0.0693075 -0.994245 0.0816849 94 107 112
3.363 3.69651 1.017 0.0384495 -0.994929 0.0929414 95 108 112
3.369 3.6963 1.023 -0.0363669 -0.994862 0.0944865 88 100 104
3.363 3.69632 1.023 0.0577588 -0.997965 0.0270015 89 101 105
3.369 3.69739 1.029 0.0449834 -0.989526 0.137166 92 103 108
3.363 3.69651 1.029 0.0351832 -0.991745 0.123303 93 105 109
3.369 3.6982 1.035 0.088066 -0.981376 0.170719 95 106 110
3.363 3.69745 1.035 -0.0693874 -0.978989 0.191744 96 107 112
3.36583 3.699 1.041 0.145876 -0.966852 0.209563 97 109 113
3.363 3.69868 1.041 -0.0197875 -0.981259 0.191677 97 109 113
3.369 3.699 1.0391 0.0825991 -0.974474 0.208752 96 107 112
3.363 3.699 1.04301 -0.0895046 -0.977461 0.191205 99 110 114
3.369 3.69953 1.041 0.0671232 -0.985539 0.155589 97 108 113
3.369 3.70003 1.047 0.0758134 -0.986742 0.143504 99 110 114
3.363 3.69986 1.047 0.0284412 -0.987912 0.152387 101 112 116
3.369 3.70124 1.053 0.0299318 -0.982295 0.184934 102 112 116
3.363 3.70119 1.053 0.078491 -0.981447 0.174932 104 114 118
3.369 3.70245 1.059 0.00784171 -0.974392 0.224719 105 114 117
3.363 3.70214 1.059 0.0779352 -0.970575 0.22784 107 116 119
3.375 3.68793 0.963 -0.0066429 -0.989515 0.144277 81 94 98
3.375 3.68902 0.969 0.0195786 -0.984062 0.176745 83 95 100
3.375 3.68992 0.975 0.0325704 -0.984264 0.173678 84 96 102
3.375 3.69124 0.981 0.0222613 -0.982672 0.184012 85 97 103
3.375 3.69207 0.987 0.0413313 -0.984463 0.170659 86 98 104
3.37262 3.693 0.993 0.149008 -0.972291 0.180132 87 99 105
3.375 3.693 0.9908 0.0564374 -0.976726 0.206933 87 99 105
3.375 3.69332 0.993 -0.02299 -0.997203 0.0711162 87 99 105
3.375 3.69357 0.999 -0.0492659 -0.995687 0.0786127 88 101 106
3.375 3.69429 1.005 -0.0652496 -0.98045 0.185636 90 103 108
3.375 3.69555 1.011 -0.0164256 -0.995483 0.0935134 92 105 110
3.375 3.6954 1.017 -2.01742e-05 -0.997082 0.0763382 90 103 107
3.375 3.69579 1.023 0.0640595 -0.986934 0.14784 88 100 104
3.375 3.69729 1.029 0.0763947 -0.97722 0.198001 91 103 107
3.375 3.69829 1.035 0.109241 -0.978593 0.174417 94 105 109
3.375 3.699 1.03786 0.0676679 -0.974195 0.215326 95 106 110
3.375 3.69962 1.041 0.035734 -0.987868 0.151131 96 107 111
3.375 3.70077 1.047 0.0569782 -0.985078 0.162404 99 109 113
3.375 3.70172 1.053 0.0967062 -0.983155 0.155096 101 111 115
3.375 3.70233 1.059 0.0806122 -0.979207 0.186157 104 113 115
3.381 3.68733 0.963 0.0481847 -0.992829 0.109399 82 94 99
3.381 3.68834 0.969 0.0227305 -0.983951 0.176984 83 96 100
3.381 3.68965 0.975 0.00353622 -0.985069 0.172121 85 97 102
3.381 3.69068 0.981 -0.0326176 -0.985411 0.167036 86 98 103
3.381 3.69176 0.987 -0.0548128 -0.983771 0.170853 87 99 104
3.381 3.69283 0.993 -0.0440903 -0.98589 0.161482 88 100 104
3.37925 3.693 0.993 -0.0947909 -0.983216 0.155888 88 100 105
3.381 3.693 0.995909 -0.0360665 -0.997663 0.0580257 88 101 105
3.381 3.69319 0.999 0.0609542 -0.992662 0.104438 88 101 106
3.381 3.69363 1.005 0.0454289 -0.986557 0.156975 90 103 108
3.381 3.69537 1.011 -0.00804403 -0.989803 0.142215 92 105 109
3.381 3.69566 1.017 -0.0142799 -0.992898 0.118106 86 98 101
3.381 3.69718 1.023 0.00580499 -0.977407 0.211285 88 100 103
3.381 3.69882 1.029 0.0479998 -0.973156 0.225084 90 101 104
3.37734 3.699 1.035 0.235987 -0.95461 0.181744 93 105 108
3.381 3.699 1.02975 0.0660013 -0.982493 0.174215 91 102 105
3.381 3.69981 1.035 -0.00290501 -0.996985 0.0775429 93 104 108
3.381 3.69954 1.041 0.0160723 -0.993713 0.110794 96 107 111
3.381 3.70085 1.047 0.0192481 -0.978614 0.204803 98 109 113
3.381 3.70208 1.053 0.0188699 -0.983282 0.181108 101 111 114
3.381 3.70345 1.059 0.0347241 -0.97519 0.218629 103 112 114
3.387 3.68829 0.963 0.0255285 -0.989624 0.141398 84 95 99
3.387 3.68946 0.969 0.0667867 -0.98438 0.162897 85 96 101
3.387 3.6902 0.975 0.0773413 -0.985452 0.151337 86 98 103
3.387 3.69092 0.981 0.0792687 -0.990055 0.11622 87 99 103
3.387 3.69148 0.987 0.0338241 -0.988807 0.145316 88 100 104
3.387 3.69258 0.993 0.0254828 -0.98351 0.179047 88 100 105
3.387 3.693 0.994887 0.0648616 -0.98055 0.185241 88 101 105
3.387 3.69414 0.999 0.0613737 -0.981161 0.183183 89 101 106
3.387 3.69511 1.005 0.0928529 -0.988042 0.123089 91 104 107
3.387 3.69576 1.011 0.0683965 -0.99421 0.0828716 92 105 109
3.387 3.6956 1.017 0.0443767 -0.996196 0.074997 86 98 101
3.387 3.69642 1.023 -0.000285975 -0.986057 0.166405 88 100 102
3.387 3.69751 1.029 -0.089983 -0.975169 0.202358 90 101 104
3.387 3.69872 1.035 -0.0377877 -0.978103 0.204665 92 103 106
3.38558 3.699 1.035 -0.184837 -0.969763 0.159357 93 103 107
3.387 3.699 1.0368 -0.0883537 -0.981721 0.168572 93 104 107
3.387 3.69976 1.041 0.0259358 -0.988866 0.14653 95 105 109
3.387 3.70104 1.047 0.024448 -0.977568 0.209197 97 108 111
3.387 3.70233 1.053 0.044222 -0.985408 0.164362 100 110 112
3.387 3.70283 1.059 0.0187375 -0.986646 0.161797 103 112 113
3.393 3.68782 0.963 -0.0206965 -0.984954 0.171575 85 96 100
3.393 3.68907 0.969 -0.0207632 -0.982975 0.182562 86 97 101
3.393 3.69021 0.975 -0.00804101 -0.980163 0.198028 87 98 102
3.393 3.69151 0.981 0.0566586 -0.986852 0.151372 88 100 104
3.393 3.69215 0.987 0.104412 -0.984232 0.142781 89 101 105
3.39193 3.693 0.993 0.0932407 -0.966485 0.239192 89 101 105
3.393 3.693 0.992317 0.113009 -0.981473 0.154726 89 101 105
3.393 3.6931 0.993 0.103948 -0.979485 0.17264 89 101 105
3.393 3.69425 0.999 0.0466244 -0.992217 0.115466 90 102 106
3.393 3.69488 1.005 -0.0437529 -0.993928 0.100959 92 104 107
3.393 3.69569 1.011 -0.0663399 -0.990799 0.117965 94 105 109
3.393 3.69596 1.017 0.0393216 -0.992954 0.111787 87 98 101
3.393 3.69705 1.023 0.0875971 -0.985035 0.148436 89 100 102
3.393 3.69781 1.029 0.113682 -0.975155 0.190129 90 100 103
3.39005 3.699 1.035 0.0949346 -0.978949 0.180683 92 103 106
3.393 3.699 1.03385 0.148615 -0.960672 0.234568 92 102 105
3.393 3.69927 1.035 0.0972767 -0.982909 0.156292 92 102 106
3.393 3.70015 1.041 0.0897833 -0.986481 0.137089 94 105 108
3.393 3.70115 1.047 0.0365319 -0.980963 0.190726 97 107 110
3.393 3.7024 1.053 0.0219118 -0.979801 0.198771 99 109 111
3.393 3.7036 1.059 0.077407 -0.976366 0.201785 101 110 111
3.399 3.68794 0.963 0.042707 -0.979154 0.198578 88 98 101
3.399 3.68936 0.969 0.064004 -0.98078 0.18432 88 98 102
3.399 3.69011 0.975 0.042325 -0.982771 0.179918 89 100 103
3.399 3.69178 0.981 0.011057 -0.978686 0.205063 90 101 105
3.39886 3.693 0.987 0.139508 -0.978194 0.153864 91 102 106
3.399 3.693 0.986876 0.131961 -0.970653 0.201047 91 102 106
3.399 3.69302 0.987 -0.00896991 -0.987327 0.158443 91 102 106
3.399 3.694 0.993 -0.0620567 -0.985158 0.160037 92 103 107
3.399 3.69488 0.999 -0.00351968 -0.994042 0.108938 92 103 107
3.399 3.6948 1.005 0.0302093 -0.999518 0.00721063 93 104 107
3.399 3.69461 1.011 -0.0141998 -0.989569 0.143359 87 97 100
3.399 3.69608 1.017 0.0244174 -0.981434 0.190239 88 99 101
3.399 3.69758 1.023 0.0498403 -0.976486 0.209739 90 100 102
3.3983 3.699 1.029 0.210944 -0.950785 0.226958 91 101 103
3.399 3.699 1.02825 0.141847 -0.95753 0.251031 91 100 103
3.399 3.69915 1.029 0.0188063 -0.990993 0.132584 91 101 103
3.399 3.69976 1.035 0.0463215 -0.984824 0.16726 92 103 105
3.399 3.701 1.041 0.0916822 -0.986275 0.137314 94 104 107
3.399 3.70141 1.047 0.0967644 -0.983325 0.153977 96 106 109
3.399 3.70262 1.053 0.0936061 -0.976198 0.195642 98 108 110
3.399 3.70373 1.059 0.0797397 -0.973367 0.214938 100 109 110
3.405 3.68827 0.963 0.0585528 -0.980111 0.189614 89 99 102
3.405 3.68977 0.969 0.0140875 -0.977304 0.211374 90 100 103
3.405 3.69094 0.975 0.0350287 -0.989485 0.140328 90 101 103
3.405 3.69157 0.981 -0.00699598 -0.986883 0.161284 92 102 105
3.405 3.6926 0.987 -0.0659418 -0.991789 0.109577 93 103 106
3.39927 3.693 0.987 -0.0686973 -0.989832 0.124549 91 102 106
3.405 3.69256 0.993 -0.00952521 -0.997051 0.0761453 93 104 107
3.40318 3.693 0.993 -0.167912 -0.981629 0.0906129 93 103 107
3.405 3.693 0.99593 -0.0984681 -0.977885 0.184515 93 104 107
3.405 3.69369 0.999 -0.0116763 -0.983706 0.179406 93 104 107
3.405 3.69488 1.005 0.0028051 -0.996866 0.079059 94 105 108
3.405 3.69506 1.011 0.0402045 -0.989704 0.137364 88 97 100
3.405 3.69691 1.017 0.0409543 -0.976552 0.211351 89 99 101
3.405 3.69767 1.023 0.0322272 -0.985121 0.168814 90 100 102
3.405 3.69869 1.029 -0.00661174 -0.982019 0.188667 91 101 103
3.40104 3.699 1.029 -0.0804907 -0.968279 0.23655 91 101 103
3.405 3.699 1.0307 -0.0272062 -0.981343 0.19033 92 102 104
3.405 3.69985 1.035 0.0193489 -0.981316 0.191428 93 103 105
3.405 3.70125 1.041 0.0106129 -0.984918 0.172695 95 105 107
3.405 3.70207 1.047 0.0265621 -0.984981 0.170609 96 106 108
3.405 3.70346 1.053 0.0512958 -0.974119 0.220138 98 108 110
3.405 3.7048 1.059 0.0935779 -0.977585 0.188602 99 107 108
3.411 3.68882 0.963 0.0170546 -0.988555 0.149891 90 100 102
3.411 3.68961 0.969 0.0226486 -0.984283 0.175138 91 101 103
3.411 3.69063 0.975 0.0158933 -0.987452 0.157115 92 101 104
3.411 3.6914 0.981 0.0183878 -0.991326 0.130133 93 102 105
3.411 3.69228 0.987 0.0422925 -0.990241 0.132792 93 103 106
3.40894 3.693 0.993 0.142207 -0.970569 0.194353 94 104 107
3.411 3.693 0.991604 0.128158 -0.977617 0.166855 94 104 107
3.411 3.69335 0.993 0.114554 -0.975774 0.186392 94 104 107
3.411 3.69456 0.999 0.100941 -0.984704 0.142015 95 105 107
3.411 3.69525 1.005 0.0719234 -0.993529 0.0879017 95 105 108
3.411 3.69545 1.011 0.0653764 -0.991087 0.116071 89 97 99
3.411 3.6966 1.017 0.0294907 -0.980599 0.193794 90 99 100
3.411 3.6977 1.023 0.00658889 -0.985353 0.170401 91 100 101
3.411 3.69881 1.029 0.0403751 -0.980301 0.193341 92 100 102
3.411 3.699 1.02996 0.0534916 -0.974526 0.217801 92 101 103
3.411 3.70028 1.035 0.0599794 -0.980138 0.189029 93 102 104
3.411 3.70124 1.041 0.0342517 -0.989072 0.143397 94 103 105
3.411 3.70187 1.047 -0.00560745 -0.988118 0.153593 96 105 107
3.411 3.70326 1.053 -0.0328765 -0.968901 0.245254 98 107 109
3.411 3.70474 1.059 -0.00474698 -0.974774 0.223144 98 106 107
3.417 3.68847 0.963 -0.00320782 -0.991026 0.133631 91 101 102
3.417 3.68972 0.969 0.0211547 -0.976451 0.214701 92 102 103
3.417 3.69101 0.975 0.0821681 -0.981832 0.171039 93 102 104
3.417 3.692 0.981 0.0899474 -0.983358 0.157849 94 103 105
3.41647 3.693 0.987 0.144594 -0.974723 0.170319 94 103 105
3.417 3.693 0.986441 0.0985857 -0.979578 0.175235 94 103 105
3.417 3.69308 0.987 0.0390013 -0.991891 0.120956 94 103 105
3.417 3.69394 0.993 0.00410149 -0.988592 0.150562 95 104 106
3.417 3.69507 0.999 -0.0196639 -0.990981 0.132555 95 105 107
3.417 3.69558 1.005 -0.0102285 -0.99515 0.0978369 93 101 103
3.417 3.69579 1.011 0.0456957 -0.991326 0.123226 89 97 98
3.417 3.69714 1.017 0.0674371 -0.97958 0.18941 91 98 100
3.417 3.69792 1.023 0.0863332 -0.980351 0.177367 91 99 101
3.41283 3.699 1.029 0.104791 -0.967737 0.229135 92 100 102
3.417 3.699 1.02698 0.0955466 -0.965518 0.242168 92 100 101
3.417 3.69943 1.029 -0.0260394 -0.990991 0.13137 92 100 101
3.417 3.7005 1.035 -0.107205 -0.975664 0.191275 93 101 103
3.417 3.70151 1.041 -0.0419858 -0.98972 0.136714 94 103 105
3.417 3.70216 1.047 -0.020703 -0.991351 0.129596 95 105 107
3.417 3.70289 1.053 -0.031302 -0.972738 0.229785 96 105 106
3.417 3.70487 1.059 -0.0362347 -0.962235 0.269799 97 105 106
3.423 3.68856 0.963 0.013862 -0.986 0.166171 93 102 103
3.423 3.68977 0.969 -0.00708756 -0.97066 0.240353 94 102 103
3.423 3.69182 0.975 -0.0191634 -0.979452 0.200764 94 103 104
3.423 3.69252 0.981 -0.00951219 -0.988265 0.152454 94 103 104
3.423 3.693 0.984272 0.0237032 -0.989024 0.145839 94 103 105
3.423 3.69331 0.987 0.0117855 -0.993606 0.112287 95 103 105
3.423 3.69376 0.993 0.0265353 -0.994916 0.0971475 95 104 106
3.423 3.69436 0.999 -0.0131805 -0.995517 0.0936641 95 104 106
3.423 3.69467 1.005 -0.0524398 -0.990584 0.126463 88 96 97
3.423 3.69607 1.011 -0.0410575 -0.984681 0.169463 89 97 98
3.423 3.69723 1.017 -0.0439564 -0.975291 0.216505 90 99 100
3.423 3.69879 1.023 -0.026787 -0.981849 0.187765 91 100 101
3.423 3.699 1.02502 0.0206683 -0.989931 0.140032 92 100 101
3.423 3.69929 1.029 0.0170181 -0.998638 0.049323 92 100 101
3.423 3.69902 1.035 -0.000931829 -0.989826 0.142282 90 98 98
3.423 3.70073 1.041 -0.0241849 -0.983257 0.180614 92 101 101
3.423 3.70143 1.047 -0.0139709 -0.988832 0.14838 92 102 102
3.423 3.70275 1.053 -0.0263032 -0.97606 0.215905 93 102 102
3.423 3.70445 1.059 -0.0563684 -0.966317 0.251106 94 101 101
3.429 3.68923 0.963 0.0558283 -0.983834 0.17016 94 102 103
3.429 3.68993 0.969 0.0359224 -0.985794 0.164074 94 103 104
3.429 3.69106 0.975 -0.0171526 -0.983703 0.178979 94 103 104
3.429 3.69166 0.981 -0.0355172 -0.987378 0.154348 96 104 105
3.429 3.693 0.986864 -0.0498112 -0.98027 0.191283 95 103 104
3.429 3.69302 0.987 -0.019096 -0.987258 0.15798 95 103 104
3.429 3.69414 0.993 -0.00629318 -0.992264 0.123984 95 104 105
3.429 3.69469 0.999 0.0239996 -0.99572 0.0892539 93 101 102
3.429 3.69513 1.005 0.0344882 -0.996179 0.0802318 86 93 93
3.429 3.69579 1.011 -0.00972088 -0.988076 0.153662 86 93 93
3.429 3.69665 1.017 -0.030146 -0.983476 0.178511 87 95 94
3.429 3.69786 1.023 -0.071291 -0.976915 0.201384 88 96 96
3.429 3.69897 1.029 -0.034421 -0.98261 0.182463 89 96 96
3.42828 3.699 1.029 -0.0603899 -0.994511 0.0854506 89 97 97
3.429 3.699 1.02922 -0.041212 -0.978209 0.203489 89 97 96
3.429 3.70021 1.035 0.0453571 -0.986249 0.158918 90 98 97
3.429 3.70142 1.041 0.0622767 -0.982331 0.176488 91 99 100
3.429 3.70221 1.047 0.065497 -0.988745 0.134511 92 101 101
3.429 3.70293 1.053 0.0573572 -0.983589 0.171067 93 101 102
3.429 3.70413 1.059 0.00968626 -0.980651 0.195522 94 101 101
3.435 3.68911 0.963 0.0519658 -0.9888 0.139908 94 102 103
3.435 3.69004 0.969 0.0702616 -0.983702 0.165511 93 101 101
3.435 3.69116 0.975 0.0696571 -0.984123 0.163245 93 101 101
3.435 3.6922 0.981 0.0614032 -0.98645 0.152138 91 98 97
3.435 3.693 0.985673 0.0545035 -0.981926 0.181247 91 99 98
3.435 3.69318 0.987 0.0326512 -0.992631 0.116694 92 99 98
3.435 3.69386 0.993 -0.00342862 -0.993159 0.116719 92 99 99
3.435 3.69456 0.999 -0.0264905 -0.993715 0.108758 92 100 99
3.435 3.69522 1.005 0.0173512 -0.994 0.107991 85 92 91
3.435 3.69561 1.011 0.0589613 -0.989604 0.131175 86 93 92
3.435 3.69676 1.017 0.0659875 -0.979146 0.192144 87 94 93
3.435 3.69799 1.023 0.0664355 -0.978645 0.194524 88 96 95
3.42988 3.699 1.029 0.0421593 -0.978372 0.202509 89 96 96
3.435 3.699 1.02795 0.0925438 -0.975482 0.199677 89 96 96
3.435 3.69922 1.029 0.0314589 -0.989079 0.143993 89 97 96
3.435 3.70006 1.035 -0.0077313 -0.986846 0.16148 89 97 97
3.435 3.70134 1.041 -0.0300197 -0.983978 0.175744 91 99 99
3.435 3.7021 1.047 -0.0071702 -0.986585 0.163091 92 100 100
3.435 3.70329 1.053 0.0310521 -0.982555 0.183362 92 100 101
3.435 3.70438 1.059 0.0496302 -0.982913 0.177252 93 100 99
3.441 3.68935 0.963 -0.000982192 -0.984393 0.17598 90 98 96
3.441 3.69082 0.969 0.00896764 -0.981584 0.19082 90 98 96
3.441 3.69208 0.975 -0.0173183 -0.991385 0.129832 90 97 96
3.441 3.6926 0.981 -0.0598974 -0.988337 0.140006 90 97 96
3.441 3.693 0.983987 0.0125382 -0.989605 0.143264 90 97 97
3.441 3.69339 0.987 -0.0440306 -0.989933 0.134514 91 98 97
3.441 3.69407 0.993 -0.00966804 -0.996132 0.0873343 91 99 97
3.441 3.69442 0.999 -0.0112635 -0.994134 0.107564 91 99 97
3.441 3.69508 1.005 -0.00438022 -0.987722 0.156163 85 93 90
3.441 3.69645 1.011 0.0167563 -0.986989 0.159915 86 94 92
3.441 3.69748 1.017 0.00433164 -0.980952 0.194203 87 94 93
3.441 3.69893 1.023 -0.00589058 -0.977006 0.21313 88 95 94
3.441 3.699 1.02361 0.044188 -0.990911 0.127054 88 95 94
3.441 3.69947 1.029 -0.0108831 -0.99216 0.1245 89 96 95
3.441 3.70028 1.035 0.0156963 -0.991247 0.131083 89 97 96
3.441 3.70095 1.041 0.00210059 -0.985461 0.169887 90 98 98
3.441 3.70209 1.047 8.22934e-05 -0.985313 0.170758 91 99 98
3.441 3.70335 1.053 -0.0383549 -0.979673 0.1969 91 99 99
3.441 3.70478 1.059 -0.0557585 -0.983492 0.172149 91 98 97
3.447 3.68954 0.963 -0.128393 -0.959577 0.250454 90 98 96
3.447 3.69054 0.969 0.00413884 -0.987358 0.15845 90 98 96
3.447 3.69116 0.975 0.0167911 -0.994093 0.107222 90 97 96
3.447 3.69119 0.981 -0.00654554 -0.99369 0.111966 92 99 98
3.447 3.69259 0.987 0.0193645 -0.981691 0.189495 91 97 96
3.44377 3.693 0.987 -0.13163 -0.981813 0.136812 91 98 96
3.447 3.693 0.989613 -0.0465868 -0.981416 0.186149 91 98 96
3.447 3.69371 0.993 0.0442678 -0.992628 0.112828 91 98 96
3.447 3.69414 0.999 0.0229396 -0.992614 0.119126 84 91 88
3.447 3.6953 1.005 0.0263381 -0.987447 0.155739 86 93 90
3.447 3.69627 1.011 0.0185999 -0.987575 0.156045 87 94 91
3.447 3.69692 1.017 0.0157524 -0.988146 0.152705 87 94 92
3.447 3.69794 1.023 -0.0276336 -0.980937 0.19235 88 95 93
3.447 3.699 1.02821 -0.0334051 -0.9853 0.167532 88 96 94
3.447 3.6992 1.029 0.0227754 -0.990967 0.132162 88 96 95
3.447 3.70014 1.035 -0.0352092 -0.987376 0.154432 88 96 95
3.447 3.7011 1.041 -0.0136585 -0.984086 0.17717 89 97 96
3.447 3.70242 1.047 0.00889173 -0.985878 0.167227 90 97 97
3.447 3.7031 1.053 0.0102292 -0.990214 0.139182 91 98 98
3.447 3.70376 1.059 -0.0436315 -0.986932 0.155121 91 97 97
3.453 3.68688 0.963 0.183351 -0.980932 0.0644627 97 104 103
3.45275 3.687 0.963 -0.339894 -0.931447 0.129917 97 104 103
3.453 3.687 0.96319 -0.324236 -0.806769 0.493958 97 104 103
3.453 3.69056 0.969 -0.0213178 -0.95722 0.288575 90 98 95
3.453 3.69163 0.975 -0.0373447 -0.989649 0.138565 90 98 95
3.453 3.69296 0.981 0.0159436 -0.97944 0.201105 90 97 95
3.44929 3.693 0.987 0.18721 -0.970541 0.151664 90 97 95
3.453 3.693 0.981293 0.0422399 -0.991604 0.122218 90 97 95
3.453 3.69371 0.987 0.0228388 -0.99044 0.136041 90 97 95
3.453 3.69433 0.993 0.0428073 -0.993958 0.101067 91 98 96
3.453 3.69485 0.999 0.0607067 -0.993661 0.0946135 84 90 88
3.453 3.69564 1.005 0.0314537 -0.988278 0.149391 85 91 89
3.453 3.6964 1.011 0.0363254 -0.986257 0.161178 86 93 90
3.453 3.69749 1.017 0.0593826 -0.983186 0.172683 86 93 91
3.453 3.69868 1.023 0.0807836 -0.980768 0.177672 86 93 91
3.453 3.699 1.02487 0.0816756 -0.978438 0.189704 86 93 91
3.453 3.6998 1.029 0.0344647 -0.993684 0.10679 86 93 92
3.453 3.69988 1.035 0.0597614 -0.991803 0.112938 88 94 93
3.453 3.7009 1.041 0.0191348 -0.985325 0.169614 88 95 94
3.453 3.70217 1.047 -0.00840486 -0.981729 0.190099 89 96 95
3.453 3.70313 1.053 0.0236927 -0.985379 0.168724 89 96 96
3.453 3.70424 1.059 0.0731449 -0.981183 0.178691 89 95 95
3.45333 3.687 0.963 0.343356 -0.884495 0.315872 97 104 103
3.459 3.68921 0.963 0.152326 -0.972957 0.173644 91 97 95
3.459 3.6903 0.969 -0.139849 -0.974396 0.176052 90 97 94
3.459 3.69143 0.975 -0.0702883 -0.990261 0.120174 90 97 94
3.459 3.69105 0.981 -0.0639413 -0.984032 0.16611 92 98 96
3.459 3.693 0.986172 -0.116896 -0.957289 0.264449 90 96 94
3.459 3.69316 0.987 -0.0636287 -0.988092 0.140093 90 96 94
3.459 3.69426 0.993 -0.0843944 -0.986025 0.143642 90 97 94
3.459 3.69504 0.999 -0.0297609 -0.993322 0.111466 83 89 86
3.459 3.69542 1.005 -0.000108757 -0.990206 0.139612 84 90 87
3.459 3.6966 1.011 0.00366058 -0.984084 0.177665 84 91 88
3.459 3.69782 1.017 0.00158498 -0.983432 0.181272 84 91 88
3.459 3.69892 1.023 0.00108895 -0.984055 0.17786 84 91 89
3.459 3.699 1.02401 -0.0136397 -0.993617 0.111977 84 91 89
3.459 3.69938 1.029 -0.00707606 -0.988076 0.153802 84 91 89
3.459 3.7006 1.035 0.033734 -0.989072 0.143519 85 92 91
3.459 3.70155 1.041 0.0650953 -0.986929 0.147423 86 94 92
3.459 3.70222 1.047 0.0395097 -0.987324 0.153723 87 94 94
3.459 3.70341 1.053 -0.00742507 -0.982118 0.188119 88 95 94
3.459 3.70474 1.059 -0.0332642 -0.985095 0.168763 88 93 93
3.615 3.70437 0.747 -0.547584 -0.836075 0.0336378 194 169 141
3.61428 3.705 0.747 -0.990483 -0.0691633 -0.118999 193 169 140
3.615 3.705 0.746103 -0.927394 0.352649 -0.124819 193 168 139
3.615 3.70495 0.753 -0.20031 -0.972878 0.11569 195 174 147
3.61495 3.705 0.753 -0.964597 -0.258856 0.0504595 194 174 146
3.615 3.705 0.754109 0.479073 0.507844 0.71595 195 176 148
3.615 3.70427 0.771 0 -1 0 204 192 170
3.61471 3.705 0.771 -1 0 0 204 192 170
3.615 3.705 0.770655 0 0 -1 204 192 169
3.615 3.70895 0.705 0 -1 0 146 112 79
3.61424 3.711 0.705 -1 -1.40182e-17 0 140 106 74
3.615 3.711 0.704241 0 0 -1 139 105 73
3.615 3.711 0.709502 1.23146e-16 0 1 170 136 102
3.615 3.70733 0.747 0.397776 0.815469 -0.420457 194 170 142
3.61364 3.711 0.753 -0.989489 0.0354728 -0.140193 195 175 149
3.615 3.711 0.749162 -0.344771 0.597675 -0.723821 195 173 146
3.615 3.70587 0.759 -0.143887 -0.922508 0.358155 198 182 157
3.61357 3.711 0.759 -0.983899 -0.176983 0.024908 198 181 156
3.615 3.71006 0.765 0.694671 -0.664276 0.27599 202 188 166
3.6139 3.711 0.765 -0.971585 -0.121866 0.202908 201 187 165
3.615 3.70686 0.771 0 1 0 204 192 170
3.615 3.711 0.768464 0 0 1 203 190 169
3.615 3.71589 0.699 -0.614379 -0.762204 0.20392 115 82 54
3.61257 3.717 0.699 -0.869748 0 0.493496 107 75 49
3.615 3.71469 0.705 0 1 0 127 94 63
3.615 3.717 0.703283 -0.894792 0 0.446482 117 84 55
3.615 3.71503 0.747 -0.521272 -0.82019 0.23572 194 170 142
3.61409 3.717 0.747 -0.674535 -0.687385 -0.269266 193 168 139
3.615 3.717 0.746271 -0.722263 -0.533205 -0.440488 193 168 139
3.615 3.71442 0.753 0.377415 0.688869 -0.618884 198 178 152
3.615 3.717 0.748612 -0.215772 -0.617393 0.756484 195 172 144
3.61312 3.717 0.759 -0.983898 0.168728 0.058956 198 182 158
3.615 3.717 0.755942 -0.609049 0.553595 -0.567972 199 181 156
3.615 3.71251 0.765 -0.301219 0.699365 0.648194 202 188 166
3.615 3.717 0.760943 0.436164 0.394975 0.808552 200 185 161
3.615 3.71868 0.699 -0.311564 0.904509 0.29119 119 86 58
3.615 3.72044 0.705 -0.978172 -0.1603 0.132223 121 89 59
3.615 3.72049 0.717 -0.898635 -0.435421 0.0535043 185 153 114
3.615 3.72009 0.735 -0.840216 -0.530605 0.111784 183 153 118
3.615 3.71998 0.741 -0.690377 -0.690383 -0.216219 187 160 128
3.615 3.72075 0.765 0.613937 -0.579846 0.535592 202 187 165
3.621 3.67408 0.765 0 -1 0 187 173 151
3.62049 3.675 0.765 -1 0 0 187 173 151
3.621 3.675 0.764454 0 0 -1 188 174 152
3.621 3.675 0.77021 0 0 1 193 180 158
3.621 3.67601 0.765 0 1 0 189 176 153
3.621 3.68465 0.699 0 -1 0 178 140 100
3.6208 3.687 0.699 -1 0 0 174 136 97
3.621 3.687 0.69874 -2.09237e-17 0 -1 173 135 96
3.621 3.687 0.699853 4.18473e-17 0 1 176 138 98
3.621 3.68741 0.699 0 1 0 174 136 97
3.621 3.68919 0.705 -0.838531 -0.466141 -0.282098 186 148 107
3.61936 3.693 0.705 -0.953169 -0.287554 -0.0937065 194 157 117
3.621 3.693 0.702399 -0.65036 -0.250429 -0.717159 183 145 105
3.621 3.693 0.710281 -0.880119 -0.366482 0.301797 182 146 108
3.621 3.69194 0.759 3.4666e-17 -1 0 197 182 157
3.61943 3.693 0.759 -1 -9.81506e-17 0 197 181 156
3.621 3.693 0.757875 0 0 -1 197 180 156
3.621 3.693 0.76042 5.2005e-17 0 1 199 184 159
3.61786 3.699 0.705 -0.915793 -0.217241 -0.337832 178 142 106
3.621 3.699 0.702018 -0.720024 -0.179172 -0.67042 165 129 92
3.621 3.69423 0.711 -0.912721 -0.334561 0.234541 180 144 107
3.61885 3.699 0.711 -0.942106 -0.248516 0.225112 184 149 113
3.621 3.69778 0.717 -0.94353 -0.299036 0.142578 172 137 102
3.62059 3.699 0.717 -0.946962 -0.288621 0.141283 173 138 104
3.621 3.699 0.720203 -0.893004 -0.440127 0.0939798 167 134 100
3.621 3.69653 0.729 -0.831892 -0.552226 0.0547931 160 130 102
3.61955 3.699 0.729 -0.94727 -0.318611 -0.0341652 163 133 103
3.621 3.699 0.723989 -0.83518 -0.494703 -0.240299 163 132 99
3.621 3.69792 0.735 -0.738786 -0.667667 -0.0917379 182 153 127
3.62019 3.699 0.735 -0.962575 -0.246115 -0.113473 184 155 128
3.621 3.69698 0.741 -0.708432 -0.695069 0.122484 188 162 136
3.61648 3.699 0.741 -0.963377 -0.267779 0.0141205 184 157 127
3.621 3.699 0.744554 -0.731264 -0.525772 0.43453 192 168 142
3.621 3.69364 0.759 0 1 0 198 182 157
3.61675 3.705 0.705 -0.953464 0.0748559 -0.292066 156 122 88
3.621 3.705 0.699785 -0.760975 0.0591209 -0.646082 154 119 82
3.61784 3.705 0.711 -0.946099 -0.252192 0.203214 186 151 116
3.6191 3.705 0.717 -0.96504 -0.244963 0.093223 179 145 108
3.621 3.6994 0.723 -0.876063 -0.460052 -0.14445 163 131 97
3.61813 3.705 0.723 -0.960064 -0.272526 -0.0633039 167 134 99
3.61865 3.705 0.729 -0.956864 -0.289188 0.0279553 171 140 107
3.61928 3.705 0.735 -0.972128 -0.226567 -0.0602834 180 150 119
3.61861 3.705 0.741 -0.956272 -0.251724 -0.148929 190 164 135
3.621 3.70085 0.747 0.325147 -0.742706 0.585378 195 172 146
3.621 3.70348 0.753 0.0300308 -0.977184 0.210259 197 180 154
3.621 3.70467 0.759 0.00282857 -0.991938 0.126691 201 188 161
3.61712 3.705 0.759 -0.687428 -0.57982 0.437323 199 184 158
3.621 3.705 0.763352 0 0 1 205 192 168
3.61672 3.705 0.771 1 0 4.7512e-17 206 194 171
3.621 3.70763 0.699 -0.949357 -0.237512 0.205692 155 120 85
3.62031 3.711 0.699 -0.738294 -0.653392 0.167333 154 120 86
3.621 3.71043 0.705 -0.561766 0.567736 -0.601743 174 138 102
3.61903 3.711 0.705 1 0 0 164 128 94
3.621 3.711 0.702893 -0.777777 -0.469443 0.417955 169 133 98
3.6156 3.711 0.711 -0.990507 -0.109759 -0.0827576 179 145 110
3.621 3.711 0.705837 -0.604771 -0.500624 -0.619377 175 139 103
3.6179 3.711 0.717 -0.988089 -0.141864 0.0596199 186 153 116
3.61701 3.711 0.723 -0.974193 -0.187021 -0.126374 182 148 112
3.61513 3.711 0.729 -0.980612 -0.195005 -0.0193164 175 144 106
3.61669 3.711 0.735 -0.978158 -0.204835 0.0353525 182 151 118
3.61624 3.711 0.741 -0.95048 0.126472 0.283889 191 163 133
3.621 3.70791 0.747 -0.0854184 0.89132 0.445255 199 175 148
3.621 3.711 0.745082 0.106434 0.0281121 0.993922 200 175 146
3.621 3.70563 0.753 0.291051 0.932989 0.21171 198 181 155
3.61696 3.711 0.753 0.970247 0.238043 -0.04424 199 180 153
3.621 3.70546 0.759 -0.0378058 0.99785 0.05353 202 188 161
3.61628 3.711 0.759 0.973125 -0.213061 0.0873627 200 184 158
3.6162 3.711 0.765 0.960947 0.0621556 0.269661 203 190 167
3.621 3.70903 0.771 0 -1 0 211 198 177
3.61888 3.711 0.771 -0.972214 -0.227798 -0.0539281 209 196 175
3.621 3.711 0.770457 0.408425 -0.209112 -0.888516 211 198 176
3.621 3.71145 0.705 -0.666707 -0.742244 0.0676411 173 137 101
3.61556 3.717 0.705 -0.932803 -0.360387 -8.75327e-05 122 89 59
3.61637 3.717 0.711 -0.983815 -0.0100853 0.178902 177 144 109
3.61669 3.717 0.717 -0.982492 -0.186303 -0.000655309 181 149 112
3.61705 3.717 0.723 -0.995483 -0.0180598 -0.093202 184 152 114
3.61635 3.717 0.729 -0.994305 0.101328 0.033027 179 147 109
3.61608 3.717 0.735 -0.995641 -0.037342 0.0854671 183 154 120
3.61775 3.717 0.741 -0.93865 -0.34225 0.0424434 191 163 132
3.621 3.71517 0.747 0.449041 -0.466271 0.762203 202 178 150
3.621 3.717 0.748971 0.21245 -0.629703 0.747221 203 181 153
3.6167 3.717 0.759 0.991892 0.11731 0.0488756 201 185 161
3.61905 3.717 0.771 -0.983027 0.0963479 -0.156127 209 196 174
3.621 3.717 0.76911 -0.0895942 0.0458718 -0.994921 211 198 175
3.621 3.7198 0.699 -0.17703 0.943438 0.28033 132 98 66
3.621 3.71906 0.747 0.902454 0.297462 0.311598 202 179 150
3.621 3.7191 0.771 0 0.669714 -0.742619 211 198 176
3.627 3.66712 0.759 -0.282001 -0.951078 -0.126199 184 166 143
3.62549 3.669 0.759 -0.986926 0.10555 -0.121801 184 167 144
3.627 3.669 0.757448 -0.108968 -0.100392 -0.988963 183 165 142
3.627 3.66766 0.765 -0.356838 -0.931539 0.0700118 190 174 152
3.62559 3.669 0.765 -0.932688 -0.321406 -0.163681 190 175 152
3.627 3.66876 0.771 -0.449097 -0.885784 0.117042 192 179 156
3.62668 3.669 0.771 -0.721704 -0.673682 0.159046 192 179 156
3.627 3.67373 0.699 0 -1 0 201 161 118
3.6257 3.675 0.699 -1 0 0 195 155 113
3.627 3.675 0.697745 0 0 -1 197 157 116
3.627 3.675 0.701041 -3.74718e-17 0 1 194 153 111
3.627 3.67469 0.753 0 -1 0 192 173 149
3.62679 3.675 0.753 -1 0 0 193 174 150
3.627 3.675 0.752819 0 0 -1 193 174 149
3.627 3.67356 0.759 0.101823 0.909951 -0.402021 194 178 154
3.627 3.675 0.754989 1.74012e-16 0 1 194 176 152
3.627 3.67404 0.765 -0.05144 0.91115 -0.408851 198 184 160
3.62555 3.675 0.765 1 0 0 197 183 159
3.62108 3.675 0.771 -0.964537 -0.154392 -0.214081 194 181 159
3.627 3.675 0.765164 0 -0.330838 -0.943688 200 186 162
3.627 3.67615 0.699 2.74956e-17 1 0 199 159 116
3.627 3.68091 0.705 -0.91139 -0.411525 -0.00388512 167 127 85
3.62693 3.681 0.705 -0.787391 -0.609698 -0.0910158 167 127 85
3.627 3.681 0.704958 -0.758962 -0.373519 -0.533348 167 127 85
3.627 3.681 0.705117 -0.748875 -0.564818 0.346651 167 126 85
3.627 3.67522 0.753 -4.29801e-17 1 0 193 174 150
3.627 3.67556 0.765 -1.97527e-17 -0.338273 -0.941048 200 186 162
3.6247 3.681 0.765 -0.827036 0.300617 -0.475016 201 187 164
3.627 3.681 0.763007 -2.99527e-17 0 -1 201 187 163
3.62423 3.681 0.771 -0.805626 0.588268 0.0700549 207 195 171
3.62172 3.687 0.699 1 -3.44402e-17 0 179 141 101
3.6223 3.687 0.705 -0.806176 -0.588868 0.0575718 180 141 101
3.627 3.687 0.700505 -0.642329 -0.386984 -0.661556 200 162 118
3.627 3.68458 0.711 -0.780286 -0.594986 0.192733 154 117 76
3.62577 3.687 0.711 -0.781357 -0.54943 0.295987 159 123 83
3.627 3.68582 0.717 -0.749173 -0.652904 0.111604 130 94 58
3.62643 3.687 0.717 -0.83738 -0.539825 0.0859266 136 101 64
3.627 3.68611 0.723 -0.681022 -0.718306 0.142288 126 96 65
3.62649 3.687 0.723 -0.835251 -0.547888 0.0466395 127 97 67
3.627 3.687 0.72457 -0.750921 -0.62249 0.220509 131 102 72
3.627 3.68633 0.741 -0.803658 -0.595091 0 185 161 138
3.62641 3.687 0.741 -0.863187 -0.50256 -0.0483886 186 162 139
3.627 3.687 0.738909 -0.807454 -0.54813 -0.218109 178 154 130
3.627 3.687 0.741386 -0.322197 -0.38158 0.866363 186 163 140
3.627 3.68187 0.765 0.159299 0.983269 -0.0883553 203 190 165
3.627 3.68189 0.771 0.118946 0.990312 -0.0716455 208 197 172
3.627 3.6911 0.699 -0.55016 -0.299683 -0.779432 192 154 112
3.6258 3.693 0.699 -0.653597 -0.207874 -0.727736 181 144 103
3.6213 3.693 0.711 -0.804871 -0.539267 0.247737 179 143 105
3.62251 3.693 0.717 -0.901799 -0.424591 0.0805003 165 130 94
3.62259 3.693 0.723 -0.916471 -0.397946 0.0414615 138 107 76
3.627 3.68845 0.729 -0.796107 -0.586245 0.150098 151 123 96
3.62305 3.693 0.729 -0.845922 -0.520646 0.115515 158 130 102
3.627 3.68916 0.735 -0.887334 -0.450609 -0.0979299 169 143 118
3.62505 3.693 0.735 -0.827805 -0.560507 -0.0239121 174 146 121
3.62302 3.693 0.741 -0.866485 -0.498706 0.0222916 187 163 139
3.627 3.69121 0.747 0 -0.772371 0.635172 195 176 151
3.62479 3.693 0.747 -0.768584 -0.495817 0.404283 194 174 150
3.627 3.693 0.748682 -0.301505 -0.341155 0.890341 196 178 153
3.62183 3.693 0.759 1 0 0 198 182 158
3.62302 3.699 0.699 -0.785904 -0.266208 -0.558111 151 116 78
3.62128 3.699 0.723 -0.964407 -0.260708 0.0441612 162 130 97
3.62189 3.699 0.747 -0.787592 0.074626 0.611662 195 173 147
3.627 3.699 0.750442 0.132739 0.150195 0.979705 200 182 157
3.62181 3.705 0.699 -0.982977 0.0963303 -0.156448 157 122 85
3.627 3.70125 0.747 -4.26433e-17 0.807638 0.589678 197 175 151
3.62214 3.705 0.747 0.899946 -0.0148428 0.435749 196 174 147
3.627 3.705 0.742224 0.499896 0.479349 0.721338 199 175 148
3.62321 3.705 0.753 0.995416 0.0280081 0.0914482 200 183 157
3.62193 3.705 0.759 0.665235 0.737312 0.117614 202 189 162
3.62339 3.711 0.705 -0.995159 -0.094893 -0.0255565 187 151 114
3.627 3.70648 0.741 0.494871 0.490625 0.71721 199 174 147
3.62342 3.711 0.741 0.807843 0.229885 0.542718 196 170 142
3.627 3.711 0.738119 0.605808 0.460338 0.648911 189 162 134
3.62126 3.711 0.771 0.991337 -0.115963 0.0616764 211 199 177
3.62246 3.717 0.741 0.901546 0.145065 0.407641 193 165 137
3.627 3.717 0.735235 0.715473 0.232054 0.658976 191 161 131
3.62168 3.717 0.747 0.965832 0.0301884 0.257404 202 179 150
3.62196 3.717 0.771 0.991702 -0.0731961 -0.105686 211 198 177
3.633 3.66271 0.699 -3.72435e-17 -1 0 194 155 118
3.63268 3.663 0.699 -0.923356 -0.349866 0.158134 196 156 119
3.633 3.663 0.698791 0.465106 -0.56282 -0.683308 195 156 119
3.633 3.663 0.69939 0.313249 -0.77561 0.548001 197 157 120
3.63068 3.669 0.699 -0.991793 -0.0888659 -0.0919235 203 164 122
3.633 3.66695 0.705 -0.379506 -0.854826 0.353903 195 155 115
3.63146 3.669 0.705 -0.894351 -0.354986 0.272253 191 151 110
3.633 3.669 0.706487 -0.712833 -0.339876 0.613477 186 146 105
3.633 3.66705 0.759 0.0802818 -0.994809 -0.0625246 192 175 151
3.633 3.669 0.757984 -0.0637857 0.0678881 -0.995652 196 178 155
3.633 3.66646 0.765 0.245485 -0.969333 -0.0113926 190 174 150
3.633 3.66599 0.771 0.0757757 -0.996299 0.0405722 192 179 155
3.633 3.67351 0.699 -0.741977 0.422212 -0.520776 207 167 123
3.63038 3.675 0.699 1 -1.06259e-16 0 205 165 120
3.62966 3.675 0.705 -0.951789 -0.254459 0.17131 172 131 88
3.633 3.675 0.700449 -0.79108 -0.22812 -0.567585 197 157 112
3.633 3.675 0.709669 -0.777203 -0.303868 0.551017 153 113 69
3.62735 3.675 0.753 1 0 0 193 174 150
3.633 3.67092 0.759 0.308517 0.940399 -0.143066 198 182 158
3.633 3.66996 0.765 0.449332 0.890605 0.0701666 194 179 154
3.633 3.66967 0.771 0.557726 0.744519 -0.366924 195 182 158
3.62908 3.675 0.771 0.880628 0.347849 -0.321708 201 189 165
3.633 3.67685 0.699 -0.766002 -0.359812 -0.532706 207 167 122
3.63124 3.681 0.699 -0.736555 -0.347746 -0.580138 202 162 117
3.633 3.67718 0.711 -0.786228 -0.525067 0.325806 142 102 60
3.6303 3.681 0.711 -0.765546 -0.541488 0.347462 141 102 61
3.633 3.67918 0.717 -0.78076 -0.597989 0.181172 110 74 37
3.6311 3.681 0.717 -0.744871 -0.648107 0.158506 111 75 39
3.633 3.68085 0.723 -0.777719 -0.624702 -0.0699959 123 91 61
3.63284 3.681 0.723 -0.747436 -0.661051 0.0659614 123 91 61
3.633 3.6785 0.729 -0.676363 -0.731202 -0.0887462 137 107 78
3.63075 3.681 0.729 -0.853839 -0.479749 -0.201989 141 112 84
3.633 3.67825 0.735 -0.664233 -0.746705 -0.0350133 155 127 101
3.63002 3.681 0.735 -0.872832 -0.488008 -0.0034591 163 136 111
3.633 3.67823 0.741 -0.758168 -0.647171 0.0796949 178 153 127
3.63085 3.681 0.741 -0.871029 -0.460036 0.172263 178 153 129
3.633 3.6793 0.747 -0.75155 -0.658248 0.0433808 192 170 145
3.63155 3.681 0.747 -0.978588 -0.158237 -0.131633 191 169 145
3.633 3.67909 0.753 -0.149726 -0.815398 0.559203 197 178 152
3.63165 3.681 0.753 -0.867007 -0.476622 0.145363 196 178 152
3.633 3.681 0.754102 -0.168784 -0.154793 0.973422 198 181 155
3.62806 3.681 0.765 0.975 0.0649754 -0.212493 203 190 165
3.62803 3.681 0.771 0.941651 0.335713 0.0242811 208 196 172
3.62895 3.687 0.699 -0.592732 -0.249171 -0.765887 208 169 123
3.62826 3.687 0.729 -0.864601 -0.502085 -0.0193607 149 121 93
3.6281 3.687 0.735 -0.904861 -0.424517 -0.0318174 167 140 115
3.633 3.68561 0.747 -0.14525 0.80478 0.575527 196 177 151
3.633 3.687 0.746581 0.133949 0.760046 0.635915 197 177 151
3.62908 3.687 0.753 -0.985278 0.149952 0.0821123 195 178 154
3.633 3.687 0.748675 -0.408882 0.546572 -0.730804 197 179 153
3.633 3.687 0.754351 0.107958 0.0990088 0.989213 198 181 156
3.633 3.69063 0.741 0.447292 0.47955 0.754958 187 163 139
3.62997 3.693 0.741 0.855839 0.283285 0.43277 188 164 140
3.633 3.693 0.73889 0.400987 0.473408 0.784279 184 159 135
3.62868 3.693 0.747 0.859683 -0.239226 0.45135 195 175 151
3.633 3.69183 0.753 -6.32815e-17 1 0 201 185 159
3.633 3.69886 0.735 0.364037 0.520119 0.772627 190 165 140
3.6328 3.699 0.735 0.86178 -0.0513748 0.504674 190 165 140
3.633 3.699 0.734846 0.616878 0.295867 0.729331 189 165 139
3.63022 3.699 0.741 0.970219 0.00590926 0.242156 192 168 144
3.6297 3.699 0.747 0.88621 0.241549 0.39533 196 176 151
3.633 3.6995 0.735 0.857924 -0.211231 0.468346 190 166 140
3.62937 3.705 0.741 0.784107 0.267215 0.560154 198 175 149
3.633 3.705 0.737552 0.751229 0.286599 0.594572 193 169 144
3.633 3.70973 0.699 0.695507 0.700802 -0.158578 219 180 136
3.62967 3.711 0.699 0.71254 0.617093 -0.333892 192 155 115
3.633 3.711 0.697946 0.236343 0.62104 0.747296 207 168 125
3.633 3.711 0.699743 0.460882 0.618128 -0.636793 218 178 135
3.633 3.70885 0.711 0.727011 0.669624 -0.151852 188 151 113
3.6301 3.711 0.711 0.910748 0.411857 -0.0301977 196 158 120
3.633 3.711 0.709965 0.690324 0.537289 0.484535 188 151 113
3.633 3.711 0.712017 0.739103 0.400381 -0.541685 181 144 107
3.633 3.70883 0.723 0.647134 0.734521 0.204197 149 123 96
3.63032 3.711 0.723 0.891657 0.275171 0.359485 152 124 95
3.633 3.711 0.721085 0.709287 0.511685 0.484861 148 122 94
3.633 3.70802 0.729 0.709317 0.690374 0.142315 162 135 110
3.62991 3.711 0.729 0.871704 0.463231 0.159838 168 140 112
3.633 3.70614 0.735 0.759415 0.613477 0.216643 188 163 138
3.62943 3.711 0.735 0.837741 0.496231 0.227915 180 153 127
3.62803 3.717 0.699 0.964824 0.262896 -0.000666985 150 116 83
3.633 3.717 0.697611 0 0 0 146 114 80
3.633 3.71633 0.705 0.613854 0.773437 0.158047 203 169 131
3.62804 3.717 0.705 0.697507 0.626147 -0.348459 189 153 117
3.63202 3.717 0.711 0.887405 -0.28328 -0.363682 209 172 131
3.633 3.71698 0.717 0.912618 0.343007 0.22243 191 155 117
3.63295 3.717 0.717 0.994411 0.0361493 -0.0991998 191 155 117
3.63043 3.717 0.723 0.941138 0.122965 0.314865 165 134 100
3.62734 3.717 0.729 0.916509 0.360187 0.174003 187 154 124
3.6275 3.717 0.735 0.950552 0.306155 0.0521438 190 160 130
3.639 3.65686 0.699 -0.690158 -0.614501 0.382193 133 95 62
3.63884 3.657 0.699 -1 0 0 134 97 64
3.639 3.657 0.698804 -0.739803 0.516311 -0.43141 133 95 62
3.639 3.657 0.699212 -0.858105 -1.53167e-16 0.513474 134 96 63
3.639 3.65715 0.699 -0.735538 0.541361 0.407324 135 98 64
3.63327 3.663 0.699 0.676277 -0.736647 0 196 157 119
3.639 3.66037 0.705 -0.689053 -0.711606 0.137198 168 130 93
3.63633 3.663 0.705 -0.788339 -0.615037 0.0158253 199 159 121
3.639 3.663 0.702861 -0.558688 -0.517372 -0.648224 192 152 114
3.639 3.663 0.708909 -0.670143 -0.566426 0.479655 197 158 118
3.639 3.66118 0.759 -0.588931 -0.780462 -0.209855 182 163 138
3.63629 3.663 0.759 -0.948417 -0.251818 0.192596 183 164 140
3.639 3.663 0.757285 -0.286363 -0.232246 -0.929547 186 166 141
3.639 3.66185 0.765 -0.596885 -0.792832 -0.123067 187 170 146
3.63759 3.663 0.765 -0.975163 0.218368 0.0370569 187 171 146
3.639 3.66057 0.771 -0.237002 -0.964909 0.113055 193 178 156
3.63553 3.663 0.771 -0.998653 0.0469139 -0.0221694 192 178 155
3.639 3.66822 0.699 -0.220604 -0.878069 -0.42465 217 177 135
3.639 3.66545 0.711 -0.76636 -0.410538 0.494116 203 164 122
3.6373 3.669 0.711 -0.729059 -0.461254 0.505686 199 159 116
3.639 3.669 0.713809 -0.740014 -0.510371 0.438065 189 150 108
3.639 3.669 0.758046 0.133609 0.38716 -0.912281 200 182 156
3.639 3.66349 0.765 -0.0014322 0.999977 0.00656581 189 172 148
3.63406 3.669 0.765 0.970589 0.0275286 0.239164 194 179 154
3.639 3.669 0.759206 0.241986 0.188812 0.951732 202 185 159
3.639 3.66697 0.771 -0.0414808 0.998939 0.0199849 195 181 157
3.63655 3.669 0.771 0.979513 0.0348229 -0.198345 195 181 157
3.63419 3.675 0.699 -0.773229 0 -0.634127 209 169 124
3.63391 3.675 0.711 -0.793373 -0.411902 0.448214 152 111 69
3.639 3.67135 0.717 -0.755705 -0.613204 0.22998 160 122 82
3.63586 3.675 0.717 -0.794631 -0.548305 0.260621 129 92 52
3.639 3.67317 0.723 -0.730971 -0.67323 0.111547 129 96 61
3.63712 3.675 0.723 -0.78644 -0.610464 0.0940499 125 92 58
3.639 3.67344 0.729 -0.685459 -0.727999 0.0127623 132 100 67
3.63666 3.675 0.729 -0.702496 -0.710434 -0.0422275 129 99 68
3.639 3.67364 0.735 -0.742484 -0.651708 -0.154901 140 110 80
3.63765 3.675 0.735 -0.620994 -0.783184 -0.0314426 142 113 83
3.639 3.67137 0.741 -0.507419 -0.850765 0.13684 176 150 121
3.63583 3.675 0.741 -0.712349 -0.700004 -0.0505218 176 151 124
3.639 3.67167 0.747 0.23132 -0.875481 0.424293 191 168 141
3.63697 3.675 0.747 -0.602391 -0.718832 0.346996 191 169 143
3.639 3.675 0.748858 5.06747e-17 -0.369832 0.929098 193 171 145
3.639 3.66936 0.759 0.352649 0.915512 0.193589 202 185 159
3.63458 3.681 0.753 0.555007 -0.0460764 0.830569 198 181 154
3.639 3.681 0.750713 0.658702 0.149575 0.737387 200 181 154
3.639 3.68456 0.735 0.462799 0.875255 0.140524 182 155 127
3.636 3.687 0.735 0.974408 0 0.224785 182 155 129
3.639 3.687 0.732424 0.504497 0.15532 0.849329 167 139 112
3.639 3.68521 0.741 0.553489 0.811827 0.185975 188 163 135
3.63702 3.687 0.741 0.751497 0.577783 0.318462 188 163 136
3.639 3.68415 0.747 0.412946 0.835703 0.362046 196 174 148
3.6338 3.687 0.753 0.888333 0.421072 0.183199 197 180 155
3.639 3.68894 0.735 0.696021 -0.395123 0.599526 182 156 129
3.639 3.693 0.73933 0.405845 0 0.913942 187 164 138
3.639 3.69568 0.735 0.332546 0.694184 0.638375 175 150 128
3.639 3.699 0.731106 0.463777 0.629786 0.623122 170 145 121
3.639 3.70439 0.705 0.665715 0.740968 0.0882603 159 125 86
3.6383 3.705 0.705 0.812076 0.558892 0.167848 160 126 88
3.639 3.705 0.70359 0.703158 0.711013 -0.00538996 166 132 94
3.639 3.70383 0.711 0.648807 0.70744 0.280318 153 119 81
3.63747 3.705 0.711 0.811032 0.5604 0.167866 162 128 90
3.639 3.70038 0.717 0.726238 0.684213 -0.0665682 138 108 77
3.63455 3.705 0.717 0.903579 0.427087 0.0338014 144 112 80
3.639 3.70285 0.723 0.746014 0.665922 0.00346129 152 127 102
3.63749 3.705 0.723 0.815664 0.576281 -0.0509158 148 123 98
3.639 3.70161 0.729 0.762249 0.422292 0.490557 167 142 118
3.63625 3.705 0.729 0.712549 0.681906 0.165158 161 135 112
3.63428 3.705 0.735 0.827888 0.294559 0.477322 187 163 138
3.639 3.70531 0.699 0.593847 0.802775 0.0538319 207 174 130
3.63445 3.711 0.705 0.867004 0.498236 0.00806699 192 156 118
3.63447 3.711 0.717 0.944006 0.326139 -0.0498665 151 119 87
3.64243 3.657 0.705 -0.962433 -0.271035 0.0162204 136 99 65
3.64361 3.657 0.759 -0.52768 -0.58242 -0.618337 176 154 128
3.64329 3.663 0.699 -0.933032 -0.14551 -0.329056 160 121 85
3.64062 3.663 0.711 -0.661209 -0.580742 0.474911 200 161 121
3.64453 3.663 0.741 -0.880092 -0.457487 -0.127056 170 141 107
3.64196 3.663 0.771 0.887064 0.123144 0.444919 194 179 156
3.64074 3.669 0.717 -0.778678 -0.500379 0.378525 174 137 96
3.645 3.66502 0.723 -0.857223 -0.499715 0.124312 179 144 103
3.64196 3.669 0.723 -0.792937 -0.578644 0.190846 148 114 76
3.645 3.66528 0.729 -0.934109 -0.350882 -0.0657378 179 145 105
3.64355 3.669 0.729 -0.804396 -0.591547 0.0549479 158 124 87
3.645 3.66338 0.735 -0.936994 -0.33456 -0.100559 166 134 95
3.64299 3.669 0.735 -0.841629 -0.523559 -0.132467 148 117 82
3.64095 3.669 0.741 -0.9364 -0.35009 -0.0243142 174 147 118
3.645 3.66596 0.747 -0.654877 -0.755733 0.00178365 186 160 131
3.64102 3.669 0.747 -0.9435 0.307668 0.123075 191 168 140
3.645 3.66556 0.753 -0.677792 -0.688637 0.257639 190 166 138
3.64151 3.669 0.753 -0.900154 -0.312183 0.30375 191 168 141
3.645 3.66343 0.759 0.310402 0.923571 0.225094 200 181 156
3.63942 3.669 0.759 0.702493 0.711691 0 202 184 159
3.645 3.669 0.755122 -0.519465 0 0.854492 196 175 148
3.645 3.6658 0.765 -0.0429874 0.985912 -0.161645 198 182 158
3.645 3.67083 0.747 -0.402182 0.874885 0.269863 192 169 141
3.6403 3.675 0.747 0.802607 -0.0971201 0.588549 191 169 143
3.645 3.675 0.742624 0.0391853 0.0608144 0.99738 175 148 119
3.645 3.6718 0.753 -0.53864 0.83446 0.116375 196 175 147
3.645 3.67839 0.741 0.65674 0.336646 0.674805 177 149 118
3.64367 3.681 0.741 0.815838 0.443447 0.371166 185 158 127
3.645 3.681 0.739185 0.62496 0.630979 0.459664 179 151 120
3.64233 3.681 0.747 0.876744 0.312211 0.365846 195 172 145
3.645 3.68276 0.735 0.374035 0.831076 0.411595 168 139 111
3.645 3.687 0.731549 0.115118 0.602247 0.789966 149 119 90
3.645 3.69063 0.729 0.666134 0.307434 0.679522 138 110 82
3.64114 3.693 0.729 0.865895 0.389119 0.314344 158 132 104
3.645 3.693 0.726012 0.492445 0.594069 0.636067 137 109 81
3.64176 3.693 0.735 0.89345 0.0926715 0.439498 176 150 126
3.645 3.699 0.697825 0.601824 0.658124 -0.452416 178 141 96
3.645 3.69888 0.705 0.605471 0.793729 0.0583076 143 107 67
3.6448 3.699 0.705 0.671841 0.731876 0.113962 145 109 69
3.645 3.699 0.704757 0.68503 0.722159 0.0960278 144 108 68
3.645 3.69857 0.711 0.635744 0.650774 0.415117 113 77 43
3.64437 3.699 0.711 0.654182 0.734441 0.180669 116 80 46
3.645 3.69411 0.717 0.715305 0.698419 0.023459 108 76 47
3.64038 3.699 0.717 0.688832 0.696367 0.201453 136 105 75
3.645 3.69706 0.723 0.610767 0.657411 0.441332 139 111 84
3.64279 3.699 0.723 0.807472 0.58947 -0.0226899 147 120 94
3.64172 3.699 0.729 0.896166 0.377118 0.233814 169 142 117
3.645 3.69981 0.699 0.674837 0.737967 0 172 135 92
3.6394 3.705 0.699 0.686904 0.726268 0.0264222 207 174 130
3.645 3.7104 0.729 0 -1 0 178 154 134
3.64453 3.711 0.729 -1 0 0 178 154 133
3.645 3.711 0.728899 -3.82554e-18 0 -1 178 154 134
3.645 3.711 0.72939 0 0 1 178 154 134
3.645 3.71111 0.729 0 1 0 178 154 134
3.64507 3.693 0.699 0 0 0 168 124 79
3.64596 3.699 0.699 0.675514 0.737243 0.0123871 167 130 87
3.64513 3.711 0.729 1 0 0 178 154 134
3.64725 3.717 0.735 0 0 0 189 168 148
3.129 3.73457 1.059 -0.874868 -0.403405 0.268086 87 89 85
3.12895 3.735 1.059 -1 0 -3.38776e-18 87 89 85
3.129 3.735 1.05971 -0.792262 0.551415 0.261271 87 90 86
3.129 3.73509 1.059 -0.787773 0.586078 -0.189544 87 89 85
3.135 3.71565 1.059 -0.737107 -0.59416 0.321943 102 113 116
3.1344 3.717 1.059 -0.931892 -0.333972 0.14156 99 109 112
3.135 3.717 1.06098 -0.558998 -0.493193 0.666545 101 112 115
3.13241 3.723 1.059 -0.950634 -0.226668 0.211937 93 101 102
3.135 3.72073 1.065 -0.47195 -0.748342 0.466097 100 110 112
3.13406 3.723 1.065 -0.938512 -0.288902 0.189027 96 106 107
3.135 3.72261 1.071 -0.642763 -0.762389 0.0749588 98 109 111
3.13479 3.723 1.071 -0.944431 -0.267017 0.19171 97 108 110
3.135 3.723 1.07127 -0.442264 -0.242599 0.863451 97 108 110
3.13154 3.729 1.059 -0.968183 -0.191128 0.161531 88 94 92
3.13205 3.729 1.065 -0.958077 -0.233168 0.166495 91 98 97
3.13378 3.729 1.071 -0.931733 -0.205801 0.2992 94 102 103
3.135 3.729 1.07309 -0.588399 -0.231551 0.774707 93 102 104
3.13091 3.735 1.065 -0.975592 0.0735681 0.2069 89 94 93
3.132 3.735 1.071 -0.927825 0.135381 0.34758 91 97 95
3.135 3.735 1.07469 -0.553492 0.110878 0.825441 89 96 96
3.13347 3.741 1.059 -0.951452 0.307525 -0.0129434 94 96 91
3.13379 3.741 1.065 -0.975393 0.206683 0.0767552 94 98 95
3.13468 3.741 1.071 -0.966086 0.126411 0.225164 96 101 99
3.135 3.741 1.07208 -0.475381 -0.24912 0.843773 94 100 98
3.13387 3.747 1.059 -0.983915 0.176721 -0.0260791 92 94 89
3.13319 3.747 1.065 -0.987456 0.122044 0.100184 95 96 91
3.13486 3.747 1.071 -0.990414 0.0688226 0.119767 89 93 91
3.135 3.7454 1.077 0.261626 -0.673294 0.69154 84 89 87
3.13473 3.747 1.077 -0.998643 -0.00914222 0.0512739 84 88 85
3.135 3.747 1.07765 0 0 1 84 88 86
3.141 3.70934 1.059 -0.693023 -0.622217 0.364095 119 133 137
3.13905 3.711 1.059 -0.694715 -0.622644 0.360119 115 127 132
3.141 3.711 1.06197 -0.646284 -0.394419 0.653261 120 133 138
3.141 3.717 1.0636 -0.386489 -0.465255 0.796344 112 125 129
3.141 3.71516 1.071 -0.648345 -0.755055 0.0976772 120 133 139
3.1392 3.717 1.071 -0.777064 -0.614926 -0.134307 115 128 133
3.141 3.717 1.06759 -0.620776 -0.68764 -0.376547 115 128 132
3.141 3.717 1.07271 -0.344658 -0.33263 0.87782 116 130 135
3.141 3.71868 1.065 -0.605141 -0.796026 0.0121191 112 125 129
3.141 3.723 1.07364 -0.412948 -0.225161 0.882483 107 120 124
3.141 3.729 1.07578 -0.251366 -0.13949 0.957788 103 116 120
3.141 3.73251 1.059 0.569018 0.821942 -0.0250955 105 117 120
3.13755 3.735 1.059 0.955284 0.287235 0.070208 100 109 110
3.141 3.73233 1.065 0.166228 0.937052 -0.307086 107 119 121
3.13725 3.735 1.065 0.935382 0.347671 -0.0646979 97 107 108
3.141 3.735 1.06733 0.419133 0.597492 -0.683616 105 117 119
3.141 3.73202 1.077 0 -0.612064 0.790808 97 109 112
3.1389 3.735 1.077 -0.621827 -0.127581 0.772693 91 100 102
3.141 3.735 1.08042 0 0 1 95 106 109
3.13921 3.741 1.059 0.990018 0.0934063 -0.105543 96 103 102
3.13791 3.741 1.065 0.982624 0.0873549 0.163768 99 107 107
3.141 3.73991 1.071 0.554168 0.827658 -0.0887759 96 106 108
3.13616 3.741 1.071 0.846973 0.464747 0.258161 96 102 101
3.141 3.73642 1.077 -0.0625775 0.779243 0.62359 94 104 107
3.141 3.73832 1.083 3.78502e-17 -1 0 95 105 108
3.13826 3.741 1.083 -1 0 0 90 98 99
3.141 3.741 1.08205 4.02144e-18 0 -1 94 104 106
3.141 3.741 1.08505 -1.60858e-17 0 1 94 104 107
3.13629 3.747 1.059 0.911529 0.411235 -3.06872e-05 92 96 93
3.13738 3.747 1.065 0.943963 0.310034 0.113191 96 101 99
3.13544 3.747 1.071 0.944778 0.308253 0.11124 89 93 91
3.13641 3.747 1.077 0.987446 0.132065 0.0866581 87 92 90
3.141 3.74185 1.083 0 1 0 94 103 106
3.147 3.70273 1.059 -0.30784 -0.942754 0.128257 122 136 139
3.14447 3.705 1.059 -0.715143 -0.667315 0.207993 122 136 140
3.147 3.70375 1.065 -0.155177 -0.964318 0.214502 122 137 140
3.14571 3.705 1.065 -0.834312 -0.473568 0.282233 122 136 140
3.147 3.705 1.0687 -0.624981 -0.590476 0.510624 122 137 141
3.14286 3.711 1.065 -0.849277 -0.340122 0.403788 124 138 142
3.147 3.70865 1.071 -0.399223 -0.38057 0.834138 126 141 145
3.14613 3.711 1.071 -0.867782 -0.435277 0.239767 127 142 147
3.147 3.711 1.07164 -0.457961 -0.332883 0.824294 127 142 146
3.14258 3.717 1.065 -0.891771 -0.316267 0.323603 115 128 132
3.147 3.717 1.07356 -0.262974 -0.386502 0.884003 121 134 139
3.147 3.723 1.07688 -0.374838 -0.352238 0.857569 111 124 128
3.147 3.7285 1.059 -0.414556 0.852848 -0.317481 119 134 139
3.14627 3.729 1.059 0.403302 0.816936 -0.412265 118 132 138
3.147 3.729 1.05969 0 0.552145 -0.833748 119 133 139
3.147 3.72326 1.077 -0.604541 -0.597661 0.526623 111 124 128
3.14286 3.729 1.077 -0.80524 0.00860957 0.592887 104 117 121
3.147 3.72866 1.083 -0.552984 -0.657351 0.511955 109 123 128
3.14674 3.729 1.083 -0.761104 -0.422065 0.492526 109 123 128
3.147 3.729 1.08343 -0.786025 1.7286e-17 0.618195 109 123 128
3.14535 3.735 1.065 -0.702831 0.711357 0 116 130 135
3.147 3.735 1.0633 -0.00500408 0.660322 -0.750966 118 132 138
3.147 3.7312 1.071 0.112669 0.969129 0.219305 109 121 126
3.14477 3.735 1.071 0.930871 0.359682 -0.0640977 102 113 117
3.147 3.735 1.06674 -0.00697566 0.749261 0.662238 115 128 134
3.147 3.73287 1.077 -0.390446 0.918986 -0.0549239 111 124 129
3.14368 3.735 1.077 0.899708 0.17503 0.399862 101 113 116
3.147 3.73026 1.083 -0.781464 0.563818 0.267252 108 122 128
3.147 3.7326 1.089 -0.637769 -0.703535 0.313512 108 122 128
3.1453 3.735 1.089 -0.988399 -0.109918 -0.104816 105 119 124
3.147 3.735 1.08481 -0.797311 -0.424892 -0.428675 107 120 126
3.147 3.735 1.09122 -0.675607 -0.0590309 0.734895 108 122 128
3.147 3.73826 1.065 0 1 0 115 128 134
3.147 3.7409 1.071 -0.321969 -0.939862 0.113997 103 114 120
3.14674 3.741 1.071 -1 1.17447e-16 0 103 114 119
3.147 3.741 1.07072 -0.409211 0.902109 -0.136914 103 115 120
3.147 3.741 1.07123 -0.102213 0.969878 0.221111 103 114 120
3.14572 3.741 1.083 1 0 0 107 119 124
3.14562 3.741 1.089 -0.967559 0.182839 0.174352 107 119 125
3.147 3.741 1.08492 -0.922161 0.101828 -0.373163 110 123 129
3.147 3.741 1.09009 -0.695106 0.179407 0.696161 108 122 128
3.147 3.74569 1.065 2.55926e-16 -1 0 106 118 122
3.1467 3.747 1.065 -1 -2.48778e-17 0 104 116 120
3.147 3.747 1.06488 0 8.26936e-18 -1 105 117 121
3.147 3.74112 1.071 -0.0950024 0.979299 0.178738 103 114 119
3.147 3.747 1.06563 0 0 1 103 115 119
3.147 3.74479 1.077 -0.65515 -0.676762 -0.335814 98 110 114
3.14498 3.747 1.077 -0.881352 0.156607 -0.44575 96 106 109
3.147 3.747 1.0756 0 0 -1 94 104 108
3.147 3.74142 1.083 -0.708751 -0.646999 -0.281183 110 123 129
3.14476 3.747 1.083 -0.960055 -0.253393 0.118685 100 110 114
3.147 3.74337 1.089 -0.933429 0.345034 -0.098293 108 121 127
3.147 3.747 1.08781 -0.512116 0.28904 0.808822 105 117 122
3.153 3.7017 1.059 -0.178318 -0.955523 0.234901 126 140 142
3.153 3.70364 1.065 -0.0803574 -0.971533 0.22286 126 141 143
3.153 3.70477 1.071 -0.0709065 -0.96608 0.248318 127 141 144
3.15169 3.705 1.071 -0.274961 -0.747704 0.604429 126 140 143
3.153 3.705 1.07135 -0.318972 -0.579865 0.749675 126 141 143
3.153 3.711 1.07665 -0.428095 -0.407529 0.806632 118 132 134
3.153 3.717 1.07628 -0.470104 -0.227916 0.852676 117 131 134
3.153 3.71825 1.077 -0.49098 -0.6031 0.628657 115 129 132
3.14731 3.723 1.077 -0.489964 -0.587362 0.644159 111 124 128
3.153 3.723 1.08187 -0.515423 -0.635804 0.574537 115 129 133
3.14937 3.729 1.059 0.043997 0.863061 -0.50318 126 141 147
3.153 3.72367 1.083 -0.557111 -0.669769 0.490955 115 129 134
3.153 3.72778 1.089 -0.669208 -0.713573 0.207302 114 129 134
3.15146 3.729 1.089 -0.851202 -0.42713 0.304984 112 127 132
3.153 3.72707 1.095 -0.71495 -0.636576 0.289166 110 126 132
3.1517 3.729 1.095 -0.953378 -0.247857 0.172157 108 123 130
3.153 3.729 1.09583 -0.428539 -0.124017 0.894972 109 124 130
3.153 3.72972 1.059 -0.649821 0.758626 -0.0471105 134 150 156
3.153 3.73244 1.065 -0.168713 0.985342 -0.0252387 133 149 157
3.14842 3.735 1.065 0.696034 0.718009 2.95027e-17 125 139 147
3.153 3.73103 1.071 -0.275295 0.934389 -0.226119 109 121 125
3.15297 3.735 1.077 -0.762839 0.391156 -0.514854 114 128 134
3.153 3.735 1.07698 -0.524545 0.550216 -0.649704 114 128 134
3.14815 3.735 1.083 -0.935941 -0.0160096 -0.351793 109 123 129
3.15201 3.735 1.095 -0.721168 -0.253522 0.644704 112 126 132
3.153 3.735 1.09571 -0.508972 -0.124203 0.851775 111 126 132
3.153 3.73863 1.065 -0.0797697 -0.985993 -0.146474 129 145 155
3.14871 3.741 1.065 -0.813603 -0.038998 -0.580112 114 127 133
3.153 3.741 1.0624 0 0 -1 124 138 146
3.153 3.73945 1.071 0.136484 -0.96723 0.214099 109 122 128
3.153 3.73507 1.077 -0.678494 0.24537 -0.692416 114 128 134
3.153 3.741 1.07435 0.00749571 -0.0711251 0.997439 109 122 128
3.14775 3.741 1.083 -0.857626 0.0366719 -0.512965 111 124 130
3.153 3.741 1.07911 -0.394716 -0.0715489 -0.916013 110 124 131
3.15189 3.741 1.095 -0.842123 -0.0671507 0.535088 114 129 136
3.153 3.741 1.09767 -0.53191 -0.387214 0.753085 109 124 131
3.153 3.74272 1.065 0.000272415 0.999052 -0.043539 112 125 132
3.14726 3.747 1.065 1 0 0 104 116 120
3.153 3.74153 1.071 0.00877606 0.982366 0.186762 107 119 126
3.14784 3.747 1.077 0.389332 0.145934 -0.909463 96 107 111
3.153 3.747 1.0805 0.280993 0.513404 -0.810838 104 118 124
3.14778 3.747 1.089 -0.885297 0.3107 0.345997 107 120 126
3.15063 3.747 1.095 -0.937639 0.229307 0.261252 105 119 125
3.153 3.74388 1.101 0.183584 -0.509778 0.84049 101 115 121
3.14989 3.747 1.101 -0.936618 -0.161784 0.310763 97 110 116
3.153 3.747 1.10124 0 0 1 102 116 122
3.159 3.70109 1.059 -0.097112 -0.953615 0.284936 130 143 145
3.159 3.70307 1.065 -0.135844 -0.957116 0.255883 130 144 145
3.159 3.70417 1.071 -0.107537 -0.952403 0.285245 130 144 146
3.159 3.705 1.07212 -0.114455 -0.699709 0.7052 128 142 144
3.159 3.70995 1.077 -0.162923 -0.772551 0.613695 121 134 135
3.15456 3.711 1.077 -0.533834 -0.586149 0.609467 118 132 134
3.159 3.711 1.07891 -0.337432 -0.797173 0.500654 121 134 136
3.1549 3.717 1.077 -0.957485 -0.116247 0.264024 117 130 133
3.159 3.71285 1.083 -0.352619 -0.807229 0.47333 120 135 137
3.15411 3.717 1.083 -0.834286 -0.39301 0.386665 120 135 138
3.159 3.71691 1.089 -0.231998 -0.791418 0.56554 119 134 138
3.1589 3.717 1.089 -0.861696 -0.264525 0.43302 119 134 138
3.159 3.717 1.08911 -0.269893 -0.742396 0.613194 119 134 138
3.15401 3.723 1.083 -0.864015 -0.203705 0.460415 116 130 134
3.15808 3.723 1.089 -0.843659 -0.486106 0.227905 117 132 136
3.159 3.72188 1.095 -0.254782 -0.704336 0.662569 117 133 138
3.15696 3.723 1.095 -0.793268 -0.606916 0.0487725 116 131 137
3.159 3.723 1.09586 -0.282665 -0.428621 0.858128 116 132 137
3.159 3.729 1.0987 -0.34246 -0.17805 0.922507 112 127 132
3.1573 3.735 1.059 -0.951106 0.302926 -0.0602704 140 157 164
3.15572 3.735 1.065 -0.852249 0.471645 0.226323 144 163 174
3.159 3.73437 1.071 -0.558871 0.798223 0.224729 111 125 130
3.159 3.735 1.07032 -0.688465 0.536926 0.487571 115 130 136
3.159 3.735 1.07169 -0.563713 0.505062 -0.65356 112 126 132
3.159 3.735 1.09817 -0.474416 -0.212556 0.854254 114 129 135
3.15634 3.741 1.059 -0.993714 -0.0496983 0.100308 137 152 160
3.159 3.73974 1.065 -0.729343 0.526876 0.436418 116 131 138
3.15703 3.741 1.065 0.913479 -0.357158 -0.19492 113 126 133
3.159 3.741 1.06308 -0.808453 0.333418 0.485012 120 134 141
3.1559 3.741 1.071 0.73443 0.595739 0.325127 107 121 127
3.15514 3.741 1.077 -0.414437 0.532146 -0.738284 109 123 131
3.159 3.741 1.07356 -0.698174 0.286462 -0.656119 108 123 130
3.159 3.73929 1.101 -0.39373 -0.304165 0.867445 106 119 126
3.15627 3.741 1.101 -0.544957 -0.0583547 0.836431 102 116 123
3.159 3.741 1.10127 -0.358168 0.00719929 0.933629 104 118 125
3.15572 3.747 1.059 -0.935995 0.351823 0.0115907 129 144 151
3.159 3.74295 1.065 -0.879995 -0.418214 0.225181 109 121 128
3.15726 3.747 1.065 -0.996567 -0.0740984 0.0369244 103 115 120
3.159 3.7431 1.071 -0.934643 -0.332765 0.125341 106 120 126
3.15803 3.747 1.071 -0.924138 -0.341786 0.170736 103 116 122
3.159 3.74415 1.077 -0.770156 0.526649 -0.359862 108 123 130
3.159 3.747 1.07463 -0.889797 -0.366393 0.272062 106 120 126
3.159 3.74698 1.083 -0.275394 0.712258 -0.645636 110 126 134
3.15899 3.747 1.083 0.251033 0.759498 -0.600121 110 126 134
3.159 3.747 1.08301 -0.437912 0.644743 -0.62653 110 126 134
3.159 3.74174 1.101 -0.316525 0.334055 0.887817 105 119 126
3.15392 3.747 1.101 0.348526 4.81706e-18 0.937299 103 116 123
3.159 3.747 1.09901 -0.203223 0.20385 0.957677 105 119 126
3.165 3.7005 1.059 -0.0811314 -0.978531 0.18946 133 147 147
3.165 3.70181 1.065 -0.136995 -0.959786 0.245036 133 147 148
3.165 3.70333 1.071 -0.0123604 -0.924727 0.380431 133 147 148
3.165 3.705 1.07295 -0.0112667 -0.739753 0.672784 130 143 145
3.165 3.70861 1.077 -0.101438 -0.871791 0.47926 123 136 138
3.165 3.711 1.08183 -0.210917 -0.877156 0.431406 124 137 139
3.165 3.7116 1.083 -0.209371 -0.827197 0.52145 123 137 139
3.165 3.71519 1.089 -0.192733 -0.812963 0.549496 122 137 140
3.165 3.717 1.09122 -0.222052 -0.772484 0.594946 122 137 140
3.165 3.71964 1.095 -0.188651 -0.671262 0.716811 122 137 141
3.165 3.723 1.09711 -0.118567 -0.447908 0.886183 119 134 139
3.165 3.729 1.10028 -0.224955 -0.371711 0.900681 115 130 135
3.15984 3.735 1.071 -0.983604 0.147989 -0.103069 111 126 131
3.165 3.73055 1.101 -0.0772026 -0.313335 0.946499 113 128 133
3.16125 3.735 1.101 -0.510342 -0.338799 0.790422 107 121 127
3.165 3.735 1.10187 -0.155138 -0.190224 0.969405 106 119 124
3.16005 3.741 1.065 -0.977789 0.080276 0.193608 109 122 128
3.15998 3.741 1.071 -0.994302 -0.0942118 -0.0498763 106 121 127
3.165 3.741 1.10335 -0.148845 -0.0634947 0.98682 96 108 112
3.165 3.74684 1.059 0 1 1.80477e-17 153 176 190
3.16488 3.747 1.059 0.399238 0.916847 1.49427e-16 153 176 190
3.165 3.747 1.05917 -0.621466 0.661158 -0.420297 151 174 188
3.15978 3.747 1.077 -0.998189 -0.038024 -0.0466064 107 121 128
3.15901 3.747 1.083 -0.916381 -0.390937 -0.0861076 110 126 134
3.1626 3.747 1.101 -0.523209 0.221299 0.82297 102 116 122
3.165 3.747 1.10283 -0.253118 0.164258 0.953389 97 109 114
3.171 3.70014 1.059 -0.0821242 -0.977027 0.196655 136 149 150
3.171 3.70123 1.065 -0.0115947 -0.925263 0.379149 135 149 149
3.16964 3.705 1.071 0.269606 -0.723686 0.635289 127 140 141
3.171 3.705 1.07039 0.121145 -0.808276 0.576207 127 139 140
3.171 3.70552 1.071 -0.0672833 -0.922656 0.379709 126 138 139
3.171 3.70776 1.077 -0.11739 -0.93358 0.338598 126 139 140
3.171 3.70983 1.083 -0.139341 -0.912951 0.383542 126 139 141
3.16676 3.711 1.083 -0.25327 -0.862606 0.437911 124 138 139
3.171 3.711 1.0852 -0.202698 -0.805625 0.556671 126 139 141
3.171 3.71393 1.089 -0.19103 -0.803294 0.564115 125 140 142
3.171 3.717 1.09309 -0.192031 -0.790863 0.581085 126 140 143
3.171 3.71832 1.095 -0.159301 -0.631398 0.75892 125 140 143
3.171 3.723 1.09817 -0.149248 -0.415754 0.897148 122 136 141
3.171 3.729 1.09981 -0.0549548 -0.37513 0.925342 116 129 134
3.171 3.731 1.101 -0.0359982 -0.383095 0.923007 114 127 132
3.171 3.735 1.10245 -0.058693 -0.204845 0.977033 106 119 123
3.171 3.741 1.1033 -0.00848171 -0.0508614 0.99867 102 113 118
3.16509 3.747 1.059 -0.961249 0.217115 -0.169889 153 176 190
3.171 3.747 1.1033 0.0343731 0.0818451 0.996052 99 112 116
3.55591 3.699 0.867 0.662662 -0.742234 -0.0998381 35 37 34
3.555 3.6983 0.867 0.178154 -0.971632 -0.155537 34 37 34
3.555 3.699 0.862831 0.466111 -0.848916 -0.249163 37 40 38
3.55586 3.705 0.843 0.352857 -0.926478 -0.130883 44 47 43
3.555 3.7046 0.843 0.134256 -0.968211 -0.211051 44 47 43
3.555 3.705 0.842063 0.148719 -0.569042 -0.808748 45 47 43
3.55824 3.705 0.849 0.438111 -0.892686 -0.105693 38 41 38
3.555 3.70363 0.849 0.273372 -0.938957 -0.208872 41 45 41
3.559 3.705 0.855 0.4958 -0.839627 -0.22183 36 40 36
3.555 3.70247 0.855 0.385131 -0.887762 -0.252097 37 41 38
3.561 3.70353 0.861 0.489882 -0.852452 -0.182595 35 36 32
3.555 3.69997 0.861 0.379327 -0.889102 -0.256142 38 41 39
3.561 3.705 0.856936 0.455775 -0.814901 -0.358058 35 38 34
3.561 3.70407 0.867 0.609263 -0.788598 -0.0831346 34 35 30
3.561 3.70917 0.837 0 -0.934663 -0.355534 45 47 41
3.55759 3.711 0.837 -0.419383 -0.685138 -0.59557 47 48 44
3.561 3.711 0.831537 2.54152e-17 -0.915674 -0.401922 46 47 40
3.561 3.70664 0.843 0.442467 -0.82976 -0.340177 41 44 39
3.555 3.711 0.840026 -0.695727 -0.269039 -0.666019 49 52 49
3.561 3.7062 0.849 0.585034 -0.807853 -0.0714799 34 38 34
3.561 3.70617 0.855 0.637159 -0.747888 -0.186258 34 38 34
3.55528 3.717 0.825 0.999574 0.0241566 0.0163669 82 79 70
3.555 3.71683 0.825 -0.232234 -0.936723 -0.261948 82 79 70
3.555 3.717 0.824924 0.207392 -0.281126 -0.936993 82 79 71
3.561 3.71181 0.831 0.0227115 -0.816053 -0.57753 47 47 41
3.555 3.71686 0.831 -0.124869 -0.976457 -0.175895 50 49 44
3.561 3.717 0.82887 0.544892 0 -0.838506 61 62 55
3.555 3.71467 0.837 -0.263219 -0.888645 -0.375534 44 47 45
3.561 3.71407 0.849 0.444995 0.892653 -0.0717581 38 43 43
3.55747 3.717 0.849 0.731761 0.539464 0.416539 41 47 48
3.561 3.717 0.843031 0.527056 0.76339 0.373427 39 42 39
3.55649 3.717 0.855 -0.701247 0.712193 -0.032146 44 50 52
3.555 3.71577 0.855 -0.374963 0.917837 0.130297 46 53 55
3.561 3.717 0.852586 0.00227907 0.552937 -0.83322 40 46 47
3.555 3.717 0.853557 0.232855 0.732798 0.639363 44 51 53
3.561 3.71461 0.861 0.229383 0.958824 0.167449 39 44 45
3.555 3.71532 0.861 -0.233708 0.956123 0.176662 49 54 56
3.561 3.717 0.859097 -0.000516792 0.581351 0.813653 42 47 49
3.561 3.71433 0.867 0.0353954 0.997766 0.0566632 39 44 44
3.555 3.71374 0.867 0.017692 0.999765 -0.0125106 47 52 54
3.561 3.72139 0.825 -0.0893107 -0.968576 0.232128 59 57 51
3.561 3.723 0.824505 0.113116 -0.318443 -0.941169 54 52 46
3.555 3.723 0.823211 0.216631 -0.268017 -0.938743 75 73 64
3.561 3.71821 0.831 0.0977661 0.923207 -0.371659 48 50 45
3.555 3.71781 0.831 0.510264 0.772191 -0.37862 48 48 43
3.561 3.723 0.825861 0.284921 -0.539936 0.792016 50 49 43
3.555 3.723 0.82973 0.729731 -0.271457 0.627538 47 47 41
3.561 3.72047 0.837 0.228083 0.954276 0.193223 48 52 50
3.55944 3.723 0.837 0.680191 0.592432 -0.4317 44 49 48
3.555 3.723 0.832249 9.59714e-18 0.69079 -0.723055 40 42 37
3.561 3.71701 0.843 0.325216 0.911977 0.250065 39 42 39
3.555 3.71782 0.843 0.0595943 0.928313 0.366991 41 46 44
3.555 3.723 0.838126 0.138208 0.640475 0.75544 41 44 44
3.555 3.72222 0.849 -0.000489739 0.997958 0.0638745 41 48 49
3.56099 3.723 0.855 -0.602123 0.452249 0.657966 44 51 54
3.561 3.723 0.854972 -0.436566 0.335482 -0.834782 44 51 54
3.561 3.723 0.855006 0.831472 0.303959 0.46504 45 51 54
3.555 3.72409 0.837 0 1 0 41 45 44
3.561 3.72301 0.855 1.8669e-18 1 0 44 51 54
3.56372 3.705 0.861 0.603699 -0.788286 -0.118965 35 36 31
3.56287 3.705 0.867 0.561868 -0.82094 -0.101796 34 35 30
3.56267 3.711 0.837 0.868676 -0.49503 0.0186413 44 45 40
3.56488 3.711 0.843 0.951639 -0.193589 -0.238551 38 40 35
3.56616 3.711 0.849 0.993266 0.0516878 -0.103685 32 33 29
3.56615 3.711 0.855 0.905231 -0.367272 -0.213699 32 33 30
3.567 3.70831 0.861 0.433589 -0.865382 -0.251226 35 36 31
3.567 3.711 0.856498 0.746804 0.531058 -0.400325 33 34 30
3.567 3.70798 0.867 0.528925 -0.848665 0.00226092 35 35 30
3.56451 3.717 0.831 0.65458 -0.355053 -0.66743 50 51 46
3.567 3.71496 0.837 0.18614 -0.977528 -0.0989484 46 48 44
3.567 3.717 0.832507 -0.180895 0.161238 -0.970195 49 50 46
3.56102 3.717 0.843 0.931707 0.233685 0.278053 39 42 39
3.567 3.717 0.838652 0.0491069 0.0583444 0.997088 47 50 48
3.56319 3.717 0.855 0.82135 0.569726 -0.0282173 38 43 44
3.567 3.71328 0.861 -0.0898253 0.995706 -0.0224041 38 40 38
3.567 3.71352 0.867 0.315381 0.948823 -0.0164297 37 39 37
3.567 3.72077 0.825 0.12966 -0.982677 -0.132415 66 65 56
3.567 3.723 0.823831 0.0417605 -0.464501 -0.884588 61 60 52
3.567 3.723 0.830381 0.0785401 -0.880695 0.467127 40 42 37
3.567 3.72002 0.837 0.0716083 0.996149 0.0506 45 49 46
3.5611 3.723 0.855 0.720062 0.259587 -0.643525 44 51 54
3.567 3.72264 0.867 0 -1 9.39694e-18 45 47 51
3.56682 3.723 0.867 -1 0 -7.46702e-18 45 47 51
3.567 3.723 0.866145 0 0 -1 44 47 50
3.567 3.72335 0.867 0 1 9.39694e-18 45 47 51
3.573 3.71041 0.849 -0.10557 -0.99034 -0.0898922 35 36 30
3.56956 3.711 0.849 -0.894674 -0.292251 -0.337858 32 33 28
3.573 3.711 0.846225 0.394081 -0.828998 -0.396816 36 37 30
3.573 3.70989 0.855 0.0950464 -0.982512 -0.160113 39 39 32
3.56846 3.711 0.855 -0.97819 -0.00131758 -0.207707 32 33 29
3.573 3.71023 0.861 0.41215 -0.909853 0.0479506 39 39 32
3.57187 3.711 0.867 0.915308 -0.401452 0.0323616 48 47 41
3.573 3.711 0.865072 0.212056 -0.526066 0.823582 46 45 39
3.573 3.71434 0.837 0.146633 -0.948616 -0.280403 41 41 35
3.573 3.717 0.832693 0.235361 -0.70912 -0.664646 42 42 35
3.573 3.71335 0.843 0.00807145 -0.976628 -0.214786 39 40 34
3.57191 3.717 0.843 -0.994911 0.0131289 0.0999029 40 41 36
3.57067 3.717 0.849 -0.955282 0.290955 -0.0527374 35 38 34
3.5704 3.717 0.855 -0.885475 0.461049 -0.0580387 34 36 34
3.56999 3.717 0.861 -0.901233 0.414024 0.127918 37 38 37
3.573 3.712 0.867 0.423117 -0.902362 0.0819402 49 47 41
3.57024 3.717 0.867 -0.994335 -0.039901 -0.0985186 37 38 37
3.573 3.72211 0.819 0 -1 0 91 88 77
3.57231 3.723 0.819 -0.790213 -0.612832 0 87 84 73
3.573 3.723 0.81853 0 -0.465835 -0.884872 91 87 77
3.57148 3.723 0.825 0.457579 -0.884104 0.0947664 52 52 45
3.573 3.723 0.822677 0 -0.97173 0.236093 65 64 55
3.573 3.7194 0.831 -0.344367 -0.607166 -0.716073 46 46 39
3.56776 3.723 0.831 -0.671137 -0.737164 0.0785175 40 42 37
3.573 3.723 0.826805 -0.00154814 -0.768668 -0.639646 51 51 44
3.57249 3.723 0.837 -0.860185 0.495906 0.118993 48 52 49
3.57066 3.723 0.843 -0.962184 0.270809 0.0294027 43 48 47
3.573 3.71997 0.849 -0.667418 0.696373 0.263852 35 39 36
3.573 3.723 0.844173 -0.469948 0.756198 0.455317 44 48 46
3.573 3.72044 0.855 -0.753771 0.653111 -0.0726339 34 38 36
3.573 3.72133 0.861 -0.621543 0.747934 0.232977 36 39 38
3.573 3.71818 0.867 -0.0893907 0.995209 0.0395952 33 32 29
3.56711 3.723 0.867 1 0 0 45 47 51
3.573 3.7239 0.825 0.467696 -0.793695 0.388983 51 51 44
3.573 3.72453 0.837 -0.879011 0.296153 0.373676 47 51 48
3.573 3.72341 0.843 -0.519718 0.853671 0.0337511 45 49 47
3.57357 3.711 0.849 0.646944 -0.759027 -0.0730826 36 37 31
3.57415 3.711 0.855 0.660363 -0.750856 0.011685 43 43 35
3.57397 3.711 0.861 0.673956 -0.734733 0.0771459 40 40 33
3.579 3.71605 0.837 0.32138 -0.91188 -0.255323 44 43 35
3.579 3.717 0.835925 0.400989 -0.609266 -0.684107 42 42 34
3.579 3.71621 0.843 0.421338 -0.904369 -0.0677581 43 42 34
3.579 3.71549 0.849 0.597716 -0.786351 -0.156166 47 46 38
3.579 3.71506 0.855 0.631123 -0.775617 -0.0100754 46 46 38
3.579 3.71573 0.861 0.664037 -0.736429 0.129334 43 42 36
3.57874 3.717 0.867 0.895105 -0.445577 -0.0157579 58 56 49
3.579 3.717 0.866575 0.0012861 -0.0988683 0.9951 57 56 48
3.5743 3.723 0.819 0.565878 -0.824489 0 87 84 73
3.579 3.72279 0.831 0.371285 -0.636142 -0.676366 50 50 42
3.579 3.723 0.830514 0.252424 -0.889843 -0.380081 51 50 43
3.57632 3.723 0.849 -0.689866 0.718666 0.0872074 35 40 36
3.57538 3.723 0.855 -0.732597 0.671955 -0.108531 34 38 37
3.57447 3.723 0.861 -0.842021 0.123037 0.525226 36 40 39
3.579 3.71724 0.867 0.735951 -0.65446 0.173372 58 56 49
3.57774 3.723 0.867 -0.950736 -0.198101 0.238447 35 35 32
3.58035 3.717 0.837 0.857941 -0.452421 -0.243419 45 44 36
3.58002 3.717 0.843 0.889477 -0.455492 -0.0368587 45 44 35
3.58092 3.717 0.849 0.915421 -0.399551 -0.0486105 49 49 40
3.58154 3.717 0.855 0.947569 -0.318686 0.0234886 51 50 42
3.58031 3.717 0.861 0.914934 -0.386766 0.115359 48 47 40
3.57932 3.723 0.831 0.775243 -0.374944 -0.508345 50 49 42
3.58241 3.723 0.837 0.930631 -0.336833 -0.143072 50 50 42
3.58241 3.723 0.843 0.95764 -0.287964 -0.00172736 48 48 41
3.58155 3.723 0.849 0.995839 -0.09084 -0.00732689 46 47 40
3.58192 3.723 0.855 0.981969 -0.188619 -0.0126448 49 48 41
3.58301 3.723 0.861 0.912243 -0.409499 0.0110905 61 59 51
3.58178 3.723 0.867 0.924164 -0.333141 0.186918 60 58 52
3.609 3.71873 0.813 -0.837082 -0.542314 -0.0720338 207 197 179
3.609 3.71783 0.819 -0.314395 -0.900392 0.300748 213 204 187
3.609 3.71818 0.825 0.0624697 -0.971229 0.229808 213 204 187
3.609 3.72067 0.831 0.0593136 -0.92216 0.382234 211 203 186
3.615 3.705 0.774096 1.62349e-16 0 1 207 195 174
3.615 3.71355 0.813 -0.466294 -0.879868 -0.0916604 215 204 185
3.61005 3.717 0.813 -0.605228 -0.749334 -0.268696 211 200 182
3.615 3.717 0.809331 -0.47505 -0.678235 -0.560648 218 207 188
3.615 3.71421 0.819 -0.348511 -0.888095 0.299713 218 208 190
3.6096 3.717 0.819 -0.562052 -0.812061 0.157019 215 205 188
3.615 3.717 0.82444 -0.474207 -0.691794 0.544563 218 208 189
3.615 3.71857 0.825 -0.064059 -0.933228 0.353527 217 207 188
3.621 3.68697 0.795 8.2715e-18 -1 0 211 201 182
3.62092 3.687 0.795 -1 2.71993e-17 0 211 201 182
3.621 3.687 0.794923 0 0 -1 211 201 182
3.621 3.687 0.795032 1.28651e-17 0 1 211 201 182
3.621 3.68711 0.795 1.6543e-17 1 0 211 201 182
3.621 3.711 0.773727 -0.582785 -0.549602 0.598581 212 200 178
3.621 3.71006 0.813 -0.724086 -0.681567 0.105669 215 205 186
3.62015 3.711 0.813 -0.52038 -0.79421 -0.313743 215 205 185
3.621 3.711 0.81087 -0.67874 -0.652233 -0.337497 219 209 189
3.621 3.711 0.815941 -0.549322 -0.789372 0.274112 217 206 187
3.621 3.71376 0.777 0.479195 -0.789458 0.383572 214 202 181
3.62032 3.717 0.777 -0.950389 -0.161939 0.265588 214 202 181
3.621 3.7157 0.783 0.707791 -0.700283 0.0929259 217 206 184
3.62059 3.717 0.783 -0.96797 -0.241285 0.0693915 216 205 184
3.621 3.717 0.785647 0 -0.89777 0.440465 217 207 185
3.621 3.7125 0.807 -0.742218 -0.548917 -0.38445 223 213 193
3.61794 3.717 0.807 -0.700604 -0.531826 -0.475726 217 207 186
3.621 3.717 0.802304 -0.695273 -0.477232 -0.537442 222 212 191
3.621 3.71252 0.819 -0.450394 -0.840698 0.300619 219 209 190
3.621 3.71492 0.825 -0.438329 -0.765106 0.471677 220 210 191
3.61656 3.717 0.825 -0.320578 -0.791525 0.520305 219 208 189
3.621 3.717 0.82747 -0.358879 -0.763063 0.537532 221 210 191
3.621 3.71988 0.795 -0.885816 -0.463673 -0.0183516 220 210 189
3.621 3.71948 0.801 -0.852485 -0.40376 -0.332036 223 213 192
3.621 3.71914 0.831 -0.327456 -0.807599 0.490466 220 210 190
3.627 3.669 0.773068 -0.718343 -0.688065 0.102708 194 181 158
3.627 3.66953 0.777 -0.679887 -0.695577 0.232222 198 186 164
3.62283 3.675 0.777 -0.963275 -0.173204 0.205189 200 189 166
3.627 3.6729 0.783 0.115132 -0.808454 0.577189 204 193 170
3.62406 3.675 0.783 -0.89098 -0.0951785 0.443955 204 193 171
3.627 3.675 0.785655 0 0 1 207 196 174
3.62517 3.681 0.777 -0.78382 0.526798 0.3288 213 203 179
3.627 3.67681 0.783 -0.0597589 0.781773 0.620693 209 199 176
3.627 3.681 0.777788 0.328397 0.732546 0.596265 214 204 180
3.627 3.68315 0.777 -0.155024 0.983768 0.0903756 215 204 180
3.62115 3.687 0.795 1 0 0 211 201 182
3.627 3.69837 0.789 -0.645869 -0.664574 0.375759 223 212 191
3.62662 3.699 0.789 -1 -7.38047e-18 0 223 212 191
3.627 3.699 0.788606 -0.528227 0.0211859 -0.848839 223 212 191
3.627 3.699 0.789941 -0.825686 0 0.56413 223 213 192
3.627 3.69804 0.807 -0.707399 -0.574301 0.412026 219 209 191
3.62596 3.699 0.807 -0.973435 -0.213067 -0.0838252 219 209 190
3.627 3.699 0.805999 -0.760669 -0.483598 -0.433032 221 211 193
3.627 3.699 0.80827 -0.637955 -0.589441 0.495553 219 210 191
3.627 3.70365 0.783 -1.64474e-17 -1 0 221 210 189
3.62427 3.705 0.783 -1 0 0 219 208 187
3.627 3.705 0.78139 -1.83728e-17 0 -1 220 209 188
3.627 3.70375 0.789 -0.641505 0.670208 0.37322 221 211 190
3.627 3.705 0.788641 0 0 1 220 210 189
3.627 3.70325 0.795 -0.832497 -0.549881 -0.0676708 224 215 193
3.62612 3.705 0.795 -0.973437 -0.218586 0.0681209 223 213 192
3.627 3.705 0.789639 0.243307 0.0342701 -0.969344 221 210 190
3.627 3.70456 0.801 -0.873747 -0.434633 -0.218314 229 219 200
3.62675 3.705 0.801 -0.989006 -0.130824 -0.0689349 228 219 199
3.62562 3.705 0.807 -0.950428 -0.254524 -0.178617 227 218 198
3.627 3.70295 0.813 -0.669358 -0.620527 0.408541 219 210 192
3.62569 3.705 0.813 -0.827987 -0.550574 0.106327 219 210 191
3.627 3.705 0.816938 -0.735823 -0.605576 0.303054 221 212 192
3.627 3.70689 0.783 0 1 0 220 210 188
3.627 3.7052 0.789 -0.643198 -0.556177 -0.526274 220 210 189
3.62414 3.711 0.789 -0.912382 -0.312155 -0.264798 219 209 188
3.627 3.711 0.786246 0.486991 -0.307413 -0.817519 221 211 189
3.62604 3.711 0.795 -0.950432 -0.283002 0.128794 223 214 193
3.62589 3.711 0.801 -0.896727 -0.388548 -0.211923 226 216 196
3.62237 3.711 0.807 -0.782038 -0.520636 -0.342572 224 214 194
3.627 3.70595 0.819 -0.606536 -0.683601 0.40596 221 212 193
3.62219 3.711 0.819 -0.694855 -0.646543 0.314894 219 209 190
3.627 3.70996 0.825 -0.495006 -0.689807 0.528333 224 215 195
3.62588 3.711 0.825 -0.580392 -0.661358 0.475132 223 214 195
3.627 3.711 0.825777 -0.538002 -0.584991 0.606909 224 215 196
3.62137 3.717 0.777 0.975762 -0.212101 0.0538715 215 203 182
3.62255 3.717 0.783 0.641593 -0.766542 0.0277841 217 206 185
3.62168 3.717 0.789 -0.950549 -0.199667 -0.237884 218 209 187
3.627 3.717 0.784341 -0.232952 0.147051 -0.961306 220 209 186
3.62242 3.717 0.795 -0.863993 -0.503019 0.0221058 222 212 191
3.62239 3.717 0.801 -0.832296 -0.49796 -0.243556 224 214 194
3.627 3.71618 0.831 -0.50862 -0.618481 0.598988 224 214 194
3.62555 3.717 0.831 -0.449845 -0.680022 0.578973 223 213 193
3.627 3.717 0.832 -0.407336 -0.50753 0.759269 224 214 194
3.627 3.71916 0.789 0 0.906986 -0.421161 222 211 190
3.633 3.66618 0.777 -0.180164 -0.939672 0.290787 199 186 163
3.62849 3.669 0.777 -0.0922192 -0.76327 0.639464 198 186 164
3.633 3.669 0.778197 0 -0.365805 0.930692 199 187 164
3.633 3.675 0.775565 0.582634 0.572468 -0.576903 205 193 169
3.63042 3.675 0.783 0.572577 0.443503 0.689536 205 193 171
3.633 3.675 0.780466 0.602572 -0.00681091 0.798036 204 192 169
3.633 3.67674 0.777 0.63968 0.768642 0 208 196 171
3.62773 3.681 0.777 0.801315 0.585903 -0.120876 214 204 180
3.633 3.67839 0.789 -0.220346 -0.974839 -0.0337087 210 199 177
3.62985 3.681 0.789 -0.99447 -0.00151129 -0.105013 210 199 177
3.633 3.681 0.783777 -0.074451 -0.0588708 -0.995485 219 209 185
3.633 3.68047 0.795 0.0666345 -0.939568 0.335816 213 204 184
3.63183 3.681 0.795 -0.916163 -0.370585 0.152682 213 204 184
3.633 3.681 0.79614 -0.0510182 -0.721455 0.69058 214 205 185
3.633 3.68623 0.777 -1.38113e-17 -1 0 217 206 181
3.63078 3.687 0.777 -1 0 0 217 206 181
3.633 3.687 0.776065 -2.56013e-17 0 -1 217 206 180
3.633 3.687 0.777898 0 0 1 218 207 181
3.63298 3.687 0.789 -0.95487 -0.185428 -0.232035 211 199 178
3.633 3.687 0.788975 0.0626668 0.283967 -0.956784 211 199 178
3.62856 3.687 0.795 -0.986674 -0.10745 -0.122182 214 203 184
3.633 3.68574 0.801 0.102816 -0.732173 0.673314 217 208 190
3.63219 3.687 0.801 -0.878151 -0.349234 0.326933 217 208 190
3.633 3.687 0.802521 -0.274577 -0.789056 0.549543 218 209 191
3.633 3.68821 0.777 -2.76226e-17 1 0 218 207 181
3.633 3.69134 0.783 -0.00179851 -0.803902 -0.594759 222 211 188
3.62902 3.693 0.783 -0.997824 -0.0354885 -0.0555729 220 209 186
3.633 3.693 0.780871 2.30939e-17 0 -1 222 211 187
3.63255 3.693 0.789 -0.983769 -0.159271 -0.0826541 225 215 194
3.63041 3.693 0.795 -0.991986 0.0337873 -0.121743 221 211 192
3.62889 3.693 0.801 -0.986075 -0.165661 -0.0145907 217 207 189
3.633 3.68995 0.807 -0.309395 -0.83186 0.460742 219 210 192
3.63079 3.693 0.807 -0.844261 -0.453902 0.28495 219 210 192
3.633 3.693 0.810307 -0.653801 -0.510444 0.558561 220 211 194
3.633 3.6958 0.783 -0.349432 0.552374 -0.756822 224 213 190
3.633 3.699 0.785657 0.0491 0.542193 -0.838818 225 215 192
3.63072 3.699 0.795 -0.959225 -0.282643 0.00104591 227 218 197
3.62951 3.699 0.801 -0.938534 -0.318512 -0.133055 225 216 197
3.633 3.69652 0.813 -0.683384 -0.504652 0.527553 220 212 194
3.63108 3.699 0.813 -0.627574 -0.614267 0.478359 220 211 193
3.633 3.699 0.815495 -0.666278 -0.587329 0.459476 220 212 194
3.63138 3.705 0.783 1 0 0 224 212 190
3.63264 3.705 0.789 -0.360485 0.124043 -0.92448 227 216 193
3.633 3.705 0.788935 -0.379246 0.433011 -0.817725 227 217 194
3.633 3.70121 0.819 -0.570388 -0.663633 0.483992 221 213 195
3.62816 3.705 0.819 -0.576939 -0.682429 0.448812 221 212 193
3.633 3.705 0.823457 -0.527263 -0.663118 0.531289 223 215 196
3.633 3.705 0.789 0.24558 0.91695 -0.314472 227 217 194
3.62764 3.711 0.789 0.994838 -0.0777888 -0.0651681 221 211 190
3.633 3.70707 0.795 0.464968 0.719656 -0.515655 226 216 196
3.62759 3.711 0.795 0.875126 0.22015 -0.430916 224 214 193
3.633 3.711 0.80025 0.712217 0.20292 -0.67199 230 220 199
3.633 3.70599 0.825 -0.497523 -0.679561 0.539135 224 215 197
3.633 3.71073 0.831 -0.425773 -0.635136 0.644453 226 217 198
3.63265 3.711 0.831 -0.549688 -0.580415 0.6008 226 217 198
3.633 3.711 0.831278 -0.31689 -0.505757 0.802365 226 217 198
3.62792 3.717 0.789 0.994865 -0.0257243 -0.0978854 221 211 190
3.62815 3.717 0.795 0.843793 -0.0510543 -0.534234 222 212 192
3.633 3.717 0.800312 0.734736 0.00700939 -0.678317 223 214 195
3.633 3.717 0.834726 -0.34377 -0.538139 0.769563 225 215 195
3.639 3.66247 0.777 0.315125 -0.910209 0.268729 200 187 166
3.63685 3.663 0.777 -0.770406 -0.51692 0.373187 200 187 165
3.639 3.663 0.777748 0 0 1 201 188 167
3.639 3.6649 0.777 -0.43624 0.825816 0.357383 201 188 166
3.63554 3.669 0.777 0.866569 -0.335685 0.369289 200 187 164
3.63494 3.675 0.777 0.853068 0.502011 -0.142339 208 196 172
3.639 3.67397 0.783 0 -1 0 206 195 172
3.63755 3.675 0.783 -1 0 0 206 195 172
3.639 3.675 0.782397 0 0 -1 207 196 173
3.639 3.675 0.784788 -4.8484e-17 0 1 207 196 174
3.639 3.67578 0.783 0 1 0 208 197 174
3.639 3.67907 0.789 0.276307 -0.960677 -0.0274455 210 199 177
3.639 3.681 0.788148 0.532099 0.401313 -0.745533 212 201 179
3.63784 3.681 0.795 0.845914 -0.483493 0.225086 213 203 183
3.639 3.681 0.794013 0.858345 0.113993 0.500249 213 202 182
3.63496 3.687 0.777 1 5.84256e-17 0 219 207 182
3.639 3.68202 0.789 0.628684 0.777661 1.51307e-17 213 202 180
3.63304 3.687 0.789 0.903965 0.242452 -0.352226 211 199 178
3.639 3.6817 0.795 0.652293 -0.739378 0.166835 213 203 183
3.639 3.687 0.79359 0.610659 0.162416 -0.775059 218 207 187
3.63874 3.687 0.801 0.199552 -0.801585 0.563596 215 205 186
3.639 3.687 0.800837 0.808386 -0.17609 0.561698 215 205 186
3.63724 3.693 0.783 0.988351 -0.0791583 -0.129987 225 214 191
3.63383 3.693 0.789 0.987936 -0.115815 0.102803 226 215 194
3.639 3.68849 0.795 0.761738 0.647885 0 219 208 188
3.63599 3.693 0.795 0.880532 0.233623 -0.412411 223 213 192
3.639 3.68712 0.801 0.558585 -0.770358 -0.30746 215 205 186
3.639 3.693 0.799181 0.654731 0.0492607 -0.754255 222 211 192
3.639 3.68853 0.807 -0.0700801 -0.969413 0.235217 217 208 190
3.639 3.69134 0.813 -0.228117 -0.812848 0.535948 220 212 194
3.63592 3.693 0.813 -0.474097 -0.648338 0.595726 221 213 195
3.639 3.693 0.814463 -0.218226 -0.712537 0.666834 221 213 195
3.63445 3.699 0.789 0.965865 0.249349 -0.0702074 224 214 193
3.63365 3.699 0.795 0.948925 0.18038 -0.258852 227 218 198
3.639 3.69682 0.801 0.416853 0.3915 -0.820342 228 218 198
3.63811 3.699 0.801 0.779422 0.122854 -0.614336 231 222 201
3.639 3.699 0.80205 0.58795 0.223417 -0.777431 231 221 201
3.639 3.69695 0.819 -0.169331 -0.749101 0.640449 223 216 198
3.63522 3.699 0.819 -0.56418 -0.641327 0.520001 222 214 197
3.639 3.699 0.822991 -0.0993125 -0.850155 0.517082 225 217 200
3.633 3.705 0.789 0.98665 0.130641 -0.0972397 227 217 194
3.63387 3.705 0.795 0.829579 0.181679 -0.528006 227 217 197
3.639 3.70076 0.801 0.723143 -0.158574 -0.672249 232 223 203
3.639 3.705 0.800572 0.727393 -2.15167e-17 -0.686222 228 220 203
3.639 3.7006 0.825 -0.2108 -0.759646 0.615225 225 217 200
3.63421 3.705 0.825 -0.585178 -0.628024 0.512984 223 215 197
3.639 3.705 0.830453 -0.0994146 -0.604481 0.790392 224 216 198
3.639 3.70553 0.801 0.599701 0.687468 -0.409569 229 220 203
3.63333 3.711 0.801 0.802304 0.478784 -0.356475 230 220 200
3.639 3.70916 0.807 0.515029 0.678781 -0.523452 232 222 204
3.63469 3.711 0.807 0.805276 0.421931 -0.416539 234 223 203
3.639 3.711 0.809308 0.595111 0.393882 -0.700499 233 223 204
3.639 3.70659 0.831 -0.213252 -0.511482 0.832412 224 216 198
3.639 3.711 0.832632 -0.132354 -0.620533 0.77293 225 216 198
3.63369 3.717 0.801 0.97481 -0.00770141 -0.222905 224 215 196
3.63439 3.717 0.807 0.814582 0.184615 -0.549885 231 221 200
3.639 3.717 0.81296 0.739014 0.349741 -0.575794 233 224 205
3.639 3.71407 0.837 0.149166 -0.746571 0.648368 226 217 197
3.63522 3.717 0.837 -0.510394 -0.668264 0.541222 225 215 195
3.639 3.717 0.839555 0 -0.656813 0.754053 227 217 197
3.639 3.71708 0.813 0.656426 0.373677 -0.65534 233 224 205
3.64045 3.663 0.777 0.875413 0.38663 0.290119 201 188 166
3.645 3.66884 0.783 -0.627599 -0.778537 0 205 194 172
3.6448 3.669 0.783 -1 0 0 205 194 172
3.645 3.669 0.782885 -0.503415 0 -0.864045 205 194 172
3.645 3.669 0.783334 -0.86044 0 0.509551 205 194 172
3.645 3.66918 0.783 -0.678912 0.73422 0 205 194 173
3.63996 3.675 0.783 1 -4.89995e-17 0 209 198 175
3.645 3.67297 0.789 -0.667898 -0.744253 0 210 199 178
3.64273 3.675 0.789 -1 0 0 210 200 178
3.645 3.675 0.787712 -0.494239 0 -0.869326 213 203 180
3.645 3.675 0.791591 -0.752801 0 0.658248 211 201 179
3.645 3.67675 0.789 -0.612228 0.790681 0 215 204 182
3.64046 3.681 0.789 1 -4.89413e-17 0 214 203 181
3.645 3.67708 0.795 -0.569808 -0.821778 0 212 203 182
3.63935 3.681 0.795 -1 0 0 213 203 183
3.645 3.681 0.791966 -0.473051 0 -0.881035 219 209 188
3.645 3.681 0.799743 -0.642948 0 0.765909 216 206 187
3.645 3.6842 0.795 -0.492852 0.870113 0 222 212 191
3.6411 3.687 0.795 1 0 0 220 210 189
3.645 3.68246 0.801 -0.638171 -0.767069 -0.0658996 216 207 188
3.63909 3.687 0.801 -0.967568 0.0151669 -0.252155 215 205 186
3.645 3.687 0.798094 -0.44149 0 -0.897266 223 213 193
3.645 3.68452 0.807 -0.684888 -0.637291 0.353254 217 208 190
3.6427 3.687 0.807 -0.863035 -0.445464 0.238187 217 207 189
3.645 3.687 0.809184 -0.425018 -0.713427 0.557119 217 208 190
3.645 3.69174 0.801 -0.377309 0.470543 -0.797639 228 219 200
3.64343 3.693 0.801 0.378405 1.34805e-17 -0.92564 228 218 199
3.645 3.693 0.801634 0.296787 0.173601 -0.939032 230 221 202
3.645 3.69015 0.813 -0.243316 -0.798753 0.550265 219 211 193
3.645 3.693 0.815972 -0.12921 -0.701112 0.701247 221 213 195
3.645 3.699 0.805817 0.463611 0.485013 -0.741503 233 224 206
3.645 3.69654 0.819 -0.0439838 -0.63249 0.773319 222 214 196
3.645 3.699 0.820879 0.092792 -0.828693 0.551958 223 215 197
3.63953 3.705 0.801 0.768088 0.0645253 -0.637086 228 220 203
3.645 3.70111 0.807 0.694308 0.149266 -0.704029 234 225 207
3.64304 3.705 0.807 0.631927 0.548966 -0.547087 233 224 206
3.645 3.705 0.808624 0.568108 0.455383 -0.685477 230 221 203
3.645 3.70088 0.825 0.0360534 -0.781531 0.622824 225 217 199
3.645 3.705 0.828408 0.201968 -0.575536 0.792444 225 216 198
3.645 3.71014 0.813 0.461946 0.593797 -0.658795 232 224 206
3.64358 3.711 0.813 0.529064 0.530328 -0.662453 234 226 207
3.645 3.711 0.813828 0.533363 0.438187 -0.723544 232 224 206
3.64268 3.711 0.831 0.360183 -0.381704 0.851217 224 216 197
3.645 3.711 0.830093 0.326012 -0.288804 0.900171 224 215 196
3.63906 3.717 0.813 0.548965 0.430152 -0.716664 233 224 205
3.645 3.717 0.81763 0.550113 0.446871 -0.705466 233 223 206
3.645 3.71226 0.831 0.372214 -0.698009 0.611751 224 215 195
3.64405 3.717 0.837 0.383222 -0.660297 0.645871 225 215 196
3.645 3.717 0.835995 0.430097 -0.673953 0.600669 225 215 195
3.64634 3.681 0.801 0 0 0 216 207 188
3.64699 3.699 0.807 0.46035 0.434784 -0.773977 233 225 207
3.55604 3.699 0.873 0.60874 -0.792816 -0.0296367 35 37 34
3.555 3.69805 0.873 0.206125 -0.978514 -0.0047845 35 37 34
3.55658 3.699 0.879 0.594352 -0.804188 -0.00521156 36 37 34
3.555 3.698 0.879 0.221988 -0.97497 -0.0124231 36 36 33
3.55629 3.699 0.885 0.587835 -0.808327 0.0325236 34 34 31
3.555 3.69824 0.885 0.264663 -0.964334 0.00375768 34 33 30
3.55589 3.699 0.891 0.643659 -0.76206 0.0704809 34 34 30
3.555 3.69827 0.891 0.243603 -0.96958 0.0239353 34 34 30
3.55583 3.699 0.897 0.677069 -0.733129 -0.0640267 35 34 30
3.555 3.69818 0.897 0.264439 -0.964193 -0.0200921 35 34 30
3.55601 3.699 0.903 0.588589 -0.807601 0.03667 38 37 32
3.555 3.69827 0.903 0.270203 -0.962356 0.0293531 36 35 30
3.55546 3.699 0.909 0.604581 -0.789706 0.104148 37 36 31
3.555 3.69865 0.909 0.341129 -0.939594 0.0281947 36 35 30
3.555 3.699 0.91176 0.443768 -0.879086 0.174008 35 34 29
3.561 3.7027 0.873 0.574711 -0.813136 -0.092289 35 36 31
3.561 3.70251 0.879 0.581638 -0.8134 -0.00883599 36 36 32
3.561 3.70253 0.885 0.615892 -0.787321 0.0283254 38 37 33
3.561 3.70279 0.891 0.618351 -0.780548 0.0915814 39 38 34
3.561 3.70434 0.897 0.655054 -0.755546 0.00733309 43 42 37
3.561 3.70258 0.903 0.634389 -0.770381 -0.0637458 46 44 38
3.561 3.70315 0.909 0.608336 -0.789101 0.0851244 47 45 39
3.561 3.70361 0.915 0.595413 -0.795571 0.112029 47 45 40
3.555 3.69983 0.915 0.543973 -0.832048 0.108581 36 35 30
3.56062 3.705 0.921 0.957098 -0.249764 0.146908 43 41 36
3.555 3.70047 0.921 0.545204 -0.827823 0.132142 39 38 34
3.561 3.705 0.920212 0.524621 -0.730701 0.436862 43 41 36
3.55961 3.705 0.927 0.856253 -0.506582 -0.101021 45 43 39
3.555 3.70131 0.927 0.573145 -0.819083 0.0246668 42 40 36
3.56053 3.705 0.933 0.655887 -0.750856 0.077637 50 47 42
3.555 3.70034 0.933 0.546924 -0.836704 0.0282912 42 40 36
3.55922 3.705 0.939 0.575134 -0.815937 0.0588777 52 49 43
3.555 3.70173 0.939 0.527209 -0.825652 0.20087 43 41 37
3.56092 3.705 0.945 0.367759 -0.924821 0.097256 52 49 44
3.555 3.70345 0.945 0.443923 -0.892385 0.0811236 46 44 40
3.55755 3.705 0.951 0.554834 -0.79656 0.240108 49 46 41
3.555 3.70352 0.951 0.451631 -0.885511 0.109089 45 42 38
3.55545 3.705 0.957 0.592895 -0.775213 0.217992 45 42 38
3.555 3.70475 0.957 0.441388 -0.882965 0.159843 44 41 37
3.555 3.705 0.957923 0.655579 -0.61914 0.4323 44 41 37
3.55845 3.711 0.885 -0.803417 0.589345 -0.0848202 43 44 45
3.555 3.70843 0.885 -4.1318e-17 1 0 44 46 48
3.555 3.711 0.881858 -0.43759 0.655322 0.615685 46 49 52
3.555 3.711 0.888606 0.219689 0.8326 -0.508442 53 56 58
3.55576 3.711 0.915 -0.873035 0.474124 0.114087 47 50 47
3.555 3.70982 0.915 0.551841 0.823518 0.131488 46 49 46
3.555 3.711 0.91384 -0.293339 0.860922 0.415651 49 53 51
3.561 3.70529 0.921 0.285863 -0.940999 0.181116 43 41 36
3.55549 3.711 0.921 -0.907416 0.33047 -0.259589 47 50 47
3.555 3.71036 0.921 0.677471 0.730821 -0.0832681 46 50 46
3.561 3.70626 0.927 0.52556 -0.850216 -0.0303309 46 44 40
3.555 3.711 0.921555 0.645141 0.525335 -0.554812 47 50 47
3.561 3.70542 0.933 0.855124 -0.516872 0.0400809 50 47 42
3.561 3.70728 0.939 0.881394 -0.47001 0.0472732 50 47 43
3.561 3.70504 0.945 0.937499 -0.346171 -0.0355069 52 49 44
3.561 3.7075 0.951 0.831324 -0.528575 0.171785 55 51 46
3.561 3.70934 0.957 0.637646 -0.682351 0.357498 58 54 49
3.561 3.711 0.959925 0.522402 -0.303061 0.797026 55 51 46
3.561 3.71413 0.873 0.0908104 0.987623 -0.127885 41 43 45
3.555 3.71568 0.873 -0.165515 0.985319 0.0418456 52 56 59
3.561 3.71531 0.879 -0.295622 0.93985 -0.171141 45 47 50
3.555 3.71252 0.879 -0.158658 0.962783 0.218808 47 50 52
3.561 3.71676 0.885 -0.693821 0.719578 0.0286351 51 54 56
3.561 3.71508 0.891 -0.51116 0.811893 0.28204 47 50 51
3.555 3.71232 0.891 -0.171807 0.980555 -0.0948407 56 59 61
3.561 3.71256 0.897 -0.223207 0.931579 0.286947 35 36 35
3.555 3.71288 0.897 0.0911787 0.99507 -0.0390038 58 63 64
3.561 3.71314 0.903 0.207077 0.978251 -0.0120278 36 38 35
3.555 3.71314 0.903 0.0828271 0.995716 -0.0411032 58 63 62
3.561 3.71291 0.909 0.221373 0.974834 -0.0263269 37 38 36
3.555 3.71328 0.909 -0.00923713 0.992214 0.124203 57 63 62
3.561 3.71356 0.915 0.0889535 0.995134 0.0423632 41 44 42
3.561 3.71376 0.921 0.0104774 0.995783 -0.0911402 43 46 44
3.561 3.71386 0.927 0.0678792 0.971067 -0.228959 45 47 45
3.555 3.71392 0.927 0.134107 0.975186 -0.176144 44 48 47
3.55876 3.717 0.933 -0.814087 0.58024 0.0241754 47 51 49
3.555 3.71377 0.933 0.0179304 0.998584 -0.0500758 44 48 47
3.561 3.717 0.930477 -0.434885 0.438701 -0.786395 47 51 49
3.561 3.71664 0.939 -0.516265 0.855954 0.0285141 41 41 39
3.555 3.7136 0.939 -0.049725 0.997217 -0.0555465 45 48 46
3.561 3.717 0.938805 -0.0356039 0.218638 0.975156 41 41 40
3.55817 3.717 0.945 -0.773452 0.61155 -0.166669 44 46 46
3.555 3.71444 0.945 0.0387873 0.988067 -0.149064 49 53 51
3.561 3.717 0.939188 0.178512 0.668444 -0.722022 41 41 39
3.55823 3.717 0.951 -0.853389 0.208055 -0.477955 45 47 47
3.555 3.71473 0.951 -0.185657 0.953527 -0.237314 48 51 50
3.555 3.717 0.95275 0 0 -1 46 51 50
3.561 3.717 0.959473 0.284266 0.0195055 0.958547 44 41 38
3.55617 3.723 0.909 0.452071 -0.891874 -0.0138888 61 69 68
3.555 3.72221 0.909 0.358273 -0.929308 -0.0895971 63 72 71
3.555 3.723 0.906841 0.456747 -0.849245 -0.264886 63 72 71
3.55531 3.723 0.915 0.424185 -0.904649 -0.0409562 63 72 71
3.555 3.72283 0.915 0.407668 -0.912636 -0.0300447 64 72 71
3.55692 3.723 0.921 0.444365 -0.886395 -0.129784 62 70 70
3.555 3.72199 0.921 0.44795 -0.886293 -0.117586 65 74 73
3.55872 3.723 0.927 0.403994 -0.910004 -0.0931729 56 64 63
3.555 3.72133 0.927 0.427745 -0.900011 -0.0837472 65 73 72
3.561 3.72206 0.933 -0.289448 0.957194 0 47 53 52
3.55999 3.723 0.933 0.431635 -0.901932 0.0144561 52 58 58
3.555 3.72088 0.933 0.503808 -0.863304 -0.0297242 66 74 73
3.559 3.723 0.939 0.484809 -0.870997 -0.079523 57 64 63
3.555 3.72104 0.939 0.35009 -0.935472 -0.0482612 67 75 74
3.561 3.72286 0.945 5.10463e-17 0.700596 -0.713558 48 54 54
3.56088 3.723 0.945 0.470235 -0.868925 -0.15443 49 55 55
3.555 3.7199 0.945 0.429136 -0.884615 -0.18248 63 71 70
3.555 3.71921 0.951 0.252428 -0.895388 -0.366824 60 67 66
3.561 3.723 0.945079 -0.0955185 -0.699755 -0.707968 48 54 54
3.561 3.723 0.96129 -0.244291 -0.403994 0.881539 31 32 31
3.555 3.723 0.957566 0.403295 0.272953 0.873413 42 48 48
3.555 3.72601 0.891 0.274436 -0.961129 0.030252 57 64 66
3.555 3.72556 0.897 0.384163 -0.906562 -0.174823 58 66 68
3.555 3.72418 0.903 0.438667 -0.869246 -0.227996 60 69 68
3.561 3.72555 0.909 0.464034 -0.873627 -0.146451 54 61 61
3.561 3.72547 0.915 0.419723 -0.907652 -0.000777544 55 63 62
3.561 3.72516 0.921 0.16523 -0.97969 -0.113606 56 63 62
3.561 3.72402 0.927 0.235428 -0.964799 -0.117199 51 58 58
3.561 3.72349 0.933 0.423995 -0.905116 -0.0315149 49 56 56
3.561 3.72442 0.939 0.226474 -0.971231 -0.073622 47 53 53
3.561 3.72314 0.945 0.499888 -0.844981 -0.190049 48 54 54
3.5653 3.705 0.873 0.629321 -0.775991 -0.0423498 38 38 32
3.56454 3.705 0.879 0.700319 -0.709905 0.0747621 39 38 33
3.56381 3.705 0.885 0.746208 -0.662364 0.0666907 42 41 36
3.56348 3.705 0.891 0.750234 -0.65516 0.0889638 46 44 38
3.56241 3.705 0.897 0.783277 -0.621175 0.0248848 45 44 39
3.56365 3.705 0.903 0.860274 -0.509597 -0.0154681 47 44 39
3.56277 3.705 0.909 0.879931 -0.469283 0.0741258 46 44 39
3.56238 3.705 0.915 0.858402 -0.505478 0.0873968 47 45 40
3.567 3.70719 0.873 0.629982 -0.775727 -0.037022 39 38 33
3.567 3.70812 0.879 0.704714 -0.698957 0.121807 41 39 34
3.567 3.70906 0.885 0.714741 -0.692583 0.0973356 45 43 37
3.567 3.71 0.891 0.74051 -0.667822 0.0752292 44 43 37
3.567 3.71053 0.897 0.76059 -0.638963 0.11502 48 46 40
3.56565 3.711 0.903 0.994913 -0.0787739 0.0627865 48 45 40
3.567 3.711 0.897745 0.650169 -0.535323 0.539175 48 46 40
3.56547 3.711 0.909 0.976807 0.210933 0.0368095 53 50 45
3.5654 3.711 0.915 0.934883 0.354953 -0.00154388 56 54 48
3.56515 3.711 0.921 0.991459 -0.0623471 0.114553 61 58 52
3.56428 3.711 0.927 0.994275 0.10679 0.00358569 61 58 53
3.56363 3.711 0.933 0.967767 -0.219295 0.123843 63 60 55
3.56247 3.711 0.939 0.988032 -0.121061 -0.0955889 53 50 46
3.56262 3.711 0.945 0.943775 -0.329755 0.0234716 58 55 50
3.56242 3.711 0.951 0.908297 -0.416515 0.0388857 63 59 53
3.56181 3.711 0.957 0.802993 -0.595633 0.0205767 60 56 51
3.567 3.71401 0.873 0.0988977 0.961348 -0.256962 42 42 42
3.56255 3.717 0.879 -0.388872 0.904342 -0.17591 47 50 52
3.567 3.717 0.875397 -0.303735 0.332637 -0.892803 45 47 49
3.56125 3.717 0.885 -0.355351 0.934645 0.0128502 50 54 56
3.56251 3.717 0.891 -0.58134 0.787918 0.203052 48 51 52
3.56576 3.717 0.897 -0.822368 0.397345 0.40722 40 40 39
3.567 3.71283 0.903 -0.0928004 -0.906063 0.412842 49 46 42
3.56538 3.717 0.903 -0.993282 -0.0613734 0.0981062 41 42 41
3.567 3.717 0.908027 -0.391138 0.520291 0.75915 34 34 35
3.567 3.7132 0.915 -5.21354e-17 -0.972829 -0.231523 55 53 48
3.56508 3.717 0.915 -0.983592 -0.0256829 -0.178569 44 45 43
3.567 3.717 0.909894 -4.40941e-17 0 -1 34 35 35
3.567 3.71436 0.921 0 -0.999918 0.0128064 58 55 50
3.56562 3.717 0.921 -0.9438 -0.319154 -0.0859205 47 48 45
3.567 3.71361 0.927 -0.0749737 -0.992395 -0.0976247 61 58 52
3.56403 3.717 0.927 -0.919167 -0.19993 -0.339353 44 46 44
3.567 3.71388 0.933 0.320507 -0.93517 0.150769 66 62 57
3.567 3.71653 0.939 0.222381 -0.893068 0.391122 58 54 49
3.56216 3.717 0.939 -0.640521 -0.610082 0.466403 44 43 41
3.56508 3.717 0.945 0.969028 0.0453802 -0.242745 56 53 49
3.567 3.717 0.940335 0.434055 -0.850837 0.296097 57 53 48
3.56548 3.717 0.951 0.911156 -0.37622 -0.168086 61 58 53
3.567 3.71634 0.957 0.692803 -0.706346 -0.145256 67 62 57
3.567 3.717 0.953957 0.758836 -0.632439 -0.155525 65 62 56
3.567 3.717 0.958249 0.181251 -0.50381 0.844585 67 62 56
3.567 3.723 0.86864 -5.28116e-16 0 1 45 47 51
3.567 3.71847 0.879 -0.476981 0.864503 -0.158504 44 46 47
3.567 3.71841 0.885 -0.320965 0.939304 0.121201 38 40 39
3.567 3.71863 0.891 -0.0956712 0.995347 -0.0114619 39 41 40
3.567 3.71875 0.897 0.0596964 0.998216 0.00112936 40 41 40
3.567 3.7194 0.903 -0.152381 0.978926 0.135957 41 43 42
3.567 3.71995 0.915 0 0.842676 -0.538421 44 47 45
3.56499 3.723 0.921 -0.978534 -0.123704 -0.164829 40 41 41
3.567 3.723 0.919284 0.0261916 0.293513 -0.955596 39 40 40
3.56453 3.723 0.927 -0.992712 0.00246432 0.120488 43 45 45
3.567 3.71949 0.933 -0.11872 0.991973 -0.0435415 42 40 40
3.567 3.723 0.927661 0.298552 0.12194 0.946571 40 39 39
3.56331 3.723 0.939 -0.832946 0.242169 -0.497549 42 44 44
3.567 3.723 0.937638 0.157184 0.728546 -0.666719 35 32 31
3.567 3.71998 0.945 -0.0820372 -0.97055 0.2265 51 46 43
3.56128 3.723 0.945 -0.810536 -0.552329 0.194843 48 53 53
3.567 3.71778 0.951 0.399312 -0.8934 -0.20588 63 59 54
3.57188 3.711 0.873 0.991801 0.126425 0.0186189 53 51 45
3.57017 3.711 0.879 0.824157 -0.566197 -0.0136263 52 50 43
3.56972 3.711 0.885 0.565684 -0.817042 0.111553 52 50 44
3.56865 3.711 0.891 0.678298 -0.697028 0.232515 50 48 41
3.56734 3.711 0.897 0.814359 -0.545169 0.199023 50 47 41
3.573 3.71165 0.873 -0.25477 -0.965937 -0.0453709 54 53 46
3.56907 3.717 0.873 -0.90533 0.207904 -0.370342 42 43 44
3.573 3.71273 0.879 0.442635 -0.896489 0.0195509 56 54 47
3.573 3.71298 0.885 0.604569 -0.794739 0.0537242 58 55 48
3.573 3.71463 0.891 0.590968 -0.762064 0.264604 60 57 50
3.57133 3.717 0.897 0.970205 -0.234622 0.0604541 54 52 46
3.573 3.717 0.894319 0.7077 -0.468017 0.529264 56 54 47
3.573 3.71596 0.903 0.623883 -0.781484 0.00723703 68 63 56
3.573 3.717 0.9007 0.570236 0.788704 -0.229732 65 60 53
3.573 3.717 0.908954 0.44515 -0.592138 0.671725 64 59 53
3.57077 3.717 0.915 0.948567 -0.0616407 -0.310519 60 57 52
3.57161 3.717 0.921 0.844308 -0.530316 -0.0768688 69 66 60
3.57061 3.717 0.927 0.868613 -0.438402 0.230902 69 64 58
3.57121 3.717 0.933 0.996127 0.0765661 -0.0432173 73 69 63
3.56754 3.717 0.939 0.678098 -0.623503 0.389137 59 55 50
3.56748 3.717 0.957 0.845996 -0.517437 0.128643 68 63 57
3.573 3.72081 0.873 -0.198335 0.950232 -0.240253 33 34 32
3.573 3.72136 0.879 0.370692 0.924358 -0.0902776 35 35 34
3.573 3.72259 0.885 0.0155639 0.97297 0.230405 34 35 34
3.573 3.71758 0.891 0.0286691 0.956818 0.289271 50 48 43
3.573 3.71734 0.903 0.243484 0.966257 0.0840429 65 60 54
3.573 3.71702 0.909 -0.110024 -0.993532 -0.0280866 64 59 53
3.5711 3.723 0.909 -0.999068 0.0300732 -0.0309783 45 46 44
3.573 3.723 0.908309 -4.63782e-18 0 -1 43 41 40
3.573 3.72258 0.915 0.257941 -0.878018 -0.403175 52 50 46
3.57275 3.723 0.915 -0.9499 -0.255788 0.179619 50 49 46
3.573 3.71792 0.921 0.493346 -0.768128 -0.408154 72 68 62
3.573 3.72126 0.927 0.611884 -0.740355 0.278338 54 51 49
3.573 3.71925 0.933 0.0112007 -0.992357 0.122892 75 71 65
3.57099 3.723 0.933 -0.800744 -0.424272 0.42285 51 49 48
3.57295 3.723 0.939 0.892601 -0.427609 -0.142876 68 65 61
3.573 3.723 0.93897 -0.0155615 -0.845089 0.5344 68 65 61
3.573 3.72254 0.945 0.55273 -0.832678 0.0337253 73 67 61
3.573 3.723 0.9392 0.99384 0 -0.110822 68 65 61
3.57055 3.723 0.951 0.864995 -0.496313 0.0738732 62 57 53
3.573 3.723 0.945705 0.816731 -0.429181 0.385687 71 66 59
3.57071 3.723 0.957 0.875824 -0.470544 0.107335 70 65 59
3.573 3.7242 0.909 0.0544315 0.998344 -0.0185913 42 41 40
3.573 3.7232 0.915 -0.397513 0.916466 0.0455433 50 48 45
3.573 3.72459 0.927 0 0 0 39 38 39
3.573 3.72309 0.939 -0.73961 -0.228609 -0.633021 68 65 61
3.573 3.72408 0.945 0.891038 0.417436 0.178322 69 64 59
3.579 3.71689 0.873 0.657186 -0.753419 0.0216135 63 61 54
3.579 3.717 0.869974 -0.0859431 0.649797 -0.755234 61 59 51
3.57656 3.717 0.879 0.967324 -0.24787 0.0533296 58 55 49
3.579 3.717 0.873281 0.411676 0.128039 0.902291 63 61 53
3.57835 3.717 0.885 0.998398 0.0291468 0.0484904 69 65 57
3.57581 3.717 0.891 0.752861 0.39627 0.525519 65 62 55
3.57365 3.717 0.903 1 -7.4424e-17 0 70 65 58
3.5783 3.723 0.873 -0.973664 0.0792697 -0.213763 31 31 29
3.579 3.71968 0.879 0.0218887 -0.994674 0.100722 54 52 46
3.57484 3.723 0.879 -0.763124 -0.626192 -0.159766 34 34 34
3.579 3.71808 0.885 5.63875e-17 -0.999927 0.0120738 68 64 56
3.5737 3.723 0.885 -0.738726 -0.649547 0.179926 35 35 34
3.579 3.72008 0.891 -0.103966 -0.894725 0.434347 67 63 56
3.57838 3.723 0.891 -0.908484 -0.192968 0.370703 53 49 44
3.579 3.72174 0.897 0.692919 -0.6974 0.183022 73 68 61
3.5786 3.723 0.897 -0.967798 -0.243638 0.0633073 66 62 56
3.579 3.723 0.899048 0 -0.852377 0.522928 72 67 60
3.57428 3.723 0.909 0.999825 -0.0180782 -0.00487037 54 51 48
3.57315 3.723 0.915 0.968756 -0.12717 -0.212931 52 50 46
3.57527 3.723 0.921 0.905994 -0.42267 -0.022931 68 65 59
3.57425 3.723 0.927 0.788939 -0.60013 -0.131977 52 49 47
3.57599 3.723 0.933 0.778555 -0.622262 0.0814926 76 72 67
3.57362 3.723 0.945 1 3.71776e-17 0 74 68 62
3.579 3.72317 0.873 0 0 0 31 30 29
3.57914 3.717 0.873 0.970344 -0.228132 0.0799232 64 62 54
3.57935 3.723 0.873 0.998474 -0.0347974 0.0428857 34 33 31
3.58126 3.723 0.879 0.941387 -0.334507 -0.043532 55 53 48
3.58051 3.723 0.885 0.945627 -0.311119 0.0948416 59 56 49
3.58018 3.723 0.891 0.905826 -0.417929 0.0693934 64 59 53
3.5799 3.723 0.897 0.805961 -0.579992 0.118475 75 70 63
3.27196 3.747 0.813 0.254744 -0.683778 -0.683778 58 67 67
3.2679 3.669 0.867 0.388218 -0.921498 -0.0112893 102 112 111
3.267 3.66889 0.867 -0.0134024 -0.999901 -0.00430292 103 113 112
3.267 3.669 0.865528 0.335875 -0.92235 -0.190941 101 111 110
3.26704 3.675 0.849 0.280469 -0.919579 -0.275158 74 86 88
3.267 3.67498 0.849 0.103338 -0.94765 -0.302127 74 86 88
3.267 3.675 0.84896 0.188638 -0.824328 -0.53376 74 86 88
3.27292 3.675 0.855 0.248937 -0.888427 -0.385652 85 95 96
3.267 3.67336 0.855 0.157564 -0.910556 -0.382179 87 98 99
3.273 3.67144 0.861 0.276247 -0.903154 -0.328633 92 103 103
3.267 3.66989 0.861 0.0773322 -0.956913 -0.279887 95 106 106
3.273 3.675 0.855104 0.316853 -0.866668 -0.385345 85 95 96
3.273 3.67148 0.867 0.212677 -0.976116 -0.0443493 98 108 107
3.273 3.6799 0.843 0.0416944 -0.900278 -0.433314 67 78 81
3.267 3.67887 0.843 0.1448 -0.806062 -0.573845 69 80 83
3.273 3.681 0.841771 -0.015981 -0.590005 -0.807241 65 76 79
3.267 3.681 0.841286 0.0149549 -0.530636 -0.847468 65 76 79
3.273 3.67698 0.849 0.209252 -0.896735 -0.389975 75 86 87
3.273 3.67502 0.855 0.236819 -0.923824 -0.300777 85 95 96
3.26782 3.687 0.837 0.00411935 -0.723458 -0.690356 65 75 79
3.267 3.68699 0.837 -0.274492 -0.559352 -0.782164 65 75 79
3.267 3.687 0.836991 -0.361955 -0.767422 -0.529199 65 75 79
3.273 3.687 0.837025 0.092813 -0.624434 -0.775543 63 73 77
3.26762 3.693 0.825 0.437718 -0.823352 -0.36124 51 60 62
3.267 3.69266 0.825 -0.353435 -0.904058 -0.24034 51 60 62
3.267 3.693 0.824726 0 0 -1 51 60 62
3.27266 3.693 0.831 0.422952 0.0960075 -0.901052 55 64 68
3.267 3.69082 0.831 0.0128826 -0.858103 -0.513315 54 63 67
3.273 3.68702 0.837 0.102628 -0.746745 -0.657145 63 73 77
3.273 3.693 0.831088 -0.00305048 4.11617e-17 -0.999995 55 65 68
3.267 3.69345 0.825 0.114564 0.984189 -0.135084 51 60 62
3.267 3.69391 0.831 -0.0654246 0.815201 -0.575471 55 65 69
3.273 3.69848 0.837 -0.0711857 0.675814 -0.733627 81 92 99
3.27196 3.699 0.837 0.192103 0.633251 -0.749727 82 93 100
3.267 3.699 0.83553 0.0363132 0.103252 -0.993992 77 87 94
3.273 3.699 0.837407 0 0 -1 82 93 100
3.273 3.70023 0.837 0.201055 -0.24707 -0.94791 82 93 100
3.273 3.705 0.835771 -0.0309454 -0.442103 -0.89643 76 87 94
3.267 3.705 0.835087 0.0498577 -0.434879 -0.899107 76 86 93
3.273 3.70948 0.831 -0.0279869 -0.704738 -0.708916 66 76 83
3.267 3.70977 0.831 -0.154347 -0.655038 -0.739664 69 78 85
3.273 3.711 0.829475 0.00615513 -0.528892 -0.848667 68 77 84
3.267 3.711 0.829785 -0.0103525 -0.661435 -0.749931 67 76 83
3.27147 3.717 0.825 0.190391 -0.658101 -0.72846 65 73 80
3.267 3.71581 0.825 -0.0160256 -0.753658 -0.657071 66 74 80
3.267 3.717 0.824114 0.0975704 -0.248858 -0.963613 67 74 80
3.273 3.717 0.825486 0.127654 -0.572379 -0.809992 62 70 77
3.273 3.71791 0.825 0.146392 -0.340755 -0.928685 64 73 79
3.273 3.723 0.823121 0.0391575 -0.427339 -0.903243 61 69 74
3.267 3.723 0.823377 0.0684655 -0.119904 -0.990422 66 73 78
3.273 3.72821 0.819 0.0769602 -0.625061 -0.776773 57 65 68
3.27158 3.729 0.819 -0.399456 -0.09003 -0.912321 58 66 69
3.273 3.729 0.818309 0.0841891 -0.0771042 -0.993462 58 66 69
3.27058 3.735 0.819 -0.443284 -0.164125 -0.881228 55 64 65
3.273 3.735 0.818015 -0.159061 -0.105921 -0.98157 55 63 65
3.26862 3.741 0.819 -0.513322 -0.167625 -0.841667 55 63 64
3.273 3.741 0.816326 -0.464095 -0.197264 -0.863541 53 62 62
3.267 3.74515 0.813 0.0735098 -0.825822 -0.559119 64 72 71
3.279 3.67437 0.861 0.155571 -0.927814 -0.339056 88 98 99
3.279 3.675 0.860125 -0.0182573 -0.958686 -0.28388 87 97 98
3.279 3.67185 0.867 0.166456 -0.967282 -0.191463 96 106 106
3.279 3.67863 0.843 -0.0627421 -0.951561 -0.30099 66 76 79
3.279 3.681 0.840201 -0.0413632 -0.507389 -0.860724 61 71 74
3.279 3.67812 0.849 0.0272897 -0.96621 -0.256308 72 83 84
3.279 3.67611 0.855 0.0296128 -0.949225 -0.313201 82 93 94
3.279 3.687 0.838451 0.00804608 -0.399 -0.916916 65 75 78
3.279 3.69296 0.831 -0.0788896 -0.745109 -0.66226 53 62 65
3.27884 3.693 0.831 -0.015158 -4.46508e-17 -0.999885 53 62 65
3.279 3.693 0.830997 -0.136581 -0.291496 -0.946771 53 62 65
3.279 3.68803 0.837 0.272082 -0.889157 -0.367929 64 74 77
3.279 3.693 0.831 0.0478326 0.784241 -0.618609 53 62 65
3.27393 3.699 0.837 -0.259109 -0.178941 -0.949127 82 93 100
3.279 3.699 0.835703 -0.145963 0.0718462 -0.986678 73 84 89
3.279 3.705 0.834769 -0.135682 -0.463623 -0.875582 67 78 84
3.279 3.70864 0.831 -0.0775451 -0.716113 -0.693664 56 65 72
3.279 3.711 0.828626 -0.0894012 -0.442715 -0.892194 59 69 75
3.279 3.717 0.827443 -0.0398669 -0.332695 -0.942191 48 57 63
3.279 3.71964 0.825 -0.022011 -0.481626 -0.8761 61 70 77
3.279 3.723 0.822691 0.0122974 -0.478699 -0.877893 64 74 78
3.27826 3.729 0.819 0.119446 -0.383859 -0.915634 51 59 63
3.279 3.729 0.819148 0.0744073 -0.517043 -0.852719 50 59 62
3.27707 3.735 0.819 0.176841 -0.00666242 -0.984217 57 66 68
3.285 3.6748 0.855 -0.163973 -0.949355 -0.268026 78 89 90
3.28438 3.675 0.855 -0.193874 -0.91373 -0.357087 79 89 91
3.285 3.675 0.854757 0.190244 -0.865065 -0.464187 78 89 90
3.285 3.67351 0.861 0.0784605 -0.985007 -0.153642 86 97 99
3.285 3.67311 0.867 0.0976939 -0.969042 -0.226747 92 101 103
3.285 3.67903 0.843 0.162008 -0.893858 -0.418057 64 74 76
3.285 3.681 0.841502 0.15956 -0.598743 -0.784887 62 72 74
3.285 3.67804 0.849 0.0311226 -0.95614 -0.291252 70 81 82
3.285 3.687 0.837539 -0.0648987 -0.21389 -0.9747 60 69 72
3.285 3.69019 0.831 0.107988 -0.96705 -0.230549 50 58 61
3.285 3.693 0.830123 -0.00997751 -0.0147646 -0.999841 50 59 62
3.28428 3.693 0.837 0.573958 0.0352718 -0.818125 55 65 68
3.285 3.693 0.833641 0.675007 -0.26853 0.68721 53 62 65
3.285 3.693 0.837754 0.124522 -0.00605849 -0.992198 55 64 68
3.285 3.69553 0.831 -0.0247431 0.998296 -0.0528508 50 58 62
3.285 3.69424 0.837 0.764277 -0.433176 -0.477744 53 62 66
3.285 3.699 0.832314 0.111308 -0.450902 -0.885606 47 55 60
3.285 3.705 0.833627 -0.339896 -0.138951 -0.930142 61 72 78
3.285 3.70846 0.831 -0.134719 -0.642093 -0.754697 54 63 70
3.285 3.711 0.829042 -0.103597 -0.540592 -0.834882 53 63 70
3.285 3.717 0.825573 -0.112268 -0.359151 -0.926502 47 56 63
3.285 3.71809 0.825 -0.0393764 -0.44763 -0.893351 45 54 61
3.285 3.723 0.82285 0.0859713 -0.340237 -0.936402 49 59 64
3.285 3.729 0.820542 -0.0115951 -0.535918 -0.844191 46 55 60
3.28565 3.675 0.855 0.267528 -0.941737 -0.203861 78 89 90
3.28999 3.675 0.861 0.285634 -0.935852 -0.206385 83 94 96
3.291 3.67392 0.867 0.192739 -0.949651 -0.247011 87 98 100
3.291 3.675 0.862841 0.197571 -0.958944 -0.203449 83 94 97
3.28914 3.681 0.843 0.309649 -0.794826 -0.52189 64 73 76
3.291 3.67846 0.849 0.165123 -0.92959 -0.329541 70 80 82
3.291 3.681 0.843732 0.132142 -0.897964 -0.419762 64 74 76
3.291 3.67646 0.855 0.18712 -0.939061 -0.288358 75 86 88
3.291 3.67527 0.861 0.194306 -0.962999 -0.186759 82 93 95
3.291 3.68563 0.837 -0.115875 -0.871395 -0.476701 55 63 65
3.28723 3.687 0.837 -0.193253 -0.466493 -0.863156 58 67 69
3.291 3.687 0.833378 -0.346674 -0.0195761 -0.937781 49 57 58
3.291 3.68142 0.843 0.0614765 -0.766826 -0.638905 64 73 75
3.291 3.6915 0.831 0.275776 -0.667458 -0.691699 47 55 57
3.291 3.693 0.830817 0.120472 0.1792 -0.976409 47 55 58
3.291 3.69064 0.837 -0.417451 0.511252 -0.751237 55 63 65
3.291 3.693 0.832515 0.252734 -0.447717 0.857715 49 57 60
3.291 3.693 0.837461 -0.0955992 0.237885 -0.966577 55 63 65
3.291 3.69358 0.831 0.225553 0.848192 0.479267 48 56 59
3.28768 3.699 0.837 0.668 -0.501348 -0.549933 62 72 77
3.291 3.699 0.839845 -0.037808 -0.0578061 -0.997612 76 87 91
3.291 3.70209 0.837 0.254822 -0.817667 -0.516223 74 85 92
3.291 3.705 0.831178 -0.0291576 -0.609164 -0.792508 60 70 77
3.291 3.70512 0.831 -0.274659 -0.548925 -0.789458 60 69 77
3.291 3.711 0.827399 -0.117053 -0.477412 -0.870848 50 59 67
3.291 3.71777 0.825 0.0815395 -0.249772 -0.964865 43 52 59
3.291 3.723 0.824084 0.162761 -0.439689 -0.88328 42 51 57
3.291 3.72716 0.819 -0.114821 -0.784545 -0.609349 43 52 57
3.28659 3.729 0.819 -0.328059 -0.788681 -0.519962 43 52 56
3.291 3.729 0.816756 0.490029 -0.349304 -0.798661 47 56 61
3.29606 3.675 0.867 0.18522 -0.942227 -0.27911 83 94 96
3.297 3.67944 0.849 0.0565569 -0.931819 -0.358488 67 78 80
3.297 3.681 0.845436 0.0597235 -0.910238 -0.409756 64 74 76
3.297 3.67772 0.855 0.0252836 -0.962596 -0.26976 73 83 86
3.297 3.67633 0.861 0.0545321 -0.986821 -0.152348 78 89 92
3.297 3.6751 0.867 0.151985 -0.969824 -0.190634 83 93 96
3.297 3.68481 0.837 0.0846561 -0.877353 -0.472319 54 62 64
3.297 3.687 0.83297 0.204456 -0.16053 -0.965623 50 57 58
3.297 3.68205 0.843 0.0307308 -0.887117 -0.46052 62 71 73
3.29148 3.693 0.831 1 0 0 47 55 58
3.29458 3.693 0.837 -0.632982 0.161833 -0.757063 56 64 65
3.297 3.693 0.836106 -0.211287 -0.220591 -0.952206 56 63 64
3.297 3.69649 0.831 -0.230902 -0.822169 -0.52031 56 63 65
3.29419 3.699 0.831 -0.770366 -0.351514 -0.531953 59 67 70
3.297 3.699 0.828824 -0.609827 -0.162819 -0.77563 57 65 67
3.29449 3.699 0.837 -0.874873 -0.379692 -0.300719 73 83 88
3.29131 3.705 0.831 -0.502016 -0.460878 -0.731828 60 69 76
3.297 3.705 0.830115 -0.0516073 -0.0852143 -0.995025 54 63 68
3.297 3.711 0.827565 0.131233 -0.387157 -0.912627 47 56 61
3.297 3.71998 0.825 0.0836623 -0.195978 -0.977033 44 53 60
3.297 3.723 0.824296 0.0655198 -0.165933 -0.983958 43 52 59
3.29318 3.729 0.819 0.612721 -0.562738 -0.554887 48 58 63
3.297 3.729 0.823549 0.387638 -0.458964 -0.79943 46 56 63
3.29517 3.735 0.819 0.606948 -0.219143 -0.763931 76 86 96
3.291 3.735 0.816107 0.360096 -0.300247 -0.883279 67 76 82
3.297 3.73628 0.819 0.259398 -0.588921 -0.765431 75 85 95
3.297 3.741 0.815489 0.132543 -0.318954 -0.938457 62 72 76
3.291 3.741 0.815587 -0.0163875 -0.0862787 -0.996136 62 71 76
3.303 3.6796 0.849 0.0368796 -0.884337 -0.465389 66 76 79
3.303 3.681 0.845773 0.191782 -0.882968 -0.428471 63 72 74
3.303 3.67702 0.855 -0.104949 -0.952457 -0.286026 71 81 85
3.303 3.67517 0.861 -0.0874605 -0.989953 -0.111104 76 87 91
3.303 3.67603 0.867 -0.0419138 -0.996407 -0.0735916 80 90 93
3.30166 3.687 0.837 0.384601 -0.708265 -0.591982 57 65 66
3.303 3.6825 0.843 0.0741702 -0.889034 -0.451794 61 70 72
3.303 3.687 0.837631 0.077748 -0.530457 -0.844139 58 66 67
3.303 3.68869 0.837 0.51721 -0.34825 -0.781803 57 65 65
3.303 3.693 0.835212 0.211602 -0.323652 -0.922212 55 62 62
3.303 3.69835 0.825 -0.103088 -0.896596 -0.430685 50 56 55
3.30165 3.699 0.825 -0.173539 0.556618 -0.812441 48 55 54
3.303 3.699 0.824141 2.03751e-17 0 -1 49 55 55
3.303 3.6966 0.831 0.206531 -0.836917 -0.506868 48 55 55
3.303 3.69947 0.825 0.463275 0.847577 -0.258824 48 55 54
3.303 3.70299 0.831 0.476645 0.564672 -0.673762 49 57 59
3.30141 3.705 0.831 0.251567 1.2499e-17 -0.96784 52 61 64
3.303 3.705 0.831674 0.250516 -0.169484 -0.953162 53 62 65
3.303 3.70572 0.831 0.16092 -0.393702 -0.905043 51 60 63
3.303 3.711 0.828933 0.125462 -0.433272 -0.892488 51 59 64
3.303 3.717 0.825983 0.0586998 -0.406763 -0.911646 44 53 58
3.297 3.717 0.825434 0.085819 -0.333338 -0.938893 46 55 63
3.29914 3.723 0.825 0.304953 -0.216398 -0.927456 46 55 63
3.303 3.7332 0.819 0 -0.732724 -0.680526 47 56 64
3.30072 3.735 0.819 -0.377167 -0.628761 -0.680004 59 69 78
3.303 3.735 0.817059 0.270213 -0.165309 -0.948503 47 57 63
3.303 3.741 0.818348 0.420738 0.123795 -0.898696 67 77 86
3.309 3.67454 0.867 0.0649759 -0.990898 -0.117894 78 89 93
3.30713 3.675 0.867 -0.239504 -0.945804 -0.219299 78 89 93
3.309 3.675 0.863302 0.234526 -0.964702 -0.119785 75 86 91
3.30676 3.681 0.849 0.374448 -0.710993 -0.595212 67 76 79
3.309 3.67556 0.855 0.212398 -0.863268 -0.457881 70 81 85
3.309 3.681 0.851119 0.31233 -0.738437 -0.59763 68 78 81
3.309 3.67535 0.861 0.0218481 -0.998368 -0.0527702 74 85 89
3.309 3.68145 0.843 0.0955752 -0.893667 -0.438435 60 69 71
3.309 3.687 0.83812 0.17416 -0.458916 -0.871243 60 68 68
3.309 3.68189 0.849 0.0881209 -0.988225 -0.125085 67 76 79
3.30675 3.693 0.837 0.321381 -0.55853 -0.764695 54 61 62
3.309 3.693 0.837806 0.00275513 -0.292267 -0.956333 55 62 62
3.30629 3.699 0.825 0.856271 -0.465779 -0.223269 54 59 58
3.30501 3.699 0.831 0.777451 -0.0335713 -0.628047 45 52 53
3.309 3.69359 0.837 0.346855 -0.582783 -0.734885 54 60 60
3.309 3.699 0.833167 0.00856189 -0.138279 -0.990356 48 54 55
3.309 3.705 0.832702 0.0431968 -0.273246 -0.960974 57 66 69
3.309 3.70773 0.831 0.0922885 -0.412153 -0.906429 50 57 60
3.309 3.711 0.829981 0.0594461 -0.500019 -0.863972 48 55 58
3.309 3.717 0.825225 0.0623498 -0.568135 -0.82057 34 41 42
3.309 3.71718 0.825 -0.219136 -0.521256 -0.824786 32 40 41
3.30371 3.723 0.825 -0.506784 -0.460555 -0.728738 49 59 65
3.309 3.723 0.821324 -0.129487 -0.532489 -0.836474 38 47 50
3.30445 3.735 0.819 0.792124 -0.149069 -0.591877 55 64 73
3.30447 3.741 0.819 0.62969 -0.0401644 -0.775807 69 79 90
3.309 3.74348 0.819 0.326025 -0.594962 -0.734662 67 77 88
3.303 3.747 0.817628 0 0 0 66 76 83
3.30994 3.675 0.867 0.381652 -0.923856 0.0288402 77 88 92
3.315 3.67959 0.855 0.265667 -0.819053 -0.508501 68 78 83
3.315 3.681 0.853216 0.130458 -0.846254 -0.516561 68 78 82
3.315 3.67645 0.861 0.277679 -0.949776 -0.144293 71 82 86
3.315 3.67691 0.867 0.235177 -0.97078 0.0477292 73 84 88
3.315 3.68395 0.843 0.366306 -0.792113 -0.488239 59 67 69
3.315 3.687 0.839611 0.198662 -0.622689 -0.75683 60 68 68
3.315 3.68243 0.849 0.245172 -0.946353 -0.210493 66 76 79
3.315 3.69288 0.831 -0.167878 -0.814514 -0.555324 68 73 72
3.31474 3.693 0.831 -0.758636 0 -0.651514 67 72 71
3.315 3.693 0.83087 -3.06988e-18 0 -1 68 73 72
3.315 3.68856 0.837 -0.0929678 -0.856581 -0.507569 59 65 65
3.30974 3.693 0.837 -0.613929 -0.560705 -0.555609 54 60 60
3.315 3.69311 0.831 -0.275296 0.114743 -0.954488 67 72 71
3.315 3.699 0.833876 0.0641711 0.0816216 -0.994595 52 58 59
3.315 3.705 0.832331 -0.0409652 -0.274121 -0.960822 62 69 71
3.315 3.70746 0.831 -0.0634473 -0.419006 -0.905764 58 65 67
3.315 3.711 0.829529 -0.0467281 -0.412181 -0.909903 55 61 62
3.315 3.717 0.826303 -0.0797635 -0.587779 -0.80508 39 46 48
3.315 3.71826 0.825 0.034298 -0.538671 -0.841818 31 37 39
3.315 3.723 0.821929 -0.124652 -0.451148 -0.883701 34 40 41
3.321 3.67926 0.855 0.142573 -0.928798 -0.342062 65 75 79
3.321 3.681 0.853636 0.0322353 -0.794534 -0.606364 65 75 79
3.321 3.678 0.861 0.210519 -0.964471 -0.159615 68 78 83
3.321 3.6781 0.867 0.166689 -0.985984 -0.00715684 70 80 84
3.31894 3.687 0.843 0.501181 -0.704731 -0.502167 58 67 69
3.321 3.68458 0.849 0.201435 -0.856155 -0.475838 63 72 76
3.321 3.687 0.845007 -0.016288 -0.857252 -0.514639 59 68 71
3.31708 3.693 0.831 0.0425861 -0.88081 -0.471551 67 71 70
3.321 3.69018 0.837 0.125038 -0.88599 -0.446528 57 63 63
3.321 3.693 0.831312 0.249695 -0.100439 -0.963101 65 69 68
3.321 3.68822 0.843 0.151541 -0.908336 -0.389821 58 66 69
3.321 3.69888 0.825 0 -1 0 69 72 69
3.32041 3.699 0.825 -0.78665 -0.414035 -0.457992 69 72 70
3.321 3.699 0.824941 0.313576 -0.731541 -0.605407 69 72 70
3.321 3.699 0.825141 -0.0184352 -0.595707 0.80299 68 71 69
3.321 3.699 0.834521 -0.0402868 -0.0194686 -0.998998 56 61 62
3.31781 3.705 0.825 -0.997951 0.0429061 0.0474612 60 65 63
3.321 3.705 0.819717 -0.397772 0.00509282 -0.91747 85 86 83
3.321 3.705 0.829835 -0.0995961 0.108139 0.989134 69 75 75
3.321 3.705 0.831585 0.134493 -0.40014 -0.906532 70 77 78
3.321 3.70625 0.825 -0.0487147 0.998283 -0.032535 66 70 68
3.321 3.70592 0.831 0.0378357 -0.372026 -0.927451 69 75 76
3.321 3.711 0.82945 -0.0284165 -0.595307 -0.802996 63 69 69
3.321 3.71499 0.825 -0.197594 -0.714939 -0.670686 59 65 65
3.31696 3.717 0.825 -0.343241 -0.566769 -0.748972 38 45 46
3.321 3.717 0.823199 -0.113037 -0.417712 -0.901521 53 59 59
3.321 3.723 0.821589 -0.0643961 -0.258579 -0.963841 51 57 55
3.327 3.68078 0.855 0.212379 -0.941456 -0.261833 62 73 77
3.327 3.681 0.854695 0.145976 -0.881554 -0.448947 62 73 77
3.327 3.6799 0.861 0.217023 -0.966996 -0.133491 64 75 79
3.327 3.6794 0.867 0.140893 -0.974479 -0.174754 66 76 80
3.327 3.68388 0.849 -0.0264224 -0.898832 -0.437497 59 69 71
3.327 3.687 0.843721 -0.223891 -0.844468 -0.486567 58 65 68
3.327 3.69136 0.837 0.205389 -0.834605 -0.511126 54 60 61
3.327 3.693 0.834469 0.157865 -0.417541 -0.89484 60 65 64
3.327 3.68743 0.843 -0.0813078 -0.79627 -0.599453 57 65 67
3.32121 3.699 0.825 0.611935 -0.790908 7.68476e-16 69 72 69
3.327 3.69777 0.831 -0.177301 -0.666339 -0.724263 59 63 62
3.32643 3.699 0.831 -0.525718 0.274732 -0.805074 58 61 61
3.327 3.699 0.830185 -0.171925 -0.33617 -0.925976 59 63 62
3.327 3.70353 0.825 0.654177 -0.756341 0 66 68 65
3.327 3.705 0.820852 0.550237 0.00508565 -0.834993 79 80 76
3.327 3.69957 0.831 -0.20714 0.487423 -0.84824 59 63 62
3.327 3.705 0.826069 0.486422 -0.423979 0.76396 65 68 66
3.327 3.705 0.833467 -0.0623378 -0.149619 -0.986777 69 76 77
3.327 3.70564 0.825 0.167737 0.979446 0.112026 65 68 66
3.327 3.7102 0.831 0.077344 -0.445626 -0.891872 70 76 76
3.327 3.711 0.830532 -0.0282602 -0.697271 -0.71625 71 77 77
3.327 3.71486 0.825 -0.0512224 -0.761629 -0.645985 71 76 75
3.327 3.717 0.823046 0.0282746 -0.375754 -0.926288 67 72 71
3.327 3.723 0.821127 0.0248118 -0.289542 -0.956844 53 58 57
3.32751 3.681 0.855 0.238623 -0.943615 -0.229456 62 73 77
3.333 3.68096 0.861 0.150764 -0.975742 -0.158737 60 72 76
3.333 3.681 0.860932 0.165938 -0.96353 -0.20994 60 72 76
3.333 3.68003 0.867 0.100947 -0.957197 -0.271264 63 73 77
3.333 3.68501 0.843 -0.0917357 -0.959737 -0.265499 55 63 64
3.32762 3.687 0.843 -0.332271 -0.821617 -0.463187 57 65 67
3.333 3.687 0.839417 -0.23829 -0.640449 -0.730098 56 63 63
3.333 3.68422 0.849 0.0771604 -0.965179 -0.249951 55 65 68
3.333 3.68228 0.855 0.117061 -0.953702 -0.277036 58 68 72
3.33267 3.693 0.837 -0.0806014 -0.68184 -0.727047 55 61 61
3.333 3.693 0.837079 -0.0959599 -0.371997 -0.92326 55 61 61
3.333 3.6965 0.831 -0.19337 -0.76217 -0.617822 62 64 62
3.333 3.699 0.829378 -0.221493 -0.126753 -0.966889 60 62 60
3.333 3.69311 0.837 -0.0524708 -0.805595 -0.590138 55 61 61
3.32798 3.705 0.825 1 -1.92028e-17 0 64 66 63
3.333 3.70331 0.831 -0.09182 0.577864 -0.810952 54 57 56
3.333 3.705 0.833007 -0.0604715 0.00768824 -0.99814 58 63 63
3.333 3.70762 0.831 -0.0612562 -0.493133 -0.867795 61 64 64
3.333 3.711 0.82936 -0.0280294 -0.742357 -0.669418 69 73 72
3.333 3.71331 0.825 -0.0620267 -0.734962 -0.675266 69 72 70
3.333 3.717 0.823307 -0.02322 -0.290757 -0.956515 72 76 74
3.333 3.723 0.822209 -0.00670523 -0.273577 -0.961827 72 77 75
3.33313 3.681 0.861 0.140844 -0.97118 -0.192283 60 72 76
3.339 3.68049 0.867 0.109291 -0.942829 -0.314846 60 71 75
3.339 3.681 0.865305 0.0998711 -0.977133 -0.187715 59 70 74
3.339 3.68474 0.843 -0.0139829 -0.973571 -0.227958 56 63 64
3.339 3.687 0.838814 0.0787875 -0.575909 -0.813708 58 64 64
3.339 3.68492 0.849 0.0250066 -0.986547 -0.161553 55 65 67
3.339 3.6826 0.855 0.101701 -0.95744 -0.270121 56 67 70
3.339 3.68166 0.861 0.041221 -0.984312 -0.171556 57 69 73
3.339 3.69127 0.837 -0.00821041 -0.501337 -0.865213 57 62 62
3.33373 3.693 0.837 -0.159773 -0.8539 -0.495305 55 61 61
3.339 3.693 0.835233 0.0679174 -0.890551 -0.449785 56 61 60
3.339 3.69469 0.831 0.0614238 -0.790436 -0.609458 57 58 55
3.339 3.699 0.82776 -0.025017 -0.0599656 -0.997887 64 65 61
3.339 3.70191 0.831 -0.282235 0.638852 -0.71569 55 57 56
3.339 3.705 0.833328 -0.164707 0.173005 -0.971052 54 58 58
3.339 3.70902 0.831 -0.118751 -0.558877 -0.820704 56 61 62
3.339 3.711 0.828916 0.0676874 -0.449929 -0.890495 61 66 67
3.339 3.71387 0.825 0.167032 -0.7065 -0.687719 69 73 72
3.339 3.717 0.822663 0.185152 -0.503167 -0.844122 70 73 72
3.339 3.723 0.821917 -0.115598 -0.201456 -0.972652 73 76 74
3.339 3.729 0.81937 -0.0221034 -0.36084 -0.932366 72 75 71
3.333 3.729 0.820338 -0.152316 -0.29421 -0.943525 82 86 83
3.339 3.73486 0.813 -0.42534 -0.885803 -0.185579 73 75 72
3.33854 3.735 0.813 -0.303108 -0.952228 -0.0372387 70 73 70
3.339 3.735 0.812849 0 0 -1 73 76 72
3.339 3.73374 0.819 -0.469844 -0.867802 -0.161758 78 79 74
3.33892 3.735 0.819 -0.932502 -0.361136 -0.00451895 79 80 74
3.339 3.73521 0.813 0 0.58452 -0.811379 73 76 72
3.345 3.67943 0.861 -0.167024 -0.983602 -0.0680524 56 67 72
3.34114 3.681 0.861 -0.352194 -0.916618 -0.189131 57 69 73
3.345 3.681 0.858473 -0.334295 -0.779885 -0.529176 56 67 71
3.3442 3.681 0.867 0.0879618 -0.945959 -0.312129 58 69 72
3.345 3.681 0.866807 -0.363687 -0.89938 0.242584 58 68 72
3.345 3.68521 0.843 0.0468803 -0.928538 -0.368265 58 65 66
3.345 3.687 0.840593 0.219811 -0.542139 -0.811029 58 64 65
3.345 3.68434 0.849 -0.109168 -0.988426 -0.105336 57 67 69
3.345 3.68352 0.855 -0.145143 -0.939634 -0.309875 54 65 68
3.345 3.68105 0.867 -0.0692275 -0.997008 -0.034388 58 68 72
3.34131 3.693 0.837 0.277327 -0.529759 -0.801527 57 63 62
3.345 3.693 0.837953 0.079101 -0.525881 -0.846872 60 65 65
3.345 3.69806 0.831 0.169712 -0.760981 -0.626183 57 58 56
3.345 3.699 0.829756 0.0961832 -0.434413 -0.895564 60 61 59
3.345 3.69386 0.837 0.104827 -0.835762 -0.538993 60 65 64
3.34108 3.705 0.831 -0.692628 -0.161236 -0.703043 51 55 55
3.345 3.705 0.827834 -0.243879 0.0913252 -0.965496 54 57 55
3.345 3.711 0.83087 -0.0152934 0.145678 -0.989214 63 70 72
3.34049 3.717 0.825 0.722011 -0.330649 -0.607759 73 76 75
3.345 3.71157 0.831 0.200025 -0.00705544 -0.979765 61 68 70
3.34311 3.717 0.831 0.820303 0.286303 -0.49511 47 52 54
3.345 3.717 0.832478 -0.0921181 0.127537 -0.987547 53 58 61
3.345 3.72116 0.825 0.168892 -0.90832 -0.382663 74 77 75
3.345 3.723 0.819975 0.145842 -0.434442 -0.888814 72 73 70
3.345 3.729 0.820204 -0.0387986 -0.296973 -0.954097 73 75 72
3.3393 3.735 0.813 0.299198 -0.686477 -0.662744 72 75 71
3.345 3.73171 0.819 -0.162426 -0.869745 -0.466006 79 79 75
3.345 3.735 0.815565 -0.128672 -0.502729 -0.854814 81 81 77
3.345 3.74013 0.807 -2.5915e-16 -1 0 103 101 97
3.34482 3.741 0.807 -1 0 0 101 99 95
3.345 3.741 0.806732 0 0 -1 102 100 97
3.345 3.741 0.807838 2.3338e-16 0 1 97 96 93
3.345 3.74136 0.807 0 1 0 102 101 97
3.351 3.68087 0.855 0.0225272 -0.979284 -0.201233 53 64 67
3.35061 3.681 0.855 -0.372792 -0.831588 -0.411689 53 64 67
3.351 3.681 0.854485 0.00626498 -0.940235 -0.340469 53 64 67
3.351 3.67982 0.861 0.108212 -0.98128 -0.159309 53 65 69
3.351 3.67903 0.867 -0.0385609 -0.998731 -0.0323815 55 66 70
3.34514 3.681 0.867 -0.310395 -0.921111 0.234968 58 68 72
3.351 3.68618 0.843 0.121448 -0.845406 -0.520133 58 65 66
3.351 3.687 0.842131 0.0268656 -0.644912 -0.763785 58 65 65
3.351 3.68303 0.849 -0.0813541 -0.940986 -0.328522 54 64 66
3.351 3.69148 0.837 0.0234644 -0.755275 -0.654987 60 64 63
3.34734 3.693 0.837 -0.311427 -0.711465 -0.629945 60 65 64
3.351 3.693 0.834954 0.351102 -0.710644 -0.609682 61 64 62
3.351 3.69678 0.831 -0.0984369 -0.726939 -0.67961 61 63 60
3.351 3.699 0.829528 -0.000769649 -0.546668 -0.837349 61 63 60
3.351 3.70455 0.825 -0.285152 -0.593302 -0.752782 62 61 57
3.35063 3.705 0.825 -0.387775 0.559445 -0.732565 61 61 57
3.351 3.705 0.824751 -8.32193e-18 0 -1 63 62 58
3.351 3.7054 0.825 0.177776 0.655636 -0.733851 61 61 57
3.351 3.711 0.829929 -0.199581 0.248114 -0.947949 67 73 74
3.34668 3.717 0.831 -0.693128 -0.105365 -0.713072 52 58 60
3.351 3.717 0.826417 0.0340902 -0.31784 -0.947531 63 67 67
3.351 3.71979 0.825 0.0993047 -0.723189 -0.683473 66 70 69
3.351 3.723 0.823176 0.233367 -0.47246 -0.849895 72 75 74
3.345 3.71837 0.831 -0.308202 -0.811814 -0.495953 44 50 52
3.351 3.72641 0.819 0.128 -0.711974 -0.690441 77 79 75
3.34741 3.729 0.819 -0.484055 -0.5761 -0.658634 75 76 72
3.351 3.729 0.816594 0.128107 -0.408614 -0.903672 84 84 80
3.351 3.735 0.816 0.1649 -0.326514 -0.930697 69 69 64
3.34519 3.741 0.807 1 0 0 101 100 96
3.351 3.73948 0.813 0.136474 -0.569909 -0.810295 74 75 71
3.34775 3.741 0.813 -0.27149 -0.580755 -0.767474 73 76 72
3.351 3.741 0.811851 0 -0.603418 -0.797425 79 80 76
3.35577 3.681 0.855 0.0285581 -0.997916 -0.0578549 52 62 65
3.357 3.6808 0.861 0.0664408 -0.98589 -0.153643 52 62 67
3.357 3.681 0.855947 0.0339639 -0.99859 -0.0408004 51 62 65
3.357 3.6796 0.867 0.0475168 -0.996774 -0.0646871 54 65 68
3.35459 3.687 0.843 0.189642 -0.763335 -0.61754 56 63 64
3.357 3.68331 0.849 0.0935591 -0.877505 -0.470353 53 62 64
3.357 3.687 0.843921 0.0958132 -0.805611 -0.584645 54 61 63
3.357 3.68104 0.855 0.0517422 -0.941831 -0.332079 51 62 65
3.35682 3.693 0.837 0.271156 -0.499548 -0.822755 58 63 62
3.357 3.68771 0.843 0.140677 -0.740946 -0.656665 55 61 62
3.357 3.693 0.837075 0.0555776 -0.386857 -0.920463 58 63 62
3.357 3.69814 0.831 0.479969 -0.819376 -0.313453 59 62 59
3.357 3.699 0.830428 0.224192 -0.530405 -0.817562 62 64 61
3.35623 3.699 0.837 0.806848 -0.45082 -0.381781 50 55 56
3.357 3.699 0.834503 0.589227 -0.697643 0.407562 53 57 57
3.357 3.699 0.838371 0.194456 0.0181721 -0.980743 48 54 55
3.35248 3.705 0.825 0.250074 -0.558907 -0.790624 62 61 57
3.357 3.705 0.826543 0.151336 -0.26386 -0.952615 64 65 61
3.357 3.70101 0.837 0.741981 -0.426664 0.517129 44 50 52
3.357 3.70483 0.849 0 1 0 30 40 42
3.35664 3.705 0.849 1 0 0 30 40 42
3.357 3.705 0.848889 0 0 1 31 41 43
3.357 3.705 0.849198 0.129683 0.212893 -0.968431 30 40 42
3.357 3.70858 0.825 0 -0.311142 -0.950364 65 64 60
3.35622 3.711 0.825 -0.82809 0.0894195 -0.553417 65 64 61
3.357 3.711 0.824579 0.0870451 -0.0950734 -0.991657 67 66 62
3.357 3.70507 0.849 0.114931 -0.990871 0.0704619 30 40 42
3.35455 3.717 0.825 -0.994291 0.100459 0.0359743 62 66 65
3.357 3.717 0.824269 -0.0340309 0.0371696 -0.998729 64 66 66
3.357 3.71459 0.831 -0.199089 0.500287 -0.84266 48 53 56
3.35517 3.717 0.831 0.734916 2.45343e-17 -0.678158 46 53 55
3.357 3.717 0.826965 -1.33297e-17 0.776791 0.629759 54 58 59
3.357 3.717 0.832919 0.23462 0.276575 -0.931912 36 42 46
3.357 3.71945 0.825 -3.8187e-17 1 0 66 70 70
3.35421 3.723 0.825 0.424776 -0.586053 -0.690005 72 76 75
3.357 3.71849 0.831 0.0189346 -0.719402 -0.694336 36 42 46
3.357 3.723 0.826133 -0.160866 -0.631878 -0.758191 65 70 69
3.35397 3.729 0.819 0.565688 -0.501085 -0.654912 79 81 77
3.357 3.72517 0.825 0.414604 -0.600267 -0.683947 72 77 75
3.357 3.729 0.822213 -0.0265409 -0.428102 -0.90334 75 79 76
3.357 3.73395 0.819 0.442011 -0.658729 -0.608854 83 85 81
3.357 3.735 0.817141 0.066268 -0.48428 -0.8724 80 82 77
3.35468 3.741 0.813 0.223077 -0.548178 -0.806063 84 83 77
3.357 3.741 0.813611 0.136963 -0.509813 -0.849313 95 92 85
3.363 3.6803 0.855 0 -1 0 52 62 66
3.35725 3.681 0.855 -0.134401 -0.962937 -0.233857 51 62 65
3.363 3.681 0.853523 0.0182848 -0.855119 -0.51811 52 62 65
3.36298 3.681 0.861 0.0334333 -0.987028 -0.157026 51 63 67
3.363 3.681 0.860995 -3.12782e-18 -0.993248 0.116008 52 62 66
3.363 3.67945 0.867 0.0714848 -0.990076 -0.120996 53 64 67
3.363 3.681 0.861003 0.112644 -0.977003 -0.181045 52 63 67
3.363 3.68392 0.849 0.0242625 -0.865081 -0.501045 51 59 62
3.363 3.687 0.844554 0.0371948 -0.769779 -0.637226 52 58 60
3.363 3.681 0.861 0.057576 -0.998092 0.0223141 52 63 66
3.363 3.68821 0.843 0.0966692 -0.769379 -0.631436 52 58 59
3.363 3.693 0.837011 0.0668791 -0.541231 -0.83821 52 57 56
3.35955 3.699 0.831 0.525454 -0.850822 -2.94797e-17 60 62 59
3.363 3.699 0.837887 -0.104853 0.117159 -0.987562 47 51 52
3.363 3.70184 0.831 0.17506 -0.982818 0.0585123 59 60 57
3.363 3.705 0.828499 0.189117 -0.369764 -0.909675 61 61 57
3.35862 3.705 0.837 0.731935 -0.657842 -0.177524 36 43 48
3.363 3.705 0.832696 0.292297 -0.599141 0.745381 52 54 54
3.363 3.705 0.838786 -0.0810906 -0.122302 -0.989175 42 49 54
3.35712 3.705 0.849 -0.920745 0.365509 0.136501 30 40 42
3.35804 3.711 0.825 0.883414 -0.126895 -0.451084 64 63 60
3.363 3.711 0.828003 0.0713946 -0.0916915 -0.993225 58 61 60
3.363 3.7077 0.837 -2.12245e-17 -1 0 36 41 47
3.36278 3.717 0.825 0.99016 0.122149 -0.0682819 61 62 60
3.35876 3.717 0.831 -0.797676 0.0966349 -0.595294 48 54 56
3.363 3.717 0.825046 -0.403412 -0.458937 -0.791603 61 62 60
3.363 3.71712 0.825 -0.153738 -0.238203 -0.95897 61 62 60
3.35965 3.723 0.825 -0.384595 -0.375796 -0.843128 67 70 69
3.363 3.723 0.823554 -0.073002 -0.292235 -0.953556 63 64 62
3.363 3.729 0.822236 0.168797 -0.0534454 -0.984201 55 58 58
3.363 3.73191 0.819 -0.214315 -0.730822 -0.64805 74 76 73
3.363 3.735 0.815855 0.0153771 -0.393748 -0.91909 76 77 73
3.363 3.741 0.814167 0.0617869 -0.357538 -0.931852 74 74 69
3.273 3.68225 0.963 0.0232512 -0.978632 0.2043 136 141 136
3.267 3.68209 0.963 0.0175403 -0.977162 0.21177 140 146 140
3.273 3.68275 0.969 0.0247884 -0.986854 0.159703 138 144 138
3.267 3.68341 0.969 0.015362 -0.984144 0.176705 142 148 141
3.273 3.68373 0.975 0.018665 -0.981826 0.188861 142 148 141
3.267 3.68418 0.975 0.0127142 -0.985936 0.166638 145 151 144
3.273 3.68526 0.981 0.126842 -0.963001 0.237783 145 151 145
3.267 3.685 0.981 0.0183874 -0.982173 0.187077 149 155 148
3.273 3.68661 0.987 0.119805 -0.974949 0.187405 148 154 147
3.267 3.68638 0.987 0.00337503 -0.981017 0.193894 151 157 150
3.273 3.687 0.99126 0.032815 -0.990093 0.136528 150 155 149
3.267 3.687 0.990331 -0.0174471 -0.984882 0.172344 152 158 151
3.273 3.68729 0.993 0.192095 -0.951736 0.239372 150 156 150
3.267 3.6874 0.993 0.0158793 -0.974099 0.225565 153 158 152
3.273 3.68949 0.999 0.134915 -0.949967 0.281712 150 155 149
3.267 3.68866 0.999 0.119079 -0.976876 0.177575 152 158 152
3.273 3.69119 1.005 0.199513 -0.949742 0.241217 149 155 147
3.267 3.68959 1.005 0.205148 -0.965785 0.158665 151 157 151
3.273 3.69283 1.011 0.28967 -0.932426 0.216038 149 154 147
3.267 3.69034 1.011 0.187391 -0.966054 0.177835 151 157 151
3.27012 3.693 1.017 0.354845 -0.875611 0.327705 150 156 149
3.267 3.69169 1.017 0.188358 -0.954759 0.230123 151 157 150
3.273 3.693 1.01157 0.343996 -0.917037 0.201764 149 154 147
3.267 3.693 1.01953 0.351441 -0.825019 0.44253 151 157 150
3.273 3.69411 1.017 0.0562593 -0.981166 0.18479 149 155 147
3.273 3.6952 1.023 8.39777e-05 -0.987467 0.157827 151 156 149
3.267 3.69486 1.023 0.194186 -0.948054 0.251964 151 156 148
3.273 3.69602 1.029 0.00993639 -0.985381 0.170075 153 158 151
3.267 3.69606 1.029 0.12468 -0.979459 0.158476 153 158 151
3.273 3.69699 1.035 0.0509198 -0.98397 0.17091 154 159 152
3.267 3.6968 1.035 0.117855 -0.974898 0.188904 153 158 151
3.273 3.69802 1.041 0.0424606 -0.998565 0.0326413 153 159 151
3.267 3.69835 1.041 0.111658 -0.992705 0.0454907 153 158 150
3.273 3.69737 1.047 0.00457916 -0.999968 0.00651093 143 147 140
3.267 3.69746 1.047 0.0416547 -0.997975 0.0480792 142 146 139
3.273 3.69829 1.053 -0.00708861 -0.989963 0.14115 143 148 141
3.267 3.69827 1.053 0.0057755 -0.990303 0.138807 142 146 140
3.273 3.699 1.05771 -0.0156976 -0.987401 0.157456 144 148 141
3.267 3.699 1.05729 0.00259991 -0.983396 0.181455 143 147 140
3.273 3.69921 1.059 -0.0142452 -0.96012 0.279225 144 148 141
3.267 3.69932 1.059 0.00851198 -0.976177 0.21681 144 147 141
3.279 3.68199 0.963 0.240849 -0.94507 0.220986 131 137 132
3.279 3.68325 0.969 0.177102 -0.970973 0.16077 134 140 134
3.279 3.68479 0.975 0.13137 -0.957249 0.257712 135 142 135
3.27869 3.687 0.981 0.284364 -0.937153 0.20219 140 146 139
3.279 3.687 0.980794 0.205913 -0.913589 0.350648 139 145 138
3.27472 3.687 0.987 0.289674 -0.944221 0.156641 147 153 146
3.279 3.6871 0.981 -0.0392632 -0.97366 0.2246 139 145 139
3.279 3.6884 0.987 0.136237 -0.977643 0.160166 144 150 142
3.279 3.68903 0.993 0.143021 -0.970031 0.196431 146 152 144
3.279 3.6907 0.999 0.107388 -0.959869 0.259076 147 152 146
3.279 3.69232 1.005 0.0532626 -0.970016 0.237132 148 153 146
3.27389 3.693 1.011 0.127755 -0.972225 0.196107 149 154 147
3.279 3.693 1.00746 0.0170868 -0.975251 0.22044 148 153 146
3.279 3.69365 1.011 -0.0299905 -0.993912 0.106018 148 153 146
3.279 3.69366 1.017 -0.032382 -0.991249 0.127969 149 154 147
3.279 3.69492 1.023 -0.00803271 -0.980485 0.196432 151 157 150
3.279 3.6959 1.029 0.0213488 -0.98457 0.173687 153 159 152
3.279 3.69734 1.035 -0.0211307 -0.980294 0.196411 154 159 153
3.279 3.69885 1.041 -0.0123534 -0.998562 0.0521715 154 159 153
3.279 3.69771 1.047 0.0397369 -0.998533 -0.0367894 143 148 142
3.279 3.69828 1.053 0.00358954 -0.993404 0.114612 144 148 142
3.279 3.69898 1.059 0.0211808 -0.988582 0.149185 145 148 142
3.27839 3.699 1.059 -0.0353852 -0.987816 0.151549 145 148 142
3.285 3.6844 0.963 0.118308 -0.963837 0.238793 123 131 125
3.285 3.68576 0.969 0.186302 -0.973698 0.13116 127 135 129
3.285 3.68561 0.975 0.180539 -0.976607 0.116807 133 140 133
3.285 3.68678 0.981 0.0716106 -0.974309 0.213529 137 143 137
3.28074 3.687 0.981 -0.0477847 -0.942725 0.330132 139 145 138
3.285 3.687 0.98222 -0.0111763 -0.973561 0.228156 137 143 137
3.285 3.68818 0.987 0.0326857 -0.975536 0.217397 139 146 139
3.285 3.68941 0.993 0.0366073 -0.982884 0.180551 141 148 141
3.285 3.69089 0.999 0.00558906 -0.976902 0.213615 143 149 143
3.285 3.69181 1.005 -0.00641379 -0.987927 0.154788 145 150 145
3.285 3.69246 1.011 -0.0362856 -0.989155 0.142319 147 153 146
3.28249 3.693 1.011 -0.204174 -0.958883 0.197118 148 153 146
3.285 3.693 1.01408 -0.0668222 -0.980642 0.184052 148 153 147
3.285 3.69361 1.017 0.0414322 -0.982755 0.180209 149 154 148
3.285 3.69494 1.023 0.0364424 -0.972866 0.228483 150 156 149
3.285 3.69658 1.029 0.0546083 -0.983156 0.174418 151 157 150
3.285 3.69728 1.035 0.0214145 -0.995401 0.0933674 153 159 152
3.285 3.69761 1.041 -0.0734987 -0.993602 0.0857452 145 150 145
3.285 3.69772 1.047 0.0019297 -0.999824 0.0186454 143 148 142
3.285 3.69818 1.053 0.0383575 -0.990421 0.132642 144 149 143
3.27911 3.699 1.059 0.175764 -0.930899 0.320211 145 148 142
3.285 3.699 1.05575 0.130791 -0.943788 0.303575 145 149 143
3.285 3.70011 1.059 0.0752011 -0.968185 0.238669 145 149 143
3.291 3.68414 0.963 -0.0485988 -0.981161 0.186979 120 127 123
3.291 3.68514 0.969 -0.0744434 -0.979733 0.18596 123 131 127
3.291 3.68631 0.975 0.0520008 -0.982646 0.178054 127 135 130
3.2879 3.687 0.981 0.0891064 -0.971818 0.218244 134 141 135
3.291 3.687 0.979527 0.101444 -0.982515 0.156118 130 138 133
3.291 3.68728 0.981 0.0972566 -0.974829 0.200624 131 138 133
3.291 3.6887 0.987 0.0671635 -0.975609 0.208986 134 142 136
3.291 3.68998 0.993 0.0697646 -0.984446 0.16124 136 143 138
3.291 3.69055 0.999 0.042391 -0.981788 0.185188 139 146 141
3.291 3.69194 1.005 0.0335137 -0.983367 0.178511 142 148 143
3.291 3.69281 1.011 0.0660966 -0.987923 0.140137 144 150 145
3.291 3.693 1.01187 0.0944256 -0.970379 0.222369 144 150 145
3.291 3.69436 1.017 0.0668948 -0.97786 0.198282 145 151 146
3.291 3.69552 1.023 0.0323724 -0.98037 0.194489 146 153 147
3.291 3.69677 1.029 0.000761355 -0.983339 0.18178 149 155 149
3.291 3.69751 1.035 0.00320557 -0.99908 0.0427627 150 157 151
3.291 3.69737 1.041 -0.0325452 -0.997536 0.062156 141 146 141
3.291 3.69808 1.047 -0.00287102 -0.994545 0.104268 142 147 142
3.291 3.69875 1.053 0.0456818 -0.99134 0.123118 142 148 142
3.291 3.699 1.05389 0.0488474 -0.958154 0.282054 142 148 142
3.291 3.70044 1.059 -0.00665004 -0.983314 0.181797 143 148 143
3.297 3.68329 0.963 0.0312979 -0.974761 0.221045 116 126 124
3.297 3.68475 0.969 0.0589054 -0.963839 0.259893 119 128 126
3.29648 3.687 0.975 0.130956 -0.978061 0.162008 123 131 127
3.297 3.687 0.974709 0.141434 -0.923067 0.357691 122 131 127
3.297 3.68708 0.975 0.0738948 -0.986801 0.144094 122 131 127
3.297 3.68797 0.981 0.0634769 -0.984102 0.165873 127 135 131
3.297 3.68912 0.987 0.0264515 -0.985811 0.165765 129 137 134
3.297 3.69015 0.993 -0.0340146 -0.984637 0.171269 132 140 136
3.297 3.6911 0.999 -0.00468601 -0.981204 0.192918 133 141 137
3.297 3.69249 1.005 0.0503603 -0.978667 0.199186 136 143 139
3.29281 3.693 1.011 0.114074 -0.968478 0.221444 142 149 144
3.297 3.693 1.00806 0.0556921 -0.985068 0.162912 137 144 141
3.297 3.69349 1.011 0.035417 -0.981688 0.187174 138 145 142
3.297 3.69459 1.017 0.0196395 -0.988353 0.150906 142 148 144
3.297 3.69537 1.023 0.00401899 -0.987845 0.155392 143 150 145
3.297 3.69635 1.029 -0.0130683 -0.983095 0.182627 145 152 147
3.297 3.6974 1.035 0.00814082 -0.999067 0.0424153 148 155 149
3.297 3.69704 1.041 -0.000760904 -0.998859 0.0477491 138 144 139
3.297 3.69781 1.047 -0.00275105 -0.9925 0.122214 138 145 140
3.297 3.69871 1.053 -0.0202091 -0.987329 0.157396 140 146 141
3.297 3.699 1.05404 -0.0195248 -0.968821 0.246991 141 146 141
3.297 3.70017 1.059 0.00366717 -0.983681 0.179885 142 147 142
3.303 3.68478 0.963 0.100601 -0.941557 0.321479 110 120 119
3.303 3.68622 0.969 0.152602 -0.96061 0.232251 113 123 121
3.303 3.687 0.972033 0.112972 -0.959768 0.257067 115 125 123
3.303 3.68746 0.975 0.00600013 -0.994336 0.106111 117 126 124
3.303 3.68822 0.981 -0.0242377 -0.987615 0.155012 120 130 128
3.303 3.68918 0.987 0.0101323 -0.990619 0.136277 123 132 130
3.303 3.68945 0.993 0.0365392 -0.989073 0.142828 126 135 132
3.303 3.69048 0.999 0.0298046 -0.977303 0.209738 128 137 134
3.303 3.6923 1.005 -0.00331698 -0.969025 0.24694 130 138 136
3.303 3.693 1.00806 0.010502 -0.981372 0.191832 132 140 137
3.303 3.69356 1.011 -0.0210386 -0.988068 0.152573 133 141 138
3.303 3.69462 1.017 -0.0190597 -0.984104 0.176568 136 143 140
3.303 3.69545 1.023 0.0293465 -0.987875 0.152456 137 145 141
3.303 3.69642 1.029 0.00577602 -0.987499 0.157522 140 148 143
3.303 3.69779 1.035 -0.02018 -0.996285 0.0837165 142 150 146
3.303 3.6972 1.041 0.0319969 -0.998511 0.0441729 133 140 135
3.303 3.69824 1.047 0.0460195 -0.992254 0.115385 134 141 137
3.303 3.69863 1.053 0.0351119 -0.99257 0.1165 137 143 139
3.303 3.699 1.05442 0.019576 -0.965297 0.260419 137 143 139
3.303 3.70033 1.059 0.0399126 -0.974631 0.220231 138 143 139
3.309 3.68522 0.963 -0.0242302 -0.954575 0.296983 107 116 116
3.309 3.6865 0.969 -0.0166433 -0.977488 0.210333 109 119 119
3.309 3.687 0.971337 -0.0121583 -0.981861 0.189213 110 120 120
3.309 3.68762 0.975 0.0148363 -0.995246 0.0962552 111 121 121
3.309 3.68751 0.981 0.0426307 -0.991719 0.121147 115 124 124
3.309 3.68883 0.987 0.0289619 -0.978712 0.203185 118 127 127
3.309 3.69016 0.993 0.0556672 -0.983058 0.174637 120 130 129
3.309 3.69174 0.999 0.0422022 -0.979058 0.199159 122 132 131
3.309 3.69283 1.005 0.0300474 -0.980211 0.19566 125 134 133
3.309 3.693 1.00682 0.00436804 -0.991295 0.131591 125 135 134
3.309 3.69339 1.011 0.00157232 -0.991595 0.129368 127 136 135
3.309 3.69409 1.017 0.00395765 -0.979518 0.201315 131 139 137
3.309 3.69567 1.023 0.0300067 -0.981469 0.189255 132 140 138
3.309 3.69685 1.029 0.0116721 -0.996788 0.079234 133 142 139
3.309 3.69693 1.035 -0.0673397 -0.992508 0.10195 129 137 135
3.309 3.69735 1.041 -0.00471591 -0.996234 0.0865794 128 135 133
3.309 3.6984 1.047 0.012146 -0.989943 0.140946 129 137 134
3.309 3.69896 1.053 0.0397252 -0.993609 0.105652 131 139 135
3.309 3.699 1.05317 0.0351534 -0.967559 0.250188 131 139 135
3.309 3.70037 1.059 0.0504594 -0.972992 0.225257 134 140 137
3.315 3.68343 0.963 -0.0765978 -0.959823 0.269949 104 116 119
3.315 3.68595 0.969 -0.0695407 -0.955589 0.286382 104 115 116
3.315 3.687 0.974415 -0.0304172 -0.981149 0.190843 106 117 118
3.315 3.68714 0.975 0.0453737 -0.977952 0.203841 107 117 118
3.315 3.68849 0.981 0.0488463 -0.986217 0.158082 108 119 120
3.315 3.68969 0.987 0.0436926 -0.981461 0.186615 110 121 122
3.315 3.69091 0.993 0.0250624 -0.988599 0.14847 113 124 124
3.315 3.69122 0.999 -0.00270975 -0.989296 0.1459 117 127 128
3.315 3.69219 1.005 -0.0406396 -0.984683 0.169554 120 130 130
3.315 3.693 1.00921 -0.0349275 -0.984757 0.170393 121 131 131
3.315 3.69346 1.011 0.0127692 -0.979613 0.200487 122 131 131
3.315 3.69448 1.017 0.0356882 -0.978369 0.203768 125 134 134
3.315 3.69625 1.023 0.0266268 -0.981113 0.191596 127 136 134
3.315 3.69686 1.029 0.0197201 -0.9994 0.0284585 129 137 136
3.315 3.69624 1.035 -0.0162763 -0.997458 0.0693738 121 130 128
3.315 3.69757 1.041 -0.00169175 -0.988716 0.149796 123 131 130
3.315 3.69835 1.047 0.0205666 -0.987553 0.155934 125 133 131
3.30926 3.699 1.053 0.135848 -0.963277 0.231611 131 138 135
3.315 3.699 1.04979 0.0752505 -0.968832 0.236012 126 134 132
3.315 3.69981 1.053 0.0435664 -0.981334 0.187313 127 135 133
3.315 3.70073 1.059 0.0134433 -0.980213 0.197489 129 136 134
3.321 3.6845 0.963 0.0941343 -0.966272 0.239703 98 109 113
3.321 3.68599 0.969 0.0920456 -0.948339 0.303613 99 110 114
3.321 3.687 0.971609 0.0848154 -0.958675 0.271568 99 111 113
3.321 3.68794 0.975 0.0584579 -0.981658 0.181468 101 112 114
3.321 3.68873 0.981 0.0680699 -0.986521 0.148806 103 114 116
3.321 3.68951 0.987 0.0310944 -0.991828 0.123735 106 117 119
3.321 3.69019 0.993 -0.01844 -0.98634 0.163688 107 118 120
3.321 3.69122 0.999 0.0107526 -0.987851 0.155033 110 120 122
3.321 3.69238 1.005 0.058791 -0.982448 0.177027 113 123 125
3.321 3.693 1.00915 0.0438211 -0.983336 0.176437 116 126 127
3.321 3.69336 1.011 0.0647148 -0.976713 0.204556 117 127 128
3.321 3.69483 1.017 0.047755 -0.976812 0.208705 121 131 131
3.321 3.69603 1.023 0.0358543 -0.984502 0.17167 122 131 131
3.321 3.69673 1.029 0.0180996 -0.999139 0.0373449 124 134 134
3.321 3.69661 1.035 0.04185 -0.996726 0.0691862 116 125 125
3.321 3.69761 1.041 0.0500003 -0.985167 0.164154 119 128 128
3.321 3.69844 1.047 0.0522991 -0.98695 0.1523 121 130 130
3.321 3.699 1.04932 0.0341871 -0.974659 0.221067 123 131 130
3.321 3.69975 1.053 0.0189846 -0.986914 0.160123 125 133 132
3.321 3.70066 1.059 0.00633261 -0.982605 0.185601 127 134 133
3.327 3.68429 0.963 0.127068 -0.954895 0.268383 92 104 109
3.327 3.68679 0.969 0.148672 -0.938676 0.311102 92 104 109
3.327 3.687 0.96988 0.0585434 -0.968916 0.240365 93 104 109
3.327 3.6879 0.975 0.0160187 -0.987278 0.158195 95 106 110
3.327 3.68907 0.981 0.0102109 -0.985114 0.1716 96 108 112
3.327 3.69003 0.987 0.0699758 -0.989139 0.129257 99 110 114
3.327 3.6904 0.993 0.11175 -0.981708 0.154149 102 113 116
3.327 3.69174 0.999 0.116172 -0.972579 0.20148 103 115 118
3.3268 3.693 1.005 0.113481 -0.980635 0.159614 107 118 120
3.327 3.693 1.00487 0.147301 -0.967377 0.206118 106 118 120
3.327 3.69302 1.005 0.104479 -0.984692 0.139517 106 118 120
3.327 3.69404 1.011 0.0576221 -0.984631 0.16487 110 121 123
3.327 3.69518 1.017 0.0219216 -0.978097 0.206994 114 124 127
3.327 3.6965 1.023 -0.011144 -0.990291 0.138565 116 126 127
3.327 3.6972 1.029 -0.0125091 -0.997443 0.0703596 119 129 130
3.327 3.6968 1.035 0.0560718 -0.995341 0.0784347 111 121 121
3.327 3.69815 1.041 0.0537511 -0.984905 0.164537 115 124 125
3.32674 3.699 1.047 0.0859252 -0.973969 0.209763 117 127 127
3.327 3.699 1.04682 0.0506259 -0.988286 0.14397 117 127 127
3.327 3.69902 1.047 0.000226418 -0.991342 0.131304 117 127 127
3.327 3.69988 1.053 0.0107033 -0.986186 0.165294 121 130 130
3.327 3.70079 1.059 0.0489974 -0.98014 0.192158 124 132 132
3.333 3.68658 0.963 0.0553079 -0.968773 0.241702 85 97 102
3.32833 3.687 0.969 0.119617 -0.978909 0.165618 91 103 108
3.333 3.687 0.965179 0.0226538 -0.98622 0.163878 86 98 103
3.333 3.68755 0.969 -0.0268431 -0.99235 0.120502 87 99 104
3.333 3.68797 0.975 -0.0299729 -0.990944 0.130888 88 101 106
3.333 3.68889 0.981 -0.0027297 -0.98055 0.196248 91 103 108
3.333 3.69012 0.987 0.0232471 -0.982098 0.186931 93 105 110
3.333 3.69138 0.993 0.0289992 -0.984182 0.17477 95 107 111
3.333 3.69293 0.999 0.0114318 -0.970472 0.240941 97 109 114
3.333 3.693 0.999313 0.075427 -0.983077 0.166944 97 109 114
3.333 3.69382 1.005 0.0206771 -0.990858 0.133317 101 112 116
3.333 3.69432 1.011 0.073611 -0.98836 0.133141 105 116 120
3.333 3.69502 1.017 0.0692322 -0.983942 0.164514 108 119 122
3.333 3.69624 1.023 0.0257939 -0.997176 0.0705248 110 121 123
3.333 3.69603 1.029 -0.0736513 -0.992585 0.096699 103 113 115
3.333 3.69728 1.035 -0.04957 -0.989902 0.132806 106 116 118
3.333 3.69835 1.041 -0.030684 -0.985201 0.168635 110 120 121
3.333 3.699 1.04661 0.0135874 -0.991652 0.128227 114 124 125
3.333 3.69904 1.047 0.00734124 -0.98922 0.146251 114 124 125
3.333 3.69971 1.053 0.0204391 -0.984028 0.176838 118 128 128
3.333 3.7012 1.059 0.0375471 -0.97171 0.233174 121 129 130
3.339 3.68462 0.963 -0.0504627 -0.988849 0.140108 83 96 103
3.339 3.6862 0.969 -0.0947653 -0.966865 0.237049 84 96 102
3.33608 3.687 0.969 -0.222829 -0.958647 0.177038 85 97 103
3.339 3.687 0.972593 -0.0467122 -0.97851 0.200838 84 97 102
3.339 3.6875 0.975 0.0256397 -0.984853 0.171486 85 97 103
3.339 3.68878 0.981 -0.010594 -0.975254 0.220833 87 100 105
3.339 3.69052 0.987 0.00154542 -0.978496 0.206259 89 101 107
3.339 3.69143 0.993 0.0117938 -0.992014 0.125575 91 104 109
3.339 3.69184 0.999 -0.0516699 -0.98307 0.175795 94 106 111
3.339 3.693 1.00349 -0.0891695 -0.97241 0.215562 96 108 113
3.339 3.69339 1.005 -0.0190456 -0.977124 0.211817 96 108 114
3.339 3.69452 1.011 0.00536871 -0.983823 0.179063 100 112 116
3.339 3.69594 1.017 0.0358286 -0.982758 0.18139 103 115 118
3.339 3.69697 1.023 0.0557731 -0.997834 0.0348742 105 117 120
3.339 3.69618 1.029 0.0452925 -0.998804 0.018436 99 109 112
3.339 3.69691 1.035 0.028177 -0.990291 0.136122 102 113 115
3.339 3.6975 1.041 -0.0120983 -0.987483 0.157262 106 116 119
3.339 3.69876 1.047 0.00971563 -0.984659 0.174216 109 120 122
3.33381 3.699 1.047 -0.0461523 -0.991202 0.124049 114 124 124
3.339 3.699 1.0484 -0.00465857 -0.975167 0.22142 110 121 123
3.339 3.70012 1.053 0.0292588 -0.981581 0.188791 113 124 125
3.339 3.70143 1.059 0.00853996 -0.972402 0.233155 117 125 126
3.345 3.68538 0.963 0.136734 -0.970253 0.199781 80 93 99
3.345 3.68696 0.969 0.173022 -0.952347 0.251193 80 93 99
3.345 3.687 0.969093 0.134067 -0.966032 0.220925 80 93 99
3.345 3.6884 0.975 0.119528 -0.979526 0.161991 82 95 101
3.345 3.68906 0.981 0.0913366 -0.983753 0.154558 84 97 103
3.345 3.69026 0.987 0.00951419 -0.981095 0.193293 86 99 105
3.345 3.69133 0.993 -0.00504232 -0.989764 0.142622 87 101 106
3.345 3.69198 0.999 0.0218656 -0.989427 0.143375 90 103 109
3.345 3.693 1.00391 0.0139676 -0.973918 0.226471 93 106 111
3.345 3.6933 1.005 0.0132512 -0.973015 0.23036 94 107 112
3.345 3.69475 1.011 0.0278843 -0.979494 0.199532 97 109 114
3.345 3.6957 1.017 0.0247363 -0.986087 0.164377 100 112 115
3.345 3.69673 1.023 0.00611419 -0.99778 0.0663093 103 115 118
3.345 3.69629 1.029 0.0572875 -0.997775 0.0341154 96 107 110
3.345 3.69729 1.035 0.0700976 -0.984745 0.159257 99 110 113
3.345 3.69835 1.041 0.113109 -0.979274 0.168013 103 114 117
3.34164 3.699 1.047 0.101131 -0.974259 0.201475 108 119 121
3.345 3.699 1.04484 0.106861 -0.981577 0.158387 105 116 119
3.345 3.69933 1.047 0.107775 -0.981099 0.160717 107 118 121
3.345 3.7002 1.053 0.0826131 -0.983954 0.158146 110 120 122
3.345 3.70135 1.059 0.0384878 -0.978951 0.200435 113 122 124
3.35034 3.687 0.963 0.230307 -0.953161 0.19607 77 90 96
3.34512 3.687 0.969 0.177409 -0.965163 0.19232 80 93 99
3.351 3.68713 0.963 0.0902197 -0.988377 0.122355 77 90 96
3.351 3.68807 0.969 0.0855184 -0.986406 0.140318 78 92 97
3.351 3.68875 0.975 0.0316205 -0.986471 0.160858 81 94 100
3.351 3.68987 0.981 0.0838368 -0.98565 0.146511 82 95 102
3.351 3.69053 0.987 0.100174 -0.984327 0.145138 85 97 103
3.351 3.69137 0.993 0.0747011 -0.986742 0.144084 86 98 104
3.351 3.69219 0.999 0.0980636 -0.983093 0.154636 87 100 107
3.351 3.693 1.00271 0.079045 -0.973539 0.214416 89 102 108
3.351 3.69351 1.005 0.0933704 -0.981908 0.164739 90 103 109
3.351 3.69481 1.011 -0.0105929 -0.973874 0.226844 94 106 112
3.351 3.69622 1.017 -0.00406227 -0.990931 0.134313 97 109 114
3.351 3.69684 1.023 -0.0215149 -0.993602 0.110868 95 107 111
3.351 3.69702 1.029 0.0854815 -0.992266 0.090001 95 107 111
3.351 3.69793 1.035 0.12652 -0.97721 0.170449 97 109 112
3.35012 3.699 1.041 0.117622 -0.980305 0.158639 101 112 116
3.351 3.699 1.0404 0.137995 -0.971933 0.190533 100 111 115
3.351 3.69909 1.041 0.067367 -0.99112 0.114643 100 112 116
3.351 3.70018 1.047 -0.0214177 -0.987767 0.154461 104 115 119
3.351 3.70111 1.053 0.0139319 -0.987076 0.159647 108 118 121
3.351 3.70189 1.059 0.0578847 -0.979851 0.191158 111 120 122
3.357 3.68776 0.963 -0.0309416 -0.992804 0.115686 77 90 95
3.357 3.68833 0.969 0.0167536 -0.992688 0.119537 78 91 97
3.357 3.68878 0.975 0.0310054 -0.989941 0.138044 80 93 100
3.357 3.69008 0.981 0.00480376 -0.981909 0.189292 82 95 101
3.357 3.69121 0.987 0.0110177 -0.987587 0.156685 84 97 103
3.357 3.69232 0.993 0.0423895 -0.983222 0.177422 85 98 105
3.3549 3.693 0.999 0.198474 -0.959736 0.198781 87 100 107
3.357 3.693 0.996561 0.068508 -0.981106 0.180935 86 99 106
3.357 3.69342 0.999 0.0292601 -0.982115 0.185997 87 100 106
3.357 3.69455 1.005 0.0714133 -0.990996 0.113258 89 102 108
3.357 3.69454 1.011 0.0718212 -0.986283 0.148619 92 105 111
3.357 3.69605 1.017 0.0187968 -0.993698 0.110499 95 108 113
3.357 3.69593 1.023 -0.0561062 -0.994129 0.0925196 90 102 106
3.357 3.69732 1.029 -0.0905611 -0.977666 0.189651 94 105 110
3.357 3.69886 1.035 -0.0709226 -0.975168 0.209803 97 108 112
3.357 3.699 1.03558 0.0491635 -0.984423 0.168803 97 108 113
3.357 3.69981 1.041 -0.00344035 -0.997659 0.0683041 99 111 115
3.357 3.69949 1.047 0.0313341 -0.995867 0.0852453 103 114 118
3.357 3.70014 1.053 -0.00159309 -0.985341 0.17059 107 117 120
3.357 3.70166 1.059 -0.00784946 -0.967038 0.25451 109 118 121
3.36211 3.687 0.963 -0.166472 -0.97856 0.12127 77 90 96
3.36137 3.699 1.041 -0.188866 -0.969847 0.154032 98 110 114
3.273 3.70095 1.065 0.0203137 -0.970528 0.240132 146 150 143
3.267 3.70055 1.065 0.0123214 -0.969155 0.246146 146 150 143
3.273 3.70242 1.071 -0.0227592 -0.9609 0.275957 148 153 146
3.267 3.70249 1.071 0.00847399 -0.955288 0.295554 148 153 146
3.273 3.70447 1.077 -0.0441446 -0.97514 0.217146 149 154 148
3.267 3.70428 1.077 0.0237369 -0.971757 0.234787 149 155 148
3.273 3.70487 1.083 -0.0264467 -0.990599 0.134218 148 154 148
3.27234 3.705 1.083 -0.193749 -0.939302 0.28315 148 154 148
3.267 3.705 1.07926 -0.0149409 -0.955339 0.295134 149 155 148
3.273 3.705 1.08335 -0.114861 -0.92385 0.365114 148 154 148
3.267 3.70606 1.083 -0.0446582 -0.968298 0.245774 149 155 149
3.273 3.70724 1.089 0.0409252 -0.901863 0.43008 146 153 147
3.267 3.70705 1.089 -0.0238324 -0.948314 0.316436 147 154 148
3.27254 3.711 1.095 0.125588 -0.730703 0.671045 149 155 149
3.267 3.71005 1.095 -0.011083 -0.86862 0.495354 148 155 148
3.273 3.711 1.09487 0.127265 -0.8354 0.534706 149 155 149
3.267 3.711 1.09599 -0.043617 -0.696485 0.716245 149 155 149
3.273 3.71108 1.095 0.111625 -0.694159 0.711114 149 155 149
3.2707 3.717 1.101 0.130269 -0.408245 0.90353 152 158 154
3.267 3.71606 1.101 0.0721171 -0.678624 0.730937 152 158 154
3.273 3.717 1.10046 0.11496 -0.666405 0.736674 151 158 153
3.267 3.717 1.1015 0.014916 -0.33395 0.942473 150 156 153
3.273 3.71777 1.101 0.0447966 -0.424668 0.90424 151 158 154
3.273 3.723 1.1031 0.03276 -0.310552 0.949992 143 149 146
3.267 3.723 1.10309 0.0299811 -0.279667 0.959629 141 148 145
3.273 3.729 1.10502 -0.00315562 -0.204812 0.978796 130 136 134
3.267 3.729 1.10491 0.0578948 -0.231152 0.971194 130 136 134
3.273 3.735 1.10531 -0.00687905 -0.0385597 0.999233 121 126 125
3.267 3.735 1.1064 -0.00693615 0.110434 0.993859 119 124 123
3.273 3.741 1.10494 -0.157522 0.218491 0.963041 112 117 116
3.267 3.741 1.10267 -0.157463 0.253301 0.954486 113 118 117
3.273 3.747 1.10396 -0.129831 0.024768 0.991227 112 118 117
3.267 3.747 1.10419 -0.0656069 -0.240221 0.968499 103 108 106
3.279 3.699 1.05906 -0.0316824 -0.944691 0.326426 145 148 142
3.279 3.70105 1.065 0.0443863 -0.967216 0.250046 146 150 143
3.279 3.70229 1.071 0.0319627 -0.973673 0.225699 148 153 146
3.279 3.70363 1.077 -0.00175312 -0.976119 0.217231 148 154 147
3.27555 3.705 1.083 0.0538839 -0.93142 0.359936 148 154 148
3.279 3.705 1.08233 0.0579757 -0.965731 0.252987 147 153 147
3.279 3.70521 1.083 0.0557635 -0.930278 0.362592 147 153 147
3.279 3.70764 1.089 0.046565 -0.872752 0.485938 146 153 146
3.279 3.711 1.09363 0.0531128 -0.824824 0.562889 149 155 149
3.279 3.71186 1.095 0.0480027 -0.710944 0.701609 149 156 150
3.279 3.717 1.09999 0.074337 -0.675238 0.733844 152 158 154
3.279 3.7183 1.101 0.0502292 -0.472953 0.879655 152 159 155
3.279 3.723 1.10305 0.0150765 -0.325997 0.945251 144 151 147
3.279 3.729 1.10465 0.0135638 -0.243307 0.969854 131 137 135
3.279 3.735 1.10593 -0.00188404 -0.0511226 0.998691 121 127 125
3.279 3.741 1.106 0.0354527 0.170687 0.984687 112 117 116
3.279 3.747 1.10427 0.0277683 0.239375 0.97053 101 105 103
3.285 3.70129 1.065 0.00685748 -0.977266 0.211908 145 150 143
3.285 3.70262 1.071 0.0186022 -0.971645 0.235713 146 151 145
3.285 3.70433 1.077 0.0420057 -0.969146 0.242882 146 152 146
3.285 3.705 1.08075 0.0633393 -0.975641 0.21003 146 152 146
3.285 3.70547 1.083 0.051865 -0.939702 0.338039 146 152 146
3.285 3.70807 1.089 0.0262645 -0.89564 0.444003 147 153 146
3.285 3.711 1.0938 -0.00568664 -0.843041 0.53782 148 155 148
3.285 3.71171 1.095 -0.0200696 -0.665912 0.745761 149 155 149
3.285 3.717 1.09932 0.0278009 -0.646955 0.762021 151 158 154
3.285 3.71909 1.101 0.00512872 -0.517702 0.855545 152 159 155
3.285 3.723 1.10287 0.0226335 -0.323542 0.945943 144 150 147
3.285 3.729 1.10473 0.0798741 -0.224289 0.971244 133 138 136
3.285 3.735 1.10607 0.0819744 -0.06125 0.994751 124 129 127
3.285 3.741 1.10492 0.0211406 0.233917 0.972027 111 116 114
3.285 3.747 1.10238 0.0910888 0.35224 0.931466 115 120 120
3.291 3.70114 1.065 -0.0199874 -0.98034 0.196299 144 148 143
3.291 3.70264 1.071 -0.0118472 -0.971484 0.236809 144 150 144
3.291 3.70407 1.077 -0.0122429 -0.961383 0.274943 145 152 145
3.291 3.705 1.0796 0.0243361 -0.962022 0.271885 145 152 145
3.291 3.70604 1.083 0.0347572 -0.948849 0.313812 145 152 145
3.291 3.70817 1.089 0.0161014 -0.908104 0.418435 146 152 145
3.291 3.711 1.09432 -0.00511701 -0.871317 0.490694 147 153 147
3.291 3.71142 1.095 -0.0477103 -0.677928 0.733578 148 154 148
3.291 3.717 1.09936 -0.0638354 -0.627907 0.775666 150 156 151
3.291 3.71885 1.101 -0.0274261 -0.471525 0.881426 151 157 153
3.291 3.723 1.10316 0.0038085 -0.307501 0.95154 143 149 145
3.291 3.729 1.10409 -0.00649791 -0.142362 0.989793 134 139 137
3.291 3.735 1.1044 0.043287 -0.102957 0.993743 124 129 127
3.291 3.741 1.10494 -0.0684896 0.0758796 0.994762 118 123 120
3.291 3.747 1.10358 -0.184385 0.275132 0.943559 113 118 115
3.297 3.70085 1.065 0.00634225 -0.982515 0.186074 142 148 142
3.297 3.70247 1.071 0.0118858 -0.965061 0.261754 143 149 143
3.297 3.70407 1.077 0.0241019 -0.962554 0.270018 143 150 144
3.297 3.705 1.07952 0.0243061 -0.944084 0.328807 143 150 144
3.297 3.70622 1.083 0.0214715 -0.951097 0.308144 143 150 144
3.297 3.70802 1.089 0.0266669 -0.916532 0.399071 145 151 144
3.297 3.711 1.09403 0.0156296 -0.866028 0.499752 146 151 146
3.297 3.71158 1.095 0.0608225 -0.72159 0.689644 146 152 146
3.297 3.717 1.10057 -0.00642181 -0.677646 0.735361 150 156 152
3.297 3.71764 1.101 0.0092342 -0.389788 0.920858 150 156 152
3.297 3.723 1.10261 -0.0115763 -0.311735 0.950099 142 148 145
3.297 3.729 1.10433 -0.0344418 -0.180657 0.982943 131 137 134
3.297 3.735 1.10515 -0.080217 -0.119041 0.989644 122 127 125
3.297 3.741 1.10584 -0.0855574 -0.0225449 0.996078 117 122 120
3.297 3.747 1.10589 -0.14063 0.0697685 0.987601 105 108 105
3.303 3.70125 1.065 0.0675606 -0.982125 0.175687 140 145 141
3.303 3.70276 1.071 0.0385783 -0.960957 0.273997 139 146 141
3.303 3.70458 1.077 0.0570633 -0.959765 0.274944 141 149 143
3.303 3.705 1.0786 0.0318661 -0.961447 0.273138 141 149 143
3.303 3.70606 1.083 0.0176461 -0.950649 0.309768 141 149 142
3.303 3.70848 1.089 0.0349076 -0.907591 0.418401 142 149 143
3.303 3.711 1.09358 0.0609573 -0.867208 0.494202 143 149 143
3.303 3.71183 1.095 0.0103486 -0.727541 0.685986 144 149 144
3.303 3.717 1.09932 0.0305436 -0.668838 0.742781 147 153 149
3.303 3.7188 1.101 -0.0131214 -0.493584 0.869599 148 154 150
3.303 3.723 1.10286 -0.0375557 -0.336537 0.940921 141 146 143
3.303 3.729 1.10484 -0.0792718 -0.208459 0.974813 131 136 134
3.303 3.735 1.10545 -0.0401017 -0.0903066 0.995106 122 127 125
3.303 3.741 1.10643 -0.0186217 -0.0610108 0.997963 116 121 118
3.303 3.747 1.10524 0.00439428 0.0954977 0.99542 104 108 105
3.309 3.70195 1.065 0.0578155 -0.980703 0.186757 135 141 138
3.309 3.70286 1.071 0.0368265 -0.969837 0.240956 136 144 139
3.309 3.70484 1.077 0.0146176 -0.953764 0.300202 138 146 141
3.309 3.705 1.07759 0.0265939 -0.968637 0.247055 138 146 141
3.309 3.7064 1.083 0.0416481 -0.952179 0.302689 139 147 141
3.309 3.70853 1.089 0.0217114 -0.899121 0.437161 140 147 141
3.309 3.711 1.09253 0.0375391 -0.85535 0.516689 141 147 142
3.309 3.7123 1.095 0.0251293 -0.783588 0.620772 142 147 143
3.309 3.717 1.10013 -0.0236587 -0.701202 0.71257 146 151 147
3.309 3.71796 1.101 -0.0265398 -0.468958 0.882822 146 152 148
3.309 3.723 1.10326 -0.0275749 -0.353179 0.935149 138 143 140
3.309 3.729 1.10532 0.03116 -0.185921 0.982071 130 135 133
3.309 3.735 1.10613 0.0784287 -0.0355262 0.996287 123 128 126
3.309 3.741 1.1054 0.0594751 0.0270795 0.997862 114 119 117
3.315 3.70216 1.065 0.0214423 -0.977001 0.212154 131 138 135
3.315 3.70312 1.071 0.0427945 -0.977347 0.207274 133 141 137
3.315 3.70478 1.077 0.0187408 -0.960445 0.277839 135 143 138
3.315 3.705 1.07793 0.0260204 -0.954602 0.296746 135 143 138
3.315 3.7068 1.083 0.0356219 -0.946572 0.320519 136 144 138
3.315 3.70871 1.089 0.0385001 -0.917511 0.395843 136 143 138
3.315 3.711 1.09256 -3.53827e-05 -0.851443 0.524448 136 143 138
3.315 3.71237 1.095 0.000256565 -0.77659 0.630007 137 143 139
3.315 3.717 1.10007 0.011003 -0.731196 0.682078 141 148 144
3.315 3.71794 1.101 0.0104177 -0.484614 0.874666 142 148 145
3.315 3.723 1.10338 0.0209076 -0.32596 0.945152 136 141 138
3.315 3.729 1.10507 0.0722971 -0.0754115 0.994528 127 132 130
3.315 3.735 1.10415 0.157435 -0.0329855 0.986978 121 126 123
3.315 3.741 1.10468 0.152656 -0.0174278 0.988126 108 112 110
3.321 3.702 1.065 0.0126757 -0.971062 0.238489 129 136 134
3.321 3.70346 1.071 0.0507398 -0.973586 0.222612 130 138 135
3.321 3.70495 1.077 0.0694513 -0.963988 0.256716 132 140 136
3.321 3.705 1.07719 0.0217794 -0.952268 0.304485 132 140 136
3.321 3.70677 1.083 0.045117 -0.948531 0.313453 133 140 136
3.321 3.70908 1.089 0.0342319 -0.919885 0.390692 132 139 134
3.321 3.711 1.09275 0.0214135 -0.874888 0.483852 132 138 134
3.321 3.71223 1.095 0.0500672 -0.767593 0.638979 132 139 135
3.321 3.717 1.09991 0.025013 -0.719823 0.693707 137 143 139
3.321 3.71812 1.101 0.106646 -0.456575 0.88327 137 144 140
3.321 3.723 1.10326 0.081485 -0.323461 0.942726 132 138 135
3.321 3.729 1.10431 0.0493199 -0.0380962 0.998056 125 131 129
3.321 3.735 1.10343 0.0424212 -0.0324952 0.998571 117 122 120
3.321 3.741 1.10459 0.0190041 -0.15635 0.987519 107 111 109
3.327 3.70217 1.065 0.069755 -0.96191 0.264318 125 133 132
3.327 3.70398 1.071 0.0998784 -0.957644 0.270078 128 136 133
3.32143 3.705 1.077 0.108471 -0.957495 0.267276 131 139 135
3.327 3.705 1.07423 0.128368 -0.956452 0.262149 128 136 133
3.327 3.70562 1.077 0.0832105 -0.964217 0.251718 128 137 133
3.327 3.70723 1.083 0.113441 -0.944068 0.309624 130 138 134
3.327 3.70925 1.089 0.104286 -0.917837 0.383013 129 136 132
3.327 3.711 1.09202 0.110606 -0.853942 0.508477 129 135 132
3.327 3.71303 1.095 0.123361 -0.785899 0.605924 129 136 132
3.327 3.717 1.09934 0.103164 -0.662893 0.741573 132 138 135
3.327 3.72016 1.101 0.0859893 -0.432916 0.897323 132 139 136
3.327 3.723 1.10193 0.102226 -0.343234 0.93367 130 136 134
3.327 3.729 1.10418 0.0452411 -0.130026 0.990478 119 126 124
3.327 3.735 1.10353 -0.0216876 -0.0254841 0.99944 114 119 117
3.327 3.741 1.10506 0.0097044 -0.227404 0.973752 103 108 106
3.333 3.70276 1.065 0.025151 -0.966552 0.255235 122 130 130
3.333 3.70493 1.071 -0.0245333 -0.9499 0.31159 124 133 131
3.333 3.705 1.07131 0.0241544 -0.979774 0.198644 124 133 131
3.333 3.70594 1.077 -0.0387288 -0.966168 0.254988 126 135 132
3.333 3.70794 1.083 0.0140143 -0.930608 0.365749 129 136 132
3.333 3.71053 1.089 0.103851 -0.91563 0.388376 127 134 130
3.333 3.711 1.0897 0.115484 -0.85664 0.502824 127 134 130
3.333 3.71392 1.095 0.0645633 -0.818954 0.570216 126 133 131
3.333 3.717 1.09841 0.0991244 -0.610953 0.785436 128 135 133
3.333 3.72077 1.101 0.123148 -0.501766 0.856192 128 135 133
3.333 3.723 1.10193 0.0361248 -0.358394 0.932871 125 132 130
3.333 3.729 1.1038 0.0129179 -0.176956 0.984134 118 124 122
3.333 3.735 1.10426 -0.00449038 -0.0294403 0.999556 111 117 115
3.333 3.741 1.10431 -0.00536742 -0.0900542 0.995922 108 113 111
3.339 3.70305 1.065 0.012156 -0.978193 0.207341 119 127 127
3.339 3.70371 1.071 -0.0285577 -0.974174 0.223985 121 130 129
3.339 3.705 1.07549 -0.0704379 -0.966481 0.246887 123 131 130
3.339 3.70551 1.077 0.0275225 -0.956013 0.29203 124 132 130
3.339 3.70728 1.083 -0.0176589 -0.919865 0.391838 126 134 131
3.339 3.71065 1.089 -0.0160604 -0.88725 0.461008 125 132 129
3.339 3.711 1.08964 0.0255179 -0.858977 0.511378 125 132 129
3.339 3.71431 1.095 0.0185471 -0.814226 0.580252 125 132 130
3.339 3.717 1.09807 0.042422 -0.598008 0.800367 126 134 132
3.33868 3.723 1.101 0.143636 -0.448915 0.881955 124 131 129
3.339 3.723 1.10094 0.083855 -0.467323 0.880101 124 131 129
3.339 3.72309 1.101 -0.123034 -0.475082 0.871298 124 131 129
3.339 3.729 1.1042 0.00917858 -0.213941 0.976803 115 122 120
3.339 3.735 1.10375 0.00171269 -0.0679926 0.997684 107 113 110
3.339 3.741 1.10443 -0.0202067 -0.0777791 0.996766 101 106 104
3.345 3.70265 1.065 -0.00170664 -0.972173 0.234258 116 124 125
3.345 3.70415 1.071 0.0653818 -0.969671 0.235508 117 127 126
3.345 3.705 1.07411 0.0964059 -0.953521 0.285488 119 128 127
3.345 3.70595 1.077 0.0988294 -0.954245 0.282223 120 129 128
3.345 3.70773 1.083 0.0820976 -0.931085 0.355445 123 131 129
3.345 3.71079 1.089 0.0612584 -0.887869 0.456 123 130 129
3.345 3.711 1.08942 0.0140588 -0.864374 0.502652 123 130 129
3.345 3.71416 1.095 0.00740314 -0.82301 0.567978 125 132 130
3.345 3.717 1.09782 -0.0214813 -0.61076 0.791525 126 133 131
3.345 3.72141 1.101 -0.0123781 -0.535454 0.844474 124 130 128
3.33944 3.723 1.101 -0.154666 -0.555083 0.817289 124 131 129
3.345 3.723 1.10189 0.0290704 -0.363938 0.93097 121 128 126
3.345 3.729 1.10368 0.0520454 -0.149272 0.987426 113 119 117
3.345 3.735 1.10365 -0.0132542 -0.103532 0.994538 106 112 110
3.345 3.741 1.10519 -0.0444111 -0.204053 0.977952 98 104 102
3.351 3.70306 1.065 0.0922557 -0.963358 0.251853 113 122 123
3.35071 3.705 1.071 0.155491 -0.946008 0.284415 114 123 123
3.351 3.705 1.07084 0.118223 -0.942512 0.312562 114 123 123
3.351 3.70506 1.071 0.0669443 -0.970497 0.231634 114 123 123
3.351 3.70657 1.077 0.0439681 -0.963382 0.264503 116 125 124
3.351 3.70838 1.083 0.0437902 -0.927349 0.371625 119 127 126
3.34776 3.711 1.089 0.0733784 -0.868811 0.489677 122 130 128
3.351 3.711 1.08854 0.0193262 -0.90108 0.433223 121 129 127
3.351 3.71127 1.089 -0.0183429 -0.900633 0.434193 121 129 128
3.351 3.71413 1.095 -0.0311967 -0.812242 0.582486 124 132 130
3.351 3.717 1.09784 0.0138311 -0.597931 0.801428 124 132 131
3.351 3.72257 1.101 0.0217924 -0.478282 0.877936 122 129 128
3.351 3.723 1.10113 0.0504598 -0.323629 0.944838 121 129 128
3.351 3.729 1.10315 0.0575826 -0.243122 0.968285 112 119 118
3.351 3.735 1.10417 -0.0242026 -0.162979 0.986333 106 112 110
3.351 3.741 1.10535 -0.0582447 -0.21098 0.975753 95 101 99
3.357 3.70364 1.065 0.0155537 -0.963819 0.266102 111 120 121
3.357 3.705 1.06902 0.030295 -0.952437 0.303226 111 120 121
3.357 3.7055 1.071 -0.00599715 -0.971965 0.235051 111 121 121
3.357 3.70669 1.077 0.0460269 -0.966787 0.251406 114 123 123
3.357 3.70827 1.083 0.0516649 -0.940664 0.335384 116 125 124
3.357 3.711 1.08891 0.0116904 -0.905369 0.424464 120 128 127
3.357 3.71105 1.089 0.0553807 -0.90897 0.413167 120 128 127
3.357 3.71366 1.095 0.0260105 -0.829769 0.557501 122 129 128
3.357 3.717 1.09795 0.0386885 -0.569504 0.821078 123 131 130
3.357 3.72242 1.101 0.0216229 -0.530129 0.847641 122 129 129
3.357 3.723 1.10118 -0.0427399 -0.286604 0.957095 121 128 128
3.357 3.729 1.10299 -0.0246535 -0.249041 0.968179 113 120 119
3.357 3.735 1.10416 -0.0125735 -0.199523 0.979813 105 111 111
3.357 3.741 1.10574 -0.0046078 -0.233704 0.972297 96 102 101
3.363 3.70383 1.065 0.0448954 -0.969885 0.239392 109 117 118
3.363 3.70485 1.071 0.0296068 -0.983213 0.180046 109 119 119
3.3616 3.705 1.071 -0.119376 -0.948872 0.292219 109 119 119
3.363 3.705 1.07153 -0.0521209 -0.950127 0.307476 109 119 119
3.363 3.70679 1.077 0.0247794 -0.948613 0.315467 111 120 120
3.363 3.7091 1.083 0.0651675 -0.937845 0.34088 113 122 121
3.363 3.711 1.08777 0.0732137 -0.918737 0.388023 115 123 123
3.363 3.71151 1.089 0.0613593 -0.88835 0.455048 115 123 123
3.363 3.7145 1.095 0.10086 -0.825776 0.554906 116 125 124
3.363 3.717 1.0968 0.0780505 -0.607223 0.790688 116 124 124
3.363 3.72184 1.101 -0.0116009 -0.646657 0.762693 120 127 127
3.363 3.723 1.1016 -0.0170484 -0.276414 0.960888 118 126 126
3.363 3.729 1.10335 -0.000279713 -0.24838 0.968663 111 118 118
3.363 3.735 1.10462 -0.00614956 -0.166354 0.986047 103 110 109
3.363 3.741 1.10545 0.0136945 -0.176213 0.984257 94 99 99
3.177 3.75173 1.101 0.204533 0.252406 0.945758 101 113 118
3.17604 3.753 1.101 0.236147 0.392843 0.888768 100 111 116
3.177 3.753 1.10073 0.196114 0.306033 0.931603 100 112 116
3.177 3.747 1.10234 0.128398 0.193427 0.972677 105 116 121
3.171 3.753 1.10232 0.0667727 0.225054 0.972056 99 111 115
3.171 3.75534 1.101 0.22463 0.484561 0.845424 99 112 117
3.183 3.74826 1.101 0.155655 0.306209 0.939153 105 116 122
3.183 3.753 1.09938 0.0830162 0.279093 0.956669 101 111 115
3.183 3.747 1.10155 0.0298113 0.416206 0.908781 105 115 121
3.1868 3.747 1.101 0.0928438 0.341653 0.935229 107 117 123
3.189 3.747 1.10086 0.029344 0.218284 0.975444 107 118 123
3.189 3.753 1.09954 -0.0192704 0.0844141 0.996244 92 100 103
3.195 3.747 1.10025 0.145969 0.25886 0.954822 104 113 115
3.195 3.753 1.09963 -0.0153174 -0.057831 0.998209 94 101 104
3.195 3.75607 1.101 -0.15657 -0.419665 0.894073 96 103 105
3.201 3.752 1.101 -0.204173 -0.324434 0.92361 97 105 107
3.19951 3.753 1.101 -0.275342 -0.382252 0.882083 97 104 107
3.201 3.747 1.09908 -0.0974984 0.0228307 0.994974 104 112 114
3.201 3.753 1.10164 -0.22273 -0.522476 0.823049 97 105 107
3.207 3.74793 1.101 -0.151162 -0.247291 0.957077 99 108 110
3.207 3.747 1.10076 -0.239974 -0.256195 0.936363 100 109 111
3.207 3.753 1.1023 -0.0844711 -0.211052 0.973818 98 106 107
3.20879 3.747 1.101 -0.135895 0.306199 0.942218 100 109 111
3.213 3.747 1.10161 -0.0236934 0.0039221 0.999712 101 109 111
3.213 3.753 1.10208 0.0506707 -0.0779766 0.995667 99 108 110
3.219 3.747 1.1025 0.00582181 0.00172822 0.999982 101 109 111
3.219 3.753 1.10169 -0.088189 0.0627958 0.994122 101 109 112
3.22459 3.747 1.101 0.252169 -0.227239 0.940624 103 111 114
3.225 3.74737 1.101 -0.157062 -0.299303 0.941143 103 111 114
3.225 3.747 1.1009 0 0 1 102 111 113
3.225 3.753 1.10279 -0.0678113 -0.191895 0.97907 100 108 110
3.22562 3.747 1.101 -0.201498 0.0990606 0.974467 103 111 114
3.231 3.747 1.10207 -0.154762 -0.112264 0.981553 102 110 113
3.231 3.753 1.10382 -0.162382 -0.275975 0.947349 99 107 108
3.237 3.747 1.1032 -0.0729812 -0.207173 0.975578 104 111 113
3.243 3.75054 1.101 0.372491 0.588443 0.717625 105 112 114
3.243 3.747 1.1039 0.101836 -0.00716167 0.994775 104 112 112
3.24859 3.747 1.101 0.389602 0.529523 0.753536 105 112 113
3.25038 3.747 1.101 -0.145691 -0.34452 0.927405 103 110 110
3.255 3.747 1.10241 -0.258356 -0.37082 0.892046 98 103 101
3.261 3.747 1.10342 -0.142319 -0.229145 0.962932 102 107 106
3.639 3.64495 0.771 -0.576093 -0.806777 0.131254 180 162 138
3.63896 3.645 0.771 -1 0 0 180 162 138
3.639 3.645 0.771291 -0.602307 -0.786111 0.138764 181 162 139
3.639 3.64505 0.771 -0.782765 0.622317 0 181 162 139
3.64037 3.645 0.777 -0.566153 -0.812967 0.136218 184 168 147
3.64063 3.645 0.783 0 0 0 189 178 157
3.64292 3.645 0.789 0 0 0 192 181 161
3.177 3.69938 1.059 -0.0747932 -0.97187 0.223327 138 151 152
3.177 3.70093 1.065 -0.0587868 -0.908497 0.413735 136 150 150
3.177 3.705 1.07081 -0.0446484 -0.815765 0.576657 127 139 140
3.177 3.70513 1.071 -0.0739114 -0.951392 0.298983 126 139 140
3.177 3.707 1.077 -0.0902695 -0.937659 0.33563 127 140 141
3.177 3.70927 1.083 -0.0840437 -0.920131 0.382486 128 140 142
3.177 3.711 1.08653 -0.105623 -0.849667 0.516633 128 141 143
3.177 3.71269 1.089 -0.130406 -0.826417 0.547748 128 141 143
3.177 3.71667 1.095 -0.0672343 -0.800221 0.595925 129 142 145
3.17575 3.717 1.095 -0.223909 -0.779115 0.585529 128 141 145
3.177 3.717 1.09528 -0.092072 -0.565231 0.819778 128 141 145
3.177 3.723 1.09921 -0.116451 -0.400752 0.908756 123 136 141
3.177 3.729 1.10057 -0.136237 -0.287369 0.948082 118 130 135
3.177 3.72981 1.101 -0.221478 -0.330221 0.917552 117 130 134
3.177 3.735 1.10277 -0.121968 -0.205167 0.971098 108 120 124
3.177 3.741 1.10369 -0.0502442 0.0801756 0.995514 103 114 118
3.183 3.69904 1.059 -0.0769132 -0.969339 0.23338 139 152 153
3.183 3.70073 1.065 -0.0839867 -0.905262 0.416469 138 151 152
3.183 3.70457 1.071 -0.0855555 -0.864209 0.495805 128 140 141
3.1785 3.705 1.071 -0.0778094 -0.835732 0.543597 127 139 140
3.183 3.705 1.07212 -0.107083 -0.948576 0.297886 128 141 141
3.183 3.70646 1.077 -0.0995043 -0.937392 0.33376 128 141 142
3.183 3.70881 1.083 -0.0815157 -0.914895 0.395375 129 142 143
3.183 3.711 1.08739 -0.0854728 -0.876852 0.473102 129 142 144
3.183 3.71196 1.089 -0.0888371 -0.785991 0.611822 129 143 144
3.17972 3.717 1.095 0.0702695 -0.648704 0.75779 129 142 145
3.183 3.717 1.09457 0.0336894 -0.7435 0.667887 129 142 146
3.183 3.71731 1.095 -0.10123 -0.645146 0.757324 129 142 146
3.183 3.723 1.09971 -0.105137 -0.543903 0.832535 126 138 143
3.183 3.72485 1.101 -0.129214 -0.442178 0.887571 125 137 142
3.17783 3.729 1.101 -0.37427 -0.459117 0.805688 118 131 135
3.183 3.729 1.10316 -0.107389 -0.215267 0.970633 119 131 136
3.183 3.735 1.10331 -0.0397124 -0.130003 0.990718 108 119 123
3.183 3.741 1.10444 -0.0811429 0.0857384 0.993008 102 111 115
3.189 3.69892 1.059 -0.0420682 -0.974101 0.222167 141 153 152
3.18507 3.699 1.059 -0.0196984 -0.979259 0.201651 140 152 153
3.189 3.699 1.0598 -0.0173056 -0.988849 0.147913 140 153 152
3.189 3.69982 1.065 0.0447862 -0.926173 0.374431 140 152 153
3.189 3.70378 1.071 -0.0737114 -0.884743 0.460214 131 142 143
3.189 3.705 1.0749 -0.0928348 -0.951192 0.294304 131 143 143
3.189 3.70562 1.077 -0.0903177 -0.93438 0.344641 131 143 143
3.189 3.70827 1.083 -0.105299 -0.902042 0.418608 131 143 145
3.189 3.711 1.08878 -0.0896189 -0.891799 0.443467 131 144 146
3.189 3.71113 1.089 -0.133735 -0.81403 0.565217 131 144 146
3.189 3.71566 1.095 -0.175805 -0.744415 0.644158 131 144 146
3.18438 3.717 1.095 -0.20524 -0.718521 0.664533 130 143 146
3.189 3.717 1.09624 -0.164128 -0.604068 0.779849 131 144 146
3.189 3.723 1.10051 -0.12762 -0.543665 0.829543 128 140 144
3.189 3.72419 1.101 -0.0649823 -0.331127 0.941346 126 139 143
3.189 3.729 1.10263 -0.0379851 -0.244623 0.968874 119 130 135
3.189 3.735 1.10326 -0.0111079 -0.119274 0.992799 114 124 128
3.189 3.741 1.10465 0.0426883 0.228957 0.9725 102 111 114
3.189 3.74669 1.101 0.0928129 0.536885 0.838535 107 118 123
3.195 3.69842 1.059 0.00285528 -0.983552 0.180602 143 155 154
3.195 3.699 1.06011 0.0993778 -0.906593 0.410138 141 153 152
3.195 3.70205 1.065 0.0810502 -0.924978 0.371278 133 144 143
3.195 3.70364 1.071 -0.0180213 -0.948335 0.316759 133 144 144
3.195 3.705 1.07513 -0.0533911 -0.955476 0.290197 133 145 145
3.195 3.70545 1.077 -0.107733 -0.943487 0.31341 133 145 145
3.195 3.70733 1.083 -0.119243 -0.907194 0.403461 133 145 146
3.195 3.71071 1.089 -0.141816 -0.87746 0.458205 134 146 147
3.1907 3.711 1.089 -0.0592798 -0.902433 0.426733 132 144 146
3.195 3.711 1.08965 -0.143676 -0.864284 0.482047 134 146 147
3.195 3.71405 1.095 -0.142789 -0.761512 0.632227 133 146 148
3.195 3.717 1.09764 -0.098266 -0.580479 0.808324 133 146 148
3.195 3.7225 1.101 -0.0849667 -0.560066 0.824079 130 142 145
3.19319 3.723 1.101 -0.110586 -0.485165 0.867402 129 141 145
3.195 3.723 1.10117 -0.13729 -0.315213 0.939038 129 141 145
3.195 3.729 1.10313 -0.137213 -0.194643 0.971229 119 131 134
3.195 3.735 1.10401 -0.107596 -0.072865 0.991521 114 125 130
3.195 3.741 1.10417 0.0046462 0.260347 0.965504 103 112 115
3.195 3.74576 1.101 0.0964189 0.539681 0.83633 105 114 117
3.201 3.69873 1.059 -0.00844196 -0.978172 0.207627 146 157 155
3.201 3.699 1.05962 0.000625076 -0.88576 0.464144 145 156 154
3.201 3.70164 1.065 -0.073707 -0.949715 0.304315 136 147 145
3.201 3.70303 1.071 -0.115876 -0.969531 0.215831 136 146 145
3.201 3.70402 1.077 -0.117137 -0.958931 0.258321 136 147 146
3.197 3.705 1.077 -0.2321 -0.922871 0.307309 134 146 145
3.201 3.705 1.07937 -0.144835 -0.908574 0.391811 136 147 147
3.201 3.70662 1.083 -0.0913682 -0.908471 0.407839 136 147 147
3.201 3.70945 1.089 -0.0943492 -0.902545 0.420131 136 148 148
3.201 3.711 1.09235 -0.168566 -0.858533 0.484259 136 149 149
3.201 3.71286 1.095 -0.133373 -0.635972 0.7601 137 149 149
3.201 3.717 1.0975 -0.0826433 -0.585316 0.806583 135 148 149
3.201 3.72104 1.101 -0.100477 -0.59404 0.798136 132 145 147
3.201 3.723 1.10229 -0.0911792 -0.394393 0.914407 128 140 143
3.201 3.729 1.1044 -0.10803 -0.150605 0.982674 120 132 136
3.201 3.735 1.10472 0.0194388 -0.0259088 0.999475 107 117 121
3.201 3.741 1.10466 -0.00307184 0.304254 0.952586 100 108 109
3.201 3.74426 1.101 -0.0306962 0.641668 0.766368 105 114 116
3.207 3.69881 1.059 -0.00126839 -0.973511 0.228635 150 160 158
3.207 3.699 1.05952 -0.0424372 -0.918524 0.393081 149 159 157
3.207 3.70121 1.065 -0.0881581 -0.963588 0.252443 139 149 146
3.207 3.70192 1.071 -0.0687214 -0.97364 0.21749 138 148 146
3.207 3.70357 1.077 -0.0519697 -0.95825 0.281169 138 148 147
3.207 3.705 1.08037 -0.0557462 -0.919551 0.388997 138 149 147
3.207 3.70608 1.083 -0.0858947 -0.898762 0.429941 138 149 148
3.207 3.70943 1.089 -0.0933071 -0.909985 0.404007 139 151 149
3.207 3.711 1.09376 -0.0921849 -0.909895 0.404466 139 152 150
3.207 3.71161 1.095 -0.122903 -0.600711 0.789963 139 152 151
3.207 3.717 1.09852 -0.0822749 -0.552252 0.829607 137 149 150
3.207 3.72042 1.101 -0.0656329 -0.568396 0.820133 134 146 148
3.207 3.723 1.10234 -0.0633883 -0.401679 0.913584 128 141 143
3.207 3.729 1.10504 -0.0160075 -0.0760065 0.996979 118 129 132
3.207 3.735 1.10373 0.12597 0.124456 0.984196 103 112 112
3.207 3.741 1.10325 0.168323 0.158085 0.972973 107 116 118
3.207 3.74638 1.101 -0.069574 0.537315 0.840507 101 109 111
3.213 3.69858 1.059 -0.0364061 -0.973813 0.224415 152 163 159
3.213 3.699 1.06075 -0.0716594 -0.95146 0.299313 149 159 156
3.213 3.70021 1.065 -0.0721124 -0.963433 0.258064 141 151 148
3.213 3.70186 1.071 -0.0744802 -0.964588 0.253029 141 150 148
3.213 3.70379 1.077 -0.0503836 -0.951928 0.302151 141 151 149
3.213 3.705 1.08076 -0.0418543 -0.941994 0.333009 141 151 149
3.213 3.70572 1.083 -0.0937024 -0.924223 0.370178 141 151 150
3.213 3.70834 1.089 -0.117305 -0.907458 0.403435 141 152 151
3.213 3.7106 1.095 -0.105051 -0.915862 0.387507 141 153 152
3.21012 3.711 1.095 -0.131973 -0.919129 0.371195 140 152 151
3.213 3.711 1.09539 -0.073545 -0.519401 0.85136 141 153 152
3.213 3.717 1.09856 -0.0802139 -0.547373 0.833036 137 149 150
3.213 3.71971 1.101 -0.0519554 -0.586277 0.808443 135 147 149
3.213 3.723 1.1034 -0.00577467 -0.355402 0.934696 127 139 142
3.213 3.729 1.10507 -0.0191027 -0.0717029 0.997243 118 129 132
3.213 3.735 1.10291 -0.0723409 0.285513 0.955641 110 119 120
3.213 3.741 1.10162 0.0544291 0.0782003 0.995451 108 117 119
3.219 3.69833 1.059 -0.0281828 -0.979837 0.1978 145 154 151
3.219 3.699 1.06109 -0.0348977 -0.958612 0.282569 144 152 150
3.219 3.70017 1.065 -0.0443309 -0.969184 0.242314 142 151 149
3.219 3.70142 1.071 -0.0575498 -0.972932 0.223813 142 151 149
3.219 3.703 1.077 -0.114172 -0.947004 0.300246 142 152 150
3.219 3.705 1.08276 -0.112307 -0.942033 0.316166 143 153 151
3.219 3.70509 1.083 -0.0995023 -0.9215 0.375416 143 153 151
3.219 3.70742 1.089 -0.107431 -0.91224 0.395319 142 153 151
3.219 3.71032 1.095 -0.100336 -0.87628 0.47124 143 154 152
3.219 3.711 1.09552 -0.0605752 -0.578482 0.813443 142 154 152
3.219 3.717 1.0997 -0.119627 -0.5599 0.819879 138 149 150
3.219 3.71928 1.101 -0.120072 -0.487391 0.864889 136 148 149
3.219 3.723 1.10308 -0.0454143 -0.307272 0.950537 129 140 143
3.219 3.729 1.10393 0.0735848 -0.144631 0.986746 118 128 130
3.219 3.735 1.10477 -0.0296644 0.222616 0.974455 110 118 120
3.219 3.741 1.10223 -0.0626868 0.191134 0.97956 109 118 120
3.225 3.698 1.059 -0.0342678 -0.981061 0.190642 145 153 150
3.225 3.699 1.06256 -0.0524346 -0.960283 0.274059 144 152 149
3.225 3.69965 1.065 -0.0593625 -0.967753 0.244806 144 152 149
3.225 3.70122 1.071 -0.0431609 -0.976691 0.210268 144 152 150
3.225 3.70219 1.077 -0.0434621 -0.962351 0.268311 144 153 151
3.225 3.70437 1.083 -0.0661657 -0.944336 0.32226 145 154 152
3.21968 3.705 1.083 -0.111667 -0.938207 0.327563 143 153 151
3.225 3.705 1.08479 -0.0931957 -0.914393 0.393954 144 154 151
3.225 3.70695 1.089 -0.0716026 -0.908124 0.412534 143 154 151
3.225 3.70948 1.095 -0.0333582 -0.871554 0.489164 143 154 152
3.225 3.711 1.0963 -0.0716432 -0.614904 0.785341 143 154 153
3.225 3.71678 1.101 -0.0271326 -0.660077 0.750708 139 150 151
3.22444 3.717 1.101 -0.192727 -0.584719 0.78801 138 150 151
3.225 3.717 1.10114 -0.0468076 -0.353125 0.934405 138 149 151
3.225 3.723 1.10355 0.0237177 -0.230616 0.972756 129 140 142
3.225 3.729 1.10411 -0.0510289 -0.112633 0.992325 117 126 127
3.225 3.735 1.10432 -0.0582409 0.212842 0.975349 105 113 113
3.225 3.741 1.10165 0.0301601 0.213348 0.976511 109 117 119
3.225 3.74559 1.101 0.218804 0.122001 0.968112 105 113 116
3.231 3.69807 1.059 -0.00130818 -0.983195 0.182554 145 153 149
3.231 3.699 1.06301 -0.013993 -0.973421 0.228594 145 152 149
3.231 3.69936 1.065 -0.0211814 -0.973634 0.227129 145 152 149
3.231 3.70085 1.071 -0.0210811 -0.968573 0.247834 145 153 151
3.231 3.70226 1.077 0.00974395 -0.965142 0.261544 146 154 151
3.231 3.70442 1.083 -0.00402089 -0.952716 0.303836 146 155 153
3.231 3.705 1.08564 -0.0504431 -0.950821 0.305606 146 155 152
3.231 3.70602 1.089 -0.0678772 -0.88418 0.462188 144 154 151
3.231 3.70996 1.095 -0.0336119 -0.82804 0.559661 144 155 153
3.231 3.711 1.09584 -0.00229773 -0.678771 0.734347 144 155 153
3.231 3.71605 1.101 -0.0369697 -0.69395 0.719073 141 152 153
3.231 3.717 1.10159 -0.0610299 -0.252678 0.965624 139 150 151
3.231 3.723 1.10279 -0.0213324 -0.232304 0.972409 131 140 140
3.231 3.729 1.10396 -0.00360709 -0.183896 0.982939 117 125 126
3.231 3.735 1.10565 -0.0317106 0.211711 0.976818 107 115 115
3.231 3.741 1.10187 -0.052024 0.217179 0.974745 108 115 117
3.237 3.69791 1.059 0.0139033 -0.986436 0.163559 146 153 149
3.237 3.699 1.06342 0.00183997 -0.974523 0.22428 146 153 150
3.237 3.69933 1.065 0.0275942 -0.972134 0.232795 146 153 150
3.237 3.70079 1.071 -0.000714044 -0.969831 0.243779 146 154 151
3.237 3.70263 1.077 -0.0106229 -0.959321 0.282118 148 155 152
3.237 3.70428 1.083 0.00713821 -0.961797 0.27367 147 156 153
3.237 3.705 1.08599 -0.00974901 -0.966274 0.257332 146 156 152
3.237 3.70587 1.089 -0.000954658 -0.892601 0.450847 145 155 151
3.237 3.70957 1.095 -0.0203326 -0.798064 0.60223 145 155 153
3.237 3.711 1.0959 -0.00718624 -0.692817 0.721078 145 155 153
3.237 3.71589 1.101 0.0226742 -0.690829 0.722663 144 155 155
3.237 3.717 1.10177 0.0100988 -0.32722 0.944894 141 151 151
3.237 3.723 1.10332 -0.030026 -0.223121 0.974328 132 141 141
3.237 3.729 1.10477 -0.0573486 -0.173184 0.983218 118 127 127
3.237 3.735 1.10523 -0.057266 0.229294 0.971671 111 119 119
3.237 3.741 1.10138 -0.035924 0.17286 0.984291 109 117 118
3.243 3.69815 1.059 -0.0408698 -0.984611 0.169916 147 153 149
3.243 3.699 1.06236 -0.00804551 -0.973435 0.228821 147 154 149
3.243 3.69955 1.065 -0.0556387 -0.964963 0.25642 147 154 150
3.243 3.70113 1.071 0.000788657 -0.975068 0.221906 148 155 151
3.243 3.70209 1.077 -0.00292661 -0.960184 0.279354 149 157 153
3.243 3.70429 1.083 0.000777427 -0.951419 0.307897 149 157 153
3.243 3.705 1.08575 0.0333081 -0.964332 0.262593 148 157 153
3.243 3.70594 1.089 0.103962 -0.893223 0.437429 147 156 153
3.243 3.70963 1.095 0.0346498 -0.811412 0.583446 146 156 154
3.243 3.711 1.09584 0.0594724 -0.653027 0.754996 146 156 154
3.243 3.71654 1.101 0.110031 -0.672882 0.731521 145 156 156
3.243 3.717 1.10131 0.0478778 -0.37727 0.924865 144 155 155
3.243 3.723 1.10341 -0.0227581 -0.261851 0.96484 134 144 144
3.243 3.729 1.10446 -0.0479374 -0.190703 0.980477 123 132 131
3.243 3.735 1.1058 -0.053226 0.193483 0.979659 113 120 121
3.243 3.741 1.10238 -0.106285 0.245612 0.963524 108 116 117
3.249 3.69777 1.059 -0.0249758 -0.990115 0.138017 147 153 148
3.249 3.69869 1.065 0.00752791 -0.977721 0.209772 148 154 149
3.24695 3.699 1.065 -0.147031 -0.960827 0.234931 148 154 150
3.249 3.699 1.066 -0.0722871 -0.950773 0.301339 148 154 150
3.249 3.7006 1.071 0.0791747 -0.955814 0.28311 149 155 151
3.249 3.70227 1.077 0.103929 -0.95357 0.282672 150 158 153
3.249 3.70457 1.083 0.104403 -0.941361 0.320841 150 158 154
3.249 3.705 1.08389 0.114226 -0.926747 0.357899 150 158 154
3.249 3.70725 1.089 0.105307 -0.89818 0.426829 147 155 150
3.249 3.71024 1.095 0.120536 -0.856763 0.501425 147 155 150
3.249 3.711 1.09559 0.0220535 -0.623932 0.781167 147 155 151
3.24522 3.717 1.101 0.118674 -0.482728 0.867692 146 155 155
3.249 3.717 1.1002 0.0469669 -0.637147 0.76931 147 154 151
3.249 3.7179 1.101 0.0257659 -0.457067 0.889059 147 154 152
3.249 3.723 1.10349 0.0307408 -0.35239 0.935348 136 145 144
3.249 3.729 1.10541 -0.0494456 -0.208855 0.976696 126 135 136
3.249 3.735 1.10618 -0.0474026 0.167936 0.984657 115 122 122
3.249 3.741 1.10275 0.161374 0.313298 0.935843 113 120 120
3.249 3.74615 1.101 0.423369 0.247087 0.871612 106 114 114
3.249 3.747 1.10085 0.0629765 -0.0827081 0.994582 105 113 113
3.255 3.69777 1.059 0.104914 -0.974604 0.197836 145 151 146
3.25025 3.699 1.065 0.241502 -0.90918 0.339218 147 153 148
3.255 3.699 1.06244 0.230124 -0.898428 0.373992 146 151 145
3.255 3.70028 1.065 0.151146 -0.951035 0.269604 146 150 144
3.255 3.70155 1.071 0.101124 -0.95397 0.28234 149 154 148
3.255 3.70399 1.077 0.118958 -0.946737 0.29923 150 155 148
3.2538 3.705 1.083 0.0832799 -0.917358 0.389254 150 156 151
3.255 3.705 1.08233 0.0724861 -0.979754 0.186622 149 156 150
3.255 3.70514 1.083 0.0653715 -0.936753 0.343831 149 156 150
3.255 3.70749 1.089 0.0313018 -0.898508 0.43784 148 154 149
3.255 3.71089 1.095 0.0430122 -0.874483 0.483145 148 155 150
3.255 3.711 1.09509 0.0181445 -0.67115 0.7411 148 155 150
3.255 3.717 1.10054 -0.000422894 -0.652508 0.757782 148 155 152
3.255 3.71755 1.101 -0.0281569 -0.426784 0.903915 148 155 152
3.255 3.723 1.10329 -0.0139386 -0.345051 0.938481 139 145 144
3.255 3.729 1.10517 0.00961675 -0.262187 0.964969 127 134 133
3.255 3.73433 1.107 0.106699 -0.338096 0.935043 116 123 123
3.2534 3.735 1.107 -0.166982 -0.268972 0.948563 115 122 122
3.255 3.735 1.10725 0 0 1 115 122 122
3.255 3.73939 1.101 0 0.783895 0.620893 115 122 121
3.25179 3.741 1.101 0.226756 0.57418 0.786701 113 120 120
3.255 3.741 1.09998 -0.0016381 0.00266538 0.999995 116 124 124
3.255 3.73544 1.107 0.00168759 0.737578 0.675259 115 122 121
3.255 3.74505 1.101 -0.282097 -0.39255 0.875401 102 108 107
3.26001 3.699 1.059 0.262685 -0.903372 0.338993 144 148 142
3.261 3.69935 1.059 0.0293402 -0.975036 0.220098 144 147 141
3.261 3.70067 1.065 0.0234773 -0.96715 0.25312 146 150 144
3.261 3.7023 1.071 0.0747932 -0.965839 0.248114 148 153 146
3.261 3.70377 1.077 0.0480436 -0.95385 0.296416 150 155 148
3.261 3.705 1.08063 0.047131 -0.960857 0.273006 149 156 149
3.261 3.70574 1.083 0.0291297 -0.960671 0.276158 149 156 149
3.261 3.70778 1.089 -0.0283701 -0.916769 0.398409 148 155 148
3.261 3.71089 1.095 -0.032229 -0.871307 0.489679 148 154 149
3.261 3.711 1.09511 -0.0544143 -0.676512 0.734418 148 154 149
3.261 3.717 1.10063 -0.0495502 -0.676625 0.734659 150 157 153
3.261 3.71738 1.101 -0.0577195 -0.439149 0.896558 150 157 153
3.261 3.723 1.10362 0.00232575 -0.330744 0.943718 139 146 143
3.261 3.729 1.10528 -0.00174803 -0.227157 0.973856 127 134 132
3.25698 3.735 1.107 0.183069 -1.56627e-17 0.9831 116 122 122
3.261 3.735 1.10613 0.00182707 0.276854 0.96091 117 123 123
3.2594 3.741 1.101 -0.158611 0.537895 0.827956 114 120 119
3.261 3.741 1.10199 -0.206931 -0.0430021 0.97741 113 119 117
3.26276 3.717 1.101 -0.147457 -0.670537 0.727074 151 157 153
3.369 3.7041 1.065 0.0261382 -0.974137 0.22444 107 115 116
3.36618 3.705 1.071 0.0548734 -0.95388 0.295132 108 118 118
3.369 3.705 1.07016 0.0401546 -0.983838 0.1745 107 117 117
3.369 3.70518 1.071 0.0387352 -0.95417 0.296749 107 117 117
3.369 3.70722 1.077 0.0179503 -0.9438 0.33003 108 118 117
3.369 3.70939 1.083 0.0231565 -0.934885 0.354194 110 119 119
3.369 3.711 1.08739 0.028726 -0.934069 0.355937 111 120 119
3.369 3.71162 1.089 0.0260877 -0.874823 0.48374 111 120 120
3.369 3.7153 1.095 0.0297103 -0.819409 0.572439 114 122 122
3.369 3.717 1.09616 0.0291393 -0.650021 0.759357 114 122 122
3.369 3.72154 1.101 0.0682709 -0.684936 0.725398 115 123 123
3.369 3.723 1.10181 0.115439 -0.201853 0.972589 113 121 120
3.369 3.729 1.10295 0.131532 -0.251076 0.958989 107 114 115
3.369 3.735 1.10431 0.056141 -0.185677 0.981006 100 107 106
3.369 3.741 1.10502 0.0348309 -0.123717 0.991706 95 101 100
3.375 3.70396 1.065 0.0761582 -0.963525 0.256553 105 114 115
3.375 3.705 1.0691 0.0656773 -0.973376 0.219605 106 115 116
3.375 3.70546 1.071 0.0987315 -0.964314 0.245665 106 116 116
3.375 3.70716 1.077 0.0642485 -0.94626 0.31696 106 116 116
3.375 3.70922 1.083 0.0537767 -0.934398 0.352149 108 117 117
3.375 3.711 1.08697 0.0529134 -0.915316 0.399245 108 117 117
3.375 3.71203 1.089 0.0382715 -0.892588 0.449247 109 118 117
3.375 3.71526 1.095 0.030457 -0.836676 0.546851 112 120 120
3.375 3.717 1.09687 0.0188348 -0.588658 0.808162 112 120 121
3.37487 3.723 1.101 0.138581 -0.119628 0.983099 112 120 120
3.375 3.723 1.10096 0.0701845 -0.573169 0.816426 112 119 120
3.375 3.72507 1.101 -0.0197259 -0.165059 0.986086 110 117 117
3.375 3.729 1.10106 0.0870539 -0.232665 0.968653 104 112 112
3.375 3.735 1.10374 0.124067 -0.317895 0.939974 97 103 103
3.375 3.741 1.10513 0.0373332 -0.172545 0.984294 91 97 97
3.38085 3.705 1.065 0.166939 -0.956771 0.238159 105 113 114
3.381 3.705 1.0649 0.161394 -0.954344 0.251357 105 113 114
3.381 3.70502 1.065 -0.0104643 -0.976507 0.215231 105 113 114
3.381 3.70622 1.071 0.0218351 -0.969169 0.245427 105 114 114
3.381 3.70778 1.077 0.0562438 -0.945401 0.321021 105 114 114
3.381 3.71027 1.083 0.0841044 -0.928365 0.36203 107 115 115
3.381 3.711 1.08513 0.0755048 -0.940928 0.33008 107 116 116
3.381 3.71202 1.089 0.0578599 -0.909633 0.411365 108 116 116
3.381 3.71553 1.095 0.0200127 -0.833305 0.552451 110 118 118
3.381 3.717 1.09636 0.0446458 -0.589012 0.80689 110 118 118
3.381 3.723 1.10016 0.0189894 -0.508568 0.860813 109 117 117
3.381 3.72544 1.101 -0.0708672 -0.2983 0.951838 107 115 115
3.381 3.729 1.10209 -0.057646 -0.222899 0.973136 102 109 110
3.381 3.735 1.1036 -0.0683569 -0.300994 0.951173 96 102 103
3.387 3.70411 1.065 0.00541764 -0.973631 0.228063 103 112 112
3.38114 3.705 1.065 -0.146329 -0.958313 0.245406 105 113 114
3.387 3.705 1.06864 -0.00201143 -0.964125 0.265439 103 112 113
3.387 3.70576 1.071 0.0399411 -0.96126 0.272734 103 112 113
3.387 3.70785 1.077 -0.0172579 -0.946165 0.323224 105 113 113
3.387 3.71028 1.083 -0.0386629 -0.91935 0.391536 106 114 114
3.387 3.711 1.08437 0.0120245 -0.929622 0.368318 106 114 114
3.387 3.71297 1.089 0.0529337 -0.897605 0.43761 106 114 114
3.387 3.71567 1.095 0.0858465 -0.860296 0.502514 108 116 116
3.387 3.717 1.09619 -0.00257577 -0.627582 0.778546 108 116 116
3.387 3.72261 1.101 0.0206291 -0.666076 0.745599 109 117 117
3.38514 3.723 1.101 -0.154662 -0.564702 0.810673 109 117 117
3.387 3.723 1.10123 -0.0139108 -0.138814 0.990221 108 116 117
3.387 3.729 1.10182 0.00367021 -0.271777 0.962353 101 109 110
3.387 3.735 1.104 -0.0404384 -0.310505 0.949711 93 100 101
3.3929 3.705 1.065 0.16141 -0.951572 0.261644 101 110 110
3.393 3.705 1.06493 0.109144 -0.967554 0.227876 101 110 110
3.393 3.70502 1.065 0.0794625 -0.96038 0.267125 101 110 110
3.393 3.70688 1.071 0.0832252 -0.966809 0.241565 101 110 110
3.393 3.70798 1.077 0.0683791 -0.966023 0.249247 102 111 111
3.393 3.70969 1.083 -0.00556439 -0.939926 0.341333 104 113 113
3.393 3.711 1.08599 -0.0298018 -0.891845 0.451359 104 113 113
3.393 3.7129 1.089 0.0140181 -0.862491 0.505879 104 112 112
3.393 3.71641 1.095 0.0519525 -0.856704 0.513186 106 114 114
3.393 3.717 1.09545 0.0541923 -0.679251 0.731903 106 114 114
3.393 3.72263 1.101 0.0211498 -0.702575 0.711295 108 115 117
3.393 3.723 1.10124 -0.0451849 -0.160927 0.985932 108 115 116
3.393 3.729 1.10172 -0.0210004 -0.229633 0.973051 101 108 109
3.393 3.735 1.10464 0.0179562 -0.407317 0.91311 92 98 98
3.399 3.705 1.06303 0.0693372 -0.963196 0.259704 100 108 109
3.399 3.70545 1.065 0.0123015 -0.981358 0.191795 100 108 109
3.399 3.70683 1.071 -0.0119387 -0.964843 0.262555 100 108 109
3.399 3.70841 1.077 0.0374299 -0.966287 0.254731 101 110 110
3.399 3.70999 1.083 0.0685571 -0.950258 0.303826 102 111 111
3.399 3.711 1.08515 0.0651869 -0.887364 0.456438 102 110 111
3.399 3.71301 1.089 0.0463528 -0.862924 0.503203 102 111 110
3.39857 3.717 1.095 0.0587381 -0.69374 0.717827 106 114 113
3.399 3.717 1.09495 0.0559695 -0.829012 0.556422 106 114 113
3.399 3.71704 1.095 0.00332197 -0.727616 0.685977 106 114 113
3.399 3.72267 1.101 0.0325499 -0.715088 0.698277 107 114 116
3.399 3.723 1.10118 0.0432572 -0.250037 0.96727 107 114 115
3.399 3.729 1.10264 -0.0362418 -0.207974 0.977463 99 105 106
3.399 3.735 1.10375 -0.0271912 -0.274154 0.961301 91 97 98
3.405 3.705 1.06085 0.055697 -0.984668 0.165306 99 107 108
3.405 3.70545 1.065 0.077048 -0.981432 0.175656 99 107 108
3.405 3.70643 1.071 0.0703301 -0.967746 0.241912 99 107 108
3.405 3.70843 1.077 0.0453372 -0.950103 0.308623 100 109 109
3.405 3.71051 1.083 0.0843545 -0.945303 0.315098 101 110 110
3.405 3.711 1.08378 0.0823205 -0.893871 0.440702 101 110 110
3.405 3.71343 1.089 0.0738384 -0.885424 0.458881 101 109 109
3.405 3.71696 1.095 0.0930766 -0.836276 0.540351 104 112 111
3.40174 3.717 1.095 0.0208648 -0.747197 0.664275 105 113 112
3.405 3.717 1.09505 -0.00625244 -0.685228 0.728302 104 112 111
3.40216 3.723 1.101 0.0585348 -0.25928 0.964027 106 114 115
3.405 3.723 1.10066 0.0255625 -0.682421 0.730512 106 113 114
3.405 3.72369 1.101 0.0149504 -0.238338 0.971067 105 112 113
3.405 3.729 1.10218 0.0581383 -0.255748 0.964994 97 103 103
3.405 3.735 1.10422 0.0420502 -0.276705 0.960034 91 96 97
3.411 3.705 1.06028 0.0330591 -0.982935 0.180957 98 106 107
3.411 3.70608 1.065 -0.0119754 -0.973741 0.227344 98 107 107
3.411 3.70769 1.071 0.0303491 -0.97204 0.232847 98 106 106
3.411 3.70933 1.077 0.0174974 -0.95488 0.296477 99 108 108
3.40927 3.711 1.083 0.0869294 -0.902799 0.421186 101 109 109
3.411 3.711 1.08234 0.0656254 -0.952943 0.29596 101 109 109
3.411 3.71119 1.083 -0.0298193 -0.895793 0.44347 101 109 109
3.411 3.71399 1.089 0.0321356 -0.848502 0.528216 100 108 108
3.40517 3.717 1.095 0.167032 -0.789727 0.590281 104 111 111
3.411 3.717 1.09271 0.0758123 -0.814025 0.575861 101 108 109
3.411 3.71823 1.095 0.0773462 -0.775848 0.626161 102 109 109
3.411 3.723 1.10074 0.0813646 -0.70655 0.70297 101 108 108
3.411 3.72382 1.101 0.109054 -0.227408 0.967674 101 108 108
3.411 3.729 1.10214 0.0585657 -0.235813 0.970032 96 102 102
3.411 3.735 1.10343 0.0505902 -0.248205 0.967386 90 95 95
3.417 3.705 1.06001 -0.029334 -0.989414 0.142123 97 105 106
3.417 3.7055 1.065 -0.0256771 -0.979765 0.198499 95 103 102
3.417 3.70718 1.071 -0.0531685 -0.972407 0.227153 96 104 104
3.417 3.70832 1.077 -0.0885649 -0.963611 0.252209 96 104 103
3.417 3.71029 1.083 -0.0398471 -0.938351 0.343381 96 104 103
3.41208 3.711 1.083 -0.142626 -0.939314 0.312005 100 108 108
3.417 3.711 1.08473 -0.0139057 -0.87801 0.478439 95 103 103
3.417 3.71355 1.089 -0.0451899 -0.858755 0.510389 94 102 101
3.417 3.717 1.09347 -0.0736316 -0.798816 0.597053 95 102 101
3.417 3.71815 1.095 -0.0241274 -0.697187 0.716484 96 103 103
3.417 3.723 1.09974 0.071044 -0.575358 0.81481 96 102 102
3.417 3.7281 1.101 0.0210661 -0.284437 0.958463 94 101 100
3.417 3.729 1.10116 0.0593811 -0.255294 0.965038 94 100 100
3.417 3.735 1.10331 0.0849835 -0.295526 0.951547 90 95 95
3.423 3.705 1.06129 -0.0477345 -0.982423 0.180464 94 101 101
3.423 3.70578 1.065 -0.0372522 -0.973922 0.223804 94 102 101
3.423 3.70705 1.071 0.00142552 -0.973556 0.228445 95 102 101
3.423 3.70821 1.077 0.0350585 -0.951988 0.304121 96 103 102
3.42289 3.711 1.083 0.137969 -0.870984 0.471542 96 103 102
3.423 3.711 1.08296 0.0663725 -0.903878 0.42261 96 103 102
3.423 3.71101 1.083 0.00697677 -0.930486 0.366261 96 103 102
3.423 3.71335 1.089 0.0142626 -0.872902 0.487687 94 101 100
3.423 3.717 1.09448 -0.0204069 -0.813094 0.581775 95 102 102
3.423 3.71749 1.095 -0.0257396 -0.679586 0.733145 95 102 102
3.423 3.723 1.09947 -0.0560001 -0.544764 0.836717 92 99 98
3.423 3.72634 1.101 -0.0918529 -0.340566 0.935723 90 96 95
3.423 3.729 1.10196 -0.036445 -0.175255 0.983848 87 93 92
3.423 3.735 1.1028 0.000543689 -0.208423 0.978039 86 91 90
3.429 3.705 1.06468 -0.0373152 -0.983834 0.175151 94 102 101
3.429 3.70506 1.065 -0.00637997 -0.971215 0.238118 94 102 101
3.429 3.70681 1.071 -0.0455275 -0.959783 0.277026 94 101 100
3.429 3.70872 1.077 -0.013296 -0.951158 0.308419 95 102 101
3.429 3.711 1.08263 0.035203 -0.917321 0.396589 95 102 101
3.429 3.71114 1.083 -0.0469083 -0.915177 0.400313 95 102 101
3.429 3.71354 1.089 0.008734 -0.873131 0.487407 93 100 98
3.429 3.717 1.09367 0.0476679 -0.803702 0.593119 93 101 99
3.429 3.71811 1.095 0.0137504 -0.7546 0.65604 93 101 99
3.429 3.723 1.10038 -0.0458518 -0.645116 0.762708 91 98 97
3.429 3.72433 1.101 -0.00702762 -0.210875 0.977488 90 97 96
3.429 3.729 1.10195 -0.0036249 -0.191712 0.981444 85 91 90
3.429 3.735 1.10251 -0.0268094 -0.107801 0.993811 79 84 83
3.435 3.705 1.06205 0.0451343 -0.983017 0.177878 94 100 99
3.435 3.70554 1.065 0.00942965 -0.983311 0.181688 94 100 99
3.435 3.70668 1.071 0.000320349 -0.968248 0.24999 94 101 99
3.435 3.70848 1.077 -0.0293562 -0.954789 0.29583 95 101 100
3.435 3.71037 1.083 -0.00551276 -0.936227 0.351353 94 101 99
3.43002 3.711 1.083 -0.119412 -0.923682 0.364079 95 102 101
3.435 3.711 1.08472 -0.011731 -0.894822 0.446268 93 100 98
3.435 3.71336 1.089 -0.0501672 -0.870821 0.489034 93 100 98
3.435 3.717 1.09337 -0.0569296 -0.791938 0.607941 93 100 98
3.435 3.71798 1.095 -0.0896517 -0.766014 0.636542 93 100 98
3.435 3.723 1.10065 -0.0104415 -0.66153 0.749846 91 98 95
3.435 3.72452 1.101 -0.00265752 -0.21523 0.97656 89 96 94
3.435 3.729 1.1014 -0.000892324 -0.199513 0.979895 84 91 89
3.435 3.735 1.10329 0.00116906 -0.23411 0.972209 77 83 81
3.441 3.705 1.06176 -0.0115234 -0.992144 0.124568 92 98 97
3.441 3.70525 1.065 -0.0596929 -0.975542 0.211553 92 98 97
3.441 3.70665 1.071 -0.00881363 -0.966286 0.257319 92 98 97
3.441 3.70833 1.077 0.0312277 -0.939189 0.341978 93 99 97
3.43953 3.711 1.083 0.157564 -0.886598 0.434877 93 99 97
3.441 3.711 1.08244 0.0722266 -0.898405 0.433188 93 99 97
3.441 3.71123 1.083 0.0113635 -0.947284 0.320193 93 99 97
3.441 3.71305 1.089 0.000321876 -0.909944 0.414732 92 98 96
3.441 3.7167 1.095 0.00674815 -0.845515 0.533908 92 99 97
3.43961 3.717 1.095 -0.198805 -0.773868 0.601336 92 99 97
3.441 3.717 1.09534 -0.0209457 -0.652089 0.757853 92 99 97
3.441 3.723 1.09966 0.0227849 -0.551622 0.833783 90 97 95
3.441 3.72506 1.101 0.000701463 -0.340481 0.940251 88 95 93
3.441 3.729 1.10213 -0.0371646 -0.193706 0.980355 82 89 86
3.441 3.735 1.10304 -0.0464295 -0.201515 0.978384 77 83 81
3.447 3.70474 1.065 -0.00700418 -0.986462 0.163839 91 97 96
3.44359 3.705 1.065 -0.0845223 -0.991457 0.0993407 91 97 96
3.447 3.705 1.06626 -0.0312274 -0.960196 0.277574 91 97 95
3.447 3.70645 1.071 0.0207836 -0.960913 0.276069 91 96 95
3.447 3.70875 1.077 -0.0542627 -0.941296 0.333194 90 96 94
3.447 3.711 1.08231 0.0110896 -0.91341 0.406889 89 94 92
3.447 3.71122 1.083 -0.140268 -0.924888 0.353421 89 94 92
3.447 3.71336 1.089 -0.0247525 -0.880328 0.473719 89 95 93
3.44481 3.717 1.095 0.065675 -0.68242 0.728004 91 98 96
3.447 3.717 1.09475 0.0516423 -0.841222 0.538219 91 97 95
3.447 3.71721 1.095 -0.0937775 -0.74604 0.659265 91 97 95
3.447 3.723 1.10032 -0.0565088 -0.607582 0.792244 89 96 94
3.447 3.72453 1.101 -0.135782 -0.23764 0.961816 87 94 92
3.447 3.729 1.10189 -0.0393068 -0.173688 0.984016 81 87 85
3.447 3.735 1.10341 -0.010943 -0.198622 0.980015 76 82 80
3.44871 3.705 1.065 0.162437 -0.954164 0.251368 90 96 95
3.453 3.705 1.06186 0.112805 -0.965913 0.232995 89 95 94
3.453 3.7057 1.065 0.0662634 -0.971294 0.228465 89 94 93
3.453 3.70711 1.071 0.0784042 -0.974583 0.20986 88 93 92
3.453 3.7082 1.077 0.0420257 -0.96776 0.248344 88 93 92
3.453 3.70973 1.083 -0.0417792 -0.956658 0.288201 88 92 91
3.44778 3.711 1.083 -0.232764 -0.912939 0.335206 89 94 92
3.453 3.711 1.08719 -0.0662477 -0.92933 0.36326 87 92 90
3.453 3.71206 1.089 -0.0874519 -0.847076 0.524228 87 92 90
3.453 3.717 1.09432 -0.0845538 -0.787258 0.610799 88 94 92
3.453 3.71735 1.095 -0.0854129 -0.807051 0.584272 88 94 92
3.453 3.72144 1.101 -0.0911133 -0.740874 0.665436 88 94 92
3.44864 3.723 1.101 -0.253736 -0.607056 0.753061 89 95 93
3.453 3.723 1.10216 -0.108875 -0.144331 0.983522 85 92 90
3.453 3.729 1.10212 -0.0913398 0.0064565 0.995799 80 86 84
3.459 3.705 1.06029 -0.0172089 -0.981198 0.192236 88 93 92
3.459 3.70573 1.065 -0.107389 -0.963471 0.24534 87 92 91
3.459 3.70735 1.071 -0.0283634 -0.962374 0.270243 86 91 89
3.459 3.70881 1.077 0.0599099 -0.969083 0.239353 85 90 88
3.459 3.71052 1.083 0.103868 -0.951871 0.288363 84 89 87
3.459 3.711 1.08463 0.142737 -0.922655 0.358238 84 89 87
3.459 3.71284 1.089 0.111627 -0.910776 0.397526 84 89 87
3.459 3.7158 1.095 -0.017205 -0.855077 0.518216 86 91 89
3.45461 3.717 1.095 -0.216363 -0.745421 0.630503 87 93 91
3.459 3.717 1.09667 -0.124512 -0.758603 0.639545 86 92 89
3.459 3.72089 1.101 -0.0615834 -0.709029 0.702485 85 91 89
3.459 3.723 1.10226 -0.00800671 -0.258002 0.966111 83 89 87
3.459 3.729 1.10299 -0.0680523 -0.0790663 0.994544 77 84 81
3.177 3.67063 0.921 -0.0259172 -0.985764 0.166127 124 134 130
3.171 3.67068 0.921 0.0267136 -0.992422 0.119938 121 132 128
3.177 3.67181 0.927 0.00475019 -0.990311 0.138783 126 136 132
3.171 3.67118 0.927 0.0278895 -0.994031 0.105473 123 133 130
3.177 3.67242 0.933 0.0344275 -0.993605 0.107539 127 138 134
3.171 3.67192 0.933 0.0211742 -0.9918 0.126033 125 135 131
3.177 3.67309 0.939 0.0168912 -0.995093 0.0974966 129 139 135
3.171 3.67291 0.939 0.00467908 -0.988026 0.154214 126 137 133
3.177 3.67339 0.945 0.0580157 -0.977646 0.202093 130 141 136
3.171 3.67429 0.945 -0.0289016 -0.988697 0.147112 129 140 136
3.17279 3.675 0.951 0.342161 -0.787593 0.512467 128 139 135
3.171 3.6744 0.951 0.00384618 -0.985674 0.168615 130 141 137
3.177 3.675 0.948332 0.313681 -0.824439 0.471068 127 138 133
3.171 3.675 0.952208 -0.0205045 -0.845254 0.53397 129 139 136
3.177 3.6769 0.951 0.171304 -0.928002 0.330859 125 135 131
3.177 3.67816 0.957 0.0259614 -0.97719 0.210774 126 136 133
3.171 3.67814 0.957 0.133192 -0.939509 0.315569 124 134 131
3.177 3.67958 0.963 -0.00421042 -0.986586 0.163187 130 140 136
3.171 3.6797 0.963 0.0619873 -0.972505 0.22448 126 137 134
3.183 3.6697 0.915 0.0888503 -0.985562 0.14413 122 132 128
3.183 3.67067 0.921 0.0319452 -0.991981 0.122287 126 136 132
3.183 3.67135 0.927 -0.0070474 -0.988853 0.148729 128 138 134
3.183 3.67232 0.933 0.00357859 -0.992052 0.125777 130 140 135
3.183 3.67291 0.939 0.058108 -0.976734 0.206433 131 141 137
3.1818 3.675 0.945 0.343671 -0.808525 0.477679 125 135 131
3.183 3.675 0.943956 0.188502 -0.899053 0.395184 125 135 131
3.183 3.67565 0.945 0.0588817 -0.947163 0.315302 124 134 129
3.183 3.67757 0.951 -0.0152288 -0.975654 0.218788 127 137 133
3.183 3.67852 0.957 0.000604561 -0.982478 0.186376 130 140 135
3.183 3.67962 0.963 0.0124476 -0.987448 0.157452 133 142 138
3.18887 3.669 0.885 0.107869 -0.992735 0.0533073 119 129 126
3.189 3.669 0.884831 0 -0.996716 0.0809792 119 129 126
3.189 3.66885 0.897 0.0313667 -0.998949 -0.0334219 117 126 122
3.189 3.669 0.895518 0.0255823 -0.996597 -0.0783526 119 127 123
3.189 3.66875 0.903 0.045224 -0.998567 0.0286083 120 128 124
3.18569 3.669 0.903 -0.0740804 -0.992738 0.0947847 118 127 123
3.18584 3.669 0.909 0.100233 -0.98159 0.162585 121 130 126
3.189 3.669 0.905585 0 -0.995473 0.0950458 121 129 125
3.189 3.66901 0.885 -0.124183 -0.990882 0.0522637 120 129 126
3.189 3.66933 0.891 -0.0570656 -0.998369 0.00165909 123 132 127
3.189 3.66932 0.909 0.109482 -0.986152 0.12457 122 130 126
3.189 3.67037 0.915 0.0637284 -0.990348 0.123086 123 132 128
3.189 3.67093 0.921 0.0479729 -0.99263 0.111284 127 136 132
3.189 3.67156 0.927 0.0352595 -0.990867 0.130153 129 139 135
3.189 3.67251 0.933 0.0164401 -0.991002 0.132831 133 142 138
3.189 3.67333 0.939 -0.0438594 -0.977839 0.204714 135 145 140
3.189 3.675 0.943011 -0.00402543 -0.911612 0.411032 131 140 135
3.189 3.67601 0.945 -0.155375 -0.964204 0.214869 128 138 133
3.189 3.67695 0.951 -0.155462 -0.965775 0.207629 131 141 135
3.189 3.67795 0.957 -0.104542 -0.969616 0.221169 134 143 138
3.189 3.67941 0.963 -0.0338776 -0.97809 0.205407 136 145 140
3.195 3.66899 0.879 -0.0177842 -0.994536 -0.10287 116 126 122
3.195 3.6682 0.885 -0.0374517 -0.999279 0.00620059 121 130 126
3.18911 3.669 0.885 -0.13437 -0.989606 0.0512378 120 129 126
3.195 3.66837 0.891 -0.0237776 -0.996711 0.0774671 124 133 129
3.1914 3.669 0.891 -0.149648 -0.986716 0.0632245 124 132 128
3.19364 3.669 0.897 0.0750544 -0.997 0.018895 118 127 122
3.195 3.669 0.896637 -0.0281759 -0.993528 0.110038 119 127 123
3.19087 3.669 0.903 0.129583 -0.988595 0.076739 121 129 125
3.195 3.66904 0.897 0.0277768 -0.998302 0.0512056 119 127 123
3.195 3.66954 0.903 0.0682096 -0.993027 0.0961513 122 130 125
3.195 3.67035 0.909 0.0502679 -0.995301 0.0827641 124 133 128
3.195 3.67058 0.915 0.0422982 -0.994885 0.0917265 126 134 130
3.195 3.6711 0.921 0.0417767 -0.993051 0.110021 127 136 131
3.195 3.67178 0.927 0.0351744 -0.994243 0.101213 130 139 135
3.195 3.67267 0.933 -0.00141508 -0.992413 0.122941 135 144 139
3.195 3.673 0.939 0.0210561 -0.992493 0.120475 138 147 142
3.195 3.67384 0.945 -0.052412 -0.979341 0.195308 140 150 143
3.19165 3.675 0.945 -0.317368 -0.903245 0.288836 134 143 137
3.195 3.675 0.951 0.110768 -0.975232 0.19145 143 152 146
3.19499 3.675 0.951 -0.320444 -0.932406 0.167136 143 152 146
3.195 3.675 0.951017 -0.294116 -0.909177 0.294774 143 152 146
3.195 3.67694 0.957 -0.0576515 -0.956224 0.286902 143 152 145
3.195 3.6793 0.963 -0.0630446 -0.958971 0.276407 138 147 141
3.201 3.66864 0.867 -0.0679278 -0.997631 0.01086 108 119 117
3.201 3.6688 0.873 -0.01947 -0.999283 0.0324588 113 124 120
3.201 3.66871 0.879 0.0147838 -0.997531 -0.0686579 117 128 123
3.201 3.66826 0.885 -0.000428453 -0.99952 -0.0309778 123 132 127
3.201 3.66864 0.891 0.03573 -0.996149 0.0800716 126 134 130
3.201 3.669 0.893459 0.0586021 -0.990233 0.126508 124 132 127
3.201 3.66946 0.897 0.0490115 -0.996251 0.0712841 120 128 123
3.201 3.66974 0.903 0.0317834 -0.99716 0.0682746 123 131 126
3.201 3.67011 0.909 0.0211178 -0.99651 0.0807537 125 133 128
3.201 3.67052 0.915 0.0243554 -0.995521 0.0913444 127 135 130
3.201 3.6713 0.921 0.0204047 -0.992053 0.124154 128 136 131
3.201 3.67234 0.927 0.0375346 -0.994791 0.0947786 131 139 134
3.201 3.67223 0.933 0.0436251 -0.99371 0.10314 136 145 139
3.201 3.6733 0.939 0.0402924 -0.986199 0.160589 140 149 143
3.201 3.6745 0.945 0.100106 -0.976152 0.192627 143 152 145
3.19503 3.675 0.951 0.14598 -0.9479 0.283152 143 152 146
3.201 3.675 0.947411 0.14338 -0.963251 0.227136 144 153 146
3.201 3.67592 0.951 0.0459082 -0.969937 0.238987 144 153 146
3.201 3.67738 0.957 0.0955579 -0.958935 0.267044 145 153 146
3.201 3.67892 0.963 0.0784748 -0.952673 0.293693 144 153 146
3.207 3.66818 0.867 -0.0648816 -0.997594 0.0244128 110 121 119
3.207 3.66849 0.873 -0.0180562 -0.998064 0.0595182 114 125 121
3.207 3.66899 0.879 0.0396485 -0.999202 -0.00490938 119 129 124
3.207 3.66833 0.885 0.0308939 -0.999457 -0.0114891 125 134 128
3.20674 3.669 0.891 0.0579923 -0.989201 0.134604 128 136 130
3.207 3.669 0.890867 0.0574266 -0.991921 0.113112 128 136 130
3.207 3.66902 0.891 -0.0348608 -0.991479 0.125512 128 136 130
3.207 3.66978 0.897 -0.0179448 -0.996569 0.0807927 121 129 124
3.207 3.66975 0.903 0.0241087 -0.998301 0.0530442 124 132 126
3.207 3.67041 0.909 0.0136231 -0.995819 0.0903321 128 135 130
3.207 3.67096 0.915 0.0299783 -0.994084 0.104398 130 137 132
3.207 3.67166 0.921 0.0518824 -0.993394 0.102355 130 138 132
3.207 3.67202 0.927 0.0379325 -0.991766 0.122318 131 139 133
3.207 3.67291 0.933 0.0627316 -0.991902 0.110436 135 143 137
3.207 3.67384 0.939 0.052081 -0.981968 0.181733 142 149 143
3.20454 3.675 0.945 0.136281 -0.964898 0.224498 145 153 146
3.207 3.675 0.943662 0.0520727 -0.969693 0.238715 145 152 146
3.207 3.67529 0.945 0.00292923 -0.993857 0.110637 146 153 147
3.207 3.67532 0.951 0.0545887 -0.969332 0.239616 147 154 148
3.207 3.67782 0.957 0.0730401 -0.934561 0.348226 147 154 147
3.207 3.68016 0.963 0.133937 -0.936946 0.322788 146 153 146
3.213 3.66752 0.867 -0.0363206 -0.998925 0.0287877 111 122 119
3.213 3.66876 0.873 -0.0398184 -0.992043 0.119434 115 126 121
3.20704 3.669 0.879 0.0980205 -0.995114 -0.0118715 119 129 124
3.213 3.669 0.874545 0.000535229 -0.990871 0.134809 116 127 122
3.213 3.66888 0.885 0.0179833 -0.997692 -0.0654709 125 134 128
3.213 3.669 0.884115 -0.04155 -0.991811 -0.120769 125 133 128
3.213 3.66844 0.891 0.0101266 -0.999202 0.0386448 121 129 124
3.20716 3.669 0.891 -0.0953054 -0.989579 0.107933 127 135 130
3.213 3.669 0.896428 -0.00141174 -0.994718 0.102631 122 130 124
3.213 3.66957 0.879 0 -1 0 120 130 124
3.213 3.66906 0.897 -0.0423412 -0.993357 0.106997 123 130 124
3.213 3.67002 0.903 -0.0281012 -0.995312 0.0925466 125 132 126
3.213 3.6704 0.909 0.0191088 -0.995188 0.0961074 129 136 130
3.213 3.67087 0.915 0.0385506 -0.993241 0.109481 131 138 132
3.213 3.67174 0.921 0.048615 -0.988173 0.145431 132 139 133
3.213 3.67256 0.927 0.0733771 -0.992048 0.102258 132 139 133
3.213 3.67347 0.933 0.0388286 -0.991865 0.121228 135 143 136
3.213 3.67395 0.939 0.0316474 -0.992851 0.11509 142 149 143
3.213 3.67475 0.945 0.0157932 -0.986673 0.161946 146 153 146
3.21025 3.675 0.945 -0.0925497 -0.971176 0.219661 146 153 147
3.213 3.675 0.946562 -0.0297532 -0.966701 0.254173 147 154 147
3.213 3.67633 0.951 0.076914 -0.96554 0.248628 147 154 147
3.213 3.67869 0.957 -0.00980788 -0.938547 0.345012 147 154 147
3.213 3.68096 0.963 -0.0352744 -0.93191 0.360971 147 154 146
3.219 3.66782 0.867 0.0387313 -0.999227 0.00679273 114 125 122
3.219 3.66837 0.873 0.00768515 -0.997627 0.0684244 116 127 122
3.219 3.6685 0.879 -0.0455668 -0.998875 0.0130983 121 130 124
3.21656 3.669 0.879 -0.178969 -0.983621 0.0214333 120 130 124
3.219 3.6686 0.885 -0.00502328 -0.999632 0.0266576 126 134 127
3.21817 3.669 0.891 0.106077 -0.989545 0.0977192 120 127 122
3.219 3.669 0.889894 0.063095 -0.994711 0.0810502 121 128 123
3.219 3.66908 0.891 0.0225631 -0.998109 0.057181 120 127 121
3.219 3.66925 0.897 0.0571848 -0.996448 0.0618122 123 130 124
3.219 3.66964 0.903 0.0471751 -0.992664 0.111323 126 133 126
3.219 3.67033 0.909 0.0539462 -0.98953 0.133867 129 136 129
3.219 3.67145 0.915 0.0687162 -0.990564 0.118582 132 139 132
3.219 3.67218 0.921 0.034557 -0.987757 0.152123 132 140 133
3.219 3.67339 0.927 0.0573472 -0.992248 0.11025 131 139 132
3.219 3.6733 0.933 0.0551973 -0.996304 0.0658144 134 141 134
3.219 3.67403 0.939 0.0176308 -0.98985 0.141018 142 149 142
3.21648 3.675 0.945 0.115554 -0.957627 0.263814 146 153 146
3.219 3.675 0.944052 0.0459433 -0.97774 0.20473 146 152 145
3.219 3.67533 0.945 0.0417993 -0.960198 0.276174 146 153 146
3.219 3.67722 0.951 0.0466154 -0.972297 0.229052 146 152 144
3.219 3.67791 0.957 0.0510123 -0.971265 0.232469 149 155 148
3.219 3.67939 0.963 -0.0454957 -0.947434 0.316699 150 157 149
3.225 3.66816 0.867 -0.0083773 -0.998795 0.0483564 115 125 122
3.225 3.66871 0.873 -0.002752 -0.998914 0.0465046 118 127 123
3.225 3.66858 0.879 0.0135631 -0.999892 0.00561964 121 129 124
3.225 3.6686 0.885 0.00892614 -0.999703 0.0226884 125 132 127
3.225 3.66891 0.891 -0.0121094 -0.997654 0.0673761 119 126 121
3.22187 3.669 0.891 -0.029028 -0.996194 0.0821939 120 127 121
3.225 3.669 0.891916 -0.0166652 -0.99383 0.109657 120 127 121
3.225 3.66957 0.897 0.0354405 -0.993225 0.110671 123 130 123
3.225 3.67032 0.903 0.0634843 -0.989905 0.126721 127 133 126
3.225 3.67124 0.909 0.0738196 -0.988668 0.130713 130 136 130
3.225 3.67211 0.915 0.0485866 -0.99438 0.0940637 131 139 132
3.225 3.67226 0.921 0.0243639 -0.994468 0.102176 132 139 132
3.225 3.67304 0.927 -0.00335303 -0.988957 0.148168 132 138 132
3.225 3.67398 0.933 0.0469303 -0.995568 0.0815008 134 140 134
3.225 3.67417 0.939 0.0728261 -0.992099 0.102152 141 148 141
3.225 3.675 0.943569 0.0480834 -0.975041 0.216756 145 151 144
3.225 3.67552 0.945 0.00313744 -0.982167 0.187987 145 151 144
3.225 3.67669 0.951 -0.0673433 -0.966771 0.246613 146 152 144
3.225 3.67861 0.957 -0.0909989 -0.964361 0.24845 148 155 147
3.225 3.68054 0.963 -0.0614679 -0.940748 0.333489 151 157 149
3.231 3.66812 0.867 0.0282188 -0.9995 0.0142523 115 125 122
3.231 3.66819 0.873 -0.00130781 -0.998863 0.0476615 117 126 122
3.231 3.66849 0.879 0.010343 -0.999489 0.0302346 121 129 124
3.231 3.66877 0.885 0.0138779 -0.999855 0.00991427 124 131 126
3.231 3.66882 0.891 -0.00898713 -0.998711 0.0499462 119 126 121
3.231 3.669 0.892074 0.00408303 -0.986699 0.162504 119 127 121
3.231 3.66997 0.897 0.00141065 -0.989715 0.143047 122 129 122
3.231 3.67054 0.903 0.00223033 -0.994079 0.108636 125 131 125
3.231 3.67143 0.909 -0.0267334 -0.991532 0.127081 128 135 127
3.231 3.67192 0.915 -0.0175709 -0.99676 0.0784923 130 138 130
3.231 3.67217 0.921 -0.0127549 -0.994236 0.106448 131 139 131
3.231 3.67328 0.927 0.0204966 -0.986683 0.16136 132 139 132
3.231 3.67401 0.933 0.042112 -0.992225 0.117115 133 140 133
3.231 3.67479 0.939 0.0424204 -0.993799 0.102784 140 146 139
3.231 3.675 0.94075 0.0482167 -0.988066 0.14629 141 148 140
3.231 3.67545 0.945 0.0496758 -0.98641 0.156614 144 151 143
3.231 3.67642 0.951 0.0254045 -0.987708 0.154232 148 154 146
3.231 3.67753 0.957 0.000924237 -0.967482 0.252939 152 159 151
3.231 3.67843 0.963 -0.012238 -0.946938 0.321184 157 164 156
3.237 3.66825 0.867 -0.00855636 -0.999614 0.0264184 114 124 121
3.237 3.66849 0.873 0.0110264 -0.999054 0.0420703 117 127 122
3.237 3.66892 0.879 0.0137495 -0.998854 0.0458344 121 128 123
3.237 3.66898 0.885 0.0278136 -0.999579 -0.00831082 125 131 126
3.237 3.66866 0.891 0.0204526 -0.999777 0.00518765 119 126 120
3.237 3.669 0.893182 -0.00506252 -0.984129 0.17738 119 126 120
3.237 3.66969 0.897 0.0305638 -0.992364 0.119496 120 127 121
3.237 3.6705 0.903 -0.0280876 -0.996022 0.0845682 123 130 123
3.237 3.67076 0.909 -0.0417146 -0.991175 0.125822 125 132 124
3.237 3.67169 0.915 -0.01044 -0.993908 0.109715 128 136 128
3.237 3.67218 0.921 0.0244793 -0.992911 0.116315 129 137 129
3.237 3.67317 0.927 0.0203047 -0.980552 0.195206 131 138 130
3.237 3.67459 0.933 0.0473815 -0.989552 0.136166 134 141 134
3.237 3.67487 0.939 0.0543592 -0.994912 0.084824 139 146 138
3.237 3.675 0.939734 0.0485006 -0.988631 0.142328 140 146 139
3.237 3.6759 0.945 0.0452132 -0.979844 0.194578 144 150 142
3.237 3.67721 0.951 0.164419 -0.971841 0.168795 147 153 146
3.237 3.6775 0.957 0.183985 -0.944614 0.271761 153 159 151
3.237 3.68097 0.963 0.22976 -0.900937 0.368134 150 156 147
3.243 3.66801 0.867 0.0155413 -0.998646 0.0496477 113 124 121
3.243 3.66849 0.873 0.0169628 -0.998777 0.046434 117 126 122
3.243 3.66859 0.879 0.018304 -0.998767 0.0461353 121 129 124
3.243 3.66897 0.885 0.00611797 -0.999794 0.0193557 124 131 126
3.23935 3.669 0.891 0.137169 -0.982466 0.126273 118 125 119
3.243 3.669 0.88526 0.132461 -0.987362 0.0870139 123 130 125
3.243 3.66948 0.891 0.0202616 -0.996834 0.0768899 117 125 119
3.243 3.67019 0.897 -0.0285165 -0.99732 0.0673784 119 126 120
3.243 3.67025 0.903 -0.0078531 -0.997112 0.0755348 120 127 121
3.243 3.67059 0.909 0.0072396 -0.992452 0.122419 122 129 122
3.243 3.67189 0.915 0.010832 -0.988254 0.152438 125 133 125
3.243 3.67253 0.921 0.041115 -0.989399 0.13928 129 136 129
3.243 3.67355 0.927 0.0303825 -0.987525 0.154505 132 139 132
3.243 3.67478 0.933 -0.0207799 -0.986441 0.162796 134 141 134
3.23815 3.675 0.939 0.10215 -0.984213 0.144535 139 146 139
3.243 3.675 0.934576 0.0114545 -0.99285 0.118814 136 142 136
3.243 3.67549 0.939 0.0234878 -0.99257 0.119388 140 146 139
3.243 3.67561 0.945 0.0668862 -0.974149 0.215779 143 149 142
3.243 3.67796 0.951 0.0562757 -0.94853 0.311648 144 150 142
3.243 3.68006 0.957 0.122513 -0.960193 0.251036 146 151 144
3.23726 3.681 0.963 0.0618579 -0.977209 0.203066 150 155 147
3.243 3.681 0.960472 0.00407059 -0.976828 0.213987 146 152 144
3.243 3.68136 0.963 -0.0418119 -0.978404 0.202428 148 153 145
3.249 3.66853 0.867 0.109316 -0.993801 0.0202234 111 121 119
3.249 3.66887 0.873 0.0861333 -0.994876 0.0529479 115 124 120
3.24729 3.669 0.879 0.0825799 -0.99537 0.0491904 120 128 123
3.249 3.669 0.875477 0.132649 -0.99011 0.0456802 117 126 121
3.24335 3.669 0.885 0.0669465 -0.995715 0.0637965 124 131 126
3.249 3.66914 0.879 0.0185175 -0.999814 -0.00547869 119 127 123
3.249 3.66938 0.885 0.0114306 -0.999702 0.0215915 122 129 125
3.249 3.66932 0.891 -0.0075401 -0.999691 0.0236824 116 124 118
3.249 3.66943 0.897 -0.0124308 -0.997499 0.0695825 118 125 120
3.249 3.66991 0.903 -0.00370747 -0.99355 0.113335 118 125 120
3.249 3.671 0.909 0.029526 -0.990208 0.136442 120 127 121
3.249 3.67192 0.915 0.00295152 -0.99052 0.137338 123 131 124
3.249 3.67265 0.921 -0.0265949 -0.987394 0.156031 127 134 128
3.249 3.67391 0.927 -0.00575629 -0.992048 0.125732 131 138 131
3.249 3.67406 0.933 -0.033171 -0.9934 0.1098 134 141 134
3.249 3.67495 0.939 -0.0258307 -0.986777 0.160015 138 144 138
3.24847 3.675 0.939 -0.0942707 -0.988308 0.119834 138 144 138
3.249 3.675 0.939272 -0.0689299 -0.957701 0.279388 138 144 138
3.249 3.6767 0.945 0.0609742 -0.973044 0.222414 140 146 139
3.249 3.67842 0.951 0.00670552 -0.960759 0.277305 143 149 141
3.249 3.68006 0.957 -0.0162776 -0.98318 0.181913 145 150 143
3.249 3.68005 0.963 -0.0229123 -0.991946 0.124569 147 153 145
3.2448 3.681 0.963 -0.225585 -0.947634 0.226057 147 153 145
3.25281 3.669 0.867 0.144794 -0.988191 0.0501254 109 119 117
3.24969 3.669 0.873 0.172318 -0.981992 0.0774534 115 124 120
3.255 3.669 0.879 0 -1 0 118 126 122
3.2549 3.669 0.879 -0.0237802 -0.988385 -0.150098 118 126 122
3.255 3.669 0.878982 0.0621853 -0.986471 -0.151685 118 126 122
3.255 3.669 0.879057 -0.0234019 -0.998563 0.0482138 118 126 122
3.255 3.66932 0.867 0.0786399 -0.996899 0.00296102 108 118 116
3.255 3.66992 0.873 0.0403111 -0.999142 -0.00954394 112 121 118
3.255 3.66929 0.885 0.0607501 -0.997576 0.0339489 120 127 124
3.255 3.66918 0.891 0.0766532 -0.99605 0.0448167 115 122 117
3.255 3.66979 0.897 0.0937443 -0.992734 0.075438 116 123 119
3.255 3.67041 0.903 0.0750695 -0.991509 0.106183 117 124 119
3.255 3.67131 0.909 0.0468061 -0.989314 0.138082 119 126 120
3.255 3.67191 0.915 0.0535936 -0.993295 0.102433 121 129 123
3.255 3.67231 0.921 0.0407401 -0.991682 0.122096 125 132 127
3.255 3.67337 0.927 0.0101438 -0.987411 0.157851 129 136 130
3.255 3.6741 0.933 0.0336444 -0.990898 0.130345 132 139 133
3.24986 3.675 0.939 0.0800484 -0.957366 0.277566 138 144 138
3.255 3.675 0.937481 0.0898268 -0.972816 0.213448 136 142 136
3.255 3.67543 0.939 0.062395 -0.963842 0.259066 136 142 137
3.255 3.67719 0.945 0.0685154 -0.977383 0.200068 138 144 138
3.255 3.67793 0.951 0.0394435 -0.979507 0.197508 142 148 141
3.255 3.67927 0.957 -0.0234285 -0.974231 0.224331 144 149 143
3.255 3.68057 0.963 0.0493451 -0.984166 0.170242 145 151 143
3.25504 3.669 0.879 0.0642988 -0.996795 0.0476041 118 126 122
3.261 3.67002 0.867 -0.0154003 -0.997225 -0.0728341 105 115 113
3.261 3.66944 0.873 -0.0240535 -0.999686 0.00696369 109 118 115
3.261 3.66938 0.879 0.0556057 -0.997906 0.0330391 115 123 120
3.261 3.67002 0.885 0.103327 -0.993011 0.0570402 118 125 123
3.261 3.6702 0.891 0.112424 -0.991928 0.0586539 112 119 116
3.261 3.67088 0.897 0.123751 -0.98939 0.0761165 114 122 118
3.261 3.67105 0.903 0.128264 -0.989578 0.0654574 115 122 119
3.261 3.67139 0.909 0.0908287 -0.990341 0.104759 117 124 120
3.261 3.67233 0.915 0.0677783 -0.987921 0.139349 120 127 123
3.261 3.67312 0.921 0.121114 -0.984141 0.12961 123 130 125
3.261 3.67391 0.927 0.131363 -0.980629 0.145293 127 134 128
3.261 3.67482 0.933 0.130727 -0.98114 0.142387 129 136 131
3.261 3.675 0.934208 0.0961571 -0.979362 0.177776 130 137 132
3.261 3.6757 0.939 0.107694 -0.97741 0.181857 133 140 134
3.261 3.67744 0.945 -0.0129674 -0.975244 0.220749 136 142 136
3.261 3.67857 0.951 0.0203162 -0.972603 0.231585 140 146 139
3.261 3.67994 0.957 0.11244 -0.969065 0.219705 142 148 141
3.25854 3.681 0.963 0.12119 -0.959509 0.254275 144 150 142
3.261 3.681 0.961764 0.125366 -0.96707 0.221493 143 149 142
3.261 3.68132 0.963 0.115201 -0.968724 0.219778 144 149 142
3.2662 3.669 0.867 -0.195055 -0.976846 -0.0878986 103 113 112
3.267 3.66896 0.873 0.0458765 -0.998839 0.0147289 106 115 113
3.26598 3.669 0.873 -0.13074 -0.990824 -0.034263 106 115 113
3.267 3.669 0.873529 -0.069394 -0.988188 0.136633 106 115 113
3.267 3.66975 0.879 0.11893 -0.990374 0.0708224 111 119 117
3.267 3.6706 0.885 0.0900929 -0.992955 0.0769659 115 123 121
3.267 3.67069 0.891 0.104261 -0.992966 0.0561007 108 117 115
3.267 3.67121 0.897 0.0855701 -0.99368 0.0726497 111 119 116
3.267 3.67169 0.903 0.0661504 -0.993948 0.0876962 112 120 118
3.267 3.67242 0.909 0.115112 -0.987703 0.105792 114 122 119
3.267 3.67277 0.915 0.138862 -0.982994 0.120164 117 125 122
3.267 3.67378 0.921 0.146696 -0.974436 0.17016 119 126 123
3.267 3.67497 0.927 0.163608 -0.972697 0.164602 123 130 126
3.26184 3.675 0.933 0.145396 -0.980555 0.131801 129 136 131
3.267 3.675 0.927164 0.128077 -0.983798 0.125448 123 130 126
3.267 3.67571 0.933 -0.00149777 -0.992977 0.118296 127 134 130
3.267 3.67707 0.939 -0.0762279 -0.989 0.126764 129 136 131
3.267 3.67718 0.945 -0.0475341 -0.99011 0.131992 136 143 138
3.267 3.67783 0.951 -0.115275 -0.962899 0.244003 140 147 141
3.267 3.68065 0.957 -0.124172 -0.912486 0.389809 138 144 138
3.267 3.681 0.958117 0.0563114 -0.971541 0.230079 138 144 138
3.135 3.74889 1.059 0.0735405 0.994608 -0.0731279 95 98 92
3.135 3.74897 1.065 -0.163736 0.981359 0.100619 95 97 92
3.135 3.74723 1.071 -0.292669 0.948012 0.124971 89 92 90
3.135 3.74761 1.077 -0.112559 0.993219 0.029105 85 88 86
3.147 3.74713 1.065 0 1 0 105 117 121
3.147 3.74776 1.077 0.18307 0.71403 -0.675756 95 105 109
3.14474 3.753 1.083 -0.939116 0.29158 -0.181778 94 103 106
3.147 3.753 1.08201 -0.106087 0.70978 -0.696389 94 103 106
3.147 3.74845 1.089 0 -0.443598 0.896226 105 117 123
3.14558 3.753 1.089 -0.949203 -0.0675214 0.307333 101 112 117
3.147 3.753 1.09078 -0.12132 -0.0714364 0.99004 102 113 118
3.147 3.75351 1.083 0.0683143 0.734361 -0.675313 95 103 107
3.14621 3.759 1.089 -0.951909 0.202478 0.229941 93 101 103
3.147 3.759 1.08863 -0.0980728 0.708355 -0.69901 92 101 103
3.147 3.759 1.08999 0.369753 0.21772 0.903261 93 103 105
3.147 3.75983 1.089 0 1 0 92 101 103
3.153 3.74896 1.083 0.275496 0.929427 -0.245495 104 117 124
3.14778 3.753 1.083 0.857503 0.461322 -0.227752 95 104 108
3.153 3.75086 1.089 -0.370872 0.875454 -0.309893 109 123 131
3.14974 3.753 1.089 0.990466 -0.0517033 0.127687 104 116 123
3.153 3.75173 1.095 -0.793868 0.599432 0.102249 106 120 127
3.153 3.74731 1.101 -0.266056 0.80255 0.533974 103 116 123
3.14763 3.759 1.089 0.858485 0.42555 -0.286198 92 101 104
3.153 3.75357 1.095 -0.754399 -0.360084 0.548837 106 120 126
3.15078 3.759 1.095 -0.925493 -0.378764 0 102 113 118
3.153 3.759 1.09345 -0.624816 -0.217285 -0.749928 100 111 117
3.153 3.759 1.09718 -0.563297 -0.272672 0.779966 101 113 118
3.159 3.74946 1.059 -0.0749881 0.99666 -0.0323347 133 151 160
3.159 3.74885 1.065 -0.422376 0.829377 -0.365694 98 110 116
3.15562 3.753 1.071 -0.963962 0.131662 -0.231176 96 107 114
3.159 3.753 1.06819 -0.549533 0.500692 -0.668821 93 104 110
3.159 3.7483 1.077 -0.949158 -0.281318 0.141277 106 120 126
3.15679 3.753 1.077 -0.925701 -0.284391 0.249396 98 110 117
3.159 3.74751 1.083 -0.999894 -0.0142538 -0.00307622 109 125 134
3.15892 3.753 1.083 -0.996387 -0.0168376 -0.0832407 103 117 125
3.15618 3.753 1.089 -0.810159 0.347911 -0.471806 107 121 130
3.15323 3.753 1.095 -0.907289 0.369791 0.200202 107 121 127
3.159 3.753 1.0992 -0.483659 -0.173619 0.857864 105 119 125
3.159 3.75781 1.059 -0.618768 -0.7788 -0.102941 115 129 136
3.15611 3.759 1.059 -0.376148 -0.910972 -0.169244 112 124 128
3.159 3.75735 1.065 -0.586976 -0.802099 0.109988 85 95 99
3.15473 3.759 1.065 -0.36618 -0.92869 0.0587147 86 94 98
3.159 3.75693 1.071 -0.589371 0.551864 -0.58999 87 98 103
3.159 3.759 1.0677 -0.592058 -0.675001 0.440274 83 93 97
3.15607 3.759 1.077 -0.967078 0.174843 0.184905 88 100 106
3.159 3.759 1.07451 -0.598626 0.637435 -0.485102 84 96 101
3.159 3.75327 1.083 -0.741474 0.313336 0.593327 102 116 124
3.159 3.759 1.08004 -0.727814 0.314968 0.609165 88 101 109
3.15798 3.759 1.089 -0.843227 0.125043 -0.522811 99 112 120
3.159 3.759 1.08659 -0.894113 0.238322 -0.379164 96 110 118
3.159 3.759 1.10091 -0.445519 -0.244626 0.861203 100 112 118
3.165 3.74721 1.059 -0.957032 -0.289904 -0.00681352 153 176 190
3.16325 3.753 1.059 -0.904749 -0.407936 -0.122549 143 164 177
3.16293 3.753 1.065 -0.930936 -0.148087 -0.333809 88 100 105
3.16365 3.753 1.101 -0.421874 -0.0212827 0.906404 101 114 120
3.165 3.753 1.10148 -0.200385 0.154692 0.967428 100 113 119
3.16121 3.759 1.071 -0.978173 0.051685 -0.201261 82 94 99
3.16109 3.759 1.083 -0.783602 0.285338 0.55186 91 105 114
3.165 3.7588 1.089 0 0 0 96 111 121
3.16037 3.759 1.101 -0.29987 -0.206374 0.93139 100 112 118
3.177 3.68012 0.969 -0.0205539 -0.991392 0.129303 131 142 138
3.171 3.68044 0.969 -0.0288152 -0.985307 0.168345 128 139 136
3.177 3.681 0.974528 -0.0508404 -0.983147 0.175603 134 145 140
3.171 3.681 0.97147 -0.0203853 -0.98566 0.167509 129 140 137
3.177 3.68109 0.975 -0.012246 -0.970733 0.239849 134 145 141
3.171 3.68171 0.975 0.025054 -0.993466 0.111341 130 141 138
3.177 3.68253 0.981 0.05633 -0.981985 0.180367 136 147 143
3.171 3.68166 0.981 0.0101581 -0.985648 0.168506 131 143 140
3.177 3.68376 0.987 0.0692836 -0.976248 0.205278 137 148 145
3.171 3.68337 0.987 -0.0104546 -0.975286 0.220701 133 144 142
3.177 3.68496 0.993 0.0194261 -0.973719 0.226924 139 150 147
3.171 3.6848 0.993 -0.00859649 -0.967667 0.252085 134 146 143
3.177 3.68666 0.999 -0.00462802 -0.976299 0.216376 139 150 148
3.171 3.68634 0.999 0.0420696 -0.980827 0.190284 136 147 145
3.177 3.687 1.0017 -0.0149364 -0.986722 0.161729 140 151 148
3.171 3.687 1.00183 0.0764215 -0.970972 0.226655 136 148 146
3.177 3.68745 1.005 -0.022621 -0.984138 0.175958 140 151 149
3.171 3.6877 1.005 0.0147885 -0.986319 0.164186 136 148 146
3.177 3.68842 1.011 0.0075288 -0.980065 0.198536 140 152 150
3.171 3.68859 1.011 -0.00174092 -0.980328 0.197369 137 149 147
3.177 3.68993 1.017 0.0197051 -0.977969 0.207818 141 152 151
3.171 3.68966 1.017 0.00470532 -0.97961 0.200855 138 150 148
3.177 3.69125 1.023 0.0131737 -0.973741 0.227277 141 153 152
3.171 3.69122 1.023 0.0185844 -0.976326 0.215505 139 150 149
3.177 3.69245 1.029 0.0294545 -0.977745 0.207718 141 153 152
3.171 3.69243 1.029 0.0305071 -0.976153 0.214928 139 151 150
3.177 3.693 1.03108 0.00887061 -0.965498 0.260258 141 153 152
3.171 3.693 1.0311 0.035341 -0.955177 0.293919 139 151 150
3.177 3.69394 1.035 0.00265146 -0.96798 0.251014 141 153 153
3.171 3.6943 1.035 0.0125673 -0.971355 0.2373 139 151 150
3.177 3.69566 1.041 0.0114132 -0.971753 0.235722 141 153 152
3.171 3.6953 1.041 -0.00644926 -0.968733 0.248022 139 151 151
3.177 3.69722 1.047 -0.0178976 -0.974153 0.225177 140 152 152
3.171 3.69708 1.047 -0.0131788 -0.96882 0.247416 138 150 150
3.177 3.69857 1.053 -0.0652206 -0.974767 0.213484 139 151 152
3.171 3.69874 1.053 -0.0303278 -0.965189 0.259787 137 150 151
3.177 3.699 1.05596 -0.0709208 -0.983728 0.165073 139 151 152
3.171 3.699 1.05406 -0.0924435 -0.970261 0.223715 137 150 150
3.183 3.6801 0.969 0.0355769 -0.991897 0.121962 135 145 141
3.183 3.681 0.974161 0.0347552 -0.984328 0.172887 136 147 143
3.183 3.6812 0.975 0.0675828 -0.969139 0.237069 137 147 143
3.183 3.68282 0.981 0.0351376 -0.974068 0.223511 138 148 144
3.183 3.68413 0.987 0.030668 -0.980841 0.19238 140 150 147
3.183 3.68513 0.993 0.036933 -0.981546 0.187626 141 152 149
3.183 3.68631 0.999 0.0103742 -0.981437 0.191503 142 153 150
3.183 3.687 1.00402 -0.00956586 -0.990549 0.136824 142 153 150
3.183 3.68716 1.005 0.0559891 -0.973105 0.223454 142 153 150
3.183 3.68873 1.011 0.0302635 -0.975113 0.219635 142 153 151
3.183 3.69017 1.017 0.0306475 -0.979089 0.201111 142 154 151
3.183 3.6911 1.023 0.014755 -0.975369 0.220087 142 154 153
3.183 3.6929 1.029 0.0274913 -0.965973 0.257178 143 154 153
3.183 3.693 1.02949 0.0374949 -0.976838 0.210668 143 154 153
3.183 3.69409 1.035 0.0182514 -0.974075 0.225486 142 154 153
3.183 3.69581 1.041 -0.0210846 -0.973613 0.227231 142 153 153
3.183 3.69699 1.047 -0.0444502 -0.982578 0.180458 141 153 153
3.183 3.69772 1.053 -0.061097 -0.981 0.184134 140 152 152
3.183 3.699 1.05881 -0.0874756 -0.979692 0.18042 139 152 153
3.189 3.68055 0.969 0.0161312 -0.985012 0.171731 138 147 142
3.189 3.681 0.971019 0.0674493 -0.977277 0.20095 138 147 143
3.189 3.68186 0.975 0.0580711 -0.975483 0.212275 138 148 143
3.189 3.68315 0.981 0.0508196 -0.979642 0.194212 139 149 145
3.189 3.6841 0.987 0.0226611 -0.982982 0.182301 142 152 147
3.189 3.6853 0.993 0.0159986 -0.979503 0.200791 143 154 149
3.189 3.68662 0.999 0.0313186 -0.97725 0.209764 145 155 152
3.189 3.687 1.00072 0.0654527 -0.980429 0.185675 145 155 151
3.189 3.6879 1.005 0.0653932 -0.977043 0.202756 144 154 151
3.189 3.6891 1.011 0.0505722 -0.980037 0.192274 143 154 150
3.189 3.69021 1.017 0.0204585 -0.978819 0.203701 144 154 152
3.189 3.69135 1.023 0.0396612 -0.972631 0.228945 144 155 152
3.18845 3.693 1.029 0.017417 -0.980613 0.195181 144 155 152
3.189 3.693 1.02897 0.0364589 -0.963249 0.266126 144 155 152
3.189 3.69301 1.029 0.0480242 -0.97361 0.223107 144 155 152
3.189 3.69438 1.035 0.0298592 -0.983248 0.179808 144 155 153
3.189 3.6955 1.041 -0.0186354 -0.980727 0.194492 143 154 153
3.189 3.69638 1.047 -0.0215198 -0.983071 0.181957 142 153 153
3.189 3.69761 1.053 -0.021976 -0.984493 0.174042 141 153 152
3.195 3.68054 0.969 0.00653113 -0.971365 0.237501 140 149 143
3.195 3.681 0.970657 0.0403247 -0.969179 0.243035 140 149 143
3.195 3.68215 0.975 0.0296654 -0.978776 0.202775 141 150 144
3.195 3.6833 0.981 0.017644 -0.981149 0.192446 142 152 145
3.195 3.68434 0.987 0.052918 -0.98159 0.183523 144 154 148
3.195 3.68539 0.993 0.0658695 -0.97859 0.194996 146 155 149
3.195 3.68672 0.999 0.0736258 -0.971928 0.223462 147 156 151
3.195 3.687 1.00015 0.0477166 -0.973044 0.225629 147 156 151
3.195 3.6882 1.005 0.0476368 -0.982509 0.180019 146 156 151
3.195 3.68931 1.011 0.0159707 -0.984987 0.171891 145 155 150
3.195 3.69017 1.017 0.0120934 -0.979372 0.201704 145 155 151
3.195 3.69173 1.023 0.0117163 -0.972694 0.231795 145 155 152
3.195 3.693 1.02772 0.02057 -0.96569 0.258882 145 155 152
3.195 3.69331 1.029 -0.0183699 -0.973772 0.226785 145 156 153
3.195 3.69469 1.035 0.0229369 -0.983473 0.179596 145 155 153
3.195 3.6952 1.041 0.0282232 -0.986146 0.163461 144 155 153
3.195 3.69662 1.047 -0.00300392 -0.982996 0.1836 144 154 153
3.195 3.69787 1.053 -0.00349463 -0.98504 0.172289 143 155 154
3.20044 3.681 0.969 0.0787305 -0.964008 0.253947 143 152 145
3.201 3.681 0.968719 0.134923 -0.934125 0.330463 143 152 145
3.201 3.68104 0.969 0.062242 -0.981003 0.183738 143 152 145
3.201 3.68227 0.975 0.0335552 -0.985147 0.168404 145 153 146
3.201 3.6832 0.981 0.0133042 -0.980388 0.196629 146 155 148
3.201 3.68459 0.987 0.0356463 -0.970077 0.240166 147 156 149
3.201 3.68619 0.993 0.0784824 -0.97612 0.202557 149 158 152
3.19665 3.687 0.999 0.148695 -0.962968 0.224906 148 157 152
3.201 3.687 0.995911 0.0236014 -0.971191 0.237132 149 158 152
3.201 3.68765 0.999 0.000418546 -0.983869 0.178892 149 159 153
3.201 3.68839 1.005 0.0179146 -0.989828 0.141138 148 158 152
3.201 3.68918 1.011 0.0218323 -0.986495 0.162329 146 156 151
3.201 3.69031 1.017 0.00499061 -0.981601 0.190877 146 156 152
3.201 3.69178 1.023 -0.012613 -0.974278 0.224995 147 156 153
3.201 3.69295 1.029 -0.00228981 -0.9799 0.199475 147 157 154
3.20026 3.693 1.029 -0.0626468 -0.964812 0.25537 147 157 154
3.201 3.693 1.02918 -0.0295345 -0.973077 0.228578 147 157 154
3.201 3.69436 1.035 -0.00873537 -0.973895 0.226833 147 157 154
3.201 3.69578 1.041 0.0108135 -0.985767 0.167767 147 157 154
3.201 3.69677 1.047 0.0151926 -0.988798 0.148484 147 157 155
3.201 3.69727 1.053 -0.0142905 -0.984048 0.177326 146 157 155
3.207 3.681 0.965412 0.134717 -0.954 0.267834 146 153 146
3.207 3.68163 0.969 0.0522888 -0.986712 0.153838 147 155 147
3.207 3.68257 0.975 0.0573952 -0.984349 0.166624 148 156 148
3.207 3.68338 0.981 0.0590106 -0.983296 0.17218 148 156 149
3.207 3.6848 0.987 0.00463076 -0.970059 0.242825 149 157 150
3.207 3.6867 0.993 -0.00877106 -0.981552 0.190996 150 158 152
3.207 3.68692 0.999 -0.00389795 -0.995386 0.0958742 151 159 153
3.20633 3.687 0.999 -0.132486 -0.963943 0.230784 151 159 153
3.207 3.687 0.999417 -0.081185 -0.971116 0.22437 151 159 153
3.207 3.6883 1.005 -0.00683863 -0.97998 0.198977 150 158 153
3.207 3.68952 1.011 0.0384513 -0.985322 0.166322 149 157 152
3.207 3.6905 1.017 0.0450078 -0.98453 0.169334 148 157 153
3.207 3.69144 1.023 0.0164134 -0.978412 0.206012 149 158 154
3.207 3.69293 1.029 0.0230493 -0.972919 0.229993 150 159 155
3.207 3.693 1.02922 0.0308251 -0.96496 0.260581 150 159 155
3.207 3.69473 1.035 0.0115012 -0.979016 0.203461 151 159 156
3.207 3.69571 1.041 -0.0120674 -0.985958 0.166555 151 159 157
3.207 3.6965 1.047 -0.0233679 -0.988856 0.147032 151 159 157
3.207 3.6975 1.053 -0.0139089 -0.984296 0.175976 150 160 157
3.213 3.681 0.963261 0.0140299 -0.984676 0.173829 147 154 146
3.213 3.68181 0.969 0.00376042 -0.985815 0.167793 149 156 148
3.213 3.68269 0.975 0.0368374 -0.982776 0.181091 149 157 148
3.213 3.68405 0.981 0.0590655 -0.98315 0.172996 150 157 149
3.213 3.68496 0.987 0.0393389 -0.986491 0.15902 150 157 150
3.213 3.68595 0.993 -0.0390942 -0.983129 0.178687 151 158 152
3.20872 3.687 0.999 0.0556394 -0.971987 0.228356 151 159 153
3.213 3.687 0.998034 0.00817185 -0.977646 0.210097 151 159 152
3.213 3.68725 0.999 -0.0125096 -0.98092 0.194008 151 159 152
3.213 3.68827 1.005 -0.0138035 -0.975819 0.218144 151 158 153
3.213 3.68982 1.011 0.0248188 -0.977876 0.207709 150 158 152
3.213 3.69072 1.017 0.0579689 -0.98394 0.168826 150 158 153
3.213 3.69193 1.023 0.0571514 -0.976151 0.209434 151 159 155
3.20783 3.693 1.029 0.0771336 -0.959333 0.271532 151 159 156
3.213 3.693 1.02717 0.048869 -0.969554 0.239951 152 160 156
3.213 3.69341 1.029 0.00783265 -0.979952 0.199079 152 160 157
3.213 3.6945 1.035 -0.0237036 -0.986046 0.164777 153 161 157
3.213 3.69537 1.041 -0.0154434 -0.985155 0.170972 153 161 158
3.213 3.6965 1.047 0.0104862 -0.988753 0.149193 153 162 159
3.213 3.69727 1.053 -0.00352209 -0.986648 0.162831 152 163 159
3.219 3.681 0.966618 -0.032262 -0.955791 0.292271 150 156 148
3.219 3.68171 0.969 0.00967424 -0.976811 0.213885 150 157 148
3.219 3.68305 0.975 0.00610677 -0.980347 0.197188 151 158 150
3.219 3.68426 0.981 0.0103931 -0.983395 0.181182 151 158 150
3.219 3.68524 0.987 0.0216975 -0.989306 0.144232 151 157 150
3.219 3.68583 0.993 0.0287171 -0.989436 0.142096 151 158 151
3.219 3.6869 0.999 0.0250986 -0.98409 0.175888 150 158 151
3.21697 3.687 0.999 -0.0512826 -0.977722 0.203541 151 158 152
3.219 3.687 0.999716 -0.0319158 -0.978228 0.205066 150 158 151
3.219 3.68814 1.005 0.032345 -0.97604 0.215175 151 158 152
3.219 3.68972 1.011 -0.0099986 -0.971343 0.237473 151 158 153
3.219 3.69126 1.017 0.00415591 -0.980868 0.194631 152 159 155
3.219 3.69223 1.023 0.0189686 -0.984331 0.175309 153 161 156
3.219 3.693 1.02685 -0.00369134 -0.976858 0.213859 154 161 157
3.219 3.69345 1.029 -0.0131582 -0.983312 0.181449 154 162 158
3.219 3.69434 1.035 0.00410776 -0.986235 0.165298 155 162 159
3.219 3.69543 1.041 -0.0200394 -0.986332 0.16355 155 162 159
3.219 3.69671 1.047 -0.0475326 -0.982829 0.17829 154 163 159
3.219 3.69756 1.053 -0.0171334 -0.99035 0.137525 154 164 160
3.225 3.681 0.964402 0.0352482 -0.962854 0.267713 151 157 149
3.225 3.68188 0.969 0.0153343 -0.979377 0.20146 152 159 150
3.225 3.6829 0.975 0.0134581 -0.981982 0.188493 152 159 150
3.225 3.68417 0.981 -0.00284882 -0.984019 0.178038 153 159 151
3.225 3.68504 0.987 -0.00577713 -0.985837 0.167605 152 158 150
3.225 3.68624 0.993 0.0240868 -0.984817 0.171919 152 158 151
3.22063 3.687 0.999 0.0841285 -0.974421 0.20839 151 158 151
3.225 3.687 0.997407 0.0430198 -0.982083 0.183474 152 158 151
3.225 3.68738 0.999 0.0522749 -0.972914 0.22518 152 158 151
3.225 3.68879 1.005 0.0553089 -0.978368 0.199343 152 159 152
3.225 3.68988 1.011 0.0365862 -0.982388 0.183237 153 160 154
3.225 3.6909 1.017 -0.0222219 -0.982335 0.185809 154 161 156
3.225 3.69212 1.023 -0.0466906 -0.984098 0.171378 154 162 157
3.225 3.693 1.02856 -0.0410882 -0.983324 0.17716 155 162 158
3.225 3.69307 1.029 -0.0483875 -0.969141 0.241712 155 162 158
3.225 3.69452 1.035 -0.0255278 -0.984731 0.172199 156 163 158
3.225 3.69551 1.041 -0.018471 -0.990457 0.136577 155 163 158
3.225 3.69587 1.047 -0.0275069 -0.988419 0.149238 155 163 159
3.225 3.69702 1.053 -0.0399782 -0.985713 0.163619 156 164 161
3.231 3.681 0.967086 0.0232864 -0.901618 0.431907 154 161 152
3.231 3.68207 0.969 0.0675733 -0.967987 0.241731 153 159 150
3.231 3.68319 0.975 0.0360292 -0.986887 0.157341 153 159 150
3.231 3.6842 0.981 0.00290841 -0.983629 0.180182 153 159 151
3.231 3.68521 0.987 0.0334443 -0.984048 0.174731 153 159 151
3.231 3.68619 0.993 0.0461777 -0.981458 0.186032 153 159 152
3.231 3.687 0.996759 0.0457322 -0.977729 0.204826 153 159 152
3.231 3.68751 0.999 0.0497202 -0.979443 0.195499 153 159 152
3.231 3.68892 1.005 -0.0111777 -0.979989 0.198738 154 159 153
3.231 3.69003 1.011 -0.0194282 -0.984851 0.172312 154 160 154
3.231 3.69096 1.017 -0.00312245 -0.988129 0.153595 155 161 155
3.231 3.69174 1.023 -0.0151426 -0.98782 0.154864 155 162 157
3.231 3.6927 1.029 -0.00584029 -0.984202 0.176953 156 163 158
3.22608 3.693 1.029 -0.0602942 -0.982849 0.174276 155 163 158
3.231 3.693 1.03006 -0.00698424 -0.963421 0.267902 156 163 158
3.231 3.69437 1.035 -0.00847369 -0.983799 0.179076 155 163 158
3.231 3.6949 1.041 -0.0197977 -0.987873 0.153995 155 162 158
3.231 3.69607 1.047 0.011529 -0.986271 0.164729 154 162 157
3.231 3.69721 1.053 0.0192414 -0.987471 0.156626 155 163 159
3.237 3.681 0.963066 0.205439 -0.903194 0.376876 150 156 147
3.237 3.68238 0.969 0.012064 -0.983777 0.178988 152 158 150
3.237 3.68355 0.975 -0.0060238 -0.986754 0.162114 153 159 151
3.237 3.68402 0.981 0.0209019 -0.987309 0.157427 154 159 151
3.237 3.68531 0.987 0.0136872 -0.976164 0.216604 154 160 152
3.237 3.68684 0.993 0.0485365 -0.972289 0.228689 154 160 153
3.237 3.687 0.993546 0.0857116 -0.974228 0.208646 154 160 153
3.237 3.68811 0.999 0.0469007 -0.986195 0.15881 155 160 153
3.237 3.68874 1.005 0.0415608 -0.988951 0.142298 155 160 153
3.237 3.68959 1.011 0.00191052 -0.985919 0.167215 154 160 154
3.237 3.69071 1.017 -0.00473907 -0.984623 0.174626 155 161 155
3.237 3.69186 1.023 0.0132519 -0.983557 0.18011 155 161 155
3.23519 3.693 1.029 0.068595 -0.962813 0.261317 156 163 157
3.237 3.693 1.02838 0.0339314 -0.977615 0.207646 156 163 157
3.237 3.69313 1.029 0.00188907 -0.981708 0.190382 156 163 157
3.237 3.69421 1.035 -0.00889053 -0.988019 0.154074 155 162 157
3.237 3.69511 1.041 0.0116204 -0.984407 0.175524 155 162 157
3.237 3.69631 1.047 0.0323576 -0.985462 0.166786 155 162 157
3.237 3.69735 1.053 0.00786841 -0.989037 0.14746 155 163 158
3.243 3.68249 0.969 -0.0309748 -0.990174 0.136365 152 157 149
3.243 3.68279 0.975 -0.0134516 -0.984293 0.176028 153 159 151
3.243 3.6843 0.981 0.0168803 -0.982663 0.18463 153 158 151
3.243 3.68551 0.987 0.0219307 -0.973485 0.227699 154 159 151
3.2412 3.687 0.993 0.0266688 -0.978206 0.205915 155 160 153
3.243 3.687 0.992765 0.0161173 -0.968275 0.249368 155 160 153
3.243 3.68705 0.993 -0.00571667 -0.985876 0.16738 155 160 153
3.243 3.68808 0.999 -0.00901523 -0.983471 0.180839 155 161 154
3.243 3.68918 1.005 0.0340364 -0.987737 0.152374 155 161 154
3.243 3.68998 1.011 0.0570669 -0.986934 0.150684 155 161 154
3.243 3.69104 1.017 0.0491816 -0.984505 0.168317 155 161 155
3.243 3.69196 1.023 0.0318332 -0.986285 0.161952 156 162 156
3.243 3.693 1.02844 -0.00166371 -0.980601 0.196009 156 163 157
3.243 3.69312 1.029 -0.00121836 -0.978763 0.204991 156 163 157
3.243 3.69428 1.035 0.0234995 -0.986619 0.161339 156 162 157
3.243 3.69501 1.041 0.0320583 -0.97924 0.200154 155 162 157
3.243 3.69668 1.047 0.0409121 -0.988004 0.14891 156 163 158
3.243 3.69711 1.053 -0.0132858 -0.991756 0.127452 150 157 151
3.249 3.681 0.966436 -0.0664173 -0.959515 0.273716 148 153 146
3.249 3.68178 0.969 -0.009836 -0.972185 0.234007 149 154 147
3.249 3.68305 0.975 0.0413216 -0.980099 0.194162 151 157 149
3.249 3.68469 0.981 0.0409176 -0.97882 0.200592 152 157 150
3.249 3.68554 0.987 0.0196994 -0.980827 0.193884 154 159 152
3.249 3.687 0.992841 -0.00188839 -0.969659 0.244455 155 160 153
3.249 3.68704 0.993 0.022802 -0.982814 0.183183 155 160 153
3.249 3.68795 0.999 0.023069 -0.985285 0.169358 155 161 154
3.249 3.68921 1.005 0.00825164 -0.981116 0.193243 155 160 153
3.249 3.69032 1.011 0.0283239 -0.988421 0.149067 154 160 154
3.249 3.69123 1.017 0.00670493 -0.986284 0.164923 154 161 154
3.249 3.69232 1.023 0.0142649 -0.989239 0.145609 155 161 155
3.249 3.69298 1.029 0.0227173 -0.989795 0.140674 156 162 156
3.24807 3.693 1.029 -0.020332 -0.981771 0.188976 156 162 156
3.249 3.693 1.0291 -0.018155 -0.972069 0.233992 156 162 156
3.249 3.69442 1.035 0.034431 -0.98122 0.189792 155 162 156
3.249 3.69545 1.041 0.0161934 -0.981536 0.190593 155 161 156
3.249 3.6971 1.047 -0.015342 -0.989927 0.140747 155 162 156
3.249 3.69712 1.053 -0.018475 -0.996463 0.0819825 146 152 147
3.255 3.681 0.964637 0.084877 -0.960904 0.26355 145 151 143
3.255 3.68216 0.969 0.0700125 -0.96641 0.247285 147 152 145
3.255 3.68383 0.975 0.0702941 -0.975412 0.208878 150 155 148
3.255 3.68483 0.981 0.0635258 -0.980949 0.183584 152 157 150
3.255 3.68572 0.987 0.063026 -0.984031 0.166467 153 159 151
3.255 3.68695 0.993 0.0611154 -0.976624 0.206083 155 160 153
3.25153 3.687 0.993 -0.0151446 -0.970102 0.242223 155 160 153
3.255 3.687 0.993204 -0.00535938 -0.969256 0.245995 155 160 153
3.255 3.68847 0.999 0.00713266 -0.986589 0.163065 154 160 153
3.255 3.68928 1.005 -0.00890678 -0.983002 0.18338 154 160 153
3.255 3.69054 1.011 0.00697695 -0.986517 0.163513 153 159 152
3.255 3.69112 1.017 0.0229763 -0.990796 0.133399 153 159 153
3.255 3.69208 1.023 0.00622968 -0.984663 0.174354 153 160 153
3.24927 3.693 1.029 0.0901468 -0.965292 0.245122 155 162 156
3.255 3.693 1.02721 0.064811 -0.969854 0.23491 154 160 154
3.255 3.69354 1.029 0.0953018 -0.967037 0.23613 154 160 154
3.255 3.69475 1.035 0.108459 -0.980465 0.16409 155 160 155
3.255 3.69556 1.041 0.0989811 -0.984049 0.147821 154 160 154
3.255 3.69646 1.047 0.0689483 -0.990682 0.117453 153 160 154
3.255 3.69657 1.053 0.045044 -0.995151 0.0874342 144 150 145
3.261 3.68263 0.969 0.0866872 -0.975915 0.200188 145 151 144
3.261 3.68402 0.975 0.0284377 -0.97882 0.20274 148 154 146
3.261 3.68511 0.981 0.0126923 -0.980409 0.196562 152 157 150
3.261 3.68643 0.987 0.0562396 -0.979858 0.191611 152 158 151
3.25551 3.687 0.993 0.0971981 -0.970067 0.222535 154 160 153
3.261 3.687 0.989963 0.0450822 -0.982069 0.183052 153 158 151
3.261 3.68755 0.993 0.023693 -0.987506 0.155791 154 159 152
3.261 3.68802 0.999 0.0341247 -0.991924 0.122153 153 159 153
3.261 3.68893 1.005 0.00684184 -0.986271 0.164995 152 158 152
3.261 3.69025 1.011 -0.0135846 -0.978243 0.207019 151 158 151
3.261 3.69144 1.017 0.0281424 -0.987811 0.153092 152 158 151
3.261 3.69229 1.023 0.104604 -0.971803 0.211323 152 159 152
3.261 3.693 1.02577 0.119163 -0.95485 0.272143 153 159 153
3.261 3.6942 1.029 0.243359 -0.944747 0.21961 153 159 153
3.261 3.69558 1.035 0.175366 -0.963891 0.2004 153 159 152
3.261 3.69656 1.041 0.172541 -0.979535 0.103638 153 158 152
3.261 3.69753 1.047 0.0865356 -0.987403 0.132464 143 148 141
3.261 3.69812 1.053 0.147698 -0.980205 0.131849 142 146 139
3.261 3.699 1.05738 0.128247 -0.972874 0.192533 143 147 141
3.2625 3.693 1.023 0.383315 -0.858055 0.341776 152 158 151
3.26726 3.669 0.873 0.379739 -0.921098 0.0858901 105 115 113
3.273 3.67142 0.873 0.227984 -0.973577 -0.0130676 101 110 109
3.273 3.67061 0.879 0.136095 -0.99031 -0.0276623 107 116 115
3.273 3.67112 0.885 0.0702343 -0.995192 0.0682709 107 116 115
3.273 3.67139 0.891 0.0535664 -0.996413 0.0655161 106 114 113
3.273 3.67203 0.897 0.0554406 -0.997372 0.0466312 107 115 114
3.273 3.67199 0.903 0.0477753 -0.995798 0.0781281 109 118 116
3.273 3.67259 0.909 0.0532046 -0.986398 0.155523 111 119 117
3.273 3.67393 0.915 0.0695537 -0.988072 0.137387 113 122 120
3.27282 3.675 0.921 0.155947 -0.976779 0.146911 115 124 121
3.273 3.675 0.920815 0.191933 -0.965281 0.177182 115 124 121
3.26718 3.675 0.927 0.110363 -0.988406 0.104275 122 130 126
3.273 3.67467 0.933 -0.0290217 -0.997886 0.0581486 123 131 128
3.27128 3.675 0.933 -0.167088 -0.984231 -0.0580555 124 132 129
3.273 3.675 0.931195 -0.235248 -0.959422 -0.155459 122 130 127
3.273 3.675 0.937789 -0.0674658 -0.995131 0.071852 129 136 132
3.273 3.67502 0.921 -0.222941 -0.969866 0.0982707 115 124 121
3.273 3.67564 0.927 -0.030835 -0.999262 0.0229173 119 127 124
3.273 3.67512 0.939 -0.038419 -0.980908 0.190638 131 138 134
3.273 3.67603 0.945 0.0572405 -0.974015 0.219132 133 140 137
3.273 3.67756 0.951 0.176144 -0.972738 0.150841 135 142 138
3.273 3.67862 0.957 -0.0132602 -0.932643 0.360557 137 144 140
3.273 3.681 0.960397 -0.0277269 -0.899803 0.435415 136 142 137
3.279 3.67156 0.873 0.0169857 -0.999802 -0.010377 98 108 108
3.279 3.67166 0.879 0.064629 -0.997436 -0.0307401 101 110 111
3.279 3.67142 0.885 0.0731627 -0.997183 0.016546 102 111 111
3.279 3.67146 0.891 0.068765 -0.996256 0.052387 101 110 110
3.279 3.67192 0.897 0.0650632 -0.996915 0.0438923 104 113 112
3.279 3.67188 0.903 0.0459901 -0.99593 0.0775183 105 115 114
3.279 3.67311 0.909 0.0190432 -0.988013 0.153194 107 116 115
3.279 3.67418 0.915 0.0110705 -0.99587 0.0901094 110 120 118
3.279 3.67378 0.921 -0.0665507 -0.997114 0.0365332 113 122 120
3.27311 3.675 0.921 -0.20212 -0.971015 0.127581 115 124 121
3.279 3.67408 0.927 0.0138471 -0.997723 0.0660007 117 125 123
3.27547 3.675 0.927 -0.233827 -0.97214 0.0163903 118 126 123
3.279 3.67485 0.933 0.087905 -0.988919 0.119635 120 128 126
3.279 3.675 0.934386 0.0783906 -0.989369 0.122489 121 129 127
3.279 3.67583 0.939 0.217575 -0.944139 0.247514 125 133 131
3.279 3.67762 0.945 0.17608 -0.936276 0.303945 128 136 133
3.279 3.68073 0.951 0.221346 -0.947878 0.229203 124 131 127
3.279 3.68048 0.957 0.271099 -0.957289 0.100515 130 136 131
3.279 3.681 0.95863 0.126951 -0.91612 0.380273 130 136 131
3.285 3.67156 0.873 0.070544 -0.994134 -0.0819798 95 105 106
3.285 3.67161 0.879 0.0450623 -0.998982 0.00206184 97 107 107
3.285 3.6716 0.885 0.0541491 -0.997889 0.0358531 97 107 106
3.285 3.67209 0.891 0.0761896 -0.994933 0.0656074 96 106 105
3.285 3.67271 0.897 0.0777592 -0.994923 0.0638848 99 108 108
3.285 3.67281 0.903 0.113695 -0.992342 0.0482709 101 110 110
3.285 3.67326 0.909 0.0878297 -0.991966 0.0910483 104 113 113
3.285 3.67365 0.915 0.0319681 -0.994298 0.101734 107 117 116
3.285 3.67423 0.921 0.0775869 -0.994295 0.0731973 110 119 118
3.28477 3.675 0.927 0.152978 -0.981507 0.115074 113 122 121
3.285 3.675 0.926717 0.141655 -0.980813 0.133937 113 122 121
3.28049 3.675 0.933 0.150562 -0.97907 0.136941 119 127 125
3.285 3.67506 0.927 0.145172 -0.978226 0.14832 113 122 121
3.285 3.67574 0.933 0.18805 -0.958136 0.215901 116 125 124
3.285 3.67785 0.939 0.143901 -0.957615 0.249532 117 126 124
3.285 3.67929 0.945 0.118529 -0.971388 0.205804 120 128 125
3.285 3.68026 0.951 0.0310428 -0.969682 0.24239 120 128 125
3.27999 3.681 0.957 0.303769 -0.914633 0.266778 128 134 130
3.285 3.681 0.952555 0.151923 -0.919577 0.36235 121 128 124
3.285 3.68254 0.957 0.162718 -0.943035 0.290187 122 129 125
3.291 3.6719 0.873 0.146435 -0.981336 -0.124644 91 101 102
3.291 3.67221 0.879 0.141032 -0.990003 -0.00186753 93 103 104
3.291 3.67212 0.885 0.10454 -0.994151 0.0271002 93 103 103
3.291 3.6727 0.891 0.0771662 -0.995481 0.0553477 92 101 102
3.291 3.6728 0.897 0.0569495 -0.996469 0.0616992 95 105 105
3.291 3.67322 0.903 0.0678496 -0.994291 0.0823526 97 107 107
3.291 3.67391 0.909 0.0894581 -0.992194 0.0868845 99 109 110
3.291 3.67431 0.915 0.118756 -0.988648 0.0920443 102 112 112
3.291 3.67499 0.921 0.128808 -0.986016 0.105737 105 115 114
3.291 3.675 0.921154 0.119152 -0.984449 0.129086 105 115 115
3.291 3.67573 0.927 0.162269 -0.975137 0.15092 108 118 118
3.291 3.67702 0.933 0.128306 -0.977522 0.1673 111 120 119
3.291 3.67825 0.939 0.0540078 -0.981821 0.181963 114 123 121
3.291 3.67895 0.945 0.00391893 -0.98439 0.175957 116 125 123
3.291 3.67997 0.951 -0.00333083 -0.975526 0.219858 117 126 124
3.291 3.681 0.953134 -0.000415342 -0.892896 0.450263 117 125 123
3.291 3.68337 0.957 -0.0708624 -0.957059 0.281098 114 122 119
3.297 3.67317 0.873 0.127958 -0.98273 -0.13367 87 97 99
3.297 3.675 0.867309 0.0849765 -0.936094 -0.341333 83 93 96
3.297 3.67356 0.879 0.141094 -0.989996 0.000176844 90 100 101
3.297 3.67302 0.885 0.147249 -0.988594 -0.0316074 88 98 99
3.297 3.67304 0.891 0.127641 -0.990347 0.0540374 89 99 100
3.297 3.67317 0.897 0.147989 -0.988178 0.0400431 91 101 102
3.297 3.67374 0.903 0.114255 -0.988898 0.0950089 93 103 105
3.297 3.67441 0.909 0.126979 -0.985657 0.111161 95 106 107
3.29519 3.675 0.915 0.180164 -0.973864 0.138312 97 108 108
3.297 3.675 0.913144 0.167568 -0.975514 0.142457 95 106 106
3.29107 3.675 0.921 0.210949 -0.968492 0.132375 105 115 114
3.297 3.67527 0.915 0.140495 -0.982111 0.125378 95 106 106
3.297 3.67629 0.921 0.126878 -0.984464 0.121381 99 108 108
3.297 3.67702 0.927 0.0656993 -0.991455 0.1127 102 112 112
3.297 3.67778 0.933 0.0561119 -0.990297 0.127134 105 115 115
3.297 3.67822 0.939 0.03822 -0.990952 0.128661 108 118 118
3.297 3.67891 0.945 0.0384379 -0.982755 0.180873 111 120 120
3.297 3.68047 0.951 0.0502024 -0.9766 0.209121 112 122 120
3.297 3.681 0.953519 -0.0402064 -0.947978 0.315787 112 122 121
3.297 3.68177 0.957 -0.0472013 -0.960286 0.274995 113 123 122
3.303 3.67354 0.873 0.0940281 -0.987985 -0.122653 84 95 98
3.303 3.675 0.868938 -0.0453142 -0.922945 -0.382256 81 92 95
3.303 3.67377 0.879 0.144895 -0.988515 0.0429253 87 98 100
3.303 3.67377 0.885 0.17934 -0.983602 -0.0190741 84 95 96
3.303 3.67375 0.891 0.200111 -0.977952 0.0597073 85 95 97
3.303 3.67481 0.897 0.23863 -0.967923 0.078615 86 97 98
3.303 3.67477 0.903 0.197852 -0.97817 0.0635479 88 99 101
3.30005 3.675 0.909 0.18706 -0.973618 0.130677 93 103 105
3.303 3.675 0.90442 0.176186 -0.975746 0.129914 89 100 101
3.303 3.67556 0.909 0.0765131 -0.991921 0.101183 90 101 103
3.303 3.67625 0.915 0.0638931 -0.994026 0.088483 92 104 105
3.303 3.67669 0.921 0.0680359 -0.993256 0.09388 96 106 107
3.303 3.67693 0.927 0.0723167 -0.994722 0.07279 99 109 110
3.303 3.67736 0.933 0.0376192 -0.993095 0.11112 102 112 113
3.303 3.67829 0.939 0.0151531 -0.989903 0.140937 103 114 115
3.303 3.67947 0.945 -0.000197943 -0.983161 0.182742 105 115 116
3.303 3.68088 0.951 0.00235245 -0.972642 0.232296 107 118 118
3.303 3.681 0.952742 0.00434249 -0.99065 0.136361 108 118 119
3.303 3.68147 0.957 0.118643 -0.927288 0.355051 110 120 121
3.309 3.67489 0.873 0.24337 -0.968544 0.051898 82 93 96
3.30688 3.675 0.879 0.300766 -0.953092 0.033993 86 96 98
3.309 3.675 0.873834 0.312965 -0.941121 0.127847 82 93 96
3.30689 3.675 0.885 0.286576 -0.958009 0.00965402 80 90 92
3.30646 3.675 0.891 0.26585 -0.961179 0.0738785 83 93 95
3.30365 3.675 0.897 0.161037 -0.986948 -0.000402069 86 96 97
3.30468 3.675 0.903 0.113712 -0.992125 0.052508 88 99 101
3.309 3.67575 0.879 0.218769 -0.975104 -0.0362399 85 95 96
3.309 3.6755 0.885 0.100636 -0.994889 0.00826709 79 89 91
3.309 3.67568 0.891 0.0805615 -0.996737 0.00495893 81 91 93
3.309 3.67593 0.897 0.04103 -0.999075 -0.0129097 83 94 96
3.309 3.67548 0.903 0.0253827 -0.999676 0.0017034 86 97 99
3.309 3.67561 0.909 -0.0201875 -0.996799 0.077363 87 98 101
3.309 3.67625 0.915 -0.00072673 -0.995183 0.0980321 91 102 104
3.309 3.67665 0.921 0.0177534 -0.992465 0.121234 93 105 107
3.309 3.67768 0.927 0.0618377 -0.992261 0.107674 96 107 109
3.309 3.67825 0.933 0.0822612 -0.992999 0.084775 98 109 111
3.309 3.6788 0.939 0.0687731 -0.991916 0.106648 100 111 113
3.309 3.67927 0.945 0.043864 -0.990994 0.126518 102 113 115
3.309 3.68008 0.951 -0.0246209 -0.976081 0.216011 105 116 117
3.309 3.681 0.952725 0.0533127 -0.911439 0.407966 104 115 116
3.309 3.68382 0.957 -0.0141469 -0.940776 0.338733 103 112 113
3.3093 3.675 0.873 0.402641 -0.911073 0.088466 81 92 95
3.315 3.67754 0.873 0.236414 -0.971498 -0.0173321 76 87 90
3.315 3.67676 0.879 0.0905951 -0.984695 -0.148891 81 92 94
3.315 3.6757 0.885 0.0611498 -0.996839 -0.0507316 77 87 89
3.315 3.676 0.891 0.0313602 -0.999371 -0.0165272 80 89 92
3.315 3.67547 0.897 0.0213619 -0.999273 -0.0315909 81 92 94
3.315 3.67513 0.903 0.0593498 -0.998237 0.000464418 84 95 98
3.315 3.67533 0.909 0.0852567 -0.994069 0.0675107 85 96 99
3.315 3.67611 0.915 0.0578913 -0.992223 0.110191 88 99 102
3.315 3.67687 0.921 0.0453055 -0.98983 0.13485 90 101 104
3.315 3.67797 0.927 0.04275 -0.990608 0.129874 92 103 106
3.315 3.67845 0.933 0.0549011 -0.994646 0.0875559 94 105 108
3.315 3.67886 0.939 0.0658126 -0.991819 0.109376 96 107 110
3.315 3.67975 0.945 0.0755136 -0.98855 0.130638 97 109 112
3.315 3.6806 0.951 0.101522 -0.983669 0.148622 100 112 115
3.315 3.681 0.953345 -0.025539 -0.920277 0.390434 101 113 116
3.315 3.68233 0.957 0.0572669 -0.969707 0.237462 102 114 116
3.321 3.67837 0.873 0.0560972 -0.995719 -0.0734675 73 84 87
3.321 3.67694 0.879 0.046556 -0.986048 -0.159816 78 89 92
3.321 3.67608 0.885 0.0718082 -0.994926 -0.0704756 74 84 87
3.321 3.67603 0.891 0.0758989 -0.996796 -0.0252455 77 87 90
3.321 3.6757 0.897 0.0660395 -0.99778 -0.00858967 79 90 92
3.321 3.67604 0.903 0.0925877 -0.993639 0.0641014 80 92 95
3.321 3.6768 0.909 0.118033 -0.99059 0.0692733 81 93 96
3.321 3.67716 0.915 0.102678 -0.992138 0.0715514 83 95 98
3.321 3.67743 0.921 0.0707787 -0.9933 0.0913529 85 97 100
3.321 3.67821 0.927 0.0255524 -0.992356 0.12073 86 98 102
3.321 3.67874 0.933 0.0280541 -0.993237 0.112666 90 101 105
3.321 3.67957 0.939 0.0638991 -0.989005 0.133368 91 103 107
3.321 3.68039 0.945 0.101039 -0.98342 0.150587 92 105 109
3.31775 3.681 0.951 0.206923 -0.941977 0.264314 97 109 113
3.321 3.681 0.948232 0.125444 -0.970335 0.206672 93 106 110
3.321 3.68173 0.951 0.103762 -0.96587 0.237335 93 106 110
3.321 3.68333 0.957 0.0470773 -0.975038 0.21699 95 108 111
3.327 3.67793 0.873 -0.00824341 -0.991828 -0.127314 70 80 85
3.327 3.67698 0.879 0.0195817 -0.99114 -0.131373 72 82 86
3.327 3.67651 0.885 0.0553604 -0.998239 -0.0213127 70 80 83
3.327 3.67684 0.891 0.0948713 -0.995368 -0.0155252 73 82 85
3.327 3.67638 0.897 0.104168 -0.994296 -0.0229015 75 85 88
3.327 3.67657 0.903 0.0765668 -0.995701 0.0521178 76 87 91
3.327 3.67704 0.909 0.0574034 -0.996056 0.0676488 77 89 93
3.327 3.67712 0.915 0.0614987 -0.996369 0.0588755 80 92 95
3.327 3.67767 0.921 0.0692177 -0.994539 0.078111 81 93 96
3.327 3.67813 0.927 0.0497346 -0.99489 0.0878694 83 95 99
3.327 3.67879 0.933 0.0205928 -0.992019 0.124398 85 97 102
3.327 3.67967 0.939 0.0179759 -0.987776 0.154838 87 99 104
3.327 3.68081 0.945 0.0182408 -0.984725 0.173158 88 100 105
3.327 3.681 0.945827 0.0455745 -0.970819 0.235442 88 100 105
3.327 3.68232 0.951 0.0875435 -0.962866 0.255392 89 101 107
3.327 3.68316 0.957 0.182655 -0.96597 0.183137 91 104 108
3.333 3.6774 0.873 0.0269369 -0.980928 -0.192495 66 77 81
3.333 3.67734 0.879 0.0379382 -0.997022 -0.067146 68 78 82
3.333 3.67686 0.885 0.0659935 -0.997773 -0.00970537 66 75 79
3.333 3.67724 0.891 0.0712748 -0.997358 0.0140143 69 79 82
3.333 3.67697 0.897 0.0950068 -0.995173 -0.0245664 71 81 85
3.333 3.677 0.903 0.0933334 -0.995291 0.0261636 73 84 87
3.333 3.67722 0.909 0.0711793 -0.995079 0.0689282 75 86 89
3.333 3.67782 0.915 0.0840653 -0.993182 0.0807648 76 88 91
3.333 3.67833 0.921 0.0919465 -0.992718 0.0778318 77 89 93
3.333 3.67887 0.927 0.0842596 -0.994352 0.0645318 79 91 96
3.333 3.67902 0.933 0.0702298 -0.993046 0.0944876 81 93 99
3.333 3.67992 0.939 0.0433336 -0.989262 0.139582 83 95 101
3.333 3.6807 0.945 0.0301413 -0.988645 0.147214 86 98 103
3.333 3.681 0.946864 0.0100503 -0.967635 0.252152 86 98 104
3.333 3.68229 0.951 0.0234328 -0.931717 0.362427 86 97 104
3.333 3.68529 0.957 0.0499561 -0.969217 0.241085 83 95 100
3.339 3.67793 0.873 0.123547 -0.965111 -0.230861 64 74 78
3.339 3.67771 0.879 0.0960741 -0.99355 -0.0602342 65 74 78
3.339 3.67731 0.885 0.0513976 -0.998354 -0.0254417 64 73 77
3.339 3.67764 0.891 0.0104876 -0.999771 0.0186461 66 75 78
3.339 3.67758 0.897 0.017695 -0.999843 0.000911221 69 78 82
3.339 3.67763 0.903 0.0397322 -0.998901 0.0248769 71 81 85
3.339 3.67789 0.909 0.043065 -0.997648 0.0533224 72 84 88
3.339 3.67827 0.915 0.031988 -0.995663 0.0873606 74 86 90
3.339 3.67889 0.921 0.0256369 -0.997902 0.0594584 75 87 91
3.339 3.67905 0.927 0.00795088 -0.997462 0.070749 77 89 94
3.339 3.67955 0.933 0.0358794 -0.996013 0.0816726 79 91 97
3.339 3.68021 0.939 0.0994547 -0.980891 0.167215 80 92 99
3.33823 3.681 0.945 0.0950702 -0.961534 0.257708 82 94 101
3.339 3.681 0.944657 0.143778 -0.979621 0.140252 82 94 101
3.339 3.68111 0.945 0.221487 -0.965158 0.139333 82 94 101
3.339 3.68257 0.951 -2.25125e-05 -0.955208 0.295937 82 95 101
3.339 3.68508 0.957 -0.0350596 -0.973492 0.22602 80 92 98
3.345 3.67901 0.873 0.0243014 -0.981935 -0.187652 61 71 75
3.345 3.681 0.867159 -0.264741 -0.9133 -0.309508 58 68 72
3.345 3.67861 0.879 0.0782126 -0.992796 -0.0907713 61 70 74
3.345 3.67772 0.885 0.0740215 -0.993991 -0.080642 62 71 74
3.345 3.67741 0.891 0.038051 -0.998939 -0.0259423 65 73 77
3.345 3.67716 0.897 0.0104182 -0.999923 0.00679096 66 76 79
3.345 3.67748 0.903 0.0134813 -0.998986 0.0429595 68 78 82
3.345 3.67774 0.909 0.0242857 -0.998224 0.0544018 70 81 84
3.345 3.67815 0.915 0.0186436 -0.996989 0.0752677 72 83 87
3.345 3.67871 0.921 0.0197618 -0.997613 0.0661638 74 85 89
3.345 3.67878 0.927 0.0325925 -0.997602 0.0610497 76 88 93
3.345 3.67947 0.933 0.0264753 -0.983324 0.179925 77 89 95
3.34116 3.681 0.939 0.34634 -0.907044 0.239416 77 89 95
3.345 3.681 0.936052 0.0594441 -0.89425 0.443602 75 86 92
3.345 3.68246 0.939 0.00968002 -0.981825 0.189539 73 84 89
3.345 3.68333 0.945 0.0459658 -0.994633 0.0926936 74 85 91
3.345 3.68278 0.951 0.138321 -0.982926 0.121341 80 92 99
3.345 3.68412 0.957 -0.000738641 -0.968403 0.249388 80 93 99
3.351 3.67923 0.873 0.0606247 -0.994883 -0.0808209 59 69 73
3.351 3.67845 0.879 0.0115463 -0.995844 -0.0903383 60 68 72
3.351 3.67798 0.885 0.0287948 -0.997573 -0.0633942 60 68 72
3.351 3.67786 0.891 0.0520844 -0.998394 -0.0222892 63 71 74
3.351 3.6777 0.897 0.0666891 -0.997724 -0.010008 64 73 77
3.351 3.67785 0.903 0.0497311 -0.99749 0.0504107 66 76 79
3.351 3.6782 0.909 0.0607913 -0.996453 0.0581944 68 79 82
3.351 3.67856 0.915 0.069749 -0.995103 0.0700295 70 81 85
3.351 3.67896 0.921 0.050915 -0.996856 0.0607187 72 84 88
3.351 3.67948 0.927 0.0394804 -0.99597 0.080533 75 86 92
3.351 3.67999 0.933 0.0352699 -0.993549 0.107776 76 88 94
3.351 3.68098 0.939 -0.044251 -0.987686 0.150058 78 90 96
3.35091 3.681 0.939 -0.219773 -0.885208 0.410009 78 90 96
3.351 3.681 0.939496 -0.152054 -0.985851 0.0705511 78 90 96
3.351 3.68141 0.945 -0.135666 -0.95831 0.251469 79 91 97
3.351 3.68357 0.951 0.0376256 -0.97611 0.213992 78 91 97
3.351 3.68497 0.957 0.210303 -0.934309 0.287819 78 91 97
3.351 3.687 0.962031 0.298461 -0.896654 0.327006 76 89 95
3.357 3.67986 0.873 0.0402361 -0.995271 -0.0884114 58 67 71
3.357 3.67858 0.879 0.0098972 -0.992606 -0.120976 58 67 70
3.357 3.67823 0.885 0.0160697 -0.999185 -0.0370398 59 67 70
3.357 3.67803 0.891 0.0364554 -0.999238 -0.0139117 61 70 72
3.357 3.67808 0.897 0.0351113 -0.999293 -0.013469 62 72 74
3.357 3.67797 0.903 0.015787 -0.999235 0.0357723 64 75 77
3.357 3.67848 0.909 0.00578097 -0.99747 0.0708563 67 78 80
3.357 3.67891 0.915 0.0146132 -0.995873 0.0895773 69 80 83
3.357 3.67951 0.921 0.0591657 -0.997135 0.0471334 71 83 86
3.357 3.67931 0.927 0.0546044 -0.996731 0.059544 74 86 90
3.357 3.6801 0.933 0.025922 -0.99619 0.0832724 76 88 93
3.357 3.68031 0.939 0.0181587 -0.995066 0.0975407 78 90 95
3.357 3.681 0.944456 -0.00958396 -0.992571 0.12129 79 92 97
3.357 3.6812 0.945 0.248773 -0.892251 0.376829 79 92 97
3.357 3.68432 0.951 0.0936581 -0.929048 0.357908 77 90 95
3.35632 3.687 0.957 0.286118 -0.906555 0.310312 76 88 94
3.357 3.687 0.956502 0.27049 -0.866397 0.419751 76 88 94
3.357 3.68707 0.957 -0.0100481 -0.993384 0.114397 76 88 94
3.363 3.67977 0.873 0.0900095 -0.992501 -0.0827052 57 66 69
3.363 3.6784 0.879 0.00739277 -0.990543 -0.137007 58 67 69
3.363 3.67806 0.885 0.000201449 -0.999867 -0.0163222 58 67 68
3.363 3.67831 0.891 0.00425466 -0.999987 -0.00286057 59 69 70
3.363 3.67823 0.897 0.0084098 -0.999876 -0.0133182 62 71 73
3.363 3.67801 0.903 0.0267743 -0.999313 0.0256441 64 74 76
3.363 3.67836 0.909 0.0314147 -0.998092 0.0531497 67 77 79
3.363 3.67869 0.915 0.00663107 -0.995106 0.0985918 70 81 83
3.363 3.6795 0.921 0.0112127 -0.994156 0.107368 72 83 86
3.363 3.68001 0.927 0.145556 -0.983449 0.107897 74 86 89
3.363 3.68046 0.933 0.148469 -0.985165 0.0860612 77 89 93
3.36218 3.681 0.939 0.169203 -0.973117 0.156246 79 90 95
3.363 3.681 0.937875 0.204434 -0.972584 0.110851 78 90 94
3.363 3.68125 0.939 0.31317 -0.917149 0.2465 78 90 94
3.363 3.6842 0.945 0.188604 -0.941044 0.280828 72 84 89
3.363 3.68531 0.951 0.1289 -0.968741 0.211956 74 87 92
3.363 3.68605 0.957 -0.0277277 -0.982811 0.182518 76 89 94
3.35749 3.687 0.957 -0.173782 -0.944187 0.27984 76 88 94
3.369 3.68058 0.867 0.164753 -0.984869 -0.0537593 53 63 66
3.36796 3.681 0.873 0.235217 -0.937836 -0.255218 56 65 68
3.369 3.681 0.870276 0.203287 -0.973135 0.108088 55 64 67
3.369 3.67863 0.879 0.0894264 -0.976941 -0.193881 56 64 66
3.369 3.681 0.873653 0.0475117 -0.925374 -0.376067 56 65 68
3.369 3.67834 0.885 0.05221 -0.997529 -0.0470065 58 66 67
3.369 3.67828 0.891 0.0109698 -0.999908 -0.00799028 59 68 69
3.369 3.67804 0.897 0.0135691 -0.999887 -0.00650834 62 71 73
3.369 3.67811 0.903 0.0258036 -0.998445 0.0494197 64 74 75
3.369 3.67889 0.909 0.148412 -0.986462 0.0697613 67 78 79
3.369 3.67895 0.915 0.0553416 -0.995358 0.0787431 70 80 82
3.369 3.67979 0.921 0.0477278 -0.982184 0.181759 73 84 86
3.36519 3.681 0.927 0.376948 -0.914438 0.147356 72 84 87
3.369 3.681 0.923282 0.0751177 -0.908271 0.411585 71 82 85
3.36403 3.681 0.933 0.391104 -0.916044 0.0888894 76 88 91
3.369 3.68124 0.873 0.0440444 -0.998982 0.00973487 56 65 68
3.369 3.68246 0.927 -0.0591929 -0.982843 0.17469 68 79 82
3.369 3.68297 0.933 0.102631 -0.98983 0.0985009 70 81 85
3.369 3.68361 0.939 0.0581045 -0.989218 0.134431 72 84 87
3.369 3.6843 0.945 0.0422039 -0.979089 0.199004 74 86 90
3.369 3.68513 0.951 -0.00903215 -0.986748 0.162011 76 88 93
3.369 3.68621 0.957 0.0610297 -0.982258 0.177328 77 90 95
3.369 3.687 0.962547 0.108332 -0.983431 0.145357 79 91 97
3.37205 3.681 0.867 0.104425 -0.994235 0.0243545 54 64 67
3.375 3.679 0.879 0.00552864 -0.976108 -0.217217 55 64 64
3.375 3.681 0.873787 -0.0377444 -0.935778 -0.350563 56 65 67
3.375 3.67891 0.885 0.0103963 -0.997943 -0.0632569 58 66 66
3.375 3.67824 0.891 0.00260547 -0.999706 -0.0240877 60 69 69
3.375 3.6783 0.897 0.0316836 -0.999248 0.0223581 62 71 71
3.375 3.67849 0.903 0.0484013 -0.986752 0.154849 64 74 74
3.37462 3.681 0.909 0.342055 -0.907481 -0.243878 60 71 72
3.375 3.681 0.908676 0.289999 -0.875547 0.386418 60 71 71
3.375 3.6793 0.915 0.0193948 -0.999058 -0.0388322 70 81 82
3.375 3.681 0.909516 -0.272146 -0.920815 -0.279349 61 71 72
3.375 3.68003 0.921 -0.0406145 -0.991838 0.120867 73 84 85
3.375 3.68099 0.927 -0.13208 -0.981314 0.139921 77 88 90
3.37498 3.681 0.927 -0.245209 -0.886946 0.391408 77 88 90
3.375 3.681 0.927065 -0.231813 -0.966794 0.107574 77 88 90
3.375 3.68125 0.867 0.00734517 -0.999578 -0.0280953 55 65 67
3.375 3.68124 0.873 -0.0236148 -0.998162 -0.0558164 56 65 67
3.375 3.68112 0.909 2.11568e-17 -1 0 60 71 71
3.375 3.68166 0.933 -0.22405 -0.968869 0.105334 79 90 92
3.375 3.68238 0.939 -0.185823 -0.960983 0.204893 80 91 94
3.375 3.6838 0.945 -0.0720362 -0.975963 0.205688 80 92 95
3.375 3.68512 0.951 0.00861643 -0.964802 0.262837 79 92 95
3.37327 3.687 0.957 0.185037 -0.970087 0.157139 78 91 95
3.375 3.687 0.955501 0.0990787 -0.933822 0.343744 78 91 95
3.375 3.68734 0.957 0.0226138 -0.995161 0.0956161 79 91 96
3.381 3.68069 0.867 -0.0841004 -0.995652 -0.0400504 56 65 66
3.3782 3.681 0.867 -0.0965706 -0.992913 -0.0692598 56 65 67
3.381 3.68076 0.873 -0.0848123 -0.976079 -0.20019 56 65 66
3.37833 3.681 0.873 -0.0856715 -0.996164 -0.0178014 56 65 67
3.381 3.6792 0.879 -0.0217343 -0.989471 -0.14309 54 63 63
3.381 3.67846 0.885 0.00741124 -0.996668 -0.081229 58 67 66
3.381 3.67799 0.891 -0.0092461 -0.999707 -0.0223913 61 70 69
3.381 3.6784 0.897 -0.0206423 -0.998154 0.0571265 63 72 71
3.381 3.67895 0.903 -0.0141548 -0.998554 0.0518641 65 75 75
3.381 3.67911 0.909 -0.10514 -0.99311 0.0517592 68 79 79
3.37536 3.681 0.909 -0.300664 -0.890122 0.342468 60 71 72
3.381 3.67941 0.915 0.00425573 -0.999029 0.0438541 71 82 82
3.381 3.67953 0.921 0.0106145 -0.998295 0.057394 75 86 86
3.381 3.67969 0.927 -0.0473673 -0.993983 0.0987583 78 89 91
3.381 3.68053 0.933 -0.0139262 -0.994338 0.105343 80 91 94
3.37787 3.681 0.933 -0.183945 -0.979115 0.0865893 80 91 94
3.381 3.68094 0.939 0.0909005 -0.993081 0.0743471 83 95 97
3.38061 3.681 0.939 -0.208831 -0.9726 0.102169 83 95 97
3.381 3.681 0.939406 -0.200267 -0.892245 0.404712 83 95 97
3.381 3.68363 0.945 0.146716 -0.954931 0.258035 81 93 96
3.381 3.68504 0.951 0.0585817 -0.959348 0.27608 81 93 96
3.381 3.687 0.955692 0.0149611 -0.93877 0.344219 80 92 96
3.381 3.68723 0.957 0.0582016 -0.994786 0.0837448 80 92 97
3.387 3.68047 0.867 0.0296366 -0.991001 -0.130534 56 65 67
3.387 3.67997 0.873 -0.0309184 -0.988882 -0.145454 57 66 67
3.387 3.67852 0.879 -0.0428707 -0.993659 -0.103946 54 63 63
3.387 3.67877 0.885 0.00864999 -0.998943 -0.0451481 59 68 67
3.387 3.67834 0.891 0.0414438 -0.9987 -0.029668 62 71 70
3.387 3.67832 0.897 0.0380076 -0.999096 0.0190517 64 73 72
3.387 3.67841 0.903 -0.0039162 -0.99941 0.0341217 66 76 75
3.387 3.67866 0.909 -0.0366845 -0.99741 0.0618675 69 80 79
3.387 3.67926 0.915 0.0874375 -0.991896 0.092176 73 83 83
3.387 3.67974 0.921 0.0221296 -0.995053 0.0968515 77 87 87
3.387 3.68053 0.927 0.0806126 -0.990941 0.107413 80 91 92
3.38552 3.681 0.933 0.310176 -0.913489 0.263305 83 94 95
3.387 3.681 0.931434 0.08306 -0.989015 0.122268 82 93 94
3.38114 3.681 0.939 0.485835 -0.798705 0.355014 83 95 97
3.387 3.68134 0.933 -0.0842133 -0.960805 0.264125 83 94 95
3.387 3.68453 0.939 0.0670736 -0.943092 0.325696 77 88 89
3.387 3.6853 0.945 -0.00544332 -0.989155 0.146775 79 90 93
3.387 3.68618 0.951 0.0320238 -0.977772 0.207209 80 92 95
3.387 3.687 0.95447 0.036812 -0.963177 0.266336 81 93 96
3.387 3.68756 0.957 -0.037441 -0.988322 0.14771 82 93 97
3.39109 3.681 0.867 0.129554 -0.972315 -0.194471 57 66 67
3.393 3.6802 0.873 0.0711269 -0.979189 -0.190078 58 67 67
3.393 3.681 0.868396 0.0652111 -0.985632 -0.155808 58 67 67
3.393 3.67873 0.879 0.0548851 -0.992563 -0.108658 56 65 64
3.393 3.67893 0.885 0.0264545 -0.998689 -0.0438287 60 69 67
3.393 3.67839 0.891 -0.0201388 -0.999571 -0.0212457 62 72 70
3.393 3.6787 0.897 -0.0126651 -0.999469 0.0300187 65 75 72
3.393 3.67884 0.903 0.0164392 -0.999796 0.0117084 68 78 76
3.393 3.67883 0.909 0.173857 -0.964557 0.198503 70 81 80
3.39172 3.681 0.915 0.370355 -0.918784 -0.136653 67 77 77
3.393 3.681 0.913597 0.375204 -0.842118 0.387375 67 77 77
3.393 3.6799 0.921 0.191858 -0.981353 -0.0116604 78 88 88
3.393 3.681 0.917248 0.364878 -0.895741 -0.253994 71 80 80
3.393 3.68074 0.927 0.0904359 -0.989413 0.113507 82 92 93
3.393 3.681 0.928996 0.0519446 -0.989927 0.131706 83 93 94
3.393 3.6813 0.867 0.0533986 -0.98286 -0.176451 57 66 67
3.393 3.68169 0.915 0.110288 -0.992298 0.0563949 66 76 76
3.393 3.68153 0.933 0.018835 -0.994631 0.101756 84 95 96
3.393 3.68194 0.939 -0.0817859 -0.958905 0.271683 86 97 98
3.393 3.68404 0.945 -0.0596095 -0.964477 0.257354 84 95 98
3.393 3.68519 0.951 0.0088841 -0.976963 0.213225 85 96 99
3.393 3.68688 0.957 0.0470853 -0.974286 0.220339 85 96 99
3.39244 3.687 0.957 -0.113251 -0.967623 0.225567 85 96 99
3.393 3.687 0.95744 -0.0623722 -0.986987 0.14821 85 96 99
3.399 3.68066 0.873 0.0562604 -0.973462 -0.221825 59 68 67
3.399 3.681 0.870671 0.0636172 -0.990846 -0.119064 59 67 67
3.399 3.67923 0.879 0.0294413 -0.99228 -0.12047 58 66 65
3.399 3.67928 0.885 0.0367667 -0.997343 -0.062887 61 69 67
3.399 3.67812 0.891 0.0485825 -0.996526 -0.0676366 63 72 70
3.399 3.67825 0.897 0.0351028 -0.998329 0.0459057 66 76 73
3.399 3.67846 0.903 0.019505 -0.989448 0.143571 69 79 77
3.39733 3.681 0.909 0.389674 -0.83874 0.380354 66 76 75
3.399 3.681 0.907368 0.236391 -0.853379 0.46461 66 75 74
3.39561 3.681 0.921 0.25852 -0.963351 -0.0715622 75 85 85
3.39601 3.681 0.927 0.0878776 -0.994146 0.0628527 83 93 93
3.399 3.68141 0.867 0.0516874 -0.98942 -0.135557 57 66 66
3.399 3.6816 0.909 -0.0590064 -0.996203 0.0640216 65 74 73
3.399 3.68146 0.915 -0.145605 -0.987644 0.0579454 68 77 77
3.399 3.68217 0.921 -0.00300659 -0.998579 -0.0531981 72 81 81
3.399 3.68127 0.927 0.025808 -0.999552 -0.0151649 83 93 93
3.399 3.68112 0.933 -0.0304298 -0.99045 0.134474 87 97 98
3.399 3.68262 0.939 0.0152883 -0.967831 0.251134 87 97 98
3.399 3.6846 0.945 0.0249168 -0.943077 0.331641 85 96 98
3.399 3.68695 0.951 0.0815849 -0.969976 0.229109 85 95 97
3.3959 3.687 0.957 0.0274334 -0.99479 0.098181 86 96 100
3.399 3.687 0.952718 0.0122543 -0.999641 0.0238121 85 96 98
3.399 3.68707 0.957 0.0156276 -0.990651 0.135522 87 97 100
3.40219 3.681 0.873 0.0935691 -0.957494 -0.272857 60 68 67
3.405 3.67916 0.879 -0.0500224 -0.984636 -0.1673 59 67 65
3.405 3.681 0.873788 -0.116636 -0.939969 -0.320709 60 69 67
3.405 3.67903 0.885 -0.0522688 -0.998408 -0.0211875 61 69 67
3.405 3.67877 0.891 -0.000763884 -0.999188 -0.0402905 64 73 70
3.405 3.67891 0.897 0.00447483 -0.998284 0.0583915 68 77 74
3.405 3.67958 0.903 0.0300696 -0.999192 0.0266808 71 80 78
3.405 3.67918 0.909 -0.109336 -0.992217 0.0595953 74 84 82
3.40083 3.681 0.909 -0.380922 -0.896511 0.2262 68 77 76
3.405 3.67921 0.915 -0.110209 -0.9929 0.0447716 77 87 86
3.40022 3.681 0.915 -0.359148 -0.933069 0.0198571 70 79 78
3.405 3.67967 0.921 -0.115101 -0.989888 0.0829104 82 91 91
3.4019 3.681 0.921 -0.374036 -0.926532 0.0404504 77 86 86
3.405 3.6805 0.927 0.0517578 -0.981962 0.181856 85 96 95
3.40088 3.681 0.927 -0.223801 -0.974382 0.0222046 84 94 94
3.405 3.681 0.932137 -0.0367483 -0.993462 0.108091 88 98 98
3.405 3.68189 0.867 -0.0114739 -0.980625 -0.19556 58 68 67
3.405 3.6812 0.873 0.0515062 -0.991818 -0.116806 60 69 67
3.405 3.68113 0.933 0.232053 -0.963593 0.132818 88 98 99
3.405 3.6825 0.939 0.0889468 -0.974586 0.205598 88 98 99
3.405 3.68447 0.945 -0.0455933 -0.950183 0.308339 87 97 98
3.405 3.68638 0.951 -0.0090822 -0.958631 0.284508 86 96 97
3.405 3.68697 0.957 0.00386092 -0.996182 0.087212 88 98 100
3.40294 3.687 0.957 -0.0201052 -0.999473 0.0254714 88 98 100
3.405 3.687 0.957177 -0.0117703 -0.977156 0.212197 88 98 100
3.411 3.6808 0.867 -0.139072 -0.979202 -0.147727 59 68 68
3.40998 3.681 0.867 -0.179195 -0.957362 -0.2266 59 68 67
3.411 3.67991 0.873 -0.0032104 -0.976078 -0.217398 62 70 68
3.406 3.681 0.873 -0.193594 -0.97156 -0.136357 61 69 67
3.411 3.67875 0.879 0.0136877 -0.995569 -0.0930294 60 67 65
3.411 3.67851 0.885 0.00100417 -0.999669 -0.0257187 63 71 68
3.411 3.67848 0.891 0.00490119 -0.999956 -0.00797155 66 74 71
3.411 3.67841 0.897 0.00741968 -0.999662 0.0249267 69 78 75
3.411 3.67877 0.903 -0.0437623 -0.99722 0.0603018 72 81 79
3.411 3.67899 0.909 0.101378 -0.989247 0.105418 76 85 84
3.411 3.67982 0.915 0.174602 -0.982385 0.0665936 79 89 88
3.411 3.67995 0.921 0.164189 -0.979984 0.112578 82 92 92
3.40627 3.681 0.927 0.355865 -0.905998 0.22919 84 94 94
3.411 3.681 0.923266 0.328582 -0.851321 0.409006 81 91 91
3.411 3.68283 0.927 0.180465 -0.972101 0.149841 79 89 88
3.411 3.68352 0.933 0.00744381 -0.991822 0.127413 82 92 93
3.411 3.68452 0.939 0.101347 -0.987145 0.123589 85 94 95
3.411 3.68394 0.945 0.101431 -0.958855 0.265158 89 100 100
3.41014 3.687 0.951 0.139869 -0.982483 0.123138 88 97 98
3.411 3.687 0.950566 0.113889 -0.879194 0.462652 88 97 98
3.40519 3.687 0.957 0.161776 -0.971793 0.1716 88 98 100
3.411 3.6871 0.951 0.0562558 -0.985741 0.158586 88 97 99
3.411 3.68796 0.957 0.0802086 -0.987914 0.132636 89 99 101
3.41237 3.681 0.867 0.17705 -0.974294 -0.139299 59 69 68
3.41668 3.681 0.873 0.188241 -0.955738 -0.226119 62 70 68
3.417 3.67908 0.879 0.0169978 -0.987849 -0.154482 60 68 66
3.417 3.681 0.87322 -0.139193 -0.940341 -0.310458 62 70 68
3.417 3.67908 0.885 0.0648467 -0.997223 0.0366212 64 72 69
3.417 3.67883 0.891 0.142699 -0.988746 -0.0449206 68 76 73
3.417 3.67899 0.897 0.0620478 -0.997833 0.0218936 71 79 77
3.417 3.67917 0.903 0.0413971 -0.992505 0.114975 74 82 80
3.41607 3.681 0.909 0.337985 -0.934488 0.111791 70 79 77
3.417 3.681 0.907884 0.256576 -0.906921 0.334161 70 78 77
3.41466 3.681 0.915 0.318879 -0.946083 0.0569528 75 85 84
3.41376 3.681 0.921 0.350131 -0.904407 0.243835 79 88 88
3.417 3.68179 0.867 0.131368 -0.965229 -0.225998 61 70 68
3.417 3.6811 0.873 0.134564 -0.982334 -0.130044 62 70 68
3.417 3.6814 0.909 -0.142045 -0.986589 0.0804046 69 78 76
3.417 3.6817 0.915 -0.0605507 -0.995656 0.0707232 72 82 81
3.417 3.68226 0.921 -0.0407978 -0.985411 0.165229 75 84 83
3.417 3.68325 0.927 -0.137176 -0.989939 0.034699 79 90 89
3.417 3.68218 0.933 -0.0479082 -0.998542 0.0248544 90 100 100
3.417 3.68265 0.939 -0.0950982 -0.971825 0.21567 93 102 102
3.417 3.68494 0.945 -0.0370175 -0.956575 0.289127 90 100 101
3.417 3.687 0.949232 0.0452584 -0.910084 0.411945 89 98 99
3.417 3.68738 0.951 -0.0735279 -0.98651 0.146258 89 99 99
3.417 3.68833 0.957 -0.0343032 -0.991891 0.122371 90 100 101
3.423 3.68007 0.873 0.00621159 -0.978741 -0.205007 58 66 64
3.41736 3.681 0.873 -0.157955 -0.911569 -0.379594 62 70 68
3.423 3.681 0.87074 -0.0315736 -0.931607 -0.362092 59 67 65
3.423 3.67926 0.879 0.0658389 -0.988456 -0.136452 61 68 65
3.423 3.67859 0.885 -0.0622234 -0.994957 0.0786735 66 73 70
3.423 3.68067 0.891 -0.0329953 -0.999222 0.0216119 62 68 66
3.423 3.67924 0.897 0.0142098 -0.998431 -0.0541645 73 80 77
3.423 3.67941 0.903 -0.000623681 -0.999906 0.0136833 76 84 81
3.423 3.67919 0.909 -0.106974 -0.989666 0.0954866 77 86 84
3.41811 3.681 0.909 -0.338396 -0.917429 0.209314 70 79 78
3.423 3.67992 0.915 -0.0824468 -0.993281 0.0812067 80 90 88
3.41946 3.681 0.915 -0.305112 -0.949616 0.0716678 76 85 84
3.423 3.68009 0.921 -0.050825 -0.996223 0.0704077 84 93 92
3.42051 3.681 0.921 -0.320926 -0.944311 0.0726919 80 89 89
3.423 3.68074 0.927 0.0778728 -0.988868 0.126789 88 99 98
3.42239 3.681 0.927 -0.362552 -0.922941 0.129365 87 98 97
3.423 3.681 0.928473 -0.272735 -0.94005 0.204749 89 100 99
3.423 3.68255 0.867 0.0357638 -0.968725 -0.245546 61 69 68
3.423 3.68205 0.933 0.0547511 -0.982126 0.180083 91 101 101
3.423 3.68345 0.939 0.128846 -0.977775 0.165393 92 102 101
3.423 3.68491 0.945 0.0268016 -0.96166 0.272932 92 101 101
3.423 3.68656 0.951 0.0023456 -0.965782 0.259345 91 100 101
3.42053 3.687 0.951 -0.1611 -0.951195 0.263201 90 99 100
3.423 3.687 0.955404 -0.0331797 -0.995396 0.0899258 91 101 101
3.423 3.68716 0.957 -0.0029611 -0.982869 0.184282 92 101 101
3.429 3.68053 0.873 -0.0529436 -0.988233 -0.143499 59 66 65
3.429 3.681 0.871211 -0.0602467 -0.933199 -0.354273 59 67 65
3.429 3.67998 0.879 0.00600522 -0.991541 -0.129654 61 68 66
3.429 3.67879 0.885 0.0196374 -0.995815 -0.0892624 66 73 70
3.429 3.67882 0.891 -0.113442 -0.992493 0.0457035 70 77 74
3.429 3.67855 0.897 -0.0780683 -0.996891 -0.0107019 73 81 78
3.429 3.67895 0.903 -0.0056378 -0.997728 0.0671396 76 84 81
3.429 3.67935 0.909 0.0371268 -0.997308 0.0632385 78 86 84
3.429 3.68001 0.915 0.108039 -0.98396 0.141953 81 90 89
3.429 3.68068 0.921 0.122663 -0.987919 0.0947116 86 95 94
3.42474 3.681 0.927 0.171172 -0.965041 0.198484 89 99 98
3.429 3.681 0.922891 0.190116 -0.967037 0.169395 87 97 95
3.429 3.68256 0.867 0.00232394 -0.961023 -0.276459 61 69 67
3.429 3.68177 0.927 0.242039 -0.953808 0.177954 89 98 97
3.429 3.68296 0.933 0.189476 -0.953781 0.23324 91 100 100
3.429 3.68506 0.939 0.164388 -0.970748 0.175 89 98 97
3.429 3.68496 0.945 0.157566 -0.96763 0.197142 92 101 101
3.42852 3.687 0.951 0.0766151 -0.991989 0.100437 91 100 101
3.429 3.687 0.950862 0.197263 -0.926685 0.319909 91 100 101
3.429 3.68703 0.951 0.153352 -0.976707 0.150091 91 100 101
3.429 3.68798 0.957 0.106918 -0.982425 0.153 92 101 102
3.435 3.67966 0.873 0.0208238 -0.975229 -0.220213 61 68 66
3.435 3.681 0.869117 0.155113 -0.894446 -0.419413 61 68 67
3.435 3.67916 0.879 -0.072785 -0.994801 -0.0712227 63 69 67
3.435 3.67874 0.885 -0.0194188 -0.996714 -0.0786453 66 73 70
3.435 3.67851 0.891 0.0436269 -0.997544 0.0547892 71 78 75
3.435 3.67856 0.897 0.112096 -0.993679 -0.00604856 75 82 78
3.435 3.67934 0.903 -0.00268877 -0.995459 0.0951539 77 84 81
3.435 3.67998 0.909 0.00140509 -0.989442 0.144924 78 86 84
3.43204 3.681 0.915 0.322372 -0.933656 0.156085 77 86 85
3.435 3.681 0.912006 0.105283 -0.942047 0.318531 76 84 82
3.42985 3.681 0.921 0.334028 -0.931566 0.143566 85 94 93
3.435 3.68243 0.867 0.146945 -0.919935 -0.363492 61 69 67
3.435 3.68204 0.915 -0.0337408 -0.962371 0.269638 73 82 81
3.435 3.68282 0.921 0.187211 -0.973811 0.129016 78 88 87
3.435 3.6834 0.927 0.092802 -0.990372 0.102718 83 92 91
3.435 3.68479 0.933 0.0297326 -0.981738 0.187902 87 96 95
3.435 3.68554 0.939 0.0601519 -0.977495 0.202202 90 98 97
3.43477 3.687 0.945 0.309152 -0.901109 0.304018 91 99 99
3.435 3.687 0.94476 0.25758 -0.936082 0.239587 91 99 99
3.435 3.68704 0.945 0.0341131 -0.985654 0.165295 91 100 99
3.435 3.68809 0.951 0.0282392 -0.990477 0.134748 92 101 100
3.435 3.68885 0.957 0.0495439 -0.99226 0.113864 93 102 102
3.4383 3.681 0.873 0.380905 -0.839765 -0.386918 64 70 69
3.441 3.67905 0.879 0.0985077 -0.981261 -0.165598 64 70 68
3.441 3.681 0.875722 0.0928675 -0.889397 -0.447604 65 71 70
3.441 3.67885 0.885 0.065569 -0.997141 -0.0375484 67 73 70
3.441 3.67851 0.891 0.0167479 -0.995806 0.0899418 72 78 75
3.441 3.68081 0.897 0.0332301 -0.998582 0.0416017 67 74 71
3.441 3.6792 0.903 0.0799464 -0.996409 -0.0279041 78 85 82
3.441 3.67939 0.909 0.014163 -0.996607 0.081082 79 86 85
3.441 3.68009 0.915 0.018156 -0.9828 0.183779 82 91 88
3.43782 3.681 0.915 -0.290425 -0.899848 0.325465 77 86 84
3.441 3.681 0.917193 -0.08443 -0.895607 0.43676 81 90 88
3.441 3.68419 0.867 0.0148811 -0.970342 -0.241278 58 65 63
3.441 3.68225 0.873 0.203555 -0.91104 -0.358569 67 73 71
3.441 3.68295 0.921 -0.0833883 -0.970999 0.224071 79 88 86
3.441 3.68399 0.927 -0.0108283 -0.999289 0.0361059 83 93 91
3.441 3.68316 0.933 -0.0665943 -0.992534 0.102184 90 99 97
3.441 3.68459 0.939 -0.125093 -0.961119 0.246174 92 101 98
3.441 3.68673 0.945 -0.122517 -0.944158 0.305867 87 95 92
3.43641 3.687 0.945 -0.0534364 -0.968112 0.244751 90 98 97
3.441 3.687 0.946027 -0.0547126 -0.984359 0.167465 86 95 92
3.441 3.68776 0.951 -0.0440299 -0.9906 0.129511 88 97 95
3.441 3.68823 0.957 -0.0368615 -0.988895 0.14397 89 97 96
3.447 3.67945 0.879 0.111532 -0.974371 -0.195348 65 70 68
3.447 3.681 0.875462 0.141775 -0.892838 -0.427481 66 72 70
3.447 3.67944 0.885 0.091409 -0.995811 -0.00200608 68 74 71
3.447 3.67959 0.891 0.130463 -0.991352 -0.0141651 72 78 75
3.447 3.67915 0.897 0.0439696 -0.997808 0.0494523 75 82 79
3.447 3.67922 0.903 0.0430969 -0.998865 0.020267 78 85 83
3.447 3.68027 0.909 0.0817338 -0.989617 0.11823 80 88 86
3.44604 3.681 0.915 0.189933 -0.903564 0.384055 81 88 87
3.447 3.681 0.913709 0.0845247 -0.984457 0.153951 81 88 86
3.447 3.68258 0.867 0.0126596 -0.98881 -0.148641 63 71 69
3.447 3.6822 0.873 0.022288 -0.970458 -0.240238 67 73 72
3.447 3.68124 0.915 0.0401637 -0.970843 0.236326 80 88 86
3.447 3.68187 0.921 0.126148 -0.979029 0.159965 83 91 90
3.447 3.68305 0.927 0.0981169 -0.987247 0.125367 85 94 91
3.447 3.68335 0.933 0.159871 -0.984868 0.0669117 88 97 94
3.447 3.68447 0.939 0.107225 -0.972704 0.205792 89 98 95
3.447 3.68581 0.945 0.0738061 -0.961811 0.263575 89 97 94
3.447 3.687 0.948629 -0.0105672 -0.974154 0.225637 88 96 93
3.447 3.68741 0.951 0.0626442 -0.987246 0.146358 89 96 94
3.447 3.68824 0.957 -0.117018 -0.988589 0.0948589 90 97 95
3.453 3.68072 0.879 0.0969288 -0.974248 -0.203581 65 71 68
3.453 3.681 0.878444 0.26977 -0.854647 -0.443625 65 71 69
3.453 3.68011 0.885 0.0121291 -0.999078 -0.0411851 68 74 71
3.453 3.67997 0.891 0.0074682 -0.99971 0.0228893 72 78 75
3.453 3.68038 0.897 0.137506 -0.986342 0.090669 74 79 76
3.453 3.68059 0.903 0.169617 -0.985508 0.00209388 76 82 80
3.453 3.68069 0.909 0.0206093 -0.998094 0.0581674 79 85 83
3.453 3.68094 0.915 -0.0387801 -0.997306 0.0622711 82 89 88
3.45156 3.681 0.915 -0.0439437 -0.985204 0.165657 82 89 87
3.453 3.681 0.915122 -0.2385 -0.873991 0.423389 82 89 88
3.453 3.68411 0.867 0.272879 -0.947535 -0.166479 60 67 65
3.453 3.68385 0.873 0.226366 -0.943777 -0.240922 63 69 68
3.453 3.68384 0.921 -0.142932 -0.951501 0.272425 75 83 81
3.453 3.68513 0.927 -0.0594208 -0.984251 0.166493 80 87 85
3.453 3.68571 0.933 0.00572021 -0.995838 0.0909659 84 92 89
3.453 3.68614 0.939 0.0542398 -0.981435 0.183964 88 95 92
3.45098 3.687 0.945 0.204886 -0.951831 0.228122 89 96 93
3.453 3.687 0.943184 0.131335 -0.969611 0.206411 89 96 93
3.453 3.68654 0.957 -0.0282298 -0.999552 -0.0099251 97 105 102
3.45159 3.687 0.957 -0.263544 -0.959639 -0.0981747 95 103 100
3.453 3.687 0.9557 0.128391 -0.957878 -0.256876 95 103 100
3.453 3.68727 0.945 0.00206313 -0.988104 0.153774 89 96 93
3.453 3.68816 0.951 0.0036752 -0.99996 0.00810391 90 97 94
3.45368 3.681 0.879 0.286818 -0.823587 -0.489326 65 71 69
3.459 3.67933 0.885 0.0369313 -0.990997 -0.12869 67 73 69
3.459 3.681 0.881984 0.213377 -0.782338 -0.585164 69 74 71
3.459 3.67937 0.891 -0.0222969 -0.993437 0.112184 71 76 72
3.45464 3.681 0.897 0.307283 -0.945427 0.108371 71 76 73
3.459 3.681 0.894513 0.0563234 -0.889319 0.453805 67 72 68
3.45437 3.681 0.903 0.280307 -0.944251 -0.17268 74 80 77
3.459 3.68017 0.909 0.0434909 -0.997869 -0.0486503 79 85 83
3.459 3.681 0.906334 0.206096 -0.912641 -0.353003 74 79 77
3.459 3.68052 0.915 0.0148836 -0.998463 0.0533792 82 89 87
3.459 3.68076 0.921 0.00566544 -0.997773 0.0664619 84 91 89
3.45851 3.681 0.921 -0.429278 -0.836387 0.340848 83 90 88
3.459 3.681 0.922701 -0.3713 -0.903723 0.21312 85 92 90
3.459 3.68694 0.867 0.187887 -0.967928 -0.166774 57 64 62
3.459 3.68468 0.873 0.254176 -0.94439 -0.20862 63 68 67
3.459 3.68294 0.879 0.318564 -0.869781 -0.376827 70 75 73
3.459 3.68238 0.897 -0.0882707 -0.98684 0.135484 64 69 66
3.459 3.68247 0.903 0.0582092 -0.994903 -0.0823421 67 72 69
3.459 3.68216 0.927 -0.0253843 -0.979659 0.199058 87 94 92
3.459 3.68333 0.933 -0.0912018 -0.984792 0.147876 90 98 95
3.459 3.6843 0.939 -0.119117 -0.970985 0.207363 91 98 95
3.459 3.68632 0.945 -0.021841 -0.956054 0.292377 90 97 94
3.45577 3.687 0.945 -0.160646 -0.963638 0.21353 89 96 94
3.459 3.687 0.947145 -0.0240898 -0.977208 0.210912 90 97 94
3.45486 3.687 0.957 0.293545 -0.952748 0.0781228 95 102 100
3.459 3.68771 0.951 0.0231316 -0.991341 0.12926 90 97 94
3.459 3.68799 0.957 0.149805 -0.986235 0.0699881 91 97 95
3.291 3.73878 0.699 -0.498062 -0.655361 0.567836 149 154 155
3.28782 3.741 0.699 -0.714397 -0.412405 0.565296 135 138 138
3.291 3.741 0.701452 -0.56228 -0.5919 0.577492 151 156 158
3.28628 3.747 0.699 -0.869321 -0.222614 0.441276 119 121 119
3.291 3.74394 0.705 -0.613409 -0.610667 0.500814 149 155 157
3.28933 3.747 0.705 -0.772374 -0.389212 0.501949 137 141 143
3.291 3.747 0.708711 -0.690747 -0.557661 0.460308 145 152 155
3.297 3.72755 0.699 0 -0.523189 0.852216 136 142 145
3.29454 3.729 0.699 -0.340581 -0.0437488 0.939197 138 144 146
3.297 3.729 0.699891 -0.1399 -0.0791019 0.987001 143 149 152
3.29604 3.735 0.699 -0.548263 -0.513308 0.660245 148 154 157
3.297 3.735 0.699997 -0.494702 -0.472512 0.729385 150 158 160
3.297 3.73895 0.705 -0.507502 -0.661991 0.551552 161 169 173
3.2948 3.741 0.705 -0.536018 -0.652559 0.535585 157 164 167
3.297 3.741 0.707433 -0.489614 -0.682024 0.543251 158 167 171
3.297 3.74373 0.711 -0.519524 -0.693018 0.499821 155 164 169
3.29333 3.747 0.711 -0.555184 -0.658796 0.507699 148 156 160
3.297 3.747 0.715812 -0.562156 -0.685373 0.462866 150 159 165
3.29944 3.729 0.699 -0.160878 -0.519818 0.838992 138 145 148
3.303 3.73077 0.699 -0.09021 -0.822955 0.560899 140 146 151
3.303 3.73476 0.705 -0.259674 -0.704437 0.660558 160 168 173
3.30243 3.735 0.705 -0.460095 -0.680046 0.570832 160 168 173
3.303 3.735 0.705321 -0.214332 -0.71992 0.660134 160 168 173
3.303 3.74026 0.711 -0.233437 -0.729805 0.642567 153 162 169
3.30145 3.741 0.711 -0.429214 -0.711919 0.555829 154 163 169
3.303 3.741 0.711996 -0.237624 -0.787138 0.569165 152 162 168
3.303 3.7446 0.717 -0.308513 -0.788007 0.53279 147 157 166
3.29821 3.747 0.717 -0.4191 -0.762176 0.4934 148 158 165
3.303 3.747 0.721695 -0.407999 -0.812687 0.416025 142 152 162
3.309 3.72252 0.699 -0.106577 -0.721728 0.683923 117 124 128
3.30733 3.723 0.699 -0.317021 -0.0159568 0.948284 119 126 130
3.309 3.723 0.699557 -0.294296 -0.121317 0.947983 121 128 133
3.30867 3.729 0.699 -0.337791 0.0027519 0.941217 142 150 154
3.309 3.729 0.699149 -0.350089 -0.573704 0.740474 143 150 155
3.309 3.73315 0.705 -0.21481 -0.772196 0.597972 157 165 171
3.309 3.735 0.707134 -0.187144 -0.73276 0.654247 157 166 172
3.309 3.73844 0.711 -0.232333 -0.762829 0.603418 154 164 171
3.309 3.741 0.71415 -0.2402 -0.776605 0.582399 150 161 169
3.309 3.74302 0.717 -0.261231 -0.771904 0.579589 147 158 167
3.315 3.72165 0.699 -0.0233797 -0.713937 0.69982 113 120 124
3.315 3.723 0.700357 -0.0783829 -0.406608 0.910234 122 129 134
3.315 3.729 0.702069 -0.239855 -0.455305 0.857419 152 160 165
3.315 3.73179 0.705 -0.157627 -0.737649 0.656526 156 165 171
3.315 3.735 0.708488 -0.180266 -0.759527 0.624998 156 165 173
3.315 3.73656 0.711 -0.183778 -0.804708 0.56451 154 164 171
3.315 3.74086 0.717 -0.186788 -0.800383 0.569647 146 158 167
3.31458 3.741 0.717 -0.292697 -0.761159 0.578762 146 158 167
3.315 3.741 0.717206 -0.214896 -0.767352 0.604144 146 158 167
3.315 3.74558 0.723 -0.202557 -0.770666 0.604189 140 153 162
3.321 3.72184 0.699 0.163225 -0.688305 0.706819 115 121 125
3.321 3.723 0.700226 0.0592094 -0.537878 0.840941 122 128 133
3.321 3.729 0.702992 -0.0773424 -0.506525 0.85875 149 156 162
3.321 3.73063 0.705 -0.117999 -0.791457 0.599727 152 161 166
3.321 3.735 0.710377 -0.178904 -0.769172 0.613489 155 165 172
3.321 3.73544 0.711 -0.133731 -0.773994 0.618909 154 164 172
3.321 3.73986 0.717 -0.0983738 -0.800828 0.590759 148 159 168
3.321 3.741 0.718703 -0.0998377 -0.794255 0.599326 146 157 167
3.321 3.74429 0.723 -0.0745397 -0.809861 0.581867 141 152 162
3.32341 3.723 0.699 0.297701 -0.667337 0.682668 118 123 127
3.327 3.723 0.697657 0.0735706 -0.660777 0.746968 113 118 121
3.327 3.72446 0.699 -0.045498 -0.696176 0.716428 125 130 134
3.327 3.729 0.70343 0.0232093 -0.625855 0.779594 149 155 160
3.327 3.7303 0.705 -0.00507227 -0.831986 0.554774 153 160 165
3.327 3.73403 0.711 0.0502337 -0.797819 0.6008 155 164 171
3.32255 3.735 0.711 -0.187995 -0.771713 0.60755 155 164 172
3.327 3.735 0.712338 -0.0371474 -0.734668 0.677409 154 163 171
3.327 3.73951 0.717 -0.000330573 -0.789757 0.61342 148 159 167
3.327 3.741 0.718538 -0.0532099 -0.809381 0.584869 146 157 164
3.327 3.7438 0.723 -0.0529787 -0.81561 0.576172 140 152 160
3.333 3.72253 0.699 0 -0.791975 0.610553 114 118 121
3.33141 3.723 0.699 -0.22602 -0.692391 0.685207 115 120 123
3.333 3.723 0.699609 0.0672875 -0.565771 0.821812 117 122 125
3.333 3.729 0.702893 0.156545 -0.59904 0.785267 148 154 158
3.333 3.73045 0.705 0.197689 -0.733621 0.650169 151 158 162
3.32965 3.735 0.711 0.308781 -0.726691 0.613657 154 163 169
3.333 3.735 0.708859 0.25768 -0.688484 0.677932 156 164 169
3.333 3.73639 0.711 0.183167 -0.826532 0.532254 153 162 168
3.333 3.73928 0.717 0.198953 -0.854814 0.479282 148 157 164
3.333 3.741 0.719721 0.109364 -0.791081 0.601856 145 154 162
3.333 3.74403 0.723 0.232414 -0.714273 0.66015 142 151 159
3.3341 3.723 0.699 0.366898 -0.543922 0.754675 115 119 121
3.339 3.72626 0.699 -0.018898 -0.627646 0.778269 129 132 134
3.339 3.729 0.700862 0.14219 -0.639199 0.755782 142 146 149
3.339 3.73281 0.705 0.0694982 -0.690585 0.719904 155 160 164
3.339 3.735 0.70745 0.169234 -0.720444 0.672548 156 162 166
3.339 3.73824 0.711 0.208447 -0.782643 0.586531 152 160 165
3.3364 3.741 0.717 0.380017 -0.793871 0.474717 148 157 163
3.339 3.741 0.714918 0.266971 -0.804234 0.530975 149 157 163
3.339 3.74215 0.717 0.280131 -0.784101 0.553816 148 156 162
3.345 3.72545 0.699 0.216658 -0.685642 0.694949 120 123 124
3.345 3.729 0.7025 0.261645 -0.619415 0.74018 143 147 149
3.345 3.73262 0.705 0.441527 -0.549705 0.70914 156 161 163
3.345 3.735 0.706592 0.324352 -0.643428 0.693395 158 163 166
3.345 3.73937 0.711 0.446726 -0.670677 0.592139 153 160 163
3.345 3.741 0.713529 0.179104 -0.821455 0.541418 151 158 161
3.345 3.74337 0.717 0.164662 -0.814902 0.555716 148 155 159
3.34769 3.729 0.699 0.706167 -0.455435 0.542133 128 131 132
3.351 3.73476 0.699 0.71528 -0.417033 0.560765 152 155 155
3.34712 3.735 0.705 0.669205 -0.495256 0.553973 157 162 164
3.351 3.735 0.699343 0.682328 -0.537342 0.495674 153 156 156
3.351 3.74073 0.705 0.425212 -0.656817 0.622724 159 164 166
3.3467 3.741 0.711 0.620441 -0.644739 0.446503 152 158 161
3.351 3.741 0.705192 0.577958 -0.623347 0.52669 159 164 166
3.35158 3.735 0.699 0.231518 -0.692935 0.682818 153 155 156
3.357 3.73666 0.699 0.289552 -0.763491 0.57727 152 154 154
3.357 3.74043 0.705 0.343931 -0.785169 0.514995 150 154 155
3.357 3.741 0.705553 0.00735408 -0.662656 0.748888 150 154 155
3.3606 3.741 0.699 0.719536 -0.584212 0.375452 139 142 140
3.35739 3.741 0.705 0.752925 -0.512136 0.413303 149 153 154
3.297 3.74773 0.717 -0.457315 -0.756828 0.466984 148 158 164
3.135 3.67987 0.867 -0.558169 -0.817989 -0.139071 89 102 105
3.13402 3.681 0.867 -0.89355 -0.430817 -0.12635 88 100 103
3.135 3.681 0.863487 -0.610278 -0.74494 -0.269492 87 98 102
3.135 3.68217 0.861 -0.803234 -0.461212 -0.37696 85 96 99
3.13266 3.687 0.861 -0.933297 -0.168001 -0.317384 84 93 94
3.135 3.687 0.857083 -0.692509 -0.309686 -0.651557 84 93 94
3.13151 3.687 0.867 -0.915423 -0.307068 -0.260211 81 89 89
3.13346 3.693 0.861 -0.898909 -0.197233 -0.391231 82 89 89
3.135 3.693 0.857558 -0.643423 0.023345 -0.765154 84 91 92
3.12997 3.693 0.867 -0.971125 0.00308029 -0.238553 77 83 82
3.135 3.69534 0.855 -0.314288 -0.731153 -0.605506 80 87 87
3.13345 3.699 0.855 -0.919648 -0.00216327 -0.392737 76 81 80
3.135 3.699 0.849943 -1.03405e-16 0 -1 78 84 83
3.13115 3.699 0.861 -0.985617 0.0289345 -0.166498 79 84 81
3.13267 3.699 0.867 -0.991899 0.0918226 -0.087781 74 80 78
3.135 3.70177 0.855 0.305029 0.734873 -0.605739 72 77 75
3.13255 3.705 0.861 -0.92179 0.314983 -0.226029 73 75 71
3.135 3.705 0.85708 -0.567029 0.344346 -0.748268 69 72 69
3.1301 3.705 0.867 -0.917923 0.234506 -0.320039 78 79 74
3.135 3.70964 0.861 -0.741193 0.590098 -0.320026 73 75 71
3.135 3.70774 0.867 -0.67274 0.724707 -0.149064 72 75 71
3.135 3.71652 0.867 0 -1 0 73 73 67
3.13475 3.717 0.867 -1 0 3.59056e-18 74 74 68
3.135 3.717 0.866507 0 0 -1 74 74 68
3.135 3.71733 0.867 0 1 0 74 74 68
3.141 3.67757 0.861 -0.519809 -0.808777 -0.275096 89 103 107
3.13633 3.681 0.861 -0.582377 -0.628352 -0.515762 86 98 101
3.141 3.681 0.855921 -0.534652 -0.615194 -0.579383 89 101 104
3.141 3.67664 0.867 -0.472952 -0.86658 -0.159234 93 107 112
3.141 3.68238 0.855 -0.668801 -0.519863 -0.531459 88 100 103
3.13805 3.687 0.855 -0.788714 -0.336084 -0.51476 83 94 96
3.141 3.687 0.850052 -0.319767 -0.442618 -0.837758 84 94 96
3.141 3.68748 0.849 -0.350562 -0.596259 -0.722205 84 93 95
3.13787 3.693 0.849 -0.828957 -0.204006 -0.52078 83 91 91
3.141 3.693 0.845652 -0.139366 -0.331138 -0.933233 87 95 96
3.13659 3.693 0.855 -0.964136 0.265408 0.000452681 84 92 93
3.13694 3.699 0.849 -0.894282 0.434463 -0.107245 80 87 87
3.141 3.699 0.848137 -0.625509 0.192296 -0.756149 84 91 91
3.141 3.69732 0.855 -0.171735 0.979342 -0.106758 87 97 100
3.13855 3.699 0.855 0.808184 -0.164889 -0.565376 83 90 92
3.141 3.699 0.851165 -0.279188 0.463597 0.840911 85 94 95
3.141 3.699 0.8588 0.330246 0.101977 -0.93837 88 98 101
3.141 3.69786 0.867 0.0883956 0.994423 -0.0575164 86 96 98
3.13857 3.699 0.867 1 0 0 81 89 90
3.141 3.699 0.862988 0.652229 0 0.758022 88 97 99
3.141 3.70222 0.849 -0.746121 0.662678 -0.0645115 84 91 92
3.141 3.70096 0.855 -0.487057 -0.804402 -0.340167 87 95 97
3.1377 3.705 0.855 -0.761865 -0.21062 -0.612536 76 80 79
3.141 3.705 0.850148 -0.701653 0.145115 -0.697585 85 91 91
3.141 3.70371 0.867 0.0376225 -0.998992 -0.0244799 85 94 96
3.141 3.70736 0.843 -0.715326 -0.631889 0.29837 85 90 88
3.13848 3.711 0.843 -1 0 0 79 83 80
3.141 3.711 0.841203 -0.459031 0.101266 -0.88263 82 87 85
3.141 3.711 0.846037 -0.720533 0 0.693421 82 88 87
3.141 3.71005 0.855 -0.154954 0.740449 -0.654006 85 92 92
3.13707 3.711 0.861 -0.668607 0.732539 -0.127873 78 82 79
3.141 3.711 0.856073 -0.120303 0.875314 -0.46835 85 92 92
3.13777 3.711 0.867 -0.819435 0.545979 -0.174452 73 75 71
3.141 3.71365 0.843 -0.562323 0.784308 0.26202 82 85 82
3.141 3.71318 0.861 0.322767 0.897126 -0.30164 87 92 91
3.141 3.71675 0.867 -0.00111276 0.906214 -0.422818 96 99 95
3.13876 3.717 0.867 1 0 -5.7449e-17 88 90 85
3.147 3.67402 0.861 -0.282987 -0.943712 -0.171246 93 107 112
3.14497 3.675 0.861 -0.49692 -0.804516 -0.325308 92 106 111
3.147 3.675 0.858961 -0.271528 -0.768189 -0.579792 92 105 111
3.147 3.6732 0.867 -0.362095 -0.921848 -0.138141 96 111 116
3.14383 3.675 0.867 -0.496716 -0.858364 -0.128392 94 109 114
3.147 3.67874 0.855 -0.26661 -0.641453 -0.719345 91 102 107
3.14272 3.681 0.855 -0.326431 -0.645538 -0.690452 89 101 104
3.147 3.681 0.853611 -0.347017 -0.71828 -0.603036 90 101 105
3.147 3.68375 0.849 -0.345018 -0.748907 -0.565775 87 97 101
3.14141 3.687 0.849 -0.596105 -0.327518 -0.733069 84 94 95
3.147 3.687 0.845759 -0.498646 -0.0597388 -0.864745 87 96 99
3.147 3.69132 0.849 -0.504913 0.72861 -0.462808 95 106 108
3.14511 3.693 0.849 0.951505 -0.24364 -0.187821 94 105 106
3.147 3.69155 0.855 -0.463116 0.843344 -0.272569 93 106 110
3.14578 3.693 0.855 0.830252 0.4673 -0.303829 92 105 108
3.147 3.693 0.857234 0.263933 0.71706 -0.645109 95 108 112
3.147 3.6949 0.843 -0.691756 -0.681607 -0.238507 90 98 99
3.14479 3.699 0.843 -0.767402 -0.176915 -0.616275 86 93 93
3.147 3.699 0.841032 -0.234496 -0.364166 -0.90133 90 97 98
3.147 3.69519 0.849 -0.352385 -0.924786 -0.143511 97 109 111
3.147 3.69513 0.855 -0.71248 -0.659304 0.240188 93 106 109
3.14375 3.699 0.855 -0.828304 -0.494016 0.264311 90 100 103
3.147 3.69731 0.861 -0.24419 0.922216 -0.299815 95 107 111
3.14444 3.699 0.861 0.615546 0.593217 -0.518842 91 103 106
3.147 3.699 0.859395 -0.673917 -0.469597 0.570364 93 105 109
3.14361 3.699 0.867 -0.842625 0 -0.538501 89 99 101
3.147 3.699 0.862328 0.483407 0.680647 -0.550488 93 105 109
3.14347 3.705 0.843 -0.932932 -0.334899 -0.132216 89 96 94
3.147 3.705 0.837658 -0.38806 -0.15085 -0.909205 94 100 99
3.14454 3.705 0.849 -0.960072 0.0980491 -0.26201 86 93 95
3.147 3.69972 0.861 0.106172 -0.96437 0.242318 93 106 109
3.147 3.711 0.839995 -0.271652 0.354827 -0.894596 88 94 92
3.14425 3.711 0.849 -0.834348 0.248527 0.492035 85 91 93
3.147 3.70733 0.855 -0.16534 0.986236 0.000851966 94 104 106
3.147 3.711 0.851737 0.108352 0.732622 0.671956 95 105 108
3.147 3.70962 0.861 0.560388 0.821321 0.106754 102 112 113
3.14492 3.711 0.861 0.52471 0.840393 -0.135717 98 106 107
3.147 3.70611 0.867 0.704909 0.698254 0.124679 94 105 110
3.14267 3.711 0.867 0.805202 0.583721 0.104492 82 89 89
3.14601 3.717 0.843 -0.458973 0.73124 0.504611 82 86 85
3.147 3.717 0.842418 -0.253001 0.448554 -0.857199 83 87 86
3.147 3.71246 0.849 -0.190431 0.780214 0.59582 90 97 99
3.147 3.717 0.843532 0.358213 0.77618 0.518872 84 89 88
3.147 3.71728 0.843 -1.61937e-17 1 0 83 87 87
3.153 3.67282 0.861 -0.177045 -0.901694 -0.394464 96 109 114
3.153 3.675 0.857917 -0.188605 -0.826343 -0.530646 92 105 110
3.153 3.67195 0.867 -0.199224 -0.97037 -0.136718 100 114 119
3.153 3.67673 0.855 -0.271643 -0.761963 -0.587896 90 102 107
3.153 3.681 0.849538 -0.370027 -0.721276 -0.585526 88 98 101
3.153 3.68615 0.843 -0.338327 -0.720379 -0.605466 87 94 96
3.15199 3.687 0.843 -0.71031 0.141639 -0.689491 87 95 97
3.153 3.687 0.842435 -0.117814 -0.134095 -0.98394 87 95 96
3.153 3.68175 0.849 -0.328965 -0.759796 -0.560795 88 98 101
3.15016 3.693 0.843 -0.713352 -0.500801 -0.490231 90 98 100
3.153 3.693 0.841295 -0.119763 -0.32325 -0.938704 90 96 98
3.14989 3.693 0.849 -0.933673 -0.227991 -0.276179 98 109 112
3.14782 3.693 0.855 -0.97219 -0.203327 -0.116207 95 109 112
3.153 3.699 0.839853 -0.197546 -0.2068 -0.958233 96 105 105
3.1478 3.699 0.861 -0.682074 0.628207 0.374341 94 107 111
3.153 3.705 0.838706 -0.118588 -0.26947 -0.955679 95 103 104
3.153 3.70097 0.861 -0.143881 0.965982 0.214889 101 116 122
3.14914 3.705 0.861 0.876055 0.0774444 0.475952 97 111 116
3.153 3.705 0.857346 0.47373 0.393835 0.787702 101 115 120
3.153 3.70068 0.867 -0.0379295 0.999196 0.0130249 104 119 124
3.14851 3.705 0.867 0.874397 0.481492 -0.0599637 96 109 114
3.153 3.711 0.837559 0.227455 0.537258 -0.812169 94 98 98
3.153 3.70971 0.849 -0.00921453 0.956547 0.291433 116 130 134
3.15139 3.711 0.849 0.415062 0.759262 0.501243 112 125 129
3.153 3.711 0.846157 0.556706 0.785707 0.269708 105 116 120
3.153 3.71013 0.855 0.358718 0.83855 0.410068 116 129 134
3.153 3.71583 0.831 0 -1 0 94 98 96
3.15083 3.717 0.831 -1 -2.64765e-17 0 92 96 93
3.153 3.717 0.83025 0 0 -1 93 97 94
3.153 3.717 0.83142 0 0 1 94 99 96
3.153 3.71163 0.843 0.673062 0.739586 5.52555e-18 89 97 99
3.14748 3.717 0.843 0.674163 0.738583 5.36788e-18 85 90 89
3.153 3.71925 0.831 -6.21038e-17 1 0 94 98 95
3.153 3.72766 0.831 0 -1 0 98 101 97
3.1518 3.729 0.831 -1 0 0 97 99 96
3.153 3.729 0.830325 -1.77488e-17 0 -1 98 101 97
3.153 3.729 0.83182 0 0 1 98 101 98
3.153 3.72946 0.831 -2.14687e-17 1 0 97 100 96
3.159 3.67127 0.861 -0.171035 -0.885405 -0.432209 98 112 116
3.159 3.675 0.855027 -0.278599 -0.815084 -0.507957 90 103 106
3.159 3.6787 0.849 -0.279657 -0.800498 -0.530089 86 96 98
3.15388 3.681 0.849 -0.402782 -0.715283 -0.571085 87 97 100
3.159 3.681 0.845429 -0.228987 -0.743197 -0.628668 85 94 96
3.159 3.67501 0.855 -0.239443 -0.828779 -0.505758 90 103 106
3.159 3.68317 0.843 -0.252811 -0.647286 -0.719102 85 93 94
3.159 3.687 0.840923 -0.191159 -0.166704 -0.967299 87 93 94
3.159 3.693 0.842561 -0.208671 -0.187784 -0.959788 94 103 103
3.159 3.699 0.838558 -0.295568 -0.417407 -0.859308 94 102 102
3.159 3.70325 0.837 -0.492039 -0.3333 -0.804244 94 101 102
3.15762 3.705 0.837 0.198855 0.375859 -0.905089 94 102 102
3.159 3.705 0.835471 -0.679986 -0.172175 -0.712723 95 102 102
3.159 3.70235 0.855 0.0293106 0.888483 0.457973 102 116 122
3.15576 3.705 0.855 0.553722 0.427316 0.714698 101 114 120
3.159 3.705 0.852697 -0.0487762 0.35569 0.93333 101 115 122
3.159 3.70198 0.861 -0.308387 0.950112 0.0467293 94 109 114
3.159 3.70308 0.867 -0.154793 0.987136 0.040015 107 124 130
3.159 3.70863 0.831 0 -1 0 98 102 100
3.15776 3.711 0.831 -1 4.32307e-17 0 98 102 100
3.159 3.711 0.830051 -7.28975e-18 0 -1 98 102 100
3.159 3.70533 0.837 -0.172643 0.912671 -0.37044 95 103 104
3.159 3.711 0.831599 -7.28975e-18 0 1 100 104 103
3.159 3.70893 0.843 0.0507415 0.862251 -0.503932 112 122 125
3.15407 3.711 0.843 0.409518 0.912302 7.48961e-18 93 101 104
3.15349 3.711 0.849 -0.474277 0.85911 0.192333 121 136 140
3.159 3.711 0.844868 -0.420487 0.706613 -0.569112 122 134 138
3.159 3.711 0.85462 -0.67723 0.425926 0.599955 106 121 128
3.159 3.7118 0.831 0 1 0 98 103 101
3.15374 3.717 0.831 1 1.32382e-17 0 94 99 96
3.159 3.71377 0.849 -0.531538 0.838588 -0.119317 113 126 131
3.159 3.72003 0.843 7.96207e-17 -1 0 120 130 133
3.15768 3.723 0.843 -1 0 0 118 127 130
3.159 3.723 0.839797 -7.70467e-17 0 -1 114 123 126
3.159 3.723 0.844327 2.56822e-17 0 1 116 126 130
3.159 3.7224 0.867 -0.870752 -0.363054 0.331635 105 120 125
3.15886 3.723 0.867 -1 0 0 105 120 125
3.159 3.723 0.866856 -0.774824 -0.231917 -0.5881 105 120 125
3.15345 3.729 0.831 1 1.95913e-17 0 99 102 99
3.159 3.72354 0.843 0 1 0 116 125 129
3.159 3.72314 0.867 -0.799372 0.598452 -0.0534764 105 120 125
3.165 3.67272 0.855 -0.17544 -0.929234 -0.325185 91 103 107
3.15903 3.675 0.855 -0.296954 -0.781196 -0.549137 90 103 106
3.165 3.675 0.851778 -0.171028 -0.793011 -0.584708 89 100 102
3.165 3.67209 0.861 -0.0550957 -0.993063 -0.103881 99 113 116
3.165 3.67694 0.849 -0.184592 -0.812513 -0.552945 87 96 98
3.165 3.681 0.843931 -0.219616 -0.714537 -0.664233 85 93 94
3.165 3.68313 0.843 -0.0864719 -0.504216 -0.859237 86 95 95
3.165 3.687 0.841184 -0.120977 -0.32673 -0.937343 89 97 97
3.165 3.693 0.83879 -0.279997 -0.418845 -0.863811 90 97 96
3.165 3.69377 0.837 -0.371339 -0.669094 -0.643755 89 95 94
3.16083 3.699 0.837 -0.666472 -0.421541 -0.614913 94 101 101
3.165 3.699 0.83239 -0.393399 -0.487772 -0.779305 94 98 97
3.165 3.70493 0.831 -0.201791 -0.222523 -0.953816 97 101 99
3.16496 3.705 0.831 -0.58911 -0.180141 -0.787717 98 102 100
3.165 3.705 0.83099 -0.428574 -0.247924 -0.868826 98 102 100
3.1627 3.705 0.855 -0.858078 0.305245 0.41295 107 122 130
3.1638 3.705 0.861 -0.937906 0.00585384 0.346841 116 134 141
3.165 3.70253 0.867 -0.359983 0.931674 0.0489499 123 142 149
3.165 3.705 0.863655 -0.907493 -0.135692 0.397547 119 138 145
3.165 3.70508 0.831 -0.567834 0.820707 0.0632825 98 102 100
3.16235 3.711 0.831 1 0 0 103 108 105
3.165 3.70643 0.837 -0.34339 0.794195 -0.501336 97 105 106
3.16161 3.711 0.843 -0.765749 0.265334 -0.585856 120 131 135
3.165 3.711 0.840847 -0.413689 0.360527 -0.835991 116 127 130
3.15939 3.711 0.855 -0.939634 0.0644068 0.336066 106 121 128
3.16102 3.711 0.861 -0.977737 0.12416 0.169158 110 126 133
3.165 3.70827 0.867 -0.875166 -0.386648 0.290841 118 137 144
3.16373 3.711 0.867 -0.868855 -0.377539 0.320242 115 134 141
3.165 3.71493 0.825 0 -1 0 97 100 98
3.16375 3.717 0.825 -0.979775 -0.132001 -0.150391 97 100 98
3.165 3.717 0.823658 0.0689932 -0.0230646 -0.99735 99 101 99
3.165 3.717 0.829955 -0.0981618 -0.0471471 0.994053 107 113 112
3.16001 3.717 0.843 -0.937263 0.15057 -0.314431 119 129 133
3.165 3.717 0.841004 -0.445372 0.131524 -0.885633 113 123 127
3.16291 3.717 0.849 -0.950067 0.239295 0.200279 103 115 122
3.16375 3.717 0.855 -0.964845 0.169453 0.200897 105 118 125
3.165 3.71667 0.861 -0.814186 0.557861 0.160908 107 122 129
3.165 3.717 0.860483 -0.961165 -0.167516 0.219316 106 121 128
3.16129 3.717 0.867 -0.980508 -0.196149 0.0113618 110 126 132
3.165 3.717 0.861327 -0.815556 0.0237648 -0.57819 107 122 129
3.16365 3.723 0.825 -0.961184 0.182006 0.207363 104 108 106
3.165 3.723 0.824689 -0.359015 0.12002 -0.925583 107 111 109
3.165 3.723 0.825503 0.745334 0.357984 0.562428 107 111 110
3.165 3.72006 0.843 -0.440218 0.60596 -0.662586 114 123 128
3.16003 3.723 0.843 1 1.33142e-17 0 118 128 131
3.1613 3.723 0.849 -0.962127 0.176546 -0.207708 104 114 120
3.165 3.723 0.845764 -0.564295 0.492417 -0.662644 108 117 123
3.16235 3.723 0.855 -0.952902 -0.222089 0.20653 104 116 123
3.165 3.7175 0.861 -0.976079 -0.217415 0 106 121 128
3.1639 3.723 0.861 -0.995844 -0.0618922 -0.066809 105 119 125
3.165 3.7233 0.825 0 1 0 107 110 109
3.165 3.72844 0.843 -0.856004 -0.51697 0 105 113 118
3.16472 3.729 0.843 -0.988663 -0.147893 -0.0259575 103 112 116
3.165 3.729 0.840884 -0.904034 -0.40412 -0.13932 107 115 119
3.165 3.72813 0.849 -0.592324 0.436121 -0.67746 104 113 119
3.165 3.729 0.845048 -0.907482 -0.396709 0.1382 104 113 118
3.16095 3.729 0.855 -0.95886 0.283604 -0.0124759 104 115 120
3.165 3.729 0.849709 -0.655784 0.558731 -0.507707 104 114 119
3.16289 3.729 0.861 -0.993681 0.102867 0.0449126 104 117 123
3.16369 3.729 0.867 -0.987199 0.159199 0.0096475 102 116 121
3.16363 3.735 0.843 -0.992077 0.0208884 -0.123883 99 106 110
3.165 3.735 0.841635 -0.888248 0.0233228 -0.458772 101 108 113
3.165 3.7328 0.849 -0.973528 -0.13869 0.181679 103 112 117
3.16469 3.735 0.849 -0.969795 -0.16606 0.178669 102 110 115
3.165 3.73261 0.855 -0.6562 0.735298 -0.169521 102 113 119
3.165 3.735 0.849628 -0.908058 -0.167821 0.383754 103 112 117
3.165 3.7316 0.861 -0.721906 0.691303 0.0308663 103 116 122
3.16293 3.735 0.867 -0.97826 0.158221 -0.134063 101 114 118
3.165 3.735 0.864237 -0.665461 0.539087 -0.516281 103 115 120
3.165 3.73637 0.843 -0.576677 0.576677 -0.578695 99 106 110
3.16361 3.741 0.849 -0.992787 0.0522488 0.107905 97 105 109
3.165 3.741 0.847614 -0.594892 0.567629 -0.569123 98 105 110
3.165 3.741 0.852433 -0.926794 0.031837 0.374219 101 110 115
3.165 3.73715 0.867 -0.612671 0.589923 -0.525952 101 114 118
3.165 3.74239 0.849 -0.668221 0.577446 -0.469081 97 105 109
3.171 3.67171 0.855 -0.0924109 -0.869211 -0.485728 94 106 108
3.171 3.675 0.85069 -0.0436273 -0.804988 -0.591685 89 99 101
3.171 3.67061 0.861 -0.201398 -0.969521 -0.139527 103 116 118
3.171 3.67982 0.843 -0.0741115 -0.811871 -0.579114 86 93 93
3.16664 3.681 0.843 -0.273917 -0.440602 -0.854891 85 93 93
3.171 3.681 0.842046 -0.0665596 -0.531207 -0.844624 86 93 93
3.171 3.67653 0.849 -0.0931244 -0.839573 -0.535206 87 96 98
3.171 3.687 0.839454 -0.384173 -0.2184 -0.897058 89 95 95
3.171 3.693 0.839124 -0.288711 -0.294491 -0.911 93 100 99
3.171 3.69397 0.837 -0.0907223 -0.771521 -0.629702 95 101 99
3.171 3.699 0.831109 -0.12525 -0.671319 -0.730509 94 97 95
3.171 3.69952 0.831 -0.101004 -0.154876 -0.982757 94 97 95
3.171 3.705 0.830391 0.0610819 -0.50296 -0.862148 98 101 98
3.16638 3.705 0.867 -0.999969 0.00730993 0.00283704 121 140 147
3.171 3.70871 0.825 -0.29257 -0.698143 -0.653451 101 102 99
3.16728 3.711 0.825 -0.898502 0.367123 -0.240655 99 101 98
3.171 3.711 0.821887 3.7252e-17 0 -1 102 103 100
3.16699 3.711 0.831 -0.902316 0.426394 0.0633603 106 111 109
3.171 3.70984 0.837 -0.542288 0.833449 0.106234 108 118 118
3.171 3.711 0.834598 0.413987 0.819067 0.397171 109 117 117
3.171 3.711 0.837622 -0.416636 0.4397 -0.795663 113 123 124
3.171 3.71409 0.825 0.112137 0.988659 -0.0998913 104 107 104
3.16653 3.717 0.825 0.996177 -0.0256765 0.083498 99 103 101
3.171 3.71264 0.831 -0.230707 0.951072 0.205513 107 113 112
3.171 3.717 0.839827 -0.353878 0.0929101 -0.930665 102 110 115
3.16523 3.717 0.861 -1 1.87562e-17 0 106 122 129
3.16575 3.723 0.825 0.807592 0.173341 -0.563691 107 111 109
3.171 3.72141 0.831 -0.495724 -0.832431 -0.247623 116 123 124
3.16949 3.723 0.831 -0.826072 -0.0560929 -0.560765 117 124 125
3.171 3.723 0.828925 -0.327353 -0.143631 -0.933922 115 120 121
3.171 3.72046 0.837 -0.634133 -0.667712 -0.389917 101 110 115
3.16733 3.723 0.837 -0.833186 -0.546662 -0.0834419 108 115 120
3.16834 3.723 0.843 -0.948011 -0.0977051 -0.302869 106 114 119
3.171 3.72591 0.831 -0.538263 0.356603 -0.763614 117 125 126
3.16563 3.729 0.837 -0.931347 -0.0458378 -0.361237 112 117 121
3.171 3.729 0.831786 -0.666717 0.124509 -0.734837 117 124 126
3.16563 3.729 0.849 -0.940408 -0.327239 -0.0924574 104 113 119
3.171 3.7325 0.831 -0.611795 -0.265786 -0.745027 120 127 128
3.16934 3.735 0.831 -0.907758 0.00257924 -0.419487 119 125 125
3.171 3.735 0.830315 -0.266034 -0.0517141 -0.962576 120 126 127
3.17016 3.735 0.837 -0.976422 0.0828639 0.199333 110 114 118
3.16723 3.741 0.831 -0.96999 0.0598302 -0.235669 118 123 124
3.171 3.741 0.829855 -0.100538 0.0944121 -0.990444 117 122 123
3.16926 3.741 0.837 -0.964992 -0.173308 0.196861 107 110 114
3.171 3.74215 0.831 -0.113498 0.588526 -0.800472 116 122 123
3.1681 3.747 0.837 -0.963586 0.256509 -0.0755376 93 98 102
3.171 3.747 0.834097 -0.442538 0.602315 -0.664362 98 103 106
3.16888 3.741 0.843 -0.977859 0.104462 -0.181325 96 102 106
3.16835 3.747 0.843 -0.972958 0.204118 -0.108118 94 100 103
3.16886 3.747 0.849 -0.994231 0.100147 -0.0384148 94 101 105
3.36767 3.681 0.855 0.156616 -0.98766 0.000129596 53 62 65
3.369 3.681 0.863237 0.0756232 -0.991737 -0.103624 52 63 66
3.369 3.68357 0.849 0.0435084 -0.871895 -0.487757 51 59 61
3.369 3.687 0.844779 0.0325425 -0.72483 -0.688158 52 58 59
3.369 3.68125 0.855 0.0629456 -0.975245 -0.211979 53 62 65
3.369 3.68125 0.861 0.0439915 -0.998543 -0.0312554 52 62 65
3.369 3.68989 0.843 0.00711312 -0.800501 -0.59929 50 56 57
3.369 3.693 0.837278 -0.0451994 -0.668405 -0.742423 53 57 56
3.369 3.69308 0.837 -0.574391 -0.497161 -0.650313 53 57 56
3.36421 3.699 0.837 -0.654154 -0.162951 -0.7386 47 52 52
3.369 3.699 0.832503 -0.0603317 -0.492237 -0.868368 56 58 55
3.369 3.70205 0.831 0.158215 -0.463794 -0.871701 57 58 54
3.369 3.705 0.829893 0.226642 -0.432355 -0.872756 59 59 55
3.36517 3.705 0.837 -0.894742 -0.435763 -0.0977127 38 44 48
3.369 3.711 0.827356 0.0697046 -0.156632 -0.985194 60 61 59
3.369 3.717 0.827077 0.162649 -0.364137 -0.917033 57 59 58
3.369 3.71982 0.825 0.119358 -0.421874 -0.898764 54 55 53
3.369 3.723 0.823599 -0.126295 -0.185339 -0.974525 57 57 55
3.369 3.72733 0.825 -0.124218 0.319615 -0.93937 40 44 46
3.36751 3.729 0.825 0.467504 0.3094 -0.828077 36 41 44
3.369 3.72982 0.819 -0.0444705 -0.500428 -0.864635 66 69 65
3.369 3.735 0.816721 0.0510114 -0.270658 -0.961323 78 78 73
3.369 3.741 0.81609 0.0988216 -0.161013 -0.981992 72 73 69
3.375 3.68445 0.849 0.077309 -0.884388 -0.460305 50 58 60
3.375 3.687 0.845103 0.0797246 -0.759833 -0.645211 51 57 58
3.375 3.68176 0.855 0.107019 -0.96144 -0.253337 53 62 65
3.375 3.68145 0.861 0.0393906 -0.998648 -0.0339253 53 62 65
3.375 3.69228 0.837 0.0302225 -0.876964 -0.479606 54 57 56
3.36941 3.693 0.837 -0.119771 -0.637522 -0.761066 53 57 56
3.375 3.693 0.836142 0.207259 -0.338978 -0.917681 54 58 56
3.375 3.68891 0.843 0.0636239 -0.799373 -0.597458 51 57 57
3.375 3.699 0.834954 0.435051 0.0671811 -0.897896 53 56 55
3.37146 3.705 0.831 0.649997 -0.535094 -0.53961 54 55 51
3.375 3.70447 0.837 0.597783 0.0314729 -0.80104 27 31 33
3.37487 3.705 0.837 0.865503 -7.35947e-17 -0.500904 25 30 31
3.375 3.705 0.837124 0.129605 -0.0274132 -0.991187 25 29 31
3.375 3.70717 0.831 0.40522 -0.743596 -0.531847 51 53 51
3.375 3.711 0.827944 0.146789 -0.3634 -0.919996 59 61 58
3.375 3.70521 0.837 0.443776 -0.842699 -0.30483 25 30 31
3.375 3.717 0.828349 -0.0511794 -0.242625 -0.968769 56 58 56
3.375 3.7211 0.825 -0.013296 -0.637761 -0.77012 60 60 55
3.375 3.723 0.822635 -0.00249141 -0.583602 -0.812036 61 61 57
3.375 3.72887 0.819 -0.356302 -0.311127 -0.88105 54 55 53
3.37431 3.729 0.819 -0.0797468 -0.487508 -0.869469 55 56 54
3.375 3.729 0.818945 0.0545072 -0.247721 -0.967297 54 55 53
3.36963 3.729 0.825 -0.730383 0.155616 -0.665074 35 40 43
3.369 3.729 0.825811 -0.756196 0.286056 -0.588507 35 40 43
3.375 3.735 0.8175 0.317894 -0.205469 -0.925595 74 75 71
3.375 3.741 0.815113 0.236136 -0.260149 -0.936249 74 74 70
3.381 3.681 0.86462 -0.00868706 -0.981739 -0.190032 55 64 66
3.381 3.68445 0.849 0.058816 -0.902549 -0.426552 50 57 59
3.381 3.687 0.84602 0.121561 -0.652823 -0.747693 50 56 57
3.381 3.68274 0.855 0.0819591 -0.963728 -0.253992 52 60 63
3.381 3.68159 0.861 0.0446097 -0.991111 -0.125337 53 63 65
3.37889 3.693 0.837 0.365702 -0.499347 -0.785439 51 55 54
3.381 3.69083 0.843 0.237407 -0.78122 -0.57735 51 56 56
3.381 3.693 0.838803 0.41384 -0.462535 -0.78409 51 55 54
3.37828 3.699 0.837 0.434749 0.0465374 -0.899349 45 49 50
3.381 3.699 0.83798 -0.00124902 -0.153427 -0.988159 44 48 48
3.381 3.69984 0.837 -0.429985 -0.549766 -0.716149 44 48 48
3.37511 3.705 0.837 -0.484105 -0.463748 -0.742011 25 30 31
3.381 3.705 0.833374 -0.0972216 -0.445387 -0.890044 52 54 51
3.381 3.71016 0.831 0.0689918 -0.630419 -0.773183 53 56 54
3.381 3.711 0.830599 0.0653992 -0.542729 -0.837358 55 57 55
3.381 3.717 0.825998 0.075033 -0.46043 -0.884519 59 62 59
3.381 3.7194 0.825 -0.0754446 -0.489314 -0.868838 59 60 57
3.381 3.723 0.823786 0.126413 -0.476055 -0.870282 59 58 54
3.381 3.7289 0.819 0.0822881 -0.577773 -0.812039 61 60 56
3.381 3.729 0.81895 0.187368 -0.0531742 -0.98085 61 60 56
3.381 3.72908 0.819 0.5917 0.408682 -0.694889 61 60 56
3.37699 3.735 0.819 0.593764 0.173886 -0.785626 63 65 61
3.381 3.74002 0.813 0 0 0 65 66 61
3.37763 3.741 0.819 0.74866 -0.167449 -0.641459 73 74 66
3.387 3.681 0.864838 0.0733756 -0.965087 -0.251443 56 65 66
3.387 3.68518 0.849 0.0695055 -0.897784 -0.434917 50 57 60
3.387 3.687 0.846693 0.0936556 -0.610731 -0.78628 50 56 58
3.387 3.68308 0.855 0.0595672 -0.966297 -0.250443 52 60 63
3.387 3.68201 0.861 0.0518756 -0.980927 -0.187327 55 63 65
3.38691 3.693 0.843 0.272029 -0.740583 -0.614441 47 51 52
3.387 3.693 0.843045 0.429224 -0.271842 -0.861318 47 51 52
3.387 3.69482 0.837 -0.201953 -0.800217 -0.564684 49 52 50
3.38278 3.699 0.837 -0.246632 -0.592754 -0.766691 44 48 48
3.387 3.699 0.834532 0.0366383 -0.196965 -0.979726 52 54 52
3.387 3.69302 0.843 0.0991477 -0.825307 -0.555913 47 51 52
3.387 3.705 0.836384 0.321543 -0.234604 -0.917372 55 58 59
3.387 3.71025 0.831 0.0576068 -0.777263 -0.626533 53 55 53
3.387 3.711 0.827753 -0.0269632 -0.315086 -0.94868 58 60 57
3.387 3.717 0.827759 0.205839 -0.427133 -0.880448 62 64 61
3.387 3.72023 0.825 0.159999 -0.516492 -0.841211 67 68 64
3.387 3.723 0.823212 0.228351 -0.276031 -0.933629 69 70 66
3.38113 3.729 0.819 0.351743 -0.588232 -0.72819 61 60 56
3.387 3.729 0.82182 0.278916 -0.378534 -0.882563 48 50 48
3.387 3.73181 0.819 -0.219826 -0.633757 -0.741639 65 64 58
3.38449 3.735 0.819 -0.736375 0 -0.676574 60 60 55
3.387 3.735 0.816271 -0.246699 -0.487419 -0.837593 71 69 63
3.387 3.73811 0.819 -0.63326 0.510345 -0.581833 72 71 62
3.393 3.68543 0.849 0.0431259 -0.89048 -0.452974 51 58 59
3.393 3.687 0.847548 0.236116 -0.167542 -0.957172 51 57 58
3.393 3.68342 0.855 0.0187616 -0.966302 -0.256725 54 62 64
3.393 3.68214 0.861 0.0295594 -0.984939 -0.170357 56 64 66
3.393 3.6916 0.843 -0.0307263 -0.999415 0.0150113 51 55 55
3.38709 3.693 0.843 -0.297476 -0.941972 -0.155555 47 51 52
3.393 3.693 0.840747 0.162659 -0.68967 -0.705619 50 54 53
3.393 3.69114 0.849 0.482404 0.327044 -0.812606 46 52 54
3.3919 3.693 0.849 0.737738 4.68574e-17 -0.675087 44 50 52
3.393 3.693 0.847075 -0.250171 -0.875026 0.414419 46 51 53
3.393 3.693 0.849601 1.24768e-17 0 -1 44 50 53
3.393 3.69642 0.837 0.164248 -0.726585 -0.667155 49 51 49
3.393 3.699 0.835572 0.255824 0.13695 -0.956974 52 53 51
3.393 3.69444 0.849 -3.663e-05 -1 -7.6196e-05 41 47 49
3.393 3.7022 0.837 0.374394 0.35525 -0.85652 50 52 52
3.38943 3.705 0.837 0.278531 0.190743 -0.941296 53 56 57
3.393 3.705 0.838085 0.0765483 -0.135087 -0.987872 47 50 51
3.393 3.70904 0.831 -0.212978 -0.890707 -0.401598 63 64 61
3.393 3.711 0.828246 -0.0432712 -0.0894782 -0.995048 63 64 61
3.393 3.70605 0.837 -0.0247815 -0.82514 -0.564385 50 53 54
3.393 3.717 0.830355 0.127233 -0.228075 -0.965295 37 40 41
3.39123 3.723 0.825 0.392989 -0.405877 -0.82512 62 63 61
3.393 3.723 0.825983 0.200974 -0.584928 -0.785792 56 57 57
3.3923 3.729 0.825 0.457485 -0.142622 -0.877705 25 30 33
3.393 3.73205 0.819 0.13512 -0.630644 -0.764219 70 69 63
3.393 3.735 0.81662 0.242208 -0.600038 -0.762424 73 70 64
3.399 3.68605 0.849 0.031518 -0.913148 -0.406407 52 58 59
3.399 3.687 0.847843 -0.127647 -0.33489 -0.933571 52 57 58
3.399 3.68321 0.855 0.0969299 -0.955183 -0.279695 54 61 63
3.399 3.68233 0.861 0.072725 -0.982228 -0.173027 55 63 65
3.399 3.69262 0.843 -0.35441 -0.893999 -0.274151 50 55 54
3.399 3.693 0.842772 0.235294 -0.616832 -0.751102 50 54 54
3.39703 3.693 0.849 -0.413888 -0.616155 -0.670112 46 52 54
3.39569 3.699 0.837 0.487522 -0.329351 -0.80861 46 48 47
3.399 3.699 0.83867 0.141064 -0.343504 -0.928497 44 47 47
3.399 3.705 0.837165 -0.0672996 -0.270214 -0.960445 42 44 43
3.399 3.70649 0.831 0.0487907 -0.822386 -0.566834 61 60 57
3.399 3.711 0.828135 0.0717708 -0.156328 -0.985094 66 66 63
3.399 3.70508 0.837 -0.159531 -0.928429 -0.335515 43 45 44
3.399 3.717 0.829913 -0.0515182 -0.0980294 -0.993849 39 41 41
3.399 3.723 0.825926 0.0476205 -0.564978 -0.82373 70 70 67
3.399 3.72349 0.825 -0.247612 -0.531796 -0.809865 73 73 70
3.39337 3.729 0.825 -0.472827 -0.483657 -0.736554 26 31 34
3.399 3.729 0.821385 -0.150794 -0.530445 -0.8342 70 68 66
3.39721 3.735 0.819 0.408791 -0.556054 -0.723668 62 62 58
3.399 3.73646 0.819 0.421411 -0.515639 -0.746009 61 61 58
3.405 3.68497 0.849 0.0302916 -0.938537 -0.343846 54 60 60
3.405 3.687 0.846154 0.106456 0 -0.994317 53 58 58
3.405 3.68443 0.855 0.00465909 -0.980526 -0.196336 54 61 62
3.405 3.68334 0.861 0.0791488 -0.977666 -0.194691 56 64 65
3.39924 3.693 0.843 0.693558 -0.603658 -0.393159 50 54 54
3.405 3.69071 0.849 0.447676 0.419572 -0.789649 50 56 57
3.39994 3.693 0.849 0.802007 -3.5167e-17 -0.597314 47 53 55
3.405 3.693 0.850734 0.0413167 -0.0542491 -0.997672 48 55 55
3.405 3.69613 0.843 0.147224 -0.937558 -0.315135 44 48 49
3.405 3.699 0.839017 0.155808 -0.466722 -0.870571 44 47 47
3.405 3.6957 0.849 0.0748656 -0.950737 -0.300821 41 47 48
3.405 3.705 0.837202 0.283004 -0.311955 -0.906969 45 46 45
3.405 3.70988 0.831 0.231709 -0.725523 -0.648019 54 55 53
3.405 3.711 0.829677 0.158404 -0.327186 -0.931589 59 59 57
3.405 3.70543 0.837 0.360147 -0.869663 -0.33761 45 46 45
3.405 3.717 0.828708 0.0734826 -0.185402 -0.979911 54 54 54
3.405 3.723 0.827465 -0.0859811 -0.33716 -0.937513 61 60 58
3.405 3.72358 0.825 0.0184867 -0.524219 -0.851383 77 75 71
3.405 3.729 0.821778 -0.0670246 -0.408065 -0.910489 65 64 61
3.411 3.681 0.866242 0.105829 -0.935788 -0.336306 59 68 67
3.4098 3.687 0.849 0.520392 -0.414185 -0.746755 50 57 58
3.411 3.68404 0.855 0.0935288 -0.95467 -0.282591 53 61 61
3.411 3.687 0.850178 0.355787 -0.352253 -0.86564 50 56 58
3.411 3.68293 0.861 -0.00822057 -0.969201 -0.246133 56 65 65
3.411 3.68873 0.849 0 -0.577591 -0.816326 49 56 57
3.40801 3.693 0.849 -0.553641 -0.540438 -0.633568 48 55 55
3.411 3.693 0.845933 0.228614 -0.739656 -0.632965 50 54 54
3.411 3.69475 0.843 0.00985824 -0.861178 -0.508208 48 52 51
3.411 3.699 0.839514 0.129545 -0.261287 -0.956529 47 49 49
3.411 3.705 0.840475 0.218717 -0.155875 -0.963258 53 58 58
3.411 3.70199 0.849 -6.97207e-17 1 0 34 39 40
3.40976 3.705 0.849 1 0 0 32 38 39
3.411 3.705 0.847646 0 0 1 38 44 45
3.411 3.705 0.8508 1.39565e-17 0 -1 34 40 41
3.411 3.71012 0.831 0.324713 -0.878535 -0.350339 54 55 53
3.411 3.711 0.830277 0.269146 -0.0276626 -0.962702 56 56 54
3.41003 3.711 0.837 0.900491 -0.424356 -0.0950722 41 44 45
3.411 3.711 0.835091 0.897352 -0.253434 0.361291 45 47 47
3.411 3.711 0.837923 0.332086 -0.514084 -0.790845 40 43 45
3.411 3.70593 0.849 1.74302e-17 -1 0 33 40 41
3.411 3.71406 0.831 0.846112 0.533004 0 46 47 47
3.40949 3.717 0.831 0.78459 0.0384488 -0.618821 41 41 43
3.411 3.71154 0.837 -0.0507769 -0.758798 -0.649344 41 43 45
3.411 3.717 0.83202 -1.01565e-16 -0.694936 -0.719072 40 41 42
3.411 3.71775 0.831 0.167808 -0.720166 -0.673202 41 42 43
3.411 3.723 0.825481 0.0171226 -0.567753 -0.823021 78 76 72
3.411 3.72348 0.825 0.0764553 -0.508088 -0.857905 80 78 74
3.411 3.729 0.82174 0.146689 -0.449916 -0.880941 76 74 70
3.411 3.735 0.819101 -0.0717113 -0.419389 -0.90497 64 63 60
3.405 3.735 0.821415 -0.359279 -0.0562922 -0.931531 56 57 54
3.417 3.68461 0.855 -0.00740003 -0.94779 -0.31881 55 62 62
3.417 3.687 0.851972 -0.303956 0 -0.952686 53 60 60
3.417 3.68346 0.861 0.0818881 -0.973026 -0.215673 58 67 66
3.41351 3.693 0.849 0.759091 -0.466272 -0.45428 49 55 55
3.417 3.69071 0.855 0.0955414 0.420437 -0.902278 41 49 49
3.41533 3.693 0.855 0.893211 6.28217e-17 -0.449637 35 42 42
3.417 3.693 0.855929 1.58965e-17 0 -1 36 44 43
3.417 3.69705 0.843 0.218166 -0.857068 -0.466731 44 48 49
3.417 3.699 0.84092 0.0453677 -0.389239 -0.920019 45 49 49
3.417 3.69578 0.849 0.441097 -0.882892 -0.161045 47 53 54
3.417 3.69462 0.855 0.17793 -0.823213 -0.53913 33 40 40
3.417 3.705 0.840277 -0.0750825 -0.0657026 -0.99501 54 58 58
3.41361 3.705 0.849 -1 0 0 34 40 41
3.41327 3.711 0.831 1 0 0 52 53 51
3.417 3.711 0.839449 0.174799 -0.236709 -0.955727 40 43 44
3.417 3.71497 0.831 0.0976085 -0.78055 -0.617426 46 46 46
3.4142 3.717 0.831 -0.272359 -0.656685 -0.703267 41 42 43
3.417 3.717 0.829921 0.177696 -0.513198 -0.839674 49 49 48
3.417 3.71191 0.837 0.186257 -0.89584 -0.40346 42 44 45
3.417 3.723 0.827014 0.218966 -0.508709 -0.832628 71 70 67
3.417 3.72635 0.825 0.169509 -0.480735 -0.860326 78 77 72
3.417 3.729 0.823678 -0.0112954 -0.627393 -0.778621 76 75 71
3.417 3.73338 0.819 -0.148753 -0.708489 -0.689867 71 69 65
3.41134 3.735 0.819 -0.19028 -0.664209 -0.722925 64 64 61
3.417 3.735 0.817522 -0.0638005 -0.577312 -0.814027 74 71 67
3.423 3.68547 0.849 0.0070224 -0.933314 -0.358992 55 61 61
3.4203 3.687 0.849 -0.612437 1.36811e-16 -0.79052 53 60 60
3.423 3.687 0.847323 0 0 -1 53 58 58
3.423 3.68442 0.855 0.0929258 -0.980038 -0.175756 55 63 62
3.423 3.68378 0.861 0.0217698 -0.984889 -0.171813 59 67 66
3.423 3.68873 0.849 -0.13674 0.649303 -0.748136 53 59 59
3.41873 3.693 0.855 -0.507903 -4.66446e-17 -0.861414 39 46 46
3.423 3.693 0.852391 -0.0607875 -0.247611 -0.966951 51 58 57
3.423 3.69772 0.843 0.131801 -0.989913 -0.0519607 45 49 50
3.423 3.699 0.841485 0.061012 -0.448743 -0.891576 46 49 49
3.42275 3.699 0.849 0.00944479 -0.807523 -0.58976 32 38 38
3.423 3.699 0.848585 0.267828 -0.93747 0.222303 32 39 39
3.423 3.699 0.849178 0.0692158 -0.512373 -0.855969 31 38 38
3.423 3.705 0.83864 0.0511083 0.0590474 -0.996946 45 47 46
3.423 3.69914 0.849 0.0417338 -0.970216 0.238618 31 38 38
3.423 3.71034 0.843 -0.258472 0.615374 -0.744653 37 41 42
3.42123 3.711 0.843 0.496548 0.486388 -0.718935 36 40 41
3.423 3.711 0.843842 0 0 -1 35 40 41
3.41864 3.717 0.831 0.401208 -0.615852 -0.678055 43 44 44
3.423 3.7137 0.837 0.219083 -0.84272 -0.491758 39 42 42
3.423 3.717 0.832844 0.0109131 -0.780862 -0.624608 42 43 43
3.423 3.71144 0.843 0.13864 -0.91895 -0.369202 36 40 41
3.423 3.71946 0.831 0.0764819 -0.550749 -0.83116 44 45 45
3.423 3.723 0.829008 0.0496522 -0.574823 -0.81677 59 58 56
3.423 3.72703 0.825 -0.0149621 -0.684959 -0.728428 53 52 50
3.423 3.729 0.822213 -0.0208847 -0.641717 -0.766657 58 57 54
3.423 3.73258 0.819 0.00948763 -0.638811 -0.769305 86 83 77
3.423 3.735 0.817918 0.154923 -0.21425 -0.964415 90 86 80
3.423 3.73603 0.819 0.172602 0.713943 -0.678597 93 89 83
3.42602 3.687 0.849 0.697182 0.108017 -0.70871 53 59 58
3.429 3.68595 0.855 0.179849 -0.947019 -0.266101 54 61 61
3.429 3.687 0.853257 0.341042 -0.189625 -0.920724 53 59 58
3.429 3.68395 0.861 0.100614 -0.95884 -0.265523 59 67 66
3.429 3.68923 0.855 0.536263 0.652001 -0.536019 49 57 56
3.42741 3.693 0.855 0.732136 0.314346 -0.604288 45 53 52
3.429 3.69244 0.861 -0.139142 0.708289 -0.692074 38 47 46
3.42859 3.693 0.861 0.92426 0.316498 -0.213476 37 45 44
3.429 3.693 0.861261 0 0 -1 37 45 44
3.429 3.69722 0.843 0.100265 -0.990832 -0.0905495 47 51 50
3.429 3.699 0.84082 0.14726 -0.315063 -0.937577 45 49 47
3.429 3.699 0.848129 0.175217 -0.925544 0.335661 34 40 40
3.429 3.6948 0.855 0.339637 -0.858804 -0.383539 40 47 46
3.429 3.699 0.849516 0.0822628 -0.708577 -0.700822 32 38 38
3.429 3.69327 0.861 0.477177 -0.841811 -0.252303 36 45 44
3.429 3.705 0.840473 0.133618 -0.115536 -0.984275 46 49 47
3.429 3.69937 0.849 0.0734437 -0.990469 -0.116517 31 37 37
3.42389 3.711 0.843 -0.390339 -0.585551 -0.710469 37 41 42
3.429 3.711 0.840303 -0.0271325 -0.193418 -0.980741 42 47 48
3.429 3.7139 0.837 0.0110797 -0.850916 -0.525185 39 43 44
3.429 3.717 0.831053 0.254465 -0.800096 -0.543226 58 58 57
3.429 3.71704 0.831 -0.0418616 -0.631285 -0.77442 58 58 57
3.429 3.723 0.828147 -0.271842 -0.550037 -0.789659 65 64 61
3.429 3.72561 0.825 -0.188594 -0.72389 -0.663638 70 68 64
3.429 3.729 0.82173 0.0125794 -0.451725 -0.892069 68 66 62
3.42726 3.735 0.819 0.341281 -0.466522 -0.816017 88 85 79
3.429 3.735 0.819894 0.00547976 -0.356293 -0.934358 82 79 73
3.429 3.73644 0.819 0 0 0 92 89 82
3.435 3.68538 0.855 -0.00669604 -0.972533 -0.23267 59 66 65
3.435 3.687 0.853658 -0.416846 -0.0226086 -0.908696 57 64 63
3.435 3.68497 0.861 0.102616 -0.965023 -0.241247 59 67 66
3.435 3.68817 0.855 -0.261014 0.6605 -0.703997 55 62 61
3.42928 3.693 0.861 -0.489672 -0.35496 -0.796382 37 45 44
3.435 3.693 0.857472 -0.404872 0.0214248 -0.914122 40 47 47
3.43327 3.699 0.843 0.518825 -0.854881 0 46 50 49
3.435 3.69733 0.849 0.164461 -0.948485 -0.270793 46 52 51
3.4298 3.699 0.849 -0.379999 -0.794056 -0.474421 34 40 39
3.435 3.699 0.844616 0 -0.862114 -0.506715 46 50 49
3.435 3.69771 0.855 0.205116 -0.894783 -0.3966 35 43 42
3.435 3.70086 0.843 0.574364 -0.590954 -0.566462 43 47 46
3.435 3.705 0.84116 0.276486 -0.250461 -0.927806 39 43 42
3.435 3.711 0.840814 0.0154521 -0.364127 -0.931221 42 47 48
3.435 3.71566 0.837 0.125913 -0.718726 -0.683797 38 43 43
3.435 3.717 0.835979 0.110785 -0.719476 -0.685625 38 42 42
3.435 3.72279 0.825 -0.138734 -0.909038 -0.392941 64 62 57
3.43475 3.723 0.825 -0.319812 -0.688419 -0.650999 64 62 58
3.435 3.723 0.824855 0.0453646 -0.229793 -0.972182 64 62 57
3.435 3.7216 0.831 0.201273 -0.866117 -0.457526 42 44 43
3.435 3.729 0.823275 0.173396 -0.37905 -0.908986 58 56 54
3.435 3.735 0.819564 0.159991 -0.451506 -0.877807 86 83 77
3.441 3.68553 0.855 -0.0427228 -0.97168 -0.232405 58 66 64
3.441 3.687 0.850953 0.280729 -0.608342 -0.742369 56 63 61
3.441 3.68527 0.861 -0.080432 -0.988198 -0.130366 59 67 66
3.441 3.68883 0.849 -0.218494 -0.571237 -0.791169 54 60 58
3.43949 3.693 0.849 -0.952757 0.170062 -0.251662 49 55 54
3.441 3.693 0.847132 -0.0204003 -0.06431 -0.997721 50 55 53
3.43887 3.693 0.855 -0.781627 0.342379 -0.521379 48 55 54
3.441 3.69433 0.849 -0.0381241 0.852335 -0.521604 47 52 52
3.43648 3.699 0.849 0.622419 -0.712812 -0.323254 43 49 48
3.441 3.69771 0.855 -0.112394 0.860133 -0.497533 38 46 44
3.43887 3.699 0.855 0.37345 -0.80528 -0.460499 34 42 41
3.441 3.699 0.855702 0.0657268 -0.121697 -0.990389 34 42 41
3.43663 3.705 0.843 0.608123 -0.480886 -0.631613 37 43 43
3.441 3.70271 0.849 0.339342 -0.79447 -0.503651 40 48 48
3.441 3.705 0.846233 -0.0133786 -0.747199 -0.664466 42 50 50
3.441 3.69967 0.855 0.289265 -0.863508 -0.413133 35 43 42
3.441 3.70887 0.843 0.154559 -0.691857 -0.705298 41 49 49
3.441 3.711 0.840577 0.0485931 -0.56951 -0.820547 47 52 52
3.441 3.71455 0.837 -0.0396308 -0.640383 -0.767033 46 49 48
3.441 3.717 0.835481 0.0316219 -0.687093 -0.725881 44 47 46
3.441 3.72019 0.825 0.0226248 -0.893918 -0.447659 73 70 63
3.441 3.723 0.824431 0.0957045 -0.166715 -0.98135 75 72 66
3.441 3.71982 0.831 0.0645528 -0.919083 -0.38874 60 61 57
3.441 3.729 0.823559 0.0967905 -0.265057 -0.959363 56 55 52
3.441 3.735 0.82163 0.149641 -0.38322 -0.911455 82 79 75
3.447 3.68571 0.855 0.112493 -0.937436 -0.329483 59 66 64
3.447 3.687 0.853665 -0.0460657 -0.151035 -0.987455 57 64 62
3.447 3.68424 0.861 0.034979 -0.978535 -0.203093 60 68 67
3.447 3.69243 0.849 0.444196 -0.853451 -0.2726 51 57 55
3.447 3.693 0.848519 0.169259 0.533571 -0.828646 51 57 55
3.447 3.69092 0.855 1.32168e-17 0.31313 -0.94971 47 55 53
3.44583 3.693 0.855 0.91954 0.00143839 -0.392993 43 51 49
3.447 3.693 0.851456 0.793406 0 0.608693 47 53 52
3.447 3.693 0.855643 0.0200866 0.177646 -0.98389 41 49 47
3.447 3.69343 0.849 0.409732 0.897416 -0.163598 50 56 54
3.447 3.699 0.856079 -0.018553 -0.125516 -0.991918 35 42 41
3.447 3.70192 0.849 -0.0959079 -0.8991 -0.427108 36 42 41
3.447 3.705 0.843765 -0.0433331 -0.780802 -0.623273 35 40 40
3.447 3.69976 0.855 -0.0411232 -0.908495 -0.415867 34 41 40
3.447 3.70584 0.843 -0.083237 -0.521782 -0.849008 36 41 41
3.447 3.711 0.841062 0.228635 -0.497611 -0.836725 42 48 48
3.447 3.71491 0.837 0.118236 -0.710339 -0.693858 45 49 49
3.447 3.717 0.834227 0.357034 -0.47109 -0.806599 55 57 55
3.44247 3.723 0.825 0.6626 -0.616868 -0.424776 70 67 61
3.44637 3.723 0.831 0.573713 -0.69415 -0.434752 47 49 48
3.447 3.723 0.831484 0.383367 -0.462573 -0.79941 44 47 46
3.447 3.729 0.825 0.541263 -0.400348 -0.73943 42 42 40
3.447 3.72372 0.831 0.293329 -0.810624 -0.506801 45 48 47
3.447 3.729 0.825 0.262013 -0.687206 -0.677568 42 42 40
3.447 3.729 0.825 0.213191 -0.408878 -0.887338 42 42 40
3.447 3.735 0.822235 0.156886 -0.359732 -0.919772 69 68 63
3.453 3.68674 0.855 0.161887 -0.918624 -0.360447 58 66 64
3.453 3.687 0.854335 0.0977528 -0.68769 -0.719394 58 65 63
3.453 3.68505 0.861 0.310763 -0.923469 -0.225015 60 68 67
3.45043 3.693 0.849 1 0 0 51 57 55
3.44836 3.693 0.855 -0.604621 0.42899 -0.671119 41 49 47
3.453 3.693 0.849795 -0.401966 0.0904867 -0.911173 50 56 54
3.453 3.69751 0.855 -0.139829 0.807576 -0.572947 36 44 42
3.453 3.699 0.855487 0.0851482 0.00148469 -0.996367 35 42 41
3.453 3.70157 0.849 0.154324 -0.842577 -0.515993 34 41 40
3.453 3.705 0.844345 0.354025 -0.628639 -0.692444 36 42 41
3.453 3.69951 0.855 -0.0209094 -0.960137 -0.278746 34 42 40
3.453 3.7081 0.843 0.241147 -0.486785 -0.839576 39 46 46
3.453 3.711 0.842485 0.0329552 -0.379422 -0.924637 42 49 50
3.45007 3.717 0.837 0.581941 -0.469154 -0.664258 44 49 48
3.453 3.717 0.839681 0.25972 -0.395677 -0.8809 43 48 48
3.45186 3.723 0.837 0.692179 -0.282055 -0.664329 40 46 43
3.453 3.723 0.838448 -0.154041 -0.456721 -0.876172 40 47 43
3.453 3.72537 0.831 0.296056 -0.798109 -0.524759 45 48 46
3.453 3.729 0.827963 0.31237 -0.594478 -0.74096 57 57 53
3.453 3.72373 0.837 0.280625 -0.884504 -0.372696 41 47 43
3.45383 3.687 0.855 0.446882 -0.893614 -0.0418413 58 66 64
3.45492 3.687 0.861 0.565946 -0.786624 -0.246836 58 65 64
3.459 3.687 0.866938 -0.193284 -0.880132 -0.4336 56 64 62
3.459 3.69265 0.849 0.265044 -0.785046 -0.55987 50 56 54
3.45767 3.693 0.849 0.0141627 -0.334669 -0.942229 50 56 54
3.459 3.693 0.848752 -4.6834e-18 0 -1 50 56 54
3.459 3.68857 0.855 0.191142 -0.909765 -0.368499 57 64 62
3.459 3.68935 0.861 0.0753244 -0.990523 -0.114846 50 57 56
3.459 3.69308 0.849 -0.0914001 0.750026 -0.655062 50 56 54
3.459 3.69845 0.855 -0.303496 0.842806 -0.444486 37 44 43
3.459 3.69753 0.861 -0.112875 0.991395 -0.0662955 32 39 38
3.45808 3.699 0.861 0.763798 0.0830156 -0.640095 30 37 36
3.459 3.699 0.863415 0 0 -1 29 34 35
3.45779 3.705 0.849 0.471481 -0.637421 -0.609425 32 39 38
3.459 3.69931 0.855 0.0997367 -0.93323 -0.345159 35 43 41
3.459 3.705 0.849856 -0.177309 -0.51524 -0.838504 32 40 38
3.459 3.6998 0.861 0.0211724 -0.996666 -0.0787972 28 34 33
3.459 3.70948 0.843 0.156646 -0.741733 -0.652145 40 48 48
3.459 3.711 0.841769 0.0820027 -0.473027 -0.877224 45 52 51
3.459 3.70606 0.849 0.267185 -0.756761 -0.596595 33 41 40
3.459 3.717 0.839249 -0.0649185 -0.466556 -0.882106 42 48 48
3.459 3.71926 0.837 -0.264641 -0.703895 -0.659164 44 48 48
3.45421 3.723 0.837 -0.533105 -0.525874 -0.662764 41 48 44
3.459 3.723 0.83302 -0.110345 -0.483238 -0.868508 44 47 46
3.459 3.72792 0.831 0.0424593 -0.71431 -0.698541 45 48 46
3.459 3.729 0.830381 0.444354 -0.361517 -0.819667 48 50 48
3.459 3.73105 0.831 0.697417 0.20692 -0.686144 47 49 48
3.159 3.7524 0.831 0 -1 0 98 95 87
3.15813 3.753 0.831 -1 0 0 97 94 86
3.159 3.753 0.830091 0 0 -1 99 96 88
3.159 3.753 0.833852 0 0 1 98 97 91
3.159 3.75604 0.831 3.2519e-16 1 0 93 90 81
3.15952 3.753 0.831 1 -1.54874e-17 0 96 93 85
3.171 3.74991 0.837 -0.692111 0.691723 -0.20616 93 98 102
3.171 3.74965 0.843 -0.701687 0.701525 -0.124488 92 99 102
3.16833 3.753 0.849 -0.997102 0.0760755 0.000345951 91 98 101
3.171 3.753 0.846335 -0.577351 0.576784 -0.577915 91 98 101
3.17083 3.747 0.855 -0.954993 -0.131342 0.265965 99 108 113
3.16971 3.753 0.855 -0.958971 -0.179599 0.219362 94 101 106
3.171 3.75567 0.849 -0.57735 0.57735 -0.57735 88 95 98
3.171 3.753 0.857875 0 0 0 97 106 110
3.465 3.6799 0.885 0.129843 -0.974937 -0.18066 67 72 69
3.465 3.681 0.88306 0.177721 -0.687853 -0.703757 68 73 70
3.465 3.68009 0.891 0.141712 -0.989517 0.0278094 70 75 72
3.465 3.68033 0.897 0.0514571 -0.996676 0.063153 73 78 75
3.46281 3.681 0.897 -0.30444 -0.918551 0.252151 70 75 72
3.465 3.6807 0.903 -0.00730454 -0.998615 0.0520953 76 81 79
3.46385 3.681 0.903 -0.296972 -0.953583 0.0498701 74 80 77
3.4646 3.681 0.909 0.200297 -0.97937 0.0267395 78 85 82
3.465 3.681 0.907839 -0.0360888 -0.997139 0.0664153 78 84 82
3.46141 3.681 0.915 0.295818 -0.948855 0.110297 81 88 86
3.45992 3.681 0.921 0.365478 -0.916968 0.159989 84 91 89
3.465 3.68331 0.867 -0.141192 -0.989981 -0.00172115 64 70 69
3.465 3.68573 0.873 -0.0296828 -0.995666 0.0881368 60 65 63
3.465 3.68603 0.879 0.201342 -0.870503 -0.449094 62 67 64
3.465 3.6811 0.909 -0.0215321 -0.997996 0.0594981 78 84 82
3.465 3.68217 0.915 0.0863885 -0.988315 0.125582 80 86 84
3.465 3.68307 0.921 0.156487 -0.973451 0.167046 81 88 85
3.465 3.6838 0.927 0.124836 -0.982632 0.137297 85 91 88
3.465 3.68493 0.933 0.135122 -0.977116 0.164273 88 94 92
3.465 3.68549 0.939 0.170278 -0.96337 0.207181 90 96 93
3.46404 3.687 0.945 0.0933892 -0.970804 0.220948 89 95 92
3.465 3.687 0.944602 0.141468 -0.956446 0.255337 88 95 92
3.465 3.68707 0.945 0.0827338 -0.982531 0.166695 88 95 92
3.465 3.6881 0.951 0.0804667 -0.982794 0.166256 90 96 93
3.465 3.6891 0.957 -0.102144 -0.988728 0.109466 90 97 94
3.465 3.69033 0.963 -0.0531554 -0.996584 0.0632022 91 97 94
3.47099 3.681 0.885 0.195814 -0.979145 -0.0541472 65 71 67
3.47026 3.681 0.891 0.232302 -0.97148 0.0475731 69 75 71
3.46871 3.681 0.897 0.265339 -0.96389 -0.0226082 72 77 74
3.471 3.68093 0.903 0.0783946 -0.996889 0.00813361 75 81 77
3.471 3.681 0.902223 0.193866 -0.964385 -0.179936 74 80 77
3.471 3.681 0.906887 0.0208087 -0.998894 0.0421546 76 82 80
3.471 3.68602 0.867 0.272325 -0.94147 0.198679 55 61 60
3.471 3.68598 0.873 0.191475 -0.977104 0.0927607 60 65 63
3.471 3.68598 0.879 0.113275 -0.962787 -0.245377 63 68 65
3.471 3.68102 0.885 0.435185 -0.765391 -0.474121 65 71 67
3.471 3.6814 0.891 0.261158 -0.96529 -0.00341206 69 74 71
3.471 3.68201 0.897 0.155049 -0.986563 -0.0515031 71 76 73
3.471 3.68105 0.909 0.0489588 -0.988834 0.140746 77 83 81
3.471 3.68239 0.915 0.0992866 -0.986526 0.130031 78 85 82
3.471 3.68243 0.921 0.045828 -0.992742 0.111191 81 88 85
3.471 3.6842 0.927 -0.0438466 -0.986654 0.156815 84 90 87
3.471 3.68467 0.933 -0.0277983 -0.979572 0.199163 89 95 92
3.471 3.68616 0.939 0.0335939 -0.971132 0.236164 88 95 92
3.471 3.687 0.940823 0.0767958 -0.968056 0.238685 88 94 91
3.471 3.68621 0.957 2.0837e-17 -1 0 94 101 99
3.46928 3.687 0.957 -0.422319 -0.89331 -0.153764 93 100 97
3.471 3.687 0.955306 0.239773 -0.890882 -0.385795 93 99 97
3.471 3.687 0.960824 -0.246714 -0.935807 0.251788 95 102 99
3.471 3.68759 0.945 0.00960668 -0.989789 0.142218 88 94 91
3.471 3.68869 0.951 -0.0109617 -0.999327 0.0350186 89 95 92
3.471 3.6878 0.963 0.0878321 -0.974218 0.207808 95 101 99
3.4721 3.681 0.903 0.109923 -0.993907 0.00804792 75 80 77
3.477 3.68678 0.867 0.121739 -0.969831 0.211203 55 60 59
3.47448 3.687 0.873 0.222758 -0.973847 0.0447366 58 63 61
3.477 3.687 0.868326 0.168644 -0.980707 0.0988593 55 60 59
3.47387 3.687 0.879 0.436789 -0.869609 -0.230207 61 66 64
3.4762 3.687 0.885 0.700306 -0.623333 -0.34789 64 68 65
3.477 3.68348 0.891 0.247413 -0.932942 -0.261547 67 72 69
3.477 3.687 0.887318 -0.0552648 -0.789997 -0.610615 64 69 66
3.477 3.6823 0.897 0.102533 -0.991611 -0.0787104 68 73 71
3.477 3.68158 0.903 0.133887 -0.988355 -0.0723116 73 79 76
3.477 3.68116 0.909 0.154035 -0.976982 0.147581 77 83 80
3.477 3.68317 0.915 0.120314 -0.970735 0.207843 76 82 79
3.477 3.6841 0.921 0.203538 -0.977816 0.0494722 80 86 83
3.477 3.6836 0.927 0.181665 -0.981373 0.0624878 88 94 91
3.477 3.68411 0.933 0.0775762 -0.977451 0.196396 93 100 97
3.477 3.68637 0.939 0.100749 -0.95426 0.281493 88 94 91
3.477 3.687 0.941375 0.034875 -0.973727 0.225031 88 94 90
3.47297 3.687 0.957 0.450037 -0.888268 0.0919067 93 99 96
3.477 3.6873 0.873 -0.00271307 -0.999479 0.0321771 57 63 61
3.477 3.68745 0.879 0.0277587 -0.999508 0.0146302 61 65 63
3.477 3.68712 0.885 0.10259 -0.993221 -0.0546531 64 68 65
3.477 3.68773 0.945 0.0795913 -0.98867 0.127264 88 94 91
3.477 3.68793 0.951 0.0625322 -0.990785 0.120147 88 94 91
3.477 3.68908 0.957 0.212569 -0.971472 0.105152 89 95 92
3.477 3.69015 0.963 0.151191 -0.983042 0.103781 90 96 93
3.47809 3.687 0.867 0.117909 -0.946944 0.298988 54 60 59
3.483 3.68447 0.873 -0.00793065 -0.999955 -0.00517253 65 71 70
3.47788 3.687 0.873 -0.424819 -0.903375 -0.058674 58 64 62
3.483 3.687 0.86808 0.296833 -0.813146 -0.500683 56 62 61
3.483 3.68687 0.879 0.48579 -0.814628 0.316842 60 65 63
3.48246 3.687 0.879 -0.26002 -0.946276 0.192226 60 65 63
3.483 3.687 0.879661 -0.0720793 -0.99136 0.10959 60 65 63
3.483 3.68183 0.891 0.234776 -0.863026 -0.447288 67 72 70
3.483 3.687 0.885789 0.292818 -0.71271 -0.637418 63 69 67
3.483 3.6823 0.897 0.112936 -0.99354 0.0111045 69 74 72
3.483 3.68264 0.903 0.208044 -0.977546 0.0334811 70 75 73
3.483 3.68289 0.909 0.282957 -0.954081 0.0983077 73 78 76
3.483 3.68424 0.915 0.251856 -0.951965 0.174159 74 80 78
3.483 3.68475 0.921 0.213517 -0.969197 0.122747 78 83 81
3.483 3.68567 0.927 0.298271 -0.950504 0.0870482 82 88 85
3.483 3.68617 0.933 0.311756 -0.937104 0.156987 86 92 89
3.48107 3.687 0.939 0.123935 -0.97232 0.198078 88 94 90
3.483 3.687 0.937307 0.203535 -0.963349 0.174733 87 93 90
3.483 3.68753 0.867 0.520323 -0.851976 0.0583125 54 60 60
3.483 3.68761 0.885 0.120533 -0.992557 -0.0173646 61 66 64
3.483 3.68721 0.939 0.155231 -0.982847 0.0995769 88 94 90
3.483 3.68795 0.945 -0.00670313 -0.995138 0.0982581 87 93 90
3.483 3.68934 0.951 -0.0782772 -0.98817 0.131885 87 93 90
3.483 3.68992 0.957 -0.0637628 -0.986567 0.150396 87 93 90
3.483 3.69089 0.963 -0.000307771 -0.998464 0.0553986 88 95 91
3.48638 3.687 0.873 0.625021 -0.771863 -0.116515 60 66 64
3.48325 3.687 0.879 0.267491 -0.955452 0.124744 60 65 63
3.48698 3.687 0.891 0.668377 -0.574475 -0.472494 67 72 70
3.489 3.68433 0.897 0.355188 -0.918313 -0.174762 64 69 68
3.489 3.687 0.894229 0.191102 -0.803987 -0.563103 62 67 66
3.489 3.68431 0.903 0.226743 -0.971506 0.0690224 67 72 70
3.489 3.68509 0.909 0.228481 -0.967265 0.110433 70 75 73
3.489 3.68601 0.915 0.216555 -0.963437 0.157778 72 77 74
3.489 3.68687 0.921 0.247108 -0.959509 0.135203 74 80 78
3.48637 3.687 0.927 0.297105 -0.950474 0.0912615 80 86 83
3.489 3.687 0.921412 0.281059 -0.947924 0.149821 74 81 78
3.4849 3.687 0.933 0.272379 -0.957499 0.0948978 85 91 88
3.489 3.69204 0.867 0.00898978 -0.998411 -0.055622 47 53 53
3.489 3.69106 0.873 0.277777 -0.93173 -0.233923 50 56 55
3.489 3.68858 0.879 0.269741 -0.96107 -0.0598742 59 65 63
3.489 3.68842 0.885 0.145173 -0.989134 -0.0232084 61 66 64
3.489 3.68838 0.891 0.233352 -0.956554 -0.174792 64 69 67
3.489 3.68761 0.927 0.0930878 -0.991639 0.089366 79 85 83
3.489 3.68792 0.933 0.021656 -0.998843 0.0429481 84 90 87
3.489 3.68855 0.939 -0.0137414 -0.991694 0.127883 86 92 90
3.489 3.68863 0.945 0.180521 -0.983513 -0.0107188 86 92 90
3.489 3.68734 0.951 0.165106 -0.985794 0.0308398 91 97 95
3.489 3.68802 0.957 0.0880583 -0.987554 0.130315 90 96 94
3.489 3.68926 0.963 0.0233932 -0.984336 0.174741 90 96 93
3.495 3.68472 0.897 0.0563256 -0.986381 -0.154532 63 68 67
3.495 3.687 0.89502 -0.0241293 -0.779002 -0.626557 61 66 65
3.495 3.68534 0.903 0.122539 -0.990756 0.0581985 65 70 69
3.495 3.68605 0.909 0.0657573 -0.993171 0.0963744 67 73 71
3.495 3.68651 0.915 0.0404922 -0.991712 0.121934 71 77 75
3.48998 3.687 0.921 0.0532466 -0.993009 0.105351 74 80 78
3.495 3.687 0.917695 0.0115433 -0.991776 0.127465 72 78 76
3.495 3.68616 0.933 -0.066279 -0.997246 -0.0332897 88 94 92
3.49252 3.687 0.933 -0.276424 -0.955435 -0.103602 86 92 90
3.495 3.687 0.930317 0.194033 -0.941094 -0.276936 84 90 88
3.495 3.68651 0.939 0.179501 -0.979618 0.0901571 90 96 94
3.49383 3.687 0.939 -0.302112 -0.94828 0.0974336 90 96 93
3.495 3.687 0.940226 -0.19786 -0.905506 0.37538 89 95 93
3.495 3.68891 0.867 0.196069 -0.979102 -0.0539989 54 59 58
3.495 3.68857 0.873 0.0368362 -0.999277 -0.00937381 56 62 60
3.495 3.6894 0.879 -0.0907013 -0.983215 -0.158306 58 64 62
3.495 3.68944 0.885 -0.0527596 -0.995379 0.0802294 60 65 64
3.495 3.68912 0.891 0.12798 -0.969556 -0.208761 63 69 66
3.495 3.68724 0.921 0.00694483 -0.993463 0.113941 74 80 78
3.495 3.68796 0.927 0.0163052 -0.999813 0.0104178 79 85 83
3.495 3.68907 0.945 0.0772647 -0.975518 0.205898 85 91 88
3.495 3.69036 0.951 0.178982 -0.978216 0.105162 84 90 87
3.495 3.69132 0.957 0.236195 -0.967758 0.0875029 84 90 87
3.495 3.69165 0.963 0.205463 -0.97402 0.0952367 85 90 88
3.501 3.68587 0.867 -0.129946 -0.987407 -0.0902278 62 67 67
3.49862 3.687 0.867 -0.951991 0.222217 -0.210554 59 64 63
3.501 3.686 0.873 0.003431 -0.999823 0.0185003 62 68 67
3.49853 3.687 0.873 -0.985402 -0.15803 0.0633258 59 65 64
3.501 3.68591 0.879 -0.0241316 -0.999663 0.00954038 64 70 69
3.49984 3.687 0.879 -0.745906 -0.632146 -0.209801 64 70 68
3.501 3.68581 0.885 0.271757 -0.956815 0.103218 65 72 70
3.4997 3.687 0.885 -0.510359 -0.858749 0.0456493 65 71 70
3.501 3.687 0.886348 -0.281369 -0.809491 0.515321 65 72 70
3.501 3.68431 0.897 0.141903 -0.977018 -0.159056 67 73 72
3.501 3.687 0.893349 0.123632 -0.718886 -0.684045 65 70 69
3.501 3.68643 0.903 0.196749 -0.968049 0.155469 63 68 67
3.501 3.68589 0.909 0.135779 -0.990642 0.0138825 67 73 71
3.501 3.68626 0.915 0.0824881 -0.99274 0.0875429 70 75 74
3.501 3.68694 0.921 0.0608771 -0.991377 0.116038 72 78 77
3.50023 3.687 0.921 -0.0760449 -0.989109 0.126018 72 78 77
3.501 3.687 0.921261 -0.0393113 -0.988384 0.146803 72 78 77
3.49684 3.687 0.933 0.397615 -0.917532 -0.00616976 86 92 90
3.49609 3.687 0.939 0.392882 -0.894221 0.214506 89 95 93
3.501 3.69065 0.867 0.502203 0.784388 -0.364043 51 57 57
3.50001 3.693 0.867 0.634406 -0.771152 -0.053409 46 52 52
3.501 3.69156 0.873 -0.438523 0.872525 -0.2154 51 57 57
3.50056 3.693 0.873 0.626113 -0.776393 -0.0720901 48 54 54
3.501 3.693 0.873596 0.165123 -0.862427 -0.478492 48 54 54
3.501 3.68998 0.891 -0.036103 -0.990755 -0.130773 62 68 67
3.501 3.68785 0.927 0.0791976 -0.995425 0.0534432 78 84 82
3.501 3.68875 0.933 -0.0353538 -0.998577 0.0399336 82 88 86
3.501 3.68913 0.939 0.0539949 -0.989401 0.134801 83 89 87
3.501 3.68973 0.945 -0.068651 -0.989226 0.129303 83 89 87
3.501 3.69049 0.951 -0.0370018 -0.989473 0.139905 83 89 86
3.501 3.69116 0.957 -0.0239141 -0.995535 0.0913187 82 89 86
3.501 3.69114 0.963 0.00494906 -0.994137 0.108011 83 89 87
3.501 3.69385 0.867 0.0455398 -0.997832 -0.0475087 45 50 51
3.501 3.69336 0.873 0.294552 -0.949879 -0.104736 47 53 53
3.50269 3.687 0.867 0.94296 -0.263015 -0.204084 59 64 64
3.50297 3.687 0.873 0.998928 0.0454636 0.00867887 59 65 65
3.50198 3.687 0.879 0.766458 -0.612838 -0.192282 63 70 69
3.50202 3.687 0.885 0.561655 -0.79077 0.243364 65 71 70
3.50678 3.687 0.897 0.385346 -0.922247 0.0311437 60 65 64
3.50292 3.687 0.903 0.330231 -0.943313 0.0332848 62 67 66
3.50401 3.687 0.909 0.372005 -0.927897 0.0249009 65 71 70
3.5021 3.687 0.915 0.342185 -0.935556 0.0874384 69 74 73
3.50109 3.687 0.921 0.33368 -0.937645 0.0973636 72 78 77
3.507 3.69184 0.867 -0.155762 -0.979124 -0.130593 52 58 58
3.50408 3.693 0.867 -0.332918 -0.939668 -0.078675 49 54 54
3.507 3.69063 0.873 -0.185217 -0.981021 -0.0573839 54 60 59
3.50214 3.693 0.873 -0.364904 -0.917754 -0.156759 49 54 54
3.507 3.69068 0.879 0.18549 -0.961736 -0.201635 57 62 62
3.507 3.6902 0.885 0.2063 -0.963222 -0.172172 59 65 64
3.507 3.6874 0.891 -0.153946 -0.973045 -0.171709 56 62 62
3.507 3.68719 0.897 0.0541408 -0.991887 -0.115021 60 65 64
3.507 3.68833 0.903 -0.0198314 -0.998576 0.0495308 63 69 68
3.507 3.68839 0.909 -0.00721955 -0.99991 0.0112922 66 72 71
3.507 3.68848 0.915 0.0452393 -0.9869 0.154858 68 74 72
3.507 3.68908 0.921 0.158336 -0.986557 0.0404413 72 78 77
3.507 3.68953 0.927 0.128275 -0.990979 -0.0387998 75 82 80
3.507 3.68708 0.933 0.250691 -0.964912 -0.0780936 85 91 90
3.507 3.68747 0.939 0.156659 -0.981597 0.1092 87 93 91
3.507 3.68845 0.945 0.128326 -0.983952 0.123982 85 91 90
3.507 3.68965 0.951 0.0861826 -0.980822 0.174817 84 90 89
3.507 3.69059 0.957 0.0883657 -0.984492 0.151546 83 89 87
3.507 3.69162 0.963 0.165268 -0.977072 0.134228 83 88 86
3.507 3.70736 0.867 0 1 -3.55516e-17 39 43 45
3.50455 3.711 0.867 0.967557 0.195968 -0.159468 50 52 56
3.507 3.711 0.872506 0 0 -1 56 57 62
3.507 3.71061 0.879 2.11858e-17 1 0 55 56 61
3.50601 3.711 0.879 1 -4.68979e-17 0 56 57 62
3.507 3.711 0.875832 1.379e-16 0 1 56 57 62
3.507 3.711 0.879665 -3.44749e-17 0 -1 56 57 62
3.507 3.71402 0.867 0.151484 -0.750958 -0.642741 54 55 60
3.507 3.7112 0.879 -5.29645e-18 -1 0 56 57 62
3.513 3.68548 0.903 -0.0723753 -0.995067 -0.067844 68 74 73
3.50934 3.687 0.903 -0.439224 -0.882252 -0.169454 64 70 69
3.513 3.687 0.898651 0.207515 -0.897532 -0.389068 61 67 66
3.513 3.68599 0.909 0.0653305 -0.994523 0.0815823 72 78 77
3.51014 3.687 0.909 -0.390777 -0.91851 0.0602631 69 75 73
3.513 3.68635 0.915 0.208568 -0.971875 0.109351 74 81 79
3.51145 3.687 0.915 -0.350759 -0.932333 0.0878864 73 79 77
3.513 3.687 0.916109 -0.182883 -0.876536 0.445239 73 80 79
3.513 3.69126 0.867 0.0815429 -0.995921 -0.0386234 51 57 57
3.513 3.69031 0.873 -0.28584 -0.946425 -0.15025 57 62 62
3.513 3.69135 0.879 -0.215138 -0.976201 0.0273532 57 63 62
3.513 3.69071 0.885 0.0690536 -0.993444 -0.0911024 59 64 64
3.513 3.68723 0.891 0.320567 -0.905284 -0.278744 56 62 61
3.513 3.68795 0.897 0.0579517 -0.998296 0.0068859 59 65 64
3.513 3.68948 0.921 0.189007 -0.976839 0.100312 70 77 76
3.513 3.68794 0.927 0.136477 -0.984103 0.113648 78 84 83
3.513 3.69078 0.933 0.266908 -0.957741 0.107204 77 83 82
3.513 3.69108 0.939 0.366191 -0.927523 0.0748666 78 84 83
3.513 3.69196 0.945 0.345178 -0.936677 0.0590711 79 85 84
3.513 3.69154 0.951 0.317812 -0.943027 0.0984643 80 86 84
3.513 3.69293 0.957 0.306396 -0.934579 0.180787 80 85 84
3.51126 3.693 0.963 0.255742 -0.957885 0.130586 81 86 84
3.513 3.693 0.95789 0.272847 -0.957721 0.0912416 80 85 84
3.513 3.69337 0.963 0.182224 -0.97825 0.0990984 80 85 84
3.50971 3.711 0.867 -0.781194 0.438406 -0.444451 49 52 56
3.50731 3.711 0.879 -1 1.17245e-17 0 56 57 62
3.519 3.68648 0.873 0 -1 0 53 59 57
3.51716 3.687 0.873 -0.538747 -0.842468 0 55 61 59
3.519 3.687 0.871417 0.205876 -0.579903 -0.788243 54 60 58
3.519 3.687 0.878403 0.485843 -0.872231 -0.0562998 56 61 60
3.519 3.68655 0.885 0 -1 0 60 66 64
3.51833 3.687 0.885 -1 1.05411e-17 0 60 66 64
3.519 3.687 0.879636 0 0 -1 57 62 61
3.519 3.687 0.887808 0 0 1 58 64 62
3.51577 3.687 0.903 0.522341 -0.852059 -0.0339792 65 71 70
3.5146 3.687 0.909 0.509472 -0.857888 0.0668342 70 76 75
3.51409 3.687 0.915 0.496441 -0.834387 0.239468 73 79 78
3.51869 3.693 0.867 0.0163141 -0.860601 -0.509018 51 56 56
3.519 3.693 0.869055 0.748716 -0.591629 -0.298999 52 57 57
3.519 3.68753 0.879 -0.0105477 -0.899437 0.436923 56 62 60
3.519 3.69146 0.885 1.43009e-16 1 0 59 64 63
3.51861 3.693 0.885 0.543491 -0.834119 0.0941446 58 63 63
3.519 3.693 0.883686 0.334076 -0.689099 0.643068 58 63 62
3.51896 3.693 0.891 0.668703 -0.691893 -0.272252 61 66 65
3.519 3.68866 0.897 0.222815 -0.962085 -0.157306 58 64 63
3.519 3.693 0.891046 -0.330242 -0.763136 -0.555485 61 66 65
3.519 3.68923 0.903 0.273423 -0.961771 -0.0153615 61 67 66
3.519 3.68953 0.909 0.289972 -0.95539 0.0560914 65 70 69
3.519 3.68995 0.915 0.25966 -0.957206 0.127806 66 72 71
3.519 3.69056 0.921 0.079872 -0.992415 0.093445 70 76 75
3.519 3.69111 0.927 0.193128 -0.979045 0.0646009 72 78 77
3.519 3.69222 0.933 0.147971 -0.973651 0.173517 75 81 79
3.519 3.69242 0.939 0.137986 -0.989937 0.0313682 77 82 81
3.519 3.69258 0.945 0.103779 -0.992525 0.0642238 78 82 81
3.519 3.69295 0.951 0.150629 -0.985745 0.0749503 78 83 82
3.51338 3.693 0.957 0.160445 -0.980567 0.112901 79 85 84
3.519 3.693 0.951247 0.155878 -0.975094 0.157777 78 83 82
3.519 3.69312 0.867 0.238946 -0.969383 -0.0565746 51 56 56
3.519 3.69313 0.885 0.0657884 -0.996861 0.0440358 58 63 63
3.519 3.69302 0.891 0.072562 -0.99713 -0.0216029 61 66 65
3.519 3.69391 0.957 0.132826 -0.98238 0.131477 78 83 82
3.519 3.69455 0.963 0.164022 -0.982405 0.0893115 78 83 82
3.519 3.70857 0.873 0.252282 0.94638 0.201789 47 49 53
3.51725 3.711 0.873 0.994241 0.0644456 -0.0856292 51 53 57
3.519 3.711 0.868874 0.353262 0.790023 0.501069 46 49 53
3.519 3.70843 0.879 -0.0100364 0.999426 -0.0323552 47 50 54
3.51697 3.711 0.879 0.986992 0.120893 -0.105978 51 53 57
3.519 3.71084 0.885 0.349312 0.888924 -0.296301 54 57 62
3.51885 3.711 0.885 0.799306 0.544305 -0.254641 54 57 62
3.519 3.711 0.885279 0.678896 -0.507209 -0.530885 54 57 62
3.519 3.71285 0.867 0.171774 0.977884 -0.11932 45 49 52
3.51422 3.717 0.867 0.799689 0.358533 -0.481614 53 54 59
3.519 3.71524 0.873 0.12014 -0.843054 -0.52424 53 54 59
3.519 3.717 0.871268 0.0684935 -0.70033 -0.710525 52 53 58
3.519 3.71362 0.879 0.33575 -0.933962 0.122424 53 55 60
3.519 3.71124 0.885 0.652249 -0.671793 -0.351091 54 57 62
3.519 3.71914 0.867 0.274214 -0.911552 -0.306397 52 53 58
3.51983 3.687 0.873 0.953064 -0.302767 -1.77193e-17 52 58 56
3.51978 3.687 0.885 1 0 0 59 65 63
3.52107 3.693 0.873 0.748046 -0.590352 -0.303169 53 58 58
3.525 3.69268 0.879 0.135146 -0.987022 -0.086735 55 60 59
3.525 3.693 0.876809 -0.0770854 -0.926279 -0.36887 54 59 58
3.525 3.693 0.88168 0.260632 -0.862972 0.432841 57 61 60
3.525 3.69038 0.891 -0.106352 -0.96708 -0.231184 56 61 60
3.51905 3.693 0.891 -0.38485 -0.821027 -0.421669 61 66 65
3.525 3.693 0.885566 -0.345423 -0.836868 -0.424659 57 62 61
3.525 3.69064 0.897 0.15878 -0.986602 0.0374801 60 64 63
3.525 3.69038 0.903 0.232819 -0.972481 0.00875126 63 68 66
3.525 3.69025 0.909 0.222193 -0.974982 0.00632522 64 69 68
3.525 3.69033 0.915 0.169377 -0.984716 0.0405646 66 71 69
3.525 3.69066 0.921 0.203667 -0.974884 0.0901166 69 74 73
3.525 3.69117 0.927 0.185342 -0.978958 0.0853735 72 78 76
3.525 3.69178 0.933 0.0898198 -0.991638 0.0926623 74 79 78
3.525 3.69273 0.939 0.0119364 -0.997982 0.0623636 76 80 79
3.525 3.69286 0.945 0.0320973 -0.998416 0.0462056 77 82 80
3.51947 3.693 0.951 0.0996996 -0.985366 0.138254 78 83 82
3.525 3.693 0.946137 0.0466698 -0.992084 0.116585 77 82 81
3.525 3.69388 0.867 0.277405 -0.939319 -0.201806 48 53 53
3.525 3.69407 0.873 0.121919 -0.989249 -0.08076 50 55 55
3.525 3.69347 0.885 -0.0204713 -0.999717 -0.012094 57 61 61
3.525 3.69356 0.951 0.0402189 -0.9908 0.129222 78 82 81
3.525 3.69439 0.957 0.0290019 -0.982848 0.182121 77 81 80
3.525 3.69556 0.963 0.100766 -0.988522 0.112562 76 80 79
3.52176 3.711 0.873 -0.857856 0.478303 -0.18791 49 52 56
3.5221 3.711 0.879 -0.95719 0.0293525 0.28797 50 52 56
3.525 3.70876 0.885 -0.1409 0.989973 0.0100578 49 53 57
3.525 3.711 0.881798 -0.671262 -0.197498 0.714424 50 53 57
3.525 3.71002 0.891 -0.0134213 0.964968 -0.262025 56 61 64
3.52349 3.711 0.891 0.801775 0.0599067 -0.594616 58 63 67
3.525 3.711 0.893413 0 0 -1 59 65 68
3.525 3.71333 0.867 -0.158695 0.937529 -0.309606 46 49 53
3.525 3.717 0.870583 -0.205054 -0.235678 -0.949952 52 53 58
3.525 3.71667 0.885 -0.174362 -0.984319 -0.0267018 54 57 62
3.525 3.71263 0.891 0.437914 -0.734756 -0.51804 58 63 67
3.525 3.72064 0.867 0.314518 -0.894276 -0.318352 51 52 57
3.531 3.69017 0.879 0.0243497 -0.984615 -0.173032 53 58 57
3.531 3.693 0.87476 0.237083 -0.818319 -0.52359 52 57 57
3.531 3.69116 0.885 0.0698935 -0.995047 -0.070687 55 59 58
3.526 3.693 0.885 -0.355456 -0.933599 0.0452032 57 61 61
3.531 3.69071 0.891 0.241087 -0.96902 -0.0536452 58 62 61
3.531 3.69046 0.897 0.147977 -0.987682 0.050859 60 65 63
3.531 3.69161 0.903 0.131585 -0.986852 0.0938586 60 65 63
3.531 3.69214 0.909 0.209016 -0.977368 0.0326079 63 67 65
3.531 3.69217 0.915 0.275472 -0.959044 0.0659514 64 69 67
3.53052 3.693 0.921 0.376925 -0.923809 0.0671212 66 70 68
3.531 3.693 0.918851 0.354819 -0.921374 0.158664 65 70 68
3.52967 3.693 0.927 0.312091 -0.949681 0.0265667 68 72 70
3.53061 3.693 0.933 0.212139 -0.976713 -0.0320662 68 72 70
3.531 3.69289 0.939 0.0926802 -0.99514 0.033275 71 75 73
3.531 3.693 0.935685 0.18468 -0.98222 -0.0337284 69 73 71
3.531 3.69278 0.945 0.0289103 -0.999455 0.0159184 71 74 73
3.531 3.693 0.946606 0.0195297 -0.990798 0.133932 71 75 73
3.531 3.69747 0.867 0.0619431 -0.953456 -0.295102 43 48 49
3.531 3.69422 0.873 0.179887 -0.940479 -0.288339 53 58 58
3.531 3.69321 0.921 0.0963883 -0.993692 0.0573202 66 70 68
3.531 3.69348 0.927 0.184431 -0.982489 0.0264857 67 71 69
3.531 3.69308 0.933 0.257258 -0.963321 -0.0763629 68 72 70
3.531 3.69368 0.951 0.12487 -0.987291 0.0983063 72 76 74
3.531 3.69424 0.957 0.0666629 -0.983988 0.165301 70 73 72
3.531 3.6958 0.963 0.0450936 -0.984643 0.168658 69 73 71
3.52742 3.711 0.885 -0.995508 0.0634182 0.0703033 47 50 53
3.52584 3.711 0.891 -0.932539 -0.241849 -0.268106 55 60 64
3.531 3.71341 0.867 0.0300346 0.982936 -0.18148 38 40 43
3.531 3.71538 0.873 0.463934 0.850766 -0.246904 48 49 53
3.52771 3.717 0.873 0.652538 1.79747e-17 -0.757756 53 54 59
3.531 3.717 0.876532 0.645097 -0.397479 -0.652579 54 56 61
3.52761 3.723 0.867 0.537653 -0.795279 -0.280108 51 52 57
3.531 3.71998 0.873 0.41412 -0.712571 -0.566345 53 54 59
3.531 3.723 0.870029 0.128724 -0.852636 -0.506401 52 53 58
3.531 3.72396 0.867 0.18563 -0.981433 0.0482793 50 51 56
3.534 3.693 0.879 0.588373 -0.802273 -0.100872 49 53 52
3.53405 3.693 0.885 0.516944 -0.84601 -0.130519 51 55 54
3.537 3.69298 0.891 0.381782 -0.919044 -0.0979874 54 57 55
3.537 3.693 0.890934 0.222265 -0.932022 -0.286241 54 57 55
3.537 3.69272 0.897 0.252575 -0.966792 -0.0389811 54 57 55
3.537 3.69252 0.903 0.164053 -0.985386 0.0458273 56 60 58
3.537 3.69284 0.909 0.116096 -0.991755 0.0542563 54 58 55
3.53378 3.693 0.915 0.19306 -0.971319 0.138807 60 64 61
3.537 3.693 0.910549 0.176781 -0.975855 0.128276 55 58 56
3.5317 3.693 0.939 0.228343 -0.973361 0.0206631 69 73 71
3.53193 3.693 0.945 0.295085 -0.952796 0.0714532 68 72 70
3.537 3.69448 0.867 -0.20283 -0.975176 -0.0888366 46 50 49
3.537 3.69478 0.873 -0.107317 -0.992488 -0.0587493 48 52 52
3.537 3.695 0.879 0.113868 -0.991816 -0.057758 50 54 53
3.537 3.69482 0.885 0.189791 -0.970078 -0.151417 50 54 53
3.537 3.69346 0.915 0.0181151 -0.999162 0.0367139 56 59 56
3.537 3.6936 0.921 0.0163327 -0.996741 0.0789956 56 59 56
3.537 3.69405 0.927 0.0830626 -0.991749 0.0976416 55 57 55
3.537 3.69474 0.933 0.198683 -0.980054 0.00442917 52 55 53
3.537 3.69402 0.939 0.257284 -0.966262 -0.0119838 54 56 54
3.537 3.69463 0.945 0.23471 -0.971676 0.0275055 55 57 55
3.537 3.6943 0.951 0.199451 -0.977185 0.0729961 53 55 53
3.537 3.6953 0.957 0.183027 -0.974234 0.131795 52 53 51
3.537 3.6963 0.963 0.139281 -0.979 0.148864 53 54 52
3.537 3.70692 0.873 0.229896 0.923891 0.305898 48 51 53
3.53315 3.711 0.873 0.863661 0.467755 0.187871 39 41 43
3.537 3.711 0.868881 -2.4196e-17 0.704403 0.709801 45 48 52
3.537 3.70665 0.879 -0.0115008 0.999619 -0.0250999 49 52 54
3.53339 3.711 0.879 0.900166 0.43518 -0.0178582 43 45 48
3.537 3.70719 0.885 -0.0136537 0.998864 -0.0456564 52 55 56
3.53354 3.711 0.885 0.903812 0.427366 0.0219553 43 46 48
3.537 3.70694 0.891 0.0064506 0.999834 0.0170322 56 60 61
3.53335 3.711 0.891 0.960944 0.245312 -0.128096 46 50 52
3.537 3.70705 0.897 0.00369713 0.999628 0.0270299 57 63 63
3.53376 3.711 0.897 0.995108 -0.0623177 -0.0766566 50 56 57
3.537 3.70685 0.903 -0.0431206 0.994006 -0.100466 51 57 58
3.53364 3.711 0.903 0.999747 0.0148071 -0.0169473 51 56 58
3.537 3.70794 0.909 -0.298061 0.906438 -0.299215 60 67 66
3.53414 3.711 0.909 0.939102 0.196212 -0.282114 52 59 59
3.537 3.711 0.912507 0.11018 0.20317 -0.972925 50 56 55
3.537 3.71297 0.867 -0.091057 0.994867 0.044139 44 47 51
3.53293 3.717 0.879 0.980478 -0.177208 -0.085204 54 56 61
3.53195 3.717 0.885 0.899827 -0.414214 -0.136888 54 57 62
3.53571 3.717 0.891 0.840839 -0.450663 -0.29982 56 61 65
3.537 3.71631 0.897 0.713686 -0.681506 -0.161873 58 66 68
3.537 3.717 0.893762 0.508516 -0.813467 -0.282283 57 63 66
3.537 3.71547 0.903 0.679711 -0.733104 -0.023508 63 71 71
3.537 3.71548 0.909 0.724693 -0.645462 -0.241244 62 71 70
3.537 3.72117 0.873 0.258938 -0.87559 -0.407792 52 53 58
3.537 3.723 0.869344 0.226849 -0.858375 -0.460143 51 52 57
3.537 3.719 0.879 0.385084 -0.88849 -0.249591 54 56 60
3.537 3.71879 0.885 0.354144 -0.934791 -0.0273371 55 57 61
3.537 3.71839 0.891 0.426069 -0.885228 -0.186648 56 61 64
3.537 3.72409 0.867 0.221278 -0.955692 -0.194134 51 52 57
3.53739 3.693 0.891 0.0852838 -0.996238 -0.0154003 53 57 55
3.5398 3.693 0.897 0.11697 -0.991436 -0.0580783 51 54 52
3.543 3.69297 0.903 0.0791535 -0.996861 -0.00162655 47 50 47
3.543 3.693 0.902318 0.442586 -0.893913 -0.0709764 47 50 47
3.53896 3.693 0.909 0.0912491 -0.991922 0.0881187 52 55 52
3.543 3.693 0.903652 0.0952202 -0.993243 0.066337 47 49 47
3.543 3.69467 0.867 0.275769 -0.942154 -0.190521 40 45 43
3.543 3.69415 0.873 0.237034 -0.971117 -0.0273318 43 46 45
3.543 3.69423 0.879 0.167148 -0.985802 0.0160113 42 45 44
3.543 3.69448 0.885 0.202887 -0.978331 -0.0412952 43 45 44
3.543 3.69329 0.891 0.318129 -0.941004 -0.115347 47 49 48
3.543 3.69344 0.897 0.378844 -0.925346 -0.0145436 47 49 47
3.543 3.6934 0.909 0.354435 -0.935036 0.00915777 46 48 45
3.543 3.6931 0.915 0.341237 -0.939977 0.00100563 44 46 43
3.543 3.69325 0.921 0.261542 -0.962 0.0784266 45 47 44
3.543 3.69445 0.927 0.234145 -0.961182 0.145962 41 42 39
3.543 3.69543 0.933 0.222106 -0.966906 0.125542 42 44 41
3.543 3.69605 0.939 0.346048 -0.93714 0.0449291 43 44 41
3.543 3.69612 0.945 0.377148 -0.925797 0.0256676 44 44 42
3.543 3.69596 0.951 0.409948 -0.911139 0.0420627 43 43 40
3.543 3.69686 0.957 0.422063 -0.89791 0.124984 41 41 38
3.543 3.69719 0.963 0.360722 -0.92677 0.104771 40 40 38
3.54137 3.711 0.873 -0.693453 0.684171 0.225906 48 51 55
3.54116 3.711 0.879 -0.741193 0.667394 -0.0722428 39 40 43
3.5401 3.711 0.885 -0.749163 0.662313 -0.00976729 47 50 52
3.54083 3.711 0.891 -0.752385 0.656129 0.0584093 46 49 51
3.54144 3.711 0.897 -0.773565 0.630926 -0.0594113 43 48 48
3.54017 3.711 0.903 -0.813721 0.576578 -0.0735909 61 67 68
3.5401 3.711 0.909 -0.750908 0.611215 -0.250107 59 66 64
3.54162 3.717 0.867 -0.623592 0.666265 0.40893 41 43 46
3.543 3.71267 0.873 -0.321272 0.884004 0.33959 49 52 56
3.543 3.717 0.868346 -0.0408623 0.714918 0.698013 42 44 47
3.543 3.71332 0.879 -0.275294 0.959632 -0.0576223 42 44 46
3.543 3.71384 0.885 -0.277651 0.957656 -0.0761894 48 50 53
3.543 3.71399 0.891 -0.329238 0.942558 0.0564515 48 52 54
3.543 3.71358 0.897 -0.247229 0.961092 -0.123211 46 52 53
3.53831 3.717 0.897 0.458825 -0.86897 -0.185391 58 66 68
3.543 3.71587 0.903 -0.222563 0.974358 -0.0330366 59 67 66
3.54073 3.717 0.903 0.44819 -0.893638 -0.0231558 60 69 68
3.543 3.71531 0.909 -0.201573 0.960075 -0.193967 59 66 65
3.53988 3.717 0.909 0.570717 -0.784877 -0.241351 61 70 69
3.543 3.717 0.914767 0.453198 -0.612493 -0.64766 63 72 71
3.543 3.71694 0.957 -1.56028e-17 1 0 81 90 89
3.54281 3.717 0.957 1 -1.36577e-16 0 81 90 89
3.543 3.717 0.956233 0 0 1 81 90 89
3.543 3.717 0.957833 -2.06285e-16 0 -1 81 90 89
3.543 3.71923 0.867 -0.0818995 0.952272 -0.29406 42 44 47
3.54109 3.723 0.873 0.436291 -0.811802 -0.388107 52 51 56
3.543 3.72194 0.879 0.419007 -0.876224 -0.238043 54 55 59
3.543 3.723 0.87556 0.472526 -0.799482 -0.370873 52 52 57
3.543 3.72091 0.885 0.377207 -0.921873 -0.088691 56 59 63
3.543 3.72076 0.891 0.401334 -0.911171 -0.0932646 56 61 64
3.543 3.71948 0.897 0.445409 -0.870632 -0.208832 59 67 69
3.543 3.7182 0.903 0.409151 -0.909071 -0.0786425 59 68 67
3.543 3.7191 0.909 0.379596 -0.921968 -0.0766913 60 69 68
3.543 3.71706 0.957 0 -1 0 81 90 89
3.543 3.72636 0.867 0.174762 -0.980001 -0.0951679 49 49 53
3.543 3.72473 0.873 0.315627 -0.898874 -0.303983 51 50 55
3.54305 3.693 0.903 0.566341 -0.822734 0.048649 47 49 47
3.549 3.69735 0.867 0.257028 -0.953894 -0.154996 37 41 39
3.549 3.69761 0.873 0.299598 -0.953744 -0.0247874 38 40 38
3.549 3.69717 0.879 0.324552 -0.945392 -0.0299928 39 40 38
3.549 3.69688 0.885 0.299816 -0.953781 0.0203029 39 41 39
3.549 3.69742 0.891 0.352314 -0.935465 -0.0279164 40 40 38
3.549 3.69697 0.897 0.380079 -0.924891 -0.0108274 37 37 34
3.549 3.69709 0.903 0.419529 -0.907536 -0.0193136 37 38 34
3.549 3.69636 0.909 0.401268 -0.915863 -0.0133469 39 39 35
3.549 3.69691 0.915 0.458681 -0.886488 0.0612467 37 37 33
3.549 3.69723 0.921 0.526576 -0.849299 0.0375318 38 38 34
3.549 3.69732 0.927 0.507259 -0.857707 0.0838316 39 38 34
3.549 3.69799 0.933 0.41459 -0.903313 0.110188 40 40 36
3.54888 3.699 0.939 0.468515 -0.882079 0.0492955 38 37 33
3.549 3.699 0.93876 0.402997 -0.90108 0.16015 38 37 33
3.54791 3.699 0.945 0.526015 -0.848073 0.0638728 42 41 37
3.54684 3.699 0.951 0.605018 -0.780749 0.156156 44 42 39
3.54495 3.699 0.957 0.647582 -0.757087 0.0863478 42 41 38
3.54473 3.699 0.963 0.661397 -0.741332 0.113931 42 41 38
3.549 3.69904 0.939 0.443426 -0.878689 0.176857 38 37 33
3.549 3.69951 0.945 0.511033 -0.856809 0.0687213 41 39 36
3.549 3.70035 0.951 0.456703 -0.871708 0.177618 43 41 38
3.549 3.70204 0.957 0.495247 -0.857777 0.137656 43 41 37
3.549 3.70223 0.963 0.545866 -0.828493 0.125018 43 41 37
3.549 3.71301 0.873 -0.0219873 0.955572 0.293935 43 44 46
3.549 3.717 0.867515 0.267989 0.734399 0.62357 50 54 59
3.549 3.71368 0.879 0.0421435 0.997659 -0.0538501 46 48 50
3.549 3.71349 0.885 0.233386 0.971203 -0.0479174 46 48 50
3.549 3.71412 0.891 0.114116 0.993417 -0.00997454 49 53 55
3.549 3.71331 0.897 0.0656592 0.99784 -0.00205338 44 49 50
3.549 3.71424 0.903 0.123037 0.99239 0.00487848 52 59 58
3.549 3.71201 0.909 0.185599 0.979834 0.0740173 51 57 56
3.549 3.71339 0.915 0.424394 0.894355 -0.141489 56 63 61
3.54315 3.717 0.915 0.930814 0.134633 -0.339793 63 72 71
3.549 3.71524 0.921 0.46185 0.859908 -0.217378 68 76 74
3.545 3.717 0.921 0.937717 0.206279 -0.279529 69 78 77
3.549 3.71575 0.927 0.41872 0.890293 -0.179029 67 75 74
3.54591 3.717 0.927 0.758845 0.571449 -0.31241 73 82 81
3.549 3.717 0.928692 0.730484 -0.354881 -0.583483 74 82 81
3.549 3.71605 0.939 0.424605 0.904603 -0.0374657 70 78 77
3.54679 3.717 0.939 1 0 0 76 85 84
3.549 3.717 0.937681 0.751348 0.369481 0.546772 77 85 84
3.549 3.717 0.943725 0.678084 -0.596799 -0.428991 79 88 87
3.54308 3.717 0.957 -1 0 0 81 90 89
3.549 3.71801 0.867 0.185308 0.72317 0.665346 50 54 58
3.54515 3.723 0.879 0.413407 -0.886807 -0.206563 54 55 59
3.5481 3.723 0.885 0.433223 -0.900476 -0.0382107 57 62 65
3.54725 3.723 0.891 0.50234 -0.862178 -0.0655972 57 62 65
3.549 3.72262 0.897 0.455012 -0.869446 -0.192426 59 67 69
3.549 3.723 0.895323 0.466527 -0.851685 -0.238716 58 66 68
3.549 3.72124 0.903 0.416314 -0.890934 -0.181435 59 68 67
3.549 3.7204 0.909 0.321327 -0.946446 -0.0314353 62 71 70
3.549 3.71988 0.915 0.4047 -0.902417 -0.147859 64 73 72
3.549 3.71896 0.921 0.438976 -0.892127 -0.106819 69 78 77
3.549 3.71852 0.927 0.470927 -0.869396 -0.149593 72 81 80
3.549 3.71938 0.939 0.52941 -0.847831 0.030119 76 85 84
3.549 3.72602 0.867 -0.0568776 -0.998148 -0.0215803 51 50 55
3.549 3.7255 0.873 0.0656811 -0.98628 -0.151449 53 53 57
3.549 3.72489 0.879 0.343882 -0.906958 -0.243255 55 56 60
3.549 3.72347 0.885 0.363997 -0.93127 -0.0155829 57 62 65
3.549 3.7243 0.891 0.380736 -0.92358 -0.0451689 57 63 66
3.55327 3.699 0.915 0.448837 -0.886068 0.115881 36 36 31
3.5519 3.699 0.921 0.500395 -0.861739 0.0837328 39 39 35
3.5511 3.699 0.927 0.497647 -0.867323 -0.00992367 40 40 36
3.55195 3.699 0.933 0.363551 -0.929171 0.0668708 41 40 36
3.55319 3.705 0.963 0.777485 -0.554759 0.296243 46 43 39
3.55237 3.711 0.885 0.619904 0.775036 0.122627 44 47 49
3.55348 3.711 0.915 0.475268 0.86061 0.182949 49 53 50
3.55454 3.711 0.921 0.569118 0.8032 -0.175998 49 52 49
3.55068 3.717 0.867 0.422339 0.691807 -0.58569 49 55 59
3.55177 3.717 0.933 0.996914 0.0245567 0.0745584 64 70 69
3.54951 3.717 0.945 0.968329 0.0202239 -0.248858 77 86 85
3.55051 3.717 0.951 0.765988 0.503244 -0.400009 72 81 80
3.54978 3.723 0.897 0.431806 -0.879041 -0.202066 59 67 69
3.55259 3.723 0.903 0.432112 -0.868662 -0.242294 59 68 67
3.55058 3.723 0.963 0.98797 -0.116589 0.101603 37 40 39
3.465 3.687 0.861156 -0.459858 -0.74831 -0.478083 61 68 67
3.45933 3.693 0.849 0.120371 0.124595 -0.984879 49 55 54
3.465 3.69118 0.855 0.368646 -0.743859 -0.557471 48 55 54
3.465 3.693 0.853338 0.333542 -0.503743 -0.796864 43 50 49
3.465 3.68717 0.861 0.0290327 -0.922605 -0.384651 60 67 67
3.46007 3.699 0.855 -0.779615 -0.189904 -0.596773 36 43 41
3.465 3.699 0.850723 -0.0707494 -0.0973331 -0.992734 39 46 45
3.46238 3.699 0.861 -0.951931 -0.293761 -0.0867861 28 34 34
3.465 3.705 0.850009 0.130523 -0.353482 -0.92629 33 40 39
3.46136 3.711 0.843 0.311529 -0.681276 -0.66243 42 50 50
3.465 3.70641 0.849 0.115487 -0.725627 -0.678327 35 42 42
3.465 3.711 0.844403 0.031869 -0.730808 -0.681838 42 50 51
3.465 3.71193 0.843 0.133483 -0.597993 -0.790308 41 49 50
3.465 3.717 0.839962 0.106503 -0.56834 -0.815871 41 48 47
3.465 3.71975 0.837 0.0240531 -0.764124 -0.644621 43 49 48
3.465 3.723 0.832408 0.0996936 -0.322243 -0.941393 43 49 47
3.45961 3.729 0.831 0.4572 -0.308409 -0.834178 46 48 47
3.465 3.729 0.833714 0.14267 0.0297074 -0.989324 44 50 47
3.465 3.73092 0.825 0 0 0 71 69 62
3.471 3.68664 0.849 -0.15209 -0.939618 -0.306572 54 58 55
3.46966 3.687 0.849 -0.755212 0.49647 -0.427987 54 59 56
3.471 3.687 0.848512 -0.130208 -0.613628 -0.778786 54 58 55
3.471 3.68444 0.855 -0.165602 -0.973428 -0.158158 59 65 63
3.46712 3.687 0.855 -0.925248 0.00423654 -0.379339 58 65 63
3.471 3.68345 0.861 0.0413667 -0.999138 0.0034785 60 67 65
3.46517 3.687 0.861 -0.869107 -0.397403 -0.294488 60 68 67
3.471 3.68765 0.849 -0.393542 0.602922 -0.693981 52 58 55
3.471 3.69181 0.855 -0.596692 0.661508 -0.454275 47 54 53
3.46794 3.693 0.855 0.31203 -0.736772 -0.599837 44 51 50
3.471 3.693 0.856459 0.0497901 -0.0101128 -0.998709 43 50 50
3.471 3.69372 0.855 0.434901 -0.626024 -0.647268 44 51 50
3.471 3.699 0.850727 0.270824 -0.333534 -0.903 42 49 47
3.471 3.70029 0.837 -0.204435 -0.643631 0.737527 50 52 47
3.46973 3.705 0.837 -1 0 0 49 51 47
3.471 3.705 0.836651 -0.178096 -0.179253 -0.967548 49 51 46
3.471 3.705 0.839191 -0.156927 0.159838 0.97459 43 47 43
3.471 3.705 0.851725 0.119952 -0.254974 -0.959479 34 42 41
3.471 3.70593 0.837 -0.158142 0.96345 -0.216231 49 51 47
3.471 3.70635 0.849 0.139424 -0.759074 -0.6359 36 43 42
3.471 3.711 0.843785 0.18806 -0.753626 -0.629826 42 50 50
3.471 3.71207 0.843 0.0575704 -0.496045 -0.866386 41 49 50
3.471 3.717 0.840853 0.166447 -0.553818 -0.815832 42 48 48
3.471 3.71988 0.837 0.191042 -0.73103 -0.655055 43 49 48
3.471 3.723 0.834622 0.260623 -0.349391 -0.900001 45 51 50
3.471 3.729 0.83412 0.11482 0.0166993 -0.993246 44 50 47
3.477 3.68638 0.849 0.00680835 -0.967434 -0.253032 58 63 59
3.477 3.687 0.847536 -0.367722 -0.244418 -0.897241 57 61 57
3.477 3.68479 0.855 0.0125784 -0.995023 -0.0988516 59 65 63
3.477 3.68605 0.861 0.0961605 -0.990427 0.0990349 53 60 58
3.477 3.69193 0.849 -0.435484 0.545879 -0.7158 45 50 48
3.47271 3.693 0.855 -0.555652 0.67003 -0.49225 43 50 49
3.477 3.693 0.849686 -0.563821 0.652419 -0.506414 42 47 45
3.477 3.69362 0.849 -0.837057 -0.547116 0 41 46 44
3.47407 3.699 0.849 -1 0 0 37 42 41
3.477 3.699 0.846129 -0.777295 -0.0900398 -0.62266 36 40 38
3.477 3.69679 0.855 -0.676993 0.694924 -0.242406 31 38 37
3.476 3.699 0.855 0.685893 -0.606382 -0.402307 29 36 35
3.477 3.699 0.852956 -0.82566 -0.0956422 0.556002 28 34 33
3.477 3.69621 0.861 -0.562954 0.76508 -0.312626 34 40 40
3.47584 3.699 0.861 0.828824 -0.448136 -0.334999 31 37 37
3.477 3.699 0.862302 5.79895e-17 0 -1 30 35 35
3.477 3.69997 0.837 0.169619 -0.772515 -0.611923 51 52 47
3.477 3.705 0.834802 0.03198 0.0321877 -0.99897 53 53 47
3.477 3.705 0.838314 0.144091 -0.146764 0.978621 45 48 45
3.477 3.70158 0.849 -0.478522 0.875651 -0.0652007 32 38 38
3.477 3.70032 0.855 0.692952 -0.639163 -0.333598 28 35 34
3.477 3.705 0.851512 0.434063 -0.378157 -0.817671 33 41 41
3.477 3.69981 0.861 0.590681 -0.779306 -0.209233 28 33 33
3.477 3.70618 0.837 0.0863624 0.989241 0.118085 47 49 46
3.477 3.70945 0.849 0.317705 -0.703923 -0.635261 40 49 49
3.477 3.711 0.84757 0.377709 -0.672765 -0.636178 43 52 51
3.477 3.71303 0.843 0.291204 -0.632411 -0.717814 41 50 50
3.477 3.717 0.840759 0.193662 -0.462725 -0.86509 42 48 48
3.47607 3.723 0.837 0.475281 -0.680786 -0.557349 48 55 54
3.477 3.723 0.838968 -0.00934195 -0.519899 -0.854177 49 56 55
3.477 3.72371 0.837 0.255007 -0.565627 -0.784243 49 56 55
3.477 3.729 0.833581 -0.0353934 -0.326828 -0.944421 49 54 52
3.483 3.68627 0.849 0.0533362 -0.973996 -0.220198 60 64 61
3.483 3.687 0.847403 0.071983 -0.868988 -0.48957 58 62 59
3.483 3.68546 0.855 0.185304 -0.97418 -0.12898 58 65 63
3.483 3.68474 0.861 0.1373 -0.981681 0.132102 59 66 65
3.483 3.687 0.86596 0.290434 -0.864459 0.410316 55 61 60
3.483 3.68965 0.843 -0.0624521 -0.76202 -0.644535 53 57 52
3.47757 3.693 0.843 -0.821213 -0.334962 -0.461963 48 51 47
3.483 3.693 0.838672 0.0480456 -0.563625 -0.824632 56 57 51
3.47799 3.693 0.849 -0.935653 -0.141114 -0.32348 42 47 45
3.47847 3.699 0.843 -0.822492 0.391119 -0.412956 40 43 41
3.483 3.699 0.837166 -0.456951 0.331688 -0.825336 51 51 45
3.4777 3.699 0.855 -0.82833 0.556026 0.0685812 28 34 34
3.47787 3.699 0.861 -0.855125 0.493645 -0.158354 30 35 35
3.48056 3.705 0.837 1 -3.88036e-17 0 55 56 51
3.483 3.70159 0.843 -0.0629763 0.957688 -0.280834 40 45 42
3.483 3.70268 0.849 0.135045 0.982273 -0.130008 37 44 42
3.483 3.70343 0.855 -0.168004 0.964951 -0.201604 37 44 44
3.48042 3.705 0.855 0.664342 -0.489112 -0.565172 35 43 43
3.483 3.705 0.858565 0.0219884 -0.28532 -0.95818 37 43 44
3.483 3.71016 0.849 0.101513 -0.902391 -0.418791 43 51 49
3.483 3.711 0.84857 0.32438 -0.332625 -0.885516 44 52 50
3.483 3.70847 0.855 0.322159 -0.775606 -0.542816 36 43 43
3.48026 3.717 0.843 0.597473 -0.586154 -0.54722 41 50 50
3.483 3.717 0.845795 0.475956 -0.510884 -0.715865 47 56 55
3.483 3.7147 0.855 0.607296 0.778994 -0.156077 38 47 46
3.48128 3.717 0.855 1 0 0 40 49 48
3.483 3.717 0.853892 0.768244 -5.87998e-17 0.640157 42 51 50
3.483 3.717 0.855828 0.333528 -0.513201 -0.790812 41 49 49
3.483 3.72029 0.837 0 -0.946658 -0.322239 46 53 51
3.47831 3.723 0.837 -0.239721 -0.709325 -0.662867 49 56 55
3.483 3.723 0.834093 0.0766423 -0.401046 -0.912846 46 52 50
3.483 3.71997 0.843 0.50438 -0.705841 -0.497383 45 53 53
3.483 3.71747 0.855 0.309014 -0.948118 0.0747203 40 49 48
3.483 3.729 0.834064 0.0921709 -0.0047945 -0.995732 48 54 53
3.48695 3.687 0.849 0.546189 -0.824394 -0.148502 60 65 61
3.48529 3.687 0.855 0.704633 -0.708575 0.0375892 56 62 60
3.48596 3.687 0.861 0.748549 -0.640746 0.170645 55 61 61
3.48843 3.693 0.843 0.506535 -0.698704 -0.505208 51 54 50
3.489 3.68942 0.849 0.119654 -0.991541 -0.0502889 53 58 55
3.489 3.693 0.844943 -0.391584 -0.664367 -0.636615 48 52 49
3.489 3.69091 0.855 0.166417 -0.972098 0.165322 45 51 51
3.489 3.69172 0.861 0.291036 -0.951899 0.0958467 43 50 50
3.489 3.69354 0.843 0.370093 -0.646554 -0.667082 50 53 49
3.489 3.699 0.838092 0.05656 0.0877231 -0.994538 51 51 45
3.489 3.70057 0.837 4.02296e-17 -1 0 52 52 46
3.48439 3.705 0.837 -0.954237 -0.158714 -0.253457 57 59 54
3.489 3.705 0.835396 0.0204779 -0.272258 -0.962006 53 55 49
3.489 3.70083 0.843 -0.348708 0.897731 -0.269226 43 47 44
3.489 3.705 0.838294 -0.0328926 -0.261134 0.964742 48 51 46
3.489 3.70073 0.849 -0.258141 0.962707 -0.0809912 34 40 39
3.489 3.70101 0.855 -0.183564 0.937875 -0.29444 35 41 41
3.489 3.705 0.857975 -0.208899 0.250938 -0.945194 34 41 40
3.48701 3.711 0.837 -0.808248 0.312515 0.499068 42 45 42
3.489 3.711 0.834536 -0.270845 0.181926 -0.945275 49 51 46
3.489 3.711 0.83941 -0.287948 0.273386 0.917794 39 44 41
3.4857 3.711 0.849 0.250488 -0.504913 -0.826026 40 48 45
3.489 3.70843 0.855 -0.131418 -0.823299 -0.552184 36 44 43
3.489 3.711 0.850068 0.131349 0.303894 -0.943608 34 42 40
3.489 3.7126 0.837 -0.326458 0.837876 -0.43748 41 46 43
3.48628 3.717 0.849 0.905772 -0.276086 -0.321487 46 56 55
3.489 3.71368 0.855 -0.211873 0.800409 -0.560763 38 46 45
3.489 3.717 0.858348 -0.047413 0.0729546 -0.996208 44 51 52
3.48576 3.723 0.837 0.662774 -0.74317 -0.0918131 48 56 56
3.48501 3.723 0.843 0.638891 -0.656451 -0.401111 48 56 56
3.489 3.71867 0.849 0.423925 -0.816781 -0.391352 44 53 52
3.489 3.723 0.845705 0.258498 -0.683019 -0.683128 50 59 58
3.489 3.7186 0.855 0.0686758 -0.956874 -0.282267 42 50 50
3.489 3.7255 0.837 0.433466 -0.79026 -0.433124 47 56 55
3.489 3.729 0.834692 0.335804 -0.297243 -0.893802 48 54 53
3.489 3.72552 0.843 0.319924 -0.925821 -0.201257 44 53 52
3.495 3.6856 0.849 -0.0189964 -0.999119 0.0374131 59 64 61
3.4903 3.687 0.849 -0.54107 -0.787814 -0.294266 60 65 61
3.495 3.687 0.846604 0.0427559 -0.627259 -0.777637 58 63 59
3.495 3.687 0.852131 -0.185329 -0.790031 0.584383 56 61 59
3.495 3.6916 0.843 0 -0.595125 -0.803633 56 58 53
3.4908 3.693 0.843 -0.25963 -0.661871 -0.70322 52 55 51
3.495 3.693 0.842161 -0.151878 -0.696076 -0.70172 56 58 53
3.495 3.68924 0.855 -0.0592935 -0.940939 0.333344 51 57 55
3.495 3.68952 0.861 0.0929909 -0.990905 0.0972578 50 56 55
3.495 3.6976 0.837 0.194152 -0.822969 -0.533879 54 53 47
3.49104 3.699 0.837 -0.460216 -0.476076 -0.749368 53 52 46
3.495 3.699 0.833084 0 0 -1 58 56 49
3.495 3.70191 0.831 0 -1 0 59 57 49
3.49425 3.705 0.831 -1 0 0 57 56 48
3.495 3.705 0.830036 -1.15636e-17 0 -1 62 59 51
3.495 3.70112 0.837 -0.154756 0.813455 -0.560662 49 50 45
3.49165 3.705 0.837 0.761663 -0.613769 -0.207741 46 49 45
3.495 3.705 0.832419 0 0 1 53 53 46
3.4941 3.705 0.843 -0.77931 0.608596 -0.149286 44 48 46
3.495 3.705 0.840976 -0.506536 0.448032 -0.736674 44 48 45
3.49245 3.705 0.849 -0.795085 0.600243 -0.0868822 31 37 35
3.4926 3.705 0.855 -0.84476 -0.117079 -0.522182 31 38 37
3.495 3.70677 0.831 0 1 0 52 51 44
3.495 3.70932 0.837 0.650353 -0.70272 0.28849 42 46 42
3.495 3.711 0.834933 0.250557 0.0376278 -0.96737 42 44 40
3.495 3.70803 0.843 -0.42009 0.845282 -0.330185 40 46 43
3.495 3.711 0.839624 0.295417 -0.0722198 0.952635 40 45 41
3.495 3.70907 0.849 -0.531862 0.756005 -0.381549 33 40 37
3.495 3.711 0.852828 0.3288 0.238648 -0.913749 37 44 42
3.495 3.71547 0.837 0.128744 0.976555 0.172527 39 44 40
3.49399 3.717 0.855 -0.514388 -0.398489 -0.759349 46 52 54
3.495 3.717 0.853639 0.0208661 -0.0820928 -0.996406 46 52 54
3.495 3.72092 0.849 0.152756 -0.796829 -0.584577 41 50 49
3.495 3.723 0.84798 0.216053 -0.786429 -0.578663 40 49 48
3.49426 3.729 0.837 0.442726 -0.627456 -0.640541 47 56 55
3.495 3.7255 0.843 0.19302 -0.88012 -0.433743 39 48 46
3.495 3.729 0.837599 0.122536 -0.857484 -0.499706 46 55 54
3.495 3.73061 0.837 0.395241 -0.182893 -0.900186 47 56 55
3.501 3.68661 0.849 0.178782 -0.918725 -0.352109 58 63 60
3.501 3.687 0.848579 0.399141 -0.28435 -0.871683 58 62 59
3.501 3.687 0.849651 0.401682 -0.843544 0.356489 58 62 59
3.501 3.687 0.865411 0 0 -1 59 64 64
3.49628 3.693 0.843 0.503783 -0.589216 -0.631686 54 56 52
3.501 3.693 0.846728 0.506258 -0.61044 -0.609152 51 54 52
3.501 3.69078 0.855 0.157187 -0.906615 0.391588 51 56 55
3.49956 3.693 0.861 0.607398 -0.794312 0.0116509 44 50 50
3.501 3.693 0.858903 0.305807 -0.840802 0.446692 45 51 51
3.49949 3.699 0.837 0.528974 -0.532461 -0.660812 44 45 40
3.501 3.6967 0.843 0.222555 -0.785821 -0.577022 47 49 46
3.501 3.699 0.838302 0.213784 -0.203783 -0.955389 42 44 40
3.501 3.69385 0.861 -0.0853304 -0.994277 0.0642817 42 48 49
3.49802 3.705 0.831 1 0 0 59 57 49
3.501 3.70121 0.837 5.32657e-17 -0.5867 -0.809805 40 41 37
3.49956 3.705 0.837 -0.745761 -0.104212 -0.658013 38 40 37
3.501 3.705 0.833955 6.57333e-17 0 -1 49 49 42
3.501 3.70722 0.837 0.0287633 0.778163 -0.627403 39 42 38
3.49752 3.711 0.837 1 -2.93623e-17 0 43 46 42
3.501 3.70902 0.843 0.00246533 0.957554 -0.288242 37 43 41
3.501 3.71083 0.849 -0.20595 0.946345 -0.249031 37 44 45
3.501 3.71011 0.855 -0.150264 0.984845 -0.0866043 37 44 45
3.49811 3.711 0.855 0.45972 0.531889 -0.711162 38 45 45
3.501 3.711 0.856666 0.475252 0.645632 -0.597741 39 45 47
3.501 3.71329 0.855 0.468709 -0.395406 -0.789915 41 47 49
3.501 3.717 0.853793 0.197043 -0.455222 -0.868301 46 52 54
3.49868 3.723 0.849 0.310063 -0.658887 -0.685368 42 51 50
3.501 3.723 0.849861 0.0575322 -0.607728 -0.792059 44 52 52
3.501 3.72658 0.843 0.0814961 -0.8818 -0.464529 41 50 48
3.501 3.729 0.838171 0.0872237 -0.878179 -0.470312 39 48 45
3.501 3.72378 0.849 0.105355 -0.882085 -0.459158 43 52 51
3.502 3.687 0.849 0.901112 -0.433585 -2.22887e-16 58 63 59
3.50408 3.693 0.849 0.692971 -0.378532 -0.6136 48 53 51
3.507 3.69138 0.855 0.160359 -0.985918 -0.047438 50 55 54
3.507 3.693 0.852103 0.104493 -0.51656 -0.849851 47 52 51
3.507 3.69213 0.861 -0.15297 -0.98501 0.0797226 50 56 57
3.50458 3.693 0.861 -0.283131 -0.928556 0.240042 47 53 53
3.507 3.69546 0.843 0.00874016 -0.97641 -0.21575 48 50 46
3.507 3.699 0.839962 -0.2101 -0.144433 -0.966952 42 43 39
3.50662 3.699 0.849 0.838307 -0.524297 -0.149514 36 41 39
3.507 3.699 0.84751 1.98945e-16 -0.813834 0.581097 36 41 38
3.507 3.699 0.851388 -0.423174 -0.364444 -0.829521 35 40 38
3.50171 3.705 0.837 0.79896 -0.0940707 -0.593981 37 39 36
3.507 3.705 0.842246 0.0727408 0.184839 -0.980073 43 49 47
3.507 3.69974 0.849 0 -1 0 36 41 39
3.507 3.70758 0.831 0 -1 0 67 66 58
3.50365 3.711 0.831 -0.881971 -0.350708 -0.31485 51 50 44
3.507 3.711 0.82896 0.0327839 -0.220072 -0.974933 69 67 59
3.507 3.711 0.835987 -0.0404764 -0.241722 0.969501 47 49 44
3.507 3.708 0.843 -0.0646995 0.821651 -0.566307 40 46 44
3.50146 3.711 0.849 -0.349046 0.931156 -0.105424 38 45 46
3.507 3.711 0.845013 -0.0143378 0.818024 -0.575005 37 44 43
3.50296 3.711 0.855 -0.530958 0.846803 -0.0317532 38 45 46
3.507 3.711 0.863288 0.218545 0.717608 0.661269 46 50 53
3.50246 3.717 0.831 -0.897419 0.328291 0.294726 41 45 41
3.507 3.717 0.829304 -0.245412 0.195191 -0.949565 45 46 41
3.507 3.717 0.833837 -0.0678125 0.595365 0.800588 43 46 41
3.507 3.71217 0.849 0.145859 0.96373 -0.223493 38 46 47
3.507 3.71387 0.855 0.00349654 0.985235 -0.171174 43 49 52
3.5035 3.717 0.855 0.693179 -0.706407 -0.143152 47 52 55
3.507 3.71392 0.861 0.0707032 0.997383 0.0151326 44 49 52
3.50206 3.717 0.861 0.924709 -0.240524 -0.295063 47 52 55
3.507 3.717 0.863383 0.178351 -0.742689 -0.645448 50 53 58
3.507 3.71789 0.831 -0.0741659 0.992417 -0.0980232 43 47 43
3.507 3.71957 0.855 0.28396 -0.880827 -0.378827 48 51 56
3.507 3.723 0.849916 0.186589 -0.733644 -0.653415 44 52 52
3.507 3.71835 0.861 0.274086 -0.939889 -0.203678 49 52 57
3.507 3.7271 0.843 0.151083 -0.876032 -0.457976 42 51 49
3.507 3.729 0.840081 0.125693 -0.830988 -0.541904 42 51 49
3.507 3.72362 0.849 0.127656 -0.861986 -0.490595 43 52 51
3.513 3.69207 0.843 -0.127457 -0.990111 -0.0586022 55 57 52
3.50954 3.693 0.843 -0.649949 -0.757967 -0.0552471 55 56 51
3.513 3.693 0.841144 0.039454 -0.596793 -0.801425 54 55 50
3.513 3.692 0.849 0.0224246 -0.98393 -0.177142 51 55 53
3.51179 3.693 0.849 -0.755657 -0.622122 -0.20481 49 53 51
3.513 3.69167 0.855 0.201455 -0.975178 -0.0918921 49 55 54
3.513 3.6911 0.861 0.0444552 -0.999009 -0.00218092 51 57 56
3.513 3.699 0.838493 -0.0883819 -0.207832 -0.974163 43 44 40
3.50777 3.699 0.849 -0.774633 -0.586089 0.237578 36 41 39
3.513 3.705 0.838584 -0.314493 0.0897458 -0.945008 38 40 36
3.51151 3.711 0.831 0.755333 -0.594679 0.275371 46 47 41
3.50822 3.711 0.843 -0.560583 0.828098 2.93258e-17 38 45 42
3.513 3.711 0.839548 -0.339095 0.418741 -0.84242 44 47 44
3.513 3.71021 0.849 0.269264 0.963011 0.0103304 37 44 43
3.51065 3.711 0.849 0.399166 0.865374 -0.302975 37 44 44
3.513 3.711 0.847521 -0.100529 0.876312 0.471138 38 45 43
3.513 3.70991 0.855 0.334046 0.922307 -0.194327 37 45 45
3.51065 3.711 0.855 0.457504 0.876562 -0.149429 38 47 46
3.513 3.711 0.857473 0.421097 0.824047 -0.378977 39 47 47
3.513 3.7133 0.831 0.27954 -0.943483 0.178039 42 43 39
3.513 3.717 0.829298 0.0507945 0.00714139 -0.998684 45 46 41
3.513 3.717 0.831955 0.300991 0.0976746 0.948612 44 47 42
3.513 3.71206 0.843 -0.0499226 0.997993 -0.0389686 43 49 46
3.513 3.71241 0.861 0.0845875 0.959332 -0.269309 42 48 49
3.513 3.717 0.866185 0.0598265 -0.558345 -0.827449 52 54 58
3.513 3.71795 0.831 -0.114439 0.949354 -0.292629 44 47 42
3.513 3.72055 0.855 0.189703 -0.897856 -0.397324 48 51 55
3.513 3.723 0.851523 0.213092 -0.73812 -0.640133 45 50 54
3.513 3.71908 0.861 0.190794 -0.941987 -0.276148 49 52 56
3.513 3.7278 0.843 0.0881168 -0.938528 -0.333767 42 50 51
3.513 3.729 0.841155 0.023902 -0.852894 -0.521537 42 50 50
3.513 3.72599 0.849 0.201307 -0.850495 -0.485935 42 50 52
3.51454 3.693 0.843 0.479417 -0.864215 -0.152617 54 55 50
3.51526 3.693 0.849 0.387964 -0.919292 -0.0662348 50 54 52
3.51688 3.693 0.855 0.379717 -0.913217 -0.147817 49 54 54
3.519 3.69265 0.861 0.278543 -0.959681 -0.0377517 50 56 55
3.519 3.693 0.859159 0.448906 -0.859508 -0.244396 50 55 55
3.519 3.693 0.865676 0.298068 -0.951936 0.0705165 51 56 56
3.519 3.69601 0.843 0.204041 -0.927118 -0.314357 46 48 45
3.519 3.699 0.838874 0.144748 -0.22769 -0.962915 47 48 44
3.519 3.69452 0.849 0.293059 -0.948868 -0.117328 47 51 50
3.519 3.69423 0.855 0.31219 -0.946633 -0.0801487 47 52 52
3.519 3.7034 0.831 -0.235656 -0.950607 -0.202023 65 62 54
3.51537 3.705 0.831 -0.917553 0.345066 -0.19755 70 68 59
3.519 3.705 0.829394 0 0 -1 70 66 57
3.519 3.70251 0.837 0.00101221 -0.849765 -0.527161 46 46 42
3.51496 3.705 0.837 -0.813438 -0.0717975 -0.577203 39 40 35
3.519 3.71044 0.831 0.217519 0.953946 -0.206572 65 64 56
3.519 3.70684 0.837 -0.394496 0.916325 -0.0687132 44 45 41
3.519 3.711 0.839835 0.110039 0.568871 -0.815032 45 48 44
3.519 3.70789 0.849 0.342096 0.935159 0.0919122 34 40 39
3.519 3.711 0.845181 0.25658 0.421773 0.86964 41 46 45
3.519 3.70799 0.855 0.154669 0.975607 -0.155782 35 41 42
3.519 3.71026 0.861 0.184259 0.902755 -0.388693 39 44 48
3.5175 3.711 0.861 0.40136 0.795374 -0.454191 40 46 48
3.519 3.711 0.862631 0.103496 0.913631 -0.393151 40 46 49
3.519 3.71129 0.831 0.214933 -0.873848 -0.436112 65 64 56
3.519 3.717 0.829117 0.100824 0.0907949 -0.990753 63 63 55
3.519 3.717 0.832255 0.0572053 -0.0446736 0.997362 63 66 58
3.519 3.71168 0.843 -0.301334 0.953481 -0.00851582 44 49 47
3.519 3.72099 0.831 0.0669978 0.987648 0.14164 51 54 47
3.519 3.72227 0.855 0.250374 -0.874724 -0.414934 47 51 54
3.519 3.723 0.854462 0.283295 -0.753067 -0.59383 46 51 54
3.519 3.72025 0.861 0.209519 -0.951502 -0.22527 49 51 56
3.519 3.72783 0.843 -0.00180508 -0.952422 -0.304778 42 50 51
3.519 3.729 0.840841 -0.024991 -0.878878 -0.476392 42 50 50
3.519 3.727 0.849 0.179837 -0.86557 -0.467383 42 50 51
3.52004 3.693 0.861 0.449757 -0.893052 0.0133091 49 55 55
3.525 3.69716 0.837 -0.0201283 -0.926462 -0.37585 55 55 49
3.52149 3.699 0.837 -0.553785 -2.39775e-17 -0.83266 51 51 46
3.525 3.699 0.834883 0 0 -1 59 59 52
3.525 3.69661 0.843 0.362046 -0.924792 -0.11697 48 50 47
3.525 3.69563 0.849 0.380831 -0.914791 -0.13463 48 52 50
3.525 3.69519 0.855 0.4114 -0.91127 -0.018349 45 51 51
3.525 3.69566 0.861 0.429859 -0.894562 -0.122397 44 49 49
3.5201 3.705 0.831 0.957795 -0.173485 -0.229199 66 63 54
3.525 3.70206 0.837 0.124611 0.954847 -0.269701 52 53 48
3.52107 3.705 0.837 0.950645 -0.0165179 -0.30984 46 47 42
3.525 3.70168 0.843 0.485387 0.848235 -0.211888 47 50 47
3.52137 3.705 0.843 0.992441 0.0791017 -0.093826 39 43 40
3.525 3.70238 0.849 0.654887 0.711328 -0.255216 44 49 49
3.52237 3.705 0.849 0.739992 0.63489 -0.222093 37 43 42
3.525 3.705 0.852266 0.322856 0.16608 -0.931763 45 51 52
3.525 3.70819 0.843 -0.111765 -0.950932 -0.288509 42 47 44
3.525 3.711 0.839127 -0.0939969 0.148985 -0.984362 43 46 42
3.525 3.70752 0.849 -0.604358 -0.767163 0.214971 41 47 46
3.52201 3.711 0.849 -0.799197 -3.56708e-17 0.60107 38 44 44
3.525 3.70847 0.855 -0.126574 0.890814 -0.436381 42 49 49
3.525 3.711 0.853158 -0.704584 -0.29656 0.644681 38 45 45
3.525 3.70976 0.861 -0.21766 0.925587 -0.309697 42 48 50
3.525 3.711 0.862975 -0.0829457 0.884961 -0.458218 41 46 49
3.52391 3.717 0.831 1 2.78448e-17 0 47 49 43
3.525 3.71636 0.843 0.0577795 0.991124 -0.119728 36 42 40
3.525 3.71228 0.849 -0.237418 0.908751 0.343227 40 47 47
3.525 3.71256 0.855 0 -1 0 38 45 45
3.52177 3.717 0.855 -1 0 0 44 48 51
3.525 3.717 0.853467 0 0 -1 40 45 47
3.525 3.717 0.857317 0 0 1 42 46 49
3.525 3.7181 0.831 -4.49811e-17 -1 0 43 45 39
3.52102 3.723 0.831 -1 0 0 43 46 41
3.525 3.723 0.827599 1.77326e-17 0 -1 49 49 42
3.525 3.723 0.832448 4.43316e-18 0 1 44 48 43
3.525 3.72118 0.855 0 1 0 43 47 51
3.52029 3.723 0.855 0.272161 -0.776282 -0.568608 47 50 54
3.525 3.72144 0.861 0.150994 -0.953689 -0.260152 49 51 56
3.525 3.723 0.857625 0.100176 -0.874288 -0.474958 48 50 55
3.525 3.72425 0.831 5.62264e-18 1 0 46 49 43
3.525 3.72459 0.855 0.211296 -0.811279 -0.545143 46 49 53
3.5271 3.699 0.837 0.915681 -0.297602 -0.270114 52 52 47
3.52793 3.699 0.843 0.987 -0.106889 -0.120027 45 48 45
3.52889 3.699 0.849 0.982578 0.0338335 -0.182743 43 47 46
3.52959 3.699 0.855 0.818065 -0.543127 -0.189161 39 45 45
3.53076 3.699 0.861 0.505012 -0.847094 -0.165514 38 44 45
3.531 3.699 0.862264 -0.43404 -0.8699 -0.234274 39 45 45
3.531 3.70223 0.843 -0.646526 -0.730855 -0.218756 38 41 39
3.52848 3.705 0.843 -0.681982 -0.682127 -0.263825 38 42 40
3.531 3.705 0.840126 -0.348641 -0.269872 -0.897562 43 45 42
3.531 3.70154 0.849 -0.646862 -0.746482 -0.155995 36 41 41
3.52806 3.705 0.849 -0.836807 -0.531612 -0.130927 36 42 42
3.531 3.70067 0.855 -0.36754 -0.864114 -0.343833 35 41 42
3.531 3.69913 0.861 0.651396 -0.7392 -0.171075 38 44 44
3.531 3.711 0.842315 0.18531 0.549873 -0.814432 42 47 45
3.52707 3.711 0.855 -0.617246 0.786509 -0.0202699 39 46 46
3.5257 3.711 0.861 -0.475332 0.844412 -0.247039 39 45 47
3.531 3.71221 0.825 0 -1 0 77 74 64
3.52956 3.717 0.825 -1 0 0 70 67 58
3.531 3.717 0.822934 0 0 -1 83 79 68
3.531 3.717 0.827181 0 0 1 65 64 56
3.531 3.71121 0.843 0.393964 0.916407 -0.0706386 42 47 46
3.531 3.71163 0.849 0.221647 0.974963 0.0178745 41 48 48
3.531 3.71234 0.855 -0.0178138 0.998806 -0.0454866 42 49 50
3.52681 3.717 0.855 1 2.55057e-17 0 41 46 48
3.531 3.71317 0.861 -0.0815646 0.986606 -0.141266 38 43 45
3.531 3.72198 0.825 0 1 0 64 62 53
3.52879 3.723 0.831 1 5.67917e-17 0 46 48 43
3.531 3.72172 0.861 0.165046 -0.980912 -0.10282 50 51 56
3.531 3.723 0.85694 0.150613 -0.86935 -0.470687 47 49 54
3.531 3.723 0.864434 0.36845 -0.844456 0.388764 50 51 56
3.531 3.72497 0.855 0.252382 -0.729756 -0.635421 45 48 53
3.537 3.69877 0.837 -0.331692 -0.931548 -0.14899 53 53 47
3.53653 3.699 0.837 -0.952631 -0.0584612 -0.298457 52 53 47
3.537 3.699 0.836716 0.143986 -0.312435 -0.938964 54 54 48
3.537 3.69786 0.843 -0.0345567 -0.992016 -0.121286 47 50 47
3.53487 3.699 0.843 -0.674833 -0.61971 -0.400699 45 48 45
3.537 3.69753 0.849 -0.143468 -0.978689 -0.146916 46 51 50
3.53445 3.699 0.849 -0.564518 -0.820462 -0.0903447 43 48 47
3.537 3.69611 0.855 -0.167186 -0.980057 -0.107411 46 51 50
3.53274 3.699 0.855 -0.581722 -0.797573 -0.159615 39 45 45
3.537 3.69589 0.861 -0.180056 -0.963185 -0.199636 47 53 52
3.53116 3.699 0.861 -0.536514 -0.838205 -0.0978064 38 44 45
3.53661 3.705 0.837 -0.554742 0.170367 -0.814393 40 43 39
3.537 3.705 0.835208 -0.195137 0.0425165 -0.979854 48 49 44
3.537 3.70518 0.837 -0.0622208 0.835555 -0.545872 40 42 38
3.537 3.71001 0.843 0.134355 0.876739 -0.461821 42 45 44
3.53407 3.711 0.843 0.194347 0.968991 -0.152596 42 46 45
3.537 3.71063 0.849 -0.0366462 0.973959 -0.223742 37 43 44
3.53625 3.711 0.849 0.179525 0.980535 -0.0795065 37 44 45
3.537 3.711 0.849462 0.0838868 0.973556 -0.212488 37 43 44
3.53242 3.717 0.825 1 -1.02085e-17 0 74 71 62
3.537 3.71491 0.837 -0.298438 -0.881499 -0.365916 43 46 42
3.53602 3.717 0.837 -0.982086 0.15969 -0.100027 44 48 45
3.537 3.717 0.831494 -0.23154 -0.529075 -0.816376 42 44 39
3.537 3.71171 0.843 -0.554282 -0.831314 0.0410874 42 46 44
3.53577 3.717 0.843 -0.997237 -0.0629607 0.0394374 42 48 46
3.537 3.717 0.848584 -0.775658 0.525879 0.349006 44 50 51
3.537 3.71214 0.855 -0.219143 0.975019 0.0362448 38 45 46
3.537 3.71211 0.861 0.12007 0.989389 -0.0818049 39 45 47
3.537 3.7175 0.831 5.3497e-17 -1 0 42 44 38
3.53368 3.723 0.831 -0.855795 -0.517316 0 44 47 41
3.537 3.723 0.829366 0 -0.284986 -0.958532 44 45 39
3.537 3.71798 0.837 -0.00170424 0.993839 -0.110817 44 48 45
3.537 3.723 0.831961 0 -0.172283 0.985048 42 45 40
3.537 3.71866 0.843 -0.152903 0.987821 0.0288092 42 48 47
3.53555 3.723 0.861 0.452469 -0.888636 -0.0748226 50 51 56
3.537 3.72432 0.861 0.309898 -0.950559 -0.0200392 50 51 56
3.53756 3.699 0.837 0.398493 -0.855193 -0.331434 52 53 47
3.54231 3.699 0.843 0.225444 -0.95477 -0.193879 47 49 46
3.543 3.69793 0.849 0.18972 -0.973008 -0.131381 47 51 49
3.543 3.699 0.843763 0.525534 -0.828315 -0.194186 47 49 46
3.543 3.69713 0.855 0.257809 -0.960507 -0.104693 46 51 50
3.543 3.69722 0.861 0.288258 -0.940525 -0.179776 47 51 50
3.543 3.70279 0.837 0.488824 -0.722745 -0.48856 46 48 43
3.543 3.705 0.835912 0.160403 0.0233498 -0.986775 49 50 45
3.543 3.69936 0.843 0.555587 -0.744729 -0.369731 46 49 46
3.543 3.70621 0.837 0.175611 0.854121 -0.489528 45 47 42
3.543 3.70972 0.843 0.144133 0.872546 -0.466786 43 46 45
3.53833 3.711 0.849 -0.903725 0.401511 -0.148561 37 43 44
3.543 3.711 0.845826 -0.0878565 -0.610222 -0.787344 39 44 44
3.543 3.71535 0.837 -0.0723599 -0.962711 -0.260674 41 44 42
3.543 3.717 0.833616 -0.731253 0.515376 -0.44683 41 43 40
3.543 3.71318 0.843 0.314114 -0.926521 -0.207103 42 46 44
3.53751 3.717 0.849 -0.891741 -0.0733902 0.446555 44 49 51
3.54259 3.717 0.855 -0.753834 0.50324 0.422473 36 40 42
3.543 3.71145 0.861 -0.0938834 0.992287 -0.0809453 40 46 48
3.543 3.717 0.855405 0.303855 0.610944 0.73104 36 40 42
3.543 3.717 0.865949 -0.22796 0.614055 -0.755626 40 43 45
3.543 3.72264 0.825 -0.698907 -0.708313 0.0991054 43 42 36
3.54272 3.723 0.825 -1 5.63179e-17 0 41 40 34
3.543 3.723 0.824667 -0.292416 -0.725637 -0.622851 43 42 36
3.53978 3.723 0.831 0.892357 -0.451331 0 44 46 40
3.543 3.723 0.825599 -0.742577 0.288103 0.60463 41 40 34
3.543 3.7177 0.837 -0.365894 0.928741 -0.0596818 41 45 44
3.543 3.7176 0.843 -0.0085472 0.999568 0.0281313 41 45 44
3.543 3.71813 0.849 0.0589348 0.996111 0.0654886 37 43 44
3.543 3.71762 0.855 -0.126129 0.977085 0.171456 37 41 43
3.543 3.72314 0.825 -0.444609 0.895725 0 41 40 34
3.543 3.7261 0.861 0.119064 -0.991931 0.0435594 48 49 54
3.54461 3.699 0.849 0.526389 -0.835167 -0.159408 46 50 48
3.54669 3.699 0.855 0.454613 -0.883236 -0.114989 44 49 47
3.5484 3.699 0.861 0.312334 -0.93084 -0.189698 43 47 45
3.549 3.699 0.861548 0.11002 -0.951598 -0.28698 42 46 44
3.54721 3.705 0.837 0.52878 -0.554596 -0.642506 46 47 43
3.549 3.704 0.843 0.385321 -0.872392 -0.300766 44 46 44
3.549 3.705 0.839189 0.174569 0.108634 -0.978634 45 46 43
3.549 3.70181 0.849 0.424073 -0.876725 -0.226971 45 48 46
3.549 3.70073 0.855 0.350103 -0.907036 -0.233909 41 46 44
3.549 3.69928 0.861 0.273517 -0.932715 -0.235014 42 46 45
3.549 3.70656 0.843 -0.0875336 0.855165 -0.510912 43 45 44
3.549 3.7107 0.849 -0.0930615 0.836601 -0.53985 39 45 44
3.54783 3.711 0.849 0.870634 0.259811 -0.417726 39 44 44
3.549 3.711 0.850025 -0.33353 0.929978 -0.154589 39 45 45
3.549 3.71334 0.831 -0.0522931 -0.969337 -0.240106 51 51 46
3.54591 3.717 0.831 -0.642906 -0.0808506 -0.761666 45 46 41
3.549 3.717 0.828551 -0.666343 -0.569144 -0.481729 63 62 55
3.549 3.71489 0.837 -0.136011 -0.978547 0.154747 41 44 42
3.54499 3.717 0.843 0.983161 0.148949 0.105871 43 47 46
3.549 3.717 0.840162 0.282963 -0.14692 0.947811 44 48 47
3.54619 3.717 0.849 0.786226 0.61572 -0.0523259 39 46 47
3.549 3.71381 0.855 -0.0382832 0.970785 0.236879 43 49 50
3.54567 3.717 0.855 0.691405 0.722378 -0.0113144 40 45 47
3.549 3.71148 0.861 -0.137684 0.972509 -0.187801 42 47 49
3.549 3.717 0.866675 0.0625264 0.645503 -0.761194 49 54 58
3.549 3.72073 0.825 -0.34061 -0.703946 -0.623254 56 55 48
3.549 3.723 0.821736 -0.132746 -0.585812 -0.799502 57 54 47
3.54779 3.723 0.831 -0.959351 0.243038 0.143448 41 43 38
3.549 3.72271 0.837 -0.434469 0.792514 0.42797 45 50 49
3.549 3.723 0.83604 0.51591 0.716757 0.469144 45 49 47
3.549 3.72563 0.831 -0.385968 0.726452 0.568591 43 44 39
3.55269 3.711 0.843 -0.813642 0.272196 -0.513709 47 50 49
3.54937 3.711 0.849 -0.93063 0.201274 -0.30564 40 45 45
3.55468 3.717 0.825 -0.430456 -0.672272 -0.602294 82 79 70
3.55231 3.717 0.843 -0.975897 0.19563 0.0967176 44 48 46
3.55179 3.717 0.849 -0.855158 0.469587 0.21953 41 47 48
3.55195 3.723 0.831 0.664491 0.492783 0.561797 40 42 36
3.54928 3.723 0.837 -0.489342 0.872091 -0.00116451 45 50 49
3.129 3.68984 0.963 -0.756681 -0.640699 0.130147 84 94 98
3.12743 3.693 0.963 -0.906573 -0.349212 0.237016 81 90 92
3.129 3.69161 0.969 -0.683974 -0.718093 0.128536 86 96 98
3.1278 3.693 0.969 -0.966466 -0.240146 0.0909539 84 93 95
3.129 3.6915 0.975 -0.69826 -0.706894 -0.112848 90 100 103
3.12768 3.693 0.975 -0.990138 -0.102226 0.0957934 87 96 98
3.129 3.68912 0.981 -0.885015 -0.451539 -0.113403 89 99 102
3.12869 3.693 0.981 -0.992077 -0.0286175 0.122327 86 96 99
3.129 3.693 0.982409 -0.944702 0 0.327931 87 96 99
3.12604 3.699 0.963 -0.95169 -0.192767 0.239012 74 80 80
3.12751 3.699 0.969 -0.964759 -0.239275 0.109488 75 81 82
3.12859 3.699 0.975 -0.935978 -0.302347 0.180366 74 81 82
3.129 3.69455 0.981 -0.932265 0.23146 0.278042 84 94 97
3.129 3.699 0.976615 -0.938768 -0.26586 0.219163 75 82 84
3.129 3.69465 0.987 -0.787582 -0.615655 -0.0261432 87 97 100
3.12645 3.699 0.987 -0.967791 -0.241826 -0.0700042 84 92 94
3.129 3.699 0.98251 -0.705783 -0.518061 -0.483201 80 89 92
3.129 3.69597 0.993 -0.673353 -0.694213 0.25429 90 99 102
3.12759 3.699 0.993 -0.992541 -0.0901519 0.0820646 86 93 95
3.129 3.69807 0.999 -0.42941 -0.815525 0.387977 90 99 103
3.12849 3.699 0.999 -0.934956 -0.343875 0.0872217 89 97 101
3.129 3.699 1.00264 -0.592872 -0.780302 0.199076 90 99 103
3.12454 3.705 0.963 -0.918701 0.378032 -0.114373 76 80 79
3.12364 3.705 0.969 -0.990988 0.130955 -0.0281789 73 76 74
3.12431 3.705 0.975 -0.986652 0.138585 0.0855131 76 80 77
3.129 3.70036 0.981 -0.818397 -0.538466 -0.200699 78 85 88
3.12604 3.705 0.981 -0.980883 -0.144565 0.130267 74 78 77
3.12732 3.705 0.987 -0.986518 0.0462301 0.156987 79 84 85
3.129 3.70381 0.993 -0.928611 0.299773 0.218671 80 87 89
3.129 3.705 0.9916 -0.920074 -0.197515 0.338307 78 85 87
3.12676 3.705 0.999 -0.983132 0.152916 -0.100342 81 86 87
3.129 3.705 0.994114 -0.86275 0.322764 -0.389211 78 85 87
3.129 3.69956 1.005 -0.635502 -0.734498 0.238012 90 99 102
3.12651 3.705 1.005 -0.999308 -0.0239975 0.0284024 84 91 91
3.129 3.70153 1.011 -0.67211 -0.724301 0.153806 88 98 100
3.12767 3.705 1.011 -0.975516 -0.152934 0.158051 86 94 95
3.129 3.70354 1.017 -0.70743 -0.66399 0.242199 88 98 99
3.12849 3.705 1.017 -0.976389 -0.210633 0.0479412 86 95 96
3.129 3.705 1.02041 -0.920545 -0.355731 0.161407 87 96 97
3.129 3.7068 0.963 0 0.984887 -0.1732 75 80 81
3.129 3.70692 0.969 -0.384598 0.902409 -0.194274 75 81 81
3.129 3.70886 0.975 -0.202929 0.966269 -0.158572 80 86 86
3.12837 3.711 0.981 -0.934829 0.350664 -0.0559442 80 84 84
3.129 3.711 0.979918 -0.531508 0.77633 -0.338836 81 86 87
3.12612 3.711 0.987 -0.969167 0.241561 -0.0486105 75 78 76
3.129 3.70652 0.993 -0.901598 -0.314078 0.297449 77 83 85
3.12746 3.711 0.993 -0.956401 -0.084683 0.27951 76 80 79
3.129 3.71024 0.999 -0.46005 0.872146 -0.166479 78 84 85
3.129 3.711 0.997936 -0.441359 0.35578 0.823786 77 83 83
3.129 3.70854 1.005 -0.555665 0.82329 -0.115893 81 87 88
3.12834 3.711 1.011 -0.98777 0.145617 -0.0557379 82 88 88
3.129 3.711 1.00982 -0.420584 0.632645 -0.650284 82 88 88
3.12681 3.711 1.017 -0.991009 0.0870872 -0.101574 83 89 89
3.129 3.70612 1.023 -0.908634 -0.397293 0.128615 87 96 97
3.12757 3.711 1.023 -0.985615 -0.119204 0.119804 84 91 91
3.129 3.70789 1.029 -0.861588 -0.454118 0.22681 88 98 99
3.1282 3.711 1.029 -0.994949 -0.0711977 0.0707583 85 93 94
3.129 3.711 1.03355 -0.896863 -0.249845 0.364985 85 93 95
3.129 3.7113 0.981 0.562066 0.754325 -0.339226 81 86 87
3.129 3.71407 0.987 0.0487767 0.988455 -0.143448 80 84 85
3.129 3.7125 0.993 -0.250628 0.933884 0.255042 78 82 82
3.129 3.71594 1.005 5.92572e-17 -1 0 77 82 81
3.12845 3.717 1.005 -1 0 0 77 82 80
3.129 3.717 1.0013 0 0 -1 77 81 79
3.129 3.71299 1.011 -0.469957 0.881874 -0.037933 81 86 86
3.129 3.717 1.00682 0 0 1 77 82 81
3.129 3.71425 1.017 -0.429359 0.794228 -0.429945 80 86 85
3.12823 3.717 1.023 -0.98227 0.183163 0.0399519 77 82 80
3.129 3.717 1.02125 -0.516552 0.685329 -0.513321 77 82 81
3.12859 3.717 1.029 -0.98922 0.127845 -0.0714177 79 85 85
3.129 3.71218 1.035 0.00930387 -0.680202 0.732965 85 92 94
3.12799 3.717 1.035 -0.998394 -0.0158493 0.0543877 84 90 89
3.129 3.717 1.03908 -0.166708 -0.556071 0.814244 84 90 90
3.129 3.71826 0.999 -2.02136e-16 -1 0 77 81 79
3.12828 3.723 0.999 -1 0 0 81 83 81
3.129 3.723 0.998279 -1.89722e-17 0 -1 81 83 81
3.129 3.71897 1.005 -5.92572e-17 1 0 78 82 81
3.129 3.723 1.0022 9.48608e-17 0 1 81 83 82
3.129 3.71895 1.023 -0.238151 0.951147 -0.196477 77 82 80
3.129 3.71774 1.029 -0.545507 0.76685 -0.338176 79 85 84
3.12872 3.723 1.035 -0.988425 0.142142 -0.0530205 80 84 83
3.129 3.723 1.03444 -0.612339 0.516406 -0.598637 80 84 83
3.129 3.7208 1.041 -0.677898 -0.571853 0.461993 84 89 88
3.1288 3.723 1.041 -0.99431 0.0312534 0.101835 84 89 87
3.129 3.723 1.04294 -0.854474 0 0.519495 85 89 87
3.129 3.72348 0.999 0 1 0 80 82 81
3.129 3.72477 1.035 -0.272998 0.934921 -0.226706 81 85 83
3.129 3.72425 1.041 -0.636382 0.770328 -0.040156 84 89 86
3.129 3.72471 1.047 -0.846525 -0.527389 -0.0725033 85 90 88
3.12794 3.729 1.047 -0.999806 0.0154671 -0.0121891 85 88 86
3.129 3.729 1.04352 -0.703031 -0.08968 -0.705482 85 89 86
3.129 3.72838 1.053 -0.869756 -0.380013 0.314824 87 90 88
3.12886 3.729 1.053 -0.970916 -0.188045 0.148192 86 90 88
3.129 3.729 1.05377 -0.913093 0 0.407751 87 90 88
3.129 3.73006 1.047 -0.714512 0.680735 -0.16147 86 90 87
3.129 3.72944 1.053 -0.814291 0.574948 0.0797751 86 90 88
3.129 3.735 1.05876 -0.880663 0.0259823 -0.473031 86 89 85
3.135 3.68287 0.963 -0.73119 -0.580424 0.358426 96 108 111
3.13233 3.687 0.963 -0.738703 -0.660133 0.136169 93 104 108
3.135 3.68348 0.969 -0.658777 -0.699525 0.276908 99 112 116
3.13323 3.687 0.969 -0.775662 -0.604249 0.182298 98 110 114
3.135 3.687 0.97315 -0.760161 -0.578849 0.295107 101 114 118
3.135 3.68526 0.981 -0.320797 -0.944118 0.0757055 98 110 114
3.12967 3.687 0.981 -0.671245 -0.732624 0.112665 91 101 105
3.135 3.687 0.976551 -0.499704 -0.80908 -0.309332 100 112 116
3.135 3.68663 0.987 -0.213599 -0.95463 0.207503 101 114 117
3.13373 3.687 0.987 -0.677747 -0.62108 0.393597 98 110 114
3.135 3.687 0.988359 -0.584103 -0.682565 0.439236 101 113 117
3.135 3.68756 0.975 -0.597596 -0.774188 -0.208597 101 114 117
3.13077 3.693 0.987 -0.900114 -0.326615 0.288302 92 102 105
3.135 3.69009 0.993 -0.634741 -0.644555 0.426207 104 116 120
3.13292 3.693 0.993 -0.717035 -0.619874 0.318773 102 113 117
3.135 3.693 0.996806 -0.673104 -0.625494 0.394573 107 120 124
3.13009 3.699 0.981 -0.991455 -0.0418753 0.123543 80 89 92
3.135 3.69463 0.999 -0.531013 -0.72463 0.439246 105 117 121
3.135 3.699 1.00464 -0.281523 -0.857304 0.431015 96 108 112
3.135 3.69653 1.011 -0.800627 -0.576146 -0.164477 107 119 122
3.13187 3.699 1.011 -0.639147 -0.766496 -0.0630558 96 107 110
3.135 3.699 1.0053 -0.672733 -0.675232 -0.302476 97 108 112
3.135 3.69375 1.017 -0.969008 -0.209656 0.130642 107 120 123
3.13396 3.699 1.017 -0.752904 -0.626325 0.202118 103 115 118
3.135 3.699 1.02014 -0.893323 -0.317409 0.31816 106 118 122
3.135 3.70403 0.963 0.0293322 0.992203 -0.121133 81 90 93
3.13358 3.705 0.963 0.125011 0.819635 -0.559081 79 87 90
3.135 3.705 0.96477 0.19395 0.378547 -0.905034 82 91 94
3.12955 3.705 0.993 -0.883397 0.406605 0.232984 79 86 88
3.135 3.69912 1.005 -0.314282 -0.947036 0.0659474 96 108 112
3.135 3.69976 1.023 -0.653258 -0.730028 0.200779 107 119 122
3.12995 3.705 1.023 -0.696976 -0.685675 0.209939 90 99 101
3.135 3.70148 1.029 -0.70498 -0.707519 0.0491877 107 119 123
3.13118 3.705 1.029 -0.740716 -0.631917 0.228082 95 105 108
3.135 3.6996 1.035 -0.923625 -0.356699 0.140291 106 118 122
3.13322 3.705 1.035 -0.848127 -0.481703 0.220554 102 114 118
3.135 3.705 1.03991 -0.84549 -0.424752 0.323625 109 120 126
3.13413 3.711 0.969 -0.659699 0.74304 0.112647 82 89 92
3.135 3.711 0.965916 -0.123164 0.630343 -0.766484 81 88 90
3.135 3.70962 0.975 0.0590326 0.97404 0.218544 87 96 99
3.135 3.711 0.973086 0.306621 0.881591 0.358861 86 94 98
3.135 3.7076 0.981 0.315055 0.943618 -0.101617 87 96 100
3.12932 3.711 0.981 0.511742 0.81536 -0.270755 81 86 87
3.135 3.70897 0.987 0.350938 0.908038 -0.228711 90 99 102
3.132 3.711 0.987 0.579294 0.759476 -0.295997 85 91 93
3.135 3.711 0.991071 0.581091 0.71652 -0.385918 87 95 98
3.135 3.7105 0.999 -0.13616 0.959717 -0.245773 88 96 101
3.135 3.711 0.997854 0.220084 0.618973 0.753947 87 95 100
3.135 3.70943 1.005 -0.240895 0.968435 0.0640495 90 99 102
3.135 3.711 1.00781 -0.366827 0.661805 -0.653798 86 95 98
3.12973 3.711 1.035 -0.98217 -0.130066 0.135736 87 95 96
3.135 3.70582 1.041 -0.755427 -0.605651 0.250035 108 120 125
3.13154 3.711 1.041 -0.891593 -0.37765 0.249885 95 104 108
3.135 3.7082 1.047 -0.67287 -0.664487 0.32512 107 120 125
3.13276 3.711 1.047 -0.908173 -0.317003 0.273371 101 112 116
3.135 3.711 1.05183 -0.841738 -0.357703 0.404384 108 120 125
3.135 3.71179 0.969 -1.99971e-17 1 0 82 90 93
3.135 3.71177 0.993 0.188869 0.969592 0.155629 84 91 95
3.12974 3.717 1.005 1 1.26521e-17 0 79 84 84
3.13452 3.717 1.011 -0.582977 0.807824 0.0869345 85 93 95
3.135 3.717 1.01084 -0.0273122 0.615166 -0.787925 85 94 96
3.135 3.71422 1.017 -0.177695 0.980865 -0.0795517 84 94 96
3.135 3.717 1.01172 0.519968 0.771035 0.367612 85 94 96
3.135 3.717 1.01853 -0.195736 0.772954 -0.603514 86 95 97
3.135 3.71696 1.035 -0.580201 0.649637 -0.491262 91 101 104
3.13494 3.717 1.035 0.466288 -0.575806 0.671583 91 101 104
3.135 3.717 1.03491 0.141633 0.20818 0.967781 91 101 104
3.13075 3.717 1.041 -0.999852 -0.00337347 0.016899 86 93 93
3.135 3.717 1.03506 0.250075 -0.143798 -0.957489 91 101 104
3.13165 3.717 1.047 -0.959527 -0.0247089 0.280532 90 98 100
3.135 3.71335 1.053 -0.870569 -0.425219 0.247586 103 114 119
3.13426 3.717 1.053 -0.952928 -0.229144 0.198547 94 103 106
3.13042 3.723 0.999 1 4.13333e-17 0 81 84 83
3.135 3.71705 1.011 0 1 0 85 94 96
3.135 3.7189 1.023 -0.137038 0.922749 -0.360215 89 97 99
3.13487 3.723 1.029 -0.573863 0.533503 -0.621334 81 89 91
3.135 3.723 1.02887 -0.351415 0.766193 -0.538011 82 90 91
3.135 3.71704 1.035 0.165155 -0.93988 0.298913 91 101 104
3.13245 3.723 1.047 -0.965245 -0.234391 0.115601 85 92 93
3.13138 3.723 1.053 -0.901495 -0.41613 0.118922 89 95 95
3.135 3.7231 1.029 -0.0366255 0.949875 -0.310478 82 89 91
3.135 3.72484 1.035 -0.0252254 0.949758 -0.311966 86 93 94
3.13295 3.729 1.041 -0.849635 0.152824 -0.504742 84 89 89
3.135 3.729 1.04029 -0.383578 0.587991 -0.712133 84 91 93
3.135 3.73287 1.041 -0.108736 0.604947 -0.788807 90 96 96
3.13395 3.735 1.047 -0.809495 0.564415 -0.161722 91 96 94
3.135 3.735 1.04205 -0.512795 0.740763 -0.433949 93 99 98
3.13211 3.735 1.053 -0.924352 0.304552 -0.229828 89 92 89
3.135 3.73715 1.047 0.55606 0.715779 -0.422442 91 97 96
3.135 3.74082 1.053 -0.128091 0.755094 -0.642982 96 101 98
3.135 3.741 1.05319 -0.0213282 0.436527 -0.899438 96 101 98
3.135 3.74688 1.047 -0.960737 -0.204297 -0.187743 90 91 85
3.13496 3.747 1.047 -0.804878 0.576319 -0.14152 90 91 84
3.135 3.747 1.04639 0 0 -1 90 91 84
3.135 3.74124 1.053 -0.71012 -0.483009 -0.512282 96 101 98
3.13389 3.747 1.053 -0.989177 0.0660506 -0.131021 90 93 88
3.141 3.67968 0.963 -0.171644 -0.975337 0.138769 105 118 120
3.13687 3.681 0.963 -0.45965 -0.867551 0.18994 98 110 113
3.141 3.68081 0.969 -0.106329 -0.971696 0.210953 106 119 121
3.13966 3.681 0.969 -0.474275 -0.835673 0.276972 104 117 120
3.141 3.681 0.96995 -0.091715 -0.966334 0.24039 106 119 121
3.141 3.6823 0.975 -0.318542 -0.933083 0.166991 107 120 122
3.13562 3.687 0.975 -0.594951 -0.742002 0.308976 102 114 118
3.141 3.68393 0.981 -0.172299 -0.955652 0.238836 108 121 123
3.141 3.6854 0.987 -0.205665 -0.961296 0.183333 110 123 125
3.141 3.68653 0.993 -0.255254 -0.942235 0.216883 112 124 127
3.1391 3.687 0.993 -0.506823 -0.767194 0.393121 108 121 124
3.141 3.687 0.994831 -0.322149 -0.892744 0.315006 112 124 127
3.141 3.68865 0.999 -0.488991 -0.844762 0.217404 115 128 131
3.13597 3.693 0.999 -0.743012 -0.611678 0.27163 110 122 126
3.141 3.68944 1.005 -0.411811 -0.899491 0.146041 115 127 130
3.13652 3.693 1.005 -0.811955 -0.571014 0.121128 108 121 124
3.141 3.69048 1.011 -0.322417 -0.942071 0.0924677 115 128 130
3.13776 3.693 1.011 -0.770099 -0.635943 -0.0502407 111 123 127
3.141 3.69116 1.017 -0.215376 -0.955131 0.203315 117 130 133
3.13522 3.693 1.017 -0.593625 -0.781344 0.192639 108 120 124
3.141 3.69294 1.023 -0.191765 -0.94263 0.273268 117 130 133
3.14078 3.693 1.023 -0.598996 -0.664328 0.447069 116 129 132
3.141 3.693 1.02321 -0.4555 -0.733243 0.50485 117 130 133
3.13526 3.699 1.005 -0.946402 -0.277135 0.165892 97 109 113
3.1361 3.699 1.023 -0.722525 -0.519413 0.456254 109 121 124
3.141 3.69703 1.029 -0.466325 -0.865927 0.180866 121 134 137
3.13908 3.699 1.029 -0.653105 -0.744215 0.139992 119 132 135
3.141 3.697 1.035 -0.341421 -0.919727 0.193736 117 130 133
3.1355 3.699 1.035 -0.536402 -0.822755 0.188006 107 118 123
3.141 3.699 1.04021 -0.34076 -0.872461 0.350277 116 130 133
3.141 3.70383 0.963 -0.0800141 0.992224 -0.0953347 96 107 113
3.141 3.705 0.96459 0.172342 0.665682 -0.726062 96 107 113
3.141 3.69941 1.041 -0.561076 -0.687848 0.460498 117 130 134
3.13548 3.705 1.041 -0.653732 -0.594917 0.467663 110 122 127
3.141 3.70269 1.047 -0.45162 -0.783131 0.427486 120 133 139
3.13859 3.705 1.047 -0.646705 -0.672694 0.359522 116 129 134
3.141 3.705 1.05106 -0.546119 -0.729287 0.412181 121 135 140
3.141 3.70861 0.969 0.0674985 0.99454 0.0795887 91 102 108
3.13708 3.711 0.969 0.521394 0.81463 -0.254022 87 95 99
3.141 3.70703 0.975 0.0988598 0.979004 0.178262 90 100 106
3.141 3.70568 0.981 -0.000287574 0.995934 -0.0900819 88 99 104
3.141 3.70808 0.987 -0.0692382 0.990219 -0.121132 99 111 117
3.141 3.70809 0.993 0.111272 0.94809 -0.297899 102 113 118
3.13623 3.711 0.993 0.5236 0.8374 -0.156858 88 96 100
3.13535 3.711 0.999 -0.454734 0.866704 -0.205038 88 97 102
3.141 3.711 0.996035 -0.218293 0.727319 -0.650657 102 113 118
3.13664 3.711 1.005 -0.218356 0.923759 -0.314626 91 101 105
3.141 3.70608 1.053 -0.637798 -0.690685 0.340834 121 134 139
3.13576 3.711 1.053 -0.666581 -0.63425 0.391659 109 122 127
3.141 3.7165 0.963 -0.477718 0.0154218 0.878378 84 92 96
3.14088 3.717 0.963 -0.905968 2.04825e-16 0.423347 83 91 95
3.141 3.717 0.963372 -8.81593e-17 0 1 83 91 95
3.141 3.71346 0.999 -0.285566 0.932173 -0.222499 99 110 115
3.141 3.71275 1.005 -0.306004 0.950715 0.0500171 99 109 114
3.141 3.71263 1.011 0.0167906 0.91062 -0.412904 101 114 118
3.13511 3.717 1.011 0.593172 0.805076 8.0722e-17 86 94 97
3.13592 3.717 1.017 -0.449966 0.669174 -0.591386 88 97 100
3.141 3.717 1.01443 -0.0867505 0.708732 -0.700124 103 115 119
3.141 3.71622 1.035 -0.00262724 0.999911 0.0131073 104 115 119
3.141 3.717 1.03361 0.0879083 0.52361 0.84741 103 114 119
3.141 3.717 1.03611 -0.00760091 0.115037 -0.993332 103 115 119
3.141 3.71709 0.963 -0.288403 0.945719 0.149797 83 91 95
3.141 3.71856 1.017 -0.142357 0.95769 -0.250127 98 110 113
3.141 3.71815 1.023 0.0277675 0.970037 -0.241366 100 111 115
3.141 3.723 1.02865 0.0516978 0.78275 -0.620186 113 124 129
3.14029 3.723 1.035 0.558112 0.753662 -0.347138 111 123 128
3.141 3.723 1.03292 0.719335 -0.022696 0.694292 115 127 132
3.141 3.723 1.03574 0.482074 0.305471 -0.821153 114 126 131
3.141 3.72339 1.029 0.152238 0.981173 -0.118841 112 124 129
3.141 3.72578 1.041 0.450126 0.870033 -0.201069 102 112 117
3.13628 3.729 1.041 0.668279 0.639992 -0.379226 87 94 96
3.141 3.72435 1.047 0.359323 0.908624 -0.212815 102 114 119
3.13714 3.729 1.047 0.819343 0.491758 -0.294706 91 99 100
3.141 3.729 1.05089 0.643266 0.476522 -0.599279 98 108 112
3.13613 3.735 1.047 0.933943 0.241359 -0.263624 92 98 98
3.141 3.73179 1.053 0.6909 0.693987 -0.202583 99 109 112
3.13851 3.735 1.053 0.872244 0.355117 -0.336277 97 105 106
3.13506 3.747 1.047 0.944404 -0.236006 -0.228914 90 91 84
3.13649 3.747 1.053 0.954681 0.132803 -0.266359 91 95 92
3.147 3.67944 0.963 -0.00870802 -0.987888 0.154925 108 120 120
3.147 3.68016 0.969 -0.00757371 -0.984314 0.176264 110 123 122
3.147 3.681 0.971799 -0.0249973 -0.962026 0.271811 111 124 123
3.147 3.68195 0.975 -0.0337393 -0.9785 0.20347 112 124 124
3.147 3.68307 0.981 -0.0877238 -0.977842 0.190078 113 126 126
3.147 3.68437 0.987 -0.146355 -0.979089 0.141294 114 127 127
3.147 3.68467 0.993 -0.172548 -0.964745 0.198733 117 130 130
3.147 3.68646 0.999 -0.154198 -0.948583 0.27643 119 132 132
3.14496 3.687 0.999 -0.309113 -0.902117 0.301053 117 130 130
3.147 3.687 1.00097 -0.189274 -0.947212 0.258774 119 132 132
3.147 3.688 1.005 -0.147181 -0.971993 0.183215 120 133 133
3.147 3.68918 1.011 -0.157226 -0.969242 0.189339 123 135 135
3.147 3.69028 1.017 -0.127891 -0.975033 0.181532 122 134 135
3.147 3.69173 1.023 -0.169163 -0.95483 0.244302 122 135 136
3.147 3.693 1.02754 -0.325007 -0.85914 0.395284 122 135 136
3.147 3.69345 1.029 -0.315159 -0.913844 0.256054 122 134 135
3.147 3.69487 1.035 -0.25109 -0.941454 0.224985 121 134 135
3.147 3.69679 1.041 -0.231145 -0.911919 0.339081 121 134 136
3.14166 3.699 1.041 -0.366162 -0.857117 0.362319 117 130 133
3.147 3.699 1.04592 -0.344854 -0.830828 0.436807 122 135 138
3.14327 3.705 0.963 -0.949815 0.261948 -0.170979 101 113 120
3.147 3.69986 1.047 -0.373143 -0.824963 0.4245 123 136 139
3.147 3.70296 1.053 -0.407155 -0.875786 0.259275 125 139 143
3.14312 3.705 1.053 -0.441887 -0.84862 0.290825 123 137 141
3.14194 3.711 0.963 -0.846163 0.469457 -0.252225 96 106 112
3.14377 3.711 0.969 -0.777165 0.514963 0.361701 99 110 117
3.147 3.70716 0.975 -0.351094 0.888796 0.294576 102 114 119
3.147 3.711 0.970314 -0.504052 0.524508 0.686165 106 118 125
3.147 3.70757 0.981 -0.270602 0.945067 -0.183367 109 122 127
3.147 3.71075 0.987 -0.380369 0.878825 -0.288073 112 126 133
3.147 3.70897 0.993 -0.376952 0.92612 -0.0144198 112 124 130
3.147 3.711 0.995093 -0.425386 0.742269 -0.517768 108 121 127
3.147 3.71451 0.963 -0.538982 0.745179 -0.392692 105 117 122
3.14114 3.717 0.963 0.93898 0.0156224 0.343617 84 92 96
3.147 3.71468 0.969 -0.650097 0.739721 0.173742 108 121 127
3.147 3.71554 0.981 -0.647555 -0.748285 -0.144023 107 119 127
3.14506 3.717 0.981 -0.999033 0.0425168 -0.0112246 98 108 115
3.147 3.717 0.979043 -0.805059 0.348814 -0.4798 105 117 124
3.147 3.71375 0.987 -0.279013 -0.918527 0.280107 109 122 129
3.14681 3.717 0.987 -0.94007 -0.329686 0.0870383 104 116 122
3.147 3.717 0.988235 6.41159e-17 0 1 106 118 124
3.147 3.71524 0.999 -0.157208 0.965022 -0.209806 107 119 126
3.147 3.71411 1.005 -0.198366 0.976841 0.080203 107 120 126
3.147 3.71436 1.011 -0.299293 0.927452 -0.224181 116 130 134
3.147 3.717 1.01563 -0.173057 0.748772 -0.639837 104 117 121
3.14152 3.717 1.035 0.0779087 0.675935 -0.732832 105 116 121
3.147 3.71877 0.981 -0.615825 0.777174 0.12946 104 116 123
3.147 3.71712 0.987 -0.172172 0.950752 0.257737 104 116 122
3.147 3.72265 1.005 -0.0904943 -0.93289 0.348606 107 120 127
3.14683 3.723 1.005 -1 0 0 107 119 126
3.147 3.723 1.00486 -0.109139 -0.611771 -0.78347 108 120 127
3.147 3.723 1.00586 -0.121901 0.783302 0.609572 107 120 126
3.147 3.71904 1.017 -0.248171 0.887925 -0.387299 101 114 118
3.147 3.72072 1.023 -0.264951 0.96369 0.0331943 112 125 131
3.147 3.71873 1.029 -0.150386 0.977489 -0.147981 104 117 121
3.14167 3.723 1.029 0.50663 0.861837 0.0237336 113 125 130
3.147 3.71942 1.035 -0.341472 0.938814 0.0449953 114 127 133
3.147 3.72223 1.041 0.178186 0.741843 -0.646466 125 139 147
3.14552 3.723 1.041 0.454905 0.769679 -0.447945 121 134 142
3.147 3.723 1.04183 -0.0043696 0.755381 -0.655271 125 139 147
3.147 3.72316 1.005 -0.0856467 0.962061 -0.259044 107 120 127
3.147 3.72607 1.047 -0.257238 0.954575 -0.150382 112 125 131
3.147 3.72544 1.053 -0.141934 0.949806 -0.278788 115 129 134
3.14254 3.729 1.053 0.62238 0.595481 -0.507982 102 114 118
3.147 3.74075 1.041 0 -1 0 102 112 117
3.14657 3.741 1.041 -1 0 0 101 111 115
3.147 3.741 1.04084 0 0 -1 102 111 116
3.147 3.741 1.04476 0 0 1 103 113 119
3.147 3.74118 1.041 0 1 0 102 111 116
3.153 3.67945 0.963 -0.0361704 -0.950149 0.309692 112 125 123
3.153 3.68081 0.969 0.0563953 -0.98055 0.187994 113 126 124
3.153 3.681 0.970187 0.0302256 -0.981094 0.191159 114 127 125
3.153 3.68162 0.975 0.00749198 -0.986492 0.163635 118 130 128
3.153 3.68294 0.981 -0.0273257 -0.988275 0.150219 118 130 129
3.153 3.68348 0.987 -0.0329829 -0.990502 0.133481 120 132 131
3.153 3.684 0.993 -0.0114481 -0.981725 0.189961 123 135 134
3.153 3.68611 0.999 -0.0584698 -0.963873 0.259865 124 137 135
3.153 3.687 1.00193 -0.084189 -0.958739 0.271535 125 138 136
3.153 3.68791 1.005 -0.0957331 -0.97916 0.179111 126 139 137
3.153 3.68847 1.011 -0.0615202 -0.980606 0.186085 126 139 138
3.153 3.6899 1.017 -0.0229802 -0.977988 0.207394 128 141 140
3.153 3.69083 1.023 -0.0124236 -0.984585 0.174467 128 141 141
3.153 3.69208 1.029 -0.083807 -0.964905 0.248866 127 140 140
3.14865 3.693 1.029 -0.21028 -0.935459 0.284076 123 136 136
3.153 3.693 1.03169 -0.107194 -0.931506 0.347571 127 140 140
3.153 3.69428 1.035 -0.0547656 -0.948359 0.312435 127 140 139
3.153 3.69622 1.041 -0.0652577 -0.956034 0.285904 126 139 140
3.153 3.69826 1.047 -0.15229 -0.940863 0.302631 126 139 141
3.14938 3.699 1.047 -0.207661 -0.895655 0.393293 124 137 139
3.153 3.699 1.04968 -0.23502 -0.923872 0.302036 126 140 141
3.153 3.70009 1.053 -0.2821 -0.903603 0.322368 126 140 142
3.15192 3.711 0.975 -0.844474 0.309331 0.43724 128 142 148
3.153 3.70991 0.981 -0.480829 0.867187 -0.129576 126 140 146
3.153 3.711 0.978077 -0.795497 -0.60231 0.0663854 131 145 152
3.14709 3.711 0.987 -0.792075 0.492633 -0.360459 113 127 134
3.153 3.711 0.982154 -0.541026 0.551432 -0.634991 130 144 151
3.14896 3.711 0.993 -0.994843 0.100869 -0.0106085 118 132 139
3.1506 3.717 0.963 -0.962366 0.247096 -0.113121 109 123 128
3.14909 3.717 0.969 -0.973116 0.155607 0.169801 112 126 132
3.14911 3.717 0.975 -0.99596 -0.0508591 -0.0740039 118 131 137
3.153 3.71313 0.981 -0.155118 -0.886443 0.436071 131 145 152
3.153 3.71668 0.987 -0.56173 0.585167 -0.584841 129 143 150
3.1484 3.717 0.987 0.441029 -0.53024 0.724113 110 122 129
3.153 3.717 0.986304 -0.667252 0.145111 0.73056 130 144 151
3.14781 3.717 0.993 -0.915398 0.401212 0.032787 116 129 136
3.153 3.717 0.987706 -0.735839 -0.0650686 -0.674023 131 145 152
3.153 3.71552 0.999 -0.53641 0.82237 0.189662 141 155 162
3.153 3.717 0.998128 -0.744356 0.405538 0.530539 145 159 166
3.153 3.71491 1.005 -0.333683 0.942394 -0.023448 131 146 151
3.15176 3.717 1.011 -0.552117 0.617834 -0.559865 124 140 145
3.153 3.717 1.00971 -0.575322 0.716423 -0.394643 129 145 150
3.14956 3.723 0.963 -0.938128 0.24613 -0.243591 103 115 120
3.15091 3.723 0.969 -0.97215 0.040134 0.230897 104 116 122
3.153 3.72274 0.975 -0.821155 0.560315 -0.108405 109 121 128
3.153 3.723 0.974553 -0.870023 -0.357346 0.339653 108 120 127
3.15021 3.723 0.981 -0.961136 0.19135 0.199006 114 127 135
3.153 3.723 0.975454 -0.766833 0.506939 -0.393675 109 121 128
3.153 3.71936 0.987 -0.991281 -0.131762 0 126 140 147
3.15244 3.723 0.987 -0.996864 0.0725067 -0.0316977 119 133 141
3.1527 3.723 0.993 -0.883849 0.358808 0.300113 129 141 149
3.153 3.723 0.993638 -0.894715 0.189017 0.40467 129 142 150
3.153 3.72209 1.005 -0.555638 -0.827525 -0.0804318 141 157 164
3.153 3.723 1.00388 -0.786165 -0.257832 -0.561665 138 154 160
3.153 3.71892 1.011 -0.727301 0.581483 -0.364571 129 145 150
3.153 3.723 1.00642 -0.920253 0.0069079 0.391262 140 156 162
3.153 3.72021 1.017 -0.518633 0.841732 -0.150024 121 137 141
3.153 3.72203 1.023 -0.356612 0.922457 -0.147986 137 153 160
3.1505 3.723 1.029 -0.726537 0.684378 -0.0614037 122 137 143
3.153 3.723 1.02429 -0.651878 0.644348 -0.399838 139 156 163
3.15214 3.723 1.035 -0.652801 0.731973 0.195106 127 143 149
3.153 3.72217 1.041 -0.300326 0.94106 -0.155595 129 143 151
3.153 3.723 1.038 -0.755668 0.502498 0.420073 130 145 153
3.153 3.723 1.04169 -0.0720042 0.572466 -0.81676 129 143 151
3.153 3.72463 0.963 -0.586478 0.766758 -0.261008 109 122 128
3.14907 3.729 0.969 -0.922852 0.363012 -0.12871 100 110 115
3.153 3.729 0.967158 -0.38981 0.639419 -0.662715 108 121 126
3.153 3.72337 0.975 -0.839038 -0.405632 -0.362598 108 120 127
3.15043 3.729 0.975 -0.998864 -0.0232622 0.041589 101 112 118
3.15226 3.729 0.981 -0.990735 -0.0313602 0.132137 106 117 124
3.15132 3.729 0.987 -0.991401 -0.0152571 0.12997 114 126 134
3.153 3.72585 0.993 -0.93215 0.194454 0.305424 123 136 144
3.153 3.729 0.99237 0.152983 0.643498 0.750004 116 129 137
3.153 3.72358 1.005 -0.668758 0.713778 -0.208048 138 154 160
3.153 3.7255 1.029 -0.700873 0.682544 -0.20715 127 142 148
3.153 3.72509 1.035 -0.874704 0.484234 0.0202662 133 149 157
3.15143 3.729 1.047 -0.65604 0.750395 -0.0807441 123 137 144
3.153 3.729 1.04559 -0.544182 0.522284 -0.656571 130 145 153
3.15087 3.729 1.053 -0.579826 0.808337 -0.101948 129 144 150
3.153 3.73084 0.969 -0.448569 0.832299 -0.325677 106 118 124
3.153 3.73262 0.975 -0.396769 0.840919 -0.368008 108 119 127
3.1503 3.735 0.981 -0.984724 0.171093 0.0323483 101 111 117
3.153 3.735 0.977255 -0.470044 0.624665 -0.62358 108 119 128
3.153 3.73494 0.987 -0.560321 0.515043 0.648668 110 121 128
3.153 3.735 0.986958 -0.00666642 0.52991 0.848028 110 121 128
3.153 3.73083 1.047 -0.791932 0.530125 -0.303004 130 145 152
3.153 3.73128 1.053 -0.774985 0.630636 0.0411806 133 149 155
3.153 3.73855 0.981 -0.397021 0.891279 -0.219081 99 108 113
3.153 3.74004 1.005 -7.19056e-17 -1 0 108 122 128
3.15255 3.741 1.005 -1 0 0 107 121 126
3.153 3.741 1.0023 3.42104e-16 0 -1 107 120 126
3.153 3.741 1.00605 -8.55261e-17 0 1 108 122 127
3.14734 3.741 1.041 1 0 0 103 112 117
3.153 3.74161 1.005 3.59528e-17 1 0 107 121 126
3.159 3.67985 0.963 -0.0382957 -0.921028 0.387609 116 128 126
3.15744 3.681 0.969 0.0353902 -0.990352 0.133982 117 129 127
3.159 3.681 0.968632 0.0260426 -0.979925 0.197659 119 131 128
3.159 3.68105 0.969 -0.0311715 -0.989128 0.143718 119 131 128
3.159 3.68205 0.975 -0.0266406 -0.985934 0.164997 122 134 131
3.159 3.68277 0.981 0.00538671 -0.991462 0.130284 123 135 133
3.159 3.68341 0.987 0.00585337 -0.984346 0.176147 126 138 136
3.159 3.68484 0.993 0.0479474 -0.982766 0.178529 127 138 137
3.159 3.68624 0.999 -0.00606213 -0.983991 0.178117 129 141 139
3.159 3.6865 1.005 -0.0195473 -0.989459 0.143489 131 143 141
3.15676 3.687 1.005 -0.220773 -0.935801 0.274838 129 141 140
3.159 3.687 1.00682 -0.0779063 -0.961084 0.265042 131 143 142
3.159 3.68814 1.011 0.00496142 -0.974609 0.223858 131 143 142
3.159 3.68981 1.017 -0.0392871 -0.965473 0.257523 132 144 143
3.159 3.69163 1.023 -0.000634712 -0.981878 0.189512 131 144 143
3.159 3.6922 1.029 0.0298781 -0.982839 0.182029 132 144 143
3.159 3.693 1.03155 -0.00753656 -0.945729 0.324868 133 145 144
3.159 3.69419 1.035 -0.0332391 -0.942864 0.331516 133 145 145
3.159 3.69636 1.041 -0.0188273 -0.969806 0.243149 132 144 144
3.159 3.69725 1.047 -0.0766601 -0.972238 0.221082 132 144 145
3.159 3.69876 1.053 -0.0422909 -0.95718 0.286388 131 144 145
3.1576 3.699 1.053 -0.198065 -0.93656 0.289181 130 143 145
3.159 3.699 1.05373 -0.127336 -0.921642 0.366553 131 144 145
3.15416 3.711 0.981 -0.999986 0.00478736 0.00221585 133 147 154
3.15324 3.717 0.987 -0.995809 -0.0829962 -0.0384152 130 144 151
3.15332 3.717 0.999 -0.872997 0.417129 0.252745 145 159 166
3.15529 3.717 1.005 -0.992481 0.0972885 -0.0742661 145 160 166
3.15396 3.723 0.975 -1 9.37398e-17 0 112 125 132
3.15545 3.723 0.999 -0.987423 0.0994483 0.122905 132 147 154
3.15427 3.723 1.011 -0.955109 0.285699 0.0783776 139 156 161
3.1561 3.723 1.017 -0.973599 0.217744 -0.0685058 140 156 161
3.15465 3.723 1.023 -0.948252 0.293319 -0.121584 142 160 166
3.15565 3.723 1.041 -0.934708 0.349353 -0.0653776 138 153 162
3.15849 3.729 0.963 -0.969188 0.125578 -0.211907 114 128 136
3.159 3.72717 0.987 -0.03259 0.999422 0.00966334 132 145 157
3.15552 3.729 0.987 0.713451 0.549691 0.434544 123 135 146
3.159 3.729 0.982511 0.371106 0.126554 0.919926 130 144 157
3.15319 3.729 0.993 -0.860278 0.388064 -0.330647 116 129 138
3.159 3.729 0.98865 -0.478874 0.621612 -0.619902 133 145 157
3.15444 3.729 0.999 -0.952118 -0.186942 0.241919 122 135 143
3.15624 3.729 1.005 -0.960177 0.22757 0.162085 126 141 148
3.15589 3.729 1.011 -0.988255 0.0778457 -0.131499 131 147 153
3.15411 3.729 1.017 -0.996658 0.0815876 0.00401321 133 150 155
3.1561 3.729 1.023 -0.988059 0.137382 0.0697551 133 150 157
3.15596 3.729 1.029 -0.962492 0.245495 -0.115501 132 148 154
3.15403 3.729 1.035 -0.965361 0.246008 0.0869335 141 158 166
3.15584 3.729 1.041 -0.957097 0.287568 0.0356427 143 158 169
3.15303 3.735 0.963 -0.967476 -0.177023 0.180699 97 107 111
3.15823 3.735 0.969 -0.975886 0.117509 0.183952 108 121 129
3.159 3.73317 0.975 -0.446013 0.893077 -0.0590374 117 128 139
3.159 3.735 0.972012 -0.770036 -0.432373 0.469146 109 120 130
3.159 3.735 0.976085 -0.124451 0.689048 -0.71395 110 121 131
3.159 3.735 0.986954 0.000782973 0.140246 0.990116 128 140 154
3.159 3.73316 0.993 -0.510216 0.678724 -0.528218 127 140 151
3.15309 3.735 0.999 -0.987278 0.113728 -0.111121 111 124 132
3.159 3.735 0.996706 -0.554092 0.326701 -0.765669 139 154 167
3.15811 3.735 1.005 -0.876482 0.37303 0.304348 145 161 173
3.15574 3.735 1.011 -0.931496 0.351143 -0.0949391 120 136 141
3.15691 3.735 1.017 -0.891879 0.451036 0.0334388 122 138 142
3.15533 3.735 1.023 -0.961896 0.201202 -0.185133 125 142 149
3.15659 3.735 1.029 -0.999901 -0.00772314 -0.0118 130 145 153
3.15612 3.735 1.035 -0.975929 0.0716747 0.205973 131 145 155
3.159 3.73466 1.041 -0.862817 0.492821 -0.112582 139 153 165
3.159 3.735 1.04039 -0.846849 -0.302025 0.437753 138 153 164
3.15577 3.735 1.047 -0.932897 0.338189 -0.123818 139 155 164
3.159 3.735 1.04145 -0.776452 0.436827 -0.454208 138 153 165
3.15602 3.735 1.053 -0.910632 0.409378 0.0562071 138 155 162
3.15629 3.741 0.963 -0.884749 0.466068 0.000743232 110 122 129
3.15729 3.741 0.969 -0.943512 0.213301 -0.253549 106 118 126
3.159 3.7385 0.975 -0.37545 -0.601967 0.70475 108 118 128
3.15499 3.741 0.975 -0.97143 -0.216716 0.09674 98 106 113
3.159 3.73967 0.981 -0.116349 0.971786 0.205171 111 122 131
3.159 3.741 0.977136 -0.342494 -0.625783 0.70078 108 118 128
3.159 3.73512 0.987 -0.810853 -0.584193 0.0351674 128 140 154
3.15446 3.741 0.987 -1 4.88387e-17 0 108 117 126
3.159 3.741 0.983605 -0.638474 0.0915491 -0.764179 117 128 139
3.159 3.741 0.992019 -0.773843 0 0.633377 120 132 146
3.15394 3.741 0.999 -0.814151 0.529538 0.238219 107 118 125
3.159 3.741 0.993925 -0.679353 0.0518879 -0.731975 118 130 143
3.159 3.7353 1.005 -0.732006 0.675891 0.0856709 150 166 178
3.15333 3.741 1.005 1 8.97157e-18 0 108 122 128
3.159 3.741 1.00066 -0.475594 0.459659 0.750016 109 123 130
3.159 3.73969 1.011 -0.77999 0.586829 -0.217364 133 151 160
3.159 3.73709 1.017 -0.812463 0.57162 0.114693 127 144 151
3.159 3.73789 1.023 -0.694962 0.688461 -0.207482 131 149 157
3.15481 3.741 1.029 -0.939636 0.321695 -0.116606 122 136 144
3.159 3.741 1.02578 -0.488255 0.603367 -0.63052 129 147 156
3.15588 3.741 1.035 -0.928987 0.359888 0.0863966 126 139 149
3.159 3.73542 1.041 -0.838338 -0.359418 -0.409887 138 153 164
3.15674 3.741 1.041 -0.988223 0.0814745 0.129523 128 142 151
3.15823 3.741 1.047 -0.940987 0.310176 -0.1354 131 146 154
3.15652 3.741 1.053 -0.995443 0.0477213 -0.0825539 135 150 158
3.159 3.74355 0.963 -0.679789 0.721915 -0.129329 107 119 127
3.159 3.74277 0.969 -0.701707 0.708991 -0.0702733 106 118 126
3.15742 3.747 0.975 -0.828609 0.416387 -0.374204 104 113 122
3.159 3.747 0.973367 -0.589654 0.578937 -0.563153 105 115 123
3.159 3.74552 0.981 -0.36729 -0.564388 0.7393 108 118 128
3.15574 3.747 0.981 -0.909249 -0.100585 0.403918 99 108 115
3.159 3.74337 0.987 -0.687594 0.72347 -0.061689 121 131 144
3.159 3.747 0.981843 -0.815595 -0.216584 0.53656 108 118 128
3.159 3.74215 0.993 -0.860121 -0.51009 0 119 131 145
3.15581 3.747 0.993 -1 0 0 109 118 129
3.159 3.747 0.990899 -0.736516 -0.0363972 -0.67544 116 126 139
3.159 3.74492 0.999 -0.72516 0.687708 -0.0346325 110 123 133
3.159 3.747 0.996555 -0.857687 0.226443 0.461624 114 126 138
3.159 3.74496 1.011 -0.368574 -0.92748 0.0627264 115 131 137
3.1563 3.747 1.011 -0.665879 0.631678 -0.396974 104 118 121
3.159 3.747 1.01034 -0.813021 -0.0922593 -0.574879 106 121 125
3.159 3.74407 1.017 -0.022623 -0.998724 0.0451489 117 134 143
3.15463 3.747 1.017 -0.991423 0.0248611 -0.128304 108 122 129
3.159 3.74546 1.023 -0.288105 -0.951319 -0.10949 114 129 137
3.1559 3.747 1.023 -0.829708 -0.356865 0.429223 108 123 128
3.159 3.7441 1.029 -0.597436 0.740187 -0.308535 125 142 150
3.159 3.747 1.02445 -0.712891 -0.233795 0.661155 111 127 134
3.159 3.74326 1.035 -0.614965 0.788517 -0.00773458 129 144 155
3.159 3.74521 1.041 -0.789121 0.611326 -0.0597352 142 159 172
3.159 3.74186 1.047 -0.867105 0.497204 0.0302934 134 150 159
3.15722 3.747 1.053 -0.922267 0.297338 -0.247009 124 138 144
3.159 3.747 1.05133 -0.695526 0.487083 -0.528198 132 149 157
3.165 3.67929 0.963 0.0106202 -0.926968 0.37499 121 133 130
3.165 3.68068 0.969 -0.0518127 -0.980638 0.188849 124 135 132
3.16002 3.681 0.969 -0.0631726 -0.985127 0.159794 120 131 129
3.165 3.681 0.972377 -0.0222272 -0.996066 0.0857828 125 136 133
3.165 3.6812 0.975 -0.063877 -0.985417 0.157714 126 137 134
3.165 3.68279 0.981 -0.0855813 -0.978173 0.189348 128 140 137
3.165 3.68347 0.987 -0.0133622 -0.981793 0.189481 129 141 138
3.165 3.68523 0.993 0.019469 -0.980335 0.196377 131 143 140
3.165 3.6856 0.999 0.0364432 -0.987801 0.1514 133 144 142
3.16418 3.687 1.005 0.0914428 -0.960782 0.261794 133 145 143
3.165 3.687 1.00471 0.102999 -0.965796 0.237969 134 145 143
3.165 3.68707 1.005 0.0658226 -0.968343 0.240789 134 145 143
3.165 3.6889 1.011 0.0278501 -0.978177 0.205898 134 146 144
3.165 3.6897 1.017 0.0213526 -0.980277 0.196469 135 147 146
3.165 3.69089 1.023 -0.0170624 -0.976623 0.214282 136 148 147
3.165 3.69213 1.029 -0.0106826 -0.979956 0.198928 136 148 148
3.165 3.693 1.03213 -0.00250001 -0.955281 0.295688 136 148 147
3.165 3.69392 1.035 -0.0118295 -0.956918 0.290117 136 148 147
3.165 3.69604 1.041 -0.0618787 -0.960887 0.269938 137 149 148
3.165 3.697 1.047 -0.0179012 -0.96898 0.246491 135 148 148
3.1609 3.699 1.053 0.113083 -0.927407 0.356551 132 145 146
3.165 3.699 1.05174 0.0225819 -0.924802 0.379778 135 147 148
3.165 3.69945 1.053 -0.0478573 -0.971919 0.230397 135 148 148
3.16095 3.729 0.987 -0.938408 0.326967 -0.111726 138 151 164
3.16019 3.735 0.975 -0.795923 0.515943 0.316718 114 124 135
3.15904 3.735 0.987 -0.897494 -0.286433 0.335351 128 140 154
3.16128 3.735 0.993 -0.995714 -0.0757608 -0.0530391 134 147 160
3.15958 3.735 1.041 -1 -6.62275e-17 0 140 155 167
3.15937 3.741 0.993 -0.998462 -0.0269277 0.0484675 121 134 147
3.16365 3.741 1.005 -0.961159 0.257376 0.0996579 135 152 161
3.15974 3.741 1.011 -0.983838 0.175765 -0.0341858 136 155 165
3.16125 3.741 1.017 -0.816171 0.56424 0.124495 135 154 164
3.16237 3.741 1.023 -0.937221 0.252094 -0.240967 139 158 169
3.16044 3.741 0.981 -0.987834 0.149158 0.0440029 114 124 135
3.16157 3.747 0.987 -0.99327 0.110106 0.0359314 118 127 140
3.16 3.747 0.999 -0.871184 0.337615 0.356447 117 130 142
3.16194 3.747 1.005 -0.980842 0.00578948 -0.194718 124 141 149
3.165 3.7462 1.017 -0.81084 0.585268 -6.63512e-17 125 144 154
3.16372 3.747 1.017 0.52112 0.600992 -0.606006 119 136 146
3.165 3.747 1.01481 -0.746531 0.257135 0.613655 125 143 153
3.165 3.747 1.01779 -0.710823 -0.458735 -0.533192 124 142 153
3.1623 3.747 1.029 -0.98616 0.148793 0.0731346 132 150 161
3.16367 3.747 1.035 -0.995615 0.0748269 0.0561416 140 158 171
3.15982 3.747 1.041 -0.827941 0.560082 -0.0286668 145 165 179
3.16188 3.747 1.047 -0.832196 0.554383 0.0104418 145 167 179
3.165 3.747 1.05874 -0.648324 0.586596 0.485367 153 176 190
3.16903 3.699 1.053 -0.117797 -0.927206 0.355546 136 149 150
3.123 3.69292 0.933 -0.949241 -0.314528 0.00377389 74 79 78
3.12299 3.693 0.933 -0.985808 -0.148053 -0.0791408 74 79 78
3.123 3.693 0.932954 -0.886842 -0.309412 -0.343183 74 79 78
3.123 3.69269 0.939 -0.921143 -0.389029 0.0123383 75 80 79
3.12294 3.693 0.939 -0.983125 -0.12357 -0.134893 75 80 78
3.123 3.69189 0.945 -0.868214 -0.495976 0.0145399 78 83 84
3.12246 3.693 0.945 -0.965418 -0.244295 0.0910409 77 82 82
3.123 3.693 0.950862 -0.985402 -0.143176 0.0921052 82 88 88
3.12209 3.699 0.933 -0.999989 0.00461772 5.40105e-06 71 73 70
3.123 3.699 0.927006 -0.95444 -0.166437 -0.247675 69 71 68
3.123 3.69431 0.939 -0.988787 0.0604914 0.136533 74 78 77
3.123 3.699 0.937991 -0.846819 0.479771 0.229605 70 73 71
3.12068 3.699 0.945 -0.996457 0.071702 -0.043954 73 75 71
3.123 3.699 0.939595 -0.739977 0.647176 -0.183296 70 73 71
3.123 3.69318 0.951 -0.969268 -0.101689 0.224006 82 88 88
3.12254 3.699 0.951 -0.974074 -0.114097 0.195349 75 79 78
3.123 3.699 0.953617 -0.974073 0 0.226232 76 80 79
3.123 3.70008 0.933 -0.744783 0.667307 -0.000222064 71 73 70
3.123 3.70134 0.945 -0.386634 0.921322 -0.0409835 73 76 74
3.123 3.69951 0.951 -0.664609 0.743324 0.0759289 75 79 77
3.129 3.67967 0.891 -0.608502 -0.782177 -0.133882 79 86 86
3.12827 3.681 0.891 -0.925051 -0.32687 -0.193486 77 83 83
3.129 3.681 0.887228 -0.752073 -0.585617 -0.302388 80 87 88
3.129 3.6786 0.897 -0.662215 -0.748778 -0.0283475 78 85 86
3.12808 3.681 0.897 -0.939695 -0.340186 0.0353186 76 82 82
3.129 3.681 0.901811 -0.874588 -0.446612 0.188769 80 87 88
3.129 3.67668 0.915 -0.746598 -0.651198 -0.136135 85 95 98
3.12707 3.681 0.915 -0.935931 -0.198006 -0.291249 88 96 99
3.129 3.681 0.909212 -0.788789 -0.493123 -0.366936 86 94 96
3.129 3.67709 0.921 -0.647409 -0.744586 0.162646 85 95 98
3.12483 3.681 0.921 -0.93522 -0.353971 -0.00826307 81 88 91
3.129 3.67932 0.927 -0.76008 -0.63905 0.117871 87 97 101
3.12828 3.681 0.927 -0.858817 -0.470369 0.202944 86 96 99
3.129 3.67944 0.933 -0.696431 -0.715203 0.0588959 88 99 102
3.1283 3.681 0.933 -0.870294 -0.491437 0.0328259 87 98 101
3.129 3.68005 0.939 -0.639381 -0.766911 -0.0551364 89 100 104
3.12856 3.681 0.939 -0.87015 -0.489569 -0.0562206 88 99 103
3.129 3.67847 0.945 -0.489993 -0.871629 0.0130249 87 99 102
3.1269 3.681 0.945 -0.913281 -0.388834 -0.121349 86 96 99
3.129 3.67862 0.951 -0.218416 -0.958115 0.185231 90 102 106
3.1258 3.681 0.951 -0.949756 -0.311108 0.034278 86 96 100
3.129 3.67981 0.957 -0.0143667 -0.957101 0.289399 92 103 107
3.12714 3.681 0.957 -0.906433 -0.180883 0.381654 88 99 103
3.129 3.681 0.958888 -0.499681 -0.275924 0.821088 89 101 105
3.129 3.68602 0.879 -0.886349 -0.432413 -0.165542 76 83 83
3.12878 3.687 0.879 -0.997923 0.0572247 -0.0295744 75 81 80
3.129 3.687 0.875244 -0.933954 -0.338605 -0.114353 79 86 86
3.129 3.68415 0.885 -0.952239 -0.247079 -0.179422 79 86 86
3.12848 3.687 0.885 -0.94213 -0.0539323 -0.33088 76 82 80
3.1259 3.687 0.891 -0.976015 -0.17411 -0.130695 71 76 74
3.12656 3.687 0.897 -0.990385 -0.138128 -0.00765169 77 81 81
3.129 3.68161 0.903 -0.920804 -0.369829 0.12388 81 87 89
3.12608 3.687 0.903 -0.962102 -0.257269 0.0903978 75 79 79
3.129 3.68121 0.909 -0.965184 -0.202817 -0.165181 86 93 95
3.12781 3.687 0.909 -0.975901 -0.218214 0.000478861 76 81 81
3.12679 3.687 0.915 -0.955312 -0.136215 -0.262342 81 86 87
3.1244 3.687 0.921 -0.987364 -0.147542 -0.0578292 80 86 86
3.12438 3.687 0.927 -0.969081 -0.243317 0.0409783 81 88 89
3.12487 3.687 0.933 -0.938239 -0.345403 -0.0201197 83 90 92
3.12503 3.687 0.939 -0.929357 -0.369134 0.00601917 84 93 95
3.12588 3.687 0.945 -0.951627 -0.304171 0.0434221 84 92 94
3.12642 3.687 0.951 -0.935173 -0.182889 0.303322 86 95 97
3.129 3.68327 0.957 -0.698117 0.426667 0.574968 87 98 102
3.129 3.687 0.954766 -0.755133 -0.32698 0.568206 84 93 97
3.129 3.69033 0.879 -0.996189 0.0795822 -0.0357011 71 77 76
3.129 3.68912 0.885 -0.987017 0.156422 -0.0364726 73 78 76
3.12635 3.693 0.891 -0.973472 0.0442803 -0.224483 76 78 75
3.129 3.693 0.886492 -0.861208 0.0548175 -0.505287 68 71 68
3.12576 3.693 0.897 -0.992975 -0.0372265 -0.11232 69 71 67
3.12553 3.693 0.903 -0.994437 -0.0249244 0.102338 72 74 71
3.12629 3.693 0.909 -0.995913 0.0453391 -0.0781118 72 74 73
3.12548 3.693 0.915 -0.975642 -0.127337 -0.178627 76 79 77
3.12474 3.693 0.921 -0.999816 8.99463e-05 -0.019195 76 79 78
3.1253 3.693 0.927 -0.983388 -0.13712 -0.118939 77 82 81
3.12303 3.693 0.951 -0.894235 -0.409338 0.181068 82 88 88
3.129 3.68878 0.957 -0.703377 -0.667187 0.245199 81 90 93
3.12479 3.693 0.957 -0.827123 -0.435121 0.355721 85 91 93
3.129 3.69522 0.885 -0.897057 -0.281013 -0.341056 65 68 65
3.12798 3.699 0.885 -0.977561 -0.0418576 -0.20645 67 68 64
3.129 3.699 0.879126 -0.702726 0.079147 -0.707045 65 66 62
3.12753 3.699 0.891 -0.987934 0.0945312 -0.12268 69 70 65
3.12558 3.699 0.897 -0.982901 0.167299 -0.0769189 72 72 67
3.12649 3.699 0.903 -0.966534 0.186454 0.176203 77 78 74
3.129 3.69832 0.909 -0.828609 0.472612 0.300075 76 79 77
3.129 3.699 0.907551 -0.879185 -0.216057 0.424679 77 79 77
3.12466 3.699 0.915 -0.904617 0.361714 -0.225458 74 75 73
3.129 3.699 0.909944 -0.677726 0.498718 -0.54034 76 79 77
3.12435 3.699 0.921 -0.917817 0.354054 -0.179606 73 74 71
3.123 3.699 0.927 -0.874388 0.4606 -0.152622 69 71 68
3.12368 3.699 0.939 -0.807614 0.586218 0.0640982 70 74 72
3.12393 3.699 0.957 -0.977586 0.161937 0.134544 76 81 80
3.12749 3.705 0.885 -0.991423 0.12072 -0.0500795 74 73 68
3.129 3.705 0.881389 -0.3396 0.420419 -0.84138 75 75 70
3.12841 3.705 0.891 -0.978786 0.184514 -0.0890599 76 75 70
3.12791 3.705 0.897 -0.9791 0.20149 -0.02764 72 72 67
3.12753 3.705 0.903 -0.996349 0.03405 -0.0782929 74 74 69
3.129 3.7 0.909 -0.883068 -0.323102 0.340289 76 78 76
3.12736 3.705 0.909 -0.971532 -0.00720565 0.236797 79 78 74
3.129 3.70333 0.915 -0.752334 0.630398 -0.191291 72 73 72
3.129 3.705 0.913248 -0.919108 -0.0505324 0.390751 72 73 70
3.129 3.70192 0.921 -0.687177 0.722672 -0.0743834 74 77 77
3.12796 3.705 0.927 -0.750536 0.645045 -0.143571 73 76 74
3.129 3.705 0.925109 -0.604347 0.661218 -0.444473 73 76 74
3.12746 3.705 0.933 -0.754754 0.655258 0.031354 70 72 70
3.12817 3.705 0.939 -0.771514 0.609397 0.182758 70 73 73
3.129 3.70249 0.945 -0.512205 0.858846 -0.00540956 75 81 81
3.129 3.705 0.942507 0.253052 0.847322 0.466915 71 76 76
3.12785 3.705 0.951 -0.734243 0.673465 0.0856302 78 82 82
3.129 3.705 0.946891 -0.714204 0.598107 -0.363565 75 80 80
3.129 3.70371 0.957 -0.448224 0.889019 0.093489 80 85 86
3.129 3.705 0.954434 -0.196322 0.920724 0.337232 81 86 86
3.129 3.705 0.958101 -0.269125 0.805796 -0.527508 80 85 85
3.129 3.70959 0.885 0.0538652 0.967849 -0.245697 72 70 63
3.129 3.70759 0.891 -0.635655 0.755616 -0.158072 78 76 70
3.12814 3.711 0.897 -0.976206 0.161068 -0.145184 84 81 74
3.129 3.711 0.893558 -0.892657 0.353061 -0.280199 81 78 72
3.12688 3.711 0.903 -0.973963 0.216068 0.0686338 76 74 68
3.129 3.70909 0.909 -0.753711 0.539694 0.375034 74 73 68
3.129 3.711 0.907733 0.142552 0.837696 0.527204 74 72 66
3.129 3.71006 0.915 -0.981262 -0.169399 0.0918082 73 72 67
3.12882 3.711 0.915 -1 0 0 74 72 67
3.129 3.711 0.914157 -0.95039 -0.122784 -0.285802 74 72 67
3.129 3.711 0.916815 -0.626778 0.773573 0.0934556 74 73 68
3.129 3.70636 0.927 -0.592265 0.799784 0.0978111 71 74 72
3.129 3.70677 0.933 -0.0207592 0.997489 0.0677104 68 71 70
3.129 3.70575 0.939 -0.29758 0.940825 0.162156 70 73 73
3.129 3.70582 0.951 -0.445214 0.889369 0.103956 80 84 84
3.129 3.71165 0.897 -0.505701 0.847557 0.160979 84 81 75
3.129 3.7127 0.903 -0.031315 0.998224 0.050675 77 75 70
3.129 3.71117 0.915 -0.589526 0.807332 0.0259731 74 72 67
3.135 3.67384 0.897 -0.569402 -0.718203 -0.399956 84 94 96
3.13353 3.675 0.897 -0.739499 -0.642344 -0.201336 83 92 93
3.135 3.675 0.895272 -0.485246 -0.789086 -0.376669 85 95 97
3.13061 3.675 0.903 -0.919457 -0.264418 -0.291002 83 92 94
3.12994 3.675 0.909 -0.98748 -0.157647 -0.00561258 83 93 95
3.13088 3.675 0.915 -0.896936 -0.442115 0.00636767 86 96 99
3.135 3.67375 0.921 -0.313674 -0.949499 0.00776345 94 105 108
3.13287 3.675 0.921 -0.516411 -0.854192 0.0606211 90 101 105
3.135 3.67381 0.927 -0.266131 -0.962351 0.0552687 96 108 111
3.13289 3.675 0.927 -0.619081 -0.776695 0.116121 93 104 108
3.135 3.67464 0.933 -0.27467 -0.955708 0.105724 96 109 111
3.13422 3.675 0.933 -0.641608 -0.761186 0.0945277 95 107 110
3.135 3.675 0.937573 -0.609229 -0.787513 0.0930745 96 108 111
3.135 3.6794 0.873 -0.642421 -0.757246 -0.117789 89 101 104
3.13405 3.681 0.873 -0.820397 -0.548615 -0.161153 87 99 102
3.135 3.6783 0.879 -0.565267 -0.810811 -0.151851 86 97 99
3.13238 3.681 0.879 -0.777827 -0.59497 -0.202476 82 91 93
3.135 3.67684 0.885 -0.515505 -0.84193 -0.1594 86 96 98
3.13031 3.681 0.885 -0.755738 -0.606345 -0.247398 81 89 91
3.135 3.67655 0.891 -0.485786 -0.855896 -0.177354 87 97 99
3.12945 3.681 0.903 -0.933302 -0.352288 -0.0695688 82 89 90
3.12908 3.681 0.909 -0.983089 -0.180016 0.0336112 86 94 96
3.135 3.6751 0.939 -0.605578 -0.794034 0.0527677 96 108 111
3.135 3.67532 0.945 -0.503118 -0.853974 0.13267 102 114 118
3.135 3.67808 0.951 -0.313706 -0.871071 0.37792 96 108 112
3.135 3.68085 0.957 -0.156676 -0.949715 0.271097 95 107 110
3.135 3.681 0.957497 -0.100349 -0.925685 0.364742 94 106 110
3.12928 3.687 0.873 -0.931655 -0.306562 -0.195033 82 89 89
3.13105 3.687 0.957 -0.829571 -0.046804 0.556437 85 96 99
3.1294 3.693 0.873 -0.973817 0.203793 -0.100745 79 84 83
3.12922 3.693 0.879 -0.995532 0.0822533 -0.0463685 68 73 72
3.12984 3.693 0.885 -0.999427 -0.0156218 -0.0300268 67 71 68
3.13107 3.699 0.873 -0.975172 -0.0607965 -0.21294 72 74 71
3.12906 3.699 0.879 -0.995112 0.0747767 0.0645052 65 66 62
3.12955 3.699 0.909 -0.998175 0.043665 0.0417061 76 78 77
3.12964 3.705 0.873 -0.981205 0.192873 -0.0060957 67 68 63
3.13101 3.705 0.879 -0.971235 0.077715 0.225085 77 78 73
3.135 3.70467 0.885 0.140406 0.98331 0.115706 72 74 70
3.13398 3.705 0.885 0.513349 0.627112 -0.585836 72 73 69
3.135 3.705 0.884189 0.47143 0.445334 0.761204 72 74 70
3.135 3.705 0.886646 0.384439 0.235861 -0.892511 72 74 69
3.1298 3.705 0.915 -0.99049 0.0666061 0.120384 71 72 70
3.13136 3.705 0.921 -0.98603 0.166461 0.00592267 74 78 78
3.135 3.70432 0.933 0.274198 0.931062 0.240704 77 85 89
3.13375 3.705 0.933 0.369196 0.902422 0.222101 75 82 85
3.135 3.705 0.931908 -0.709825 0.467383 0.526973 77 84 88
3.135 3.70296 0.939 -0.0915088 0.995804 -0.00101554 78 85 89
3.13073 3.705 0.939 0.397609 0.897453 0.191011 71 76 77
3.13039 3.705 0.945 -0.606584 0.599177 -0.522534 75 81 82
3.135 3.705 0.942061 -0.508689 0.554054 -0.658984 80 87 91
3.135 3.70469 0.957 0.0710809 0.991713 0.107019 82 91 95
3.135 3.705 0.955762 0.199502 0.924859 0.323781 83 91 96
3.13304 3.711 0.873 -0.874844 0.467391 -0.127256 72 71 65
3.135 3.711 0.870705 -0.642465 0.475936 -0.600603 68 68 64
3.13137 3.711 0.879 -0.847836 0.457079 -0.268797 72 70 64
3.135 3.70561 0.885 -0.519634 -0.755186 0.399592 71 73 69
3.12987 3.711 0.885 -0.997767 -0.0543229 0.0388638 71 69 62
3.13018 3.711 0.891 -0.922479 0.333578 -0.194314 78 76 69
3.135 3.70962 0.903 0.474379 0.817058 -0.327691 69 68 65
3.13275 3.711 0.903 0.420702 0.819688 0.388744 69 68 64
3.135 3.711 0.901239 -0.102259 0.741414 0.66321 69 68 64
3.13065 3.711 0.909 -0.786396 0.494045 -0.37081 73 72 68
3.135 3.711 0.905758 0 0.66898 -0.74328 70 69 67
3.12964 3.711 0.921 -0.973683 0.220514 0.0575736 74 75 71
3.13156 3.711 0.927 -0.967566 0.0743489 0.241429 69 72 71
3.135 3.70571 0.933 -0.766227 -0.615285 0.185259 77 84 88
3.13228 3.711 0.933 -0.967988 -0.243179 0.0621525 71 75 75
3.135 3.70732 0.939 -0.770742 -0.590471 0.239376 75 82 85
3.13286 3.711 0.939 -0.963004 -0.163734 0.214044 74 78 79
3.135 3.7101 0.945 -0.0552896 0.983019 -0.174978 78 84 87
3.135 3.711 0.944417 0.0017408 -0.491909 0.870645 76 83 85
3.135 3.707 0.951 0.219226 0.894275 0.390145 82 90 93
3.135 3.70664 0.957 -0.0639096 -0.991697 0.111593 82 90 94
3.13421 3.711 0.957 -1 0 0 80 86 89
3.135 3.711 0.955467 -0.376183 -0.17843 -0.909203 80 86 89
3.135 3.711 0.959945 -0.518241 -0.0610075 0.853056 80 86 89
3.135 3.71662 0.873 -0.602438 0.78022 -0.1683 77 75 69
3.135 3.717 0.87104 0 0 1 76 75 69
3.135 3.71397 0.879 -0.293735 0.934898 0.199214 77 75 70
3.13464 3.717 0.885 -0.799887 0.585831 -0.130315 86 85 76
3.135 3.717 0.884399 0.00398087 0.658583 -0.752498 86 84 76
3.13328 3.717 0.891 -0.888167 0.420922 -0.184349 73 71 65
3.13317 3.717 0.897 -0.95841 0.257659 0.122728 76 73 67
3.135 3.71319 0.903 0.517314 -0.628009 0.581369 70 68 64
3.13325 3.717 0.903 -0.98405 -0.0264175 0.175919 79 76 70
3.135 3.71629 0.909 0.0073424 0.980623 -0.195765 71 70 67
3.135 3.717 0.908496 -0.248893 -0.0646008 0.966374 71 70 67
3.135 3.71461 0.915 0.218918 0.962773 0.158564 73 74 72
3.135 3.71424 0.921 -0.0217508 0.939512 -0.341824 72 74 74
3.13276 3.717 0.927 -0.904271 0.417009 -0.0916414 68 71 70
3.135 3.717 0.92387 -0.208592 0.796175 -0.567974 70 72 73
3.13152 3.717 0.933 -0.968251 0.24832 0.0287729 70 71 68
3.1333 3.717 0.939 -0.984423 0.145006 0.0994177 71 74 74
3.135 3.71167 0.945 9.75054e-17 -0.720506 0.693449 76 82 84
3.13389 3.717 0.945 -0.981635 -0.0908438 0.16775 74 77 76
3.135 3.717 0.950652 -9.37051e-17 -0.680632 0.732625 78 81 81
3.135 3.71314 0.957 -0.84383 0.53661 0 79 86 88
3.135 3.7176 0.885 -0.429743 0.779586 -0.455595 86 84 76
3.135 3.71883 0.891 -0.12293 0.945396 -0.301852 80 77 70
3.1334 3.723 0.897 -0.965107 0.261569 -0.0122193 86 82 74
3.135 3.723 0.89498 -0.220067 0.719974 -0.658185 92 88 79
3.13477 3.723 0.903 -0.941346 0.233839 0.243283 68 66 60
3.135 3.723 0.904353 0.927345 0.240694 0.286528 71 68 62
3.135 3.71864 0.927 0.20725 0.952341 -0.223817 70 72 71
3.135 3.72024 0.933 0.153262 0.967026 -0.203401 70 72 71
3.135 3.72208 0.939 0.135913 0.937426 -0.320563 71 74 72
3.13372 3.723 0.945 -0.977331 0.209891 -0.0277572 72 73 71
3.135 3.723 0.939761 -0.603438 0.717024 -0.348912 71 73 71
3.135 3.71727 0.951 2.98318e-17 -0.747709 0.664027 78 82 81
3.13408 3.723 0.951 -0.992261 -0.00799482 0.123909 77 79 77
3.135 3.72239 0.957 5.0914e-16 -0.747687 0.664052 77 80 79
3.13494 3.723 0.957 -0.982101 -0.131513 0.134842 76 80 78
3.135 3.723 0.957451 1.33227e-16 0 1 77 80 78
3.135 3.72416 0.897 0.0873717 0.995864 -0.0249159 88 84 76
3.135 3.72351 0.903 -0.491493 0.859529 0.14016 70 68 62
3.135 3.72856 0.909 -0.0687885 -0.997509 0.0156495 74 72 65
3.13496 3.729 0.909 -1 0 0 73 71 65
3.135 3.729 0.908853 -0.80984 0 -0.586651 74 72 65
3.135 3.729 0.909159 -0.604553 -0.0169281 0.796385 73 71 65
3.135 3.72428 0.945 0.178857 0.978233 -0.105219 73 75 72
3.135 3.7249 0.951 -0.110069 0.990098 0.0871277 76 78 76
3.135 3.72342 0.957 -0.850769 0.504086 0.148625 76 79 78
3.135 3.72903 0.909 -0.642269 0.62144 -0.448668 73 71 65
3.141 3.67484 0.879 -0.430745 -0.897841 -0.0913261 89 102 105
3.14066 3.675 0.879 -0.496028 -0.863456 -0.0916569 89 102 105
3.141 3.675 0.877506 -0.369957 -0.926144 -0.0734147 90 104 107
3.141 3.67423 0.885 -0.480797 -0.868028 -0.123943 91 104 107
3.13939 3.675 0.885 -0.431557 -0.893169 -0.126522 90 103 105
3.141 3.67312 0.891 -0.532275 -0.788188 -0.308939 93 105 107
3.13804 3.675 0.891 -0.456203 -0.874917 -0.162478 91 102 104
3.141 3.67286 0.927 -0.156611 -0.987621 0.00884197 104 117 118
3.141 3.67291 0.933 -0.212918 -0.972577 0.0935958 105 117 119
3.141 3.67363 0.939 -0.178908 -0.978779 0.0999218 106 118 120
3.13533 3.675 0.939 -0.237871 -0.969828 0.053385 96 109 112
3.141 3.67418 0.945 -0.103752 -0.990241 0.0930515 107 119 121
3.13622 3.675 0.945 -0.203481 -0.976049 0.0769696 103 115 119
3.141 3.67475 0.951 -0.0881298 -0.977928 0.189447 110 123 124
3.13999 3.675 0.951 -0.34112 -0.901309 0.266981 109 122 123
3.141 3.675 0.951389 -0.242108 -0.788172 0.565834 109 122 123
3.141 3.67534 0.873 -0.513553 -0.849459 -0.121173 95 109 113
3.141 3.6789 0.957 -0.191454 -0.907905 0.372898 102 114 116
3.141 3.699 0.87233 1.14954e-16 0 -1 92 101 104
3.141 3.70472 0.885 0.373864 0.7472 0.54947 67 73 73
3.141 3.705 0.88463 0.469498 0.853534 0.225946 67 74 74
3.141 3.70018 0.891 0.644766 0.764031 -0.0231175 87 96 96
3.13539 3.705 0.891 0.886366 0.291549 -0.359658 74 76 71
3.141 3.7045 0.897 0.805653 0.591303 0.0358268 76 82 80
3.14064 3.705 0.897 0.849958 0.475904 -0.226025 76 81 80
3.141 3.70086 0.903 0.51945 0.83378 0.187036 85 93 95
3.13712 3.705 0.903 0.914557 0.388772 0.111545 82 88 89
3.141 3.70074 0.909 0.588811 0.787727 -0.181074 84 92 96
3.13698 3.705 0.909 0.960754 0.18179 -0.209533 82 87 89
3.141 3.70438 0.915 0.649717 0.725778 -0.226084 86 94 98
3.14031 3.705 0.915 0.922904 0.384703 -0.0158884 85 92 96
3.141 3.70379 0.921 0.302632 0.900075 -0.313495 82 92 96
3.13904 3.705 0.921 0.822757 0.567643 -0.0292006 81 89 93
3.141 3.705 0.923169 0.344544 0.479129 -0.807295 84 93 98
3.136 3.705 0.933 -0.72712 0.624249 0.285674 78 86 91
3.13816 3.705 0.939 -0.769237 0.302225 0.562969 82 90 96
3.141 3.70373 0.951 0.19431 0.97773 0.079295 91 103 109
3.13791 3.705 0.951 0.462207 0.845161 0.268454 88 98 103
3.141 3.705 0.945517 0.378675 0.902388 0.205673 86 96 103
3.141 3.70327 0.957 -0.0679286 0.994612 -0.0783055 89 100 106
3.141 3.70622 0.879 0.646234 0.578958 0.497181 85 93 94
3.13634 3.711 0.879 0.876043 0.444049 0.188068 68 68 64
3.141 3.711 0.874474 0.617177 0.460711 0.637838 72 76 74
3.13613 3.711 0.885 0.941341 -0.217797 0.257762 71 74 70
3.13628 3.711 0.891 0.973866 0.0929391 -0.207239 72 73 70
3.13669 3.711 0.897 0.964662 0.216546 0.150117 72 74 71
3.14061 3.711 0.909 0.936486 0.299773 -0.182017 89 95 95
3.1363 3.711 0.915 0.816091 0.512016 0.26802 80 84 84
3.13612 3.711 0.921 0.819943 0.348508 -0.454131 77 81 81
3.141 3.711 0.92573 0.355394 0.387349 -0.85068 80 89 93
3.141 3.70516 0.945 0.32942 0.910064 0.251529 86 96 102
3.141 3.711 0.941205 0.116875 0.244684 0.962533 87 97 103
3.141 3.71022 0.957 0.390492 -0.618556 -0.681839 93 104 110
3.141 3.711 0.956667 0.257684 -0.74884 -0.610604 93 104 110
3.141 3.711 0.958903 0.338686 -0.607512 0.718485 94 104 110
3.141 3.71647 0.873 0.573035 0.658137 0.48835 65 66 61
3.141 3.71644 0.885 0.745902 -0.283897 -0.602521 76 77 72
3.141 3.717 0.882369 0.0220328 0.113724 -0.993268 71 70 65
3.13593 3.717 0.891 0.978048 -0.0758653 0.194078 68 67 62
3.141 3.717 0.885562 0.686058 -0.345024 0.640533 75 75 69
3.13646 3.717 0.897 0.996241 -0.0801259 -0.0329175 70 70 66
3.13632 3.717 0.903 0.978747 -0.0335553 0.202307 72 72 68
3.141 3.71596 0.927 0.697264 0.637097 -0.328526 81 88 91
3.13976 3.717 0.927 0.512935 0.727503 -0.455672 79 85 87
3.141 3.71455 0.933 0.596646 0.801975 -0.0291448 82 90 94
3.13924 3.717 0.933 0.615687 0.787913 -0.0111103 76 82 84
3.141 3.71455 0.939 0.666495 0.512727 0.541198 82 91 95
3.139 3.717 0.939 0.829033 0.553138 -0.0821158 78 84 87
3.1379 3.717 0.945 0.911412 -0.197388 0.361063 82 89 92
3.141 3.71522 0.951 -0.256818 -0.750832 -0.608519 84 93 98
3.13531 3.717 0.951 -0.901539 0.392859 -0.181356 79 82 82
3.141 3.717 0.94789 2.72115e-17 0 -1 86 96 101
3.13802 3.717 0.957 -0.862598 0.502043 0.0622674 80 87 90
3.141 3.71875 0.879 -9.00069e-17 -1 0 67 67 62
3.13776 3.723 0.879 -1 -7.41211e-17 0 80 78 70
3.141 3.723 0.876002 -3.14698e-17 0 -1 83 83 76
3.141 3.72069 0.885 0.251885 0.9673 0.0297403 68 68 61
3.141 3.723 0.883997 -3.14698e-17 0 1 66 65 59
3.13766 3.723 0.897 0.975051 0.21621 -0.0502856 77 75 67
3.13511 3.723 0.903 0.86377 0.404918 0.299906 67 65 60
3.13805 3.723 0.945 0.895826 0.433226 -0.0990505 77 81 80
3.141 3.71907 0.951 0.066513 0.993624 -0.0910362 84 92 96
3.13725 3.723 0.951 0.955949 0.114791 0.270155 82 86 87
3.141 3.71799 0.957 -0.115363 0.97998 0.162267 82 91 94
3.13513 3.723 0.957 0.950502 1.53675e-17 0.31072 77 80 79
3.141 3.72446 0.879 0 1 0 81 80 73
3.141 3.72855 0.903 0.0372192 -0.998947 -0.02681 69 68 62
3.1393 3.729 0.903 -0.938364 0.114336 -0.326189 78 75 68
3.141 3.729 0.900837 0.784466 -0.376845 -0.492546 69 67 60
3.141 3.72889 0.909 0.132751 -0.988577 0.0713619 73 71 65
3.141 3.729 0.909107 0.0201214 -0.620993 0.783558 73 71 65
3.13935 3.735 0.903 -0.983684 0.159976 -0.0823021 77 73 66
3.141 3.735 0.897442 -0.384586 0.184749 -0.904412 69 67 58
3.1407 3.735 0.909 -0.970718 0.239826 -0.0137509 77 74 67
3.141 3.735 0.914026 -0.584555 -0.125167 0.801641 75 73 66
3.141 3.73425 0.957 0 -1 0 79 82 79
3.14041 3.735 0.957 -1 2.63267e-17 0 78 80 77
3.141 3.735 0.955658 0 0 -1 80 83 80
3.141 3.735 0.957708 0 0 1 79 82 79
3.141 3.73618 0.903 0.147592 0.830642 -0.53689 80 77 69
3.13987 3.741 0.909 -0.996465 0.0586171 -0.0601799 77 74 66
3.141 3.741 0.907927 -0.214236 0.696449 -0.684881 85 81 72
3.141 3.73566 0.915 0.887193 -0.373833 0.27044 75 73 65
3.14037 3.741 0.915 -0.989192 -0.123637 0.0788247 73 70 62
3.141 3.74028 0.921 0.98647 -0.133271 0.0954764 65 64 56
3.14088 3.741 0.921 -0.988732 -0.100552 0.110901 65 63 55
3.141 3.741 0.921612 -0.985319 -0.0965899 0.140772 64 62 55
3.141 3.73621 0.957 1.20315e-16 1 0 79 82 79
3.141 3.74229 0.909 -9.08694e-17 0.704207 -0.709995 79 76 67
3.13961 3.747 0.915 -0.997005 0.0737083 0.0233972 72 69 61
3.141 3.747 0.913878 0.0422945 0.562445 -0.825753 74 71 63
3.14053 3.747 0.921 -0.991878 0.0108791 0.126725 64 62 54
3.141 3.747 0.926191 0.369101 0.0361827 0.928685 60 57 49
3.14183 3.675 0.873 -0.469913 -0.868219 -0.159305 96 110 114
3.147 3.67305 0.879 0 0 0 92 106 108
3.147 3.67278 0.939 -0.0934871 -0.987073 0.130178 111 123 123
3.147 3.67383 0.945 -0.0673279 -0.9875 0.142517 113 125 125
3.147 3.67434 0.951 -0.0197161 -0.988725 0.148437 114 127 126
3.147 3.675 0.951874 -0.0585343 -0.824681 0.562562 113 125 125
3.147 3.67841 0.957 -0.132673 -0.917946 0.373862 106 118 118
3.147 3.69838 0.885 0.547133 0.804529 0.231037 83 92 94
3.14664 3.699 0.885 0.637307 0.604688 0.477695 81 90 92
3.147 3.699 0.88457 0.647652 0.662629 0.376125 82 91 93
3.147 3.69474 0.891 0.392078 0.905685 0.161275 79 90 91
3.14218 3.699 0.891 0.655238 0.684507 0.319552 93 103 104
3.147 3.69471 0.897 0.348743 0.887855 -0.300154 82 92 93
3.14232 3.699 0.897 0.781783 0.562372 -0.269357 87 97 98
3.147 3.69896 0.903 0.37091 0.915769 -0.154246 101 113 115
3.14696 3.699 0.903 0.594452 0.787382 -0.16327 101 113 115
3.147 3.69828 0.909 0.400603 0.914103 0.0627156 98 109 112
3.1462 3.699 0.909 0.354559 0.934622 0.0277253 98 109 112
3.147 3.69811 0.915 0.0783952 0.966082 -0.24605 98 111 115
3.14595 3.699 0.915 0.622725 0.761231 -0.180944 98 110 115
3.147 3.699 0.919704 0.195534 0.831155 -0.520526 107 120 126
3.147 3.70031 0.879 0.488945 0.781538 0.387469 98 110 112
3.14222 3.705 0.879 0.649403 0.654235 0.387624 90 99 101
3.147 3.705 0.874472 0.564569 0.57365 0.593455 93 104 106
3.147 3.70163 0.921 -0.0210834 0.873516 -0.486338 104 118 124
3.147 3.705 0.922195 0.346596 0.529417 -0.774331 101 114 120
3.147 3.70268 0.939 0.131707 0.97627 0.171901 99 112 119
3.14293 3.705 0.939 0.953103 0.036692 0.300413 93 104 111
3.147 3.705 0.93324 0.435066 0.629968 0.643318 104 118 125
3.147 3.70261 0.945 -0.09357 0.995588 -0.00697069 102 115 121
3.14117 3.705 0.945 0.69374 0.560069 0.452822 86 96 103
3.147 3.70394 0.951 -0.259149 0.953794 -0.152046 115 128 135
3.14367 3.705 0.957 -0.734925 0.576092 -0.357775 99 111 118
3.147 3.705 0.952392 -0.471864 0.762736 -0.442242 115 129 136
3.147 3.70647 0.873 0.693741 0.712451 0.10553 94 106 108
3.14247 3.711 0.873 0.845812 0.514702 0.140302 79 86 85
3.147 3.70926 0.927 0.949214 0.311491 -0.0443381 98 110 116
3.14592 3.711 0.927 0.55201 0.640153 -0.534313 92 103 109
3.147 3.70626 0.933 -0.437805 0.842576 -0.313677 104 117 124
3.14621 3.711 0.933 0.929833 0.349176 0.116131 100 112 118
3.147 3.70973 0.939 0.314044 -0.727273 0.610287 105 118 125
3.147 3.711 0.935216 -0.225242 0.608524 -0.760898 103 115 122
3.147 3.711 0.940726 -0.464132 0.505555 0.727321 105 118 125
3.147 3.70755 0.957 -0.493106 0.63639 -0.593173 107 120 126
3.14149 3.711 0.957 0.931325 -0.334223 0.144672 94 105 111
3.147 3.711 0.959944 -0.471878 0.575416 -0.668003 105 117 123
3.14156 3.717 0.885 1 7.79874e-18 0 76 77 72
3.147 3.71309 0.939 -0.0856946 0.986992 0.136029 101 113 119
3.1434 3.717 0.951 0.93427 -0.192725 -0.299994 88 99 104
3.14352 3.717 0.957 0.96197 0.202428 0.183401 92 102 107
3.14246 3.723 0.879 1 0 0 73 74 68
3.14145 3.729 0.903 0.981695 -0.190079 -0.0120492 69 68 62
3.14111 3.729 0.909 0.992772 -0.074023 0.0944636 73 71 65
3.14218 3.735 0.903 0.999385 -0.0127472 -0.03268 69 68 63
3.1413 3.735 0.909 0.991143 -0.0824587 0.104096 76 74 67
3.14126 3.735 0.957 1 -1.31633e-17 0 79 82 79
3.14207 3.741 0.909 0.954106 0.0479151 -0.295611 74 73 66
3.14146 3.741 0.915 0.881082 -0.418044 0.221209 72 70 62
3.14112 3.741 0.921 0.986112 -0.126388 0.107744 65 63 56
3.147 3.74576 0.915 0.800334 -0.408309 -0.439033 66 65 58
3.147 3.747 0.913759 0.113563 0.22981 -0.966587 68 66 58
3.14187 3.747 0.921 0.882909 -0.157706 0.442267 64 63 55
3.147 3.747 0.91769 0.601535 -0.460528 0.65274 67 67 61
3.153 3.67179 0.933 0.0407928 -0.990856 0.128612 114 126 125
3.153 3.67285 0.939 0.0206774 -0.993932 0.108039 116 128 126
3.153 3.67319 0.945 -0.00390249 -0.986795 0.161925 117 129 128
3.153 3.67471 0.951 -0.00577126 -0.98578 0.167942 119 131 129
3.153 3.675 0.95255 -0.132564 -0.91466 0.38187 119 131 130
3.153 3.67644 0.957 -0.165287 -0.889076 0.426876 118 130 129
3.153 3.69215 0.879 0.119149 0.990745 0.0650281 85 98 100
3.15166 3.693 0.879 0.996954 0.029874 0.0720489 83 96 98
3.153 3.693 0.87728 0.154266 0.693022 0.704218 91 105 108
3.153 3.69234 0.885 -0.156258 0.984028 -0.0852813 86 97 100
3.1513 3.693 0.885 0.82262 0.538172 0.183485 90 102 105
3.153 3.693 0.886509 0.558571 0.760967 -0.330042 88 99 103
3.153 3.69815 0.873 -0.357142 0.608737 0.708441 82 94 98
3.15209 3.699 0.873 0.881906 0.463619 0.0854366 81 93 96
3.153 3.699 0.872242 -0.3228 0.886341 0.331963 81 93 96
3.153 3.69593 0.879 0.917224 -0.0571773 0.394247 84 96 99
3.153 3.699 0.874696 0.434175 0.888266 0.149915 79 91 94
3.153 3.699 0.879591 -0.232862 0.320832 0.918064 86 99 101
3.153 3.69408 0.891 -0.132655 0.990946 -0.0207182 98 111 114
3.153 3.69484 0.897 -0.133643 0.977969 -0.160361 100 113 115
3.153 3.69656 0.903 -0.102014 0.946981 -0.304663 117 130 131
3.153 3.69624 0.909 -0.0660231 0.993596 -0.0916909 111 123 126
3.14903 3.699 0.915 -0.454942 0.789997 -0.411014 106 119 124
3.153 3.699 0.913063 -0.513044 0.617503 -0.596218 122 136 141
3.14864 3.705 0.873 0.736898 0.628449 0.249067 97 110 114
3.153 3.69953 0.879 -0.0354506 0.990713 0.131267 85 98 100
3.153 3.70156 0.915 -0.634399 0.512518 -0.578673 122 136 141
3.14765 3.705 0.921 -0.787794 0.615938 0 100 114 120
3.153 3.705 0.917851 -0.614361 0.434187 -0.658819 120 135 140
3.153 3.70166 0.927 -0.139343 0.975335 -0.171186 121 136 141
3.14832 3.705 0.927 0.534125 0.619804 -0.574937 108 122 128
3.153 3.705 0.923187 -0.541001 0.453856 0.708048 110 124 130
3.153 3.705 0.929969 0 0.311686 -0.950185 120 135 140
3.149 3.705 0.939 -0.983511 0.0634353 0.169357 111 125 131
3.15 3.705 0.945 -0.949953 0.312033 0.0149726 115 129 134
3.14962 3.705 0.951 -0.953115 0.27349 -0.129515 121 135 141
3.153 3.7093 0.921 -0.731289 0.595595 -0.332389 118 133 138
3.14764 3.711 0.933 -0.783765 0.430444 -0.447695 102 115 121
3.153 3.711 0.930063 -0.581761 0.365327 -0.726699 109 123 129
3.14862 3.711 0.945 -0.990337 0.121768 -0.0663764 108 121 127
3.14932 3.711 0.951 -0.988005 -0.0412793 0.148805 111 125 131
3.15043 3.711 0.957 -0.962402 0.18878 -0.195304 116 129 134
3.153 3.71428 0.933 -0.578891 0.725401 -0.372396 107 122 127
3.153 3.71407 0.939 -0.462293 0.877468 0.127811 115 128 135
3.153 3.7129 0.945 -0.522977 0.851901 -0.0275739 114 128 134
3.14911 3.717 0.951 -0.901055 0.347783 -0.259127 104 116 123
3.153 3.717 0.948783 -0.399843 0.643304 -0.652905 113 126 133
3.14872 3.717 0.957 -0.990058 0.0688635 0.122649 108 120 126
3.153 3.72204 0.933 -0.930248 -0.274117 0.243924 109 124 129
3.15277 3.723 0.933 -1 0 0 109 124 129
3.153 3.723 0.932771 -0.76787 -0.171684 -0.617171 109 124 129
3.153 3.723 0.933816 -0.807233 0.536745 0.245521 109 124 129
3.153 3.71914 0.951 -0.487526 0.663197 -0.56788 113 126 132
3.15126 3.723 0.957 -0.871493 0.475124 -0.121477 113 126 134
3.153 3.723 0.956453 -0.452373 0.710799 -0.538631 118 132 141
3.153 3.72323 0.933 -0.68238 0.548463 -0.483266 109 124 128
3.153 3.72352 0.957 -0.691816 0.625647 -0.360495 118 132 140
3.14824 3.747 0.915 1 0 0 66 65 58
3.159 3.67129 0.927 -0.0109231 -0.992465 0.122042 116 127 125
3.159 3.67231 0.933 -0.0195613 -0.993956 0.108024 118 130 127
3.159 3.67282 0.939 0.00641212 -0.989417 0.14496 120 132 130
3.159 3.67368 0.945 0.053575 -0.988371 0.142314 122 133 132
3.159 3.67481 0.951 0.0464159 -0.984983 0.166292 123 135 133
3.159 3.675 0.955281 -0.0531121 -0.987803 0.146373 124 135 133
3.159 3.67516 0.957 -5.55751e-05 -0.903138 0.42935 124 135 133
3.15458 3.693 0.879 -0.894801 0.282269 0.345913 86 99 101
3.15433 3.693 0.885 -0.615016 0.773611 -0.152584 87 99 102
3.15393 3.699 0.873 -0.66573 0.745328 -0.0359116 78 90 94
3.159 3.69722 0.885 -0.596145 0.774033 0.213272 121 139 142
3.159 3.699 0.880493 0.0612265 0.937531 0.342471 133 152 156
3.159 3.6962 0.891 -0.552593 0.833173 0.0215485 116 132 134
3.159 3.69709 0.897 -0.456492 0.867387 -0.198127 126 142 143
3.15622 3.699 0.903 -0.743843 0.661191 -0.0975917 149 166 166
3.159 3.699 0.899954 -0.588673 0.594555 -0.547694 146 164 164
3.15666 3.699 0.909 -0.716048 0.659468 -0.228858 146 162 165
3.159 3.70152 0.873 -0.307056 0.92976 0.203134 95 111 116
3.159 3.69942 0.879 0.0883035 0.938136 0.33482 132 151 155
3.159 3.70404 0.891 -0.922137 -0.378337 0.0807705 134 154 155
3.15874 3.705 0.891 -1 0 0 133 153 154
3.159 3.705 0.890667 -0.741591 -0.24911 -0.622886 133 153 154
3.159 3.705 0.893426 -0.990919 0 0.134461 136 155 156
3.159 3.70346 0.903 -0.792752 0.501422 -0.346583 146 162 162
3.159 3.70275 0.909 -0.815333 0.514526 -0.265511 142 158 161
3.15534 3.705 0.915 -0.688097 0.443669 -0.574177 140 156 160
3.159 3.705 0.910661 -0.684713 0.438634 -0.582038 141 157 160
3.15671 3.705 0.927 -0.98346 0.174709 -0.0477817 137 154 158
3.159 3.70536 0.891 -0.790637 0.549219 -0.270648 133 152 153
3.159 3.70602 0.897 -0.948713 -0.313689 -0.0392722 140 157 157
3.15739 3.711 0.897 -0.994303 0.0748801 -0.075863 134 150 150
3.159 3.711 0.895114 -0.729181 -0.0498022 -0.682506 133 149 149
3.159 3.70763 0.903 -0.956116 -0.285817 0.0644321 143 159 159
3.15821 3.711 0.903 -0.99526 -0.0847035 -0.0477882 139 155 155
3.159 3.70885 0.909 -0.949974 -0.299587 0.0883008 137 152 155
3.15851 3.711 0.909 -0.972038 -0.222072 0.0763246 135 150 152
3.159 3.71087 0.915 -0.69234 0.429348 -0.579936 131 147 151
3.159 3.711 0.914422 -0.961788 -0.253224 0.104123 132 147 151
3.15395 3.711 0.921 -0.959892 0.280278 0.00713764 127 143 148
3.159 3.711 0.915091 -0.717473 0.331538 -0.61263 131 146 151
3.15491 3.711 0.927 -0.950647 0.307153 -0.0439019 125 141 146
3.159 3.71312 0.897 -0.757211 0.581918 -0.296652 132 147 147
3.159 3.7121 0.903 -0.809531 0.585761 0.039293 137 152 152
3.15709 3.717 0.909 -0.982655 0.0474632 -0.179269 123 138 142
3.159 3.717 0.9067 -0.673756 0.465356 -0.574018 122 137 140
3.159 3.71123 0.915 -0.781432 -0.164281 -0.601976 131 146 151
3.15781 3.717 0.915 -0.996402 -0.0633983 -0.0562482 126 141 146
3.15826 3.717 0.921 -0.974993 0.19255 0.110967 120 135 140
3.159 3.71694 0.927 -0.801316 0.538828 -0.259916 113 128 133
3.159 3.717 0.926751 -0.974112 -0.188355 0.125014 113 128 133
3.15452 3.717 0.933 -0.993696 0.0546698 -0.0978775 119 134 140
3.159 3.717 0.927058 -0.784325 -0.0700407 -0.616384 113 128 133
3.15625 3.717 0.939 -0.909945 0.335608 0.243655 126 140 147
3.15783 3.717 0.945 -0.945491 0.298315 -0.130592 129 144 151
3.159 3.723 0.867512 -0.923942 0 0.382533 105 120 125
3.159 3.71943 0.909 -0.646504 0.509562 -0.567784 121 136 140
3.15644 3.723 0.915 -0.988755 0.143717 -0.0413499 115 129 133
3.159 3.723 0.912085 -0.642798 0.508874 -0.572589 115 129 133
3.15728 3.723 0.921 -0.996199 0.0815217 -0.0306737 111 125 129
3.159 3.71715 0.927 -0.980496 -0.196538 0 113 128 133
3.15783 3.723 0.927 -0.978677 0.00241089 -0.205392 111 126 130
3.15463 3.723 0.939 -0.953613 0.146341 0.263073 118 131 138
3.15621 3.723 0.945 -0.996056 -0.0708329 0.0534272 122 136 143
3.15762 3.723 0.951 -0.963875 0.189877 -0.186792 123 138 145
3.159 3.72621 0.915 -0.720303 0.577701 -0.38396 113 127 131
3.159 3.72513 0.921 -0.778749 0.625932 -0.0419336 110 124 128
3.15715 3.729 0.927 -0.976525 0.149646 -0.154936 107 121 126
3.159 3.729 0.92469 -0.65939 0.526155 -0.536997 107 121 126
3.15762 3.729 0.933 -0.944286 0.328718 0.0163944 107 121 125
3.15897 3.729 0.939 -0.985248 0.140368 -0.0978938 109 122 128
3.1546 3.729 0.945 -0.991585 0.0878543 -0.0950866 116 129 135
3.15616 3.729 0.951 -0.977218 0.200352 0.0700306 119 133 139
3.15727 3.729 0.957 -0.957427 0.287081 -0.0302861 116 129 136
3.159 3.73123 0.927 -0.655482 0.543588 -0.524267 107 120 125
3.15728 3.735 0.933 -0.994408 0.0922379 -0.0514331 107 119 124
3.159 3.735 0.930911 -0.654111 0.539403 -0.530268 107 119 125
3.15818 3.735 0.939 -0.998906 0.0306754 -0.0352869 107 120 125
3.15893 3.735 0.945 -0.926435 0.332345 0.176821 109 122 128
3.159 3.7328 0.951 -0.800567 0.599156 0.0102217 115 129 135
3.159 3.735 0.945225 -0.964376 -0.0652021 0.256373 109 122 128
3.15599 3.735 0.957 -0.940265 0.108495 -0.322694 113 125 132
3.159 3.735 0.952942 -0.685922 0.508211 -0.5208 112 125 132
3.159 3.7371 0.933 -0.657455 0.534607 -0.530987 106 118 123
3.15726 3.741 0.939 -0.9943 0.0983592 0.0411428 105 117 122
3.159 3.741 0.936882 -0.647144 0.545892 -0.532172 106 118 123
3.15838 3.741 0.945 -0.978672 0.00699545 0.205308 106 119 124
3.159 3.741 0.947372 -0.967139 0.00863453 0.254103 108 120 125
3.159 3.73887 0.957 -0.677131 0.527814 -0.512743 111 123 129
3.159 3.741 0.959118 -0.674287 0.559451 -0.482028 110 122 128
3.159 3.74296 0.939 -0.698593 0.598849 -0.391596 104 116 121
3.159 3.74162 0.945 -0.727505 0.670346 0.146195 106 119 124
3.159 3.74525 0.951 -0.973819 -0.227324 0 107 118 122
3.15859 3.747 0.951 -1 0 0 105 116 120
3.159 3.747 0.95059 -0.707107 0 -0.707107 106 117 120
3.159 3.747 0.952125 -0.939679 0 0.342059 106 117 121
3.165 3.67077 0.921 -0.0341065 -0.994115 0.10282 117 127 125
3.165 3.67151 0.927 -0.0196833 -0.994951 0.0984158 119 130 128
3.165 3.67196 0.933 -0.00537537 -0.993665 0.112256 121 132 130
3.165 3.67253 0.939 0.00274672 -0.986395 0.164367 124 135 132
3.165 3.67402 0.945 0.0119371 -0.985288 0.170487 126 137 134
3.16244 3.675 0.951 0.072511 -0.994074 0.080982 125 137 135
3.165 3.675 0.950293 0.0275807 -0.981801 0.187897 127 138 136
3.165 3.67519 0.951 0.112707 -0.958754 0.260935 127 138 136
3.165 3.67611 0.957 0.197863 -0.932063 0.303493 126 138 135
3.165 3.69843 0.879 -0.152339 0.987456 0.0415134 127 147 152
3.16148 3.699 0.879 0.156797 0.952552 0.26088 132 152 156
3.165 3.699 0.876886 -0.638514 0.456567 0.619553 130 151 156
3.16023 3.699 0.885 -0.919251 0.358466 -0.162727 135 154 158
3.165 3.699 0.879646 -0.730031 -0.251597 -0.635416 131 152 157
3.16114 3.699 0.891 -0.990145 0.121128 -0.0702923 138 158 159
3.16191 3.699 0.897 -0.980269 0.109061 -0.16486 145 163 163
3.16174 3.705 0.873 -0.977642 0.185367 -0.0992702 121 141 147
3.165 3.705 0.868692 -0.69655 0.450443 -0.558497 121 141 147
3.165 3.6999 0.879 -0.900599 -0.434652 0 130 151 156
3.16274 3.705 0.879 -0.978685 -0.203329 -0.0288696 125 144 148
3.16366 3.705 0.885 -0.990329 0.0805516 -0.112961 128 148 149
3.15955 3.705 0.897 -0.982517 -0.179991 -0.0475821 140 158 158
3.15996 3.705 0.903 -0.996267 -0.0851232 -0.0143273 145 161 161
3.1604 3.705 0.909 -0.996737 -0.0624632 -0.0511328 140 156 159
3.165 3.71047 0.873 -0.710944 0.431727 -0.555131 115 135 141
3.165 3.711 0.871632 -0.893048 -0.385035 0.232837 115 134 140
3.16082 3.711 0.879 -0.995132 0.0794242 -0.0583457 119 137 141
3.165 3.711 0.873348 -0.747373 0.357485 -0.560034 115 134 140
3.16196 3.711 0.885 -0.995477 -0.0936806 -0.0158002 121 140 142
3.16287 3.711 0.891 -0.976436 0.0832203 -0.199115 129 146 146
3.15908 3.711 0.915 -0.983575 -0.174225 -0.047175 131 146 151
3.165 3.71181 0.873 -0.818581 -0.338061 -0.46437 114 133 139
3.16279 3.717 0.873 -0.976858 -0.168837 0.131307 111 128 134
3.16482 3.717 0.879 -0.997203 0.0128314 -0.0736268 113 131 135
3.16025 3.717 0.885 -0.992579 0.0384728 -0.115353 114 133 134
3.16133 3.717 0.891 -0.976154 0.216281 -0.0186095 122 139 138
3.16194 3.717 0.897 -0.986852 0.157863 -0.0346864 127 142 142
3.16235 3.717 0.903 -0.996856 0.0361239 0.0705199 124 139 141
3.15904 3.717 0.927 -0.81474 0.561601 0.144235 113 128 133
3.16134 3.723 0.873 -0.982278 -0.0162344 0.186726 109 124 128
3.16263 3.723 0.879 -0.997018 -0.04941 0.0592848 110 127 130
3.16452 3.723 0.885 -0.948986 0.225683 0.220211 109 126 128
3.165 3.72199 0.891 -0.802773 0.592806 0.0643199 116 132 131
3.165 3.723 0.887283 -0.967444 -0.1594 0.19658 110 127 128
3.16055 3.723 0.897 -0.944556 0.157567 -0.288075 119 134 134
3.165 3.723 0.891792 -0.660858 0.490036 -0.568446 115 131 130
3.16101 3.723 0.903 -0.971795 -0.216518 0.0934569 118 132 134
3.165 3.72887 0.873 -0.79148 0.559909 0.245075 106 120 123
3.165 3.729 0.872804 -0.959554 -0.179686 0.216724 106 120 123
3.16194 3.729 0.879 -0.968425 0.2478 0.0273593 107 123 124
3.165 3.729 0.873119 -0.763538 0.507363 -0.39949 106 120 123
3.16338 3.729 0.885 -0.998911 0.0363029 0.029294 109 124 123
3.165 3.72591 0.891 -0.959337 -0.234466 0.157155 111 127 126
3.16425 3.729 0.891 -0.96823 -0.204455 0.143976 110 126 125
3.165 3.72886 0.897 -0.657749 0.499687 -0.563631 112 126 126
3.165 3.729 0.896235 -0.966307 -0.217318 0.137924 111 125 125
3.15967 3.729 0.903 -0.966357 0.197109 -0.165236 111 125 127
3.165 3.729 0.897111 -0.659741 0.456197 -0.597182 111 125 126
3.16181 3.723 0.909 -0.997265 -0.00929869 -0.0733275 118 133 137
3.16058 3.729 0.909 -0.95406 0.266223 0.137455 113 128 131
3.16122 3.729 0.915 -0.972455 0.109594 -0.205721 111 126 129
3.165 3.72923 0.873 -0.925693 -0.189987 0.327104 106 120 123
3.16385 3.735 0.873 -0.962251 -0.154028 0.224384 102 115 118
3.165 3.73323 0.879 -0.799172 0.578608 -0.162903 106 121 123
3.165 3.735 0.876293 -0.906048 -0.211761 0.366381 105 119 121
3.165 3.73116 0.885 -0.805004 0.590558 0.0566648 108 123 122
3.16306 3.735 0.891 -0.986451 0.0893924 -0.137566 108 121 120
3.165 3.735 0.888381 -0.687748 0.497428 -0.528742 108 121 121
3.165 3.72945 0.897 -0.771925 -0.165635 -0.613757 111 125 125
3.16381 3.735 0.897 -0.998592 -0.0245451 -0.0470305 109 122 122
3.1643 3.735 0.903 -0.960573 0.253427 0.114344 107 121 122
3.165 3.7346 0.909 -0.777595 0.614993 0.130883 109 123 126
3.165 3.735 0.907044 -0.973499 -0.157962 0.165372 107 121 124
3.16304 3.741 0.873 -0.981005 0.190786 0.0350636 99 112 114
3.165 3.741 0.870966 -0.602617 0.572252 -0.55622 102 114 117
3.165 3.73974 0.879 -0.918273 -0.241425 0.313829 105 119 120
3.1647 3.741 0.879 -0.949051 -0.120462 0.291188 104 117 118
3.165 3.741 0.880076 -0.946231 -0.181405 0.26784 105 118 119
3.165 3.7375 0.891 -0.659539 0.514063 -0.548404 107 120 119
3.16289 3.741 0.897 -0.988139 0.151817 -0.0231022 105 118 119
3.165 3.741 0.894005 -0.667342 0.53248 -0.520691 105 117 117
3.16351 3.741 0.903 -0.995755 0.0791901 -0.0469231 103 115 118
3.165 3.73653 0.909 -0.966379 -0.202444 0.15852 107 121 124
3.16406 3.741 0.909 -0.981129 -0.155208 0.115307 104 117 120
3.16211 3.735 0.927 -0.928889 0.26724 -0.256414 106 119 124
3.16108 3.741 0.927 -0.979737 0.146922 -0.13612 105 117 122
3.16219 3.741 0.933 -0.976447 0.161766 -0.142772 105 117 121
3.165 3.74296 0.873 -0.730655 0.64759 -0.216264 97 110 111
3.165 3.7413 0.879 -0.74818 0.642361 0.166129 104 117 118
3.165 3.74676 0.885 -0.971352 -0.237646 0 104 116 116
3.16494 3.747 0.885 -1 2.15944e-17 0 104 116 116
3.165 3.747 0.884942 -0.707107 0 -0.707107 104 116 116
3.165 3.747 0.885202 -0.961273 0 0.275597 104 116 116
3.165 3.74354 0.897 -0.703332 0.608225 -0.36795 105 117 118
3.165 3.74249 0.903 -0.735233 0.672244 -0.08672 103 115 118
3.16319 3.747 0.909 -0.991891 0.0659991 -0.108608 98 111 112
3.165 3.747 0.907185 -0.579237 0.559564 -0.592767 100 112 115
3.16478 3.741 0.915 -0.981782 -0.16314 0.0974175 104 118 121
3.16366 3.747 0.915 -0.987015 -0.115414 0.111723 100 113 115
3.165 3.74576 0.927 -0.657995 0.541785 -0.522983 104 116 120
3.16113 3.747 0.933 -0.941221 0.247844 -0.229512 104 115 118
3.165 3.747 0.928282 -0.652558 0.537584 -0.534014 104 116 120
3.16235 3.747 0.939 -0.999861 0.0133782 0.00998075 102 114 118
3.16593 3.675 0.951 -0.119877 -0.964149 0.236739 128 139 136
3.16563 3.699 0.879 -1 -2.61876e-17 0 131 152 157
3.16532 3.711 0.873 -0.987933 -0.144389 -0.0560385 115 134 140
3.16508 3.729 0.873 -0.989425 0.121653 0.0789899 106 120 123
3.16628 3.735 0.879 -0.958781 -0.153415 0.23917 106 121 122
3.16787 3.735 0.885 -0.940744 -0.229446 0.249712 107 121 121
3.1664 3.741 0.885 -0.935998 -0.237751 0.259582 106 119 118
3.16829 3.741 0.867 -0.888919 0.336256 -0.311055 100 112 116
3.16801 3.747 0.867 -0.960131 0.223643 -0.167726 96 107 110
3.16845 3.747 0.873 -0.943237 0.331422 0.0215296 95 106 108
3.16959 3.747 0.879 -0.95926 0.229175 0.165223 99 112 112
3.16773 3.741 0.891 -0.940334 0.258115 -0.221696 106 118 117
3.16645 3.747 0.891 -0.952913 -0.203567 0.224761 104 115 114
3.16786 3.747 0.897 -0.97634 0.163376 -0.141661 104 116 117
3.141 3.74872 0.915 -0.145956 0.975042 -0.1673 73 70 61
3.141 3.74739 0.921 -0.121468 0.96673 0.22512 63 61 53
3.147 3.74824 0.915 0.212456 0.966556 0.143641 64 62 53
3.147 3.75262 0.927 0 -1 0 65 64 58
3.14598 3.753 0.927 -1 2.41777e-17 0 63 62 55
3.147 3.753 0.925465 1.68082e-16 0 -1 63 62 56
3.147 3.753 0.927903 0 0 1 65 65 59
3.147 3.75442 0.927 6.18903e-17 1 0 64 63 56
3.147 3.76011 0.933 0 0 0 66 62 52
3.14738 3.753 0.927 1 0 0 65 64 58
3.159 3.74741 0.951 -0.707107 0.707107 0 105 116 120
3.165 3.74706 0.885 -0.707107 0.707107 0 104 116 116
3.165 3.74888 0.909 -0.58787 0.568103 -0.575906 98 110 112
3.16317 3.753 0.915 -0.98867 0.147361 0.0285793 98 108 111
3.165 3.753 0.913104 -0.611424 0.547173 -0.571632 98 108 111
3.16475 3.747 0.921 -0.982209 -0.0912379 0.164135 104 115 119
3.16422 3.753 0.921 -0.988229 -0.0207193 0.151569 100 110 114
3.165 3.75296 0.927 -0.934038 -0.23218 0.271414 103 114 118
3.16499 3.753 0.927 -0.983605 -0.10597 0.145915 103 114 118
3.165 3.747 0.92191 -0.938547 -0.224227 0.262397 105 116 120
3.165 3.75174 0.933 -0.653348 0.534001 -0.536637 103 113 116
3.165 3.753 0.927042 -0.944522 -0.234786 0.229681 103 114 118
3.16135 3.753 0.939 -0.994565 0.0888938 -0.0541991 100 111 115
3.165 3.753 0.934253 -0.6644 0.542148 -0.514439 103 113 116
3.16337 3.747 0.945 -0.972779 -0.149511 0.177051 103 114 119
3.16252 3.753 0.945 -0.971819 -0.153271 0.179096 100 111 115
3.165 3.75512 0.915 -0.744371 0.615412 -0.259192 97 107 109
3.165 3.75381 0.921 -0.740299 0.658153 0.137086 99 110 113
3.165 3.75882 0.933 0 0 0 101 111 113
3.165 3.7574 0.939 -0.662561 0.549291 -0.509207 98 109 112
3.16152 3.759 0.945 -0.972066 -0.151636 0.179148 97 107 111
3.1635 3.753 0.951 -0.973569 -0.147127 0.174689 101 112 114
3.16269 3.759 0.951 -0.972991 -0.132819 0.188806 98 108 110
3.165 3.7544 0.957 0 0 0 103 114 118
3.165 3.753 0.956102 0 0 0 104 115 119
3.171 3.75049 0.867 -0.659381 0.564837 -0.496161 94 105 107
3.16843 3.753 0.873 -0.984648 0.162543 -0.0636314 94 106 106
3.171 3.753 0.869855 -0.646021 0.561227 -0.517379 95 106 107
3.16925 3.753 0.879 -0.989122 -0.055737 0.136126 95 106 105
3.171 3.75605 0.873 -0.648042 0.546949 -0.529989 92 103 103
3.16974 3.753 0.885 0 0 0 98 108 108
3.171 3.75359 0.891 0 0 0 102 112 111
3.171 3.753 0.890494 0 0 0 102 112 111
3.16848 3.753 0.909 -0.66068 0.500006 -0.559907 95 107 109
3.465 3.68909 0.969 -0.00843114 -0.996144 0.0873329 93 100 98
3.465 3.69007 0.975 -0.00985769 -0.97687 0.213608 92 99 96
3.465 3.69188 0.981 0.0546124 -0.979915 0.19179 90 97 94
3.465 3.693 0.985794 0.0747014 -0.962903 0.2593 89 96 93
3.465 3.69324 0.987 0.0656545 -0.993944 0.0881171 89 96 93
3.465 3.69343 0.993 0.0270559 -0.993218 0.113072 82 87 84
3.465 3.6943 0.999 0.00123042 -0.986917 0.161227 82 88 85
3.465 3.6955 1.005 0.0220955 -0.987015 0.159103 83 89 86
3.465 3.69667 1.011 0.0260361 -0.982863 0.182489 83 89 86
3.465 3.69762 1.017 0.0195929 -0.986684 0.161463 83 90 87
3.465 3.69851 1.023 0.0126659 -0.986327 0.164312 83 89 87
3.465 3.699 1.02536 0.0214365 -0.987765 0.154469 83 89 87
3.465 3.69969 1.029 0.0589508 -0.984495 0.165211 83 89 87
3.465 3.70072 1.035 0.0235862 -0.987464 0.156069 84 90 89
3.465 3.70152 1.041 0.0065134 -0.987527 0.157314 85 92 91
3.465 3.70264 1.047 0.0283813 -0.989502 0.141708 86 92 92
3.465 3.70326 1.053 0.035913 -0.988617 0.146103 86 92 92
3.465 3.70416 1.059 -0.00860554 -0.99184 0.127195 85 90 90
3.471 3.68889 0.969 0.0134688 -0.990419 0.13744 93 99 96
3.471 3.69147 0.975 -0.00143115 -0.962242 0.27219 89 96 92
3.471 3.69264 0.981 0.0619091 -0.962397 0.264498 88 95 92
3.471 3.693 0.983223 0.0819801 -0.980573 0.178204 89 95 92
3.471 3.69358 0.987 0.0665641 -0.988914 0.132736 89 95 92
3.471 3.69428 0.993 0.0770912 -0.991921 0.100748 81 86 83
3.471 3.69516 0.999 0.0513845 -0.988315 0.143504 81 86 83
3.471 3.69613 1.005 0.0441143 -0.98558 0.163358 81 87 84
3.471 3.69681 1.011 0.0449232 -0.985477 0.163762 82 88 85
3.471 3.69808 1.017 0.0371178 -0.985046 0.168247 82 88 85
3.47099 3.699 1.023 0.0757517 -0.978421 0.192233 82 88 85
3.471 3.699 1.023 0.041934 -0.987506 0.151899 82 88 85
3.471 3.699 1.023 -0.0351682 -0.990702 0.131427 82 88 85
3.471 3.70019 1.029 -0.0681219 -0.985709 0.154067 82 88 86
3.471 3.70081 1.035 -0.0230104 -0.988693 0.148181 82 89 87
3.471 3.70164 1.041 0.00272435 -0.989488 0.144592 83 90 88
3.471 3.70259 1.047 0.0179473 -0.981587 0.190169 84 90 90
3.471 3.70359 1.053 0.0753828 -0.984552 0.158033 84 90 89
3.471 3.70468 1.059 0.107693 -0.982951 0.149026 84 88 87
3.477 3.69126 0.969 0.121787 -0.991004 0.0554954 90 96 92
3.477 3.69015 0.975 0.00226892 -0.978355 0.20692 91 98 94
3.47609 3.693 0.981 0.0670438 -0.985789 0.154029 88 94 90
3.477 3.693 0.980605 0.0493469 -0.898466 0.436261 88 94 90
3.477 3.69306 0.981 -0.0260753 -0.9864 0.162279 88 94 90
3.477 3.69402 0.987 -0.00557195 -0.987806 0.155587 88 94 90
3.477 3.69473 0.993 0.0588618 -0.993511 0.0973159 81 86 82
3.477 3.69503 0.999 0.0554351 -0.993774 0.0966465 81 86 82
3.477 3.69569 1.005 0.0152808 -0.984397 0.175298 81 87 83
3.477 3.69717 1.011 0.0201894 -0.986641 0.161655 82 87 84
3.477 3.69809 1.017 -0.00591971 -0.987072 0.160167 82 87 84
3.477 3.699 1.02284 0.000778669 -0.988175 0.153328 82 87 84
3.477 3.69903 1.023 0.0452031 -0.996996 0.0628905 82 87 84
3.477 3.69902 1.029 0.0137185 -0.993231 0.115347 81 87 85
3.477 3.70009 1.035 -0.00528619 -0.980584 0.196028 82 87 85
3.477 3.70157 1.041 0.0216169 -0.9872 0.158017 82 88 86
3.477 3.70249 1.047 -0.0269659 -0.976959 0.211715 83 88 87
3.477 3.70443 1.053 -0.0246063 -0.97904 0.202179 82 87 86
3.47335 3.705 1.059 0.129971 -0.977077 0.168604 83 87 86
3.477 3.705 1.05549 0.0398218 -0.985173 0.166877 82 87 86
3.477 3.70543 1.059 -0.0452175 -0.989082 0.140256 82 86 85
3.483 3.68969 0.969 0.022268 -0.998399 0.052005 90 97 93
3.483 3.69062 0.975 0.0749985 -0.989233 0.125674 89 95 92
3.483 3.6921 0.981 0.00958065 -0.95885 0.283752 87 93 89
3.47757 3.693 0.981 -0.160143 -0.919382 0.359293 88 94 90
3.483 3.693 0.984758 -0.0204432 -0.975929 0.21713 87 93 89
3.483 3.69345 0.987 0.0109539 -0.981613 0.190568 86 92 88
3.483 3.69483 0.993 0.00176961 -0.986139 0.165911 80 85 81
3.483 3.69563 0.999 0.0381992 -0.99518 0.0903168 81 86 82
3.483 3.69632 1.005 0.0222526 -0.986952 0.159467 81 87 83
3.483 3.69748 1.011 0.0387927 -0.986846 0.156937 82 87 83
3.483 3.69791 1.017 0.0302702 -0.992773 0.116123 81 87 83
3.483 3.69878 1.023 0.0216957 -0.988592 0.149047 81 86 83
3.47755 3.699 1.023 -0.0407613 -0.987024 0.155311 82 87 84
3.483 3.699 1.02438 -0.00308913 -0.978975 0.203956 81 86 83
3.483 3.70002 1.029 0.0630589 -0.989187 0.132413 80 85 82
3.483 3.7009 1.035 0.0481178 -0.981614 0.184713 79 84 82
3.483 3.70238 1.041 0.0369502 -0.987414 0.153777 80 85 84
3.483 3.70252 1.047 0.0289559 -0.992364 0.119896 81 86 85
3.483 3.70365 1.053 -0.0348063 -0.987601 0.153081 80 85 84
3.483 3.70392 1.059 -0.0829775 -0.991399 0.101207 80 84 83
3.47882 3.705 1.059 -0.252335 -0.956751 0.144758 82 86 84
3.489 3.69063 0.969 0.0921729 -0.986554 0.134965 89 94 91
3.489 3.69194 0.975 0.159517 -0.972198 0.17142 87 93 90
3.489 3.69281 0.981 0.157803 -0.969614 0.186943 87 93 89
3.489 3.693 0.981855 0.123254 -0.966283 0.226067 86 91 88
3.489 3.69426 0.987 0.126766 -0.979382 0.157294 79 84 80
3.489 3.69492 0.993 0.0640147 -0.988022 0.140407 79 84 80
3.489 3.69589 0.999 0.0519995 -0.99356 0.100668 80 85 82
3.489 3.69588 1.005 0.0676663 -0.988434 0.135721 80 86 82
3.489 3.69733 1.011 0.0398681 -0.978586 0.201939 80 86 82
3.489 3.69839 1.017 0.0942311 -0.984494 0.147957 80 86 82
3.48548 3.699 1.023 0.0983195 -0.977132 0.188537 80 86 82
3.489 3.699 1.0208 0.118827 -0.981419 0.150658 80 85 82
3.489 3.69933 1.023 -0.0103066 -0.991414 0.130356 79 85 82
3.489 3.7002 1.029 -0.0141251 -0.99218 0.124014 78 84 81
3.489 3.70077 1.035 0.00260238 -0.989186 0.146643 78 83 81
3.489 3.70177 1.041 -0.0122843 -0.985481 0.169343 78 83 81
3.489 3.70265 1.047 0.0380467 -0.98857 0.145884 78 83 81
3.489 3.70355 1.053 0.067216 -0.986296 0.15067 77 82 80
3.489 3.70438 1.059 0.109725 -0.984848 0.134294 77 82 80
3.495 3.69185 0.969 0.191118 -0.975728 0.106906 86 91 89
3.495 3.69261 0.975 0.128286 -0.978174 0.163459 86 92 89
3.49002 3.693 0.981 0.175502 -0.963675 0.201321 86 92 89
3.495 3.693 0.975781 0.162075 -0.964749 0.207345 85 91 89
3.495 3.6939 0.981 0.0507152 -0.984559 0.167548 85 91 88
3.495 3.69492 0.987 0.0355689 -0.991041 0.128737 77 82 79
3.495 3.69553 0.993 0.0526484 -0.993894 0.0969696 77 82 79
3.495 3.696 0.999 0.0387738 -0.990514 0.131829 79 84 81
3.495 3.69693 1.005 0.073225 -0.985114 0.15553 79 84 81
3.495 3.69831 1.011 0.0752407 -0.980438 0.181877 78 84 80
3.49284 3.699 1.017 0.146059 -0.978112 0.148201 78 84 81
3.495 3.699 1.01489 0.0683305 -0.984134 0.16374 78 83 80
3.495 3.69879 1.023 3.60105e-18 -1 0 78 83 80
3.49256 3.699 1.023 -0.0895136 -0.995254 -0.0381684 79 84 81
3.495 3.699 1.02053 0.117533 -0.989252 -0.0869908 78 83 80
3.495 3.699 1.02451 -0.0453585 -0.983778 0.173564 78 83 80
3.495 3.69929 1.017 0.0281254 -0.998815 0.0397065 77 82 80
3.495 3.69984 1.029 0.0778592 -0.983919 0.160754 78 83 80
3.495 3.70071 1.035 0.0770747 -0.985286 0.152547 76 81 79
3.495 3.70205 1.041 0.0663501 -0.981315 0.180606 75 80 78
3.495 3.70299 1.047 0.0790089 -0.97759 0.195127 74 80 78
3.495 3.7046 1.053 0.131007 -0.967871 0.214624 73 78 76
3.49135 3.705 1.059 0.233502 -0.956186 0.176594 75 80 78
3.495 3.705 1.05429 0.184616 -0.962656 0.198016 73 78 76
3.495 3.70579 1.059 0.102997 -0.983374 0.149555 73 77 75
3.501 3.69237 0.969 0.0517672 -0.989022 0.138402 84 90 88
3.49778 3.693 0.975 0.0643558 -0.977335 0.201678 85 91 89
3.501 3.693 0.973836 0.0851141 -0.985839 0.144486 85 91 88
3.501 3.69319 0.975 0.0602986 -0.99222 0.108918 85 91 88
3.501 3.69362 0.981 0.0617419 -0.985421 0.158535 84 90 87
3.501 3.69484 0.987 0.0499311 -0.990959 0.124529 76 81 78
3.501 3.69546 0.993 0.0182589 -0.993098 0.115857 75 81 78
3.501 3.69616 0.999 0.0536894 -0.987979 0.144962 76 81 78
3.501 3.69719 1.005 0.074974 -0.984083 0.161117 77 82 79
3.501 3.69826 1.011 0.036825 -0.98897 0.143464 75 81 78
3.501 3.69867 1.017 0.0321603 -0.99372 0.107177 75 81 78
3.49775 3.699 1.017 -0.111528 -0.975864 0.187752 76 82 79
3.49625 3.699 1.023 0.203046 -0.974391 0.0966183 78 82 79
3.501 3.699 1.01884 0 -0.976156 0.21707 75 80 78
3.501 3.7 1.023 0.1229 -0.983692 0.131324 75 80 77
3.501 3.70074 1.029 0.1156 -0.980068 0.161565 74 79 77
3.501 3.70206 1.035 0.125088 -0.980695 0.150299 73 78 76
3.501 3.70265 1.041 0.0951509 -0.985314 0.141786 71 76 75
3.501 3.70372 1.047 0.0471692 -0.978477 0.200891 71 76 74
3.49846 3.705 1.053 0.074661 -0.977791 0.195834 71 76 74
3.501 3.705 1.05213 0.0476854 -0.968722 0.243524 70 75 73
3.501 3.70518 1.053 -0.0115718 -0.981655 0.190313 70 75 73
3.501 3.70633 1.059 0.0399752 -0.989256 0.140619 70 74 71
3.507 3.69278 0.969 0.13823 -0.972153 0.189235 82 88 86
3.507 3.693 0.97028 0.0908027 -0.985438 0.14376 82 88 86
3.507 3.6937 0.975 0.193747 -0.970328 0.144655 83 89 86
3.507 3.69432 0.981 0.200547 -0.969191 0.143006 80 86 83
3.507 3.69586 0.987 0.17495 -0.97907 0.103992 73 78 76
3.507 3.69568 0.993 0.120229 -0.990984 0.0591206 73 78 75
3.507 3.69662 0.999 0.0678395 -0.979397 0.190209 74 79 76
3.507 3.69798 1.005 0.0965576 -0.983873 0.150567 74 79 76
3.507 3.69874 1.011 0.0805336 -0.987956 0.132124 73 79 76
3.5028 3.699 1.017 0.183134 -0.964732 0.189085 74 80 77
3.507 3.699 1.01229 0.102307 -0.980586 0.167288 73 78 75
3.507 3.69976 1.017 0.101344 -0.978855 0.177684 72 78 75
3.507 3.70067 1.023 0.122828 -0.981774 0.145026 72 77 74
3.507 3.70148 1.029 0.141388 -0.980114 0.139233 70 75 73
3.507 3.70231 1.035 0.143873 -0.976336 0.161455 69 74 72
3.507 3.70314 1.041 0.150528 -0.982706 0.107846 68 73 71
3.507 3.70366 1.047 0.148761 -0.979572 0.135313 67 72 70
3.507 3.70468 1.053 0.0762929 -0.980399 0.181651 67 72 69
3.5031 3.705 1.053 -0.0849307 -0.973089 0.214206 69 74 71
3.507 3.705 1.05509 -0.0262396 -0.980787 0.19331 67 71 69
3.507 3.70586 1.059 0.12417 -0.971323 0.202764 67 71 68
3.50772 3.693 0.969 0.213848 -0.967725 0.133332 82 87 85
3.513 3.69412 0.969 0.174568 -0.977402 0.11921 79 84 82
3.513 3.69498 0.975 0.124916 -0.972696 0.195597 80 86 83
3.513 3.69649 0.981 0.168368 -0.976009 0.138052 71 76 73
3.513 3.69706 0.987 0.163024 -0.981446 0.100929 69 75 72
3.513 3.69696 0.993 0.216189 -0.976332 -0.00616209 70 75 72
3.513 3.69696 0.999 0.137558 -0.982561 0.125111 71 76 73
3.513 3.69865 1.005 0.0600762 -0.983469 0.170823 70 75 72
3.513 3.69889 1.011 0.0578164 -0.994921 0.0823934 70 76 72
3.513 3.699 1.0116 0.0499348 -0.980192 0.191649 70 76 72
3.513 3.7002 1.017 0.167045 -0.964899 0.202647 70 75 71
3.513 3.70142 1.023 0.155495 -0.971705 0.177794 68 73 69
3.513 3.70241 1.029 0.178028 -0.97072 0.161271 66 71 68
3.513 3.7035 1.035 0.209229 -0.960732 0.182258 65 70 67
3.513 3.70482 1.041 0.248001 -0.955093 0.162154 64 69 66
3.51093 3.705 1.047 0.342674 -0.927284 0.150727 65 69 67
3.513 3.705 1.0418 0.344032 -0.926657 0.15149 64 68 66
3.50791 3.705 1.053 0.330974 -0.927769 0.172338 66 71 68
3.513 3.70595 1.047 0.205928 -0.968745 0.1383 63 68 65
3.513 3.70678 1.053 0.231584 -0.962996 0.137869 63 68 65
3.513 3.70755 1.059 0.182306 -0.972665 0.143829 64 67 64
3.519 3.69517 0.969 0.143053 -0.986212 0.0832011 78 83 81
3.519 3.69549 0.975 0.122421 -0.980357 0.154638 77 83 80
3.519 3.69677 0.981 0.115029 -0.983511 0.13955 69 74 71
3.519 3.69709 0.987 0.0837779 -0.989193 0.120325 68 73 70
3.519 3.69831 0.993 0.145077 -0.98472 0.0963319 66 71 67
3.519 3.69846 0.999 0.18787 -0.981829 0.0267557 66 70 67
3.519 3.69872 1.005 0.106361 -0.988353 0.108837 66 72 68
3.5138 3.699 1.011 0.206688 -0.950559 0.231771 70 75 72
3.519 3.699 1.00679 0.202094 -0.953449 0.223815 67 72 69
3.519 3.70018 1.011 0.232575 -0.94586 0.226401 67 72 68
3.519 3.7016 1.017 0.20431 -0.962689 0.177449 66 71 67
3.519 3.70261 1.023 0.176713 -0.966597 0.185643 65 70 66
3.519 3.70386 1.029 0.185879 -0.966128 0.179014 63 68 64
3.51883 3.705 1.035 0.232564 -0.95199 0.199069 61 66 63
3.519 3.705 1.03475 0.168049 -0.96726 0.19018 61 66 63
3.51363 3.705 1.041 0.219706 -0.958158 0.183473 63 68 66
3.519 3.70504 1.035 0.00231032 -0.99525 0.0973234 61 66 63
3.519 3.70621 1.041 0.0376857 -0.984536 0.171078 61 66 62
3.519 3.7069 1.047 0.0866565 -0.982935 0.162262 61 65 62
3.519 3.70766 1.053 0.186922 -0.972478 0.139089 60 64 61
3.519 3.70831 1.059 0.205734 -0.97027 0.127472 61 64 61
3.525 3.69578 0.969 0.120077 -0.990822 0.0620741 74 78 77
3.525 3.69619 0.975 0.249801 -0.948256 0.195985 72 77 75
3.525 3.69779 0.981 0.261585 -0.950594 0.167168 66 70 67
3.525 3.69819 0.987 0.209601 -0.972086 0.105435 65 69 67
3.52466 3.699 0.993 0.128318 -0.991202 0.0324469 63 68 65
3.525 3.699 0.992677 0.183124 -0.973257 0.138695 63 68 65
3.52315 3.699 0.999 0.171355 -0.982431 0.0739447 63 67 64
3.5204 3.699 1.005 0.24878 -0.95253 0.175486 65 70 66
3.525 3.69904 0.993 0.183503 -0.982334 0.0366892 63 68 65
3.525 3.69929 0.999 0.151887 -0.981363 0.117714 62 66 62
3.525 3.70021 1.005 0.191712 -0.961603 0.196385 60 64 61
3.525 3.70177 1.011 0.159175 -0.964732 0.209653 61 65 62
3.525 3.7029 1.017 0.178491 -0.969087 0.170327 60 65 61
3.525 3.70357 1.023 0.184303 -0.97111 0.151581 60 64 60
3.525 3.70473 1.029 0.169349 -0.969185 0.178888 60 64 61
3.525 3.705 1.03201 0.130035 -0.976914 0.169501 60 64 61
3.525 3.70566 1.035 0.402418 -0.908932 0.109101 60 64 60
3.525 3.70526 1.041 0.274023 -0.958863 0.074115 59 63 59
3.525 3.70672 1.047 0.143038 -0.961513 0.23459 59 62 58
3.525 3.70877 1.053 0.164773 -0.953866 0.250979 56 59 55
3.525 3.71028 1.059 0.238201 -0.955104 0.176172 55 57 53
3.531 3.69648 0.969 0.131059 -0.961335 0.242195 67 70 68
3.52977 3.699 0.975 0.42302 -0.890087 0.169704 62 65 62
3.531 3.699 0.973269 0.270317 -0.850104 0.451942 61 64 62
3.52809 3.699 0.981 0.316324 -0.946861 0.0582497 60 64 61
3.5272 3.699 0.987 0.287601 -0.954608 0.0775207 62 65 63
3.531 3.69963 0.975 0.158091 -0.972295 0.172191 59 61 59
3.531 3.69989 0.981 0.25996 -0.962767 0.0741622 55 58 55
3.531 3.7 0.987 0.30625 -0.950789 0.0470316 57 59 57
3.531 3.70015 0.993 0.319355 -0.947635 -0.000380562 53 56 53
3.531 3.70016 0.999 0.294103 -0.947723 0.12379 55 58 55
3.531 3.70126 1.005 0.312412 -0.935368 0.165786 54 57 53
3.531 3.70236 1.011 0.313091 -0.931743 0.183927 54 57 53
3.531 3.7035 1.017 0.256201 -0.947629 0.190685 53 56 52
3.531 3.70481 1.023 0.22177 -0.959235 0.175177 51 54 51
3.5261 3.705 1.029 0.321533 -0.921618 0.217338 58 63 59
3.531 3.705 1.02378 0.313827 -0.908521 0.275868 51 54 50
3.531 3.70672 1.029 0.300073 -0.918772 0.256544 49 52 48
3.531 3.7091 1.035 0.254136 -0.941883 0.219709 49 53 48
3.531 3.70977 1.041 0.411925 -0.911216 -0.00164413 52 56 52
3.531 3.70927 1.047 0.354934 -0.930968 0.0855638 51 54 50
3.531 3.71035 1.053 0.272928 -0.94052 0.20232 51 53 49
3.53061 3.711 1.059 0.118125 -0.973264 0.196986 51 53 49
3.531 3.711 1.05873 0.187054 -0.975578 0.115146 51 53 49
3.531 3.71107 1.059 0.553168 -0.818255 0.15641 51 53 49
3.537 3.69681 0.969 0.118429 -0.963967 0.238206 53 54 51
3.537 3.699 0.973076 0.0791665 -0.868634 0.489088 50 52 49
3.537 3.7003 0.975 0.143443 -0.95583 0.25654 48 49 46
3.537 3.70098 0.981 0.150049 -0.979157 0.136881 45 46 42
3.537 3.70218 0.987 0.21197 -0.968699 0.129191 42 43 39
3.537 3.7029 0.993 0.301513 -0.953028 0.0287488 40 42 38
3.537 3.70256 0.999 0.351668 -0.926909 0.131032 41 43 39
3.537 3.70479 1.005 0.443009 -0.863753 0.240154 41 42 38
3.53561 3.705 1.011 0.484187 -0.860912 0.156184 43 45 41
3.537 3.705 1.00578 0.487222 -0.861483 0.143044 41 42 38
3.53345 3.705 1.017 0.451682 -0.880408 0.14445 48 50 46
3.53132 3.705 1.023 0.387125 -0.898506 0.206931 51 54 50
3.537 3.70575 1.011 0.471099 -0.862126 0.186558 41 43 38
3.537 3.70684 1.017 0.575634 -0.799233 0.172835 42 44 40
3.537 3.70736 1.023 0.496168 -0.85812 0.132087 43 45 40
3.537 3.70832 1.029 0.446532 -0.88532 0.129684 43 45 40
3.537 3.70943 1.035 0.27142 -0.942366 0.195649 41 43 39
3.537 3.71032 1.041 0.201204 -0.97585 0.0850508 40 42 37
3.53685 3.711 1.047 0.478263 -0.812886 0.332386 40 41 37
3.537 3.711 1.04668 0.330999 -0.936538 0.115482 40 41 37
3.53249 3.711 1.053 0.628747 -0.713349 0.309532 48 50 46
3.537 3.71114 1.047 0.561668 -0.800547 0.208932 40 41 37
3.537 3.71562 1.053 0.498069 -0.814775 0.296764 38 39 34
3.537 3.71599 1.059 0.526624 -0.838015 0.142824 39 40 35
3.543 3.69808 0.969 0.315156 -0.935886 0.157459 39 39 36
3.543 3.699 0.971197 0.224005 -0.851845 0.473479 38 38 35
3.543 3.70128 0.975 0.42822 -0.878493 0.211841 38 38 34
3.543 3.70193 0.981 0.331429 -0.933266 0.138454 39 39 35
3.543 3.70294 0.987 0.311055 -0.936743 0.16049 39 40 35
3.543 3.7038 0.993 0.297291 -0.948184 0.112092 38 39 34
3.54247 3.705 0.999 0.37709 -0.867973 0.323149 40 40 35
3.543 3.705 0.998469 0.441191 -0.873367 0.206349 40 40 35
3.53738 3.705 1.005 0.381577 -0.894515 0.232899 41 42 38
3.543 3.70517 0.999 0.537009 -0.818978 0.202228 40 40 35
3.543 3.70739 1.005 0.400623 -0.886577 0.23126 37 37 32
3.543 3.70942 1.011 0.415106 -0.852065 0.318862 31 33 27
3.54165 3.711 1.017 0.767798 -0.629164 0.120993 35 36 31
3.543 3.711 1.01304 0.467037 -0.757475 0.456188 30 32 26
3.54117 3.711 1.023 0.827733 -0.554298 0.087248 36 38 33
3.54101 3.711 1.029 0.811815 -0.576225 0.0944504 40 41 36
3.54003 3.711 1.035 0.888464 -0.409823 0.206584 38 39 35
3.53822 3.711 1.041 0.82517 -0.562744 0.0491378 39 41 36
3.543 3.71355 1.017 0.122548 -0.918034 0.377088 38 40 35
3.543 3.7157 1.023 0.338413 -0.869482 0.35983 46 48 44
3.5422 3.717 1.029 0.941209 -0.30005 0.155224 47 50 46
3.543 3.717 1.02534 0.48294 -0.814848 0.320611 49 52 48
3.54082 3.717 1.035 0.903193 -0.428911 0.0166549 38 41 37
3.543 3.71665 1.041 0.714825 -0.692603 -0.0965674 35 36 32
3.543 3.717 1.04056 0.667948 -0.740696 -0.0722174 35 36 32
3.543 3.71567 1.047 0.641895 -0.766777 0.00483075 32 32 27
3.543 3.71677 1.053 0.382368 -0.880606 0.279871 32 32 27
3.539 3.717 1.059 0.472835 -0.821396 0.318958 37 38 33
3.543 3.717 1.05388 0.469242 -0.817014 0.335111 32 32 27
3.543 3.7178 1.029 0.336382 -0.868058 0.365133 47 49 46
3.543 3.71938 1.035 0.527582 -0.848233 -0.0464488 38 40 36
3.543 3.71933 1.059 0.665 -0.682931 0.302291 36 37 31
3.54372 3.699 0.969 0.695278 -0.681855 0.227294 40 40 37
3.549 3.70407 0.969 0.595252 -0.780484 0.191102 38 37 34
3.549 3.70424 0.975 0.493271 -0.865718 0.0849494 38 36 32
3.54794 3.705 0.981 0.537771 -0.825016 0.17364 36 35 31
3.549 3.705 0.97876 0.553442 -0.810109 0.193457 36 34 30
3.54607 3.705 0.987 0.568415 -0.807636 0.156932 38 38 33
3.54454 3.705 0.993 0.595872 -0.786398 0.162831 39 39 34
3.549 3.70573 0.981 0.693637 -0.719953 0.0231583 35 33 29
3.549 3.70702 0.987 0.474846 -0.863982 0.1675 36 35 29
3.549 3.70832 0.993 0.510133 -0.844323 0.163964 36 35 30
3.549 3.70934 0.999 0.504127 -0.846825 0.169537 37 36 31
3.549 3.71059 1.005 0.50082 -0.850273 0.161913 36 36 30
3.549 3.71057 1.011 0.351106 -0.923001 0.157459 37 36 30
3.549 3.711 1.01229 0.0804124 -0.866747 0.492222 37 36 30
3.549 3.71331 1.017 0.393557 -0.867088 0.305403 36 35 30
3.549 3.71465 1.023 0.243977 -0.917136 0.315177 35 35 29
3.549 3.717 1.02782 0.224446 -0.793019 0.566343 32 32 26
3.54328 3.717 1.041 0.811929 -0.569182 -0.129623 35 36 32
3.54407 3.717 1.047 0.854228 -0.519821 0.00898936 32 32 28
3.54322 3.717 1.053 0.891846 -0.416623 0.176172 32 32 27
3.549 3.72074 1.029 0.726853 -0.537251 0.427839 36 36 32
3.549 3.72193 1.035 0.606075 -0.78789 0.109096 36 38 33
3.54733 3.723 1.041 0.793143 -0.603495 0.0819633 36 38 33
3.549 3.723 1.03658 0.655991 -0.711774 0.251106 36 38 34
3.54722 3.723 1.047 0.839703 -0.530303 0.116948 38 39 35
3.54586 3.723 1.053 0.857293 -0.477112 0.193421 40 41 36
3.54452 3.723 1.059 0.898069 -0.39914 0.184821 41 42 37
3.549 3.72385 1.041 0.44756 -0.880918 0.153861 36 37 33
3.549 3.72482 1.047 0.648515 -0.754554 0.100386 37 38 33
3.549 3.72615 1.053 0.70224 -0.694529 0.156489 35 36 31
3.55023 3.705 0.969 0.797992 -0.55971 0.22346 39 38 34
3.54966 3.705 0.975 0.807753 -0.583287 0.0855079 39 37 33
3.55379 3.711 0.969 0.855238 -0.500461 0.134559 42 40 36
3.55422 3.711 0.975 0.767497 -0.638692 0.0549584 42 40 35
3.55302 3.711 0.981 0.758167 -0.651785 -0.0189645 43 41 36
3.55193 3.711 0.999 0.665597 -0.70536 0.243821 43 41 35
3.54961 3.711 1.005 0.708232 -0.683439 0.176971 38 37 31
3.54953 3.711 1.011 0.800792 -0.572457 0.176142 39 38 32
3.55365 3.717 1.011 0.793898 -0.568391 0.216005 39 37 31
3.55165 3.717 1.017 0.836614 -0.46537 0.288976 37 36 30
3.55027 3.717 1.023 0.94107 -0.219755 0.257089 35 35 29
3.55329 3.723 0.969 0.914694 0.292873 -0.278498 30 30 29
3.55423 3.723 0.975 0.93001 0.329704 -0.162406 27 27 25
3.55133 3.723 1.023 0.850175 -0.383746 0.360474 40 41 35
3.54937 3.723 1.029 0.954273 -0.200814 0.221444 38 39 35
3.54964 3.723 1.035 0.857186 -0.51331 0.0417747 37 39 35
3.135 3.74706 1.047 0.634704 0.755569 -0.162069 90 91 84
3.135 3.74835 1.053 0.26852 0.957159 -0.10837 93 95 90
3.159 3.74858 0.975 -0.583914 0.58322 -0.564712 104 113 122
3.15757 3.753 0.981 -0.953693 0.280651 0.108185 104 113 122
3.159 3.753 0.979564 -0.597601 0.572329 -0.561527 104 114 123
3.159 3.753 0.985268 -0.935395 -0.0385699 0.351494 109 118 129
3.159 3.74841 0.993 -0.695378 0.693975 -0.186676 116 127 140
3.159 3.74755 1.011 -0.505656 0.86216 0.0315141 106 120 124
3.159 3.74873 1.017 -0.0412835 0.940233 -0.338021 111 126 133
3.159 3.75129 1.023 -0.489171 0.839823 0.235391 109 122 127
3.159 3.75115 1.029 -0.724094 -0.689105 0.0286619 111 126 134
3.15717 3.753 1.029 -0.922718 0.107046 -0.370316 107 120 126
3.159 3.753 1.02432 -0.54928 -0.252671 -0.796523 108 121 126
3.159 3.75237 1.035 -0.576558 -0.729722 0.367541 111 124 133
3.15694 3.753 1.035 -0.911838 -0.371706 0.174318 110 122 129
3.159 3.753 1.03798 -0.538813 -0.730918 0.418855 110 122 130
3.159 3.74869 1.053 -0.58347 0.807086 -0.0904147 130 147 155
3.159 3.75443 0.981 -0.712178 0.653184 -0.257204 104 112 121
3.159 3.75864 0.999 -0.531506 -0.821148 -0.207888 97 105 112
3.15613 3.759 0.999 -0.123065 -0.992399 0 93 99 105
3.159 3.759 0.998209 -0.673088 -0.675459 -0.301178 98 106 114
3.159 3.759 0.999356 -0.0873513 -0.704404 0.704404 97 105 112
3.159 3.75418 1.029 -0.229055 0.862231 -0.451765 110 124 130
3.15663 3.759 1.035 -0.986187 0.117863 -0.116376 105 116 123
3.159 3.759 1.03349 -0.132371 0.67747 -0.723541 108 122 129
3.159 3.75498 1.041 -0.41752 -0.72547 0.547147 110 120 128
3.15763 3.759 1.041 -0.930024 -0.247935 0.271264 106 116 123
3.159 3.75886 1.047 -0.0661005 -0.838318 0.541159 108 120 125
3.15894 3.759 1.047 -0.931458 -0.30089 0.204574 108 119 124
3.159 3.759 1.04732 -0.982203 0 0.18782 108 120 124
3.159 3.759 1.05551 -0.52972 -0.710042 -0.463936 111 123 128
3.159 3.75906 1.047 -0.703254 0.694484 0.15207 108 119 124
3.15986 3.753 0.987 -0.875501 -0.248675 0.414317 113 121 133
3.16253 3.753 0.993 -0.93594 0.302466 0.180359 114 124 137
3.16435 3.753 0.999 -0.999384 0.000575688 -0.035087 109 121 132
3.16024 3.753 1.005 -0.950086 -0.269982 -0.156354 114 129 137
3.16238 3.753 1.011 -0.956444 0.024575 0.29088 120 137 144
3.165 3.74914 1.017 -0.941304 -0.241431 0.235921 120 138 148
3.16401 3.753 1.017 -0.937216 -0.243114 0.250045 117 134 144
3.165 3.75225 1.023 -0.048153 0.978811 -0.199021 118 135 144
3.165 3.753 1.02095 -0.941281 -0.241425 0.236016 115 133 141
3.165 3.753 1.02374 -0.391888 0.340407 -0.85472 117 135 143
3.16457 3.753 1.041 -0.947557 0.103695 0.302298 133 153 163
3.165 3.75152 1.047 -0.794639 0.564943 -0.222234 140 161 173
3.165 3.753 1.04126 -0.438335 -0.544963 0.714757 135 155 166
3.16184 3.753 1.053 -0.915808 0.378876 0.133226 140 162 174
3.165 3.753 1.04846 -0.71363 0.496472 -0.494214 140 160 172
3.16271 3.753 0.975 -0.656206 0.533898 -0.533242 102 111 120
3.16214 3.759 0.975 0 0 0 100 108 115
3.1612 3.759 0.993 -0.872216 -0.488236 -0.0294145 111 120 132
3.165 3.75663 1.011 0 0 0 115 131 138
3.16247 3.759 1.017 -0.936694 -0.240081 0.254885 112 128 137
3.165 3.75501 1.023 0 0 0 113 130 138
3.165 3.75872 1.029 -0.588467 0.778899 -0.216848 112 129 137
3.165 3.75613 1.035 -0.186051 0.973802 -0.130746 125 143 154
3.16227 3.759 1.035 0.444445 0.564521 -0.695547 109 125 133
3.165 3.75853 1.047 -0.161523 -0.770354 0.616818 129 149 160
3.165 3.75722 1.053 -0.87799 0.0224019 -0.478154 128 147 160
3.16602 3.753 1.047 -0.814745 0.561544 0.144428 139 159 171
3.465 3.70452 1.065 0.00765936 -0.994742 0.102125 86 90 89
3.46229 3.705 1.065 -0.201043 -0.96451 0.171182 86 91 90
3.465 3.705 1.06733 -0.0787738 -0.9461 0.314147 85 89 88
3.465 3.70647 1.071 0.00570561 -0.945855 0.324539 84 89 87
3.465 3.70901 1.077 -0.0160988 -0.947236 0.320133 83 87 85
3.46259 3.711 1.083 0.137171 -0.932665 0.333646 82 87 85
3.465 3.711 1.08172 0.0580118 -0.932647 0.356095 81 86 84
3.465 3.71128 1.083 -0.0133745 -0.921926 0.387136 81 85 83
3.465 3.71368 1.089 0.0333345 -0.927757 0.371694 81 86 83
3.465 3.71608 1.095 0.0862732 -0.892512 0.442696 82 87 84
3.465 3.717 1.09691 0.0756805 -0.765107 0.63944 82 87 85
3.465 3.72105 1.101 0.09059 -0.716587 0.69159 82 88 86
3.465 3.723 1.10203 0.0494174 -0.21609 0.975122 81 86 84
3.465 3.729 1.10325 0.0701353 -0.172675 0.982479 74 79 77
3.46779 3.705 1.065 0.240249 -0.933714 0.26544 84 89 88
3.471 3.705 1.06099 0.195827 -0.964584 0.176717 83 88 87
3.471 3.7059 1.065 0.100893 -0.974504 0.200407 83 87 86
3.471 3.70721 1.071 0.0239475 -0.968952 0.246087 82 86 84
3.471 3.70908 1.077 -0.0240075 -0.962815 0.269093 81 85 83
3.471 3.71027 1.083 -0.0713348 -0.958041 0.277614 80 84 82
3.46678 3.711 1.083 -0.178103 -0.920047 0.348989 81 85 83
3.471 3.711 1.0849 -0.120907 -0.888326 0.443012 79 84 82
3.471 3.71327 1.089 -0.0319607 -0.866403 0.498322 79 84 82
3.46894 3.717 1.095 0.308791 -0.716115 0.625961 80 85 83
3.471 3.717 1.09406 0.0619171 -0.791213 0.608398 79 84 82
3.471 3.7181 1.095 0.0474383 -0.822697 0.566498 79 84 82
3.471 3.72096 1.101 0.0905943 -0.818756 0.566949 80 85 83
3.471 3.723 1.10236 0.0510478 -0.122944 0.9911 78 83 81
3.471 3.729 1.10193 0.0784813 -0.0195897 0.996723 73 77 75
3.477 3.70622 1.065 -0.10171 -0.980848 0.166111 81 85 84
3.477 3.70717 1.071 -0.0505364 -0.978128 0.201773 81 84 83
3.477 3.70842 1.077 -0.069024 -0.970372 0.231548 79 83 81
3.477 3.70981 1.083 0.00875943 -0.951995 0.305987 79 82 80
3.477 3.711 1.08571 0.0429248 -0.879709 0.473571 77 82 79
3.477 3.71316 1.089 -0.0159061 -0.879581 0.475484 76 81 79
3.477 3.71697 1.095 -0.0989274 -0.837284 0.537745 77 81 80
3.47672 3.717 1.095 -0.101538 -0.776755 0.621564 77 81 80
3.477 3.717 1.09506 0.0465308 -0.603404 0.796077 77 81 80
3.477 3.72233 1.101 0.189314 -0.76722 0.612808 76 80 78
3.477 3.723 1.10141 0.0712564 -0.159308 0.984654 75 80 78
3.477 3.729 1.1015 0.0361441 0.0137918 0.999251 70 75 72
3.483 3.70474 1.065 0.0557775 -0.987176 0.149575 80 84 82
3.48197 3.705 1.065 -0.239715 -0.961851 0.131832 80 84 82
3.483 3.705 1.06647 -0.139424 -0.958225 0.249731 80 83 81
3.483 3.70631 1.071 -0.0103172 -0.969785 0.243741 79 83 81
3.483 3.70804 1.077 -0.0186032 -0.947652 0.318764 78 81 79
3.4822 3.711 1.083 0.233854 -0.85657 0.46 77 81 78
3.483 3.711 1.08248 0.146438 -0.876528 0.458535 77 80 78
3.483 3.71115 1.083 -0.0655742 -0.944078 0.323135 77 80 78
3.483 3.71299 1.089 -0.0204803 -0.917122 0.398081 75 80 77
3.483 3.7158 1.095 -0.0358175 -0.870132 0.491516 74 79 78
3.483 3.717 1.09675 -0.0856632 -0.357035 0.930155 75 79 78
3.47748 3.723 1.101 0.409218 -0.56076 0.719784 75 80 78
3.483 3.723 1.09744 0.0993572 -0.497451 0.861783 71 76 74
3.483 3.72668 1.101 0.0689333 -0.599385 0.797487 69 74 71
3.483 3.729 1.10222 0.0278762 -0.257454 0.965888 67 71 68
3.48541 3.705 1.065 0.145977 -0.958817 0.243639 78 82 80
3.489 3.705 1.06261 0.16824 -0.968511 0.183527 76 81 79
3.489 3.70556 1.065 0.170578 -0.964656 0.200851 76 80 78
3.489 3.70698 1.071 0.111628 -0.969362 0.218806 76 79 77
3.489 3.70836 1.077 0.0660884 -0.967442 0.244312 75 78 76
3.489 3.71008 1.083 -0.0406675 -0.940175 0.338256 74 78 75
3.48412 3.711 1.083 -0.170823 -0.886016 0.431039 76 80 78
3.489 3.711 1.08529 -0.103593 -0.919562 0.379043 74 77 75
3.489 3.71258 1.089 -0.0523378 -0.89607 0.440817 73 77 75
3.489 3.7163 1.095 0.0396828 -0.841796 0.538335 71 76 73
3.489 3.717 1.09567 0.10254 -0.513679 0.851833 71 75 73
3.489 3.723 1.09858 -0.0263736 -0.479611 0.877085 69 73 71
3.489 3.72579 1.101 0.0236032 -0.528619 0.848531 67 71 69
3.489 3.729 1.10256 0.0145165 -0.44517 0.895329 66 69 67
3.495 3.70685 1.065 0.0583529 -0.983835 0.169305 72 76 74
3.495 3.70775 1.071 0.095933 -0.974253 0.204031 71 75 73
3.495 3.70893 1.077 0.111949 -0.974084 0.196541 71 75 73
3.495 3.71008 1.083 0.108522 -0.962889 0.247118 70 73 71
3.495 3.711 1.08589 0.0566441 -0.921398 0.384469 70 73 71
3.495 3.71259 1.089 0.133926 -0.850349 0.508892 69 73 71
3.49367 3.717 1.095 0.129486 -0.543317 0.829482 68 72 71
3.495 3.717 1.09466 0.095622 -0.78096 0.617218 67 72 70
3.495 3.71742 1.095 0.156723 -0.471723 0.867707 67 72 70
3.495 3.723 1.09838 0.124712 -0.529521 0.83908 66 70 68
3.495 3.72671 1.101 0.077742 -0.541138 0.837332 64 68 65
3.495 3.729 1.10162 0.0593006 -0.337014 0.93963 63 67 64
3.501 3.70647 1.065 0.0898987 -0.985102 0.146602 69 73 70
3.501 3.70772 1.071 0.0933563 -0.964587 0.246692 68 72 69
3.501 3.7097 1.077 0.137408 -0.954194 0.26577 68 72 69
3.49873 3.711 1.083 0.309325 -0.871906 0.379602 68 72 69
3.501 3.711 1.08096 0.236167 -0.914202 0.329331 67 71 69
3.501 3.712 1.083 0.239556 -0.895124 0.375987 67 70 68
3.501 3.71393 1.089 0.291199 -0.871819 0.393871 67 71 69
3.501 3.717 1.09404 0.2175 -0.76174 0.610284 65 69 68
3.501 3.71873 1.095 0.090379 -0.581594 0.808443 64 69 67
3.501 3.723 1.09675 0.068395 -0.569522 0.819126 63 67 64
3.501 3.72703 1.101 -0.0421848 -0.643368 0.764394 62 65 62
3.501 3.729 1.1019 -0.0287094 -0.360566 0.932292 61 64 61
3.507 3.70755 1.065 0.105958 -0.97406 0.19995 65 69 66
3.507 3.70907 1.071 0.114963 -0.960237 0.254419 64 68 65
3.507 3.71092 1.077 0.130248 -0.945838 0.297365 64 68 64
3.507 3.711 1.0773 0.119887 -0.938436 0.323982 64 68 65
3.507 3.71288 1.083 0.0646808 -0.912054 0.404936 63 67 64
3.507 3.71662 1.089 0.100672 -0.866285 0.4893 63 66 64
3.507 3.717 1.08991 0.194439 -0.853933 0.482692 63 66 64
3.507 3.71931 1.095 0.119305 -0.767021 0.630432 61 65 64
3.507 3.723 1.09745 -0.0230438 -0.631415 0.775102 60 64 61
3.507 3.72621 1.101 -0.0236416 -0.648298 0.761019 59 62 58
3.507 3.729 1.1023 -0.053161 -0.420241 0.905854 58 61 57
3.513 3.70852 1.065 0.176956 -0.966556 0.185625 62 66 63
3.513 3.70935 1.071 0.146993 -0.968326 0.201837 61 65 62
3.513 3.71089 1.077 0.0996595 -0.959287 0.264266 60 64 61
3.513 3.711 1.07732 0.0849397 -0.918705 0.385703 60 64 61
3.513 3.71393 1.083 0.223286 -0.909761 0.34997 60 63 60
3.513 3.71533 1.089 0.146174 -0.893458 0.424695 58 62 60
3.513 3.717 1.09014 0.135724 -0.777276 0.614347 58 62 60
3.513 3.72148 1.095 0.296854 -0.742609 0.600341 58 62 59
3.513 3.723 1.09696 0.111676 -0.736708 0.666926 57 61 58
3.513 3.72618 1.101 0.110351 -0.700917 0.704655 56 59 56
3.513 3.729 1.10258 0.0276286 -0.468399 0.883085 55 58 54
3.519 3.70925 1.065 0.224702 -0.955409 0.191581 61 64 60
3.519 3.71086 1.071 0.232966 -0.94708 0.220831 59 62 58
3.51343 3.711 1.077 0.299369 -0.876238 0.377604 60 64 60
3.519 3.711 1.0715 0.307782 -0.901837 0.30325 59 62 58
3.519 3.71291 1.077 0.248244 -0.902839 0.35108 58 61 57
3.519 3.71552 1.083 0.20423 -0.933172 0.29577 56 60 56
3.51578 3.717 1.089 0.454265 -0.638677 0.621075 57 60 58
3.519 3.717 1.08568 0.126082 -0.815802 0.56442 56 59 55
3.519 3.71992 1.089 0.0615112 -0.816701 0.573773 57 60 57
3.519 3.72287 1.095 0.00498226 -0.807022 0.590501 55 58 56
3.519 3.723 1.09508 0.223853 -0.770771 0.596491 55 58 56
3.519 3.72748 1.101 0.2297 -0.747456 0.623335 53 57 54
3.519 3.729 1.10173 0.113292 -0.467977 0.876449 53 56 53
3.52368 3.711 1.065 0.338143 -0.91284 0.228871 54 57 53
3.525 3.711 1.06229 0.242186 -0.951193 0.191252 53 56 52
3.51933 3.711 1.071 0.332977 -0.902611 0.2728 59 61 58
3.525 3.71149 1.065 0.207561 -0.938492 0.275955 53 55 51
3.525 3.71306 1.071 0.30315 -0.927225 0.219894 52 55 50
3.525 3.71403 1.077 0.343681 -0.889096 0.30231 54 56 52
3.525 3.71699 1.083 0.279518 -0.910673 0.304211 53 56 52
3.525 3.71671 1.089 0.179916 -0.982969 0.0374396 53 56 53
3.52377 3.717 1.089 -0.210308 -0.753778 0.622567 53 56 54
3.525 3.717 1.08951 0 -0.583547 0.812079 53 56 53
3.51931 3.723 1.095 0.215682 -0.513604 0.830477 55 58 56
3.525 3.723 1.09352 0.403871 -0.54317 0.736108 53 56 53
3.525 3.72539 1.095 0.371378 -0.642437 0.670338 55 58 55
3.531 3.71242 1.065 0.473593 -0.836218 0.276495 49 51 46
3.531 3.71521 1.071 0.42921 -0.847883 0.311244 46 48 43
3.52984 3.717 1.077 0.361573 -0.902364 0.23453 46 48 43
3.531 3.717 1.07479 0.531631 -0.782958 0.323025 44 46 41
3.52507 3.717 1.083 0.459022 -0.82489 0.329931 53 56 51
3.52565 3.717 1.089 0.797561 -0.521763 0.302752 52 55 52
3.531 3.71765 1.077 0.480292 -0.860958 0.167546 45 47 42
3.531 3.71773 1.083 0.448455 -0.796062 0.406416 45 47 43
3.52923 3.723 1.089 0.725996 -0.596318 0.342542 54 56 52
3.531 3.723 1.08684 0.374884 -0.670857 0.639853 54 56 53
3.531 3.7242 1.089 0.261033 -0.88627 0.382605 54 56 52
3.53617 3.717 1.065 0.603034 -0.746617 0.280914 39 40 35
3.537 3.717 1.06269 0.617647 -0.752356 0.229068 38 40 34
3.53297 3.717 1.071 0.508054 -0.817712 0.270608 43 45 39
3.537 3.71798 1.065 0.557773 -0.787349 0.262623 39 40 34
3.537 3.71906 1.071 0.582016 -0.774114 0.249006 39 40 35
3.537 3.72108 1.077 0.598543 -0.774734 0.203796 40 41 35
3.53576 3.723 1.083 0.54789 -0.573967 0.608588 44 45 39
3.537 3.723 1.08144 0.636929 -0.694175 0.335325 41 42 36
3.537 3.72241 1.089 5.9298e-18 -1 0 38 39 34
3.53527 3.723 1.089 -0.27066 -0.960372 -0.0665449 43 44 40
3.537 3.723 1.0862 -0.0975113 -0.979348 -0.177112 40 40 35
3.537 3.723 1.08961 -0.130782 -0.754036 0.643682 38 39 35
3.537 3.72346 1.083 0.0297453 -0.9932 0.112556 42 42 37
3.543 3.72218 1.065 0.661948 -0.70252 0.261324 40 41 35
3.5405 3.723 1.071 0.705213 -0.655237 0.270812 40 41 35
3.543 3.723 1.06605 0.707302 -0.599998 0.373801 40 42 35
3.53933 3.723 1.077 0.604585 -0.7675 0.213123 39 40 34
3.53789 3.723 1.089 0.548184 -0.836358 0 38 38 33
3.543 3.72603 1.071 0.709472 -0.601346 0.367467 39 40 34
3.543 3.72568 1.083 0 0 0 35 35 29
3.5436 3.723 1.065 0.750897 -0.607878 0.258144 41 42 36
3.639 3.645 0.770971 -0.608762 0 -0.793353 180 162 138
3.177 3.67206 0.855 -0.00318781 -0.822762 -0.568377 96 106 109
3.177 3.675 0.850514 0.029813 -0.846333 -0.53182 90 99 100
3.1733 3.681 0.843 0.379278 -0.562554 -0.73463 87 94 94
3.177 3.67564 0.849 0.0858768 -0.734443 -0.673216 88 96 98
3.177 3.681 0.845213 0.101625 -0.619442 -0.778437 89 96 97
3.177 3.68641 0.837 -0.0527733 -0.860782 -0.506231 88 93 91
3.17477 3.687 0.837 -0.250981 -0.437956 -0.863251 88 93 92
3.177 3.687 0.836669 0.0184698 -0.245483 -0.969225 89 93 91
3.177 3.68354 0.843 0.128799 -0.795691 -0.59185 91 98 98
3.1736 3.693 0.837 -0.38921 -0.514012 -0.7644 96 101 99
3.177 3.693 0.835656 -0.0591796 -0.461331 -0.885252 96 99 97
3.177 3.699 0.831325 0.226581 -0.293913 -0.928588 94 98 95
3.177 3.70011 0.831 0.0676764 -0.190725 -0.979308 95 98 95
3.177 3.705 0.829748 0.091693 0 -0.995787 98 101 97
3.17573 3.711 0.825 0.868011 -0.0609952 -0.492785 102 105 101
3.177 3.70594 0.831 0.575858 0.531809 -0.62094 100 103 100
3.17262 3.711 0.831 0.660334 0.685264 0.3072 107 112 111
3.17201 3.711 0.837 -0.475291 0.382877 -0.792151 109 119 120
3.177 3.711 0.833698 -0.211771 0.265296 -0.940623 105 113 113
3.17696 3.717 0.837 -0.599067 -0.332915 -0.728208 97 107 109
3.177 3.717 0.836887 -0.530648 -0.0928823 -0.842488 97 107 109
3.177 3.71879 0.831 -0.255365 -0.836238 -0.485278 114 122 120
3.177 3.723 0.828431 -0.0610037 -0.254057 -0.965263 115 122 120
3.17233 3.729 0.831 -0.474799 -0.0539915 -0.878436 119 126 127
3.177 3.729 0.828564 -0.2459 0.0992546 -0.9642 118 124 123
3.177 3.735 0.829512 -0.258253 0.159686 -0.952788 107 112 114
3.177 3.7367 0.831 -5.40787e-17 0.657886 -0.753118 104 109 112
3.17311 3.741 0.831 0.477351 0.517369 -0.710257 116 122 124
3.177 3.74311 0.831 -0.768104 -0.527956 -0.362325 108 113 116
3.17432 3.747 0.831 -0.768104 -0.527956 -0.362325 103 106 110
3.177 3.747 0.825328 -0.768104 -0.527956 -0.362325 106 110 113
3.183 3.67177 0.855 -0.122605 -0.769869 -0.626314 97 107 109
3.183 3.675 0.851806 -0.0966335 -0.820142 -0.56394 92 100 102
3.183 3.67591 0.849 -0.0339339 -0.721 -0.692104 88 96 97
3.183 3.681 0.844992 -0.0499168 -0.624518 -0.779413 92 98 99
3.17951 3.687 0.837 0.166448 -0.680298 -0.713786 90 94 93
3.183 3.68287 0.843 -0.0304013 -0.816006 -0.577243 92 99 99
3.183 3.687 0.837812 -0.0905328 -0.730768 -0.676595 92 97 95
3.183 3.68892 0.837 0.0376609 -0.357737 -0.933063 94 97 95
3.183 3.693 0.835404 -0.0191068 -0.323181 -0.946144 96 99 96
3.183 3.699 0.832424 -0.151887 -0.293945 -0.943677 95 97 94
3.17762 3.705 0.831 0.605168 -0.0372584 -0.795226 99 102 99
3.183 3.705 0.834285 0.0432133 0.143814 -0.988661 103 107 106
3.183 3.711 0.833657 -0.0881647 -0.141512 -0.986003 105 114 113
3.183 3.717 0.8326 -0.282933 -0.126996 -0.950695 110 117 115
3.183 3.71858 0.831 -0.0821885 -0.68501 -0.723883 115 122 119
3.183 3.723 0.828311 -0.0646162 -0.434438 -0.898381 115 121 119
3.183 3.729 0.827756 -0.0959726 -0.000580421 -0.995384 109 115 114
3.183 3.735 0.828168 -0.185714 -0.111541 -0.976252 102 108 109
3.183 3.73882 0.825 -0.677624 -0.410677 -0.610058 105 109 111
3.17903 3.741 0.825 -0.673408 -0.459805 -0.578879 105 109 113
3.183 3.741 0.820973 -0.658147 -0.381448 -0.649107 115 119 118
3.18003 3.741 0.831 -0.88428 0.0558904 -0.463601 104 109 112
3.189 3.66875 0.861 0.0778994 -0.990154 -0.116306 97 108 108
3.189 3.669 0.858887 0.12605 -0.95984 -0.250636 97 107 108
3.189 3.67463 0.849 -0.194188 -0.816436 -0.543804 89 96 97
3.18712 3.675 0.849 -0.161826 -0.737329 -0.655865 89 96 97
3.189 3.675 0.848654 -0.0964272 -0.500742 -0.860209 89 96 97
3.189 3.67031 0.855 -0.0327776 -0.892329 -0.450194 97 107 108
3.189 3.681 0.844767 0.040269 -0.591979 -0.804947 93 99 100
3.189 3.68582 0.837 0.00661522 -0.840193 -0.542248 89 92 90
3.1852 3.687 0.837 -0.192478 -0.367696 -0.909809 91 95 93
3.189 3.687 0.836508 0.0233115 -0.455741 -0.889807 90 93 90
3.189 3.68312 0.843 0.0409318 -0.834997 -0.54873 92 98 98
3.189 3.693 0.835452 -0.327082 -0.471054 -0.819222 97 99 96
3.189 3.69616 0.831 -0.409459 -0.695083 -0.590934 95 97 93
3.18423 3.699 0.831 -0.507119 0.0598639 -0.859795 94 96 93
3.189 3.699 0.828735 -0.147726 -0.0830207 -0.985538 96 98 94
3.189 3.70326 0.831 0.248041 0.755099 -0.606879 94 96 94
3.189 3.705 0.831615 -0.0530549 0.0457362 -0.997544 96 98 97
3.189 3.70961 0.825 0 -1 0 101 100 94
3.1872 3.711 0.825 -1 0 0 105 105 99
3.189 3.711 0.824717 0 0 -1 102 101 95
3.189 3.711 0.825636 0 0 1 103 103 97
3.189 3.711 0.83275 -0.198312 0.0287713 -0.979717 115 120 119
3.189 3.71472 0.825 0 1 0 110 109 103
3.189 3.717 0.831814 -0.135989 -0.211508 -0.96787 113 117 116
3.189 3.71784 0.831 -0.061815 -0.59024 -0.804858 119 122 120
3.189 3.723 0.82726 -0.0367289 -0.596 -0.802144 123 127 122
3.189 3.74056 0.819 0 -0.441672 -0.897177 119 122 118
3.18828 3.741 0.819 -0.292406 0 -0.956294 119 122 118
3.189 3.741 0.818781 0 0 -1 119 122 118
3.189 3.74219 0.819 0 0.181151 -0.983455 119 122 118
3.19216 3.669 0.861 0.0805788 -0.986569 -0.142088 98 108 108
3.195 3.669 0.861952 -0.0100093 -0.968446 -0.249024 100 110 109
3.195 3.67272 0.849 -0.208009 -0.877719 -0.431673 90 98 99
3.195 3.675 0.84676 -0.125473 -0.356032 -0.926012 90 98 98
3.195 3.67033 0.855 -0.0964449 -0.931568 -0.350541 98 108 109
3.195 3.66924 0.861 -0.00595269 -0.980642 -0.195717 98 109 108
3.195 3.681 0.845543 -0.0144819 -0.48266 -0.875688 94 101 102
3.19099 3.687 0.837 0.384645 -0.520547 -0.762285 90 93 91
3.195 3.68359 0.843 0.122458 -0.762023 -0.635865 90 95 96
3.195 3.687 0.839248 0.0156828 -0.663765 -0.747777 92 95 94
3.195 3.69291 0.831 -0.537662 -0.826732 -0.165629 95 96 91
3.19475 3.693 0.831 -0.164728 -0.717682 -0.676607 95 96 91
3.195 3.693 0.830896 0.192726 -0.250018 -0.948866 95 96 91
3.195 3.69192 0.837 0.0685343 -0.799982 -0.596097 95 98 95
3.195 3.699 0.829407 0.213461 0.135076 -0.967568 96 97 93
3.195 3.6963 0.837 0.54583 -0.0290942 -0.837391 92 96 96
3.19425 3.699 0.837 0.736292 0.29266 -0.610102 90 95 96
3.195 3.699 0.836146 0.529804 0.697616 0.482327 90 94 95
3.195 3.699 0.837221 1.76082e-18 0 -1 89 94 96
3.195 3.70045 0.831 0.3697 0.928425 0.0367151 99 101 99
3.195 3.6992 0.837 -0.534724 -0.472804 -0.700376 90 95 97
3.195 3.705 0.833404 -0.204588 -0.294516 -0.93349 114 119 119
3.18976 3.711 0.825 1 0 0 103 102 96
3.195 3.711 0.832376 0.0809613 -0.0509684 -0.995413 115 118 118
3.195 3.7182 0.831 -0.0303011 -0.60514 -0.795542 120 122 120
3.195 3.723 0.827249 -0.176612 -0.660562 -0.729703 124 125 120
3.19248 3.741 0.819 0.0626948 0 -0.998033 119 122 118
3.195 3.74182 0.819 -0.24887 -0.16249 -0.954809 120 122 118
3.201 3.66891 0.861 -0.0715335 -0.996401 -0.0454747 98 109 109
3.1995 3.669 0.861 -0.0525304 -0.987583 -0.148054 98 109 109
3.201 3.669 0.860414 -0.158023 -0.98001 -0.120873 99 109 109
3.201 3.67123 0.849 -0.0192273 -0.834914 -0.550045 91 99 100
3.201 3.675 0.846365 0.0213749 -0.333623 -0.942464 89 96 97
3.201 3.66971 0.855 -0.082128 -0.960955 -0.264237 101 111 111
3.201 3.681 0.845791 -0.0314382 -0.387211 -0.921455 94 101 101
3.201 3.68359 0.843 -0.111772 -0.806674 -0.580331 89 95 95
3.201 3.687 0.837544 -0.212785 -0.805425 -0.553185 89 94 92
3.19519 3.693 0.831 0.883411 -0.0761719 -0.462367 94 96 91
3.201 3.68773 0.837 -0.155969 -0.646982 -0.746383 90 94 92
3.201 3.693 0.834788 0.0383493 -0.192488 -0.98055 93 96 94
3.19971 3.699 0.831 0.999829 0.0162597 -0.00879117 96 98 94
3.19554 3.699 0.837 -0.667447 -1.69664e-17 -0.744657 89 94 96
3.201 3.699 0.831843 -0.31426 -0.450506 -0.835634 96 98 94
3.201 3.69961 0.831 -0.285255 -0.554181 -0.781993 96 98 94
3.19839 3.705 0.831 -0.710793 0.0873341 -0.697959 105 107 105
3.201 3.705 0.826976 -0.181739 -0.175905 -0.967486 97 97 93
3.201 3.70877 0.831 -0.0174565 0.664202 -0.747349 108 109 107
3.201 3.711 0.832425 -0.219822 0.216469 -0.95122 116 119 119
3.201 3.7162 0.831 -0.0409613 -0.231502 -0.971972 115 117 116
3.20019 3.717 0.831 -0.148549 -0.606789 -0.780859 116 118 116
3.201 3.717 0.830809 -0.254081 -0.759122 -0.599313 116 117 116
3.201 3.72136 0.825 -0.294504 -0.781533 -0.549976 116 117 114
3.19845 3.723 0.825 -0.551763 -0.463216 -0.693533 117 118 115
3.201 3.723 0.822283 -0.0640693 -0.181446 -0.981312 114 114 111
3.19798 3.729 0.825 -0.509841 0.039972 -0.85934 108 112 110
3.201 3.729 0.823086 -0.209236 0.0394818 -0.977068 118 118 115
3.1987 3.735 0.825 -0.588745 -0.525849 -0.613891 99 104 103
3.201 3.735 0.823884 -0.249904 -0.486712 -0.837054 103 106 104
3.201 3.73931 0.819 -0.0383017 -0.72046 -0.692438 119 120 114
3.19574 3.741 0.819 -0.322807 -0.558152 -0.76437 120 122 117
3.201 3.741 0.817641 -0.155792 -0.453536 -0.877516 120 120 114
3.195 3.73942 0.825 -0.745712 -0.624065 -0.233359 100 106 104
3.195 3.741 0.820786 -0.594258 -0.699469 -0.396989 114 117 113
3.207 3.66859 0.855 -0.0396915 -0.99683 -0.0689481 96 107 107
3.2044 3.669 0.855 -0.186755 -0.910282 -0.369472 99 109 109
3.207 3.669 0.854049 0.236107 -0.813121 -0.53206 95 106 106
3.207 3.66853 0.861 -0.0597379 -0.99672 -0.0545868 101 111 111
3.207 3.67251 0.849 0.103823 -0.837282 -0.536823 89 99 100
3.207 3.675 0.84708 0.0550962 -0.413406 -0.908878 88 97 97
3.207 3.681 0.845495 -0.0951196 -0.426297 -0.899568 92 99 99
3.207 3.68538 0.837 -0.249871 -0.815025 -0.52278 87 92 90
3.20277 3.687 0.837 -0.144241 -0.396443 -0.906657 89 94 92
3.207 3.687 0.836424 -0.0612648 -0.256627 -0.964567 89 93 92
3.207 3.68267 0.843 -0.215586 -0.867627 -0.448046 89 95 95
3.207 3.693 0.834371 0.0461508 -0.30793 -0.950289 90 93 92
3.207 3.699 0.83343 0.00586619 -0.367842 -0.92987 92 95 93
3.207 3.70257 0.831 0.0405785 -0.713124 -0.699862 103 106 102
3.207 3.705 0.82817 -0.00139046 0.263532 -0.96465 102 103 99
3.207 3.70645 0.831 -0.195955 0.670776 -0.715305 110 113 110
3.207 3.711 0.833335 -0.0372235 0.473594 -0.879957 117 121 122
3.207 3.71579 0.831 -0.30856 -0.684805 -0.660176 114 115 113
3.207 3.717 0.82943 -0.129247 -0.716936 -0.685053 114 115 113
3.207 3.71978 0.825 -0.0588305 -0.746856 -0.662378 115 115 113
3.207 3.723 0.823545 0.029582 -0.151464 -0.98802 115 116 113
3.207 3.729 0.82401 0.0285035 -0.00532584 -0.99958 101 104 102
3.207 3.735 0.822887 -0.0313733 -0.373072 -0.927272 106 108 104
3.207 3.7404 0.819 -0.0181909 -0.651357 -0.758554 117 117 111
3.207 3.741 0.818281 0.011056 -0.678657 -0.734372 117 117 110
3.20785 3.669 0.855 0.406205 -0.813152 -0.416871 96 107 107
3.213 3.66834 0.861 0.0220504 -0.990559 -0.1353 102 113 111
3.213 3.669 0.859953 0.140184 -0.864223 -0.483183 101 111 110
3.213 3.67257 0.849 0.0504525 -0.906362 -0.419479 87 98 99
3.213 3.675 0.847185 -0.157253 -0.563176 -0.811236 87 96 97
3.213 3.6715 0.855 0.19451 -0.912786 -0.359149 94 105 105
3.213 3.68081 0.843 -0.260257 -0.569812 -0.779474 88 96 97
3.21275 3.681 0.843 -0.264289 -0.883426 -0.386923 89 96 97
3.213 3.681 0.842716 0.0324007 -0.858689 -0.511472 88 96 97
3.213 3.68286 0.837 -0.137111 -0.793888 -0.592404 82 88 87
3.213 3.687 0.83515 -0.0921045 -0.156526 -0.98337 87 92 91
3.213 3.693 0.836065 -0.0173761 -0.234053 -0.972069 88 93 93
3.213 3.699 0.832333 0.101288 -0.397545 -0.911975 92 95 93
3.213 3.70471 0.825 -0.182362 -0.839661 -0.51158 91 92 87
3.21214 3.705 0.825 -0.312413 0.783973 -0.536456 91 92 88
3.213 3.705 0.82484 -1.01721e-17 0 -1 91 92 88
3.213 3.70172 0.831 0.122587 -0.747669 -0.652658 90 92 90
3.213 3.70519 0.825 0.0918425 0.759041 -0.644532 91 92 87
3.213 3.71064 0.831 0.132203 0.690085 -0.711551 109 111 109
3.213 3.711 0.831068 -0.280098 0.386971 -0.878521 110 112 110
3.213 3.71117 0.831 -0.263919 -0.489618 -0.831036 109 111 110
3.213 3.717 0.828402 -0.267237 -0.421746 -0.866438 100 101 99
3.213 3.7204 0.825 -0.0236187 -0.658308 -0.752378 111 113 110
3.213 3.723 0.82347 -0.164791 -0.267061 -0.949485 111 112 109
3.213 3.729 0.822835 -0.141316 0.00807969 -0.989932 102 102 99
3.213 3.735 0.823155 -0.066241 -0.20188 -0.977168 104 106 103
3.213 3.73944 0.819 -0.0603197 -0.682456 -0.728433 117 116 110
3.213 3.741 0.816519 -0.154117 -0.837099 -0.524894 115 115 108
3.219 3.66811 0.861 -0.0181512 -0.992547 -0.120505 102 113 112
3.219 3.669 0.859864 -0.149594 -0.880701 -0.44943 100 111 110
3.219 3.67324 0.849 -0.0377799 -0.902657 -0.428699 79 88 90
3.219 3.675 0.845103 -0.00636934 -0.67961 -0.733546 81 90 92
3.219 3.67183 0.855 -0.0867665 -0.934816 -0.34437 93 104 104
3.219 3.67897 0.843 -0.103264 -0.509591 -0.854198 88 97 98
3.219 3.681 0.842056 0.0299766 -0.774123 -0.632325 88 96 97
3.219 3.68413 0.837 0.0817274 -0.772433 -0.629816 82 89 89
3.219 3.687 0.835736 0.0356765 -0.28918 -0.95661 85 92 92
3.219 3.693 0.834229 -0.0574298 -0.144685 -0.98781 86 92 91
3.219 3.699 0.833248 0.0111499 -0.281441 -0.959514 86 90 89
3.21349 3.705 0.825 0.576232 -0.707396 -0.409326 90 92 87
3.21763 3.705 0.831 0.700773 -0.0530079 -0.711412 84 87 85
3.219 3.705 0.831695 0.000709986 -0.343698 -0.93908 86 89 88
3.219 3.70565 0.831 -0.505425 -0.583274 -0.635875 84 87 85
3.21315 3.711 0.831 -0.561849 -0.465569 -0.683792 109 111 109
3.219 3.711 0.826192 -0.227077 -0.265989 -0.936849 89 91 88
3.219 3.717 0.827312 -0.0105993 -0.231659 -0.972739 107 109 108
3.219 3.71972 0.825 -0.0307383 -0.68546 -0.727461 108 110 107
3.219 3.723 0.821298 0.0585266 -0.298488 -0.952617 107 108 102
3.219 3.729 0.821884 -0.12341 0.0411608 -0.991502 109 109 105
3.219 3.735 0.822343 -0.145053 0.0641147 -0.987344 112 113 108
3.225 3.66773 0.861 -0.00983532 -0.995413 -0.0951665 103 114 113
3.225 3.669 0.856341 0.0409568 -0.951145 -0.306016 92 103 104
3.225 3.6738 0.849 0.0213008 -0.901953 -0.431308 77 87 89
3.225 3.675 0.845492 -0.178163 -0.670456 -0.720241 81 91 93
3.225 3.66947 0.855 -0.0899547 -0.875615 -0.474559 90 101 101
3.22303 3.681 0.843 0.188116 -0.462683 -0.866335 89 98 100
3.225 3.681 0.843275 -0.154401 -0.346081 -0.925412 88 98 99
3.225 3.68459 0.837 0.0389519 -0.749311 -0.661071 83 91 92
3.225 3.687 0.835454 0.0686542 -0.215288 -0.974134 83 91 92
3.225 3.68122 0.843 0.0597539 -0.859012 -0.508457 88 98 99
3.225 3.693 0.834637 0.110864 -0.214277 -0.970461 84 90 90
3.225 3.699 0.833425 -0.0274215 -0.365873 -0.930261 78 84 84
3.225 3.70234 0.831 -0.25528 -0.57098 -0.780265 76 80 79
3.22008 3.705 0.831 -0.299628 -0.617504 -0.727263 82 85 84
3.225 3.705 0.829154 -0.137533 -0.414014 -0.89982 78 82 81
3.225 3.711 0.827278 0.0325369 -0.13935 -0.989709 90 94 93
3.225 3.717 0.827769 0.00771681 -0.0299931 -0.99952 111 116 116
3.225 3.7212 0.825 0.173342 -0.636148 -0.751843 114 118 114
3.225 3.723 0.823589 0.345826 -0.259547 -0.901687 116 119 114
3.225 3.729 0.822971 0.240669 -0.0350232 -0.969975 114 117 112
3.231 3.66827 0.861 0.050822 -0.992297 -0.112981 105 115 115
3.231 3.669 0.859295 0.152337 -0.886533 -0.436867 100 110 111
3.231 3.67445 0.843 -0.0896665 -0.983025 -0.160066 75 84 87
3.22869 3.675 0.843 -0.345719 -0.271279 -0.898268 78 87 90
3.231 3.675 0.842744 -0.0678407 -0.225268 -0.971932 74 84 87
3.231 3.67357 0.849 0.060107 -0.95497 -0.290552 80 90 93
3.231 3.67057 0.855 0.160992 -0.883065 -0.44077 88 99 100
3.22584 3.681 0.843 -0.256999 -0.465432 -0.84695 86 96 98
3.231 3.681 0.841445 -0.13879 -0.536073 -0.832684 75 84 87
3.231 3.68491 0.837 -0.0693687 -0.72529 -0.684939 82 91 94
3.231 3.687 0.835813 -0.0528704 -0.180895 -0.98208 83 92 94
3.231 3.693 0.83622 0.140264 -0.145125 -0.979421 87 95 97
3.231 3.699 0.833837 0.254037 -0.455125 -0.853421 80 86 88
3.231 3.70046 0.831 0.101738 -0.680597 -0.72556 77 83 83
3.231 3.705 0.827427 0.149644 -0.371682 -0.91622 78 83 83
3.231 3.711 0.82753 0.0152324 -0.12311 -0.992276 97 102 103
3.231 3.717 0.826077 0.0107294 -0.132954 -0.991064 85 89 88
3.22718 3.723 0.825 0.487546 -0.439936 -0.754158 111 115 111
3.231 3.72785 0.825 0.382513 -0.521561 -0.762665 107 112 109
3.231 3.729 0.824059 0.109829 -0.470154 -0.875724 108 113 108
3.237 3.66818 0.861 -0.0310566 -0.995071 -0.0941742 104 115 114
3.237 3.669 0.860205 -0.0225113 -0.814495 -0.579734 102 113 112
3.237 3.67347 0.843 0.0486479 -0.978805 -0.198932 73 83 86
3.237 3.675 0.842186 0.108943 -0.188321 -0.976047 73 83 87
3.237 3.67381 0.849 -0.00873078 -0.990658 -0.136089 81 91 94
3.237 3.67244 0.855 0.0919454 -0.913436 -0.396461 91 101 102
3.237 3.681 0.841307 0.0751556 -0.543961 -0.835738 75 85 87
3.237 3.68372 0.837 -0.0284785 -0.712497 -0.701097 75 84 87
3.237 3.687 0.834976 -0.0947814 -0.0623991 -0.993541 73 81 84
3.237 3.69218 0.837 -0.27841 0.38809 -0.878564 83 92 96
3.23431 3.693 0.837 0.2043 0.278868 -0.938346 86 95 98
3.237 3.693 0.838183 0 0 -1 84 93 97
3.237 3.69381 0.837 0.105294 -0.447662 -0.887982 84 93 97
3.237 3.699 0.834881 0.0104018 -0.264119 -0.964434 78 86 89
3.23542 3.705 0.831 0.590573 -0.600433 -0.539169 79 87 89
3.237 3.705 0.833041 0.23591 -0.38894 -0.890546 80 88 91
3.237 3.7065 0.831 0.360569 -0.567229 -0.740433 80 87 90
3.237 3.711 0.827601 0.084755 -0.273931 -0.958008 76 81 82
3.237 3.717 0.827711 0.0551939 -0.0682187 -0.996142 100 107 108
3.237 3.727 0.825 -0.161234 -0.773274 -0.61323 100 106 102
3.237 3.729 0.821971 -0.188118 -0.819873 -0.540758 100 104 101
3.243 3.6678 0.861 0.0417021 -0.991038 -0.126906 103 113 113
3.243 3.669 0.859117 0.0678276 -0.798999 -0.597495 99 110 110
3.2404 3.675 0.843 0.472735 -0.571164 -0.671039 73 83 87
3.243 3.67408 0.849 0.135852 -0.967142 -0.214898 81 92 94
3.243 3.675 0.845918 0.19129 -0.711647 -0.675993 77 88 91
3.243 3.67208 0.855 0.041834 -0.901976 -0.429755 91 102 102
3.243 3.68056 0.843 0.213749 -0.356394 -0.909557 75 86 89
3.243 3.681 0.842915 0.0836778 -0.64723 -0.757688 76 86 89
3.243 3.68458 0.837 0.173326 -0.773103 -0.610139 72 81 84
3.243 3.687 0.834668 0.090543 -0.367112 -0.925759 71 80 82
3.23758 3.693 0.837 -0.463595 -0.262898 -0.846147 83 92 96
3.243 3.693 0.834247 -0.201632 0.0230213 -0.979191 65 74 76
3.243 3.699 0.834842 -0.0803456 -0.0822451 -0.993368 80 88 93
3.243 3.705 0.833554 -0.00981445 -0.238279 -0.971147 75 83 87
3.243 3.70738 0.831 0.0109579 -0.665624 -0.746207 78 86 89
3.243 3.711 0.827463 0.0509486 -0.357532 -0.93251 72 78 80
3.243 3.717 0.827005 -0.00453071 -0.044742 -0.998988 87 95 96
3.243 3.74078 0.819 -0.0839126 -0.646194 -0.758546 94 97 94
3.24246 3.741 0.819 -0.257293 -0.626649 -0.735603 95 98 95
3.243 3.741 0.81881 -0.0479837 -0.502613 -0.863179 94 97 94
3.249 3.66862 0.861 0.128107 -0.97933 -0.156531 101 112 112
3.249 3.669 0.860411 0.124547 -0.766844 -0.629634 100 111 111
3.249 3.67442 0.849 0.0179202 -0.976408 -0.215191 79 90 92
3.249 3.675 0.847688 0.0992035 -0.777211 -0.621371 77 88 91
3.249 3.67352 0.855 0.0879405 -0.889028 -0.449329 93 104 104
3.249 3.67901 0.843 0.0221835 -0.67843 -0.73433 74 84 87
3.249 3.681 0.840875 -0.0529185 -0.583656 -0.810275 71 81 85
3.24885 3.687 0.837 0.319799 -0.757372 -0.569312 69 79 82
3.249 3.687 0.83709 -0.0374728 -0.530474 -0.846873 69 79 82
3.249 3.68727 0.837 0.240795 -0.499121 -0.832404 69 78 82
3.249 3.693 0.833478 0.011704 -0.30561 -0.952085 63 72 75
3.249 3.699 0.833996 0.105224 -0.0430401 -0.993517 80 89 93
3.249 3.705 0.832898 -0.0552948 -0.189659 -0.980292 75 83 88
3.249 3.70697 0.831 0.100467 -0.60955 -0.786356 76 83 88
3.249 3.711 0.82824 0.135293 -0.335666 -0.932215 73 80 84
3.249 3.717 0.827767 0.0746559 -0.0775659 -0.994188 70 77 80
3.249 3.74015 0.819 -0.0973197 -0.47647 -0.873788 79 85 83
3.249 3.741 0.818571 -0.138105 -0.418098 -0.897843 79 85 83
3.2523 3.669 0.861 0.130789 -0.990313 -0.0466349 99 110 110
3.255 3.67451 0.849 -0.00996417 -0.966652 -0.255898 78 89 91
3.255 3.675 0.848109 -0.0443193 -0.779201 -0.625205 77 88 90
3.255 3.67316 0.855 0.00141727 -0.934696 -0.355446 88 99 99
3.255 3.66941 0.861 0.103241 -0.925314 -0.364877 98 109 109
3.255 3.67973 0.843 -0.01899 -0.764248 -0.644643 72 83 86
3.255 3.681 0.840846 -0.0267661 -0.501801 -0.864569 69 80 84
3.255 3.687 0.838069 0.114438 -0.493921 -0.861943 67 77 80
3.255 3.68889 0.837 0.051912 -0.625001 -0.778896 71 80 84
3.255 3.693 0.832653 0.180044 -0.111258 -0.977346 74 84 89
3.255 3.69524 0.837 0.0292 0.718197 -0.695226 84 93 99
3.25245 3.699 0.837 0.714684 0.350864 -0.60508 83 92 98
3.255 3.699 0.839709 0.035314 -0.0502669 -0.998111 90 99 103
3.255 3.7005 0.837 0.198016 -0.703531 -0.68252 85 94 100
3.255 3.705 0.833384 0.153885 -0.445306 -0.882056 72 81 86
3.255 3.7096 0.831 0.229873 -0.569665 -0.789075 77 85 90
3.255 3.711 0.829588 0.100154 -0.548168 -0.83035 75 83 87
3.255 3.717 0.827579 -0.0824092 -0.235111 -0.968469 65 72 75
3.255 3.73791 0.819 0.0114687 -0.418529 -0.908131 80 87 87
3.255 3.741 0.817604 -0.0459018 -0.637899 -0.768751 78 84 83
3.255 3.74459 0.813 -0.0953373 -0.783532 -0.613994 75 80 77
3.249 3.747 0.8158 -0.373098 -0.532723 -0.759608 92 96 91
3.261 3.67434 0.849 0.0407566 -0.960229 -0.276222 74 85 87
3.261 3.675 0.847823 0.0505885 -0.83304 -0.550895 74 85 87
3.261 3.673 0.855 -0.00798314 -0.943244 -0.332005 89 100 100
3.261 3.67041 0.861 0.025025 -0.951093 -0.307888 96 106 106
3.261 3.67835 0.843 -0.0539351 -0.790429 -0.610175 71 82 86
3.261 3.681 0.839796 0.0366797 -0.417022 -0.908156 65 75 79
3.261 3.687 0.839395 -0.0337998 -0.401637 -0.915175 67 77 80
3.261 3.68942 0.837 -0.0731714 -0.730328 -0.679166 70 80 84
3.261 3.693 0.832424 -0.324956 0.0759769 -0.942672 69 80 84
3.261 3.69799 0.837 -0.278087 0.620689 -0.733085 82 93 99
3.261 3.699 0.8374 -0.295128 0.420093 -0.85815 83 94 100
3.261 3.69945 0.837 -0.0671021 -0.625194 -0.77758 82 93 100
3.261 3.705 0.833818 0.0531415 -0.333261 -0.941336 76 85 92
3.25784 3.711 0.831 0.285787 -0.52395 -0.802373 78 85 92
3.261 3.711 0.832161 0.0380132 -0.431059 -0.901523 76 84 91
3.261 3.71526 0.825 -0.137882 -0.848155 -0.51149 62 71 75
3.25968 3.717 0.825 -0.336171 -0.515977 -0.787881 62 70 74
3.261 3.717 0.823348 -0.0190271 -0.261095 -0.965126 62 70 74
3.261 3.71239 0.831 0.0107817 -0.808194 -0.588817 84 92 100
3.2581 3.723 0.825 -0.622076 -0.163724 -0.765647 59 68 71
3.261 3.723 0.822643 -0.302244 -0.13662 -0.943389 64 71 74
3.261 3.72824 0.819 0 -0.976058 -0.217511 55 62 63
3.25715 3.729 0.819 -0.661706 0 -0.749764 60 66 68
3.261 3.729 0.815604 0 0 -1 60 65 65
3.261 3.73108 0.819 0 0.85298 -0.521943 58 65 66
3.25669 3.741 0.819 0.522473 -0.573361 -0.631094 77 84 84
3.261 3.74488 0.813 -0.00542458 -0.890176 -0.455584 76 83 80
3.261 3.74337 0.819 0.155277 -0.913193 -0.376786 73 81 81
3.26699 3.687 0.837 -0.293115 -0.724639 -0.623684 65 75 79
3.26559 3.693 0.825 -0.440478 0.878958 -0.182791 53 62 64
3.26354 3.693 0.831 -0.589876 -0.602312 -0.537836 60 70 74
3.26225 3.699 0.837 -0.257914 -0.39923 -0.879827 82 93 100
3.26387 3.711 0.831 -0.288289 -0.669134 -0.684945 73 81 88
3.26238 3.729 0.819 0.926147 0 -0.377162 56 63 64
3.267 3.74286 0.819 -0.0187048 -0.953287 -0.301487 54 63 63
3 2 0 1
3 2 1 3
3 4 0 2
3 4 2 5
3 5 2 6
3 9 7 8
3 9 8 10
3 11 7 9
3 11 9 12
3 12 9 13
3 13 9 10
3 14 13 10
3 15 12 16
3 16 12 13
3 17 15 18
3 18 15 16
3 24 23 25
3 27 28 26
3 30 27 26
3 29 30 26
3 30 29 31
3 34 25 23
3 34 23 33
3 33 23 32
3 36 34 33
3 35 36 33
3 38 36 35
3 37 38 35
3 28 38 37
3 28 37 26
3 26 37 39
3 26 39 29
3 29 39 40
3 42 31 29
3 42 29 41
3 41 29 40
3 44 42 41
3 43 44 41
3 44 43 45
3 33 32 46
3 33 46 49
3 48 50 47
3 47 51 48
3 51 52 48
3 49 35 33
3 49 53 35
3 35 55 37
3 35 53 55
3 37 55 54
3 52 51 55
3 54 55 51
3 37 56 39
3 54 56 37
3 39 57 40
3 56 57 39
3 40 58 41
3 57 58 40
3 41 59 43
3 58 59 41
3 62 60 61
3 59 62 61
3 59 61 45
3 59 45 43
3 64 61 60
3 63 64 60
3 64 63 65
3 67 50 48
3 52 67 48
3 68 67 52
3 52 55 68
3 63 69 65
3 50 71 70
3 50 70 47
3 47 70 72
3 72 73 47
3 47 73 51
3 73 74 51
3 51 74 54
3 76 75 56
3 76 56 74
3 74 56 54
3 57 56 75
3 77 57 75
3 58 57 77
3 78 58 77
3 59 58 78
3 79 59 78
3 59 79 62
3 72 70 81
3 82 72 81
3 73 72 82
3 83 73 82
3 74 73 83
3 84 74 83
3 74 84 76
3 86 85 87
3 85 90 87
3 85 88 90
3 88 89 90
3 89 91 90
3 90 91 92
3 91 93 92
3 92 93 94
3 93 95 94
3 94 95 96
3 95 97 96
3 96 97 98
3 98 97 99
3 100 98 99
3 99 102 100
3 101 102 99
3 101 103 102
3 102 103 104
3 103 105 104
3 104 105 106
3 105 107 106
3 106 107 108
3 107 109 108
3 108 109 110
3 109 111 110
3 110 111 112
3 111 113 112
3 112 113 114
3 117 115 116
3 117 116 113
3 113 116 114
3 116 115 118
3 117 119 115
3 115 121 118
3 115 119 121
3 119 120 121
3 120 122 121
3 121 122 123
3 122 124 123
3 123 124 125
3 126 127 88
3 88 127 89
3 127 128 89
3 89 128 91
3 128 129 91
3 91 129 93
3 129 130 93
3 93 130 95
3 132 131 97
3 132 97 130
3 130 97 95
3 97 131 99
3 132 133 131
3 131 101 99
3 131 133 101
3 133 134 101
3 134 135 101
3 101 135 103
3 135 136 103
3 103 136 105
3 136 137 105
3 105 137 107
3 137 138 107
3 107 138 109
3 138 139 109
3 109 139 111
3 139 140 111
3 111 140 113
3 113 140 141
3 117 113 141
3 141 119 117
3 142 119 141
3 142 143 119
3 119 143 120
3 143 144 120
3 120 144 122
3 144 145 122
3 122 145 124
3 146 147 126
3 126 147 127
3 147 148 127
3 127 148 128
3 148 149 128
3 128 149 129
3 149 150 129
3 129 150 130
3 152 132 130
3 152 130 151
3 151 130 150
3 151 153 152
3 152 133 132
3 153 133 152
3 153 154 133
3 154 134 133
3 154 155 134
3 134 155 135
3 155 156 135
3 135 156 136
3 156 157 136
3 136 157 137
3 157 158 137
3 137 158 138
3 158 159 138
3 138 159 139
3 161 160 140
3 161 140 159
3 159 140 139
3 140 160 141
3 161 162 160
3 160 142 141
3 160 162 142
3 162 163 142
3 163 164 142
3 142 164 143
3 164 165 143
3 143 165 144
3 165 166 144
3 144 166 145
3 167 168 146
3 146 168 147
3 168 169 147
3 147 169 148
3 169 170 148
3 148 170 149
3 170 171 149
3 149 171 150
3 171 172 150
3 150 172 151
3 151 172 173
3 153 151 173
3 173 154 153
3 174 154 173
3 174 175 154
3 154 175 155
3 175 176 155
3 155 176 156
3 176 177 156
3 156 177 157
3 177 178 157
3 157 178 158
3 178 179 158
3 158 179 159
3 181 161 159
3 181 159 180
3 180 159 179
3 180 182 181
3 181 162 161
3 182 162 181
3 182 183 162
3 183 163 162
3 183 184 163
3 163 184 164
3 184 185 164
3 164 185 165
3 185 186 165
3 165 186 166
3 187 188 167
3 167 188 168
3 188 189 168
3 168 189 169
3 189 190 169
3 169 190 170
3 190 191 170
3 170 191 171
3 193 192 172
3 193 172 191
3 191 172 171
3 172 192 173
3 193 194 192
3 192 174 173
3 192 194 174
3 194 195 174
3 195 196 174
3 174 196 175
3 196 197 175
3 175 197 176
3 197 198 176
3 176 198 177
3 198 199 177
3 177 199 178
3 199 200 178
3 178 200 179
3 202 201 180
3 202 180 200
3 200 180 179
3 180 201 182
3 202 203 201
3 201 183 182
3 201 203 183
3 203 204 183
3 204 205 183
3 183 205 184
3 205 206 184
3 184 206 185
3 206 207 185
3 185 207 186
3 208 209 187
3 187 209 188
3 209 210 188
3 188 210 189
3 210 211 189
3 189 211 190
3 213 212 191
3 213 191 211
3 211 191 190
3 191 212 193
3 213 214 212
3 212 194 193
3 212 214 194
3 214 215 194
3 215 216 194
3 194 216 195
3 216 217 195
3 195 217 196
3 217 218 196
3 196 218 197
3 218 219 197
3 197 219 198
3 219 220 198
3 198 220 199
3 222 221 200
3 222 200 220
3 220 200 199
3 200 221 202
3 222 223 221
3 221 203 202
3 221 223 203
3 223 224 203
3 224 225 203
3 203 225 204
3 225 226 204
3 204 226 205
3 226 227 205
3 205 227 206
3 227 228 206
3 206 228 207
3 229 230 208
3 208 230 209
3 230 231 209
3 209 231 210
3 231 232 210
3 210 232 211
3 234 213 211
3 234 211 233
3 233 211 232
3 233 235 236
3 234 233 236
3 235 237 236
3 234 214 213
3 236 214 234
3 215 214 236
3 237 215 236
3 237 238 215
3 238 216 215
3 238 239 216
3 216 239 217
3 239 240 217
3 217 240 218
3 240 241 218
3 218 241 219
3 241 242 219
3 219 242 220
3 244 222 220
3 244 220 243
3 243 220 242
3 243 245 244
3 244 223 222
3 245 223 244
3 245 246 223
3 246 224 223
3 246 247 224
3 224 247 225
3 247 248 225
3 225 248 226
3 248 249 226
3 226 249 227
3 249 250 227
3 227 250 228
3 251 252 229
3 229 252 230
3 252 253 230
3 230 253 231
3 253 254 231
3 231 254 232
3 254 255 232
3 232 255 233
3 257 256 235
3 257 235 255
3 255 235 233
3 235 256 237
3 257 258 256
3 256 238 237
3 256 258 238
3 258 259 238
3 259 260 238
3 238 260 239
3 260 261 239
3 239 261 240
3 261 262 240
3 240 262 241
3 262 263 241
3 241 263 242
3 263 264 242
3 242 264 243
3 243 264 265
3 245 243 265
3 265 246 245
3 266 246 265
3 266 267 246
3 246 267 247
3 267 268 247
3 247 268 248
3 268 269 248
3 248 269 249
3 269 270 249
3 249 270 250
3 271 272 251
3 251 272 252
3 272 273 252
3 252 273 253
3 273 274 253
3 253 274 254
3 276 275 255
3 276 255 274
3 274 255 254
3 255 275 257
3 276 277 275
3 275 258 257
3 275 277 258
3 277 278 258
3 278 279 258
3 258 279 259
3 279 280 259
3 259 280 260
3 280 281 260
3 260 281 261
3 281 282 261
3 261 282 262
3 282 283 262
3 262 283 263
3 285 284 264
3 285 264 283
3 283 264 263
3 264 284 265
3 285 286 284
3 284 266 265
3 284 286 266
3 286 287 266
3 287 288 266
3 266 288 267
3 288 289 267
3 267 289 268
3 289 290 268
3 268 290 269
3 290 291 269
3 269 291 270
3 292 293 271
3 271 293 272
3 293 294 272
3 272 294 273
3 294 295 273
3 273 295 274
3 274 295 296
3 276 274 296
3 296 277 276
3 297 277 296
3 297 298 277
3 277 298 278
3 298 299 278
3 278 299 279
3 299 300 279
3 279 300 280
3 300 301 280
3 280 301 281
3 301 302 281
3 281 302 282
3 302 303 282
3 282 303 283
3 283 303 304
3 285 283 304
3 304 286 285
3 305 286 304
3 305 306 286
3 286 306 287
3 306 307 287
3 287 307 288
3 307 308 288
3 288 308 289
3 308 309 289
3 289 309 290
3 309 310 290
3 290 310 291
3 311 312 292
3 292 312 293
3 312 313 293
3 293 313 294
3 313 314 294
3 294 314 295
3 295 314 315
3 296 295 315
3 315 297 296
3 316 297 315
3 316 317 297
3 297 317 298
3 317 318 298
3 298 318 299
3 318 319 299
3 299 319 300
3 319 320 300
3 300 320 301
3 320 321 301
3 301 321 302
3 321 322 302
3 302 322 303
3 324 304 303
3 324 303 323
3 323 303 322
3 323 325 324
3 324 305 304
3 325 305 324
3 325 326 305
3 326 306 305
3 326 327 306
3 306 327 307
3 327 328 307
3 307 328 308
3 328 329 308
3 308 329 309
3 329 330 309
3 309 330 310
3 331 332 311
3 311 332 312
3 332 333 312
3 312 333 313
3 333 334 313
3 313 334 314
3 314 334 335
3 315 314 335
3 335 316 315
3 336 316 335
3 336 337 316
3 316 337 317
3 337 338 317
3 317 338 318
3 338 339 318
3 318 339 319
3 339 340 319
3 319 340 320
3 340 341 320
3 320 341 321
3 341 342 321
3 321 342 322
3 344 343 323
3 344 323 342
3 342 323 322
3 323 343 325
3 344 345 343
3 343 326 325
3 343 345 326
3 345 346 326
3 346 347 326
3 326 347 327
3 347 348 327
3 327 348 328
3 348 349 328
3 328 349 329
3 349 350 329
3 329 350 330
3 351 352 331
3 331 352 332
3 352 353 332
3 332 353 333
3 353 354 333
3 333 354 334
3 334 354 355
3 335 334 355
3 355 336 335
3 356 336 355
3 356 357 336
3 336 357 337
3 357 358 337
3 337 358 338
3 358 359 338
3 338 359 339
3 359 360 339
3 339 360 340
3 360 361 340
3 340 361 341
3 361 362 341
3 341 362 342
3 342 362 363
3 344 342 363
3 363 345 344
3 364 345 363
3 364 365 345
3 345 365 346
3 365 366 346
3 346 366 347
3 366 367 347
3 347 367 348
3 367 368 348
3 348 368 349
3 368 369 349
3 349 369 350
3 370 371 351
3 351 371 352
3 371 372 352
3 352 372 353
3 372 373 353
3 353 373 354
3 375 355 354
3 375 354 374
3 374 354 373
3 374 376 375
3 375 356 355
3 376 356 375
3 376 377 356
3 377 357 356
3 377 378 357
3 357 378 358
3 378 379 358
3 358 379 359
3 379 380 359
3 359 380 360
3 380 381 360
3 360 381 361
3 381 382 361
3 361 382 362
3 362 382 383
3 363 362 383
3 383 364 363
3 384 364 383
3 384 385 364
3 364 385 365
3 385 386 365
3 365 386 366
3 386 387 366
3 366 387 367
3 387 388 367
3 367 388 368
3 388 389 368
3 368 389 369
3 390 392 391
3 392 370 391
3 392 393 370
3 393 371 370
3 393 394 371
3 371 394 372
3 394 395 372
3 372 395 373
3 397 396 374
3 397 374 395
3 395 374 373
3 374 396 376
3 397 398 396
3 396 377 376
3 396 398 377
3 398 399 377
3 399 400 377
3 377 400 378
3 400 401 378
3 378 401 379
3 401 402 379
3 379 402 380
3 402 403 380
3 380 403 381
3 403 404 381
3 381 404 382
3 382 404 405
3 383 382 405
3 405 384 383
3 406 384 405
3 406 407 384
3 384 407 385
3 407 408 385
3 385 408 386
3 408 409 386
3 386 409 387
3 409 410 387
3 387 410 388
3 410 411 388
3 388 411 389
3 390 412 392
3 412 393 392
3 412 413 393
3 413 414 393
3 414 415 393
3 393 415 394
3 415 416 394
3 394 416 395
3 395 416 417
3 397 395 417
3 417 398 397
3 418 398 417
3 418 419 398
3 398 419 399
3 419 420 399
3 399 420 400
3 420 421 400
3 400 421 401
3 421 422 401
3 401 422 402
3 422 423 402
3 402 423 403
3 423 424 403
3 403 424 404
3 404 424 425
3 405 404 425
3 425 406 405
3 426 406 425
3 426 427 406
3 406 427 407
3 427 428 407
3 407 428 408
3 428 429 408
3 408 429 409
3 429 430 409
3 409 430 410
3 430 431 410
3 410 431 411
3 434 432 433
3 432 435 436
3 433 432 436
3 435 437 436
3 440 438 439
3 443 441 442
3 441 444 442
3 434 433 445
3 447 445 433
3 447 433 446
3 446 433 436
3 437 448 449
3 437 449 436
3 436 449 446
3 448 450 451
3 449 448 451
3 450 453 451
3 440 439 452
3 454 457 455
3 443 442 456
3 442 444 456
3 460 458 459
3 458 462 459
3 447 446 461
3 464 461 446
3 464 446 463
3 463 446 449
3 465 466 463
3 465 463 451
3 451 463 449
3 451 453 465
3 457 467 455
3 471 460 459
3 475 473 474
3 473 476 474
3 475 474 477
3 474 476 477
3 480 478 479
3 478 481 479
3 480 479 482
3 481 482 479
3 483 484 485
3 483 486 484
3 489 487 488
3 487 490 488
3 492 485 484
3 491 492 484
3 486 493 494
3 486 494 484
3 484 494 491
3 493 495 496
3 494 493 496
3 495 497 496
3 500 498 499
3 498 501 502
3 499 498 502
3 501 503 504
3 502 501 504
3 503 505 504
3 489 488 506
3 488 490 506
3 508 492 491
3 507 508 491
3 491 494 507
3 494 509 507
3 494 496 509
3 496 510 509
3 497 511 512
3 497 512 496
3 496 512 510
3 511 500 499
3 511 499 512
3 512 499 513
3 499 502 513
3 502 514 513
3 502 504 514
3 504 515 514
3 505 516 432
3 505 432 515
3 505 515 504
3 515 432 434
3 516 517 432
3 432 517 435
3 519 437 435
3 519 435 518
3 518 435 517
3 518 520 519
3 438 440 521
3 508 507 524
3 526 523 522
3 441 443 525
3 441 525 444
3 507 527 524
3 507 509 527
3 527 528 524
3 509 510 527
3 510 529 527
3 510 512 529
3 512 530 529
3 512 513 530
3 513 531 530
3 513 514 531
3 514 532 531
3 514 515 532
3 515 533 532
3 434 533 515
3 434 534 533
3 434 445 534
3 535 533 534
3 537 445 447
3 537 536 445
3 536 534 445
3 539 437 537
3 539 448 437
3 537 437 536
3 519 538 437
3 536 437 538
3 539 540 450
3 539 450 448
3 519 520 538
3 450 540 453
3 452 521 440
3 543 541 542
3 523 526 544
3 523 544 545
3 523 545 454
3 457 454 545
3 443 456 525
3 456 444 525
3 544 528 545
3 545 528 527
3 545 527 546
3 527 529 546
3 529 547 546
3 529 530 547
3 530 548 547
3 530 531 548
3 531 549 548
3 531 532 549
3 532 550 549
3 532 533 550
3 533 551 550
3 535 552 458
3 535 458 551
3 535 551 533
3 551 458 460
3 458 552 553
3 458 553 462
3 461 537 447
3 461 464 554
3 461 554 537
3 537 554 539
3 466 465 540
3 466 540 554
3 554 540 539
3 542 555 556
3 542 556 543
3 540 465 453
3 467 545 557
3 467 457 545
3 546 468 545
3 548 469 547
3 551 470 550
3 471 470 551
3 551 460 471
3 472 466 554
3 559 556 555
3 562 560 561
3 560 563 564
3 561 560 564
3 563 565 566
3 564 563 566
3 569 567 568
3 567 570 568
3 573 571 572
3 571 575 572
3 562 561 574
3 576 574 561
3 576 561 564
3 473 475 577
3 473 577 476
3 564 578 576
3 564 566 578
3 578 579 576
3 569 568 580
3 570 580 568
3 581 582 583
3 581 584 582
3 573 572 585
3 572 575 585
3 586 587 588
3 577 475 477
3 477 476 577
3 586 579 587
3 587 579 578
3 587 578 589
3 590 478 480
3 592 583 582
3 592 582 591
3 481 478 590
3 584 593 594
3 584 594 582
3 582 594 591
3 593 595 596
3 594 593 596
3 595 597 598
3 596 595 598
3 597 599 598
3 602 600 601
3 600 603 601
3 588 587 604
3 587 589 605
3 604 587 605
3 480 482 590
3 592 591 483
3 592 483 485
3 592 485 606
3 607 606 485
3 590 482 481
3 483 608 486
3 483 591 608
3 591 594 608
3 594 596 608
3 596 609 608
3 596 598 609
3 598 610 609
3 599 611 612
3 599 612 598
3 598 612 610
3 611 613 614
3 612 611 614
3 613 602 601
3 613 601 614
3 614 601 615
3 603 616 617
3 603 617 601
3 601 617 615
3 616 618 617
3 487 489 619
3 487 619 490
3 607 492 620
3 485 492 607
3 608 493 486
3 609 493 608
3 495 493 609
3 495 621 497
3 495 609 621
3 609 610 621
3 500 612 498
3 500 621 612
3 621 610 612
3 614 498 612
3 501 498 614
3 615 501 614
3 503 501 615
3 503 622 505
3 503 615 622
3 615 617 622
3 618 623 622
3 617 618 622
3 619 489 506
3 619 506 490
3 620 508 624
3 492 508 620
3 621 511 497
3 621 500 511
3 516 627 626
3 516 505 627
3 625 627 622
3 622 627 505
3 626 628 517
3 626 517 516
3 622 623 625
3 518 517 628
3 629 518 628
3 518 629 520
3 524 624 508
3 524 630 624
3 522 624 526
3 526 624 630
3 524 528 630
3 633 632 631
3 626 535 534
3 627 535 626
3 627 632 535
3 627 631 632
3 628 626 534
3 536 628 534
3 629 628 536
3 538 629 536
3 629 538 520
3 541 543 634
3 630 544 526
3 630 528 544
3 636 632 633
3 635 632 636
3 552 535 632
3 552 632 637
3 637 632 635
3 552 637 553
3 638 634 543
3 556 638 543
3 637 558 553
3 638 556 559
3 639 640 641
3 639 642 640
3 642 644 645
3 642 645 640
3 640 645 643
3 644 646 645
3 562 648 647
3 560 562 647
3 647 649 560
3 560 649 563
3 649 650 563
3 563 650 565
3 567 569 652
3 567 652 570
3 643 653 651
3 643 645 653
3 653 654 651
3 646 655 653
3 645 646 653
3 571 573 656
3 574 657 648
3 574 648 562
3 571 656 575
3 657 574 658
3 574 576 658
3 660 576 579
3 660 659 576
3 659 658 576
3 569 580 652
3 654 653 581
3 654 581 583
3 654 583 661
3 662 661 583
3 652 580 570
3 581 664 584
3 653 664 581
3 653 663 664
3 653 655 663
3 663 665 666
3 664 663 666
3 665 667 668
3 666 665 668
3 667 669 670
3 668 667 670
3 669 671 672
3 670 669 672
3 671 673 674
3 672 671 674
3 673 675 676
3 674 673 676
3 678 676 675
3 678 675 677
3 656 573 585
3 656 585 575
3 677 679 678
3 586 588 680
3 579 586 680
3 579 680 660
3 660 680 681
3 662 592 682
3 583 592 662
3 664 593 584
3 666 593 664
3 595 593 666
3 668 595 666
3 597 595 668
3 597 683 599
3 597 668 683
3 668 670 683
3 670 672 683
3 672 684 683
3 602 674 600
3 602 684 674
3 684 672 674
3 685 674 676
3 685 603 674
3 685 686 603
3 603 600 674
3 688 685 676
3 688 676 687
3 687 676 678
3 679 689 687
3 678 679 687
3 680 588 604
3 681 680 604
3 605 681 604
3 682 592 606
3 683 611 599
3 684 611 683
3 613 611 684
3 684 602 613
3 690 692 691
3 690 691 693
3 690 693 603
3 690 603 686
3 603 693 616
3 688 687 694
3 693 618 616
3 687 689 694
3 697 696 695
3 695 691 692
3 695 696 691
3 696 698 691
3 691 698 693
3 693 698 699
3 693 699 623
3 618 693 623
3 697 700 696
3 702 696 700
3 702 701 696
3 701 698 696
3 627 625 699
3 627 699 701
3 701 699 698
3 699 625 623
3 705 704 703
3 703 704 706
3 709 708 707
3 707 708 710
3 713 712 711
3 711 715 714
3 712 715 711
3 714 717 716
3 715 717 714
3 701 633 631
3 702 633 701
3 702 717 633
3 702 716 717
3 701 631 627
3 706 721 720
3 706 704 721
3 704 718 721
3 720 708 709
3 720 721 708
3 721 722 708
3 710 724 723
3 710 708 724
3 708 722 724
3 723 712 713
3 723 724 712
3 724 725 712
3 712 725 715
3 715 725 726
3 715 726 717
3 717 726 727
3 717 727 636
3 633 717 636
3 730 728 729
3 728 731 729
3 729 732 730
3 641 733 639
3 729 731 732
3 733 642 639
3 734 735 736
3 734 737 735
3 740 738 739
3 738 741 742
3 739 738 742
3 741 743 744
3 742 741 744
3 733 641 745
3 735 745 736
3 735 644 745
3 733 745 642
3 642 745 644
3 644 747 646
3 735 747 644
3 735 746 747
3 735 737 746
3 746 748 747
3 739 647 648
3 739 648 740
3 740 648 749
3 742 752 739
3 742 750 752
3 739 752 647
3 751 649 752
3 647 752 649
3 649 751 754
3 649 754 650
3 750 742 753
3 753 742 744
3 651 654 755
3 756 646 747
3 655 646 756
3 748 757 758
3 748 758 747
3 747 758 756
3 757 759 760
3 758 757 760
3 759 761 762
3 760 759 762
3 761 763 764
3 762 761 764
3 763 765 766
3 764 763 766
3 765 767 768
3 766 765 768
3 767 769 768
3 749 648 657
3 770 749 657
3 751 752 770
3 751 770 658
3 658 770 657
3 754 751 658
3 659 754 658
3 755 654 661
3 756 663 655
3 758 663 756
3 665 663 758
3 760 665 758
3 667 665 760
3 762 667 760
3 669 667 762
3 764 669 762
3 671 669 764
3 766 671 764
3 673 671 766
3 768 673 766
3 675 673 768
3 768 677 675
3 768 772 677
3 768 769 772
3 771 677 772
3 677 771 679
3 775 774 773
3 773 777 776
3 774 777 773
3 686 776 777
3 686 685 776
3 685 778 776
3 772 779 771
3 772 685 779
3 772 778 685
3 688 779 685
3 771 779 689
3 679 771 689
3 775 780 774
3 780 781 692
3 780 692 777
3 780 777 774
3 690 777 692
3 777 690 686
3 779 688 694
3 779 694 689
3 697 782 783
3 695 782 697
3 782 695 692
3 781 782 692
3 786 785 784
3 784 788 787
3 785 788 784
3 787 790 789
3 788 790 787
3 789 792 791
3 790 792 789
3 791 794 793
3 792 794 791
3 793 794 795
3 793 795 697
3 793 697 783
3 697 795 700
3 700 795 702
3 786 797 785
3 786 703 797
3 786 796 703
3 706 797 703
3 709 707 788
3 709 788 797
3 797 788 785
3 707 710 798
3 707 798 788
3 788 798 790
3 713 711 792
3 713 792 798
3 798 792 790
3 794 792 711
3 714 794 711
3 795 794 714
3 716 795 714
3 795 716 702
3 797 706 720
3 797 720 709
3 798 710 723
3 798 723 713
3 799 731 728
3 730 732 801
3 736 799 734
3 736 801 799
3 731 799 732
3 732 799 801
3 734 802 737
3 799 802 734
3 800 738 740
3 801 736 745
3 802 746 737
3 746 805 748
3 802 805 746
3 806 808 809
3 807 806 809
3 808 810 811
3 809 808 811
3 810 803 811
3 811 803 812
3 803 814 812
3 813 815 816
3 814 813 816
3 815 819 816
3 749 818 817
3 752 817 818
3 752 750 817
3 750 820 817
3 804 820 753
3 753 820 750
3 805 757 748
3 807 757 805
3 759 757 807
3 809 759 807
3 761 759 809
3 811 761 809
3 763 761 811
3 812 763 811
3 765 763 812
3 814 823 812
3 814 821 823
3 812 823 765
3 822 767 823
3 765 823 767
3 814 816 824
3 814 824 821
3 822 769 767
3 816 819 824
3 749 770 818
3 818 770 752
3 827 826 825
3 825 822 823
3 825 826 822
3 826 828 822
3 822 828 772
3 769 822 772
3 775 829 830
3 773 829 775
3 826 827 829
3 826 829 776
3 776 829 773
3 828 826 776
3 778 828 776
3 828 778 772
3 833 832 831
3 831 832 834
3 831 834 775
3 831 775 830
3 775 834 780
3 780 834 781
3 838 837 836
3 836 840 839
3 837 840 836
3 839 842 841
3 840 842 839
3 841 844 843
3 842 844 841
3 843 832 833
3 843 844 832
3 844 845 832
3 783 782 834
3 783 834 845
3 845 834 832
3 834 782 781
3 835 847 846
3 837 786 784
3 838 786 837
3 838 847 786
3 838 846 847
3 840 837 784
3 787 840 784
3 842 840 787
3 789 842 787
3 844 842 789
3 791 844 789
3 845 844 791
3 793 845 791
3 845 793 783
3 847 796 786
3 850 848 849
3 848 851 849
3 850 849 852
3 849 851 852
3 854 838 836
3 854 835 846
3 854 846 838
3 848 850 855
3 855 851 848
3 855 850 852
3 855 852 851
3 857 859 858
3 858 859 860
3 861 863 862
3 863 865 866
3 863 866 862
3 862 866 864
3 865 867 868
3 866 865 868
3 867 869 868
3 864 866 870
3 866 871 870
3 866 868 871
3 868 872 871
3 869 873 872
3 868 869 872
3 857 874 859
3 857 870 874
3 870 871 874
3 871 872 874
3 872 875 874
3 873 876 875
3 872 873 875
3 859 877 860
3 859 874 877
3 874 878 877
3 874 875 878
3 875 879 878
3 876 880 879
3 875 876 879
3 877 878 881
3 878 882 881
3 878 879 882
3 879 883 882
3 880 884 885
3 880 885 879
3 879 885 883
3 884 886 885
3 887 889 888
3 861 888 889
3 861 889 863
3 863 889 890
3 893 891 892
3 891 894 892
3 890 865 863
3 895 865 890
3 892 895 893
3 892 867 895
3 867 865 895
3 867 892 894
3 867 894 869
3 869 894 896
3 896 897 869
3 897 873 869
3 898 901 900
3 899 901 898
3 900 901 902
3 904 897 903
3 904 876 897
3 876 873 897
3 903 905 904
3 899 906 901
3 901 906 907
3 902 909 908
3 902 901 909
3 901 907 909
3 909 910 908
3 909 876 910
3 909 880 876
3 904 910 876
3 905 910 904
3 911 912 913
3 911 914 912
3 906 915 907
3 907 915 916
3 907 916 909
3 909 916 917
3 884 880 909
3 884 909 918
3 918 909 917
3 913 912 919
3 918 886 884
3 912 914 919
3 920 922 923
3 921 920 923
3 922 924 923
3 887 925 889
3 887 921 925
3 921 923 925
3 924 926 927
3 924 927 923
3 923 927 925
3 926 928 927
3 929 889 925
3 890 889 929
3 893 927 891
3 893 929 927
3 929 925 927
3 891 927 928
3 891 928 894
3 894 928 930
3 929 895 890
3 929 893 895
3 930 931 894
3 931 896 894
3 932 933 934
3 936 931 935
3 936 897 931
3 897 896 931
3 935 937 938
3 936 935 938
3 937 939 938
3 933 898 900
3 933 900 941
3 933 941 934
3 940 941 900
3 943 900 902
3 943 942 900
3 940 900 944
3 944 900 942
3 946 897 943
3 946 903 897
3 943 897 942
3 936 945 897
3 942 897 945
3 936 938 947
3 936 947 945
3 946 905 903
3 939 947 938
3 948 949 950
3 948 951 949
3 941 940 952
3 952 940 944
3 953 954 955
3 902 908 943
3 908 910 946
3 908 946 943
3 953 956 954
3 910 905 946
3 913 957 911
3 959 950 949
3 959 949 958
3 914 911 957
3 951 960 958
3 949 951 958
3 963 961 962
3 961 965 962
3 955 954 964
3 956 964 954
3 966 967 968
3 970 967 966
3 970 966 969
3 957 913 919
3 919 914 957
3 969 972 970
3 958 971 959
3 958 960 971
3 973 974 920
3 920 974 922
3 976 924 922
3 976 922 975
3 975 922 974
3 975 977 976
3 976 926 924
3 926 976 977
3 926 977 928
3 928 977 978
3 978 979 928
3 979 930 928
3 981 979 980
3 981 931 979
3 931 930 979
3 980 982 981
3 932 934 983
3 981 935 931
3 982 935 981
3 982 984 935
3 984 937 935
3 986 939 937
3 986 937 985
3 985 937 984
3 985 987 988
3 986 985 988
3 987 989 988
3 983 934 941
3 983 941 991
3 983 991 990
3 991 941 992
3 944 991 992
3 944 942 991
3 942 993 991
3 995 945 994
3 995 993 945
3 993 942 945
3 947 994 945
3 996 994 947
3 950 986 948
3 950 996 986
3 939 986 947
3 947 986 996
3 948 997 951
3 948 986 997
3 986 988 997
3 989 998 997
3 988 989 997
3 999 1000 1001
3 992 941 952
3 992 952 944
3 999 953 1000
3 999 1002 953
3 953 955 1000
3 1004 956 953
3 1004 953 1002
3 995 994 1003
3 1006 1003 994
3 1006 994 1005
3 1005 994 996
3 996 959 1005
3 950 959 996
3 1007 951 997
3 960 951 1007
3 998 1008 1007
3 997 998 1007
3 1000 1009 1001
3 961 963 1010
3 1010 965 961
3 1000 955 1009
3 1009 955 964
3 1009 964 1011
3 956 1004 1011
3 956 1011 964
3 968 1012 966
3 1012 1013 1006
3 1012 1006 969
3 1012 969 966
3 969 1006 1005
3 971 1005 959
3 971 1014 1005
3 969 1005 972
3 972 1005 1014
3 960 1014 971
3 960 1007 1014
3 1007 1015 1014
3 1008 1016 1017
3 1008 1017 1007
3 1007 1017 1015
3 1016 1018 1017
3 1019 1020 973
3 973 1020 974
3 1020 1021 974
3 974 1021 975
3 975 1021 1022
3 977 975 1022
3 1024 1022 1023
3 1024 978 1022
3 978 977 1022
3 1023 1025 1024
3 1026 978 1024
3 979 978 1026
3 1025 1027 1028
3 1025 1028 1024
3 1024 1028 1026
3 1027 1029 1030
3 1028 1027 1030
3 1029 1031 1030
3 1026 980 979
3 980 1032 982
3 980 1026 1032
3 1026 1028 1032
3 1028 1030 1032
3 1030 1033 1032
3 1031 1034 1035
3 1031 1035 1030
3 1030 1035 1033
3 1034 1036 1035
3 1032 984 982
3 1033 984 1032
3 985 984 1033
3 1035 985 1033
3 987 985 1035
3 987 1035 1036
3 987 1036 989
3 989 1036 1037
3 991 1038 990
3 1039 1038 991
3 1039 1040 1041
3 1039 991 1040
3 991 993 1040
3 993 1042 1040
3 995 1042 993
3 1037 1043 989
3 1043 998 989
3 999 1001 1046
3 1045 1047 1039
3 1039 1047 1044
3 1039 1044 1038
3 1046 1048 1002
3 1046 1002 999
3 1039 1041 1045
3 1048 1004 1002
3 1050 995 1049
3 1050 1042 995
3 995 1003 1049
3 1003 1006 1049
3 1052 1043 1051
3 1052 1008 1043
3 1008 998 1043
3 1051 1053 1052
3 1001 1009 1046
3 1047 1055 1044
3 1044 1055 1056
3 1044 1056 1054
3 1055 1057 1056
3 1057 1058 1056
3 1009 1048 1046
3 1009 1011 1048
3 1011 1004 1048
3 1057 1060 1058
3 1049 1059 1050
3 1049 1006 1013
3 1049 1013 1061
3 1049 1061 1059
3 1061 1013 1062
3 1061 1062 1063
3 1016 1066 1065
3 1016 1008 1066
3 1064 1066 1052
3 1052 1066 1008
3 1064 1052 1053
3 1065 1018 1016
3 1067 1068 1019
3 1019 1068 1020
3 1068 1069 1020
3 1020 1069 1021
3 1021 1069 1070
3 1022 1021 1070
3 1070 1023 1022
3 1071 1023 1070
3 1023 1071 1072
3 1025 1023 1072
3 1072 1027 1025
3 1073 1027 1072
3 1073 1074 1027
3 1027 1074 1029
3 1029 1074 1075
3 1031 1029 1075
3 1075 1034 1031
3 1076 1034 1075
3 1034 1076 1077
3 1036 1034 1077
3 1077 1078 1036
3 1078 1037 1036
3 1040 1079 1041
3 1040 1042 1079
3 1081 1078 1080
3 1081 1043 1078
3 1043 1037 1078
3 1080 1082 1081
3 1045 1083 1047
3 1041 1083 1045
3 1041 1079 1083
3 1079 1084 1083
3 1079 1050 1084
3 1042 1050 1079
3 1081 1051 1043
3 1051 1081 1082
3 1051 1082 1053
3 1053 1082 1085
3 1086 1087 1088
3 1047 1083 1055
3 1084 1055 1083
3 1057 1055 1084
3 1059 1084 1050
3 1059 1089 1084
3 1057 1084 1060
3 1060 1084 1089
3 1061 1089 1059
3 1090 1089 1061
3 1061 1063 1090
3 1064 1091 1066
3 1091 1064 1053
3 1091 1053 1092
3 1092 1053 1085
3 1093 1094 1067
3 1067 1094 1068
3 1096 1095 1069
3 1096 1069 1094
3 1094 1069 1068
3 1069 1095 1070
3 1096 1097 1095
3 1095 1071 1070
3 1095 1097 1071
3 1097 1098 1071
3 1100 1072 1071
3 1100 1071 1099
3 1099 1071 1098
3 1099 1101 1100
3 1100 1073 1072
3 1101 1073 1100
3 1101 1102 1073
3 1102 1074 1073
3 1074 1102 1103
3 1075 1074 1103
3 1103 1076 1075
3 1104 1076 1103
3 1076 1104 1105
3 1077 1076 1105
3 1105 1106 1077
3 1106 1078 1077
3 1106 1080 1078
3 1107 1080 1106
3 1080 1107 1108
3 1082 1080 1108
3 1108 1109 1082
3 1109 1085 1082
3 1086 1088 1110
3 1109 1111 1085
3 1111 1092 1085
3 1113 1114 1112
3 1116 1117 1115
3 1119 1116 1115
3 1118 1119 1115
3 1121 1119 1118
3 1120 1121 1118
3 1120 1124 1122
3 1120 1122 1121
3 1121 1122 1123
3 1114 1125 1112
3 1114 1123 1125
3 1123 1122 1125
3 1128 1126 1127
3 1127 1126 1129
3 1127 1129 1117
3 1127 1117 1130
3 1115 1117 1129
3 1115 1131 1118
3 1129 1131 1115
3 1118 1132 1120
3 1131 1132 1118
3 1120 1132 1124
3 1134 1135 1133
3 1133 1138 1136
3 1133 1136 1134
3 1134 1136 1137
3 1127 1136 1128
3 1127 1139 1136
3 1139 1137 1136
3 1127 1130 1139
3 1142 1141 1140
3 1146 1140 1141
3 1146 1144 1140
3 1145 1140 1143
3 1143 1140 1144
3 1143 1147 1149
3 1143 1144 1147
3 1144 1148 1147
3 1147 1148 1150
3 1148 1151 1150
3 1152 1133 1135
3 1152 1135 1153
3 1153 1135 1154
3 1155 1133 1156
3 1155 1138 1133
3 1156 1133 1158
3 1152 1157 1133
3 1158 1133 1157
3 1160 1156 1161
3 1160 1159 1156
3 1159 1155 1156
3 1164 1159 1160
3 1164 1163 1159
3 1163 1162 1159
3 1141 1142 1162
3 1141 1162 1165
3 1165 1162 1163
3 1143 1166 1167
3 1143 1167 1145
3 1141 1165 1146
3 1149 1168 1166
3 1143 1149 1166
3 1160 1161 1169
3 1160 1169 1164
3 1167 1166 1170
3 1166 1168 1170
3 1122 1124 1171
3 1125 1122 1171
3 1172 1125 1171
3 1126 1128 1173
3 1129 1126 1173
3 1174 1129 1173
3 1131 1129 1174
3 1175 1131 1174
3 1132 1131 1175
3 1176 1132 1175
3 1176 1178 1177
3 1132 1176 1177
3 1132 1177 1171
3 1132 1171 1124
3 1171 1179 1172
3 1177 1179 1171
3 1136 1138 1180
3 1180 1182 1181
3 1136 1180 1181
3 1136 1181 1173
3 1136 1173 1128
3 1184 1173 1181
3 1184 1183 1173
3 1183 1174 1173
3 1142 1140 1175
3 1142 1175 1183
3 1183 1175 1174
3 1140 1145 1185
3 1140 1185 1175
3 1175 1185 1176
3 1178 1147 1186
3 1178 1185 1147
3 1178 1176 1185
3 1185 1149 1147
3 1186 1147 1187
3 1147 1150 1187
3 1153 1189 1188
3 1152 1153 1188
3 1152 1188 1190
3 1152 1190 1157
3 1155 1180 1138
3 1182 1180 1155
3 1182 1155 1191
3 1191 1155 1159
3 1183 1184 1191
3 1183 1191 1162
3 1162 1191 1159
3 1183 1162 1142
3 1192 1185 1145
3 1167 1192 1145
3 1185 1192 1168
3 1149 1185 1168
3 1195 1193 1194
3 1192 1167 1170
3 1192 1170 1168
3 1195 1194 1196
3 1199 1197 1198
3 1197 1200 1201
3 1198 1197 1201
3 1178 1201 1200
3 1178 1200 1177
3 1177 1200 1202
3 1204 1203 1179
3 1204 1179 1202
3 1202 1179 1177
3 1182 1206 1205
3 1181 1182 1205
3 1208 1184 1181
3 1208 1181 1207
3 1207 1181 1205
3 1207 1199 1198
3 1207 1198 1208
3 1208 1198 1209
3 1198 1201 1209
3 1201 1210 1209
3 1186 1201 1178
3 1186 1211 1201
3 1211 1210 1201
3 1187 1204 1186
3 1187 1203 1204
3 1186 1204 1211
3 1212 1213 1204
3 1211 1204 1213
3 1216 1214 1215
3 1218 1215 1214
3 1217 1188 1189
3 1217 1190 1188
3 1221 1219 1220
3 1219 1222 1220
3 1219 1182 1222
3 1219 1206 1182
3 1182 1191 1222
3 1184 1222 1191
3 1184 1208 1222
3 1208 1223 1222
3 1224 1225 1223
3 1224 1223 1209
3 1209 1223 1208
3 1209 1210 1226
3 1224 1209 1226
3 1210 1211 1227
3 1226 1210 1227
3 1228 1227 1211
3 1228 1211 1213
3 1193 1195 1229
3 1217 1230 1190
3 1220 1222 1231
3 1222 1223 1232
3 1231 1222 1232
3 1223 1225 1232
3 1229 1195 1196
3 1197 1199 1233
3 1200 1197 1233
3 1234 1200 1233
3 1202 1200 1234
3 1235 1202 1234
3 1202 1235 1204
3 1206 1237 1236
3 1205 1206 1236
3 1236 1238 1205
3 1205 1238 1207
3 1199 1239 1233
3 1199 1207 1239
3 1207 1238 1239
3 1233 1240 1234
3 1239 1240 1233
3 1234 1241 1235
3 1240 1241 1234
3 1243 1242 1212
3 1241 1243 1212
3 1241 1212 1204
3 1241 1204 1235
3 1214 1216 1244
3 1214 1244 1218
3 1221 1246 1245
3 1219 1221 1245
3 1245 1206 1219
3 1237 1206 1245
3 1224 1247 1225
3 1226 1247 1224
3 1248 1247 1226
3 1227 1248 1226
3 1249 1248 1227
3 1228 1243 1227
3 1228 1242 1243
3 1227 1243 1249
3 1250 1251 1243
3 1249 1243 1251
3 1236 1237 1252
3 1238 1236 1252
3 1253 1238 1252
3 1239 1238 1253
3 1254 1239 1253
3 1240 1239 1254
3 1255 1240 1254
3 1241 1240 1255
3 1256 1241 1255
3 1241 1256 1243
3 1245 1246 1257
3 1237 1245 1257
3 1237 1257 1252
3 1252 1257 1258
3 1252 1258 1253
3 1253 1258 1259
3 1253 1259 1254
3 1254 1259 1260
3 1254 1260 1255
3 1255 1260 1261
3 1255 1261 1256
3 1256 1261 1262
3 1250 1243 1256
3 1250 1256 1263
3 1263 1256 1262
3 438 1268 439
3 439 1268 452
3 1271 1269 1270
3 1269 1272 1273
3 1270 1269 1273
3 1272 1274 1273
3 1273 1264 1270
3 1265 1264 1273
3 1274 1265 1273
3 1274 1275 1265
3 1275 1266 1265
3 1275 1267 1266
3 1278 1276 1277
3 1276 1279 1277
3 1278 1277 1280
3 1277 1279 1280
3 438 521 1268
3 521 452 1268
3 541 1281 542
3 1284 1282 1283
3 1282 1285 1283
3 1281 1286 1287
3 1281 1287 542
3 542 1287 555
3 1286 1288 1289
3 1287 1286 1289
3 1288 1290 1289
3 1293 1291 1292
3 1283 1269 1271
3 1284 1283 1271
3 1284 1271 1292
3 1284 1292 1291
3 1285 1269 1283
3 1285 1294 1269
3 1294 1272 1269
3 1296 1274 1272
3 1296 1272 1295
3 1295 1272 1294
3 1295 1297 1296
3 1299 1293 1292
3 1296 1275 1274
3 1296 1297 1300
3 565 1301 566
3 1301 1302 1303
3 1301 1303 566
3 566 1303 578
3 1302 1304 1305
3 1303 1302 1305
3 1304 1306 1305
3 578 1303 589
3 1303 1307 589
3 1308 1309 1307
3 1308 1307 1305
3 1305 1307 1303
3 1305 1306 1308
3 589 1307 1310
3 605 589 1310
3 1307 1309 1310
3 1276 1278 1311
3 1276 1311 1279
3 1311 1278 1280
3 1311 1280 1279
3 1314 1312 1313
3 1312 1315 1313
3 1318 1316 1317
3 1316 1319 1317
3 1322 1320 1321
3 1320 1324 1321
3 1314 1313 1323
3 1315 1323 1313
3 1325 1326 1327
3 1325 1328 1329
3 1326 1325 1329
3 1328 1318 1317
3 1328 1317 1329
3 1329 1317 1330
3 1319 1331 1332
3 1319 1332 1317
3 1317 1332 1330
3 1331 1333 1332
3 541 634 1281
3 1322 1321 1334
3 1324 1334 1321
3 1335 1336 1337
3 1335 1327 1326
3 1335 1326 1336
3 1336 1326 1338
3 1326 1329 1338
3 1329 1339 1338
3 1329 1330 1339
3 1330 1340 1339
3 1284 1332 1282
3 1284 1340 1332
3 1340 1330 1332
3 1282 1342 1285
3 1332 1342 1282
3 1332 1341 1342
3 1332 1333 1341
3 1341 1343 1344
3 1342 1341 1344
3 1343 1345 1344
3 1286 1281 634
3 1286 634 1346
3 1346 634 638
3 1288 1286 1346
3 1347 1288 1346
3 1349 1337 1336
3 1349 1336 1348
3 1290 1288 1347
3 1336 1338 1348
3 1338 1350 1348
3 1338 1339 1350
3 1339 1351 1350
3 1293 1340 1291
3 1293 1351 1340
3 1351 1339 1340
3 1340 1284 1291
3 1342 1294 1285
3 1344 1294 1342
3 1295 1294 1344
3 1295 1353 1297
3 1344 1353 1295
3 1344 1352 1353
3 1344 1345 1352
3 1352 1354 1353
3 1349 1348 1355
3 1351 1298 1350
3 1299 1298 1351
3 1351 1293 1299
3 1353 1300 1297
3 1357 1301 565
3 1357 565 1356
3 1356 565 650
3 1356 1358 1357
3 659 660 1359
3 1301 1357 1302
3 1357 1304 1302
3 1357 1361 1304
3 1357 1358 1361
3 1360 1304 1361
3 1304 1360 1306
3 1359 1363 1362
3 1359 660 1363
3 660 681 1363
3 1360 1309 1308
3 1361 1309 1360
3 1361 1363 1309
3 1361 1362 1363
3 1360 1308 1306
3 1364 1365 1366
3 1364 1367 1368
3 1365 1364 1368
3 1367 1369 1368
3 1363 681 605
3 1363 605 1310
3 1371 1372 1370
3 1363 1310 1309
3 1370 1373 1371
3 1375 1366 1365
3 1374 1375 1365
3 1365 1368 1374
3 1368 1376 1374
3 1369 1377 1378
3 1369 1378 1368
3 1368 1378 1376
3 1377 1379 1378
3 1372 1371 1380
3 1373 1380 1371
3 1381 1382 1383
3 1381 1375 1374
3 1381 1374 1382
3 1382 1374 1384
3 1374 1376 1384
3 1376 1385 1384
3 1376 1378 1385
3 1378 1386 1385
3 1379 1387 1388
3 1379 1388 1378
3 1378 1388 1386
3 1387 1389 1388
3 1383 1382 1390
3 1390 1314 1391
3 1390 1384 1314
3 1390 1382 1384
3 1312 1314 1384
3 1312 1392 1315
3 1312 1384 1392
3 1384 1385 1392
3 1385 1386 1392
3 1386 1393 1392
3 1318 1388 1316
3 1318 1393 1388
3 1393 1386 1388
3 1316 1395 1319
3 1388 1395 1316
3 1388 1394 1395
3 1388 1389 1394
3 1394 1396 1395
3 1320 1322 1397
3 1397 1324 1320
3 1399 1314 1398
3 1399 1391 1314
3 1314 1323 1398
3 1327 1392 1325
3 1327 1398 1392
3 1315 1392 1323
3 1323 1392 1398
3 1393 1325 1392
3 1328 1325 1393
3 1393 1318 1328
3 1395 1331 1319
3 1331 1401 1333
3 1395 1401 1331
3 1395 1400 1401
3 1395 1396 1400
3 1400 1402 1401
3 1397 1322 1334
3 1397 1334 1324
3 1398 1403 1399
3 1337 1404 1335
3 1403 1327 1405
3 1403 1398 1327
3 1405 1327 1406
3 1335 1404 1327
3 1406 1327 1404
3 1405 1406 1407
3 1401 1341 1333
3 1402 1341 1401
3 1402 1408 1341
3 1408 1343 1341
3 1410 1345 1343
3 1410 1343 1409
3 1409 1343 1408
3 1409 1411 1410
3 1412 1404 1337
3 1349 1412 1337
3 1404 1412 1406
3 1406 1412 1413
3 1407 1413 1414
3 1406 1413 1407
3 1410 1352 1345
3 1352 1410 1411
3 1352 1411 1354
3 1354 1411 1415
3 1412 1349 1355
3 743 1416 1417
3 744 743 1417
3 1416 1418 1417
3 650 754 1420
3 650 1420 1356
3 753 744 1419
3 1419 744 1417
3 1419 1417 1418
3 1420 1358 1356
3 659 1359 1421
3 659 1421 754
3 754 1421 1420
3 1361 1358 1420
3 1361 1420 1421
3 1424 1422 1423
3 1422 1425 1423
3 1421 1359 1362
3 1424 1423 1426
3 1421 1362 1361
3 1427 1364 1366
3 1427 1366 1428
3 1426 1423 1425
3 1430 1429 1367
3 1430 1367 1427
3 1427 1367 1364
3 1367 1429 1369
3 1370 1372 1431
3 1370 1431 1373
3 1433 1432 1428
3 1433 1428 1375
3 1375 1428 1366
3 1434 1433 1435
3 1434 1429 1433
3 1432 1433 1430
3 1430 1433 1429
3 1437 1436 1377
3 1434 1437 1377
3 1434 1377 1369
3 1434 1369 1429
3 1377 1436 1379
3 1431 1372 1380
3 1380 1373 1431
3 1383 1438 1381
3 1375 1381 1438
3 1375 1438 1433
3 1433 1438 1439
3 1435 1441 1440
3 1435 1433 1441
3 1433 1439 1441
3 1442 1441 1443
3 1442 1436 1441
3 1440 1441 1437
3 1437 1441 1436
3 1436 1387 1379
3 1436 1442 1387
3 1442 1444 1387
3 1446 1389 1387
3 1446 1387 1445
3 1445 1387 1444
3 1445 1447 1446
3 1438 1383 1390
3 1390 1391 1448
3 1390 1448 1438
3 1438 1448 1439
3 1439 1448 1441
3 1441 1448 1449
3 1443 1451 1450
3 1443 1441 1451
3 1441 1449 1451
3 1450 1451 1452
3 1446 1394 1389
3 1394 1454 1396
3 1446 1454 1394
3 1446 1453 1454
3 1446 1447 1453
3 1453 1455 1454
3 1456 1448 1391
3 1399 1456 1391
3 1448 1456 1449
3 1449 1456 1457
3 1458 1457 1459
3 1458 1451 1457
3 1451 1449 1457
3 1451 1458 1452
3 1454 1400 1396
3 1400 1461 1402
3 1454 1461 1400
3 1454 1460 1461
3 1454 1455 1460
3 1460 1462 1461
3 1456 1399 1403
3 1457 1456 1403
3 1405 1457 1403
3 1405 1407 1464
3 1457 1405 1464
3 1457 1464 1463
3 1457 1463 1459
3 1463 1466 1465
3 1464 1466 1463
3 1465 1466 1467
3 1461 1408 1402
3 1462 1408 1461
3 1462 1468 1408
3 1468 1409 1408
3 1409 1468 1469
3 1411 1409 1469
3 1470 1464 1407
3 1414 1470 1407
3 1464 1470 1466
3 1466 1470 1471
3 1467 1471 1472
3 1466 1471 1467
3 1474 1469 1473
3 1474 1415 1469
3 1415 1411 1469
3 1473 1475 1474
3 1471 1476 1472
3 1416 743 804
3 1477 1416 804
3 1416 1477 1418
3 1477 804 753
3 1419 1477 753
3 1477 1419 1418
3 1478 1479 1480
3 1478 1481 1479
3 1479 1482 1480
3 1422 1424 1483
3 1479 1481 1482
3 1483 1425 1422
3 1484 1485 1486
3 1484 1487 1485
3 1483 1424 1426
3 1483 1426 1425
3 1485 1488 1486
3 1428 1489 1427
3 1485 1487 1488
3 1489 1430 1427
3 1490 1491 1492
3 1490 1493 1491
3 1489 1428 1432
3 1489 1432 1430
3 1491 1494 1492
3 1435 1495 1434
3 1491 1493 1494
3 1495 1437 1434
3 1496 1497 1498
3 1496 1499 1500
3 1497 1496 1500
3 1499 1501 1500
3 1495 1435 1440
3 1495 1440 1437
3 1497 1502 1498
3 1443 1503 1442
3 1442 1504 1444
3 1442 1503 1504
3 1444 1504 1500
3 1502 1497 1504
3 1500 1504 1497
3 1501 1444 1500
3 1501 1505 1444
3 1505 1445 1444
3 1445 1505 1506
3 1447 1445 1506
3 1503 1443 1450
3 1450 1504 1503
3 1450 1452 1504
3 1452 1507 1504
3 1506 1453 1447
3 1508 1453 1506
3 1453 1508 1509
3 1455 1453 1509
3 1458 1459 1510
3 1511 1507 1452
3 1511 1452 1510
3 1511 1510 1512
3 1458 1510 1452
3 1511 1512 1513
3 1509 1460 1455
3 1514 1460 1509
3 1460 1514 1515
3 1462 1460 1515
3 1510 1459 1463
3 1512 1510 1463
3 1465 1512 1463
3 1465 1467 1517
3 1512 1465 1517
3 1512 1517 1516
3 1512 1516 1513
3 1516 1517 1518
3 1468 1520 1519
3 1468 1462 1520
3 1462 1515 1520
3 1468 1519 1469
3 1521 1517 1467
3 1472 1521 1467
3 1518 1521 1522
3 1517 1521 1518
3 1520 1523 1519
3 1525 1524 1473
3 1523 1525 1473
3 1523 1473 1469
3 1523 1469 1519
3 1473 1524 1475
3 1521 1472 1476
3 1476 1522 1521
3 1527 1507 1511
3 1529 1113 1112
3 1528 1529 1112
3 1531 1529 1528
3 1530 1531 1528
3 1533 1531 1530
3 1532 1533 1530
3 1535 1533 1532
3 1534 1535 1532
3 1537 1535 1534
3 1536 1537 1534
3 1539 1537 1536
3 1538 1539 1536
3 1541 1539 1538
3 1540 1541 1538
3 1541 1540 1542
3 1112 1543 1528
3 1125 1543 1112
3 1528 1544 1530
3 1543 1544 1528
3 1530 1545 1532
3 1544 1545 1530
3 1532 1546 1534
3 1545 1546 1532
3 1534 1547 1536
3 1546 1547 1534
3 1536 1548 1538
3 1547 1548 1536
3 1538 1549 1540
3 1548 1549 1538
3 1540 1551 1542
3 1540 1549 1551
3 1549 1550 1551
3 1554 1552 1553
3 1554 1553 1550
3 1550 1553 1551
3 1556 1553 1552
3 1555 1556 1552
3 1558 1556 1555
3 1557 1558 1555
3 1560 1558 1557
3 1559 1560 1557
3 1562 1560 1559
3 1561 1562 1559
3 1564 1562 1561
3 1563 1564 1561
3 1566 1564 1563
3 1565 1566 1563
3 1566 1565 1567
3 1569 1568 1570
3 1569 1571 1568
3 1573 1572 1574
3 1577 1554 1573
3 1577 1552 1554
3 1573 1554 1572
3 1575 1576 1554
3 1572 1554 1576
3 1552 1579 1555
3 1552 1577 1579
3 1555 1579 1578
3 1576 1575 1579
3 1578 1579 1575
3 1555 1580 1557
3 1578 1580 1555
3 1557 1581 1559
3 1580 1581 1557
3 1559 1582 1561
3 1581 1582 1559
3 1561 1583 1563
3 1582 1583 1561
3 1563 1584 1565
3 1583 1584 1563
3 1585 23 24
3 1584 1585 24
3 1584 24 1567
3 1584 1567 1565
3 1150 1151 1586
3 1151 1587 1586
3 1586 1587 1588
3 1587 1589 1588
3 1570 1568 1590
3 1570 1590 1589
3 1589 1590 1588
3 1568 1571 1592
3 1568 1592 1590
3 1590 1592 1591
3 1591 1592 1593
3 1592 1594 1593
3 1593 1594 1595
3 1594 1596 1595
3 1595 1596 1597
3 1596 1598 1597
3 1574 1572 1599
3 1574 1599 1598
3 1598 1599 1597
3 1572 1576 1600
3 1599 1572 1600
3 1576 1579 1602
3 1576 1602 1600
3 1600 1602 1601
3 1605 1604 1603
3 1605 1601 1604
3 1601 1602 1604
3 1603 1606 1608
3 1603 1604 1606
3 1604 1607 1606
3 1611 1610 1609
3 1611 1606 1610
3 1606 1607 1610
3 1613 1609 1610
3 1612 1609 1613
3 1613 1614 1612
3 1615 23 1585
3 32 23 1615
3 1617 1618 1616
3 1620 1617 1616
3 1619 1620 1616
3 1622 1620 1619
3 1621 1622 1619
3 1624 1622 1621
3 1623 1624 1621
3 1627 1624 1623
3 1627 1623 1626
3 1625 1605 1603
3 1626 1628 1629
3 1626 1629 1627
3 1603 1608 1625
3 1632 1629 1628
3 1632 1628 1631
3 1630 1611 1609
3 1632 1634 1633
3 1632 1631 1634
3 1633 1634 1612
3 1630 1609 1634
3 1612 1634 1609
3 1612 1614 1633
3 32 1636 46
3 32 1615 1636
3 1615 1635 1636
3 1618 1640 1616
3 1618 1639 1640
3 1616 1641 1619
3 1640 1641 1616
3 1619 1642 1621
3 1641 1642 1619
3 1621 1643 1623
3 1642 1643 1621
3 1623 1644 1626
3 1643 1644 1623
3 1626 1645 1628
3 1644 1645 1626
3 1628 1646 1631
3 1645 1646 1628
3 1631 1646 1634
3 1543 1125 1172
3 1647 1543 1172
3 1544 1543 1647
3 1648 1544 1647
3 1545 1544 1648
3 1649 1545 1648
3 1546 1545 1649
3 1650 1546 1649
3 1547 1546 1650
3 1651 1547 1650
3 1548 1547 1651
3 1652 1548 1651
3 1549 1548 1652
3 1653 1549 1652
3 1550 1549 1653
3 1654 1550 1653
3 1550 1654 1554
3 1172 1655 1647
3 1179 1655 1172
3 1647 1656 1648
3 1655 1656 1647
3 1648 1657 1649
3 1656 1657 1648
3 1649 1658 1650
3 1657 1658 1649
3 1650 1659 1651
3 1658 1659 1650
3 1661 1651 1659
3 1661 1660 1651
3 1660 1652 1651
3 1652 1660 1653
3 1653 1660 1662
3 1653 1662 1654
3 1654 1662 1663
3 1575 1554 1654
3 1575 1654 1664
3 1664 1654 1663
3 1578 1575 1664
3 1665 1578 1664
3 1580 1578 1665
3 1666 1580 1665
3 1581 1580 1666
3 1667 1581 1666
3 1582 1581 1667
3 1668 1582 1667
3 1583 1582 1668
3 1669 1583 1668
3 1584 1583 1669
3 1670 1584 1669
3 1584 1670 1585
3 1187 1150 1671
3 1150 1586 1671
3 1673 1588 1672
3 1673 1671 1588
3 1671 1586 1588
3 1590 1672 1588
3 1674 1672 1590
3 1591 1674 1590
3 1675 1674 1591
3 1593 1675 1591
3 1676 1675 1593
3 1595 1661 1593
3 1595 1660 1661
3 1593 1661 1676
3 1677 1678 1661
3 1676 1661 1678
3 1595 1597 1662
3 1595 1662 1660
3 1677 1679 1678
3 1663 1662 1597
3 1663 1597 1599
3 1681 1682 1680
3 1680 1683 1681
3 1683 1684 1681
3 1599 1664 1663
3 1599 1600 1664
3 1683 1685 1684
3 1685 1686 1684
3 1600 1665 1664
3 1600 1601 1665
3 1665 1605 1666
3 1665 1601 1605
3 1666 1605 1687
3 1686 1685 1605
3 1687 1605 1685
3 1688 1608 1687
3 1688 1689 1608
3 1687 1608 1666
3 1606 1667 1608
3 1666 1608 1667
3 1688 1691 1689
3 1606 1611 1667
3 1667 1611 1690
3 1667 1690 1668
3 1668 1690 1669
3 1669 1690 1692
3 1693 1692 1694
3 1693 1670 1692
3 1670 1669 1692
3 1670 1693 1695
3 1670 1695 1585
3 1585 1695 1615
3 1193 1696 1194
3 1673 1672 1697
3 1672 1674 1698
3 1697 1672 1698
3 1674 1675 1699
3 1698 1674 1699
3 1675 1676 1700
3 1699 1675 1700
3 1676 1678 1701
3 1700 1676 1701
3 1678 1679 1701
3 1682 1681 1702
3 1704 1702 1681
3 1704 1681 1703
3 1703 1681 1684
3 1684 1686 1703
3 1686 1705 1703
3 1605 1705 1686
3 1605 1706 1705
3 1605 1625 1706
3 1707 1705 1706
3 1608 1706 1625
3 1608 1708 1706
3 1608 1689 1708
3 1708 1709 1706
3 1611 1630 1690
3 1691 1710 1689
3 1689 1710 1711
3 1689 1711 1708
3 1690 1634 1692
3 1690 1630 1634
3 1692 1634 1712
3 1711 1710 1634
3 1712 1634 1710
3 1692 1712 1694
3 71 1695 70
3 71 1635 1695
3 1635 1615 1695
3 1194 1696 1196
3 1705 1642 1703
3 1643 1642 1705
3 1707 1643 1705
3 1711 1645 1708
3 1646 1645 1711
3 1711 1634 1646
3 1655 1179 1203
3 1713 1655 1203
3 1656 1655 1713
3 1714 1656 1713
3 1657 1656 1714
3 1715 1657 1714
3 1658 1657 1715
3 1716 1658 1715
3 1659 1658 1716
3 1717 1659 1716
3 1659 1717 1661
3 1212 1718 1213
3 1718 1719 1213
3 1187 1713 1203
3 1187 1671 1713
3 1713 1673 1714
3 1713 1671 1673
3 1714 1673 1720
3 1719 1718 1673
3 1720 1673 1718
3 1714 1721 1715
3 1720 1721 1714
3 1715 1722 1716
3 1721 1722 1715
3 1724 1716 1722
3 1724 1723 1716
3 1723 1717 1716
3 1661 1717 1723
3 1661 1723 1725
3 1661 1725 1677
3 1726 1725 1723
3 1677 1725 1727
3 1679 1677 1727
3 1680 1682 1728
3 1683 1680 1728
3 1729 1683 1728
3 1685 1683 1729
3 1730 1685 1729
3 1687 1685 1730
3 1731 1687 1730
3 1688 1687 1731
3 1732 1688 1731
3 1688 1732 1691
3 1693 1694 1733
3 1693 1733 1695
3 1213 1719 1734
3 1213 1734 1228
3 1229 1696 1193
3 1719 1673 1697
3 1719 1697 1734
3 1734 1697 1735
3 1735 1697 1736
3 1697 1698 1736
3 1736 1698 1737
3 1698 1699 1737
3 1723 1724 1737
3 1723 1737 1700
3 1700 1737 1699
3 1726 1723 1700
3 1726 1700 1738
3 1738 1700 1701
3 1738 1701 1679
3 1738 1679 1727
3 1739 1740 1741
3 1743 1740 1739
3 1743 1739 1742
3 1728 1682 1702
3 1728 1704 1729
3 1728 1702 1704
3 1729 1704 1744
3 1743 1742 1704
3 1744 1704 1742
3 1729 1745 1730
3 1744 1745 1729
3 1746 1707 1745
3 1746 1747 1707
3 1745 1707 1730
3 1706 1731 1707
3 1730 1707 1731
3 1746 1749 1747
3 1706 1709 1731
3 1731 1709 1748
3 1731 1748 1732
3 1691 1732 1748
3 1691 1748 1750
3 1691 1750 1710
3 1751 1750 1748
3 1753 1752 1712
3 1753 1712 1750
3 1750 1712 1710
3 1694 1712 1752
3 1694 1752 1733
3 1733 1752 1754
3 70 1695 1733
3 70 1733 81
3 81 1733 1754
3 1229 1196 1696
3 1740 1755 1741
3 1755 1740 1756
3 1756 1740 1743
3 1756 1743 1704
3 1709 1758 1748
3 1749 1758 1747
3 1751 1748 1759
3 1759 1752 1753
3 1242 1761 1760
3 1242 1760 1212
3 1212 1760 1718
3 1763 1762 1720
3 1763 1720 1760
3 1760 1720 1718
3 1721 1720 1762
3 1764 1721 1762
3 1722 1721 1764
3 1765 1722 1764
3 1722 1765 1724
3 1725 1726 1766
3 1725 1766 1727
3 1251 1761 1767
3 1251 1250 1761
3 1767 1761 1734
3 1242 1228 1761
3 1734 1761 1228
3 1735 1763 1734
3 1735 1762 1763
3 1734 1763 1767
3 1768 1769 1763
3 1767 1763 1769
3 1768 1770 1769
3 1770 1771 1769
3 1735 1764 1762
3 1735 1736 1764
3 1770 1772 1771
3 1772 1773 1771
3 1736 1765 1764
3 1736 1737 1765
3 1772 1774 1775
3 1772 1775 1773
3 1737 1724 1765
3 1774 1776 1775
3 1726 1738 1766
3 1738 1727 1766
3 1741 1777 1739
3 1742 1739 1777
3 1778 1742 1777
3 1744 1742 1778
3 1779 1744 1778
3 1745 1744 1779
3 1780 1745 1779
3 1746 1745 1780
3 1781 1746 1780
3 1746 1781 1749
3 1750 1751 1782
3 1750 1782 1753
3 1777 1741 1755
3 1778 1777 1755
3 1756 1778 1755
3 1779 1778 1756
3 1759 1782 1751
3 1782 1759 1753
3 1760 1761 1784
3 1760 1784 1763
3 1761 1250 1263
3 1761 1263 1784
3 1784 1263 1785
3 1768 1763 1784
3 1768 1784 1786
3 1786 1784 1785
3 1770 1768 1786
3 1787 1770 1786
3 1772 1770 1787
3 1788 1772 1787
3 1774 1772 1788
3 1789 1774 1788
3 1774 1789 1776
3 1792 1793 1791
3 1795 1796 1794
3 1798 1795 1794
3 1797 1798 1794
3 1797 1801 1799
3 1797 1799 1798
3 1798 1799 1800
3 1793 1802 1791
3 1793 1800 1802
3 1800 1799 1802
3 1806 1805 1803
3 1804 1806 1803
3 1796 1807 1794
3 1796 1804 1807
3 1804 1803 1807
3 1794 1808 1797
3 1807 1808 1794
3 1797 1808 1801
3 1810 1811 1809
3 1809 1806 1810
3 1809 1812 1806
3 1812 1805 1806
3 1814 1815 1813
3 1817 1814 1813
3 1816 1817 1813
3 1816 1819 1818
3 1817 1816 1818
3 1817 1818 1809
3 1817 1809 1811
3 1809 1818 1812
3 1813 1815 1820
3 1816 1813 1820
3 1821 1816 1820
3 1821 1824 1823
3 1816 1821 1823
3 1816 1823 1822
3 1816 1822 1819
3 1822 1823 1825
3 1826 1823 1824
3 1826 1824 1827
3 1827 1824 1828
3 1823 1826 1825
3 1832 1831 1829
3 1830 1832 1829
3 1829 1828 1830
3 1827 1828 1829
3 1834 1835 1833
3 1833 1832 1834
3 1833 1836 1832
3 1836 1831 1832
3 1837 1833 1835
3 1837 1835 1838
3 1838 1835 1839
3 1842 1840 1841
3 1844 1842 1841
3 1843 1844 1841
3 1846 1844 1843
3 1845 1846 1843
3 1847 22 1790
3 1801 1849 1848
3 1799 1801 1848
3 1848 1850 1799
3 1799 1850 1802
3 1805 1852 1851
3 1803 1805 1851
3 1851 1853 1803
3 1803 1853 1807
3 1853 1854 1807
3 1807 1854 1808
3 1854 1801 1808
3 1849 1801 1854
3 1852 1805 1855
3 1855 1805 1812
3 1858 1856 1857
3 1819 1857 1856
3 1819 1856 1818
3 1818 1856 1859
3 1859 1812 1818
3 1855 1812 1859
3 1858 1857 1860
3 1862 1822 1861
3 1860 1822 1862
3 1860 1819 1822
3 1860 1857 1819
3 1822 1825 1861
3 1861 1826 1827
3 1861 1827 1862
3 1862 1827 1863
3 1861 1825 1826
3 1831 1865 1864
3 1829 1831 1864
3 1864 1827 1829
3 1863 1827 1864
3 1865 1831 1866
3 1866 1831 1836
3 1838 1868 1867
3 1837 1838 1867
3 1840 1842 1869
3 1869 1838 1840
3 1869 1870 1838
3 1870 1868 1838
3 1871 1869 1842
3 1844 1871 1842
3 1874 1872 1873
3 1849 1873 1872
3 1849 1872 1848
3 1848 1872 1875
3 1875 1876 1848
3 1848 1876 1850
3 1852 1878 1877
3 1851 1852 1877
3 1877 1879 1851
3 1851 1879 1853
3 1873 1879 1874
3 1873 1854 1879
3 1854 1853 1879
3 1873 1849 1854
3 1878 1852 1880
3 1880 1852 1855
3 1858 1882 1881
3 1856 1858 1881
3 1884 1883 1859
3 1884 1859 1881
3 1881 1859 1856
3 1883 1855 1859
3 1883 1885 1855
3 1885 1880 1855
3 1882 1858 1860
3 1886 1882 1860
3 1888 1883 1862
3 1888 1887 1883
3 1862 1883 1860
3 1884 1886 1883
3 1860 1883 1886
3 1883 1887 1885
3 1888 1862 1889
3 1889 1862 1863
3 1865 1891 1890
3 1864 1865 1890
3 1890 1863 1864
3 1889 1863 1890
3 1891 1865 1892
3 1892 1865 1866
3 1868 1894 1893
3 1867 1868 1893
3 1894 1868 1895
3 1895 1868 1870
3 1872 1874 1896
3 1875 1872 1896
3 1897 1875 1896
3 1897 1899 1898
3 1897 1898 1875
3 1875 1898 1876
3 1877 1878 1900
3 1900 1902 1901
3 1900 1901 1877
3 1877 1901 1879
3 1874 1903 1896
3 1874 1879 1903
3 1879 1901 1903
3 1896 1904 1897
3 1903 1904 1896
3 1897 1904 1899
3 1907 1905 1906
3 1906 1905 1908
3 1906 1908 1878
3 1906 1878 1880
3 1900 1878 1908
3 1900 1908 1902
3 1882 1910 1909
3 1881 1882 1909
3 1912 1884 1881
3 1912 1881 1909
3 1907 1906 1911
3 1906 1913 1911
3 1906 1880 1913
3 1880 1885 1913
3 1910 1882 1886
3 1914 1910 1886
3 1884 1912 1914
3 1884 1914 1886
3 1888 1915 1887
3 1915 1885 1887
3 1915 1916 1885
3 1916 1913 1885
3 1917 1915 1888
3 1917 1888 1918
3 1918 1888 1889
3 1915 1917 1916
3 1891 1920 1919
3 1890 1891 1919
3 1919 1889 1890
3 1918 1889 1919
3 1894 1922 1921
3 1893 1894 1921
3 1925 1923 1924
3 1923 1895 1924
3 1923 1922 1895
3 1922 1894 1895
3 1898 1899 1926
3 1902 1928 1927
3 1901 1902 1927
3 1927 1929 1901
3 1901 1929 1903
3 1929 1930 1903
3 1903 1930 1904
3 1899 1931 1926
3 1899 1904 1931
3 1904 1930 1931
3 1907 1933 1932
3 1905 1907 1932
3 1932 1934 1905
3 1905 1934 1908
3 1934 1902 1908
3 1928 1902 1934
3 1909 1910 1935
3 1935 1912 1909
3 1937 1907 1936
3 1937 1933 1907
3 1907 1911 1936
3 1911 1913 1936
3 1938 1939 1940
3 1935 1910 1914
3 1914 1912 1935
3 1938 1937 1939
3 1939 1937 1936
3 1939 1936 1941
3 1936 1916 1941
3 1913 1916 1936
3 1943 1940 1939
3 1942 1943 1939
3 1918 1941 1917
3 1918 1942 1941
3 1942 1939 1941
3 1941 1916 1917
3 1942 1919 1920
3 1942 1920 1943
3 1943 1920 1944
3 1942 1918 1919
3 1922 1946 1945
3 1921 1922 1945
3 1923 1925 1947
3 1947 1922 1923
3 1947 1948 1922
3 1948 1946 1922
3 1949 1947 1925
3 1950 1949 1925
3 1951 1949 1950
3 1951 1950 1952
3 1952 1950 1953
3 1928 1955 1954
3 1927 1928 1954
3 1954 1956 1927
3 1927 1956 1929
3 1956 1957 1929
3 1929 1957 1930
3 1957 1958 1930
3 1930 1958 1931
3 1932 1933 1959
3 1959 1961 1960
3 1959 1960 1932
3 1932 1960 1934
3 1960 1928 1934
3 1955 1928 1960
3 1962 1959 1933
3 1962 1933 1963
3 1963 1933 1937
3 1959 1962 1961
3 1966 1964 1965
3 1940 1965 1964
3 1940 1964 1938
3 1938 1964 1967
3 1967 1937 1938
3 1963 1937 1967
3 1966 1965 1968
3 1965 1940 1943
3 1965 1943 1969
3 1965 1969 1968
3 1969 1943 1970
3 1969 1970 1971
3 1972 1970 1943
3 1972 1943 1973
3 1973 1943 1944
3 1970 1972 1971
3 1973 1944 1974
3 1974 1944 1975
3 1945 1946 1976
3 1979 1977 1978
3 1978 1951 1952
3 1978 1952 1979
3 1979 1952 1980
3 1983 1981 1982
3 1954 1955 1984
3 1984 1986 1985
3 1984 1985 1954
3 1954 1985 1956
3 1985 1987 1956
3 1956 1987 1957
3 1982 1987 1983
3 1982 1958 1987
3 1958 1957 1987
3 1961 1989 1988
3 1960 1961 1988
3 1955 1990 1984
3 1955 1960 1990
3 1960 1988 1990
3 1984 1990 1986
3 1962 1963 1991
3 1991 1961 1962
3 1991 1992 1961
3 1992 1989 1961
3 1964 1966 1993
3 1967 1964 1993
3 1994 1967 1993
3 1994 1996 1995
3 1967 1994 1995
3 1967 1995 1991
3 1967 1991 1963
3 1991 1995 1992
3 1993 1966 1968
3 1994 1993 1968
3 1969 1994 1968
3 1969 1996 1994
3 1969 1971 1996
3 1971 1997 1996
3 1973 1999 1998
3 1972 1973 1998
3 1998 1971 1972
3 1997 1971 1998
3 1999 1973 2000
3 2000 1973 1974
3 2003 2001 2002
3 1977 1979 2004
3 2005 2004 1979
3 1980 2005 1979
3 2006 2005 1980
3 1981 1983 2008
3 1986 2010 2009
3 1985 1986 2009
3 2009 2011 1985
3 1985 2011 1987
3 1983 2012 2008
3 1983 1987 2012
3 1987 2011 2012
3 1989 2014 2013
3 1988 1989 2013
3 2013 2015 1988
3 1988 2015 1990
3 2015 1986 1990
3 2010 1986 2015
3 2018 2016 2017
3 2016 2019 2020
3 2017 2016 2020
3 2019 1992 2020
3 2019 2014 1992
3 2014 1989 1992
3 2018 2017 2021
3 2021 1996 2022
3 2021 2020 1996
3 2021 2017 2020
3 1995 1996 2020
3 2020 1992 1995
3 2022 1996 2023
3 2023 1996 1997
3 1999 2025 2024
3 1998 1999 2024
3 2024 1997 1998
3 2023 1997 2024
3 2025 1999 2026
3 2026 1999 2000
3 2003 2028 2027
3 2001 2003 2027
3 2010 2030 2029
3 2009 2010 2029
3 2029 2031 2009
3 2009 2031 2011
3 2031 2032 2011
3 2011 2032 2012
3 2013 2014 2033
3 2033 2035 2034
3 2033 2034 2013
3 2013 2034 2015
3 2034 2010 2015
3 2030 2010 2034
3 2016 2018 2036
3 2036 2038 2037
3 2036 2037 2016
3 2016 2037 2019
3 2014 2039 2033
3 2014 2019 2039
3 2019 2037 2039
3 2033 2039 2035
3 2042 2040 2041
3 2040 2043 2041
3 2018 2021 2036
3 2021 2038 2036
3 2021 2022 2038
3 2022 2044 2038
3 2046 2042 2041
3 2045 2046 2041
3 2043 2047 2045
3 2041 2043 2045
3 2044 2022 2048
3 2048 2022 2023
3 2046 2045 2049
3 2050 2024 2025
3 2050 2025 2051
3 2049 2045 2047
3 2050 2023 2024
3 2048 2023 2050
3 2054 2052 2053
3 2052 2026 2053
3 2052 2051 2026
3 2051 2025 2026
3 2053 2027 2028
3 2053 2028 2054
3 2054 2028 2055
3 2030 2057 2056
3 2029 2030 2056
3 2056 2058 2029
3 2029 2058 2031
3 2058 2059 2031
3 2031 2059 2032
3 2035 2061 2060
3 2034 2035 2060
3 2060 2030 2034
3 2057 2030 2060
3 2038 2063 2062
3 2037 2038 2062
3 2062 2064 2037
3 2037 2064 2039
3 2064 2035 2039
3 2061 2035 2064
3 2040 2042 2065
3 2065 2043 2040
3 2068 2066 2067
3 2066 2044 2067
3 2066 2063 2044
3 2063 2038 2044
3 2069 2065 2042
3 2069 2042 2070
3 2070 2042 2046
3 2067 2071 2068
3 2065 2069 2043
3 2043 2069 2072
3 2043 2072 2047
3 2067 2073 2071
3 2067 2044 2073
3 2044 2048 2073
3 2070 2046 2049
3 2074 2070 2049
3 2076 2075 2050
3 2076 2050 2051
3 2072 2074 2047
3 2047 2074 2049
3 2075 2048 2050
3 2073 2048 2075
3 2054 2078 2077
3 2052 2054 2077
3 2077 2051 2052
3 2076 2051 2077
3 2078 2054 2079
3 2079 2054 2055
3 2056 2057 2080
3 2080 2082 2081
3 2080 2081 2056
3 2056 2081 2058
3 2081 2083 2058
3 2058 2083 2059
3 2086 2084 2085
3 2061 2085 2084
3 2061 2084 2060
3 2060 2084 2087
3 2057 2088 2080
3 2057 2060 2088
3 2060 2087 2088
3 2080 2088 2082
3 2062 2063 2089
3 2089 2090 2086
3 2089 2086 2064
3 2089 2064 2062
3 2064 2086 2085
3 2085 2061 2064
3 2068 2092 2091
3 2066 2068 2091
3 2063 2093 2089
3 2063 2066 2093
3 2066 2091 2093
3 2089 2093 2090
3 2069 2070 2094
3 2071 2095 2092
3 2071 2092 2068
3 2069 2094 2072
3 2071 2096 2095
3 2073 2096 2071
3 2094 2070 2074
3 2076 2098 2097
3 2076 2097 2075
3 2072 2094 2074
3 2097 2073 2075
3 2096 2073 2097
3 2078 2100 2099
3 2077 2078 2099
3 2099 2076 2077
3 2098 2076 2099
3 2100 2078 2101
3 2101 2078 2079
3 2081 2082 2102
3 2102 2104 2103
3 2102 2103 2081
3 2081 2103 2083
3 2086 2106 2105
3 2084 2086 2105
3 2105 2107 2084
3 2084 2107 2087
3 2107 2108 2087
3 2087 2108 2088
3 2082 2109 2102
3 2082 2088 2109
3 2088 2108 2109
3 2102 2109 2104
3 2112 2110 2111
3 2110 2090 2111
3 2110 2106 2090
3 2106 2086 2090
3 2092 2114 2113
3 2091 2092 2113
3 2111 2113 2112
3 2111 2093 2113
3 2093 2091 2113
3 2111 2090 2093
3 2114 2092 2095
3 2115 2114 2095
3 2095 2116 2115
3 2096 2116 2095
3 2098 2118 2117
3 2097 2098 2117
3 2117 2096 2097
3 2116 2096 2117
3 2100 2120 2119
3 2099 2100 2119
3 2119 2098 2099
3 2118 2098 2119
3 2120 2100 2121
3 2121 2100 2101
3 2121 2101 2122
3 2122 2101 2123
3 2126 2124 2125
3 2124 2127 2128
3 2125 2124 2128
3 2126 2125 2129
3 2132 2130 2131
3 2134 2131 2130
3 2133 2103 2104
3 2106 2136 2135
3 2105 2106 2135
3 2135 2137 2105
3 2105 2137 2107
3 2137 2138 2107
3 2107 2138 2108
3 2131 2138 2132
3 2131 2109 2138
3 2109 2108 2138
3 2104 2139 2133
3 2104 2109 2139
3 2134 2139 2131
3 2131 2139 2109
3 2110 2112 2140
3 2140 2106 2110
3 2140 2141 2106
3 2141 2136 2106
3 2114 2143 2142
3 2113 2114 2142
3 2112 2144 2140
3 2112 2113 2144
3 2113 2142 2144
3 2140 2144 2141
3 2115 2145 2146
3 2115 2146 2114
3 2114 2146 2143
3 2115 2116 2145
3 2145 2117 2118
3 2145 2118 2146
3 2146 2118 2147
3 2145 2116 2117
3 2119 2120 2148
3 2149 2147 2118
3 2149 2118 2148
3 2149 2148 2150
3 2119 2148 2118
3 2149 2150 2151
3 2152 2148 2120
3 2152 2120 2153
3 2153 2120 2121
3 2153 2121 2154
3 2154 2121 2122
3 2124 2126 2155
3 2155 2157 2156
3 2155 2156 2124
3 2124 2156 2127
3 2160 2158 2159
3 2158 2161 2159
3 2126 2129 2155
3 2160 2159 2162
3 2159 2161 2162
3 2165 2163 2164
3 2132 2164 2163
3 2132 2163 2130
3 2130 2163 2166
3 2168 2134 2130
3 2168 2130 2167
3 2167 2130 2166
3 2136 2170 2169
3 2135 2136 2169
3 2169 2171 2135
3 2135 2171 2137
3 2164 2171 2165
3 2164 2138 2171
3 2138 2137 2171
3 2164 2132 2138
3 2168 2139 2134
3 2174 2172 2173
3 2172 2141 2173
3 2172 2170 2141
3 2170 2136 2141
3 2143 2176 2175
3 2142 2143 2175
3 2173 2175 2174
3 2173 2144 2175
3 2144 2142 2175
3 2173 2141 2144
3 2179 2177 2178
3 2177 2146 2178
3 2177 2176 2146
3 2176 2143 2146
3 2179 2178 2180
3 2178 2181 2180
3 2178 2146 2181
3 2146 2147 2181
3 2149 2182 2183
3 2149 2183 2147
3 2147 2183 2181
3 2149 2151 2182
3 2153 2185 2184
3 2152 2153 2184
3 2182 2184 2183
3 2182 2186 2184
3 2186 2152 2184
3 2182 2151 2186
3 2189 2187 2188
3 2187 2154 2188
3 2187 2185 2154
3 2185 2153 2154
3 2188 2156 2157
3 2188 2157 2189
3 2189 2157 2190
3 2158 2160 2191
3 2191 2161 2158
3 2194 2192 2193
3 2191 2160 2162
3 2162 2161 2191
3 2163 2165 2195
3 2195 2197 2196
3 2195 2196 2163
3 2163 2196 2166
3 2196 2198 2166
3 2166 2198 2167
3 2169 2170 2199
3 2199 2201 2200
3 2199 2200 2169
3 2169 2200 2171
3 2165 2202 2195
3 2165 2171 2202
3 2171 2200 2202
3 2195 2202 2197
3 2172 2174 2203
3 2203 2205 2204
3 2172 2203 2204
3 2172 2204 2199
3 2172 2199 2170
3 2199 2204 2201
3 2176 2207 2206
3 2175 2176 2206
3 2174 2175 2206
3 2174 2206 2208
3 2174 2208 2203
3 2208 2206 2209
3 2205 2208 2210
3 2203 2208 2205
3 2177 2179 2211
3 2211 2176 2177
3 2211 2212 2176
3 2212 2207 2176
3 2209 2213 2208
3 2208 2213 2210
3 2216 2215 2214
3 2214 2215 2217
3 2218 2219 2220
3 2211 2179 2180
3 2180 2212 2211
3 2180 2181 2212
3 2218 2212 2219
3 2219 2212 2181
3 2216 2221 2215
3 2215 2221 2217
3 2223 2220 2219
3 2222 2223 2219
3 2183 2224 2181
3 2183 2225 2224
3 2181 2224 2219
3 2226 2222 2224
3 2219 2224 2222
3 2224 2225 2227
3 2222 2228 2223
3 2184 2185 2229
3 2184 2229 2231
3 2184 2231 2230
3 2184 2230 2183
3 2225 2183 2230
3 2222 2226 2228
3 2225 2230 2227
3 2187 2189 2232
3 2232 2234 2233
3 2187 2232 2233
3 2187 2233 2229
3 2187 2229 2185
3 2235 2232 2189
3 2235 2189 2236
3 2236 2189 2190
3 2192 2194 2237
3 2237 2190 2192
3 2237 2238 2190
3 2238 2236 2190
3 2241 2239 2240
3 2243 2240 2239
3 2242 2196 2197
3 2242 2245 2244
3 2242 2244 2196
3 2196 2244 2198
3 2201 2247 2246
3 2200 2201 2246
3 2240 2246 2241
3 2240 2202 2246
3 2202 2200 2246
3 2197 2248 2242
3 2197 2202 2248
3 2243 2248 2240
3 2240 2248 2202
3 2242 2248 2245
3 2205 2250 2249
3 2204 2205 2249
3 2249 2201 2204
3 2247 2201 2249
3 2206 2207 2251
3 2206 2251 2209
3 2250 2205 2252
3 2252 2205 2210
3 2253 2251 2207
3 2253 2207 2254
3 2254 2207 2212
3 2256 2255 2213
3 2253 2256 2213
3 2253 2213 2209
3 2253 2209 2251
3 2255 2210 2213
3 2255 2257 2210
3 2257 2252 2210
3 2214 2258 2216
3 2214 2217 2258
3 2218 2220 2259
3 2259 2212 2218
3 2259 2260 2212
3 2260 2254 2212
3 2256 2261 2255
3 2255 2261 2257
3 2258 2221 2216
3 2262 2259 2220
3 2223 2262 2220
3 2262 2224 2259
3 2262 2226 2224
3 2259 2224 2260
3 2263 2264 2224
3 2260 2224 2264
3 2224 2227 2263
3 2265 2266 2267
3 2262 2223 2228
3 2264 2263 2230
3 2264 2230 2231
3 2264 2231 2265
3 2266 2265 2231
3 2262 2228 2226
3 2266 2233 2234
3 2266 2234 2267
3 2267 2234 2268
3 2236 2270 2269
3 2235 2236 2269
3 2270 2236 2271
3 2271 2236 2238
3 2272 2274 2273
3 2273 2274 2275
3 2274 2276 2275
3 2275 2276 2277
3 2276 2278 2277
3 2277 2278 2279
3 2278 2280 2279
3 2279 2280 2281
3 2281 2280 2282
3 2283 2281 2282
3 2282 2285 2283
3 2284 2285 2282
3 2284 2286 2285
3 2285 2286 2287
3 2286 2288 2287
3 2287 2288 2289
3 2288 2290 2289
3 2289 2290 2291
3 2294 2292 2293
3 2294 2293 2290
3 2290 2293 2291
3 2293 2292 2295
3 2294 2296 2292
3 2292 2298 2295
3 2292 2296 2298
3 2296 2297 2298
3 2297 2299 2298
3 2298 2299 2300
3 2299 2301 2300
3 2300 2301 2302
3 2301 2303 2302
3 2302 2303 2304
3 2303 2305 2304
3 2304 2305 2306
3 2305 2307 2306
3 2306 2307 2308
3 2308 2307 2309
3 2310 2308 2309
3 2309 2312 2310
3 2311 2312 2309
3 2313 2314 2272
3 2272 2314 2274
3 2314 2315 2274
3 2274 2315 2276
3 2317 2316 2278
3 2317 2278 2315
3 2315 2278 2276
3 2280 2278 2316
3 2318 2280 2316
3 2280 2318 2282
3 2317 2319 2316
3 2316 2320 2318
3 2319 2320 2316
3 2318 2284 2282
3 2318 2320 2284
3 2320 2321 2284
3 2321 2322 2284
3 2284 2322 2286
3 2322 2323 2286
3 2286 2323 2288
3 2325 2324 2290
3 2325 2290 2323
3 2323 2290 2288
3 2290 2324 2294
3 2325 2326 2324
3 2324 2296 2294
3 2324 2326 2296
3 2326 2327 2296
3 2327 2328 2296
3 2296 2328 2297
3 2328 2329 2297
3 2297 2329 2299
3 2329 2330 2299
3 2299 2330 2301
3 2330 2331 2301
3 2301 2331 2303
3 2331 2332 2303
3 2303 2332 2305
3 2332 2333 2305
3 2305 2333 2307
3 2335 2309 2307
3 2335 2307 2334
3 2334 2307 2333
3 2335 2311 2309
3 2336 2337 2313
3 2313 2337 2314
3 2337 2338 2314
3 2314 2338 2315
3 2340 2317 2315
3 2340 2315 2339
3 2339 2315 2338
3 2339 2341 2340
3 2340 2319 2317
3 2341 2319 2340
3 2341 2342 2319
3 2342 2320 2319
3 2342 2343 2320
3 2320 2343 2321
3 2343 2344 2321
3 2321 2344 2322
3 2344 2345 2322
3 2322 2345 2323
3 2347 2325 2323
3 2347 2323 2346
3 2346 2323 2345
3 2346 2348 2347
3 2347 2326 2325
3 2348 2326 2347
3 2348 2349 2326
3 2349 2327 2326
3 2349 2350 2327
3 2327 2350 2328
3 2350 2351 2328
3 2328 2351 2329
3 2351 2352 2329
3 2329 2352 2330
3 2352 2353 2330
3 2330 2353 2331
3 2353 2354 2331
3 2331 2354 2332
3 2354 2355 2332
3 2332 2355 2333
3 2357 2356 2334
3 2357 2334 2355
3 2355 2334 2333
3 2357 2358 2356
3 2359 2360 2336
3 2336 2360 2337
3 2360 2361 2337
3 2337 2361 2338
3 2363 2362 2339
3 2363 2339 2361
3 2361 2339 2338
3 2339 2362 2341
3 2363 2364 2362
3 2362 2342 2341
3 2362 2364 2342
3 2364 2365 2342
3 2365 2366 2342
3 2342 2366 2343
3 2366 2367 2343
3 2343 2367 2344
3 2367 2368 2344
3 2344 2368 2345
3 2368 2369 2345
3 2345 2369 2346
3 2346 2369 2370
3 2348 2346 2370
3 2370 2349 2348
3 2371 2349 2370
3 2371 2372 2349
3 2349 2372 2350
3 2372 2373 2350
3 2350 2373 2351
3 2373 2374 2351
3 2351 2374 2352
3 2374 2375 2352
3 2352 2375 2353
3 2375 2376 2353
3 2353 2376 2354
3 2376 2377 2354
3 2354 2377 2355
3 2355 2377 2378
3 2357 2355 2378
3 2378 2358 2357
3 2379 2358 2378
3 2380 2381 2359
3 2359 2381 2360
3 2383 2382 2361
3 2383 2361 2381
3 2381 2361 2360
3 2361 2382 2363
3 2383 2384 2382
3 2382 2364 2363
3 2382 2384 2364
3 2384 2385 2364
3 2385 2386 2364
3 2364 2386 2365
3 2386 2387 2365
3 2365 2387 2366
3 2387 2388 2366
3 2366 2388 2367
3 2388 2389 2367
3 2367 2389 2368
3 2391 2390 2369
3 2391 2369 2389
3 2389 2369 2368
3 2369 2390 2370
3 2391 2392 2390
3 2390 2371 2370
3 2390 2392 2371
3 2392 2393 2371
3 2393 2394 2371
3 2371 2394 2372
3 2394 2395 2372
3 2372 2395 2373
3 2395 2396 2373
3 2373 2396 2374
3 2396 2397 2374
3 2374 2397 2375
3 2397 2398 2375
3 2375 2398 2376
3 2398 2399 2376
3 2376 2399 2377
3 2377 2399 2400
3 2378 2377 2400
3 2400 2379 2378
3 2401 2379 2400
3 2402 2403 2380
3 2380 2403 2381
3 2381 2403 2404
3 2383 2381 2404
3 2404 2384 2383
3 2405 2384 2404
3 2405 2406 2384
3 2384 2406 2385
3 2406 2407 2385
3 2385 2407 2386
3 2407 2408 2386
3 2386 2408 2387
3 2408 2409 2387
3 2387 2409 2388
3 2409 2410 2388
3 2388 2410 2389
3 2389 2410 2411
3 2391 2389 2411
3 2411 2392 2391
3 2412 2392 2411
3 2412 2413 2392
3 2392 2413 2393
3 2413 2414 2393
3 2393 2414 2394
3 2414 2415 2394
3 2394 2415 2395
3 2415 2416 2395
3 2395 2416 2396
3 2416 2417 2396
3 2396 2417 2397
3 2417 2418 2397
3 2397 2418 2398
3 2418 2419 2398
3 2398 2419 2399
3 2399 2419 2420
3 2400 2399 2420
3 2420 2401 2400
3 2421 2401 2420
3 2422 2423 2402
3 2402 2423 2403
3 2403 2423 2424
3 2404 2403 2424
3 2424 2405 2404
3 2425 2405 2424
3 2425 2426 2405
3 2405 2426 2406
3 2426 2427 2406
3 2406 2427 2407
3 2427 2428 2407
3 2407 2428 2408
3 2428 2429 2408
3 2408 2429 2409
3 2429 2430 2409
3 2409 2430 2410
3 2410 2430 2431
3 2411 2410 2431
3 2431 2412 2411
3 2432 2412 2431
3 2432 2433 2412
3 2412 2433 2413
3 2433 2434 2413
3 2413 2434 2414
3 2434 2435 2414
3 2414 2435 2415
3 2435 2436 2415
3 2415 2436 2416
3 2436 2437 2416
3 2416 2437 2417
3 2437 2438 2417
3 2417 2438 2418
3 2438 2439 2418
3 2418 2439 2419
3 2419 2439 2440
3 2420 2419 2440
3 2440 2421 2420
3 2441 2421 2440
3 2442 2443 2422
3 2422 2443 2423
3 2423 2443 2444
3 2424 2423 2444
3 2444 2425 2424
3 2445 2425 2444
3 2445 2446 2425
3 2425 2446 2426
3 2446 2447 2426
3 2426 2447 2427
3 2447 2448 2427
3 2427 2448 2428
3 2448 2449 2428
3 2428 2449 2429
3 2449 2450 2429
3 2429 2450 2430
3 2430 2450 2451
3 2431 2430 2451
3 2451 2432 2431
3 2452 2432 2451
3 2452 2453 2432
3 2432 2453 2433
3 2453 2454 2433
3 2433 2454 2434
3 2454 2455 2434
3 2434 2455 2435
3 2455 2456 2435
3 2435 2456 2436
3 2456 2457 2436
3 2436 2457 2437
3 2457 2458 2437
3 2437 2458 2438
3 2460 2459 2439
3 2460 2439 2458
3 2458 2439 2438
3 2439 2459 2440
3 2460 2461 2459
3 2459 2441 2440
3 2459 2461 2441
3 2461 2462 2441
3 2463 2464 2442
3 2442 2464 2443
3 2443 2464 2465
3 2444 2443 2465
3 2465 2445 2444
3 2466 2445 2465
3 2466 2467 2445
3 2445 2467 2446
3 2467 2468 2446
3 2446 2468 2447
3 2468 2469 2447
3 2447 2469 2448
3 2469 2470 2448
3 2448 2470 2449
3 2470 2471 2449
3 2449 2471 2450
3 2450 2471 2472
3 2451 2450 2472
3 2472 2452 2451
3 2473 2452 2472
3 2473 2474 2452
3 2452 2474 2453
3 2474 2475 2453
3 2453 2475 2454
3 2475 2476 2454
3 2454 2476 2455
3 2476 2477 2455
3 2455 2477 2456
3 2477 2478 2456
3 2456 2478 2457
3 2478 2479 2457
3 2457 2479 2458
3 2458 2479 2480
3 2460 2458 2480
3 2480 2461 2460
3 2481 2461 2480
3 2481 2482 2461
3 2461 2482 2462
3 2483 2484 2463
3 2463 2484 2464
3 2464 2484 2485
3 2465 2464 2485
3 2485 2466 2465
3 2486 2466 2485
3 2486 2487 2466
3 2466 2487 2467
3 2487 2488 2467
3 2467 2488 2468
3 2488 2489 2468
3 2468 2489 2469
3 2489 2490 2469
3 2469 2490 2470
3 2492 2491 2471
3 2492 2471 2490
3 2490 2471 2470
3 2471 2491 2472
3 2492 2493 2491
3 2491 2473 2472
3 2491 2493 2473
3 2493 2494 2473
3 2494 2495 2473
3 2473 2495 2474
3 2495 2496 2474
3 2474 2496 2475
3 2496 2497 2475
3 2475 2497 2476
3 2497 2498 2476
3 2476 2498 2477
3 2498 2499 2477
3 2477 2499 2478
3 2501 2500 2479
3 2501 2479 2499
3 2499 2479 2478
3 2479 2500 2480
3 2501 2502 2500
3 2500 2481 2480
3 2500 2502 2481
3 2502 2503 2481
3 2503 2504 2481
3 2481 2504 2482
3 2507 2506 2484
3 2507 2484 2505
3 2505 2484 2483
3 2484 2506 2485
3 2507 2508 2506
3 2506 2486 2485
3 2506 2508 2486
3 2508 2509 2486
3 2509 2510 2486
3 2486 2510 2487
3 2510 2511 2487
3 2487 2511 2488
3 2511 2512 2488
3 2488 2512 2489
3 2512 2513 2489
3 2489 2513 2490
3 2490 2513 2514
3 2492 2490 2514
3 2514 2493 2492
3 2515 2493 2514
3 2515 2516 2493
3 2493 2516 2494
3 2516 2517 2494
3 2494 2517 2495
3 2517 2518 2495
3 2495 2518 2496
3 2518 2519 2496
3 2496 2519 2497
3 2519 2520 2497
3 2497 2520 2498
3 2520 2521 2498
3 2498 2521 2499
3 2499 2521 2522
3 2501 2499 2522
3 2522 2502 2501
3 2523 2502 2522
3 2523 2524 2502
3 2502 2524 2503
3 2524 2525 2503
3 2503 2525 2504
3 2528 2507 2505
3 2528 2505 2527
3 2527 2505 2526
3 2527 2529 2528
3 2528 2508 2507
3 2529 2508 2528
3 2529 2530 2508
3 2530 2509 2508
3 2530 2531 2509
3 2509 2531 2510
3 2531 2532 2510
3 2510 2532 2511
3 2532 2533 2511
3 2511 2533 2512
3 2533 2534 2512
3 2512 2534 2513
3 2513 2534 2535
3 2514 2513 2535
3 2535 2515 2514
3 2536 2515 2535
3 2536 2537 2515
3 2515 2537 2516
3 2537 2538 2516
3 2516 2538 2517
3 2538 2539 2517
3 2517 2539 2518
3 2539 2540 2518
3 2518 2540 2519
3 2540 2541 2519
3 2519 2541 2520
3 2541 2542 2520
3 2520 2542 2521
3 2544 2522 2521
3 2544 2521 2543
3 2543 2521 2542
3 2543 2545 2544
3 2544 2523 2522
3 2545 2523 2544
3 2545 2546 2523
3 2546 2524 2523
3 2546 2547 2524
3 2524 2547 2525
3 2548 2549 2526
3 2526 2549 2527
3 2527 2549 2550
3 2529 2527 2550
3 2550 2530 2529
3 2551 2530 2550
3 2551 2552 2530
3 2530 2552 2531
3 2552 2553 2531
3 2531 2553 2532
3 2553 2554 2532
3 2532 2554 2533
3 2554 2555 2533
3 2533 2555 2534
3 2534 2555 2556
3 2535 2534 2556
3 2556 2536 2535
3 2557 2536 2556
3 2557 2558 2536
3 2536 2558 2537
3 2558 2559 2537
3 2537 2559 2538
3 2559 2560 2538
3 2538 2560 2539
3 2560 2561 2539
3 2539 2561 2540
3 2561 2562 2540
3 2540 2562 2541
3 2562 2563 2541
3 2541 2563 2542
3 2565 2564 2543
3 2565 2543 2563
3 2563 2543 2542
3 2543 2564 2545
3 2565 2566 2564
3 2564 2546 2545
3 2564 2566 2546
3 2566 2567 2546
3 2567 2568 2546
3 2546 2568 2547
3 2549 2548 2569
3 2570 2549 2569
3 2549 2570 2550
3 2569 2572 2570
3 2571 2572 2569
3 2570 2551 2550
3 2570 2572 2551
3 2572 2573 2551
3 2573 2574 2551
3 2551 2574 2552
3 2574 2575 2552
3 2552 2575 2553
3 2575 2576 2553
3 2553 2576 2554
3 2576 2577 2554
3 2554 2577 2555
3 2555 2577 2578
3 2556 2555 2578
3 2578 2557 2556
3 2579 2557 2578
3 2579 2580 2557
3 2557 2580 2558
3 2580 2581 2558
3 2558 2581 2559
3 2581 2582 2559
3 2559 2582 2560
3 2582 2583 2560
3 2560 2583 2561
3 2583 2584 2561
3 2561 2584 2562
3 2586 2585 2563
3 2586 2563 2584
3 2584 2563 2562
3 2563 2585 2565
3 2586 2587 2585
3 2585 2566 2565
3 2585 2587 2566
3 2587 2588 2566
3 2588 2589 2566
3 2566 2589 2567
3 2589 2590 2567
3 2567 2590 2568
3 2591 2592 2571
3 2571 2592 2572
3 2592 2593 2572
3 2572 2593 2573
3 2593 2594 2573
3 2573 2594 2574
3 2594 2595 2574
3 2574 2595 2575
3 2595 2596 2575
3 2575 2596 2576
3 2598 2597 2577
3 2598 2577 2596
3 2596 2577 2576
3 2577 2597 2578
3 2598 2599 2597
3 2597 2579 2578
3 2597 2599 2579
3 2599 2600 2579
3 2600 2601 2579
3 2579 2601 2580
3 2601 2602 2580
3 2580 2602 2581
3 2602 2603 2581
3 2581 2603 2582
3 2603 2604 2582
3 2582 2604 2583
3 2604 2605 2583
3 2583 2605 2584
3 2584 2605 2606
3 2586 2584 2606
3 2606 2587 2586
3 2607 2587 2606
3 2607 2608 2587
3 2587 2608 2588
3 2608 2609 2588
3 2588 2609 2589
3 2609 2610 2589
3 2589 2610 2590
3 86 87 2611
3 87 2591 2611
3 87 90 2591
3 90 2592 2591
3 90 92 2592
3 2592 92 2593
3 92 94 2593
3 2593 94 2594
3 94 96 2594
3 2594 96 2595
3 96 98 2595
3 2595 98 2596
3 2596 98 100
3 2598 2596 100
3 100 2599 2598
3 102 2599 100
3 102 104 2599
3 2599 104 2600
3 104 106 2600
3 2600 106 2601
3 106 108 2601
3 2601 108 2602
3 108 110 2602
3 2602 110 2603
3 110 112 2603
3 2603 112 2604
3 112 114 2604
3 2604 114 2605
3 2612 2606 2605
3 2612 2605 116
3 116 2605 114
3 116 118 2612
3 2612 2607 2606
3 118 2607 2612
3 118 121 2607
3 121 2608 2607
3 121 123 2608
3 2608 123 2609
3 123 125 2609
3 2609 125 2610
3 2311 2613 2312
3 2312 2613 2614
3 2613 2615 2614
3 2614 2615 2616
3 2615 2617 2616
3 2616 2617 2618
3 2620 2621 2618
3 2620 2618 2619
3 2619 2618 2617
3 2619 2622 2620
3 2620 2623 2621
3 2622 2623 2620
3 2622 2624 2623
3 2624 2625 2623
3 2628 2626 2627
3 2628 2627 2624
3 2624 2627 2625
3 2627 2626 2629
3 2628 2630 2626
3 2633 2631 2632
3 2630 2633 2632
3 2630 2632 2629
3 2630 2629 2626
3 2632 2631 2634
3 2633 2635 2631
3 2631 2635 2636
3 2631 2636 2634
3 2634 2636 2637
3 2636 2638 2637
3 2638 2639 2637
3 2638 2640 2639
3 2640 2641 2639
3 2640 2642 2641
3 2642 2643 2641
3 2642 2644 2643
3 2644 2645 2643
3 2334 2646 2335
3 2646 2311 2335
3 2646 2647 2311
3 2647 2613 2311
3 2647 2648 2613
3 2613 2648 2615
3 2648 2649 2615
3 2615 2649 2617
3 2651 2650 2619
3 2651 2619 2649
3 2649 2619 2617
3 2619 2650 2622
3 2651 2652 2650
3 2650 2624 2622
3 2650 2652 2624
3 2652 2653 2624
3 2624 2653 2654
3 2628 2624 2654
3 2654 2630 2628
3 2655 2630 2654
3 2630 2655 2656
3 2633 2630 2656
3 2656 2635 2633
3 2657 2635 2656
3 2635 2657 2658
3 2636 2635 2658
3 2658 2659 2636
3 2659 2638 2636
3 2659 2660 2638
3 2660 2640 2638
3 2660 2661 2640
3 2661 2642 2640
3 2661 2662 2642
3 2662 2644 2642
3 2334 2356 2646
3 2356 2647 2646
3 2356 2358 2647
3 2358 2663 2647
3 2663 2664 2647
3 2647 2664 2648
3 2664 2665 2648
3 2648 2665 2649
3 2649 2665 2666
3 2651 2649 2666
3 2666 2652 2651
3 2667 2652 2666
3 2667 2668 2652
3 2652 2668 2653
3 2653 2668 2669
3 2654 2653 2669
3 2669 2655 2654
3 2670 2655 2669
3 2655 2670 2671
3 2656 2655 2671
3 2671 2657 2656
3 2672 2657 2671
3 2657 2672 2673
3 2658 2657 2673
3 2673 2674 2658
3 2674 2659 2658
3 2674 2675 2659
3 2675 2660 2659
3 2675 2676 2660
3 2676 2661 2660
3 2676 2677 2661
3 2677 2662 2661
3 2379 2678 2358
3 2358 2678 2663
3 2678 2679 2663
3 2663 2679 2664
3 2679 2680 2664
3 2664 2680 2665
3 2665 2680 2681
3 2666 2665 2681
3 2681 2667 2666
3 2682 2667 2681
3 2682 2683 2667
3 2667 2683 2668
3 2668 2683 2684
3 2669 2668 2684
3 2684 2670 2669
3 2685 2670 2684
3 2670 2685 2686
3 2671 2670 2686
3 2686 2672 2671
3 2687 2672 2686
3 2672 2687 2688
3 2673 2672 2688
3 2688 2689 2673
3 2689 2674 2673
3 2689 2690 2674
3 2690 2675 2674
3 2690 2691 2675
3 2691 2676 2675
3 2691 2692 2676
3 2692 2677 2676
3 2401 2693 2379
3 2379 2693 2678
3 2693 2694 2678
3 2678 2694 2679
3 2694 2695 2679
3 2679 2695 2680
3 2680 2695 2696
3 2681 2680 2696
3 2696 2682 2681
3 2697 2682 2696
3 2697 2698 2682
3 2682 2698 2683
3 2683 2698 2699
3 2684 2683 2699
3 2699 2685 2684
3 2700 2685 2699
3 2685 2700 2701
3 2686 2685 2701
3 2701 2687 2686
3 2702 2687 2701
3 2687 2702 2703
3 2688 2687 2703
3 2703 2704 2688
3 2704 2689 2688
3 2704 2705 2689
3 2705 2690 2689
3 2705 2706 2690
3 2706 2691 2690
3 2706 2707 2691
3 2707 2692 2691
3 2421 2708 2401
3 2401 2708 2693
3 2708 2709 2693
3 2693 2709 2694
3 2709 2710 2694
3 2694 2710 2695
3 2695 2710 2711
3 2696 2695 2711
3 2711 2697 2696
3 2712 2697 2711
3 2712 2713 2697
3 2697 2713 2698
3 2698 2713 2714
3 2699 2698 2714
3 2714 2700 2699
3 2715 2700 2714
3 2700 2715 2716
3 2701 2700 2716
3 2716 2702 2701
3 2717 2702 2716
3 2702 2717 2718
3 2703 2702 2718
3 2718 2719 2703
3 2719 2704 2703
3 2719 2720 2704
3 2720 2705 2704
3 2720 2721 2705
3 2721 2706 2705
3 2721 2722 2706
3 2722 2707 2706
3 2441 2723 2421
3 2421 2723 2708
3 2723 2724 2708
3 2708 2724 2709
3 2724 2725 2709
3 2709 2725 2710
3 2710 2725 2726
3 2711 2710 2726
3 2726 2712 2711
3 2727 2712 2726
3 2727 2728 2712
3 2712 2728 2713
3 2713 2728 2729
3 2714 2713 2729
3 2729 2715 2714
3 2730 2715 2729
3 2715 2730 2731
3 2716 2715 2731
3 2731 2717 2716
3 2732 2717 2731
3 2717 2732 2733
3 2718 2717 2733
3 2733 2734 2718
3 2734 2719 2718
3 2734 2735 2719
3 2735 2720 2719
3 2735 2736 2720
3 2736 2721 2720
3 2462 2737 2441
3 2441 2737 2723
3 2737 2738 2723
3 2723 2738 2724
3 2738 2739 2724
3 2724 2739 2725
3 2725 2739 2740
3 2726 2725 2740
3 2740 2727 2726
3 2741 2727 2740
3 2741 2742 2727
3 2727 2742 2728
3 2728 2742 2743
3 2729 2728 2743
3 2743 2730 2729
3 2744 2730 2743
3 2730 2744 2745
3 2731 2730 2745
3 2745 2732 2731
3 2746 2732 2745
3 2732 2746 2747
3 2733 2732 2747
3 2747 2748 2733
3 2748 2734 2733
3 2748 2749 2734
3 2749 2735 2734
3 2749 2750 2735
3 2750 2736 2735
3 2482 2751 2462
3 2462 2751 2737
3 2751 2752 2737
3 2737 2752 2738
3 2752 2753 2738
3 2738 2753 2739
3 2739 2753 2754
3 2740 2739 2754
3 2754 2741 2740
3 2755 2741 2754
3 2755 2756 2741
3 2741 2756 2742
3 2742 2756 2757
3 2743 2742 2757
3 2757 2744 2743
3 2758 2744 2757
3 2744 2758 2759
3 2745 2744 2759
3 2759 2746 2745
3 2760 2746 2759
3 2746 2760 2761
3 2747 2746 2761
3 2761 2762 2747
3 2762 2748 2747
3 2762 2763 2748
3 2763 2749 2748
3 2763 2764 2749
3 2764 2750 2749
3 2504 2765 2482
3 2482 2765 2751
3 2765 2766 2751
3 2751 2766 2752
3 2768 2767 2753
3 2768 2753 2766
3 2766 2753 2752
3 2753 2767 2754
3 2768 2769 2767
3 2767 2755 2754
3 2767 2769 2755
3 2769 2770 2755
3 2770 2771 2755
3 2755 2771 2756
3 2756 2771 2772
3 2757 2756 2772
3 2772 2758 2757
3 2773 2758 2772
3 2758 2773 2774
3 2759 2758 2774
3 2774 2760 2759
3 2775 2760 2774
3 2760 2775 2776
3 2761 2760 2776
3 2776 2777 2761
3 2777 2762 2761
3 2777 2778 2762
3 2778 2763 2762
3 2778 2779 2763
3 2779 2764 2763
3 2525 2780 2504
3 2504 2780 2765
3 2780 2781 2765
3 2765 2781 2766
3 2766 2781 2782
3 2768 2766 2782
3 2782 2769 2768
3 2783 2769 2782
3 2783 2784 2769
3 2769 2784 2770
3 2784 2785 2770
3 2770 2785 2771
3 2771 2785 2786
3 2772 2771 2786
3 2786 2773 2772
3 2787 2773 2786
3 2773 2787 2788
3 2774 2773 2788
3 2788 2775 2774
3 2789 2775 2788
3 2775 2789 2790
3 2776 2775 2790
3 2790 2791 2776
3 2791 2777 2776
3 2791 2792 2777
3 2792 2778 2777
3 2792 2793 2778
3 2793 2779 2778
3 2547 2794 2525
3 2525 2794 2780
3 2794 2795 2780
3 2780 2795 2781
3 2781 2795 2796
3 2782 2781 2796
3 2796 2783 2782
3 2797 2783 2796
3 2797 2798 2783
3 2783 2798 2784
3 2798 2799 2784
3 2784 2799 2785
3 2785 2799 2800
3 2786 2785 2800
3 2800 2787 2786
3 2801 2787 2800
3 2787 2801 2802
3 2788 2787 2802
3 2789 2804 2803
3 2789 2788 2804
3 2788 2802 2804
3 2789 2803 2790
3 2804 2805 2803
3 2803 2805 2806
3 2803 2806 2790
3 2790 2806 2791
3 2806 2807 2791
3 2807 2792 2791
3 2807 2808 2792
3 2808 2793 2792
3 2568 2809 2547
3 2547 2809 2794
3 2809 2810 2794
3 2794 2810 2795
3 2795 2810 2811
3 2796 2795 2811
3 2811 2797 2796
3 2812 2797 2811
3 2812 2813 2797
3 2797 2813 2798
3 2813 2814 2798
3 2798 2814 2799
3 2799 2814 2815
3 2800 2799 2815
3 2815 2801 2800
3 2816 2801 2815
3 2801 2816 2817
3 2802 2801 2817
3 2819 2817 2818
3 2819 2804 2817
3 2804 2802 2817
3 2818 2820 2819
3 2819 2805 2804
3 2805 2819 2820
3 2805 2820 2806
3 2806 2820 2821
3 2821 2822 2806
3 2822 2807 2806
3 2822 2823 2807
3 2823 2808 2807
3 2590 2824 2568
3 2568 2824 2809
3 2826 2825 2810
3 2826 2810 2824
3 2824 2810 2809
3 2810 2825 2811
3 2826 2827 2825
3 2825 2812 2811
3 2825 2827 2812
3 2827 2828 2812
3 2828 2829 2812
3 2812 2829 2813
3 2831 2830 2814
3 2831 2814 2829
3 2829 2814 2813
3 2814 2830 2815
3 2831 2832 2830
3 2830 2816 2815
3 2830 2832 2816
3 2832 2833 2816
3 2816 2833 2834
3 2817 2816 2834
3 2834 2818 2817
3 2835 2818 2834
3 2818 2835 2836
3 2820 2818 2836
3 2836 2837 2820
3 2837 2821 2820
3 2837 2838 2821
3 2838 2822 2821
3 2838 2839 2822
3 2839 2823 2822
3 2610 2840 2590
3 2590 2840 2824
3 2824 2840 2841
3 2826 2824 2841
3 2841 2827 2826
3 2842 2827 2841
3 2842 2843 2827
3 2827 2843 2828
3 2843 2844 2828
3 2828 2844 2829
3 2829 2844 2845
3 2831 2829 2845
3 2845 2832 2831
3 2846 2832 2845
3 2846 2847 2832
3 2832 2847 2833
3 2833 2847 2848
3 2834 2833 2848
3 2848 2835 2834
3 2849 2835 2848
3 2835 2849 2850
3 2836 2835 2850
3 2850 2851 2836
3 2851 2837 2836
3 2851 2852 2837
3 2852 2838 2837
3 2852 2853 2838
3 2853 2839 2838
3 125 2854 2610
3 2610 2854 2840
3 2856 2841 2840
3 2856 2840 2855
3 2855 2840 2854
3 2855 2857 2856
3 2856 2842 2841
3 2857 2842 2856
3 2857 2858 2842
3 2858 2843 2842
3 2858 2859 2843
3 2843 2859 2844
3 2844 2859 2860
3 2845 2844 2860
3 2860 2846 2845
3 2861 2846 2860
3 2861 2862 2846
3 2846 2862 2847
3 2847 2862 2863
3 2848 2847 2863
3 2863 2849 2848
3 2864 2849 2863
3 2849 2864 2865
3 2850 2849 2865
3 2865 2866 2850
3 2866 2851 2850
3 2866 2867 2851
3 2867 2852 2851
3 2867 2868 2852
3 2868 2853 2852
3 2871 2870 2869
3 2869 2870 2873
3 2869 2873 2872
3 2872 2873 1111
3 2870 2871 2874
3 2870 2874 2873
3 2871 2875 2876
3 2869 2875 2871
3 2875 2869 2872
3 2877 2875 2872
3 2878 2876 2875
3 2878 2879 2876
3 2879 2880 2876
3 2878 2875 2877
3 2881 2882 2879
3 2882 2880 2879
3 2883 2880 2882
3 2885 2886 2884
3 2885 2882 2886
3 2882 2881 2886
3 2884 2887 2885
3 2885 2883 2882
3 2883 2885 2887
3 2889 2884 2886
3 2888 2884 2889
3 2884 2888 2890
3 2887 2884 2890
3 2891 2888 2889
3 2888 2891 2892
3 2888 2892 2890
3 2890 2892 2893
3 2894 2895 2892
3 2895 2893 2892
3 2898 2897 2896
3 2896 2897 2899
3 2896 2899 2894
3 2894 2899 2895
3 2900 2897 2898
3 2897 2900 2901
3 2897 2901 2899
3 2899 2901 2902
3 2906 2904 2905
3 2910 2912 2911
3 2911 2912 2913
3 2914 2912 2910
3 2917 2918 1093
3 1093 2918 1094
3 1094 2918 2919
3 1096 1094 2919
3 2919 1097 1096
3 2920 1097 2919
3 2920 2921 1097
3 1097 2921 1098
3 2921 2922 1098
3 1098 2922 1099
3 1099 2922 2923
3 1101 1099 2923
3 2923 1102 1101
3 2924 1102 2923
3 2926 1103 1102
3 2926 1102 2925
3 2925 1102 2924
3 2925 2927 2926
3 2926 1104 1103
3 1104 2926 2927
3 1104 2927 1105
3 1105 2927 2928
3 2928 2929 1105
3 2929 1106 1105
3 2929 1107 1106
3 2930 1107 2929
3 1107 2930 2931
3 1108 1107 2931
3 2931 2932 1108
3 2932 1109 1108
3 2932 2872 1109
3 2872 1111 1109
3 2933 2934 2917
3 2917 2934 2918
3 2936 2919 2918
3 2936 2918 2935
3 2935 2918 2934
3 2935 2937 2936
3 2936 2920 2919
3 2937 2920 2936
3 2937 2938 2920
3 2938 2921 2920
3 2938 2939 2921
3 2921 2939 2922
3 2922 2939 2940
3 2923 2922 2940
3 2940 2924 2923
3 2941 2924 2940
3 2943 2942 2925
3 2943 2925 2941
3 2941 2925 2924
3 2925 2942 2927
3 2943 2944 2942
3 2942 2944 2945
3 2942 2945 2927
3 2927 2945 2928
3 2947 2945 2946
3 2947 2929 2945
3 2929 2928 2945
3 2946 2948 2947
3 2947 2930 2929
3 2930 2947 2948
3 2930 2948 2931
3 2931 2948 2949
3 2949 2950 2931
3 2950 2932 2931
3 2950 2877 2932
3 2877 2872 2932
3 2951 2953 2952
3 2953 2933 2952
3 2953 2954 2933
3 2954 2934 2933
3 2954 2955 2934
3 2934 2955 2935
3 2935 2955 2956
3 2937 2935 2956
3 2956 2938 2937
3 2957 2938 2956
3 2957 2958 2938
3 2938 2958 2939
3 2939 2958 2959
3 2940 2939 2959
3 2959 2941 2940
3 2960 2941 2959
3 2962 2943 2941
3 2962 2941 2961
3 2961 2941 2960
3 2961 2963 2962
3 2962 2944 2943
3 2944 2962 2963
3 2944 2963 2945
3 2945 2963 2964
3 2964 2946 2945
3 2965 2946 2964
3 2946 2965 2966
3 2948 2946 2966
3 2966 2967 2948
3 2967 2949 2948
3 2967 2968 2949
3 2968 2950 2949
3 2879 2878 2969
3 2969 2878 2877
3 2969 2877 2968
3 2968 2877 2950
3 2951 2970 2971
3 2953 2951 2971
3 2971 2954 2953
3 2972 2954 2971
3 2972 2973 2954
3 2954 2973 2955
3 2955 2973 2974
3 2956 2955 2974
3 2974 2957 2956
3 2975 2957 2974
3 2975 2976 2957
3 2957 2976 2958
3 2978 2959 2958
3 2978 2958 2977
3 2977 2958 2976
3 2977 2979 2978
3 2978 2960 2959
3 2979 2960 2978
3 2979 2980 2960
3 2980 2961 2960
3 2961 2980 2981
3 2963 2961 2981
3 2983 2981 2982
3 2983 2964 2981
3 2964 2963 2981
3 2982 2984 2983
3 2983 2965 2964
3 2965 2983 2984
3 2965 2984 2966
3 2966 2984 2985
3 2985 2986 2966
3 2986 2967 2966
3 2986 2987 2967
3 2987 2968 2967
3 2879 2988 2881
3 2969 2988 2879
3 2988 2969 2968
3 2987 2988 2968
3 2970 2989 2990
3 2971 2970 2990
3 2990 2972 2971
3 2991 2972 2990
3 2991 2992 2972
3 2972 2992 2973
3 2994 2974 2973
3 2994 2973 2993
3 2993 2973 2992
3 2993 2995 2994
3 2994 2975 2974
3 2995 2975 2994
3 2995 2996 2975
3 2996 2976 2975
3 2996 2997 2976
3 2976 2997 2977
3 2977 2997 2998
3 2979 2977 2998
3 2998 2980 2979
3 2999 2980 2998
3 2980 2999 3000
3 2981 2980 3000
3 3000 2982 2981
3 3001 2982 3000
3 2982 3001 3002
3 2984 2982 3002
3 3002 3003 2984
3 3003 2985 2984
3 3003 3004 2985
3 3004 2986 2985
3 3004 3005 2986
3 3005 2987 2986
3 2881 3006 2886
3 2988 3006 2881
3 3006 2988 2987
3 3005 3006 2987
3 2989 3007 3008
3 2990 2989 3008
3 3008 2991 2990
3 3009 2991 3008
3 3009 3010 2991
3 2991 3010 2992
3 3010 3011 2992
3 2992 3011 2993
3 2993 3011 3012
3 2995 2993 3012
3 3012 2996 2995
3 3013 2996 3012
3 3013 3014 2996
3 2996 3014 2997
3 2997 3014 3015
3 2998 2997 3015
3 3015 2999 2998
3 3016 2999 3015
3 2999 3016 3017
3 3000 2999 3017
3 3017 3001 3000
3 3018 3001 3017
3 3001 3018 3019
3 3002 3001 3019
3 3019 3020 3002
3 3020 3003 3002
3 3020 3021 3003
3 3021 3004 3003
3 3021 3022 3004
3 3022 3005 3004
3 2886 3023 2889
3 3006 3023 2886
3 3023 3006 3005
3 3022 3023 3005
3 3007 3024 3025
3 3008 3007 3025
3 3025 3009 3008
3 3026 3009 3025
3 3026 3027 3009
3 3009 3027 3010
3 3027 3028 3010
3 3010 3028 3011
3 3011 3028 3029
3 3012 3011 3029
3 3029 3013 3012
3 3030 3013 3029
3 3030 3031 3013
3 3013 3031 3014
3 3033 3015 3014
3 3033 3014 3032
3 3032 3014 3031
3 3032 3034 3033
3 3033 3016 3015
3 3016 3033 3034
3 3016 3034 3017
3 3017 3034 3035
3 3035 3018 3017
3 3036 3018 3035
3 3018 3036 3037
3 3019 3018 3037
3 3037 3038 3019
3 3038 3020 3019
3 3038 3039 3020
3 3039 3021 3020
3 3039 3040 3021
3 3040 3022 3021
3 3023 2891 2889
3 2891 3023 3022
3 2891 3022 2892
3 2892 3022 3040
3 3024 3041 3042
3 3025 3024 3042
3 3042 3026 3025
3 3043 3026 3042
3 3043 3044 3026
3 3026 3044 3027
3 3044 3045 3027
3 3027 3045 3028
3 3028 3045 3046
3 3029 3028 3046
3 3046 3030 3029
3 3047 3030 3046
3 3047 3048 3030
3 3030 3048 3031
3 3048 3049 3031
3 3031 3049 3032
3 3032 3049 3050
3 3034 3032 3050
3 3050 3051 3034
3 3051 3035 3034
3 3051 3036 3035
3 3052 3036 3051
3 3036 3052 3053
3 3037 3036 3053
3 3053 3054 3037
3 3054 3038 3037
3 3054 3055 3038
3 3055 3039 3038
3 3055 3056 3039
3 3056 3040 3039
3 3056 2894 3040
3 2894 2892 3040
3 3041 3057 3058
3 3042 3041 3058
3 3058 3043 3042
3 3059 3043 3058
3 3059 3060 3043
3 3043 3060 3044
3 3060 3061 3044
3 3044 3061 3045
3 3063 3046 3045
3 3063 3045 3062
3 3062 3045 3061
3 3062 3064 3063
3 3063 3047 3046
3 3064 3047 3063
3 3064 3065 3047
3 3065 3048 3047
3 3065 3066 3048
3 3048 3066 3049
3 3049 3066 3067
3 3050 3049 3067
3 3069 3067 3068
3 3069 3051 3067
3 3051 3050 3067
3 3068 3070 3069
3 3069 3052 3051
3 3052 3069 3070
3 3052 3070 3053
3 3053 3070 3071
3 3071 3072 3053
3 3072 3054 3053
3 3072 3073 3054
3 3073 3055 3054
3 3073 3074 3055
3 3074 3056 3055
3 2898 2896 3075
3 3075 2896 2894
3 3075 2894 3074
3 3074 2894 3056
3 3057 3076 3077
3 3058 3057 3077
3 3077 3059 3058
3 3078 3059 3077
3 3078 3079 3059
3 3059 3079 3060
3 3079 3080 3060
3 3060 3080 3061
3 3080 3081 3061
3 3061 3081 3062
3 3062 3081 3082
3 3064 3062 3082
3 3082 3065 3064
3 3083 3065 3082
3 3083 3084 3065
3 3065 3084 3066
3 3066 3084 3085
3 3067 3066 3085
3 3085 3068 3067
3 3086 3068 3085
3 3068 3086 3087
3 3070 3068 3087
3 3087 3088 3070
3 3088 3071 3070
3 3088 3089 3071
3 3089 3072 3071
3 3089 3090 3072
3 3090 3073 3072
3 3090 3091 3073
3 3091 3074 3073
3 3075 2900 2898
3 2900 3075 3074
3 2900 3074 2901
3 2901 3074 3091
3 3076 3092 3093
3 3077 3076 3093
3 3093 3078 3077
3 3094 3078 3093
3 3094 3095 3078
3 3078 3095 3079
3 3095 3096 3079
3 3079 3096 3080
3 3096 3097 3080
3 3080 3097 3081
3 3081 3097 3098
3 3082 3081 3098
3 3098 3083 3082
3 3099 3083 3098
3 3099 3100 3083
3 3083 3100 3084
3 3084 3100 3101
3 3085 3084 3101
3 3101 3086 3085
3 3102 3086 3101
3 3086 3102 3103
3 3087 3086 3103
3 3103 3104 3087
3 3104 3088 3087
3 3104 3105 3088
3 3105 3089 3088
3 3105 3106 3089
3 3106 3090 3089
3 3106 3107 3090
3 3107 3091 3090
3 3107 2903 3091
3 2903 2901 3091
3 3092 3108 3109
3 3093 3092 3109
3 3109 3094 3093
3 3110 3094 3109
3 3110 3111 3094
3 3094 3111 3095
3 3111 3112 3095
3 3095 3112 3096
3 3112 3113 3096
3 3096 3113 3097
3 3097 3113 3114
3 3098 3097 3114
3 3114 3099 3098
3 3115 3099 3114
3 3115 3116 3099
3 3099 3116 3100
3 3100 3116 3117
3 3101 3100 3117
3 3117 3102 3101
3 3118 3102 3117
3 3102 3118 3119
3 3103 3102 3119
3 3119 3120 3103
3 3120 3104 3103
3 3120 3121 3104
3 3121 3105 3104
3 3121 3122 3105
3 3122 3106 3105
3 3122 3123 3106
3 3123 3107 3106
3 3123 2905 3107
3 2905 2903 3107
3 3126 3109 3108
3 3126 3108 3125
3 3125 3108 3124
3 3125 3127 3126
3 3126 3110 3109
3 3127 3110 3126
3 3127 3128 3110
3 3128 3111 3110
3 3128 3129 3111
3 3111 3129 3112
3 3129 3130 3112
3 3112 3130 3113
3 3113 3130 3131
3 3114 3113 3131
3 3131 3115 3114
3 3132 3115 3131
3 3132 3133 3115
3 3115 3133 3116
3 3116 3133 3134
3 3117 3116 3134
3 3118 3136 3135
3 3118 3117 3136
3 3117 3134 3136
3 3118 3135 3119
3 3136 3137 3135
3 3135 3137 3138
3 3135 3138 3119
3 3119 3138 3120
3 3138 3139 3120
3 3139 3121 3120
3 3139 3140 3121
3 3140 3122 3121
3 3140 3141 3122
3 3141 3123 3122
3 3143 2906 3142
3 3142 2906 2905
3 3142 2905 3141
3 3141 2905 3123
3 3146 3145 3125
3 3146 3125 3144
3 3144 3125 3124
3 3125 3145 3127
3 3146 3147 3145
3 3145 3128 3127
3 3145 3147 3128
3 3147 3148 3128
3 3148 3149 3128
3 3128 3149 3129
3 3151 3150 3130
3 3151 3130 3149
3 3149 3130 3129
3 3130 3150 3131
3 3151 3152 3150
3 3150 3132 3131
3 3150 3152 3132
3 3152 3153 3132
3 3153 3154 3132
3 3132 3154 3133
3 3133 3154 3155
3 3134 3133 3155
3 3155 3156 3134
3 3156 3136 3134
3 3156 3137 3136
3 3157 3137 3156
3 3137 3157 3158
3 3138 3137 3158
3 3158 3159 3138
3 3159 3139 3138
3 3161 3159 3160
3 3161 3140 3159
3 3140 3139 3159
3 3160 3162 3161
3 3165 3164 3163
3 3164 3166 3163
3 3164 3140 3166
3 3164 3141 3140
3 3161 3166 3140
3 3161 3162 3166
3 2907 3165 3167
3 2907 3143 3165
3 3164 3165 3142
3 3142 3165 3143
3 3164 3142 3141
3 3167 2908 2907
3 3144 3168 3146
3 3168 3147 3146
3 3168 3169 3147
3 3169 3170 3147
3 3170 3171 3147
3 3147 3171 3148
3 3171 3172 3148
3 3148 3172 3149
3 3149 3172 3173
3 3151 3149 3173
3 3173 3152 3151
3 3174 3152 3173
3 3174 3175 3152
3 3152 3175 3153
3 3175 3176 3153
3 3153 3176 3154
3 3154 3176 3177
3 3155 3154 3177
3 3177 3178 3155
3 3178 3156 3155
3 3178 3157 3156
3 3179 3157 3178
3 3157 3179 3180
3 3158 3157 3180
3 3180 3181 3158
3 3181 3159 3158
3 3160 3183 3182
3 3160 3159 3183
3 3159 3181 3183
3 3160 3182 3162
3 3163 3184 3165
3 3184 3183 3185
3 3184 3166 3183
3 3184 3163 3166
3 3166 3182 3183
3 3182 3166 3162
3 3184 3167 3165
3 3167 3184 3185
3 3167 3185 2908
3 2908 3185 2909
3 2312 2614 3169
3 3169 2614 3170
3 2614 2616 3170
3 3170 2616 3171
3 2616 2618 3171
3 3171 2618 3172
3 3172 2618 2621
3 3173 3172 2621
3 2621 3174 3173
3 2623 3174 2621
3 2623 2625 3174
3 3174 2625 3175
3 2625 2627 3175
3 3175 2627 3176
3 3176 2627 2629
3 3177 3176 2629
3 3186 2629 2632
3 3186 3178 2629
3 3178 3177 2629
3 2632 2634 3186
3 3186 3179 3178
3 3179 3186 2634
3 3179 2634 3180
3 3180 2634 2637
3 2637 2639 3180
3 2639 3181 3180
3 2639 2641 3181
3 2641 3183 3181
3 2641 2643 3183
3 2643 3185 3183
3 2643 2645 3185
3 2645 2909 3185
3 124 3187 125
3 125 3187 2854
3 3189 3188 2855
3 3189 2855 3187
3 3187 2855 2854
3 2855 3188 2857
3 3189 3190 3188
3 3188 2858 2857
3 3188 3190 2858
3 3190 3191 2858
3 3191 3192 2858
3 2858 3192 2859
3 2859 3192 3193
3 2860 2859 3193
3 3193 2861 2860
3 3194 2861 3193
3 3194 3195 2861
3 2861 3195 2862
3 2862 3195 3196
3 2863 2862 3196
3 3196 2864 2863
3 3197 2864 3196
3 2864 3197 3198
3 2865 2864 3198
3 3198 3199 2865
3 3199 2866 2865
3 3199 3200 2866
3 3200 2867 2866
3 3200 3201 2867
3 3201 2868 2867
3 145 3202 124
3 124 3202 3187
3 3187 3202 3203
3 3189 3187 3203
3 3203 3190 3189
3 3204 3190 3203
3 3204 3205 3190
3 3190 3205 3191
3 3205 3206 3191
3 3191 3206 3192
3 3192 3206 3207
3 3193 3192 3207
3 3207 3194 3193
3 3208 3194 3207
3 3208 3209 3194
3 3194 3209 3195
3 3195 3209 3210
3 3196 3195 3210
3 3197 3212 3211
3 3197 3196 3212
3 3196 3210 3212
3 3197 3211 3198
3 3212 3213 3211
3 3211 3213 3214
3 3211 3214 3198
3 3198 3214 3199
3 3214 3215 3199
3 3215 3200 3199
3 3215 3216 3200
3 3216 3201 3200
3 3218 3217 3202
3 3218 3202 166
3 166 3202 145
3 3202 3217 3203
3 3218 3219 3217
3 3217 3204 3203
3 3217 3219 3204
3 3219 3220 3204
3 3220 3221 3204
3 3204 3221 3205
3 3221 3222 3205
3 3205 3222 3206
3 3206 3222 3223
3 3207 3206 3223
3 3223 3208 3207
3 3224 3208 3223
3 3224 3225 3208
3 3208 3225 3209
3 3209 3225 3226
3 3210 3209 3226
3 3226 3227 3210
3 3227 3212 3210
3 3227 3213 3212
3 3228 3213 3227
3 3213 3228 3229
3 3214 3213 3229
3 3229 3230 3214
3 3230 3215 3214
3 3232 3218 166
3 3232 166 3231
3 3231 166 186
3 3231 3233 3232
3 3232 3219 3218
3 3233 3219 3232
3 3233 3234 3219
3 3234 3220 3219
3 3234 3235 3220
3 3220 3235 3221
3 3235 3236 3221
3 3221 3236 3222
3 3222 3236 3237
3 3223 3222 3237
3 3237 3224 3223
3 3238 3224 3237
3 3238 3239 3224
3 3224 3239 3225
3 3225 3239 3240
3 3226 3225 3240
3 3242 3240 3241
3 3242 3227 3240
3 3227 3226 3240
3 3241 3243 3242
3 3242 3228 3227
3 3228 3242 3243
3 3228 3243 3229
3 3229 3243 3244
3 3244 3245 3229
3 3245 3230 3229
3 3247 3246 3231
3 3247 3231 207
3 207 3231 186
3 3231 3246 3233
3 3247 3248 3246
3 3246 3234 3233
3 3246 3248 3234
3 3248 3249 3234
3 3249 3250 3234
3 3234 3250 3235
3 3250 3251 3235
3 3235 3251 3236
3 3236 3251 3252
3 3237 3236 3252
3 3252 3238 3237
3 3253 3238 3252
3 3253 3254 3238
3 3238 3254 3239
3 3239 3254 3255
3 3240 3239 3255
3 3255 3241 3240
3 3256 3241 3255
3 3241 3256 3257
3 3243 3241 3257
3 3257 3258 3243
3 3258 3244 3243
3 3258 3259 3244
3 3259 3245 3244
3 207 228 3260
3 3247 207 3260
3 3260 3248 3247
3 3261 3248 3260
3 3261 3262 3248
3 3248 3262 3249
3 3262 3263 3249
3 3249 3263 3250
3 3263 3264 3250
3 3250 3264 3251
3 3251 3264 3265
3 3252 3251 3265
3 3265 3253 3252
3 3266 3253 3265
3 3268 3267 3254
3 3268 3254 3266
3 3266 3254 3253
3 3254 3267 3255
3 3268 3269 3267
3 3267 3256 3255
3 3267 3269 3256
3 3269 3270 3256
3 3256 3270 3271
3 3257 3256 3271
3 3271 3272 3257
3 3272 3258 3257
3 3272 3273 3258
3 3273 3259 3258
3 228 250 3274
3 3260 228 3274
3 3274 3261 3260
3 3275 3261 3274
3 3275 3276 3261
3 3261 3276 3262
3 3276 3277 3262
3 3262 3277 3263
3 3277 3278 3263
3 3263 3278 3264
3 3264 3278 3279
3 3265 3264 3279
3 3279 3266 3265
3 3280 3266 3279
3 3282 3268 3266
3 3282 3266 3281
3 3281 3266 3280
3 3281 3283 3282
3 3282 3269 3268
3 3282 3270 3269
3 3282 3285 3270
3 3282 3283 3285
3 3284 3270 3285
3 3270 3284 3271
3 3285 3286 3284
3 3284 3286 3287
3 3284 3287 3271
3 3271 3287 3272
3 3287 3288 3272
3 3288 3273 3272
3 250 270 3289
3 3274 250 3289
3 3289 3275 3274
3 3290 3275 3289
3 3290 3291 3275
3 3275 3291 3276
3 3291 3292 3276
3 3276 3292 3277
3 3294 3293 3278
3 3294 3278 3292
3 3292 3278 3277
3 3278 3293 3279
3 3294 3295 3293
3 3293 3280 3279
3 3293 3295 3280
3 3295 3296 3280
3 3298 3297 3281
3 3298 3281 3296
3 3296 3281 3280
3 3281 3297 3283
3 3298 3299 3297
3 3297 3299 3300
3 3297 3300 3283
3 3283 3300 3285
3 3300 3286 3285
3 3301 3286 3300
3 3286 3301 3302
3 3287 3286 3302
3 3302 3303 3287
3 3303 3288 3287
3 270 291 3304
3 3289 270 3304
3 3304 3290 3289
3 3305 3290 3304
3 3305 3306 3290
3 3290 3306 3291
3 3306 3307 3291
3 3291 3307 3292
3 3309 3294 3292
3 3309 3292 3308
3 3308 3292 3307
3 3308 3310 3309
3 3309 3295 3294
3 3310 3295 3309
3 3310 3311 3295
3 3311 3296 3295
3 3296 3311 3312
3 3298 3296 3312
3 3312 3299 3298
3 3313 3299 3312
3 3299 3313 3314
3 3300 3299 3314
3 3314 3301 3300
3 3315 3301 3314
3 3301 3315 3316
3 3302 3301 3316
3 3316 3317 3302
3 3317 3303 3302
3 291 310 3318
3 3304 291 3318
3 3318 3305 3304
3 3319 3305 3318
3 3319 3320 3305
3 3305 3320 3306
3 3320 3321 3306
3 3306 3321 3307
3 3323 3322 3308
3 3323 3308 3321
3 3321 3308 3307
3 3308 3322 3310
3 3323 3324 3322
3 3322 3311 3310
3 3322 3324 3311
3 3324 3325 3311
3 3311 3325 3326
3 3312 3311 3326
3 3326 3313 3312
3 3327 3313 3326
3 3313 3327 3328
3 3314 3313 3328
3 3328 3315 3314
3 3329 3315 3328
3 3315 3329 3330
3 3316 3315 3330
3 3330 3331 3316
3 3331 3317 3316
3 310 330 3332
3 3318 310 3332
3 3332 3319 3318
3 3333 3319 3332
3 3333 3334 3319
3 3319 3334 3320
3 3334 3335 3320
3 3320 3335 3321
3 3321 3335 3336
3 3323 3321 3336
3 3336 3324 3323
3 3337 3324 3336
3 3337 3338 3324
3 3324 3338 3325
3 3325 3338 3339
3 3326 3325 3339
3 3339 3327 3326
3 3340 3327 3339
3 3327 3340 3341
3 3328 3327 3341
3 3341 3329 3328
3 3342 3329 3341
3 3329 3342 3343
3 3330 3329 3343
3 3343 3344 3330
3 3344 3331 3330
3 330 350 3345
3 3332 330 3345
3 3345 3333 3332
3 3346 3333 3345
3 3346 3347 3333
3 3333 3347 3334
3 3347 3348 3334
3 3334 3348 3335
3 3350 3336 3335
3 3350 3335 3349
3 3349 3335 3348
3 3349 3351 3350
3 3350 3337 3336
3 3351 3337 3350
3 3351 3352 3337
3 3352 3338 3337
3 3338 3352 3353
3 3339 3338 3353
3 3353 3340 3339
3 3354 3340 3353
3 3340 3354 3355
3 3341 3340 3355
3 3355 3342 3341
3 3356 3342 3355
3 3342 3356 3357
3 3343 3342 3357
3 3357 3358 3343
3 3358 3344 3343
3 350 369 3359
3 3345 350 3359
3 3359 3346 3345
3 3360 3346 3359
3 3360 3361 3346
3 3346 3361 3347
3 3361 3362 3347
3 3347 3362 3348
3 3364 3363 3349
3 3364 3349 3362
3 3362 3349 3348
3 3349 3363 3351
3 3364 3365 3363
3 3363 3352 3351
3 3363 3365 3352
3 3365 3366 3352
3 3368 3353 3352
3 3368 3352 3367
3 3367 3352 3366
3 3367 3369 3368
3 3368 3354 3353
3 3354 3368 3369
3 3354 3369 3355
3 3355 3369 3370
3 3370 3356 3355
3 3371 3356 3370
3 3356 3371 3372
3 3357 3356 3372
3 3372 3373 3357
3 3373 3358 3357
3 3375 3359 369
3 3375 369 3374
3 3374 369 389
3 3374 3376 3375
3 3375 3360 3359
3 3376 3360 3375
3 3376 3377 3360
3 3377 3361 3360
3 3377 3378 3361
3 3361 3378 3362
3 3362 3378 3379
3 3364 3362 3379
3 3379 3365 3364
3 3380 3365 3379
3 3380 3381 3365
3 3365 3381 3366
3 3383 3382 3367
3 3383 3367 3381
3 3381 3367 3366
3 3367 3382 3369
3 3383 3384 3382
3 3382 3384 3385
3 3382 3385 3369
3 3369 3385 3370
3 3385 3371 3370
3 3386 3371 3385
3 3371 3386 3387
3 3372 3371 3387
3 3387 3388 3372
3 3388 3373 3372
3 3390 3389 3374
3 3390 3374 411
3 411 3374 389
3 3374 3389 3376
3 3390 3391 3389
3 3389 3377 3376
3 3389 3391 3377
3 3391 3392 3377
3 3392 3393 3377
3 3377 3393 3378
3 3395 3379 3378
3 3395 3378 3394
3 3394 3378 3393
3 3394 3396 3395
3 3395 3380 3379
3 3396 3380 3395
3 3396 3397 3380
3 3397 3381 3380
3 3381 3397 3398
3 3383 3381 3398
3 3398 3384 3383
3 3399 3384 3398
3 3401 3385 3384
3 3401 3384 3400
3 3400 3384 3399
3 3400 3402 3401
3 3401 3386 3385
3 3386 3401 3402
3 3386 3402 3387
3 3387 3402 3403
3 411 431 3404
3 3390 411 3404
3 3404 3391 3390
3 3405 3391 3404
3 3405 3406 3391
3 3391 3406 3392
3 3406 3407 3392
3 3392 3407 3393
3 3407 3408 3393
3 3393 3408 3394
3 3394 3408 3409
3 3396 3394 3409
3 3409 3397 3396
3 3410 3397 3409
3 3412 3398 3397
3 3412 3397 3411
3 3411 3397 3410
3 3411 3413 3412
3 3412 3399 3398
3 3413 3399 3412
3 3413 3414 3399
3 3414 3400 3399
3 3400 3414 3415
3 3402 3400 3415
3 3415 3416 3402
3 3416 3403 3402
3 3417 3419 3418
3 3418 3419 3420
3 3419 3421 3420
3 3420 3421 3422
3 3421 3423 3422
3 3422 3423 3424
3 3423 3425 3424
3 3424 3425 3426
3 3429 3427 3428
3 3429 3428 3425
3 3425 3428 3426
3 3428 3427 3430
3 3429 3431 3427
3 3427 3433 3430
3 3427 3431 3433
3 3431 3432 3433
3 3432 3434 3433
3 3433 3434 3435
3 3437 3438 3417
3 3417 3438 3419
3 3438 3439 3419
3 3419 3439 3421
3 3439 3440 3421
3 3421 3440 3423
3 3442 3441 3425
3 3442 3425 3440
3 3440 3425 3423
3 3425 3441 3429
3 3442 3443 3441
3 3441 3431 3429
3 3441 3443 3431
3 3443 3444 3431
3 3444 3445 3431
3 3431 3445 3432
3 3445 3446 3432
3 3432 3446 3434
3 3454 3452 3451
3 3448 3455 3447
3 3455 3456 3447
3 3454 3457 3452
3 3453 3457 3436
3 3457 3458 3436
3 3458 3459 3436
3 3436 3459 3437
3 3459 3460 3437
3 3437 3460 3438
3 3460 3461 3438
3 3438 3461 3439
3 3461 3462 3439
3 3439 3462 3440
3 3440 3462 3463
3 3442 3440 3463
3 3463 3443 3442
3 3464 3443 3463
3 3464 3465 3443
3 3443 3465 3444
3 3465 3466 3444
3 3444 3466 3445
3 3466 3467 3445
3 3445 3467 3446
3 3469 3471 3472
3 3470 3469 3472
3 3474 3472 3471
3 3473 3449 3450
3 3451 3449 3473
3 3475 3451 3473
3 3451 3475 3454
3 3470 3455 3448
3 3472 3455 3470
3 3456 3455 3472
3 3450 3476 3473
3 3450 3456 3476
3 3474 3476 3472
3 3472 3476 3456
3 3473 3477 3475
3 3476 3477 3473
3 3475 3457 3454
3 3475 3477 3457
3 3477 3478 3457
3 3478 3479 3457
3 3457 3479 3458
3 3479 3480 3458
3 3458 3480 3459
3 3480 3481 3459
3 3459 3481 3460
3 3481 3482 3460
3 3460 3482 3461
3 3482 3483 3461
3 3461 3483 3462
3 3485 3463 3462
3 3485 3462 3484
3 3484 3462 3483
3 3484 3486 3487
3 3485 3484 3487
3 3486 3488 3487
3 3485 3464 3463
3 3487 3464 3485
3 3465 3464 3487
3 3488 3465 3487
3 3488 3489 3465
3 3489 3466 3465
3 3489 3490 3466
3 3466 3490 3467
3 3493 3494 3468
3 3468 3494 3469
3 3494 3495 3469
3 3469 3495 3471
3 3471 3495 3496
3 3474 3471 3496
3 3496 3476 3474
3 3497 3476 3496
3 3497 3498 3476
3 3476 3498 3477
3 3498 3499 3477
3 3477 3499 3478
3 3499 3500 3478
3 3478 3500 3479
3 3500 3501 3479
3 3479 3501 3480
3 3501 3502 3480
3 3480 3502 3481
3 3502 3503 3481
3 3481 3503 3482
3 3503 3504 3482
3 3482 3504 3483
3 3504 3505 3483
3 3483 3505 3484
3 3507 3506 3486
3 3507 3486 3505
3 3505 3486 3484
3 3486 3506 3488
3 3507 3508 3506
3 3506 3489 3488
3 3506 3508 3489
3 3508 3509 3489
3 3509 3510 3489
3 3489 3510 3490
3 3511 3512 3491
3 3491 3512 3492
3 3512 3513 3492
3 3492 3513 3493
3 3513 3514 3493
3 3493 3514 3494
3 3516 3515 3495
3 3516 3495 3514
3 3514 3495 3494
3 3495 3515 3496
3 3516 3517 3515
3 3515 3497 3496
3 3515 3517 3497
3 3517 3518 3497
3 3518 3519 3497
3 3497 3519 3498
3 3519 3520 3498
3 3498 3520 3499
3 3520 3521 3499
3 3499 3521 3500
3 3521 3522 3500
3 3500 3522 3501
3 3522 3523 3501
3 3501 3523 3502
3 3523 3524 3502
3 3502 3524 3503
3 3524 3525 3503
3 3503 3525 3504
3 3527 3526 3505
3 3527 3505 3525
3 3525 3505 3504
3 3505 3526 3507
3 3527 3528 3526
3 3526 3508 3507
3 3526 3528 3508
3 3528 3529 3508
3 3529 3530 3508
3 3508 3530 3509
3 3530 3531 3509
3 3509 3531 3510
3 3532 3533 3511
3 3511 3533 3512
3 3535 3534 3513
3 3535 3513 3533
3 3533 3513 3512
3 3534 3537 3536
3 3534 3536 3513
3 3513 3536 3514
3 3539 3516 3514
3 3539 3514 3538
3 3538 3514 3536
3 3538 3540 3539
3 3535 3541 3534
3 3534 3541 3537
3 3539 3517 3516
3 3540 3517 3539
3 3540 3542 3517
3 3542 3518 3517
3 3542 3543 3518
3 3518 3543 3519
3 3543 3544 3519
3 3519 3544 3520
3 3544 3545 3520
3 3520 3545 3521
3 3545 3546 3521
3 3521 3546 3522
3 3546 3547 3522
3 3522 3547 3523
3 3547 3548 3523
3 3523 3548 3524
3 3548 3549 3524
3 3524 3549 3525
3 3551 3527 3525
3 3551 3525 3550
3 3550 3525 3549
3 3550 3552 3551
3 3551 3528 3527
3 3552 3528 3551
3 3552 3553 3528
3 3553 3529 3528
3 3553 3554 3529
3 3529 3554 3530
3 3554 3555 3530
3 3530 3555 3531
3 3556 3557 3532
3 3532 3557 3533
3 3559 3535 3533
3 3559 3533 3558
3 3558 3533 3557
3 3537 3559 3558
3 3537 3558 3536
3 3536 3558 3560
3 3562 3561 3538
3 3562 3538 3560
3 3560 3538 3536
3 3538 3561 3540
3 3559 3541 3535
3 3559 3537 3541
3 3562 3563 3561
3 3561 3542 3540
3 3561 3563 3542
3 3563 3564 3542
3 3564 3565 3542
3 3542 3565 3543
3 3565 3566 3543
3 3543 3566 3544
3 3566 3567 3544
3 3544 3567 3545
3 3567 3568 3545
3 3545 3568 3546
3 3568 3569 3546
3 3546 3569 3547
3 3569 3570 3547
3 3547 3570 3548
3 3570 3571 3548
3 3548 3571 3549
3 3573 3572 3550
3 3573 3550 3571
3 3571 3550 3549
3 3550 3572 3552
3 3573 3574 3572
3 3572 3553 3552
3 3572 3574 3553
3 3574 3575 3553
3 3575 3576 3553
3 3553 3576 3554
3 3576 3577 3554
3 3554 3577 3555
3 3578 3579 3556
3 3556 3579 3557
3 3579 3580 3557
3 3557 3580 3558
3 3580 3581 3558
3 3558 3581 3560
3 3583 3562 3560
3 3583 3560 3582
3 3582 3560 3581
3 3582 3584 3583
3 3583 3563 3562
3 3584 3563 3583
3 3584 3585 3563
3 3585 3564 3563
3 3585 3586 3564
3 3564 3586 3565
3 3586 3587 3565
3 3565 3587 3566
3 3587 3588 3566
3 3566 3588 3567
3 3588 3589 3567
3 3567 3589 3568
3 3589 3590 3568
3 3568 3590 3569
3 3590 3591 3569
3 3569 3591 3570
3 3591 3592 3570
3 3570 3592 3571
3 3571 3592 3593
3 3573 3571 3593
3 3593 3574 3573
3 3594 3574 3593
3 3594 3595 3574
3 3574 3595 3575
3 3595 3596 3575
3 3575 3596 3576
3 3596 3597 3576
3 3576 3597 3577
3 3598 3599 3578
3 3578 3599 3579
3 3599 3600 3579
3 3579 3600 3580
3 3600 3601 3580
3 3580 3601 3581
3 3601 3602 3581
3 3581 3602 3582
3 3582 3602 3603
3 3584 3582 3603
3 3603 3585 3584
3 3604 3585 3603
3 3604 3605 3585
3 3585 3605 3586
3 3605 3606 3586
3 3586 3606 3587
3 3606 3607 3587
3 3587 3607 3588
3 3607 3608 3588
3 3588 3608 3589
3 3608 3609 3589
3 3589 3609 3590
3 3609 3610 3590
3 3590 3610 3591
3 3610 3611 3591
3 3591 3611 3592
3 3592 3611 3612
3 3593 3592 3612
3 3612 3594 3593
3 3613 3594 3612
3 3613 3614 3594
3 3594 3614 3595
3 3614 3615 3595
3 3595 3615 3596
3 3615 3616 3596
3 3596 3616 3597
3 3617 3618 3598
3 3598 3618 3599
3 3618 3619 3599
3 3599 3619 3600
3 3619 3620 3600
3 3600 3620 3601
3 3620 3621 3601
3 3601 3621 3602
3 3602 3621 3622
3 3603 3602 3622
3 3622 3604 3603
3 3623 3604 3622
3 3623 3624 3604
3 3604 3624 3605
3 3624 3625 3605
3 3605 3625 3606
3 3625 3626 3606
3 3606 3626 3607
3 3626 3627 3607
3 3607 3627 3608
3 3627 3628 3608
3 3608 3628 3609
3 3628 3629 3609
3 3609 3629 3610
3 3629 3630 3610
3 3610 3630 3611
3 3611 3630 3631
3 3612 3611 3631
3 3631 3613 3612
3 3632 3613 3631
3 3632 3633 3613
3 3613 3633 3614
3 3633 3634 3614
3 3614 3634 3615
3 3634 3635 3615
3 3615 3635 3616
3 3636 3637 3617
3 3617 3637 3618
3 3637 3638 3618
3 3618 3638 3619
3 3638 3639 3619
3 3619 3639 3620
3 3641 3640 3621
3 3641 3621 3639
3 3639 3621 3620
3 3621 3640 3622
3 3641 3642 3640
3 3640 3623 3622
3 3640 3642 3623
3 3642 3643 3623
3 3643 3644 3623
3 3623 3644 3624
3 3644 3645 3624
3 3624 3645 3625
3 3645 3646 3625
3 3625 3646 3626
3 3646 3647 3626
3 3626 3647 3627
3 3647 3648 3627
3 3627 3648 3628
3 3648 3649 3628
3 3628 3649 3629
3 3651 3650 3630
3 3651 3630 3649
3 3649 3630 3629
3 3630 3650 3631
3 3651 3652 3650
3 3650 3632 3631
3 3650 3652 3632
3 3652 3653 3632
3 3653 3654 3632
3 3632 3654 3633
3 3654 3655 3633
3 3633 3655 3634
3 3657 3656 3635
3 3657 3635 3655
3 3655 3635 3634
3 3657 3658 3656
3 3659 3660 3636
3 3636 3660 3637
3 3662 3661 3638
3 3662 3638 3660
3 3660 3638 3637
3 3639 3638 3661
3 3663 3639 3661
3 3639 3663 3641
3 3662 3664 3661
3 3661 3665 3663
3 3664 3665 3661
3 3663 3642 3641
3 3663 3665 3642
3 3665 3666 3642
3 3666 3667 3642
3 3642 3667 3643
3 3667 3668 3643
3 3643 3668 3644
3 3668 3669 3644
3 3644 3669 3645
3 3669 3670 3645
3 3645 3670 3646
3 3670 3671 3646
3 3646 3671 3647
3 3671 3672 3647
3 3647 3672 3648
3 3672 3673 3648
3 3648 3673 3649
3 3675 3651 3649
3 3675 3649 3674
3 3674 3649 3673
3 3674 3676 3675
3 3675 3652 3651
3 3676 3652 3675
3 3676 3677 3652
3 3677 3653 3652
3 3677 3678 3653
3 3653 3678 3654
3 3678 3679 3654
3 3654 3679 3655
3 3681 3657 3655
3 3681 3655 3680
3 3680 3655 3679
3 3681 3658 3657
3 3660 3659 3682
3 3683 3660 3682
3 3683 3662 3660
3 3686 3684 3685
3 3684 3687 3685
3 3682 3689 3683
3 3688 3689 3682
3 3685 3689 3686
3 3685 3664 3689
3 3683 3689 3662
3 3662 3689 3664
3 3687 3664 3685
3 3687 3690 3664
3 3690 3665 3664
3 3690 3691 3665
3 3665 3691 3666
3 3691 3692 3666
3 3666 3692 3667
3 3692 3693 3667
3 3667 3693 3668
3 3693 3694 3668
3 3668 3694 3669
3 3694 3695 3669
3 3669 3695 3670
3 3695 3696 3670
3 3670 3696 3671
3 3696 3697 3671
3 3671 3697 3672
3 3697 3698 3672
3 3672 3698 3673
3 3700 3699 3674
3 3700 3674 3698
3 3698 3674 3673
3 3674 3699 3676
3 3700 3701 3699
3 3699 3677 3676
3 3699 3701 3677
3 3701 3702 3677
3 3702 3703 3677
3 3677 3703 3678
3 3703 3704 3678
3 3678 3704 3679
3 3704 3705 3679
3 3679 3705 3680
3 3684 3686 3706
3 3684 3706 3687
3 3707 3708 3688
3 3688 3708 3689
3 3686 3709 3706
3 3686 3689 3709
3 3689 3708 3709
3 3706 3690 3687
3 3706 3709 3690
3 3709 3710 3690
3 3710 3711 3690
3 3690 3711 3691
3 3711 3712 3691
3 3691 3712 3692
3 3712 3713 3692
3 3692 3713 3693
3 3713 3714 3693
3 3693 3714 3694
3 3714 3715 3694
3 3694 3715 3695
3 3715 3716 3695
3 3695 3716 3696
3 3716 3717 3696
3 3696 3717 3697
3 3717 3718 3697
3 3697 3718 3698
3 3698 3718 3719
3 3700 3698 3719
3 3719 3701 3700
3 3720 3701 3719
3 3720 3721 3701
3 3701 3721 3702
3 3721 3722 3702
3 3702 3722 3703
3 3722 3723 3703
3 3703 3723 3704
3 3725 3724 3705
3 3725 3705 3723
3 3723 3705 3704
3 3725 3726 3724
3 1792 3728 3729
3 3727 1792 3729
3 3728 3730 3729
3 3729 3707 3727
3 3708 3707 3729
3 3730 3708 3729
3 3730 3731 3708
3 3731 3709 3708
3 3731 3732 3709
3 3709 3732 3710
3 3732 3733 3710
3 3710 3733 3711
3 3733 3734 3711
3 3711 3734 3712
3 3734 3735 3712
3 3712 3735 3713
3 3735 3736 3713
3 3713 3736 3714
3 3736 3737 3714
3 3714 3737 3715
3 3737 3738 3715
3 3715 3738 3716
3 3738 3739 3716
3 3716 3739 3717
3 3741 3740 3718
3 3741 3718 3739
3 3739 3718 3717
3 3718 3740 3719
3 3741 3742 3740
3 3740 3720 3719
3 3740 3742 3720
3 3742 3743 3720
3 3743 3744 3720
3 3720 3744 3721
3 3744 3745 3721
3 3721 3745 3722
3 3745 3746 3722
3 3722 3746 3723
3 3723 3746 3747
3 3725 3723 3747
3 3747 3726 3725
3 2273 3726 3747
3 881 882 3749
3 3748 881 3749
3 882 883 3750
3 3749 882 3750
3 883 885 3751
3 3750 883 3751
3 885 886 3751
3 916 915 3748
3 3749 916 3748
3 917 916 3749
3 3750 917 3749
3 918 917 3750
3 3751 918 3750
3 918 3751 886
3 963 962 3752
3 962 965 3752
3 968 967 3753
3 3755 3753 967
3 3755 967 3754
3 3754 967 970
3 972 3756 3757
3 972 3757 970
3 970 3757 3754
3 3756 3758 3757
3 3755 3754 3759
3 3761 3759 3754
3 3761 3754 3760
3 3760 3754 3757
3 3758 3762 3760
3 3757 3758 3760
3 3761 3760 3763
3 3760 3762 3763
3 1010 963 3752
3 1010 3752 965
3 1012 968 3753
3 3753 3755 3765
3 1012 3753 3765
3 1012 3765 3764
3 1012 3764 1013
3 3767 972 3765
3 3767 3756 972
3 3765 972 3764
3 1014 3766 972
3 3764 972 3766
3 1014 1015 3768
3 1014 3768 3766
3 3767 3758 3756
3 1015 1017 3769
3 3768 1015 3769
3 1017 1018 3769
3 3765 3755 3759
3 3759 3761 3770
3 3759 3770 3765
3 3765 3770 3767
3 3762 3758 3767
3 3762 3767 3770
3 3773 3771 3772
3 3771 3774 3772
3 3770 3761 3763
3 3770 3763 3762
3 1054 1056 3776
3 3775 1054 3776
3 3778 3776 1056
3 3778 1056 3777
3 3777 1056 1058
3 1060 3779 3780
3 1060 3780 1058
3 1058 3780 3777
3 3782 3780 3779
3 3782 3779 3781
3 1062 1013 3764
3 3782 1063 3783
3 3782 3781 1063
3 3783 1063 3766
3 1062 3764 1063
3 3766 1063 3764
3 3768 3783 3766
3 3784 3783 3768
3 3784 1066 3785
3 3784 3769 1066
3 3784 3768 3769
3 3769 1065 1066
3 1065 3769 1018
3 3786 3788 3789
3 3787 3786 3789
3 3788 3791 3789
3 3778 3777 3790
3 3793 3790 3777
3 3793 3777 3792
3 3792 3777 3780
3 3794 3795 3792
3 3794 3792 3782
3 3782 3792 3780
3 3797 3794 3782
3 3797 3782 3796
3 3796 3782 3783
3 3773 3784 3771
3 3773 3796 3784
3 3796 3783 3784
3 3771 3784 3785
3 3771 3785 3774
3 3774 3785 3798
3 3800 1088 3801
3 3800 3799 1088
3 3801 1088 3776
3 1087 3775 1088
3 3776 1088 3775
3 3776 3778 3801
3 1089 3779 1060
3 1090 3779 1089
3 3781 3779 1090
3 1090 1063 3781
3 3802 1066 1091
3 3785 1066 3802
3 1092 3803 3802
3 1091 1092 3802
3 3801 3786 3800
3 3788 3786 3801
3 3790 3801 3778
3 3790 3804 3801
3 3788 3801 3791
3 3791 3801 3804
3 3790 3793 3804
3 3794 3805 3795
3 3807 3785 3802
3 3798 3785 3807
3 3802 3803 3807
3 1110 1088 3799
3 1111 2873 1092
3 2873 3803 1092
3 3434 3808 3435
3 3435 3808 3809
3 3809 3808 3810
3 3811 3809 3810
3 3810 3813 3811
3 3812 3813 3810
3 3812 3814 3813
3 3813 3814 3815
3 3814 3816 3815
3 3815 3816 3817
3 3816 3818 3817
3 3817 3818 3819
3 3818 3820 3819
3 3819 3820 3821
3 3821 3820 3822
3 3823 3821 3822
3 3822 3825 3823
3 3824 3825 3822
3 3824 3826 3825
3 3825 3826 3827
3 3826 3828 3827
3 3827 3828 3829
3 3828 3830 3829
3 3829 3830 3831
3 3830 3832 3831
3 3831 3832 3833
3 3833 3832 3834
3 3835 3833 3834
3 3834 3837 3835
3 3836 3837 3834
3 3836 3838 3837
3 3837 3838 3839
3 3838 3840 3839
3 3839 3840 3841
3 3840 3842 3841
3 3841 3842 3843
3 3843 3842 3844
3 3845 3843 3844
3 3844 1093 3845
3 2917 1093 3844
3 3446 3846 3434
3 3434 3846 3808
3 3808 3846 3847
3 3810 3808 3847
3 3847 3812 3810
3 3848 3812 3847
3 3848 3849 3812
3 3812 3849 3814
3 3849 3850 3814
3 3814 3850 3816
3 3850 3851 3816
3 3816 3851 3818
3 3851 3852 3818
3 3818 3852 3820
3 3820 3852 3853
3 3822 3820 3853
3 3853 3824 3822
3 3854 3824 3853
3 3854 3855 3824
3 3824 3855 3826
3 3855 3856 3826
3 3826 3856 3828
3 3856 3857 3828
3 3828 3857 3830
3 3857 3858 3830
3 3830 3858 3832
3 3832 3858 3859
3 3834 3832 3859
3 3859 3836 3834
3 3860 3836 3859
3 3860 3861 3836
3 3836 3861 3838
3 3861 3862 3838
3 3838 3862 3840
3 3862 3863 3840
3 3840 3863 3842
3 3842 3863 3864
3 3844 3842 3864
3 3864 2917 3844
3 2933 2917 3864
3 3467 3865 3446
3 3446 3865 3846
3 3846 3865 3866
3 3847 3846 3866
3 3866 3848 3847
3 3867 3848 3866
3 3867 3868 3848
3 3848 3868 3849
3 3868 3869 3849
3 3849 3869 3850
3 3869 3870 3850
3 3850 3870 3851
3 3870 3871 3851
3 3851 3871 3852
3 3852 3871 3872
3 3853 3852 3872
3 3872 3854 3853
3 3873 3854 3872
3 3873 3874 3854
3 3854 3874 3855
3 3874 3875 3855
3 3855 3875 3856
3 3875 3876 3856
3 3856 3876 3857
3 3878 3877 3858
3 3878 3858 3876
3 3876 3858 3857
3 3858 3877 3859
3 3878 3879 3877
3 3877 3860 3859
3 3877 3879 3860
3 3879 3880 3860
3 3880 3881 3860
3 3860 3881 3861
3 3881 3882 3861
3 3861 3882 3862
3 3882 3883 3862
3 3862 3883 3863
3 2952 3864 3863
3 2952 3863 2951
3 2951 3863 3883
3 2952 2933 3864
3 3490 3884 3467
3 3467 3884 3865
3 3865 3884 3885
3 3866 3865 3885
3 3885 3867 3866
3 3886 3867 3885
3 3886 3887 3867
3 3867 3887 3868
3 3887 3888 3868
3 3868 3888 3869
3 3888 3889 3869
3 3869 3889 3870
3 3889 3890 3870
3 3870 3890 3871
3 3871 3890 3891
3 3872 3871 3891
3 3891 3873 3872
3 3892 3873 3891
3 3892 3893 3873
3 3873 3893 3874
3 3893 3894 3874
3 3874 3894 3875
3 3894 3895 3875
3 3875 3895 3876
3 3876 3895 3896
3 3878 3876 3896
3 3896 3879 3878
3 3897 3879 3896
3 3897 3898 3879
3 3879 3898 3880
3 3898 3899 3880
3 3880 3899 3881
3 3899 3900 3881
3 3881 3900 3882
3 3900 3901 3882
3 3882 3901 3883
3 3901 2970 3883
3 3883 2970 2951
3 3903 3902 3884
3 3903 3884 3510
3 3510 3884 3490
3 3884 3902 3885
3 3903 3904 3902
3 3902 3886 3885
3 3902 3904 3886
3 3904 3905 3886
3 3905 3906 3886
3 3886 3906 3887
3 3906 3907 3887
3 3887 3907 3888
3 3907 3908 3888
3 3888 3908 3889
3 3910 3909 3890
3 3910 3890 3908
3 3908 3890 3889
3 3890 3909 3891
3 3910 3911 3909
3 3909 3892 3891
3 3909 3911 3892
3 3911 3912 3892
3 3912 3913 3892
3 3892 3913 3893
3 3913 3914 3893
3 3893 3914 3894
3 3914 3915 3894
3 3894 3915 3895
3 3917 3896 3895
3 3917 3895 3916
3 3916 3895 3915
3 3916 3918 3917
3 3917 3897 3896
3 3918 3897 3917
3 3918 3919 3897
3 3919 3898 3897
3 3919 3920 3898
3 3898 3920 3899
3 3920 3921 3899
3 3899 3921 3900
3 3921 3922 3900
3 3900 3922 3901
3 3922 2989 3901
3 3901 2989 2970
3 3510 3531 3923
3 3903 3510 3923
3 3923 3904 3903
3 3924 3904 3923
3 3924 3925 3904
3 3904 3925 3905
3 3925 3926 3905
3 3905 3926 3906
3 3926 3927 3906
3 3906 3927 3907
3 3927 3928 3907
3 3907 3928 3908
3 3930 3910 3908
3 3930 3908 3929
3 3929 3908 3928
3 3929 3931 3930
3 3930 3911 3910
3 3931 3911 3930
3 3931 3932 3911
3 3932 3912 3911
3 3932 3933 3912
3 3912 3933 3913
3 3933 3934 3913
3 3913 3934 3914
3 3934 3935 3914
3 3914 3935 3915
3 3935 3936 3915
3 3915 3936 3916
3 3916 3936 3937
3 3918 3916 3937
3 3937 3919 3918
3 3938 3919 3937
3 3938 3939 3919
3 3919 3939 3920
3 3939 3940 3920
3 3920 3940 3921
3 3940 3941 3921
3 3921 3941 3922
3 3941 3007 3922
3 3922 3007 2989
3 3531 3555 3942
3 3923 3531 3942
3 3942 3924 3923
3 3943 3924 3942
3 3943 3944 3924
3 3924 3944 3925
3 3944 3945 3925
3 3925 3945 3926
3 3945 3946 3926
3 3926 3946 3927
3 3946 3947 3927
3 3927 3947 3928
3 3949 3948 3929
3 3949 3929 3947
3 3947 3929 3928
3 3929 3948 3931
3 3949 3950 3948
3 3948 3932 3931
3 3948 3950 3932
3 3950 3951 3932
3 3951 3952 3932
3 3932 3952 3933
3 3952 3953 3933
3 3933 3953 3934
3 3953 3954 3934
3 3934 3954 3935
3 3956 3955 3936
3 3956 3936 3954
3 3954 3936 3935
3 3936 3955 3937
3 3956 3957 3955
3 3955 3938 3937
3 3955 3957 3938
3 3957 3958 3938
3 3958 3959 3938
3 3938 3959 3939
3 3959 3960 3939
3 3939 3960 3940
3 3960 3961 3940
3 3940 3961 3941
3 3961 3024 3941
3 3941 3024 3007
3 3555 3577 3962
3 3942 3555 3962
3 3962 3943 3942
3 3963 3943 3962
3 3963 3964 3943
3 3943 3964 3944
3 3964 3965 3944
3 3944 3965 3945
3 3965 3966 3945
3 3945 3966 3946
3 3966 3967 3946
3 3946 3967 3947
3 3969 3949 3947
3 3969 3947 3968
3 3968 3947 3967
3 3968 3970 3969
3 3969 3950 3949
3 3970 3950 3969
3 3970 3971 3950
3 3971 3951 3950
3 3971 3972 3951
3 3951 3972 3952
3 3972 3973 3952
3 3952 3973 3953
3 3973 3974 3953
3 3953 3974 3954
3 3954 3974 3975
3 3956 3954 3975
3 3975 3957 3956
3 3976 3957 3975
3 3976 3977 3957
3 3957 3977 3958
3 3977 3978 3958
3 3958 3978 3959
3 3978 3979 3959
3 3959 3979 3960
3 3979 3980 3960
3 3960 3980 3961
3 3980 3041 3961
3 3961 3041 3024
3 3577 3597 3981
3 3962 3577 3981
3 3981 3963 3962
3 3982 3963 3981
3 3982 3983 3963
3 3963 3983 3964
3 3983 3984 3964
3 3964 3984 3965
3 3984 3985 3965
3 3965 3985 3966
3 3985 3986 3966
3 3966 3986 3967
3 3988 3987 3968
3 3988 3968 3986
3 3986 3968 3967
3 3968 3987 3970
3 3988 3989 3987
3 3987 3971 3970
3 3987 3989 3971
3 3989 3990 3971
3 3990 3991 3971
3 3971 3991 3972
3 3991 3992 3972
3 3972 3992 3973
3 3992 3993 3973
3 3973 3993 3974
3 3974 3993 3994
3 3975 3974 3994
3 3994 3976 3975
3 3995 3976 3994
3 3995 3996 3976
3 3976 3996 3977
3 3996 3997 3977
3 3977 3997 3978
3 3997 3998 3978
3 3978 3998 3979
3 3998 3999 3979
3 3979 3999 3980
3 3999 3057 3980
3 3980 3057 3041
3 3597 3616 4000
3 3981 3597 4000
3 4000 3982 3981
3 4001 3982 4000
3 4001 4002 3982
3 3982 4002 3983
3 4002 4003 3983
3 3983 4003 3984
3 4003 4004 3984
3 3984 4004 3985
3 4004 4005 3985
3 3985 4005 3986
3 3986 4005 4006
3 3988 3986 4006
3 4006 3989 3988
3 4007 3989 4006
3 4007 4008 3989
3 3989 4008 3990
3 4008 4009 3990
3 3990 4009 3991
3 4009 4010 3991
3 3991 4010 3992
3 4010 4011 3992
3 3992 4011 3993
3 4013 3994 3993
3 4013 3993 4012
3 4012 3993 4011
3 4012 4014 4013
3 4013 3995 3994
3 4014 3995 4013
3 4014 4015 3995
3 4015 3996 3995
3 4015 4016 3996
3 3996 4016 3997
3 4016 4017 3997
3 3997 4017 3998
3 4017 4018 3998
3 3998 4018 3999
3 4018 3076 3999
3 3999 3076 3057
3 3616 3635 4019
3 4000 3616 4019
3 4019 4001 4000
3 4020 4001 4019
3 4020 4021 4001
3 4001 4021 4002
3 4021 4022 4002
3 4002 4022 4003
3 4022 4023 4003
3 4003 4023 4004
3 4023 4024 4004
3 4004 4024 4005
3 4005 4024 4025
3 4006 4005 4025
3 4025 4007 4006
3 4026 4007 4025
3 4026 4027 4007
3 4007 4027 4008
3 4027 4028 4008
3 4008 4028 4009
3 4028 4029 4009
3 4009 4029 4010
3 4029 4030 4010
3 4010 4030 4011
3 4032 4031 4012
3 4032 4012 4030
3 4030 4012 4011
3 4012 4031 4014
3 4032 4033 4031
3 4031 4015 4014
3 4031 4033 4015
3 4033 4034 4015
3 4034 4035 4015
3 4015 4035 4016
3 4035 4036 4016
3 4016 4036 4017
3 4036 4037 4017
3 4017 4037 4018
3 4037 3092 4018
3 4018 3092 3076
3 3635 3656 4019
3 3656 4020 4019
3 3656 3658 4020
3 3658 4038 4020
3 4038 4039 4020
3 4020 4039 4021
3 4039 4040 4021
3 4021 4040 4022
3 4040 4041 4022
3 4022 4041 4023
3 4043 4042 4024
3 4043 4024 4041
3 4041 4024 4023
3 4024 4042 4025
3 4043 4044 4042
3 4042 4026 4025
3 4042 4044 4026
3 4044 4045 4026
3 4045 4046 4026
3 4026 4046 4027
3 4046 4047 4027
3 4027 4047 4028
3 4047 4048 4028
3 4028 4048 4029
3 4048 4049 4029
3 4029 4049 4030
3 4030 4049 4050
3 4032 4030 4050
3 4050 4033 4032
3 4051 4033 4050
3 4051 4052 4033
3 4033 4052 4034
3 4052 4053 4034
3 4034 4053 4035
3 4053 4054 4035
3 4035 4054 4036
3 4054 4055 4036
3 4036 4055 4037
3 4055 3108 4037
3 4037 3108 3092
3 3680 4056 3681
3 4056 3658 3681
3 4056 4057 3658
3 4057 4038 3658
3 4057 4058 4038
3 4038 4058 4039
3 4058 4059 4039
3 4039 4059 4040
3 4059 4060 4040
3 4040 4060 4041
3 4041 4060 4061
3 4043 4041 4061
3 4061 4044 4043
3 4062 4044 4061
3 4062 4063 4044
3 4044 4063 4045
3 4063 4064 4045
3 4045 4064 4046
3 4064 4065 4046
3 4046 4065 4047
3 4065 4066 4047
3 4047 4066 4048
3 4066 4067 4048
3 4048 4067 4049
3 4069 4050 4049
3 4069 4049 4068
3 4068 4049 4067
3 4068 4070 4069
3 4069 4051 4050
3 4070 4051 4069
3 4070 4071 4051
3 4071 4052 4051
3 4071 4072 4052
3 4052 4072 4053
3 4072 4073 4053
3 4053 4073 4054
3 4073 4074 4054
3 4054 4074 4055
3 4074 3124 4055
3 4055 3124 3108
3 3680 3705 4075
3 4056 3680 4075
3 4075 4057 4056
3 4076 4057 4075
3 4076 4077 4057
3 4057 4077 4058
3 4077 4078 4058
3 4058 4078 4059
3 4078 4079 4059
3 4059 4079 4060
3 4081 4061 4060
3 4081 4060 4080
3 4080 4060 4079
3 4080 4082 4081
3 4081 4062 4061
3 4082 4062 4081
3 4082 4083 4062
3 4083 4063 4062
3 4083 4084 4063
3 4063 4084 4064
3 4084 4085 4064
3 4064 4085 4065
3 4085 4086 4065
3 4065 4086 4066
3 4086 4087 4066
3 4066 4087 4067
3 4089 4088 4068
3 4089 4068 4087
3 4087 4068 4067
3 4068 4088 4070
3 4089 4090 4088
3 4088 4071 4070
3 4088 4090 4071
3 4090 4091 4071
3 4091 4092 4071
3 4071 4092 4072
3 4092 4093 4072
3 4072 4093 4073
3 4093 4094 4073
3 4073 4094 4074
3 4094 3144 4074
3 4074 3144 3124
3 3705 3724 4075
3 3724 4076 4075
3 3724 3726 4076
3 3726 4095 4076
3 4095 4096 4076
3 4076 4096 4077
3 4096 4097 4077
3 4077 4097 4078
3 4097 4098 4078
3 4078 4098 4079
3 4100 4099 4080
3 4100 4080 4098
3 4098 4080 4079
3 4080 4099 4082
3 4100 4101 4099
3 4099 4083 4082
3 4099 4101 4083
3 4101 4102 4083
3 4102 4103 4083
3 4083 4103 4084
3 4103 4104 4084
3 4084 4104 4085
3 4104 4105 4085
3 4085 4105 4086
3 4105 4106 4086
3 4086 4106 4087
3 4087 4106 4107
3 4089 4087 4107
3 4107 4090 4089
3 4108 4090 4107
3 4108 4109 4090
3 4090 4109 4091
3 4109 4110 4091
3 4091 4110 4092
3 4110 4111 4092
3 4092 4111 4093
3 4111 4112 4093
3 4093 4112 4094
3 4113 3168 3144
3 4113 3144 4112
3 4112 3144 4094
3 4113 3169 3168
3 2273 2275 3726
3 3726 2275 4095
3 2275 2277 4095
3 4095 2277 4096
3 2277 2279 4096
3 4096 2279 4097
3 2279 2281 4097
3 4097 2281 4098
3 4098 2281 2283
3 4100 4098 2283
3 2283 4101 4100
3 2285 4101 2283
3 2285 2287 4101
3 4101 2287 4102
3 2287 2289 4102
3 4102 2289 4103
3 2289 2291 4103
3 4103 2291 4104
3 2291 2293 4104
3 4104 2293 4105
3 2295 4114 4106
3 2295 4106 2293
3 2293 4106 4105
3 4106 4114 4107
3 2295 2298 4114
3 4114 4108 4107
3 4114 2298 4108
3 2298 2300 4108
3 2300 2302 4108
3 4108 2302 4109
3 2302 2304 4109
3 4109 2304 4110
3 2304 2306 4110
3 4110 2306 4111
3 2306 2308 4111
3 4111 2308 4112
3 4112 2308 2310
3 4113 4112 2310
3 2310 3169 4113
3 2312 3169 2310
3 3728 1792 1791
3 4115 3728 1791
3 3728 4115 3730
3 1791 4116 4115
3 1802 4116 1791
3 4115 3731 3730
3 4115 4116 3731
3 4116 4117 3731
3 4117 4118 3731
3 3731 4118 3732
3 4118 4119 3732
3 3732 4119 3733
3 4119 4120 3733
3 3733 4120 3734
3 4120 4121 3734
3 3734 4121 3735
3 4121 4122 3735
3 3735 4122 3736
3 4122 4123 3736
3 3736 4123 3737
3 4125 4124 3738
3 4125 3738 4123
3 4123 3738 3737
3 3739 3738 4124
3 4126 3739 4124
3 4126 3741 3739
3 4129 4127 4128
3 4127 4130 4128
3 4125 4131 4124
3 4124 4132 4126
3 4131 4132 4124
3 4128 4132 4129
3 4128 3742 4132
3 4126 4132 3741
3 3741 4132 3742
3 4130 3742 4128
3 4130 4133 3742
3 4133 3743 3742
3 4133 4134 3743
3 3743 4134 3744
3 4134 4135 3744
3 3744 4135 3745
3 4135 4136 3745
3 3745 4136 3746
3 3746 4136 4137
3 3747 3746 4137
3 4137 2273 3747
3 2272 2273 4137
3 1850 4138 1802
3 1802 4138 4116
3 4138 4139 4116
3 4116 4139 4117
3 4139 4140 4117
3 4117 4140 4118
3 4140 4141 4118
3 4118 4141 4119
3 4141 4142 4119
3 4119 4142 4120
3 4142 4143 4120
3 4120 4143 4121
3 4143 4144 4121
3 4121 4144 4122
3 4144 4145 4122
3 4122 4145 4123
3 4147 4125 4123
3 4147 4123 4146
3 4146 4123 4145
3 4146 4148 4149
3 4147 4146 4149
3 4129 4149 4148
3 4129 4148 4127
3 4127 4148 4150
3 4127 4150 4151
3 4130 4127 4151
3 4147 4131 4125
3 4149 4131 4147
3 4132 4131 4149
3 4149 4129 4132
3 4151 4133 4130
3 4152 4133 4151
3 4152 4153 4133
3 4133 4153 4134
3 4153 4154 4134
3 4134 4154 4135
3 4154 4155 4135
3 4135 4155 4136
3 4136 4155 4156
3 4137 4136 4156
3 4156 2272 4137
3 2313 2272 4156
3 1876 4157 1850
3 1850 4157 4138
3 4157 4158 4138
3 4138 4158 4139
3 4158 4159 4139
3 4139 4159 4140
3 4159 4160 4140
3 4140 4160 4141
3 4160 4161 4141
3 4141 4161 4142
3 4161 4162 4142
3 4142 4162 4143
3 4162 4163 4143
3 4143 4163 4144
3 4163 4164 4144
3 4144 4164 4145
3 4164 4165 4145
3 4145 4165 4146
3 4167 4166 4148
3 4167 4148 4165
3 4165 4148 4146
3 4150 4148 4166
3 4168 4150 4166
3 4150 4168 4151
3 4167 4169 4166
3 4166 4170 4168
3 4169 4170 4166
3 4168 4152 4151
3 4168 4170 4152
3 4170 4171 4152
3 4171 4172 4152
3 4152 4172 4153
3 4172 4173 4153
3 4153 4173 4154
3 4175 4174 4155
3 4175 4155 4173
3 4173 4155 4154
3 4155 4174 4156
3 4175 4176 4174
3 4174 2313 4156
3 4174 4176 2313
3 4176 2336 2313
3 1898 4177 1876
3 1876 4177 4157
3 4177 4178 4157
3 4157 4178 4158
3 4178 4179 4158
3 4158 4179 4159
3 4179 4180 4159
3 4159 4180 4160
3 4180 4181 4160
3 4160 4181 4161
3 4181 4182 4161
3 4161 4182 4162
3 4182 4183 4162
3 4162 4183 4163
3 4183 4184 4163
3 4163 4184 4164
3 4184 4185 4164
3 4164 4185 4165
3 4165 4185 4186
3 4167 4165 4186
3 4186 4169 4167
3 4187 4169 4186
3 4187 4188 4169
3 4169 4188 4170
3 4188 4189 4170
3 4170 4189 4171
3 4189 4190 4171
3 4171 4190 4172
3 4190 4191 4172
3 4172 4191 4173
3 4173 4191 4192
3 4175 4173 4192
3 4192 4176 4175
3 4193 4176 4192
3 4193 2359 4176
3 4176 2359 2336
3 1926 4195 4194
3 1926 4194 1898
3 1898 4194 4177
3 4194 4196 4177
3 4177 4196 4178
3 4196 4197 4178
3 4178 4197 4179
3 4197 4198 4179
3 4179 4198 4180
3 4198 4199 4180
3 4180 4199 4181
3 4199 4200 4181
3 4181 4200 4182
3 4200 4201 4182
3 4182 4201 4183
3 4203 4202 4184
3 4203 4184 4201
3 4201 4184 4183
3 4185 4184 4202
3 4204 4185 4202
3 4185 4204 4186
3 1926 1931 4195
3 4203 4205 4202
3 4202 4206 4204
3 4205 4206 4202
3 4204 4187 4186
3 4204 4206 4187
3 4206 4207 4187
3 4207 4208 4187
3 4187 4208 4188
3 4208 4209 4188
3 4188 4209 4189
3 4209 4210 4189
3 4189 4210 4190
3 4210 4211 4190
3 4190 4211 4191
3 4191 4211 4212
3 4192 4191 4212
3 4212 4193 4192
3 4213 4193 4212
3 4213 2380 4193
3 4193 2380 2359
3 4195 4215 4214
3 4194 4195 4214
3 4214 4216 4194
3 4194 4216 4196
3 4216 4217 4196
3 4196 4217 4197
3 4217 4218 4197
3 4197 4218 4198
3 4218 4219 4198
3 4198 4219 4199
3 4219 4220 4199
3 4199 4220 4200
3 4222 4221 4201
3 4222 4201 4220
3 4220 4201 4200
3 4201 4221 4203
3 1958 4195 1931
3 4215 4195 1958
3 4222 4223 4221
3 4221 4205 4203
3 4221 4223 4205
3 4223 4224 4205
3 4224 4225 4205
3 4205 4225 4206
3 4225 4226 4206
3 4206 4226 4207
3 4226 4227 4207
3 4207 4227 4208
3 4227 4228 4208
3 4208 4228 4209
3 4228 4229 4209
3 4209 4229 4210
3 4229 4230 4210
3 4210 4230 4211
3 4211 4230 4231
3 4212 4211 4231
3 4231 4213 4212
3 4232 4213 4231
3 4232 2402 4213
3 4213 2402 2380
3 4215 1982 1981
3 4215 1981 4214
3 4214 1981 4233
3 4235 4234 4216
3 4235 4216 4233
3 4233 4216 4214
3 4217 4216 4234
3 4236 4217 4234
3 4218 4217 4236
3 4237 4218 4236
3 4219 4218 4237
3 4238 4219 4237
3 4220 4219 4238
3 4239 4220 4238
3 4220 4239 4222
3 1982 4215 1958
3 4235 4240 4234
3 4234 4241 4236
3 4240 4241 4234
3 4236 4242 4237
3 4241 4242 4236
3 4237 4243 4238
3 4242 4243 4237
3 4238 4244 4239
3 4243 4244 4238
3 4239 4223 4222
3 4239 4244 4223
3 4244 4245 4223
3 4245 4246 4223
3 4223 4246 4224
3 4246 4247 4224
3 4224 4247 4225
3 4247 4248 4225
3 4225 4248 4226
3 4248 4249 4226
3 4226 4249 4227
3 4249 4250 4227
3 4227 4250 4228
3 4250 4251 4228
3 4228 4251 4229
3 4251 4252 4229
3 4229 4252 4230
3 4230 4252 4253
3 4231 4230 4253
3 4253 4232 4231
3 4254 4232 4253
3 4254 2422 4232
3 4232 2422 2402
3 4233 1981 2008
3 4255 4233 2008
3 4233 4255 4235
3 2008 4256 4255
3 2012 4256 2008
3 4255 4240 4235
3 4255 4256 4240
3 4256 4257 4240
3 4257 4258 4240
3 4240 4258 4241
3 4258 4259 4241
3 4241 4259 4242
3 4259 4260 4242
3 4242 4260 4243
3 4260 4261 4243
3 4243 4261 4244
3 4261 4262 4244
3 4244 4262 4245
3 4262 4263 4245
3 4245 4263 4246
3 4263 4264 4246
3 4246 4264 4247
3 4264 4265 4247
3 4247 4265 4248
3 4265 4266 4248
3 4248 4266 4249
3 4266 4267 4249
3 4249 4267 4250
3 4267 4268 4250
3 4250 4268 4251
3 4268 4269 4251
3 4251 4269 4252
3 4252 4269 4270
3 4253 4252 4270
3 4270 4254 4253
3 4271 4254 4270
3 4271 2442 4254
3 4254 2442 2422
3 2032 4272 2012
3 2012 4272 4256
3 4272 4273 4256
3 4256 4273 4257
3 4273 4274 4257
3 4257 4274 4258
3 4274 4275 4258
3 4258 4275 4259
3 4275 4276 4259
3 4259 4276 4260
3 4276 4277 4260
3 4260 4277 4261
3 4277 4278 4261
3 4261 4278 4262
3 4278 4279 4262
3 4262 4279 4263
3 4279 4280 4263
3 4263 4280 4264
3 4280 4281 4264
3 4264 4281 4265
3 4281 4282 4265
3 4265 4282 4266
3 4282 4283 4266
3 4266 4283 4267
3 4283 4284 4267
3 4267 4284 4268
3 4286 4285 4269
3 4286 4269 4284
3 4284 4269 4268
3 4269 4285 4270
3 4286 4287 4285
3 4285 4271 4270
3 4285 4287 4271
3 4287 4288 4271
3 4288 2463 4271
3 4271 2463 2442
3 2059 4289 2032
3 2032 4289 4272
3 4289 4290 4272
3 4272 4290 4273
3 4290 4291 4273
3 4273 4291 4274
3 4291 4292 4274
3 4274 4292 4275
3 4292 4293 4275
3 4275 4293 4276
3 4293 4294 4276
3 4276 4294 4277
3 4294 4295 4277
3 4277 4295 4278
3 4295 4296 4278
3 4278 4296 4279
3 4296 4297 4279
3 4279 4297 4280
3 4297 4298 4280
3 4280 4298 4281
3 4298 4299 4281
3 4281 4299 4282
3 4299 4300 4282
3 4282 4300 4283
3 4300 4301 4283
3 4283 4301 4284
3 4284 4301 4302
3 4286 4284 4302
3 4302 4287 4286
3 4303 4287 4302
3 4303 4304 4287
3 4287 4304 4288
3 4304 2483 4288
3 4288 2483 2463
3 2083 4305 2059
3 2059 4305 4289
3 4305 4306 4289
3 4289 4306 4290
3 4306 4307 4290
3 4290 4307 4291
3 4307 4308 4291
3 4291 4308 4292
3 4308 4309 4292
3 4292 4309 4293
3 4309 4310 4293
3 4293 4310 4294
3 4310 4311 4294
3 4294 4311 4295
3 4311 4312 4295
3 4295 4312 4296
3 4312 4313 4296
3 4296 4313 4297
3 4313 4314 4297
3 4297 4314 4298
3 4314 4315 4298
3 4298 4315 4299
3 4315 4316 4299
3 4299 4316 4300
3 4316 4317 4300
3 4300 4317 4301
3 4301 4317 4318
3 4302 4301 4318
3 4318 4303 4302
3 4319 4303 4318
3 4319 4320 4303
3 4303 4320 4304
3 4320 2505 4304
3 4304 2505 2483
3 2103 4321 2083
3 2083 4321 4305
3 4321 4322 4305
3 4305 4322 4306
3 4322 4323 4306
3 4306 4323 4307
3 4323 4324 4307
3 4307 4324 4308
3 4324 4325 4308
3 4308 4325 4309
3 4325 4326 4309
3 4309 4326 4310
3 4326 4327 4310
3 4310 4327 4311
3 4327 4328 4311
3 4311 4328 4312
3 4328 4329 4312
3 4312 4329 4313
3 4329 4330 4313
3 4313 4330 4314
3 4330 4331 4314
3 4314 4331 4315
3 4331 4332 4315
3 4315 4332 4316
3 4334 4333 4317
3 4334 4317 4332
3 4332 4317 4316
3 4317 4333 4318
3 4334 4335 4333
3 4333 4319 4318
3 4333 4335 4319
3 4335 4336 4319
3 4336 4337 4319
3 4319 4337 4320
3 4337 2526 4320
3 4320 2526 2505
3 2133 4339 4338
3 2133 4338 2103
3 2103 4338 4321
3 4338 4340 4321
3 4321 4340 4322
3 4340 4341 4322
3 4322 4341 4323
3 4341 4342 4323
3 4323 4342 4324
3 4342 4343 4324
3 4324 4343 4325
3 4343 4344 4325
3 4325 4344 4326
3 4344 4345 4326
3 4326 4345 4327
3 4345 4346 4327
3 4327 4346 4328
3 4346 4347 4328
3 4328 4347 4329
3 4347 4348 4329
3 4329 4348 4330
3 4348 4349 4330
3 4330 4349 4331
3 4351 4350 4332
3 4351 4332 4349
3 4349 4332 4331
3 4332 4350 4334
3 2133 2139 4339
3 4351 4352 4350
3 4350 4335 4334
3 4350 4352 4335
3 4352 4353 4335
3 4353 4354 4335
3 4335 4354 4336
3 4354 4355 4336
3 4336 4355 4337
3 4355 2548 4337
3 4337 2548 2526
3 4339 2168 2167
3 4339 2167 4338
3 4338 2167 4356
3 4356 4357 4338
3 4338 4357 4340
3 4357 4358 4340
3 4340 4358 4341
3 4358 4359 4341
3 4341 4359 4342
3 4359 4360 4342
3 4342 4360 4343
3 4360 4361 4343
3 4343 4361 4344
3 4361 4362 4344
3 4344 4362 4345
3 4362 4363 4345
3 4345 4363 4346
3 4363 4364 4346
3 4346 4364 4347
3 4364 4365 4347
3 4347 4365 4348
3 4365 4366 4348
3 4348 4366 4349
3 4368 4351 4349
3 4368 4349 4367
3 4367 4349 4366
3 4367 4369 4368
3 2168 4339 2139
3 4368 4352 4351
3 4369 4352 4368
3 4369 4370 4352
3 4370 4353 4352
3 4370 4371 4353
3 4353 4371 4354
3 4371 4372 4354
3 4354 4372 4355
3 4373 2569 2548
3 4373 2548 4372
3 4372 2548 4355
3 4373 2571 2569
3 2198 4374 2167
3 2167 4374 4356
3 4374 4375 4356
3 4356 4375 4357
3 4375 4376 4357
3 4357 4376 4358
3 4376 4377 4358
3 4358 4377 4359
3 4377 4378 4359
3 4359 4378 4360
3 4378 4379 4360
3 4360 4379 4361
3 4379 4380 4361
3 4361 4380 4362
3 4380 4381 4362
3 4362 4381 4363
3 4381 4382 4363
3 4363 4382 4364
3 4382 4383 4364
3 4364 4383 4365
3 4383 4384 4365
3 4365 4384 4366
3 4384 4385 4366
3 4366 4385 4367
3 4367 4385 4386
3 4369 4367 4386
3 4386 4370 4369
3 4387 4370 4386
3 4387 4388 4370
3 4370 4388 4371
3 4390 4389 4372
3 4390 4372 4388
3 4388 4372 4371
3 4372 4389 4373
3 4390 4391 4389
3 4389 2571 4373
3 4389 4391 2571
3 4391 2591 2571
3 2244 4392 2198
3 2198 4392 4374
3 4392 4393 4374
3 4374 4393 4375
3 4393 4394 4375
3 4375 4394 4376
3 4394 4395 4376
3 4376 4395 4377
3 4395 4396 4377
3 4377 4396 4378
3 4396 4397 4378
3 4378 4397 4379
3 4397 4398 4379
3 4379 4398 4380
3 4398 4399 4380
3 4380 4399 4381
3 4399 4400 4381
3 4381 4400 4382
3 4400 4401 4382
3 4382 4401 4383
3 4401 4402 4383
3 4383 4402 4384
3 4404 4403 4385
3 4404 4385 4402
3 4402 4385 4384
3 4385 4403 4386
3 4404 4405 4403
3 4403 4387 4386
3 4403 4405 4387
3 4405 4406 4387
3 4406 4407 4387
3 4387 4407 4388
3 4409 4390 4388
3 4409 4388 4408
3 4408 4388 4407
3 4408 86 2611
3 4409 4408 2611
3 4409 4391 4390
3 2611 4391 4409
3 2591 4391 2611
3 4412 4411 4392
3 4412 4392 4410
3 4410 4392 2244
3 4411 4414 4413
3 4411 4413 4392
3 4392 4413 4393
3 4413 4415 4393
3 4393 4415 4394
3 4415 4416 4394
3 4394 4416 4395
3 4416 4417 4395
3 4395 4417 4396
3 4417 4418 4396
3 4396 4418 4397
3 4418 4419 4397
3 4397 4419 4398
3 4419 4420 4398
3 4398 4420 4399
3 4420 4421 4399
3 4399 4421 4400
3 4423 4422 4401
3 4423 4401 4421
3 4421 4401 4400
3 4402 4401 4422
3 4424 4402 4422
3 4402 4424 4404
3 4412 4425 4411
3 4411 4425 4414
3 4423 4426 4422
3 4422 4427 4424
3 4426 4427 4422
3 4424 4405 4404
3 4424 4427 4405
3 4427 4428 4405
3 4428 4429 4405
3 4405 4429 4406
3 4429 4430 4406
3 4406 4430 4407
3 4430 4431 4407
3 4407 4431 4408
3 4432 85 86
3 4432 86 4431
3 4431 86 4408
3 4432 88 85
3 4410 4433 4412
3 4414 4435 4434
3 4413 4414 4434
3 4434 4436 4413
3 4413 4436 4415
3 4436 4437 4415
3 4415 4437 4416
3 4437 4438 4416
3 4416 4438 4417
3 4438 4439 4417
3 4417 4439 4418
3 4441 4440 4419
3 4441 4419 4439
3 4439 4419 4418
3 4440 4443 4442
3 4440 4442 4419
3 4419 4442 4420
3 4442 4444 4420
3 4420 4444 4421
3 4446 4423 4421
3 4446 4421 4445
3 4445 4421 4444
3 4445 4447 4446
3 4433 4425 4412
3 4433 4448 4425
3 4448 4449 4425
3 4449 4414 4425
3 4435 4414 4449
3 4441 4450 4440
3 4440 4450 4443
3 4446 4426 4423
3 4447 4426 4446
3 4447 4451 4426
3 4451 4427 4426
3 4451 4452 4427
3 4427 4452 4428
3 4452 4453 4428
3 4428 4453 4429
3 4453 4454 4429
3 4429 4454 4430
3 4456 4455 4431
3 4456 4431 4454
3 4454 4431 4430
3 4431 4455 4432
3 4456 4457 4455
3 4455 88 4432
3 4455 4457 88
3 4457 126 88
3 4458 4460 4461
3 4459 4458 4461
3 4435 4461 4460
3 4435 4460 4434
3 4434 4460 4462
3 4462 4463 4434
3 4434 4463 4436
3 4463 4464 4436
3 4436 4464 4437
3 4464 4465 4437
3 4437 4465 4438
3 4465 4466 4438
3 4438 4466 4439
3 4468 4441 4439
3 4468 4439 4467
3 4467 4439 4466
3 4443 4468 4467
3 4443 4467 4442
3 4442 4467 4469
3 4469 4470 4442
3 4442 4470 4444
3 4470 4471 4444
3 4444 4471 4445
3 4473 4447 4445
3 4473 4445 4472
3 4472 4445 4471
3 4472 4474 4475
3 4473 4472 4475
3 4474 4476 4475
3 4461 4448 4459
3 4449 4448 4461
3 4461 4435 4449
3 4468 4450 4441
3 4468 4443 4450
3 4473 4451 4447
3 4475 4451 4473
3 4452 4451 4475
3 4476 4452 4475
3 4476 4477 4452
3 4477 4453 4452
3 4477 4478 4453
3 4453 4478 4454
3 4454 4478 4479
3 4456 4454 4479
3 4479 4457 4456
3 4480 4457 4479
3 4480 146 4457
3 4457 146 126
3 4481 4482 4458
3 4458 4482 4460
3 4482 4483 4460
3 4460 4483 4462
3 4483 4484 4462
3 4462 4484 4463
3 4484 4485 4463
3 4463 4485 4464
3 4485 4486 4464
3 4464 4486 4465
3 4486 4487 4465
3 4465 4487 4466
3 4487 4488 4466
3 4466 4488 4467
3 4488 4489 4467
3 4467 4489 4469
3 4489 4490 4469
3 4469 4490 4470
3 4490 4491 4470
3 4470 4491 4471
3 4493 4492 4472
3 4493 4472 4491
3 4491 4472 4471
3 4474 4472 4492
3 4494 4474 4492
3 4474 4494 4476
3 4493 4495 4492
3 4492 4496 4494
3 4495 4496 4492
3 4494 4477 4476
3 4494 4496 4477
3 4496 4497 4477
3 4497 4498 4477
3 4477 4498 4478
3 4478 4498 4499
3 4479 4478 4499
3 4499 4480 4479
3 4500 4480 4499
3 4500 167 4480
3 4480 167 146
3 4501 4503 4502
3 4501 4502 4481
3 4481 4502 4482
3 4502 4504 4482
3 4482 4504 4483
3 4504 4505 4483
3 4483 4505 4484
3 4505 4506 4484
3 4484 4506 4485
3 4506 4507 4485
3 4485 4507 4486
3 4507 4508 4486
3 4486 4508 4487
3 4508 4509 4487
3 4487 4509 4488
3 4511 4510 4489
3 4511 4489 4509
3 4509 4489 4488
3 4510 4513 4512
3 4510 4512 4489
3 4489 4512 4490
3 4512 4514 4490
3 4490 4514 4491
3 4491 4514 4515
3 4493 4491 4515
3 4501 4516 4503
3 4511 4517 4510
3 4510 4517 4513
3 4515 4495 4493
3 4518 4495 4515
3 4518 4519 4495
3 4495 4519 4496
3 4519 4520 4496
3 4496 4520 4497
3 4520 4521 4497
3 4497 4521 4498
3 4523 4499 4498
3 4523 4498 4522
3 4522 4498 4521
3 4522 4524 4523
3 4523 4500 4499
3 4524 4500 4523
3 4524 187 4500
3 187 167 4500
3 4503 4526 4525
3 4502 4503 4525
3 4525 4527 4502
3 4502 4527 4504
3 4527 4528 4504
3 4504 4528 4505
3 4528 4529 4505
3 4505 4529 4506
3 4529 4530 4506
3 4506 4530 4507
3 4530 4531 4507
3 4507 4531 4508
3 4533 4532 4509
3 4533 4509 4531
3 4531 4509 4508
3 4509 4532 4511
3 4512 4513 4534
3 4514 4512 4534
3 4535 4514 4534
3 4514 4535 4515
3 4536 4503 4516
3 4526 4503 4536
3 4533 4537 4532
3 4532 4517 4511
3 4532 4537 4517
3 4537 4538 4517
3 4513 4539 4534
3 4513 4517 4539
3 4517 4538 4539
3 4534 4540 4535
3 4539 4540 4534
3 4535 4518 4515
3 4535 4540 4518
3 4540 4541 4518
3 4541 4542 4518
3 4518 4542 4519
3 4542 4543 4519
3 4519 4543 4520
3 4543 4544 4520
3 4520 4544 4521
3 4546 4545 4522
3 4546 4522 4544
3 4544 4522 4521
3 4522 4545 4524
3 4546 4547 4545
3 4545 187 4524
3 4545 4547 187
3 4547 208 187
3 4525 4526 4548
3 4548 4550 4549
3 4548 4549 4525
3 4525 4549 4527
3 4549 4551 4527
3 4527 4551 4528
3 4551 4552 4528
3 4528 4552 4529
3 4552 4553 4529
3 4529 4553 4530
3 4553 4554 4530
3 4530 4554 4531
3 4556 4533 4531
3 4556 4531 4555
3 4555 4531 4554
3 4555 4557 4558
3 4556 4555 4558
3 4557 4559 4560
3 4558 4557 4560
3 4559 4561 4562
3 4560 4559 4562
3 4561 4563 4562
3 4526 4565 4548
3 4526 4536 4565
3 4536 4564 4565
3 4548 4565 4550
3 4556 4537 4533
3 4558 4537 4556
3 4538 4537 4558
3 4560 4538 4558
3 4539 4538 4560
3 4562 4539 4560
3 4540 4539 4562
3 4563 4540 4562
3 4563 4566 4540
3 4566 4541 4540
3 4566 4567 4541
3 4541 4567 4542
3 4567 4568 4542
3 4542 4568 4543
3 4568 4569 4543
3 4543 4569 4544
3 4571 4546 4544
3 4571 4544 4570
3 4570 4544 4569
3 4570 4572 4571
3 4571 4547 4546
3 4572 4547 4571
3 4572 229 4547
3 229 208 4547
3 4573 4575 4576
3 4574 4573 4576
3 4550 4576 4575
3 4550 4575 4549
3 4549 4575 4577
3 4577 4578 4549
3 4549 4578 4551
3 4578 4579 4551
3 4551 4579 4552
3 4579 4580 4552
3 4552 4580 4553
3 4580 4581 4553
3 4553 4581 4554
3 4581 4582 4554
3 4554 4582 4555
3 4582 4583 4555
3 4555 4583 4557
3 4583 4584 4557
3 4557 4584 4559
3 4586 4585 4561
3 4586 4561 4584
3 4584 4561 4559
3 4561 4585 4563
3 4576 4564 4574
3 4565 4564 4576
3 4576 4550 4565
3 4586 4587 4585
3 4585 4566 4563
3 4585 4587 4566
3 4587 4588 4566
3 4588 4589 4566
3 4566 4589 4567
3 4589 4590 4567
3 4567 4590 4568
3 4592 4591 4569
3 4592 4569 4590
3 4590 4569 4568
3 4570 4569 4591
3 4593 4570 4591
3 4570 4593 4572
3 4592 4594 4591
3 4591 4595 4593
3 4594 4595 4591
3 4593 229 4572
3 4593 4595 229
3 4595 251 229
3 4575 4573 4596
3 4597 4575 4596
3 4597 4599 4598
3 4597 4598 4575
3 4575 4598 4577
3 4598 4600 4577
3 4577 4600 4578
3 4600 4601 4578
3 4578 4601 4579
3 4601 4602 4579
3 4579 4602 4580
3 4602 4603 4580
3 4580 4603 4581
3 4605 4604 4582
3 4605 4582 4603
3 4603 4582 4581
3 4583 4582 4604
3 4606 4583 4604
3 4584 4583 4606
3 4607 4584 4606
3 4584 4607 4586
3 4596 4609 4597
3 4608 4609 4596
3 4597 4609 4599
3 4605 4610 4604
3 4604 4611 4606
3 4610 4611 4604
3 4606 4612 4607
3 4611 4612 4606
3 4607 4587 4586
3 4607 4612 4587
3 4612 4613 4587
3 4613 4614 4587
3 4587 4614 4588
3 4614 4615 4588
3 4588 4615 4589
3 4615 4616 4589
3 4589 4616 4590
3 4590 4616 4617
3 4592 4590 4617
3 4617 4594 4592
3 4618 4594 4617
3 4618 4619 4594
3 4594 4619 4595
3 4619 271 4595
3 4595 271 251
3 4622 4620 4621
3 4599 4621 4620
3 4599 4620 4598
3 4598 4620 4623
3 4623 4624 4598
3 4598 4624 4600
3 4624 4625 4600
3 4600 4625 4601
3 4625 4626 4601
3 4601 4626 4602
3 4626 4627 4602
3 4602 4627 4603
3 4629 4605 4603
3 4629 4603 4628
3 4628 4603 4627
3 4628 4630 4631
3 4629 4628 4631
3 4630 4632 4633
3 4631 4630 4633
3 4632 4634 4635
3 4633 4632 4635
3 4634 4636 4635
3 4621 4637 4622
3 4621 4609 4637
3 4609 4608 4637
3 4621 4599 4609
3 4629 4610 4605
3 4631 4610 4629
3 4611 4610 4631
3 4633 4611 4631
3 4612 4611 4633
3 4635 4612 4633
3 4613 4612 4635
3 4636 4613 4635
3 4636 4638 4613
3 4638 4614 4613
3 4638 4639 4614
3 4614 4639 4615
3 4639 4640 4615
3 4615 4640 4616
3 4642 4617 4616
3 4642 4616 4641
3 4641 4616 4640
3 4641 4643 4642
3 4642 4618 4617
3 4643 4618 4642
3 4643 4644 4618
3 4644 4619 4618
3 4644 292 4619
3 4619 292 271
3 4622 4646 4645
3 4620 4622 4645
3 4645 4647 4620
3 4620 4647 4623
3 4647 4648 4623
3 4623 4648 4624
3 4648 4649 4624
3 4624 4649 4625
3 4649 4650 4625
3 4625 4650 4626
3 4650 4651 4626
3 4626 4651 4627
3 4651 4652 4627
3 4627 4652 4628
3 4652 4653 4628
3 4628 4653 4630
3 4653 4654 4630
3 4630 4654 4632
3 4656 4655 4634
3 4656 4634 4654
3 4654 4634 4632
3 4634 4655 4636
3 4657 4622 4637
3 4646 4622 4657
3 4656 4658 4655
3 4655 4638 4636
3 4655 4658 4638
3 4658 4659 4638
3 4659 4660 4638
3 4638 4660 4639
3 4660 4661 4639
3 4639 4661 4640
3 4663 4662 4641
3 4663 4641 4661
3 4661 4641 4640
3 4641 4662 4643
3 4663 4664 4662
3 4662 4644 4643
3 4662 4664 4644
3 4664 4665 4644
3 4665 311 4644
3 4644 311 292
3 4646 4667 4666
3 4645 4646 4666
3 4666 4668 4645
3 4645 4668 4647
3 4668 4669 4647
3 4647 4669 4648
3 4669 4670 4648
3 4648 4670 4649
3 4670 4671 4649
3 4649 4671 4650
3 4671 4672 4650
3 4650 4672 4651
3 4672 4673 4651
3 4651 4673 4652
3 4675 4674 4653
3 4675 4653 4673
3 4673 4653 4652
3 4654 4653 4674
3 4676 4654 4674
3 4654 4676 4656
3 4677 4646 4657
3 4667 4646 4677
3 4675 4678 4674
3 4674 4679 4676
3 4678 4679 4674
3 4676 4658 4656
3 4676 4679 4658
3 4679 4680 4658
3 4680 4681 4658
3 4658 4681 4659
3 4681 4682 4659
3 4659 4682 4660
3 4684 4683 4661
3 4684 4661 4682
3 4682 4661 4660
3 4661 4683 4663
3 4684 4685 4683
3 4683 4664 4663
3 4683 4685 4664
3 4685 4686 4664
3 4686 4687 4664
3 4664 4687 4665
3 4687 331 4665
3 4665 331 311
3 4666 4667 4688
3 4688 4690 4689
3 4688 4689 4666
3 4666 4689 4668
3 4689 4691 4668
3 4668 4691 4669
3 4691 4692 4669
3 4669 4692 4670
3 4692 4693 4670
3 4670 4693 4671
3 4693 4694 4671
3 4671 4694 4672
3 4694 4695 4672
3 4672 4695 4673
3 4697 4675 4673
3 4697 4673 4696
3 4696 4673 4695
3 4696 4698 4697
3 4667 4700 4688
3 4667 4677 4700
3 4677 4699 4700
3 4688 4700 4690
3 4697 4678 4675
3 4698 4678 4697
3 4698 4701 4678
3 4701 4679 4678
3 4701 4702 4679
3 4679 4702 4680
3 4702 4703 4680
3 4680 4703 4681
3 4703 4704 4681
3 4681 4704 4682
3 4706 4684 4682
3 4706 4682 4705
3 4705 4682 4704
3 4705 4707 4706
3 4706 4685 4684
3 4707 4685 4706
3 4707 4708 4685
3 4708 4686 4685
3 4708 4709 4686
3 4686 4709 4687
3 4709 351 4687
3 4687 351 331
3 4690 4711 4710
3 4689 4690 4710
3 4710 4712 4689
3 4689 4712 4691
3 4712 4713 4691
3 4691 4713 4692
3 4713 4714 4692
3 4692 4714 4693
3 4714 4715 4693
3 4693 4715 4694
3 4715 4716 4694
3 4694 4716 4695
3 4718 4717 4696
3 4718 4696 4716
3 4716 4696 4695
3 4696 4717 4698
3 4719 4720 4699
3 4699 4720 4700
3 4720 4690 4700
3 4711 4690 4720
3 4718 4721 4717
3 4717 4701 4698
3 4717 4721 4701
3 4721 4722 4701
3 4722 4723 4701
3 4701 4723 4702
3 4723 4724 4702
3 4702 4724 4703
3 4724 4725 4703
3 4703 4725 4704
3 4725 4726 4704
3 4704 4726 4705
3 4705 4726 4727
3 4707 4705 4727
3 4727 4708 4707
3 4728 4708 4727
3 4728 4729 4708
3 4708 4729 4709
3 4729 370 4709
3 4709 370 351
3 4711 4731 4730
3 4710 4711 4730
3 4730 4732 4710
3 4710 4732 4712
3 4732 4733 4712
3 4712 4733 4713
3 4733 4734 4713
3 4713 4734 4714
3 4734 4735 4714
3 4714 4735 4715
3 4735 4736 4715
3 4715 4736 4716
3 4738 4718 4716
3 4738 4716 4737
3 4737 4716 4736
3 4737 4739 4738
3 4740 4741 4719
3 4719 4741 4720
3 4741 4711 4720
3 4731 4711 4741
3 4738 4721 4718
3 4739 4721 4738
3 4739 4742 4721
3 4742 4722 4721
3 4742 4743 4722
3 4722 4743 4723
3 4743 4744 4723
3 4723 4744 4724
3 4744 4745 4724
3 4724 4745 4725
3 4747 4746 4726
3 4747 4726 4745
3 4745 4726 4725
3 4726 4746 4727
3 4750 4748 4749
3 4748 390 391
3 4749 4748 391
3 4747 4751 4746
3 4746 4728 4727
3 4746 4751 4728
3 4751 4752 4728
3 4749 4752 4750
3 4749 4729 4752
3 4729 4728 4752
3 391 4729 4749
3 370 4729 391
3 4730 4731 4753
3 4753 4755 4754
3 4753 4754 4730
3 4730 4754 4732
3 4754 4756 4732
3 4732 4756 4733
3 4758 4757 4734
3 4758 4734 4756
3 4756 4734 4733
3 4735 4734 4757
3 4759 4735 4757
3 4759 4761 4760
3 4759 4760 4735
3 4735 4760 4736
3 4760 4762 4736
3 4736 4762 4737
3 4764 4739 4737
3 4764 4737 4763
3 4763 4737 4762
3 4763 4765 4764
3 4766 4767 4740
3 4740 4767 4741
3 4731 4768 4753
3 4731 4741 4768
3 4741 4767 4768
3 4753 4768 4755
3 4758 4769 4757
3 4757 4770 4759
3 4769 4770 4757
3 4759 4770 4761
3 4764 4742 4739
3 4765 4742 4764
3 4765 4771 4742
3 4771 4743 4742
3 4771 4772 4743
3 4743 4772 4744
3 4772 4773 4744
3 4744 4773 4745
3 4775 4747 4745
3 4775 4745 4774
3 4774 4745 4773
3 4774 4776 4775
3 4748 4750 4777
3 390 4748 4777
3 412 390 4777
3 4775 4751 4747
3 4776 4751 4775
3 4776 4778 4751
3 4778 4752 4751
3 4750 4779 4777
3 4750 4752 4779
3 4752 4778 4779
3 4777 413 412
3 4779 413 4777
3 4780 4782 4781
3 4782 4784 4785
3 4782 4785 4781
3 4781 4785 4783
3 4784 4786 4785
3 4787 4789 4788
3 4789 4791 4790
3 4788 4789 4790
3 4780 4793 4782
3 4790 4793 4780
3 4790 4792 4793
3 4790 4791 4792
3 4792 4794 4793
3 4793 4784 4782
3 4784 4796 4786
3 4793 4796 4784
3 4793 4795 4796
3 4793 4794 4795
3 4795 4797 4796
3 4787 4798 4789
3 4798 4791 4789
3 4798 4800 4791
3 4798 4799 4800
3 4800 4801 4791
3 4800 4802 4801
3 4801 4792 4791
3 4792 4804 4794
3 4801 4804 4792
3 4801 4803 4804
3 4801 4802 4803
3 4803 4805 4804
3 4804 4795 4794
3 4795 4807 4797
3 4804 4807 4795
3 4804 4806 4807
3 4804 4805 4806
3 4806 4808 4807
3 4809 4811 4810
3 4811 4813 4812
3 4810 4811 4812
3 4813 4799 4812
3 4813 4814 4799
3 4814 4800 4799
3 4800 4814 4815
3 4802 4800 4815
3 4815 4803 4802
3 4816 4803 4815
3 4803 4816 4817
3 4805 4803 4817
3 4817 4806 4805
3 4818 4806 4817
3 4809 4819 4820
3 4811 4809 4820
3 4820 4821 4811
3 4821 4813 4811
3 4821 4814 4813
3 4822 4814 4821
3 4814 4822 4823
3 4815 4814 4823
3 4823 4816 4815
3 4824 4816 4823
3 4826 4817 4816
3 4826 4816 4825
3 4825 4816 4824
3 4825 4827 4826
3 4826 4818 4817
3 4827 4818 4826
3 4827 4828 4818
3 4819 4829 4830
3 4820 4819 4830
3 4830 4831 4820
3 4831 4821 4820
3 4831 4822 4821
3 4832 4822 4831
3 4822 4832 4833
3 4823 4822 4833
3 4833 4824 4823
3 4834 4824 4833
3 4834 4835 4824
3 4824 4835 4825
3 4825 4835 4836
3 4827 4825 4836
3 4836 4828 4827
3 4837 4828 4836
3 4829 4839 4838
3 4829 4838 4830
3 4839 4840 4838
3 4838 4840 4841
3 4838 4841 4830
3 4830 4841 4831
3 4841 4832 4831
3 4842 4832 4841
3 4844 4833 4832
3 4844 4832 4843
3 4843 4832 4842
3 4843 4845 4844
3 4844 4834 4833
3 4845 4834 4844
3 4845 4846 4834
3 4846 4835 4834
3 4835 4846 4847
3 4836 4835 4847
3 4847 4837 4836
3 4848 4837 4847
3 4849 4851 4850
3 4850 4840 4839
3 4840 4850 4851
3 4840 4851 4841
3 4841 4851 4852
3 4852 4842 4841
3 4853 4842 4852
3 4855 4854 4843
3 4855 4843 4853
3 4853 4843 4842
3 4843 4854 4845
3 4855 4856 4854
3 4854 4846 4845
3 4854 4856 4846
3 4856 4857 4846
3 4846 4857 4858
3 4847 4846 4858
3 4858 4848 4847
3 4859 4848 4858
3 4849 4860 4851
3 4860 4861 4862
3 4860 4862 4851
3 4851 4862 4852
3 4862 4853 4852
3 4863 4853 4862
3 4853 4863 4864
3 4855 4853 4864
3 4864 4856 4855
3 4865 4856 4864
3 4867 4866 4857
3 4867 4857 4865
3 4865 4857 4856
3 4857 4866 4858
3 4867 4868 4866
3 4868 4859 4858
3 4868 4858 4866
3 4861 4869 4870
3 4862 4861 4870
3 4870 4863 4862
3 4871 4863 4870
3 4863 4871 4872
3 4864 4863 4872
3 4872 4865 4864
3 4873 4865 4872
3 4865 4873 4874
3 4867 4865 4874
3 4874 4868 4867
3 4875 4868 4874
3 4869 4876 4870
3 4879 4878 4871
3 4877 4879 4871
3 4877 4871 4870
3 4877 4870 4876
3 4871 4878 4872
3 4879 4880 4878
3 4882 4881 4873
3 4880 4882 4873
3 4880 4873 4872
3 4880 4872 4878
3 4873 4881 4874
3 4877 4883 4879
3 4883 4880 4879
3 4883 4884 4880
3 4884 4885 4880
3 4880 4885 4886
3 4882 4880 4886
3 4885 4884 4887
3 4888 4885 4887
3 4885 4888 4886
3 4807 4889 4797
3 4892 4890 4891
3 4895 4893 4894
3 4893 4892 4891
3 4893 4891 4894
3 4894 4891 4896
3 4898 4895 4894
3 4897 4898 4894
3 4894 4896 4897
3 4896 4899 4897
3 4902 4900 4901
3 4900 4898 4897
3 4900 4897 4901
3 4901 4897 4903
3 4897 4899 4903
3 4899 4904 4903
3 4902 4901 4905
3 4907 4905 4901
3 4907 4901 4906
3 4906 4901 4903
3 4903 4904 4906
3 4904 4908 4906
3 4907 4906 4909
3 4906 4908 4910
3 4909 4906 4910
3 4913 4911 4912
3 4913 4912 4914
3 4917 4915 4916
3 4892 4916 4915
3 4892 4915 4890
3 4890 4915 4918
3 4921 4919 4920
3 4916 4893 4895
3 4917 4916 4895
3 4917 4895 4920
3 4917 4920 4919
3 4916 4892 4893
3 4924 4922 4923
3 4922 4921 4920
3 4922 4920 4923
3 4923 4920 4925
3 4920 4898 4925
3 4895 4898 4920
3 4927 4924 4923
3 4926 4927 4923
3 4900 4902 4929
3 4928 4930 4925
3 4925 4930 4926
3 4925 4926 4923
3 4929 4898 4900
3 4929 4931 4898
3 4925 4898 4928
3 4928 4898 4931
3 4934 4933 4932
3 4927 4926 4935
3 4935 4926 4930
3 4936 4937 4938
3 4902 4905 4929
3 4905 4931 4929
3 4905 4907 4931
3 4936 4931 4937
3 4937 4931 4907
3 4934 4939 4933
3 4942 4940 4941
3 4940 4943 4941
3 4938 4937 4944
3 4946 4909 4945
3 4944 4909 4946
3 4944 4907 4909
3 4944 4937 4907
3 4910 4945 4909
3 4947 4945 4910
3 4942 4941 4948
3 4941 4943 4948
3 4946 4945 4949
3 4950 4949 4945
3 4950 4945 4947
3 4911 4913 4951
3 4951 4913 4914
3 4954 4952 4953
3 4952 4955 4956
3 4953 4952 4956
3 4959 4957 4958
3 4953 4915 4917
3 4954 4953 4917
3 4954 4917 4958
3 4954 4958 4957
3 4956 4915 4953
3 4918 4915 4956
3 4962 4960 4961
3 4958 4919 4921
3 4959 4958 4921
3 4959 4921 4961
3 4959 4961 4960
3 4958 4917 4919
3 4961 4963 4962
3 4922 4924 4964
3 4963 4921 4965
3 4963 4961 4921
3 4965 4921 4966
3 4922 4964 4921
3 4966 4921 4964
3 4965 4966 4967
3 4970 4968 4969
3 4969 4968 4971
3 4969 4971 4924
3 4969 4924 4927
3 4964 4924 4971
3 4972 4930 4971
3 4972 4973 4930
3 4971 4930 4964
3 4928 4966 4930
3 4964 4930 4966
3 4966 4928 4931
3 4966 4931 4975
3 4966 4975 4967
3 4974 4967 4975
3 4972 4976 4973
3 4934 4974 4975
3 4934 4932 4974
3 4978 4974 4977
3 4977 4974 4932
3 4980 4970 4969
3 4979 4980 4969
3 4935 4969 4927
3 4935 4981 4969
3 4981 4979 4969
3 4938 4973 4936
3 4938 4981 4973
3 4930 4973 4935
3 4935 4973 4981
3 4931 4982 4975
3 4931 4936 4982
3 4976 4982 4973
3 4973 4982 4936
3 4977 4982 4978
3 4977 4939 4982
3 4975 4982 4934
3 4934 4982 4939
3 4979 4940 4942
3 4979 4942 4980
3 4980 4942 4983
3 4940 4984 4943
3 4940 4979 4984
3 4979 4981 4984
3 4938 4984 4981
3 4938 4985 4984
3 4938 4944 4985
3 4986 4984 4985
3 4988 4944 4946
3 4988 4987 4944
3 4987 4985 4944
3 4987 4990 4989
3 4988 4990 4987
3 4948 4991 4992
3 4948 4992 4942
3 4942 4992 4983
3 4991 4993 4994
3 4948 4993 4991
3 4948 4984 4993
3 4948 4943 4984
3 4984 4986 4993
3 4988 4946 4949
3 4990 4988 4949
3 4950 4990 4949
3 4992 4991 4995
3 4991 4994 4995
3 4954 4997 4996
3 4952 4954 4996
3 4996 4998 4952
3 4952 4998 4955
3 4959 5000 4999
3 4957 4959 4999
3 4999 4954 4957
3 4997 4954 4999
3 5003 5001 5002
3 4962 5002 5001
3 4962 5001 4960
3 4960 5001 5004
3 5004 4959 4960
3 5000 4959 5004
3 5006 5003 5002
3 5005 5006 5002
3 4963 5002 4962
3 4963 5007 5002
3 5007 5005 5002
3 4965 5007 4963
3 5008 5007 4965
3 4965 4967 5008
3 5005 4968 4970
3 5005 4970 5006
3 5006 4970 5009
3 5007 4968 5005
3 4971 4968 5007
3 5008 4971 5007
3 4972 4971 5008
3 4974 5008 4967
3 4974 5010 5008
3 4972 5008 4976
3 4976 5008 5010
3 4974 4978 5010
3 5009 4970 5011
3 5011 4970 4980
3 4982 5014 5013
3 4982 4976 5014
3 5012 5014 5010
3 5010 5014 4976
3 5012 4978 5015
3 5012 5010 4978
3 5015 4978 5016
3 4982 5013 4978
3 5016 4978 5013
3 5011 4980 5017
3 5017 4980 4983
3 5020 5019 5018
3 4986 5018 5019
3 4986 4985 5018
3 4985 5021 5018
3 5013 5014 5021
3 5013 5021 4987
3 4987 5021 4985
3 5016 5013 4987
3 4989 5016 4987
3 5024 5022 5023
3 5022 5025 5023
3 5027 5026 5017
3 5027 5017 4992
3 4992 5017 4983
3 5019 4994 4993
3 5020 4994 5019
3 5020 5027 4994
3 5020 5026 5027
3 5019 4993 4986
3 5024 5023 5028
3 5023 5025 5028
3 5027 4992 4995
3 5027 4995 4994
3 5031 5029 5030
3 5029 5032 5030
3 5031 5030 5033
3 5030 5032 5033
3 4997 5035 5034
3 4996 4997 5034
3 5038 5036 5037
3 5000 5037 5036
3 5000 5036 4999
3 4999 5036 5039
3 5039 4997 4999
3 5035 4997 5039
3 5003 5041 5040
3 5001 5003 5040
3 5037 5040 5038
3 5037 5004 5040
3 5004 5001 5040
3 5037 5000 5004
3 5041 5003 5042
3 5042 5003 5006
3 5042 5006 5043
3 5043 5006 5009
3 5046 5044 5045
3 5044 5011 5045
3 5044 5043 5011
3 5043 5009 5011
3 5049 5048 5047
3 5014 5047 5048
3 5014 5012 5047
3 5012 5050 5047
3 5050 5012 5051
3 5012 5015 5051
3 5054 5052 5053
3 5052 5056 5053
3 5046 5045 5055
3 5045 5011 5017
3 5045 5017 5057
3 5045 5057 5055
3 5057 5017 5058
3 5020 5057 5058
3 5020 5018 5057
3 5060 5057 5059
3 5059 5057 5018
3 5059 5049 5061
3 5059 5021 5049
3 5059 5018 5021
3 5021 5048 5049
3 5048 5021 5014
3 5053 5062 5054
3 5022 5024 5063
3 5062 5053 5056
3 5063 5025 5022
3 5058 5017 5026
3 5060 5059 5064
3 5058 5026 5020
3 5059 5061 5064
3 5063 5024 5028
3 5063 5028 5025
3 5067 5065 5066
3 5065 5068 5066
3 5071 5069 5070
3 5029 5031 5072
3 5029 5072 5032
3 5067 5066 5073
3 5066 5068 5073
3 5071 5070 5074
3 5072 5031 5033
3 5072 5033 5032
3 5077 5075 5076
3 5035 5076 5075
3 5035 5075 5034
3 5034 5075 5078
3 5038 5080 5079
3 5036 5038 5079
3 5076 5079 5077
3 5076 5039 5079
3 5039 5036 5079
3 5076 5035 5039
3 5041 5082 5081
3 5040 5041 5081
3 5081 5038 5040
3 5080 5038 5081
3 5082 5041 5083
3 5083 5041 5042
3 5086 5084 5085
3 5084 5043 5085
3 5084 5083 5043
3 5083 5042 5043
3 5089 5087 5088
3 5085 5044 5046
3 5086 5085 5046
3 5086 5046 5088
3 5086 5088 5087
3 5085 5043 5044
3 5047 5090 5049
3 5050 5090 5047
3 5091 5090 5050
3 5091 5092 5093
3 5091 5050 5092
3 5050 5051 5092
3 5088 5094 5089
3 5052 5054 5095
3 5095 5056 5052
3 5088 5046 5094
3 5094 5046 5055
3 5094 5055 5096
3 5098 5057 5097
3 5098 5096 5057
3 5096 5055 5057
3 5057 5060 5097
3 5099 5049 5090
3 5061 5049 5099
3 5090 5091 5099
3 5091 5100 5099
3 5093 5101 5102
3 5093 5102 5091
3 5091 5102 5100
3 5105 5103 5104
3 5103 5106 5104
3 5054 5062 5095
3 5095 5062 5056
3 5108 5098 5097
3 5107 5108 5097
3 5064 5097 5060
3 5064 5109 5097
3 5109 5107 5097
3 5061 5109 5064
3 5061 5099 5109
3 5099 5110 5109
3 5111 5112 5110
3 5111 5110 5100
3 5100 5110 5099
3 5114 5111 5100
3 5114 5100 5113
3 5113 5100 5102
3 5116 5105 5104
3 5115 5116 5104
3 5106 5117 5115
3 5104 5106 5115
3 5107 5118 5108
3 5065 5067 5119
3 5065 5119 5068
3 5107 5120 5118
3 5107 5109 5120
3 5120 5121 5118
3 5109 5110 5120
3 5110 5122 5120
3 5112 5123 5124
3 5112 5124 5110
3 5110 5124 5122
3 5113 5069 5071
3 5114 5113 5071
3 5114 5071 5124
3 5114 5124 5123
3 5116 5115 5125
3 5115 5117 5125
3 5126 5127 5128
3 5119 5067 5073
3 5073 5068 5119
3 5126 5130 5127
3 5120 5129 5121
3 5132 5129 5120
3 5132 5120 5131
3 5131 5120 5122
3 5122 5124 5131
3 5124 5133 5131
3 5074 5124 5071
3 5074 5134 5124
3 5134 5133 5124
3 5136 5128 5127
3 5135 5136 5127
3 5130 5137 5138
3 5130 5138 5127
3 5127 5138 5135
3 5137 5140 5138
3 5132 5131 5139
3 5131 5133 5141
3 5139 5131 5141
3 5143 5141 5133
3 5143 5133 5142
3 5142 5133 5134
3 5136 5135 5144
3 5146 5144 5135
3 5146 5135 5145
3 5145 5135 5138
3 5140 5147 5145
3 5138 5140 5145
3 5143 5142 5148
3 5146 5145 5149
3 5145 5147 5149
3 5077 5151 5150
3 5075 5077 5150
3 5150 5152 5075
3 5075 5152 5078
3 5155 5153 5154
3 5080 5154 5153
3 5080 5153 5079
3 5079 5153 5156
3 5156 5077 5079
3 5151 5077 5156
3 5154 5081 5082
3 5154 5082 5155
3 5155 5082 5157
3 5154 5080 5081
3 5157 5082 5158
3 5158 5082 5083
3 5086 5160 5159
3 5084 5086 5159
3 5159 5083 5084
3 5158 5083 5159
3 5089 5162 5161
3 5087 5089 5161
3 5161 5086 5087
3 5160 5086 5161
3 5092 5163 5093
3 5166 5164 5165
3 5164 5167 5165
3 5164 5089 5167
3 5164 5162 5089
3 5089 5094 5167
3 5167 5168 5169
3 5167 5094 5168
3 5094 5096 5168
3 5096 5170 5168
3 5098 5170 5096
3 5163 5101 5093
3 5165 5171 5166
3 5103 5105 5172
3 5165 5167 5173
3 5165 5173 5171
3 5172 5106 5103
3 5167 5169 5173
3 5170 5098 5174
3 5174 5098 5108
3 5111 5175 5112
3 5111 5114 5175
3 5176 5172 5105
3 5116 5176 5105
3 5117 5106 5172
3 5117 5172 5176
3 5179 5177 5178
3 5177 5180 5181
3 5178 5177 5181
3 5180 5182 5181
3 5180 5108 5182
3 5180 5174 5108
3 5108 5118 5182
3 5118 5121 5182
3 5175 5123 5112
3 5175 5114 5123
3 5176 5116 5125
3 5179 5178 5183
3 5176 5125 5117
3 5185 5183 5178
3 5185 5178 5184
3 5184 5178 5181
3 5128 5182 5126
3 5128 5184 5182
3 5184 5181 5182
3 5129 5182 5121
3 5129 5186 5182
3 5126 5182 5130
3 5130 5182 5186
3 5129 5132 5186
3 5189 5187 5188
3 5187 5185 5184
3 5187 5184 5188
3 5188 5184 5190
3 5192 5189 5188
3 5191 5192 5188
3 5188 5190 5191
3 5190 5193 5191
3 5192 5191 5194
3 5196 5194 5191
3 5196 5191 5195
3 5195 5191 5193
3 5193 5197 5195
3 5197 5198 5195
3 5149 5197 5146
3 5149 5199 5197
3 5199 5198 5197
3 2239 2241 5200
3 2239 5200 2243
3 2245 5201 4410
3 2244 2245 4410
3 2247 5203 5202
3 2246 2247 5202
3 2241 5204 5200
3 2241 2246 5204
3 2246 5202 5204
3 5200 2248 2243
3 5200 5204 2248
3 5204 5205 2248
3 5205 2245 2248
3 5201 2245 5205
3 2250 5207 5206
3 2249 2250 5206
3 5206 2247 2249
3 5203 2247 5206
3 5210 5208 5209
3 5208 2252 5209
3 5208 5207 2252
3 5207 2250 2252
3 2254 5212 5211
3 2253 2254 5211
3 5210 5209 5213
3 5210 5213 2253
3 5210 2253 5211
3 2256 2253 5213
3 5209 2257 5213
3 2252 2257 5209
3 5212 2254 5214
3 5214 2254 2260
3 5213 2261 2256
3 5213 2257 2261
3 5214 2260 5215
3 5215 2260 2264
3 2267 5217 5216
3 2265 2267 5216
3 5216 2264 2265
3 5215 2264 5216
3 5219 5218 5217
3 5219 5217 2268
3 2268 5217 2267
3 2270 5221 5220
3 2269 2270 5220
3 5221 2270 5222
3 5222 2270 2271
3 4410 5201 4433
3 5203 5224 5223
3 5202 5203 5223
3 5223 5225 5202
3 5202 5225 5204
3 5225 5226 5204
3 5204 5226 5205
3 5201 4448 4433
3 5201 5205 4448
3 5205 5226 4448
3 5229 5227 5228
3 5207 5228 5227
3 5207 5227 5206
3 5206 5227 5230
3 5230 5203 5206
3 5224 5203 5230
3 5228 5208 5210
3 5228 5210 5229
3 5229 5210 5231
3 5228 5207 5208
3 5211 5212 5232
3 5233 5231 5210
3 5233 5210 5232
3 5233 5232 5234
3 5211 5232 5210
3 5233 5234 5235
3 5236 5232 5212
3 5236 5212 5237
3 5237 5212 5214
3 5232 5238 5234
3 5236 5238 5232
3 5234 5238 5235
3 5237 5214 5239
3 5239 5214 5215
3 5217 5241 5240
3 5216 5217 5240
3 5240 5215 5216
3 5239 5215 5240
3 5244 5242 5243
3 5242 5245 5243
3 5242 5217 5245
3 5242 5241 5217
3 5217 5218 5245
3 5218 5246 5245
3 5243 5220 5221
3 5243 5221 5244
3 5244 5221 5247
3 5247 5221 5248
3 5248 5221 5222
3 5249 4458 4459
3 5224 5251 5250
3 5223 5224 5250
3 5250 5252 5223
3 5223 5252 5225
3 5252 5253 5225
3 5225 5253 5226
3 4459 5253 5249
3 4459 4448 5253
3 4448 5226 5253
3 5227 5229 5254
3 5254 5256 5255
3 5254 5255 5227
3 5227 5255 5230
3 5255 5224 5230
3 5251 5224 5255
3 5257 5254 5229
3 5231 5257 5229
3 5256 5257 5258
3 5254 5257 5256
3 5259 5260 5261
3 5257 5231 5233
3 5233 5258 5257
3 5233 5235 5258
3 5259 5258 5260
3 5260 5258 5235
3 5237 5263 5262
3 5236 5237 5262
3 5260 5262 5261
3 5260 5238 5262
3 5238 5236 5262
3 5260 5235 5238
3 5263 5237 5264
3 5264 5237 5239
3 5241 5266 5265
3 5240 5241 5265
3 5265 5239 5240
3 5264 5239 5265
3 5244 5268 5267
3 5242 5244 5267
3 5267 5241 5242
3 5266 5241 5267
3 5270 5269 5268
3 5270 5268 5247
3 5247 5268 5244
3 5272 5270 5247
3 5272 5247 5248
3 5249 5273 4481
3 4458 5249 4481
3 5251 5275 5274
3 5250 5251 5274
3 5274 5276 5250
3 5250 5276 5252
3 5276 5277 5252
3 5252 5277 5253
3 5277 5249 5253
3 5273 5249 5277
3 5255 5256 5278
3 5278 5251 5255
3 5278 5279 5251
3 5279 5275 5251
3 5282 5280 5281
3 5281 5280 5283
3 5281 5283 5256
3 5281 5256 5258
3 5278 5256 5283
3 5278 5283 5279
3 5281 5259 5261
3 5281 5261 5282
3 5282 5261 5284
3 5281 5258 5259
3 5263 5286 5285
3 5262 5263 5285
3 5285 5261 5262
3 5284 5261 5285
3 5286 5263 5287
3 5287 5263 5264
3 5266 5289 5288
3 5265 5266 5288
3 5288 5264 5265
3 5287 5264 5288
3 5267 5268 5290
3 5290 5266 5267
3 5290 5291 5266
3 5291 5289 5266
3 5292 5293 5294
3 5290 5268 5269
3 5294 5293 5295
3 4481 5273 4501
3 5275 5297 5296
3 5274 5275 5296
3 5296 5298 5274
3 5274 5298 5276
3 5298 5299 5276
3 5276 5299 5277
3 5273 4516 4501
3 5273 5277 4516
3 5277 5299 4516
3 5302 5300 5301
3 5300 5305 5301
3 5297 5279 5303
3 5297 5275 5279
3 5279 5304 5303
3 5303 5304 5306
3 5282 5308 5307
3 5280 5282 5307
3 5301 5307 5302
3 5301 5283 5307
3 5283 5280 5307
3 5279 5309 5304
3 5279 5283 5309
3 5305 5309 5301
3 5301 5309 5283
3 5304 5309 5306
3 5311 5310 5308
3 5311 5308 5284
3 5284 5308 5282
3 5310 5311 5312
3 5286 5314 5313
3 5285 5286 5313
3 5284 5315 5311
3 5284 5285 5315
3 5285 5313 5315
3 5311 5315 5312
3 5314 5286 5316
3 5316 5286 5287
3 5288 5289 5317
3 5317 5287 5288
3 5317 5318 5287
3 5318 5316 5287
3 5319 5317 5289
3 5291 5319 5289
3 5294 5321 5320
3 5292 5294 5320
3 5297 5323 5322
3 5296 5297 5322
3 5322 5324 5296
3 5296 5324 5298
3 5324 5325 5298
3 5298 5325 5299
3 5325 4536 5299
3 5299 4536 4516
3 5302 5327 5326
3 5300 5302 5326
3 5297 5328 5323
3 5297 5303 5328
3 5323 5328 5326
3 5305 5300 5328
3 5326 5328 5300
3 5303 5306 5328
3 5307 5308 5329
3 5329 5302 5307
3 5329 5330 5302
3 5330 5327 5302
3 5328 5309 5305
3 5328 5306 5309
3 5329 5308 5310
3 5310 5330 5329
3 5310 5312 5330
3 5312 5331 5330
3 5314 5333 5332
3 5313 5314 5332
3 5332 5334 5313
3 5313 5334 5315
3 5334 5312 5315
3 5331 5312 5334
3 5333 5314 5335
3 5335 5314 5316
3 5335 5316 5336
3 5336 5316 5318
3 5339 5337 5338
3 5320 5321 5340
3 5341 5340 5321
3 5323 5343 5342
3 5322 5323 5342
3 5342 5344 5322
3 5322 5344 5324
3 5344 5345 5324
3 5324 5345 5325
3 5345 4564 5325
3 5325 4564 4536
3 5326 5327 5346
3 5347 5343 5323
3 5347 5323 5346
3 5347 5346 5348
3 5326 5346 5323
3 5347 5348 5349
3 5350 5346 5327
3 5350 5327 5351
3 5351 5327 5330
3 5346 5352 5348
3 5350 5352 5346
3 5348 5352 5349
3 5351 5330 5353
3 5353 5330 5331
3 5333 5355 5354
3 5332 5333 5354
3 5354 5356 5332
3 5332 5356 5334
3 5356 5331 5334
3 5353 5331 5356
3 5355 5333 5357
3 5357 5333 5335
3 5357 5335 5358
3 5358 5335 5336
3 5339 5360 5359
3 5337 5339 5359
3 5361 4573 4574
3 5342 5343 5362
3 5362 5364 5363
3 5362 5363 5342
3 5342 5363 5344
3 5363 5365 5344
3 5344 5365 5345
3 4574 5365 5361
3 4574 4564 5365
3 4564 5345 5365
3 5366 5367 5368
3 5362 5343 5347
3 5347 5364 5362
3 5347 5349 5364
3 5366 5364 5367
3 5367 5364 5349
3 5351 5370 5369
3 5350 5351 5369
3 5367 5369 5368
3 5367 5352 5369
3 5352 5350 5369
3 5367 5349 5352
3 5370 5351 5371
3 5371 5351 5353
3 5374 5373 5372
3 5372 5373 5375
3 5355 5377 5376
3 5354 5355 5376
3 5379 5378 5356
3 5379 5356 5376
3 5376 5356 5354
3 5378 5353 5356
3 5378 5380 5353
3 5380 5371 5353
3 5374 5381 5373
3 5373 5381 5375
3 5383 5382 5377
3 5383 5377 5357
3 5357 5377 5355
3 5384 5383 5385
3 5384 5378 5383
3 5382 5383 5379
3 5379 5383 5378
3 5378 5384 5380
3 5386 5383 5357
3 5386 5357 5387
3 5387 5357 5358
3 5383 5386 5385
3 5360 5389 5388
3 5359 5360 5388
3 5389 5360 5390
3 5390 5360 5391
3 4573 5361 4596
3 5364 5393 5392
3 5363 5364 5392
3 5392 5394 5363
3 5363 5394 5365
3 5361 4608 4596
3 5361 5365 4608
3 5365 5394 4608
3 5366 5368 5395
3 5396 5393 5364
3 5396 5364 5395
3 5396 5395 5397
3 5366 5395 5364
3 5396 5397 5398
3 5370 5400 5399
3 5369 5370 5399
3 5368 5401 5395
3 5368 5369 5401
3 5369 5399 5401
3 5395 5402 5397
3 5401 5402 5395
3 5397 5402 5398
3 5400 5370 5403
3 5403 5370 5371
3 5372 5404 5374
3 5372 5375 5404
3 5376 5377 5405
3 5376 5405 5379
3 5403 5371 5406
3 5406 5371 5380
3 5404 5381 5374
3 5404 5375 5381
3 5407 5408 5409
3 5405 5377 5382
3 5405 5382 5379
3 5407 5384 5408
3 5407 5410 5384
3 5384 5385 5408
3 5410 5380 5384
3 5406 5380 5410
3 5408 5386 5387
3 5408 5387 5409
3 5409 5387 5411
3 5408 5385 5386
3 5389 5413 5412
3 5388 5389 5412
3 5416 5414 5415
3 5414 5390 5415
3 5414 5413 5390
3 5413 5389 5390
3 5419 5417 5418
3 5393 5418 5417
3 5393 5417 5392
3 5392 5417 5420
3 5420 5421 5392
3 5392 5421 5394
3 5421 4637 5394
3 5394 4637 4608
3 5419 5418 5422
3 5424 5396 5423
3 5422 5396 5424
3 5422 5393 5396
3 5422 5418 5393
3 5396 5398 5423
3 5400 5426 5425
3 5399 5400 5425
3 5428 5427 5401
3 5428 5401 5425
3 5425 5401 5399
3 5427 5429 5424
3 5427 5424 5402
3 5427 5402 5401
3 5402 5424 5423
3 5423 5398 5402
3 5426 5400 5430
3 5430 5400 5403
3 5428 5431 5427
3 5427 5431 5429
3 5433 5432 5430
3 5433 5430 5406
3 5406 5430 5403
3 5432 5433 5434
3 5407 5409 5435
3 5435 5437 5436
3 5435 5436 5407
3 5407 5436 5410
3 5406 5438 5433
3 5406 5410 5438
3 5410 5436 5438
3 5433 5438 5434
3 5439 5435 5409
3 5439 5409 5440
3 5440 5409 5411
3 5435 5439 5437
3 5413 5442 5441
3 5412 5413 5441
3 5441 5411 5412
3 5440 5411 5441
3 5416 5444 5443
3 5414 5416 5443
3 5443 5413 5414
3 5442 5413 5443
3 5417 5419 5446
3 5446 5448 5447
3 5446 5447 5417
3 5417 5447 5420
3 5447 5449 5420
3 5420 5449 5421
3 5449 4657 5421
3 5421 4657 4637
3 5446 5419 5422
3 5422 5424 5451
3 5446 5422 5451
3 5446 5451 5450
3 5446 5450 5448
3 5450 5453 5452
3 5451 5453 5450
3 5452 5453 5454
3 5426 5456 5455
3 5425 5426 5455
3 5425 5455 5457
3 5428 5425 5457
3 5458 5451 5424
3 5458 5424 5459
3 5459 5424 5429
3 5451 5460 5453
3 5458 5460 5451
3 5453 5460 5454
3 5456 5426 5461
3 5461 5426 5430
3 5457 5431 5428
3 5462 5431 5457
3 5462 5429 5431
3 5459 5429 5462
3 5432 5463 5464
3 5432 5464 5430
3 5430 5464 5461
3 5432 5434 5463
3 5437 5466 5465
3 5436 5437 5465
3 5463 5465 5464
3 5463 5438 5465
3 5438 5436 5465
3 5463 5434 5438
3 5440 5468 5467
3 5439 5440 5467
3 5467 5437 5439
3 5466 5437 5467
3 5442 5470 5469
3 5441 5442 5469
3 5469 5440 5441
3 5468 5440 5469
3 5443 5444 5471
3 5471 5442 5443
3 5471 5472 5442
3 5472 5470 5442
3 5471 5444 5445
3 5448 5475 5474
3 5447 5448 5474
3 5474 5476 5447
3 5447 5476 5449
3 5476 4677 5449
3 5449 4677 4657
3 5475 5448 5450
3 5477 5475 5450
3 5479 5452 5478
3 5479 5477 5452
3 5477 5450 5452
3 5452 5454 5478
3 5455 5456 5480
3 5480 5457 5455
3 5483 5481 5482
3 5459 5482 5481
3 5459 5481 5458
3 5458 5481 5484
3 5478 5484 5479
3 5478 5460 5484
3 5460 5458 5484
3 5478 5454 5460
3 5485 5480 5456
3 5485 5456 5486
3 5486 5456 5461
3 5482 5485 5483
3 5482 5462 5485
3 5480 5485 5457
3 5457 5485 5462
3 5482 5459 5462
3 5486 5461 5487
3 5487 5461 5464
3 5466 5489 5488
3 5465 5466 5488
3 5488 5464 5465
3 5487 5464 5488
3 5492 5490 5491
3 5468 5491 5490
3 5468 5490 5467
3 5467 5490 5493
3 5493 5466 5467
3 5489 5466 5493
3 5491 5469 5470
3 5491 5470 5492
3 5492 5470 5494
3 5491 5468 5469
3 5494 5470 5495
3 5495 5470 5472
3 5475 5497 5496
3 5474 5475 5496
3 5496 5498 5474
3 5474 5498 5476
3 5498 4699 5476
3 5476 4699 4677
3 5501 5499 5500
3 5499 5502 5500
3 5499 5475 5502
3 5499 5497 5475
3 5475 5477 5502
3 5477 5479 5502
3 5500 5503 5501
3 5481 5483 5504
3 5481 5504 5506
3 5481 5506 5484
3 5503 5500 5505
3 5505 5500 5502
3 5506 5479 5484
3 5506 5507 5479
3 5502 5479 5505
3 5505 5479 5507
3 5485 5486 5508
3 5508 5510 5509
3 5485 5508 5509
3 5485 5509 5504
3 5485 5504 5483
3 5504 5511 5506
3 5509 5511 5504
3 5506 5511 5507
3 5512 5508 5486
3 5512 5486 5513
3 5513 5486 5487
3 5508 5512 5510
3 5489 5515 5514
3 5488 5489 5514
3 5514 5487 5488
3 5513 5487 5514
3 5492 5517 5516
3 5490 5492 5516
3 5516 5518 5490
3 5490 5518 5493
3 5518 5489 5493
3 5515 5489 5518
3 5517 5492 5519
3 5519 5492 5494
3 5519 5494 5520
3 5520 5494 5495
3 5497 5522 5521
3 5496 5497 5521
3 5521 5523 5496
3 5496 5523 5498
3 5523 4719 5498
3 5498 4719 4699
3 5501 5525 5524
3 5499 5501 5524
3 5524 5527 5499
3 5524 5528 5527
3 5499 5527 5497
3 5526 5522 5527
3 5497 5527 5522
3 5526 5527 5529
3 5525 5501 5503
3 5530 5525 5503
3 5527 5528 5530
3 5527 5530 5505
3 5505 5530 5503
3 5505 5529 5527
3 5505 5507 5529
3 5507 5531 5529
3 5510 5533 5532
3 5509 5510 5532
3 5532 5534 5509
3 5509 5534 5511
3 5534 5507 5511
3 5531 5507 5534
3 5513 5536 5535
3 5512 5513 5535
3 5535 5510 5512
3 5533 5510 5535
3 5515 5538 5537
3 5514 5515 5537
3 5537 5513 5514
3 5536 5513 5537
3 5516 5517 5539
3 5518 5516 5539
3 5540 5518 5539
3 5540 5515 5518
3 5540 5541 5515
3 5541 5538 5515
3 5542 5539 5517
3 5519 5542 5517
3 5543 5542 5544
3 5543 5540 5542
3 5540 5539 5542
3 5545 5542 5519
3 5545 5519 5546
3 5546 5519 5520
3 5522 5548 5547
3 5521 5522 5547
3 5547 5549 5521
3 5521 5549 5523
3 5549 4740 5523
3 5523 4740 4719
3 5524 5525 5550
3 5550 5528 5524
3 5552 5522 5551
3 5552 5548 5522
3 5522 5526 5551
3 5526 5529 5551
3 5550 5525 5530
3 5552 5551 5553
3 5550 5530 5528
3 5551 5554 5553
3 5551 5529 5554
3 5529 5531 5554
3 5533 5556 5555
3 5532 5533 5555
3 5555 5557 5532
3 5532 5557 5534
3 5557 5531 5534
3 5554 5531 5557
3 5536 5559 5558
3 5535 5536 5558
3 5558 5533 5535
3 5556 5533 5558
3 5537 5538 5560
3 5560 5536 5537
3 5560 5561 5536
3 5561 5559 5536
3 5562 5560 5538
3 5541 5562 5538
3 5561 5562 5563
3 5560 5562 5561
3 5544 5565 5564
3 5543 5544 5564
3 5541 5566 5562
3 5541 5543 5566
3 5543 5564 5566
3 5562 5566 5563
3 5547 5548 5567
3 5549 5547 5567
3 5568 5549 5567
3 5568 5569 4766
3 5568 4766 5549
3 5549 4766 4740
3 5572 5570 5571
3 5571 5570 5573
3 5571 5573 5548
3 5571 5548 5552
3 5567 5548 5573
3 5567 5574 5568
3 5573 5574 5567
3 5568 5574 5569
3 5572 5571 5575
3 5571 5552 5553
3 5571 5553 5575
3 5575 5553 5576
3 5578 5553 5554
3 5578 5577 5553
3 5577 5576 5553
3 5577 5578 5579
3 5555 5556 5580
3 5580 5582 5581
3 5580 5581 5555
3 5555 5581 5557
3 5554 5583 5578
3 5554 5557 5583
3 5557 5581 5583
3 5578 5583 5579
3 5559 5585 5584
3 5558 5559 5584
3 5556 5586 5580
3 5556 5558 5586
3 5558 5584 5586
3 5580 5586 5582
3 5585 5559 5587
3 5587 5559 5561
3 5590 5588 5589
3 5588 5563 5589
3 5588 5587 5563
3 5587 5561 5563
3 5565 5592 5591
3 5564 5565 5591
3 5589 5591 5590
3 5589 5566 5591
3 5566 5564 5591
3 5589 5563 5566
3 5596 5594 5595
3 5594 5597 5595
3 5596 5595 5598
3 5595 5597 5598
3 5594 5596 5599
3 5594 5599 5597
3 5599 5596 5598
3 5599 5598 5597
3 5196 5195 5600
3 5195 5198 5601
3 5600 5195 5601
3 5603 5601 5198
3 5603 5198 5602
3 5602 5198 5199
3 5199 5604 5602
3 5604 5605 5602
3 5603 5602 5606
3 4755 5609 5608
3 4754 4755 5608
3 5608 5610 4754
3 4754 5610 4756
3 5612 4758 4756
3 5612 4756 5611
3 5611 4756 5610
3 5611 5613 5614
3 5612 5611 5614
3 5616 5614 5613
3 5615 4760 4761
3 4762 4760 5615
3 5617 4762 5615
3 4763 4762 5617
3 5618 4763 5617
3 4763 5618 4765
3 5619 5620 4766
3 4766 5620 4767
3 5620 5621 4767
3 4767 5621 4768
3 5621 4755 4768
3 5609 4755 5621
3 5612 4769 4758
3 5614 4769 5612
3 4770 4769 5614
3 4761 5622 5615
3 4761 4770 5622
3 5616 5622 5614
3 5614 5622 4770
3 5615 5623 5617
3 5622 5623 5615
3 5617 5624 5618
3 5623 5624 5617
3 5618 4771 4765
3 5618 5624 4771
3 5624 5625 4771
3 5625 5626 4771
3 4771 5626 4772
3 5626 5627 4772
3 4772 5627 4773
3 5629 5628 4774
3 5629 4774 5627
3 5627 4774 4773
3 4774 5628 4776
3 5629 5630 5628
3 5628 4778 4776
3 5628 5630 4778
3 5630 5631 4778
3 5631 5632 4778
3 4778 5632 4779
3 5632 5633 4779
3 4779 5633 413
3 5608 5609 5634
3 5610 5608 5634
3 5635 5610 5634
3 5611 5610 5635
3 5636 5611 5635
3 5636 5638 5637
3 5636 5637 5611
3 5611 5637 5613
3 5613 5637 5639
3 5616 5613 5639
3 5640 5641 5619
3 5619 5641 5620
3 5641 5642 5620
3 5620 5642 5621
3 5609 5643 5634
3 5609 5621 5643
3 5621 5642 5643
3 5634 5644 5635
3 5643 5644 5634
3 5635 5645 5636
3 5644 5645 5635
3 5636 5645 5638
3 5639 5622 5616
3 5646 5622 5639
3 5646 5647 5622
3 5622 5647 5623
3 5647 5648 5623
3 5623 5648 5624
3 5648 5649 5624
3 5624 5649 5625
3 5649 5650 5625
3 5625 5650 5626
3 5650 5651 5626
3 5626 5651 5627
3 5627 5651 5652
3 5629 5627 5652
3 5655 5653 5654
3 5653 5656 5654
3 5652 5630 5629
3 5657 5630 5652
3 5657 5658 5630
3 5630 5658 5631
3 5654 5658 5655
3 5654 5632 5658
3 5632 5631 5658
3 5656 5632 5654
3 5656 5659 5632
3 5659 5633 5632
3 5637 5638 5660
3 5637 5660 5639
3 5663 5662 5641
3 5663 5641 5661
3 5661 5641 5640
3 5642 5641 5662
3 5664 5642 5662
3 5643 5642 5664
3 5665 5643 5664
3 5665 5667 5666
3 5665 5666 5643
3 5643 5666 5644
3 5666 5668 5644
3 5644 5668 5645
3 5638 5669 5660
3 5638 5645 5669
3 5645 5668 5669
3 5660 5646 5639
3 5660 5669 5646
3 5669 5670 5646
3 5670 5671 5646
3 5646 5671 5647
3 5671 5672 5647
3 5647 5672 5648
3 5672 5673 5648
3 5648 5673 5649
3 5673 5674 5649
3 5649 5674 5650
3 5674 5675 5650
3 5650 5675 5651
3 5651 5675 5676
3 5652 5651 5676
3 5653 5655 5677
3 5653 5677 5656
3 5663 5678 5662
3 5662 5679 5664
3 5678 5679 5662
3 5664 5680 5665
3 5679 5680 5664
3 5665 5680 5667
3 5676 5657 5652
3 5681 5657 5676
3 5681 5682 5657
3 5657 5682 5658
3 5655 5683 5677
3 5655 5658 5683
3 5658 5682 5683
3 5677 5659 5656
3 5677 5683 5659
3 5683 5684 5659
3 5685 5663 5661
3 5688 5686 5687
3 5686 5689 5690
3 5687 5686 5690
3 5689 5691 5690
3 5667 5693 5692
3 5666 5667 5692
3 5692 5694 5666
3 5666 5694 5668
3 5694 5695 5668
3 5668 5695 5669
3 5695 5696 5669
3 5669 5696 5670
3 5696 5697 5670
3 5670 5697 5671
3 5697 5698 5671
3 5671 5698 5672
3 5698 5699 5672
3 5672 5699 5673
3 5699 5700 5673
3 5673 5700 5674
3 5702 5701 5675
3 5702 5675 5700
3 5700 5675 5674
3 5675 5701 5676
3 5687 5703 5688
3 5687 5678 5703
3 5685 5703 5663
3 5663 5703 5678
3 5690 5678 5687
3 5679 5678 5690
3 5691 5679 5690
3 5691 5704 5679
3 5704 5680 5679
3 5704 5667 5680
3 5693 5667 5704
3 5702 5705 5701
3 5701 5681 5676
3 5701 5705 5681
3 5705 5706 5681
3 5706 5707 5681
3 5681 5707 5682
3 5707 5708 5682
3 5682 5708 5683
3 5708 5709 5683
3 5683 5709 5684
3 5686 5688 5710
3 5689 5686 5710
3 5711 5689 5710
3 5689 5711 5691
3 5692 5693 5712
3 5712 5714 5713
3 5712 5713 5692
3 5692 5713 5694
3 5713 5715 5694
3 5694 5715 5695
3 5715 5716 5695
3 5695 5716 5696
3 5716 5717 5696
3 5696 5717 5697
3 5717 5718 5697
3 5697 5718 5698
3 5720 5719 5699
3 5720 5699 5718
3 5718 5699 5698
3 5700 5699 5719
3 5721 5700 5719
3 5700 5721 5702
3 5688 5723 5710
3 5688 5703 5723
3 5703 5722 5723
3 5710 5724 5711
3 5723 5724 5710
3 5711 5704 5691
3 5711 5724 5704
3 5724 5725 5704
3 5693 5726 5712
3 5693 5704 5726
3 5704 5725 5726
3 5712 5726 5714
3 5720 5727 5719
3 5719 5728 5721
3 5727 5728 5719
3 5721 5705 5702
3 5721 5728 5705
3 5728 5729 5705
3 5729 5730 5705
3 5705 5730 5706
3 5730 5731 5706
3 5706 5731 5707
3 5731 5732 5707
3 5707 5732 5708
3 5732 5733 5708
3 5708 5733 5709
3 5714 5735 5734
3 5713 5714 5734
3 5734 5736 5713
3 5713 5736 5715
3 5736 5737 5715
3 5715 5737 5716
3 5737 5738 5716
3 5716 5738 5717
3 5740 5739 5718
3 5740 5718 5738
3 5738 5718 5717
3 5718 5739 5720
3 5743 5741 5742
3 5741 5744 5745
3 5742 5741 5745
3 5744 5746 5745
3 5747 5748 5722
3 5722 5748 5723
3 5748 5749 5723
3 5723 5749 5724
3 5749 5750 5724
3 5724 5750 5725
3 5750 5751 5725
3 5725 5751 5726
3 5751 5714 5726
3 5735 5714 5751
3 5740 5752 5739
3 5739 5727 5720
3 5739 5752 5727
3 5752 5753 5727
3 5742 5753 5743
3 5742 5728 5753
3 5728 5727 5753
3 5745 5728 5742
3 5729 5728 5745
3 5746 5729 5745
3 5746 5754 5729
3 5754 5730 5729
3 5754 5755 5730
3 5730 5755 5731
3 5755 5756 5731
3 5731 5756 5732
3 5756 5757 5732
3 5732 5757 5733
3 5758 5760 5761
3 5759 5758 5761
3 5760 5762 5763
3 5761 5760 5763
3 5762 5764 5765
3 5763 5762 5765
3 5764 5766 5765
3 5735 5768 5767
3 5734 5735 5767
3 5767 5769 5734
3 5734 5769 5736
3 5769 5770 5736
3 5736 5770 5737
3 5770 5771 5737
3 5737 5771 5738
3 5773 5740 5738
3 5773 5738 5772
3 5772 5738 5771
3 5772 5774 5773
3 5741 5743 5775
3 5744 5741 5775
3 5776 5744 5775
3 5744 5776 5746
3 5747 5778 5780
3 5747 5780 5748
3 5777 5759 5779
3 5779 5759 5761
3 5748 5781 5749
3 5748 5780 5781
3 5749 5781 5763
3 5779 5761 5781
3 5763 5781 5761
3 5765 5749 5763
3 5750 5749 5765
3 5766 5750 5765
3 5766 5782 5750
3 5782 5751 5750
3 5782 5735 5751
3 5768 5735 5782
3 5773 5752 5740
3 5774 5752 5773
3 5774 5783 5752
3 5783 5753 5752
3 5743 5784 5775
3 5743 5753 5784
3 5753 5783 5784
3 5775 5785 5776
3 5784 5785 5775
3 5776 5754 5746
3 5776 5785 5754
3 5785 5786 5754
3 5786 5787 5754
3 5754 5787 5755
3 5787 5788 5755
3 5755 5788 5756
3 5788 5789 5756
3 5756 5789 5757
3 5778 5791 5780
3 5790 5791 5778
3 5780 5791 5781
3 5760 5758 5792
3 5793 5760 5792
3 5762 5760 5793
3 5794 5762 5793
3 5764 5762 5794
3 5795 5764 5794
3 5764 5795 5766
3 5767 5768 5796
3 5769 5767 5796
3 5797 5769 5796
3 5770 5769 5797
3 5798 5770 5797
3 5771 5770 5798
3 5799 5771 5798
3 5772 5771 5799
3 5800 5772 5799
3 5772 5800 5774
3 5801 5803 5802
3 5803 5804 5802
3 5777 5793 5792
3 5777 5779 5793
3 5793 5781 5794
3 5793 5779 5781
3 5794 5781 5805
3 5804 5803 5781
3 5805 5781 5803
3 5794 5806 5795
3 5805 5806 5794
3 5795 5782 5766
3 5795 5806 5782
3 5806 5807 5782
3 5768 5808 5796
3 5768 5782 5808
3 5782 5807 5808
3 5796 5809 5797
3 5808 5809 5796
3 5797 5810 5798
3 5809 5810 5797
3 5798 5811 5799
3 5810 5811 5798
3 5799 5812 5800
3 5811 5812 5799
3 5800 5783 5774
3 5800 5812 5783
3 5812 5813 5783
3 5813 5814 5783
3 5783 5814 5784
3 5814 5815 5784
3 5784 5815 5785
3 5815 5816 5785
3 5785 5816 5786
3 5816 5817 5786
3 5786 5817 5787
3 5817 5818 5787
3 5787 5818 5788
3 5818 5819 5788
3 5788 5819 5789
3 5804 5790 5802
3 5791 5790 5804
3 5804 5781 5791
3 5820 5821 5822
3 5825 5824 5823
3 5823 5824 5826
3 5821 5827 5822
3 5825 5828 5824
3 5824 5828 5826
3 5831 5829 5830
3 5829 5832 5833
3 5830 5829 5833
3 5832 5834 5835
3 5833 5832 5835
3 5834 5836 5835
3 5837 5838 5801
3 5801 5838 5803
3 5838 5839 5803
3 5803 5839 5805
3 5839 5840 5805
3 5805 5840 5806
3 5840 5841 5806
3 5806 5841 5807
3 5841 5842 5807
3 5807 5842 5808
3 5830 5842 5831
3 5830 5809 5842
3 5809 5808 5842
3 5833 5809 5830
3 5810 5809 5833
3 5835 5810 5833
3 5811 5810 5835
3 5836 5811 5835
3 5836 5843 5811
3 5843 5812 5811
3 5843 5844 5812
3 5812 5844 5813
3 5844 5845 5813
3 5813 5845 5814
3 5845 5846 5814
3 5814 5846 5815
3 5846 5847 5815
3 5815 5847 5816
3 5847 5848 5816
3 5816 5848 5817
3 5848 5849 5817
3 5817 5849 5818
3 5851 5850 5819
3 5851 5819 5849
3 5849 5819 5818
3 5851 5852 5850
3 5820 5822 5853
3 5823 5854 5825
3 5823 5826 5854
3 5853 5822 5827
3 5854 5828 5825
3 5854 5826 5828
3 5857 5855 5856
3 5855 5858 5856
3 5861 5859 5860
3 5859 5862 5860
3 5829 5831 5863
3 5832 5829 5863
3 5864 5832 5863
3 5834 5832 5864
3 5865 5834 5864
3 5834 5865 5836
3 5866 5867 5857
3 5866 5857 5838
3 5866 5838 5837
3 5838 5857 5856
3 5858 5838 5856
3 5858 5868 5838
3 5868 5839 5838
3 5861 5860 5869
3 5871 5870 5868
3 5868 5870 5840
3 5868 5840 5839
3 5870 5872 5841
3 5870 5841 5840
3 5860 5862 5869
3 5872 5874 5873
3 5872 5873 5841
3 5841 5873 5842
3 5831 5875 5863
3 5831 5842 5875
3 5842 5873 5875
3 5863 5876 5864
3 5875 5876 5863
3 5864 5877 5865
3 5876 5877 5864
3 5865 5843 5836
3 5865 5877 5843
3 5877 5878 5843
3 5878 5879 5843
3 5843 5879 5844
3 5879 5880 5844
3 5844 5880 5845
3 5880 5881 5845
3 5845 5881 5846
3 5881 5882 5846
3 5846 5882 5847
3 5882 5883 5847
3 5847 5883 5848
3 5885 5884 5849
3 5885 5849 5883
3 5883 5849 5848
3 5849 5884 5851
3 5866 5886 5867
3 5871 5887 5870
3 5870 5888 5872
3 5887 5888 5870
3 5872 5888 5874
3 5885 5889 5884
3 5884 5852 5851
3 5884 5889 5852
3 5889 5890 5852
3 5893 5892 5891
3 5891 5895 5894
3 5892 5895 5891
3 5894 5897 5896
3 5895 5897 5894
3 5896 5897 5898
3 5901 5900 5902
3 5901 5892 5900
3 5899 5900 5893
3 5893 5900 5892
3 5892 5903 5895
3 5901 5903 5892
3 5895 5904 5897
3 5903 5904 5895
3 5897 5904 5898
3 5900 5905 5902
3 5855 5857 5906
3 5855 5906 5858
3 5859 5861 5907
3 5859 5907 5862
3 5908 5906 5857
3 5867 5908 5857
3 5858 5906 5908
3 5858 5908 5909
3 5858 5909 5868
3 5910 5909 5908
3 5868 5909 5911
3 5868 5911 5871
3 5869 5907 5861
3 5907 5869 5862
3 5912 5913 5914
3 5874 5913 5912
3 5874 5912 5873
3 5873 5912 5915
3 5915 5916 5873
3 5873 5916 5875
3 5916 5917 5875
3 5875 5917 5876
3 5917 5918 5876
3 5876 5918 5877
3 5918 5919 5877
3 5877 5919 5878
3 5919 5920 5878
3 5878 5920 5879
3 5920 5921 5879
3 5879 5921 5880
3 5921 5922 5880
3 5880 5922 5881
3 5922 5923 5881
3 5881 5923 5882
3 5925 5924 5883
3 5925 5883 5923
3 5923 5883 5882
3 5883 5924 5885
3 5867 5927 5908
3 5867 5886 5927
3 5886 5926 5927
3 5908 5927 5910
3 5911 5887 5871
3 5928 5887 5911
3 5913 5928 5914
3 5913 5888 5928
3 5888 5887 5928
3 5913 5874 5888
3 5925 5929 5924
3 5924 5889 5885
3 5924 5929 5889
3 5929 5930 5889
3 5930 5931 5889
3 5889 5931 5890
3 5891 5932 5893
3 5894 5932 5891
3 5933 5932 5894
3 5933 5934 5935
3 5933 5894 5934
3 5894 5896 5934
3 5937 5896 5898
3 5937 5936 5896
3 5936 5934 5896
3 5936 5937 5938
3 5899 5932 5939
3 5899 5893 5932
3 5939 5932 5940
3 5901 5902 5932
3 5940 5932 5902
3 5933 5901 5932
3 5903 5901 5933
3 5935 5903 5933
3 5935 5941 5903
3 5941 5904 5903
3 5898 5942 5937
3 5898 5904 5942
3 5904 5941 5942
3 5937 5942 5938
3 5943 5902 5905
3 5940 5902 5943
3 5910 5945 5944
3 5909 5910 5944
3 5947 5911 5909
3 5947 5909 5946
3 5946 5909 5944
3 5914 5947 5946
3 5914 5946 5912
3 5912 5946 5948
3 5948 5949 5912
3 5912 5949 5915
3 5949 5950 5915
3 5915 5950 5916
3 5950 5951 5916
3 5916 5951 5917
3 5951 5952 5917
3 5917 5952 5918
3 5954 5953 5919
3 5954 5919 5952
3 5952 5919 5918
3 5920 5919 5953
3 5955 5920 5953
3 5921 5920 5955
3 5956 5921 5955
3 5956 5958 5957
3 5956 5957 5921
3 5921 5957 5922
3 5957 5959 5922
3 5922 5959 5923
3 5923 5959 5960
3 5925 5923 5960
3 5961 5962 5926
3 5926 5962 5927
3 5962 5910 5927
3 5945 5910 5962
3 5947 5928 5911
3 5947 5914 5928
3 5954 5963 5953
3 5953 5964 5955
3 5963 5964 5953
3 5955 5965 5956
3 5964 5965 5955
3 5956 5965 5958
3 5960 5929 5925
3 5966 5929 5960
3 5966 5967 5929
3 5929 5967 5930
3 5967 5968 5930
3 5930 5968 5931
3 5934 5969 5935
3 5936 5969 5934
3 5970 5969 5936
3 5936 5938 5970
3 5973 5939 5940
3 5973 5972 5939
3 5972 5971 5939
3 5972 5973 5974
3 5969 5941 5935
3 5970 5941 5969
3 5942 5941 5970
3 5970 5938 5942
3 5975 5977 5976
3 5943 5975 5976
3 5943 5976 5973
3 5943 5973 5940
3 5973 5976 5974
3 5975 5978 5977
3 5944 5945 5979
3 5946 5944 5979
3 5980 5946 5979
3 5980 5982 5981
3 5980 5981 5946
3 5946 5981 5948
3 5981 5983 5948
3 5948 5983 5949
3 5983 5984 5949
3 5949 5984 5950
3 5984 5985 5950
3 5950 5985 5951
3 5987 5986 5952
3 5987 5952 5985
3 5985 5952 5951
3 5952 5986 5954
3 5957 5958 5988
3 5959 5957 5988
3 5989 5959 5988
3 5959 5989 5960
3 5990 5991 5961
3 5961 5991 5962
3 5945 5992 5979
3 5945 5962 5992
3 5962 5991 5992
3 5979 5993 5980
3 5992 5993 5979
3 5980 5993 5982
3 5987 5994 5986
3 5986 5963 5954
3 5986 5994 5963
3 5994 5995 5963
3 5995 5996 5963
3 5963 5996 5964
3 5996 5997 5964
3 5964 5997 5965
3 5958 5998 5988
3 5958 5965 5998
3 5965 5997 5998
3 5988 5999 5989
3 5998 5999 5988
3 5989 5966 5960
3 5989 5999 5966
3 5999 6000 5966
3 6000 6001 5966
3 5966 6001 5967
3 6001 6002 5967
3 5967 6002 5968
3 6005 6004 6003
3 6003 6007 6006
3 6004 6007 6003
3 6006 6009 6008
3 6007 6009 6006
3 6008 6011 6010
3 6009 6011 6008
3 6010 6013 6012
3 6011 6013 6010
3 6012 6015 6014
3 6013 6015 6012
3 6014 6017 6016
3 6015 6017 6014
3 6016 6017 6018
3 6004 6005 6019
3 6004 6019 5972
3 5972 6019 5971
3 5972 5974 6020
3 5972 6020 6004
3 6004 6020 6007
3 6007 6020 6009
3 6009 6020 6021
3 6009 6021 6011
3 6011 6021 6022
3 6023 6022 6024
3 6023 6013 6022
3 6013 6011 6022
3 6013 6025 6015
3 6023 6025 6013
3 6015 6026 6017
3 6025 6026 6015
3 6017 6026 6018
3 5977 6028 6027
3 5976 5977 6027
3 5974 6029 6020
3 5974 5976 6029
3 5976 6027 6029
3 6020 6030 6021
3 6029 6030 6020
3 6021 6031 6022
3 6030 6031 6021
3 6022 6031 6024
3 6032 5977 5978
3 6028 5977 6032
3 5981 5982 6033
3 5983 5981 6033
3 6034 5983 6033
3 6034 6036 6035
3 6034 6035 5983
3 5983 6035 5984
3 6038 6037 5985
3 6038 5985 6035
3 6035 5985 5984
3 5985 6037 5987
3 6039 6040 5990
3 5990 6040 5991
3 6040 6041 5991
3 5991 6041 5992
3 6041 6042 5992
3 5992 6042 5993
3 5982 6043 6033
3 5982 5993 6043
3 5993 6042 6043
3 6033 6044 6034
3 6043 6044 6033
3 6034 6044 6036
3 6038 6045 6037
3 6037 5994 5987
3 6037 6045 5994
3 6045 6046 5994
3 6046 6047 5994
3 5994 6047 5995
3 6047 6048 5995
3 5995 6048 5996
3 6048 6049 5996
3 5996 6049 5997
3 6049 6050 5997
3 5997 6050 5998
3 6050 6051 5998
3 5998 6051 5999
3 6051 6052 5999
3 5999 6052 6000
3 6052 6053 6000
3 6000 6053 6001
3 6053 6054 6001
3 6001 6054 6002
3 6003 6055 6005
3 6006 6055 6003
3 6056 6055 6006
3 6008 6056 6006
3 6057 6056 6008
3 6010 6057 6008
3 6058 6057 6010
3 6012 6058 6010
3 6059 6058 6012
3 6014 6059 6012
3 6060 6059 6014
3 6016 6060 6014
3 6061 6060 6016
3 6016 6018 6061
3 6062 6063 6064
3 6019 6063 6062
3 6019 6055 6063
3 6019 6005 6055
3 6055 6056 6065
3 6063 6055 6065
3 6056 6057 6066
3 6065 6056 6066
3 6057 6058 6067
3 6066 6057 6067
3 6068 6067 6058
3 6068 6058 6059
3 6023 6024 6069
3 6023 6069 6071
3 6023 6071 6025
3 6068 6059 6070
3 6070 6059 6060
3 6025 6071 6073
3 6025 6073 6026
3 6070 6060 6072
3 6072 6060 6061
3 6073 6018 6026
3 6073 6074 6018
3 6061 6018 6072
3 6072 6018 6074
3 6077 6076 6075
3 6075 6076 6078
3 6062 6064 6079
3 6028 6080 6027
3 6080 6082 6081
3 6080 6081 6027
3 6027 6081 6029
3 6081 6083 6029
3 6029 6083 6030
3 6083 6084 6030
3 6030 6084 6031
3 6024 6085 6069
3 6024 6031 6085
3 6031 6084 6085
3 6069 6086 6071
3 6085 6086 6069
3 6071 6087 6073
3 6086 6087 6071
3 6073 6087 6074
3 6077 6088 6076
3 6076 6088 6078
3 6028 6090 6080
3 6028 6032 6090
3 6032 6089 6090
3 6080 6090 6082
3 6035 6036 6091
3 6035 6091 6038
3 6092 6093 6039
3 6039 6093 6040
3 6093 6094 6040
3 6040 6094 6041
3 6094 6095 6041
3 6041 6095 6042
3 6095 6096 6042
3 6042 6096 6043
3 6096 6097 6043
3 6043 6097 6044
3 6036 6098 6091
3 6036 6044 6098
3 6044 6097 6098
3 6091 6045 6038
3 6091 6098 6045
3 6098 6099 6045
3 6099 6100 6045
3 6045 6100 6046
3 6100 6101 6046
3 6046 6101 6047
3 6101 6102 6047
3 6047 6102 6048
3 6102 6103 6048
3 6048 6103 6049
3 6105 6104 6050
3 6105 6050 6103
3 6103 6050 6049
3 6051 6050 6104
3 6106 6051 6104
3 6052 6051 6106
3 6107 6052 6106
3 6053 6052 6107
3 6108 6053 6107
3 6054 6053 6108
3 6109 6054 6108
3 6105 6110 6104
3 6104 6111 6106
3 6110 6111 6104
3 6106 6112 6107
3 6111 6112 6106
3 6107 6113 6108
3 6112 6113 6107
3 6108 6114 6109
3 6113 6114 6108
3 6064 6115 6116
3 6063 6115 6064
3 6115 6063 6117
3 6063 6065 6117
3 6117 6065 6118
3 6065 6066 6118
3 6118 6066 6119
3 6066 6067 6119
3 6119 6067 6120
3 6067 6068 6120
3 6120 6068 6121
3 6068 6070 6121
3 6121 6070 6122
3 6070 6072 6122
3 6124 6072 6074
3 6124 6123 6072
3 6123 6122 6072
3 6123 6126 6125
3 6124 6126 6123
3 6125 6128 6127
3 6126 6128 6125
3 6127 6128 6129
3 6132 6131 6130
3 6130 6131 6133
3 6075 6134 6077
3 6075 6078 6134
3 6135 6079 6064
3 6116 6135 6064
3 6081 6082 6136
3 6083 6081 6136
3 6137 6083 6136
3 6084 6083 6137
3 6138 6084 6137
3 6138 6140 6139
3 6138 6139 6084
3 6084 6139 6085
3 6139 6141 6085
3 6085 6141 6086
3 6141 6142 6086
3 6086 6142 6087
3 6074 6143 6124
3 6074 6087 6143
3 6087 6142 6143
3 6124 6144 6126
3 6143 6144 6124
3 6126 6145 6128
3 6144 6145 6126
3 6128 6145 6129
3 6132 6146 6131
3 6131 6146 6133
3 6134 6088 6077
3 6134 6078 6088
3 6147 6148 6089
3 6089 6148 6090
3 6082 6149 6136
3 6082 6090 6149
3 6090 6148 6149
3 6136 6150 6137
3 6149 6150 6136
3 6137 6151 6138
3 6150 6151 6137
3 6138 6151 6140
3 1113 1529 6092
3 6092 1529 6093
3 1529 1531 6093
3 6093 1531 6094
3 1531 1533 6094
3 6094 1533 6095
3 1533 1535 6095
3 6095 1535 6096
3 1535 1537 6096
3 6096 1537 6097
3 1537 1539 6097
3 6097 1539 6098
3 1539 1541 6098
3 6098 1541 6099
3 1542 6152 6100
3 1542 6100 1541
3 1541 6100 6099
3 6101 6100 6152
3 6153 6101 6152
3 6102 6101 6153
3 6154 6102 6153
3 6103 6102 6154
3 6155 6103 6154
3 6103 6155 6105
3 1542 1551 6152
3 6152 1553 6153
3 1551 1553 6152
3 6153 1556 6154
3 1553 1556 6153
3 6154 1558 6155
3 1556 1558 6154
3 6155 6110 6105
3 6155 1558 6110
3 1558 1560 6110
3 1560 1562 6110
3 6110 1562 6111
3 1562 1564 6111
3 6111 1564 6112
3 1564 1566 6112
3 6112 1566 6113
3 1567 6156 6114
3 1567 6114 1566
3 1566 6114 6113
3 1570 6157 1569
3 1569 6157 1571
3 1574 6158 1573
3 1573 6159 1577
3 6158 6159 1573
3 1577 6159 1579
3 1567 24 6156
3 6116 1151 6160
3 6116 6115 1151
3 6115 1587 1151
3 1587 6115 1589
3 6115 6117 1589
3 6157 1570 1589
3 6157 1589 6118
3 6118 1589 6117
3 1571 6157 6118
3 1571 6118 1592
3 1592 6118 6119
3 1592 6119 1594
3 6119 6120 1594
3 1594 6120 1596
3 6120 6121 1596
3 1596 6121 1598
3 6121 6122 1598
3 6158 1574 1598
3 6158 1598 6123
3 6123 1598 6122
3 6159 6158 6123
3 6125 6159 6123
3 1579 6159 6125
3 1579 6125 1602
3 1602 6125 6127
3 6161 6127 6129
3 6161 1604 6127
3 1604 1602 6127
3 6132 1604 6161
3 6132 6130 1604
3 6130 1607 1604
3 6162 6130 6133
3 6162 1610 6130
3 1610 1607 6130
3 1610 6163 1613
3 6162 6163 1610
3 1613 6163 1614
3 6160 6135 6116
3 6139 6140 6164
3 6141 6139 6164
3 6165 6141 6164
3 6165 1618 1617
3 6165 1617 6141
3 6141 1617 6142
3 1617 1620 6142
3 6142 1620 6143
3 1620 1622 6143
3 6143 1622 6144
3 1622 1624 6144
3 6144 1624 6145
3 6129 1627 6161
3 6129 6145 1627
3 6145 1624 1627
3 6161 6146 6132
3 6161 1627 6146
3 1627 1629 6146
3 6133 1632 6162
3 6133 6146 1632
3 6146 1629 1632
3 6162 1633 6163
3 1632 1633 6162
3 6163 1633 1614
3 1636 6166 46
3 6150 1637 6151
3 6140 1638 6164
3 6140 6151 1638
3 6151 1637 1638
3 6164 1639 6165
3 1638 1639 6164
3 6165 1639 1618
3 1636 66 6166
3 5569 6167 5619
3 4766 5569 5619
3 5570 5572 6168
3 6168 6170 6169
3 6168 6169 5570
3 5570 6169 5573
3 6169 6171 5573
3 5573 6171 5574
3 6171 5569 5574
3 6167 5569 6171
3 6168 5572 5575
3 6168 5575 5576
3 6168 5576 6173
3 6168 6173 6170
3 6172 6173 5576
3 5577 6172 5576
3 6174 6172 5577
3 5577 5579 6174
3 6172 5581 5582
3 6172 5582 6173
3 6173 5582 6175
3 6174 5581 6172
3 5583 5581 6174
3 6174 5579 5583
3 5584 5585 6176
3 6176 6178 6177
3 6176 6177 5584
3 5584 6177 5586
3 6177 5582 5586
3 6175 5582 6177
3 6179 6176 5585
3 6179 5585 6180
3 6180 5585 5587
3 6176 6179 6178
3 5590 6182 6181
3 5588 5590 6181
3 6181 5587 5588
3 6180 5587 6181
3 5591 5592 6183
3 6183 5590 5591
3 6183 6184 5590
3 6184 6182 5590
3 5592 5593 6183
3 6188 6186 6187
3 6186 6189 6190
3 6187 6186 6190
3 6189 6191 6192
3 6190 6189 6192
3 6167 6192 6191
3 6167 6191 5619
3 5619 6191 5640
3 6188 6187 6193
3 6194 6193 6187
3 6194 6187 6190
3 6169 6170 6195
3 6169 6196 6171
3 6169 6195 6196
3 6171 6196 6192
3 6194 6190 6196
3 6192 6196 6190
3 6192 6167 6171
3 6197 6195 6170
3 6197 6170 6198
3 6198 6170 6173
3 6195 6197 6196
3 6201 6199 6200
3 6199 6202 6200
3 6198 6173 6203
3 6203 6173 6175
3 6201 6200 6204
3 6200 6202 6204
3 6178 6206 6205
3 6177 6178 6205
3 6205 6175 6177
3 6203 6175 6205
3 6180 6208 6207
3 6179 6180 6207
3 6207 6178 6179
3 6206 6178 6207
3 6182 6210 6209
3 6181 6182 6209
3 6209 6180 6181
3 6208 6180 6209
3 6210 6182 6211
3 6211 6182 6184
3 6188 6213 6212
3 6186 6188 6212
3 6212 6214 6186
3 6186 6214 6189
3 6214 6215 6189
3 6189 6215 6191
3 6215 5661 6191
3 6191 5661 5640
3 6213 6188 6193
3 6216 6213 6193
3 6218 6194 6217
3 6218 6216 6194
3 6216 6193 6194
3 6194 6196 6217
3 6221 6219 6220
3 6218 6217 6222
3 6224 6220 6219
3 6197 6198 6223
3 6222 6196 6225
3 6222 6217 6196
3 6225 6196 6226
3 6197 6223 6196
3 6226 6196 6223
3 6225 6226 6227
3 6201 6229 6228
3 6199 6201 6228
3 6199 6228 6230
3 6202 6199 6230
3 6221 6220 6231
3 6220 6224 6231
3 6198 6233 6223
3 6198 6203 6233
3 6233 6232 6223
3 6223 6234 6226
3 6232 6234 6223
3 6226 6234 6227
3 6229 6201 6204
3 6235 6229 6204
3 6235 6204 6202
3 6230 6235 6202
3 6206 6237 6236
3 6205 6206 6236
3 6236 6203 6205
3 6233 6203 6236
3 6208 6239 6238
3 6207 6208 6238
3 6238 6206 6207
3 6237 6206 6238
3 6209 6210 6240
3 6240 6208 6209
3 6240 6241 6208
3 6241 6239 6208
3 6242 6240 6210
3 6242 6210 6243
3 6243 6210 6211
3 6240 6242 6241
3 6213 6245 6244
3 6212 6213 6244
3 6244 6246 6212
3 6212 6246 6214
3 6246 6247 6214
3 6214 6247 6215
3 6248 5685 5661
3 6248 5661 6247
3 6247 5661 6215
3 6251 6249 6250
3 6249 6252 6250
3 6249 6213 6252
3 6249 6245 6213
3 6213 6216 6252
3 6216 6218 6252
3 6248 5703 5685
3 6254 6251 6250
3 6253 6254 6250
3 6221 6252 6219
3 6221 6253 6252
3 6253 6250 6252
3 6222 6252 6218
3 6222 6255 6252
3 6219 6252 6224
3 6224 6252 6255
3 6225 6255 6222
3 6256 6255 6225
3 6225 6227 6256
3 6228 6229 6257
3 6254 6253 6258
3 6257 6230 6228
3 6253 6221 6231
3 6253 6231 6258
3 6258 6231 6259
3 6233 6261 6232
3 6224 6255 6231
3 6231 6255 6260
3 6231 6260 6259
3 6232 6262 6234
3 6232 6261 6262
3 6234 6262 6256
3 6260 6255 6262
3 6256 6262 6255
3 6256 6227 6234
3 6257 6229 6235
3 6257 6235 6230
3 6237 6264 6263
3 6236 6237 6263
3 6233 6265 6261
3 6233 6236 6265
3 6236 6263 6265
3 6261 6265 6262
3 6238 6239 6266
3 6266 6237 6238
3 6266 6267 6237
3 6267 6264 6237
3 6270 6269 6268
3 6268 6269 6271
3 6274 6272 6273
3 6273 6272 6275
3 6273 6275 6239
3 6273 6239 6241
3 6266 6239 6275
3 6266 6275 6267
3 6270 6276 6269
3 6269 6276 6271
3 6273 6242 6243
3 6273 6243 6274
3 6274 6243 6277
3 6273 6241 6242
3 6244 6245 6278
3 6246 6244 6278
3 6279 6246 6278
3 6247 6246 6279
3 6280 6247 6279
3 6247 6280 6248
3 6249 6251 6281
3 6281 6283 6282
3 6249 6281 6282
3 6249 6282 6278
3 6249 6278 6245
3 6278 6284 6279
3 6282 6284 6278
3 6279 6285 6280
3 6284 6285 6279
3 6280 5703 6248
3 6280 6285 5703
3 6285 5722 5703
3 6286 6281 6251
3 6286 6251 6287
3 6287 6251 6254
3 6281 6286 6283
3 6290 6288 6289
3 6287 6254 6258
3 6287 6258 6291
3 6292 6289 6288
3 6291 6258 6293
3 6258 6259 6293
3 6293 6259 6294
3 6259 6260 6294
3 6260 6295 6294
3 6262 6295 6260
3 6297 6290 6289
3 6296 6297 6289
3 6292 6298 6296
3 6289 6292 6296
3 6263 6264 6299
3 6299 6301 6300
3 6299 6300 6263
3 6263 6300 6265
3 6300 6262 6265
3 6295 6262 6300
3 6297 6296 6302
3 6296 6298 6302
3 6303 6299 6264
3 6267 6303 6264
3 6301 6268 6304
3 6301 6303 6268
3 6301 6299 6303
3 6303 6270 6268
3 6268 6305 6304
3 6271 6305 6268
3 6272 6274 6306
3 6275 6272 6306
3 6307 6275 6306
3 6307 6309 6308
3 6275 6307 6308
3 6275 6308 6303
3 6275 6303 6267
3 6303 6276 6270
3 6303 6308 6276
3 6308 6310 6276
3 6310 6271 6276
3 6305 6271 6310
3 6311 6306 6274
3 6311 6274 6312
3 6312 6274 6277
3 6306 6313 6307
3 6311 6313 6306
3 6307 6313 6309
3 6316 6314 6315
3 6314 6317 6315
3 6320 6318 6319
3 6315 6282 6283
3 6316 6315 6283
3 6316 6283 6319
3 6316 6319 6318
3 6317 6282 6315
3 6317 6321 6282
3 6321 6284 6282
3 6321 6322 6284
3 6284 6322 6285
3 6322 5747 6285
3 6285 5747 5722
3 6325 6323 6324
3 6319 6286 6287
3 6320 6319 6287
3 6320 6287 6324
3 6320 6324 6323
3 6319 6283 6286
3 6328 6326 6327
3 6325 6324 6329
3 6331 6327 6326
3 6288 6290 6330
3 6329 6324 6287
3 6329 6287 6291
3 6329 6291 6333
3 6332 6333 6291
3 6330 6292 6288
3 6293 6332 6291
3 6334 6332 6293
3 6294 6334 6293
3 6335 6334 6294
3 6294 6295 6335
3 6328 6327 6336
3 6327 6331 6336
3 6290 6338 6330
3 6290 6297 6338
3 6338 6337 6330
3 6332 6339 6333
3 6330 6337 6292
3 6292 6337 6340
3 6292 6340 6298
3 6332 6334 6341
3 6339 6332 6341
3 6341 6301 6342
3 6341 6335 6301
3 6341 6334 6335
3 6300 6301 6335
3 6335 6295 6300
3 6338 6297 6302
3 6343 6338 6302
3 6343 6302 6298
3 6340 6343 6298
3 6304 6344 6345
3 6304 6345 6301
3 6301 6345 6342
3 6304 6305 6344
3 6309 6347 6346
3 6308 6309 6346
3 6344 6346 6345
3 6344 6310 6346
3 6310 6308 6346
3 6344 6305 6310
3 6311 6312 6348
3 6348 6350 6349
3 6348 6349 6311
3 6311 6349 6313
3 6349 6309 6313
3 6347 6309 6349
3 6351 6348 6312
3 6316 6353 6352
3 6314 6316 6352
3 6314 6352 6354
3 6317 6314 6354
3 6355 5758 5759
3 6318 6320 6356
3 6356 6316 6318
3 6356 6357 6316
3 6357 6353 6316
3 6354 6321 6317
3 6358 6321 6354
3 6360 6359 6322
3 6360 6322 6358
3 6358 6322 6321
3 5747 6322 6359
3 5747 6359 5778
3 5777 6355 5759
3 6323 6325 6361
3 6361 6363 6362
3 6323 6361 6362
3 6323 6362 6356
3 6323 6356 6320
3 6356 6362 6357
3 6360 6364 6359
3 6359 5790 5778
3 6364 5790 6359
3 6326 6328 6365
3 6326 6365 6331
3 6329 6361 6325
3 6368 6366 6367
3 6329 6363 6361
3 6329 6333 6363
3 6366 6363 6367
3 6367 6363 6333
3 6365 6328 6336
3 6365 6336 6331
3 6367 6369 6368
3 6338 6370 6337
3 6370 6340 6337
3 6367 6333 6369
3 6369 6333 6339
3 6369 6339 6371
3 6371 6339 6372
3 6339 6341 6372
3 6374 6341 6342
3 6374 6373 6341
3 6373 6372 6341
3 6373 6374 6375
3 6370 6338 6343
3 6370 6343 6340
3 6376 6374 6342
3 6376 6342 6377
3 6377 6342 6345
3 6374 6376 6375
3 6346 6347 6378
3 6378 6345 6346
3 6378 6379 6345
3 6379 6377 6345
3 6350 6381 6380
3 6349 6350 6380
3 6347 6382 6378
3 6347 6349 6382
3 6349 6380 6382
3 6378 6382 6379
3 6352 6353 6383
3 6352 6383 6354
3 5758 6355 5792
3 6384 6383 6353
3 6357 6384 6353
3 6354 6383 6384
3 6354 6384 6385
3 6354 6385 6358
3 6386 6385 6384
3 6388 6360 6358
3 6388 6358 6387
3 6387 6358 6385
3 5802 6388 6387
3 5802 6387 5801
3 5792 6355 5777
3 6363 6390 6389
3 6362 6363 6389
3 6357 6362 6389
3 6357 6389 6391
3 6357 6391 6384
3 6391 6389 6392
3 6386 6391 6393
3 6384 6391 6386
3 6388 6364 6360
3 5802 6364 6388
3 5790 6364 5802
3 6366 6368 6394
3 6394 6363 6366
3 6394 6395 6363
3 6395 6390 6363
3 6392 6396 6391
3 6391 6396 6393
3 6399 6397 6398
3 6397 6400 6398
3 6368 6369 6394
3 6395 6394 6369
3 6395 6369 6401
3 6401 6369 6371
3 6403 6372 6402
3 6403 6401 6372
3 6401 6371 6372
3 6373 6402 6372
3 6404 6402 6373
3 6373 6375 6404
3 6405 5821 5820
3 6407 6399 6398
3 6406 6407 6398
3 6400 6408 6406
3 6398 6400 6406
3 6403 6402 6409
3 6410 6409 6402
3 6410 6402 6404
3 6376 6377 6411
3 6410 6375 6412
3 6410 6404 6375
3 6412 6375 6413
3 6376 6411 6375
3 6413 6375 6411
3 5827 6413 6414
3 5827 5821 6413
3 6412 6413 6405
3 6405 6413 5821
3 6407 6406 6415
3 6406 6408 6415
3 6416 6411 6377
3 6416 6377 6417
3 6417 6377 6379
3 6411 6418 6413
3 6416 6418 6411
3 6413 6418 6414
3 6381 6420 6419
3 6380 6381 6419
3 6419 6421 6380
3 6380 6421 6382
3 6421 6379 6382
3 6417 6379 6421
3 6424 6422 6423
3 6422 6425 6426
3 6423 6422 6426
3 6386 6426 6425
3 6386 6425 6385
3 6385 6425 6427
3 6427 6428 6385
3 6385 6428 6387
3 6428 5837 6387
3 6387 5837 5801
3 6423 6389 6390
3 6423 6390 6424
3 6424 6390 6429
3 6389 6430 6392
3 6389 6423 6430
3 6423 6426 6430
3 6426 6393 6430
3 6386 6393 6426
3 6429 6390 6431
3 6431 6390 6395
3 6430 6396 6392
3 6430 6393 6396
3 6397 6399 6432
3 6397 6432 6400
3 6401 6433 6434
3 6401 6434 6395
3 6395 6434 6431
3 6436 6401 6403
3 6436 6435 6401
3 6433 6401 6437
3 6437 6401 6435
3 6435 6439 6438
3 6436 6439 6435
3 6438 6439 6440
3 5820 5853 6405
3 6441 6432 6399
3 6441 6399 6442
3 6442 6399 6407
3 6432 6441 6443
3 6432 6443 6400
3 6400 6443 6408
3 6434 6433 6444
3 6433 6437 6444
3 6403 6409 6436
3 6439 6436 6409
3 6410 6439 6409
3 6440 6439 6410
3 6440 6410 6445
3 6445 6410 6412
3 6412 5853 6445
3 6412 6405 5853
3 6445 5853 6446
3 5827 6414 5853
3 6446 5853 6414
3 6442 6407 6415
3 6447 6442 6415
3 6447 6415 6408
3 6443 6447 6408
3 6417 6449 6448
3 6416 6417 6448
3 6448 6450 6416
3 6416 6450 6418
3 6450 6414 6418
3 6446 6414 6450
3 6420 6452 6451
3 6419 6420 6451
3 6451 6453 6419
3 6419 6453 6421
3 6453 6417 6421
3 6449 6417 6453
3 6422 6424 6454
3 6425 6422 6454
3 6455 6425 6454
3 6427 6425 6455
3 6456 6427 6455
3 6456 6458 6457
3 6456 6457 6427
3 6427 6457 6428
3 6459 5866 5837
3 6459 5837 6457
3 6457 5837 6428
3 6460 6454 6424
3 6460 6424 6461
3 6461 6424 6429
3 6454 6462 6455
3 6460 6462 6454
3 6455 6463 6456
3 6462 6463 6455
3 6456 6463 6458
3 6459 5886 5866
3 6466 6464 6465
3 6464 6467 6468
3 6465 6464 6468
3 6467 6431 6468
3 6467 6461 6431
3 6461 6429 6431
3 6466 6465 6469
3 6465 6468 6470
3 6469 6465 6470
3 6468 6471 6470
3 6468 6431 6471
3 6431 6434 6471
3 6437 6472 6473
3 6435 6472 6437
3 6472 6435 6474
3 6435 6438 6474
3 6476 6438 6440
3 6476 6475 6438
3 6475 6474 6438
3 6475 6476 6477
3 6442 6479 6478
3 6441 6442 6478
3 6441 6478 6480
3 6443 6441 6480
3 6471 6434 6444
3 6481 6471 6444
3 6481 6444 6437
3 6473 6481 6437
3 6476 6440 6445
3 6445 6446 5900
3 6476 6445 5900
3 6476 5900 5899
3 6476 5899 6477
3 6479 6442 6447
3 6482 6479 6447
3 6482 6447 6443
3 6480 6482 6443
3 6449 6484 6483
3 6448 6449 6483
3 6483 6485 6448
3 6448 6485 6450
3 6446 5905 5900
3 6446 6450 5905
3 6450 6485 5905
3 6452 6487 6486
3 6451 6452 6486
3 6486 6488 6451
3 6451 6488 6453
3 6488 6449 6453
3 6484 6449 6488
3 6457 6458 6489
3 6457 6489 6459
3 6492 6490 6491
3 6461 6491 6490
3 6461 6490 6460
3 6460 6490 6493
3 6493 6494 6460
3 6460 6494 6462
3 6494 6495 6462
3 6462 6495 6463
3 6458 6496 6489
3 6458 6463 6496
3 6463 6495 6496
3 6489 5886 6459
3 6489 6496 5886
3 6496 5926 5886
3 6464 6466 6497
3 6467 6464 6497
3 6467 6497 6499
3 6498 6492 6491
3 6498 6461 6500
3 6498 6491 6461
3 6500 6461 6501
3 6467 6499 6461
3 6501 6461 6499
3 6500 6503 6502
3 6501 6503 6500
3 6502 6503 6504
3 6497 6466 6469
3 6499 6497 6469
3 6470 6499 6469
3 6505 6501 6499
3 6505 6499 6471
3 6505 6471 6506
3 6471 6499 6470
3 6507 6473 6505
3 6507 6508 6473
3 6505 6473 6501
3 6472 6503 6473
3 6501 6473 6503
3 6510 6508 6507
3 6504 6503 6509
3 6509 6503 6472
3 6509 6472 6474
3 6509 6474 6511
3 6474 6475 6511
3 6475 6512 6511
3 6477 6512 6475
3 6478 6479 6513
3 6478 6513 6480
3 6506 6471 6481
3 6514 6506 6481
3 6473 6508 6515
3 6473 6515 6481
3 6481 6515 6514
3 6510 6515 6508
3 6516 6517 6518
3 6516 6519 6517
3 6512 6477 5899
3 5939 6512 5899
3 6520 6521 6522
3 6513 6479 6482
3 6513 6482 6480
3 6520 6523 6521
3 6517 6524 6518
3 6483 6484 6525
3 6519 6524 6517
3 6526 6483 6527
3 6526 6485 6483
3 6483 6525 6527
3 6526 5943 6485
3 6485 5943 5905
3 6522 6521 6528
3 6521 6523 6528
3 6488 6529 6525
3 6488 6525 6484
3 6525 6529 6527
3 6490 6492 6530
3 6493 6490 6530
3 6531 6493 6530
3 6494 6493 6531
3 6532 6494 6531
3 6495 6494 6532
3 6533 6495 6532
3 6496 6495 6533
3 6534 6496 6533
3 6534 6535 5961
3 6534 5961 6496
3 6496 5961 5926
3 6530 6492 6498
3 6531 6530 6498
3 6531 6498 6500
3 6537 6538 6536
3 6536 6539 6537
3 6539 6540 6537
3 6500 6532 6531
3 6500 6502 6532
3 6532 6504 6533
3 6532 6502 6504
3 6533 6504 6541
3 6540 6539 6504
3 6541 6504 6539
3 6533 6542 6534
3 6541 6542 6533
3 6534 6542 6535
3 6537 6505 6506
3 6537 6506 6538
3 6538 6506 6543
3 6540 6505 6537
3 6507 6505 6540
3 6509 6540 6504
3 6509 6544 6540
3 6507 6540 6510
3 6510 6540 6544
3 6511 6544 6509
3 6545 6544 6511
3 6511 6512 6545
3 6548 6546 6547
3 6546 6549 6547
3 6543 6506 6514
3 6550 6543 6514
3 6550 6514 6551
3 6514 6515 6551
3 6518 6553 6516
3 6510 6544 6515
3 6515 6544 6552
3 6515 6552 6551
3 6544 6545 6554
3 6544 6554 6552
3 6553 6519 6516
3 6545 6512 5939
3 6545 5939 6554
3 6554 5939 5971
3 6548 6547 6555
3 6547 6549 6555
3 6522 6556 6520
3 6520 6556 6523
3 6553 6518 6524
3 6527 6558 6557
3 6527 6557 6526
3 6519 6553 6524
3 6559 5975 5943
3 6559 5943 6557
3 6557 5943 6526
3 6556 6522 6528
3 6556 6528 6523
3 6560 6527 6529
3 6558 6527 6560
3 6559 5978 5975
3 6563 6561 6562
3 6561 6564 6565
3 6562 6561 6565
3 6564 6566 6567
3 6565 6564 6567
3 6566 6568 6569
3 6567 6566 6569
3 6568 6570 6571
3 6569 6568 6571
3 6535 6571 6570
3 6535 6570 5961
3 5961 6570 5990
3 6573 6563 6562
3 6572 6573 6562
3 6538 6565 6536
3 6538 6572 6565
3 6572 6562 6565
3 6567 6536 6565
3 6539 6536 6567
3 6569 6539 6567
3 6541 6539 6569
3 6571 6541 6569
3 6542 6541 6571
3 6571 6535 6542
3 6573 6572 6574
3 6572 6538 6543
3 6572 6543 6575
3 6572 6575 6574
3 6575 6543 6576
3 6575 6578 6577
3 6576 6578 6575
3 6577 6578 6579
3 6546 6548 6580
3 6546 6580 6549
3 6583 6581 6582
3 6585 6582 6581
3 6585 6581 6584
3 6576 6543 6550
3 6550 6551 6578
3 6550 6578 6576
3 6584 6586 6585
3 6579 6578 6551
3 6579 6551 6587
3 6587 6551 6552
3 6587 6552 6588
3 6552 6554 6588
3 6588 6554 6019
3 6554 5971 6019
3 6580 6548 6555
3 6580 6555 6549
3 6589 6590 6591
3 6589 6593 6590
3 6583 6582 6592
3 6582 6585 6594
3 6592 6582 6594
3 6585 6586 6594
3 6557 6558 6595
3 6557 6595 6559
3 6560 6596 6595
3 6560 6595 6558
3 6595 5978 6559
3 6595 6596 5978
3 6596 6032 5978
3 6561 6563 6597
3 6564 6561 6597
3 6598 6564 6597
3 6598 6600 6599
3 6598 6599 6564
3 6564 6599 6566
3 6599 6601 6566
3 6566 6601 6568
3 6601 6602 6568
3 6568 6602 6570
3 6602 6039 6570
3 6570 6039 5990
3 6603 6597 6563
3 6603 6563 6604
3 6604 6563 6573
3 6597 6605 6598
3 6603 6605 6597
3 6598 6605 6600
3 6604 6573 6574
3 6606 6604 6574
3 6606 6574 6607
3 6574 6575 6607
3 6609 6577 6608
3 6609 6607 6577
3 6607 6575 6577
3 6577 6579 6608
3 6583 6611 6610
3 6581 6583 6610
3 6610 6612 6581
3 6581 6612 6584
3 6609 6608 6613
3 6609 6613 6584
3 6609 6584 6612
3 6586 6584 6613
3 6587 6608 6579
3 6587 6614 6608
3 6614 6613 6608
3 6614 6615 6616
3 6614 6587 6615
3 6587 6588 6615
3 6617 6019 6062
3 6617 6615 6019
3 6615 6588 6019
3 6620 6618 6619
3 6622 6619 6618
3 6621 6589 6591
3 6592 6623 6611
3 6592 6611 6583
3 6589 6621 6593
3 6623 6592 6624
3 6592 6594 6624
3 6586 6613 6625
3 6586 6625 6594
3 6594 6625 6624
3 6613 6614 6626
3 6625 6613 6626
3 6614 6616 6626
3 6617 6062 6079
3 6620 6619 6627
3 6619 6622 6627
3 6628 6089 6596
3 6596 6089 6032
3 6599 6600 6629
3 6601 6599 6629
3 6630 6601 6629
3 6602 6601 6630
3 6631 6602 6630
3 6631 6632 6092
3 6631 6092 6602
3 6602 6092 6039
3 6603 6604 6633
3 6633 6635 6634
3 6633 6634 6603
3 6603 6634 6605
3 6600 6636 6629
3 6600 6605 6636
3 6605 6634 6636
3 6629 6637 6630
3 6636 6637 6629
3 6630 6638 6631
3 6637 6638 6630
3 6631 6638 6632
3 6633 6604 6606
3 6635 6633 6606
3 6635 6606 6639
3 6639 6606 6607
3 6641 6607 6609
3 6641 6640 6607
3 6640 6639 6607
3 6640 6641 6642
3 6645 6643 6644
3 6611 6644 6643
3 6611 6643 6610
3 6610 6643 6646
3 6648 6647 6612
3 6648 6612 6646
3 6646 6612 6610
3 6609 6612 6647
3 6609 6647 6641
3 6641 6647 6649
3 6642 6651 6650
3 6642 6641 6651
3 6641 6649 6651
3 6616 6650 6651
3 6616 6615 6650
3 6615 6652 6650
3 6615 6653 6652
3 6617 6653 6615
3 6620 6655 6654
3 6618 6620 6654
3 6645 6644 6656
3 6645 6656 6618
3 6645 6618 6654
3 6622 6618 6656
3 6611 6656 6644
3 6611 6657 6656
3 6611 6623 6657
3 6658 6656 6657
3 6647 6648 6657
3 6647 6657 6624
3 6624 6657 6623
3 6649 6647 6624
3 6625 6649 6624
3 6651 6649 6625
3 6626 6651 6625
3 6651 6626 6616
3 6653 6617 6079
3 6135 6653 6079
3 6655 6620 6627
3 6622 6656 6659
3 6622 6659 6627
3 6656 6658 6659
3 6628 6147 6089
3 6632 1114 1113
3 6092 6632 1113
3 6635 1117 1116
3 6634 6635 1116
3 1116 1119 6634
3 6634 1119 6636
3 1119 1121 6636
3 6636 1121 6637
3 1121 1123 6637
3 6637 1123 6638
3 1123 6632 6638
3 1114 6632 1123
3 6639 6660 1130
3 6639 1130 6635
3 6635 1130 1117
3 6640 6660 6639
3 6661 6660 6640
3 6640 6642 6661
3 1135 1134 6662
3 6645 6662 1134
3 6645 1134 6643
3 6643 1134 1137
3 1137 1139 6643
3 6643 1139 6646
3 1130 6660 6663
3 1130 6663 6646
3 1130 6646 1139
3 6648 6646 6663
3 6660 6661 6663
3 6661 6664 6663
3 6642 6664 6661
3 6642 1144 6664
3 6642 6650 1144
3 1146 6664 1144
3 1144 6650 1148
3 6650 6652 1148
3 6160 6652 6653
3 6160 1151 6652
3 1151 1148 6652
3 6662 6654 6655
3 6662 6655 1135
3 1135 6655 1154
3 6662 6645 6654
3 1156 1158 6665
3 6658 1156 6665
3 6658 6657 1156
3 1161 1156 6666
3 6666 1156 6657
3 6666 1163 1164
3 6657 1163 6666
3 6657 6663 1163
3 6657 6648 6663
3 6663 6664 1165
3 1163 6663 1165
3 6664 1146 1165
3 6160 6653 6135
3 1161 6666 1169
3 6665 6659 6658
3 6666 1164 1169
3 6667 6669 6670
3 6668 6667 6670
3 6669 6671 6672
3 6670 6669 6672
3 6671 6673 6674
3 6672 6671 6674
3 6673 6675 6674
3 6668 6670 6676
3 6670 6677 6676
3 6670 6672 6677
3 6672 6678 6677
3 6679 6680 6678
3 6679 6678 6674
3 6674 6678 6672
3 6675 6679 6674
3 6681 6682 6683
3 6681 6684 6685
3 6682 6681 6685
3 6684 6686 6687
3 6685 6684 6687
3 6686 6688 6687
3 6676 6677 6689
3 6677 6690 6689
3 6677 6678 6690
3 6678 6691 6690
3 6680 6692 6693
3 6680 6693 6678
3 6678 6693 6691
3 6692 6683 6682
3 6692 6682 6693
3 6693 6682 6694
3 6695 6696 6694
3 6695 6694 6685
3 6685 6694 6682
3 6698 6695 6685
3 6698 6685 6697
3 6697 6685 6687
3 6688 6699 6700
3 6688 6700 6687
3 6687 6700 6697
3 6699 6701 6702
3 6700 6699 6702
3 6701 6703 6704
3 6702 6701 6704
3 6703 6705 6704
3 6689 6690 6707
3 6706 6689 6707
3 6690 6691 6708
3 6707 6690 6708
3 6710 6708 6691
3 6710 6691 6709
3 6709 6691 6693
3 6693 6694 6709
3 6694 6711 6709
3 6696 6712 6713
3 6696 6713 6694
3 6694 6713 6711
3 6712 6715 6713
3 6698 6697 6714
3 6697 6700 6716
3 6714 6697 6716
3 6718 6716 6700
3 6718 6700 6717
3 6717 6700 6702
3 6702 6704 6717
3 6704 6719 6717
3 6705 6720 6721
3 6705 6721 6704
3 6704 6721 6719
3 6720 6722 6723
3 6721 6720 6723
3 6722 6724 6723
3 6710 6709 6725
3 6709 6711 6726
3 6725 6709 6726
3 6711 6713 6727
3 6726 6711 6727
3 6713 6715 6727
3 6730 6728 6729
3 6728 6732 6729
3 6718 6717 6731
3 6717 6719 6733
3 6731 6717 6733
3 6735 6733 6719
3 6735 6719 6734
3 6734 6719 6721
3 6721 6723 6734
3 6723 6736 6734
3 6724 6737 6738
3 6724 6738 6723
3 6723 6738 6736
3 6737 6739 6738
3 6742 6740 6741
3 6740 6744 6741
3 6730 6729 6743
3 6729 6732 6743
3 6735 6734 6745
3 6734 6736 6746
3 6745 6734 6746
3 6748 6746 6736
3 6748 6736 6747
3 6747 6736 6738
3 6739 6749 6750
3 6739 6750 6738
3 6738 6750 6747
3 6749 6751 6750
3 6742 6741 6752
3 6741 6744 6752
3 6748 6747 6753
3 6747 6750 6754
3 6753 6747 6754
3 6751 6754 6750
3 6755 6756 6757
3 6755 6758 6759
3 6756 6755 6759
3 6758 6760 6759
3 6757 6756 6761
3 6756 6759 6762
3 6761 6756 6762
3 6760 6762 6759
3 857 858 6763
3 6763 858 860
3 6764 6766 6767
3 6765 6764 6767
3 6766 6768 6767
3 6771 6769 6770
3 6769 6772 6773
3 6770 6769 6773
3 6772 6774 6773
3 6767 6667 6765
3 6669 6667 6767
3 6768 6669 6767
3 6768 6775 6669
3 6775 6671 6669
3 6770 6775 6771
3 6770 6673 6775
3 6673 6671 6775
3 6673 6776 6675
3 6673 6770 6776
3 6770 6773 6776
3 6774 6777 6778
3 6774 6778 6773
3 6773 6778 6776
3 6777 6779 6778
3 6679 6780 6680
3 6683 6776 6681
3 6683 6780 6776
3 6675 6776 6679
3 6679 6776 6780
3 6778 6681 6776
3 6684 6681 6778
3 6779 6684 6778
3 6779 6781 6684
3 6781 6686 6684
3 6686 6781 6782
3 6688 6686 6782
3 6785 6783 6784
3 6783 6786 6787
3 6784 6783 6787
3 6786 6788 6787
3 6789 6790 6791
3 6780 6692 6680
3 6780 6683 6692
3 6695 6792 6696
3 6695 6698 6792
3 6782 6699 6688
3 6793 6699 6782
3 6784 6793 6785
3 6784 6701 6793
3 6701 6699 6793
3 6787 6701 6784
3 6703 6701 6787
3 6703 6795 6705
3 6787 6795 6703
3 6787 6794 6795
3 6787 6788 6794
3 6794 6796 6797
3 6795 6794 6797
3 6796 6798 6799
3 6797 6796 6799
3 6798 6800 6799
3 6790 6706 6707
3 6790 6707 6802
3 6790 6802 6791
3 6801 6802 6707
3 6801 6803 6804
3 6801 6707 6803
3 6707 6708 6803
3 6806 6708 6710
3 6806 6805 6708
3 6805 6803 6708
3 6805 6808 6807
3 6806 6808 6805
3 6807 6808 6809
3 6696 6792 6712
3 6715 6792 6811
3 6715 6712 6792
3 6811 6792 6810
3 6698 6714 6792
3 6810 6792 6714
3 6810 6714 6812
3 6714 6716 6812
3 6716 6813 6812
3 6718 6813 6716
3 6795 6720 6705
3 6797 6720 6795
3 6722 6720 6797
3 6722 6814 6724
3 6722 6797 6814
3 6797 6799 6814
3 6800 6815 6816
3 6800 6816 6799
3 6799 6816 6814
3 6815 6817 6818
3 6816 6815 6818
3 6817 6819 6818
3 6802 6801 6820
3 6801 6804 6820
3 6806 6710 6725
3 6808 6806 6725
3 6726 6808 6725
3 6809 6808 6726
3 6809 6726 6821
3 6821 6726 6727
3 6821 6727 6715
3 6811 6821 6715
3 6728 6730 6822
3 6822 6732 6728
3 6824 6718 6823
3 6824 6813 6718
3 6718 6731 6823
3 6823 6825 6826
3 6823 6731 6825
3 6731 6733 6825
3 6733 6827 6825
3 6735 6827 6733
3 6737 6830 6829
3 6737 6724 6830
3 6828 6830 6814
3 6814 6830 6724
3 6737 6829 6739
3 6814 6831 6828
3 6814 6816 6831
3 6831 6832 6828
3 6816 6818 6831
3 6818 6833 6831
3 6819 6834 6835
3 6819 6835 6818
3 6818 6835 6833
3 6834 861 862
3 6835 6834 862
3 6740 6742 6836
3 6730 6743 6822
3 6740 6836 6744
3 6824 6823 6837
3 6822 6743 6732
3 6823 6826 6837
3 6827 6735 6745
3 6838 6827 6745
3 6840 6746 6839
3 6840 6838 6746
3 6838 6745 6746
3 6830 6841 6829
3 6839 6746 6748
3 6831 6841 6832
3 6831 6749 6841
3 6829 6841 6739
3 6739 6841 6749
3 6749 6842 6751
3 6749 6831 6842
3 6831 6833 6842
3 6833 6835 6842
3 6835 6843 6842
3 6835 862 6843
3 862 864 6843
3 6836 6742 6752
3 6836 6752 6744
3 6840 6839 6844
3 6839 6748 6753
3 6839 6753 6844
3 6844 6753 6845
3 6847 6754 6846
3 6847 6845 6754
3 6845 6753 6754
3 6757 6842 6755
3 6757 6846 6842
3 6751 6842 6754
3 6754 6842 6846
3 6843 6755 6842
3 6758 6755 6843
3 6758 870 6760
3 6758 6843 870
3 6843 864 870
3 6847 6846 6848
3 6850 6761 6849
3 6848 6761 6850
3 6848 6757 6761
3 6848 6846 6757
3 6762 6849 6761
3 6851 6849 6762
3 6763 870 857
3 6763 6851 870
3 6760 870 6762
3 6762 870 6851
3 6850 6849 6852
3 6849 6851 6853
3 6852 6849 6853
3 6854 860 877
3 6853 860 6854
3 6853 6763 860
3 6853 6851 6763
3 6857 6855 6856
3 6855 6858 6859
3 6856 6855 6859
3 6858 6854 877
3 6858 877 6859
3 6859 877 881
3 6860 6862 6863
3 6861 6860 6863
3 6862 6864 6863
3 6863 6764 6861
3 6766 6764 6863
3 6766 6866 6768
3 6863 6866 6766
3 6863 6865 6866
3 6863 6864 6865
3 6771 6866 6865
3 6771 6865 6769
3 6769 6865 6867
3 6867 6868 6769
3 6769 6868 6772
3 6870 6774 6772
3 6870 6772 6869
3 6869 6772 6868
3 6869 6871 6870
3 6866 6775 6768
3 6866 6771 6775
3 6870 6777 6774
3 6777 6873 6779
3 6870 6873 6777
3 6870 6872 6873
3 6870 6871 6872
3 6872 6874 6875
3 6873 6872 6875
3 6874 6876 6877
3 6875 6874 6877
3 6876 6878 6879
3 6877 6876 6879
3 6878 6880 6881
3 6879 6878 6881
3 6880 6882 6881
3 6873 6781 6779
3 6781 6883 6782
3 6781 6873 6883
3 6873 6875 6883
3 6785 6877 6783
3 6785 6883 6877
3 6883 6875 6877
3 6879 6783 6877
3 6786 6783 6879
3 6786 6884 6788
3 6786 6879 6884
3 6879 6881 6884
3 6882 6885 6886
3 6882 6886 6881
3 6881 6886 6884
3 6885 6887 6888
3 6886 6885 6888
3 6887 6889 6888
3 6789 6891 6890
3 6791 6891 6789
3 6883 6793 6782
3 6883 6785 6793
3 6884 6794 6788
3 6886 6794 6884
3 6796 6794 6886
3 6888 6796 6886
3 6798 6796 6888
3 6798 6893 6800
3 6888 6893 6798
3 6888 6892 6893
3 6888 6889 6892
3 6892 6894 6895
3 6893 6892 6895
3 6894 6896 6895
3 6898 6897 6891
3 6898 6891 6802
3 6802 6891 6791
3 6804 6897 6898
3 6804 6803 6897
3 6803 6899 6897
3 6899 6803 6900
3 6803 6805 6900
3 6900 6805 6901
3 6805 6807 6901
3 6903 6807 6809
3 6903 6902 6807
3 6902 6901 6807
3 6811 6902 6903
3 6811 6810 6902
3 6905 6902 6904
3 6904 6902 6810
3 6812 6904 6810
3 6906 6904 6812
3 6812 6813 6906
3 6893 6815 6800
3 6895 6815 6893
3 6817 6815 6895
3 6817 6908 6819
3 6895 6908 6817
3 6895 6907 6908
3 6895 6896 6907
3 6907 887 888
3 6908 6907 888
3 6909 6911 6910
3 6802 6820 6898
3 6898 6820 6804
3 6903 6809 6821
3 6905 6904 6912
3 6903 6821 6811
3 6904 6906 6913
3 6912 6904 6913
3 6906 6813 6824
3 6906 6824 6914
3 6906 6914 6913
3 6914 6824 6915
3 6826 6914 6915
3 6826 6825 6914
3 6917 6914 6916
3 6916 6914 6825
3 6825 6827 6916
3 6830 6918 6919
3 6828 6918 6830
3 6828 6920 6918
3 6832 6920 6828
3 6908 6834 6819
3 888 6834 6908
3 861 6834 888
3 6910 6911 6921
3 6915 6824 6837
3 6917 6916 6922
3 6915 6837 6826
3 6916 6827 6838
3 6916 6838 6922
3 6922 6838 6923
3 6838 6924 6923
3 6840 6924 6838
3 6841 6926 6925
3 6841 6830 6926
3 6830 6919 6926
3 6925 6832 6841
3 6925 6927 6832
3 6927 6920 6832
3 6924 6840 6844
3 6928 6924 6844
3 6925 6926 6928
3 6925 6928 6845
3 6845 6928 6844
3 6845 6847 6930
3 6925 6845 6930
3 6925 6930 6929
3 6925 6929 6927
3 6929 6932 6931
3 6930 6932 6929
3 6931 6932 6933
3 6930 6847 6848
3 6848 6850 6934
3 6848 6934 6930
3 6930 6934 6932
3 6933 6936 6935
3 6933 6932 6936
3 6932 6934 6936
3 6935 899 898
3 6936 899 6935
3 6934 6850 6852
3 6936 6934 6852
3 6853 6936 6852
3 6853 6854 906
3 6853 906 6936
3 6936 906 899
3 6855 6857 6937
3 6858 6855 6937
3 6938 6858 6937
3 6854 6858 6938
3 6854 6938 906
3 906 6938 915
3 6939 6940 6860
3 6860 6940 6862
3 6862 6940 6941
3 6864 6862 6941
3 6941 6865 6864
3 6942 6865 6941
3 6942 6943 6865
3 6865 6943 6867
3 6943 6944 6867
3 6867 6944 6868
3 6944 6945 6868
3 6868 6945 6869
3 6947 6871 6869
3 6947 6869 6946
3 6946 6869 6945
3 6946 6948 6947
3 6947 6872 6871
3 6948 6872 6947
3 6948 6949 6872
3 6949 6874 6872
3 6949 6950 6874
3 6874 6950 6876
3 6950 6951 6876
3 6876 6951 6878
3 6951 6952 6878
3 6878 6952 6880
3 6880 6952 6953
3 6882 6880 6953
3 6953 6885 6882
3 6954 6885 6953
3 6954 6955 6885
3 6885 6955 6887
3 6957 6889 6887
3 6957 6887 6956
3 6956 6887 6955
3 6956 6958 6957
3 6890 6891 6959
3 6957 6892 6889
3 6958 6892 6957
3 6958 6960 6892
3 6960 6894 6892
3 6962 6896 6894
3 6962 6894 6961
3 6961 6894 6960
3 6961 920 921
3 6962 6961 921
3 6897 6959 6891
3 6897 6964 6959
3 6964 6963 6959
3 6964 6965 6966
3 6964 6897 6965
3 6897 6899 6965
3 6965 6899 6967
3 6899 6900 6967
3 6967 6900 6968
3 6900 6901 6968
3 6968 6901 6969
3 6901 6902 6969
3 6902 6970 6969
3 6905 6970 6902
3 6962 6907 6896
3 921 6907 6962
3 887 6907 921
3 6963 6964 6973
3 6963 6973 6971
3 6972 6911 6909
3 6964 6966 6973
3 6976 6974 6975
3 6974 6977 6978
3 6975 6974 6978
3 6977 6979 6978
3 6970 6905 6912
3 6980 6970 6912
3 6980 6912 6981
3 6912 6913 6981
3 6981 6913 6982
3 6913 6914 6982
3 6914 6983 6982
3 6917 6983 6914
3 6918 6984 6919
3 6918 6920 6984
3 6972 6921 6911
3 6976 6975 6985
3 6975 6978 6986
3 6985 6975 6986
3 6978 6979 6986
3 6989 6987 6988
3 6987 6990 6988
3 6983 6917 6922
3 6991 6983 6922
3 6991 6922 6992
3 6922 6923 6992
3 6994 6923 6924
3 6994 6993 6923
3 6993 6992 6923
3 6994 6995 6993
3 6994 6919 6995
3 6994 6926 6919
3 6984 6995 6919
3 6984 6920 6927
3 6984 6927 6996
3 6984 6996 6995
3 6996 6927 6997
3 6996 6997 6998
3 6989 6988 6999
3 6988 6990 6999
3 6994 6924 6928
3 6994 6928 6926
3 6997 6927 6929
3 6998 6997 6929
3 6998 6929 7000
3 7000 6929 6931
3 7002 6931 6933
3 7002 7001 6931
3 7001 7000 6931
3 7001 933 932
3 7002 933 7001
3 7002 6933 6935
3 933 7002 6935
3 898 933 6935
3 7005 7003 7004
3 7003 7006 7004
3 7005 7004 7007
3 7004 7006 7007
3 7008 7009 6939
3 6939 7009 6940
3 6940 7009 7010
3 6941 6940 7010
3 7010 6942 6941
3 7011 6942 7010
3 7011 7012 6942
3 6942 7012 6943
3 7012 7013 6943
3 6943 7013 6944
3 7013 7014 6944
3 6944 7014 6945
3 7014 7015 6945
3 6945 7015 6946
3 6946 7015 7016
3 6948 6946 7016
3 7016 6949 6948
3 7017 6949 7016
3 7017 7018 6949
3 6949 7018 6950
3 7018 7019 6950
3 6950 7019 6951
3 7019 7020 6951
3 6951 7020 6952
3 7022 6953 6952
3 7022 6952 7021
3 7021 6952 7020
3 7021 7023 7022
3 7022 6954 6953
3 7023 6954 7022
3 7023 7024 6954
3 7024 6955 6954
3 7024 7025 6955
3 6955 7025 6956
3 7027 6958 6956
3 7027 6956 7026
3 7026 6956 7025
3 7026 7028 7027
3 7027 6960 6958
3 7028 6960 7027
3 7028 7029 6960
3 7029 6961 6960
3 7029 973 6961
3 6961 973 920
3 6965 7030 6966
3 7030 7031 7032
3 7030 6965 7031
3 6965 6967 7031
3 7034 6968 7033
3 7034 7031 6968
3 7031 6967 6968
3 6969 7033 6968
3 7035 7033 6969
3 6969 6970 7035
3 6973 7036 6971
3 7037 7036 6973
3 6966 7037 6973
3 6966 7030 7037
3 7030 7038 7037
3 7032 7039 6974
3 7032 6974 7038
3 7032 7038 7030
3 7038 6974 6976
3 7034 7033 7040
3 7042 7041 7039
3 7039 7041 6977
3 7039 6977 6974
3 6977 7041 6979
3 7033 7043 7040
3 7033 7035 7043
3 7043 7044 7040
3 6970 7043 7035
3 6970 7045 7043
3 6970 6980 7045
3 7046 7043 7045
3 7045 6980 7047
3 6980 6981 7047
3 7049 6982 7048
3 7049 7047 6982
3 7047 6981 6982
3 6982 6983 7048
3 7036 7037 7050
3 7037 7051 7050
3 7052 7053 7051
3 7052 7051 7038
3 7038 7051 7037
3 7055 6985 7054
3 7052 6985 7055
3 7052 6976 6985
3 7052 7038 6976
3 6986 7042 6985
3 6986 7041 7042
3 6985 7042 7054
3 7056 7057 7042
3 7054 7042 7057
3 6986 6979 7041
3 7056 7044 7057
3 7057 7044 7043
3 7057 7043 7058
3 7046 7059 7058
3 7043 7046 7058
3 6989 7061 7060
3 6987 6989 7060
3 7063 6990 6987
3 7063 6987 7060
3 7049 7048 7062
3 7048 6983 6991
3 7048 6991 7062
3 7062 6991 7064
3 7064 6991 7065
3 6991 6992 7065
3 7067 6993 7066
3 7067 7065 6993
3 7065 6992 6993
3 6995 7066 6993
3 7068 7066 6995
3 7068 7069 7070
3 7068 6995 7069
3 6995 6996 7069
3 6996 7071 7069
3 6998 7071 6996
3 7074 7072 7050
3 7074 7050 7073
3 7073 7050 7051
3 7053 7075 7076
3 7053 7076 7051
3 7051 7076 7073
3 7075 7055 7054
3 7075 7054 7076
3 7076 7054 7077
3 7054 7057 7077
3 7057 7078 7077
3 7079 7080 7078
3 7079 7078 7058
3 7058 7078 7057
3 7058 7059 7079
3 7061 6989 6999
3 7081 7061 6999
3 7081 6999 6990
3 7063 7081 6990
3 7067 7066 7082
3 7066 7068 7083
3 7082 7066 7083
3 7068 7070 7083
3 7000 7084 7085
3 7000 7085 6998
3 6998 7085 7071
3 7001 7084 7000
3 7086 7084 7001
3 932 7086 7001
3 983 7086 932
3 7074 7073 7087
3 7073 7076 7088
3 7087 7073 7088
3 7090 7088 7076
3 7090 7076 7089
3 7089 7076 7077
3 7091 7092 7089
3 7091 7089 7078
3 7078 7089 7077
3 7078 7080 7091
3 7085 7084 7093
3 7084 7086 7094
3 7093 7084 7094
3 7086 983 990
3 7094 7086 990
3 7090 7089 7095
3 7089 7092 7095
3 7098 7096 7097
3 7096 7099 7097
3 7003 7005 7100
3 7003 7100 7006
3 7098 7097 7101
3 7097 7099 7101
3 7100 7005 7007
3 7100 7007 7006
3 7104 7103 7009
3 7104 7009 7102
3 7102 7009 7008
3 7009 7103 7010
3 7104 7105 7103
3 7103 7011 7010
3 7103 7105 7011
3 7105 7106 7011
3 7106 7107 7011
3 7011 7107 7012
3 7107 7108 7012
3 7012 7108 7013
3 7108 7109 7013
3 7013 7109 7014
3 7109 7110 7014
3 7014 7110 7015
3 7112 7016 7015
3 7112 7015 7111
3 7111 7015 7110
3 7111 7113 7112
3 7112 7017 7016
3 7113 7017 7112
3 7113 7114 7017
3 7114 7018 7017
3 7114 7115 7018
3 7018 7115 7019
3 7115 7116 7019
3 7019 7116 7020
3 7116 7117 7020
3 7020 7117 7021
3 7021 7117 7118
3 7023 7021 7118
3 7118 7024 7023
3 7119 7024 7118
3 7119 7120 7024
3 7024 7120 7025
3 7120 7121 7025
3 7025 7121 7026
3 7123 7028 7026
3 7123 7026 7122
3 7122 7026 7121
3 7122 7124 7123
3 7123 7029 7028
3 7124 7029 7123
3 7124 1019 7029
3 1019 973 7029
3 7031 7125 7032
3 7031 7034 7125
3 7125 7039 7032
3 7040 7125 7034
3 7040 7126 7125
3 7039 7125 7042
3 7042 7125 7126
3 7040 7044 7126
3 7045 7127 7046
3 7047 7127 7045
3 7128 7127 7047
3 7047 7049 7128
3 7052 7129 7053
3 7052 7055 7129
3 7126 7056 7042
3 7126 7044 7056
3 7130 7046 7127
3 7059 7046 7130
3 7061 7128 7060
3 7061 7130 7128
3 7130 7127 7128
3 7062 7128 7049
3 7062 7131 7128
3 7060 7128 7063
3 7063 7128 7131
3 7064 7131 7062
3 7132 7131 7064
3 7065 7132 7064
3 7133 7132 7065
3 7065 7067 7133
3 7069 7134 7070
3 7069 7071 7134
3 7072 7074 7135
3 7129 7075 7053
3 7129 7055 7075
3 7138 7137 7136
3 7080 7136 7137
3 7080 7079 7136
3 7140 7136 7139
3 7139 7136 7079
3 7059 7139 7079
3 7059 7130 7139
3 7130 7141 7139
3 7081 7130 7061
3 7081 7142 7130
3 7142 7141 7130
3 7063 7142 7081
3 7063 7131 7142
3 7131 7143 7142
3 7131 7132 7143
3 7132 7144 7143
3 7132 7133 7144
3 7133 7145 7144
3 7082 7133 7067
3 7082 7146 7133
3 7146 7145 7133
3 7083 7146 7082
3 7147 7146 7083
3 7070 7147 7083
3 7070 7134 7147
3 7134 7148 7147
3 7134 7085 7148
3 7071 7085 7134
3 7087 7135 7074
3 7087 7150 7135
3 7150 7149 7135
3 7150 7151 7152
3 7150 7087 7151
3 7087 7088 7151
3 7088 7153 7151
3 7090 7153 7088
3 7137 7092 7091
3 7137 7138 7092
3 7138 7154 7092
3 7140 7139 7155
3 7137 7091 7080
3 7157 7155 7139
3 7157 7139 7156
3 7156 7139 7141
3 7141 7142 7156
3 7142 7158 7156
3 7142 7143 7158
3 7143 7159 7158
3 7143 7144 7159
3 7144 7160 7159
3 7144 7145 7160
3 7145 7161 7160
3 7145 7146 7161
3 7146 7162 7161
3 7146 7147 7162
3 7147 7163 7162
3 7164 7165 7163
3 7164 7163 7148
3 7148 7163 7147
3 7167 7093 7166
3 7164 7093 7167
3 7164 7085 7093
3 7164 7148 7085
3 7094 7166 7093
3 7168 7166 7094
3 990 7168 7094
3 1038 7168 990
3 7149 7150 7169
3 7150 7170 7169
3 7152 7171 7172
3 7152 7172 7150
3 7150 7172 7170
3 7153 7090 7095
3 7153 7095 7173
3 7174 7172 7171
3 7173 7095 7092
3 7173 7092 7154
3 7175 7176 7177
3 7175 7178 7176
3 7180 7157 7156
3 7179 7180 7156
3 7096 7098 7182
3 7181 7183 7158
3 7158 7183 7179
3 7158 7179 7156
3 7158 7159 7184
3 7158 7184 7181
3 7182 7099 7096
3 7159 7160 7185
3 7184 7159 7185
3 7160 7161 7186
3 7185 7160 7186
3 7188 7186 7161
3 7188 7161 7187
3 7187 7161 7162
3 7162 7163 7187
3 7163 7189 7187
3 7165 7190 7191
3 7165 7191 7163
3 7163 7191 7189
3 7190 7167 7166
3 7190 7166 7191
3 7191 7166 7192
3 7166 7168 7192
3 7168 7193 7192
3 7168 1038 7193
3 1038 1044 7193
3 7169 7170 7195
3 7194 7169 7195
3 7197 7195 7170
3 7197 7170 7196
3 7196 7170 7172
3 7174 7198 7199
3 7174 7199 7172
3 7172 7199 7196
3 7198 7201 7199
3 7177 7176 7200
3 7178 7200 7176
3 7202 7203 7204
3 7202 7206 7203
3 7180 7179 7205
3 7179 7183 7205
3 7098 7101 7182
3 7182 7101 7099
3 7207 7208 7209
3 7207 7210 7211
3 7208 7207 7211
3 7210 7212 7213
3 7211 7210 7213
3 7212 7215 7213
3 7188 7187 7214
3 7187 7189 7216
3 7214 7187 7216
3 7189 7191 7217
3 7216 7189 7217
3 7191 7192 7218
3 7217 7191 7218
3 7220 7218 7192
3 7220 7192 7219
3 7219 7192 7193
3 7193 1044 7219
3 1044 1054 7219
3 7223 7104 7102
3 7223 7102 7222
3 7222 7102 7221
3 7222 7224 7223
3 7223 7105 7104
3 7224 7105 7223
3 7224 7225 7105
3 7225 7106 7105
3 7225 7226 7106
3 7106 7226 7107
3 7226 7227 7107
3 7107 7227 7108
3 7227 7228 7108
3 7108 7228 7109
3 7228 7229 7109
3 7109 7229 7110
3 7231 7230 7111
3 7231 7111 7229
3 7229 7111 7110
3 7111 7230 7113
3 7231 7232 7230
3 7230 7114 7113
3 7230 7232 7114
3 7232 7233 7114
3 7233 7234 7114
3 7114 7234 7115
3 7234 7235 7115
3 7115 7235 7116
3 7235 7236 7116
3 7116 7236 7117
3 7117 7236 7237
3 7118 7117 7237
3 7237 7119 7118
3 7238 7119 7237
3 7238 7239 7119
3 7119 7239 7120
3 7239 7240 7120
3 7120 7240 7121
3 7242 7241 7122
3 7242 7122 7240
3 7240 7122 7121
3 7122 7241 7124
3 7242 7243 7241
3 7241 1019 7124
3 7241 7243 1019
3 7243 1067 1019
3 7136 7244 7138
3 7136 7140 7244
3 7151 7245 7152
3 7155 7244 7140
3 7155 7247 7244
3 7247 7246 7244
3 7155 7157 7247
3 7164 7248 7165
3 7164 7167 7248
3 7175 7249 7178
3 7175 7246 7249
3 7246 7247 7249
3 7247 7180 7249
3 7157 7180 7247
3 7181 7250 7183
3 7184 7250 7181
3 7251 7250 7184
3 7185 7251 7184
3 7252 7251 7185
3 7186 7252 7185
3 7253 7252 7186
3 7186 7188 7253
3 7248 7190 7165
3 7248 7167 7190
3 7200 7254 7177
3 7200 7255 7254
3 7198 7254 7201
3 7201 7254 7255
3 7204 7249 7202
3 7204 7255 7249
3 7178 7249 7200
3 7200 7249 7255
3 7205 7249 7180
3 7205 7256 7249
3 7202 7249 7206
3 7206 7249 7256
3 7183 7256 7205
3 7183 7250 7256
3 7250 7257 7256
3 7209 7251 7207
3 7209 7257 7251
3 7257 7250 7251
3 7252 7260 7251
3 7252 7258 7260
3 7251 7260 7207
3 7259 7210 7260
3 7207 7260 7210
3 7210 7261 7212
3 7210 7259 7261
3 7212 7261 7253
3 7258 7252 7261
3 7253 7261 7252
3 7214 7253 7188
3 7214 7262 7253
3 7212 7253 7215
3 7215 7253 7262
3 7216 7262 7214
3 7263 7262 7216
3 7217 7263 7216
3 7264 7263 7217
3 7218 7264 7217
3 7265 7264 7218
3 7218 7220 7265
3 7266 1087 1086
3 3435 3809 7221
3 7221 3809 7222
3 7222 3809 3811
3 7224 7222 3811
3 3811 7225 7224
3 3813 7225 3811
3 3813 3815 7225
3 7225 3815 7226
3 3815 3817 7226
3 7226 3817 7227
3 3817 3819 7227
3 7227 3819 7228
3 3819 3821 7228
3 7228 3821 7229
3 7229 3821 3823
3 7231 7229 3823
3 3823 7232 7231
3 3825 7232 3823
3 3825 3827 7232
3 7232 3827 7233
3 3827 3829 7233
3 7233 3829 7234
3 3829 3831 7234
3 7234 3831 7235
3 3831 3833 7235
3 7235 3833 7236
3 7236 3833 3835
3 7237 7236 3835
3 3835 7238 7237
3 3837 7238 3835
3 3837 3839 7238
3 7238 3839 7239
3 3839 3841 7239
3 7239 3841 7240
3 7267 7242 7240
3 7267 7240 3843
3 3843 7240 3841
3 3843 3845 7267
3 7267 7243 7242
3 3845 7243 7267
3 3845 1093 7243
3 1093 1067 7243
3 1086 1110 7266
3 7270 7268 7269
3 7268 7271 7272
3 7269 7268 7272
3 7271 7273 7274
3 7272 7271 7274
3 7273 7275 7274
3 7277 7270 7269
3 7276 7277 7269
3 7278 7279 7276
3 7278 7276 7272
3 7272 7276 7269
3 7281 7278 7272
3 7281 7272 7280
3 7280 7272 7274
3 7275 7282 7283
3 7275 7283 7274
3 7274 7283 7280
3 7282 7284 7283
3 7277 7276 7285
3 7276 7279 7285
3 7281 7280 7286
3 7280 7283 7287
3 7286 7280 7287
3 7283 7284 7287
3 7290 7288 7289
3 7288 7291 7292
3 7289 7288 7292
3 7291 7293 7292
3 7296 7294 7295
3 7294 7297 7298
3 7295 7294 7298
3 7297 7299 7300
3 7298 7297 7300
3 7299 7301 7302
3 7300 7299 7302
3 7301 7303 7304
3 7302 7301 7304
3 7303 7305 7306
3 7304 7303 7306
3 7305 7307 7308
3 7306 7305 7308
3 7307 7309 7310
3 7308 7307 7310
3 7309 7311 7310
3 7314 7312 7313
3 7312 7315 7316
3 7313 7312 7316
3 7315 7290 7289
3 7315 7289 7316
3 7316 7289 7317
3 7289 7292 7317
3 7292 7318 7317
3 7293 7319 7320
3 7293 7320 7292
3 7292 7320 7318
3 7319 7321 7322
3 7320 7319 7322
3 7321 7296 7295
3 7321 7295 7322
3 7322 7295 7323
3 7295 7298 7323
3 7298 7324 7323
3 7298 7300 7324
3 7300 7325 7324
3 7300 7302 7325
3 7302 7326 7325
3 7302 7304 7326
3 7304 7327 7326
3 7304 7306 7327
3 7306 7328 7327
3 7306 7308 7328
3 7308 7329 7328
3 7330 7331 7329
3 7330 7329 7310
3 7310 7329 7308
3 7310 7311 7330
3 7314 7313 7332
3 7313 7316 7333
3 7332 7313 7333
3 7335 7333 7316
3 7335 7316 7334
3 7334 7316 7317
3 7317 7318 7334
3 7318 7336 7334
3 7318 7320 7336
3 7320 7337 7336
3 7320 7322 7337
3 7322 7338 7337
3 7322 7323 7338
3 7323 7339 7338
3 7323 7324 7339
3 7324 7340 7339
3 7324 7325 7340
3 7325 7341 7340
3 7270 7326 7268
3 7270 7341 7326
3 7341 7325 7326
3 7327 7268 7326
3 7271 7268 7327
3 7328 7271 7327
3 7273 7271 7328
3 7273 7342 7275
3 7273 7328 7342
3 7328 7329 7342
3 7331 7343 7344
3 7331 7344 7329
3 7329 7344 7342
3 7343 6667 6668
3 7344 7343 6668
3 7347 7345 7346
3 7345 7335 7334
3 7345 7334 7346
3 7346 7334 7348
3 7334 7336 7348
3 7336 7349 7348
3 7336 7337 7349
3 7337 7350 7349
3 7351 7352 7350
3 7351 7350 7338
3 7338 7350 7337
3 7354 7351 7338
3 7354 7338 7353
3 7353 7338 7339
3 7339 7340 7353
3 7340 7355 7353
3 7340 7341 7355
3 7341 7356 7355
3 7341 7277 7356
3 7270 7277 7341
3 7278 7357 7279
3 7278 7281 7357
3 7342 7282 7275
3 7282 7358 7284
3 7282 7342 7358
3 7342 7344 7358
3 7344 6668 7358
3 6668 6676 7358
3 7360 7347 7346
3 7359 7360 7346
3 7346 7348 7359
3 7348 7361 7359
3 7348 7349 7361
3 7349 7362 7361
3 7349 7350 7362
3 7350 7363 7362
3 7352 7364 7365
3 7352 7365 7350
3 7350 7365 7363
3 7364 7367 7365
3 7354 7353 7366
3 7353 7355 7368
3 7366 7353 7368
3 7370 7368 7355
3 7370 7355 7369
3 7369 7355 7356
3 7285 7356 7277
3 7285 7371 7356
3 7371 7369 7356
3 7279 7371 7285
3 7279 7357 7371
3 7357 7372 7371
3 7281 7372 7357
3 7281 7373 7372
3 7281 7286 7373
3 7374 7372 7373
3 7376 7287 7375
3 7376 7373 7287
3 7373 7286 7287
3 7375 7377 7378
3 7287 7377 7375
3 7287 7358 7377
3 7287 7284 7358
3 7379 7377 7358
3 7379 7358 6689
3 6689 7358 6676
3 7360 7359 7380
3 7359 7361 7381
3 7380 7359 7381
3 7383 7381 7361
3 7383 7361 7382
3 7382 7361 7362
3 7362 7363 7382
3 7363 7384 7382
3 7385 7386 7384
3 7385 7384 7365
3 7365 7384 7363
3 7367 7385 7365
3 7387 7388 7389
3 7387 7390 7388
3 7370 7369 7391
3 7369 7371 7392
3 7391 7369 7392
3 7371 7372 7393
3 7392 7371 7393
3 7372 7374 7393
3 7376 7375 7394
3 7375 7378 7394
3 7379 6689 6706
3 7383 7382 7395
3 7382 7384 7396
3 7395 7382 7396
3 7384 7386 7396
3 7389 7388 7397
3 7388 7390 7397
3 7400 7398 7399
3 7399 7398 7401
3 7404 7406 7407
3 7405 7404 7407
3 7406 7408 7409
3 7407 7406 7409
3 7408 7410 7409
3 4890 7411 7412
3 4891 4890 7412
3 7411 7413 7414
3 7412 7411 7414
3 7413 7415 7416
3 7414 7413 7416
3 7290 7416 7415
3 7290 7415 7288
3 7288 7415 7417
3 7399 7417 7400
3 7399 7291 7417
3 7291 7288 7417
3 7291 7418 7293
3 7291 7399 7418
3 7399 7401 7418
3 7401 7402 7418
3 7402 7419 7418
3 7296 7403 7294
3 7296 7419 7403
3 7419 7402 7403
3 7405 7294 7403
3 7297 7294 7405
3 7407 7297 7405
3 7299 7297 7407
3 7409 7299 7407
3 7301 7299 7409
3 7410 7301 7409
3 7410 7420 7301
3 7420 7303 7301
3 7420 7421 7303
3 7303 7421 7305
3 7421 7422 7305
3 7305 7422 7307
3 7422 7423 7307
3 7307 7423 7309
3 7309 7423 7424
3 7311 7309 7424
3 4891 7412 4896
3 7412 7425 4896
3 7314 7414 7312
3 7314 7425 7414
3 7425 7412 7414
3 7416 7312 7414
3 7315 7312 7416
3 7416 7290 7315
3 7418 7319 7293
3 7419 7319 7418
3 7321 7319 7419
3 7419 7296 7321
3 7330 7426 7331
3 6764 7311 7424
3 6764 7426 7311
3 6764 6765 7426
3 7330 7311 7426
3 4896 7425 4899
3 7425 7427 4899
3 7332 7425 7314
3 7332 7428 7425
3 7428 7427 7425
3 7333 7428 7332
3 7429 7428 7333
3 7333 7335 7429
3 7426 7343 7331
3 6765 7343 7426
3 6667 7343 6765
3 4899 7427 4904
3 7427 7430 4904
3 7427 7428 7430
3 7428 7431 7430
3 7347 7429 7345
3 7347 7431 7429
3 7431 7428 7429
3 7429 7335 7345
3 7351 7432 7352
3 7351 7354 7432
3 4904 7430 4908
3 7430 7433 4908
3 7430 7431 7433
3 7431 7434 7433
3 7360 7435 7347
3 7360 7436 7435
3 7347 7435 7431
3 7437 7434 7435
3 7431 7435 7434
3 7435 7436 7438
3 7432 7364 7352
3 7366 7432 7354
3 7366 7439 7432
3 7364 7432 7367
3 7367 7432 7439
3 7368 7439 7366
3 7440 7439 7368
3 7368 7370 7440
3 7443 7442 7441
3 7441 7445 7444
3 7442 7445 7441
3 7374 7444 7445
3 7374 7373 7444
3 7447 7444 7446
3 7446 7444 7373
3 7373 7376 7446
3 7378 7448 7449
3 7377 7448 7378
3 6790 7377 7379
3 6790 6789 7377
3 6789 7448 7377
3 7451 4910 4908
3 7451 4908 7450
3 7450 4908 7433
3 7433 7434 7450
3 7434 7452 7450
3 7360 7380 7436
3 7437 7453 7434
3 7434 7453 7454
3 7434 7454 7452
3 7454 7438 7455
3 7454 7453 7438
3 7455 7438 7381
3 7436 7380 7438
3 7381 7438 7380
3 7381 7383 7455
3 7458 7457 7456
3 7386 7456 7457
3 7386 7385 7456
3 7460 7456 7459
3 7459 7456 7385
3 7389 7439 7387
3 7389 7459 7439
3 7367 7439 7385
3 7385 7439 7459
3 7387 7461 7390
3 7387 7439 7461
3 7439 7440 7461
3 7391 7440 7370
3 7391 7462 7440
3 7462 7461 7440
3 7392 7443 7391
3 7392 7442 7443
3 7391 7443 7462
3 7463 7464 7443
3 7462 7443 7464
3 7463 7465 7464
3 7465 7466 7464
3 7392 7445 7442
3 7392 7393 7445
3 7393 7374 7445
3 7465 7468 7466
3 7446 7467 7447
3 7446 7376 7394
3 7446 7394 7467
3 7467 7394 7469
3 7469 7394 7378
3 7469 7378 7449
3 7470 7471 7472
3 7470 7473 7471
3 7379 6706 6790
3 4911 7475 4912
3 7451 7450 7474
3 7450 7452 7476
3 7474 7450 7476
3 7478 7476 7452
3 7478 7452 7477
3 7477 7452 7454
3 7454 7455 7477
3 7455 7479 7477
3 7395 7455 7383
3 7395 7480 7455
3 7480 7479 7455
3 7396 7458 7395
3 7396 7457 7458
3 7395 7458 7480
3 7481 7482 7458
3 7480 7458 7482
3 7396 7386 7457
3 7481 7484 7482
3 7459 7483 7460
3 7459 7389 7397
3 7459 7397 7483
3 7483 7397 7485
3 7390 7461 7486
3 7390 7486 7397
3 7397 7486 7485
3 7488 7486 7461
3 7488 7461 7487
3 7487 7461 7462
3 7462 7464 7487
3 7464 7489 7487
3 7464 7466 7489
3 7466 7490 7489
3 7468 7491 7492
3 7468 7492 7466
3 7466 7492 7490
3 7491 7493 7492
3 7472 7471 7494
3 7471 7473 7494
3 4912 7475 4914
3 7478 7477 7495
3 7477 7479 7496
3 7495 7477 7496
3 7498 7496 7479
3 7498 7479 7497
3 7497 7479 7480
3 7480 7482 7497
3 7482 7499 7497
3 7484 7500 7499
3 7482 7484 7499
3 7488 7487 7501
3 7487 7489 7502
3 7501 7487 7502
3 7489 7490 7503
3 7502 7489 7503
3 7505 7503 7490
3 7505 7490 7504
3 7504 7490 7492
3 7493 7506 7507
3 7493 7507 7492
3 7492 7507 7504
3 7506 7508 7509
3 7507 7506 7509
3 7508 7510 7509
3 7498 7497 7511
3 7497 7499 7512
3 7511 7497 7512
3 7500 7512 7499
3 7513 7514 7515
3 7513 7516 7514
3 7505 7504 7517
3 7504 7507 7518
3 7517 7504 7518
3 7507 7509 7519
3 7518 7507 7519
3 7509 7510 7519
3 7515 7514 7520
3 7514 7516 7520
3 7523 7521 7522
3 7521 7524 7525
3 7522 7521 7525
3 7524 7526 7527
3 7525 7524 7527
3 7400 7527 7526
3 7400 7526 7398
3 7404 7528 7406
3 7528 7529 7406
3 7406 7529 7408
3 7531 7410 7408
3 7531 7408 7530
3 7530 7408 7529
3 7530 7532 7533
3 7531 7530 7533
3 7532 7534 7535
3 7533 7532 7535
3 7534 7536 7535
3 4918 7537 4890
3 4890 7537 7411
3 7522 7537 7523
3 7522 7413 7537
3 7413 7411 7537
3 7525 7413 7522
3 7415 7413 7525
3 7527 7415 7525
3 7417 7415 7527
3 7527 7400 7417
3 7531 7420 7410
3 7533 7420 7531
3 7421 7420 7533
3 7535 7421 7533
3 7422 7421 7535
3 7536 7422 7535
3 7536 7538 7422
3 7538 7423 7422
3 6861 7424 7423
3 6861 7423 6860
3 6860 7423 7538
3 6861 6764 7424
3 4932 4933 7539
3 4933 4939 7539
3 7437 7540 7541
3 7435 7540 7437
3 7543 7435 7438
3 7543 7542 7435
3 7542 7540 7435
3 7542 7545 7544
3 7543 7545 7542
3 7544 7547 7546
3 7545 7547 7544
3 7546 7549 7548
3 7547 7549 7546
3 7548 7551 7550
3 7549 7551 7548
3 7550 7553 7552
3 7551 7553 7550
3 7552 7553 7554
3 7441 7555 7443
3 7444 7555 7441
3 7556 7555 7444
3 7444 7447 7556
3 7559 7558 7557
3 7449 7557 7558
3 7449 7448 7557
3 7448 7560 7557
3 7560 7448 6890
3 7448 6789 6890
3 4910 7451 4947
3 7563 7562 7561
3 7561 7562 7564
3 7561 7564 7437
3 7561 7437 7541
3 7437 7564 7453
3 7438 7453 7564
3 7438 7564 7543
3 7543 7564 7565
3 7543 7565 7545
3 7545 7565 7566
3 7458 7456 7547
3 7458 7547 7566
3 7566 7547 7545
3 7456 7460 7567
3 7456 7567 7547
3 7547 7567 7549
3 7549 7567 7551
3 7551 7567 7568
3 7551 7568 7553
3 7553 7568 7569
3 7554 7569 7570
3 7553 7569 7554
3 7555 7463 7443
3 7556 7463 7555
3 7465 7463 7556
3 7468 7556 7572
3 7468 7465 7556
3 7572 7556 7571
3 7447 7467 7556
3 7571 7556 7467
3 7558 7559 7571
3 7558 7571 7469
3 7469 7571 7467
3 7472 7574 7573
3 7472 7573 7470
3 7449 7558 7469
3 7470 7573 7575
3 7473 7470 7575
3 4951 7475 4911
3 4947 7451 4950
3 4950 7451 7474
3 4950 7474 7576
3 7562 7563 7576
3 7562 7576 7476
3 7476 7576 7474
3 7577 7564 7562
3 7577 7562 7478
3 7577 7478 7578
3 7478 7562 7476
3 7580 7564 7577
3 7580 7579 7564
3 7579 7565 7564
3 7565 7579 7566
3 7566 7579 7581
3 7481 7458 7566
3 7481 7566 7582
3 7582 7566 7581
3 7460 7483 7567
3 7481 7582 7484
3 7568 7567 7483
3 7485 7568 7483
3 7569 7568 7485
3 7486 7569 7485
3 7486 7488 7584
3 7569 7486 7584
3 7569 7584 7583
3 7569 7583 7570
3 7583 7586 7585
3 7584 7586 7583
3 7585 7588 7587
3 7586 7588 7585
3 7587 7588 7589
3 7587 7589 7468
3 7587 7468 7572
3 7468 7589 7491
3 7589 7493 7491
3 7592 7590 7591
3 7590 7593 7591
3 7590 7472 7593
3 7590 7574 7472
3 7472 7494 7593
3 6909 7473 7575
3 6909 7593 7473
3 6909 6910 7593
3 7494 7473 7593
3 4951 4914 7475
3 7596 7594 7595
3 7578 7478 7495
3 7578 7495 7597
3 7598 7595 7594
3 7579 7580 7597
3 7579 7597 7496
3 7496 7597 7495
3 7496 7498 7599
3 7496 7599 7579
3 7579 7599 7581
3 7581 7599 7582
3 7582 7599 7600
3 7582 7600 7500
3 7484 7582 7500
3 7584 7488 7501
3 7586 7584 7501
3 7502 7586 7501
3 7588 7586 7502
3 7503 7588 7502
3 7503 7505 7601
3 7503 7601 7588
3 7588 7601 7589
3 7592 7591 7602
3 7589 7603 7493
3 7589 7601 7603
3 7603 7506 7493
3 7506 7603 7605
3 7506 7605 7508
3 7602 7591 7604
3 7604 7591 7593
3 7593 6910 6921
3 7593 6921 7604
3 7605 7510 7508
3 7596 7595 7606
3 7595 7598 7606
3 7599 7498 7511
3 7600 7599 7511
3 7600 7511 7512
3 7608 7609 7607
3 7600 7512 7500
3 7607 7513 7608
3 7607 7610 7513
3 7513 7515 7608
3 7513 7610 7611
3 7516 7513 7611
3 7601 7505 7517
3 7603 7601 7517
3 7518 7603 7517
3 7605 7603 7518
3 7519 7605 7518
3 7605 7519 7510
3 7613 7609 7608
3 7612 7613 7608
3 7520 7608 7515
3 7520 7614 7608
3 7614 7612 7608
3 7614 7520 7516
3 7614 7516 7615
3 7615 7516 7611
3 7618 7616 7617
3 7616 7619 7617
3 7613 7612 7620
3 7622 7620 7612
3 7622 7612 7621
3 7621 7612 7614
3 7615 7623 7624
3 7615 7624 7614
3 7614 7624 7621
3 7623 7625 7626
3 7624 7623 7626
3 7625 7627 7626
3 7618 7617 7628
3 7617 7619 7628
3 7622 7621 7629
3 7631 7629 7621
3 7631 7621 7630
3 7630 7621 7624
3 7624 7626 7630
3 7626 7632 7630
3 7627 7633 7632
3 7626 7627 7632
3 4956 4955 7634
3 7529 7636 7530
3 7636 7637 7530
3 7530 7637 7532
3 7637 7638 7532
3 7532 7638 7534
3 7534 7638 7639
3 7536 7534 7639
3 7634 4918 4956
3 7537 4918 7634
3 7634 7523 7537
3 7639 7538 7536
3 7640 7538 7639
3 7640 6939 7538
3 7538 6939 6860
3 4932 7539 4977
3 7643 7642 7641
3 7641 7645 7644
3 7642 7645 7641
3 7644 7647 7646
3 7645 7647 7644
3 7646 7649 7648
3 7647 7649 7646
3 7648 7651 7650
3 7649 7651 7648
3 7650 7653 7652
3 7651 7653 7650
3 7652 7653 7654
3 4977 7539 4939
3 7657 7656 7655
3 7642 7541 7540
3 7643 7541 7642
3 7643 7656 7541
3 7643 7655 7656
3 7645 7642 7540
3 7542 7645 7540
3 7647 7645 7542
3 7544 7647 7542
3 7649 7647 7544
3 7546 7649 7544
3 7651 7649 7546
3 7548 7651 7546
3 7653 7651 7548
3 7550 7653 7548
3 7654 7653 7550
3 7654 7550 7658
3 7658 7550 7552
3 7552 7659 7658
3 7554 7659 7552
3 7662 7661 7660
3 7660 7664 7663
3 7661 7664 7660
3 7559 7663 7664
3 7559 7557 7663
3 7557 7665 7663
3 7667 7560 7666
3 7667 7665 7560
3 7665 7557 7560
3 6890 7666 7560
3 6959 7666 6890
3 4989 7669 7668
3 4990 7669 4989
3 7656 7563 7561
3 7657 7563 7656
3 7657 7669 7563
3 7657 7668 7669
3 7656 7561 7541
3 7671 7670 7659
3 7671 7659 7570
3 7570 7659 7554
3 7670 7673 7672
3 7671 7673 7670
3 7674 7673 7675
3 7674 7661 7673
3 7672 7673 7662
3 7662 7673 7661
3 7674 7676 7572
3 7674 7572 7664
3 7674 7664 7661
3 7571 7664 7572
3 7664 7571 7559
3 7666 7677 7667
3 7573 7574 7678
3 7573 7678 7575
3 7666 6963 7677
3 7666 6959 6963
3 6963 7679 7677
3 7669 4990 4950
3 7576 7669 4950
3 7669 7576 7563
3 7577 7578 7680
3 7577 7680 7580
3 7671 7570 7583
3 7673 7671 7583
3 7585 7673 7583
3 7675 7673 7585
3 7675 7585 7681
3 7681 7585 7587
3 7681 7587 7572
3 7676 7681 7572
3 7590 7592 7682
3 7574 7590 7682
3 7574 7682 7678
3 7678 7682 7683
3 7679 6963 6971
3 7678 6972 7575
3 7678 7683 6972
3 6972 6909 7575
3 7594 7596 7684
3 7578 7597 7680
3 7594 7684 7598
3 7680 7597 7580
3 7682 7592 7602
3 7683 7682 7602
3 7604 7683 7602
3 6972 7683 7604
3 6921 6972 7604
3 7684 7596 7606
3 7684 7606 7598
3 7607 7609 7685
3 7610 7607 7685
3 7686 7610 7685
3 7610 7686 7611
3 7687 7685 7609
3 7613 7687 7609
3 7685 7687 7686
3 7686 7687 7688
3 7686 7688 7615
3 7611 7686 7615
3 7616 7618 7689
3 7616 7689 7619
3 7687 7613 7620
3 7620 7622 7690
3 7620 7690 7687
3 7687 7690 7688
3 7623 7615 7688
3 7623 7688 7691
3 7691 7688 7690
3 7625 7623 7691
3 7692 7625 7691
3 7625 7692 7627
3 7689 7618 7628
3 7689 7628 7619
3 7690 7622 7629
3 7693 7691 7690
3 7693 7690 7631
3 7693 7631 7694
3 7631 7690 7629
3 7696 7691 7693
3 7696 7695 7691
3 7695 7692 7691
3 7692 7695 7633
3 7627 7692 7633
3 7698 7699 7636
3 7636 7699 7637
3 7699 7700 7637
3 7637 7700 7638
3 7638 7700 7701
3 7639 7638 7701
3 7701 7640 7639
3 7702 7640 7701
3 7702 7008 7640
3 7640 7008 6939
3 7705 7704 7703
3 7703 7707 7706
3 7704 7707 7703
3 7706 7707 7708
3 7711 7710 7709
3 7712 7710 7713
3 7712 7704 7710
3 7709 7710 7705
3 7705 7710 7704
3 7712 7714 7643
3 7712 7643 7707
3 7712 7707 7704
3 7641 7707 7643
3 7708 7707 7641
3 7708 7641 7715
3 7715 7641 7644
3 7715 7644 7716
3 7644 7646 7716
3 7716 7646 7717
3 7646 7648 7717
3 7717 7648 7718
3 7648 7650 7718
3 7720 7652 7719
3 7720 7718 7652
3 7718 7650 7652
3 7652 7654 7719
3 5015 7710 7711
3 5015 5016 7710
3 5016 7721 7710
3 7713 7655 7722
3 7713 7721 7655
3 7713 7710 7721
3 7721 7657 7655
3 7722 7655 7643
3 7714 7722 7643
3 7720 7719 7723
3 7725 7658 7724
3 7723 7658 7725
3 7723 7654 7658
3 7723 7719 7654
3 7727 7658 7659
3 7727 7726 7658
3 7724 7658 7728
3 7728 7658 7726
3 7726 7727 7729
3 7660 7730 7662
3 7663 7730 7660
3 7731 7730 7663
3 7665 7731 7663
3 7732 7731 7665
3 7665 7667 7732
3 7721 5016 4989
3 7668 7721 4989
3 7721 7668 7657
3 7725 7724 7733
3 7724 7728 7733
3 7659 7670 7727
3 7727 7670 7672
3 7727 7672 7735
3 7727 7735 7729
3 7734 7735 7672
3 7675 7730 7674
3 7675 7734 7730
3 7662 7730 7672
3 7672 7730 7734
3 7674 7736 7676
3 7674 7730 7736
3 7730 7731 7736
3 7731 7732 7736
3 7732 7737 7736
3 7677 7732 7667
3 7677 7738 7732
3 7738 7737 7732
3 7677 7679 7738
3 7735 7734 7739
3 7734 7675 7681
3 7734 7681 7739
3 7739 7681 7740
3 7676 7736 7741
3 7676 7741 7681
3 7681 7741 7740
3 7743 7741 7736
3 7743 7736 7742
3 7742 7736 7737
3 7737 7738 7742
3 7738 7744 7742
3 6971 7738 7679
3 6971 7036 7738
3 7036 7744 7738
3 7747 7745 7746
3 7745 7748 7746
3 7743 7742 7749
3 7751 7749 7742
3 7751 7742 7750
3 7750 7742 7744
3 7744 7036 7750
3 7036 7050 7750
3 7747 7746 7752
3 7746 7748 7752
3 7751 7750 7753
3 7750 7050 7072
3 7753 7750 7072
3 7693 7694 7754
3 7693 7754 7696
3 7756 7757 7697
3 7697 7757 7698
3 7757 7758 7698
3 7698 7758 7699
3 7758 7759 7699
3 7699 7759 7700
3 7700 7759 7760
3 7701 7700 7760
3 7760 7702 7701
3 7761 7702 7760
3 7761 7102 7702
3 7702 7102 7008
3 7703 7762 7705
3 7706 7762 7703
3 7763 7762 7706
3 7706 7708 7763
3 7709 7764 7711
3 7713 7762 7712
3 7713 7764 7762
3 7705 7762 7709
3 7709 7762 7764
3 7765 7762 7763
3 7765 7714 7762
3 7765 7766 7714
3 7714 7712 7762
3 7763 7708 7715
3 7763 7715 7765
3 7765 7715 7767
3 7767 7715 7768
3 7715 7716 7768
3 7770 7717 7769
3 7770 7768 7717
3 7768 7716 7717
3 7718 7769 7717
3 7771 7769 7718
3 7718 7720 7771
3 7711 7764 7772
3 7711 7772 5015
3 5015 7772 5051
3 7764 7713 7722
3 7764 7722 7772
3 7772 7722 7773
3 7773 7722 7714
3 7766 7773 7714
3 7776 7774 7775
3 7774 7777 7775
3 7770 7769 7778
3 7769 7771 7779
3 7778 7769 7779
3 7781 7723 7780
3 7779 7723 7781
3 7779 7720 7723
3 7779 7771 7720
3 7723 7725 7780
3 7726 7782 7728
3 7726 7729 7782
3 7776 7775 7783
3 7777 7783 7775
3 7784 7785 7786
3 7784 7787 7788
3 7785 7784 7788
3 7787 7789 7790
3 7788 7787 7790
3 7789 7792 7790
3 7781 7780 7791
3 7794 7733 7793
3 7791 7733 7794
3 7791 7725 7733
3 7791 7780 7725
3 7728 7793 7733
3 7728 7782 7793
3 7782 7795 7793
3 7782 7735 7795
3 7729 7735 7782
3 7786 7785 7796
3 7785 7788 7797
3 7796 7785 7797
3 7799 7797 7788
3 7799 7788 7798
3 7798 7788 7790
3 7792 7800 7801
3 7792 7801 7790
3 7790 7801 7798
3 7800 7794 7793
3 7800 7793 7801
3 7801 7793 7802
3 7803 7804 7802
3 7803 7802 7795
3 7795 7802 7793
3 7806 7739 7805
3 7803 7739 7806
3 7803 7735 7739
3 7803 7795 7735
3 7740 7805 7739
3 7807 7805 7740
3 7741 7807 7740
3 7808 7807 7741
3 7741 7743 7808
3 5069 7809 5070
3 7799 7798 7810
3 7812 7810 7798
3 7812 7798 7811
3 7811 7798 7801
3 7801 7802 7811
3 7802 7813 7811
3 7804 7814 7815
3 7804 7815 7802
3 7802 7815 7813
3 7805 7745 7747
3 7806 7805 7747
3 7806 7747 7815
3 7806 7815 7814
3 7745 7816 7748
3 7745 7805 7816
3 7805 7807 7816
3 7807 7808 7816
3 7808 7817 7816
3 7749 7808 7743
3 7749 7818 7808
3 7818 7817 7808
3 7749 7751 7818
3 5070 7809 5074
3 7812 7811 7819
3 7811 7813 7820
3 7819 7811 7820
3 7822 7820 7813
3 7822 7813 7821
3 7821 7813 7815
3 7752 7815 7747
3 7752 7823 7815
3 7823 7821 7815
3 7748 7823 7752
3 7748 7816 7823
3 7816 7824 7823
3 7816 7817 7824
3 7817 7825 7824
3 7817 7818 7825
3 7818 7826 7825
3 7753 7818 7751
3 7753 7827 7818
3 7827 7826 7818
3 7072 7827 7753
3 7135 7827 7072
3 7822 7821 7828
3 7830 7828 7821
3 7830 7821 7829
3 7829 7821 7823
3 7823 7824 7829
3 7824 7831 7829
3 7824 7825 7831
3 7825 7832 7831
3 7833 7834 7832
3 7833 7832 7826
3 7826 7832 7825
3 7836 7833 7826
3 7836 7826 7835
3 7835 7826 7827
3 7827 7135 7835
3 7135 7149 7835
3 7830 7829 7837
3 7839 7837 7829
3 7839 7829 7838
3 7838 7829 7831
3 7831 7832 7838
3 7832 7840 7838
3 7834 7841 7840
3 7832 7834 7840
3 7836 7835 7842
3 7843 7842 7835
3 7843 7835 7169
3 7169 7835 7149
3 7839 7838 7844
3 7838 7840 7845
3 7844 7838 7845
3 7841 7845 7840
3 7846 7847 7848
3 7846 7849 7847
3 7843 7169 7194
3 7851 7852 7755
3 7755 7852 7756
3 7852 7853 7756
3 7756 7853 7757
3 7853 7854 7757
3 7757 7854 7758
3 7856 7855 7759
3 7856 7759 7854
3 7854 7759 7758
3 7759 7855 7760
3 7856 7857 7855
3 7855 7761 7760
3 7855 7857 7761
3 7857 7858 7761
3 7858 7221 7761
3 7761 7221 7102
3 7861 7860 7859
3 7766 7859 7860
3 7766 7765 7859
3 7863 7859 7862
3 7862 7859 7765
3 7767 7862 7765
3 7864 7862 7767
3 7768 7864 7767
3 7865 7864 7768
3 7768 7770 7865
3 7867 7772 7866
3 7867 5092 7772
3 5092 5051 7772
3 7773 7861 7772
3 7773 7860 7861
3 7772 7861 7866
3 7868 7869 7861
3 7866 7861 7869
3 7773 7766 7860
3 7868 7863 7869
3 7869 7863 7862
3 7869 7862 7870
3 7776 7864 7774
3 7776 7870 7864
3 7870 7862 7864
3 7774 7871 7777
3 7774 7864 7871
3 7864 7865 7871
3 7778 7865 7770
3 7778 7872 7865
3 7872 7871 7865
3 7779 7872 7778
3 7873 7872 7779
3 7779 7781 7873
3 5101 7875 5102
3 7867 7866 7874
3 7877 7874 7866
3 7877 7866 7876
3 7876 7866 7869
3 7869 7870 7876
3 7870 7878 7876
3 7783 7870 7776
3 7783 7879 7870
3 7879 7878 7870
3 7786 7871 7784
3 7786 7879 7871
3 7777 7871 7783
3 7783 7871 7879
3 7872 7784 7871
3 7787 7784 7872
3 7873 7787 7872
3 7789 7787 7873
3 7791 7873 7781
3 7791 7880 7873
3 7789 7873 7792
3 7792 7873 7880
3 7791 7794 7880
3 7875 7881 7882
3 7875 7882 5102
3 5102 7882 5113
3 7881 7877 7876
3 7881 7876 7882
3 7882 7876 7883
3 7876 7878 7883
3 7878 7884 7883
3 7878 7879 7884
3 7879 7885 7884
3 7796 7879 7786
3 7796 7886 7879
3 7886 7885 7879
3 7797 7886 7796
3 7887 7886 7797
3 7880 7794 7800
3 7803 7888 7804
3 5069 7889 7809
3 5069 5113 7889
3 5113 7882 7889
3 7882 7883 7889
3 7883 7890 7889
3 7883 7884 7890
3 7884 7891 7890
3 7892 7893 7891
3 7892 7891 7885
3 7885 7891 7884
3 7895 7892 7885
3 7895 7885 7894
3 7894 7885 7886
3 7886 7887 7894
3 7887 7896 7894
3 5134 7897 7898
3 5074 7897 5134
3 5074 7889 7897
3 5074 7809 7889
3 7900 7897 7889
3 7900 7889 7899
3 7899 7889 7890
3 7890 7891 7899
3 7891 7901 7899
3 7893 7902 7903
3 7893 7903 7891
3 7891 7903 7901
3 7902 7905 7903
3 7895 7894 7904
3 7907 7904 7894
3 7907 7894 7906
3 7906 7894 7896
3 7896 7908 7906
3 7908 7909 7906
3 7819 7908 7812
3 7819 7910 7908
3 7910 7909 7908
3 7898 7911 7912
3 7898 7912 5134
3 5134 7912 5142
3 7911 7914 7912
3 7900 7899 7913
3 7899 7901 7915
3 7913 7899 7915
3 7917 7915 7901
3 7917 7901 7916
3 7916 7901 7903
3 7905 7918 7919
3 7905 7919 7903
3 7903 7919 7916
3 7918 7907 7906
3 7918 7906 7919
3 7919 7906 7920
3 7921 7922 7920
3 7921 7920 7909
3 7909 7920 7906
3 7924 5148 5142
3 7924 5142 7923
3 7923 5142 7912
3 7914 7925 7926
3 7914 7926 7912
3 7912 7926 7923
3 7925 7927 7926
3 7917 7916 7928
3 7930 7928 7916
3 7930 7916 7929
3 7929 7916 7919
3 7919 7920 7929
3 7920 7931 7929
3 7922 7932 7933
3 7922 7933 7920
3 7920 7933 7931
3 7837 7934 7830
3 7837 7936 7934
3 7936 7935 7934
3 7924 7923 7937
3 7923 7926 7938
3 7937 7923 7938
3 7927 7938 7926
3 7939 7940 7941
3 7939 7942 7940
3 7930 7929 7943
3 7929 7931 7944
3 7943 7929 7944
3 7946 7944 7931
3 7946 7931 7945
3 7945 7931 7933
3 7933 7947 7945
3 7947 7948 7945
3 7951 7949 7935
3 7951 7935 7950
3 7950 7935 7936
3 7844 7936 7839
3 7844 7952 7936
3 7952 7950 7936
3 3418 3420 7850
3 7850 3420 7851
3 3420 3422 7851
3 7851 3422 7852
3 3422 3424 7852
3 7852 3424 7853
3 3424 3426 7853
3 7853 3426 7854
3 7953 7856 7854
3 7953 7854 3428
3 3428 7854 3426
3 3428 3430 7953
3 7953 7857 7856
3 3430 7857 7953
3 3430 3433 7857
3 3433 7858 7857
3 3433 3435 7858
3 7858 3435 7221
3 7859 7954 7861
3 7859 7863 7954
3 5092 7867 5163
3 7954 7868 7861
3 7954 7863 7868
3 7874 5163 7867
3 7874 7955 5163
3 5101 5163 7875
3 7875 5163 7955
3 7874 7877 7955
3 7955 7881 7875
3 7955 7877 7881
3 7897 7956 7898
3 7913 7956 7900
3 7913 7957 7956
3 7911 7956 7914
3 7914 7956 7957
3 7957 7925 7914
3 7925 7959 7927
3 7925 7957 7959
3 7957 7958 7959
3 7937 7960 7924
3 7937 7962 7960
3 7962 7961 7960
3 7938 7962 7937
3 7963 7962 7938
3 7943 7964 7930
3 7943 7966 7964
3 7966 7965 7964
3 7631 7630 7967
3 7630 7632 7968
3 7967 7630 7968
3 7632 7633 7968
3 7694 7631 7967
3 7969 7694 7967
3 7695 7696 7969
3 7695 7969 7968
3 7968 7969 7967
3 7695 7968 7633
3 7970 7971 7972
3 7970 7973 7971
3 7972 7971 7974
3 7971 7973 7974
3 7754 7694 7969
3 7754 7969 7696
3 7970 7972 7976
3 7970 7976 7973
3 7976 7972 7974
3 7976 7974 7973
3 7848 7847 7977
3 7847 7849 7977
3 7941 7940 7978
3 7940 7942 7978
3 7946 7945 7979
3 7981 7979 7945
3 7981 7945 7980
3 7980 7945 7948
3 7948 7982 7980
3 7982 7983 7980
3 7986 7984 7985
3 7986 7985 7982
3 7982 7985 7983
3 7984 7988 7985
3 7951 7950 7987
3 7990 7987 7950
3 7990 7950 7989
3 7989 7950 7952
3 7952 7991 7989
3 7991 7992 7989
3 7981 7980 7993
3 7980 7983 7994
3 7993 7980 7994
3 7990 7989 7996
3 7997 7989 7992
3 7992 7998 7997
3 7998 7999 7997
3 8004 8002 7961
3 8004 7961 8003
3 8003 7961 7962
3 7962 7963 8003
3 7963 8005 8003
3 8004 8003 8006
3 7993 8010 7981
3 5633 8011 413
3 413 8011 414
3 8011 8012 414
3 414 8012 415
3 8012 8013 415
3 415 8013 416
3 416 8013 8014
3 417 416 8014
3 8014 418 417
3 8015 418 8014
3 8015 8016 418
3 418 8016 419
3 8016 8017 419
3 419 8017 420
3 8017 8018 420
3 420 8018 421
3 8018 8019 421
3 421 8019 422
3 8019 8020 422
3 422 8020 423
3 8020 8021 423
3 423 8021 424
3 424 8021 8022
3 425 424 8022
3 8022 426 425
3 8023 426 8022
3 8023 8024 426
3 426 8024 427
3 8024 8025 427
3 427 8025 428
3 8025 8026 428
3 428 8026 429
3 8026 8027 429
3 429 8027 430
3 8027 8028 430
3 430 8028 431
3 5659 8029 5633
3 5633 8029 8011
3 8029 8030 8011
3 8011 8030 8012
3 8030 8031 8012
3 8012 8031 8013
3 8013 8031 8032
3 8014 8013 8032
3 8032 8015 8014
3 8033 8015 8032
3 8033 8034 8015
3 8015 8034 8016
3 8034 8035 8016
3 8016 8035 8017
3 8035 8036 8017
3 8017 8036 8018
3 8036 8037 8018
3 8018 8037 8019
3 8037 8038 8019
3 8019 8038 8020
3 8040 8039 8021
3 8040 8021 8038
3 8038 8021 8020
3 8021 8039 8022
3 8040 8041 8039
3 8039 8023 8022
3 8039 8041 8023
3 8041 8042 8023
3 8042 8043 8023
3 8023 8043 8024
3 8043 8044 8024
3 8024 8044 8025
3 8044 8045 8025
3 8025 8045 8026
3 8045 8046 8026
3 8026 8046 8027
3 8046 8047 8027
3 8027 8047 8028
3 5684 8048 5659
3 5659 8048 8029
3 8048 8049 8029
3 8029 8049 8030
3 8051 8050 8031
3 8051 8031 8049
3 8049 8031 8030
3 8031 8050 8032
3 8051 8052 8050
3 8050 8033 8032
3 8050 8052 8033
3 8052 8053 8033
3 8053 8054 8033
3 8033 8054 8034
3 8054 8055 8034
3 8034 8055 8035
3 8055 8056 8035
3 8035 8056 8036
3 8056 8057 8036
3 8036 8057 8037
3 8057 8058 8037
3 8037 8058 8038
3 8038 8058 8059
3 8040 8038 8059
3 8059 8041 8040
3 8060 8041 8059
3 8060 8061 8041
3 8041 8061 8042
3 8061 8062 8042
3 8042 8062 8043
3 8062 8063 8043
3 8043 8063 8044
3 8063 8064 8044
3 8044 8064 8045
3 8064 8065 8045
3 8045 8065 8046
3 8067 8066 8047
3 8067 8047 8065
3 8065 8047 8046
3 8067 8068 8066
3 5709 8069 5684
3 5684 8069 8048
3 8069 8070 8048
3 8048 8070 8049
3 8072 8051 8049
3 8072 8049 8071
3 8071 8049 8070
3 8071 8073 8072
3 8072 8052 8051
3 8073 8052 8072
3 8073 8074 8052
3 8074 8053 8052
3 8074 8075 8053
3 8053 8075 8054
3 8075 8076 8054
3 8054 8076 8055
3 8076 8077 8055
3 8055 8077 8056
3 8077 8078 8056
3 8056 8078 8057
3 8078 8079 8057
3 8057 8079 8058
3 8081 8059 8058
3 8081 8058 8080
3 8080 8058 8079
3 8080 8082 8081
3 8081 8060 8059
3 8082 8060 8081
3 8082 8083 8060
3 8083 8061 8060
3 8083 8084 8061
3 8061 8084 8062
3 8084 8085 8062
3 8062 8085 8063
3 8085 8086 8063
3 8063 8086 8064
3 8086 8087 8064
3 8064 8087 8065
3 8089 8067 8065
3 8089 8065 8088
3 8088 8065 8087
3 8089 8068 8067
3 5733 8090 5709
3 5709 8090 8069
3 8090 8091 8069
3 8069 8091 8070
3 8091 8092 8070
3 8070 8092 8071
3 8071 8092 8093
3 8073 8071 8093
3 8093 8074 8073
3 8094 8074 8093
3 8094 8095 8074
3 8074 8095 8075
3 8095 8096 8075
3 8075 8096 8076
3 8096 8097 8076
3 8076 8097 8077
3 8097 8098 8077
3 8077 8098 8078
3 8098 8099 8078
3 8078 8099 8079
3 8101 8100 8080
3 8101 8080 8099
3 8099 8080 8079
3 8080 8100 8082
3 8101 8102 8100
3 8100 8083 8082
3 8100 8102 8083
3 8102 8103 8083
3 8103 8104 8083
3 8083 8104 8084
3 8104 8105 8084
3 8084 8105 8085
3 8105 8106 8085
3 8085 8106 8086
3 8106 8107 8086
3 8086 8107 8087
3 8107 8108 8087
3 8087 8108 8088
3 5757 8109 5733
3 5733 8109 8090
3 8109 8110 8090
3 8090 8110 8091
3 8112 8111 8092
3 8112 8092 8110
3 8110 8092 8091
3 8092 8111 8093
3 8112 8113 8111
3 8111 8094 8093
3 8111 8113 8094
3 8113 8114 8094
3 8114 8115 8094
3 8094 8115 8095
3 8115 8116 8095
3 8095 8116 8096
3 8116 8117 8096
3 8096 8117 8097
3 8117 8118 8097
3 8097 8118 8098
3 8120 8119 8099
3 8120 8099 8118
3 8118 8099 8098
3 8119 8101 8099
3 8123 8121 8122
3 8121 8124 8122
3 8120 8125 8119
3 8122 8125 8123
3 8122 8102 8125
3 8119 8125 8101
3 8101 8125 8102
3 8124 8102 8122
3 8124 8126 8102
3 8126 8103 8102
3 8126 8127 8103
3 8103 8127 8104
3 8127 8128 8104
3 8104 8128 8105
3 8128 8129 8105
3 8105 8129 8106
3 8129 8130 8106
3 8106 8130 8107
3 8132 8131 8108
3 8132 8108 8130
3 8130 8108 8107
3 8132 8133 8131
3 5789 8134 5757
3 5757 8134 8109
3 8136 8135 8110
3 8136 8110 8134
3 8134 8110 8109
3 8110 8135 8112
3 8136 8137 8135
3 8135 8113 8112
3 8135 8137 8113
3 8137 8138 8113
3 8138 8139 8113
3 8113 8139 8114
3 8139 8140 8114
3 8114 8140 8115
3 8140 8141 8115
3 8115 8141 8116
3 8141 8142 8116
3 8116 8142 8117
3 8142 8143 8117
3 8117 8143 8118
3 8145 8120 8118
3 8145 8118 8144
3 8144 8118 8143
3 8147 8145 8144
3 8146 8121 8123
3 8121 8146 8124
3 8145 8125 8120
3 8123 8148 8146
3 8123 8125 8148
3 8147 8148 8145
3 8145 8148 8125
3 8146 8126 8124
3 8146 8148 8126
3 8148 8149 8126
3 8149 8150 8126
3 8126 8150 8127
3 8150 8151 8127
3 8127 8151 8128
3 8151 8152 8128
3 8128 8152 8129
3 8154 8153 8130
3 8154 8130 8152
3 8152 8130 8129
3 8130 8153 8132
3 8154 8155 8153
3 8153 8133 8132
3 8153 8155 8133
3 8155 8156 8133
3 5819 8157 5789
3 5789 8157 8134
3 8134 8157 8158
3 8136 8134 8158
3 8158 8137 8136
3 8159 8137 8158
3 8159 8160 8137
3 8137 8160 8138
3 8160 8161 8138
3 8138 8161 8139
3 8161 8162 8139
3 8139 8162 8140
3 8162 8163 8140
3 8140 8163 8141
3 8163 8164 8141
3 8141 8164 8142
3 8164 8165 8142
3 8142 8165 8143
3 8167 8166 8144
3 8167 8144 8165
3 8165 8144 8143
3 8144 8166 8147
3 8167 8168 8166
3 8166 8148 8147
3 8166 8168 8148
3 8168 8169 8148
3 8169 8170 8148
3 8148 8170 8149
3 8170 8171 8149
3 8149 8171 8150
3 8171 8172 8150
3 8150 8172 8151
3 8172 8173 8151
3 8151 8173 8152
3 8175 8154 8152
3 8175 8152 8174
3 8174 8152 8173
3 8174 8176 8175
3 8175 8155 8154
3 8176 8155 8175
3 8176 8177 8155
3 8177 8156 8155
3 8157 5819 5850
3 8178 8157 5850
3 8157 8178 8158
3 5850 8179 8178
3 5852 8179 5850
3 8178 8159 8158
3 8178 8179 8159
3 8179 8180 8159
3 8180 8181 8159
3 8159 8181 8160
3 8181 8182 8160
3 8160 8182 8161
3 8182 8183 8161
3 8161 8183 8162
3 8183 8184 8162
3 8162 8184 8163
3 8184 8185 8163
3 8163 8185 8164
3 8185 8186 8164
3 8164 8186 8165
3 8165 8186 8187
3 8167 8165 8187
3 8187 8168 8167
3 8188 8168 8187
3 8188 8189 8168
3 8168 8189 8169
3 8189 8190 8169
3 8169 8190 8170
3 8190 8191 8170
3 8170 8191 8171
3 8191 8192 8171
3 8171 8192 8172
3 8194 8193 8173
3 8194 8173 8192
3 8192 8173 8172
3 8174 8173 8193
3 8195 8174 8193
3 8174 8195 8176
3 8194 8196 8193
3 8193 8197 8195
3 8196 8197 8193
3 8195 8177 8176
3 8195 8197 8177
3 8197 8198 8177
3 5890 8199 5852
3 5852 8199 8179
3 8199 8200 8179
3 8179 8200 8180
3 8200 8201 8180
3 8180 8201 8181
3 8201 8202 8181
3 8181 8202 8182
3 8202 8203 8182
3 8182 8203 8183
3 8203 8204 8183
3 8183 8204 8184
3 8204 8205 8184
3 8184 8205 8185
3 8207 8206 8186
3 8207 8186 8205
3 8205 8186 8185
3 8186 8206 8187
3 8207 8208 8206
3 8206 8188 8187
3 8206 8208 8188
3 8208 8209 8188
3 8209 8210 8188
3 8188 8210 8189
3 8210 8211 8189
3 8189 8211 8190
3 8213 8212 8191
3 8213 8191 8211
3 8211 8191 8190
3 8192 8191 8212
3 8214 8192 8212
3 8192 8214 8194
3 8213 8215 8212
3 8212 8216 8214
3 8215 8216 8212
3 8214 8196 8194
3 8214 8216 8196
3 8216 8217 8196
3 8217 8218 8196
3 8196 8218 8197
3 8218 8219 8197
3 8197 8219 8198
3 5931 8220 5890
3 5890 8220 8199
3 8220 8221 8199
3 8199 8221 8200
3 8221 8222 8200
3 8200 8222 8201
3 8222 8223 8201
3 8201 8223 8202
3 8225 8224 8203
3 8225 8203 8223
3 8223 8203 8202
3 8204 8203 8224
3 8226 8204 8224
3 8205 8204 8226
3 8227 8205 8226
3 8205 8227 8207
3 8225 8228 8224
3 8224 8229 8226
3 8228 8229 8224
3 8226 8230 8227
3 8229 8230 8226
3 8227 8208 8207
3 8227 8230 8208
3 8230 8231 8208
3 8231 8232 8208
3 8208 8232 8209
3 8232 8233 8209
3 8209 8233 8210
3 8233 8234 8210
3 8210 8234 8211
3 8211 8234 8235
3 8213 8211 8235
3 8235 8215 8213
3 8236 8215 8235
3 8236 8237 8215
3 8215 8237 8216
3 8237 8238 8216
3 8216 8238 8217
3 8238 8239 8217
3 8217 8239 8218
3 8239 8240 8218
3 8218 8240 8219
3 5968 8241 5931
3 5931 8241 8220
3 8243 8242 8221
3 8243 8221 8241
3 8241 8221 8220
3 8222 8221 8242
3 8244 8222 8242
3 8223 8222 8244
3 8245 8223 8244
3 8223 8245 8225
3 8243 8246 8242
3 8242 8247 8244
3 8246 8247 8242
3 8244 8248 8245
3 8247 8248 8244
3 8245 8228 8225
3 8245 8248 8228
3 8248 8249 8228
3 8249 8250 8228
3 8228 8250 8229
3 8250 8251 8229
3 8229 8251 8230
3 8251 8252 8230
3 8230 8252 8231
3 8252 8253 8231
3 8231 8253 8232
3 8253 8254 8232
3 8232 8254 8233
3 8256 8255 8234
3 8256 8234 8254
3 8254 8234 8233
3 8234 8255 8235
3 8256 8257 8255
3 8255 8236 8235
3 8255 8257 8236
3 8257 8258 8236
3 8258 8259 8236
3 8236 8259 8237
3 8259 8260 8237
3 8237 8260 8238
3 8260 8261 8238
3 8238 8261 8239
3 8263 8262 8240
3 8263 8240 8261
3 8261 8240 8239
3 8263 8264 8262
3 6002 8265 5968
3 5968 8265 8241
3 8241 8265 8266
3 8243 8241 8266
3 8266 8246 8243
3 8267 8246 8266
3 8267 8268 8246
3 8246 8268 8247
3 8268 8269 8247
3 8247 8269 8248
3 8269 8270 8248
3 8248 8270 8249
3 8270 8271 8249
3 8249 8271 8250
3 8271 8272 8250
3 8250 8272 8251
3 8274 8273 8252
3 8274 8252 8272
3 8272 8252 8251
3 8253 8252 8273
3 8275 8253 8273
3 8254 8253 8275
3 8276 8254 8275
3 8254 8276 8256
3 8274 8277 8273
3 8273 8278 8275
3 8277 8278 8273
3 8275 8279 8276
3 8278 8279 8275
3 8276 8257 8256
3 8276 8279 8257
3 8279 8280 8257
3 8280 8281 8257
3 8257 8281 8258
3 8281 8282 8258
3 8258 8282 8259
3 8284 8283 8260
3 8284 8260 8282
3 8282 8260 8259
3 8261 8260 8283
3 8285 8261 8283
3 8261 8285 8263
3 8284 8286 8283
3 8283 8287 8285
3 8286 8287 8283
3 8285 8264 8263
3 8285 8287 8264
3 8287 8288 8264
3 6054 8289 6002
3 6002 8289 8265
3 8265 8289 8290
3 8266 8265 8290
3 8290 8267 8266
3 8291 8267 8290
3 8291 8292 8267
3 8267 8292 8268
3 8292 8293 8268
3 8268 8293 8269
3 8293 8294 8269
3 8269 8294 8270
3 8296 8295 8271
3 8296 8271 8294
3 8294 8271 8270
3 8272 8271 8295
3 8297 8272 8295
3 8272 8297 8274
3 8296 8298 8295
3 8295 8299 8297
3 8298 8299 8295
3 8297 8277 8274
3 8297 8299 8277
3 8299 8300 8277
3 8302 8301 8278
3 8302 8278 8300
3 8300 8278 8277
3 8279 8278 8301
3 8303 8279 8301
3 8280 8279 8303
3 8304 8280 8303
3 8281 8280 8304
3 8305 8281 8304
3 8282 8281 8305
3 8306 8282 8305
3 8282 8306 8284
3 8302 8307 8301
3 8301 8308 8303
3 8307 8308 8301
3 8310 8303 8308
3 8310 8309 8303
3 8309 8304 8303
3 8304 8309 8305
3 8305 8309 8311
3 8312 8311 8313
3 8312 8306 8311
3 8306 8305 8311
3 8306 8286 8284
3 8306 8312 8286
3 8312 8314 8286
3 8314 8315 8286
3 8286 8315 8287
3 8317 8316 8288
3 8317 8288 8315
3 8315 8288 8287
3 8310 8318 8309
3 8309 8319 8311
3 8318 8319 8309
3 8311 8319 8313
3 8317 8320 8316
3 8289 6054 6109
3 8321 8289 6109
3 8289 8321 8290
3 6109 8322 8321
3 6114 8322 6109
3 8321 8291 8290
3 8321 8322 8291
3 8322 8323 8291
3 8325 8324 8292
3 8325 8292 8323
3 8323 8292 8291
3 8293 8292 8324
3 8326 8293 8324
3 8294 8293 8326
3 8327 8294 8326
3 8294 8327 8296
3 8325 8328 8324
3 8324 8329 8326
3 8328 8329 8324
3 8326 8330 8327
3 8329 8330 8326
3 8327 8298 8296
3 8327 8330 8298
3 8330 8331 8298
3 8331 8332 8298
3 8298 8332 8299
3 8332 8333 8299
3 8299 8333 8300
3 8300 8333 8334
3 8302 8300 8334
3 8334 8307 8302
3 8335 8307 8334
3 8335 8336 8307
3 8307 8336 8308
3 8308 8336 8337
3 8310 8308 8337
3 8312 8313 8338
3 8314 8312 8338
3 8339 8314 8338
3 8315 8314 8339
3 8340 8315 8339
3 8315 8340 8317
3 8337 8318 8310
3 8341 8318 8337
3 8341 8342 8318
3 8318 8342 8319
3 8313 8319 8342
3 8313 8342 8343
3 8313 8343 8338
3 8343 8342 8344
3 8338 8343 8339
3 8339 8343 8345
3 8339 8345 8340
3 8340 8345 8346
3 8320 8317 8340
3 8320 8340 8347
3 8347 8340 8346
3 8344 8348 8343
3 8343 8349 8345
3 8348 8349 8343
3 8345 8350 8346
3 8349 8350 8345
3 8322 6114 6156
3 8351 8322 6156
3 8323 8322 8351
3 8352 8323 8351
3 8323 8352 8325
3 25 6156 24
3 25 8353 6156
3 8353 8351 6156
3 8351 8353 8352
3 8352 8353 8354
3 8328 8325 8352
3 8328 8352 8355
3 8355 8352 8354
3 8355 28 27
3 8355 27 8328
3 8328 27 8329
3 27 30 8329
3 8329 30 8330
3 31 8356 8331
3 31 8331 30
3 30 8331 8330
3 8332 8331 8356
3 8357 8332 8356
3 8333 8332 8357
3 8358 8333 8357
3 8333 8358 8334
3 25 34 8353
3 8353 36 8354
3 34 36 8353
3 8354 38 8355
3 36 38 8354
3 8355 38 28
3 31 42 8356
3 8356 44 8357
3 42 44 8356
3 45 8357 44
3 45 8359 8357
3 8359 8358 8357
3 8335 8334 8358
3 8335 8358 8360
3 8360 8358 8359
3 8336 8335 8360
3 8361 8336 8360
3 8336 8361 8337
3 46 8362 49
3 6166 8362 46
3 49 8363 53
3 8362 8363 49
3 53 8363 55
3 45 61 8359
3 8359 64 8360
3 61 64 8359
3 65 8360 64
3 65 8364 8360
3 8364 8361 8360
3 8341 8337 8361
3 8341 8361 8365
3 8365 8361 8364
3 8342 8341 8365
3 8366 8342 8365
3 8342 8366 8344
3 6166 67 8362
3 66 67 6166
3 8362 68 8363
3 67 68 8362
3 8363 68 55
3 65 69 8364
3 6857 6856 8367
3 6856 6859 8368
3 8367 6856 8368
3 6859 881 3748
3 8368 6859 3748
3 6937 6857 8367
3 6938 6937 8367
3 8368 6938 8367
3 915 6938 8368
3 3748 915 8368
3 7197 7196 8369
3 8371 8369 7196
3 8371 7196 8370
3 8370 7196 7199
3 7201 8372 8370
3 7199 7201 8370
3 7204 7203 8373
3 7203 7206 8373
3 7209 7208 8374
3 7208 7211 8375
3 8374 7208 8375
3 7211 7213 8376
3 8375 7211 8376
3 7215 8376 7213
3 8377 8378 8379
3 8377 8380 8381
3 8378 8377 8381
3 8380 8382 8381
3 7220 7219 8383
3 7219 1054 3775
3 8383 7219 3775
3 8371 8370 8384
3 8370 8372 8384
3 8387 8385 8386
3 8385 8388 8386
3 8379 8378 8389
3 8391 8389 8378
3 8391 8378 8390
3 8390 8378 8381
3 8382 8392 8393
3 8382 8393 8381
3 8381 8393 8390
3 8392 8394 8395
3 8393 8392 8395
3 8394 8396 8395
3 8397 3786 3787
3 8393 8395 8398
3 8395 8396 8398
3 8399 7201 7255
3 8372 7201 8399
3 8373 7255 7204
3 8373 8400 7255
3 8400 8399 7255
3 7206 8400 8373
3 7206 7256 8400
3 7256 8401 8400
3 7256 7257 8401
3 7257 8402 8401
3 8374 7257 7209
3 8374 8403 7257
3 8403 8402 7257
3 8375 7260 8374
3 8375 7259 7260
3 8374 7260 8403
3 8404 8405 7260
3 8403 7260 8405
3 8407 8405 8404
3 7261 7259 8406
3 8406 7259 8375
3 8406 8375 8376
3 8376 7262 8406
3 8376 7215 7262
3 8406 7262 8408
3 8377 8379 7262
3 8408 7262 8379
3 7263 8377 7262
3 8380 8377 7263
3 8380 8409 8382
3 8380 7263 8409
3 7263 7264 8409
3 8410 8411 8409
3 8410 8409 7265
3 7265 8409 7264
3 8413 8383 8412
3 8410 8383 8413
3 8410 7220 8383
3 8410 7265 7220
3 3775 7266 8383
3 3775 1087 7266
3 8383 7266 8412
3 3799 3800 7266
3 8412 7266 3800
3 8384 8414 8371
3 8387 8401 8385
3 8387 8416 8401
3 8416 8400 8401
3 8418 8403 8405
3 8408 8379 8389
3 8408 8389 8420
3 8422 8389 8391
3 8422 8421 8389
3 8421 8420 8389
3 8382 8409 8392
3 8411 8392 8409
3 8411 8423 8392
3 8423 8394 8392
3 8413 8412 8424
3 8424 3800 8397
3 8424 8412 3800
3 3786 8397 3800
3 8410 8425 8411
3 8427 3404 431
3 8427 431 8426
3 8426 431 8028
3 8426 8428 8427
3 8427 3405 3404
3 8428 3405 8427
3 8428 8429 3405
3 8429 3406 3405
3 8429 8430 3406
3 3406 8430 3407
3 8432 8431 3408
3 8432 3408 8430
3 8430 3408 3407
3 3408 8431 3409
3 8432 8433 8431
3 8431 3410 3409
3 8431 8433 3410
3 8433 8434 3410
3 8434 8435 3410
3 3410 8435 3411
3 3411 8435 8436
3 3413 3411 8436
3 8436 3414 3413
3 8437 3414 8436
3 3414 8437 8438
3 3415 3414 8438
3 8438 8439 3415
3 8439 3416 3415
3 8441 8440 8426
3 8441 8426 8047
3 8047 8426 8028
3 8426 8440 8428
3 8441 8442 8440
3 8440 8429 8428
3 8440 8442 8429
3 8442 8443 8429
3 8443 8444 8429
3 8429 8444 8430
3 8446 8432 8430
3 8446 8430 8445
3 8445 8430 8444
3 8445 8447 8446
3 8446 8433 8432
3 8447 8433 8446
3 8447 8448 8433
3 8448 8434 8433
3 8450 8449 8435
3 8450 8435 8448
3 8448 8435 8434
3 8435 8449 8436
3 8450 8451 8449
3 8449 8437 8436
3 8449 8451 8437
3 8451 8452 8437
3 8437 8452 8453
3 8438 8437 8453
3 8453 8454 8438
3 8454 8439 8438
3 8047 8066 8441
3 8066 8442 8441
3 8066 8068 8442
3 8068 8455 8442
3 8455 8456 8442
3 8442 8456 8443
3 8456 8457 8443
3 8443 8457 8444
3 8457 8458 8444
3 8444 8458 8445
3 8445 8458 8459
3 8447 8445 8459
3 8459 8448 8447
3 8460 8448 8459
3 8462 8450 8448
3 8462 8448 8461
3 8461 8448 8460
3 8461 8463 8462
3 8462 8451 8450
3 8463 8451 8462
3 8463 8464 8451
3 8464 8452 8451
3 8452 8464 8465
3 8453 8452 8465
3 8465 8466 8453
3 8466 8454 8453
3 8088 8467 8468
3 8089 8088 8468
3 8467 8469 8468
3 8468 8068 8089
3 8455 8068 8468
3 8469 8455 8468
3 8469 8470 8455
3 8470 8456 8455
3 8470 8471 8456
3 8456 8471 8457
3 8473 8472 8458
3 8473 8458 8471
3 8471 8458 8457
3 8458 8472 8459
3 8473 8474 8472
3 8472 8460 8459
3 8472 8474 8460
3 8474 8475 8460
3 8475 8476 8460
3 8460 8476 8461
3 8461 8476 8477
3 8463 8461 8477
3 8464 8479 8478
3 8464 8463 8479
3 8463 8477 8479
3 8464 8478 8465
3 8479 8480 8478
3 8478 8480 8481
3 8478 8481 8465
3 8465 8481 8466
3 8483 8482 8467
3 8483 8467 8108
3 8108 8467 8088
3 8467 8482 8469
3 8483 8484 8482
3 8482 8470 8469
3 8482 8484 8470
3 8484 8485 8470
3 8485 8486 8470
3 8470 8486 8471
3 8488 8473 8471
3 8488 8471 8487
3 8487 8471 8486
3 8487 8489 8488
3 8488 8474 8473
3 8489 8474 8488
3 8489 8490 8474
3 8490 8475 8474
3 8490 8491 8475
3 8475 8491 8476
3 8476 8491 8492
3 8477 8476 8492
3 8492 8493 8477
3 8493 8479 8477
3 8493 8480 8479
3 8494 8480 8493
3 8480 8494 8495
3 8481 8480 8495
3 8108 8131 8483
3 8131 8484 8483
3 8131 8133 8484
3 8133 8496 8484
3 8496 8497 8484
3 8484 8497 8485
3 8497 8498 8485
3 8485 8498 8486
3 8498 8499 8486
3 8486 8499 8487
3 8487 8499 8500
3 8489 8487 8500
3 8500 8490 8489
3 8501 8490 8500
3 8503 8502 8491
3 8503 8491 8501
3 8501 8491 8490
3 8491 8502 8492
3 8503 8504 8502
3 8502 8504 8505
3 8502 8505 8492
3 8492 8505 8493
3 8505 8494 8493
3 8506 8494 8505
3 8494 8506 8507
3 8495 8494 8507
3 8156 8508 8133
3 8133 8508 8496
3 8508 8509 8496
3 8496 8509 8497
3 8509 8510 8497
3 8497 8510 8498
3 8512 8511 8499
3 8512 8499 8510
3 8510 8499 8498
3 8499 8511 8500
3 8512 8513 8511
3 8511 8501 8500
3 8511 8513 8501
3 8513 8514 8501
3 8501 8514 8515
3 8503 8501 8515
3 8515 8504 8503
3 8516 8504 8515
3 8504 8516 8517
3 8505 8504 8517
3 8517 8506 8505
3 8518 8506 8517
3 8506 8518 8519
3 8507 8506 8519
3 8177 8520 8156
3 8156 8520 8508
3 8520 8521 8508
3 8508 8521 8509
3 8521 8522 8509
3 8509 8522 8510
3 8510 8522 8523
3 8512 8510 8523
3 8523 8513 8512
3 8524 8513 8523
3 8524 8525 8513
3 8513 8525 8514
3 8514 8525 8526
3 8515 8514 8526
3 8526 8516 8515
3 8527 8516 8526
3 8516 8527 8528
3 8517 8516 8528
3 8528 8518 8517
3 8529 8518 8528
3 8518 8529 8530
3 8519 8518 8530
3 8198 8531 8177
3 8177 8531 8520
3 8531 8532 8520
3 8520 8532 8521
3 8532 8533 8521
3 8521 8533 8522
3 8522 8533 8534
3 8523 8522 8534
3 8534 8524 8523
3 8535 8524 8534
3 8535 8536 8524
3 8524 8536 8525
3 8525 8536 8537
3 8526 8525 8537
3 8537 8527 8526
3 8538 8527 8537
3 8527 8538 8539
3 8528 8527 8539
3 8539 8529 8528
3 8540 8529 8539
3 8529 8540 8541
3 8530 8529 8541
3 8219 8542 8198
3 8198 8542 8531
3 8542 8543 8531
3 8531 8543 8532
3 8545 8544 8533
3 8545 8533 8543
3 8543 8533 8532
3 8533 8544 8534
3 8545 8546 8544
3 8544 8535 8534
3 8544 8546 8535
3 8546 8547 8535
3 8549 8548 8536
3 8549 8536 8547
3 8547 8536 8535
3 8536 8548 8537
3 8549 8550 8548
3 8548 8538 8537
3 8548 8550 8538
3 8550 8551 8538
3 8538 8551 8552
3 8539 8538 8552
3 8552 8540 8539
3 8553 8540 8552
3 8540 8553 8554
3 8541 8540 8554
3 8556 8555 8542
3 8556 8542 8240
3 8240 8542 8219
3 8543 8542 8555
3 8557 8543 8555
3 8543 8557 8545
3 8556 8558 8555
3 8555 8559 8557
3 8558 8559 8555
3 8557 8546 8545
3 8557 8559 8546
3 8559 8560 8546
3 8560 8561 8546
3 8546 8561 8547
3 8563 8549 8547
3 8563 8547 8562
3 8562 8547 8561
3 8562 8564 8563
3 8563 8550 8549
3 8563 8551 8550
3 8563 8566 8551
3 8563 8564 8566
3 8565 8551 8566
3 8551 8565 8552
3 8566 8567 8565
3 8567 8553 8552
3 8567 8552 8565
3 8240 8262 8556
3 8262 8558 8556
3 8262 8264 8558
3 8264 8568 8558
3 8568 8569 8558
3 8558 8569 8559
3 8571 8570 8560
3 8571 8560 8569
3 8569 8560 8559
3 8561 8560 8570
3 8572 8561 8570
3 8562 8561 8572
3 8573 8562 8572
3 8562 8573 8564
3 8571 8574 8570
3 8570 8575 8572
3 8574 8575 8570
3 8577 8572 8575
3 8577 8576 8572
3 8576 8573 8572
3 8573 8576 8566
3 8564 8573 8566
3 8577 8578 8576
3 8578 8567 8566
3 8578 8566 8576
3 8580 8579 8568
3 8580 8568 8288
3 8288 8568 8264
3 8569 8568 8579
3 8581 8569 8579
3 8569 8581 8571
3 8580 8582 8579
3 8579 8583 8581
3 8582 8583 8579
3 8581 8574 8571
3 8581 8583 8574
3 8583 8584 8574
3 8586 8585 8575
3 8586 8575 8584
3 8584 8575 8574
3 8585 8577 8575
3 8589 8587 8588
3 8587 8590 8588
3 8586 8591 8585
3 8588 8591 8589
3 8588 8578 8591
3 8585 8591 8577
3 8577 8591 8578
3 8578 8588 8590
3 8288 8316 8580
3 8316 8582 8580
3 8316 8320 8582
3 8320 8592 8582
3 8594 8593 8583
3 8594 8583 8592
3 8592 8583 8582
3 8584 8583 8593
3 8595 8584 8593
3 8584 8595 8586
3 8587 8589 8596
3 8587 8596 8590
3 8594 8597 8593
3 8595 8591 8586
3 8592 8320 8347
3 8599 8592 8347
3 8592 8599 8594
3 8599 8597 8594
3 8600 2910 2911
3 8600 2911 2913
3 5151 8602 8601
3 5150 5151 8601
3 5153 5155 8603
3 8603 8605 8604
3 8603 8604 5153
3 5153 8604 5156
3 8604 5151 5156
3 8602 5151 8604
3 8608 8606 8607
3 8607 8606 8609
3 8607 8609 5155
3 8607 5155 5157
3 8603 5155 8609
3 8603 8609 8605
3 8611 8608 8607
3 8610 8611 8607
3 8607 5158 8610
3 5157 5158 8607
3 8610 5159 5160
3 8610 5160 8611
3 8611 5160 8612
3 8610 5158 5159
3 5162 8614 8613
3 5161 5162 8613
3 8613 5160 5161
3 8612 5160 8613
3 5164 5166 8615
3 8616 8614 5162
3 8616 5162 8615
3 8616 8615 8617
3 5164 8615 5162
3 5169 8616 8617
3 5169 5168 8616
3 8619 8616 8618
3 8618 8616 5168
3 5168 5170 8618
3 8615 5166 5171
3 8617 8615 5171
3 5173 8617 5171
3 8618 8620 8621
3 8618 8621 8619
3 8617 5173 5169
3 8618 5174 8620
3 5170 5174 8618
3 5179 8623 8622
3 5177 5179 8622
3 8620 8622 8621
3 8620 5180 8622
3 5180 5177 8622
3 5183 8624 8625
3 5183 8625 5179
3 5179 8625 8623
3 5183 5185 8624
3 8624 5187 5189
3 8624 5189 8625
3 8625 5189 8626
3 8628 8627 8626
3 8628 8626 5192
3 5192 8626 5189
3 8629 8630 8631
3 8628 5192 5194
3 8602 8633 8632
3 8601 8602 8632
3 8605 8635 8634
3 8604 8605 8634
3 8634 8602 8604
3 8633 8602 8634
3 8606 8608 8636
3 8636 8638 8637
3 8636 8637 8606
3 8606 8637 8609
3 8637 8605 8609
3 8635 8605 8637
3 8639 8636 8608
3 8639 8608 8640
3 8640 8608 8611
3 8636 8639 8638
3 8640 8611 8641
3 8641 8611 8612
3 8613 8614 8642
3 8642 8612 8613
3 8642 8643 8612
3 8643 8641 8612
3 8642 8614 8616
3 8616 8643 8642
3 8616 8619 8643
3 8619 8644 8643
3 8644 8619 8645
3 8645 8619 8621
3 8623 8647 8646
3 8622 8623 8646
3 8646 8621 8622
3 8645 8621 8646
3 8647 8623 8648
3 8648 8623 8625
3 8648 8625 8649
3 8649 8625 8626
3 8652 8650 8651
3 8650 8653 8651
3 8650 8626 8653
3 8650 8649 8626
3 8626 8627 8653
3 5 8652 8651
3 4 5 8651
3 8658 8656 8657
3 8633 8657 8656
3 8633 8656 8632
3 8632 8656 8659
3 8657 8634 8635
3 8657 8635 8658
3 8658 8635 8660
3 8657 8633 8634
3 8663 8661 8662
3 8638 8662 8661
3 8638 8661 8637
3 8637 8661 8664
3 8664 8635 8637
3 8660 8635 8664
3 8662 8639 8640
3 8662 8640 8663
3 8663 8640 8665
3 8662 8638 8639
3 8668 8666 8667
3 8666 8641 8667
3 8666 8665 8641
3 8665 8640 8641
3 8668 8667 8669
3 8667 8670 8669
3 8667 8641 8670
3 8641 8643 8670
3 8673 8671 8672
3 8671 8674 8672
3 8670 8643 8675
3 8675 8643 8644
3 8673 8672 8676
3 8672 8674 8676
3 8675 8644 8677
3 8677 8644 8645
3 8647 8679 8678
3 8646 8647 8678
3 8678 8645 8646
3 8677 8645 8678
3 8682 8680 8681
3 8682 8681 8683
3 8654 8655 8684
3 8658 8687 8686
3 8656 8658 8686
3 8686 8688 8656
3 8656 8688 8659
3 8655 8689 8684
3 8655 8659 8689
3 8659 8688 8689
3 8684 8689 8685
3 8687 8658 8690
3 8690 8658 8660
3 8661 8663 8691
3 8691 8693 8692
3 8691 8692 8661
3 8661 8692 8664
3 8692 8660 8664
3 8690 8660 8692
3 8696 8694 8695
3 8695 8694 8697
3 8695 8697 8663
3 8695 8663 8665
3 8691 8663 8697
3 8691 8697 8693
3 8695 8666 8668
3 8695 8668 8696
3 8696 8668 8698
3 8695 8665 8666
3 8699 8701 8700
3 8699 8700 8702
3 8698 8668 8669
3 8703 8698 8669
3 8705 8700 8670
3 8705 8704 8700
3 8670 8700 8669
3 8701 8703 8700
3 8669 8700 8703
3 8700 8704 8702
3 8671 8673 8706
3 8671 8706 8674
3 8705 8670 8707
3 8707 8670 8675
3 8706 8673 8676
3 8706 8676 8674
3 8679 8709 8708
3 8678 8679 8708
3 8680 8682 8710
3 8711 11 12
3 8710 8682 8683
3 8714 8712 8713
3 8685 8713 8712
3 8687 8716 8715
3 8686 8687 8715
3 8715 8717 8686
3 8686 8717 8688
3 8713 8717 8714
3 8713 8689 8717
3 8689 8688 8717
3 8713 8685 8689
3 8716 8687 8718
3 8718 8687 8690
3 8693 8720 8719
3 8692 8693 8719
3 8719 8690 8692
3 8718 8690 8719
3 8694 8696 8721
3 8721 8723 8722
3 8721 8722 8694
3 8694 8722 8697
3 8722 8693 8697
3 8720 8693 8722
3 8724 8721 8696
3 8698 8724 8696
3 8724 8699 8721
3 8724 8701 8699
3 8721 8699 8723
3 8725 8726 8699
3 8723 8699 8726
3 8699 8702 8725
3 8727 8728 8729
3 8724 8698 8703
3 8726 8725 8704
3 8726 8704 8705
3 8726 8705 8727
3 8728 8727 8705
3 8724 8703 8701
3 8725 8702 8704
3 8729 8728 8730
3 8728 8731 8730
3 8728 8705 8731
3 8705 8707 8731
3 8734 8732 8733
3 8737 8735 8736
3 8733 8708 8709
3 8734 8733 8709
3 8734 8709 8736
3 8734 8736 8735
3 8739 8737 8736
3 8738 8739 8736
3 8741 8739 8738
3 8740 8741 8738
3 8744 8742 8743
3 8740 8745 8746
3 8741 8740 8746
3 8741 8746 8743
3 8741 8743 8742
3 8743 8711 12
3 8743 12 8744
3 8744 12 15
3 8749 8747 8748
3 8714 8748 8747
3 8714 8747 8712
3 8712 8747 8750
3 8750 3511 8712
3 8712 3511 3491
3 8716 8752 8751
3 8715 8716 8751
3 8748 8751 8749
3 8748 8717 8751
3 8717 8715 8751
3 8748 8714 8717
3 8752 8716 8753
3 8753 8716 8718
3 8756 8754 8755
3 8720 8755 8754
3 8720 8754 8719
3 8719 8754 8757
3 8757 8718 8719
3 8753 8718 8757
3 8755 8722 8723
3 8755 8723 8756
3 8756 8723 8758
3 8755 8720 8722
3 8758 8723 8759
3 8759 8723 8726
3 8729 8761 8760
3 8727 8729 8760
3 8760 8726 8727
3 8759 8726 8760
3 8761 8729 8730
3 8762 8761 8730
3 8730 8763 8762
3 8731 8763 8730
3 8734 8765 8764
3 8732 8734 8764
3 8737 8767 8766
3 8735 8737 8766
3 8766 8734 8735
3 8765 8734 8766
3 8767 8737 8768
3 8768 8737 8739
3 8768 8739 8769
3 8769 8739 8741
3 8744 8771 8770
3 8742 8744 8770
3 8770 8741 8742
3 8769 8741 8770
3 8771 8744 17
3 17 8744 15
3 8747 8749 8772
3 8772 8774 8773
3 8772 8773 8747
3 8747 8773 8750
3 8773 3532 8750
3 8750 3532 3511
3 8752 8776 8775
3 8751 8752 8775
3 8749 8777 8772
3 8749 8751 8777
3 8751 8775 8777
3 8772 8777 8774
3 8780 8778 8779
3 8778 8753 8779
3 8778 8776 8753
3 8776 8752 8753
3 8756 8782 8781
3 8754 8756 8781
3 8779 8781 8780
3 8779 8757 8781
3 8757 8754 8781
3 8779 8753 8757
3 8782 8756 8783
3 8783 8756 8758
3 8783 8758 8784
3 8784 8758 8759
3 8787 8785 8786
3 8761 8786 8785
3 8761 8785 8760
3 8760 8785 8788
3 8788 8759 8760
3 8784 8759 8788
3 8787 8786 8789
3 8786 8761 8762
3 8786 8762 8789
3 8789 8762 8790
3 8762 8791 8790
3 8763 8791 8762
3 8765 8793 8792
3 8764 8765 8792
3 8767 8795 8794
3 8766 8767 8794
3 8794 8765 8766
3 8793 8765 8794
3 8795 8767 8796
3 8796 8767 8768
3 8796 8768 8797
3 8797 8768 8769
3 8771 8799 8798
3 8770 8771 8798
3 8798 8769 8770
3 8797 8769 8798
3 8774 8801 8800
3 8773 8774 8800
3 8800 3556 8773
3 8773 3556 3532
3 8776 8803 8802
3 8775 8776 8802
3 8802 8804 8775
3 8775 8804 8777
3 8804 8774 8777
3 8801 8774 8804
3 8780 8806 8805
3 8778 8780 8805
3 8805 8776 8778
3 8803 8776 8805
3 8782 8808 8807
3 8781 8782 8807
3 8807 8780 8781
3 8806 8780 8807
3 8808 8782 8809
3 8809 8782 8783
3 8809 8783 8810
3 8810 8783 8784
3 8785 8787 8811
3 8788 8785 8811
3 8812 8788 8811
3 8812 8784 8788
3 8812 8813 8784
3 8813 8810 8784
3 8811 8787 8789
3 8812 8811 8789
3 8812 8789 8790
3 8815 8816 8814
3 8790 8813 8812
3 8790 8791 8813
3 8814 8813 8815
3 8815 8813 8791
3 8815 8792 8793
3 8815 8793 8816
3 8816 8793 8817
3 8795 8819 8818
3 8794 8795 8818
3 8818 8793 8794
3 8817 8793 8818
3 8819 8795 8820
3 8820 8795 8796
3 8820 8796 8821
3 8821 8796 8797
3 8801 8823 8822
3 8800 8801 8822
3 8822 3578 8800
3 8800 3578 3556
3 8803 8825 8824
3 8802 8803 8824
3 8824 8826 8802
3 8802 8826 8804
3 8826 8801 8804
3 8823 8801 8826
3 8805 8806 8827
3 8827 8803 8805
3 8827 8828 8803
3 8828 8825 8803
3 8808 8830 8829
3 8807 8808 8829
3 8806 8831 8827
3 8806 8807 8831
3 8807 8829 8831
3 8827 8831 8828
3 8830 8808 8832
3 8832 8808 8809
3 8832 8809 8833
3 8833 8809 8810
3 8836 8834 8835
3 8834 8813 8835
3 8834 8833 8813
3 8833 8810 8813
3 8835 8814 8816
3 8835 8816 8836
3 8836 8816 8837
3 8835 8813 8814
3 8837 8816 8838
3 8838 8816 8817
3 8819 8840 8839
3 8818 8819 8839
3 8839 8817 8818
3 8838 8817 8839
3 8840 8819 8841
3 8841 8819 8820
3 8823 8843 8842
3 8822 8823 8842
3 8842 3598 8822
3 8822 3598 3578
3 8846 8844 8845
3 8825 8845 8844
3 8825 8844 8824
3 8824 8844 8847
3 8847 8848 8824
3 8824 8848 8826
3 8848 8823 8826
3 8843 8823 8848
3 8850 8846 8845
3 8849 8850 8845
3 8845 8828 8849
3 8825 8828 8845
3 8830 8852 8851
3 8829 8830 8851
3 8849 8851 8850
3 8849 8831 8851
3 8831 8829 8851
3 8849 8828 8831
3 8852 8830 8853
3 8853 8830 8832
3 8853 8832 8854
3 8854 8832 8833
3 8836 8856 8855
3 8834 8836 8855
3 8855 8833 8834
3 8854 8833 8855
3 8856 8836 8857
3 8857 8836 8837
3 8857 8837 8858
3 8858 8837 8838
3 8839 8840 8859
3 8860 8859 8840
3 8860 8840 8861
3 8861 8840 8841
3 8843 8863 8862
3 8842 8843 8862
3 8862 3617 8842
3 8842 3617 3598
3 8846 8865 8864
3 8844 8846 8864
3 8864 8866 8844
3 8844 8866 8847
3 8866 8867 8847
3 8847 8867 8848
3 8867 8843 8848
3 8863 8843 8867
3 8865 8846 8868
3 8868 8846 8850
3 8852 8870 8869
3 8851 8852 8869
3 8869 8850 8851
3 8868 8850 8869
3 8872 8871 8870
3 8872 8870 8853
3 8853 8870 8852
3 8871 8872 8873
3 8874 8872 8853
3 8874 8853 8875
3 8875 8853 8854
3 8872 8874 8873
3 8855 8856 8876
3 8876 8854 8855
3 8876 8877 8854
3 8877 8875 8854
3 8878 8876 8856
3 8878 8856 8879
3 8879 8856 8857
3 8879 8857 8880
3 8880 8857 8858
3 8861 8882 8881
3 8860 8861 8881
3 8863 8884 8883
3 8862 8863 8883
3 8883 3636 8862
3 8862 3636 3617
3 8864 8865 8885
3 8885 8887 8886
3 8885 8886 8864
3 8864 8886 8866
3 8886 8888 8866
3 8866 8888 8867
3 8888 8863 8867
3 8884 8863 8888
3 8889 8885 8865
3 8889 8865 8890
3 8890 8865 8868
3 8885 8889 8887
3 8870 8892 8891
3 8869 8870 8891
3 8891 8868 8869
3 8890 8868 8891
3 8871 8893 8894
3 8871 8894 8870
3 8870 8894 8892
3 8871 8873 8893
3 8893 8874 8875
3 8893 8875 8894
3 8894 8875 8895
3 8893 8873 8874
3 8895 8875 8896
3 8896 8875 8877
3 8879 8898 8897
3 8878 8879 8897
3 8898 8879 8899
3 8899 8879 8880
3 8902 8900 8901
3 8884 8904 8903
3 8883 8884 8903
3 8903 3659 8883
3 8883 3659 3636
3 8887 8906 8905
3 8886 8887 8905
3 8905 8907 8886
3 8886 8907 8888
3 8907 8884 8888
3 8904 8884 8907
3 8890 8909 8908
3 8889 8890 8908
3 8908 8887 8889
3 8906 8887 8908
3 8891 8892 8910
3 8910 8890 8891
3 8910 8911 8890
3 8911 8909 8890
3 8912 8910 8892
3 8912 8892 8913
3 8913 8892 8894
3 8910 8912 8911
3 8913 8894 8914
3 8914 8894 8895
3 8914 8895 8915
3 8915 8895 8896
3 8898 8917 8916
3 8897 8898 8916
3 8917 8898 8918
3 8918 8898 8899
3 8902 8920 8919
3 8900 8902 8919
3 8903 8904 8921
3 3659 8903 8921
3 3682 3659 8921
3 8906 8923 8922
3 8905 8906 8922
3 8922 8924 8905
3 8905 8924 8907
3 8904 8925 8921
3 8904 8907 8925
3 8907 8924 8925
3 8921 3688 3682
3 8925 3688 8921
3 8909 8927 8926
3 8908 8909 8926
3 8926 8906 8908
3 8923 8906 8926
3 8927 8909 8928
3 8928 8909 8911
3 8913 8930 8929
3 8912 8913 8929
3 8929 8911 8912
3 8928 8911 8929
3 8932 8931 8930
3 8932 8930 8914
3 8914 8930 8913
3 8931 8932 8933
3 8934 8932 8914
3 8934 8914 8935
3 8935 8914 8915
3 8932 8934 8933
3 8917 8937 8936
3 8916 8917 8936
3 8937 8917 8938
3 8938 8917 8918
3 8920 8940 8939
3 8919 8920 8939
3 20 8941 19
3 8941 8942 19
3 8941 8940 8942
3 8940 8920 8942
3 8923 8944 8943
3 8922 8923 8943
3 8943 8945 8922
3 8922 8945 8924
3 8945 8946 8924
3 8924 8946 8925
3 8946 3707 8925
3 8925 3707 3688
3 8927 8948 8947
3 8926 8927 8947
3 8947 8923 8926
3 8944 8923 8947
3 8948 8927 8949
3 8949 8927 8928
3 8930 8951 8950
3 8929 8930 8950
3 8950 8928 8929
3 8949 8928 8950
3 8951 8930 8931
3 8952 8951 8931
3 8931 8953 8952
3 8933 8953 8931
3 8935 8955 8954
3 8934 8935 8954
3 8954 8933 8934
3 8953 8933 8954
3 8936 8937 8956
3 8956 8935 8936
3 8956 8957 8935
3 8957 8955 8935
3 8960 8958 8959
3 8959 8958 8961
3 8959 8961 8937
3 8959 8937 8938
3 8956 8937 8961
3 8963 8960 8959
3 8962 8963 8959
3 8966 8964 8965
3 8966 8965 8967
3 8939 8940 8968
3 20 21 8969
3 8941 20 8969
3 8940 8970 8968
3 8940 8941 8970
3 8941 8969 8970
3 1793 1792 3727
3 8944 1796 1795
3 8943 8944 1795
3 1795 1798 8943
3 8943 1798 8945
3 1798 1800 8945
3 8945 1800 8946
3 3727 1800 1793
3 3727 3707 1800
3 3707 8946 1800
3 8948 1806 1804
3 8947 8948 1804
3 1804 8944 8947
3 1796 8944 1804
3 1811 1810 8971
3 1810 8949 8971
3 1810 1806 8949
3 1806 8948 8949
3 1815 1814 8972
3 1814 1817 8973
3 8972 1814 8973
3 8971 8950 8951
3 1811 8971 8951
3 1811 8951 8973
3 1811 8973 1817
3 8971 8949 8950
3 1815 8972 1820
3 8972 8973 1821
3 1820 8972 1821
3 1824 8952 8974
3 1821 8952 1824
3 1821 8951 8952
3 1821 8973 8951
3 8952 8953 8974
3 8974 8954 8955
3 8974 8955 1824
3 1824 8955 1828
3 8974 8953 8954
3 1832 1830 8975
3 1830 8957 8975
3 1830 1828 8957
3 1828 8955 8957
3 8960 1835 1834
3 8958 8960 1834
3 8975 1834 1832
3 8975 8961 1834
3 8961 8958 1834
3 1835 8960 1839
3 1839 8960 8963
3 8964 8966 8976
3 8976 8966 8967
3 21 22 1847
3 8969 21 1847
3 1847 8977 8969
3 8969 8977 8970
