ply
format ascii 1.0
comment Created by Open3D
element vertex 10665
property double x
property double y
property double z
property double nx
property double ny
property double nz
property uchar red
property uchar green
property uchar blue
element face 18717
property list uchar uint vertex_indices
end_header
3.3075 3.3675 0.721916 0.145728 -0.0634626 0.987287 65 72 69
3.3225 3.3675 0.718812 0.0100686 0.131314 0.99129 69 77 74
3.13683 2.8875 0.0075 -0.10522 0.0186982 0.994273 208 178 133
3.1425 2.89284 0.0075 -0.0494403 0.121723 0.991332 207 177 136
3.1275 2.8875 0.00635423 -0.0197122 0.0349153 0.999196 209 180 131
3.1425 2.9025 0.0062876 0.0273638 0.0571935 0.997988 207 177 138
3.1275 2.9025 0.00546522 -0.0156116 0.0449286 0.998868 208 177 130
3.1425 2.9175 0.00631056 0.0124433 -0.00529056 0.999909 208 179 140
3.1275 2.9175 0.00514442 -0.00599352 -0.01642 0.999847 210 180 133
3.1425 2.9325 0.00661163 0.0125995 0.0549773 0.998408 207 178 141
3.1275 2.9325 0.00569793 -0.0492737 0.0851858 0.995146 208 179 132
3.1425 2.9475 0.0044246 0.00374013 0.0571231 0.99836 161 132 99
3.1275 2.9475 0.00345986 -0.0676047 0.0642769 0.99564 209 178 137
3.1425 2.9625 0.00489555 -0.0298295 -0.00860699 0.999518 147 119 88
3.1275 2.9625 0.00320863 -0.069722 0.00410844 0.997558 209 178 138
3.1425 2.9775 0.00444759 -0.0515965 0.0263993 0.998319 111 83 52
3.1275 2.9775 0.00380206 -0.0826506 0.0391088 0.995811 208 178 139
3.1425 2.9925 0.00359852 -0.0625332 0.0763419 0.995119 98 70 42
3.1275 2.9925 0.00207667 -0.0564235 0.022607 0.998151 183 154 118
3.1425 3.0075 0.00265376 0.00201509 0.0158917 0.999872 94 65 40
3.1275 3.0075 0.00339661 0.0227964 -0.0374347 0.999039 166 137 104
3.1425 3.0225 0.00266367 0.0255957 0.00593228 0.999655 78 50 25
3.1275 3.0225 0.00299507 0.0220803 0.0272819 0.999384 143 115 83
3.1425 3.0375 0.00224624 -0.0330987 0.0380476 0.998728 70 43 19
3.1425 3.0525 0.0010114 -0.0960096 0.0875745 0.99152 67 42 18
3.15047 2.8875 0.0075 0.0809965 0.116209 0.989917 182 151 117
3.1575 2.8875 0.00689693 0.0363837 0.0973591 0.994584 161 129 102
3.1575 2.9025 0.00475732 0.0224045 0.0501071 0.998493 113 83 54
3.1575 2.9175 0.00493638 0.0360308 -0.00585458 0.999334 97 69 39
3.1575 2.9325 0.00508533 0.0421295 0.0489922 0.99791 87 59 31
3.1575 2.9475 0.0033479 0.0245263 0.0404732 0.99888 89 61 35
3.1575 2.9625 0.00386861 0.0216416 -0.0361697 0.999111 80 52 27
3.1575 2.9775 0.00484885 0.0126238 -0.00746006 0.999892 74 46 23
3.1575 2.9925 0.00446953 -0.016176 0.0747486 0.997071 71 44 21
3.1575 3.0075 0.0028781 0.00590339 0.0798413 0.99679 72 44 22
3.1575 3.0225 0.00199744 0.0410052 -0.00490461 0.999147 70 42 22
3.1575 3.0375 0.00267994 0.0374403 0.0108802 0.99924 66 40 18
3.1575 3.0525 0.00246386 0.0144234 0.0490252 0.998693 68 41 22
3.1575 3.0675 0.00104899 0.0129974 0.0825261 0.996504 65 38 20
3.1575 3.0825 0.000271249 0.0753386 0.038678 0.996408 63 38 19
3.1725 2.8875 0.00708372 -0.0433877 0.0840193 0.995519 71 42 19
3.1725 2.9025 0.00522377 -0.0412217 0.0515965 0.997817 76 48 25
3.1725 2.9175 0.00538117 -0.0579637 0.00174269 0.998317 75 47 24
3.1725 2.9325 0.00522946 -0.0406166 0.0431208 0.998244 71 42 21
3.1725 2.9475 0.00368682 -0.0913278 0.0449759 0.994805 70 41 21
3.1725 2.9625 0.00466062 -0.0272866 -0.0294555 0.999194 71 41 20
3.1725 2.9775 0.00444593 -0.0234618 -0.0026326 0.999721 72 44 23
3.1725 2.9925 0.00436352 -0.0169414 0.0694107 0.997444 72 44 23
3.1725 3.0075 0.00240696 -0.0155394 0.104467 0.994407 72 44 24
3.1725 3.0225 0.00108703 0.0149815 0.0285014 0.999481 69 40 22
3.1725 3.0375 0.00191525 0.0425736 0.0158139 0.998968 66 39 20
3.1725 3.0525 0.000419872 0.0649333 0.0446332 0.996891 64 38 19
3.1725 3.0675 0.000498552 0.0662605 0.0559659 0.996232 64 39 20
3.1725 3.0825 -0.000862905 0.0580853 0.0533545 0.996885 60 37 19
3.1725 3.0975 -0.00124968 0.0723602 0.00877471 0.99734 60 37 19
3.1725 3.1125 -0.000885882 0.0925523 0.00684679 0.995684 61 38 21
3.17605 2.8875 0.0075 -0.0964104 -0.00761421 0.995313 69 40 17
3.1875 2.89406 0.0075 -0.0185904 0.183187 0.982902 68 40 19
3.1875 2.9025 0.0058454 0.00823566 0.051685 0.998629 69 41 20
3.1875 2.9175 0.00673628 0.0132966 -0.012365 0.999835 69 41 21
3.1875 2.9325 0.00638873 -0.0227499 0.00246108 0.999738 67 37 18
3.1875 2.94604 0.0075 0.16995 -0.0790207 0.982279 67 37 19
3.18712 2.9475 0.0075 -0.252733 -0.0692806 0.965052 68 38 20
3.1875 2.94798 0.0075 -0.234055 0.192829 0.952909 67 38 20
3.1875 2.9625 0.0045626 0.0325105 0.049025 0.998268 68 39 20
3.1875 2.9775 0.0051768 0.0435387 -0.00436899 0.999042 70 42 22
3.1875 2.9925 0.00502776 0.0310974 0.0557691 0.997959 70 42 23
3.1875 3.0075 0.00322206 0.00522388 0.0988326 0.99509 69 42 22
3.1875 3.0225 0.00191154 0.00471973 0.0807663 0.996722 68 41 22
3.1875 3.0375 0.00120915 0.056815 0.0227426 0.998126 66 40 21
3.1875 3.0525 0.000436266 0.0339395 0.0612261 0.997547 63 37 19
3.1875 3.0675 -0.000543789 0.0279806 0.0453548 0.998579 61 37 17
3.1875 3.0825 -0.00161935 0.0151728 0.0614428 0.997995 60 38 19
3.1875 3.0975 -0.00216205 0.0234583 0.0193688 0.999537 60 37 19
3.1875 3.1125 -0.00228018 0.0452297 0.0287632 0.998562 63 39 22
3.1875 3.1275 -0.00285028 0.0679222 0.0442989 0.996707 67 44 27
3.19451 2.8875 0.0075 0.173556 0.067871 0.982483 68 40 19
3.2025 2.8875 0.00600436 0.0367283 0.00246653 0.999322 68 40 19
3.2025 2.9025 0.0062521 -0.00959427 0.0535502 0.998519 69 41 21
3.2025 2.9175 0.00515453 0.0526291 0.0126639 0.998534 65 37 17
3.2025 2.9325 0.0050235 0.0572364 0.0126015 0.998281 67 39 18
3.18802 2.9475 0.0075 0.177983 0.17283 0.968737 67 38 19
3.2025 2.9475 0.00483901 0.0714332 0.0510688 0.996137 67 39 18
3.2025 2.9625 0.00329596 0.0116805 0.0560532 0.998359 65 38 18
3.2025 2.9775 0.00347248 0.0657081 -0.00446526 0.997829 66 39 20
3.2025 2.9925 0.00315044 0.0713549 0.0492034 0.996237 65 39 20
3.2025 3.0075 0.00211286 0.0673171 0.0669747 0.995481 67 42 23
3.2025 3.0225 0.00136303 0.0282072 0.0791992 0.99646 64 40 20
3.2025 3.0375 -0.000584119 0.0342439 0.0663974 0.997205 66 39 19
3.2025 3.0525 -0.000512459 0.059731 0.0190294 0.998033 65 40 20
3.2025 3.0675 -0.0010351 0.0342844 0.029032 0.99899 62 37 18
3.2025 3.0825 -0.00109028 0.0278452 0.0564002 0.99802 63 38 19
3.2025 3.0975 -0.00203326 0.0388405 0.0177669 0.999087 62 38 18
3.2025 3.1125 -0.00206882 0.00353837 0.0375612 0.999288 64 39 20
3.2025 3.1275 -0.00364857 -0.0224967 0.0585058 0.998034 66 39 23
3.2175 2.8875 0.00623062 -0.00843387 -0.00748381 0.999936 66 37 17
3.2175 2.9025 0.00662951 -0.0355255 0.0323335 0.998846 65 36 17
3.2175 2.9175 0.00430696 -0.0446859 0.0812982 0.995688 62 35 14
3.2175 2.9325 0.00473186 0.0118591 -0.0112641 0.999866 66 38 17
3.2175 2.9475 0.00457436 0.0050153 0.0283641 0.999585 64 36 16
3.2175 2.9625 0.00439935 -0.00204851 0.0598347 0.998206 62 36 15
3.2175 2.9775 0.0029215 0.0159184 0.0453069 0.998846 65 39 19
3.2175 2.9925 0.00300108 0.0474047 0.0421252 0.997987 65 40 21
3.2175 3.0075 0.00142433 0.0361568 0.0743753 0.996575 65 41 22
3.2175 3.0225 0.00074976 0.0597362 0.0463013 0.99714 63 39 21
3.2175 3.0375 0.00030097 0.0125061 0.053278 0.998501 60 36 16
3.2175 3.0525 -0.00123817 -0.0102919 0.0518382 0.998602 63 39 19
3.2175 3.0675 -0.00127934 0.0352861 0.0268553 0.999016 62 38 20
3.2175 3.0825 -0.00175916 0.0239395 0.0545619 0.998223 62 38 20
3.2175 3.0975 -0.00377337 0.0219863 0.0422335 0.998866 63 38 17
3.2175 3.1125 -0.00287409 0.0457146 -0.0198335 0.998758 64 39 18
3.2175 3.1275 -0.00290824 0.0084891 0.0192481 0.999779 65 39 21
3.2325 2.8875 0.00636785 0.0478777 0.0502671 0.997588 64 35 15
3.2325 2.9025 0.00636656 0.0681413 -0.0125599 0.997597 63 35 14
3.2325 2.9175 0.00705277 0.00307543 0.0601198 0.998186 62 34 13
3.2325 2.9325 0.00459711 -0.00274021 0.0573754 0.998349 62 36 15
3.2325 2.9475 0.00520725 0.0558462 0.0327755 0.997901 62 34 15
3.2325 2.9625 0.00350294 0.0439383 0.0448522 0.998027 62 37 17
3.2325 2.9775 0.00295689 0.0140762 0.0770283 0.99693 63 38 17
3.2325 2.9925 0.00149456 0.0407205 0.0504325 0.997897 64 39 21
3.2325 3.0075 0.00101203 0.0366371 0.0647125 0.997231 63 38 21
3.2325 3.0225 -0.000164529 0.0193301 0.0617016 0.997907 60 37 21
3.2325 3.0375 -0.00134706 0.0519728 0.0271223 0.99828 58 36 21
3.2325 3.0525 -0.000226261 0.0385065 0.0158546 0.999133 57 37 20
3.2325 3.0675 -0.00180926 -0.0316312 0.047306 0.998379 57 38 22
3.2325 3.0825 -0.002664 -0.0275392 0.0323086 0.999098 59 38 23
3.2325 3.0975 -0.00254008 -0.0468419 0.0403269 0.998088 59 38 19
3.2325 3.1125 -0.00317258 -0.0201083 0.0181164 0.999634 61 39 18
3.2325 3.1275 -0.00308004 0.0152377 0.00666299 0.999862 62 38 18
3.2475 2.8875 0.00470369 0.00277915 0.0833185 0.996519 63 34 15
3.2475 2.9025 0.00488756 0.0616856 0.00792425 0.998064 64 35 16
3.2475 2.9175 0.00425195 0.0840534 0.00536936 0.996447 61 33 12
3.2475 2.9325 0.00469279 0.0441247 0.0632561 0.997021 60 34 13
3.2475 2.9475 0.00278661 0.0416531 0.0646777 0.997037 63 38 19
3.2475 2.9625 0.00217646 0.09167 0.0400666 0.994983 62 38 18
3.2475 2.9775 0.00280751 0.0904664 0.0200251 0.995698 62 37 19
3.2475 2.9925 0.0013482 0.0365524 0.0731589 0.99665 63 38 20
3.2475 3.0075 0.000609839 0.0375784 0.0482817 0.998127 61 36 19
3.2475 3.0225 -0.00033552 0.0287216 0.0429828 0.998663 57 36 20
3.2475 3.0375 -0.00050756 -0.0199983 0.0491132 0.998593 55 37 22
3.2475 3.0525 -0.00238052 -0.0378512 -0.0180638 0.99912 49 34 21
3.2475 3.0675 -0.00134512 -0.0844025 -0.0235216 0.996154 46 33 21
3.2475 3.0825 -0.000692918 -0.129753 0.0362363 0.990884 43 30 18
3.2475 3.0975 -0.00166187 -0.0960453 0.0483045 0.994204 51 35 20
3.2475 3.1125 -0.00226688 -0.077724 0.0589866 0.995228 55 36 18
3.2475 3.1275 -0.00371732 -0.0427067 0.033666 0.99852 59 38 19
3.2625 2.8875 0.00655763 -0.0276907 0.0700344 0.99716 61 34 15
3.2625 2.9025 0.00429884 -0.0203949 0.069225 0.997393 62 34 15
3.2625 2.9175 0.00448906 0.0393055 0.0246819 0.998922 62 35 16
3.2625 2.9325 0.00370743 0.0521423 0.0264726 0.998289 63 37 18
3.2625 2.9475 0.00338371 0.0282529 0.0665576 0.997383 63 38 20
3.2625 2.9625 0.00196793 -0.00593413 0.0863687 0.996246 61 37 19
3.2625 2.9775 6.2656e-06 0.0433208 0.0400846 0.998257 61 36 18
3.2625 2.9925 0.000398779 0.0672066 0.0353817 0.997112 61 36 17
3.2625 3.0075 -0.000349987 0.0530371 0.0415676 0.997727 60 37 19
3.2625 3.0225 -0.000853519 0.0322618 0.0258457 0.999145 56 35 18
3.2625 3.0375 -0.00131579 0.0102994 -0.0170747 0.999801 50 36 22
3.2625 3.0525 -0.000469679 -0.0663353 -0.0878969 0.993918 33 23 12
3.2625 3.0675 0.00171182 -0.17275 -0.0875981 0.981063 21 16 7
3.2625 3.0825 0.00204473 -0.240527 0.0153017 0.970522 21 16 10
3.2625 3.0975 0.000241701 -0.255521 0.110349 0.960485 31 22 12
3.2625 3.1125 -0.00110705 -0.158494 0.0954772 0.982733 43 29 15
3.2625 3.1275 -0.00169789 -0.0872572 0.0748957 0.993366 53 35 20
3.2775 2.8875 0.00564175 0.0469799 0.0180578 0.998733 59 31 14
3.2775 2.9025 0.00551462 0.00590759 0.0791962 0.996842 61 33 15
3.2775 2.9175 0.00322135 0.0105314 0.0850214 0.996323 63 37 18
3.2775 2.9325 0.00281602 0.0681843 0.0307851 0.997198 63 39 20
3.2775 2.9475 0.00219927 0.0552014 0.0372862 0.997779 62 37 21
3.2775 2.9625 0.00157853 0.0439532 0.0483863 0.997861 62 38 21
3.2775 2.9775 0.0011411 0.00835353 0.0665187 0.99775 60 36 18
3.2775 2.9925 3.44373e-05 0.00230125 0.0352933 0.999374 60 35 16
3.2775 3.0075 -0.000987327 0.000225849 0.0609489 0.998141 60 36 16
3.2775 3.0225 -0.00149397 0.0322303 0.00117805 0.99948 57 36 20
3.2775 3.0375 -0.000945104 0.00409516 -0.0493328 0.998774 48 33 19
3.2775 3.0525 -3.71675e-06 -0.0490419 -0.172082 0.983861 28 21 11
3.2775 3.0675 0.00377315 -0.116642 -0.1782 0.977057 25 26 19
3.2775 3.0825 0.00574494 -0.196131 -0.0926111 0.976194 28 28 24
3.2775 3.0975 0.00661399 -0.338606 0.0957356 0.936045 20 17 12
3.2775 3.1125 0.00354654 -0.327364 0.217041 0.919634 28 18 10
3.2775 3.1275 -0.000713203 -0.187092 0.187704 0.964243 39 26 15
3.2925 2.8875 0.00540966 0.0514453 0.0945083 0.994194 56 30 12
3.2925 2.9025 0.00408406 0.0828903 0.0422976 0.995661 59 34 16
3.2925 2.9175 0.00403341 0.0312801 0.0736116 0.996796 62 37 18
3.2925 2.9325 0.00156022 -0.00721606 0.0684699 0.997627 61 36 19
3.2925 2.9475 0.00160757 0.0281944 0.0303306 0.999142 61 37 21
3.2925 2.9625 0.00104304 0.0292936 0.0453775 0.99854 59 36 21
3.2925 2.9775 0.000211063 0.0342427 0.0552069 0.997888 60 36 20
3.2925 2.9925 -0.000739268 0.051867 0.0266397 0.998299 59 35 16
3.2925 3.0075 -5.33098e-05 0.0136083 0.0215095 0.999676 60 37 17
3.2925 3.0225 -0.00174335 -0.0300123 0.0435561 0.9986 58 38 19
3.2925 3.0375 -0.00143034 0.0107675 -0.0763311 0.997024 47 34 20
3.2925 3.0525 0.000496819 0.0423545 -0.18186 0.982412 26 19 9
3.2925 3.0675 0.00595564 -0.00859811 -0.251247 0.967885 25 26 20
3.2925 3.07495 0.0075 0.0568962 -0.328942 0.942635 32 34 29
3.28585 3.0825 0.0075 -0.212334 -0.133489 0.968037 34 36 31
3.28065 3.0975 0.0075 -0.284854 -0.0233704 0.958286 20 17 12
3.2875 3.1125 0.0075 -0.319884 0.185858 0.929048 64 56 47
3.2925 3.11778 0.0075 -0.242926 0.29958 0.922626 68 59 49
3.2925 3.1275 0.0041539 -0.231926 0.308203 0.922617 43 32 22
3.3075 2.8875 0.00433467 0.0741237 0.0528997 0.995845 55 32 14
3.3075 2.9025 0.00291529 0.0468503 0.0776281 0.995881 58 35 16
3.3075 2.9175 0.00197153 0.0833204 0.013578 0.99643 59 35 18
3.3075 2.9325 0.00266615 0.0534 0.0424958 0.997669 59 35 18
3.3075 2.9475 0.00174623 0.0081646 0.0245125 0.999666 59 35 19
3.3075 2.9625 0.00066525 -0.0141483 0.0709284 0.997381 57 34 19
3.3075 2.9775 -1.0948e-05 0.0157495 0.0478972 0.998728 58 35 19
3.3075 2.9925 -0.000988044 -0.00464927 0.0561993 0.998409 60 37 19
3.3075 3.0075 -0.00175429 0.0418766 -0.00997872 0.999073 58 36 16
3.3075 3.0225 -0.000660854 0.0286641 0.0150082 0.999476 58 38 20
3.3075 3.0375 -0.00132569 0.0359845 -0.0309123 0.998874 54 38 22
3.3075 3.0525 0.000535406 0.0553097 -0.125257 0.990581 30 23 12
3.3075 3.0675 0.00148247 0.0995628 -0.269698 0.957784 20 16 9
3.3075 3.07844 0.0075 0.0675618 -0.457222 0.886783 22 20 14
3.3075 3.12524 0.0075 -0.182785 0.352943 0.917617 68 57 42
3.3075 3.1275 0.00629342 -0.131787 0.32888 0.935131 61 51 36
3.3225 2.8875 0.00275202 0.0358896 0.0665518 0.997137 58 34 15
3.3225 2.9025 0.00264808 0.0346987 0.0394433 0.998619 57 34 15
3.3225 2.9175 0.00168452 -0.00897933 0.0462732 0.998888 58 35 17
3.3225 2.9325 0.00100703 0.0195466 0.0517516 0.998469 57 34 16
3.3225 2.9475 9.72638e-05 0.0895173 -0.000866078 0.995985 58 34 18
3.3225 2.9625 0.00184486 0.0582512 0.0280724 0.997907 57 35 18
3.3225 2.9775 -0.000476571 0.0147306 0.0610074 0.998029 54 33 17
3.3225 2.9925 -0.000654247 0.0172801 0.0455328 0.998813 56 35 18
3.3225 3.0075 -0.00128322 0.0393596 0.0515391 0.997895 58 35 17
3.3225 3.0225 -0.00172464 0.0893737 0.00375434 0.995991 55 36 17
3.3225 3.0375 -0.00224325 0.0637521 -0.00104434 0.997965 51 35 19
3.3225 3.0525 -0.00216353 0.0703367 -0.144425 0.987013 43 32 20
3.3225 3.0675 0.00167332 0.0450914 -0.300935 0.952578 30 24 15
3.3225 3.08114 0.0075 -0.0093456 -0.439387 0.898249 28 22 13
3.31312 3.1275 0.0075 -0.155842 0.380881 0.911396 81 69 54
3.3375 2.8875 0.00303784 -0.0344656 0.100628 0.994327 58 35 16
3.3375 2.9025 0.00199032 0.0181157 0.0414953 0.998974 59 35 16
3.3375 2.9175 0.0019899 0.0523686 0.0198504 0.998431 57 33 15
3.3375 2.9325 0.00204653 0.0143386 0.0458581 0.998845 57 34 16
3.3375 2.9475 -0.000138368 -0.0287832 0.0838576 0.996062 56 34 16
3.3375 2.9625 -0.000815848 0.0551739 0.0159304 0.99835 56 36 17
3.3375 2.9775 -0.00111901 0.0749665 0.0440633 0.996212 54 34 15
3.3375 2.9925 -0.000946107 0.0565503 0.0251937 0.998082 54 33 18
3.3375 3.0075 -0.00245853 0.0165024 0.089055 0.99589 55 34 18
3.3375 3.0225 -0.0041998 0.0406555 0.0311856 0.998686 53 34 18
3.3375 3.0375 -0.00371244 0.0643285 -0.0355702 0.997295 51 35 20
3.3375 3.0525 -0.00207564 0.0250867 -0.190555 0.981356 44 30 18
3.3375 3.0675 0.00139937 -0.0510697 -0.337073 0.940093 34 23 13
3.3375 3.07836 0.0075 -0.0710738 -0.480398 0.874166 29 20 8
3.3525 2.8875 0.00436087 -0.0390108 0.0895963 0.995214 59 34 17
3.3525 2.9025 0.00230225 -0.0385498 0.0962202 0.994613 58 35 18
3.3525 2.9175 0.000763656 -0.00882147 0.0736257 0.997247 56 34 17
3.3525 2.9325 -0.000174563 0.0730592 0.0196269 0.997134 55 34 17
3.3525 2.9475 0.000627468 0.0603291 0.0279293 0.997788 55 34 17
3.3525 2.9625 -0.000315027 0.000347185 0.0560729 0.998427 53 34 17
3.3525 2.9775 -0.00153745 -0.00700024 0.072346 0.997355 51 33 16
3.3525 2.9925 -0.00293627 0.0295477 0.010347 0.99951 52 33 17
3.3525 3.0075 -0.00235135 0.0145608 0.0469276 0.998792 52 33 17
3.3525 3.0225 -0.00326302 0.00593042 0.0424588 0.999081 50 31 18
3.3525 3.0375 -0.00312418 0.00610612 -0.00457171 0.999971 47 29 17
3.3525 3.0525 -0.00364389 0.0269511 -0.241577 0.970007 38 23 13
3.3525 3.0675 0.00352858 -0.0338532 -0.389728 0.920307 32 19 7
3.3525 3.07719 0.0075 -0.107131 -0.460377 0.881236 33 21 6
3.3675 2.8875 0.00468821 0.0472576 0.00531203 0.998869 54 33 19
3.3675 2.9025 0.00245809 -0.0191326 0.0956041 0.995236 54 32 19
3.3675 2.9175 0.00199333 -0.0253135 0.0829584 0.996231 53 33 19
3.3675 2.9325 0.000302769 -0.0260559 0.0948351 0.995152 51 32 19
3.3675 2.9475 -0.00125298 0.0356328 0.0376065 0.998657 51 32 18
3.3675 2.9625 -0.00130636 0.0517629 0.0025067 0.998656 48 31 17
3.3675 2.9775 -0.00135356 0.000396801 0.0533168 0.998578 47 31 16
3.3675 2.9925 -0.00233631 0.00886275 0.038681 0.999212 45 29 15
3.3675 3.0075 -0.0018131 0.0237116 0.0311765 0.999233 46 30 16
3.3675 3.0225 -0.00387577 0.0033604 0.0659845 0.997815 44 28 15
3.3675 3.0375 -0.00441365 0.0120239 -0.0160822 0.999798 44 27 16
3.3675 3.0525 -0.00372781 -0.0214149 -0.257166 0.96613 39 23 14
3.3675 3.0675 0.00374407 -0.0504407 -0.464708 0.884026 33 19 7
3.3675 3.07211 0.0075 -0.13592 -0.567382 0.81216 52 38 24
3.3675 3.11777 0.0075 0.108676 0.256558 0.9604 89 73 58
3.35347 3.1275 0.0075 0.17852 0.231958 0.956204 54 39 21
3.3675 3.1275 0.00486445 0.112346 0.205308 0.972228 51 36 21
3.1425 2.8875 0.00808368 -0.00339217 0.0382489 0.999262 206 176 134
3.1875 2.8875 0.00860233 0.011568 0.0106898 0.999876 68 40 19
3.1875 2.9475 0.00757929 0 0 1 67 38 19
3.2925 3.0825 0.00902533 -0.161723 -0.187637 0.968833 37 39 34
3.2925 3.0975 0.011662 -0.239301 0.0265274 0.970583 31 27 19
3.2925 3.1125 0.00879756 -0.234551 0.25758 0.937357 81 74 64
3.3075 3.0825 0.00984186 0.0298165 -0.307519 0.951075 26 24 16
3.3075 3.0975 0.0138961 -0.0481947 -0.0896011 0.994811 77 70 55
3.3075 3.1125 0.0128819 -0.133843 0.222746 0.965645 128 117 100
3.3225 3.0825 0.00815638 -0.0160798 -0.326705 0.94499 29 23 14
3.3225 3.0975 0.0134534 0.0249964 -0.123326 0.992051 79 69 53
3.3225 3.1125 0.0128428 0.0301879 0.142468 0.989339 115 104 86
3.3225 3.1275 0.00902519 -0.0319876 0.278334 0.959951 112 98 82
3.3375 2.96061 0.2475 -0.57735 -0.57735 -0.57735 17 19 7
3.33561 2.9625 0.2475 -0.707107 0 -0.707107 20 22 8
3.3375 2.9625 0.245605 -0.707107 0 -0.707107 17 19 6
3.3375 2.96439 0.2475 -0.57735 0.57735 -0.57735 24 25 12
3.3375 3.0825 0.0104454 -0.0520698 -0.314001 0.947994 42 33 19
3.3375 3.0975 0.0140971 -0.0225771 -0.0376979 0.999034 105 96 78
3.3375 3.1125 0.0118584 0.0742327 0.14563 0.98655 159 147 129
3.3375 3.1275 0.00876867 0.0497639 0.212655 0.975859 55 41 25
3.3525 3.0825 0.0101662 -0.0206081 -0.2196 0.975372 48 36 20
3.3525 3.0975 0.0144123 0.0880642 -0.0100305 0.996064 125 114 94
3.3525 3.1125 0.00968543 0.0734734 0.20469 0.976065 149 136 117
3.3525 3.1275 0.00766758 0.0987961 0.167782 0.980861 54 39 21
3.3675 3.0825 0.0139779 -0.147172 -0.0359891 0.988456 128 114 97
3.3675 3.0975 0.0106619 0.0617678 0.0819722 0.994719 163 149 131
3.3675 3.1125 0.00887803 0.0936118 0.186693 0.977948 102 87 72
3.37239 3.2325 0.7275 0.218931 0.0688936 0.973305 79 85 87
3.3675 3.22741 0.7275 0.0787654 -0.236662 0.968394 78 85 86
3.3675 3.2325 0.72846 3.87052e-18 0 1 77 83 86
3.3675 3.23888 0.7275 0 0.156796 0.987631 80 87 89
3.36828 3.2775 0.7275 0.26115 0.169365 0.950324 70 79 79
3.3675 3.27352 0.7275 0.19637 -0.0514405 0.97918 74 82 83
3.3675 3.2775 0.727699 0 0 1 70 79 79
3.3675 3.27841 0.7275 -0.0293945 0.232317 0.972196 70 79 79
3.5625 3.15633 0.8325 -0.896783 -0.387212 0.214118 52 57 51
3.56234 3.1575 0.8325 -1 8.81014e-18 0 53 57 52
3.5625 3.1575 0.830936 -0.90939 -0.349194 -0.225994 52 56 50
3.5625 3.1575 0.83463 -0.860082 0.449529 0.241209 51 56 51
3.5625 3.15795 0.8325 -0.851491 0.498699 -0.162055 53 57 51
3.56769 3.1275 0.7275 -0.871936 0.482558 0.0828555 51 52 47
3.57581 3.1425 0.7275 -0.866086 0.495627 -0.0651849 53 55 55
3.56679 3.1275 0.7425 -0.943201 0.319843 0.0898438 50 52 51
3.57426 3.1425 0.7425 -0.893965 0.439524 -0.0874376 51 58 58
3.56858 3.1275 0.7575 -0.997468 0.0650678 0.0287075 47 55 53
3.57149 3.1425 0.7575 -0.944667 0.276011 -0.177262 51 59 56
3.56859 3.1275 0.7725 -0.995398 -0.0904493 0.0316408 48 57 53
3.56886 3.1425 0.7725 -0.991043 0.103668 -0.084181 47 53 49
3.57018 3.1275 0.7875 -0.981356 -0.179936 0.0675581 46 57 53
3.5675 3.1425 0.7875 -0.996018 0.0878484 -0.0152193 47 50 45
3.57184 3.1275 0.8025 -0.950772 -0.29292 0.101144 48 58 56
3.5673 3.1425 0.8025 -0.999958 -0.00169716 0.00905321 50 53 49
3.57349 3.1275 0.8175 -0.92994 -0.345167 0.126772 46 57 54
3.56854 3.1425 0.8175 -0.977389 -0.21142 -0.00348782 47 54 49
3.57617 3.1275 0.8325 -0.896746 -0.415495 0.152353 48 59 53
3.56843 3.1425 0.8325 -0.919003 -0.382649 0.0949342 45 54 50
3.5775 3.13162 0.8475 -0.897081 -0.402833 0.181583 50 60 56
3.57292 3.1425 0.8475 -0.889482 -0.399234 0.222335 47 56 54
3.5775 3.1275 0.83815 -0.888712 -0.415599 0.193565 49 60 54
3.5775 3.13844 0.8625 -0.900177 -0.396669 0.179821 51 59 56
3.57612 3.1425 0.8625 -0.920854 -0.318486 0.224931 50 58 56
3.5775 3.1425 0.871139 -0.962028 -0.214474 0.168828 52 60 57
3.5775 3.14475 0.7275 -0.829562 0.554959 -0.0620208 54 55 56
3.5775 3.14599 0.7425 -0.815265 0.569088 -0.107155 57 64 64
3.5775 3.15221 0.7575 -0.807427 0.530403 -0.258329 57 63 59
3.57385 3.1575 0.7725 -0.897783 0.424281 -0.118203 66 64 58
3.5775 3.1575 0.762242 -0.773193 0.527543 -0.351951 57 61 56
3.57393 3.1575 0.7875 -0.91466 0.385297 -0.122246 65 62 53
3.57103 3.1575 0.8025 -0.961772 0.193643 -0.193644 61 57 48
3.56576 3.1575 0.8175 -0.957582 0.196992 -0.210313 50 51 41
3.56645 3.1575 0.8475 -0.967236 -0.05916 0.246891 45 52 50
3.57123 3.1575 0.8625 -0.963264 0.00160916 0.26855 48 56 55
3.5775 3.14904 0.8775 -0.957264 -0.16632 0.236607 52 60 58
3.57588 3.1575 0.8775 -0.972828 -0.0823861 0.216377 49 59 58
3.5775 3.1575 0.882142 -0.953262 -0.169068 0.250415 49 59 58
3.5775 3.16115 0.7725 -0.733048 0.655835 -0.180335 64 62 55
3.5775 3.1625 0.7875 -0.772881 0.610152 -0.174268 67 62 53
3.57624 3.1725 0.8025 -0.885501 0.42331 -0.191565 66 57 44
3.5775 3.1725 0.800573 -0.719058 0.553212 -0.42061 64 55 41
3.575 3.1725 0.8175 -0.861507 0.467219 -0.198775 57 54 42
3.57095 3.1725 0.8325 -0.901733 0.42795 -0.0611336 52 54 44
3.57157 3.1725 0.8475 -0.952601 0.285546 0.10495 49 52 45
3.57362 3.1725 0.8625 -0.957346 0.224326 0.182119 46 52 47
3.57569 3.1725 0.8775 -0.988015 0.0926053 0.123495 47 57 52
3.5775 3.1709 0.8925 -0.949145 -0.168016 0.26626 52 60 54
3.57737 3.1725 0.8925 -0.985034 -0.0610938 0.161167 52 60 54
3.5775 3.1725 0.893513 -0.954269 0 0.298951 53 61 54
3.5775 3.17376 0.8025 -0.786236 0.551277 -0.279155 66 57 44
3.5775 3.17672 0.8175 -0.818437 0.535264 -0.208933 70 67 55
3.57628 3.1875 0.8325 -0.92844 0.359815 -0.0923763 63 62 50
3.5775 3.1875 0.83028 -0.764214 0.500295 -0.407039 66 66 54
3.57608 3.1875 0.8475 -0.936231 0.334336 0.108121 57 58 49
3.5775 3.18093 0.8625 -0.906262 0.37135 0.201962 46 52 46
3.5775 3.1875 0.85544 -0.757832 0.619269 0.205417 44 48 40
3.5775 3.17536 0.8775 -0.856772 0.488453 0.165394 47 57 51
3.5775 3.17267 0.8925 -0.787138 0.581222 0.206385 52 60 54
3.5775 3.18872 0.8325 -0.376209 0.921333 -0.0980419 64 64 52
3.5775 3.18892 0.8475 -0.476463 0.876301 -0.0712653 56 58 49
3.57978 3.1275 0.8475 -0.847807 -0.49276 0.195986 51 61 56
3.58266 3.1275 0.8625 -0.832107 -0.508331 0.221804 52 61 56
3.58727 3.1275 0.8775 -0.818692 -0.534864 0.20896 53 61 58
3.57875 3.1425 0.8775 -0.899369 -0.382073 0.212499 53 61 57
3.59004 3.1275 0.8925 -0.845677 -0.490914 0.209366 54 62 57
3.58227 3.1425 0.8925 -0.918313 -0.310088 0.246063 53 60 56
3.5925 3.13169 0.9075 -0.812472 -0.473402 0.340264 55 64 58
3.58679 3.1425 0.9075 -0.899999 -0.294436 0.321418 55 63 57
3.5925 3.1275 0.899811 -0.817454 -0.508715 0.270146 54 63 58
3.5925 3.1425 0.920862 -0.884264 -0.268681 0.381953 57 68 63
3.58546 3.1575 0.7275 -0.793456 0.606083 -0.0555896 62 67 67
3.58514 3.1575 0.7425 -0.801472 0.5516 -0.231042 70 78 77
3.58056 3.1575 0.7575 -0.831894 0.505099 -0.229841 58 64 59
3.57991 3.1575 0.8925 -0.957659 -0.156227 0.241832 49 59 57
3.58309 3.1575 0.9075 -0.925767 -0.145599 0.348935 54 63 60
3.5925 3.14747 0.9225 -0.874512 -0.124102 0.468858 58 68 63
3.59122 3.1575 0.9225 -0.873927 -0.07652 0.479997 58 67 61
3.5925 3.1575 0.924832 -0.670363 -0.00257574 0.742029 58 67 60
3.5925 3.16456 0.7275 -0.779168 0.626609 -0.016052 71 78 78
3.5925 3.16528 0.7425 -0.747963 0.647528 -0.145805 80 87 85
3.58787 3.1725 0.7575 -0.814281 0.543167 -0.204732 71 70 63
3.5925 3.1725 0.750491 -0.685613 0.570557 -0.452105 82 85 80
3.5868 3.1725 0.7725 -0.816542 0.548166 -0.181032 76 69 59
3.58518 3.1725 0.7875 -0.867208 0.432053 -0.247548 72 64 52
3.58207 3.1725 0.9075 -0.893209 0.187987 0.408458 58 65 58
3.59232 3.1725 0.9225 -0.82852 0.0691087 0.555679 61 65 57
3.5925 3.1725 0.922633 -0.639959 0.294055 0.709919 61 65 57
3.5925 3.17713 0.7575 -0.710871 0.66082 -0.24079 74 72 64
3.5925 3.1782 0.7725 -0.719957 0.665883 -0.195605 73 65 54
3.58867 3.1875 0.7875 -0.881371 0.433303 -0.188236 98 81 64
3.5925 3.1875 0.783674 -0.634418 0.581778 -0.508968 83 71 56
3.58681 3.1875 0.8025 -0.810846 0.559647 -0.171243 87 78 62
3.5844 3.1875 0.8175 -0.709039 0.659092 -0.250724 95 91 79
3.58013 3.1875 0.8625 -0.757884 0.604289 0.245859 45 51 44
3.58527 3.1875 0.8775 -0.765783 0.616575 0.182789 49 55 48
3.58828 3.1875 0.8925 -0.75974 0.60561 0.236709 53 59 52
3.5925 3.18438 0.9075 -0.74809 0.568874 0.341678 57 61 53
3.5925 3.1875 0.904593 -0.752789 0.620815 0.218856 58 61 52
3.5925 3.17274 0.9225 -0.740436 0.522765 0.422459 60 65 57
3.5925 3.19133 0.7875 -0.514426 0.842132 -0.1618 95 80 63
3.5925 3.19319 0.8025 -0.62185 0.748381 -0.230711 98 90 74
3.5925 3.19313 0.8175 -0.633471 0.772122 -0.0504162 86 84 72
3.5925 3.19302 0.8325 -0.568127 0.821922 -0.0409312 81 81 72
3.5925 3.19492 0.8475 -0.529309 0.837332 -0.13677 69 72 62
3.5925 3.1996 0.8625 -0.657404 0.753351 0.0167943 48 53 42
3.5925 3.19437 0.8775 -0.73169 0.649649 0.206364 50 56 48
3.5925 3.19052 0.8925 -0.736902 0.654788 0.168014 56 60 53
3.59544 3.1275 0.9075 -0.747088 -0.591796 0.302717 54 65 58
3.60235 3.1275 0.9225 -0.760253 -0.497149 0.418161 53 64 62
3.59335 3.1425 0.9225 -0.768818 -0.290179 0.569838 57 69 64
3.6075 3.13588 0.9375 -0.757966 -0.304736 0.576735 57 68 65
3.60494 3.1425 0.9375 -0.783551 -0.232183 0.576314 58 68 64
3.6075 3.1275 0.931001 -0.783684 -0.413183 0.46381 54 65 63
3.6075 3.1425 0.939829 -0.59334 0.0852552 0.800425 58 68 64
3.6075 3.15159 0.9375 -0.701407 0.035814 0.711861 61 67 61
3.6075 3.1575 0.936194 -0.614046 0.0283644 0.78876 62 66 58
3.59885 3.1725 0.7275 -0.783434 0.62141 -0.00899337 79 87 87
3.59786 3.1725 0.7425 -0.781538 0.585366 -0.215741 88 95 92
3.6075 3.1725 0.936701 -0.52384 0.325882 0.787015 72 71 60
3.6075 3.18292 0.7275 -0.781108 0.621647 0.0585243 94 102 102
3.6075 3.18531 0.7425 -0.758398 0.605094 -0.242268 76 80 75
3.6025 3.1875 0.7575 -0.749527 0.637672 -0.177718 82 76 66
3.6075 3.1875 0.746083 -0.68848 0.651911 -0.317816 77 79 72
3.60023 3.1875 0.7725 -0.779677 0.535041 -0.325323 70 61 50
3.59387 3.1875 0.9075 -0.768497 0.550372 0.326348 58 61 52
3.60171 3.1875 0.9225 -0.686384 0.539456 0.487713 62 62 50
3.6075 3.1875 0.926653 -0.433112 0.460155 0.77503 69 68 55
3.6075 3.1925 0.7575 -0.671523 0.671523 -0.313231 85 76 64
3.6075 3.19982 0.7725 -0.683784 0.713153 -0.15444 104 88 72
3.6075 3.19479 0.7875 -0.376983 0.91958 -0.110705 114 107 91
3.60022 3.2025 0.8025 -0.734611 0.663403 -0.142278 106 99 84
3.6075 3.2025 0.795216 -0.606283 0.54812 -0.576182 103 100 86
3.60024 3.2025 0.8175 -0.76101 0.648532 -0.0164255 107 104 90
3.60034 3.2025 0.8325 -0.786132 0.616222 -0.0476195 100 98 88
3.59847 3.2025 0.8475 -0.734976 0.669747 -0.106062 73 75 65
3.59431 3.2025 0.8625 -0.675612 0.735624 0.0490596 48 53 41
3.59816 3.2025 0.8775 -0.725529 0.667289 0.168323 50 55 46
3.60185 3.2025 0.8925 -0.745633 0.641116 0.181663 57 61 52
3.60539 3.2025 0.9075 -0.716043 0.608928 0.341304 62 64 53
3.6075 3.19153 0.9225 -0.575567 0.605829 0.549267 69 68 55
3.6075 3.2025 0.910614 -0.619466 0.591726 0.515871 62 63 51
3.6075 3.20978 0.8025 -0.689041 0.689041 -0.224597 104 99 86
3.6075 3.20976 0.8175 -0.706446 0.706446 -0.0432087 105 103 89
3.6075 3.21256 0.8325 -0.784486 0.61842 -0.0462494 97 96 85
3.6075 3.21325 0.8475 -0.780796 0.624174 -0.0276437 71 73 63
3.6075 3.21233 0.8625 -0.651343 0.758747 -0.0074584 65 67 57
3.6075 3.21026 0.8775 -0.644538 0.753754 0.128162 66 69 58
3.6075 3.20769 0.8925 -0.709489 0.69232 0.131601 81 83 73
3.6075 3.20461 0.9075 -0.686598 0.653358 0.318914 69 71 59
3.3075 3.3675 -0.00911966 0.0377776 -0.105264 0.993726 168 130 85
3.3225 3.3675 -0.00973535 0.0249368 -0.0895387 0.995671 157 120 75
3.3825 2.5425 0.00451444 0.0713034 0.00152349 0.997454 94 64 48
3.3675 2.5425 0.0032195 -0.0772906 -0.0281557 0.996611 93 63 44
3.3825 2.5575 0.00480657 0.0291217 0.00553573 0.999561 87 56 37
3.3675 2.5575 0.00377491 -0.0218774 0.0522294 0.998395 94 64 45
3.3825 2.5725 0.00352554 -0.00740564 0.0554129 0.998436 88 57 38
3.3675 2.5725 0.00256832 -0.00737482 0.0430263 0.999047 89 59 40
3.3825 2.5875 0.00335282 0.0365611 -0.0305214 0.998865 88 57 40
3.3675 2.5875 0.0035402 -0.0211115 -0.0264977 0.999426 85 55 37
3.3825 2.6025 0.0041213 0.0139941 0.0120897 0.999829 84 55 39
3.3675 2.6025 0.00291828 -0.0266441 0.0206002 0.999433 81 53 34
3.3825 2.6175 0.00319953 0.00681725 -0.0140822 0.999878 81 54 35
3.3675 2.6175 0.00306827 0.0230844 -0.0518742 0.998387 80 51 33
3.3825 2.6325 0.00422817 0.0356735 -0.0289037 0.998945 79 52 33
3.3675 2.6325 0.00428902 -0.018842 -0.000496785 0.999822 72 46 27
3.3825 2.6475 0.00430176 0.0456702 -0.0350398 0.998342 73 47 30
3.3675 2.6475 0.00344285 -0.028022 -0.0261763 0.999265 70 45 28
3.3975 2.5275 0.00206226 -0.0133832 -0.0437255 0.998954 95 65 43
3.3975 2.5425 0.00273111 0.0259329 0.0271462 0.999295 96 67 48
3.3975 2.5575 0.00207812 0.0879161 -0.0166802 0.995988 93 63 43
3.3975 2.5725 0.00300208 0.044572 0.0123261 0.99893 89 59 40
3.3975 2.5875 0.0021212 0.013674 0.00120694 0.999906 87 59 42
3.3975 2.6025 0.00270785 0.0392946 -0.00104421 0.999227 85 59 40
3.3975 2.6175 0.00254808 0.060253 -0.01077 0.998125 82 55 36
3.3975 2.6325 0.0034519 0.0548431 -0.0149494 0.998383 83 56 37
3.3975 2.6475 0.00263076 0.0500202 -0.0129572 0.998664 77 49 32
3.4125 2.5275 0.0022755 -0.0144278 -0.0183554 0.999727 91 61 41
3.4125 2.5425 0.00291979 -0.0150385 -0.0083083 0.999852 95 65 44
3.4125 2.5575 0.00192701 -0.0556471 -0.00232974 0.998448 94 65 43
3.4125 2.5725 0.00260021 -0.041994 -0.00525702 0.999104 90 61 41
3.4125 2.5875 0.00268454 -0.0103969 -0.00909144 0.999905 85 56 38
3.4125 2.6025 0.00333709 -0.0215283 0.0214678 0.999538 85 57 39
3.4125 2.6175 0.00180889 -0.0144061 0.0165749 0.999759 83 56 37
3.4125 2.6325 0.00221368 0.0162932 -0.00842003 0.999832 84 56 37
3.4125 2.6475 0.00236731 0.0298575 -0.0353274 0.99893 78 49 32
3.4275 2.5125 0.00410261 0.060697 0.0602615 0.996335 83 55 36
3.4275 2.5275 0.00304693 0.0267692 0.0420518 0.998757 82 54 34
3.4275 2.5425 0.00258456 0.0380778 -0.0118052 0.999205 85 58 37
3.4275 2.5575 0.00336054 0.0379813 -0.0510924 0.997971 83 58 37
3.4275 2.5725 0.0048627 -0.0147136 -0.000223394 0.999892 79 55 35
3.4275 2.5875 0.00289724 -0.0250286 0.0382604 0.998954 76 51 31
3.4275 2.6025 0.00312268 0.026359 0.0263482 0.999305 81 53 34
3.4275 2.6175 0.00235433 0.0408069 0.00414202 0.999158 83 57 36
3.4275 2.6325 0.0032688 0.0165343 0.011588 0.999796 82 54 35
3.4275 2.6475 0.00200607 0.0393603 -0.00983523 0.999177 77 49 31
3.4425 2.5125 0.00304037 0.0671047 0.0489636 0.996544 82 54 37
3.4425 2.5275 0.00228155 0.0456297 0.0319185 0.998448 82 54 37
3.4425 2.5425 0.00173573 0.0221776 0.0317581 0.99925 80 55 36
3.4425 2.5575 0.00152752 0.0642892 -0.0343893 0.997339 77 55 36
3.4425 2.5725 0.00257166 0.100199 -0.0421751 0.994073 70 49 31
3.4425 2.5875 0.00284517 0.0717159 0.0200316 0.997224 70 47 29
3.4425 2.6025 0.00279385 0.039487 0.0443505 0.998235 71 45 27
3.4425 2.6175 0.000854139 0.0356551 0.0276086 0.998983 72 47 28
3.4425 2.6325 0.00171699 0.0553384 -0.00821773 0.998434 71 46 28
3.4425 2.6475 0.000965603 0.0279398 0.00254136 0.999606 70 44 28
3.4575 2.4975 0.00289042 0.0400479 0.066645 0.996973 75 46 26
3.4575 2.5125 0.00202367 0.0374042 0.0326536 0.998767 79 52 34
3.4575 2.5275 0.00133031 0.0271566 0.000532119 0.999631 82 55 37
3.4575 2.5425 0.00211815 -0.019621 -0.00411383 0.999799 77 54 36
3.4575 2.5575 0.00122823 -0.0677145 -0.00365466 0.997698 68 49 33
3.4575 2.5725 0.00188366 -0.0411992 0.00269992 0.999147 61 43 29
3.4575 2.5875 0.00156458 0.0203207 0.0212117 0.999568 60 41 26
3.4575 2.6025 0.00127781 0.0572807 0.0249865 0.998045 65 42 26
3.4575 2.6175 0.00103584 0.053336 0.0234896 0.9983 63 39 21
3.4575 2.6325 0.00147059 0.0635114 -0.00862714 0.997944 62 40 22
3.4575 2.6475 0.00107395 0.0497973 -0.0339554 0.998182 64 41 25
3.4725 2.4975 0.00242384 0.0751883 0.037984 0.996446 72 44 24
3.4725 2.5125 0.00128516 0.0469851 0.0301504 0.99844 76 50 30
3.4725 2.5275 0.001577 0.0372847 -0.0170179 0.99916 78 53 33
3.4725 2.5425 0.00209895 -0.0145337 -0.10233 0.994644 72 51 33
3.4725 2.5575 0.00321926 -0.133627 -0.0444118 0.990036 47 34 21
3.4725 2.5725 0.00422612 -0.222776 0.00201361 0.974867 36 24 13
3.4725 2.5875 0.00226606 -0.177817 0.117647 0.977006 41 28 17
3.4725 2.6025 0.00129438 -0.0497968 0.080835 0.995483 54 37 21
3.4725 2.6175 0.000150002 0.00482794 0.0375133 0.999284 60 38 20
3.4725 2.6325 -0.000413508 0.000667001 -0.00458956 0.999989 59 37 19
3.4725 2.6475 -0.000574545 0.00383246 -0.0213645 0.999764 60 39 22
3.4875 2.4825 0.000801509 -0.0201243 0.0130124 0.999713 78 51 30
3.4875 2.4975 0.00010903 0.0232103 0.00803685 0.999698 76 50 30
3.4875 2.5125 0.000671003 0.0532486 -0.00318379 0.998576 77 52 31
3.4875 2.5275 0.000513649 0.0260818 -0.0208104 0.999443 78 55 34
3.4875 2.5425 0.00111233 0.032359 -0.182969 0.982586 60 43 26
3.4875 2.5575 0.00629927 -0.108718 -0.199609 0.973826 20 13 4
3.4875 2.56353 0.0075 -0.241747 -0.411665 0.878687 21 16 7
3.48249 2.5725 0.0075 -0.327838 -0.0458588 0.94362 27 21 12
3.48676 2.5875 0.0075 -0.335188 0.11291 0.935361 27 19 8
3.4875 2.58826 0.0075 -0.26505 0.286437 0.920708 27 19 8
3.4875 2.6025 0.00309849 -0.166905 0.213029 0.962684 46 31 16
3.4875 2.6175 0.000309213 -0.0775198 0.0793641 0.993827 58 36 18
3.4875 2.6325 0.000588344 -0.0420289 -0.0400285 0.998314 61 38 18
3.4875 2.6475 0.00201575 -0.0873254 -0.00978496 0.996132 59 38 19
3.5025 2.4825 0.000606224 -0.0564596 0.0535511 0.996968 79 52 34
3.5025 2.4975 0.000908219 -0.00402179 0.033334 0.999436 80 53 35
3.5025 2.5125 -5.60513e-06 0.024161 -0.00385313 0.999701 78 51 32
3.5025 2.5275 0.000610782 0.0262908 -0.0375366 0.998949 79 54 34
3.5025 2.5425 0.00131026 0.00496968 -0.180513 0.98356 65 48 32
3.5025 2.5575 0.00597609 -0.00200179 -0.315323 0.948982 32 26 16
3.5025 2.56022 0.0075 -0.144072 -0.685724 0.713461 35 30 21
3.5025 2.59845 0.0075 -0.28106 0.47094 0.836194 42 31 17
3.5025 2.6025 0.00482075 -0.185627 0.259962 0.947609 43 30 13
3.5025 2.6175 0.00237561 -0.130594 0.129151 0.982988 57 35 14
3.5025 2.6325 0.00135314 -0.0809462 -0.00308368 0.996714 63 38 15
3.5025 2.6475 0.00211223 -0.0770642 -0.0744882 0.99424 62 38 15
3.5175 2.4675 0.00260302 -0.00050741 -0.012529 0.999921 82 52 32
3.5175 2.4825 0.00363963 -0.0505401 0.0909712 0.99457 80 51 33
3.5175 2.4975 0.000618507 -0.0811117 0.101159 0.991558 81 52 33
3.5175 2.5125 -0.00046711 -0.0171446 0.041372 0.998997 81 52 33
3.5175 2.5275 -8.73227e-05 0.0209527 -0.0540525 0.998318 80 53 33
3.5175 2.5425 0.000820148 0.00875659 -0.169393 0.98551 68 48 31
3.5175 2.5575 0.00600858 -0.0302421 -0.36461 0.930669 54 48 39
3.5175 2.55928 0.0075 -0.0615591 -0.744319 0.664981 57 52 43
3.50968 2.6025 0.0075 -0.306163 0.505557 0.806645 43 30 12
3.5175 2.60955 0.0075 -0.29001 0.333389 0.897076 56 39 17
3.5175 2.6175 0.00476882 -0.200838 0.192406 0.960544 68 46 22
3.5175 2.6325 0.00266854 -0.135184 0.0441492 0.989836 85 57 29
3.5175 2.6475 0.00319461 -0.088014 -0.100586 0.991028 95 69 41
3.5325 2.4675 0.00345929 -0.0797066 0.0477466 0.995674 81 50 23
3.5325 2.4825 0.00279859 -0.0368694 0.0159961 0.999192 81 50 24
3.5325 2.4975 0.00231615 -0.061874 0.104448 0.992604 83 52 28
3.5325 2.5125 0.00104583 -0.0489797 0.086611 0.995037 84 51 27
3.5325 2.5275 -0.000355909 -0.000418245 -0.0220214 0.999757 82 52 26
3.5325 2.5425 0.00132611 0.0119182 -0.26383 0.964496 79 56 33
3.5325 2.55351 0.0075 0.0964358 -0.48142 0.871169 78 65 49
3.52321 2.5575 0.0075 -0.204411 -0.483711 0.851023 64 56 46
3.52794 2.6175 0.0075 -0.258332 0.310474 0.914806 113 89 62
3.5325 2.62282 0.0075 -0.252334 0.223971 0.941363 138 112 84
3.5325 2.6325 0.00521417 -0.205688 0.0860304 0.974829 138 109 79
3.5325 2.6475 0.00537082 -0.16984 -0.0411945 0.98461 148 120 85
3.5475 2.4525 0.0056169 -0.0170147 0.0384586 0.999115 143 109 69
3.5475 2.4675 0.00492025 -0.0409418 0.0553504 0.997627 119 85 48
3.5475 2.4825 0.00408373 -0.0467334 0.0386023 0.998161 108 75 41
3.5475 2.4975 0.0038926 -0.0566091 0.088905 0.99443 114 81 47
3.5475 2.5125 0.000948839 -0.074993 0.109337 0.991172 132 98 62
3.5475 2.5275 -0.000455289 -0.0645003 0.0363294 0.997256 119 85 50
3.5475 2.5425 0.000586759 0.0069364 -0.171397 0.985178 126 97 64
3.53994 2.5575 0.0075 0.1952 -0.64403 0.739677 99 86 66
3.5475 2.5575 0.00481157 0.112108 -0.39602 0.911373 117 101 75
3.5475 2.5595 0.0075 -0.0279333 -0.836091 0.547879 114 99 74
3.54126 2.6325 0.0075 -0.277736 0.136116 0.950965 152 126 92
3.54264 2.6475 0.0075 -0.241103 -0.0116439 0.97043 157 130 92
3.5625 2.4525 0.00575309 -0.0627337 0.0326327 0.997497 190 153 105
3.5625 2.4675 0.00529495 -0.013071 0.0429672 0.998991 185 148 103
3.5625 2.4825 0.00433572 -0.0408847 0.0418486 0.998287 176 141 97
3.5625 2.4975 0.00357113 -0.0526327 0.0644112 0.996534 171 137 93
3.5625 2.5125 0.00227709 -0.0595749 0.0782795 0.99515 173 136 92
3.5625 2.5275 0.00231522 -0.104299 0.0214722 0.994314 172 137 93
3.5625 2.5425 0.00116248 -0.124358 -0.0741528 0.989463 162 131 90
3.5625 2.5575 0.00460454 -0.0968448 -0.337923 0.936178 159 136 102
3.5625 2.55952 0.0075 -0.0236145 -0.843129 0.537192 150 128 95
3.5775 2.4375 0.00604808 0.0245426 -0.0286972 0.999287 192 152 101
3.5775 2.45096 0.0075 0.190894 -0.10326 0.976164 190 152 100
3.5761 2.4525 0.0075 -0.125647 -0.0894981 0.98803 190 152 100
3.5775 2.45353 0.0075 -0.109769 0.162651 0.980559 190 152 100
3.5775 2.4675 0.00518573 0.0411961 0.0379079 0.998432 189 151 102
3.5775 2.4825 0.00484616 -0.0394619 0.0183143 0.999053 186 149 101
3.5775 2.4975 0.0053575 -0.0410519 0.0465977 0.99807 186 149 100
3.5775 2.5125 0.00384872 -0.0765452 0.0765969 0.99412 185 146 98
3.5775 2.5275 0.0022248 -0.0709842 -0.00416473 0.997469 190 153 104
3.5775 2.5425 0.00391459 -0.0893763 -0.15445 0.98395 183 149 105
3.5775 2.55369 0.0075 0.0386301 -0.303503 0.952047 172 145 108
3.57361 2.5575 0.0075 -0.241599 -0.397053 0.885426 168 143 109
3.5925 2.4375 0.0061158 0.014492 0.0641239 0.997837 190 150 98
3.57811 2.4525 0.0075 0.21729 0.135299 0.966685 190 152 100
3.5925 2.4525 0.00429321 0.0515831 0.0698259 0.996225 188 149 97
3.5925 2.4675 0.00324255 0.0471966 -0.0491445 0.997676 187 149 98
3.5925 2.4825 0.00624242 0.0474519 -0.0388047 0.998119 185 149 98
3.5925 2.4975 0.00520826 -0.00890792 0.0325863 0.999429 186 149 100
3.5925 2.5125 0.00376583 -0.0524457 0.0341383 0.99804 185 147 97
3.5925 2.5275 0.00439076 -0.098971 -0.0112928 0.995026 188 150 99
3.5925 2.5425 0.00459667 -0.088196 -0.0741018 0.993343 183 147 100
3.58695 2.5575 0.0075 0.117119 -0.384386 0.915713 175 148 111
3.5925 2.5575 0.00673333 0.016381 -0.210369 0.977485 178 151 112
3.5925 2.55826 0.0075 0.174386 -0.57869 0.796686 174 147 109
3.6075 2.4225 0.0061366 0.0383675 0.0886228 0.995326 189 150 99
3.6075 2.4375 0.0044672 0.054954 0.00548929 0.998474 185 148 98
3.6075 2.4525 0.00522054 0.0146003 0.00814632 0.99986 187 149 100
3.6075 2.4675 0.00442329 -0.0527698 0.0466985 0.997514 187 149 99
3.6075 2.4825 0.0042193 0.0399372 -0.0224297 0.99895 186 149 100
3.6075 2.4975 0.00412645 0.0680592 -0.0295245 0.997244 183 147 99
3.6075 2.5125 0.00563385 -0.0237314 -0.0497485 0.99848 185 150 101
3.6075 2.5275 0.00569913 -0.0861989 -0.0231739 0.996008 184 147 100
3.6075 2.5425 0.00668281 -0.0735264 -0.037885 0.996573 182 147 102
3.6075 2.5575 0.00702175 -0.0499594 -0.0875281 0.994908 181 153 115
3.6075 2.55834 0.0075 -0.0146819 -0.390552 0.920464 179 151 113
3.37439 3.1275 0.4575 0.662537 0.662537 0.349412 37 37 36
3.3675 3.13439 0.4575 0 0.884528 0.466486 52 47 41
3.3675 3.1275 0.47057 0 0.884528 0.466486 43 44 41
3.43675 3.2025 0.2775 -0.57735 0.57735 0.57735 88 77 64
3.4425 3.20825 0.2775 -0.57735 0.57735 0.57735 89 80 68
3.4425 3.2025 0.283255 -0.57735 0.57735 0.57735 92 85 74
3.44637 3.1275 0.4125 0.35841 0.665504 0.654711 83 76 68
3.4425 3.1301 0.4125 0.390756 0.581209 0.713797 78 72 64
3.4425 3.1275 0.414617 0.263441 0.574835 0.774702 81 74 66
3.47037 3.1425 0.3975 0.41618 0.550549 0.723664 88 75 62
3.4575 3.15223 0.3975 0.41618 0.550549 0.723664 82 74 63
3.4575 3.1425 0.404899 0.41618 0.550549 0.723664 96 88 77
3.56137 3.1275 0.4425 -0.929074 0.324612 -0.177336 48 41 34
3.5625 3.12901 0.4425 0.0634389 0.996909 -0.0463459 48 41 34
3.5625 3.1275 0.441047 -0.0309987 0.688828 -0.724262 48 41 34
3.56059 3.1275 0.4575 -0.740845 0.65554 -0.146342 40 36 30
3.5625 3.12922 0.4575 -0.0291458 0.999246 0.0256578 40 36 30
3.56144 3.1275 0.4725 -0.65309 0.75716 0.0134584 38 36 30
3.5625 3.12812 0.4725 -0.0171432 0.999822 -0.00788864 38 36 30
3.56056 3.1275 0.4875 -0.684011 0.72945 -0.00563571 38 37 32
3.5625 3.12874 0.4875 0.0186697 0.999637 -0.0194099 38 38 33
3.56586 3.1275 0.3975 -0.4687 0.883357 -0.00103654 40 41 31
3.5775 3.13337 0.3975 -0.449871 0.892604 -0.029577 47 46 36
3.5775 3.1275 0.394474 -0.225101 0.44663 -0.865939 40 40 31
3.57708 3.1275 0.4125 -0.180496 0.760234 0.624071 54 52 44
3.5775 3.1281 0.4125 -0.445842 0.837995 0.314626 54 52 44
3.5775 3.1275 0.414436 0.91903 0.230789 0.319562 54 52 45
3.57704 3.1275 0.4425 0.852787 0.383031 -0.355024 40 43 41
3.57232 3.1275 0.4575 0.79558 0.580991 0.171763 39 44 40
3.56833 3.1275 0.4725 0.910599 0.412862 -0.0188209 40 42 37
3.57486 3.1275 0.4875 0.935795 0.313779 -0.160718 45 50 46
3.5775 3.12836 0.4875 0 -0.886757 -0.462235 46 52 48
3.5739 3.1425 0.4875 -0.996431 -9.1788e-18 -0.0844168 45 40 34
3.5775 3.1425 0.475314 5.54688e-17 0 -1 47 46 40
3.5775 3.14598 0.4875 0.185245 0.979379 -0.0806336 45 40 34
3.58234 3.1275 0.3525 -0.686173 0.710958 0.153965 14 24 22
3.5925 3.13811 0.3525 -0.709996 0.679822 0.183707 17 22 16
3.58487 3.1275 0.3675 -0.647948 0.753793 0.109359 17 20 14
3.5925 3.13406 0.3675 -0.686173 0.710958 0.153965 21 19 11
3.57773 3.1275 0.4125 0.971237 0.208113 0.115704 54 52 45
3.58083 3.1425 0.4875 0.995216 -0.0632582 -0.0744569 42 41 35
3.59131 3.1425 0.3375 -0.721168 0.635092 0.276722 13 25 23
3.5925 3.14385 0.3375 -0.721168 0.635092 0.276722 13 25 22
3.5925 3.1425 0.340595 -0.721168 0.635092 0.276722 14 24 21
3.1875 3.1425 -0.00346373 0.0729617 -0.0317808 0.996828 67 42 26
3.2025 3.1425 -0.00456164 0.010809 0.0167579 0.999801 70 43 28
3.2025 3.1575 -0.00299173 0.109748 -0.0274525 0.99358 70 42 23
3.2025 3.1725 -0.00373608 0.121666 -0.00962168 0.992524 75 43 13
3.2175 3.1425 -0.00262839 -0.0358204 0.0561796 0.997778 66 39 23
3.2175 3.1575 -0.00483713 -0.00293405 0.0608537 0.998142 67 40 20
3.2175 3.1725 -0.00557482 0.0680508 0.00997349 0.997632 76 44 12
3.2175 3.1875 -0.00453964 0.067555 -0.0303556 0.997254 128 93 50
3.2175 3.2025 -0.00564244 -0.037621 0.0626455 0.997327 189 150 101
3.2325 3.1425 -0.00372438 0.0127323 0.0257271 0.999588 63 38 20
3.2325 3.1575 -0.00402096 -0.0181054 0.0618643 0.99792 63 39 19
3.2325 3.1725 -0.00518505 -0.0380687 0.066498 0.99706 64 38 10
3.2325 3.1875 -0.00593542 0.0218558 -0.0230442 0.999496 159 124 81
3.2325 3.2025 -0.00507662 0.000302538 0.0126443 0.99992 193 152 104
3.2325 3.2175 -0.00585822 0.0619228 0.0960387 0.99345 192 150 99
3.2325 3.2325 -0.0064811 0.1703 0.0398511 0.984586 193 151 99
3.2475 3.1425 -0.00317931 -0.00968158 0.0203362 0.999746 62 39 22
3.2475 3.1575 -0.0038937 0.0149142 0.0598637 0.998095 61 36 19
3.2475 3.1725 -0.00434302 0.036137 0.065608 0.997191 66 39 13
3.2475 3.1875 -0.00577889 0.0618644 0.046221 0.997014 104 71 36
3.2475 3.2025 -0.0049559 0.0954289 0.0344908 0.994839 180 142 95
3.2475 3.21338 -0.0075 0.221352 0.230023 0.947678 182 142 93
3.2419 3.2175 -0.0075 0.18449 0.0666989 0.980569 187 145 95
3.2475 3.2175 -0.00867912 0.0727188 0.0569447 0.995726 184 142 93
3.23848 3.2325 -0.0075 0.188987 0.0512369 0.980642 190 147 97
3.2475 3.2325 -0.00930491 0.0751326 0.0520635 0.995813 184 142 93
3.2475 3.2475 -0.0103216 0.0337897 0.0396268 0.998643 182 139 90
3.2475 3.2625 -0.0104356 0.0132845 0.000892547 0.999911 182 140 90
3.2625 3.1425 -0.003 -0.0323499 0.0691053 0.997085 55 35 18
3.2625 3.1575 -0.00383361 0.016476 0.107093 0.994112 59 36 20
3.2625 3.1725 -0.00660763 0.0690862 0.126188 0.989598 63 33 13
3.2625 3.17895 -0.0075 0.0869537 0.115925 0.989445 90 59 32
3.25712 3.1875 -0.0075 0.219889 0.0349781 0.974898 116 82 47
3.2625 3.1875 -0.00831915 0.017852 0.0905676 0.99573 124 89 54
3.25547 3.2025 -0.0075 0.301278 0.132146 0.944335 176 139 94
3.2625 3.2025 -0.0096627 0.0590822 0.00480923 0.998242 166 129 86
3.2625 3.2175 -0.00853955 -0.00765955 0.0106679 0.999914 177 135 87
3.2625 3.2325 -0.00954377 0.00111144 0.052073 0.998643 175 133 86
3.2625 3.2475 -0.0102334 -0.00707436 0.0350822 0.999359 179 138 91
3.2625 3.2625 -0.0106349 -0.00591115 0.0154933 0.999862 180 138 89
3.2625 3.2775 -0.0105477 0.0732271 -0.0502757 0.996047 179 139 89
3.2625 3.28849 -0.0075 0.292698 -0.252502 0.922264 179 138 88
3.2625 3.2925 -0.00641077 0.298571 -0.261893 0.917751 179 138 88
3.2775 3.1425 -0.00226248 -0.0771279 0.117472 0.990077 54 35 24
3.2775 3.1575 -0.00476671 -0.0575502 0.129778 0.989871 56 34 21
3.2775 3.1725 -0.00653255 -0.0396059 0.146849 0.988366 58 31 12
3.2775 3.17948 -0.0075 -0.0215448 0.111667 0.993512 78 49 23
3.2775 3.1875 -0.00820571 -0.0275726 0.0910074 0.995468 100 67 35
3.2775 3.2025 -0.00956597 -0.0201562 0.0090574 0.999756 165 130 89
3.2775 3.2175 -0.00842983 -0.0202766 -0.00669126 0.999772 178 137 90
3.2775 3.2325 -0.00946785 -0.0228647 0.0606394 0.997898 178 135 88
3.2775 3.2475 -0.0101473 -0.011738 0.0246653 0.999627 177 135 89
3.2775 3.2625 -0.0101077 -0.0146853 0.0258044 0.999559 178 138 91
3.2775 3.2775 -0.0107597 0.000508689 0.0293764 0.999568 178 138 89
3.26585 3.2925 -0.0075 0.291518 -0.256425 0.921555 178 138 88
3.2775 3.2925 -0.0111555 0.120569 -0.1397 0.982826 178 138 89
3.2775 3.30556 -0.0075 0.0938456 -0.268505 0.958696 179 138 89
3.2775 3.3075 -0.00695615 0.0689888 -0.0417495 0.996743 179 139 90
3.2775 3.31704 -0.0075 0.00350073 0.0673088 0.997726 179 138 89
3.2775 3.3225 -0.00796808 -0.00448924 0.0680769 0.99767 179 138 89
3.2925 3.1425 -0.00115699 -0.138773 0.204352 0.969011 48 33 22
3.2925 3.1575 -0.00242633 -0.0779852 0.119053 0.98982 55 36 20
3.2925 3.1725 -0.00485213 -0.10465 0.166794 0.980422 57 35 14
3.2925 3.18683 -0.0075 -0.0798842 0.147236 0.98587 79 49 17
3.2925 3.1875 -0.00759917 -0.0377219 0.101643 0.994106 79 49 17
3.2925 3.2025 -0.00901019 -0.0327487 0.0296972 0.999022 167 134 90
3.2925 3.2175 -0.00803378 -0.030754 -0.0133555 0.999438 177 140 93
3.2925 3.2325 -0.00875081 -0.0242653 0.0615533 0.997809 180 138 90
3.2925 3.2475 -0.00978075 -0.0176101 0.0414625 0.998985 178 138 89
3.2925 3.2625 -0.0100321 0.00140142 0.0316572 0.999498 176 137 90
3.2925 3.2775 -0.0107292 -0.00792843 0.0237932 0.999685 178 138 90
3.2925 3.2925 -0.0113657 -0.0247461 -0.112656 0.993326 179 139 91
3.2925 3.30631 -0.0075 -0.0282039 -0.242683 0.969695 179 139 91
3.2925 3.3075 -0.00716154 0.00259708 -0.00476898 0.999985 179 139 91
3.2925 3.31626 -0.0075 0.00105369 0.053721 0.998555 179 139 91
3.2925 3.3225 -0.00786604 -0.00150423 0.0689931 0.997616 179 139 91
3.2925 3.3375 -0.00885342 0.0144659 0.0819844 0.996529 180 140 93
3.2925 3.3525 -0.0101838 0.0349635 -0.0086127 0.999351 179 140 94
3.3075 3.1425 0.00178022 -0.130431 0.279681 0.951192 31 20 7
3.3075 3.1575 -0.00248989 -0.0726147 0.158332 0.984712 51 36 21
3.3075 3.1725 -0.00342039 -0.0336264 0.14927 0.988225 57 37 15
3.29428 3.1875 -0.0075 -0.0677774 0.173611 0.982479 78 48 16
3.3075 3.1875 -0.00658155 -0.0497416 0.185123 0.981456 67 42 12
3.3075 3.19324 -0.0075 -0.0375134 0.135154 0.990114 104 77 41
3.3075 3.2025 -0.00863996 -0.00640917 0.0227274 0.999721 160 129 85
3.3075 3.21552 -0.0075 0.100608 -0.0876723 0.991056 174 138 90
3.30325 3.2175 -0.0075 -0.0476336 -0.0654793 0.996716 176 139 91
3.3075 3.2175 -0.00728673 0 0 1 175 139 90
3.3075 3.21985 -0.0075 -0.0327135 0.0893445 0.995463 176 139 90
3.3075 3.2325 -0.00863461 0.00886229 0.0513431 0.998642 179 140 90
3.3075 3.2475 -0.00965461 -0.00252848 0.0560767 0.998423 179 140 89
3.3075 3.2625 -0.010148 0.0119455 0.0448248 0.998923 176 139 90
3.3075 3.2775 -0.0111413 0.0179689 0.0043942 0.999829 177 138 91
3.3075 3.2925 -0.00996427 -0.0612049 -0.123596 0.990443 177 138 90
3.3075 3.30513 -0.0075 0.0115599 -0.188157 0.982071 179 140 91
3.3075 3.3075 -0.00711048 0.0106516 -0.013645 0.99985 179 140 91
3.3075 3.31802 -0.0075 0.00732506 0.0448023 0.998969 180 141 92
3.3075 3.3225 -0.00776586 0.0501151 0.0823633 0.995342 180 141 92
3.3075 3.3375 -0.00907753 0.0306291 0.0829812 0.99608 178 138 92
3.3075 3.3525 -0.0107086 0.0240009 0.00339616 0.999706 175 137 90
3.3225 3.13191 0.0075 -0.114409 0.375423 0.919765 96 82 66
3.3225 3.1425 0.00299437 -0.100134 0.295566 0.95006 47 33 20
3.3225 3.1575 -0.000590978 -0.0800329 0.215382 0.973245 44 29 13
3.3225 3.1725 -0.00339153 -0.0573039 0.158278 0.98573 56 37 16
3.3225 3.1875 -0.00637676 -0.0595363 0.184172 0.981089 65 41 10
3.3225 3.19506 -0.0075 -0.0337945 0.132734 0.990575 115 87 51
3.3225 3.2025 -0.00836098 -0.0282342 0.101169 0.994469 162 130 89
3.30874 3.2175 -0.0075 0.142575 0.0660026 0.987581 175 139 90
3.3225 3.2175 -0.00945392 0.0371498 -0.00903922 0.999269 173 137 91
3.3225 3.2325 -0.00851421 0.00170688 0.0234963 0.999722 179 140 92
3.3225 3.2475 -0.00953318 0.00418419 0.0582756 0.998292 179 141 92
3.3225 3.2625 -0.0105314 0.0016989 0.0587432 0.998272 175 138 88
3.3225 3.2775 -0.0113452 -0.0220586 -0.0759467 0.996868 173 135 87
3.3225 3.29084 -0.0075 -0.0138733 -0.280417 0.959778 174 135 88
3.3197 3.2925 -0.0075 -0.192576 -0.120678 0.973833 175 135 89
3.3225 3.2925 -0.00701427 -0.0126966 0.0211147 0.999696 174 135 88
3.3225 3.30536 -0.0075 -0.0168958 0.040848 0.999023 171 132 84
3.31996 3.3075 -0.0075 0.0384859 0.0152889 0.999142 172 133 85
3.3225 3.3075 -0.00762758 0.0214039 0.0439208 0.998806 171 132 84
3.3225 3.3225 -0.00888354 0.0687508 0.0676693 0.995336 171 132 84
3.3225 3.3375 -0.0102194 0.0204564 0.0465616 0.998706 167 128 81
3.3225 3.3525 -0.0108443 -0.00356677 0.0295179 0.999558 164 126 80
3.3375 3.13378 0.0075 -0.0128597 0.280853 0.959665 57 42 27
3.3375 3.1425 0.00519928 -0.0214059 0.263908 0.96431 61 46 32
3.3375 3.1575 0.0002303 -0.0639332 0.242029 0.96816 48 31 16
3.3375 3.1725 -0.00264509 -0.042298 0.156267 0.986809 55 35 15
3.3375 3.1875 -0.00459426 -0.0745761 0.158343 0.984564 60 35 6
3.33574 3.2025 -0.0075 -0.0745183 0.134341 0.988129 143 110 73
3.3375 3.2025 -0.00734732 -0.0961264 0.167326 0.981204 140 107 70
3.3375 3.20322 -0.0075 -0.0807568 0.146068 0.985973 141 108 71
3.3375 3.2175 -0.00958628 -0.0416051 0.0447169 0.998133 168 133 88
3.3375 3.2325 -0.00844209 0.00144352 0.0111315 0.999937 175 136 89
3.3375 3.2475 -0.0100463 0.00591543 0.0602031 0.998169 177 137 90
3.3375 3.2625 -0.0102457 0.00584731 0.052524 0.998603 173 136 88
3.3375 3.2775 -0.0114244 0.00685173 -0.121623 0.992553 170 135 87
3.3375 3.29063 -0.0075 0.0253622 -0.286208 0.957832 168 131 85
3.3375 3.2925 -0.00698059 0.0166125 -0.0276268 0.99948 168 131 85
3.3375 3.29986 -0.0075 0.0303864 0.0724521 0.996909 167 129 83
3.3375 3.3075 -0.00834729 0.0491027 0.105151 0.993243 166 127 80
3.3375 3.3225 -0.0103388 0.0439837 0.0672488 0.996766 167 128 80
3.3375 3.3375 -0.0102541 0.0433345 -0.023086 0.998794 168 129 81
3.3375 3.3525 -0.00921694 -0.0197518 -0.0321865 0.999287 168 129 82
3.3525 3.12823 0.0075 0.0749833 0.224334 0.971623 54 39 22
3.3525 3.1425 0.00430399 0.0912231 0.18889 0.977752 61 44 31
3.3525 3.1575 0.00104539 -0.00643924 0.219858 0.975511 53 35 22
3.3525 3.1725 -0.00217952 -0.0184816 0.179244 0.983631 56 34 15
3.3525 3.1875 -0.00398185 0.00686616 0.118368 0.992946 64 39 13
3.3525 3.2025 -0.00606649 -0.0549498 0.116116 0.991714 116 85 51
3.3525 3.21319 -0.0075 -0.101315 0.135316 0.985609 147 113 73
3.3525 3.2175 -0.00797786 -0.0858963 0.0753047 0.993454 162 125 83
3.3525 3.2325 -0.00868354 -0.0185653 0.0432712 0.998891 170 132 85
3.3525 3.2475 -0.00970516 0.00509618 0.0705779 0.997493 174 135 87
3.3525 3.2625 -0.0105072 -0.00809601 0.025563 0.99964 172 135 88
3.3525 3.2775 -0.0114866 -0.0351672 -0.0629373 0.997398 172 136 89
3.34836 3.2925 -0.0075 0.0636518 0.0500666 0.996715 170 134 88
3.3525 3.2925 -0.00780376 0.0386693 -0.0604903 0.997419 170 136 88
3.3525 3.3075 -0.00947953 0.0520762 0.0628175 0.996665 171 134 88
3.3525 3.3225 -0.0100901 0.0274798 0.0810962 0.996327 168 129 82
3.3525 3.3375 -0.0110926 0.0462993 0.0124499 0.99885 169 130 82
3.3525 3.3525 -0.00992013 0.051185 -0.0733588 0.995991 166 128 81
3.3675 3.1425 0.00258016 0.0962348 0.13595 0.986031 58 41 27
3.3675 3.1575 0.000706151 0.063201 0.145218 0.987379 54 36 23
3.3675 3.1725 -0.00164185 -0.003192 0.186087 0.982528 52 31 16
3.3675 3.1875 -0.0051124 0.00472382 0.13861 0.990336 62 36 11
3.3675 3.2025 -0.00611813 0.0197816 0.0491902 0.998594 123 92 59
3.3557 3.2175 -0.0075 -0.137532 0.134328 0.981347 162 125 82
3.3675 3.2175 -0.00591731 0.00814956 0.0713992 0.997415 161 126 83
3.3675 3.22803 -0.0075 -0.017867 0.159041 0.98711 168 131 85
3.3675 3.2325 -0.00831224 0.0245978 0.094758 0.995196 171 134 86
3.3675 3.2475 -0.00990055 0.0121994 0.0807512 0.99666 174 135 86
3.3675 3.2625 -0.011017 0.0212694 0.00151056 0.999773 175 135 87
3.3675 3.2775 -0.00955618 -0.0659423 -0.0661485 0.995628 174 136 89
3.3675 3.2925 -0.00810528 0.00522035 -0.00716727 0.999961 172 136 89
3.3675 3.3075 -0.010183 0.0465698 0.0839079 0.995385 170 133 85
3.3675 3.3225 -0.0103374 0.0211313 0.0317709 0.999272 171 133 84
3.3675 3.3375 -0.0124453 -0.0239668 0.115159 0.993058 170 132 84
3.3825 2.58103 0.4125 -0.164402 -0.974074 -0.155411 50 51 46
3.3675 2.58624 0.4125 -0.307314 -0.949461 0.063884 44 46 43
3.3825 2.5875 0.40411 -0.154857 -0.469055 -0.869487 42 43 41
3.3675 2.5875 0.409746 -0.371365 -0.752307 -0.544171 40 42 39
3.3825 2.58317 0.4275 -0.232982 -0.924027 0.303138 47 52 53
3.3687 2.5875 0.4275 -0.284359 -0.915018 0.28615 47 54 55
3.3675 2.5875 0.426447 -0.376474 -0.917458 0.128602 47 53 54
3.3825 2.5875 0.433059 -0.213526 -0.457993 0.86293 47 54 56
3.3825 2.6005 0.3825 -0.2445 -0.78116 -0.574464 37 35 29
3.3801 2.6025 0.3825 -0.64297 4.03104e-17 -0.765891 37 35 28
3.3825 2.6025 0.380503 0 0 -1 37 35 28
3.3825 2.5931 0.3975 0.172852 -0.844047 -0.507649 41 43 40
3.3675 2.59574 0.3975 -0.328885 -0.755438 -0.566699 39 39 34
3.3675 2.6025 0.393096 -0.392512 -0.516156 -0.76126 39 40 34
3.3675 2.58834 0.4275 -0.529269 -0.58542 0.614132 47 54 55
3.3825 2.6025 0.439405 -0.165126 -0.37757 0.911139 47 56 60
3.3675 2.6025 0.435876 -0.288944 -0.460881 0.839107 48 56 59
3.3825 2.61338 0.3825 -0.447526 0.533246 -0.717893 32 34 24
3.38104 2.6175 0.3825 0.489925 -0.729747 -0.476909 32 34 23
3.3675 2.61148 0.3825 0 -0.726648 -0.68701 40 38 31
3.3675 2.6175 0.37723 -0.130144 -0.620213 -0.773562 40 39 31
3.3825 2.6175 0.391632 0.69642 -0.407879 -0.590452 35 36 28
3.3825 2.6097 0.4425 -0.0681398 -0.281348 0.957184 46 55 59
3.37093 2.6175 0.4425 -0.191257 -0.283398 0.939737 46 55 59
3.3675 2.6175 0.441852 -0.127409 -0.339748 0.931847 46 55 60
3.3825 2.6175 0.444296 -0.0502885 -0.0905743 0.994619 45 54 58
3.3825 2.61974 0.3675 -0.255501 -0.865223 -0.431403 24 25 13
3.3675 2.63027 0.3675 -0.248652 -0.821111 -0.51376 38 31 27
3.3825 2.6325 0.35698 -0.3758 -0.605183 -0.701803 35 29 24
3.3675 2.6325 0.364102 -0.385155 -0.63567 -0.669013 39 31 26
3.3825 2.61884 0.3825 -0.0311995 -0.95447 -0.29667 31 33 23
3.3675 2.62086 0.4425 -0.0900578 -0.169688 0.981374 46 55 60
3.3825 2.6325 0.444305 -0.0228441 -0.0559395 0.998173 42 52 60
3.3675 2.6325 0.44449 -0.0228658 -0.105368 0.99417 43 53 61
3.3825 2.6475 0.445912 0.00791054 -0.0443399 0.998985 40 51 59
3.3675 2.6475 0.445658 -0.0238461 -0.0502755 0.998451 40 51 61
3.3975 2.58353 0.3975 -0.0641617 -0.937086 -0.343152 58 57 52
3.38742 2.5875 0.3975 -0.645596 7.63014e-17 -0.763679 42 41 38
3.3975 2.5875 0.39143 0 0 -1 42 41 37
3.3975 2.58235 0.4125 -0.0683377 -0.9946 -0.0781016 52 55 52
3.3975 2.58076 0.4275 -0.0827337 -0.958874 0.271506 50 54 53
3.3975 2.5875 0.436572 -0.147136 -0.547466 0.823791 49 57 59
3.3845 2.6025 0.3825 0.957297 -0.0452783 -0.285539 35 34 27
3.3975 2.59258 0.3975 -0.122629 0.738282 -0.663251 39 41 37
3.38693 2.6025 0.3975 0.838455 -0.259848 -0.479032 39 44 40
3.3975 2.6025 0.406643 0.292654 0.133995 -0.946784 42 48 46
3.3975 2.6025 0.440604 -0.119597 -0.299247 0.946651 47 56 59
3.3975 2.61533 0.3825 -0.0350163 -0.998691 0.0372743 34 35 27
3.38634 2.6175 0.3825 -0.252681 -0.962964 -0.0940906 32 34 24
3.3975 2.6175 0.377895 -0.314477 -0.855677 -0.410999 31 32 23
3.38741 2.6175 0.3975 0.735332 -0.155403 -0.65965 36 37 32
3.3975 2.6175 0.392815 -0.190928 -0.94324 0.271745 34 36 30
3.3975 2.6175 0.399915 0.515716 -0.255684 -0.817718 35 38 34
3.3975 2.61008 0.4425 -0.070161 -0.230364 0.970572 45 55 58
3.3975 2.6175 0.444161 -0.0554867 -0.127704 0.990259 43 52 56
3.3975 2.62765 0.3525 -0.176134 -0.8338 -0.523215 29 28 18
3.38859 2.6325 0.3525 -0.388313 -0.712997 -0.583823 33 28 21
3.3975 2.6325 0.347003 -0.160055 -0.720707 -0.67451 32 30 20
3.3975 2.62258 0.3675 -0.104982 -0.932198 -0.34639 26 27 17
3.3975 2.61965 0.3975 -0.00142106 -0.997144 0.0755104 34 36 31
3.3975 2.6325 0.445213 -0.0461773 -0.043835 0.997971 42 52 57
3.3975 2.64329 0.3375 -0.446681 -0.769838 -0.455878 46 39 35
3.39025 2.6475 0.3375 -0.446681 -0.769838 -0.455878 42 36 31
3.3975 2.6475 0.330395 -0.446681 -0.769838 -0.455878 44 37 32
3.3975 2.6475 0.446183 -0.0371971 -0.0113377 0.999244 39 51 56
3.4125 2.58422 0.3825 0 -1 0 56 53 45
3.40731 2.5875 0.3825 -1 0 0 41 40 34
3.4125 2.5875 0.379221 0 0 -1 42 41 35
3.41135 2.5875 0.3975 0.360713 -0.586996 -0.724791 44 48 44
3.4125 2.5875 0.39605 -1.115e-16 0 1 44 47 44
3.4125 2.57934 0.4125 0.118601 -0.973706 -0.194499 50 53 49
3.4125 2.5875 0.398564 0.348608 0.226924 -0.909383 45 48 45
3.4125 2.57899 0.4275 0.0261258 -0.973687 0.226386 57 60 59
3.4125 2.5875 0.438334 -0.101434 -0.544405 0.832667 50 57 59
3.4125 2.5914 0.3825 -4.75436e-17 1 0 38 39 33
3.4125 2.6025 0.410658 -0.0230138 0.192619 -0.981004 42 49 47
3.4125 2.6006 0.4425 -0.0413188 -0.25043 0.967253 47 55 57
3.40961 2.6025 0.4425 -0.154439 -0.274207 0.949189 47 55 57
3.4125 2.6025 0.442961 -0.0690946 -0.211378 0.974959 46 55 57
3.4125 2.61514 0.3675 -0.0371222 -0.994759 -0.0952701 30 31 20
3.40757 2.6175 0.3675 -0.371354 -0.79772 -0.475119 28 29 18
3.4125 2.6175 0.365138 0.0146475 -0.82956 -0.558226 29 30 19
3.4125 2.61719 0.3825 -0.0174119 -0.998262 0.056293 33 36 29
3.4125 2.61683 0.3975 0.00244488 -0.996669 0.0815163 29 34 30
3.40769 2.6175 0.3975 -0.153934 -0.940051 0.304316 31 35 30
3.4125 2.60735 0.4125 0.479684 0.407928 -0.776852 39 46 44
3.40707 2.6175 0.4125 0.76172 -2.95213e-17 -0.647907 35 42 39
3.4125 2.6175 0.399565 0.0803496 -0.934398 0.34705 29 34 30
3.4125 2.6175 0.41755 -2.10659e-17 0 -1 35 42 41
3.4125 2.6175 0.445473 -0.0906755 -0.0914943 0.991669 43 52 55
3.4125 2.62518 0.3525 -0.248972 -0.855384 -0.454236 27 27 17
3.4125 2.6325 0.345181 -0.419286 -0.642499 -0.6414 33 31 23
3.4125 2.62222 0.4125 0.0259137 -0.99852 -0.0478089 34 40 38
3.4125 2.6325 0.446397 -0.0731071 -0.0336665 0.996756 41 51 57
3.4125 2.6475 0.446297 -0.0648396 -0.0221066 0.997651 40 50 54
3.41578 2.5875 0.3825 1 0 0 39 38 32
3.4275 2.58317 0.4125 0.192478 -0.956538 -0.219058 55 57 55
3.4275 2.5875 0.409666 0.231371 -0.131323 -0.963961 44 48 46
3.4275 2.58392 0.4275 0.178527 -0.974933 0.132795 55 59 58
3.4275 2.5875 0.439612 0.0505496 -0.615542 0.786481 51 58 59
3.4275 2.6025 0.410272 0.108257 -0.11151 -0.987849 42 50 48
3.4275 2.60187 0.4425 -0.0464678 -0.279836 0.958923 44 53 54
3.4275 2.6025 0.44261 -0.0632288 -0.235794 0.969744 44 52 53
3.42593 2.6175 0.3675 0.168576 -0.941088 -0.293147 30 33 25
3.4275 2.61481 0.3825 -0.0320137 -0.999183 0.0246816 31 35 30
3.4275 2.6175 0.369079 -0.159608 -0.968286 -0.192217 30 33 26
3.41825 2.6175 0.3975 0.144376 -0.912207 0.383449 30 35 31
3.4275 2.6175 0.393917 0.03195 -0.962133 0.2707 31 36 32
3.41788 2.6175 0.4125 -0.766608 -0.00131853 -0.642114 35 41 39
3.4275 2.6175 0.399386 0.101282 -0.251063 -0.962657 32 38 34
3.4275 2.6175 0.447177 -0.0543074 -0.137869 0.98896 42 50 51
3.4275 2.62512 0.3375 -0.403312 -0.808177 -0.429172 32 29 19
3.42012 2.6325 0.3375 -0.578168 -0.578168 -0.575712 32 29 20
3.4275 2.6325 0.330117 -0.554194 -0.578378 -0.598622 33 31 21
3.4275 2.61999 0.3525 -0.318733 -0.921215 -0.223096 27 28 18
3.4275 2.61785 0.3675 -0.120142 -0.933496 -0.337864 30 33 26
3.4275 2.6192 0.3975 -0.103246 -0.98712 0.122203 31 36 32
3.4275 2.6325 0.447223 -0.0870961 -0.0348308 0.995591 40 49 53
3.4275 2.6475 0.447564 -0.0731918 0.00459835 0.997307 39 49 53
3.4425 2.58437 0.4125 -0.00118515 -0.990222 -0.139497 56 57 52
3.4425 2.5875 0.409792 -0.0533386 -0.183319 -0.981605 48 50 45
3.4425 2.5849 0.4275 0.046394 -0.991094 0.124819 56 59 56
3.4425 2.5875 0.438517 0.0316465 -0.765485 0.642675 55 58 55
3.4425 2.6025 0.409217 0.0762511 -0.0631294 -0.995088 42 48 46
3.4425 2.59481 0.4425 0.0157076 -0.451113 0.892329 49 55 53
3.4425 2.6025 0.445653 -0.0620365 -0.230315 0.971137 42 52 52
3.4425 2.61477 0.3675 -0.0839525 -0.99487 -0.0564425 32 34 29
3.42884 2.6175 0.3675 -0.191249 -0.952237 -0.238054 30 33 26
3.4425 2.6175 0.357092 -0.23572 -0.94023 -0.245772 29 32 25
3.4425 2.61621 0.3825 -0.0163548 -0.999645 0.0210512 31 36 30
3.4425 2.6154 0.3975 -0.00683049 -0.993351 0.114925 30 35 31
3.43269 2.6175 0.3975 -0.249265 -0.890592 0.380411 31 36 32
3.4425 2.61084 0.4125 0.258427 0.375574 -0.890034 36 41 39
3.43842 2.6175 0.4125 0.741934 -4.66683e-17 -0.670473 32 38 35
3.4425 2.6175 0.403813 1.61186e-17 -0.8721 0.489328 29 34 30
3.4425 2.6175 0.415984 0.0162095 -0.0326216 -0.999336 31 37 35
3.4425 2.6175 0.447551 -0.085288 -0.125313 0.988445 41 49 49
3.4425 2.62632 0.3225 -0.255291 -0.850248 -0.460331 31 28 17
3.43632 2.6325 0.3225 -0.560605 -0.560605 -0.609463 30 28 17
3.4425 2.6325 0.31632 0 -0.707107 -0.707107 30 28 17
3.4425 2.62585 0.3375 0.0490759 -0.998315 -0.0309548 25 26 15
3.4425 2.62382 0.4125 0.0189802 -0.99981 0.0044333 26 31 28
3.4425 2.6325 0.44836 -0.0508823 -0.030349 0.998243 39 48 48
3.4425 2.6475 0.449809 -0.0459434 0.017901 0.998784 39 48 52
3.4575 2.58298 0.4125 0.099875 -0.974853 -0.199214 64 62 56
3.4575 2.5875 0.407976 0.195253 -0.124746 -0.972787 63 62 56
3.4575 2.58502 0.4275 0.121743 -0.982672 0.139767 63 63 56
3.4575 2.5875 0.435936 0.237656 -0.75448 0.611784 60 61 56
3.4575 2.6025 0.408647 0.0562274 0.140781 -0.988443 43 49 46
3.4575 2.5988 0.4425 0.335585 -0.634546 0.696228 48 55 53
3.4575 2.6025 0.444413 0.0561056 -0.353756 0.933654 44 52 51
3.4575 2.61441 0.3525 -0.0751657 -0.989476 -0.123642 29 31 24
3.44662 2.6175 0.3525 -0.240953 -0.848795 -0.470625 28 31 24
3.4575 2.6175 0.349412 -0.447367 -0.624963 -0.639753 29 32 25
3.4575 2.61496 0.3675 -0.0334537 -0.999439 -0.0013645 31 35 29
3.4575 2.61431 0.3825 -0.0533473 -0.996791 0.0596887 30 34 30
3.45713 2.6175 0.3975 0.205621 -0.854082 0.477769 29 34 30
3.4575 2.6175 0.397296 0.133631 -0.968696 0.209213 29 34 30
3.4575 2.61573 0.4125 0.344514 0.237279 -0.9083 31 35 28
3.4575 2.6175 0.413065 0.0635017 -0.180533 -0.981517 29 33 26
3.4575 2.6175 0.448669 -0.0235256 -0.137034 0.990287 40 49 48
3.44868 2.6325 0.3225 0.57735 -0.57735 -0.57735 23 23 12
3.4575 2.61759 0.3975 -0.153781 -0.979938 0.126782 29 34 30
3.4575 2.61829 0.4125 -0.137447 -0.97353 -0.182616 29 32 25
3.4575 2.6325 0.450098 -0.0338798 0.000120004 0.999426 39 47 46
3.4575 2.6475 0.448272 -0.0238456 -0.00686599 0.999692 38 47 49
3.46816 2.5875 0.4125 0.916362 -0.333435 -0.221589 60 59 51
3.46329 2.5875 0.4275 0.842851 -0.490259 0.221919 64 64 58
3.46085 2.6025 0.4125 0.765003 -0.0232222 -0.643608 45 50 46
3.4725 2.59438 0.4275 0.429988 -0.902692 0.0160693 61 62 56
3.4725 2.6025 0.421424 0.0655588 -0.436064 -0.897525 44 47 42
3.4725 2.60249 0.4425 0.176404 -0.890993 0.418345 46 52 48
3.4725 2.6025 0.442524 0.0676204 -0.438742 0.896065 46 51 48
3.4725 2.61582 0.3375 -0.181521 -0.976606 -0.11529 27 27 22
3.47082 2.6175 0.3375 -0.567206 -0.567206 -0.597123 27 28 23
3.4725 2.6175 0.335164 -0.229825 -0.848877 -0.476013 27 28 22
3.4725 2.6156 0.3525 -0.0280067 -0.998789 -0.0404513 29 31 27
3.4725 2.61375 0.3675 -0.00774677 -0.9991 -0.0417027 29 32 27
3.4725 2.61384 0.3825 -0.0324783 -0.999323 0.0173086 33 37 33
3.4725 2.61436 0.3975 -0.0803524 -0.982917 0.165581 32 34 29
3.45772 2.6175 0.3975 -0.202779 -0.949775 0.238346 29 34 30
3.4725 2.6175 0.408057 -0.179174 -0.914471 0.362821 31 32 25
3.4725 2.6175 0.414685 -0.0142509 -0.44912 -0.893358 32 34 27
3.4725 2.6175 0.449797 -0.0189346 -0.198658 0.979886 40 48 47
3.4725 2.62029 0.4125 -0.0282675 -0.9996 0.000992306 30 31 24
3.4725 2.6325 0.448983 -0.0472544 0.00065356 0.998883 39 47 45
3.4725 2.6475 0.448958 -0.0411059 -0.0160842 0.999025 38 45 46
3.4875 2.58662 0.3825 0 -1 0 71 65 55
3.48662 2.5875 0.3825 -1 0 0 71 65 56
3.4875 2.5875 0.381622 0 0 -1 71 65 56
3.4875 2.5875 0.383378 0 0 1 70 64 56
3.4875 2.58838 0.3825 0 1 0 68 62 54
3.4875 2.5986 0.4275 0.16199 -0.986792 -0.000183939 60 61 54
3.4875 2.6025 0.413495 0.181782 -0.610788 -0.770645 49 52 47
3.47266 2.6025 0.4425 0.13436 -0.52298 0.841688 46 52 48
3.4875 2.6025 0.440322 0.246084 -0.862191 0.442798 51 54 50
3.4875 2.61237 0.3375 -0.0865861 -0.982577 -0.164455 30 29 23
3.4875 2.6175 0.327618 -0.264703 -0.851075 -0.453436 28 28 25
3.4875 2.61312 0.3525 -0.155825 -0.987218 0.0334505 30 34 28
3.4875 2.61422 0.3675 -0.0936279 -0.995607 -0.00089732 31 35 29
3.4875 2.61343 0.3825 -0.0242245 -0.999267 0.0296434 35 35 29
3.4875 2.61441 0.3975 -0.0910467 -0.994463 0.0524847 34 35 27
3.4875 2.6175 0.412142 -0.0500536 -0.95733 0.284628 29 32 25
3.4875 2.6175 0.4126 -0.288365 -0.224963 -0.930719 29 32 25
3.4875 2.60632 0.4425 0.21191 -0.710465 0.671069 49 53 49
3.4875 2.6175 0.449626 -0.0788652 -0.267566 0.960307 40 47 44
3.4875 2.6271 0.3075 -0.57735 -0.57735 -0.57735 30 29 21
3.4821 2.6325 0.3075 -0.57735 -0.57735 -0.57735 25 25 17
3.4875 2.6325 0.302101 -0.57735 -0.57735 -0.57735 29 28 19
3.4875 2.61762 0.4125 -0.120531 -0.693025 -0.710766 29 32 25
3.4875 2.6325 0.450698 -0.0990827 -0.0140522 0.99498 38 45 43
3.4875 2.6475 0.450889 -0.107436 0.0143813 0.994108 37 44 43
3.48909 2.5875 0.3825 1 0 0 71 65 56
3.49959 2.6025 0.4275 0.439154 -0.890712 0.117371 59 59 52
3.5025 2.61501 0.3225 -0.0388735 -0.966815 -0.252501 38 36 31
3.49611 2.6175 0.3225 -0.308154 -0.788793 -0.531832 29 28 24
3.5025 2.6175 0.318927 0 -0.819944 -0.572443 30 29 25
3.5025 2.61444 0.3375 0.0120766 -0.997028 -0.0760904 35 35 28
3.5025 2.6117 0.3525 0.0249494 -0.996635 -0.0780724 39 41 34
3.5025 2.61126 0.3675 -0.063799 -0.996853 0.0470536 37 37 30
3.5025 2.61241 0.3825 -0.0900515 -0.995629 0.0247729 36 36 27
3.5025 2.61461 0.3975 -0.0762715 -0.996838 -0.0222763 35 34 25
3.5025 2.60928 0.4125 -0.0446377 -0.976021 -0.21305 42 43 36
3.49006 2.6175 0.4125 -0.0701753 -0.87944 -0.470809 30 32 25
3.5025 2.6046 0.4275 0.298401 -0.951581 -0.0738269 58 59 52
3.5025 2.61163 0.4425 0.136779 -0.884355 0.446326 55 58 52
3.5025 2.6175 0.453544 -0.0757149 -0.416803 0.905838 40 46 41
3.5025 2.63229 0.2925 -0.319455 -0.670055 -0.670055 27 27 19
3.50229 2.6325 0.2925 -0.57735 -0.57735 -0.57735 27 27 19
3.5025 2.6325 0.292291 -0.315174 -0.671068 -0.671068 27 27 19
3.5025 2.6325 0.452809 -0.165956 0.0605349 0.984273 37 44 40
3.5025 2.6475 0.45237 -0.0624894 0.0195876 0.997853 37 43 42
3.50682 2.6175 0.3225 0.383336 -0.7521 -0.536096 31 29 24
3.5175 2.61215 0.3375 0.0692877 -0.983153 -0.169144 50 47 38
3.5175 2.6175 0.329564 -0.053595 -0.821246 -0.568051 32 31 25
3.5175 2.61304 0.3525 -0.0213873 -0.998806 -0.0439302 46 45 37
3.5175 2.6116 0.3675 0.00400484 -0.99999 -0.00175011 42 39 31
3.5175 2.61332 0.3825 -0.0215079 -0.999099 -0.0365795 39 37 27
3.5175 2.60966 0.3975 0.0866673 -0.994536 0.0582029 45 45 36
3.5175 2.61293 0.4125 0.109397 -0.990306 -0.0855978 41 40 30
3.5175 2.60966 0.4275 0.234592 -0.969828 -0.0663364 71 72 65
3.5175 2.61175 0.4425 0.0984835 -0.941247 0.32304 61 62 54
3.5175 2.6175 0.452917 0.00172865 -0.542978 0.839745 42 45 39
3.5175 2.62525 0.2925 -0.257369 -0.833194 -0.489438 29 27 20
3.5175 2.6325 0.285249 -0.427721 -0.623294 -0.654644 26 25 17
3.5175 2.6325 0.456427 -0.0735311 0.0429826 0.996366 35 42 36
3.5175 2.6475 0.452169 -0.0941419 0.0840627 0.992003 36 41 38
3.5325 2.61656 0.3225 -0.000480781 -0.989355 -0.14552 34 33 23
3.53071 2.6175 0.3225 -0.350481 -0.667812 -0.656651 31 31 21
3.5325 2.6175 0.321558 0 -0.707107 -0.707107 31 31 21
3.5325 2.61733 0.3375 0.0819874 -0.984462 -0.155284 38 37 27
3.5325 2.61183 0.3525 0.182185 -0.978654 -0.0951017 51 47 39
3.5325 2.61171 0.3675 0.0646827 -0.99747 -0.0294983 52 48 38
3.5325 2.61144 0.3825 0.231794 -0.961345 0.148619 47 45 33
3.52824 2.6175 0.3975 0.552126 -0.827691 -0.100425 36 34 23
3.5325 2.6175 0.393502 0.565305 -0.710887 0.418414 38 35 23
3.5325 2.61519 0.4125 0.275855 -0.95452 -0.113113 42 41 31
3.5325 2.6175 0.404372 0.287478 -0.911916 -0.292859 35 33 22
3.5325 2.61273 0.4275 0.249054 -0.965383 -0.0775083 71 71 61
3.5325 2.61361 0.4425 0.244893 -0.958912 0.143231 69 68 59
3.5325 2.6175 0.454139 0.28264 -0.62797 0.725099 44 46 39
3.5325 2.62816 0.2775 -0.297226 -0.834264 -0.464392 30 27 21
3.52816 2.6325 0.2775 -0.531537 -0.531537 -0.659498 26 24 18
3.5325 2.6325 0.273159 -0.57735 -0.57735 -0.57735 30 26 20
3.5325 2.62542 0.2925 0.0110759 -0.983645 -0.17978 28 24 17
3.5325 2.61982 0.3975 0.205102 -0.960245 -0.189372 36 33 22
3.5325 2.6325 0.455569 0.0757343 -0.12093 0.989768 34 39 32
3.5325 2.64298 0.2625 -0.57735 -0.57735 -0.57735 28 25 15
3.52798 2.6475 0.2625 -0.57735 -0.57735 -0.57735 27 25 15
3.5325 2.6475 0.257982 -0.57735 -0.57735 -0.57735 28 25 15
3.5325 2.6475 0.453919 0.0188556 0.0788539 0.996708 39 43 37
3.53344 2.6175 0.3225 0.531265 -0.589379 -0.608597 33 33 23
3.5475 2.61465 0.3375 0.0186517 -0.998972 -0.0413111 53 48 39
3.5475 2.6175 0.334652 0.1472 -0.699404 -0.699404 50 46 36
3.53863 2.6175 0.3525 0.686044 -0.710211 -0.157937 40 38 30
3.5475 2.6175 0.340655 0.478213 -0.681959 0.553393 46 42 32
3.5475 2.61464 0.3675 0.39992 -0.912931 -0.0813672 45 41 29
3.5475 2.6175 0.364336 0.650846 -0.563562 -0.508721 42 38 26
3.53695 2.6175 0.3825 0.714315 -0.52483 0.462933 38 35 22
3.5475 2.6175 0.370357 0.651614 -0.51188 0.559801 40 36 24
3.5427 2.6175 0.4125 0.319123 -0.940856 -0.1138 47 44 34
3.54413 2.6175 0.4275 0.453219 -0.890851 0.0312575 46 45 36
3.54229 2.6175 0.4425 0.424791 -0.738795 0.523196 56 55 47
3.5475 2.62155 0.3975 0.112926 -0.978975 -0.16987 35 31 18
3.5475 2.61895 0.4125 0.104885 -0.994136 0.0263148 52 47 37
3.5475 2.61988 0.4275 0.293086 -0.944618 0.147636 44 44 35
3.5475 2.62221 0.4425 0.442397 -0.846442 0.296347 54 54 46
3.5475 2.63104 0.4575 0.198172 -0.765285 0.612427 39 42 33
3.54569 2.6325 0.4575 -0.168993 -1.21661e-17 0.985617 37 40 32
3.5475 2.6325 0.45814 2.10991e-17 0 1 39 42 33
3.5475 2.63333 0.4575 -0.118276 0.314031 0.942017 39 42 33
3.5475 2.6475 0.452818 0.145468 0.0802268 0.986105 52 55 48
3.5625 2.61381 0.3375 0.0997678 -0.96835 -0.228789 54 49 37
3.5625 2.6175 0.333807 0.107101 -0.70304 -0.70304 49 44 33
3.5625 2.6175 0.341193 0.0556015 -0.720129 0.691608 44 39 28
3.55036 2.6175 0.3675 0.707107 -0.707107 0 40 36 23
3.5625 2.61561 0.4125 -1.32278e-17 -1 0 72 66 54
3.55308 2.6175 0.4125 -0.208939 -0.961916 0.176242 57 53 42
3.5625 2.6175 0.410611 0 -0.707107 -0.707107 62 57 46
3.5625 2.6175 0.416274 -0.0767297 -0.895423 0.438555 66 61 51
3.5625 2.62277 0.4275 0.211777 -0.942182 0.259699 63 61 52
3.5625 2.62775 0.4425 0.253489 -0.892611 0.372812 51 51 43
3.54788 2.6325 0.4575 0.47405 0.240877 0.846909 38 41 32
3.5625 2.6325 0.449428 0.350142 -0.0651654 0.934427 39 39 32
3.5625 2.6475 0.448858 0.312707 -0.120736 0.942145 79 81 73
3.56619 2.6175 0.3375 0.707107 -0.707107 0 45 40 28
3.56439 2.6175 0.4125 0.51756 -0.791223 0.325726 67 62 51
3.5775 2.62543 0.4125 0.414392 -0.910089 -0.0042485 70 67 58
3.5775 2.62628 0.4275 0.274963 -0.946604 0.168334 66 63 53
3.5775 2.63076 0.4425 0.266978 -0.909727 0.317992 54 51 44
3.5775 2.6325 0.446096 0.344777 -0.277366 0.89677 44 42 36
3.5775 2.6475 0.442861 0.39705 0.00425633 0.917787 81 83 74
3.5925 2.62672 0.3675 0.36415 -0.889589 0.275727 56 49 35
3.5775 2.62595 0.3675 0.051589 -0.996975 -0.0581244 44 40 28
3.58493 2.6325 0.3825 0.660928 -0.672832 0.332372 44 38 26
3.5775 2.62507 0.3825 0.484282 -0.827236 0.284873 48 44 33
3.5925 2.6325 0.373279 0.608801 -0.57949 0.541805 47 40 27
3.57987 2.6325 0.3975 0.513676 -0.823909 -0.239397 32 27 15
3.5775 2.63039 0.3975 0.68399 -0.713815 0.150416 38 33 21
3.59089 2.6325 0.4125 0.46222 -0.859463 -0.218346 57 55 47
3.5925 2.63149 0.4275 0.384225 -0.918937 0.0890277 57 55 49
3.5925 2.6325 0.421465 0.527887 -0.837639 -0.140343 55 53 46
3.57951 2.6325 0.4425 0.664706 -0.0881459 0.741887 45 43 37
3.5925 2.6325 0.429426 0.671058 -0.289959 0.682353 52 50 44
3.57776 2.6475 0.4425 0.545974 0.0721827 0.834687 80 82 73
3.5925 2.6475 0.433027 0.503291 -0.0945274 0.858931 75 80 70
3.59828 2.6325 0.3675 0.57735 -0.57735 0.57735 47 41 28
3.59488 2.6325 0.4275 0.425485 -0.316653 0.847758 56 54 47
3.60604 2.6475 0.4275 0.461293 -0.0921843 0.882446 42 46 38
3.4875 2.5725 0.00947577 -0.468643 0.0376928 0.882583 28 25 17
3.4875 2.5875 0.0077609 -0.440309 0.317893 0.839686 26 18 8
3.5025 2.5725 0.0181404 -0.385022 -0.135029 0.912976 55 54 50
3.5025 2.5875 0.0158293 -0.376089 0.351489 0.857329 44 40 30
3.5175 2.57084 0.0225 -0.0326235 -0.788793 0.613793 65 62 56
3.51138 2.5725 0.0225 -0.341578 -0.41964 0.840968 62 61 56
3.5175 2.5725 0.0246302 -0.175682 0.00216965 0.984445 60 58 52
3.5175 2.57989 0.0225 -0.366164 0.272295 0.88982 53 51 42
3.5175 2.5875 0.0204128 -0.281235 0.428817 0.8585 43 39 29
3.5175 2.6025 0.0103127 -0.269436 0.474922 0.837767 50 38 18
3.5325 2.5575 0.00937494 -0.0507791 -0.638522 0.767927 80 71 56
3.5325 2.57183 0.0225 -0.0380025 -0.770505 0.6363 54 50 36
3.5325 2.5725 0.0246452 -0.166932 -0.224431 0.960086 48 44 31
3.52334 2.5875 0.0225 -0.323517 0.352547 0.878093 37 33 21
3.5325 2.5875 0.0258971 -0.242175 0.221525 0.944605 33 27 14
3.5325 2.59147 0.0225 -0.290818 0.55671 0.778138 47 40 26
3.5325 2.6025 0.0151409 -0.297391 0.452314 0.840815 85 72 55
3.5325 2.6175 0.00885249 -0.308725 0.328846 0.892496 133 109 81
3.5475 2.56842 0.0225 -0.107801 -0.832084 0.544074 70 58 39
3.5475 2.5725 0.0282772 -0.0784893 -0.340495 0.936964 46 35 18
3.5475 2.5875 0.0305741 -0.149011 0.187194 0.970955 79 73 60
3.5475 2.60023 0.0225 -0.273986 0.535973 0.798539 73 61 42
3.5475 2.6025 0.0209821 -0.280963 0.376427 0.882815 80 68 49
3.5475 2.6175 0.0145225 -0.320381 0.32489 0.889833 144 124 94
3.5475 2.6325 0.009564 -0.343257 0.164216 0.924775 153 129 92
3.5475 2.6475 0.00878603 -0.310085 -0.00369479 0.950702 156 129 91
3.5625 2.56743 0.0225 0.0302709 -0.839919 0.541867 90 72 50
3.5625 2.5725 0.0284657 0.101826 -0.367363 0.924487 59 44 27
3.5625 2.5875 0.0297358 0.0702752 0.0883557 0.993607 140 134 119
3.55419 2.6025 0.0225 -0.17095 0.466373 0.867913 103 91 72
3.5625 2.6025 0.0239826 0.0418316 0.364935 0.930093 136 125 107
3.5625 2.60811 0.0225 -0.0487599 0.309255 0.949728 140 128 109
3.5625 2.6175 0.0191891 -0.17974 0.233078 0.955703 150 135 113
3.5625 2.6325 0.0154536 -0.305858 0.167116 0.937296 146 127 97
3.5625 2.6475 0.0146266 -0.303876 0.0329301 0.952142 144 122 92
3.5775 2.4525 0.0076349 -5.15338e-18 0 1 190 152 100
3.5775 2.5575 0.00865182 -0.0307019 -0.730067 0.682685 169 143 110
3.5775 2.56933 0.0225 0.122451 -0.732835 0.669297 92 75 52
3.5775 2.5725 0.0245439 0.238698 -0.394176 0.887496 77 62 41
3.5775 2.5875 0.0278276 0.229783 0.0760483 0.970266 131 122 106
3.5775 2.6024 0.0225 0.219374 0.32892 0.918524 182 170 154
3.57706 2.6025 0.0225 0.115659 0.303008 0.945944 180 169 153
3.5775 2.6025 0.0224566 -0.00513932 0.0903177 0.9959 182 170 154
3.5775 2.6175 0.02056 -0.120086 0.0510677 0.991449 179 169 151
3.5775 2.6325 0.02014 -0.248171 0.101364 0.963398 181 172 155
3.5775 2.6475 0.0181769 -0.285245 0.0586937 0.956656 169 157 141
3.5775 2.64201 0.2325 0 -0.707107 -0.707107 33 28 21
3.57201 2.6475 0.2325 -0.57735 -0.57735 -0.57735 30 26 18
3.5775 2.6475 0.227011 0 -0.707107 -0.707107 31 26 17
3.58282 2.5725 0.0225 0.388563 -0.266706 0.881979 91 74 51
3.5925 2.5725 0.0172907 0.308533 -0.409332 0.858635 118 98 71
3.5912 2.5875 0.0225 0.36155 0.065362 0.930059 119 108 89
3.5925 2.5875 0.0220003 0.251889 -0.114162 0.960999 117 106 86
3.5925 2.6025 0.0221853 0.0930838 -0.0224766 0.995405 170 157 139
3.5925 2.60563 0.0225 0.113135 -0.105711 0.98794 175 162 144
3.58585 2.6175 0.0225 -0.208585 -0.0436435 0.97703 188 176 159
3.5925 2.6175 0.0237707 -0.0296113 -0.0197149 0.999367 188 176 158
3.58771 2.6325 0.0225 -0.20591 0.0236971 0.978284 189 178 164
3.5925 2.6325 0.0232705 0.00673227 0.00379708 0.99997 188 177 162
3.58889 2.6475 0.0225 -0.294379 0.0618854 0.953683 195 187 176
3.5925 2.6475 0.0235568 0.0305313 0.0213256 0.999306 197 189 178
3.58299 2.6475 0.2325 0.57735 -0.57735 -0.57735 27 24 17
3.6075 2.5725 0.013395 0.195238 -0.321754 0.926475 132 110 82
3.6075 2.5875 0.0176895 0.282859 -0.153889 0.946736 90 74 54
3.6075 2.6025 0.0183381 0.301601 -0.0593538 0.951585 128 112 94
3.5977 2.6175 0.0225 0.201754 -0.0510623 0.978104 170 156 139
3.6075 2.6175 0.020021 0.324919 -0.0890241 0.941543 133 118 100
3.59919 2.6325 0.0225 0.147948 0.00783526 0.988964 169 157 142
3.6075 2.6325 0.0213505 0.300678 -0.0330252 0.953154 146 133 118
3.59766 2.6475 0.0225 0.185093 0.0460007 0.981644 184 174 163
3.6075 2.6475 0.0206647 0.236749 0.0336786 0.970987 155 143 132
3.6075 2.64238 0.2325 -0.57735 -0.57735 -0.57735 29 25 17
3.60238 2.6475 0.2325 -0.57735 -0.57735 -0.57735 28 24 18
3.6075 2.6475 0.227385 -0.57735 -0.57735 -0.57735 28 24 18
3.6113 3.1275 0.3975 0.57735 0.57735 0.57735 45 52 52
3.6075 3.1313 0.3975 0.57735 0.57735 0.57735 54 58 57
3.6075 3.1275 0.401302 0.57735 0.57735 0.57735 45 50 51
3.6225 3.17376 0.3075 -0.706475 -0.0422689 0.706475 16 27 22
3.62168 3.1875 0.3075 -0.755271 0.0639589 0.652285 16 23 15
3.6225 3.1875 0.308322 -0.215453 0.609645 0.762832 16 23 15
3.6225 3.18832 0.3075 -0.160252 0.743348 0.649425 16 23 15
3.6225 3.1875 0.306153 -0.649252 0.649252 -0.396163 16 23 15
3.6375 3.14943 0.3825 0.117151 0.689932 0.714331 52 57 56
3.6225 3.14975 0.3825 0.0142263 0.67027 0.741981 52 56 53
3.6225 3.1425 0.389052 -0.00248887 0.689607 0.72418 46 52 52
3.6375 3.1425 0.389458 0.162476 0.516057 0.841003 40 47 48
3.62862 3.1725 0.3225 -0.392648 0.867211 0.306222 19 21 13
3.6375 3.17652 0.3225 -0.392648 0.867211 0.306222 24 23 13
3.6375 3.1725 0.333881 -0.392648 0.867211 0.306222 25 22 11
3.6375 3.18985 0.3075 -0.308285 0.877759 0.366741 18 20 12
3.6375 3.1875 0.309854 -0.477838 0.633708 0.608346 19 21 13
3.62809 3.1875 0.3525 -0.578919 0.815385 0 41 32 21
3.6375 3.19418 0.3525 -0.578919 0.815385 0 39 30 18
3.6375 3.1875 0.346182 -0.438502 0.617613 -0.652894 32 25 12
3.6375 3.1875 0.358818 -0.438502 0.617613 0.652894 48 40 28
3.6525 3.13803 0.3825 -0.0481658 0.843727 0.534607 39 48 47
3.6486 3.1425 0.3825 0.435522 0.572722 0.694485 40 49 48
3.6375 3.1275 0.388755 -0.350975 -0.0438328 0.935358 40 50 47
3.6525 3.1275 0.394384 -0.220127 0.536483 0.814696 36 47 43
3.64555 3.1275 0.4875 -0.79833 0.532116 -0.281994 46 56 56
3.6525 3.1398 0.4875 -0.848282 0.47952 -0.224673 46 56 56
3.6525 3.1275 0.472769 -0.801932 0.462788 -0.377799 43 52 49
3.6525 3.19418 0.3075 -0.272247 0.942963 0.191581 25 23 13
3.64886 3.1875 0.3225 -0.596831 0.596831 0.53627 26 22 10
3.6525 3.19114 0.3225 -0.412342 0.84603 0.337945 28 23 11
3.646 3.2025 0.2775 0 0 0 15 22 14
3.64673 3.2025 0.2925 0 0 0 17 19 10
3.6525 3.2025 0.298268 0 0 0 21 22 13
3.6675 3.1399 0.3825 -0.123447 0.988368 0.088817 37 48 45
3.65602 3.1275 0.3975 -0.704948 0.698015 0.125791 35 47 44
3.6675 3.13855 0.3975 -0.516418 0.804235 0.294141 38 49 43
3.65777 3.1275 0.4125 -0.740008 0.672206 -0.0229451 35 46 40
3.6675 3.13798 0.4125 -0.719058 0.694898 0.00843997 37 45 40
3.65659 3.1275 0.4275 -0.790415 0.584507 -0.183293 42 48 46
3.6675 3.13996 0.4275 -0.740236 0.662936 -0.112101 42 47 44
3.65503 3.1275 0.4425 -0.898317 0.431756 -0.0813202 44 48 48
3.66224 3.1425 0.4425 -0.85922 0.473034 -0.194885 43 50 47
3.6675 3.1425 0.432504 -0.756919 0.539162 -0.369294 43 48 45
3.65388 3.1275 0.4575 -0.921119 0.356208 -0.157019 45 51 49
3.65827 3.1425 0.4575 -0.824423 0.545096 -0.152302 44 51 47
3.6675 3.15269 0.4425 -0.849991 0.472208 -0.233526 43 51 47
3.6675 3.15378 0.4575 -0.807439 0.582012 -0.0964626 41 51 47
3.65683 3.1425 0.4725 -0.772884 0.629084 -0.0830926 44 53 50
3.6675 3.15565 0.4725 -0.773166 0.629206 -0.0794606 44 55 51
3.65508 3.1425 0.4875 -0.770628 0.631367 -0.0866518 47 57 56
3.66737 3.1575 0.4875 -0.776826 0.62643 -0.0642409 47 56 55
3.6675 3.1575 0.486104 -0.784887 0.613827 -0.0846695 47 56 55
3.6675 3.15814 0.4875 -0.971548 0.229346 -0.059113 47 56 55
3.67142 3.1425 0.3825 -0.87051 0.489483 -0.0511678 36 47 43
3.6825 3.15569 0.3825 -0.736821 0.61921 -0.271428 37 46 45
3.67449 3.1425 0.3975 -0.953676 0.289343 0.0823535 37 48 40
3.67904 3.1575 0.3975 -0.918307 0.368791 -0.143894 38 45 39
3.6825 3.1575 0.386637 -0.791349 0.555179 -0.256015 37 46 43
3.67401 3.1425 0.4125 -0.970329 0.102742 -0.218875 40 47 41
3.67412 3.1575 0.4125 -0.916764 0.329043 -0.22644 41 46 42
3.66926 3.1425 0.4275 -0.963989 0.151965 -0.218248 42 47 44
3.67113 3.1575 0.4275 -0.886576 0.454935 -0.0837651 42 48 44
3.67086 3.1575 0.4425 -0.861464 0.503463 -0.0663721 42 51 46
3.67017 3.1575 0.4575 -0.786383 0.616611 -0.0373276 41 51 47
3.6825 3.16493 0.3975 -0.863661 0.452879 -0.221339 40 45 42
3.6825 3.16985 0.4125 -0.835882 0.525256 -0.159396 40 48 45
3.6825 3.17201 0.4275 -0.798458 0.594605 -0.0943948 42 51 46
3.68228 3.1725 0.4425 -0.825291 0.564396 -0.0187717 41 50 45
3.6825 3.1725 0.437942 -0.832025 0.553705 -0.0338412 41 50 45
3.68223 3.1725 0.4575 -0.850867 0.486255 -0.198949 41 52 48
3.66877 3.1575 0.4725 -0.883815 0.418852 -0.208408 44 55 51
3.67518 3.1725 0.4725 -0.855256 0.451082 -0.255073 47 56 52
3.67091 3.1725 0.4875 -0.883065 0.463255 -0.0747739 50 57 55
3.67903 3.1725 0.3675 -0.601168 0.730343 0.32434 35 40 42
3.6825 3.17535 0.3675 -0.601168 0.730343 0.32434 34 38 41
3.6825 3.1725 0.373925 -0.912344 0.247371 0.326246 35 40 42
3.6825 3.1755 0.4425 -0.997115 0.0726936 -0.0218566 41 50 46
3.6825 3.17615 0.4575 -0.99717 0.0723084 -0.0205998 42 53 49
3.6825 3.18738 0.4725 -0.931325 0.329378 -0.155382 51 56 52
3.6825 3.18678 0.4875 -0.814722 0.577693 -0.0499935 55 57 54
3.6675 3.19158 0.3525 0 0 0 61 59 52
3.6675 3.1875 0.356297 0 0 0 59 59 53
3.6825 3.1875 0.364781 0 0 0 46 47 46
3.68367 3.1575 0.3825 -0.965605 0.259141 -0.0212814 37 46 44
3.68534 3.1725 0.3825 -0.970684 0.11654 0.210218 39 44 44
3.6825 3.1575 0.380105 -0.932172 0.122335 0.34072 37 46 45
3.68696 3.1725 0.3975 -0.931737 0.35217 -0.0885524 41 46 46
3.68429 3.1725 0.4125 -0.819477 0.562539 -0.109581 39 48 45
3.68289 3.1725 0.4275 -0.997023 0.0737789 -0.0223976 42 51 46
3.68344 3.1875 0.4275 -0.999321 0.0367093 -0.00321932 42 51 48
3.68339 3.1875 0.4425 -0.997988 0.0621333 -0.0126609 42 51 48
3.6833 3.1875 0.4575 -0.996783 0.0745725 -0.0293711 47 56 51
3.6826 3.1875 0.4725 -0.748237 0.663144 0.0195335 51 56 52
3.68315 3.1875 0.4875 -0.738709 0.672305 0.0481051 55 57 54
3.1875 3.13557 0.6675 0.0158401 -0.810445 -0.5856 102 69 55
3.1875 3.1425 0.659618 0.179089 -0.638178 -0.74877 93 65 50
3.1875 3.1275 0.680378 0.0187852 -0.83278 -0.553285 125 92 79
3.1875 3.12929 0.6975 0.0327301 -0.662833 0.748052 196 151 153
3.1875 3.1275 0.694227 0.0611166 -0.96684 0.247961 180 139 137
3.1875 3.1425 0.705433 -0.028465 -0.426187 0.904187 176 133 144
3.1875 3.14765 0.6525 0.517702 -0.69303 -0.501692 81 57 41
3.2025 3.13586 0.6675 0.023566 -0.805026 -0.592772 96 65 52
3.2025 3.1425 0.66072 0.0417565 -0.510626 -0.858788 93 64 52
3.2025 3.1275 0.680897 0.023034 -0.837601 -0.545796 129 96 81
3.2025 3.13055 0.6975 0.0362974 -0.718117 0.694975 197 151 155
3.2025 3.1275 0.69053 0.0468403 -0.960532 0.274198 167 129 123
3.2025 3.1425 0.705905 0.0165887 -0.44889 0.893433 165 123 135
3.20068 3.1575 0.6525 0.519661 -0.693487 -0.499027 96 66 54
3.2025 3.1575 0.654436 0.109835 -0.426893 -0.897607 105 75 64
3.2025 3.1575 0.711268 -0.00185652 -0.340275 0.940324 102 97 107
3.2025 3.16054 0.7125 0.108185 -0.550008 0.828122 88 88 97
3.2025 3.1725 0.723195 0.23574 -0.507854 0.82856 92 94 97
3.2175 3.13631 0.6675 0.0610255 -0.82789 -0.55756 99 68 55
3.2175 3.1425 0.661064 0.0355218 -0.529786 -0.847387 97 69 56
3.2175 3.1275 0.681571 0.116375 -0.830604 -0.544568 129 96 83
3.2175 3.13076 0.6975 0.142857 -0.793304 0.591828 203 162 168
3.2175 3.1275 0.689396 0.0733447 -0.958608 0.27512 166 131 126
3.2175 3.1425 0.705143 0.0522964 -0.468316 0.882012 177 127 140
3.2175 3.1575 0.655292 -0.0754578 -0.466318 -0.881393 105 74 65
3.2175 3.1575 0.71093 0.0236433 -0.356591 0.933961 106 99 110
3.2175 3.16138 0.7125 0.0270544 -0.457668 0.888711 87 86 97
3.2175 3.1725 0.718928 0.115826 -0.458745 0.880986 70 73 80
3.2175 3.1875 0.724755 0.121565 -0.305974 0.944247 81 82 83
3.2175 3.20194 0.7275 -0.0140251 -0.24234 0.97009 79 84 86
3.2325 3.13698 0.6675 0.0392847 -0.867567 -0.495767 94 64 51
3.2325 3.1425 0.661967 -0.054253 -0.668415 -0.741807 94 66 53
3.22178 3.1275 0.6825 0.31137 -0.930977 0.190605 127 95 82
3.2325 3.13067 0.6825 0.127249 -0.986651 -0.101623 130 99 91
3.2325 3.13366 0.6975 0.0889219 -0.826905 0.555267 197 155 160
3.2325 3.1425 0.703367 0.0357405 -0.503948 0.862994 177 127 138
3.2325 3.15108 0.6525 -0.216432 -0.671023 -0.709144 84 56 45
3.22172 3.1575 0.6525 -0.348118 -0.584504 -0.732918 91 62 51
3.2325 3.1575 0.648167 -0.169697 -0.449066 -0.877236 90 62 51
3.2325 3.1575 0.710807 -0.000257759 -0.407326 0.913283 98 91 106
3.2325 3.16178 0.7125 -0.0422607 -0.411861 0.910266 79 81 94
3.2325 3.1725 0.717986 0.00989815 -0.415368 0.9096 70 75 83
3.2325 3.1875 0.724015 0.020661 -0.302894 0.9528 76 80 82
3.2325 3.19835 0.7275 0.0125747 -0.295718 0.955193 76 80 81
3.2475 3.13744 0.6675 0.0198903 -0.881667 -0.471452 96 69 56
3.2475 3.1425 0.662466 0.090506 -0.691656 -0.716533 94 67 54
3.2475 3.13158 0.6825 0.0416323 -0.992555 -0.114458 129 98 91
3.2475 3.13434 0.6975 0.0256315 -0.883623 0.467498 190 148 154
3.2475 3.1425 0.703158 0.00288202 -0.542104 0.840306 182 135 148
3.2475 3.15058 0.6525 0.102711 -0.69035 -0.716148 92 67 56
3.2475 3.1575 0.647673 0.104992 -0.568693 -0.815822 95 69 60
3.2475 3.1575 0.712356 -0.0380363 -0.489015 0.871446 97 90 105
3.2475 3.1725 0.638505 -0.118903 -0.427083 -0.89636 82 54 43
3.2325 3.1725 0.645061 -0.393465 -0.186392 -0.900246 125 93 83
3.2475 3.15786 0.7125 -0.0939366 -0.369629 0.924419 95 88 104
3.2475 3.1725 0.71836 -0.00987187 -0.359359 0.933147 69 72 79
3.2475 3.1875 0.724315 0.0320926 -0.278494 0.959902 80 83 85
3.24525 3.2025 0.7275 0.0897357 -0.170573 0.98125 77 84 82
3.2475 3.2025 0.727279 0.0652057 -0.221808 0.972908 77 85 82
3.2475 3.20402 0.7275 0.0376609 -0.210912 0.976779 77 85 83
3.2625 3.13733 0.6675 0.0541289 -0.867407 -0.494646 87 61 47
3.2625 3.1425 0.662909 0.0822221 -0.593579 -0.800565 90 64 51
3.2625 3.13229 0.6825 -0.00127447 -0.99353 -0.113566 120 88 79
3.2625 3.13441 0.6975 -0.0371965 -0.899165 0.436026 177 135 141
3.2625 3.1425 0.703417 -0.0450004 -0.517252 0.85465 172 127 139
3.26217 3.1575 0.6525 0.317912 -0.668768 -0.672073 83 56 47
3.2625 3.1575 0.652794 -0.0128822 -0.6345 -0.772815 84 58 49
3.2625 3.15476 0.7125 0.0714483 -0.570694 0.818049 112 94 110
3.24884 3.1575 0.7125 -0.111125 -0.563029 0.818932 96 89 104
3.2625 3.1575 0.713834 -0.00252026 -0.320448 0.947263 97 87 102
3.2625 3.15766 0.6525 0.225688 -0.639051 -0.735309 83 57 48
3.2625 3.1725 0.639586 0.0799021 -0.559841 -0.824739 96 71 59
3.2625 3.1725 0.717625 0.000834561 -0.299894 0.953972 65 72 80
3.2625 3.1875 0.723226 0.0391161 -0.277117 0.96004 80 82 83
3.2625 3.2025 0.725471 0.0122721 -0.214853 0.976569 77 81 80
3.2625 3.20828 0.7275 -0.0148505 -0.284877 0.958449 77 82 81
3.2775 3.14034 0.6675 0.215531 -0.797851 -0.56301 87 59 47
3.2775 3.1425 0.6654 0.148912 -0.694535 -0.703879 91 64 52
3.2775 3.13205 0.6825 0.251997 -0.919082 -0.302961 122 93 85
3.2775 3.13346 0.6975 -0.064306 -0.915856 0.396324 185 141 147
3.2775 3.1425 0.707116 -0.157542 -0.414959 0.896097 174 124 139
3.2775 3.15329 0.6525 0.0977466 -0.805526 -0.584443 83 63 50
3.26323 3.1575 0.6525 -0.193359 -0.649679 -0.735207 82 56 47
3.2775 3.1575 0.648731 0.0212556 -0.514568 -0.857186 86 65 52
3.26807 3.1575 0.7125 0.224762 -0.467404 0.854995 98 88 103
3.2775 3.1575 0.709997 -0.0218032 -0.358618 0.93323 111 95 109
3.2775 3.1725 0.643296 -0.163799 -0.552344 -0.817365 97 70 60
3.2775 3.16221 0.7125 0.06021 -0.416659 0.907067 84 81 93
3.2775 3.1725 0.718363 0.0474934 -0.377447 0.924813 69 76 81
3.2775 3.1875 0.723155 -0.0241559 -0.256852 0.966149 78 82 81
3.2775 3.20244 0.7275 0.108882 -0.277576 0.954514 80 86 83
3.27739 3.2025 0.7275 -0.129168 -0.291291 0.947874 80 86 83
3.2775 3.30711 0.7275 -0.0724891 0.225434 0.971558 52 60 61
3.27702 3.3075 0.7275 0.155443 0.190068 0.969387 51 60 61
3.2775 3.3075 0.727423 -0.0296793 0.0307217 0.999087 51 60 61
3.2775 3.30797 0.7275 -0.0541837 -0.121569 0.991103 51 60 61
3.28039 3.1425 0.6675 0.552333 -0.73896 -0.385833 87 59 48
3.29077 3.1425 0.6825 0.587286 -0.670009 -0.454074 172 142 142
3.2925 3.13239 0.6975 0.0777788 -0.98024 0.181881 180 144 147
3.2925 3.1425 0.686369 -0.0891739 -0.748823 -0.656743 171 138 141
3.2925 3.1425 0.709822 0.0674578 -0.401921 0.913186 173 115 132
3.2925 3.15541 0.6525 0.0068329 -0.906088 -0.423034 75 55 43
3.2925 3.1575 0.650431 0.0717339 -0.682481 -0.727374 77 57 45
3.2925 3.15027 0.6675 0.143517 -0.903914 -0.402918 106 80 73
3.2925 3.14472 0.6825 0.213849 -0.899486 -0.381043 171 140 141
3.2925 3.1575 0.711868 0.0863126 -0.19508 0.976982 117 87 104
3.2925 3.16364 0.6375 -0.135121 -0.799104 -0.585811 95 79 64
3.28409 3.1725 0.6375 -0.562521 -0.534205 -0.631027 76 51 40
3.2925 3.1725 0.629924 0 -0.649934 -0.75999 95 75 62
3.2925 3.15953 0.7125 0.190835 -0.403503 0.894856 106 83 98
3.2925 3.1725 0.716354 0.0952411 -0.40765 0.908158 65 78 82
3.2925 3.1875 0.724013 0.0492789 -0.290178 0.955703 76 85 81
3.27765 3.2025 0.7275 0.104535 -0.098992 0.989582 80 86 83
3.2925 3.2025 0.725777 0.0387645 -0.147651 0.98828 76 87 82
3.2925 3.21671 0.6075 0 -0.707107 -0.707107 92 66 51
3.29171 3.2175 0.6075 -0.57735 -0.57735 -0.57735 91 65 50
3.2925 3.2175 0.606707 0 -0.707107 -0.707107 91 65 50
3.29165 3.2175 0.7275 0.0940179 -0.12191 0.988078 75 86 84
3.2925 3.2175 0.727432 0.0595105 -0.111014 0.992035 75 86 84
3.2925 3.21786 0.7275 -0.0905813 -0.154647 0.983809 75 86 84
3.27869 3.3075 0.7275 -0.0555002 0.214917 0.975054 53 61 63
3.2925 3.32408 0.7275 0.125681 0.290774 0.948501 66 74 74
3.2925 3.3375 0.723285 0.0416805 0.168594 0.984804 64 72 70
3.2925 3.3525 0.722276 0.0879615 0.00149161 0.996123 64 71 70
3.3075 3.13387 0.5775 -0.540565 -0.462265 -0.702923 69 71 71
3.30341 3.1425 0.5775 -0.949458 0.1683 -0.264963 70 69 66
3.3075 3.1425 0.575053 -0.603546 -0.28371 -0.745145 72 72 69
3.29478 3.1275 0.5925 -0.983621 0.174674 0.0444807 70 71 70
3.30627 3.1425 0.5925 -0.802223 0.488685 0.342967 64 65 62
3.3075 3.1275 0.584926 -0.59755 -0.186599 -0.779817 67 71 73
3.30457 3.1275 0.6075 -0.744352 0.329048 0.581092 60 61 61
3.3075 3.129 0.6075 -0.119183 0.861678 0.493261 62 63 63
3.3075 3.1425 0.593835 0.218354 0.676978 0.702867 65 66 63
3.3075 3.1275 0.610464 -0.328842 0.349703 0.877252 59 60 60
3.30537 3.1275 0.6825 -1 0 0 113 84 75
3.3075 3.14149 0.6825 0 1 0 155 131 127
3.3075 3.1275 0.681731 0 0 -1 113 84 75
3.3075 3.1285 0.6975 0.275759 -0.943222 -0.185171 177 141 142
3.3075 3.1275 0.691556 0 -2.04565e-17 1 152 119 116
3.3075 3.1425 0.682618 0.453686 -0.657835 -0.601184 158 134 131
3.3075 3.1425 0.708707 0.278379 -0.333256 0.900803 169 114 128
3.3046 3.1575 0.5775 -0.951208 0.257571 0.169885 71 67 60
3.3075 3.1575 0.574605 -0.109048 0.526704 -0.843025 70 66 60
3.3075 3.14326 0.5925 -0.22003 0.650061 0.72733 65 65 63
3.3075 3.1575 0.580395 0.136158 0.698666 0.702372 74 70 64
3.3075 3.15466 0.6525 0.0250242 -0.856501 -0.515538 79 57 45
3.3075 3.1575 0.651378 0.0692182 -0.549284 -0.832764 76 54 43
3.3075 3.14863 0.6675 -0.059197 -0.936171 -0.346526 110 86 77
3.3075 3.14259 0.6825 -0.0398394 -0.985641 -0.164086 157 134 130
3.3075 3.1575 0.703036 0.258521 -0.138387 0.956042 144 106 122
3.3075 3.1604 0.5775 0 1 0 72 68 62
3.30263 3.1725 0.6375 0.541091 -0.685686 -0.486884 90 70 57
3.3075 3.1725 0.642059 0.124472 -0.591849 -0.79638 103 82 71
3.3075 3.16944 0.7125 0.157558 -0.599835 0.784457 61 63 74
3.3075 3.1725 0.714355 0.104064 -0.410477 0.905914 62 68 77
3.3075 3.1875 0.721922 0.085223 -0.378915 0.921499 91 96 95
3.3075 3.2025 0.725611 -0.00377821 -0.162304 0.986734 78 89 86
3.29624 3.2175 0.6075 0.148428 -0.699274 -0.699274 99 73 59
3.3075 3.21051 0.7275 0.00391843 -0.218079 0.975923 78 90 88
3.29324 3.2175 0.7275 -0.105256 -0.215865 0.970734 75 86 85
3.3075 3.31507 0.7275 0.137644 0.223984 0.964824 76 84 84
3.29569 3.3225 0.7275 0.155492 0.281139 0.946986 67 75 76
3.3075 3.3225 0.725522 0.0341733 0.185013 0.982142 73 81 80
3.3075 3.3375 0.723896 0.00380576 0.0946796 0.995501 63 71 70
3.3075 3.3525 0.720952 -0.00503535 0.109427 0.993982 61 69 67
3.3225 3.13739 0.5625 -0.721268 -0.51556 -0.462568 71 73 72
3.31937 3.1425 0.5625 -0.71254 0.0853965 -0.696416 69 70 69
3.3225 3.1425 0.556208 -0.440924 0.00683122 -0.897518 76 76 73
3.31338 3.1275 0.5775 -0.552534 -0.240275 -0.798106 68 73 74
3.3225 3.1275 0.572926 -0.566855 -0.375515 -0.733256 72 77 78
3.3225 3.13727 0.5925 -0.132346 0.843459 0.520635 57 62 66
3.31295 3.1425 0.5925 0.212943 0.625035 0.750991 61 62 61
3.3225 3.1425 0.5891 0.155883 0.843124 0.514628 58 60 64
3.3225 3.13567 0.6075 -0.505459 0.780365 0.368161 51 53 54
3.3225 3.1275 0.614268 -0.24038 0.422515 0.873899 53 56 56
3.3082 3.1275 0.6825 1 0 0 112 84 75
3.31325 3.1275 0.6975 -1 0 0 177 142 144
3.3225 3.12933 0.6975 2.0098e-17 1 0 175 139 141
3.3157 3.1425 0.6975 0.844125 -0.529785 0.0823432 167 119 126
3.3225 3.1275 0.696761 0 3.63754e-18 -1 172 139 140
3.3225 3.1275 0.698869 0 -2.91003e-17 1 177 141 143
3.3225 3.15355 0.5625 -0.643142 0.765552 -0.0172834 63 62 60
3.3225 3.14614 0.5775 0.000984924 0.99512 0.0986634 58 62 64
3.3104 3.1575 0.5775 0.644728 0.748158 0.156795 62 60 55
3.31328 3.1575 0.6525 0.284382 -0.698701 -0.656463 79 58 44
3.3225 3.14741 0.6675 -0.0363267 -0.875506 -0.481841 104 84 74
3.3225 3.1575 0.656576 -0.0499619 -0.775648 -0.629185 101 81 67
3.3225 3.14338 0.6825 -0.0337734 -0.990228 0.135306 161 130 132
3.3225 3.15274 0.6975 0.276957 -0.851623 0.445008 177 120 136
3.3225 3.1575 0.702044 0.203463 -0.512506 0.83423 150 110 126
3.3225 3.15971 0.6525 0.0358069 -0.68177 -0.73069 91 71 55
3.3225 3.1725 0.642004 -0.0807683 -0.629821 -0.772529 101 80 69
3.3225 3.17029 0.7125 0.0634161 -0.616173 0.785053 50 59 65
3.3225 3.1725 0.713816 0.0391548 -0.426964 0.90342 51 60 66
3.3225 3.1875 0.72016 0.0689938 -0.389412 0.918476 97 106 107
3.3225 3.2025 0.726995 0.0466533 -0.228019 0.972538 82 91 89
3.3225 3.2106 0.6075 -0.324105 -0.49122 -0.808492 110 91 76
3.31204 3.2175 0.6075 -0.324105 -0.49122 -0.808492 118 95 82
3.3225 3.2175 0.603305 -0.324105 -0.49122 -0.808492 108 87 72
3.32145 3.2175 0.7275 0.102493 -0.110393 0.988589 77 86 87
3.3225 3.2175 0.727383 -0.00788623 -0.0725315 0.997335 77 86 87
3.3225 3.21878 0.7275 -0.0435604 -0.116364 0.992251 78 86 88
3.3225 3.30558 0.7275 0.146893 0.146225 0.978285 72 80 78
3.32038 3.3075 0.7275 0.135837 0.221227 0.965716 72 80 79
3.3225 3.3075 0.727134 0.0269642 0.0712555 0.997094 71 79 78
3.3225 3.3225 0.726955 -0.0188008 0.108806 0.993885 71 79 79
3.3225 3.3375 0.721743 -0.0470862 0.142676 0.988649 74 82 80
3.3225 3.34416 0.5325 -0.160995 -0.529555 -0.832858 85 57 35
3.31749 3.3525 0.5325 -0.66609 -0.400201 -0.629415 84 58 33
3.3225 3.3525 0.527197 -0.184338 -0.726581 -0.66189 84 55 32
3.3225 3.3525 0.723751 -0.0197945 0.0643016 0.997734 71 79 77
3.3301 3.1275 0.5625 -0.671886 -0.557227 -0.487921 74 77 76
3.3375 3.1275 0.552655 -0.326766 -0.340927 -0.881472 84 83 80
3.3375 3.1425 0.555696 -0.212026 0.173119 -0.961808 61 66 65
3.32508 3.1425 0.5925 -0.57132 0.790486 0.220737 54 57 60
3.3305 3.1425 0.6075 -0.512654 0.742176 0.431694 47 49 49
3.3375 3.1275 0.612896 -0.138106 0.431359 0.891547 50 54 56
3.3375 3.1425 0.613041 0.0395602 0.331462 0.942639 62 62 59
3.3375 3.14207 0.6825 -2.25695e-18 -1 0 174 140 144
3.33063 3.1425 0.6825 -0.0833661 -0.973839 -0.211392 169 137 140
3.3375 3.1425 0.680982 0.0150636 -0.965837 -0.258711 168 135 138
3.32325 3.1275 0.6975 1 0 0 176 142 144
3.3375 3.1425 0.683845 -0.0287704 -0.802064 0.596544 175 140 143
3.32895 3.1575 0.5625 -0.442421 0.822377 0.357715 50 52 51
3.3375 3.1575 0.558055 -0.461767 0.127561 -0.877781 48 52 54
3.3375 3.14904 0.5775 -0.461865 0.816283 0.346934 29 36 39
3.3375 3.1575 0.569673 -0.553152 0.690489 0.466098 31 35 38
3.3375 3.14935 0.5925 -0.50803 0.840152 0.189867 37 40 43
3.3375 3.14499 0.6075 -0.186245 0.874243 0.448343 48 52 51
3.3375 3.15594 0.6525 -0.0929085 -0.8228 -0.560686 85 69 52
3.3304 3.1575 0.6525 -0.182756 -0.686049 -0.704228 84 66 49
3.3375 3.1575 0.65094 -0.155407 -0.724929 -0.671064 85 68 52
3.3375 3.14605 0.6675 -0.0234386 -0.928451 -0.370715 103 81 73
3.3375 3.15312 0.6975 -0.0352327 -0.789745 0.612423 157 115 125
3.3375 3.1575 0.700594 0.0104707 -0.574664 0.818323 138 107 117
3.3375 3.15917 0.5625 -0.684484 0.724999 0.07654 34 39 41
3.3375 3.16906 0.6375 -0.131685 -0.741074 -0.658383 90 72 55
3.33026 3.1725 0.6375 -0.333802 -0.646272 -0.686228 88 69 54
3.3375 3.1725 0.634056 -0.0621422 -0.364465 -0.929141 87 68 52
3.33731 3.1725 0.7125 0.0785332 -0.460396 0.884233 56 69 73
3.3375 3.1725 0.712481 0.0991001 -0.621535 0.777093 57 69 74
3.3225 3.17622 0.6375 -0.25389 -0.529719 -0.809283 93 73 60
3.3375 3.1875 0.630504 0.0289469 -0.230301 -0.972689 97 76 65
3.3225 3.1875 0.630117 -0.156655 -0.40752 -0.899659 96 74 61
3.3375 3.17253 0.7125 0.194415 -0.407035 0.892483 57 69 74
3.3375 3.1875 0.720127 0.102096 -0.386077 0.916799 81 90 90
3.3375 3.2025 0.724361 0.080457 -0.271538 0.959059 93 101 100
3.3375 3.2175 0.727327 0.0567995 -0.137549 0.988865 75 85 85
3.3375 3.2242 0.5925 0 -0.63086 -0.775896 110 92 77
3.33075 3.2325 0.5925 -0.613014 -0.498425 -0.613014 117 94 80
3.3375 3.2325 0.58575 0 -0.63086 -0.775896 107 87 72
3.3375 3.21844 0.7275 0.0793244 -0.168877 0.98244 75 85 86
3.3375 3.27347 0.7275 0.146618 0.141937 0.978957 57 64 64
3.3341 3.2775 0.7275 0.167532 0.0181774 0.985699 57 64 63
3.3375 3.2775 0.726866 0.0124437 0.0146959 0.999815 54 62 60
3.33367 3.2925 0.7275 0.170747 0.0705348 0.982787 56 65 63
3.3375 3.2925 0.726802 0.0525485 0.0401616 0.99781 50 59 57
3.3375 3.30629 0.7275 0.188161 -0.0500445 0.980862 60 70 68
3.33496 3.3075 0.7275 -0.0284401 -0.0456314 0.998553 63 72 70
3.3375 3.30777 0.7275 -0.0232276 0.239073 0.970724 61 71 69
3.3375 3.3225 0.723878 0.103974 0.0307279 0.994105 64 73 70
3.3375 3.3375 0.72645 -0.00684492 0.121616 0.992554 76 85 83
3.3375 3.34642 0.5325 0.105975 -0.78756 -0.607057 79 50 28
3.3375 3.3525 0.520682 0.114371 -0.883273 -0.454695 82 56 34
3.3375 3.3525 0.721497 -0.0687438 0.172456 0.982615 75 84 81
3.3525 3.1275 0.550332 -0.0948364 -0.609281 -0.787263 88 91 92
3.3525 3.1425 0.549594 -0.35325 0.0508973 -0.934143 75 78 77
3.3525 3.13791 0.6075 0.0420867 0.808168 0.587447 46 49 49
3.34567 3.1425 0.6075 0.0804637 0.605828 0.791516 44 47 47
3.3525 3.1425 0.603346 0.00498178 0.565074 0.825025 39 42 43
3.35201 3.1275 0.6225 -0.470773 0.58682 0.658798 46 50 46
3.3525 3.12791 0.6225 -0.156568 0.731599 0.663513 46 50 46
3.3525 3.1275 0.622952 0.0258461 0.125101 0.991807 46 50 46
3.34702 3.1425 0.6825 0.0716029 -0.838915 0.539531 154 123 124
3.3525 3.14463 0.5475 -0.705299 -0.554307 -0.441924 74 77 76
3.34208 3.1575 0.5475 -0.918259 0.0712098 -0.389526 67 70 69
3.3525 3.1575 0.533989 -0.760948 -0.276453 -0.586968 87 86 80
3.34158 3.1575 0.5775 -0.691176 0.664051 0.285152 27 31 34
3.34942 3.1575 0.5925 -0.323906 0.79257 0.51664 18 27 26
3.3525 3.1575 0.596516 -0.504496 0.288813 0.813677 34 40 37
3.3525 3.15458 0.6525 -0.0373452 -0.855998 -0.515628 85 67 55
3.3525 3.1575 0.649577 0.0620534 -0.683076 -0.727706 86 66 54
3.3525 3.14658 0.6675 0.0044003 -0.930649 -0.365887 97 72 65
3.3525 3.14284 0.6825 0.0267347 -0.983408 0.179425 142 112 112
3.3525 3.15148 0.6975 -0.0382495 -0.79939 0.599593 169 115 125
3.3525 3.1575 0.703448 -0.0468475 -0.495051 0.8676 138 99 111
3.34713 3.1725 0.5475 -0.872197 0.48118 -0.0879656 33 39 39
3.3525 3.1725 0.534376 -0.693109 0.26396 -0.670764 81 81 77
3.34908 3.1725 0.5625 -0.817363 0.571826 0.0702361 26 31 32
3.3525 3.16905 0.5775 -0.593074 0.683331 0.425819 22 24 26
3.3525 3.1725 0.573462 -0.727896 0.634869 0.259054 22 23 26
3.3525 3.15933 0.5925 -0.355667 0.845101 0.39913 18 27 26
3.3525 3.16855 0.6375 0.0419095 -0.736119 -0.675553 96 76 61
3.3525 3.1725 0.633549 0.0891985 -0.362581 -0.927674 94 75 60
3.3525 3.1725 0.710034 0.0150896 -0.46249 0.886496 67 65 74
3.3525 3.17787 0.5475 -0.7188 0.676797 -0.15897 32 37 38
3.3525 3.17592 0.5625 -0.641878 0.725732 0.247598 29 32 34
3.3525 3.1875 0.63101 -0.0105891 -0.188309 -0.982053 97 75 61
3.3525 3.17875 0.7125 0.00754388 -0.413613 0.910422 60 61 68
3.3525 3.1875 0.71606 0.0847453 -0.410902 0.907732 64 66 69
3.3525 3.2025 0.723865 0.0851338 -0.312333 0.94615 79 86 86
3.3525 3.21349 0.7275 0.090041 -0.293687 0.951652 81 88 89
3.33959 3.2175 0.7275 -0.0795674 -0.117732 0.989853 75 85 86
3.34425 3.2325 0.5925 0.613014 -0.498425 -0.613014 132 112 95
3.3525 3.23162 0.7275 0.0939621 0.0702416 0.993095 82 88 91
3.35213 3.2325 0.7275 0.160364 -0.143645 0.97655 82 89 91
3.3525 3.2325 0.727433 0.0261384 -0.0126679 0.999578 82 88 91
3.3525 3.23293 0.7275 0.207827 -0.126357 0.96997 83 88 91
3.3525 3.25963 0.7275 0.155532 0.142164 0.977547 71 80 82
3.34976 3.2625 0.7275 0.13158 0.143343 0.980887 68 77 79
3.3525 3.2625 0.727099 0.0430378 0.0188169 0.998896 69 78 80
3.3525 3.2775 0.727023 0.0240872 0.0262341 0.999366 64 73 73
3.3525 3.2925 0.727469 0.0588228 0.0655588 0.996113 65 74 71
3.3378 3.3075 0.7275 0.217799 0.212874 0.952496 62 71 69
3.3525 3.3075 0.724135 0.0593779 0.08271 0.994803 70 78 76
3.3525 3.3225 0.724584 -0.00427864 0.0308923 0.999514 63 71 69
3.3525 3.3375 0.723244 0.0918133 0.0192484 0.99559 76 84 81
3.34358 3.3525 0.5325 0.664455 -0.664455 -0.342051 84 55 32
3.3525 3.3525 0.722192 0.0817939 0.195634 0.97726 85 92 89
3.3675 3.12808 0.5475 -0.43317 -0.401627 -0.806883 39 44 50
3.35413 3.1425 0.5475 -0.43317 -0.401627 -0.806883 83 85 84
3.3675 3.1425 0.540325 -0.43317 -0.401627 -0.806883 118 115 111
3.3675 3.13948 0.6075 0.225459 0.860106 0.457588 45 50 50
3.3675 3.1425 0.606011 0.223971 0.179939 0.957841 42 47 45
3.3675 3.12954 0.6225 -0.0319009 0.812453 0.582154 45 49 47
3.3675 3.1275 0.623754 0.0469099 0.0160412 0.99877 45 49 47
3.3675 3.14945 0.6075 0.498344 -0.141941 0.855281 49 50 45
3.36465 3.1575 0.6075 -0.636421 -0.0704716 0.768116 60 56 49
3.3675 3.1575 0.608732 0 0 1 60 55 48
3.3675 3.15443 0.6525 0.0756097 -0.835634 -0.544058 92 68 58
3.3675 3.1575 0.649426 0.0261568 -0.611559 -0.790766 90 67 57
3.3675 3.14625 0.6675 -0.0716681 -0.900617 -0.428663 97 71 62
3.3675 3.14423 0.6825 -0.0490241 -0.970085 0.237765 134 101 97
3.3675 3.15134 0.6975 0.043739 -0.824881 0.563612 163 109 117
3.3675 3.1575 0.702901 0.0388945 -0.534156 0.844491 138 100 111
3.35491 3.1725 0.5775 -0.39001 0.731825 0.55886 20 22 24
3.3675 3.16183 0.5925 -0.316322 0.837563 0.445453 16 23 23
3.3675 3.1725 0.582938 -0.240683 0.754641 0.6104 18 24 22
3.3675 3.15873 0.6075 -0.301607 0.911439 0.279842 59 55 48
3.36302 3.1725 0.6375 0.282706 -0.699464 -0.656375 101 83 69
3.3675 3.1725 0.639825 -0.00514849 -0.595143 -0.803603 106 89 77
3.3675 3.1725 0.70978 -0.00391179 -0.424976 0.905196 55 59 68
3.36119 3.1875 0.5475 -0.722868 0.690461 -0.0269407 27 31 31
3.3675 3.1725 0.540115 0.323631 -0.424149 -0.84579 73 73 72
3.3675 3.1875 0.532593 -0.57485 0.494007 -0.652308 77 76 75
3.36385 3.1875 0.5625 -0.662113 0.661493 0.352185 25 25 27
3.3675 3.17794 0.5775 -0.435878 0.733256 0.521868 18 26 23
3.3675 3.1875 0.56615 -0.282452 0.688364 0.668114 20 21 22
3.3675 3.17474 0.6375 0.189708 -0.482755 -0.854961 104 85 73
3.3675 3.1875 0.630526 -0.0510646 -0.358366 -0.932183 104 80 68
3.3675 3.17696 0.7125 0.0179283 -0.440552 0.897548 44 52 60
3.3675 3.1875 0.718172 0.0378057 -0.356676 0.933463 56 59 63
3.3675 3.19381 0.5475 -0.704489 0.704489 -0.085975 31 33 35
3.3675 3.19115 0.5625 -0.597612 0.735254 0.319784 33 33 33
3.3675 3.2025 0.722888 0.0543883 -0.282768 0.957645 80 86 86
3.35729 3.2175 0.7275 0.226858 0 0.973928 80 87 89
3.3675 3.2175 0.724859 0.0855241 -0.139135 0.986573 79 86 86
3.35331 3.2325 0.7275 -0.0786188 -0.0404675 0.996083 82 88 91
3.36128 3.2475 0.7275 0.209609 0.0132625 0.977695 83 89 92
3.3675 3.2475 0.726078 0.047963 0.00361358 0.998843 83 90 93
3.3675 3.2625 0.726923 0.0334797 0.00439408 0.99943 86 91 94
3.36301 3.2775 0.7275 -0.0454375 -0.0362207 0.99831 68 77 77
3.3675 3.2925 0.724118 0.113064 0.063137 0.99158 69 78 76
3.3675 3.3075 0.724034 0.055835 0.0454612 0.997404 69 77 73
3.3675 3.3225 0.723953 0.0733379 0.0485405 0.996125 69 77 74
3.3675 3.3375 0.723416 0.0940166 0.0532815 0.994144 70 78 74
3.1575 2.6475 0.00613478 0.0237075 -0.000132762 0.999719 224 197 157
3.1725 2.6475 0.00479521 -0.00228972 -0.0169077 0.999854 224 195 154
3.1875 2.63873 0.0075 0.1015 0.0991503 0.989882 223 191 151
3.1875 2.6475 0.00661481 -0.071234 0.060259 0.995638 222 192 151
3.19386 2.6325 0.0075 0.096074 0.0980684 0.990531 224 194 152
3.2025 2.6325 0.00653239 0.0434205 -0.0522562 0.997689 225 197 154
3.2025 2.64089 0.0075 0.0330983 -0.10131 0.994304 225 196 153
3.19602 2.6475 0.0075 -0.0999837 -0.0451296 0.993965 224 193 152
3.2175 2.6175 0.00673938 0.0040698 0.0172662 0.999843 226 200 161
3.2175 2.6325 0.00529839 -0.0263664 -0.0411864 0.998804 224 197 160
3.20938 2.6475 0.0075 0.0850761 0.0390671 0.995608 223 194 155
3.2175 2.6475 0.00678504 0.0451092 0.00176543 0.998981 221 194 157
3.2325 2.6175 0.00549636 0.0586471 -0.0206871 0.998064 227 202 169
3.2325 2.6325 0.00641929 0.0396276 -0.0390002 0.998453 219 193 164
3.2325 2.6475 0.00736112 -0.0231273 -0.0390247 0.998971 209 182 156
3.2475 2.6025 0.00745065 0.0683752 -0.00289259 0.997655 215 189 161
3.2475 2.6175 0.00571378 -0.0381212 0.0788762 0.996155 160 134 108
3.2475 2.6325 0.00480065 -0.0340076 -0.0125042 0.999343 104 78 57
3.2475 2.6475 0.00602759 0.044353 -0.0784208 0.995933 86 56 38
3.2625 2.6025 0.00464225 0.0861861 -0.0560548 0.994701 103 75 53
3.2625 2.6175 0.00646611 0.0432347 -0.0396814 0.998277 70 43 24
3.2625 2.62962 0.0075 0.137778 -0.0796786 0.987253 70 43 25
3.26167 2.6325 0.0075 -0.190763 -0.0596253 0.979824 71 44 26
3.2625 2.63449 0.0075 -0.164423 0.0906109 0.982219 71 44 26
3.2625 2.6475 0.00627495 0.0463851 -0.00648186 0.998903 75 47 29
3.2775 2.5875 0.00635806 0.0538788 0.00127475 0.998547 106 78 52
3.2775 2.6025 0.00556477 -0.0190898 0.0631574 0.997821 79 54 34
3.2775 2.6175 0.00445296 0.0258527 -0.0222201 0.999419 72 46 29
3.26363 2.6325 0.0075 0.156942 0.0675001 0.985298 70 44 26
3.2775 2.6325 0.00529043 0.0525662 -0.0138544 0.998521 70 44 29
3.2775 2.6475 0.00441864 -0.0187589 0.017985 0.999662 73 46 29
3.2925 2.5875 0.00477456 0.0302921 -0.0561035 0.997965 85 58 37
3.2925 2.6025 0.00552956 0.0156176 0.0112633 0.999815 78 51 35
3.2925 2.6175 0.00474875 -0.0514944 0.0279278 0.998283 74 49 33
3.2925 2.6325 0.00547453 0.0417978 -0.0694685 0.996708 72 46 30
3.2925 2.6475 0.00708068 -0.019536 0.0071036 0.999784 73 47 30
3.3075 2.5725 0.00380888 0.0471666 0.000183216 0.998887 102 73 50
3.3075 2.5875 0.00475094 0.0861398 -0.0627475 0.994305 81 54 35
3.3075 2.6025 0.00577075 0.0287484 -0.0627793 0.997613 73 48 32
3.3075 2.61495 0.0075 0.172409 -0.130941 0.976283 73 48 32
3.306 2.6175 0.0075 -0.199977 -0.104706 0.97419 74 48 32
3.3075 2.61859 0.0075 -0.161507 0.225505 0.960762 74 48 32
3.3075 2.6325 0.00427334 -0.00655863 0.0393431 0.999204 74 46 28
3.3075 2.6475 0.00504483 0.057585 -0.05811 0.996648 76 49 33
3.3225 2.5725 0.00404541 -0.0272535 0.0215268 0.999397 91 63 42
3.3225 2.5875 0.00309784 -0.0247473 -0.0273541 0.999319 83 56 38
3.3225 2.6025 0.00390258 0.00589225 -0.0248221 0.999675 76 49 32
3.30887 2.6175 0.0075 0.203108 0.177047 0.963017 74 48 32
3.3225 2.6175 0.00458582 0.0621492 -0.0418962 0.997187 76 49 31
3.3225 2.6325 0.00604483 -0.0690833 -0.0252317 0.997292 75 47 27
3.3225 2.6475 0.00494831 -0.0541931 0.0164416 0.998395 74 47 30
3.3375 2.5575 0.00268287 -0.0478224 0.0767763 0.995901 96 66 44
3.3375 2.5725 0.00360402 0.0749991 -0.061221 0.995303 86 57 40
3.3375 2.5875 0.00452986 0.0384771 -0.0502209 0.997997 85 58 40
3.3375 2.6025 0.006337 0.00575123 -0.020029 0.999783 78 51 34
3.3375 2.6175 0.00457595 0.0123425 0.0121123 0.99985 76 49 30
3.3375 2.6325 0.00583926 0.0897046 -0.0816061 0.99262 75 47 26
3.3375 2.6475 0.0070118 0.0140549 0.0204995 0.999691 74 46 27
3.3525 2.5575 0.00548069 -0.0309512 0.168035 0.985295 89 61 42
3.3525 2.5725 0.00224678 -0.0122388 0.03042 0.999462 89 60 42
3.3525 2.5875 0.00316454 0.0398832 -0.0239802 0.998917 86 57 40
3.3525 2.6025 0.00317509 0.101774 -0.0418597 0.993926 78 50 33
3.3525 2.6175 0.00408117 0.057586 0.00315259 0.998336 76 48 30
3.3525 2.6325 0.00330314 0.0502001 -0.0110741 0.998678 74 46 27
3.3525 2.6475 0.0043716 0.117539 -0.061812 0.991143 74 47 29
3.0225 2.80447 0.0075 0.0434786 0.126439 0.991021 80 48 24
3.01813 2.8125 0.0075 0.223781 0.121686 0.967013 79 47 22
3.0225 2.8125 0.00648964 0.027773 0.0167458 0.999474 79 46 21
3.0225 2.82298 0.0075 0.0598872 -0.0955341 0.993623 80 47 23
3.0375 2.80275 0.0075 0.0273038 0.112292 0.9933 79 49 23
3.0375 2.8125 0.00650306 -0.0154955 0.0221555 0.999634 81 50 23
3.02967 2.8275 0.0075 0.0598325 -0.0342612 0.99762 81 49 25
3.0375 2.8275 0.0070301 0.0528075 -0.0179104 0.998444 81 50 25
3.0375 2.8425 0.0072706 0.116155 -0.0165016 0.993094 78 45 23
3.0525 2.7947 0.0075 0.111904 0.124026 0.985949 74 44 19
3.04684 2.7975 0.0075 0.0624877 0.116372 0.991238 75 45 20
3.0525 2.7975 0.00714089 0.0491846 0.000858512 0.998789 73 44 18
3.0525 2.80525 0.0075 0.0104467 -0.0447827 0.998942 75 45 19
3.04899 2.8125 0.0075 -0.0870081 -0.0189283 0.996028 78 47 21
3.0525 2.8164 0.0075 -0.0402096 0.0862766 0.995459 77 46 22
3.0525 2.8275 0.00650069 0.0114355 0.0516454 0.9986 79 48 24
3.0525 2.8425 0.00529291 0.0082891 0.00476723 0.999954 82 50 26
3.0525 2.8575 0.00555547 0.000261211 0.0215404 0.999768 82 50 24
3.0525 2.8725 0.00649322 0.119512 -0.0532302 0.991405 85 52 28
3.0675 2.73243 0.0075 0.101995 0.0974009 0.990005 90 60 34
3.0653 2.7375 0.0075 0.196802 -0.0390452 0.979666 83 53 29
3.0675 2.7375 0.00706762 0.0230867 0.0326322 0.999201 79 50 26
3.0675 2.74286 0.0075 0.0295972 -0.0746421 0.996771 77 48 25
3.0675 2.77513 0.0075 0.18659 0.216689 0.958243 75 44 23
3.05931 2.7825 0.0075 0.204421 0.152413 0.966945 76 45 23
3.0675 2.7825 0.00586255 0.00175142 0.0197289 0.999804 76 43 22
3.0675 2.7975 0.00623988 0.0151121 0.00660824 0.999864 74 43 18
3.06218 2.8125 0.0075 0.0344557 0.0448385 0.9984 76 45 21
3.0675 2.8125 0.00730645 0.0760522 0.000537245 0.997104 75 44 21
3.0675 2.8275 0.00572999 0.0116594 0.0189472 0.999753 79 47 27
3.0675 2.8425 0.00621971 -0.0196253 -0.0325042 0.999279 85 52 32
3.0675 2.8575 0.00744059 -0.0616993 0.0483011 0.996925 85 53 28
3.0675 2.8725 0.00468499 -0.0148123 0.0307174 0.999418 86 53 29
3.0675 2.8875 0.005358 -0.0161192 -0.0462826 0.998798 82 49 28
3.0825 2.73224 0.0075 -0.0169109 0.107466 0.994065 81 51 31
3.0825 2.7375 0.0069381 -0.0118935 -0.016811 0.999788 79 50 30
3.0825 2.74641 0.0075 -0.0360234 -0.066438 0.99714 72 44 24
3.0825 2.75666 0.0075 0.0758403 0.0928483 0.992788 68 40 19
3.07712 2.7675 0.0075 0.173784 0.141153 0.974615 72 43 21
3.0825 2.7675 0.00652657 0.027598 0.0329353 0.999076 71 41 20
3.0825 2.77872 0.0075 0.0566463 -0.0892017 0.994401 75 42 21
3.08005 2.7825 0.0075 -0.131187 -0.061415 0.989453 77 43 22
3.07584 2.7975 0.0075 -0.137443 -0.00147795 0.990509 74 42 19
3.0825 2.80144 0.0075 -0.0473125 0.228126 0.972481 75 42 21
3.0825 2.8125 0.00489859 0.00175225 0.033127 0.99945 77 45 26
3.0825 2.8275 0.00586479 0.0112158 -0.0247919 0.99963 81 47 30
3.0825 2.8425 0.00661686 -0.00221746 -0.00211155 0.999995 83 50 32
3.0825 2.8575 0.00733094 0.0845069 -0.0107139 0.996365 85 52 29
3.0825 2.8725 0.00577731 -0.000658759 0.0515173 0.998672 86 54 28
3.0825 2.8875 0.00623857 0.0124861 -0.0257054 0.999592 83 51 25
3.08906 2.7375 0.0075 -0.0872937 0.0484508 0.995004 79 51 32
3.0975 2.76122 0.0075 0.021779 0.172736 0.984727 73 44 24
3.0975 2.7675 0.00606064 0.0360849 0.0381648 0.99862 73 43 23
3.08662 2.7825 0.0075 0.0900313 -0.0754178 0.993079 77 43 22
3.0975 2.7825 0.00650614 0.00374633 -0.0610868 0.998125 77 44 23
3.0975 2.79657 0.0075 -0.0143072 -0.068871 0.997523 77 44 24
3.0975 2.79836 0.0075 -0.020065 0.128131 0.991554 78 45 24
3.0975 2.8125 0.00640183 -0.00307908 0.0435389 0.999047 77 45 26
3.0975 2.8275 0.00651317 -0.019283 -0.0548442 0.998309 85 51 31
3.0975 2.83606 0.0075 0.0340253 -0.104179 0.993976 87 54 31
3.09086 2.8425 0.0075 -0.101004 -0.0580978 0.993188 86 53 32
3.0975 2.84437 0.0075 -0.038329 0.279274 0.959446 87 54 29
3.0975 2.8575 0.00373399 0.0282906 0.044709 0.998599 81 47 18
3.0975 2.8725 0.00515999 0.0031276 -0.0302722 0.999537 95 64 33
3.0975 2.8875 0.0054576 -0.0292953 0.0254853 0.999246 140 107 74
3.1125 2.73979 0.0075 0.0986822 0.119756 0.987887 81 50 27
3.10626 2.7525 0.0075 0.22675 0.172267 0.958597 74 45 26
3.1125 2.7525 0.00592264 0.0270315 0.0420258 0.998751 75 45 26
3.1125 2.7675 0.00649254 -0.0296723 -0.0527244 0.998168 76 47 27
3.1125 2.77802 0.0075 0.00536164 -0.0922561 0.995721 78 46 24
3.10794 2.7825 0.0075 -0.0917115 -0.0810137 0.992485 78 45 23
3.1125 2.80165 0.0075 0.0366838 0.160547 0.986346 81 50 25
3.1125 2.8125 0.00512733 0.00192545 0.0368136 0.99932 81 51 22
3.1125 2.8275 0.00580716 -0.0410552 -0.0452087 0.998134 80 49 18
3.10461 2.8425 0.0075 0.0836195 0.172367 0.981477 97 65 35
3.1125 2.8425 0.00675919 -0.0201184 0.0641556 0.997737 105 73 38
3.1125 2.8575 0.00519729 -0.052962 -0.00401192 0.998588 164 132 93
3.1125 2.8725 0.00649846 -0.0357627 -0.0611462 0.997488 200 169 128
3.1125 2.8875 0.00733064 -0.032393 0.0247573 0.999169 214 182 140
3.1275 2.74421 0.0075 -0.0678362 0.190047 0.979429 78 44 20
3.1275 2.7525 0.00563921 -0.0659691 0.0181763 0.997656 73 39 14
3.1275 2.7675 0.00685149 -0.0333019 -0.052753 0.998052 80 47 22
3.12464 2.7825 0.0075 0.0948355 0.0145975 0.995386 77 44 16
3.1275 2.7825 0.0073947 -0.0265776 0.0305028 0.999181 77 43 15
3.11856 2.7975 0.0075 0.171518 0.147125 0.974133 100 68 40
3.1275 2.7975 0.00581161 0.004676 0.00813097 0.999956 121 91 56
3.1275 2.8125 0.00733136 -0.0992449 -0.0711864 0.992513 140 111 73
3.1275 2.81626 0.0075 -0.0090413 -0.0405186 0.999138 153 124 86
3.1244 2.8275 0.0075 -0.140502 -0.0531308 0.988654 168 137 100
3.1173 2.8425 0.0075 -0.14101 -0.0139214 0.98991 139 108 70
3.1275 2.84898 0.0075 -0.135387 0.208417 0.968624 210 179 135
3.1275 2.8575 0.00570715 -0.0865653 0.0456494 0.9952 208 178 132
3.1275 2.8725 0.00652992 -0.0494785 -0.0324575 0.998248 209 180 133
3.36061 3.1275 0.4575 -0.662537 0.662537 0.349412 55 47 39
3.6077 3.1725 -0.0075 -0.269948 -0.531801 0.802693 110 98 84
3.6075 3.1726 -0.0075 -0.479375 -0.484709 0.731613 110 98 84
3.6075 3.1725 -0.00756587 0.343 -0.0618238 0.937299 110 98 84
3.1875 3.12544 0.6825 0.0416799 -0.996936 0.0661912 126 94 80
3.2025 3.12605 0.6825 0.0312692 -0.998667 -0.041071 131 98 83
3.2175 3.12661 0.6825 0.0698578 -0.989908 -0.123297 130 97 84
3.3075 3.09317 0.5925 -0.403934 -0.91478 -0.00380157 72 81 87
3.3017 3.0975 0.5925 -0.811561 -0.480124 -0.332942 78 86 90
3.3075 3.0975 0.588485 -0.682948 -0.346005 -0.643322 80 88 92
3.3075 3.09739 0.6075 -0.367501 -0.875143 0.31475 76 86 92
3.30739 3.0975 0.6075 -0.82901 -0.411677 0.378501 76 86 92
3.3075 3.0975 0.607664 -0.671269 -0.172845 0.720779 76 86 92
3.29477 3.1125 0.5925 -0.949933 -0.214738 -0.22697 76 81 83
3.3075 3.1125 0.585634 -0.620648 -0.0986236 -0.777862 72 78 80
3.30309 3.1125 0.6075 -0.8278 -0.0555864 0.558262 64 71 74
3.3075 3.1125 0.611138 -0.593554 0.0515029 0.803145 61 67 71
3.3075 3.12684 0.6825 0 -1 0 112 84 75
3.3225 3.06669 0.4875 0.0511648 -0.987636 0.148181 45 51 51
3.31336 3.0675 0.4875 -0.902328 -0.251693 0.349935 52 57 55
3.3225 3.0675 0.500092 -0.617191 -0.663817 0.422401 49 54 54
3.31652 3.0825 0.4875 -0.920674 0.389003 0.0321811 54 55 50
3.3225 3.06802 0.5025 0.255355 -0.857316 0.446993 50 55 55
3.31699 3.0825 0.5025 -0.938895 0.0307941 0.342824 62 63 59
3.3225 3.0825 0.510259 -0.532126 0.113529 0.839019 49 54 52
3.3225 3.09095 0.4875 -0.795467 0.605206 0.0309359 60 60 55
3.3225 3.0919 0.5025 -0.696146 0.683661 0.219062 71 73 66
3.3225 3.09126 0.5775 -0.0988861 -0.946764 -0.306366 50 59 65
3.31617 3.0975 0.5775 -0.686812 -0.16493 -0.707875 68 75 78
3.3225 3.0975 0.572405 -0.489682 0.0207378 -0.871654 50 58 62
3.3225 3.08904 0.5925 0.0195244 -0.999731 -0.0125114 56 66 74
3.3225 3.09114 0.6075 -0.157702 -0.950103 0.269135 67 78 85
3.3225 3.0975 0.622032 -0.599231 -0.422401 0.680074 61 72 74
3.31573 3.1125 0.5775 -0.632165 -0.0477111 -0.773363 70 76 78
3.3225 3.1125 0.573242 -0.362081 0.0113483 -0.932077 78 84 85
3.3225 3.10027 0.6225 -0.109503 -0.0529889 0.992573 59 70 71
3.32082 3.1125 0.6225 -0.629019 -0.0226876 0.777059 52 60 61
3.3225 3.1125 0.623012 -0.15523 0.0256751 0.987545 52 60 61
3.3225 3.11351 0.6225 -0.354694 0.487039 0.798113 52 60 61
3.3225 3.12642 0.6975 -1.0049e-17 -1 0 172 138 139
3.32342 3.0675 0.4875 0.578529 -0.806892 0.119286 47 52 52
3.3375 3.07729 0.4875 0.418989 -0.899389 0.124688 62 64 62
3.3375 3.07805 0.5025 0.484843 -0.839225 0.246228 64 68 67
3.3375 3.0825 0.51226 0.321336 -0.478487 0.817186 43 49 50
3.32841 3.0975 0.4875 -0.512744 0.852513 0.10156 63 62 57
3.33359 3.0975 0.5025 -0.506346 0.805657 0.307459 53 56 53
3.3375 3.0975 0.514463 0.257257 0.47129 0.843626 45 49 48
3.3375 3.09749 0.5325 -0.0268886 -0.999637 -0.00167508 46 50 48
3.33749 3.0975 0.5325 -0.404303 0.91417 -0.0288493 46 50 48
3.3375 3.0975 0.532299 -0.0967091 -0.995225 -0.0131889 46 50 48
3.3375 3.09626 0.5475 -0.0013315 -0.999744 -0.0226085 44 50 51
3.33642 3.0975 0.5475 -0.954233 0.295296 -0.0473202 44 50 51
3.3375 3.09653 0.5625 -0.00425218 -0.984464 -0.175537 44 52 56
3.33608 3.0975 0.5625 -0.645084 0.301546 -0.702095 44 51 55
3.3375 3.09526 0.5775 0.179282 -0.979301 -0.0939534 41 50 56
3.3375 3.09321 0.5925 0.208657 -0.973718 -0.0912951 65 73 79
3.3375 3.09251 0.6075 0.150747 -0.981963 0.114123 72 80 86
3.3375 3.09652 0.6225 0.0645401 -0.953643 0.293939 61 71 77
3.32553 3.0975 0.6225 -0.0782284 -0.840893 0.535517 61 72 74
3.3375 3.0975 0.623361 -0.0179551 -0.158294 0.987229 60 70 76
3.3375 3.10131 0.4875 -0.481031 0.808254 0.33961 70 68 65
3.3375 3.09826 0.5025 -0.273025 0.939562 0.206593 44 48 47
3.3375 3.0975 0.5325 -0.102498 0.994043 0.0370514 46 50 48
3.3375 3.09796 0.5475 0.0183528 0.999347 -0.0311186 44 51 52
3.3375 3.09866 0.5625 0.315611 0.898693 -0.304533 47 55 59
3.3375 3.1125 0.570362 -0.160552 -0.159337 -0.974082 80 86 91
3.3375 3.1125 0.626175 -0.0498565 0.0592478 0.996998 49 56 54
3.3375 3.11924 0.5625 -0.464491 -0.676984 -0.570912 77 82 84
3.3375 3.11588 0.6225 -0.196241 0.604679 0.771915 51 57 55
3.3525 3.07862 0.4875 0.321193 -0.931059 0.173099 81 80 75
3.34124 3.0825 0.5025 0.771988 -0.172856 0.611682 58 63 63
3.3525 3.0825 0.491213 0.644743 -0.405396 0.648044 75 75 73
3.33998 3.0975 0.5025 0.563365 0.407905 0.718494 42 47 46
3.3525 3.0975 0.498276 0.649654 0.0809957 0.755903 44 46 48
3.3525 3.09624 0.5175 -0.0175403 -0.999624 -0.0210698 42 48 50
3.33943 3.0975 0.5175 -0.780428 0.0292701 -0.62456 45 49 48
3.3525 3.0975 0.513695 0 0 -1 40 45 47
3.3525 3.09689 0.5325 0.0375839 -0.998346 0.0435117 44 51 52
3.3525 3.09749 0.5475 0.054503 -0.998413 -0.0141506 41 45 48
3.3525 3.09745 0.5625 0.0748206 -0.996983 -0.0206645 43 47 50
3.35033 3.0975 0.5775 0.492625 -0.341621 -0.800384 41 47 50
3.3525 3.0975 0.565264 0.194177 -0.980454 0.0317131 42 46 50
3.3525 3.09554 0.5925 0.216088 -0.970364 -0.108167 55 59 60
3.3525 3.0975 0.578956 0.565787 -0.815001 -0.125137 42 47 50
3.3525 3.09481 0.6075 0.223383 -0.971316 0.0815216 75 81 87
3.34533 3.0975 0.6225 0.112481 -0.211844 0.970809 60 70 76
3.3525 3.0975 0.621266 0.502673 -0.796029 0.337132 61 69 76
3.3525 3.10783 0.4875 -0.00953248 0.834759 0.550533 46 46 45
3.3525 3.10054 0.5175 7.76119e-05 0.998753 -0.0499231 39 45 46
3.3525 3.0992 0.5325 0.000747052 0.994975 0.100126 42 49 49
3.3525 3.09752 0.5475 -0.0115689 0.999692 0.0219352 41 45 48
3.3525 3.09775 0.5625 0.0604864 0.998107 -0.0111614 42 46 50
3.3525 3.09828 0.5775 0.494543 -0.703736 -0.510082 42 47 50
3.3525 3.1125 0.568832 0.062733 -0.720308 -0.690812 40 48 54
3.3525 3.10238 0.6225 0.481153 -0.482924 0.731626 58 66 71
3.3525 3.1125 0.623892 0.1038 -0.0670424 0.992336 52 60 61
3.3525 3.11566 0.5625 -0.0952481 -0.768782 -0.632378 42 49 55
3.35645 3.0825 0.4875 0.898775 -0.281596 0.336017 80 78 73
3.35876 3.0975 0.4875 0.885408 0.0266182 0.464052 73 71 70
3.35524 3.0975 0.5175 0.994531 -0.101484 -0.0246826 47 53 54
3.35311 3.0975 0.5325 0.938739 0.334848 0.0815197 44 51 52
3.35251 3.0975 0.5475 0.954676 0.295373 0.0367157 41 45 48
3.35255 3.0975 0.5625 0.999913 0.0131799 6.38124e-05 43 47 50
3.35446 3.0975 0.5925 0.618453 -0.785566 -0.0200662 54 58 60
3.35519 3.0975 0.6075 0.656837 -0.752699 0.0448332 74 80 87
3.3675 3.10878 0.5775 0.445022 -0.787533 -0.426318 61 63 63
3.3675 3.1125 0.567637 0.358986 -0.861673 -0.358676 40 45 47
3.3675 3.10667 0.5925 0.620515 -0.782364 -0.0535594 77 81 83
3.3675 3.1079 0.6075 0.567291 -0.812097 0.136669 76 81 86
3.36035 3.1125 0.6225 0.173306 -0.147349 0.973783 51 59 62
3.3675 3.1125 0.621344 0.620367 -0.604927 0.499207 50 58 62
3.3675 3.11534 0.5625 0.193105 -0.82528 -0.530682 40 45 49
3.3675 3.1275 0.548221 0.185205 -0.740334 -0.646224 37 42 48
3.3675 3.12097 0.6225 0.0828874 -0.151994 0.9849 47 53 53
3.0675 2.9025 0.00600774 -0.0672702 0.0889944 0.993758 86 53 29
3.0825 2.9025 0.00702313 0.00290564 0.0412543 0.999144 83 50 23
3.0825 2.9175 0.00368679 -0.0859047 0.126553 0.988233 132 101 67
3.0825 2.9325 0.00356875 -0.0587944 0.0131217 0.998184 181 149 107
3.0975 2.9025 0.0046074 0.0269141 -0.014118 0.999538 180 148 110
3.0975 2.9175 0.00534516 -0.0308384 0.0642203 0.997459 205 174 133
3.0975 2.9325 0.00445227 -0.0196513 0.0417231 0.998936 212 181 134
3.0975 2.9475 0.00417594 0.0240504 0.0523362 0.99834 214 182 133
3.0975 2.9625 0.00219032 -0.0094822 0.0799805 0.996751 215 183 135
3.1125 2.9025 0.00567915 -0.0260031 0.0338681 0.999088 210 178 133
3.1125 2.9175 0.00639069 -0.0236061 0.0175654 0.999567 210 179 130
3.1125 2.9325 0.00424273 -0.0447508 0.110671 0.992849 214 182 133
3.1125 2.9475 0.00294012 0.00850201 0.0482418 0.998799 213 181 134
3.1125 2.9625 0.00233301 -0.0298699 0.0382841 0.99882 213 182 136
3.1125 2.9775 0.0019114 -0.0725926 0.0473436 0.996237 207 177 131
3.1125 2.9925 0.00162867 -0.0298353 -0.0345375 0.998958 208 178 136
3.13386 2.6625 0.0075 0.114687 -0.0904628 0.989274 223 196 153
3.1425 2.6625 0.00646035 0.102022 -0.083093 0.991306 220 195 150
3.1425 2.67323 0.0075 0.112558 -0.0924377 0.989336 218 191 149
3.1425 2.70389 0.0075 0.0876207 0.19397 0.977087 183 151 118
3.13523 2.7075 0.0075 0.102806 0.00617688 0.994682 136 103 75
3.1425 2.7075 0.00678801 0.0260626 0.0258039 0.999327 176 144 111
3.13985 2.7225 0.0075 0.0856364 -0.0879357 0.992438 123 92 64
3.1425 2.7225 0.00727736 0.0215611 -0.0413773 0.998911 130 99 70
3.1425 2.72404 0.0075 -0.0594053 -0.147713 0.987245 128 97 68
3.13962 2.7525 0.0075 -0.15936 0.0781598 0.984122 125 94 61
3.13224 2.7675 0.0075 -0.151883 -0.0642905 0.986305 104 71 40
3.12807 2.7825 0.0075 -0.154759 0.0249249 0.987638 81 47 19
3.1425 2.7924 0.0075 -0.135455 0.225678 0.964739 202 169 124
3.1425 2.7975 0.00629525 -0.0697925 0.0356033 0.996926 204 172 126
3.1425 2.8125 0.0072646 -0.0158453 -0.0709537 0.997354 203 174 128
3.1425 2.81864 0.0075 -0.0440791 -0.0418784 0.99815 206 177 132
3.14069 2.8575 0.0075 -0.13964 0.0912992 0.985984 211 181 136
3.13724 2.8725 0.0075 -0.108262 -0.0241703 0.993829 206 177 132
3.1575 2.6625 0.00515292 -0.0140761 -0.0399103 0.999104 221 194 153
3.14591 2.6775 0.0075 0.10856 -0.108454 0.988156 217 190 149
3.1575 2.6775 0.00618968 0.0427846 -0.0617429 0.997175 219 190 151
3.1575 2.68855 0.0075 0.113315 -0.117196 0.986623 215 187 149
3.1575 2.69903 0.0075 0.060897 0.123883 0.990426 214 187 149
3.1575 2.7075 0.00689828 0.048187 0.0112813 0.998775 216 189 151
3.1575 2.71269 0.0075 0.0350585 -0.131616 0.990681 214 189 153
3.14494 2.7225 0.0075 -0.0863341 -0.112899 0.989849 144 114 84
3.1575 2.74411 0.0075 0.0258794 0.0934007 0.995292 181 162 130
3.14818 2.7525 0.0075 0.0890727 -0.0505779 0.99474 151 124 90
3.1575 2.7525 0.00678766 0 0 1 172 151 118
3.1575 2.7593 0.0075 -0.0642136 -0.131103 0.989287 183 159 119
3.15318 2.7975 0.0075 -0.115072 0.0861417 0.989615 208 175 128
3.1452 2.8125 0.0075 -0.102567 -0.0513746 0.993399 205 175 129
3.1575 2.88206 0.0075 0.0907596 0.0951618 0.991316 176 145 114
3.1725 2.6625 0.00578106 0.0164908 -0.0514028 0.998542 225 197 156
3.1725 2.6775 0.00708616 -0.0149655 -0.0255336 0.999562 218 189 149
3.1616 2.6925 0.0075 0.115405 0.0315275 0.992818 214 186 149
3.1725 2.6925 0.0062206 -0.00404957 0.0185649 0.999819 217 189 151
3.1725 2.7075 0.00517546 -0.00954404 -0.0503507 0.998686 212 190 153
3.1725 2.72125 0.0075 -0.0538164 -0.15882 0.98584 168 155 128
3.16308 2.7525 0.0075 -0.153099 0.0294397 0.987772 132 114 85
3.1725 2.79569 0.0075 0.0319721 0.201957 0.978872 201 169 133
3.16597 2.7975 0.0075 0.0625331 -0.0131931 0.997956 204 171 131
3.1725 2.7975 0.00713905 4.25449e-18 0 1 202 170 134
3.1725 2.8077 0.0075 -0.145413 -0.0408132 0.988529 201 170 134
3.1725 2.84744 0.0075 0.028339 0.114526 0.993016 115 85 53
3.1634 2.8575 0.0075 0.124557 0.0223748 0.99196 158 129 94
3.1725 2.8575 0.00644099 -0.0206745 0.0282246 0.999388 93 63 35
3.16495 2.8725 0.0075 0.127294 0.0445136 0.990866 139 110 79
3.1725 2.8725 0.00647625 0.00695874 -0.0095735 0.99993 79 49 24
3.1875 2.6625 0.00540408 -0.0265842 0.00836147 0.999612 223 194 151
3.1875 2.6775 0.00643706 0.0334604 -0.059674 0.997657 218 189 147
3.1875 2.69056 0.0075 0.0501998 -0.0791572 0.995597 218 191 150
3.18613 2.6925 0.0075 -0.0941506 -0.0450171 0.99454 217 191 150
3.1875 2.70098 0.0075 -0.0747066 0.0157163 0.997082 215 192 155
3.1875 2.7075 0.00738999 -0.0538585 -0.0210388 0.998327 213 192 158
3.1875 2.70833 0.0075 -0.0247818 -0.146531 0.988896 206 186 153
3.17425 2.7975 0.0075 -0.228082 0.103836 0.968089 195 163 128
3.18621 2.8575 0.0075 -0.0806424 0.0505434 0.995461 69 42 20
3.18388 2.8725 0.0075 -0.0862273 -0.0214888 0.996044 70 40 19
3.2025 2.65381 0.0075 -0.0402482 0.0952135 0.994643 225 195 154
3.2025 2.6625 0.00665208 0.00020158 0.0674129 0.997725 224 194 155
3.2025 2.6775 0.00526891 -0.017723 -0.0226092 0.999587 221 192 153
3.18958 2.6925 0.0075 0.0634388 0.00648057 0.997965 217 191 150
3.2025 2.6925 0.00667473 0.0257381 -0.0480814 0.998512 215 189 153
3.2025 2.7075 0.00689528 -0.0177283 -0.0452519 0.998818 197 178 150
3.2025 2.71198 0.0075 -0.0686977 -0.168518 0.983302 157 140 117
3.2025 2.82532 0.0075 0.0605861 0.133604 0.989181 67 38 19
3.19982 2.8275 0.0075 0.0982784 -0.0163321 0.995025 67 37 17
3.2025 2.8275 0.00724269 0 0 1 68 38 18
3.2025 2.83508 0.0075 -0.0415598 -0.0392074 0.998366 68 39 19
3.2025 2.84414 0.0075 0.00465489 0.150599 0.988584 69 40 19
3.18822 2.8575 0.0075 0.133145 0.0302694 0.990634 68 40 19
3.2025 2.8575 0.00550777 -0.0134675 0.0644367 0.997831 68 40 19
3.18991 2.8725 0.0075 0.137931 -0.0248854 0.990129 68 39 18
3.2025 2.8725 0.00599946 0.049392 -0.0127054 0.998699 67 39 18
3.2175 2.6625 0.00497344 -0.0183618 0.0344465 0.999238 225 197 166
3.2175 2.6775 0.00631306 0.0196749 -0.0555935 0.99826 205 176 147
3.2175 2.6925 0.00727045 -0.0432966 -0.0672485 0.996796 190 164 136
3.2175 2.69385 0.0075 -0.0320862 -0.13706 0.990043 184 157 131
3.20619 2.7075 0.0075 -0.168115 -0.139648 0.975826 178 158 131
3.20727 2.8275 0.0075 -0.0674901 0.0777458 0.994686 67 37 18
3.21286 2.8575 0.0075 -0.196584 0.144949 0.969714 66 37 18
3.2175 2.86458 0.0075 -0.179066 0.140972 0.973685 66 37 17
3.2175 2.8725 0.00629452 -0.0682599 0.0460142 0.996606 66 37 17
3.2325 2.65051 0.0075 0.00511048 -0.0388775 0.999231 197 169 144
3.23044 2.6625 0.0075 -0.194907 -0.00784133 0.98079 158 130 106
3.2325 2.66487 0.0075 -0.0890015 0.171076 0.98123 136 108 85
3.2325 2.6775 0.00530394 -0.0155248 0.0114446 0.999814 96 67 45
3.2325 2.6925 0.00710522 0.00173772 -0.107372 0.994217 78 50 29
3.2325 2.69556 0.0075 -0.0137462 -0.124535 0.99212 75 48 29
3.22547 2.8725 0.0075 -0.136897 0.140101 0.980628 65 36 16
3.2325 2.87947 0.0075 -0.0487936 0.137856 0.98925 64 35 15
3.24536 2.6625 0.0075 0.0339247 0.081044 0.996133 92 63 44
3.2475 2.6625 0.00741274 0.0209255 0.00470974 0.99977 83 54 36
3.2475 2.6775 0.00595767 -0.0372687 -0.0182189 0.999139 78 49 30
3.2475 2.69045 0.0075 0.075309 -0.116394 0.990344 79 50 31
3.24146 2.6925 0.0075 -0.0422622 -0.119913 0.991884 78 49 30
3.2475 2.78462 0.0075 0.0716222 0.0750259 0.994606 48 29 16
3.24276 2.7975 0.0075 0.197544 -0.00755431 0.980265 53 32 16
3.2475 2.7975 0.00658972 0.00842914 0.00604391 0.999946 52 32 16
3.2475 2.81002 0.0075 0.0716895 -0.0736515 0.994704 60 34 18
3.2475 2.83213 0.0075 0.0252465 0.153279 0.98786 64 36 19
3.23633 2.8425 0.0075 0.145398 0.0226474 0.989114 65 36 17
3.2475 2.8425 0.00598827 -0.0170353 0.0608077 0.998004 64 35 17
3.23893 2.8575 0.0075 0.136108 -0.0232885 0.99042 66 36 17
3.2475 2.8575 0.00619117 0.0529 -0.0187244 0.998424 66 36 18
3.24194 2.8725 0.0075 0.101557 0.0589484 0.993082 64 35 16
3.2475 2.8725 0.00689352 0.0440458 0.0463177 0.997955 63 34 16
3.2625 2.6625 0.00719564 0.0248001 -0.0545207 0.998205 78 49 31
3.2625 2.66435 0.0075 0.0260758 -0.126724 0.991595 78 49 31
3.25417 2.6775 0.0075 -0.205739 0.0422264 0.977695 78 49 31
3.2625 2.68506 0.0075 0.0257052 0.209359 0.977501 77 48 31
3.24921 2.6925 0.0075 0.130742 -0.109873 0.985309 79 50 31
3.2625 2.6925 0.00589995 -0.00391455 -9.52273e-05 0.999992 76 47 30
3.26186 2.7075 0.0075 0.140964 -0.151241 0.978394 66 41 26
3.2625 2.7075 0.00741044 0.0893939 -0.101369 0.990824 66 41 26
3.2625 2.70805 0.0075 0.055232 -0.190212 0.980188 66 40 25
3.2625 2.79665 0.0075 -0.11848 0.14206 0.982742 52 31 16
3.2625 2.7975 0.00734211 -0.0463144 0.0183647 0.998758 53 32 16
3.25323 2.8125 0.0075 0.0358542 -0.0613562 0.997472 61 35 18
3.2625 2.8125 0.00720216 -0.0128975 -0.0251892 0.9996 61 35 17
3.2625 2.81823 0.0075 -0.00710533 -0.0581337 0.998284 61 35 17
3.25661 2.8425 0.0075 -0.17527 0.145581 0.973697 62 35 18
3.2625 2.85042 0.0075 -0.147639 0.128773 0.980623 62 34 16
3.2625 2.8575 0.00661006 -0.0480815 0.0562403 0.997259 63 34 15
3.2625 2.8725 0.00630089 0.029946 -0.00494686 0.999539 62 33 15
3.2775 2.6625 0.00550542 0.0643979 -0.0802361 0.994693 77 48 31
3.27383 2.6775 0.0075 0.143422 0 0.989662 77 47 29
3.2775 2.6775 0.00688653 0.0361717 -0.0433246 0.998406 77 47 29
3.2775 2.687 0.0075 -0.0205234 -0.0825812 0.996373 74 45 27
3.2751 2.6925 0.0075 -0.129122 -0.032519 0.991095 73 45 27
3.2775 2.6962 0.0075 -0.143684 0.0885416 0.985655 72 44 26
3.2775 2.7075 0.00647615 -0.0344822 -0.0424893 0.998502 70 44 27
3.2775 2.7124 0.0075 -0.0531826 -0.193035 0.97975 69 44 26
3.26359 2.7975 0.0075 -0.144957 0.146565 0.978523 53 32 16
3.27266 2.8125 0.0075 -0.0797476 0.047913 0.995663 61 36 18
3.27106 2.8575 0.0075 -0.103531 0.134783 0.985452 61 32 15
3.2775 2.862 0.0075 0.0333682 0.157231 0.986998 59 32 15
3.2775 2.8725 0.00579382 -0.022314 0.0530207 0.998344 60 33 14
3.2925 2.6625 0.00530137 -0.010809 0.00565924 0.999926 76 49 32
3.2925 2.6775 0.00670467 0.0640364 -0.0900733 0.993874 76 47 30
3.2925 2.68435 0.0075 0.0709236 -0.103418 0.992106 73 44 26
3.28292 2.7075 0.0075 -0.167782 0.0175016 0.985669 70 44 28
3.2925 2.73646 0.0075 0.236832 0.0544447 0.970024 61 37 19
3.29238 2.7375 0.0075 0.338245 0 0.941058 60 37 19
3.2925 2.7375 0.0074515 0.0431377 0.0200756 0.998867 60 37 19
3.2925 2.7376 0.0075 0.215132 -0.551061 0.806256 61 37 19
3.2925 2.8183 0.0075 0.0136027 0.188556 0.981968 56 34 17
3.27982 2.8275 0.0075 0.143392 0.027911 0.989272 61 35 17
3.2925 2.8275 0.00578152 0.0151082 0.0968258 0.995187 58 35 17
3.28265 2.8425 0.0075 0.157007 0.00045463 0.987597 57 32 15
3.2925 2.8425 0.00597273 0.098374 -0.00595228 0.995132 58 33 15
3.28172 2.8575 0.0075 0.166552 0.0440285 0.985049 59 32 15
3.2925 2.8575 0.00559582 0.0769435 -0.0113712 0.996971 58 33 16
3.2925 2.86822 0.0075 0.132017 -0.169708 0.976612 57 31 15
3.28794 2.8725 0.0075 -0.157524 -0.0983671 0.982604 58 31 15
3.2925 2.87652 0.0075 -0.0910637 0.181575 0.979152 57 31 14
3.3075 2.6625 0.0056235 -0.0115794 0.016863 0.999791 76 50 33
3.3075 2.6775 0.00477936 -0.0191499 -0.0300857 0.999364 71 46 28
3.29742 2.6925 0.0075 0.165702 -0.0498319 0.984916 70 41 23
3.3075 2.6925 0.00592872 0.0336145 -0.0333063 0.99888 70 43 25
3.3013 2.7075 0.0075 0.148716 -0.0176824 0.988722 66 41 25
3.3075 2.7075 0.00621206 0.0707906 -0.0430573 0.996561 64 39 22
3.30284 2.7225 0.0075 0.0763914 0.0241168 0.996786 64 38 24
3.3075 2.7225 0.00714173 0.0509812 -0.0125367 0.998621 64 39 26
3.3075 2.7375 0.00697719 0.00707327 -0.0257258 0.999644 61 34 18
3.3075 2.73938 0.0075 -0.053219 -0.379236 0.923768 60 34 19
3.30437 2.8275 0.0075 -0.145018 0.191468 0.970726 56 34 17
3.3075 2.82947 0.0075 -0.0568437 0.210639 0.97591 56 33 16
3.3075 2.8425 0.00474005 -0.0277375 0.0525845 0.998231 56 30 14
3.3075 2.8575 0.00518542 -0.00897646 0.0209843 0.99974 53 30 12
3.29585 2.8725 0.0075 0.216573 0.105231 0.970579 56 30 14
3.3075 2.8725 0.00485533 0.087754 0.0349656 0.995528 54 29 12
3.3225 2.6625 0.00588934 0.0208812 -0.0552407 0.998255 72 46 29
3.3225 2.6775 0.00668161 -0.0280088 -0.0367685 0.998931 71 46 30
3.3225 2.6925 0.00737729 -0.0587672 0.00173974 0.99827 70 45 28
3.3225 2.7075 0.00604158 -0.0465826 0.0103962 0.99886 63 38 21
3.3225 2.7225 0.00683651 -0.00880906 -0.0582874 0.998261 62 38 24
3.3225 2.72591 0.0075 -0.0484175 -0.148979 0.987654 62 37 23
3.31129 2.7375 0.0075 -0.151077 -0.165984 0.974487 61 34 18
3.3225 2.82745 0.0075 -0.332579 0.467287 0.819167 47 29 16
3.322 2.8275 0.0075 0.0290414 0.212387 0.976754 48 29 16
3.3225 2.8275 0.00748133 -0.0464502 0.0918267 0.994691 48 29 16
3.3225 2.8425 0.00592822 -0.0457346 0.0302725 0.998495 55 31 14
3.3225 2.8575 0.00661016 -0.0301385 0.0374344 0.998844 52 30 11
3.3225 2.8725 0.00486742 -0.0101067 0.104595 0.994464 56 33 15
3.3375 2.6625 0.00506915 -0.00862749 0.000739572 0.999963 72 46 30
3.3375 2.6775 0.00600424 0.0454535 -0.041956 0.998085 71 46 29
3.3375 2.6925 0.00718519 0.0497177 -0.0470175 0.997656 68 43 26
3.3375 2.69562 0.0075 0.0639741 -0.0831801 0.994479 66 41 25
3.33135 2.7075 0.0075 -0.156745 -0.0119304 0.987567 62 37 21
3.3375 2.71856 0.0075 -0.0676477 0.0866011 0.993944 63 38 22
3.3375 2.7225 0.00713068 0.0198606 -0.00960572 0.999757 63 38 23
3.3375 2.72521 0.0075 0.105417 -0.133105 0.98548 63 38 22
3.32447 2.8275 0.0075 -0.00798464 0.797591 0.603146 47 29 16
3.3375 2.82939 0.0075 -0.0373978 0.0626513 0.997335 46 29 17
3.3375 2.8425 0.00668569 -0.0280094 0.0817078 0.996263 53 32 17
3.3375 2.8575 0.00615415 0.0259637 0.0473945 0.998539 57 35 17
3.3375 2.8725 0.00445738 -0.00209672 0.0901111 0.99593 58 35 18
3.3525 2.6625 0.00516281 0.0663786 -0.0235344 0.997517 72 45 29
3.3525 2.6775 0.00617033 0.0168209 -0.0211112 0.999636 70 44 28
3.3525 2.6925 0.00492928 0.0337674 -0.00253041 0.999427 67 42 26
3.34393 2.7075 0.0075 0.149456 0.0135862 0.988675 60 35 19
3.3525 2.7075 0.0061397 0.0866802 -0.0565143 0.994632 58 33 18
3.3525 2.7225 0.00704841 0.00653428 -0.0108967 0.999919 61 36 21
3.34462 2.7375 0.0075 0.222386 -0.174888 0.959145 63 38 24
3.3525 2.7375 0.00591787 0.0102472 -0.0242881 0.999652 64 40 26
3.3525 2.74616 0.0075 -0.0173551 -0.19267 0.98111 64 40 25
3.34814 2.8425 0.0075 -0.0757276 0.0753843 0.994275 53 34 20
3.3525 2.84415 0.0075 -0.0767626 0.182891 0.980132 53 35 21
3.3525 2.8575 0.00502572 0.0346457 0.119336 0.992249 55 34 19
3.3525 2.8725 0.00452865 0.0471466 0.0118978 0.998817 58 36 17
3.3675 2.6625 0.00416378 -0.00360448 -0.0206302 0.999781 73 46 30
3.3675 2.6775 0.00463233 0.0508079 -0.0668811 0.996466 71 44 28
3.3675 2.6925 0.006065 -0.0198466 -0.0102184 0.999751 68 43 28
3.3675 2.7075 0.00517317 -0.0337472 -0.018198 0.999265 62 37 22
3.3675 2.7225 0.00614271 -0.00665405 -0.045336 0.99895 59 36 21
3.3675 2.7375 0.0074037 -0.00458966 -0.0579465 0.998309 63 40 26
3.3675 2.73794 0.0075 0.043721 -0.144058 0.988603 62 40 26
3.3675 2.85074 0.0075 -0.256434 0.510618 0.820677 52 36 23
3.3675 2.8575 0.00413215 -0.0470761 0.224409 0.973357 53 37 23
3.3675 2.8725 0.00273382 0.0577688 -0.00152521 0.998329 55 34 20
2.9925 2.7375 0.0114283 0.0352969 -0.0304753 0.998912 210 168 118
2.9925 2.7525 0.0133289 0.130014 -0.078177 0.988425 209 171 124
3.0075 2.7225 0.0101972 0.0598394 -0.0966831 0.993515 210 170 119
3.0075 2.7375 0.0123412 0.0372722 -0.0133233 0.999216 212 173 126
3.0075 2.7525 0.0113559 0.0586689 0.0109086 0.998218 199 163 125
3.0075 2.7675 0.011828 0.118629 -0.00711315 0.992913 122 87 58
3.0075 2.7825 0.0107105 0.0387798 0.0940358 0.994813 81 47 25
3.0225 2.7225 0.00997809 0.00441902 -0.0603837 0.998165 211 173 125
3.0225 2.7375 0.0107535 0.0649367 -0.0275648 0.997509 211 174 134
3.0225 2.7525 0.0113803 0.0797104 0.0257374 0.996486 141 106 77
3.0225 2.7675 0.00952262 0.0568479 0.0252177 0.998064 85 51 29
3.0225 2.7825 0.0101257 0.0584432 0.0514765 0.996963 83 49 30
3.0225 2.7975 0.00840748 0.0263873 0.115944 0.992905 82 49 27
3.0375 2.7075 0.00883006 0.0213645 -0.090317 0.995684 210 170 122
3.0375 2.7225 0.00979004 0.0152511 -0.0583803 0.998178 209 172 129
3.0375 2.7375 0.0109615 0.00398145 0.0243639 0.999695 182 149 114
3.0375 2.7525 0.00850009 0.0573263 0.0455173 0.997317 87 54 29
3.0375 2.7675 0.00962269 0.0777848 -0.0145493 0.996864 83 50 32
3.0375 2.7825 0.00938568 0.0278723 0.0328932 0.99907 80 48 29
3.0375 2.7975 0.0080865 0.038409 0.103404 0.993898 78 48 23
3.0525 2.7075 0.00810756 0.0103427 -0.0525451 0.998565 212 173 129
3.0525 2.7225 0.00986883 0.0428613 -0.0650719 0.99696 196 161 127
3.0525 2.7375 0.0100752 0.0966591 -0.00438567 0.995308 107 74 47
3.0525 2.7525 0.00968628 -0.00315549 0.0714974 0.997436 75 45 22
3.0525 2.7675 0.00762948 -0.00457683 0.00254584 0.999986 77 46 26
3.0525 2.7825 0.00902951 0.0618982 0.0393088 0.997308 76 46 24
3.0525 2.8125 0.00779764 -1.44029e-18 0 1 77 45 21
3.0675 2.6925 0.00918128 -0.0344491 -0.0118582 0.999336 211 172 126
3.0675 2.7075 0.00969371 -0.0345444 0.0500568 0.998149 201 165 127
3.0675 2.7225 0.00853909 0.032726 0.0399396 0.998666 110 79 49
3.0675 2.7525 0.00829971 0.0900084 -0.0489888 0.994735 74 45 24
3.0675 2.7675 0.00920123 0.0370454 0.032157 0.998796 75 45 24
3.0825 2.6925 0.0100328 -0.0369484 0.0195135 0.999127 206 170 131
3.0825 2.7075 0.00987635 -0.0181836 0.0401864 0.999027 178 144 112
3.0825 2.7225 0.00866417 -0.0188625 0.0807503 0.996556 85 54 31
3.0825 2.7525 0.00793656 -0.0234169 -0.0141376 0.999626 68 40 19
3.0825 2.7825 0.00786538 -0.00223691 -0.0432688 0.999061 77 43 22
3.0825 2.7975 0.0083835 -0.00250716 0.0210728 0.999775 74 42 20
3.0975 2.6775 0.0107972 0.0300368 -0.00311237 0.999544 215 176 134
3.0975 2.6925 0.0106439 -0.000301345 0.0281896 0.999603 191 158 125
3.0975 2.7075 0.0100779 0.00292102 0.0717919 0.997415 93 61 35
3.0975 2.7225 0.00868241 0.0264619 0.0522253 0.998285 80 52 30
3.0975 2.7375 0.00822721 -0.0300249 -0.01687 0.999407 80 52 33
3.0975 2.7525 0.00946297 0.0256293 0.0326218 0.999139 73 45 26
3.0975 2.7975 0.00756689 0.000664204 -0.00990254 0.999951 78 45 24
3.0975 2.8425 0.00803845 1.85268e-18 0 1 89 56 32
3.1125 2.6775 0.0101464 0.107288 -0.0290256 0.993804 210 176 142
3.1125 2.6925 0.0103931 0.0483249 0.0159363 0.998705 143 111 85
3.1125 2.7075 0.00998637 0.0258264 0.0682366 0.997335 83 53 29
3.1125 2.7225 0.00758772 -0.0112089 0.0579482 0.998257 87 54 31
3.1125 2.7375 0.0077929 0.00696622 0.014308 0.999873 82 51 28
3.1125 2.7825 0.00787121 -0.0260421 -0.049112 0.998454 78 46 22
3.1125 2.7975 0.008478 0.0116959 0.0172047 0.999784 81 49 26
3.1275 2.6625 0.00825199 0.0838188 0.0158501 0.996355 225 197 156
3.1275 2.6775 0.00767421 0.058851 -0.0581161 0.996574 207 178 141
3.1275 2.6925 0.00951091 0.0514805 -0.0265512 0.998321 115 84 54
3.1275 2.7075 0.00854818 0.0761834 0.0615244 0.995194 91 56 34
3.1275 2.7225 0.00856728 0.0243733 -0.0101377 0.999652 89 54 34
3.1275 2.7375 0.00912524 -0.0685034 0.0512687 0.996333 84 51 27
3.1275 2.8275 0.00792963 -0.0444064 -0.0672564 0.996747 192 161 122
3.1275 2.8425 0.00890584 -0.0771785 0.048589 0.995833 210 179 137
3.6975 2.78485 0.7275 -0.758666 -0.349472 0.549814 62 72 65
3.69187 2.7975 0.7275 -0.79669 -0.260921 0.545166 65 72 65
3.6975 2.7975 0.741414 -0.888298 -0.287426 0.358209 65 73 66
3.68889 2.8125 0.7275 -0.852231 0.0822195 0.516664 66 72 66
3.6975 2.79918 0.7425 -0.854073 -0.205386 0.477888 66 73 66
3.69466 2.8125 0.7425 -0.926253 -0.000772887 0.376902 67 75 65
3.6975 2.8125 0.748042 -0.869633 0.015908 0.493442 66 73 65
3.69222 2.8275 0.7275 -0.881093 0.316482 0.351447 61 73 77
3.6975 2.8251 0.7425 -0.902782 0.202513 0.379438 64 75 75
3.6975 2.8275 0.741132 -0.817736 0.478202 0.320361 63 75 77
3.6975 2.83585 0.7275 -0.78541 0.4969 0.36908 63 81 94
3.6975 2.87361 0.7275 -0.863841 -0.446214 0.23382 62 95 133
3.6916 2.8875 0.7275 -0.885411 -0.395566 0.24408 63 96 134
3.6975 2.88217 0.7425 -0.75241 -0.469752 0.461748 65 96 133
3.69424 2.8875 0.7425 -0.891677 -0.362985 0.270471 65 96 134
3.6975 2.8875 0.746605 -0.741346 -0.306822 0.59688 63 94 133
3.7125 2.76943 0.7275 -0.494001 -0.868773 -0.0345862 66 72 67
3.69874 2.7825 0.7275 -0.737286 -0.598071 0.314198 62 72 65
3.7125 2.77178 0.7425 -0.715909 -0.649432 0.256345 64 72 67
3.70387 2.7825 0.7425 -0.804254 -0.533704 0.26141 63 74 67
3.7125 2.77854 0.7575 -0.642671 -0.68884 0.335371 62 71 67
3.70971 2.7825 0.7575 -0.849442 -0.42103 0.318093 62 72 66
3.7125 2.7825 0.763376 -0.803249 -0.471426 0.364072 61 71 65
3.69798 2.7975 0.7425 -0.893179 -0.28137 0.350803 65 73 66
3.70395 2.7975 0.7575 -0.926168 -0.201501 0.318762 63 74 66
3.7125 2.78965 0.7725 -0.813828 -0.449964 0.367719 61 71 66
3.7083 2.7975 0.7725 -0.922234 -0.188606 0.337508 62 73 67
3.7125 2.7975 0.781661 -0.920285 -0.122684 0.371515 63 72 67
3.70318 2.8125 0.7575 -0.89962 0.104453 0.423996 65 71 66
3.70877 2.8125 0.7725 -0.930695 0.164286 0.32683 62 72 67
3.7125 2.8125 0.783733 -0.944296 0.111046 0.309796 64 72 70
3.69802 2.8275 0.7425 -0.798928 0.370345 0.473876 63 75 77
3.70928 2.8275 0.7575 -0.825127 0.358038 0.437006 58 71 78
3.7125 2.82534 0.7725 -0.92853 0.261969 0.263066 57 72 75
3.7125 2.8275 0.770426 -0.863 0.453557 0.222527 57 71 76
3.70188 2.8425 0.7275 -0.885932 0.31905 0.336647 63 85 105
3.70639 2.8425 0.7425 -0.861658 0.280937 0.422634 63 84 104
3.7125 2.83349 0.7575 -0.791969 0.447749 0.415096 60 77 91
3.7125 2.8425 0.750643 -0.781435 0.151466 0.605324 61 86 109
3.70318 2.8575 0.7275 -0.933291 -0.0549696 0.354889 65 96 131
3.7075 2.8575 0.7425 -0.905111 -0.120935 0.407613 64 95 133
3.7125 2.8575 0.749386 -0.785887 -0.140361 0.602229 60 93 133
3.69805 2.8725 0.7275 -0.8997 -0.285975 0.329786 62 95 133
3.70343 2.8725 0.7425 -0.808671 -0.32876 0.48782 65 95 132
3.7125 2.8725 0.755403 -0.791901 -0.24285 0.560283 61 92 130
3.7125 2.87622 0.7575 -0.841238 -0.374976 0.389503 60 91 130
3.7074 2.8875 0.7575 -0.782206 -0.385588 0.489362 59 91 130
3.7125 2.88733 0.7725 -0.874749 -0.398321 0.275962 59 90 129
3.71242 2.8875 0.7725 -0.887791 -0.356004 0.291699 59 91 129
3.7125 2.8875 0.772789 -0.887832 -0.385473 0.251326 59 91 129
3.7275 2.76601 0.7275 -0.131285 -0.986999 -0.0927184 72 76 71
3.71571 2.7675 0.7275 -0.27391 -0.889689 -0.365277 67 72 67
3.7275 2.76478 0.7425 -0.146311 -0.987089 0.0651723 74 80 75
3.71622 2.7675 0.7425 -0.359837 -0.928877 0.0877813 65 71 67
3.7275 2.76729 0.7575 -0.145292 -0.987166 0.0662899 61 71 67
3.72582 2.7675 0.7575 -0.571555 -0.765726 0.294936 61 71 67
3.7275 2.7675 0.76088 -0.562883 -0.80324 0.194855 60 70 66
3.7275 2.77093 0.7725 -0.725417 -0.659866 0.195823 59 70 65
3.71664 2.7825 0.7725 -0.747874 -0.590768 0.302783 61 71 66
3.7275 2.77461 0.7875 -0.779647 -0.597031 0.188955 61 71 67
3.72158 2.7825 0.7875 -0.823777 -0.513149 0.240975 63 73 67
3.7275 2.78001 0.8025 -0.779489 -0.579692 0.237389 59 72 67
3.72589 2.7825 0.8025 -0.878974 -0.374969 0.294623 59 72 67
3.7275 2.7825 0.807695 -0.908385 -0.299912 0.291359 60 73 67
3.71507 2.7975 0.7875 -0.894745 -0.302255 0.328745 64 72 68
3.72076 2.7975 0.8025 -0.918345 -0.136827 0.371377 63 72 69
3.7275 2.79397 0.8175 -0.921147 -0.257541 0.291823 61 72 69
3.72663 2.7975 0.8175 -0.935719 -0.146061 0.321086 62 72 68
3.7275 2.7975 0.820536 -0.944151 -0.0759673 0.320637 62 72 69
3.71375 2.8125 0.7875 -0.890729 0.188373 0.413663 64 73 71
3.72096 2.8125 0.8025 -0.923113 0.181015 0.339258 62 72 72
3.72517 2.8125 0.8175 -0.953848 0.119469 0.275501 62 72 70
3.7275 2.8125 0.823818 -0.931574 0.0915215 0.351843 62 72 70
3.71299 2.8275 0.7725 -0.786739 0.481169 0.386676 57 72 76
3.72188 2.8275 0.7875 -0.814134 0.446118 0.371705 57 74 82
3.72625 2.8275 0.8025 -0.914259 0.323232 0.244238 53 72 83
3.7275 2.82042 0.8175 -0.937426 0.256107 0.235887 57 70 74
3.7275 2.8275 0.808779 -0.847189 0.500475 0.178316 53 70 81
3.71782 2.8425 0.7575 -0.851538 0.356399 0.384529 61 86 110
3.72373 2.8425 0.7725 -0.858403 0.344781 0.37983 60 84 107
3.7275 2.83741 0.7875 -0.820951 0.478298 0.311883 60 83 101
3.7275 2.8425 0.780697 -0.915144 0.116466 0.385936 61 86 108
3.7275 2.8294 0.8025 -0.794185 0.540806 0.277126 54 74 87
3.71943 2.8575 0.7575 -0.880958 -0.0521896 0.470308 57 91 131
3.72506 2.8575 0.7725 -0.916544 -0.192019 0.350822 59 91 130
3.7275 2.8575 0.779057 -0.924597 -0.146609 0.351606 59 91 131
3.71405 2.8725 0.7575 -0.857336 -0.318156 0.404663 60 91 130
3.71925 2.8725 0.7725 -0.868006 -0.388788 0.308885 57 90 132
3.7275 2.86699 0.7875 -0.889464 -0.31155 0.33435 57 91 133
3.72527 2.8725 0.7875 -0.844757 -0.408967 0.345156 56 91 133
3.7275 2.8725 0.792943 -0.851969 -0.412223 0.322833 57 92 133
3.71683 2.8875 0.7875 -0.848628 -0.41676 0.325796 60 92 130
3.7275 2.87924 0.8025 -0.837654 -0.427526 0.339937 59 92 132
3.72326 2.8875 0.8025 -0.840952 -0.406493 0.35716 60 91 130
3.7275 2.8875 0.812129 -0.842027 -0.39232 0.370237 60 90 129
3.7425 2.76443 0.7275 0.0436059 -0.974369 -0.220689 91 94 86
3.7425 2.76335 0.7425 -0.0542356 -0.998397 0.0161988 87 90 84
3.7425 2.76555 0.7575 -0.101861 -0.993538 0.0500748 69 78 74
3.7425 2.76488 0.7725 -0.160784 -0.98678 -0.020318 64 74 70
3.73102 2.7675 0.7725 -0.356371 -0.931038 0.0785378 59 70 66
3.7425 2.76402 0.7875 -0.315719 -0.937841 -0.144138 62 72 68
3.73325 2.7675 0.7875 -0.515647 -0.852684 0.0839005 59 71 67
3.7425 2.76341 0.8025 -0.587219 -0.809329 0.0126666 61 72 68
3.737 2.7675 0.8025 -0.724693 -0.667475 0.171164 60 72 68
3.7425 2.76489 0.8175 -0.658563 -0.743027 0.119187 61 72 68
3.73993 2.7675 0.8175 -0.799796 -0.567255 0.196337 61 72 68
3.7425 2.7675 0.825856 -0.80961 -0.537007 0.236971 62 72 69
3.73079 2.7825 0.8175 -0.868415 -0.426518 0.25286 61 74 69
3.7425 2.77049 0.8325 -0.849808 -0.480596 0.216456 62 73 69
3.73521 2.7825 0.8325 -0.874736 -0.406988 0.263055 62 74 68
3.7425 2.77674 0.8475 -0.862941 -0.437847 0.252237 64 75 70
3.73987 2.7825 0.8475 -0.896508 -0.3473 0.275057 64 74 68
3.7425 2.7825 0.85505 -0.894904 -0.314806 0.316298 64 75 69
3.7312 2.7975 0.8325 -0.945155 -0.196822 0.260658 62 73 70
3.73447 2.7975 0.8475 -0.946932 -0.203991 0.24841 62 74 70
3.7425 2.79104 0.8625 -0.911285 -0.283553 0.29859 63 75 70
3.74053 2.7975 0.8625 -0.916773 -0.218557 0.334307 62 75 70
3.7425 2.7975 0.868841 -0.934018 -0.209688 0.289207 62 75 71
3.73092 2.8125 0.8325 -0.969142 0.0759785 0.234501 62 73 70
3.73193 2.8125 0.8475 -0.966787 0.0877375 0.240053 63 74 70
3.73764 2.8125 0.8625 -0.948088 0.0919399 0.304428 62 73 71
3.7425 2.81155 0.8775 -0.944258 -0.180261 0.275468 62 73 71
3.74234 2.8125 0.8775 -0.961069 -0.0112657 0.276079 62 73 71
3.7425 2.8125 0.878169 -0.962602 0.0178891 0.27033 62 73 71
3.72928 2.8275 0.8175 -0.892059 0.388469 0.230917 54 69 78
3.73508 2.8275 0.8325 -0.889945 0.387965 0.239753 55 70 76
3.73791 2.8275 0.8475 -0.90325 0.369684 0.217883 57 72 74
3.74117 2.8275 0.8625 -0.960514 0.19197 0.201394 58 72 69
3.7425 2.81762 0.8775 -0.993222 0.0266143 0.113147 61 73 70
3.7425 2.8275 0.875278 -0.958822 0.263454 0.10608 60 73 68
3.73062 2.8425 0.7875 -0.872121 0.300175 0.386392 61 87 110
3.7375 2.8425 0.8025 -0.93054 0.289482 0.224268 67 94 122
3.73692 2.8425 0.8175 -0.921089 0.322714 0.217833 62 87 112
3.7425 2.84112 0.8325 -0.845799 0.460464 0.269439 63 85 108
3.7425 2.8425 0.830714 -0.918639 0.217979 0.329526 63 86 110
3.7425 2.83518 0.8475 -0.836329 0.516866 0.182765 62 80 93
3.7425 2.83068 0.8625 -0.885045 0.45387 0.103425 59 74 75
3.73063 2.8575 0.7875 -0.916066 -0.135246 0.377533 58 91 132
3.73688 2.8575 0.8025 -0.958095 -0.112361 0.263494 60 93 135
3.74123 2.8575 0.8175 -0.945431 -0.0358846 0.323841 60 94 134
3.7425 2.8575 0.82173 -0.946815 -0.0903859 0.308823 60 94 134
3.73095 2.8725 0.8025 -0.877087 -0.348078 0.330998 58 92 134
3.73697 2.8725 0.8175 -0.874087 -0.346705 0.340247 58 91 132
3.7425 2.8725 0.831267 -0.875259 -0.334838 0.349007 58 92 131
3.72977 2.8875 0.8175 -0.856117 -0.396961 0.330886 60 90 129
3.7425 2.87346 0.8325 -0.870462 -0.404655 0.280269 58 92 131
3.73529 2.8875 0.8325 -0.856741 -0.404094 0.320471 59 90 127
3.7425 2.88341 0.8475 -0.874658 -0.371792 0.311038 59 91 126
3.74079 2.8875 0.8475 -0.870804 -0.366536 0.327645 60 91 125
3.7425 2.8875 0.851934 -0.855348 -0.36805 0.364582 59 91 126
3.75268 2.7675 0.7275 0.279026 -0.881307 -0.38137 95 98 91
3.7575 2.76378 0.7425 0.134346 -0.980733 -0.141827 95 97 89
3.7575 2.7675 0.731546 0.305328 -0.884509 -0.352729 97 100 92
3.7575 2.76424 0.7575 -0.042728 -0.999065 -0.00666299 72 79 74
3.7575 2.76319 0.7725 -0.0717514 -0.996946 -0.0308304 73 82 76
3.7575 2.76284 0.7875 0.0379614 -0.970746 -0.237088 63 72 68
3.7575 2.75359 0.8025 -0.0770692 -0.961207 -0.264841 66 73 69
3.7575 2.75281 0.8175 -0.416772 -0.908918 0.0130088 64 72 69
3.7575 2.75414 0.8325 -0.702059 -0.704705 0.102491 63 73 70
3.74431 2.7675 0.8325 -0.719694 -0.670812 0.179034 62 73 69
3.7575 2.75431 0.8475 -0.721727 -0.652448 0.231131 65 75 73
3.74745 2.7675 0.8475 -0.80992 -0.55359 0.193824 65 76 72
3.7575 2.76221 0.8625 -0.63076 -0.708107 0.317374 65 74 74
3.75228 2.7675 0.8625 -0.81353 -0.514692 0.270669 65 74 73
3.7575 2.7675 0.876744 -0.785483 -0.548315 0.286998 67 78 74
3.7575 2.76953 0.7275 0.227639 -0.851434 -0.472483 98 101 93
3.7452 2.7825 0.8625 -0.893436 -0.360366 0.268159 64 75 69
3.7575 2.76791 0.8775 -0.768794 -0.487165 0.414278 67 78 74
3.74886 2.7825 0.8775 -0.869019 -0.372644 0.325488 66 77 70
3.7575 2.78072 0.8925 -0.72655 -0.496269 0.475228 68 79 73
3.75654 2.7825 0.8925 -0.848971 -0.349346 0.396491 68 78 73
3.7575 2.7825 0.894266 -0.784153 -0.398956 0.475329 69 79 73
3.74519 2.7975 0.8775 -0.915728 -0.246247 0.317496 64 76 71
3.75072 2.7975 0.8925 -0.879228 -0.294285 0.374639 67 77 73
3.7575 2.7975 0.906628 -0.856596 -0.312135 0.410872 68 78 74
3.74656 2.8125 0.8925 -0.94161 -0.146872 0.302984 64 75 71
3.7575 2.79868 0.9075 -0.895206 -0.309706 0.320449 68 78 74
3.75293 2.8125 0.9075 -0.911336 -0.206342 0.356217 66 77 73
3.7575 2.8125 0.921125 -0.922211 -0.221962 0.316638 66 76 73
3.7428 2.8275 0.8775 -0.954361 0.238001 0.180416 60 74 68
3.74496 2.8275 0.8925 -0.970888 0.117027 0.209 61 74 68
3.7499 2.8275 0.9075 -0.954869 0.0122819 0.296773 64 75 69
3.7575 2.81563 0.9225 -0.83964 -0.172217 0.515118 66 77 73
3.75581 2.8275 0.9225 -0.941157 -0.0827835 0.327673 66 77 73
3.7575 2.8275 0.92644 -0.874877 -0.190747 0.445203 66 78 74
3.74323 2.8425 0.8325 -0.909911 0.309062 0.276662 63 86 110
3.74774 2.8425 0.8475 -0.933131 0.314313 0.174568 62 82 106
3.74771 2.8425 0.8625 -0.929015 0.354522 0.106042 58 77 92
3.75074 2.8425 0.8775 -0.91858 0.383141 0.0970252 55 73 83
3.74953 2.8425 0.8925 -0.943853 0.32902 0.0298015 58 72 77
3.75113 2.8425 0.9075 -0.973117 0.0977718 0.208528 59 73 71
3.75461 2.8425 0.9225 -0.979441 0.0264327 0.199992 63 74 72
3.7575 2.8425 0.932744 -0.951787 -0.11942 0.282561 65 76 74
3.7456 2.8575 0.8325 -0.952173 0.0403261 0.302888 62 93 135
3.75075 2.8575 0.8475 -0.978771 0.0128352 0.204553 63 90 133
3.75295 2.8575 0.8625 -0.970351 0.11494 0.212619 63 89 123
3.75666 2.8575 0.8775 -0.956013 0.241519 0.166454 64 87 116
3.7575 2.85623 0.8925 -0.861638 0.505958 0.0398347 58 79 96
3.7575 2.8575 0.884352 -0.989866 0.0964146 0.104253 61 83 108
3.75427 2.8575 0.9075 -0.959501 0.278944 0.0393344 52 71 76
3.7575 2.8575 0.895684 -0.850885 0.474612 -0.225251 56 77 93
3.75615 2.8575 0.9225 -0.987201 0.13138 0.0904027 55 72 70
3.7575 2.85328 0.9375 -0.898978 -0.131951 0.417644 62 76 72
3.75708 2.8575 0.9375 -0.98858 0.0208309 0.149252 61 76 71
3.7575 2.8575 0.938703 -0.887812 0.107923 0.447372 61 76 71
3.74291 2.8725 0.8325 -0.938044 -0.196574 0.285363 58 92 131
3.74706 2.8725 0.8475 -0.928869 -0.253073 0.270476 58 92 130
3.75192 2.8725 0.8625 -0.933807 -0.140683 0.328958 60 90 133
3.7575 2.87241 0.8775 -0.958025 0.0540786 0.281537 60 89 132
3.7575 2.8725 0.877483 -0.920272 -0.189198 0.342497 60 89 132
3.7575 2.86391 0.9075 -0.88096 0.455007 -0.129915 59 79 92
3.7575 2.86459 0.9225 -0.956675 0.291147 -0.00251406 54 73 75
3.7575 2.85995 0.9375 -0.980222 0.18621 0.0670184 60 75 71
3.7473 2.8875 0.8625 -0.86287 -0.337922 0.375851 59 91 130
3.7575 2.87253 0.8775 -0.900805 -0.178648 0.395772 60 89 132
3.7544 2.8875 0.8775 -0.866813 -0.297952 0.399824 58 90 134
3.7575 2.8875 0.884256 -0.883725 -0.251907 0.394427 58 90 135
3.7725 2.75035 0.8175 -0.0185654 -0.997476 -0.068528 79 84 80
3.75795 2.7525 0.8175 -0.156828 -0.930872 -0.329972 64 72 69
3.7725 2.7525 0.814298 -0.0459035 -0.84119 -0.538788 64 70 67
3.7725 2.74986 0.8325 -0.03586 -0.999204 -0.0174751 76 84 80
3.75949 2.7525 0.8325 -0.238058 -0.971251 -0.000519196 63 73 70
3.7725 2.7508 0.8475 -0.102533 -0.993386 0.0516756 68 77 76
3.75938 2.7525 0.8475 -0.243415 -0.967648 0.0663852 65 75 74
3.7725 2.75171 0.8625 -0.137768 -0.988418 0.0636332 66 77 76
3.76911 2.7525 0.8625 -0.52861 -0.813399 0.242803 66 77 76
3.7725 2.7525 0.872574 -0.379473 -0.915628 0.132759 66 78 77
3.77006 2.7675 0.7425 0.282101 -0.912348 -0.296716 98 101 93
3.7725 2.76387 0.7575 0.14396 -0.973903 -0.175465 84 90 84
3.7725 2.7675 0.745009 0.505014 -0.82566 -0.251487 96 99 92
3.7725 2.76225 0.7725 -0.0331495 -0.998859 -0.0343632 83 90 85
3.7725 2.76293 0.7875 -0.0453078 -0.996972 -0.0631953 77 85 81
3.7725 2.761 0.8025 0.10796 -0.931571 -0.347159 63 71 67
3.7725 2.75389 0.8775 -0.515957 -0.747659 0.418084 67 78 77
3.7578 2.7675 0.8775 -0.641661 -0.70942 0.291539 67 78 75
3.7725 2.76386 0.8925 -0.321091 -0.783171 0.532488 67 79 77
3.76663 2.7675 0.8925 -0.640189 -0.597686 0.482628 67 79 76
3.7725 2.7675 0.897831 -0.388043 -0.675594 0.626893 67 80 78
3.7725 2.77408 0.7275 0.225552 -0.904541 -0.361846 105 108 101
3.7725 2.76859 0.7425 0.366289 -0.888061 -0.277812 98 101 93
3.7725 2.77778 0.9075 -0.417947 -0.621124 0.662968 70 82 81
3.76731 2.7825 0.9075 -0.660094 -0.491998 0.567639 70 81 80
3.7725 2.7825 0.910888 -0.450267 -0.58313 0.67618 71 82 81
3.75793 2.7975 0.9075 -0.702599 -0.467349 0.5366 68 78 75
3.7725 2.79519 0.9225 -0.38925 -0.549262 0.739456 71 81 81
3.76989 2.7975 0.9225 -0.634665 -0.501237 0.588185 70 80 80
3.7725 2.7975 0.924112 -0.416447 -0.463708 0.782015 71 81 81
3.75818 2.8125 0.9225 -0.601344 -0.457005 0.655387 66 77 73
3.7725 2.8125 0.93301 -0.39957 -0.477129 0.782747 69 81 79
3.7725 2.81953 0.9375 -0.421464 -0.466441 0.777689 69 81 79
3.76517 2.8275 0.9375 -0.662715 -0.323359 0.675461 68 80 77
3.7725 2.8275 0.941755 -0.416626 -0.454928 0.78706 68 81 80
3.75914 2.8425 0.9375 -0.746573 -0.309238 0.589068 66 77 75
3.7725 2.8425 0.952142 -0.495649 -0.497598 0.711849 70 79 77
3.75824 2.8575 0.8925 -0.963572 0.26249 0.0512549 57 79 97
3.7725 2.84308 0.9525 -0.592342 -0.528791 0.607874 70 79 77
3.76461 2.8575 0.9525 -0.869673 -0.228609 0.437501 65 78 75
3.7725 2.85734 0.9675 -0.338191 -0.653429 0.677242 64 82 83
3.77234 2.8575 0.9675 -0.850952 -0.352184 0.389675 64 81 83
3.75751 2.8725 0.8775 -0.967262 0.0781721 0.241439 60 89 132
3.7619 2.8725 0.8925 -0.984599 0.090308 0.149699 62 89 124
3.76207 2.8725 0.9075 -0.976542 0.212174 -0.0367163 63 87 108
3.7591 2.8725 0.9225 -0.967263 0.25138 -0.0347826 52 73 81
3.75984 2.8725 0.9375 -0.983843 0.147354 0.101686 58 72 76
3.76077 2.8725 0.9525 -0.974576 -0.117563 0.190737 64 78 76
3.76578 2.8725 0.9675 -0.922526 -0.249285 0.294622 61 80 88
3.76099 2.8875 0.8925 -0.9636 -0.110784 0.243314 58 90 135
3.76457 2.8875 0.9075 -0.997106 0.0504217 0.0568902 61 90 127
3.76462 2.8875 0.9225 -0.988947 0.146405 0.0234546 60 86 109
3.76292 2.8875 0.9375 -0.981984 0.181144 -0.0537996 59 78 92
3.76092 2.8875 0.9525 -0.987486 0.14427 0.0636999 57 73 82
3.76404 2.8875 0.9675 -0.986006 0.112908 0.12265 61 80 95
3.7875 2.75172 0.8175 0.120461 -0.986421 -0.111636 81 86 80
3.7875 2.7525 0.816082 0.203894 -0.875648 -0.437798 77 82 76
3.7875 2.75226 0.8325 0.124581 -0.989363 -0.0750997 65 73 70
3.7875 2.74996 0.8475 0.0220121 -0.998604 -0.048016 81 89 85
3.7875 2.74987 0.8625 -0.0493705 -0.9982 0.0340404 65 77 74
3.7875 2.75079 0.8775 -0.0786461 -0.990532 0.11252 72 84 81
3.77436 2.7525 0.8775 -0.171037 -0.97044 0.170272 67 78 77
3.7875 2.7525 0.884653 -0.230616 -0.855287 0.464005 70 83 82
3.77791 2.7675 0.7575 0.485725 -0.769737 -0.414217 77 84 78
3.7875 2.76228 0.7725 0.181808 -0.949749 -0.2548 92 96 91
3.7875 2.7675 0.76522 0.418161 -0.731892 -0.538029 76 82 77
3.7875 2.76212 0.7875 -0.0138717 -0.997903 -0.0632285 93 97 91
3.7875 2.75928 0.8025 0.0569826 -0.947578 -0.314403 75 80 75
3.7875 2.75842 0.8925 -0.264118 -0.786649 0.558054 71 84 83
3.7875 2.7675 0.905418 -0.316524 -0.728674 0.607328 72 84 84
3.7875 2.77405 0.7275 0.0107235 -0.963078 -0.269008 113 115 106
3.7875 2.77507 0.7425 0.161382 -0.984203 -0.0728098 92 99 93
3.7875 2.77345 0.7575 0.36234 -0.909052 -0.205751 84 91 85
3.7875 2.76976 0.9075 -0.291573 -0.669315 0.683376 72 84 84
3.7875 2.7825 0.920682 -0.276594 -0.643596 0.713638 75 86 85
3.7875 2.78478 0.9225 -0.0986392 -0.473146 0.875445 74 85 85
3.7875 2.7975 0.929379 -0.165429 -0.496518 0.852117 73 84 83
3.7875 2.81116 0.9375 -0.0691064 -0.572321 0.817113 72 84 83
3.78438 2.8125 0.9375 -0.285613 -0.49295 0.821843 72 84 82
3.7875 2.8125 0.938104 -0.205181 -0.477433 0.854376 72 84 83
3.7875 2.8275 0.946572 -0.243342 -0.541751 0.804544 72 86 85
3.7875 2.83424 0.9525 -0.185299 -0.653539 0.733861 74 85 85
3.7729 2.8425 0.9525 -0.377996 -0.646538 0.662652 70 80 78
3.7875 2.8425 0.961412 -0.190413 -0.681386 0.706722 75 88 87
3.7875 2.84963 0.9675 -0.182142 -0.662199 0.726854 71 88 92
3.78911 2.7525 0.8175 0.327622 -0.943472 -0.0502326 77 82 77
3.78835 2.7525 0.8325 0.25997 -0.948529 -0.180857 64 72 69
3.8025 2.75051 0.8475 0.122899 -0.983333 -0.133983 80 88 83
3.8025 2.7525 0.842127 0.30358 -0.886515 -0.349185 66 76 71
3.8025 2.75003 0.8625 0.126622 -0.991947 -0.00267799 79 89 83
3.8025 2.75053 0.8775 0.0945491 -0.993068 0.069835 80 91 88
3.8025 2.7525 0.890665 -0.0357328 -0.951522 0.3055 75 87 86
3.79759 2.7675 0.7725 0.398066 -0.783291 -0.477493 65 71 66
3.8025 2.76141 0.7875 0.0941954 -0.977649 -0.187963 104 109 101
3.8025 2.7675 0.776626 0.196273 -0.815258 -0.544822 69 76 71
3.8025 2.76104 0.8025 0.0230127 -0.986706 -0.160879 93 99 93
3.8025 2.75787 0.8175 0.140562 -0.977133 -0.159541 77 84 79
3.8025 2.75643 0.8325 0.252207 -0.95555 -0.152695 65 73 68
3.8025 2.7534 0.8925 0.226835 -0.855768 0.464981 75 87 87
3.8025 2.76526 0.9075 -0.0881903 -0.789603 0.607247 79 89 89
3.79068 2.7675 0.9075 -0.200823 -0.77135 0.603895 73 84 85
3.8025 2.7675 0.909837 0.0451112 -0.600992 0.797981 81 91 91
3.8025 2.77626 0.7275 0.139216 -0.974778 -0.174435 117 119 109
3.8025 2.77513 0.7425 0.051825 -0.998655 -0.00164476 92 98 91
3.8025 2.77516 0.7575 0.0591009 -0.996854 -0.052811 85 91 85
3.8025 2.7825 0.921168 0.142025 -0.58933 0.795311 77 87 86
3.8025 2.78467 0.9225 0.139608 -0.5133 0.846778 77 87 86
3.8025 2.7975 0.928096 -0.00488186 -0.528142 0.849142 78 88 88
3.8025 2.80766 0.9375 0.00290295 -0.615501 0.788131 78 89 89
3.8025 2.8125 0.940754 0.0303516 -0.52033 0.853425 80 91 92
3.8025 2.8275 0.949676 -0.0722522 -0.543569 0.836249 76 88 88
3.8025 2.83077 0.9525 0.0136761 -0.600152 0.799769 75 88 89
3.8025 2.8425 0.96011 -0.00841503 -0.644155 0.764849 76 89 88
3.8025 2.8498 0.9675 0.0208971 -0.670301 0.741795 76 91 94
3.80735 2.7525 0.8475 0.394787 -0.917084 -0.0556827 67 76 72
3.80813 2.7525 0.8625 0.394618 -0.918457 -0.0266963 68 79 73
3.80922 2.7525 0.8775 0.34761 -0.933299 0.0901108 71 82 79
3.8175 2.76279 0.7875 0.0812081 -0.935871 -0.342857 97 101 93
3.8175 2.7675 0.782788 0.097083 -0.704893 -0.702639 75 80 75
3.8175 2.76133 0.8025 0.186422 -0.974273 -0.126649 107 112 104
3.8175 2.75658 0.8175 0.105512 -0.987861 -0.114012 98 104 99
3.8175 2.75858 0.8325 0.0745063 -0.99718 0.0089929 88 94 90
3.8175 2.75656 0.8475 0.286332 -0.942873 -0.170309 67 75 70
3.8175 2.75704 0.8625 0.337713 -0.94091 -0.0252517 68 78 73
3.8175 2.75584 0.8775 0.322215 -0.932686 0.162095 72 82 79
3.8175 2.7625 0.8925 0.269383 -0.898989 0.345328 78 89 89
3.8175 2.76737 0.9075 0.24802 -0.853891 0.457555 88 96 96
3.8175 2.7675 0.907631 0.146395 -0.464622 0.873324 88 96 96
3.8175 2.7825 0.914957 0.239491 -0.501081 0.831602 86 95 93
3.8175 2.79229 0.9225 0.350399 -0.617487 0.704223 84 94 91
3.8175 2.7975 0.928381 0.20226 -0.581486 0.788013 85 96 93
3.8175 2.81146 0.9375 0.250459 -0.581398 0.77411 85 96 95
3.8175 2.8125 0.938207 0.0861964 -0.538742 0.83805 87 97 96
3.8175 2.8275 0.947406 0.0797727 -0.547133 0.833236 88 98 98
3.8175 2.83407 0.9525 0.0939678 -0.599907 0.794532 87 97 98
3.8175 2.8425 0.960305 0.0939691 -0.65409 0.750557 92 103 102
3.8175 2.85038 0.9675 0.113881 -0.663274 0.739661 95 107 108
3.8325 2.76283 0.7875 0.2581 -0.956756 -0.134173 109 112 103
3.8325 2.7675 0.782784 0.16623 -0.70062 -0.693902 92 96 88
3.8317 2.7675 0.8025 0.379659 -0.871735 -0.309736 74 80 74
3.8325 2.7675 0.801297 0.471282 -0.836145 0.280633 75 81 75
3.8325 2.76178 0.8175 0.4343 -0.868795 -0.237862 86 94 87
3.8325 2.7675 0.803402 0.654125 -0.70094 -0.284259 73 79 73
3.8325 2.76007 0.8325 0.376319 -0.923435 -0.0751845 86 94 87
3.8325 2.76031 0.8625 0.340475 -0.9401 0.0169741 87 95 88
3.8325 2.76058 0.8775 0.3742 -0.926612 0.036952 80 89 87
3.8325 2.76239 0.8925 0.274056 -0.912056 0.305036 92 101 99
3.81763 2.7675 0.9075 0.481455 -0.611135 0.628263 88 96 96
3.8325 2.7675 0.897607 0.449356 -0.592804 0.668329 89 98 98
3.8325 2.7792 0.9075 0.439212 -0.626668 0.643724 91 99 97
3.8325 2.7825 0.912195 0.238763 -0.514145 0.8238 97 105 101
3.82608 2.7975 0.9225 0.386073 -0.682376 0.620733 89 98 95
3.8325 2.7975 0.919051 0.19504 -0.506451 0.839921 93 101 98
3.8325 2.80077 0.9225 0.198506 -0.663085 0.721743 93 102 99
3.81959 2.8125 0.9375 0.218474 -0.645443 0.731896 88 98 97
3.8325 2.8125 0.934355 0.156488 -0.672535 0.723331 101 110 109
3.8325 2.81676 0.9375 0.162806 -0.662288 0.731347 100 109 108
3.8325 2.8275 0.94779 0.0760775 -0.613052 0.786371 111 119 120
3.8325 2.83447 0.9525 0.0400817 -0.499254 0.865528 107 115 116
3.8325 2.8425 0.955969 0.14776 -0.607378 0.78055 111 119 118
3.8325 2.85377 0.9675 0.221179 -0.716048 0.662084 117 128 125
3.83717 2.7675 0.7875 0.707107 -0.707107 0 89 93 85
3.83822 2.7675 0.8175 0.596468 -0.775449 -0.207135 50 57 50
3.84549 2.7675 0.8325 0.482781 -0.843917 -0.233939 58 62 54
3.84638 2.7675 0.8625 0.473403 -0.880274 0.031741 48 54 50
3.84487 2.7675 0.8775 0.506613 -0.855753 0.105025 74 81 76
3.83977 2.7675 0.8925 0.526781 -0.739246 0.419543 85 93 90
3.8475 2.7733 0.8925 0.307715 -0.663239 0.682221 86 93 90
3.83829 2.7825 0.9075 0.459001 -0.684631 0.566214 98 106 103
3.8475 2.7825 0.902392 0.272826 -0.701502 0.658377 103 111 108
3.8475 2.78916 0.9075 0.55963 -0.649384 0.514892 93 99 96
3.8475 2.7975 0.918019 0.345516 -0.622917 0.701849 104 110 104
3.8475 2.80219 0.9225 0.275019 -0.751847 0.599241 109 117 111
3.8475 2.8125 0.931922 0.132123 -0.642015 0.755222 113 121 116
3.8475 2.82066 0.9375 0.142765 -0.664389 0.733625 112 120 117
3.8475 2.8275 0.945782 0.287474 -0.527203 0.799635 135 143 143
3.8475 2.83544 0.9525 0.319254 -0.740598 0.591262 132 138 138
3.8475 2.8425 0.955381 0.0917931 -0.411626 0.906718 124 130 128
3.84518 2.8575 0.9675 0.247477 -0.786734 0.565513 136 143 140
3.8475 2.8575 0.964771 0.230009 -0.622517 0.748043 130 137 134
3.8475 2.85849 0.9675 0.202553 -0.703006 0.68173 140 147 145
3.6225 2.6475 0.0160225 0.405231 -0.0223823 0.91394 125 111 98
3.6225 2.6625 0.0161325 0.265771 -0.0278065 0.963635 128 116 107
3.6075 2.6625 0.0198262 0.156092 -0.0157461 0.987617 154 144 137
3.60931 2.6775 0.0225 0.387304 -0.295622 0.873271 158 151 143
3.6075 2.67279 0.0225 0.256202 -0.222591 0.940645 159 151 144
3.6225 2.6775 0.0169164 0.341833 -0.162886 0.925537 147 137 128
3.6075 2.6775 0.0235701 -0.000675743 -0.0328613 0.99946 161 153 146
3.6225 2.69245 0.0225 0.443327 -0.313609 0.839708 142 133 123
3.6225 2.6925 0.0225188 0.106885 -0.0363874 0.993605 142 133 123
3.6075 2.6925 0.0232523 -0.000707086 0.0490039 0.998798 167 163 154
3.6225 2.69265 0.0225 0.0931573 0.184447 0.978418 142 133 123
3.6075 2.6995 0.0225 -0.190099 0.16911 0.967091 169 166 158
3.6225 2.7075 0.019166 0.311408 0.0734562 0.947433 138 131 122
3.6075 2.7075 0.0209507 -0.131868 0.138571 0.981534 168 166 159
3.6225 2.7225 0.0186858 0.15443 0.119016 0.980809 144 140 131
3.6075 2.7225 0.0190839 -0.216397 0.235138 0.947567 174 175 170
3.6225 2.7375 0.0150672 0.0029719 0.161338 0.986895 150 146 138
3.6075 2.7375 0.0122926 -0.180157 0.197029 0.963703 134 130 121
3.6225 2.7525 0.0146243 -0.0999994 0.0899864 0.99091 134 129 120
3.6075 2.7525 0.0108491 -0.202776 0.100071 0.974098 98 92 83
3.6225 2.7675 0.0123835 0.0634316 0.00835869 0.997951 123 117 108
3.6075 2.7675 0.0103258 -0.210251 -0.0651745 0.975473 80 72 62
3.6225 2.7825 0.0151758 -0.0748618 -0.16553 0.983359 84 77 68
3.6075 2.7825 0.0124777 -0.252338 -0.132941 0.958463 60 52 42
3.6225 2.7975 0.0149077 -0.0952248 -0.0879492 0.991563 51 45 37
3.6075 2.7975 0.0153153 -0.241735 -0.0856804 0.966552 78 71 62
3.6225 2.8125 0.0198257 -0.0710419 -0.0091016 0.997432 41 36 29
3.6075 2.8125 0.0133429 -0.267765 0.045156 0.962426 69 63 54
3.6225 2.8275 0.0157325 -0.0994573 -0.133142 0.986094 79 75 67
3.6075 2.8275 0.0138846 -0.129587 -0.221743 0.966456 63 60 51
3.6225 2.8364 0.0225 0.201472 -0.543435 0.814916 44 40 33
3.60826 2.8425 0.0225 -0.276387 -0.314894 0.907994 80 77 68
3.6075 2.8425 0.0218857 -0.168645 -0.210955 0.962838 82 79 70
3.6225 2.8425 0.0258715 0 0 1 41 36 29
3.6225 2.85643 0.0075 -0.0505509 0.81843 0.572379 52 47 37
3.62121 2.8575 0.0075 0.819636 -0.312827 0.479933 52 47 37
3.6225 2.84701 0.0225 0.0245306 0.779861 0.625472 34 29 22
3.61407 2.8575 0.0225 0.804078 0.20641 0.557543 62 57 48
3.6075 2.84293 0.0225 0 -0.324154 0.946004 83 79 70
3.6075 2.8575 0.0270255 0 0 1 78 72 64
3.6225 2.85949 0.0075 0.286052 -0.0325459 0.957661 62 56 47
3.6075 2.86496 0.0225 -0.167489 0.804941 0.569225 71 67 58
3.6225 2.8725 0.0116448 -0.0206843 -0.172605 0.984774 116 111 103
3.6075 2.8725 0.00934685 0.212038 -0.0615171 0.975323 202 197 189
3.61418 2.8875 0.0225 0.701878 -0.703608 0.110916 45 45 39
3.6075 2.87984 0.0225 0.381312 -0.822195 0.422607 52 50 43
3.6225 2.8875 0.0135429 0.313103 -0.427086 0.848271 72 72 65
3.6166 2.8875 0.0375 0.622717 -0.75648 0.199904 43 44 37
3.6075 2.88001 0.0375 0.67734 -0.724447 0.128011 45 44 38
3.6075 2.8875 0.0433129 0.450601 -0.547394 0.705208 46 47 42
3.63344 2.6475 0.0075 0.606529 -0.133896 0.783706 99 83 68
3.6375 2.65399 0.0075 0.485357 -0.386929 0.784038 94 78 66
3.6375 2.6625 0.0115804 0.417129 -0.178415 0.891163 99 86 76
3.6375 2.6775 0.0132281 0.35566 -0.0529375 0.933115 103 90 79
3.62253 2.6925 0.0225 0.518336 0.184918 0.834945 142 133 123
3.6375 2.6925 0.0132213 0.432076 -0.0312854 0.901295 112 102 90
3.6375 2.7075 0.0132234 0.439295 0.00695625 0.898316 120 111 99
3.6375 2.7225 0.0139018 0.374411 -0.0435653 0.926239 125 116 106
3.6375 2.7375 0.0130453 0.142158 0.0374395 0.989136 108 102 93
3.6375 2.7525 0.0132462 0.0944169 0.179445 0.979227 106 99 90
3.6375 2.76649 0.0075 0.174115 0.379135 0.908813 52 46 37
3.63612 2.7675 0.0075 0.349767 -0.265787 0.898343 57 51 41
3.6375 2.77031 0.0075 -0.0200982 -0.335502 0.941825 47 41 31
3.6375 2.7825 0.0122358 0.0807947 -0.367192 0.92663 57 51 40
3.6375 2.7975 0.0201854 -0.096638 -0.00936114 0.995276 62 56 45
3.6375 2.8125 0.0160307 0.187702 -0.0222634 0.981974 47 41 35
3.6375 2.8275 0.0171748 0.108017 0.0742043 0.991376 41 36 32
3.6269 2.8425 0.0225 0.54656 0.270717 0.792455 45 39 32
3.6375 2.8425 0.0152704 0.413093 0.17129 0.894435 57 50 43
3.6375 2.85463 0.0075 0.359805 0.611252 0.704919 49 43 36
3.6375 2.86504 0.0075 0.161808 -0.346329 0.924053 37 30 25
3.6375 2.8725 0.0112041 0.134008 -0.206438 0.96924 33 27 22
3.6375 2.8875 0.0115665 0.188599 -0.0261111 0.981707 26 23 16
3.64506 2.6625 0.0075 0.524284 -0.146629 0.838825 87 73 63
3.64725 2.6775 0.0075 0.534856 -0.0717829 0.841888 94 82 70
3.64997 2.6925 0.0075 0.493977 0.0312809 0.868912 105 94 81
3.64597 2.7075 0.0075 0.54362 0.0116536 0.839251 99 89 76
3.64761 2.7225 0.0075 0.505711 -0.215073 0.835464 102 91 80
3.6525 2.7285 0.0075 0.479235 -0.36127 0.799886 101 90 79
3.6525 2.7375 0.0112354 0.305464 -0.154528 0.939581 107 96 85
3.6525 2.7525 0.0127588 0.239496 0.0654971 0.968686 100 90 79
3.6525 2.74812 0.1125 -0.57735 -0.57735 -0.57735 50 47 41
3.64812 2.7525 0.1125 -0.57735 -0.57735 -0.57735 48 48 43
3.6525 2.7525 0.108117 -0.57735 -0.57735 -0.57735 44 43 37
3.64799 2.7675 0.0075 -0.0499229 0.306713 0.950492 82 74 61
3.6525 2.7675 0.0078496 0.0583773 -0.0234124 0.99802 96 87 73
3.6525 2.7825 0.0136855 0.0764352 -0.457258 0.886043 66 57 45
3.6525 2.79623 0.0225 0.0295411 -0.705177 0.708416 46 38 28
3.64722 2.7975 0.0225 -0.21059 -0.451566 0.867029 53 46 35
3.6525 2.7975 0.0260442 -0.117616 0.317276 0.941011 44 38 28
3.6525 2.79942 0.0225 -0.158566 0.695905 0.700409 45 38 28
3.6525 2.8125 0.0104005 0.0619687 0.382886 0.921715 69 63 56
3.6525 2.8275 0.0135442 0.350025 0.105304 0.930803 57 49 43
3.6525 2.83691 0.0075 0.525548 0.438962 0.728774 70 60 55
3.6486 2.8425 0.0075 0.528903 0.450538 0.719219 61 52 46
3.6525 2.83865 0.0825 -0.57735 -0.57735 -0.57735 34 33 29
3.64865 2.8425 0.0825 -0.57735 -0.57735 -0.57735 36 34 30
3.6525 2.8425 0.0786509 -0.57735 -0.57735 -0.57735 36 34 30
3.65119 2.8725 0.0075 0.316294 -0.0518729 0.947242 71 64 58
3.64684 2.8875 0.0075 0.388658 0.112859 0.914444 54 50 43
3.65923 2.7375 0.0075 0.555398 -0.120258 0.822843 96 85 75
3.66109 2.7525 0.0075 0.565665 0.103468 0.818118 87 76 64
3.65358 2.7675 0.0075 0.435235 -0.170685 0.883989 93 84 70
3.66643 2.7825 0.0075 0.370147 -0.417559 0.829841 43 33 20
3.6675 2.78345 0.0075 -0.0404591 -0.802947 0.594675 41 30 18
3.6675 2.79275 0.0225 0.262559 -0.659298 0.704549 42 36 27
3.6675 2.7975 0.0254028 0.0964567 -0.260198 0.960725 41 34 28
3.6675 2.80179 0.0225 0.0374547 0.71102 0.702174 41 35 28
3.6675 2.8125 0.0105617 0.38618 0.476088 0.790067 51 43 36
3.6675 2.81627 0.0075 0.520068 0.434568 0.73531 50 41 35
3.66113 2.8275 0.0075 0.582203 0.421885 0.69502 52 43 38
3.6675 2.88545 0.0525 -0.57735 -0.57735 -0.57735 45 44 40
3.66545 2.8875 0.0525 -0.57735 -0.57735 -0.57735 54 53 49
3.6675 2.8875 0.0504535 -0.57735 -0.57735 -0.57735 46 44 40
3.6825 2.78439 0.0075 0.335056 -0.348258 0.875473 42 32 21
3.6721 2.7975 0.0225 0.729437 0.353841 0.585422 40 33 27
3.6825 2.7975 0.00773388 0.670739 0.183966 0.718517 45 37 28
3.6825 2.79825 0.0075 0.587673 0.723437 0.362325 45 37 28
3.67478 2.8125 0.0075 0.814205 0.520607 0.25698 45 37 31
3.6975 2.67426 0.1425 0 -0.707107 -0.707107 33 28 21
3.69426 2.6775 0.1425 -0.57735 -0.57735 -0.57735 32 26 19
3.6975 2.6775 0.139265 0 -0.707107 -0.707107 32 26 19
3.68684 2.7975 0.0075 0.0872574 0.667694 0.739305 43 35 26
3.70074 2.6775 0.1425 0.57735 -0.57735 -0.57735 29 24 17
3.7125 2.77643 0.0075 0.185564 -0.694146 0.695505 41 33 27
3.70135 2.7825 0.0075 -0.478034 -0.390975 0.786525 43 35 28
3.7125 2.7825 0.0118261 0 0 1 34 28 24
3.7125 2.78906 0.0075 0.136368 0.912625 0.385382 36 29 24
3.7125 2.79196 0.0525 -0.57735 -0.57735 -0.57735 37 40 39
3.70696 2.7975 0.0525 -0.707107 0 -0.707107 27 30 29
3.7125 2.7975 0.0469559 -0.707107 0 -0.707107 27 29 28
3.7125 2.80304 0.0525 -0.57735 0.57735 -0.57735 26 30 28
3.7275 2.76325 0.0075 0.0778132 -0.794507 0.602248 41 34 25
3.72165 2.7675 0.0075 -0.67853 0.0628251 0.731881 42 35 26
3.7275 2.7675 0.0121325 2.77304e-17 0 1 39 33 24
3.7275 2.77285 0.0075 0 0.612018 0.790844 35 29 22
3.71807 2.7825 0.0075 0.631079 0.345575 0.69449 34 28 23
3.73437 2.7675 0.0075 0.600809 0.272316 0.75158 39 32 23
3.7575 2.70639 0.0825 -0.388795 -0.622888 -0.678858 48 41 33
3.75572 2.7075 0.0825 -0.388795 -0.622888 -0.678858 48 41 33
3.7575 2.7075 0.0814818 -0.388795 -0.622888 -0.678858 49 41 33
3.7575 2.77602 0.0375 -0.57735 -0.57735 -0.57735 48 43 37
3.75102 2.7825 0.0375 -0.57735 -0.57735 -0.57735 45 44 37
3.7575 2.7825 0.0310234 -0.57735 -0.57735 -0.57735 45 44 37
3.7875 2.73725 0.0225 -0.181899 -0.966347 -0.181899 40 30 21
3.78717 2.7375 0.0225 -1 6.99127e-17 0 40 30 21
3.7875 2.7375 0.0221849 -6.73757e-17 0 -1 40 30 21
3.7875 2.7375 0.0226535 -0.418885 0 0.908039 40 30 21
3.7875 2.73765 0.0225 -0.113829 0.986958 -0.113829 40 30 21
3.78765 2.7375 0.0225 0.899004 0 -0.437941 40 30 21
3.80748 2.6925 0.1875 0.57735 -0.57735 0.57735 42 37 24
3.8025 2.68752 0.1875 0.57735 -0.57735 0.57735 46 40 25
3.8025 2.6925 0.192479 0.57735 -0.57735 0.57735 42 37 24
3.8475 2.71656 0.0225 0 -0.709963 -0.704239 46 36 26
3.8343 2.7225 0.0225 -0.304605 -0.676224 -0.670773 46 35 25
3.8475 2.7225 0.0165078 0 -0.709963 -0.704239 46 36 27
3.64723 3.1275 0.9675 -0.623158 0.115301 0.77355 66 69 61
3.6525 3.1323 0.9675 -0.477728 0.370133 0.796729 69 71 62
3.6525 3.1275 0.969221 -0.393091 0.304304 0.867686 66 69 62
3.65975 3.1425 0.9675 -0.377078 0.315178 0.870904 71 70 59
3.6675 3.1275 0.976971 -0.469609 0.428289 0.772033 62 69 63
3.6675 3.1425 0.969864 -0.357307 0.314416 0.879474 75 74 62
3.6675 3.15054 0.9675 -0.414128 0.340597 0.844092 64 62 49
3.67315 3.1275 0.9825 -0.575507 0.56976 0.586656 66 74 74
3.6825 3.1346 0.9825 -0.556438 0.615555 0.558094 70 77 77
3.6825 3.1425 0.97569 -0.362575 0.466555 0.806763 68 71 60
3.6825 3.1275 0.991253 -0.591397 0.594087 0.545261 63 71 79
3.67184 3.1575 0.9675 -0.376266 0.409761 0.830975 65 62 47
3.6825 3.1575 0.971767 -0.186319 0.340401 0.921636 95 91 75
3.6825 3.16177 0.9675 -0.303187 0.671894 0.675749 90 86 72
3.68976 3.1425 0.9825 -0.546222 0.62539 0.557251 66 69 64
3.68698 3.1275 0.9975 -0.613921 0.634688 0.469332 60 68 78
3.6975 3.13578 0.9975 -0.525802 0.711773 0.465737 70 75 80
3.6975 3.1425 0.989491 -0.438885 0.723805 0.532434 68 68 65
3.6975 3.1275 1.01235 -0.566982 0.71838 0.403065 58 65 64
3.6975 3.14731 0.9825 -0.476434 0.661424 0.579249 92 93 89
3.6975 3.1575 0.971026 -0.327201 0.436575 0.838059 88 87 71
3.6975 3.16798 0.9675 -0.231538 0.629127 0.742017 75 71 53
3.70899 3.1425 0.9975 -0.437979 0.770115 0.463786 68 68 66
3.69764 3.1275 1.0125 -0.530464 0.768147 0.35855 58 65 64
3.7125 3.13664 1.0125 -0.484315 0.797624 0.359493 76 80 71
3.7125 3.1425 1.00155 -0.476953 0.775724 0.413241 71 72 67
3.70785 3.1275 1.0275 -0.565149 0.701619 0.433979 64 68 63
3.7125 3.1326 1.0275 -0.57245 0.754139 0.321831 80 83 77
3.7125 3.1275 1.03299 -0.57663 0.654924 0.48844 80 83 79
3.70838 3.1575 0.9825 -0.557076 0.561238 0.612109 91 92 79
3.7125 3.14463 0.9975 -0.529222 0.590168 0.609611 72 72 71
3.7125 3.1575 0.986625 -0.33807 0.736478 0.585925 78 78 67
3.7125 3.16743 0.9675 0.0343753 0.932026 0.360757 84 83 71
3.7125 3.16162 0.9825 -0.348984 0.692796 0.631065 95 95 82
3.71719 3.1275 1.0425 -0.70854 0.680335 0.187389 101 104 101
3.7275 3.13925 1.0425 -0.733173 0.643251 0.220649 130 130 123
3.72018 3.1275 1.0575 -0.63603 0.626137 0.45102 112 115 111
3.7275 3.13411 1.0575 -0.611014 0.697087 0.375141 123 124 118
3.7275 3.1275 1.06399 -0.32198 0.655164 0.683439 87 92 91
3.71728 3.1425 1.0125 -0.65956 0.7303 0.17788 74 77 63
3.7275 3.15272 1.0125 -0.69071 0.690807 0.213787 111 112 93
3.72023 3.1425 1.0275 -0.589971 0.769043 0.245981 91 91 79
3.7275 3.14808 1.0275 -0.64064 0.732355 0.230731 114 112 97
3.7275 3.1425 1.03701 -0.551894 0.719409 0.421739 116 115 105
3.7275 3.1647 0.9825 -0.226542 0.794771 0.563044 74 75 70
3.7275 3.1575 0.994357 -0.258417 0.8258 0.501273 59 60 54
3.7425 3.14034 1.0575 -0.241897 0.647693 0.722482 127 129 122
3.7425 3.1275 1.06844 -0.220409 0.632661 0.742402 64 71 74
3.72975 3.1575 0.9975 0 0 0 60 61 52
3.7425 3.1575 1.00353 0 0 0 48 55 47
3.79778 3.1275 1.0575 -0.761031 0.0266286 0.648169 3 5 19
3.4096 3.1875 0.2175 -0.57735 0.57735 -0.57735 76 72 47
3.4125 3.1904 0.2175 -0.57735 0.57735 -0.57735 75 71 47
3.4125 3.1875 0.2146 -0.57735 0.57735 -0.57735 78 77 53
3.43721 3.1425 0.1575 -0.57735 0.57735 -0.57735 100 88 68
3.4425 3.14779 0.1575 -0.57735 0.57735 -0.57735 95 83 64
3.4425 3.1425 0.152214 -0.57735 0.57735 -0.57735 100 88 69
3.45012 3.1575 0.1425 -0.57735 0.57735 -0.57735 103 89 67
3.4575 3.16488 0.1425 -0.57735 0.57735 -0.57735 97 84 64
3.4575 3.1575 0.135118 -0.57735 0.57735 -0.57735 103 90 71
3.5175 3.15541 0.0825 -0.57735 -0.57735 -0.57735 82 68 55
3.51541 3.1575 0.0825 -0.707107 0 -0.707107 85 71 57
3.5175 3.1575 0.0804051 -0.707107 0 -0.707107 80 67 53
3.5175 3.15959 0.0825 -0.57735 0.57735 -0.57735 87 72 59
3.5775 3.18189 0.0225 -0.688079 -0.573165 -0.445005 88 78 64
3.57283 3.1875 0.0225 -0.839694 0 -0.54306 84 71 56
3.5775 3.1875 0.0152763 -0.839694 0 -0.54306 91 79 62
3.5775 3.19195 0.0225 -0.629678 0.661562 -0.407236 88 75 61
3.61143 3.1275 0.9375 -0.720716 -0.502513 0.477546 56 67 65
3.6225 3.1275 0.951756 -0.695308 -0.227433 0.681778 58 68 66
3.6225 3.1425 0.949628 -0.563729 0.148627 0.812477 64 70 65
3.60879 3.1575 0.9375 -0.578771 0.0820898 0.811348 62 67 59
3.6225 3.1575 0.946832 -0.460102 0.218137 0.860652 63 67 59
3.6085 3.1725 0.9375 -0.455116 0.225675 0.861359 72 71 60
3.6225 3.1725 0.942609 -0.318411 0.382706 0.867266 70 69 58
3.6225 3.17766 0.9375 -0.381287 0.58709 0.714104 71 70 59
3.6225 3.1875 0.93053 -0.327571 0.453313 0.828978 73 72 59
3.61788 3.2025 0.9225 -0.563012 0.611575 0.555872 71 66 49
3.6225 3.2025 0.925764 -0.313952 0.348862 0.883023 96 90 72
3.62065 3.2025 0.7425 -0.654175 0.654175 -0.379618 58 58 56
3.6225 3.20435 0.7425 -0.654175 0.654175 -0.379618 60 60 57
3.6225 3.2025 0.739318 -0.654175 0.654175 -0.379618 67 70 68
3.61373 3.2175 0.8775 -0.751661 0.649795 0.113017 74 76 64
3.61602 3.2175 0.8925 -0.748609 0.650513 0.128131 88 88 76
3.61872 3.2175 0.9075 -0.684332 0.601557 0.41209 79 76 60
3.6225 3.20576 0.9225 -0.587864 0.583313 0.560502 90 84 66
3.6225 3.2175 0.911284 -0.585861 0.559941 0.585861 86 83 66
3.61899 3.2175 0.8025 0 0 0 135 132 116
3.6225 3.2175 0.796156 0 0 0 124 119 102
3.61559 3.2175 0.8175 0 0 0 109 107 91
3.61232 3.2175 0.8325 0 0 0 94 93 81
3.6232 3.1275 0.9525 -0.614476 -0.222682 0.756857 58 68 67
3.62536 3.1425 0.9525 -0.470502 0.134277 0.872122 65 70 65
3.6375 3.1275 0.960135 -0.469237 0.0941356 0.878041 65 69 64
3.6375 3.1425 0.957577 -0.343354 0.184299 0.920946 64 67 61
3.63148 3.1575 0.9525 -0.449916 0.235621 0.861428 67 68 59
3.6375 3.1575 0.954575 -0.311408 0.26368 0.912961 77 77 67
3.6375 3.16125 0.9525 -0.43056 0.457927 0.777767 69 70 60
3.6375 3.1725 0.946361 -0.333997 0.378333 0.863313 68 68 57
3.63162 3.1875 0.9375 -0.505829 0.534645 0.676972 72 69 54
3.6375 3.1875 0.941016 -0.293333 0.42505 0.856323 96 92 77
3.6375 3.19225 0.9375 -0.449599 0.529836 0.719121 79 75 61
3.6375 3.2025 0.930579 -0.389527 0.386823 0.835845 89 87 72
3.6525 3.1425 0.963246 -0.394572 0.274966 0.876759 73 73 63
3.6525 3.1575 0.959085 -0.295752 0.272869 0.915463 72 70 60
3.64758 3.1725 0.9525 -0.434161 0.446809 0.782218 67 64 52
3.6525 3.1725 0.954668 -0.240406 0.381627 0.892505 84 80 68
3.6525 3.17568 0.9525 -0.266659 0.509337 0.818211 74 71 59
3.6525 3.1875 0.94561 -0.220412 0.4874 0.844902 90 87 74
3.6525 3.20109 0.9375 -0.282135 0.511841 0.81143 106 100 83
3.6675 3.1575 0.964631 -0.277653 0.430545 0.858801 64 61 47
3.6675 3.1725 0.957962 -0.201877 0.392843 0.897173 101 97 86
3.6675 3.17852 0.9525 -0.128889 0.605629 0.785239 97 93 82
3.6675 3.1875 0.944458 0.057106 0.666217 0.743568 92 89 77
3.65448 3.2025 0.9375 -0.343871 0.481239 0.806326 105 99 82
3.6825 3.1725 0.957683 -0.0960458 0.397354 0.912625 95 90 76
3.67809 3.1875 0.9525 -0.516003 0.590274 0.620739 98 93 78
3.6825 3.1875 0.956434 -0.177918 0.274196 0.945072 115 109 93
3.6975 3.1725 0.965704 0 0 0 77 71 52
3.3825 3.1275 0.00338311 0.105064 0.206837 0.972718 54 37 25
3.3825 3.1425 0.00133946 0.0760591 0.129999 0.988593 53 36 23
3.3825 3.1575 -0.000684655 0.0594629 0.11191 0.991938 51 31 18
3.3825 3.1725 -0.00221872 0.047928 0.144467 0.988348 51 29 14
3.3825 3.1875 -0.00440236 0.0257472 0.151785 0.988078 58 33 11
3.3825 3.2025 -0.00624407 0.055874 0.096129 0.993799 120 89 56
3.3825 3.2126 -0.0075 0.128934 0.113087 0.985184 149 116 78
3.3789 3.2175 -0.0075 0.140768 0.142487 0.979736 164 130 88
3.3825 3.2175 -0.00799867 -0.00465585 0.0837895 0.996473 163 130 89
3.3825 3.2325 -0.00935117 0.00379989 0.0909685 0.995847 172 134 87
3.3825 3.2475 -0.0103465 0.00151946 0.0426151 0.99909 181 141 91
3.3825 3.2625 -0.0112073 -0.062577 -0.0699172 0.995588 181 140 91
3.3825 3.27673 -0.0075 -0.0667664 -0.183066 0.980831 179 139 91
3.38087 3.2775 -0.0075 -0.145871 -0.200874 0.968696 179 139 90
3.3825 3.2775 -0.00729451 -6.6889e-05 0.00120329 0.999999 179 139 91
3.3825 3.28038 -0.0075 -0.0682251 0.101076 0.992537 179 139 90
3.3825 3.2925 -0.00880225 0.0173815 0.0833314 0.99637 177 138 90
3.3825 3.3075 -0.0105863 0.0345738 0.112044 0.993102 176 138 90
3.3825 3.3225 -0.012033 0.0739535 0.0128633 0.997179 173 136 86
3.3825 3.3375 -0.00975925 -0.0329988 -0.00552476 0.99944 171 134 86
3.3975 3.1275 0.00204811 0.0793136 0.150848 0.98537 57 39 26
3.3975 3.1425 0.000149256 0.0663113 0.125484 0.989877 53 34 20
3.3975 3.1575 -0.00126582 0.0719701 0.0833829 0.993915 52 33 17
3.3975 3.1725 -0.00242925 0.0255904 0.139951 0.989828 61 40 21
3.3975 3.1875 -0.00580113 0.0378915 0.173622 0.984083 60 36 11
3.3975 3.19775 -0.0075 0.0581151 0.152652 0.98657 91 64 34
3.39217 3.2025 -0.0075 0.121152 0.122365 0.985063 110 81 48
3.3975 3.2025 -0.00808891 0.0248209 0.0429848 0.998767 104 76 43
3.3975 3.20815 -0.0075 0.0754304 -0.101462 0.991976 129 99 62
3.38771 3.2175 -0.0075 -0.0958471 -0.0247697 0.995088 165 132 91
3.3975 3.2175 -0.00656247 0 0 1 167 134 92
3.3975 3.22616 -0.0075 -0.0246845 0.119411 0.992538 170 135 89
3.3975 3.2325 -0.00836723 0.0612887 0.110407 0.991995 172 136 87
3.3975 3.2475 -0.0105227 0.0295459 0.00587869 0.999546 183 144 94
3.3975 3.2625 -0.00906097 -0.011121 -0.0974605 0.995177 183 143 94
3.3975 3.27744 -0.0075 0.038919 -0.10385 0.993831 182 142 94
3.3975 3.2775 -0.00749506 0.0124189 -0.223409 0.974646 182 142 93
3.3975 3.27756 -0.0075 0.0345669 0.118305 0.992375 182 142 94
3.3975 3.2925 -0.00956171 0.0760339 0.114893 0.990464 182 140 93
3.3975 3.3075 -0.0110735 0.0346813 0.0957281 0.994803 179 140 92
3.3975 3.3225 -0.0126883 0.0209804 0.103337 0.994425 177 139 90
3.4125 3.1275 0.000529884 0.0741145 0.16154 0.984079 53 34 19
3.4125 3.1425 -0.000181133 0.0644644 0.114294 0.991353 58 38 21
3.4125 3.1575 -0.00291868 0.060279 0.0934409 0.993798 69 48 29
3.4125 3.1725 -0.00328796 0.0636565 0.0873128 0.994145 78 57 34
3.4125 3.1875 -0.00540831 0.0243054 0.178471 0.983645 103 79 50
3.4125 3.19915 -0.0075 0.0130924 0.164782 0.986243 105 77 44
3.4125 3.2025 -0.00802374 0.0577587 0.10377 0.992923 104 75 41
3.40255 3.2175 -0.0075 0.18887 0.0349571 0.98138 166 134 91
3.4125 3.2175 -0.00938506 0.0800388 0.0604451 0.994957 158 126 85
3.4125 3.2325 -0.0107862 0.066121 0.0876445 0.993955 171 137 89
3.4125 3.2475 -0.0117506 0.0442834 -0.0481637 0.997857 177 140 90
3.4125 3.2625 -0.00989709 -0.00837508 -0.0678121 0.997663 182 145 94
3.39761 3.2775 -0.0075 0.0726037 0.135261 0.988146 182 142 94
3.4125 3.2775 -0.00859396 0.0661621 0.0564226 0.996212 183 143 96
3.4125 3.2925 -0.0113057 0.0782445 0.0992806 0.991978 182 142 93
3.4125 3.3075 -0.0118719 0.0731299 0.054235 0.995847 180 140 94
3.4125 3.3225 -0.0124952 0.0201186 0.07438 0.997027 178 138 92
3.4275 3.1275 -6.93818e-05 0.0917833 0.156705 0.983371 62 44 25
3.4275 3.1425 -0.00179138 0.0745005 0.0862162 0.993487 70 50 30
3.4275 3.1575 -0.00337158 0.0565791 0.11305 0.991977 75 52 28
3.4275 3.1725 -0.00420501 0.0862393 0.0736501 0.993548 115 92 65
3.4275 3.1875 -0.00596675 0.0932681 0.145772 0.984912 143 121 89
3.4275 3.19267 -0.0075 0.0875965 0.212392 0.97325 129 105 71
3.4275 3.2025 -0.00962882 0.018023 0.10317 0.9945 98 71 34
3.4275 3.2175 -0.010161 0.0764158 0.0597852 0.995282 153 121 79
3.4275 3.2325 -0.0105306 0.0528962 0.0531882 0.997183 164 130 84
3.4275 3.2475 -0.012413 0.0605748 -0.0396019 0.997378 175 138 90
3.4275 3.2625 -0.00769166 0.100342 -0.105169 0.989379 180 143 94
3.4275 3.2775 -0.00934919 0.0377988 0.0846058 0.995697 180 143 93
3.4275 3.2925 -0.011987 0.0146677 0.115798 0.993165 179 140 91
3.4275 3.3075 -0.0129372 0.0278141 0.0547158 0.998114 178 138 91
3.4425 3.1275 -0.00211978 0.114424 0.13631 0.984036 78 59 37
3.4425 3.1425 -0.00312955 0.120163 0.06435 0.990666 80 60 36
3.4425 3.1575 -0.00362447 0.0781592 0.0932993 0.992566 108 85 58
3.4425 3.1725 -0.00631648 0.0598031 0.117319 0.991292 126 102 70
3.4425 3.1813 -0.0075 0.0589523 0.119587 0.991072 130 105 71
3.4379 3.1875 -0.0075 0.125318 0.195133 0.972738 136 112 78
3.4425 3.1875 -0.00809126 -0.00240559 0.0714642 0.99744 132 107 72
3.4425 3.2025 -0.00806052 0.0162965 0.100137 0.99484 104 78 40
3.4425 3.2175 -0.0107882 0.0141632 0.122272 0.992396 148 116 74
3.4425 3.2325 -0.0130294 0.0637413 0.0367004 0.997291 159 125 80
3.4425 3.2475 -0.0119248 0.0564757 0.0331458 0.997854 163 127 80
3.4425 3.2625 -0.0130648 0.163448 -0.0642973 0.984454 171 134 86
3.4425 3.2775 -0.011479 0.162073 -0.0285442 0.986366 176 138 88
3.4425 3.2925 -0.0118389 0.034993 0.0658722 0.997214 176 137 87
3.4425 3.3075 -0.0124446 -0.0213206 0.0517852 0.998431 175 135 87
3.4575 3.1275 -0.00337671 0.11428 0.101186 0.988282 97 78 55
3.4575 3.1425 -0.00498623 0.063858 0.0897732 0.993913 101 82 56
3.4575 3.1575 -0.0061009 0.0939414 0.0442941 0.994592 112 91 62
3.4575 3.1725 -0.00660668 0.0514592 0.0659308 0.996496 121 97 65
3.45328 3.1875 -0.0075 -0.065058 0.122825 0.990294 126 101 67
3.4575 3.1875 -0.007236 0.0293924 0.0685118 0.997217 123 98 65
3.4575 3.18894 -0.0075 -0.0357646 0.161031 0.986301 121 96 62
3.4575 3.2025 -0.00970633 0.0482914 0.11991 0.99161 104 76 40
3.4575 3.2175 -0.0118617 0.0753683 0.0839981 0.993612 133 103 63
3.4575 3.2325 -0.0124807 0.00742709 0.0634269 0.997959 156 123 79
3.4575 3.2475 -0.0131498 0.0236585 0.0267727 0.999362 159 124 78
3.4575 3.2625 -0.0141861 0.0360403 0.0425081 0.998446 164 128 82
3.4575 3.2775 -0.0139209 0.0944332 -0.0837173 0.992005 170 133 84
3.4575 3.2925 -0.0121106 0.0781231 -0.072045 0.994337 173 135 85
3.4725 3.1275 -0.00621288 0.0119607 0.102175 0.994695 96 78 53
3.4725 3.1425 -0.00507153 0.0109663 0.0319891 0.999428 99 80 53
3.4725 3.1575 -0.00674244 -0.0321683 0.0658135 0.997313 101 81 53
3.4725 3.1725 -0.00701477 -0.0312099 0.0417305 0.998641 111 90 62
3.4725 3.17454 -0.0075 0.0102129 0.176613 0.984227 112 91 62
3.45881 3.1875 -0.0075 0.157514 0.161863 0.974161 123 98 65
3.4725 3.1875 -0.00967597 -0.0222388 0.0799352 0.996552 120 97 68
3.4725 3.2025 -0.00903839 -0.076906 0.110726 0.990871 98 73 39
3.4725 3.2175 -0.013302 -0.0292098 0.159595 0.98675 110 82 46
3.4725 3.2325 -0.0126341 0.0890303 0.015618 0.995906 155 122 82
3.4725 3.2475 -0.0135367 0.0671903 0.0308746 0.997262 156 122 79
3.4725 3.2625 -0.0136415 0.0305919 0.0335382 0.998969 159 124 80
3.4725 3.2775 -0.0147911 0.0205512 0.00292271 0.999785 164 128 84
3.4725 3.2925 -0.0129326 0.0559034 -0.121195 0.991053 170 133 86
3.4875 3.1275 -0.00358563 0.000181485 0.0143222 0.999897 99 83 57
3.4875 3.1425 -0.00488475 -0.0339279 0.0476146 0.998289 99 80 54
3.4875 3.1575 -0.00509677 -0.0349234 0.00999901 0.99934 99 80 55
3.4875 3.1725 -0.00603479 -0.0977241 0.0288352 0.994796 107 89 66
3.48294 3.1875 -0.0075 -0.275202 0.193684 0.941674 113 93 68
3.4875 3.1875 -0.00537207 -0.0847044 0.0949454 0.991872 102 84 60
3.4875 3.19578 -0.0075 -0.141534 0.182027 0.973054 102 82 56
3.4875 3.2025 -0.00858817 -0.016448 0.0892647 0.995872 97 75 47
3.4875 3.2175 -0.00971719 -0.093058 0.197293 0.975918 109 84 53
3.4875 3.2325 -0.0149269 -0.039443 0.164186 0.985641 138 110 76
3.4875 3.2475 -0.0152498 0.0872685 0.000877883 0.996184 152 121 83
3.4875 3.2625 -0.015352 0.0320301 -0.0235786 0.999209 154 122 81
3.4875 3.2775 -0.0148285 0.00940338 0.00228018 0.999953 159 124 83
3.5025 3.1275 -0.00466302 0.0447338 -0.0700336 0.996541 97 80 57
3.5025 3.1425 -0.00413221 -0.0161963 0.0778576 0.996833 97 81 59
3.5025 3.1575 -0.00654392 0.0483967 -0.000399193 0.998828 96 81 60
3.5025 3.1725 -0.00347343 0.0516571 -0.0223267 0.998415 81 65 45
3.5025 3.1875 -0.00525924 -0.00353257 0.115532 0.993297 91 70 47
3.5025 3.1977 -0.0075 0.0131307 0.224462 0.974394 67 48 25
3.5025 3.2025 -0.0088343 0.00802979 0.141322 0.989931 61 42 19
3.5025 3.2175 -0.0107152 0.0475589 0.136448 0.989505 110 88 62
3.5025 3.2325 -0.0119688 0.0223108 0.205151 0.978476 129 106 77
3.5025 3.2475 -0.0165635 0.0498101 0.0842484 0.995199 145 120 86
3.5025 3.2625 -0.0148899 0.067745 -0.0767794 0.994744 148 119 83
3.5025 3.2775 -0.0135038 -0.0593369 -0.0634114 0.996222 147 117 79
3.5175 3.1275 -0.00624595 -0.0353458 -0.0724818 0.996743 97 81 61
3.5175 3.1425 -0.00393507 -0.00133629 -0.00227466 0.999997 101 84 61
3.5175 3.1575 -0.00590359 -0.0511973 0.106139 0.993032 95 77 55
3.5175 3.1725 -0.00697315 0.0576713 -0.0225417 0.998081 69 53 32
3.5175 3.1875 -0.00659189 0.0808537 0.0614641 0.994829 59 42 19
3.5175 3.19344 -0.0075 0.0607891 0.186835 0.980509 69 50 28
3.5175 3.2025 -0.00906548 0.0552074 0.115452 0.991778 87 66 43
3.5175 3.2175 -0.0101567 0.0369822 0.213367 0.976272 93 71 43
3.5175 3.2325 -0.0151693 0.115679 0.179659 0.976904 124 101 74
3.5175 3.2475 -0.0171327 0.114454 0.168458 0.979042 133 108 74
3.5175 3.2625 -0.0185866 0.17628 0.0269835 0.98397 146 120 85
3.5325 3.1275 -0.00286179 -0.0801102 0.0554395 0.995243 92 75 55
3.5325 3.1425 -0.003818 -0.0563626 0.0216026 0.998177 93 75 57
3.5325 3.1575 -0.00482881 0.0327072 0.0885316 0.995536 68 51 31
3.5325 3.1725 -0.00596043 -0.00936484 0.0725519 0.997321 58 42 20
3.5325 3.18608 -0.0075 0.0493118 0.112617 0.992414 91 75 52
3.53045 3.1875 -0.0075 0.0755099 0.158953 0.984394 90 74 51
3.5325 3.1875 -0.00767711 0.0234682 0.134285 0.990665 95 79 56
3.5325 3.2025 -0.0100572 0.0201673 0.133803 0.990803 110 92 67
3.5325 3.2175 -0.0113989 0.0498801 0.210564 0.976307 85 64 36
3.5325 3.2325 -0.0169801 0.077854 0.253978 0.964072 115 92 62
3.5325 3.2475 -0.0183259 0.120026 0.14265 0.982469 126 100 68
3.5325 3.2625 -0.0223825 0.161423 0.178288 0.970647 133 105 66
3.5475 3.1275 -0.00338161 -0.0379925 0.115226 0.992613 76 60 42
3.5475 3.1425 -0.00350969 0.0232155 0.0961698 0.995094 71 56 38
3.5475 3.15695 -0.0075 0.161645 0.262242 0.951367 61 45 26
3.54672 3.1575 -0.0075 0.183705 -0.0650397 0.980827 60 45 25
3.5475 3.1575 -0.00762771 0 0 1 60 45 25
3.5475 3.15929 -0.0075 -0.176585 -0.0767628 0.981287 64 49 29
3.5475 3.1725 -0.00646855 -0.0203322 0.0417728 0.99892 97 82 59
3.5475 3.18241 -0.0075 0.0108459 0.112516 0.993591 112 97 74
3.5475 3.1875 -0.00815815 0.0268459 0.130039 0.991145 119 104 80
3.5475 3.2025 -0.00945719 -0.0122053 0.0889415 0.995962 105 90 63
3.5475 3.2175 -0.012142 -0.0513791 0.265484 0.962745 91 71 43
3.5475 3.2325 -0.0166158 0.0239689 0.293286 0.955724 112 90 61
3.5475 3.2475 -0.0214589 0.0550951 0.237744 0.969764 118 95 64
3.5625 3.1275 -0.000931294 -0.319521 0.397795 0.860038 57 44 29
3.5625 3.1425 -0.00490959 -0.0633389 0.0741121 0.995236 39 26 11
3.54822 3.1575 -0.0075 -0.190325 0.226941 0.95513 60 44 25
3.5625 3.1575 -0.00466068 -0.101186 0.0580687 0.993171 64 49 29
3.5625 3.1725 -0.00510019 -0.0249402 0.121381 0.992293 113 98 75
3.5625 3.18621 -0.0075 -0.0165403 0.151797 0.988273 117 102 75
3.5625 3.1875 -0.00771134 -0.0320025 0.136332 0.990146 117 102 74
3.5625 3.2025 -0.0109944 -0.0026764 0.0779928 0.99695 109 93 66
3.5625 3.2175 -0.00868371 -0.0447185 0.190372 0.980693 81 63 35
3.5625 3.2325 -0.0178431 -0.0906456 0.398482 0.912686 110 89 60
3.5625 3.2475 -0.0212468 0.0326131 0.26492 0.963719 118 95 64
3.57646 3.1275 0.0075 -0.437312 0.533408 0.72404 30 25 12
3.5775 3.12831 0.0075 -0.434401 0.539588 0.721207 33 28 14
3.5775 3.1425 -0.0030958 -0.254499 0.286146 0.92377 53 46 29
3.5775 3.1575 -0.00221098 -0.397902 0.060643 0.915421 84 72 53
3.5775 3.1725 -0.00515473 -0.387568 0.198829 0.900143 105 91 67
3.5775 3.18067 -0.0075 -0.214762 0.399917 0.891035 106 91 66
3.5775 3.1875 -0.00883907 -0.00638266 0.0240702 0.99969 107 92 65
3.5775 3.2025 -0.00800207 -0.0953226 0.104146 0.989983 114 99 72
3.5775 3.2175 -0.0117991 -0.0102382 0.16705 0.985895 90 73 46
3.5775 3.2325 -0.0128878 0.0266238 0.244206 0.969358 109 87 61
3.58813 3.1575 0.0075 -0.674108 0.0285084 0.738082 86 79 62
3.58877 3.1725 0.0075 -0.709927 0.157764 0.686377 95 86 68
3.5925 3.18743 -0.0075 -0.286924 0.648873 0.704726 101 88 64
3.5925 3.1875 -0.00752468 -0.107261 0.0268136 0.993869 102 88 65
3.5925 3.17677 0.0075 -0.511689 0.585105 0.629148 96 89 71
3.5925 3.2025 -0.00790986 -0.0624585 -0.00327527 0.998042 105 91 67
3.5925 3.2175 -0.00817465 -0.167354 0.247681 0.954278 87 72 49
3.5925 3.2325 -0.0159636 -0.017534 0.283712 0.958749 98 80 56
3.6075 3.15681 -0.0075 0.206768 0.852909 0.479367 84 75 59
3.60466 3.1575 -0.0075 0.386554 0.000307045 0.922267 87 78 60
3.6075 3.1575 -0.00872451 0.39606 0.00385511 0.918216 86 77 60
3.60726 3.1725 -0.0075 0.259578 0.105477 0.959945 110 98 84
3.59253 3.1875 -0.0075 -0.536623 -0.415119 0.734651 101 88 65
3.59356 3.2025 -0.0075 -0.365476 0.00834499 0.930783 105 91 68
3.59321 3.2175 -0.0075 -0.522846 0.00136429 0.852426 85 70 48
3.17141 2.8875 0.4125 -0.994632 -0.0214441 -0.101229 49 46 36
3.17077 2.9025 0.4125 -0.994326 -0.0192192 -0.104622 52 46 37
3.1725 2.8875 0.411407 -0.788373 -0.0104615 -0.615108 51 48 38
3.1725 2.9025 0.410773 -0.77592 -0.0104163 -0.630745 50 44 36
3.17124 2.8875 0.4275 -0.997482 -0.0204254 0.067913 54 57 54
3.1707 2.9025 0.4275 -0.993712 0.0223201 0.109719 54 57 55
3.1725 2.8875 0.42966 -0.559432 -0.0147714 0.828745 55 60 58
3.1725 2.9025 0.430096 -0.569974 0.0367494 0.820841 56 60 60
3.17101 2.9175 0.4125 -0.997639 0.065143 -0.0217637 47 43 31
3.1725 2.9175 0.411007 -0.787911 0.0113812 -0.615685 46 42 31
3.17208 2.9175 0.4275 -0.986835 0.0946427 0.131146 47 51 48
3.1725 2.9175 0.428095 -0.589394 0.104882 0.801008 48 52 50
3.17237 2.9325 0.4125 -0.993473 0.092048 0.0673639 40 34 22
3.1725 2.9325 0.412368 -0.809674 0.0361716 -0.585764 40 34 22
3.1725 2.92039 0.4275 -0.966112 0.168894 0.195197 47 51 48
3.1725 2.9325 0.415492 -0.968096 0.173217 0.18107 40 36 26
3.1725 2.93431 0.4125 -0.862559 0.127677 -0.489581 40 34 22
3.18334 2.8875 0.3975 -0.767071 -0.00695242 -0.641525 60 57 45
3.1831 2.9025 0.3975 -0.767736 -0.0163631 -0.640557 59 54 42
3.1875 2.8875 0.393343 -0.735445 -0.00971135 -0.677515 58 55 43
3.1875 2.9025 0.393096 -0.755373 -0.0244064 -0.654841 59 54 42
3.1875 2.8875 0.438406 -0.41209 -0.00431255 0.911133 61 71 79
3.1875 2.9025 0.438975 -0.401108 -0.0160899 0.915889 62 72 78
3.18243 2.9175 0.3975 -0.783877 0.00748112 -0.620871 66 59 47
3.1875 2.9175 0.392428 -0.751015 -0.0101559 -0.660207 59 52 40
3.1875 2.9175 0.438588 -0.451725 0.0619789 0.890002 60 70 77
3.18271 2.9325 0.3975 -0.805748 0.0552843 -0.589673 66 59 45
3.1875 2.9325 0.392712 -0.746632 0.0127823 -0.665114 64 57 43
3.1751 2.9325 0.4275 -0.843402 0.183378 0.505021 46 50 48
3.1875 2.9325 0.437264 -0.532595 0.039315 0.845457 58 68 74
3.18377 2.9475 0.3975 -0.822344 0.0233507 -0.568512 62 55 41
3.1875 2.9475 0.392989 -0.766337 0.0157314 -0.642247 62 55 42
3.17462 2.9475 0.4125 -0.960211 0.219911 -0.172146 45 42 29
3.17858 2.9475 0.4275 -0.902129 0.13994 0.408143 47 51 50
3.1875 2.9475 0.438359 -0.62034 -0.0160198 0.78417 57 66 70
3.18354 2.9625 0.3975 -0.913267 0.221166 -0.342094 69 61 43
3.1875 2.9625 0.393539 -0.74138 0.102676 -0.663184 64 57 41
3.18186 2.9625 0.4125 -0.967931 0.23674 -0.0840472 58 55 47
3.1783 2.9625 0.4275 -0.94587 0.17818 0.271259 44 46 42
3.1875 2.9625 0.437918 -0.629641 0.164878 0.759189 50 58 61
3.1875 2.97178 0.3975 -0.716189 0.354815 -0.600982 67 58 42
3.18393 2.9775 0.4125 -0.932702 0.343671 -0.109346 64 57 46
3.1875 2.9775 0.403719 -0.80411 0.477473 -0.354155 65 56 43
3.18573 2.9775 0.4275 -0.861629 0.386545 0.328904 43 47 41
3.1875 2.9775 0.433855 -0.61113 0.41216 0.675755 42 49 47
3.1875 2.98128 0.4125 -0.735735 0.663923 -0.133792 52 47 37
3.1875 2.97958 0.4275 -0.685042 0.665162 0.297113 41 46 40
3.19674 2.8875 0.3825 -0.745418 -0.0374218 -0.665546 65 62 51
3.1959 2.9025 0.3825 -0.756424 -0.0285965 -0.653456 63 59 46
3.2025 2.8875 0.376739 -0.706417 -0.0441444 -0.706417 63 59 48
3.2025 2.9025 0.375903 -0.70639 -0.0450197 -0.70639 63 60 48
3.2025 2.89065 0.4425 0.00958898 -0.0725313 0.99732 58 71 82
3.1984 2.9025 0.4425 -0.27868 -0.032025 0.95985 58 72 80
3.2025 2.8875 0.442229 -0.161132 -0.0249399 0.986618 58 71 83
3.2025 2.9025 0.443308 -0.00276654 -0.0144788 0.999891 56 71 79
3.1958 2.9175 0.3825 -0.756448 0.0135711 -0.653913 63 57 44
3.2025 2.9175 0.374722 -0.742424 0.00099294 -0.66993 64 58 46
3.19997 2.9175 0.4425 -0.280146 0.0311687 0.959451 59 73 81
3.2025 2.9175 0.442992 -0.0577554 -0.0331657 0.99778 58 73 81
3.19607 2.9325 0.3825 -0.739167 0.0100262 -0.673448 78 70 57
3.2025 2.9325 0.376068 -0.725359 0.0374249 -0.687353 65 58 45
3.20213 2.9325 0.4425 -0.317319 0.00690509 0.948294 58 72 82
3.2025 2.9325 0.442591 -0.156661 -0.0236596 0.987369 58 72 82
3.19594 2.9475 0.3825 -0.740809 0.0282089 -0.671123 72 64 50
3.2025 2.9475 0.376886 -0.670471 -0.00194383 -0.741933 67 60 47
3.1976 2.9475 0.4425 -0.336396 -0.0603505 0.939785 59 69 76
3.2025 2.9475 0.443749 -0.151588 -0.0559362 0.98686 59 70 77
3.19772 2.9625 0.3825 -0.770841 0.161663 -0.616173 74 67 51
3.2025 2.9625 0.376071 -0.752288 0.0594066 -0.656151 76 68 52
3.19714 2.9625 0.4425 -0.373837 0.0436834 0.926465 55 66 71
3.2025 2.9625 0.444302 -0.201568 0.0265569 0.979114 57 68 75
3.19938 2.9775 0.3825 -0.827621 0.244242 -0.50536 80 70 53
3.2025 2.9775 0.379377 -0.710639 0.317687 -0.627747 75 66 50
3.19112 2.9775 0.3975 -0.840122 0.385671 -0.381383 71 62 48
3.20231 2.9775 0.4425 -0.430575 0.32977 0.840153 56 65 71
3.2025 2.9775 0.442579 -0.280915 0.112244 0.953146 56 65 71
3.2025 2.984 0.3825 -0.638477 0.389247 -0.663953 84 73 57
3.19697 2.9925 0.3975 -0.860618 0.446358 -0.245156 78 67 52
3.2025 2.9925 0.388062 -0.755316 0.445998 -0.480191 85 73 58
3.19715 2.9925 0.4125 -0.820762 0.570999 -0.0175907 56 55 45
3.19838 2.9925 0.4275 -0.788795 0.498572 0.359483 47 54 48
3.2025 2.97777 0.4425 -0.67453 0.352227 0.648804 56 65 71
3.2025 2.9925 0.43828 -0.675358 0.453942 0.58123 48 56 58
3.2025 2.99888 0.3975 -0.729992 0.630041 -0.264877 58 52 39
3.2025 3.00065 0.4125 -0.784699 0.619785 -0.0106624 45 47 36
3.2025 2.99892 0.4275 -0.783812 0.603339 0.147042 46 52 48
3.21193 2.8875 0.3675 -0.699837 0.143023 -0.699837 49 45 33
3.2175 2.90013 0.3675 -0.67502 0.297819 -0.67502 61 58 47
3.2175 2.8875 0.36193 -0.703972 0.0940543 -0.703972 40 36 26
3.21495 2.9025 0.4425 0.0660562 -0.0416772 0.996945 54 69 78
3.2175 2.8875 0.44236 0.0484872 -0.0202736 0.998618 54 67 80
3.2175 2.9025 0.442316 0.00379761 -0.0120843 0.99992 53 68 78
3.2175 2.91143 0.4425 -0.00357662 -0.0224185 0.999742 52 68 79
3.2175 2.9175 0.44263 0.0243404 -0.0864617 0.995958 51 68 80
3.2175 2.93001 0.3675 -0.639479 -0.639479 -0.42677 59 47 38
3.21501 2.9325 0.3675 -0.735543 -0.215172 -0.6424 61 48 38
3.2175 2.9325 0.363765 -0.811519 -0.219371 -0.541584 62 50 39
3.2175 2.9325 0.445158 -0.0447177 -0.0647707 0.996898 53 68 80
3.21041 2.9475 0.3675 -0.676691 -0.0307318 -0.735625 76 66 51
3.2175 2.9475 0.360415 -0.730426 -0.0664936 -0.679747 71 61 46
3.2175 2.9475 0.445218 -0.0581088 -0.0330487 0.997763 55 69 80
3.21109 2.9625 0.3675 -0.635484 -2.88668e-05 -0.772114 77 66 50
3.2175 2.9625 0.362735 -0.640299 0.033221 -0.767407 71 61 47
3.2175 2.9625 0.446303 -0.0395347 -0.0496968 0.997982 56 70 77
3.21169 2.9775 0.3675 -0.681142 0.381138 -0.625123 82 71 51
3.2175 2.9775 0.361689 -0.659541 0.104755 -0.744333 80 69 50
3.2175 2.9775 0.446402 -0.132239 0.0286172 0.990805 56 69 78
3.2175 2.98331 0.3675 -0.621205 0.497174 -0.605741 75 65 47
3.20647 2.9925 0.3825 -0.760742 0.333176 -0.557015 91 79 63
3.2175 2.9925 0.375168 -0.581673 0.29643 -0.757487 69 60 47
3.21086 2.9925 0.4425 -0.58098 0.379502 0.720028 53 62 69
3.2175 2.9925 0.445595 -0.224035 0.0996083 0.969477 57 67 76
3.21119 3.0075 0.3825 -0.832067 0.485213 -0.268763 88 70 51
3.2175 3.0075 0.376189 -0.618435 0.204579 -0.75874 81 66 50
3.20969 3.0075 0.3975 -0.803742 0.584248 -0.112485 65 63 53
3.20856 3.0075 0.4125 -0.722983 0.689576 0.0422054 47 51 41
3.21001 3.0075 0.4275 -0.699155 0.630557 0.337017 47 52 49
3.21673 3.0075 0.4425 -0.772769 0.305935 0.556086 52 58 60
3.2175 3.0075 0.443719 -0.214386 0.291447 0.932254 51 58 60
3.2175 3.01381 0.3825 -0.671231 0.671231 -0.31448 75 61 45
3.2175 3.01748 0.3975 -0.75933 0.648898 -0.0484686 51 53 43
3.2175 3.01684 0.4125 -0.738191 0.672866 0.0482227 51 53 46
3.2175 3.01373 0.4275 -0.605475 0.746674 0.275461 58 61 58
3.2175 3.00836 0.4425 -0.425686 0.845618 0.322059 53 59 61
3.2325 2.8875 0.441027 0.0639313 -0.0656135 0.995795 49 65 77
3.2325 2.9025 0.442444 0.0468925 -0.0523171 0.997529 49 65 75
3.2325 2.90495 0.4425 0.0315168 -0.0520656 0.998146 50 65 75
3.2325 2.9175 0.442806 0.00873766 -0.0717546 0.997384 53 65 77
3.2325 2.9325 0.444575 0.0262402 -0.111601 0.993407 51 64 78
3.2325 2.9475 0.445648 -0.0122315 -0.0151048 0.999811 51 67 78
3.2325 2.9625 0.44518 0.0289396 -0.0233585 0.999308 55 68 79
3.2325 2.9775 0.446741 0.0685303 -0.0590847 0.995898 55 69 79
3.2325 2.9925 0.447281 -0.0179416 0.00255292 0.999836 54 68 77
3.2325 3.0075 0.446229 -0.170542 0.189301 0.966996 53 63 69
3.22232 3.0225 0.3975 -0.61368 0.789537 -0.00537408 50 53 42
3.22275 3.0225 0.4125 -0.628959 0.771214 0.0981817 52 52 47
3.22612 3.0225 0.4275 -0.661283 0.646188 0.38098 58 59 56
3.2325 3.01316 0.4425 -0.475937 0.638695 0.60461 53 59 62
3.2325 3.0225 0.437652 -0.550566 0.622093 0.556666 50 52 49
3.22531 3.0225 0.3825 -0.643551 0.745417 -0.17377 74 67 55
3.2325 3.02982 0.3825 -0.695912 0.68354 -0.220181 59 56 43
3.2325 3.0225 0.375315 -0.580771 0.570447 -0.580771 82 73 63
3.2325 3.02965 0.3975 -0.617 0.786674 -0.0213215 61 62 52
3.2325 3.02876 0.4125 -0.591867 0.802764 0.0725491 66 66 61
3.2325 3.02659 0.4275 -0.561067 0.771864 0.299048 64 64 60
3.2475 2.8875 0.440666 0.0186904 -0.00238536 0.999822 42 64 88
3.2475 2.9025 0.441016 0.0825842 -0.0702305 0.994106 40 64 86
3.2475 2.91608 0.4425 0.0988739 -0.107357 0.989292 45 63 79
3.2475 2.9175 0.442639 0.00686141 -0.068493 0.997628 46 63 78
3.2475 2.9325 0.443837 0.0436923 -0.075403 0.996195 52 63 78
3.2475 2.9475 0.445737 0.0882835 -0.0675445 0.993803 52 65 78
3.2475 2.9625 0.445827 0.0227172 0.0192733 0.999556 53 66 79
3.2475 2.9775 0.444659 0.0435516 -0.0139 0.998954 54 66 80
3.2475 2.9925 0.445698 0.093891 -0.0744191 0.992797 52 66 78
3.2475 3.0075 0.4473 0.0156754 -0.0152332 0.999761 54 66 75
3.24128 3.0225 0.4425 -0.397116 0.66021 0.637512 51 57 57
3.2475 3.0225 0.446157 -0.213001 0.263087 0.940965 51 59 62
3.24136 3.0375 0.4125 -0.68713 0.714855 0.129743 69 68 61
3.24446 3.0375 0.4275 -0.641824 0.655784 0.397504 62 60 53
3.2475 3.02503 0.4425 -0.529388 0.620416 0.578647 55 62 63
3.2475 3.0375 0.431844 -0.541603 0.590885 0.597931 58 58 52
3.2475 3.04364 0.4125 -0.544093 0.782783 0.302017 74 72 65
3.2475 3.04054 0.4275 -0.455881 0.834004 0.31082 62 60 53
3.2625 2.8875 0.440457 0.0381638 0.011201 0.999209 37 73 122
3.2625 2.9025 0.439668 0.0732189 0.0141722 0.997215 37 83 142
3.24876 2.9175 0.4425 0.112936 -0.199632 0.973341 45 64 81
3.2625 2.9175 0.440859 0.193122 -0.0951144 0.976554 37 72 112
3.2625 2.92493 0.4425 0.276334 -0.200091 0.940002 39 67 99
3.2625 2.9325 0.444087 0.0540836 -0.0379015 0.997817 42 64 86
3.2625 2.9475 0.442933 0.0716206 -0.0300399 0.996979 49 66 75
3.2625 2.9625 0.443999 0.0839964 -0.0553646 0.994927 51 64 75
3.2625 2.9775 0.444887 0.0229758 -0.00723252 0.99971 53 65 78
3.2625 2.9925 0.444836 0.0341573 -0.0270268 0.999051 53 64 77
3.2625 3.0075 0.445761 0.0743006 -0.102487 0.991956 52 64 75
3.2625 3.0225 0.447265 -0.0488365 0.0251542 0.99849 51 61 68
3.26092 3.0375 0.4425 -0.543957 0.600367 0.586234 54 58 59
3.2625 3.0375 0.444601 -0.242243 0.320275 0.915829 52 56 58
3.25639 3.0525 0.4125 -0.676001 0.630926 0.38073 73 69 60
3.2625 3.04642 0.4275 -0.507683 0.757377 0.410655 65 68 63
3.2625 3.0525 0.421914 -0.532829 0.671157 0.515405 66 65 57
3.2625 3.03853 0.4425 -0.459726 0.777365 0.429366 55 59 60
3.25502 3.0525 0.3975 -0.705625 0.705625 0.0647016 73 72 65
3.2625 3.05998 0.3975 -0.705625 0.705625 0.0647016 80 78 69
3.2625 3.05861 0.4125 -0.476194 0.842764 0.250976 74 69 58
3.2775 2.8875 0.43935 0.0788236 0.0239631 0.996601 43 97 172
3.2775 2.9025 0.439642 0.0653355 0.0609537 0.996 38 97 179
3.2775 2.9175 0.437208 0.0921524 0.0411674 0.994894 39 95 173
3.26585 2.9325 0.4425 0.398144 -0.26803 0.877292 44 71 104
3.2775 2.9325 0.437279 0.229962 -0.154565 0.960847 46 93 155
3.2775 2.94725 0.4425 0.323628 -0.315602 0.891998 44 73 102
3.2775 2.9475 0.442589 0.0566368 -0.0459534 0.997337 44 72 101
3.2775 2.9625 0.443578 0.0262757 -0.064814 0.997551 49 65 73
3.2775 2.9775 0.444589 0.0387007 -0.0279401 0.99886 50 64 76
3.2775 2.9925 0.444734 0.0367333 -0.00559128 0.999309 51 64 76
3.2775 3.0075 0.444383 0.0444626 -0.0855965 0.995337 51 63 76
3.2775 3.0225 0.44722 0.0487603 -0.120741 0.991486 51 61 71
3.2775 3.0375 0.448415 -0.235165 0.047073 0.970815 48 57 60
3.26973 3.0525 0.4275 -0.560943 0.698507 0.444332 67 67 62
3.2775 3.05005 0.4425 -0.514018 0.632721 0.57918 52 56 53
3.2775 3.0525 0.441368 -0.543816 0.76025 0.355364 53 55 51
3.2775 3.05968 0.4125 -0.355609 0.920723 0.160656 73 73 69
3.2775 3.05707 0.4275 -0.535576 0.795906 0.282297 76 75 70
3.27059 3.0675 0.3975 -0.57735 0.57735 0.57735 86 76 63
3.2775 3.07441 0.3975 -0.57735 0.57735 0.57735 89 78 62
3.2775 3.0675 0.404409 -0.57735 0.57735 0.57735 79 73 61
3.2925 2.8875 0.43777 0.0951274 0.0537106 0.994015 42 104 192
3.2925 2.9025 0.437394 0.104712 0.0232131 0.994232 41 103 192
3.2925 2.9175 0.436959 0.0803021 0.0476929 0.995629 42 104 198
3.2925 2.9325 0.43677 0.0869706 -0.0287893 0.995795 45 104 191
3.27779 2.9475 0.4425 0.274715 -0.310713 0.909939 44 73 102
3.2925 2.9475 0.43814 0.203716 -0.227989 0.952114 52 97 162
3.2925 2.96051 0.4425 0.265131 -0.307389 0.913902 48 70 89
3.2925 2.9625 0.443259 0.0644043 -0.081448 0.994595 47 65 77
3.2925 2.9775 0.444042 0.0636711 -0.027314 0.997597 48 62 73
3.2925 2.9925 0.443359 0.0501987 -0.00951821 0.998694 48 63 74
3.2925 3.0075 0.444327 0.0688282 -0.0635928 0.9956 50 64 73
3.2925 3.02172 0.2925 -0.57735 -0.57735 -0.57735 70 62 46
3.29172 3.0225 0.2925 -0.707107 0 -0.707107 72 64 48
3.2925 3.0225 0.291718 -0.707107 0 -0.707107 71 64 48
3.2925 3.0225 0.446169 0.0706712 -0.119007 0.990375 50 62 72
3.2925 3.02328 0.2925 -0.57735 0.57735 -0.57735 70 63 47
3.2925 3.0375 0.447559 0.127622 -0.305595 0.94357 49 59 67
3.27954 3.0525 0.4425 -0.650443 0.566421 0.506055 52 55 51
3.2925 3.05182 0.4575 -0.168564 -0.301536 0.938436 49 59 60
3.29211 3.0525 0.4575 -0.77763 4.1005e-16 0.628722 50 59 60
3.2925 3.0525 0.458534 0 0 1 50 59 60
3.28552 3.0675 0.4125 -0.695498 0.707466 0.1256 74 73 67
3.28824 3.0675 0.4275 -0.706413 0.67175 0.223008 71 70 62
3.2925 3.06438 0.4425 -0.456701 0.727067 0.512637 51 55 49
3.2925 3.0675 0.440538 -0.564718 0.766789 0.305169 52 55 48
3.2925 3.05308 0.4575 -0.182785 0.781743 0.596211 50 59 60
3.2925 3.07448 0.4125 -0.444276 0.87904 0.172937 86 82 75
3.2925 3.07176 0.4275 -0.48007 0.855175 0.19547 74 73 65
3.3075 2.8875 0.436293 0.0731203 0.0281103 0.996927 37 103 197
3.3075 2.9025 0.436372 0.0644513 0.0263827 0.997572 37 102 194
3.3075 2.9175 0.435601 0.0578182 0.0370898 0.997638 37 101 194
3.3075 2.9325 0.434973 0.0701365 0.0207204 0.997322 36 99 194
3.3075 2.9475 0.435142 0.151378 -0.113859 0.981897 40 102 190
3.29466 2.9625 0.4425 0.206165 -0.140437 0.968387 47 67 83
3.3075 2.9625 0.438999 0.205722 -0.264119 0.942295 44 75 114
3.30445 2.9775 0.4425 0.129518 -0.0765379 0.988619 48 62 73
3.3075 2.9775 0.442057 0.116309 -0.12061 0.985863 48 62 73
3.3075 2.98318 0.4425 0.123411 -0.0686388 0.989979 48 62 73
3.3075 2.9925 0.443123 0.0742321 -0.00989987 0.997192 48 61 74
3.3075 3.0026 0.4425 0.135639 0.0621404 0.988808 47 62 72
3.30514 3.0075 0.4425 0.140546 -0.109158 0.984038 46 62 71
3.3075 3.0075 0.442219 0.0695628 -0.000322425 0.997578 46 62 71
3.3075 3.00947 0.4425 0.0462136 -0.154933 0.986843 46 62 71
3.3075 3.0225 0.444707 0.096818 -0.110653 0.989132 49 62 69
3.3075 3.0375 0.446219 0.122493 -0.194386 0.973247 49 60 68
3.29381 3.0525 0.4575 0.445356 0 0.895354 49 59 60
3.3075 3.0525 0.451073 0.0357208 -0.315228 0.948343 44 55 58
3.29447 3.0675 0.4425 -0.809828 0.358146 0.464661 52 55 49
3.3075 3.05831 0.4575 -0.0570456 -0.946647 0.317184 47 56 57
3.30149 3.0675 0.4575 -0.924974 -0.086515 0.370053 55 59 55
3.3075 3.06548 0.4725 -0.155586 -0.949568 0.272237 54 60 59
3.30561 3.0675 0.4725 -0.901597 -0.349154 0.255373 56 61 58
3.3075 3.0675 0.482461 -0.831436 0.391213 0.394546 56 62 59
3.3075 3.08062 0.4125 -0.371411 0.906865 0.199121 74 76 70
3.3075 3.07733 0.4275 -0.407485 0.89532 0.179884 61 64 59
3.3075 3.0743 0.4425 -0.417834 0.861198 0.289401 58 62 58
3.3075 3.07226 0.4575 -0.11088 0.978 0.176694 57 61 57
3.3075 3.06928 0.4725 -0.53923 0.821485 -0.185455 55 61 58
3.3225 2.8875 0.436167 0.0629583 0.013124 0.99793 36 101 195
3.3225 2.9025 0.435558 0.0474246 0.0266081 0.99852 37 100 196
3.3225 2.9175 0.434937 0.0561716 0.0439611 0.997453 36 101 192
3.3225 2.9325 0.434824 0.067338 0.0232387 0.99746 36 100 193
3.3225 2.9475 0.434062 0.0641406 -0.0137407 0.997846 36 102 194
3.3225 2.95509 0.2625 -0.57735 -0.57735 -0.57735 19 20 9
3.31509 2.9625 0.2625 -0.707107 0 -0.707107 45 43 27
3.3225 2.9625 0.255092 -0.707107 0 -0.707107 30 29 16
3.3225 2.9625 0.435076 0.163994 -0.240466 0.956704 52 98 166
3.3225 2.96991 0.2625 -0.57735 0.57735 -0.57735 56 53 38
3.3225 2.9775 0.441364 0.139383 -0.200618 0.969704 44 59 71
3.31241 2.9925 0.4425 0.119028 0.0114809 0.992825 49 60 73
3.3225 2.9925 0.441316 0.0451952 -0.0222888 0.998729 49 59 72
3.3225 3.0075 0.441713 0.0121204 -0.0456589 0.998884 48 60 72
3.3225 3.01242 0.4425 0.0785213 -0.147207 0.985984 48 61 71
3.3225 3.0225 0.443913 0.0667886 -0.0848348 0.994154 47 63 69
3.3225 3.0375 0.444157 0.0981365 -0.12986 0.986664 49 60 66
3.3225 3.0525 0.448012 0.150357 -0.401268 0.903536 47 57 62
3.32153 3.0675 0.4575 0.5837 -0.789115 -0.19129 46 53 55
3.3225 3.0675 0.456922 -0.168091 -0.223604 0.960076 45 53 55
3.3225 3.06412 0.4725 0.230558 -0.968389 0.0952149 53 60 62
3.3225 3.0675 0.458563 -0.666095 -0.0408206 -0.744749 46 53 55
3.31182 3.0825 0.4275 -0.761724 0.642594 0.0827636 63 66 61
3.31382 3.0825 0.4425 -0.883318 0.417181 0.213799 61 64 59
3.3225 3.06793 0.4575 0.0134242 -0.954419 0.298169 45 53 55
3.31464 3.0825 0.4575 -0.993822 0.0988888 0.0503917 59 62 55
3.31551 3.0825 0.4725 -0.923491 0.381371 -0.0414919 55 57 51
3.3225 3.09392 0.4275 -0.730187 0.682607 0.0295679 60 63 57
3.3225 3.09327 0.4425 -0.765219 0.64209 0.0464848 61 63 55
3.3225 3.09282 0.4575 -0.795593 0.605299 0.0253991 54 56 48
3.3225 3.09219 0.4725 -0.81359 0.58038 0.0350672 55 55 48
3.3375 2.8875 0.434217 0.0845225 0.0122908 0.996346 37 99 192
3.3375 2.9025 0.434516 0.0894796 0.0101644 0.995937 38 99 195
3.3375 2.9175 0.4345 0.0680609 0.0476029 0.996545 37 100 191
3.3375 2.9325 0.432772 0.0723557 0.039464 0.996598 36 100 189
3.3375 2.9475 0.433053 0.1071 0.00507523 0.994235 34 99 189
3.3375 2.9625 0.433618 0.164778 -0.139905 0.976358 44 97 175
3.3375 2.9775 0.437777 0.221479 -0.26999 0.937045 45 68 97
3.3375 2.9925 0.44086 0.128803 -0.119968 0.984387 47 58 67
3.3375 3.0075 0.442075 0.0419162 -0.0386389 0.998374 48 58 71
3.33433 3.0225 0.4425 0.123882 -0.10917 0.986273 47 61 69
3.3375 3.0225 0.442022 0.0586322 -0.0155402 0.998159 46 60 69
3.3375 3.02763 0.4425 0.182085 -0.0844158 0.979652 47 61 68
3.3375 3.0375 0.443385 0.1031 -0.10279 0.989345 48 61 66
3.3375 3.0525 0.445522 0.194303 -0.31219 0.929938 49 60 63
3.3375 3.0675 0.455109 0.233421 -0.556043 0.797704 45 51 54
3.32804 3.0675 0.4725 0.551421 -0.832384 0.0554154 56 62 64
3.3375 3.06878 0.4575 0.297485 -0.895559 0.330873 46 52 54
3.3375 3.07371 0.4725 0.272115 -0.947589 0.16742 54 57 58
3.32568 3.0975 0.4425 -0.789441 0.613826 0.00120257 62 63 54
3.32583 3.0975 0.4575 -0.797662 0.603049 0.008198 55 56 46
3.32596 3.0975 0.4725 -0.738915 0.655638 0.155381 55 54 47
3.3375 3.11218 0.4425 -0.778839 0.627097 -0.0126098 61 61 50
3.3375 3.11249 0.4575 -0.785591 0.618746 9.10743e-05 55 52 43
3.3375 3.11237 0.4725 -0.690264 0.672178 0.267792 65 62 55
3.3525 2.8875 0.433391 0.0880489 0.00353079 0.99611 36 98 188
3.3525 2.9025 0.433451 0.0765052 0.0126406 0.996989 38 99 190
3.3525 2.9175 0.432577 0.0788498 0.0301434 0.996431 38 96 192
3.3525 2.9325 0.432387 0.0730593 0.052033 0.995969 37 99 186
3.3525 2.9475 0.43183 0.082225 0.0426028 0.995703 36 100 185
3.3525 2.9625 0.430439 0.12075 -0.0440589 0.991705 37 98 181
3.3525 2.9775 0.432872 0.20246 -0.250279 0.946768 53 89 144
3.3525 2.9925 0.438032 0.174142 -0.238894 0.955303 46 58 69
3.3525 3.0075 0.440454 0.102627 -0.0801161 0.991488 47 59 66
3.3525 3.0225 0.441217 0.0850472 -0.00249768 0.996374 47 59 68
3.34164 3.0375 0.4425 0.190671 -0.148054 0.970425 48 60 66
3.3525 3.0375 0.440486 0.0987702 -0.0496899 0.993869 48 59 66
3.3525 3.0483 0.4425 0.0845241 -0.193561 0.97744 48 58 63
3.3525 3.0525 0.443396 0.115436 -0.180075 0.976856 47 57 61
3.3525 3.0675 0.446308 0.297794 -0.425986 0.854315 53 57 58
3.3525 3.07716 0.4575 0.558719 -0.657427 0.505592 52 53 52
3.3525 3.0776 0.4725 0.46578 -0.879824 0.0946545 63 64 61
3.33752 3.1125 0.4575 -0.335946 0.940935 0.0422185 55 52 43
3.33771 3.1125 0.4725 -0.314029 0.905713 0.284729 65 62 54
3.3525 3.1125 0.481366 0.437728 0.726877 0.529192 49 48 45
3.3525 3.11843 0.4575 -0.366683 0.926941 0.0795233 56 52 45
3.3525 3.11714 0.4725 -0.244473 0.954608 0.170167 65 60 52
3.3675 2.8875 0.432144 0.070792 0.00437582 0.997482 38 98 186
3.3675 2.9025 0.43178 0.0749048 0.00886351 0.997151 37 97 186
3.3675 2.9175 0.431969 0.075771 0.0289746 0.996704 39 96 188
3.3675 2.9325 0.431391 0.0694614 0.0523603 0.99621 39 97 186
3.3675 2.9475 0.429912 0.0744974 0.0504525 0.995944 36 98 180
3.3675 2.9625 0.429674 0.0685918 -0.0110925 0.997583 37 98 179
3.3675 2.9775 0.431024 0.150246 -0.157294 0.976056 49 91 153
3.3675 2.9925 0.435472 0.189624 -0.280908 0.940815 43 61 80
3.3675 3.0075 0.43973 0.139387 -0.134241 0.981097 43 56 63
3.3675 3.0225 0.439418 0.0605 -0.0420774 0.997281 46 57 66
3.3675 3.0375 0.439632 0.0302671 -0.0640105 0.99749 45 57 66
3.3675 3.05138 0.4425 0.104599 -0.199613 0.974276 50 59 63
3.3675 3.0525 0.442708 0.0760433 -0.161897 0.983873 50 59 62
3.3675 3.05503 0.4425 0.290496 0.0774648 0.953736 50 58 61
3.36427 3.0675 0.4425 0.300323 7.00935e-18 0.953838 51 55 54
3.3675 3.0675 0.441585 0.134778 -0.0167961 0.990734 51 55 53
3.3675 3.0704 0.4425 0.425477 -0.390283 0.816485 54 56 55
3.35616 3.0825 0.4575 0.703231 -0.702784 0.107515 52 52 51
3.3675 3.0825 0.445286 0.473018 -0.425025 0.771756 66 66 64
3.35772 3.0825 0.4725 0.799007 -0.575194 0.175326 71 70 66
3.3675 3.09002 0.4575 0.517834 -0.751295 0.409151 65 62 60
3.3675 3.09339 0.4725 0.675078 -0.721892 0.152125 98 91 83
3.3675 3.0975 0.476376 0.78849 0.125393 0.60213 97 91 85
3.3675 3.10126 0.4725 0.590752 0.579504 0.561414 78 74 70
3.35714 3.1125 0.4725 0.685611 0.601895 0.409463 47 47 45
3.3825 2.8875 0.00282536 0.042166 -0.00215999 0.999108 48 28 18
3.3825 2.9025 0.00306595 0.0195712 0.0306597 0.999338 48 28 18
3.3825 2.9175 0.00186878 -0.0435109 0.091313 0.994871 46 27 17
3.3825 2.9325 0.000223522 -0.0263433 0.0928947 0.995327 46 29 18
3.3825 2.9475 -0.000922372 -0.0315602 0.0797093 0.996318 45 27 18
3.3825 2.9625 -0.00189528 0.00831871 0.00609134 0.999947 44 28 17
3.3825 2.9775 -0.000977539 0.0208333 0.0256958 0.999453 42 27 15
3.3825 2.9925 -0.00250057 0.00150932 0.0731981 0.997316 40 27 15
3.3825 3.0075 -0.00366669 0.0363004 0.042283 0.998446 39 25 13
3.3825 3.0225 -0.00398073 0.0295215 0.0142257 0.999463 40 25 13
3.3825 3.0375 -0.00381958 -0.0512082 -0.0565519 0.997086 38 23 13
3.3825 3.0525 -0.00280664 -0.100774 -0.244723 0.964342 34 19 9
3.3825 3.0675 0.00535395 -0.127474 -0.511371 0.849853 44 30 16
3.3825 3.06945 0.0075 -0.205925 -0.576312 0.79086 57 42 27
3.3825 3.11544 0.0075 0.0794605 0.293196 0.952744 70 54 41
3.3975 2.8875 0.00312028 -0.0479415 0.0776102 0.99583 44 27 18
3.3975 2.9025 0.00183438 0.0217445 -0.00180442 0.999762 43 25 16
3.3975 2.9175 0.00321647 -0.00587518 0.0289438 0.999564 43 25 16
3.3975 2.9325 0.00110555 -0.0537263 0.119696 0.991356 43 27 17
3.3975 2.9475 -2.136e-05 -0.0117774 0.0859974 0.996226 43 27 17
3.3975 2.9625 -0.00142835 0.00321313 0.0571082 0.998363 43 27 17
3.3975 2.9775 -0.00181289 0.0357253 0.0276896 0.998978 39 25 14
3.3975 2.9925 -0.00286901 0.0302606 0.0505797 0.998261 38 25 14
3.3975 3.0075 -0.00311351 -0.0064894 0.0487462 0.99879 39 26 17
3.3975 3.0225 -0.00448777 -0.0337858 -0.0120544 0.999356 36 24 15
3.3975 3.0375 -0.00340034 -0.0615292 -0.134192 0.989043 36 24 15
3.3975 3.0525 -0.000106088 -0.150604 -0.364911 0.918781 31 18 8
3.3975 3.06257 0.0075 -0.183728 -0.626858 0.757161 59 46 33
3.38721 3.0675 0.0075 -0.300231 -0.612295 0.731407 55 41 26
3.3975 3.09742 0.0075 0.0747696 0.501952 0.861658 101 85 69
3.39726 3.0975 0.0075 0.175178 0.113067 0.978023 101 86 70
3.3975 3.0975 0.00747131 0.0331099 0.157729 0.986927 100 85 69
3.38717 3.1125 0.0075 0.187622 0.223047 0.956581 68 52 38
3.3975 3.1125 0.00553454 0.104207 0.21351 0.971367 68 51 37
3.4125 2.8875 0.00422325 -0.0863958 0.108037 0.990386 41 25 17
3.4125 2.9025 0.0024555 -0.0535474 0.089162 0.994577 44 27 16
3.4125 2.9175 0.00218497 0.0553093 0.00206314 0.998467 43 27 14
3.4125 2.9325 0.00223372 0.0197484 0.0815861 0.996471 43 27 15
3.4125 2.9475 -0.000511925 -0.0214063 0.134743 0.990649 43 28 15
3.4125 2.9625 -0.0020673 0.0202644 0.0691329 0.997402 43 28 15
3.4125 2.9775 -0.00265951 0.0139783 0.0237768 0.99962 40 26 13
3.4125 2.9925 -0.00319056 -0.0184761 0.037612 0.999122 38 24 12
3.4125 3.0075 -0.00362638 -0.0140818 0.0188491 0.999723 38 26 16
3.4125 3.0225 -0.0036152 -0.0410972 -0.0626948 0.997186 35 24 15
3.4125 3.0375 -0.00164191 -0.125322 -0.188593 0.974026 31 19 10
3.4125 3.0525 0.0016446 -0.163046 -0.395862 0.90372 40 29 18
3.4125 3.05828 0.0075 -0.104119 -0.594768 0.797126 66 54 42
3.4125 3.09719 0.0075 0.0870579 0.431074 0.898107 64 48 33
3.4125 3.0975 0.00740741 0.0578731 0.202876 0.977493 62 46 31
3.4125 3.1125 0.00460155 0.0657375 0.201953 0.977187 56 39 23
3.4275 2.8875 0.00519988 -0.104432 0.193111 0.975604 44 27 17
3.4275 2.9025 0.00410073 -0.033779 0.110182 0.993337 45 27 13
3.4275 2.9175 0.00139486 -0.0283445 0.105469 0.994019 43 26 10
3.4275 2.9325 0.000270358 0.0334026 0.0177446 0.999284 47 30 13
3.4275 2.9475 0.000406315 -0.0356869 0.0967247 0.994671 44 29 11
3.4275 2.9625 -0.00210607 -0.0749621 0.0894925 0.993163 46 30 12
3.4275 2.9775 -0.00264207 -0.0448797 0.0250111 0.998679 41 26 9
3.4275 2.9925 -0.00215176 -0.0289488 0.0017832 0.999579 45 31 15
3.4275 3.0075 -0.00254995 -0.0819232 0.00570793 0.996622 42 28 14
3.4275 3.0225 -0.00315306 -0.136637 -0.100908 0.985468 38 25 10
3.4275 3.0375 -8.92873e-05 -0.155131 -0.251435 0.955361 32 20 9
3.4275 3.0525 0.00572965 -0.213868 -0.386545 0.897131 74 63 52
3.4275 3.0553 0.0075 -0.200693 -0.433388 0.878577 91 80 68
3.4275 3.09273 0.0075 0.168777 0.295741 0.94024 87 72 57
3.4275 3.0975 0.00655146 0.154581 0.206096 0.966245 54 39 24
3.4275 3.1125 0.00283887 0.112552 0.205373 0.97219 59 42 23
3.43522 2.8875 0.0075 -0.352556 0.675163 0.647966 58 40 26
3.4425 2.89167 0.0075 -0.228418 0.380166 0.89627 77 58 40
3.4425 2.9025 0.00299828 -0.0850636 0.179384 0.980095 80 60 41
3.4425 2.9175 0.00239316 -0.0462909 0.0960971 0.994295 87 69 47
3.4425 2.9325 0.000775105 -0.0430081 0.0547283 0.997575 81 63 42
3.4425 2.9475 0.00110528 -0.031371 0.00865163 0.99947 72 54 31
3.4425 2.9625 -0.000148085 -0.0996295 0.0799816 0.991805 72 55 32
3.4425 2.9775 -0.000605706 -0.110801 0.0533573 0.992409 76 59 36
3.4425 2.9925 -0.00217609 -0.130525 -0.0121771 0.99137 77 61 38
3.4425 3.0075 -0.00198984 -0.209171 -0.0834982 0.974308 74 59 37
3.4425 3.0225 -6.68681e-05 -0.272576 -0.149649 0.950425 70 54 33
3.4425 3.0375 0.00421626 -0.329054 -0.304063 0.894018 88 75 57
3.4425 3.04321 0.0075 -0.417171 -0.380664 0.825266 94 82 64
3.43173 3.0525 0.0075 -0.345053 -0.424588 0.837057 81 70 58
3.4425 3.07875 0.0075 0.192462 0.350033 0.916752 101 88 74
3.43736 3.0825 0.0075 0.233558 0.243403 0.941385 117 104 89
3.4425 3.0825 0.00633601 0.151111 0.221561 0.963367 91 77 63
3.4425 3.0975 0.00317563 0.155745 0.179742 0.971307 107 92 75
3.4425 3.1125 0.000845022 0.139544 0.177407 0.974194 73 57 38
3.4575 2.90032 0.0075 -0.451233 0.586391 0.672707 118 99 73
3.4575 2.9025 0.00552974 -0.167965 0.228041 0.959054 119 99 73
3.4575 2.9175 0.00346783 -0.0951233 0.0958033 0.990845 110 90 63
3.4575 2.9325 0.00192169 -0.0827153 0.105353 0.990989 110 89 64
3.4575 2.9475 0.000684441 -0.0341744 -0.0174362 0.999264 105 85 59
3.4575 2.9625 0.0016158 -0.0860426 0.0365555 0.995621 103 85 58
3.4575 2.9775 0.000292332 -0.129829 0.00446063 0.991526 101 83 57
3.4575 2.9925 4.54518e-05 -0.200898 -0.0613041 0.977692 99 82 56
3.4575 3.0075 0.00342888 -0.30638 -0.191767 0.932393 96 78 53
3.4575 3.0225 0.00732164 -0.419284 -0.222752 0.880104 97 80 57
3.4575 3.02286 0.0075 -0.44629 -0.329297 0.832099 97 80 58
3.44697 3.0375 0.0075 -0.483848 -0.356269 0.799352 104 91 71
3.4575 3.07303 0.0075 0.135523 0.345625 0.928535 86 75 59
3.4575 3.0825 0.0043162 0.112155 0.23304 0.965978 76 62 48
3.4575 3.0975 0.00160628 0.100473 0.179487 0.978616 98 83 65
3.4575 3.1125 -0.00129059 0.112738 0.177788 0.97759 90 74 53
3.46388 2.9025 0.0075 -0.409231 0.770878 0.488136 117 99 72
3.4725 2.91025 0.0075 -0.507232 0.568623 0.647599 111 94 65
3.4725 2.9175 0.00456585 -0.187018 0.171254 0.967314 115 96 66
3.4725 2.9325 0.00368508 -0.127837 0.10875 0.985815 114 94 68
3.4725 2.9475 0.0013019 -0.0980763 0.0295788 0.994739 109 89 63
3.4725 2.9625 0.00315393 -0.0794616 -0.0321151 0.99632 104 86 61
3.4725 2.9775 0.00188705 -0.129563 -0.0334253 0.991008 99 82 57
3.4725 2.9925 0.00508048 -0.24825 -0.191115 0.949656 99 83 59
3.4725 3.00062 0.0075 -0.317932 -0.320266 0.892384 97 81 58
3.46754 3.0075 0.0075 -0.376361 -0.258587 0.889654 96 79 55
3.4578 3.0225 0.0075 -0.415111 -0.276632 0.866693 97 81 58
3.4725 3.06651 0.0075 0.14706 0.372341 0.916371 58 52 39
3.47033 3.0675 0.0075 0.152182 0.34475 0.926277 61 54 40
3.4725 3.0675 0.00710083 0.12256 0.279734 0.952223 57 51 37
3.4725 3.0825 0.00292811 0.110487 0.227045 0.967596 90 78 59
3.4725 3.0975 -8.95557e-06 0.139941 0.179883 0.973683 84 69 50
3.4725 3.1125 -0.00214175 0.0922986 0.141063 0.985689 102 87 64
3.47881 2.9175 0.0075 -0.472044 0.503386 0.723724 112 94 67
3.4875 2.92835 0.0075 -0.553755 0.435041 0.709996 95 80 62
3.4875 2.9325 0.00585749 -0.229794 0.127157 0.964897 93 77 60
3.4875 2.9475 0.00400319 -0.251298 0.072242 0.96521 83 67 47
3.4875 2.9625 0.00362658 -0.224743 -0.0462127 0.973322 66 52 36
3.4875 2.9775 0.00442598 -0.147477 -0.0850315 0.985404 62 49 32
3.4875 2.98863 0.0075 0.154256 -0.280374 0.947415 46 34 17
3.48268 2.9925 0.0075 -0.253142 -0.310127 0.916374 61 48 28
3.4875 3.06148 0.0075 0.185988 0.368188 0.910959 64 56 45
3.4875 3.0675 0.00477309 0.232634 0.280754 0.93116 70 62 50
3.4875 3.0825 0.00114616 0.185776 0.204989 0.960972 80 70 52
3.4875 3.0975 -0.00223293 0.10478 0.191755 0.975834 94 81 59
3.4875 3.1125 -0.00601034 0.0979725 0.0505163 0.993906 94 78 53
3.49253 2.9325 0.0075 -0.390945 0.452963 0.801241 70 57 44
3.49706 2.9475 0.0075 -0.388921 0.0460937 0.920117 46 35 25
3.49422 2.9625 0.0075 -0.606404 -0.153925 0.780116 44 33 22
3.49172 2.9775 0.0075 -0.687379 0.246192 0.6833 48 36 22
3.5025 2.98698 0.0075 0.00363578 0.775491 0.631348 65 55 43
3.49034 2.9925 0.0075 0.509483 -0.258613 0.820698 51 40 23
3.5025 2.9925 0.00427285 0.0857952 0.0960954 0.991668 75 65 51
3.49774 3.0075 0.0075 0.704076 -0.111963 0.701243 109 98 84
3.5025 3.0075 0.00536172 0.302651 -0.00637718 0.95308 113 103 90
3.49791 3.0225 0.0075 0.705896 -0.290248 0.646117 103 93 82
3.5025 3.0225 0.00332643 0.148726 -0.205496 0.967291 98 88 77
3.5025 3.02583 0.0075 9.26264e-18 -0.631725 0.775193 96 87 77
3.5025 3.04921 0.0075 0.106212 0.564726 0.818415 51 40 30
3.49678 3.0525 0.0075 0.341576 0.39567 0.852509 55 45 35
3.5025 3.0525 0.00505318 -0.0533802 0.257484 0.964807 50 39 30
3.5025 3.0675 0.00132921 -0.0974275 0.331201 0.938517 91 79 67
3.5025 3.0825 -0.00347813 0.116238 0.198137 0.973258 98 86 68
3.5025 3.0975 -0.00449161 0.212752 0.175725 0.961175 99 84 62
3.5025 3.1125 -0.00492686 0.120118 0.0195162 0.992568 97 81 58
3.5175 2.97377 0.0075 0.45608 0.200175 0.867134 50 41 31
3.51164 2.9775 0.0075 0.55123 0.621448 0.55673 46 37 26
3.5175 2.9775 0.00497241 0.196632 0.113555 0.973879 52 43 33
3.5175 2.9925 0.00600626 0.0195054 0.134154 0.990768 107 99 87
3.5175 3.0075 0.00091028 -0.0882702 -0.0447209 0.995092 106 99 89
3.5175 3.0222 0.0075 -0.882679 -0.464062 -0.0743277 114 107 99
3.51682 3.0225 0.0075 -0.662607 -0.550219 0.508145 113 107 99
3.51305 3.0525 0.0075 -0.238829 0.35918 0.902192 53 42 30
3.51695 3.0675 0.0075 -0.326135 0.149834 0.933373 78 65 47
3.5175 3.06817 0.0075 -0.297856 0.504754 0.81025 77 64 46
3.5175 3.0825 -0.00161059 -0.181722 0.384612 0.905014 104 88 68
3.5175 3.0889 -0.0075 0.113374 0.546759 0.829579 103 88 69
3.50816 3.0975 -0.0075 0.364452 0.0642994 0.929 96 81 60
3.5175 3.0975 -0.0111628 -0.0704796 0.0606283 0.995669 94 80 60
3.51028 3.1125 -0.0075 0.294626 -0.130845 0.946612 98 82 59
3.5175 3.1125 -0.00957364 0.133606 -0.114931 0.984348 98 82 61
3.5175 3.12204 -0.0075 -0.24369 -0.200919 0.948813 97 81 60
3.5325 2.96438 0.0075 -0.0101392 0.516114 0.85646 49 40 33
3.5325 2.9775 0.000365528 -0.184442 0.10349 0.97738 87 78 68
3.5325 2.9925 0.00368224 -0.0832208 -0.141954 0.986369 103 98 86
3.5325 2.99647 0.0075 -0.691361 -0.698389 -0.185127 90 86 74
3.52438 3.0075 0.0075 -0.848778 -0.521104 0.089592 91 86 77
3.5325 3.0641 0.0075 0.207186 0.394058 0.895428 87 71 52
3.51929 3.0675 0.0075 0.14266 0.524694 0.839252 78 65 47
3.5325 3.0675 0.0053282 0.0708154 0.28269 0.956594 89 73 54
3.5325 3.0825 0.00263263 -0.0661313 0.208117 0.975866 92 74 53
3.52451 3.0975 -0.0075 -0.587919 0.217239 0.779204 93 75 54
3.5325 3.0975 -0.000753075 -0.237423 0.131776 0.962427 95 74 52
3.52107 3.1125 -0.0075 -0.503313 -0.0832348 0.860086 99 82 60
3.5325 3.1125 -0.00179312 -0.198262 0.0457373 0.979081 97 77 56
3.53962 2.9775 0.0075 -0.738358 0.160199 0.655106 107 98 87
3.53636 2.9925 0.0075 -0.561874 -0.422103 0.711426 125 120 107
3.5475 3.05168 0.0075 0.181574 0.176484 0.967411 92 78 57
3.54712 3.0525 0.0075 0.304496 0.373711 0.876141 93 79 58
3.5475 3.0525 0.00738478 0.170245 0.29511 0.940174 94 79 58
3.5475 3.0675 0.0029716 0.151232 0.144039 0.977948 88 72 49
3.5475 3.0825 0.00164684 0.0405682 0.140992 0.989179 93 76 53
3.5475 3.0975 -0.00218542 -0.0255154 0.109936 0.993611 93 76 55
3.5475 3.1125 -0.000809429 -0.234778 0.0624284 0.970042 88 71 52
3.5625 3.0461 0.0075 -0.17848 0.508562 0.842324 91 75 52
3.5625 3.0525 0.00449061 -0.0980239 0.268277 0.958342 101 84 59
3.5625 3.0675 9.19047e-05 -0.107158 0.124782 0.986381 104 87 62
3.5625 3.0825 0.000521283 -0.157245 -0.000381437 0.98756 95 78 53
3.5625 3.0975 0.000702799 -0.297119 -0.151443 0.942754 87 74 56
3.5625 3.10635 0.0075 -0.556259 -0.666561 0.496259 59 52 37
3.55932 3.1125 0.0075 -0.68187 -0.252158 0.686636 50 43 28
3.5625 3.11601 0.0075 -0.499102 0.528791 0.686496 38 32 18
3.5775 3.05222 0.0075 -0.339474 0.657883 0.67227 113 95 67
3.5775 3.0525 0.00731535 -0.219437 0.0860876 0.971821 113 95 67
3.5775 3.0675 0.00605655 -0.256429 0.0806971 0.963188 108 89 60
3.5775 3.0825 0.00702291 -0.243066 -0.0340917 0.96941 99 84 58
3.5775 3.0975 0.00716065 -0.295575 -0.136339 0.945541 36 33 21
3.5775 3.09838 0.0075 -0.485004 -0.874066 0.0279299 34 31 19
3.57879 3.0525 0.0075 -0.471359 0.352103 0.808606 114 96 68
3.58088 3.0675 0.0075 -0.474429 0.181893 0.861297 108 89 61
3.5925 3.08108 0.0075 -0.43474 0.371017 0.820578 99 84 61
3.5925 3.0825 0.00694156 -0.0431503 -0.0434794 0.998122 98 84 61
3.5925 3.08318 0.0075 -0.527575 -0.539474 0.656226 94 80 58
3.57786 3.0975 0.0075 -0.544654 -0.547892 0.634954 35 32 20
3.6075 3.03458 0.0075 -0.283278 0.810752 0.512283 84 63 46
3.60175 3.0375 0.0075 0.815796 -0.356694 0.455243 97 74 54
3.6075 3.0375 0.00533854 0.0977985 -0.164819 0.981463 86 64 47
3.6075 3.04186 0.0075 0.527214 -0.261099 0.808624 99 78 59
3.59304 3.0825 0.0075 -0.690465 0.265538 0.672865 98 84 61
3.3825 3.11038 0.5175 -0.00136502 -0.999999 -0.000201293 55 57 55
3.37579 3.1125 0.5175 -0.999907 0.0134715 -0.00192168 44 49 49
3.3825 3.1125 0.508497 0 0 -1 54 56 54
3.3825 3.11248 0.5325 0.68527 -0.721244 0.101054 62 60 61
3.38241 3.1125 0.5325 -0.303691 -0.943222 0.134548 62 60 61
3.3825 3.1125 0.532529 2.39826e-17 0 1 62 60 61
3.37122 3.1125 0.5775 0.68174 -0.727404 -0.0781895 58 61 62
3.37333 3.1125 0.5925 0.774015 -0.62815 -0.0795478 76 82 86
3.38136 3.1125 0.6075 0.864384 -0.471533 0.174632 61 67 71
3.3825 3.11462 0.5175 0.00137199 0.999999 -0.000615159 46 50 51
3.3825 3.11252 0.5325 -0.294382 0.946529 0.131992 62 60 61
3.3825 3.12272 0.5625 0.464482 -0.789904 -0.400385 46 49 48
3.3825 3.1275 0.557719 0.45463 -0.629806 -0.629806 26 30 32
3.3825 3.12121 0.5775 0.568541 -0.818995 -0.0775135 64 67 71
3.3825 3.12343 0.5925 0.558643 -0.824307 0.0918487 50 58 61
3.37819 3.1275 0.6075 0.995464 -0.0200264 0.0930113 42 51 54
3.3825 3.1275 0.603765 0.686794 -0.0480384 0.725263 38 47 50
3.3825 3.12451 0.6225 0.669988 -0.720706 0.178041 45 52 53
3.3825 3.1275 0.620498 0.796821 0.544292 -0.262339 43 50 50
3.3825 3.1275 0.622821 0.0576115 -0.119778 0.991128 43 50 50
3.38462 3.1125 0.5175 0.999996 -0.00285144 -0.00040675 57 59 57
3.38252 3.1125 0.5325 0.709965 0.697179 0.0994506 62 60 61
3.38728 3.1275 0.5625 0.601456 -0.773873 -0.198424 46 49 48
3.39241 3.1275 0.5775 0.760862 -0.617224 0.20031 73 77 80
3.396 3.1275 0.5925 0.918985 -0.0757145 0.386955 59 66 71
3.38319 3.1275 0.6225 1 -9.31174e-18 0 43 50 50
3.5475 3.09041 0.4875 -0.898063 -0.430919 0.0882708 29 37 33
3.54401 3.0975 0.4875 -0.987197 -0.129274 0.0934356 30 37 32
3.5475 3.0905 0.5025 -0.890695 -0.454585 0.00376042 31 39 34
3.5448 3.0975 0.5025 -0.977114 -0.208692 -0.0411727 32 38 35
3.5475 3.09052 0.5175 -0.87 -0.486718 0.0787825 32 41 36
3.54349 3.0975 0.5175 -0.978372 -0.194898 0.0693099 35 40 36
3.5475 3.09608 0.5325 -0.915997 -0.379935 0.128836 37 43 39
3.54696 3.0975 0.5325 -0.976501 -0.161295 0.142935 37 43 39
3.5475 3.0975 0.536466 -0.977794 -0.188276 0.0920361 37 43 39
3.54415 3.1125 0.4875 -0.982255 0.183918 -0.0367335 36 36 29
3.54212 3.1125 0.5025 -0.983641 0.175667 -0.0398977 38 38 32
3.54362 3.1125 0.5175 -0.978879 0.158157 0.129546 39 39 33
3.54484 3.1125 0.5325 -0.993788 0.0698897 0.0866117 41 40 34
3.5475 3.10223 0.5475 -0.979276 -0.173619 0.104286 39 43 36
3.54619 3.1125 0.5475 -0.993881 -0.0668249 0.0879504 43 42 33
3.5475 3.1125 0.561661 -0.790479 0.608343 0.0711405 44 42 32
3.5475 3.11469 0.4875 -0.670376 0.742011 0.00397355 36 36 30
3.5475 3.1148 0.5025 -0.636271 0.771341 -0.0138887 38 39 33
3.5475 3.11565 0.5175 -0.632019 0.77403 0.0378076 40 40 34
3.5475 3.11423 0.5325 -0.601065 0.795079 0.0810552 42 41 34
3.5475 3.1131 0.5475 -0.545395 0.834064 0.0829507 43 42 33
3.5625 3.06655 0.4875 -0.880471 -0.473006 0.0321904 30 37 36
3.56137 3.0675 0.4875 -0.817131 -0.576241 0.0156077 30 37 35
3.5625 3.0675 0.497327 -0.781753 -0.617297 0.0883525 32 38 36
3.5625 3.06692 0.5175 -0.920944 -0.375933 0.102644 33 41 38
3.5621 3.0675 0.5175 -0.831838 -0.554672 0.0196015 33 41 37
3.5625 3.0675 0.51107 -0.92065 -0.387593 -0.046633 33 40 37
3.5625 3.0675 0.519726 -0.781481 -0.606224 0.147581 34 41 38
3.55144 3.0825 0.4875 -0.818852 -0.568579 0.0787358 29 38 34
3.5625 3.06825 0.5025 -0.794151 -0.607512 -0.0158839 32 39 37
3.55155 3.0825 0.5025 -0.840289 -0.541234 0.0313194 30 39 34
3.55295 3.0825 0.5175 -0.851095 -0.523477 0.0401084 31 41 36
3.5625 3.07062 0.5325 -0.821343 -0.563207 0.090515 35 43 40
3.5532 3.0825 0.5325 -0.856644 -0.502585 0.11649 35 43 38
3.5625 3.07061 0.5475 -0.878983 -0.467812 0.0924164 38 46 42
3.55632 3.0825 0.5475 -0.867693 -0.484589 0.110824 36 45 40
3.5625 3.07586 0.5625 -0.877766 -0.466258 0.11014 39 47 44
3.55789 3.0825 0.5625 -0.87538 -0.469158 0.116623 39 47 44
3.5625 3.07899 0.5775 -0.905295 -0.408628 0.116033 42 50 47
3.56011 3.0825 0.5775 -0.895133 -0.404563 0.18726 42 50 47
3.5625 3.0825 0.588461 -0.908949 -0.367502 0.196861 44 52 47
3.54881 3.0975 0.5475 -0.919354 -0.372722 0.125963 38 43 38
3.55054 3.0975 0.5625 -0.931009 -0.323434 0.169151 41 45 39
3.55451 3.0975 0.5775 -0.942262 -0.201185 0.267705 43 47 42
3.5625 3.08503 0.5925 -0.936094 -0.321747 0.142148 45 52 46
3.55825 3.0975 0.5925 -0.961259 -0.176317 0.211879 45 49 42
3.5625 3.09113 0.6075 -0.926015 -0.327647 0.187468 47 53 48
3.5604 3.0975 0.6075 -0.968586 -0.219918 0.116088 48 53 47
3.5625 3.0975 0.616288 -0.930794 -0.296382 0.213961 49 53 47
3.5625 3.0833 0.6825 -0.966144 -0.244595 0.0820877 50 59 53
3.55879 3.0975 0.6825 -0.984314 -0.173691 -0.0309366 50 57 48
3.5625 3.0975 0.678714 -0.706646 -0.394674 -0.587269 52 58 51
3.5625 3.09639 0.6975 -0.956647 -0.229688 0.179083 51 59 51
3.56223 3.0975 0.6975 -0.97936 -0.158412 0.125538 51 58 51
3.5625 3.0975 0.698785 -0.94938 -0.287671 0.126184 50 58 51
3.54766 3.1125 0.5625 -0.928263 0.243409 0.281212 44 42 32
3.55354 3.1125 0.5775 -0.898247 0.335949 0.283356 50 48 38
3.55815 3.1125 0.5925 -0.971795 0.203354 0.119425 48 48 40
3.55688 3.1125 0.6075 -0.976998 0.208081 0.0466519 51 49 41
3.5625 3.10131 0.6225 -0.927358 -0.296926 0.22769 50 53 47
3.55951 3.1125 0.6225 -0.974884 -0.106751 0.19546 52 51 44
3.5625 3.1125 0.635926 -0.974024 0 0.226444 52 53 46
3.5625 3.1052 0.6675 -0.680643 -0.58573 -0.440051 51 54 46
3.55868 3.1125 0.6675 -0.984723 -0.0309351 -0.17136 50 51 42
3.5625 3.1125 0.657317 -0.734915 -0.0685839 -0.674682 52 52 45
3.55938 3.1125 0.6825 -0.994327 0.0920784 0.053256 52 52 42
3.55918 3.1125 0.6975 -0.999703 -0.0081402 0.0229502 51 53 45
3.5625 3.10299 0.7125 -0.947824 -0.31408 0.0546183 50 58 51
3.56007 3.1125 0.7125 -0.999064 -0.0184717 0.0391105 53 57 49
3.5625 3.10396 0.7275 -0.92428 -0.363032 0.117956 53 60 53
3.56015 3.1125 0.7275 -0.996996 -0.00293855 0.0774031 54 58 50
3.56119 3.1275 0.5025 -0.670355 0.74204 0.000757737 39 38 33
3.56139 3.1275 0.5175 -0.645022 0.76146 0.0642269 43 40 34
3.5625 3.12606 0.5325 -0.569209 0.816856 0.093529 44 41 34
3.5625 3.1275 0.525856 0.125925 0.977454 0.169491 44 41 34
3.5625 3.1238 0.5475 -0.610023 0.784222 0.113435 46 43 36
3.5625 3.12092 0.5625 -0.567969 0.806059 0.166372 47 45 37
3.5625 3.11598 0.5775 -0.562731 0.806578 0.181014 48 48 41
3.5625 3.11461 0.5925 -0.626306 0.777617 0.0552435 49 49 42
3.5625 3.11392 0.6075 -0.628961 0.776986 0.0264843 50 49 42
3.5625 3.11336 0.6225 -0.644352 0.761945 0.0651956 51 51 44
3.56066 3.1275 0.6675 -0.973293 0.226792 0.0355875 53 50 38
3.5625 3.1275 0.663141 -0.685247 0.370148 -0.627238 55 52 42
3.5625 3.1248 0.6825 -0.965998 0.244593 0.0837978 56 53 43
3.5625 3.1275 0.678563 -0.691349 0.717264 0.0869984 56 52 42
3.56198 3.1275 0.6975 -0.981246 0.192734 0.00320325 59 55 46
3.5625 3.1275 0.688692 -0.961076 0.265243 -0.0773204 57 54 44
3.56201 3.1275 0.7125 -0.978323 0.196659 0.0648755 59 57 49
3.5625 3.11626 0.7275 -0.874197 0.432313 0.221102 53 56 49
3.5625 3.1275 0.714431 -0.762327 0.577919 0.291321 56 55 47
3.5775 3.03273 0.4875 -0.821883 -0.560689 0.100678 27 49 77
3.57409 3.0375 0.4875 -0.907626 -0.394589 0.143233 29 49 73
3.5775 3.03634 0.5025 -0.849993 -0.524952 0.0440246 30 51 78
3.57684 3.0375 0.5025 -0.874471 -0.484844 0.0150647 30 51 77
3.5775 3.03612 0.5175 -0.830833 -0.55644 -0.00951632 35 54 77
3.57636 3.0375 0.5175 -0.86021 -0.509933 0.00251091 35 53 75
3.5775 3.03535 0.5325 -0.813285 -0.581167 -0.0285085 36 54 76
3.57594 3.0375 0.5325 -0.886118 -0.463183 -0.0159914 36 53 72
3.5775 3.03438 0.5475 -0.798776 -0.601499 -0.0125008 36 54 73
3.57501 3.0375 0.5475 -0.91676 -0.399437 0.00102087 36 51 64
3.5775 3.03409 0.5625 -0.770657 -0.636871 0.0219804 36 54 73
3.57502 3.0375 0.5625 -0.911507 -0.410001 -0.0324503 35 50 63
3.5775 3.03394 0.5775 -0.726458 -0.687183 0.00619362 42 58 75
3.57457 3.0375 0.5775 -0.920361 -0.390971 0.00876912 39 51 60
3.5775 3.03465 0.5925 -0.701601 -0.712484 0.0110515 45 60 71
3.57447 3.0375 0.5925 -0.892617 -0.446325 -0.0634693 43 54 59
3.5775 3.0335 0.6075 -0.649183 -0.757535 0.0685719 47 61 70
3.57322 3.0375 0.6075 -0.88259 -0.469461 0.0253287 46 55 57
3.5775 3.03598 0.6225 -0.620493 -0.782158 0.0567229 48 60 64
3.57599 3.0375 0.6225 -0.882314 -0.465315 0.0707435 48 58 60
3.5775 3.03544 0.6375 -0.571675 -0.816298 0.0827407 51 64 68
3.57529 3.0375 0.6375 -0.883831 -0.466336 0.0370676 51 61 62
3.5775 3.0375 0.649148 -0.828815 -0.536044 0.160382 54 64 62
3.56946 3.0525 0.4875 -0.926617 -0.373919 0.0395795 28 39 48
3.56708 3.0525 0.5025 -0.901877 -0.43052 -0.0356451 29 39 45
3.56821 3.0525 0.5175 -0.92322 -0.381711 0.0442903 30 40 44
3.5689 3.0525 0.5325 -0.940416 -0.337959 0.0374262 34 43 44
3.57017 3.0525 0.5475 -0.94144 -0.337006 -0.0108623 37 46 45
3.56881 3.0525 0.5625 -0.955233 -0.295279 0.0184334 40 48 46
3.57005 3.0525 0.5775 -0.964626 -0.26279 -0.0209233 44 51 48
3.56766 3.0525 0.5925 -0.968704 -0.241197 -0.0586292 47 53 49
3.56756 3.0525 0.6075 -0.983055 -0.169715 0.0692802 51 56 52
3.56875 3.0525 0.6225 -0.976091 -0.21715 0.00962867 55 59 55
3.56861 3.0525 0.6375 -0.981678 -0.18963 0.0186675 57 61 58
3.5775 3.03861 0.6525 -0.835371 -0.533991 0.130414 55 64 62
3.56968 3.0525 0.6525 -0.957951 -0.270042 0.0969873 60 64 60
3.5775 3.04244 0.6675 -0.769087 -0.554871 0.317213 60 69 66
3.57142 3.0525 0.6675 -0.930474 -0.331548 0.155869 62 67 63
3.5775 3.0525 0.678998 -0.744603 -0.525322 0.411829 59 64 58
3.56301 3.0675 0.5025 -0.940389 -0.339807 -0.0141102 32 39 37
3.56489 3.0675 0.5325 -0.934683 -0.350866 0.0570946 35 43 40
3.56402 3.0675 0.5475 -0.93791 -0.346762 0.00896979 39 46 42
3.56645 3.0675 0.5625 -0.962026 -0.256715 0.0927531 41 48 44
3.56689 3.0675 0.5775 -0.968471 -0.247772 0.0259425 43 51 48
3.56767 3.0675 0.5925 -0.993924 -0.0945327 0.0563879 45 53 50
3.56907 3.0675 0.6075 -0.994027 -0.0922238 0.0583595 49 56 52
3.56857 3.0675 0.6225 -0.998213 -0.0596199 0.0040054 53 59 55
3.56814 3.0675 0.6375 -0.999273 -0.0352586 0.0145116 56 61 56
3.56883 3.0675 0.6525 -0.997088 -0.0303218 0.0699755 59 63 59
3.56957 3.0675 0.6675 -0.998892 -0.0462292 -0.00882163 61 64 60
3.5775 3.055 0.6825 -0.746565 -0.622139 0.23576 58 62 56
3.56853 3.0675 0.6825 -0.93346 -0.354634 0.0537234 55 60 56
3.5775 3.06046 0.6975 -0.683108 -0.66861 0.29381 59 63 59
3.57188 3.0675 0.6975 -0.859544 -0.457064 0.228641 57 62 59
3.5775 3.06705 0.7125 -0.619212 -0.726188 0.298711 61 64 59
3.57713 3.0675 0.7125 -0.850684 -0.464463 0.246194 61 64 59
3.5775 3.0675 0.713538 -0.793672 -0.534954 0.289671 61 64 59
3.56334 3.0825 0.5925 -0.952385 -0.285152 0.107944 45 52 47
3.56564 3.0825 0.6075 -0.966675 -0.222006 0.127488 48 54 50
3.56801 3.0825 0.6225 -0.991493 -0.120466 0.0492932 50 57 52
3.56772 3.0825 0.6375 -0.995628 -0.0634386 0.0685607 54 59 54
3.56944 3.0825 0.6525 -0.997781 -0.0156397 0.0647191 56 61 55
3.56938 3.0825 0.6675 -0.990781 -0.0355147 -0.130732 58 64 59
3.56272 3.0825 0.6825 -0.948389 -0.241925 -0.205014 50 59 53
3.56586 3.0825 0.6975 -0.922281 -0.327386 0.205465 52 61 55
3.56885 3.0825 0.7125 -0.901405 -0.374199 0.217818 54 63 57
3.5775 3.0751 0.7275 -0.743166 -0.586973 0.321198 60 65 58
3.57311 3.0825 0.7275 -0.88039 -0.422782 0.214869 58 64 56
3.56422 3.0975 0.6225 -0.959497 -0.236286 0.15341 49 53 48
3.56686 3.0975 0.6375 -0.981281 -0.133871 0.138441 52 57 51
3.56865 3.0975 0.6525 -0.987297 -0.0612189 0.146618 53 58 53
3.57125 3.0975 0.6675 -0.921569 -0.235731 -0.308451 55 62 56
3.56468 3.0975 0.7125 -0.93691 -0.310817 0.159977 49 59 53
3.56581 3.0975 0.7275 -0.883884 -0.447596 0.135673 53 61 55
3.5775 3.1079 0.4875 0.581032 0.782379 -0.224243 39 49 46
3.56997 3.1125 0.4875 0.964103 0.161609 -0.210686 37 46 44
3.5775 3.10825 0.5025 0.62904 0.751786 -0.197803 40 50 48
3.57055 3.1125 0.5025 0.985319 0.155071 -0.0714137 39 48 45
3.5775 3.1125 0.50606 0.580602 0.555811 -0.594958 42 51 49
3.563 3.1125 0.6375 -0.928377 0.311396 0.202849 52 53 46
3.56764 3.1125 0.6525 -0.987189 0.137457 -0.0810214 54 55 49
3.5752 3.1275 0.5025 0.760448 0.6355 0.133635 46 52 47
3.5775 3.12542 0.5175 0.644254 0.671284 -0.366489 48 53 49
3.56926 3.1275 0.5175 0.536184 0.833128 -0.135659 46 47 41
3.56388 3.1275 0.5325 -0.8593 0.454113 -0.235339 45 41 34
3.5775 3.1275 0.519514 0 -0.19283 -0.981232 49 53 48
3.56636 3.1275 0.5475 -0.785743 0.605173 0.12796 46 44 36
3.56968 3.1275 0.5625 -0.731086 0.643125 0.227822 49 46 39
3.57478 3.1275 0.5775 -0.690523 0.715449 0.106349 52 49 44
3.57546 3.1275 0.5925 -0.710721 0.702828 0.0301321 52 50 45
3.57602 3.1275 0.6075 -0.710602 0.702958 0.0299198 54 52 47
3.57678 3.1275 0.6225 -0.715255 0.693578 0.0857887 54 53 49
3.5775 3.12527 0.6375 -0.67538 0.72515 0.134238 54 55 50
3.5775 3.1275 0.63122 -0.709647 0.685105 0.164415 54 54 50
3.5775 3.12159 0.6525 -0.669596 0.741468 0.0432146 55 57 51
3.5775 3.1275 0.654778 -0.394675 0.633174 -0.665824 55 56 50
3.5632 3.1275 0.6825 -0.690474 0.722821 -0.0278473 57 53 43
3.5925 3.01056 0.4875 -0.858733 -0.511242 0.0347776 28 51 85
3.58495 3.0225 0.4875 -0.824633 -0.558093 0.0922616 27 50 84
3.5925 3.00985 0.5025 -0.884763 -0.465996 0.00652904 31 56 91
3.58582 3.0225 0.5025 -0.857175 -0.513347 0.0415542 30 53 88
3.5925 3.01054 0.5175 -0.878669 -0.476096 0.0356789 32 58 94
3.58619 3.0225 0.5175 -0.865135 -0.501358 0.0134746 33 57 93
3.5925 3.01231 0.5325 -0.86061 -0.509013 0.0160256 34 61 99
3.58642 3.0225 0.5325 -0.846851 -0.531816 0.00385342 33 59 96
3.5925 3.01221 0.5475 -0.859586 -0.51098 0.00334442 34 63 103
3.58621 3.0225 0.5475 -0.831563 -0.555399 -0.00596353 34 62 99
3.5925 3.01226 0.5625 -0.875936 -0.478488 0.0615292 41 73 112
3.58651 3.0225 0.5625 -0.824736 -0.563733 0.0448975 42 70 107
3.5925 3.01514 0.5775 -0.883637 -0.463745 0.064234 49 80 121
3.58877 3.0225 0.5775 -0.796321 -0.602842 0.0495372 51 80 117
3.5925 3.01665 0.5925 -0.852627 -0.516702 0.0777635 49 82 122
3.58862 3.0225 0.5925 -0.772067 -0.634023 0.0439022 51 82 118
3.5925 3.01945 0.6075 -0.860703 -0.493142 0.126498 52 84 125
3.59062 3.0225 0.6075 -0.718359 -0.692945 0.061542 53 83 121
3.5925 3.0225 0.616953 -0.681134 -0.717601 0.145275 55 86 127
3.5925 3.02369 0.6225 -0.640854 -0.759641 0.110685 55 85 125
3.5925 3.02528 0.6375 -0.609274 -0.78959 0.0730336 58 87 121
3.5925 3.02783 0.6525 -0.603328 -0.786632 0.131168 58 85 112
3.5785 3.0375 0.6525 -0.570469 -0.809038 0.141498 55 65 63
3.5925 3.03011 0.6675 -0.593007 -0.699557 0.398702 59 83 105
3.58194 3.0375 0.6675 -0.54226 -0.738835 0.400096 57 70 70
3.5925 3.0375 0.674151 -0.43562 -0.576382 0.691389 56 73 85
3.5925 3.04508 0.6825 -0.419079 -0.813214 0.403802 57 70 76
3.58013 3.0525 0.6825 -0.529672 -0.723517 0.442686 58 63 57
3.5925 3.04865 0.6975 -0.313265 -0.893691 0.321218 58 68 73
3.5855 3.0525 0.6975 -0.577403 -0.777217 0.250079 58 63 60
3.5925 3.0525 0.709899 -0.432615 -0.833186 0.344451 57 68 73
3.5925 3.05387 0.7125 -0.45026 -0.824053 0.343807 58 69 74
3.5925 3.06054 0.7275 -0.427285 -0.832224 0.353315 59 69 73
3.58315 3.0675 0.7275 -0.6539 -0.676282 0.339201 59 66 62
3.5925 3.07922 0.4875 -0.152617 0.984049 -0.0914046 40 48 50
3.58765 3.0825 0.4875 0.966717 0.219714 -0.131091 40 47 46
3.5925 3.0825 0.493112 0.0865248 0.661353 -0.745068 42 50 49
3.59018 3.0975 0.4875 0.830861 0.42956 -0.353763 42 50 46
3.5925 3.09598 0.5025 0.188429 0.93839 -0.289689 44 53 49
3.59074 3.0975 0.5025 0.786258 0.598077 -0.15525 42 53 48
3.5925 3.09622 0.5175 0.408338 0.912824 -0.00350862 48 58 54
3.59078 3.0975 0.5175 0.802659 0.595525 0.0330093 46 57 53
3.5925 3.0963 0.5325 0.393541 0.919282 -0.00682596 48 58 57
3.58943 3.0975 0.5325 0.80333 0.595435 0.0108759 46 57 55
3.5925 3.09614 0.5475 0.450724 0.887852 -0.09256 50 60 59
3.59053 3.0975 0.5475 0.7818 0.581233 -0.225735 49 60 58
3.5925 3.0975 0.549993 0.791437 0.421571 -0.442612 49 60 59
3.58074 3.1125 0.5175 0.889799 0.445046 -0.10096 38 48 44
3.58034 3.1125 0.5325 0.937818 0.347087 0.00534552 40 48 44
3.57997 3.1125 0.5475 0.930714 0.241879 -0.274346 42 50 47
3.5925 3.11191 0.5625 0.852421 0.360308 -0.378888 54 63 61
3.59154 3.1125 0.5625 0.814356 0.478124 -0.32897 54 62 61
3.5925 3.1125 0.563018 0.604782 0.766825 -0.214984 55 63 61
3.58083 3.1275 0.5325 0.997953 0.0175627 -0.0615003 44 47 42
3.58054 3.1275 0.5475 0.982737 0.158664 -0.0951479 46 47 40
3.5799 3.1275 0.5625 0.910255 0.409054 0.064118 49 48 43
3.5925 3.11595 0.5775 0.560044 0.704179 -0.436443 48 54 50
3.57918 3.1275 0.5775 0.75158 0.622187 -0.219114 51 49 45
3.5925 3.1275 0.589021 0.0329082 0.45499 -0.889888 53 55 51
3.58019 3.1275 0.6375 -0.774349 0.618925 0.131592 54 55 50
3.58375 3.1275 0.6525 -0.813919 0.560376 -0.153346 56 57 52
3.6075 2.98254 0.4875 -0.897389 -0.44063 -0.0231788 29 53 87
3.6024 2.9925 0.4875 -0.873832 -0.486089 0.0116461 28 53 86
3.6075 2.9816 0.5025 -0.890227 -0.454662 -0.0279071 32 58 92
3.60256 2.9925 0.5025 -0.883233 -0.467008 -0.0424571 32 57 91
3.6075 2.98177 0.5175 -0.86554 -0.500326 0.022677 36 61 98
3.60079 2.9925 0.5175 -0.88476 -0.466043 -0.00184451 35 62 97
3.6075 2.982 0.5325 -0.893181 -0.447934 0.039772 37 64 103
3.60231 2.9925 0.5325 -0.894254 -0.443702 0.0586396 36 64 101
3.6075 2.9841 0.5475 -0.902678 -0.42974 0.0222815 36 66 107
3.60297 2.9925 0.5475 -0.890303 -0.453373 0.0425716 36 66 106
3.6075 2.98367 0.5625 -0.918859 -0.393627 0.0274843 42 75 116
3.60406 2.9925 0.5625 -0.887856 -0.459839 0.0161078 41 74 115
3.6075 2.98539 0.5775 -0.890084 -0.449951 0.0727704 46 80 121
3.60386 2.9925 0.5775 -0.886208 -0.461385 0.0419443 45 80 121
3.6075 2.98833 0.5925 -0.895529 -0.431554 0.108575 48 83 124
3.60551 2.9925 0.5925 -0.882995 -0.457699 0.104079 48 82 124
3.6075 2.9925 0.606089 -0.870434 -0.475345 0.128032 53 86 129
3.59436 3.0075 0.4875 -0.872262 -0.488478 0.023387 28 52 85
3.59377 3.0075 0.5025 -0.877168 -0.47867 -0.0380956 31 56 91
3.59399 3.0075 0.5175 -0.904633 -0.422483 0.0560998 33 59 94
3.59522 3.0075 0.5325 -0.893689 -0.447048 0.0383143 34 62 100
3.59523 3.0075 0.5475 -0.876711 -0.480746 0.0161251 34 64 104
3.59523 3.0075 0.5625 -0.868581 -0.495436 0.0104778 40 73 114
3.59592 3.0075 0.5775 -0.888439 -0.45091 0.085768 47 80 123
3.59795 3.0075 0.5925 -0.881397 -0.463843 0.0893849 47 81 125
3.6075 2.99289 0.6075 -0.898677 -0.42921 0.0903304 53 86 129
3.59923 3.0075 0.6075 -0.86626 -0.483749 0.124821 52 85 130
3.6075 2.99331 0.6225 -0.91358 -0.39905 0.0782947 57 89 133
3.60208 3.0075 0.6225 -0.892814 -0.442393 0.0846824 55 88 133
3.6075 2.99874 0.6375 -0.885907 -0.438275 0.151934 60 93 138
3.60267 3.0075 0.6375 -0.890336 -0.438289 0.123309 60 92 138
3.6075 3.00425 0.6525 -0.903729 -0.406048 0.135644 62 95 140
3.60626 3.0075 0.6525 -0.877979 -0.458645 0.137101 62 95 139
3.6075 3.00695 0.6675 -0.864427 -0.492901 0.0990671 62 97 140
3.60719 3.0075 0.6675 -0.890275 -0.442519 0.10765 62 96 140
3.6075 3.0075 0.668673 -0.667369 -0.294499 0.684024 62 97 140
3.59355 3.0225 0.6225 -0.869315 -0.479826 0.11857 55 87 128
3.59559 3.0225 0.6375 -0.856774 -0.495473 0.142986 60 91 132
3.59771 3.0225 0.6525 -0.836952 -0.535059 0.114993 61 94 133
3.60044 3.0225 0.6675 -0.784587 -0.531974 0.318476 63 96 137
3.6075 3.0225 0.674085 -0.586484 -0.382012 0.714216 60 95 138
3.6075 3.0375 0.6823 -0.402542 -0.541521 0.738048 66 93 126
3.6075 3.0377 0.6825 -0.501292 -0.813753 0.294129 66 92 125
3.6075 3.04304 0.6975 -0.510802 -0.793963 0.329704 63 87 117
3.6075 3.05179 0.7125 -0.583018 -0.710448 0.394149 68 91 117
3.60289 3.0525 0.7125 -0.103243 -0.936224 0.335895 65 84 103
3.6075 3.0525 0.714017 -0.262957 -0.92143 0.286042 69 91 117
3.6075 3.0565 0.7275 -0.355105 -0.879555 0.316675 67 88 113
3.59747 3.0825 0.4875 -0.497484 0.768082 -0.403187 42 51 52
3.6075 3.08744 0.4875 -0.401856 0.899886 -0.16946 41 52 53
3.6075 3.08976 0.5025 -0.176898 0.982559 -0.057318 45 54 57
3.6075 3.08983 0.5175 -0.0465422 0.998896 -0.00639744 48 58 59
3.6075 3.08979 0.5325 -0.0424881 0.999055 -0.00915011 50 60 59
3.6075 3.09018 0.5475 -0.0459047 0.99875 -0.0197594 55 63 63
3.6075 3.09058 0.5625 0.130054 0.975451 -0.177708 56 64 64
3.59828 3.0975 0.5625 0.799835 0.505213 -0.324074 46 56 56
3.6075 3.09534 0.5775 0.458851 0.826458 -0.326226 63 68 70
3.60361 3.0975 0.5775 0.78872 0.561568 -0.250124 59 65 66
3.6075 3.0975 0.580034 -0.184172 0.814168 -0.550647 63 68 70
3.59798 3.1125 0.5775 0.89209 0.389388 -0.229244 51 59 56
3.6075 3.10516 0.5925 -0.150341 0.942536 -0.29837 64 70 69
3.59782 3.1125 0.5925 0.882622 0.44169 -0.160899 54 61 59
3.6075 3.107 0.6075 -0.101401 0.984684 -0.141825 67 73 70
3.59957 3.1125 0.6075 0.884031 0.455225 -0.106111 58 65 62
3.6075 3.11004 0.6225 -0.271888 0.932859 -0.236327 69 74 70
3.60257 3.1125 0.6225 0.842453 0.493548 -0.216063 65 70 66
3.6075 3.1125 0.625301 0.389249 0.397467 -0.830967 68 74 70
3.59667 3.1275 0.5925 0.975246 0.161131 -0.151431 54 58 54
3.5966 3.1275 0.6075 0.972626 0.2323 -0.00589321 56 58 55
3.59633 3.1275 0.6225 0.883205 0.357353 -0.303723 57 60 55
3.6075 3.1275 0.632682 0.165375 0.589835 -0.790408 68 71 67
3.61794 3.1275 0.6225 -0.797096 0.40533 -0.4476 71 75 71
3.6225 3.13673 0.6225 -0.707661 0.622208 -0.334775 71 75 70
3.6225 3.1275 0.61042 -0.834198 0.439501 -0.333096 69 74 70
3.6225 3.13958 0.6375 -0.609516 0.778455 -0.149995 74 77 72
3.6075 3.13088 0.6375 -0.248165 0.77071 -0.586873 69 71 66
3.61076 3.1575 0.6225 0.973439 -0.21177 -0.0870046 64 60 55
3.6075 3.15494 0.6225 0 -0.997293 -0.0735326 63 60 54
3.6075 3.1575 0.611801 0 0 -1 68 63 58
3.61046 3.1575 0.6375 0.943533 0.329474 0.0345236 65 60 55
3.6075 3.15561 0.6375 -0.0671324 -0.988781 -0.133435 64 60 54
3.6075 3.16177 0.6225 0.20837 0.973744 -0.0916795 61 57 51
3.6075 3.16066 0.6375 -0.527776 0.848498 -0.038772 63 57 51
3.6225 3.18671 0.5025 -4.181e-17 -1 0 61 51 40
3.62171 3.1875 0.5025 -1 -4.181e-17 0 61 51 39
3.6225 3.1875 0.500361 0 0 -1 61 51 39
3.6225 3.1875 0.503579 0 0 1 61 51 39
3.61225 3.1725 0.6525 -0.712344 0.439512 -0.547171 62 53 43
3.62125 3.1875 0.6525 -0.630824 -0.682663 -0.368825 82 66 57
3.6225 3.1725 0.63882 -0.717196 0.443673 -0.537386 75 69 61
3.6225 3.1875 0.651204 -0.291227 0.275766 -0.916046 80 66 57
3.6225 3.18829 0.5025 -4.181e-17 1 0 61 51 39
3.6075 3.19914 0.6525 -0.340651 -0.858531 -0.383252 88 56 45
3.6225 3.2025 0.652158 0.101494 -0.68034 -0.725835 76 53 47
3.6075 3.2025 0.644711 0.101171 -0.745742 -0.658508 89 59 46
3.61316 3.1875 0.6675 -0.677658 -0.675548 -0.290543 92 72 66
3.6075 3.19428 0.6675 -0.180151 -0.942501 -0.281493 88 61 56
3.6075 3.1875 0.681797 -0.830525 0.330297 -0.448477 95 79 78
3.60863 3.1875 0.7125 -0.744175 0.538076 0.395825 83 88 91
3.61948 3.2025 0.7125 -0.349643 0.229825 0.908257 86 96 96
3.6075 3.1875 0.710376 -0.340085 0.219217 0.914487 86 90 93
3.6075 3.2025 0.708558 -0.0472592 -0.0618661 0.996965 76 85 85
3.6225 3.20968 0.6375 -0.0788123 -0.850263 -0.520424 82 51 41
3.6075 3.20591 0.6375 0.189538 -0.754502 -0.628332 88 59 43
3.6225 3.2175 0.62422 -0.267768 -0.829102 -0.490807 83 60 46
3.6075 3.2175 0.626699 0.0458816 -0.77768 -0.626983 86 58 43
3.6225 3.20546 0.7125 -0.250702 0.256018 0.933597 94 103 103
3.61081 3.2175 0.7125 0.243637 -0.157293 0.957027 109 119 120
3.6075 3.21412 0.7125 0.156467 -0.300084 0.940993 100 111 112
3.6225 3.2175 0.709367 -0.0188289 -0.024608 0.99952 105 114 113
3.6225 3.2025 0.713481 -0.294251 0.300491 0.907261 90 100 100
3.6075 3.2175 0.713268 0 0 1 107 117 119
3.6075 3.2226 0.6225 0 0 0 85 60 46
3.6075 3.22125 0.7125 0 0.200717 0.979649 99 109 111
3.63298 3.1275 0.5775 -0.813846 0.542496 -0.208214 65 71 71
3.6375 3.13304 0.5775 -0.723034 0.590309 -0.358827 65 70 70
3.6375 3.1275 0.563668 -0.7216 0.650677 -0.236458 60 69 68
3.62961 3.1275 0.5925 -0.856144 0.449295 -0.255247 66 72 70
3.63537 3.1425 0.5925 -0.872501 0.419273 -0.250902 67 70 69
3.6375 3.1425 0.588344 -0.756558 0.493382 -0.429178 66 70 69
3.62376 3.1275 0.6075 -0.845301 0.448034 -0.291088 68 73 69
3.63186 3.1425 0.6075 -0.837928 0.502867 -0.212135 69 72 69
3.62739 3.1425 0.6225 -0.785085 0.594529 -0.173716 72 74 69
3.62482 3.1425 0.6375 -0.728835 0.673277 -0.124488 74 76 71
3.6375 3.14672 0.5925 -0.824598 0.482923 -0.294658 68 71 69
3.6375 3.15198 0.6075 -0.820532 0.547958 -0.162693 70 71 67
3.6375 3.15617 0.6225 -0.801527 0.583336 -0.131428 73 72 68
3.6375 3.15582 0.6375 -0.762739 0.644136 -0.057603 76 75 71
3.62329 3.1875 0.5025 1 -4.181e-17 0 63 52 40
3.6359 3.2025 0.6375 -0.423877 -0.795379 -0.433243 84 66 56
3.6375 3.2025 0.636191 -0.394684 -0.780979 -0.484042 83 67 57
3.63965 3.1275 0.5025 -0.725484 0.677599 -0.120555 49 59 60
3.6525 3.14143 0.5025 -0.769448 0.62544 -0.129519 48 58 59
3.63858 3.1275 0.5175 -0.729006 0.684157 -0.021913 50 60 62
3.6525 3.14205 0.5175 -0.726482 0.686218 -0.0364553 51 61 63
3.63883 3.1275 0.5325 -0.742014 0.670362 -0.00551492 53 63 65
3.65238 3.1425 0.5325 -0.743165 0.669081 -0.00605149 53 61 64
3.6525 3.1425 0.529064 -0.722816 0.690536 -0.0264042 53 61 64
3.63836 3.1275 0.5475 -0.735018 0.677852 -0.0162944 53 63 64
3.65233 3.1425 0.5475 -0.800957 0.555008 -0.224577 56 64 66
3.63788 3.1275 0.5625 -0.807507 0.53966 -0.238117 60 69 68
3.64396 3.1425 0.5625 -0.852713 0.423166 -0.306286 63 68 67
3.6525 3.14263 0.5325 -0.869201 0.493682 -0.0277092 53 61 64
3.6525 3.14352 0.5475 -0.941656 0.286046 -0.177375 56 64 66
3.6525 3.15738 0.5625 -0.888406 0.335082 -0.313775 64 68 67
3.64263 3.1425 0.5775 -0.870218 0.417177 -0.262076 65 70 69
3.64907 3.1575 0.5775 -0.841177 0.501599 -0.202041 65 69 66
3.6525 3.1575 0.562999 -0.8244 0.532145 -0.192838 64 68 67
3.64421 3.1575 0.5925 -0.791074 0.576234 -0.205321 70 70 68
3.64247 3.1575 0.6075 -0.719912 0.676287 -0.156088 71 71 66
3.63845 3.1575 0.6225 -0.716354 0.670832 -0.191889 73 72 68
3.6525 3.16121 0.5775 -0.727617 0.655997 -0.2006 66 69 65
3.6525 3.16656 0.5925 -0.728045 0.662637 -0.175676 69 67 64
3.6525 3.16792 0.6075 -0.73652 0.667208 -0.111228 71 70 65
3.6525 3.17219 0.6225 -0.708356 0.679403 -0.191423 74 69 65
3.6525 3.2025 0.62759 0 0 0 74 64 57
3.65345 3.1425 0.5025 -0.753705 0.655663 -0.0451088 48 58 59
3.66688 3.1575 0.5025 -0.808432 0.569432 -0.148945 50 58 60
3.65288 3.1425 0.5175 -0.835999 0.539975 -0.0976364 51 61 63
3.66128 3.1575 0.5175 -0.861856 0.486121 -0.144535 54 61 63
3.6609 3.1575 0.5325 -0.867593 0.48077 -0.127052 57 62 63
3.6549 3.1575 0.5475 -0.837358 0.503476 -0.212938 58 64 63
3.6526 3.1575 0.5625 -0.746378 0.650336 -0.141358 64 68 67
3.6675 3.15985 0.5025 -0.96141 0.269223 -0.0566521 51 58 60
3.6675 3.16844 0.5175 -0.865898 0.480968 -0.137443 55 61 62
3.6675 3.16917 0.5325 -0.842022 0.537693 -0.0434196 58 61 61
3.6675 3.17183 0.5475 -0.782555 0.58903 -0.201619 62 64 63
3.66555 3.1725 0.5625 -0.803171 0.571909 -0.166846 66 67 64
3.6675 3.1725 0.550614 -0.751801 0.64721 -0.126157 63 65 63
3.6626 3.1725 0.5775 -0.826185 0.523219 -0.20895 67 66 63
3.65793 3.1725 0.5925 -0.880585 0.43803 -0.180831 70 67 63
3.65534 3.1725 0.6075 -0.925351 0.315729 -0.209859 72 70 65
3.6675 3.17494 0.5625 -0.84961 0.499181 -0.170239 67 67 64
3.6666 3.1875 0.5775 -0.923864 0.325474 -0.201349 68 64 61
3.6675 3.1875 0.575893 -0.764053 0.451066 -0.461261 68 64 61
3.66437 3.1875 0.5925 -0.915275 0.352322 -0.195299 72 67 62
3.65916 3.1875 0.6075 -0.937796 0.317526 -0.140412 77 71 67
3.65268 3.1725 0.6225 -0.933523 0.355358 -0.0474948 74 69 65
3.66029 3.1875 0.6225 -0.889948 0.451105 0.0670572 77 70 67
3.6675 3.18972 0.5775 -0.898904 0.342689 -0.273015 69 64 61
3.6675 3.19402 0.5925 -0.900558 0.415946 -0.126431 74 69 64
3.67141 3.1725 0.5025 -0.83591 0.548661 -0.0150124 54 61 61
3.67152 3.1725 0.5175 -0.752156 0.658556 -0.0237766 56 60 62
3.67068 3.1725 0.5325 -0.746502 0.659875 -0.0854351 59 61 61
3.6825 3.18558 0.5025 -0.765565 0.642745 0.0280935 57 59 55
3.6825 3.18554 0.5175 -0.764215 0.644895 -0.00924836 58 58 57
3.6825 3.18636 0.5325 -0.761467 0.646362 -0.0488245 62 61 59
3.66794 3.1725 0.5475 -0.762597 0.610635 -0.213472 62 64 63
3.68178 3.1875 0.5475 -0.719393 0.656668 -0.226408 65 64 60
3.6825 3.1875 0.541645 -0.756519 0.648317 -0.0858144 64 63 60
3.67396 3.1875 0.5625 -0.784719 0.557533 -0.270875 69 64 62
3.68425 3.1875 0.5025 -0.737928 0.672732 0.0537942 58 59 55
3.68388 3.1875 0.5175 0 0 0 59 58 56
3.683 3.1875 0.5325 0 0 0 62 61 59
3.1875 2.6325 0.00798728 0.0761124 0.0776924 0.994068 223 191 151
3.2025 2.6475 0.00803379 0 0 1 225 194 153
3.2625 2.6325 0.00765918 0 0 1 70 44 26
3.3075 2.6175 0.00773744 0 0 1 74 48 32
3.61242 3.0375 0.0075 -0.366219 -0.413418 0.833648 96 75 58
3.66003 2.8875 -0.0075 0.768019 -0.259723 0.585398 52 47 42
3.6675 2.89595 -0.0075 0.672881 -0.427445 0.603756 70 68 63
3.6675 2.8875 -0.0144882 0.608848 -0.237194 0.756996 46 40 38
3.65295 2.9025 0.0075 0.604904 -0.0701601 0.793201 39 39 33
3.6525 2.8986 0.0075 0.653472 -0.225895 0.722458 48 47 40
3.6525 2.8875 0.00519116 0.785998 -0.119541 0.606561 64 60 54
3.6675 2.9025 -0.00341396 0.60282 -0.334633 0.724313 52 51 45
3.67259 2.9025 -0.0075 0.653505 -0.507378 0.561692 52 50 44
3.6825 2.8875 -0.0212602 0.316256 -0.0409107 0.947791 82 74 71
3.6825 2.9025 -0.0208658 0.595284 -0.260024 0.760279 72 71 66
3.68497 2.8875 -0.0225 0.492355 0.0192902 0.870181 78 70 67
3.68525 2.9025 -0.0225 0.417852 0.0987549 0.903132 69 67 62
3.6975 2.8875 -0.0305462 0.461446 -0.00154749 0.887167 65 56 53
3.6975 2.9025 -0.0277551 0.394206 -0.000436995 0.919022 42 37 34
3.6825 2.90938 -0.0225 0.522651 0.208435 0.826675 63 63 57
3.6975 2.9175 -0.0302279 0.344572 0.152698 0.926258 51 50 45
3.6825 2.9175 -0.0246479 0.374392 0.176809 0.910258 41 42 36
3.7125 2.9025 -0.0323763 0.289876 -0.175079 0.940914 48 41 38
3.7125 2.9122 -0.0075 -0.681625 -0.561171 -0.469548 78 74 69
3.70813 2.9175 -0.0075 -0.681625 -0.561171 -0.469548 91 89 84
3.7125 2.9175 -0.0138374 -0.681625 -0.561171 -0.469548 74 71 66
3.7275 2.89803 0.0075 -0.845456 -0.179698 -0.502904 35 34 30
3.72655 2.9025 0.0075 -0.845456 -0.179698 -0.502904 35 34 30
3.7275 2.9025 0.00590286 -0.845456 -0.179698 -0.502904 35 34 30
3.7425 2.89582 -0.0075 -0.570331 -0.599984 -0.561018 35 32 28
3.73547 2.9025 -0.0075 -0.570331 -0.599984 -0.561018 32 30 25
3.7425 2.9025 -0.0146464 -0.570331 -0.599984 -0.561018 37 33 29
3.7425 2.91141 -0.0225 0 0 0 42 36 33
3.7355 2.9175 -0.0225 0 0 0 36 31 28
3.7575 2.90307 -0.0225 0 0 0 35 30 26
3.3825 3.0825 0.0163238 -0.123279 -0.186462 0.974697 153 139 122
3.3825 3.0975 0.00992182 0.0440493 0.295221 0.954413 155 140 125
3.3825 3.1125 0.00845869 0.0892273 0.122239 0.988482 73 58 44
3.3975 3.0675 0.0119375 -0.113008 -0.348785 0.930365 102 88 74
3.3975 3.0825 0.0162045 0.0812436 0.233929 0.968853 157 143 126
3.4117 2.8875 0.2025 -0.60561 0.60561 -0.51621 17 17 12
3.4125 2.8883 0.2025 -0.60561 0.60561 -0.51621 18 19 13
3.4125 2.8875 0.201558 -0.60561 0.60561 -0.51621 16 17 11
3.4125 3.0675 0.0146954 0.00413047 -0.202634 0.979246 143 130 116
3.4125 3.0825 0.0138403 0.114561 0.149259 0.982139 160 146 129
3.42371 2.8875 0.1575 -0.735231 0.605476 -0.304687 25 28 21
3.4275 2.89129 0.1575 -0.692962 0.692962 -0.199017 14 16 10
3.4275 2.8875 0.151873 -0.697524 0.585733 -0.412768 15 17 10
3.42158 2.8875 0.1725 -0.696199 0.717563 -0.0202543 10 14 8
3.4275 2.89342 0.1725 -0.706231 0.706231 -0.0497639 9 13 7
3.42177 2.8875 0.1875 -0.672493 0.740054 0.00850832 12 16 10
3.4275 2.89271 0.1875 -0.690524 0.722988 0.021558 22 25 19
3.4275 3.0675 0.0132043 -0.00711879 -0.165175 0.986239 149 137 124
3.4275 3.0825 0.0102349 0.183923 0.212305 0.959739 157 143 128
3.4425 2.8875 0.00925441 -0.331213 0.643887 0.689715 75 58 40
3.43377 2.8875 0.1425 -0.613236 0.694298 -0.376685 16 18 11
3.4425 2.89521 0.1425 -0.613236 0.694298 -0.376685 15 18 12
3.4425 2.8875 0.128281 -0.613236 0.694298 -0.376685 23 25 20
3.44118 2.9025 0.1725 -0.701257 0.701257 -0.128363 12 15 8
3.4425 2.90382 0.1725 -0.701257 0.701257 -0.128363 15 17 10
3.4425 2.9025 0.165297 -0.701257 0.701257 -0.128363 12 14 8
3.4425 3.00618 0.1575 -0.621615 -0.621615 -0.476644 23 23 17
3.44118 3.0075 0.1575 -0.579741 -0.29403 -0.759899 18 18 13
3.4425 3.0075 0.155777 -0.770176 -0.240977 -0.590558 19 19 13
3.43275 3.0225 0.1575 -0.537698 -0.302122 -0.787149 19 19 9
3.4425 3.0225 0.15084 -0.578097 -0.288036 -0.763439 19 19 11
3.4425 3.0525 0.0114747 -0.14707 -0.122552 0.981505 91 80 65
3.4425 3.0675 0.0119775 0.136387 0.177329 0.974655 126 114 103
3.4575 2.8875 0.0190281 -0.496947 0.580324 0.645188 97 83 61
3.45621 2.8875 0.0675 -0.627646 0.731773 0.265646 53 48 44
3.4575 2.8888 0.0675 0 1 0 52 47 43
3.4575 2.8875 0.0652388 -0.587779 0.719971 -0.368994 54 50 45
3.4575 2.8875 0.07005 -0.481006 0.782136 0.396102 52 48 44
3.45302 2.9025 0.1125 -0.729589 0.668631 -0.143641 22 23 16
3.4575 2.90782 0.1125 -0.750133 0.632421 -0.193249 65 66 59
3.4575 2.9025 0.10666 -0.659437 0.555957 -0.506018 18 19 13
3.45112 2.9025 0.1275 -0.703763 0.70484 -0.0889878 34 35 27
3.4575 2.90887 0.1275 -0.730676 0.679123 -0.0700303 14 16 9
3.4575 2.97229 0.1575 -0.649745 -0.394542 -0.649745 90 83 67
3.45433 2.9775 0.1575 -0.707107 0 -0.707107 88 81 66
3.4575 2.9775 0.154334 -0.707107 0 -0.707107 89 81 65
3.4575 2.98067 0.1575 -0.57735 0.57735 -0.57735 87 81 68
3.4575 3.0375 0.0132689 -0.25969 -0.137582 0.955841 117 106 87
3.4575 3.0525 0.013605 -0.0568996 0.112448 0.992027 67 59 42
3.4575 3.0675 0.0098683 0.0660535 0.240382 0.968428 91 83 66
3.4597 2.8875 0.0225 -0.689318 0.645366 0.329156 94 80 59
3.4725 2.90129 0.0225 -0.605867 0.704521 0.369561 95 81 63
3.4725 2.9025 0.0164776 -0.561669 0.695361 0.448331 103 88 66
3.46177 2.8875 0.0375 -0.674617 0.72468 0.140469 64 57 41
3.4725 2.89758 0.0375 -0.696079 0.702825 0.146669 40 33 24
3.46539 2.8875 0.0525 -0.64035 0.705979 0.302564 41 40 32
3.4725 2.89395 0.0525 -0.658525 0.713535 0.239194 28 26 20
3.46009 2.8875 0.0675 0.450383 0.892836 0 52 49 45
3.4725 2.8875 0.0602138 -0.571094 0.629625 0.52671 36 38 33
3.47024 2.9175 0.1275 -0.657514 0.690238 -0.302071 10 11 6
3.4725 2.91965 0.1275 -0.657514 0.690238 -0.302071 12 13 8
3.4725 2.9175 0.12258 -0.657514 0.690238 -0.302071 12 14 8
3.4725 3.0075 0.00985866 -0.435068 -0.298572 0.849453 92 76 54
3.4725 3.0225 0.0152431 -0.308878 -0.138845 0.940913 119 106 90
3.4725 3.01918 0.1275 -0.473664 -0.622753 -0.622753 32 30 21
3.46814 3.0225 0.1275 -0.605384 0 -0.795933 19 19 11
3.4725 3.0225 0.124183 -0.605384 0 -0.795933 30 27 17
3.4725 3.0375 0.0154453 -0.0588509 0.131522 0.989565 88 78 64
3.4725 3.0322 0.1275 -0.584134 0.262626 -0.767994 17 19 10
3.4725 3.0525 0.0131954 0.0695555 0.226431 0.971541 93 87 75
3.47563 2.9025 0.0225 -0.485696 0.669435 0.5621 91 79 63
3.4875 2.90982 0.0225 -0.459989 0.661066 0.592791 52 45 36
3.4875 2.9175 0.0123759 -0.572321 0.468184 0.673241 87 73 54
3.4875 2.9025 0.0278055 -0.340197 0.551864 0.761389 65 63 55
3.48364 2.9025 0.0525 -0.698892 0.715227 0 35 31 27
3.4875 2.90627 0.0525 -0.698892 0.715227 0 35 32 28
3.4875 2.9025 0.0466042 -0.635467 0.65032 -0.416253 51 49 45
3.4875 2.9025 0.0621767 -0.673195 0.68893 0.268671 34 33 30
3.484 2.9475 0.1425 -0.645516 0.660558 -0.38337 47 41 33
3.4875 2.95092 0.1425 -0.645516 0.660558 -0.38337 58 53 45
3.4875 2.9475 0.136609 -0.645516 0.660558 -0.38337 47 44 36
3.4875 2.9925 0.00983224 -0.306029 -0.467216 0.829491 46 34 18
3.4875 3.0075 0.0193942 0.123552 -0.333151 0.934743 84 74 60
3.4875 3.0225 0.0204432 0.203047 -0.099815 0.974068 115 104 93
3.4875 3.0375 0.0166887 -0.0697443 0.24561 0.966857 74 63 53
3.4875 3.0525 0.010816 0.135555 0.361062 0.922637 81 72 60
3.49437 2.9175 0.0225 -0.653029 0.47687 0.588344 43 34 27
3.5025 2.92606 0.0225 -0.499739 0.639894 0.583779 36 29 24
3.5025 2.9325 0.0118652 -0.648063 0.183593 0.739127 30 22 17
3.5025 2.9175 0.0324172 -0.606924 0.631897 0.482027 34 30 26
3.5025 2.9475 0.0105098 -0.542986 0.157426 0.824854 29 21 15
3.49203 2.9325 0.0975 -0.741444 0.632077 -0.225256 8 8 4
3.5025 2.94234 0.0975 -0.619097 0.658717 -0.427564 17 18 13
3.5025 2.9325 0.0904021 -0.481836 0.512672 -0.710635 12 13 8
3.49334 2.9325 0.1125 -0.840482 0.536874 0.0731847 16 15 10
3.5025 2.94684 0.1125 -0.774956 0.629091 -0.0607245 28 27 20
3.5025 2.9625 0.0144437 0.0548266 -0.24156 0.968836 40 31 23
3.5025 2.97688 0.0225 -1.41162e-16 -0.485272 0.874363 83 75 66
3.50222 2.9775 0.0225 -0.740022 -0.229287 0.632293 84 76 67
3.5025 2.9775 0.0227687 -2.06318e-17 0 1 85 77 68
3.5025 2.97761 0.0225 -0.583916 0.691232 0.425723 84 76 67
3.5025 3.0375 0.0155503 0.039186 0.0532976 0.99781 67 55 44
3.51123 2.9325 0.0225 -0.951044 0.23793 0.197241 31 26 20
3.50479 2.9175 0.0375 -0.933232 0.311723 0.178626 30 28 24
3.50841 2.9325 0.0375 -0.972352 0.155094 0.174578 25 21 14
3.51203 2.9175 0.0525 -0.880545 0.211489 0.424161 24 21 16
3.51562 2.9325 0.0525 -0.859642 0.214609 0.463637 26 24 20
3.51043 2.9475 0.0225 -0.970007 0.240127 0.037766 29 22 15
3.51057 2.9475 0.0375 -0.897749 0.19326 0.395851 27 20 12
3.5175 2.93306 0.0525 -0.33116 0.598617 0.729378 31 30 26
3.5175 2.9475 0.0410448 -0.540574 -0.154819 0.826929 55 49 42
3.5175 2.95051 0.0225 -0.206385 0.976607 0.0603678 48 42 35
3.5175 2.9625 0.012055 0.0662369 0.416704 0.906626 55 47 40
3.51042 2.9625 0.0375 -0.997532 0.0652016 0.0260499 76 68 60
3.5175 2.9625 0.0329084 0.0208715 0.450418 -0.892574 86 78 69
3.5175 2.9625 0.0521694 -0.124961 -0.0764198 0.989214 47 43 36
3.50266 2.9775 0.0225 0.742242 0.193263 0.641659 84 77 67
3.51202 2.9775 0.0375 -0.998604 0.0436864 0.0296898 122 115 106
3.5175 2.9775 0.0336932 0.0151688 -0.424 -0.905535 117 110 101
3.5175 2.9775 0.0458656 0.238919 -0.102782 0.965585 68 60 54
3.51042 2.9625 0.1125 -0.576163 0.750894 -0.322792 51 43 35
3.5175 2.96794 0.1125 -0.576163 0.750894 -0.322792 71 64 57
3.5175 2.9625 0.0998539 -0.576163 0.750894 -0.322792 36 32 24
3.51185 2.9925 0.0375 -0.957464 0.219426 0.187392 31 27 24
3.5175 2.9925 0.0283015 -0.447216 0.341836 -0.826527 73 69 63
3.5175 2.9925 0.043577 -0.292774 0.461986 0.837169 33 27 22
3.5175 3.00317 0.0225 -0.59049 -0.755349 0.2842 62 57 48
3.51568 3.0075 0.0225 -0.977423 -0.170481 -0.124825 52 47 39
3.5175 3.0075 0.020169 -0.769455 -0.430521 -0.471795 54 49 40
3.5175 2.99677 0.0375 -0.380918 0.924609 -3.97251e-17 31 25 21
3.5175 3.0075 0.0238863 -0.497047 -0.0341042 0.867053 45 39 30
3.51493 3.0225 0.0225 -0.986679 0.0982336 0.129673 30 20 9
3.5175 3.0225 0.0233139 -0.159853 0.37395 0.913569 31 20 8
3.5175 3.02511 0.0225 -0.610729 -0.118259 0.782959 35 24 11
3.5175 3.0375 0.0146133 0.0611532 0.343268 0.937245 46 36 24
3.5175 3.0525 0.00909553 -0.142853 0.28524 0.947751 60 48 35
3.5175 3.0675 0.00771835 -0.0654034 0.215437 0.974325 77 64 46
3.5325 2.93308 0.0225 0.565456 0.356926 0.743548 34 27 21
3.5234 2.9475 0.0225 0.757453 0.550537 0.350961 28 22 15
3.5325 2.9475 0.0155797 -0.0606021 0.506782 0.859941 29 23 18
3.5325 2.9625 0.0107313 -0.431113 0.359748 0.82748 44 35 28
3.52448 2.9475 0.0375 0.940557 -0.0786214 0.330411 18 14 7
3.52327 2.9625 0.0375 0.968152 0.248541 -0.0301589 129 122 114
3.5213 2.9775 0.0375 0.93766 -0.271106 -0.217474 108 101 93
3.5325 2.97718 0.0525 -0.170756 -0.985313 0 49 42 37
3.53064 2.9775 0.0525 -1 0 0 46 39 34
3.5325 2.9775 0.0519502 -0.0560362 0.0647221 -0.996329 50 43 38
3.5325 2.9775 0.053496 -0.100682 0.116288 0.988099 48 41 36
3.5325 2.98749 0.0375 0.664089 -0.747654 -3.80337e-17 39 33 25
3.5325 2.9925 0.0259402 0.420219 -0.144424 -0.895856 148 140 129
3.5325 2.97864 0.0525 0 1 0 49 42 37
3.5325 2.9925 0.045319 0.34494 0.0640825 0.936435 40 31 23
3.5325 2.99485 0.0225 0.0642155 -0.881244 0.468278 157 149 137
3.5325 3.00101 0.0375 0.103736 0.994605 0 47 37 27
3.5325 3.0075 0.0326544 0.0365468 -0.0129278 0.999248 45 35 25
3.5325 3.01699 0.0225 0.369783 0.687311 0.625191 49 39 27
3.51984 3.0225 0.0225 0.386643 0.549126 0.740924 35 24 12
3.5325 3.0225 0.0159966 0.100891 0.37426 0.921819 56 48 36
3.5325 3.0375 0.0151343 0.146814 0.131813 0.980342 63 50 33
3.5325 3.0525 0.0119629 0.0789443 0.244666 0.966388 73 59 40
3.53596 2.9475 0.0225 -0.722653 0.589106 0.361561 25 20 14
3.5475 2.96165 0.0225 -0.72399 0.607842 0.326139 157 154 149
3.5475 2.9625 0.0201559 -0.558103 0.277805 0.781886 142 139 134
3.5475 2.9775 0.0163053 -0.616018 0.0516074 0.78604 90 85 75
3.5475 2.9925 0.020208 -0.487226 -0.0968896 0.867884 55 51 40
3.53796 2.9925 0.0375 1 2.58627e-17 0 44 35 27
3.53287 2.9775 0.0525 0.951084 0.308933 0 50 43 38
3.54704 3.0075 0.0225 0.582066 0.186194 0.791537 57 49 38
3.5475 3.0075 0.0218299 -0.0537004 -0.230644 0.971555 56 48 37
3.5475 3.0225 0.0205331 -0.238043 0.385606 0.891428 53 41 27
3.5475 3.0375 0.0101205 0.0543527 0.347801 0.935992 72 59 41
3.54358 3.1125 0.0525 -0.638142 0.527538 -0.560784 59 53 40
3.5475 3.11724 0.0525 -0.638142 0.527538 -0.560784 65 59 46
3.5475 3.1125 0.0480394 -0.638142 0.527538 -0.560784 51 46 34
3.54878 2.9625 0.0225 -0.842819 0.48394 0.235497 152 149 145
3.55739 2.9775 0.0225 -0.768704 0.34222 0.540352 75 73 67
3.55235 2.9625 0.0375 -0.797617 0.538989 0.270738 51 51 46
3.5625 2.97527 0.0375 -0.701872 0.629867 0.332631 24 23 18
3.5625 2.9775 0.0305212 -0.623729 0.241629 0.743356 45 44 39
3.55528 2.9925 0.0225 -0.457283 0.0200199 0.889096 26 22 12
3.5625 2.9925 0.0242722 -0.237357 0.141851 0.96101 26 21 12
3.5625 3.00421 0.0225 -0.253452 0.159051 0.954183 51 43 33
3.5625 3.0075 0.0219311 -0.0882592 -0.0380847 0.995369 58 48 38
3.5625 3.0086 0.0225 0.0283132 -0.566967 0.823254 58 47 37
3.55155 3.0225 0.0225 -0.621572 -0.0213451 0.783066 53 40 24
3.5625 3.0225 0.0325938 -2.86276e-17 0 1 62 45 27
3.5625 3.02837 0.0225 -0.0227453 0.772119 0.63507 68 52 33
3.5625 3.0375 0.0134244 -0.263604 0.499472 0.825252 83 68 47
3.5625 3.1125 0.0157901 -0.945252 -0.0976762 0.311381 31 27 14
3.56494 3.0075 0.0225 -0.288007 0.235929 0.928111 56 46 36
3.5775 2.9925 0.02679 -0.165532 -0.0067364 0.986181 55 51 45
3.5775 3.0075 0.0268925 -0.379473 0.267563 0.885669 42 28 19
3.5775 2.99683 0.0525 -0.605376 -0.598437 -0.524779 54 45 37
3.56696 3.0075 0.0525 -0.755615 0 -0.655016 48 33 21
3.5775 3.0075 0.0403363 -0.755615 0 -0.655016 47 31 21
3.5775 3.01838 0.0225 -0.226506 0.593593 0.772232 53 35 20
3.5755 3.0225 0.0225 0.590884 0 0.806757 56 36 19
3.5775 3.0225 0.0216075 -0.00933783 0.233899 0.972216 58 38 21
3.5775 3.01419 0.0525 -0.485962 0.765753 -0.421263 81 69 57
3.5775 3.03211 0.0225 -0.00507022 -0.297105 0.954831 87 68 47
3.57671 3.0375 0.0225 -0.537263 -0.0477034 0.842065 103 85 62
3.5775 3.0375 0.0229871 -0.21436 0.197856 0.956505 103 86 63
3.5775 3.03825 0.0225 -0.3914 0.640826 0.660415 103 85 62
3.5775 3.09096 0.0225 -0.590107 -0.737612 -0.32818 30 27 16
3.56933 3.0975 0.0225 -0.766631 -0.480105 -0.426351 24 23 12
3.5775 3.0975 0.00780926 -0.721334 -0.679721 -0.132879 35 32 20
3.56401 3.1125 0.0225 -0.782535 -0.622427 -0.0149599 21 19 7
3.5925 3.01547 0.0225 0.183128 0.778895 0.599822 45 30 18
3.5925 3.0225 0.017956 0.225579 0.210007 0.951321 56 36 24
3.58577 3.0075 0.0375 -0.423239 0.84386 0.329801 49 37 28
3.5925 3.01088 0.0375 -0.264554 0.783506 0.562254 63 54 44
3.5925 3.03046 0.0225 0.0569139 -0.479794 0.875533 76 57 40
3.5925 3.0375 0.0260843 -0.15897 -0.0206408 0.987068 94 79 60
3.5925 3.04837 0.0225 -0.236205 0.65877 0.714303 105 90 69
3.5925 3.0525 0.0160059 -0.0290885 0.217273 0.975677 113 97 73
3.5925 3.0675 0.0140944 -0.47782 0.250543 0.841972 105 91 67
3.5925 3.07558 0.0225 -0.855458 -0.462247 -0.233495 89 79 63
3.58876 3.0825 0.0225 -0.855458 -0.462247 -0.233495 72 63 48
3.5925 3.0825 0.00880777 -0.855458 -0.462247 -0.233495 96 82 60
3.5998 3.0225 0.0225 -0.473624 0.443862 0.760701 53 33 21
3.6075 3.03072 0.0225 -0.52944 0.772607 0.350387 89 71 57
3.60006 3.0375 0.0225 0.908972 -0.0476678 0.414123 108 90 71
3.6075 3.0525 0.0186949 -0.122576 -0.71933 0.683768 115 101 83
3.7725 2.8575 0.967633 -0.556657 -0.538811 0.63231 64 82 83
3.7725 2.8725 0.980474 -0.642529 -0.533497 0.550034 64 90 122
3.7725 2.8743 0.9825 -0.640611 -0.690386 0.336132 64 91 126
3.76479 2.8875 0.9825 -0.979587 -0.181853 0.0856625 64 85 114
3.7725 2.88217 0.9975 -0.452366 -0.814957 0.362229 62 92 131
3.76596 2.8875 0.9975 -0.883546 -0.454715 0.112167 61 88 123
3.7725 2.88713 1.0125 -0.323926 -0.885314 0.333603 63 95 135
3.77182 2.8875 1.0125 -0.701555 -0.6947 0.158784 63 95 134
3.7725 2.8875 1.01356 -0.28737 -0.897608 0.334242 63 95 135
3.7875 2.8575 0.973866 -0.234401 -0.662899 0.71107 69 90 103
3.7875 2.86574 0.9825 -0.130186 -0.810401 0.571229 71 97 126
3.77398 2.8725 0.9825 -0.421204 -0.734009 0.532745 64 91 128
3.7875 2.8725 0.994989 -0.255549 -0.832752 0.49114 68 98 133
3.7875 2.87411 0.9975 -0.208898 -0.853753 0.476935 66 97 133
3.7875 2.88167 1.0125 -0.161782 -0.915263 0.368946 70 99 135
3.7875 2.8875 1.02598 -0.26479 -0.892398 0.365394 72 101 140
3.8025 2.8575 0.974195 0.0191654 -0.682359 0.730766 78 96 105
3.8025 2.86583 0.9825 0.0482693 -0.80845 0.586582 79 101 124
3.8025 2.8725 0.995774 0.034553 -0.880399 0.472972 73 101 123
3.8025 2.87374 0.9975 0.0700977 -0.846711 0.527415 72 101 123
3.8025 2.88359 1.0125 0.055312 -0.907794 0.415754 79 103 131
3.8025 2.88713 1.0275 0.0855577 -0.951602 0.295184 80 102 129
3.7934 2.8875 1.0275 -0.0629301 -0.916633 0.394746 75 101 135
3.8025 2.8875 1.02854 -0.0383201 -0.879733 0.473921 78 100 127
3.8175 2.8575 0.972798 0.057079 -0.679154 0.731773 102 117 118
3.8175 2.86661 0.9825 0.0905229 -0.765793 0.636685 98 119 132
3.8175 2.8725 0.991661 0.119764 -0.84326 0.523994 91 112 124
3.8175 2.87663 0.9975 0.142773 -0.858621 0.492327 93 114 129
3.8175 2.88414 1.0125 0.130818 -0.888731 0.439368 101 121 140
3.80373 2.8875 1.0275 0.321554 -0.821195 0.471426 80 102 128
3.8175 2.8875 1.01949 0.257152 -0.835884 0.484944 92 112 132
3.8325 2.8575 0.971335 0.142831 -0.679652 0.719495 117 129 125
3.8325 2.86935 0.9825 0.20577 -0.698625 0.68526 109 126 133
3.8325 2.8725 0.987734 0.173582 -0.828825 0.531901 114 130 137
3.8325 2.87872 0.9975 0.174122 -0.856501 0.485888 126 143 152
3.83215 2.8875 1.0125 0.234312 -0.839085 0.490952 112 127 135
3.8325 2.8875 1.01233 0.179615 -0.846846 0.50059 112 127 135
3.84172 2.8725 0.9825 0.283847 -0.80067 0.527597 102 118 122
3.8475 2.8725 0.980141 0.206957 -0.668012 0.714793 107 121 123
3.8475 2.87456 0.9825 0.201027 -0.856077 0.476152 107 122 124
3.8475 2.88147 0.9975 0.198958 -0.865778 0.459178 135 148 148
3.8475 2.8875 1.00744 0.182982 -0.842774 0.506211 140 151 152
3.6225 2.4225 0.00522457 0.0684538 -0.0126822 0.997574 181 145 101
3.6225 2.4375 0.0042228 -0.00894874 0.0451694 0.998939 178 143 98
3.6225 2.4525 0.00405566 0.0319452 -0.013671 0.999396 182 147 102
3.6225 2.4675 0.00523279 0.0532406 0.0159247 0.998455 184 147 101
3.6225 2.4825 0.00407261 0.0163774 0.015485 0.999746 182 147 100
3.6225 2.4975 0.00368721 -0.014809 -0.0168941 0.999748 180 146 102
3.6225 2.5125 0.00455681 0.0449791 -0.0906976 0.994862 177 144 102
3.6225 2.5275 0.00733805 0.0356336 -0.0727522 0.996713 179 144 104
3.6225 2.5425 0.0067092 -0.0135594 -0.0130668 0.999823 181 150 113
3.6225 2.55478 0.0075 0.0605882 -0.0632782 0.996155 168 140 105
3.6184 2.5575 0.0075 -0.0430431 -0.0895117 0.995055 169 142 106
3.6375 2.4075 0.00247011 0.18441 0.00661397 0.982827 162 128 89
3.6375 2.4225 0.00234793 0.178708 -0.127957 0.975546 160 126 89
3.6375 2.4375 0.00492356 0.10659 -0.0371732 0.993608 171 139 100
3.6375 2.4525 0.00486122 0.0452997 0.0215509 0.998741 170 137 98
3.6375 2.4675 0.00331903 0.0325978 0.0377057 0.998757 172 138 99
3.6375 2.4825 0.00264694 0.0589393 -0.0167861 0.99812 168 135 95
3.6375 2.4975 0.00454809 0.0389362 -0.0605503 0.997405 176 145 107
3.6375 2.5125 0.00519337 0.0131172 -0.00689502 0.99989 168 138 102
3.6375 2.5275 0.00458923 0.103224 -0.0709557 0.992124 151 122 92
3.6375 2.5425 0.00678846 0.110095 -0.0331709 0.993367 135 105 75
3.62436 2.5575 0.0075 0.106651 -0.0353101 0.993669 158 131 96
3.6375 2.5575 0.00633826 0.083593 -0.0196852 0.996306 113 85 55
3.63017 2.5725 0.0075 0.218738 -0.121881 0.968142 109 85 59
3.6375 2.5725 0.00650079 0.0829653 -0.0159695 0.996424 88 64 39
3.63583 2.5875 0.0075 0.383929 -0.143319 0.912172 72 50 32
3.6375 2.5875 0.00684701 0.123241 -0.0228618 0.992113 73 51 33
3.6375 2.59248 0.0075 0.265556 -0.152508 0.951957 71 49 32
3.6375 2.63862 0.0075 0.480498 0.30994 0.820402 92 76 60
3.6375 2.6475 0.0044255 0.266111 0.0673785 0.961585 88 71 56
3.6525 2.4075 -0.000365607 0.0449896 -0.00645237 0.998967 124 92 60
3.6525 2.4225 -0.000445322 0.109936 -0.0516877 0.992594 121 91 60
3.6525 2.4375 0.00239545 0.178375 -0.0701269 0.98146 143 113 80
3.6525 2.4525 0.00173777 0.170816 -0.0469539 0.984183 137 107 75
3.6525 2.4675 0.00317194 0.0606862 -0.0325638 0.997626 131 101 70
3.6525 2.4825 0.00302563 -0.0142155 0.0187965 0.999722 127 96 66
3.6525 2.4975 0.00324128 0.0599809 -0.0388264 0.997444 130 101 71
3.6525 2.5125 0.00399752 0.0979179 -0.0152485 0.995078 102 75 49
3.6525 2.5275 0.00366626 0.0710832 -0.0164424 0.997335 98 71 47
3.6525 2.5425 0.00413156 0.0874731 -0.0280212 0.995773 91 64 40
3.6525 2.5575 0.00426766 0.118434 -0.0412491 0.992105 83 58 35
3.6525 2.5725 0.00566281 0.0783242 -0.0440069 0.995956 73 50 30
3.6525 2.5875 0.00562227 0.0660942 0.0305372 0.997346 71 48 32
3.64411 2.6025 0.0075 0.236192 -0.0853964 0.967947 70 46 32
3.6525 2.6025 0.00516087 0.172597 -0.0332463 0.984431 70 46 33
3.64804 2.6175 0.0075 0.244281 -0.00374151 0.969697 70 48 34
3.6525 2.6175 0.00651415 0.219485 0.00608381 0.975597 67 45 30
3.64666 2.6325 0.0075 0.309817 0.206755 0.928044 78 60 45
3.6525 2.6325 0.00491644 0.214623 0.165933 0.962498 68 49 34
3.6525 2.6475 0.00261293 0.187451 0.0431969 0.981324 78 59 45
3.6675 2.4075 -0.000225966 -0.124301 0.229097 0.965435 95 65 36
3.6675 2.4225 0.000224122 0.00416492 0.00676252 0.999968 94 65 40
3.6675 2.4375 -0.000489229 0.05519 -0.00485097 0.998464 101 73 48
3.6675 2.4525 -0.00100039 0.103478 -0.0494155 0.993403 88 61 36
3.6675 2.4675 0.00180273 0.131612 -0.127781 0.983031 88 62 37
3.6675 2.4825 0.00370692 0.0735653 -0.0247341 0.996984 81 52 29
3.6675 2.4975 0.00254817 0.0338334 0.0325173 0.998898 87 61 39
3.6675 2.5125 0.00220656 0.0717868 0.00585311 0.997403 81 58 36
3.6675 2.5275 0.00209048 0.0910056 -0.0476686 0.994709 75 52 32
3.6675 2.5425 0.00391032 0.0523611 -0.0360457 0.997977 76 51 33
3.6675 2.5575 0.0030409 0.0550965 0.0145306 0.998375 73 50 31
3.6675 2.5725 0.00417056 0.141602 -0.0740887 0.987147 70 47 28
3.6675 2.5875 0.00527552 0.107887 0.0285079 0.993754 69 46 30
3.6675 2.6025 0.00317751 0.103261 0.064176 0.992582 68 45 31
3.6675 2.6175 0.00297365 0.168204 0.0137189 0.985657 67 46 30
3.6675 2.6325 0.00228916 0.144321 0.121311 0.982067 64 44 28
3.6675 2.6475 -0.00114532 0.130108 0.0911715 0.987299 63 44 30
3.6825 2.4075 0.00290982 -0.154086 0.398003 0.904351 93 66 39
3.6825 2.4225 -0.000630654 0.00838922 0.106407 0.994287 74 47 24
3.6825 2.4375 -0.00063306 0.0758206 -0.0209187 0.996902 70 44 24
3.6825 2.4525 -0.000587552 -0.00267453 -0.0172544 0.999848 68 42 23
3.6825 2.4675 -3.68528e-05 0.0499292 -0.0555491 0.997207 68 44 23
3.6825 2.4825 0.000813163 0.133193 -0.0648013 0.988969 70 45 25
3.6825 2.4975 0.0017014 0.107414 -0.00314537 0.994209 74 49 32
3.6825 2.5125 0.00155667 0.051527 -0.00775191 0.998642 70 48 29
3.6825 2.5275 0.00118766 0.0356103 0.00301546 0.999361 73 51 33
3.6825 2.5425 0.0024244 0.115196 -0.0809243 0.990041 72 50 33
3.6825 2.5575 0.00330895 0.0523747 0.0332075 0.998075 73 51 34
3.6825 2.5725 0.00134247 0.066175 0.0105399 0.997752 69 48 30
3.6825 2.5875 0.00223289 0.148357 0.0126434 0.988853 69 47 30
3.6825 2.6025 0.00167769 0.153724 0.0451066 0.987084 68 45 28
3.6825 2.6175 0.000923811 0.11442 0.0409748 0.992587 68 46 29
3.6825 2.6325 9.45686e-05 0.11341 0.0687195 0.991169 66 45 28
3.6825 2.6475 -0.00118713 0.0607315 0.0836991 0.994639 65 45 30
3.6975 2.4075 0.00665117 -0.232493 0.420689 0.876908 142 116 82
3.6975 2.4225 -0.000361324 -0.154195 0.299917 0.941421 82 55 32
3.6975 2.4375 -0.00335733 0.0287513 0.0231098 0.999319 65 39 21
3.6975 2.4525 -0.000841646 0.0804117 -0.0916613 0.992538 64 39 24
3.6975 2.4675 3.02329e-05 0.034533 -0.00390977 0.999396 66 44 26
3.6975 2.4825 -0.000560897 0.0631189 -0.0169989 0.997861 70 48 30
3.6975 2.4975 -4.44332e-05 0.0778248 -0.0222467 0.996719 70 47 30
3.6975 2.5125 -8.79646e-05 0.0960468 -0.0446193 0.994376 69 47 29
3.6975 2.5275 0.00197975 0.053004 -0.00999079 0.998544 72 50 33
3.6975 2.5425 8.87947e-05 0.053809 0.0058891 0.998534 72 51 34
3.6975 2.5575 0.00138284 0.124172 -0.0354071 0.991629 70 49 32
3.6975 2.5725 0.00142169 0.0828295 0.0172063 0.996415 71 50 32
3.6975 2.5875 0.00149342 0.0510387 0.0606735 0.996852 69 48 31
3.6975 2.6025 -0.00143271 0.0961299 0.0846905 0.991759 69 46 29
3.6975 2.6175 -0.00082927 0.138424 -0.0153304 0.990254 67 44 26
3.6975 2.6325 -0.00117443 0.0661336 0.0574594 0.996155 65 44 26
3.6975 2.6475 -0.00250791 0.074764 0.0647768 0.995095 64 44 28
3.69879 2.4075 0.0075 -0.474933 0.575052 0.666148 149 122 88
3.7125 2.4225 0.0038319 -0.250885 0.362789 0.897464 131 102 70
3.7125 2.4375 -0.00128274 -0.157026 0.167836 0.973229 71 45 24
3.7125 2.4525 -0.00240099 -0.0096211 -0.0294016 0.999521 63 40 23
3.7125 2.4675 -0.000910083 0.0541896 -0.0269053 0.998168 67 46 28
3.7125 2.4825 -0.00167019 0.0432469 0.00677069 0.999041 69 47 30
3.7125 2.4975 -0.000837694 0.0494801 -0.0406742 0.997947 68 46 29
3.7125 2.5125 -0.000663002 0.032076 0.00436981 0.999476 67 45 28
3.7125 2.5275 -0.000528176 0.104949 -0.0476798 0.993334 71 49 32
3.7125 2.5425 0.000387792 0.0700129 0.00818673 0.997512 71 49 31
3.7125 2.5575 -0.000185938 0.0618212 0.014155 0.997987 69 48 30
3.7125 2.5725 -0.000522727 0.109819 0.0108886 0.993892 69 48 29
3.7125 2.5875 -0.000331554 0.122372 0.00761705 0.992455 69 48 30
3.7125 2.6025 -0.000991033 0.0413952 0.117712 0.992185 68 46 29
3.7125 2.6175 -0.00347593 0.0775652 0.00948616 0.996942 67 44 26
3.7125 2.6325 -0.0018453 0.0853414 -0.0121234 0.996278 64 44 26
3.7125 2.6475 -0.00285009 0.0257043 0.0944102 0.995201 65 44 28
3.7275 2.4525 -0.00106268 -0.088721 0.0574048 0.994401 70 47 25
3.7275 2.4675 -0.00167628 0.019191 -0.017697 0.999659 70 48 30
3.7275 2.4825 -0.00158384 0.0302955 0.0036325 0.999534 68 47 30
3.7275 2.4975 -0.00174744 0.0384398 -0.0315515 0.998763 67 46 28
3.7275 2.5125 -0.000610069 0.0467098 -0.000189679 0.998908 66 44 27
3.7275 2.5275 -0.00157906 0.0651586 0.0302152 0.997417 69 47 30
3.7275 2.5425 -0.00142838 0.105515 -0.0477279 0.993272 70 47 29
3.7275 2.5575 -0.000960545 0.0463104 0.0135862 0.998835 68 47 28
3.7275 2.5725 -0.00171008 0.0342272 0.0498091 0.998172 67 46 27
3.7275 2.5875 -0.00244369 0.100829 0.0400414 0.994098 68 47 29
3.7275 2.6025 -0.00226956 0.128578 0.0247026 0.991392 67 45 29
3.7275 2.6175 -0.00373217 0.0368526 0.0455338 0.998283 65 43 27
3.7275 2.6325 -0.00348345 0.064541 -0.0090828 0.997874 64 43 25
3.7275 2.6475 -0.0032948 0.0896381 0.0512544 0.994655 62 42 26
3.7425 2.4825 -0.00254162 0.0637061 -0.0222089 0.997722 66 44 28
3.7425 2.4975 -0.00196626 0.0318153 -0.00896153 0.999454 65 45 27
3.7425 2.5125 -0.00190315 0.0545027 0.00869329 0.998476 67 45 27
3.7425 2.5275 -0.0023975 0.0539749 0.0480526 0.997385 67 45 28
3.7425 2.5425 -0.00362212 0.0812188 -0.0159106 0.996569 69 46 30
3.7425 2.5575 -0.00145051 0.106757 -0.0631568 0.992277 68 45 29
3.7425 2.5725 -0.00153756 0.043493 0.0456019 0.998012 67 45 27
3.7425 2.5875 -0.0027255 0.0291838 0.115055 0.99293 67 46 28
3.7425 2.6025 -0.00542284 0.100836 0.0449795 0.993886 66 44 31
3.7425 2.6175 -0.00442894 0.108715 -0.042531 0.993163 63 42 27
3.7425 2.6325 -0.00362135 0.040168 0.0260678 0.998853 62 42 26
3.7425 2.6475 -0.00530753 0.0637145 0.0696943 0.995532 62 43 28
3.7575 2.5125 -0.00241769 0.0342638 0.0331411 0.998863 65 44 26
3.7575 2.5275 -0.00347617 0.0602968 0.023469 0.997905 66 43 26
3.7575 2.5425 -0.0034053 0.0405007 0.03385 0.998606 68 44 29
3.7575 2.5575 -0.00401308 0.099377 -0.0379807 0.994325 67 44 29
3.7575 2.5725 -0.00292168 0.116973 -0.000654931 0.993135 67 45 27
3.7575 2.5875 -0.0037345 0.0710829 0.0790323 0.994335 65 45 28
3.7575 2.6025 -0.00565899 0.024775 0.106739 0.993978 64 44 29
3.7575 2.6175 -0.00649931 0.0812387 -0.0381465 0.995964 62 41 27
3.7575 2.6325 -0.00478553 0.0919982 -0.0306661 0.995287 61 41 24
3.7575 2.6475 -0.00562587 0.0466101 0.103927 0.993492 59 41 27
3.7725 2.5425 -0.00435883 0.0634243 0.0226633 0.997729 67 44 28
3.7725 2.5575 -0.00511114 0.0474665 0.0126886 0.998792 67 44 29
3.7725 2.5725 -0.00481222 0.0617165 0.0124648 0.998016 66 44 27
3.7725 2.5875 -0.00522297 0.0853036 0.0232252 0.996084 66 45 27
3.7725 2.6025 -0.00571385 0.0229267 0.0760701 0.996839 63 42 27
3.7725 2.6175 -0.00715156 0.015334 0.0205373 0.999671 63 42 25
3.7725 2.6325 -0.00644526 0.0574659 -0.0473808 0.997223 61 40 25
3.7725 2.6475 -0.00622672 0.0639819 0.0485474 0.99677 59 40 27
3.7875 2.5725 -0.004514 -0.019846 0.0563286 0.998215 66 43 26
3.7875 2.5875 -0.0065058 0.0502796 0.0417986 0.99786 65 44 26
3.7875 2.6025 -0.00598821 0.0532369 0.0204249 0.998373 64 44 25
3.7875 2.6175 -0.00707458 0.0117439 0.0254797 0.999606 63 44 24
3.7875 2.6325 -0.00662039 0.0278284 0.00516842 0.999599 61 41 24
3.7875 2.64559 -0.0075 0.0694005 0.0679776 0.99527 59 40 26
3.78622 2.6475 -0.0075 0.105565 0.139912 0.984521 58 40 26
3.7875 2.6475 -0.00766715 0.119191 0.111752 0.986562 58 40 26
3.79577 2.6025 -0.0075 0.177752 -0.0881397 0.98012 65 45 26
3.8025 2.6025 -0.0087072 0.175817 -0.0872167 0.980552 64 45 27
3.8025 2.61607 -0.0075 0.175934 -0.0873224 0.980521 64 45 25
3.8025 2.6175 -0.00737149 0.0593676 -0.00390471 0.998229 64 44 25
3.8025 2.6325 -0.00696351 0.0321845 -0.00686563 0.999458 60 42 24
3.8025 2.63577 -0.0075 0.0863308 0.162179 0.982978 60 41 24
3.8025 2.6475 -0.0102872 0.108399 0.130926 0.985448 59 39 24
3.80325 2.6175 -0.0075 0.068321 -0.0392827 0.99689 64 44 25
3.81273 2.6325 -0.0075 0.0686838 0.0938329 0.993216 62 42 25
3.8175 2.6325 -0.00790685 0.0730035 0.172016 0.982385 62 43 25
3.8175 2.6475 -0.0112966 0.0571505 0.120923 0.991015 58 39 24
3.2925 2.64172 0.4125 -0.596259 -0.759689 -0.259514 38 40 35
3.2863 2.6475 0.4125 -0.615013 -0.630394 -0.473669 37 40 36
3.2925 2.6475 0.406495 -0.582893 -0.611073 -0.535561 38 40 36
3.2925 2.63872 0.4275 -0.481677 -0.795868 0.366854 48 52 52
3.27758 2.6475 0.4275 -0.576886 -0.774176 0.26049 44 48 46
3.2925 2.6475 0.437219 -0.371946 -0.588362 0.717974 52 61 65
3.3075 2.62751 0.4125 -0.656524 -0.734552 -0.171494 39 41 38
3.30273 2.6325 0.4125 -0.645327 -0.687067 -0.333903 39 41 38
3.3075 2.6325 0.40785 -0.584376 -0.626697 -0.515515 39 41 38
3.3075 2.62472 0.4275 -0.60609 -0.753818 0.2538 51 57 58
3.30044 2.6325 0.4275 -0.669897 -0.696124 0.258165 49 54 56
3.3075 2.6325 0.433725 -0.424576 -0.517091 0.743204 54 61 65
3.3075 2.64003 0.3975 -0.599495 -0.629314 -0.49454 36 37 30
3.29966 2.6475 0.3975 -0.611239 -0.605513 -0.509648 36 38 32
3.3075 2.6475 0.388762 -0.572972 -0.515611 -0.637062 35 36 30
3.3075 2.64689 0.4425 -0.354066 -0.401331 0.844731 53 65 75
3.30653 2.6475 0.4425 -0.337261 -0.582005 0.739949 53 65 75
3.3075 2.6475 0.442729 -0.106921 -0.164264 0.980605 53 65 75
3.3225 2.61418 0.4125 -0.529922 -0.833741 -0.15511 38 41 38
3.31833 2.6175 0.4125 -0.640602 -0.721325 -0.263287 38 40 37
3.3225 2.6175 0.409427 -0.564308 -0.637939 -0.524013 39 40 38
3.3225 2.61589 0.4275 -0.480636 -0.773377 0.413373 49 56 56
3.31878 2.6175 0.4275 -0.588632 -0.808069 0.0231527 49 56 56
3.3225 2.6175 0.429727 -0.286764 -0.539867 0.791398 50 58 58
3.3225 2.62651 0.3975 -0.543123 -0.658803 -0.520572 37 35 32
3.31541 2.6325 0.3975 -0.580718 -0.639434 -0.503876 36 36 30
3.3225 2.6325 0.390444 -0.47444 -0.641332 -0.602993 36 34 29
3.3225 2.6325 0.440787 -0.245627 -0.518085 0.819302 51 64 72
3.3225 2.63907 0.3825 -0.419704 -0.690365 -0.589275 36 34 27
3.31281 2.6475 0.3825 -0.646023 -0.353062 -0.676758 36 35 29
3.3225 2.6475 0.37287 -0.376288 -0.50535 -0.77655 33 32 25
3.3225 2.63744 0.4425 -0.0756012 -0.241186 0.96753 51 65 74
3.3225 2.6475 0.444739 -0.0635799 -0.147633 0.986997 52 65 77
3.3375 2.61416 0.3975 -0.428205 -0.74685 -0.508778 37 36 30
3.33361 2.6175 0.3975 -0.519371 -0.650818 -0.553796 37 36 31
3.3375 2.6175 0.394928 -0.332294 -0.616193 -0.714063 37 36 30
3.3375 2.60573 0.4125 -0.414556 -0.879381 -0.234164 39 41 36
3.3375 2.6056 0.4275 -0.368935 -0.820574 0.436516 49 54 55
3.3375 2.6175 0.436008 -0.31891 -0.460905 0.828168 51 60 63
3.3375 2.63249 0.3825 -0.345066 -0.599247 -0.72238 40 38 34
3.33749 2.6325 0.3825 -0.34616 -0.663572 -0.663209 40 38 34
3.3375 2.6325 0.382485 -0.258522 -0.544987 -0.797593 40 38 34
3.3375 2.6325 0.441805 -0.20789 -0.407965 0.889014 48 62 70
3.3375 2.6475 0.373455 -0.332662 -0.538333 -0.774296 36 36 30
3.3375 2.63547 0.4425 -0.0971943 -0.211464 0.972541 48 62 70
3.3375 2.6475 0.44512 -0.0327189 -0.138254 0.989856 46 59 68
3.3525 2.59632 0.4125 -0.57497 -0.818116 0.0097778 40 42 38
3.34237 2.6025 0.4125 -0.487373 -0.860295 -0.149533 38 41 36
3.3525 2.6025 0.406746 -0.482483 -0.691499 -0.537624 40 42 37
3.3525 2.6025 0.427271 -0.497276 -0.79531 0.346697 52 58 61
3.3525 2.60767 0.3975 -0.362948 -0.726695 -0.583253 37 38 32
3.3525 2.6175 0.389462 -0.393837 -0.634511 -0.665048 39 39 34
3.3525 2.60268 0.4275 -0.266956 -0.785262 0.558657 52 58 61
3.3525 2.6175 0.440775 -0.2254 -0.501739 0.835137 50 59 65
3.3525 2.62385 0.3825 -0.377354 -0.635076 -0.674004 37 34 29
3.3525 2.6325 0.374179 -0.450149 -0.564578 -0.691822 38 33 29
3.3525 2.62294 0.4425 -0.0731628 -0.212638 0.974388 48 58 65
3.3409 2.6325 0.4425 -0.187244 -0.229929 0.955025 47 61 69
3.3525 2.6325 0.444407 -0.0561161 -0.113264 0.991979 45 57 64
3.3525 2.63925 0.3675 -0.560339 -0.579118 -0.592151 36 32 26
3.3441 2.6475 0.3675 -0.563898 -0.574695 -0.593081 35 33 26
3.3525 2.6475 0.359194 -0.571429 -0.582371 -0.578198 35 32 24
3.3525 2.6475 0.444961 -0.0036318 -0.0776435 0.996975 42 54 65
3.36357 2.5875 0.4125 -0.634103 -0.772968 0.0208051 40 41 39
3.35948 2.6025 0.3975 -0.513735 -0.642776 -0.568256 37 39 33
3.35285 2.6025 0.4275 -0.597876 -0.662596 0.451121 52 58 61
3.35955 2.6175 0.3825 -0.501578 -0.623111 -0.600127 39 38 31
3.36376 2.6325 0.3675 -0.40704 -0.57762 -0.707583 38 32 27
3.84859 2.7975 0.6825 1 0 0 96 97 86
3.8475 2.79659 0.6825 0 -1 0 99 99 88
3.8475 2.7975 0.681581 0 0 -1 96 97 86
3.8475 2.7975 0.684417 0 0 1 96 97 86
3.8475 2.79815 0.6825 0 1 0 93 94 84
3.8925 2.79639 0.5625 -3.81655e-17 -1 0 157 147 127
3.892 2.7975 0.5625 -1 0 0 153 144 124
3.8925 2.7975 0.561883 0 0 -1 153 144 124
3.8925 2.7975 0.563204 -2.25179e-17 0 1 153 144 124
3.8925 2.79863 0.5625 0 1 0 151 142 122
3.8925 2.79966 0.6525 -1.18082e-16 -1 0 132 127 112
3.88994 2.8125 0.6525 -1 -1.65631e-17 0 88 88 78
3.8925 2.8125 0.649189 2.43173e-17 0 -1 89 88 78
3.8925 2.8125 0.656684 2.02644e-17 0 1 88 88 77
3.8925 2.81331 0.6525 -7.38012e-18 1 0 86 86 75
3.89408 2.7825 0.5325 0 0 0 186 176 152
3.8941 2.7975 0.5625 1 0 0 153 143 123
3.90159 2.7975 0.5925 0 0 0 158 149 129
3.90265 2.7975 0.6075 0 0 0 153 145 126
3.89912 2.7975 0.6675 0 0 0 155 149 132
3.9075 2.8058 0.5925 0 0 0 130 122 105
3.8976 2.8125 0.6525 1 -3.31262e-17 0 89 89 78
3.9075 2.80492 0.6675 0 0 0 126 123 108
3.9075 2.81051 0.6825 -0.970425 -0.241401 0 97 97 83
3.907 2.8125 0.6825 -1 9.26282e-18 0 90 90 77
3.9075 2.8125 0.67977 -0.983926 0 -0.178575 90 90 77
3.9075 2.8125 0.684365 -0.96647 0 0.256781 87 87 74
3.9075 2.82709 0.5925 2.23329e-17 -1 0 70 68 56
3.90724 2.8275 0.5925 -1 0 0 69 67 56
3.9075 2.8275 0.592107 0 0 -1 69 67 56
3.9075 2.8275 0.592874 0 0 1 69 67 56
3.9075 2.82715 0.6225 -0.989149 -0.146918 0 72 70 59
3.90745 2.8275 0.6225 -1 1.10178e-17 0 71 70 58
3.9075 2.8275 0.622212 -0.983728 0 -0.179664 72 70 59
3.9075 2.8275 0.622565 -0.776106 0 0.630603 71 70 58
3.9075 2.813 0.6825 -0.707107 0.707107 0 89 89 76
3.9075 2.8276 0.5925 0 1 0 69 67 55
3.9075 2.82757 0.6225 -0.805666 0.59237 0 71 70 58
3.91137 2.8125 0.6525 0 0 0 96 95 83
3.91405 2.8275 0.5175 0 0 0 123 117 99
3.91131 2.8275 0.5325 0 0 0 122 115 98
3.9136 2.8275 0.5775 0 0 0 85 82 69
3.90878 2.8275 0.5925 1 2.68292e-16 0 70 68 56
3.9375 2.87236 0.4875 -0.547009 -0.832083 -0.0917617 30 28 16
3.9372 2.8725 0.4875 -0.826288 -0.563062 0.0145122 30 28 16
3.9375 2.8704 0.5025 -0.506714 -0.860097 0.0589411 34 33 21
3.93447 2.8725 0.5025 -0.910316 -0.404295 0.0887221 28 28 16
3.9375 2.8725 0.512234 -0.800193 -0.514314 0.308501 27 27 15
3.9375 2.86992 0.5325 -0.735294 -0.675648 -0.0533157 33 32 20
3.93442 2.8725 0.5325 -0.899642 -0.393442 -0.189337 26 26 14
3.9375 2.8725 0.522699 -0.803083 -0.50336 -0.318884 27 27 15
3.9375 2.86871 0.5475 -0.85259 -0.519797 -0.0538622 34 33 21
3.93519 2.8725 0.5475 -0.796752 -0.603801 -0.0247264 27 27 15
3.9375 2.86701 0.5625 -0.8454 -0.521716 0.114505 41 41 30
3.93415 2.8725 0.5625 -0.853136 -0.520268 0.0384675 29 31 20
3.9375 2.8725 0.57258 -0.815113 -0.508835 0.276908 28 30 19
3.92744 2.8875 0.4875 -0.890116 -0.453161 0.0483542 23 26 17
3.93109 2.8875 0.5025 -0.960933 -0.216411 0.172551 25 28 19
3.9375 2.87755 0.5175 -0.89401 -0.426913 -0.135986 27 28 16
3.93283 2.8875 0.5175 -0.951484 -0.307254 0.0165621 26 29 19
3.93104 2.8875 0.5325 -0.968971 -0.218463 -0.115628 26 28 17
3.94079 2.8725 0.5175 -0.69144 -0.718564 0.0746841 28 27 15
3.93925 2.8725 0.5775 -0.802321 -0.524286 0.285316 28 30 19
3.94076 2.8725 0.5925 0 0 0 29 30 22
3.94208 2.8725 0.6075 0 0 0 27 28 20
3.66542 2.3925 0.0075 -0.482853 0.745187 0.459946 134 103 69
3.6675 2.3925 0.00968079 -0.387372 0.53358 0.751822 143 113 78
3.6675 2.39385 0.0075 -0.326676 0.527285 0.784381 130 100 67
3.6825 2.38003 0.0225 -0.403104 0.373725 0.835366 198 169 126
3.6825 2.3925 0.016919 -0.25321 0.588374 0.76792 194 165 124
3.6825 2.40313 0.0075 -0.251031 0.623802 0.740172 121 93 63
3.6975 2.3925 0.0195999 -0.164833 0.646655 0.74476 196 168 123
3.6975 2.40644 0.0075 -0.158911 0.659303 0.734893 148 121 87
3.1725 2.86905 0.4125 -0.948936 -0.244027 -0.19993 43 42 33
3.17183 2.8725 0.4125 -0.988912 -0.0569198 -0.137162 45 43 34
3.1725 2.8725 0.411829 -0.760549 -0.220764 -0.610596 44 43 34
3.1725 2.85912 0.4275 -0.862937 -0.145288 0.483974 51 54 51
3.17109 2.8725 0.4275 -0.998687 -0.0495825 0.0128426 51 53 48
3.1725 2.8725 0.429897 -0.555949 -0.0498204 0.829722 53 57 53
3.1875 2.81735 0.4125 -0.939402 -0.327295 -0.101989 43 43 34
3.18544 2.8275 0.4125 -0.949652 -0.176862 -0.258614 44 45 40
3.1875 2.8275 0.410795 -0.740465 -0.199618 -0.641767 45 46 41
3.1875 2.81758 0.4275 -0.806422 -0.376811 0.455738 50 55 53
3.18452 2.8275 0.4275 -0.966122 -0.257976 -0.00750098 50 55 53
3.1875 2.8275 0.432119 -0.517155 -0.196089 0.833127 54 61 60
3.18303 2.8425 0.4125 -0.900425 -0.250706 -0.355502 44 44 40
3.1875 2.8425 0.405778 -0.805288 -0.196537 -0.559361 44 43 39
3.17913 2.8425 0.4275 -0.934802 -0.340987 0.0993617 52 55 53
3.1875 2.8425 0.435514 -0.440641 -0.146166 0.885704 59 65 68
3.17774 2.8575 0.4125 -0.837334 -0.329972 -0.435878 46 45 39
3.1875 2.8575 0.401486 -0.780774 -0.268217 -0.564315 42 41 36
3.17281 2.8575 0.4275 -0.896565 -0.324293 0.301672 51 54 52
3.1875 2.8575 0.437006 -0.396891 -0.10196 0.912185 59 67 72
3.1875 2.86052 0.3975 -0.747448 -0.325107 -0.579333 41 40 33
3.18307 2.8725 0.3975 -0.783028 -0.12737 -0.608806 56 53 44
3.1875 2.8725 0.393069 -0.698568 -0.143361 -0.701035 48 45 37
3.1875 2.8725 0.43868 -0.34919 -0.0381767 0.936274 61 70 76
3.2025 2.78177 0.4275 -0.725063 -0.401604 0.559461 46 50 46
3.20212 2.7825 0.4275 -0.939539 -0.339846 -0.0420928 47 50 46
3.2025 2.7825 0.426467 -0.844671 -0.494397 -0.20519 46 50 46
3.2025 2.7825 0.427997 -0.536993 -0.160619 0.828155 47 51 47
3.2025 2.78713 0.4125 -0.813683 -0.444167 -0.375015 38 40 35
3.19767 2.7975 0.4125 -0.858144 -0.421206 -0.293554 45 46 39
3.2025 2.7975 0.409139 -0.645875 -0.414985 -0.640807 45 47 41
3.19798 2.7975 0.4275 -0.906492 -0.381266 0.181406 50 55 51
3.2025 2.7975 0.431122 -0.507893 -0.212791 0.834724 53 60 57
3.2025 2.81008 0.3975 -0.612466 -0.522522 -0.593174 49 47 36
3.20077 2.8125 0.3975 -0.760552 -0.266045 -0.592268 54 50 39
3.2025 2.8125 0.395769 -0.623895 -0.321635 -0.712254 53 50 38
3.18999 2.8125 0.4125 -0.865083 -0.350083 -0.359267 43 44 34
3.1905 2.8125 0.4275 -0.805236 -0.41278 0.425685 50 55 53
3.2025 2.8125 0.436273 -0.411467 -0.224619 0.883313 57 64 65
3.19793 2.8275 0.3975 -0.742896 -0.182655 -0.644005 49 47 37
3.2025 2.8275 0.392929 -0.673918 -0.121083 -0.728817 57 54 42
3.2025 2.8275 0.439606 -0.271533 -0.0993631 0.957286 58 67 71
3.19242 2.8425 0.3975 -0.706754 -0.290628 -0.645007 42 41 36
3.2025 2.8425 0.392167 -0.63237 -0.251128 -0.732832 52 51 45
3.2025 2.8425 0.439845 -0.239927 -0.063474 0.968714 58 70 75
3.2025 2.85404 0.3825 -0.548149 -0.531684 -0.645635 40 39 32
3.19906 2.8575 0.3825 -0.77927 -0.167145 -0.603987 34 33 27
3.2025 2.8575 0.379063 -0.582891 -0.214343 -0.78377 34 34 27
3.18959 2.8575 0.3975 -0.797456 -0.182361 -0.57516 42 41 34
3.2025 2.8575 0.440839 -0.193216 -0.0749184 0.978292 58 70 77
3.19773 2.8725 0.3825 -0.749656 -0.0900249 -0.655676 42 40 31
3.2025 2.8725 0.377732 -0.705966 -0.0567881 -0.705966 36 35 25
3.2025 2.8725 0.441971 -0.140599 -0.0476161 0.988921 58 69 81
3.2175 2.75102 0.4125 -0.821419 -0.536857 -0.192497 35 40 36
3.21652 2.7525 0.4125 -0.927429 -0.254819 -0.273757 35 40 36
3.2175 2.7525 0.411419 -0.675835 -0.409484 -0.612837 35 40 36
3.2175 2.74684 0.4275 -0.823557 -0.499286 0.269197 44 48 44
3.21453 2.7525 0.4275 -0.951948 -0.304551 -0.0323157 44 48 44
3.2175 2.7525 0.432149 -0.56979 -0.19333 0.798726 48 53 49
3.21292 2.7675 0.4125 -0.902321 -0.316938 -0.292178 38 41 37
3.2175 2.7675 0.40361 -0.771386 -0.354124 -0.528735 35 38 34
3.21036 2.7675 0.4275 -0.920413 -0.373329 0.11604 48 50 47
3.2175 2.7675 0.435221 -0.539729 -0.182766 0.82176 53 58 58
3.2175 2.77314 0.3975 -0.818323 -0.311558 -0.48299 36 38 34
3.21495 2.7825 0.3975 -0.813175 -0.241048 -0.529757 41 43 38
3.2175 2.7825 0.395037 -0.674085 -0.240619 -0.698364 40 42 37
3.20575 2.7825 0.4125 -0.836599 -0.364869 -0.408623 38 40 35
3.2175 2.7825 0.437317 -0.445793 -0.134394 0.88499 53 62 64
3.21214 2.7975 0.3975 -0.736689 -0.32083 -0.595279 47 45 39
3.2175 2.7975 0.39217 -0.692278 -0.289732 -0.660914 43 42 36
3.2175 2.7975 0.44033 -0.387272 -0.115535 0.914698 52 63 66
3.2175 2.8125 0.383118 -0.653985 -0.306441 -0.691663 61 57 47
3.2175 2.8125 0.442018 -0.229065 -0.0783862 0.97025 55 65 70
3.2175 2.81365 0.3825 -0.678227 -0.19799 -0.707678 62 57 47
3.21373 2.8275 0.3825 -0.721477 -0.147871 -0.676465 65 61 48
3.2175 2.8275 0.378727 -0.586856 -0.207667 -0.782608 68 63 49
3.2175 2.8275 0.441572 -0.110361 -0.043865 0.992923 57 69 78
3.2107 2.8425 0.3825 -0.747088 -0.341945 -0.570029 54 51 43
3.2175 2.8425 0.372715 -0.635038 -0.188672 -0.749086 74 69 57
3.2175 2.8425 0.442213 -0.0721744 -0.0208874 0.997173 56 69 78
3.2175 2.8575 0.374954 -0.261496 0.142492 -0.954629 34 33 27
3.2175 2.8575 0.442247 -0.0557459 -0.00822085 0.998411 52 67 75
3.2175 2.86652 0.3675 -0.588141 -0.555139 -0.588141 24 24 17
3.21185 2.8725 0.3675 -0.702973 -0.107978 -0.702973 32 31 24
3.2175 2.8725 0.361854 -0.694966 -0.184509 -0.694966 32 31 24
3.2175 2.863 0.4425 0.104645 -0.0411535 0.993658 53 67 76
3.21017 2.8725 0.4425 -0.0615768 -0.00967937 0.998055 56 68 80
3.2175 2.8725 0.442886 0 0 1 54 66 79
3.2175 2.88357 0.4425 -0.0311248 0.0386441 0.998768 54 67 80
3.2325 2.69979 0.4275 -0.862927 -0.501967 0.0581926 38 41 36
3.22913 2.7075 0.4275 -0.994487 -0.052987 -0.0904848 38 41 36
3.2325 2.7075 0.424254 -0.795988 -0.164496 -0.582532 43 46 40
3.2325 2.7038 0.4425 -0.74868 -0.501287 0.433809 50 57 59
3.23159 2.7075 0.4425 -0.982754 -0.0461385 0.179071 50 57 60
3.2325 2.7075 0.443293 -0.394301 0.0881954 0.91474 51 58 61
3.23113 2.7225 0.4275 -0.973393 -0.221405 -0.0590486 46 52 49
3.2325 2.7225 0.424899 -0.864404 -0.150479 -0.479751 45 51 48
3.2325 2.71 0.4425 -0.523823 0.55284 0.648057 51 58 61
3.2325 2.7225 0.430597 -0.578917 -0.0174093 0.815201 48 55 54
3.2325 2.7291 0.4125 -0.740406 -0.527611 -0.416444 39 42 38
3.22728 2.7375 0.4125 -0.797421 -0.504624 -0.330869 36 40 36
3.2325 2.7375 0.406323 -0.681326 -0.458934 -0.570241 36 40 36
3.22331 2.7375 0.4275 -0.860199 -0.499301 0.103717 45 50 47
3.2325 2.7375 0.43861 -0.497164 -0.308159 0.811089 51 59 64
3.2325 2.74885 0.3975 -0.705796 -0.425673 -0.566264 34 36 33
3.23027 2.7525 0.3975 -0.675413 -0.403269 -0.617407 33 35 32
3.2325 2.7525 0.395047 -0.725355 -0.404971 -0.556649 33 35 32
3.2325 2.7525 0.440129 -0.317596 -0.0988247 0.943062 53 61 67
3.22068 2.7675 0.3975 -0.653985 -0.360269 -0.665214 34 37 33
3.2325 2.7675 0.38742 -0.700109 -0.318983 -0.638825 32 35 31
3.2325 2.7675 0.442195 -0.400248 -0.137146 0.906086 53 64 68
3.2325 2.77412 0.3825 -0.726922 -0.327221 -0.603747 31 34 31
3.22929 2.7825 0.3825 -0.714034 -0.230414 -0.661109 35 38 34
3.2325 2.7825 0.37929 -0.699935 -0.208223 -0.683179 30 33 30
3.2325 2.77027 0.4425 -0.0882389 -0.0744944 0.99331 53 64 70
3.22899 2.7825 0.4425 -0.37465 -0.0992767 0.921836 54 66 73
3.2325 2.7825 0.443368 -0.0304974 -0.0245515 0.999233 55 67 75
3.22499 2.7975 0.3825 -0.664494 -0.255369 -0.702307 43 43 38
3.2325 2.7975 0.376395 -0.661742 -0.156743 -0.733164 40 42 37
3.22525 2.7975 0.4425 -0.276612 -0.0362305 0.960298 52 65 71
3.2325 2.7975 0.443702 0.0159719 0.0252656 0.999553 52 65 74
3.21796 2.8125 0.3825 -0.56977 -0.242873 -0.785095 62 57 47
3.2325 2.8125 0.372091 -0.567309 -0.220441 -0.793452 44 42 34
3.2325 2.80988 0.4425 -0.0668214 0.115527 0.991054 52 64 76
3.2325 2.8125 0.442174 -0.039551 -0.0157724 0.999093 52 64 76
3.2325 2.8275 0.36877 -0.543847 -0.181374 -0.81935 67 63 50
3.2325 2.8275 0.44181 -0.0344931 0.0127616 0.999323 50 63 78
3.2325 2.8425 0.442063 0.0103046 0.00062939 0.999947 50 64 77
3.2325 2.8575 0.442359 0.0275788 0.0390407 0.998857 52 65 80
3.21947 2.8725 0.4425 0.179652 0.00563147 0.983714 53 66 79
3.2325 2.8725 0.440148 0.047417 0.0276727 0.998492 52 66 80
3.2475 2.67494 0.4275 -0.61733 -0.714736 0.328719 35 40 37
3.24592 2.6775 0.4275 -0.841907 -0.528564 -0.108685 35 40 37
3.2475 2.6775 0.426323 -0.608073 -0.588719 -0.532596 35 40 37
3.2475 2.6775 0.434281 -0.668613 -0.614698 0.418453 43 50 50
3.2475 2.6894 0.4125 -0.628905 -0.571386 -0.527253 33 35 29
3.24502 2.6925 0.4125 -0.776931 -0.367779 -0.510995 33 35 29
3.2475 2.6925 0.409997 -0.623053 -0.412629 -0.664486 32 34 28
3.23685 2.6925 0.4275 -0.861995 -0.441858 -0.248446 39 43 40
3.2475 2.6854 0.4425 -0.471479 -0.481982 0.738513 52 61 65
3.24154 2.6925 0.4425 -0.778151 -0.524939 0.344848 50 59 62
3.2475 2.6925 0.445818 -0.255294 -0.26915 0.928646 52 62 69
3.23981 2.7075 0.4125 -0.819416 -0.185693 -0.542288 44 46 40
3.2475 2.7075 0.404037 -0.681777 -0.248586 -0.68803 36 37 31
3.2475 2.7075 0.450051 -0.21188 0.205841 0.955372 50 62 70
3.23782 2.7225 0.4125 -0.792034 -0.318143 -0.521026 40 44 39
3.2475 2.7225 0.399987 -0.740395 -0.308773 -0.597055 38 41 37
3.2475 2.72035 0.4425 -0.300454 0.547355 0.781108 56 67 78
3.2475 2.7225 0.440632 -0.367518 0.0192788 0.929816 56 68 78
3.2475 2.72464 0.3975 -0.67302 -0.42673 -0.604107 38 40 36
3.23932 2.7375 0.3975 -0.681214 -0.431279 -0.591562 36 38 34
3.2475 2.7375 0.389391 -0.653651 -0.469848 -0.593282 36 38 34
3.2475 2.7375 0.44216 -0.26014 -0.163245 0.951671 58 67 84
3.2475 2.74403 0.3825 -0.663671 -0.548977 -0.5081 35 37 33
3.24082 2.7525 0.3825 -0.759669 -0.352446 -0.546521 33 35 31
3.2475 2.7525 0.373185 -0.645144 -0.423363 -0.636044 31 34 30
3.2475 2.74283 0.4425 -0.0676747 -0.0505953 0.996424 58 68 83
3.24409 2.7525 0.4425 -0.186149 -0.0740847 0.979725 56 67 79
3.2475 2.7525 0.442949 -0.061999 -0.016595 0.997938 57 69 82
3.23604 2.7675 0.3825 -0.743078 -0.278566 -0.608471 30 33 30
3.2475 2.7675 0.368435 -0.702051 -0.231033 -0.673608 32 34 30
3.23724 2.7675 0.4425 -0.113118 -0.0665501 0.99135 53 65 71
3.2475 2.7675 0.44297 -0.0222213 -0.00341372 0.999747 54 69 76
3.2475 2.77009 0.3675 -0.801058 -0.175339 -0.572331 31 33 29
3.24478 2.7825 0.3675 -0.710476 -0.14511 -0.688598 25 28 24
3.2475 2.7825 0.36384 -0.795252 -0.139788 -0.589944 31 34 30
3.2475 2.7825 0.442559 -0.0160702 0.00136935 0.99987 50 65 77
3.24199 2.7975 0.3675 -0.677229 -0.128602 -0.724446 37 37 32
3.2475 2.7975 0.361006 -0.768171 -0.0906855 -0.63379 32 34 28
3.2475 2.78667 0.4425 0.0736796 0.0129221 0.997198 51 65 77
3.24601 2.7975 0.4425 0.0894587 0.0578206 0.994311 52 64 77
3.2475 2.7975 0.442353 -0.00428966 0.0082951 0.999956 52 64 78
3.23695 2.8125 0.3675 -0.551483 -0.185329 -0.813338 45 42 36
3.2475 2.8125 0.360346 -0.642491 -0.124597 -0.756096 45 44 38
3.2475 2.80065 0.4425 -0.088148 -0.0448514 0.995097 52 64 78
3.23757 2.8125 0.4425 -0.057218 -0.0232472 0.998091 52 63 77
3.2475 2.8125 0.443032 -0.0867623 -0.0301062 0.995774 51 63 78
3.23785 2.8275 0.4425 -0.0961514 0.0207823 0.99515 49 63 78
3.2475 2.8275 0.443558 -0.0135184 0.0504807 0.998634 47 62 79
3.2475 2.84215 0.4425 -0.0299354 0.0750856 0.996728 47 64 83
3.2475 2.8425 0.442472 0.0363593 0.06532 0.997202 47 64 83
3.2475 2.8575 0.440676 0.0554807 0.0289086 0.998041 44 65 86
3.2475 2.8725 0.440954 0.0204195 0.0216526 0.999557 46 65 87
3.2625 2.6608 0.4275 -0.636283 -0.7597 0.134168 42 46 47
3.26048 2.6625 0.4275 -0.648198 -0.685222 0.332129 41 46 47
3.2625 2.6625 0.426086 -0.649407 -0.606331 -0.458948 42 46 47
3.2625 2.6625 0.43145 -0.44737 -0.693284 0.564994 45 51 53
3.2625 2.67149 0.4125 -0.667165 -0.579068 -0.468584 34 37 34
3.25812 2.6775 0.4125 -0.648229 -0.577167 -0.496666 35 38 34
3.2625 2.6775 0.40755 -0.610944 -0.508216 -0.607012 35 38 34
3.2625 2.67302 0.4425 -0.34762 -0.534196 0.770581 51 61 66
3.25611 2.6775 0.4425 -0.523002 -0.645427 0.556681 51 61 65
3.2625 2.6775 0.444341 -0.154323 -0.290787 0.94426 51 62 67
3.2625 2.6908 0.3975 -0.641185 -0.454589 -0.618248 34 35 28
3.26135 2.6925 0.3975 -0.630915 -0.361364 -0.686558 33 34 27
3.2625 2.6925 0.39652 -0.610484 -0.397633 -0.68498 34 34 27
3.2625 2.6925 0.448606 -0.10721 -0.204564 0.972964 52 66 77
3.25435 2.7075 0.3975 -0.665981 -0.25144 -0.702316 37 38 33
3.2625 2.7075 0.38991 -0.617855 -0.247984 -0.746163 34 34 29
3.2625 2.7075 0.451084 -0.0933335 0.166098 0.981682 49 64 74
3.24883 2.7225 0.3975 -0.64043 -0.337788 -0.689745 38 41 37
3.2625 2.7225 0.38557 -0.628765 -0.338869 -0.699874 60 61 57
3.2625 2.72245 0.4425 -0.0675454 0.51393 0.855169 57 73 86
3.2625 2.7225 0.442468 -0.102807 -0.0807016 0.991422 57 73 86
3.2625 2.72613 0.3825 -0.658331 -0.52344 -0.540936 57 58 54
3.25322 2.7375 0.3825 -0.646518 -0.545823 -0.533002 35 38 33
3.2625 2.7375 0.371056 -0.472714 -0.440106 -0.763445 56 58 53
3.2625 2.7234 0.4425 -0.1078 -0.032551 0.99364 57 73 86
3.25323 2.7375 0.4425 -0.053412 -0.040908 0.997734 57 68 85
3.2625 2.7375 0.442961 -0.0852727 -0.029217 0.995929 56 70 87
3.2625 2.74476 0.3675 -0.241696 -0.552278 -0.797855 49 51 46
3.25644 2.7525 0.3675 -0.508244 -0.235788 -0.828307 33 36 31
3.2625 2.7525 0.361721 -0.338366 -0.636255 -0.693317 35 38 33
3.2625 2.7525 0.444122 -0.0314156 -0.0145185 0.999401 54 69 82
3.25054 2.7675 0.3675 -0.349002 -0.137475 -0.926983 31 33 29
3.2625 2.7675 0.362788 -0.501979 -0.0682008 -0.862187 30 30 26
3.2625 2.7675 0.443342 -0.049322 0.0117991 0.998713 53 69 81
3.2625 2.7825 0.4434 -0.0454562 -0.00558335 0.998951 51 66 80
3.2625 2.78585 0.3525 -0.930441 -0.188457 -0.314266 27 26 22
3.26014 2.7975 0.3525 -0.85485 -0.152637 -0.495916 25 25 20
3.2625 2.7975 0.345516 -0.943807 -0.0872188 -0.31878 20 22 17
3.24877 2.7975 0.4425 -0.111183 0.00325089 0.993795 52 64 78
3.2625 2.7975 0.444029 -0.0594703 -0.0276057 0.997848 48 63 79
3.25526 2.8125 0.3525 -0.691576 -0.224858 -0.686412 40 38 31
3.2625 2.8125 0.34521 -0.821846 -0.139254 -0.552429 34 36 29
3.2625 2.8125 0.444385 0.0275235 0.0514934 0.998294 47 65 86
3.2625 2.82261 0.4425 0.138511 0.18344 0.973224 42 64 87
3.25548 2.8275 0.4425 0.132025 0.100882 0.9861 43 63 84
3.2625 2.8275 0.441552 0.0459726 0.0550804 0.997423 40 65 89
3.2625 2.8425 0.44134 0.0431445 0.0392154 0.998299 33 62 93
3.2625 2.8575 0.440043 0.00800108 0.0452774 0.998942 34 70 109
3.2625 2.8725 0.440175 0.0254752 0.00246371 0.999672 36 71 119
3.2775 2.6564 0.4125 -0.624858 -0.647028 -0.43693 35 39 36
3.27114 2.6625 0.4125 -0.619307 -0.600854 -0.505405 34 38 36
3.2775 2.6625 0.405947 -0.603076 -0.571866 -0.556119 31 34 31
3.2775 2.64756 0.4275 -0.606691 -0.752971 0.254875 44 48 46
3.2775 2.6625 0.440977 -0.399243 -0.630021 0.666092 52 62 68
3.2775 2.6707 0.3975 -0.591078 -0.503324 -0.630311 28 30 25
3.27199 2.6775 0.3975 -0.605814 -0.484169 -0.631324 34 34 29
3.2775 2.6775 0.393969 -0.519026 -0.443434 -0.730738 32 33 28
3.2775 2.66612 0.4425 -0.173564 -0.306602 0.93588 52 64 71
3.2775 2.6775 0.446052 -0.103376 -0.252451 0.962072 52 66 76
3.2775 2.69238 0.3825 -0.387725 -0.56301 -0.729855 34 33 27
3.27738 2.6925 0.3825 -0.622275 -0.332036 -0.708891 34 33 27
3.2775 2.6925 0.382398 -0.345558 -0.235771 -0.908296 34 33 27
3.2775 2.6925 0.449567 -0.0911229 -0.188516 0.977834 50 66 78
3.27351 2.7075 0.3825 -0.599187 -0.251698 -0.760015 34 34 30
3.2775 2.7075 0.378641 -0.405219 -0.24344 -0.881212 33 34 29
3.2775 2.7075 0.451851 -0.132075 0.0899838 0.987147 46 62 72
3.26515 2.7225 0.3825 -0.583989 -0.464647 -0.665628 60 60 57
3.2775 2.7225 0.372631 -0.379108 -0.303951 -0.874009 36 36 33
3.2627 2.7225 0.4425 -0.126183 0.471152 0.87298 57 73 86
3.2775 2.7225 0.44464 -0.195238 0.260875 0.945424 52 70 81
3.2775 2.7375 0.375702 0.290377 0.191936 -0.937466 93 94 90
3.2775 2.7375 0.445111 -0.0551947 0.0251581 0.998159 51 68 82
3.2775 2.74642 0.3675 -0.103622 -0.807291 -0.580985 86 86 81
3.2775 2.7525 0.354072 -0.205939 -0.891322 -0.403899 34 35 30
3.2775 2.7525 0.443757 -0.0302058 0.0174607 0.999391 50 67 82
3.2775 2.75568 0.3525 -0.657569 -0.356663 -0.663622 33 34 28
3.27109 2.7675 0.3525 -0.638919 -0.260989 -0.723649 30 31 26
3.2775 2.7675 0.346148 -0.679511 -0.26075 -0.685765 29 30 26
3.2775 2.7675 0.444085 0.00171478 -0.00438424 0.999989 46 66 83
3.26455 2.7825 0.3525 -0.597278 -0.260442 -0.75857 28 27 23
3.2775 2.7825 0.342303 -0.63193 -0.232545 -0.739315 28 29 24
3.2775 2.7825 0.444444 0.0020716 0.0136462 0.999905 42 62 83
3.2775 2.78598 0.3375 -0.55143 -0.505726 -0.66345 28 28 23
3.26682 2.7975 0.3375 -0.645411 -0.0213163 -0.763538 19 22 17
3.2775 2.7975 0.328718 -0.612336 -0.252721 -0.749117 22 23 18
3.2775 2.7975 0.443984 0.040625 0.0351848 0.998555 42 65 91
3.27445 2.8125 0.3375 -0.661917 0.336828 -0.669636 24 25 19
3.2775 2.8125 0.334487 -0.622133 0.297544 -0.724168 19 20 15
3.2775 2.80923 0.4425 0.122275 0.125591 0.984518 34 61 95
3.27484 2.8125 0.4425 0.15246 0.174545 0.972774 35 61 95
3.2775 2.8125 0.442054 0.058204 0.0454357 0.99727 32 60 97
3.2775 2.8275 0.441929 0.0184968 0.0420162 0.998946 26 65 116
3.2775 2.8425 0.440557 0.0288167 0.0490853 0.998379 41 89 152
3.2775 2.8575 0.44063 0.0474288 0.00988346 0.998826 47 98 169
3.2775 2.8725 0.440677 0.0326044 0.0428269 0.99855 51 101 173
3.2925 2.65542 0.3975 -0.597911 -0.594002 -0.538204 33 35 31
3.28476 2.6625 0.3975 -0.591425 -0.555719 -0.584288 27 29 26
3.2925 2.6625 0.38994 -0.513164 -0.410434 -0.753795 26 28 24
3.2925 2.65703 0.4425 -0.348864 -0.478221 0.805977 53 65 72
3.28261 2.6625 0.4425 -0.280073 -0.554383 0.783721 53 64 71
3.2925 2.6625 0.444503 -0.0974755 -0.208681 0.973114 53 66 75
3.2925 2.6775 0.384737 -0.474572 -0.341555 -0.811247 29 31 27
3.2925 2.6775 0.446697 -0.0615824 -0.213682 0.97496 50 65 76
3.2925 2.68209 0.3825 -0.396441 -0.531183 -0.748785 30 32 28
3.2925 2.6925 0.375026 -0.429366 -0.229017 -0.873611 33 34 29
3.2925 2.6925 0.451417 -0.0206641 -0.172192 0.984847 47 61 77
3.2925 2.7075 0.375838 -0.319821 -0.0925646 -0.942946 37 36 33
3.2925 2.7075 0.452905 -0.0017578 -0.0532754 0.998578 41 59 77
3.2925 2.7225 0.452078 -0.147554 0.340707 0.928519 37 57 82
3.2925 2.73234 0.3675 -0.57735 -0.57735 -0.57735 38 38 34
3.28734 2.7375 0.3675 -0.57735 -0.57735 -0.57735 80 80 75
3.2925 2.7375 0.362341 -0.57735 -0.57735 -0.57735 79 79 74
3.2925 2.7375 0.44465 -0.0383107 0.191343 0.980775 46 66 87
3.2925 2.75 0.3525 -0.190848 -0.818077 -0.542519 94 94 89
3.28178 2.7525 0.3525 -0.190848 -0.818077 -0.542519 48 48 43
3.2925 2.7525 0.34873 -0.190848 -0.818077 -0.542519 68 69 63
3.2925 2.7525 0.444526 0.0574796 0.0408941 0.997509 46 70 94
3.2925 2.76746 0.3075 0 -1 0 27 31 28
3.29244 2.7675 0.3075 -1 0 0 27 31 28
3.2925 2.7675 0.307444 0 0 -1 27 31 28
3.2925 2.7675 0.307685 0 0 1 27 31 28
3.2925 2.76161 0.3375 -0.563169 -0.699819 -0.439425 29 30 25
3.28518 2.7675 0.3375 -0.749798 -0.350335 -0.561309 29 31 26
3.2925 2.7675 0.328115 -0.702133 -0.454823 -0.547855 29 31 26
3.2925 2.7675 0.443846 0.0634262 0.0257043 0.997655 41 66 94
3.2925 2.76764 0.3075 0 1 0 27 31 28
3.2925 2.77967 0.3225 -0.739757 -0.346469 -0.576818 31 33 29
3.29081 2.7825 0.3225 -0.775971 -0.279368 -0.565529 32 33 29
3.2925 2.7825 0.320219 -0.759651 -0.452672 -0.466925 31 33 29
3.28058 2.7825 0.3375 -0.733549 -0.340125 -0.588406 29 30 25
3.2925 2.7825 0.443646 0.0936515 0.0248072 0.995296 39 67 99
3.28535 2.7975 0.3225 -0.78871 -0.199575 -0.58147 24 24 20
3.2925 2.7975 0.313605 -0.772548 -0.155824 -0.615539 24 25 21
3.2925 2.7975 0.442562 0.100604 0.0540957 0.993455 24 62 101
3.28948 2.8125 0.3225 -0.917493 0.25263 -0.30722 16 17 11
3.2925 2.8125 0.313473 -0.863666 0.116745 -0.490358 15 18 12
3.2925 2.79819 0.4425 0.0866657 0.117913 0.989235 24 62 104
3.2925 2.8125 0.440913 0.147526 0.0442735 0.988067 37 82 151
3.2925 2.8275 0.440811 0.118085 -0.00384504 0.992996 47 100 180
3.2925 2.8425 0.440651 0.0480871 0.0547477 0.997342 40 97 183
3.2925 2.8575 0.439035 0.0644192 0.0572247 0.996281 37 96 183
3.2925 2.8725 0.439202 0.12329 0.0309775 0.991887 40 103 193
3.3075 2.6625 0.383473 -0.472834 -0.303622 -0.827189 29 30 26
3.3075 2.6625 0.44493 -0.0513208 -0.176751 0.982917 52 65 77
3.3075 2.66337 0.3825 -0.587722 -0.552793 -0.590764 29 31 26
3.2942 2.6775 0.3825 -0.584872 -0.550572 -0.595646 29 31 27
3.3075 2.6775 0.370008 -0.575415 -0.54167 -0.612774 29 29 25
3.3075 2.6775 0.448549 -0.0333681 -0.182057 0.982722 46 62 73
3.3075 2.68115 0.3675 -0.483511 -0.435625 -0.759242 29 29 24
3.29727 2.6925 0.3675 -0.483511 -0.435625 -0.759242 33 33 28
3.3075 2.6925 0.360985 -0.483511 -0.435625 -0.759242 38 39 35
3.3075 2.6925 0.451159 0.00866145 -0.104819 0.994454 42 59 77
3.3075 2.7075 0.450963 0.0770288 -0.0411991 0.996177 33 55 86
3.3075 2.7225 0.45216 0.0530533 0.265076 0.962767 33 65 112
3.3075 2.7375 0.442857 0.0587492 0.339269 0.938853 35 64 102
3.3075 2.74404 0.4425 0.0897696 0.051498 0.99463 31 64 107
3.30509 2.7525 0.4425 0.18666 0.0702156 0.979912 30 66 110
3.3075 2.7525 0.442057 0.10591 0.115651 0.987627 27 66 114
3.29297 2.7675 0.3075 1 0 0 27 31 28
3.3075 2.76346 0.3225 -0.252093 -0.917585 -0.307388 28 29 23
3.29827 2.7675 0.3225 -0.640007 -0.59209 -0.489715 27 29 24
3.3075 2.7675 0.310443 -0.441973 -0.758089 -0.479542 32 33 28
3.29851 2.7675 0.4425 0.251735 0.0709071 0.965195 38 66 104
3.3075 2.7675 0.440381 0.13069 0.0794711 0.988233 33 69 123
3.3075 2.7706 0.3075 -0.501679 -0.624919 -0.598159 32 33 28
3.29946 2.7825 0.3075 -0.830066 -0.194395 -0.522687 27 30 27
3.3075 2.7825 0.295561 -0.173009 -0.091376 -0.980672 23 27 23
3.29607 2.7825 0.4425 0.28966 0.0458479 0.956031 39 72 112
3.3075 2.7825 0.438839 0.126398 0.0454853 0.990936 41 90 155
3.3075 2.7892 0.2925 -0.279511 -0.959753 0.0273291 24 28 25
3.30506 2.7975 0.2925 -1 2.33267e-17 0 25 30 26
3.3075 2.7975 0.286046 -0.222563 -0.191073 -0.956011 25 30 27
3.3075 2.79451 0.3075 -0.721945 0.487935 -0.490628 26 27 22
3.3075 2.7975 0.3009 -0.950305 -0.122298 0.286293 26 29 24
3.29275 2.7975 0.4425 0.258418 0.0816477 0.962577 24 62 103
3.3075 2.7975 0.438542 0.145005 0.0365653 0.988755 41 96 167
3.3075 2.79898 0.2925 -0.684998 0.687148 -0.242088 25 29 25
3.3075 2.8125 0.438791 0.1041 0.0202292 0.994361 37 94 177
3.3075 2.8275 0.437982 0.137617 0.00706309 0.99046 34 92 179
3.3075 2.8425 0.438982 0.168386 -0.0125197 0.985642 38 102 193
3.3075 2.8575 0.438965 0.102499 0.062538 0.992765 36 101 194
3.3075 2.8725 0.43662 0.0700375 0.0569373 0.995918 36 101 195
3.30843 2.6625 0.3825 -0.580181 -0.169417 -0.796673 29 30 26
3.3225 2.6625 0.37255 -0.632837 -0.100603 -0.767721 36 39 35
3.3225 2.6625 0.446542 -0.0742838 -0.138169 0.987619 47 61 75
3.3225 2.66772 0.3675 -0.50226 -0.627374 -0.595094 35 37 33
3.31029 2.6775 0.3675 -0.50226 -0.627374 -0.595094 27 27 23
3.3225 2.6775 0.357192 -0.50226 -0.627374 -0.595094 28 28 26
3.3225 2.6775 0.448387 -0.0407396 -0.129387 0.990757 40 58 73
3.3225 2.6925 0.450408 0.0236218 -0.0755444 0.996863 32 55 79
3.3225 2.7075 0.450346 0.0243155 -0.00192356 0.999702 39 72 120
3.3225 2.7225 0.450578 0.222248 0.23336 0.946651 34 76 141
3.3225 2.7375 0.442839 0.184615 0.452023 0.872693 29 78 147
3.3225 2.73972 0.4425 0.065339 0.112567 0.991494 31 81 153
3.3225 2.7525 0.440321 0.108361 0.109417 0.988072 44 99 176
3.3225 2.76084 0.3225 -0.088308 -0.914456 -0.394932 128 127 123
3.3225 2.7675 0.309794 -0.0200842 -0.885654 -0.46391 38 38 33
3.3225 2.7675 0.438518 0.0833952 0.0712669 0.993965 40 95 176
3.3225 2.77307 0.3075 0.21308 -0.618609 -0.756253 24 25 20
3.3225 2.7825 0.301995 -0.0799075 -0.0794059 -0.993634 24 25 20
3.3225 2.7825 0.4386 0.0918224 0.0247662 0.995467 34 95 179
3.3225 2.7924 0.2925 -0.272641 -0.880422 -0.387975 25 27 22
3.3225 2.7975 0.287496 -0.470156 -0.37223 -0.800249 25 27 23
3.3096 2.7975 0.3075 -0.431384 -0.526584 -0.732542 26 27 22
3.3225 2.7975 0.438659 0.075772 0.028739 0.996711 33 97 185
3.31882 2.8125 0.2925 -0.754751 0.485132 -0.441586 21 22 18
3.3225 2.8125 0.286211 -0.508922 0.394741 -0.76497 21 23 18
3.3225 2.8125 0.437455 0.0903559 0.0503631 0.994635 34 97 188
3.3225 2.82232 0.2925 -0.821212 0.307831 -0.48047 17 18 13
3.3225 2.8275 0.437048 0.117686 0.0427805 0.992129 37 102 196
3.3225 2.8425 0.436127 0.128436 0.0151753 0.991602 36 101 195
3.3225 2.8575 0.435466 0.135224 -0.00393399 0.990807 34 99 192
3.3225 2.8725 0.436135 0.0935142 0.0203727 0.995409 36 100 194
3.3375 2.65419 0.3675 -0.560418 -0.619094 -0.55014 41 42 37
3.32832 2.6625 0.3675 -0.560418 -0.619094 -0.55014 38 40 36
3.3375 2.6625 0.358147 -0.560418 -0.619094 -0.55014 40 41 36
3.3375 2.6625 0.446638 -0.0109222 -0.146601 0.989135 43 56 69
3.3375 2.6775 0.449731 -0.0246359 -0.108492 0.993792 33 57 83
3.3375 2.68552 0.3525 -0.57735 -0.57735 -0.57735 26 28 26
3.33052 2.6925 0.3525 -0.57735 -0.57735 -0.57735 30 31 28
3.3375 2.6925 0.345522 -0.57735 -0.57735 -0.57735 34 35 33
3.3375 2.6925 0.450133 0.0018731 -0.0235806 0.99972 37 73 118
3.3375 2.7075 0.450427 0.121298 0.216462 0.968727 34 77 139
3.3375 2.72083 0.4425 0.298289 0.48183 0.823931 43 96 171
3.33601 2.7225 0.4425 0.362816 0.293681 0.884373 43 96 173
3.3375 2.7225 0.441692 0.0958789 0.157854 0.982797 44 99 176
3.32413 2.7375 0.4425 0.201891 0.160592 0.966152 31 81 152
3.3375 2.7375 0.439721 0.0907239 0.0979706 0.991045 42 100 184
3.3375 2.7525 0.438791 0.0350035 0.0545654 0.997896 36 98 188
3.3375 2.7675 0.438294 0.0334367 0.075013 0.996622 39 106 199
3.3375 2.77971 0.2625 -0.0857634 -0.996311 0.00301367 41 44 40
3.33294 2.7825 0.2625 -1 0 0 38 42 38
3.3375 2.7825 0.25971 -0.201921 -0.298234 -0.93289 43 47 43
3.3375 2.7825 0.274863 -0.861816 0 0.507221 31 33 27
3.3375 2.77689 0.2925 -0.508549 -0.798225 -0.322824 33 34 28
3.3287 2.7825 0.2925 -0.687437 -0.580293 -0.436681 26 28 23
3.3375 2.7825 0.278632 -0.682277 -0.457006 -0.570652 29 30 24
3.3375 2.7825 0.436959 0.0606602 0.0720734 0.995553 37 105 202
3.3375 2.78688 0.2625 -0.71272 0.700586 -0.0347771 34 38 33
3.3375 2.78706 0.2775 -0.468853 -0.207811 -0.858482 27 29 23
3.33443 2.7975 0.2775 -0.76032 -0.209172 -0.614948 24 26 22
3.3375 2.7975 0.274985 -0.6652 -0.329136 -0.670208 23 25 20
3.3375 2.7975 0.435981 0.132192 0.0326705 0.990686 34 104 206
3.33232 2.8125 0.2775 -0.924452 -0.00910863 -0.38119 23 25 21
3.3375 2.8125 0.2638 -0.908936 -0.0856555 -0.408043 22 27 23
3.3375 2.8125 0.435974 0.138638 0.0641961 0.98826 34 104 204
3.33257 2.8275 0.2775 -0.878916 0.163128 -0.448214 17 18 14
3.3375 2.8275 0.267839 -0.902639 0.134786 -0.408749 17 19 15
3.3375 2.8275 0.434389 0.140413 0.0446902 0.989084 34 101 198
3.3375 2.8404 0.2775 -0.843339 0.32221 -0.43007 20 21 16
3.3375 2.8425 0.433974 0.125917 -0.0067498 0.992018 36 101 195
3.3375 2.84367 0.2775 -0.662682 -0.348861 -0.662682 21 23 18
3.33022 2.8575 0.2775 -0.662682 -0.348861 -0.662682 37 35 29
3.3375 2.8575 0.27022 -0.662682 -0.348861 -0.662682 30 29 23
3.3375 2.8575 0.43476 0.0958695 -0.0146771 0.995286 35 99 191
3.3375 2.8725 0.435117 0.0868423 3.97364e-05 0.996222 35 99 191
3.3525 2.6625 0.447038 0.0221726 -0.136079 0.99045 37 53 70
3.3525 2.6775 0.449352 0.0527022 -0.103962 0.993184 38 71 110
3.3525 2.6925 0.45034 0.0567158 -0.00343812 0.998384 30 76 138
3.3525 2.7075 0.44905 0.0357581 0.271024 0.961908 39 93 170
3.3525 2.71772 0.4425 0.0588399 0.514133 0.85569 42 101 188
3.3525 2.7225 0.439898 0.0261014 0.145732 0.98898 39 99 186
3.3525 2.7375 0.439434 0.0273469 0.0584618 0.997915 42 104 198
3.3525 2.7525 0.439184 0.0209062 0.0467054 0.99869 42 106 200
3.3525 2.7675 0.437938 0.0214962 0.0893176 0.995771 34 102 199
3.3525 2.78122 0.2625 0.0971347 -0.981652 -0.164084 26 27 22
3.3525 2.7825 0.259595 -0.0714219 -0.569596 -0.818816 28 29 24
3.3525 2.78086 0.2775 0.0729444 -0.994569 0.0742352 27 28 21
3.34177 2.7825 0.2775 -0.963455 -0.256543 -0.0770701 28 29 23
3.3525 2.7825 0.436631 0.0556689 0.109718 0.992403 35 105 205
3.34696 2.7975 0.2625 -0.877184 -0.00364654 -0.480141 21 25 19
3.3525 2.7975 0.254306 -0.607737 -0.0161052 -0.793975 23 27 21
3.3525 2.7975 0.43466 0.076328 0.0863275 0.993339 31 103 207
3.33808 2.8125 0.2625 -0.751306 -0.158965 -0.640523 22 27 23
3.3525 2.8125 0.249264 -0.686189 -0.324902 -0.650832 16 21 17
3.3525 2.8125 0.433604 0.089359 0.0564913 0.994396 32 102 203
3.3525 2.81548 0.2475 -0.713587 -0.242695 -0.657186 16 20 17
3.34904 2.8275 0.2475 -0.842778 0.146765 -0.517865 19 21 18
3.342 2.8275 0.2625 -0.874239 0.259351 -0.410418 18 20 16
3.3525 2.8275 0.432144 0.0766957 0.0475192 0.995922 33 100 196
3.3525 2.83495 0.2475 -0.70822 0.395402 -0.584877 18 20 17
3.34698 2.8425 0.2625 -0.844875 0.266345 -0.463947 14 17 12
3.3525 2.8425 0.252643 -0.831185 0.285942 -0.476832 15 17 14
3.3525 2.8425 0.432485 0.0987728 -0.0069645 0.995086 35 100 192
3.34955 2.8575 0.2625 -0.750724 0.230731 -0.619013 24 25 19
3.3525 2.8575 0.258921 -0.823305 0.211089 -0.526887 21 22 17
3.3525 2.8575 0.433277 0.111531 -0.0392437 0.992986 36 99 190
3.3525 2.86045 0.2625 -0.61086 0.61086 -0.503688 28 28 22
3.3525 2.8725 0.432978 0.088531 -0.00274048 0.99607 36 98 188
3.3675 2.6625 0.446235 0.0306769 -0.0783293 0.996455 35 52 72
3.3675 2.6775 0.448301 0.0812074 -0.0852833 0.993042 28 67 117
3.3675 2.6925 0.448024 0.0575108 -0.0298284 0.997899 35 89 164
3.3675 2.7075 0.448535 0.016218 0.235401 0.971763 32 91 174
3.3675 2.71809 0.4425 -0.0173515 0.501043 0.865248 36 100 193
3.3675 2.7225 0.440082 -0.00903194 0.153274 0.988142 39 104 198
3.3675 2.7375 0.439942 0.0242047 0.0718085 0.997125 40 103 198
3.3675 2.7525 0.438069 0.0606332 0.0551803 0.996634 36 101 197
3.3675 2.7675 0.437784 0.0586948 0.100488 0.993205 35 102 199
3.36318 2.7825 0.2625 0.210357 -0.976884 -0.0380445 33 34 27
3.35414 2.7825 0.2775 0.650494 -0.650494 0.392064 39 40 34
3.3675 2.7825 0.435315 0.0566956 0.122507 0.990847 32 102 200
3.3675 2.79135 0.2475 -0.461545 -0.811527 -0.358329 36 36 30
3.35669 2.7975 0.2475 -0.58502 -0.522436 -0.620332 24 28 22
3.3675 2.78308 0.2625 -0.0817352 -0.754206 -0.651531 36 37 30
3.3675 2.7975 0.433256 0.03883 0.0892464 0.995252 30 101 203
3.3675 2.8125 0.432467 0.0503863 0.0566501 0.997122 31 102 200
3.3675 2.8275 0.432392 0.0631919 0.0300067 0.99755 34 100 194
3.3675 2.8425 0.431919 0.0482735 0.0367778 0.998157 34 98 190
3.3675 2.8575 0.430698 0.0992491 -0.0222463 0.994814 36 98 187
3.3675 2.8725 0.432482 0.104334 -0.0332918 0.993985 36 98 186
3.5025 2.57002 0.6075 -0.210512 -0.971003 0.113306 121 136 158
3.49971 2.5725 0.6075 -0.987449 -0.139556 -0.0739465 118 132 154
3.5025 2.5725 0.605457 -0.300741 -0.270014 -0.914684 120 134 155
3.5025 2.5725 0.618491 -0.778028 -0.483297 0.401368 115 142 180
3.50007 2.5875 0.6075 -0.971432 0.20823 -0.113844 123 139 159
3.5025 2.5875 0.605073 -0.477305 0.084021 -0.874712 122 137 154
3.5025 2.58149 0.6225 -0.492976 -0.315121 0.810971 118 149 192
3.50006 2.5875 0.6225 -0.984896 -0.011212 0.172786 122 151 194
3.5025 2.5875 0.625227 -0.640179 -0.0920494 0.762691 118 149 193
3.5025 2.59181 0.6075 -0.533543 0.717281 -0.448152 116 132 153
3.5025 2.59159 0.6225 -0.754208 0.636434 -0.161619 120 148 189
3.5175 2.56764 0.6075 -0.0272865 -0.996787 -0.0753086 128 147 173
3.5175 2.5725 0.602462 -0.270941 -0.587087 -0.762837 132 151 178
3.5175 2.57088 0.6225 -0.0889569 -0.96236 0.256809 115 143 180
3.50813 2.5725 0.6225 -0.307608 -0.781721 0.542484 113 144 186
3.5175 2.5725 0.626367 -0.280872 -0.522043 0.805346 112 140 178
3.5175 2.5875 0.598394 -0.112675 0.257794 -0.959608 138 152 172
3.5175 2.5875 0.635484 -0.370639 -0.367616 0.852927 110 140 181
3.5175 2.60109 0.6075 0.102229 0.824121 -0.557113 114 135 163
3.50694 2.6025 0.6225 -0.728002 0.678888 0.0955238 117 142 178
3.5175 2.6025 0.61012 -0.579435 0.646999 -0.495628 112 134 164
3.5175 2.6025 0.63647 -0.622281 0.377712 0.685638 108 139 182
3.5175 2.60604 0.6225 -0.632797 0.774115 -0.0177517 105 132 168
3.5325 2.56932 0.6075 0.0215018 -0.991459 -0.128634 125 145 173
3.5325 2.5725 0.592695 0.124333 -0.322468 -0.938379 133 149 170
3.5325 2.57074 0.6225 0.0872818 -0.976831 0.195407 120 141 173
3.5325 2.5725 0.625701 0.0129625 -0.678145 0.734814 119 140 173
3.5325 2.57998 0.6075 0.379442 0.889963 -0.252963 111 137 174
3.52756 2.5875 0.6075 0.676976 0.580821 -0.452051 116 142 179
3.5325 2.5875 0.620318 0.486223 -0.188762 -0.853203 107 137 175
3.5325 2.58592 0.6375 0.204294 -0.731971 0.649987 117 140 173
3.52217 2.5875 0.6375 -0.194748 -0.423903 0.884522 111 139 178
3.5325 2.5875 0.638702 -0.0703612 -0.10723 0.991741 115 138 171
3.5325 2.59524 0.6075 2.54849e-17 -0.805501 -0.592595 115 142 179
3.52027 2.6025 0.6075 -0.565883 -0.375073 -0.734232 114 135 164
3.5325 2.6025 0.599929 3.71834e-17 0 -1 120 140 169
3.52048 2.6025 0.6375 -0.42536 0.273822 0.862607 108 138 181
3.5325 2.6025 0.639945 -0.130925 0.0173719 0.99124 109 136 177
3.5325 2.61259 0.6075 -0.330186 0.715028 -0.616208 99 119 144
3.52847 2.6175 0.6225 -0.690557 0.723041 0.0184942 104 126 153
3.5325 2.6175 0.611651 -0.32698 0.0623827 -0.94297 94 113 138
3.5325 2.61684 0.6375 -0.660341 0.572469 0.486034 106 133 169
3.5325 2.6175 0.637329 -0.345892 0.923085 0.168143 106 133 169
3.5325 2.62001 0.6225 -0.334451 0.942002 -0.0278304 119 141 167
3.5475 2.56994 0.6075 0.0630842 -0.997991 0.00577776 127 145 175
3.5475 2.5725 0.593475 0.0880286 0.1666 -0.982087 122 137 162
3.53907 2.5725 0.6225 0.936701 -0.0386855 0.347986 124 143 172
3.5475 2.5725 0.615697 0.35795 -0.127222 0.925033 129 144 173
3.5475 2.58163 0.6075 0.0563406 0.995352 -0.0781049 109 136 174
3.5475 2.58126 0.6225 0.314415 -0.934469 0.167064 119 140 169
3.5475 2.5875 0.615312 -0.10246 -0.0351452 -0.994116 105 134 170
3.5475 2.58673 0.6375 0.190612 -0.908112 0.372828 123 137 160
3.5475 2.5875 0.63862 0.054952 -0.194709 0.979321 123 137 159
3.54128 2.6025 0.6075 0.918841 -0.00886364 -0.394528 114 140 177
3.5475 2.59247 0.6225 0.52156 0.713301 -0.468163 104 132 167
3.53617 2.6025 0.6225 0.895586 0.237265 -0.376339 105 134 176
3.5475 2.6025 0.631763 0.54922 -0.312784 -0.774934 108 132 170
3.5475 2.6025 0.640165 0.0153487 -0.0825604 0.996468 114 133 168
3.5475 2.60767 0.6075 -0.0570029 -0.922527 -0.381701 108 133 169
3.53647 2.6175 0.6075 -0.493301 0.507665 -0.70635 92 111 135
3.5475 2.6175 0.602289 -1.69463e-17 0 -1 97 118 145
3.5475 2.60876 0.6225 0.342895 -0.897451 -0.277496 104 131 169
3.53285 2.6175 0.6375 -0.236199 0.307789 0.92167 106 133 168
3.5475 2.6175 0.641217 -0.0904213 0.162671 0.982528 107 131 164
3.5475 2.62025 0.6075 0.0419944 0.962911 -0.266532 111 131 157
3.5475 2.62581 0.6225 -0.0591592 0.981444 -0.182393 102 121 144
3.5475 2.62146 0.6375 -0.366946 0.873686 0.31941 106 129 162
3.5625 2.57029 0.6075 0.098511 -0.991103 -0.089498 140 152 170
3.5625 2.5725 0.598305 0.363335 0.480749 -0.79804 131 143 160
3.5625 2.5725 0.609986 0.329099 -0.415796 0.847825 137 149 170
3.5625 2.58181 0.6075 0.398969 0.849956 0.344091 112 136 168
3.5625 2.58536 0.6225 0.278285 -0.948403 0.15195 135 147 162
3.5625 2.5875 0.613831 0.212686 0 -0.977121 113 136 164
3.54893 2.5875 0.6375 0.981686 0.149556 -0.118003 123 137 160
3.5625 2.5875 0.625782 0.558027 -0.0868174 0.825269 135 146 162
3.5625 2.59377 0.6225 0.223818 0.966144 0.128339 120 138 162
3.5625 2.59971 0.6375 0.660485 -0.750839 3.9094e-17 120 132 156
3.5625 2.6025 0.631962 0.256339 -0.440553 -0.860351 110 127 158
3.5625 2.6025 0.639594 0.139187 -0.16999 0.975567 119 131 155
3.56029 2.6175 0.6075 0.891369 -0.359841 -0.275639 105 132 172
3.55787 2.6175 0.6225 0.862594 0.186272 -0.470356 97 125 161
3.5625 2.6175 0.630554 0.182543 -0.00320824 -0.983193 100 125 159
3.5625 2.6175 0.640614 0.0260269 0.047615 0.998527 109 128 158
3.5625 2.62316 0.6225 -0.418699 -0.905919 0.0632568 98 123 153
3.55534 2.6325 0.6225 -1 0 0 102 118 136
3.5625 2.6325 0.615336 -0.37558 -0.400682 -0.835699 100 116 132
3.5625 2.63044 0.6375 0.0861051 0.984208 0.154665 108 128 157
3.5625 2.6325 0.636347 -0.67304 0.524427 0.52153 108 128 156
3.5625 2.63552 0.6225 -0.236565 0.970711 -0.0419281 118 134 151
3.56593 2.5725 0.6075 1 2.51855e-17 0 137 149 169
3.57154 2.5875 0.6225 1 -3.37267e-17 0 136 146 163
3.56598 2.6025 0.6375 0.66486 -0.696979 0.268666 117 129 153
3.5775 2.61379 0.6375 0.66813 -0.730336 -0.142168 118 131 153
3.5775 2.6175 0.628676 0.192402 -0.443251 -0.875506 105 125 157
3.5775 2.6175 0.639492 0.12817 -0.0994093 0.986757 116 130 152
3.5775 2.62146 0.6225 -0.295855 -0.920508 -0.255214 100 124 159
3.5775 2.6325 0.608453 -0.0303318 0.105184 -0.99399 86 106 126
3.56585 2.6325 0.6375 -0.801235 -0.441948 0.403365 108 127 156
3.5775 2.6325 0.638731 -0.0345364 0.163085 0.986007 107 125 152
3.5775 2.63883 0.6225 -0.125155 0.982733 -0.136277 98 118 139
3.5775 2.6351 0.6375 -0.187352 0.931711 0.311148 104 122 148
3.5925 2.60733 0.6225 0 -1 0 121 132 154
3.58123 2.6175 0.6225 -0.571501 -0.819759 -0.0371644 100 124 160
3.5925 2.6175 0.619302 0.189729 -0.237246 -0.952742 101 120 155
3.58203 2.6175 0.6375 0.638907 -0.709706 0.296842 118 131 152
3.5925 2.6175 0.629673 -2.18948e-17 -0.604954 0.79626 116 130 155
3.5925 2.6325 0.61883 0.324654 0.327675 -0.887259 95 119 149
3.5925 2.62708 0.6375 0.3344 -0.746258 0.575566 116 128 145
3.5925 2.6325 0.639651 0.116303 -0.0199303 0.993014 113 125 141
3.5925 2.64276 0.6225 0.317664 0.934489 -0.160685 96 117 141
3.5925 2.63795 0.6375 -0.02682 0.891314 0.452593 107 121 140
3.60619 2.6175 0.6225 0.830752 -0.474052 0.291762 112 120 138
3.60615 2.6325 0.6225 0.802712 0.384975 -0.455465 91 111 133
3.59604 2.6325 0.6375 0.771202 0.280118 0.571648 111 123 140
3.86964 2.9025 0.3375 0.525184 -0.803953 0.279001 10 17 16
3.8625 2.89784 0.3375 0.525184 -0.803953 0.279001 10 18 15
3.8625 2.9025 0.350933 0.525184 -0.803953 0.279001 13 19 19
3.88906 2.9175 0.3375 0.459447 -0.658956 0.595554 14 17 15
3.8775 2.90944 0.3375 0.459447 -0.658956 0.595554 13 18 17
3.8775 2.9175 0.346418 0.459447 -0.658956 0.595554 16 20 18
3.89654 2.9025 0.3075 0.494228 -0.715326 0.494012 9 15 10
3.8925 2.89971 0.3075 0.494228 -0.715326 0.494012 9 15 10
3.8925 2.9025 0.31154 0.494228 -0.715326 0.494012 9 15 10
3.9225 2.90126 0.3675 -0.590847 -0.806774 0.00389415 15 17 6
3.92139 2.9025 0.3675 -0.863749 -0.411501 -0.290867 15 17 6
3.9225 2.9025 0.365009 -0.794015 -0.507923 -0.333996 15 17 6
3.9225 2.9025 0.372531 -0.663544 -0.725455 0.182825 14 17 8
3.9225 2.89749 0.3975 -0.830222 -0.54839 -0.100005 16 18 10
3.92039 2.9025 0.3975 -0.915215 -0.38539 -0.117708 16 17 9
3.9225 2.9025 0.390367 -0.791601 -0.538883 -0.28805 15 17 10
3.9225 2.89745 0.4125 -0.828111 -0.529723 -0.183373 18 19 12
3.91965 2.9025 0.4125 -0.877033 -0.43728 -0.198996 18 19 10
3.92226 2.8875 0.4275 -0.893674 -0.44055 -0.0852205 18 19 13
3.91504 2.9025 0.4275 -0.900115 -0.432903 -0.0488647 19 20 13
3.9225 2.8875 0.426911 -0.750016 -0.561316 -0.349858 18 19 13
3.9225 2.89312 0.4425 -0.933075 -0.354997 0.0578556 20 21 15
3.91802 2.9025 0.4425 -0.89067 -0.4258 0.159381 19 20 14
3.9225 2.8875 0.428891 -0.893982 -0.415613 0.167521 18 19 13
3.9225 2.89065 0.4575 -0.966973 -0.245713 0.0677291 22 23 17
3.91999 2.9025 0.4575 -0.949308 -0.312225 0.0364623 22 23 17
3.9225 2.9106 0.3075 -0.169012 -0.900377 0.400945 11 15 9
3.9075 2.90851 0.3075 0.127079 -0.913195 0.387203 10 15 10
3.91768 2.9175 0.3225 0.21657 -0.83925 0.498756 11 14 9
3.9075 2.91487 0.3225 0.180232 -0.881001 0.43744 10 14 12
3.9225 2.9175 0.320075 0.130808 -0.870405 0.474641 11 14 7
3.9225 2.91172 0.3375 -0.615365 -0.773219 -0.153161 16 14 6
3.91841 2.9175 0.3375 -0.815159 -0.576662 -0.0545576 16 14 7
3.9225 2.9175 0.327322 -0.601873 -0.693807 -0.39545 13 14 7
3.9075 2.9175 0.326588 0.21216 -0.82216 0.528243 11 14 12
3.9225 2.91344 0.3525 -0.776288 -0.58511 -0.23457 17 15 5
3.92081 2.9175 0.3525 -0.899501 -0.403886 -0.166655 17 14 5
3.91587 2.9175 0.3675 -0.871679 -0.320626 -0.370641 16 17 9
3.9225 2.90528 0.3825 -0.674566 -0.721056 0.158233 14 18 11
3.90806 2.9175 0.3825 -0.800384 -0.588481 -0.114344 16 18 13
3.9375 2.89045 0.2925 -0.585672 -0.57862 0.567615 12 15 5
3.92523 2.9025 0.2925 -0.54359 -0.639918 0.543152 11 17 7
3.9375 2.9025 0.304784 -0.56777 -0.593708 0.570217 13 16 7
3.9375 2.88949 0.3525 -0.674609 -0.719162 -0.166457 16 19 10
3.92779 2.9025 0.3525 -0.76472 -0.479598 -0.430336 16 16 7
3.9375 2.9025 0.338361 -0.641218 -0.567564 -0.516441 14 16 5
3.9375 2.89416 0.3675 -0.562221 -0.824554 -0.0633889 14 19 12
3.93559 2.8875 0.3825 -0.771021 -0.570304 -0.283336 17 21 14
3.9247 2.9025 0.3825 -0.783355 -0.613686 -0.0987164 13 18 11
3.9375 2.8875 0.378448 -0.670015 -0.720108 -0.180344 17 20 13
3.9305 2.8875 0.3975 -0.722707 -0.66413 -0.191379 17 20 13
3.92926 2.8875 0.4125 -0.753748 -0.628151 -0.19311 17 20 13
3.92488 2.8875 0.4425 -0.806782 -0.590062 0.0305015 20 21 15
3.9235 2.8875 0.4575 -0.75035 -0.661015 -0.0057572 22 23 17
3.92592 2.8875 0.4725 -0.873572 -0.471061 0.122367 23 24 18
3.9225 2.90058 0.4725 -0.954263 -0.249279 0.165051 21 24 17
3.9225 2.90319 0.2925 -0.330663 -0.813307 0.478742 11 17 7
3.9375 2.90627 0.3075 -0.461935 -0.829851 0.312992 12 15 7
3.9375 2.90837 0.3225 -0.574555 -0.816218 -0.0606146 13 14 6
3.92638 2.9175 0.3225 -0.559872 -0.784977 0.265245 11 14 6
3.9375 2.90324 0.3375 -0.608537 -0.75699 -0.238008 14 16 5
3.9225 2.9191 0.3225 -0.36358 -0.884311 -0.292923 11 14 8
3.9375 2.8875 0.290487 0 0 0 13 16 5
3.9484 2.8875 0.3075 -0.849892 -0.489508 -0.195101 13 16 7
3.93976 2.9025 0.3075 -0.914327 -0.402661 0.0432547 13 16 7
3.94496 2.8875 0.3225 -0.95135 -0.308064 0.00554596 13 17 8
3.94199 2.9025 0.3225 -0.921751 -0.387725 -0.00661851 13 15 6
3.94643 2.8875 0.3375 -0.906286 -0.39297 -0.15563 15 18 9
3.93816 2.9025 0.3375 -0.828201 -0.498219 -0.256633 14 16 5
3.94106 2.8875 0.3525 -0.732691 -0.594815 -0.330696 16 19 11
3.94268 2.8875 0.3675 -0.733304 -0.679415 -0.0257011 14 19 12
3.6225 2.5575 0.00765594 0.138003 -0.208705 0.968193 164 137 102
3.6225 2.5725 0.00845594 0.24183 -0.167919 0.955678 132 108 81
3.6225 2.5875 0.0131038 0.301658 -0.155515 0.940647 69 49 29
3.6225 2.6025 0.0131372 0.289537 -0.0287374 0.956735 94 74 57
3.6225 2.6175 0.0139028 0.322852 -0.0570727 0.944727 105 88 71
3.6225 2.6325 0.0147946 0.356678 -0.0691791 0.931663 118 102 86
3.6375 2.6025 0.00915704 0.290502 -0.0636986 0.954752 69 46 31
3.6375 2.6175 0.00961386 0.245776 -0.0363227 0.968646 74 55 40
3.6375 2.6325 0.0100532 0.311776 0.0188501 0.949969 95 78 63
3.8475 2.6925 -0.0152122 0.165022 -0.0265751 0.985932 55 39 26
3.8475 2.7075 -0.0144637 0.140983 -0.000522063 0.990012 51 37 25
3.85303 2.7225 -0.0225 0.552318 -0.0885364 0.828919 46 31 19
3.8625 2.7225 -0.0319639 0.670456 -0.316313 0.671145 47 32 20
3.8475 2.7225 -0.0153752 0.166367 0.233138 0.958107 45 31 18
3.85741 2.7375 -0.0225 0.206678 0.383692 0.900036 41 29 19
3.8625 2.7375 -0.0248943 0.586922 0.0184289 0.809434 40 30 20
3.8625 2.72909 -0.0075 -0.949291 -0.260654 -0.175799 41 31 20
3.86019 2.7375 -0.0075 -0.949291 -0.260654 -0.175799 41 32 22
3.8625 2.7375 -0.019968 -0.949291 -0.260654 -0.175799 40 30 20
3.8475 2.7375 -0.0214937 0.221729 0.248702 0.942859 44 29 19
3.8475 2.73866 -0.0225 0.243937 0.602323 0.760067 44 29 19
3.8475 2.7525 -0.0343745 0.213126 0.654506 0.725396 43 29 20
3.2175 3.2025 0.727613 -0.0679283 -0.17586 0.982069 78 85 86
3.2325 3.2025 0.728651 0.0382698 -0.18165 0.982618 75 80 81
3.2325 3.2175 0.731324 0.0485313 -0.139126 0.989085 78 90 92
3.2325 3.2325 0.732059 0.0163449 -0.0446686 0.998868 74 88 93
3.2475 3.2175 0.729456 0.0599606 -0.136574 0.988814 77 89 89
3.2475 3.2325 0.731814 0.0789347 -0.0661977 0.994679 72 85 86
3.2475 3.2475 0.73242 0.0879004 -0.064099 0.994065 75 89 93
3.2475 3.2625 0.732606 0.0109498 -0.0126284 0.99986 74 87 92
3.2625 3.2175 0.729931 0.038468 -0.0952797 0.994707 73 81 82
3.2625 3.2325 0.730646 0.0589444 -0.0667842 0.996025 81 89 92
3.2625 3.2475 0.729972 0.036765 -0.0482076 0.99816 70 80 84
3.2625 3.2625 0.732442 0.0718497 -0.0430245 0.996487 74 86 90
3.2625 3.2775 0.732635 0.0639471 0.0304889 0.997487 69 79 84
3.2625 3.2925 0.729692 -0.079374 0.191936 0.978192 59 66 70
3.2775 3.2025 0.727512 0.00524469 -0.154183 0.988028 80 86 83
3.2775 3.2175 0.728865 0.0429445 -0.0445357 0.998084 77 84 84
3.2775 3.2325 0.728068 0.0420015 -0.0795429 0.995946 63 72 74
3.2775 3.2475 0.731662 0.0337082 -0.0678194 0.997128 76 85 88
3.2775 3.2625 0.731811 0.0240228 -0.00911447 0.99967 75 84 89
3.2775 3.2775 0.730185 0.0608964 0.0456887 0.997098 66 76 80
3.2775 3.2925 0.730909 0.0620553 0.0725648 0.995431 75 83 87
3.2775 3.3225 0.729273 0.0208643 -0.0324593 0.999255 57 65 65
3.2925 3.2325 0.729783 -0.0229073 -0.0541019 0.998273 73 82 84
3.2925 3.2475 0.73066 0.0296762 -0.0641715 0.997498 83 91 94
3.2925 3.2625 0.729971 0.0604879 0.00797565 0.998137 49 58 62
3.2925 3.2775 0.731276 0.0465651 0.0389919 0.998154 66 75 79
3.2925 3.2925 0.728762 0.0155982 0.0614955 0.997985 71 79 81
3.2925 3.3075 0.728263 0.00374396 0.0332693 0.999439 76 84 87
3.2925 3.3225 0.727967 0.0473005 0.0741686 0.996123 66 74 75
3.3075 3.2175 0.72896 0.0185883 -0.113153 0.993404 79 90 90
3.3075 3.2325 0.730055 0.0174235 -0.030461 0.999384 78 86 88
3.3075 3.2475 0.729028 0.0287675 -0.00204539 0.999584 75 84 86
3.3075 3.2625 0.730848 0.0494188 0.00138022 0.998777 67 76 78
3.3075 3.2775 0.728749 0.0310753 0.0200133 0.999317 63 70 72
3.3075 3.2925 0.729275 0.0164465 0.0259548 0.999528 72 80 82
3.3075 3.3075 0.729032 0.0152682 0.0702511 0.997412 78 86 87
3.3225 3.2325 0.728379 0.0487906 -0.0620007 0.996883 85 88 92
3.3225 3.2475 0.730528 0.0286881 0.00409817 0.99958 72 78 81
3.3225 3.2625 0.728249 0.027194 0.006584 0.999608 64 72 73
3.3225 3.2775 0.729371 0.0546723 0.0208557 0.998287 68 75 76
3.3225 3.2925 0.729408 0.067542 0.0334087 0.997157 73 82 82
3.3375 3.2325 0.729903 0.00623376 -0.045929 0.998925 83 91 94
3.3375 3.2475 0.72816 0.0122949 -0.00665079 0.999902 73 79 83
3.3375 3.2625 0.729077 0.0468896 0.0452657 0.997874 68 74 77
3.3375 3.3075 0.727562 7.9104e-19 0 1 62 71 69
3.3525 3.2175 0.728353 0 0 1 80 87 89
3.3525 3.2475 0.729305 0.0685549 0.0104986 0.997592 82 88 91
3.85242 2.7225 0.0225 0.651198 -0.538796 -0.534452 41 33 24
3.6075 2.8875 0.427553 -0.346038 -0.109012 0.931866 45 61 75
3.6225 2.8875 0.432787 -0.39907 -0.127824 0.907967 40 51 54
3.6225 2.9025 0.435682 -0.449875 -0.167699 0.877206 37 48 53
3.6075 2.9025 0.428813 -0.380957 -0.13894 0.914094 44 56 64
3.6225 2.9175 0.438446 -0.479322 -0.182426 0.85847 31 44 46
3.6075 2.9175 0.431791 -0.382423 -0.118579 0.916347 43 55 59
3.6225 2.92854 0.4425 -0.774951 -0.336418 0.535045 28 42 49
3.62046 2.9325 0.4425 -0.678508 -0.308199 0.666813 28 42 49
3.6075 2.9325 0.432913 -0.49066 -0.145335 0.859145 36 46 46
3.6225 2.9325 0.445368 -0.814932 -0.36178 0.452771 27 43 53
3.61421 2.9475 0.4425 -0.736722 -0.296436 0.607755 29 42 52
3.6075 2.9475 0.436362 -0.559105 -0.264161 0.785888 33 43 48
3.6225 2.9473 0.4575 -0.893421 -0.379735 0.240002 28 48 73
3.62241 2.9475 0.4575 -0.849219 -0.375398 0.371354 28 48 73
3.6225 2.9475 0.45873 -0.923269 -0.379213 0.061411 28 48 74
3.60777 2.9625 0.4425 -0.798786 -0.360401 0.481717 29 41 53
3.6075 2.9625 0.44225 -0.538626 -0.282542 0.793758 29 41 53
3.61568 2.9625 0.4575 -0.87147 -0.405652 0.275655 27 47 73
3.6225 2.94972 0.4725 -0.917639 -0.39229 0.0636172 27 49 83
3.61725 2.9625 0.4725 -0.913608 -0.398249 0.0819668 27 49 82
3.6225 2.95257 0.4875 -0.893162 -0.448623 0.0316105 29 53 88
3.61795 2.9625 0.4875 -0.90457 -0.426325 -0.000170515 29 53 88
3.6075 2.96302 0.4425 -0.785082 -0.411623 0.462831 29 41 53
3.60845 2.9775 0.4575 -0.879811 -0.410307 0.239959 27 47 73
3.6075 2.9775 0.455559 -0.784353 -0.420281 0.45624 27 46 70
3.61083 2.9775 0.4725 -0.901011 -0.431005 0.0491219 25 48 81
3.61004 2.9775 0.4875 -0.885907 -0.461797 -0.0437359 28 53 87
3.6075 2.9793 0.4575 -0.84187 -0.47306 0.259748 27 47 73
3.6075 2.98376 0.4725 -0.882497 -0.469609 0.0257931 25 48 81
3.6225 3.09226 0.4575 -0.48625 0.861733 -0.144835 42 48 54
3.6075 3.08709 0.4575 -0.375509 0.925663 0.0462701 41 49 54
3.62084 3.0975 0.4725 -0.639874 0.767045 -0.0469287 42 50 52
3.6075 3.08631 0.4725 -0.473287 0.87734 -0.0792064 40 50 54
3.6225 3.0975 0.46907 -0.617781 0.717333 -0.32215 42 49 52
3.62128 3.0975 0.4875 -0.565055 0.82467 -0.0251257 44 54 56
3.6225 3.09983 0.4725 -0.668531 0.742484 0.0422259 42 50 52
3.6225 3.09872 0.4875 -0.688164 0.725425 0.0137598 44 54 55
3.6375 2.89309 0.4425 -0.782367 -0.30351 0.543861 28 43 51
3.63358 2.9025 0.4425 -0.671107 -0.294058 0.680547 29 44 51
3.6375 2.8875 0.440738 -0.468232 -0.160468 0.868912 30 44 50
3.6375 2.9025 0.447963 -0.800062 -0.336372 0.496744 28 45 57
3.62732 2.9175 0.4425 -0.7407 -0.321581 0.589872 28 42 48
3.6375 2.91533 0.4575 -0.887758 -0.415385 0.198346 28 48 70
3.6365 2.9175 0.4575 -0.835139 -0.404557 0.372662 28 48 69
3.6375 2.91724 0.4725 -0.877612 -0.474868 0.0655516 27 51 80
3.63736 2.9175 0.4725 -0.908085 -0.411519 0.0776765 27 51 80
3.6375 2.9175 0.474299 -0.909708 -0.408349 0.0753789 27 52 81
3.62879 2.9325 0.4575 -0.877624 -0.406347 0.254282 27 47 70
3.63103 2.9325 0.4725 -0.902923 -0.419763 0.092358 28 50 82
3.6375 2.91996 0.4875 -0.914261 -0.403485 0.036414 30 56 89
3.63186 2.9325 0.4875 -0.906883 -0.418014 0.0531668 29 54 88
3.62341 2.9475 0.4725 -0.90109 -0.425764 0.0822291 27 49 83
3.62486 2.9475 0.4875 -0.908843 -0.412352 0.0630064 29 53 89
3.62722 3.0975 0.4275 -0.842602 0.534285 0.067535 39 51 53
3.63673 3.1125 0.4275 -0.849062 0.526371 0.045028 36 46 45
3.62842 3.0975 0.4425 -0.852894 0.519921 0.0474691 38 46 48
3.63719 3.1125 0.4425 -0.860713 0.50837 0.0270707 41 46 49
3.6375 3.11231 0.4725 -0.649645 0.759294 0.0378616 43 52 51
3.63655 3.1125 0.4875 -0.761212 0.647806 -0.0300568 45 55 56
3.6375 3.1125 0.475749 -0.706529 0.70486 -0.0631606 43 53 52
3.62319 3.1125 0.3975 0.278511 0.679129 0.679129 42 51 48
3.6225 3.11278 0.3975 0.278511 0.679129 0.679129 42 51 48
3.6225 3.1125 0.397782 0.278511 0.679129 0.679129 42 51 48
3.6375 3.11336 0.4275 -0.742384 0.669755 -0.0171166 36 46 45
3.6375 3.1125 0.426459 -0.650216 0.586604 -0.48282 36 46 45
3.6375 3.11291 0.4425 -0.670228 0.742149 -0.00303336 41 46 49
3.6375 3.1125 0.447043 -0.700326 0.710945 0.0640395 42 47 50
3.6375 3.11376 0.4875 -0.771044 0.594518 -0.228121 45 55 56
3.63989 2.8875 0.4425 -0.752783 -0.29533 0.588301 28 43 51
3.64911 2.8875 0.4575 -0.853963 -0.365173 0.37067 28 47 71
3.64285 2.9025 0.4575 -0.865788 -0.354551 0.353136 27 47 69
3.6525 2.88771 0.4725 -0.902783 -0.429348 -0.0253521 28 50 81
3.64547 2.9025 0.4725 -0.901878 -0.425329 0.0755693 27 50 80
3.6525 2.8875 0.472016 -0.892706 -0.400058 0.207435 28 50 80
3.65207 2.8875 0.4875 -0.909224 -0.416199 -0.00949025 32 54 87
3.64536 2.9025 0.4875 -0.910183 -0.414152 -0.00674053 32 56 88
3.6525 2.8875 0.475473 -0.900282 -0.434182 -0.0312872 29 51 82
3.63856 2.9175 0.4875 -0.906606 -0.421611 0.0175791 30 56 90
3.6525 3.12576 0.4425 -0.650365 0.759132 -0.0272692 43 48 48
3.63846 3.1125 0.4575 -0.704195 0.709873 -0.0138037 43 48 51
3.6525 3.1263 0.4575 -0.684581 0.728928 -0.00348781 45 51 49
3.63778 3.1125 0.4725 -0.709089 0.704136 -0.037211 43 52 51
3.6525 3.12732 0.4725 -0.707438 0.704746 -0.0535193 43 52 49
3.6526 2.8875 0.4725 -0.916057 -0.380249 0.127477 28 50 81
3.3825 3.1352 0.5325 0 -0.831247 -0.555903 38 44 48
3.3752 3.1425 0.5325 -0.831247 0 -0.555903 90 90 84
3.3825 3.1425 0.521589 -0.407396 -0.407396 -0.817348 48 52 50
3.3825 3.1425 0.595032 0.599272 0.250945 0.760197 25 32 33
3.3825 3.12818 0.6225 0.16915 0.829716 0.531939 43 50 49
3.3825 3.14224 0.6675 -0.167063 -0.978012 -0.124831 92 66 54
3.3808 3.1425 0.6675 -0.254763 -0.952907 -0.164514 92 65 54
3.3825 3.1425 0.667078 0.0129177 -0.69939 -0.714623 93 66 55
3.3825 3.14028 0.6825 0.00850399 -0.999944 0.00635426 129 99 94
3.37254 3.1425 0.6825 -0.255822 -0.965796 -0.0423348 134 102 98
3.3825 3.1425 0.688258 -0.0508182 -0.774873 0.63007 140 102 101
3.3825 3.1498 0.5325 -0.639237 0.639237 -0.427495 85 85 83
3.36873 3.1575 0.6075 0.589281 0.163527 0.791206 52 49 42
3.3825 3.1575 0.597097 0.597657 0.00336279 0.801745 20 24 20
3.38211 3.1575 0.6525 -0.00154854 -0.77781 -0.628497 103 80 67
3.3825 3.1575 0.652766 3.74509e-18 -0.693774 -0.720193 103 81 67
3.3825 3.15225 0.6975 -0.0119299 -0.771228 0.636448 158 114 118
3.3825 3.1575 0.700879 -0.0182542 -0.529808 0.847921 146 109 116
3.3825 3.17046 0.5925 0.169505 0.687565 0.706061 37 37 29
3.3825 3.16777 0.6375 -0.227807 -0.771985 -0.593416 103 82 71
3.37159 3.1725 0.6375 -0.179886 -0.636966 -0.74961 104 85 73
3.3825 3.1725 0.63316 -0.193803 -0.44551 -0.874049 102 82 70
3.3825 3.15763 0.6525 -0.0891961 -0.761866 -0.641563 103 81 68
3.3825 3.1725 0.710431 0.00827732 -0.476922 0.878906 68 75 83
3.3825 3.17933 0.5775 -0.116063 0.860599 0.495882 17 22 21
3.3825 3.1725 0.591345 -0.0190972 0.859222 0.511247 38 37 29
3.3825 3.1875 0.628858 -0.225622 -0.268582 -0.936461 103 83 70
3.3825 3.17803 0.7125 0.0122717 -0.307381 0.951508 50 64 70
3.3825 3.1875 0.715734 0.0728266 -0.325256 0.942818 44 59 61
3.3825 3.19499 0.5625 -0.178284 0.695778 0.695778 18 26 22
3.3825 3.1875 0.569993 -0.178284 0.695778 0.695778 18 23 21
3.3825 3.2025 0.71999 0.131103 -0.269128 0.954139 80 90 87
3.37606 3.2025 0.5475 -0.57735 0.57735 0.57735 28 28 29
3.3825 3.20894 0.5475 -0.57735 0.57735 0.57735 23 23 21
3.3825 3.2025 0.553938 -0.57735 0.57735 0.57735 19 22 20
3.3825 3.2175 0.725385 0.10779 -0.17513 0.978627 80 87 85
3.3825 3.2325 0.725125 0.0535725 -0.0463229 0.997489 81 88 89
3.3825 3.2475 0.726528 0.0601179 -0.00855898 0.998155 74 81 83
3.3825 3.2625 0.726875 0.0897953 0.054884 0.994447 80 87 89
3.3825 3.2775 0.723592 0.0982503 0.0899657 0.991087 76 84 84
3.3825 3.2925 0.723455 0.0409989 0.00151594 0.999158 71 79 78
3.3825 3.3075 0.723658 0.0790978 0.0451206 0.995845 73 80 77
3.3825 3.3225 0.72322 0.0960942 0.0753878 0.992513 75 82 78
3.3825 3.3375 0.71962 0.147909 0.135073 0.979734 79 86 83
3.3898 3.1425 0.5325 0.639237 -0.639237 -0.427495 36 41 43
3.3975 3.13168 0.5775 0.560901 -0.465367 0.684707 73 78 79
3.38503 3.1425 0.5925 0.838276 0.0626678 0.541633 25 33 35
3.3975 3.1425 0.584851 0.498891 -0.492474 0.713146 25 34 39
3.38375 3.1425 0.6675 0.247146 -0.952083 -0.180159 92 66 54
3.39385 3.1425 0.6825 0.266897 -0.914126 0.305187 117 92 83
3.3975 3.15006 0.5175 0 -0.834334 -0.551259 49 51 50
3.39006 3.1575 0.5175 -0.834334 0 -0.551259 104 99 85
3.3975 3.1575 0.506246 -0.410688 -0.410688 -0.814046 55 56 51
3.38944 3.1575 0.5925 0.551478 0.0499461 0.832693 22 28 27
3.3975 3.15361 0.6525 -0.00634278 -0.92353 -0.383474 98 75 62
3.38279 3.1575 0.6525 -0.0880592 -0.799142 -0.594657 103 81 67
3.3975 3.1575 0.645516 0.0750892 -0.737129 -0.671567 102 81 67
3.3975 3.14682 0.6675 0.195877 -0.903115 -0.382121 101 76 64
3.3975 3.14347 0.6825 0.230124 -0.94952 0.213201 113 88 79
3.3975 3.15154 0.6975 0.0791785 -0.824013 0.561011 163 108 113
3.3975 3.1575 0.703719 0.015662 -0.549589 0.835288 134 97 102
3.3975 3.16494 0.5175 -0.640638 0.640638 -0.42328 105 99 89
3.3975 3.16485 0.6375 -0.0158713 -0.722652 -0.69103 108 89 75
3.3975 3.1725 0.631754 0.194244 -0.498692 -0.844734 106 85 72
3.3975 3.1725 0.710982 -0.0481987 -0.432564 0.900314 80 74 83
3.3975 3.17948 0.5775 0.183086 0.789639 0.58562 22 25 19
3.3975 3.1725 0.584477 0.32337 0.669116 0.669116 20 23 19
3.3975 3.1875 0.623298 0.00375525 -0.426387 -0.904533 111 95 82
3.3975 3.17761 0.7125 0.00556271 -0.259613 0.965697 67 68 74
3.3975 3.1875 0.714914 0.047071 -0.269235 0.961923 55 62 63
3.3975 3.2025 0.719955 0.0607533 -0.225452 0.972358 73 80 76
3.3975 3.2175 0.721322 0.103783 -0.196886 0.974918 81 86 83
3.3975 3.2325 0.725185 0.119341 -0.0756735 0.989965 79 83 83
3.3975 3.2475 0.72579 0.106441 0.0272759 0.993945 68 74 75
3.3975 3.2625 0.722934 0.131626 0.0802103 0.988049 71 78 81
3.3975 3.2775 0.722993 0.119601 0.0129938 0.992737 79 87 88
3.3975 3.2925 0.723021 0.07581 0.0476716 0.995982 75 84 83
3.3975 3.30095 0.5475 -0.57735 -0.57735 -0.57735 141 124 112
3.39095 3.3075 0.5475 -0.57735 -0.57735 -0.57735 135 115 104
3.3975 3.3075 0.540947 -0.57735 -0.57735 -0.57735 137 119 107
3.3975 3.3075 0.722775 0.125808 0.0851628 0.988392 72 79 78
3.3975 3.3225 0.719252 0.127568 0.162736 0.978388 74 82 78
3.4046 3.1425 0.5475 0.578939 -0.574159 -0.578939 44 46 45
3.3975 3.13534 0.5475 0.578939 -0.574159 -0.578939 54 55 54
3.3975 3.1425 0.540398 0.578939 -0.574159 -0.578939 24 28 31
3.40485 3.1425 0.5775 0.637326 -0.433164 0.637326 31 41 45
3.40494 3.1575 0.5175 0.640638 -0.640638 -0.42328 47 48 45
3.4125 3.15428 0.6525 0.123114 -0.920442 -0.370984 100 78 63
3.4125 3.1575 0.649708 0.254599 -0.61465 -0.746582 99 77 63
3.4125 3.15113 0.6675 0.147063 -0.971085 -0.188062 104 83 70
3.4125 3.14886 0.6825 0.272626 -0.960669 0.0528292 121 86 79
3.4125 3.15487 0.6975 0.216557 -0.880918 0.420817 162 110 113
3.4125 3.1575 0.700136 0.153234 -0.611848 0.77599 150 105 109
3.41204 3.1725 0.6375 0.336447 -0.638955 -0.691766 110 90 74
3.4125 3.1725 0.637799 0.198532 -0.614344 -0.763654 110 90 74
3.4125 3.1725 0.710695 0.0946053 -0.471488 0.876783 77 75 82
3.41115 3.1725 0.5775 0.339947 0.664995 0.664995 23 29 29
3.4125 3.17272 0.6375 0.331606 -0.409544 -0.849889 110 90 74
3.4125 3.1875 0.630451 0.359111 -0.430985 -0.827823 113 90 74
3.4125 3.1786 0.7125 0.0636642 -0.285806 0.95617 68 72 78
3.4125 3.1875 0.714928 0.0305494 -0.214377 0.976273 63 69 73
3.4125 3.2025 0.717568 0.0830659 -0.214487 0.973188 74 77 73
3.4125 3.2175 0.721363 0.116962 -0.15434 0.98107 84 89 84
3.4125 3.2325 0.723684 0.126988 -0.0711342 0.98935 83 86 83
3.4125 3.2475 0.721887 0.160749 0.0502668 0.985714 75 79 79
3.4125 3.2625 0.722517 0.131373 0.0288374 0.990913 75 80 82
3.4125 3.2775 0.720457 0.0847775 0.0393704 0.995622 74 80 82
3.4125 3.2925 0.722389 0.144848 0.0432353 0.988509 79 86 86
3.4125 3.3075 0.718655 0.158996 0.132605 0.978333 77 85 84
3.4125 3.3225 0.718236 0.16732 0.128472 0.977496 75 82 81
3.418 3.1575 0.5775 0.707107 0 0.707107 26 35 39
3.4125 3.152 0.5775 0.57735 -0.57735 0.57735 28 37 41
3.4125 3.1575 0.582995 0.707107 0 0.707107 23 32 35
3.41876 3.1575 0.6525 0.416955 -0.726772 -0.545849 99 77 62
3.4275 3.15175 0.6675 0.115112 -0.970052 -0.213889 93 71 57
3.4275 3.1575 0.660738 0.137078 -0.832868 -0.536227 99 77 63
3.4275 3.15196 0.6825 0.0759592 -0.979059 0.188873 133 97 87
3.42517 3.1575 0.6975 0.164038 -0.641175 0.749657 156 101 99
3.4275 3.1575 0.696375 0.123264 -0.919344 0.373647 153 99 96
3.4125 3.17055 0.5775 0.677722 0.285283 0.677722 24 30 31
3.4275 3.16917 0.6375 -0.00354609 -0.848346 -0.52943 117 96 80
3.41316 3.1725 0.6375 0.0502076 -0.763532 -0.643815 110 90 75
3.4275 3.1725 0.634172 0 -0.707107 -0.707107 117 96 80
3.4275 3.16189 0.6525 0.0875642 -0.827004 -0.555334 101 81 67
3.4275 3.15818 0.6975 -0.0566164 -0.627203 0.776795 152 98 96
3.4275 3.1725 0.708821 0.104743 -0.500051 0.859638 79 75 78
3.4275 3.18248 0.7125 0.0962819 -0.37208 0.923194 60 67 71
3.4275 3.1875 0.713807 0.0375531 -0.228824 0.972743 57 66 70
3.4275 3.2025 0.717218 0.0296362 -0.166384 0.985616 60 70 68
3.4275 3.2175 0.719142 0.0634073 -0.102949 0.992664 81 85 80
3.4275 3.2325 0.719702 0.165225 -0.045366 0.985212 82 86 82
3.4275 3.2475 0.721261 0.126236 0.00688804 0.991976 82 87 84
3.4275 3.2625 0.7184 0.0889305 0.0224978 0.995784 73 79 78
3.4275 3.2775 0.721497 0.116166 0.0309196 0.992748 73 79 80
3.4275 3.2925 0.718135 0.109244 0.0674472 0.991724 74 80 81
3.4275 3.3075 0.717775 0.134015 0.0976081 0.98616 80 85 86
3.4425 3.15281 0.6675 0.0861933 -0.958995 -0.269998 100 74 61
3.4425 3.1575 0.661469 0.0101994 -0.884529 -0.466374 103 78 64
3.4425 3.15195 0.6825 0.0537726 -0.99397 0.0955574 126 88 75
3.4425 3.15631 0.6975 0.0539692 -0.938853 0.340061 158 104 101
3.43214 3.1575 0.6975 -0.101243 -0.905169 0.412818 156 101 98
3.4425 3.1575 0.698763 0.0300562 -0.513867 0.857343 155 102 101
3.43844 3.1725 0.6375 0.242848 -0.743876 -0.622635 107 86 71
3.4425 3.1617 0.6525 0.0363831 -0.849203 -0.526812 99 78 63
3.4425 3.1725 0.639507 0.0180768 -0.749634 -0.661606 102 82 66
3.4425 3.1725 0.705594 0.0650008 -0.434009 0.898561 84 76 79
3.4425 3.18476 0.7125 0.0159062 -0.45426 0.890727 63 72 76
3.4425 3.1875 0.713759 0.00781574 -0.251552 0.967812 66 77 80
3.43131 3.1875 0.5625 0.57735 0.57735 0.57735 20 27 27
3.4275 3.19131 0.5625 0.57735 0.57735 0.57735 21 26 25
3.4275 3.1875 0.566312 0.57735 0.57735 0.57735 21 26 25
3.4425 3.2025 0.716937 0.00329778 -0.156417 0.987686 62 70 70
3.4425 3.2175 0.718819 0.0660737 -0.048453 0.996638 66 72 70
3.4425 3.2325 0.71939 0.0639889 -0.00805478 0.997918 78 84 79
3.4425 3.2475 0.716976 0.0848286 -0.0173322 0.996245 80 86 82
3.4425 3.2625 0.720752 0.0892924 0.0159021 0.995879 79 85 83
3.4425 3.2775 0.717617 0.0844496 0.0454476 0.995391 75 81 80
3.4425 3.2925 0.717402 0.103889 0.0727176 0.991927 73 78 78
3.4425 3.3075 0.716794 0.0569926 0.0322194 0.997855 76 81 82
3.4575 3.15456 0.6675 -0.24206 -0.969255 -0.04418 102 75 59
3.4575 3.1575 0.661699 -0.128236 -0.798996 -0.587504 100 74 58
3.4575 3.15345 0.6825 0.0412022 -0.986534 0.158282 127 89 73
3.44641 3.1575 0.6975 0.251404 -0.678937 0.689812 159 103 102
3.4575 3.1575 0.691886 0.0716191 -0.877043 0.475043 148 96 90
3.4469 3.1725 0.5475 0.707107 -0.707107 0 53 59 60
3.4425 3.1681 0.5475 0.707107 -0.707107 0 55 60 59
3.4425 3.1725 0.543097 0.57735 -0.57735 -0.57735 44 51 52
3.4425 3.1725 0.551903 0.57735 -0.57735 0.57735 32 40 42
3.4575 3.16051 0.6525 0.0371641 -0.824169 -0.565124 93 69 55
3.4575 3.1725 0.639866 0.195706 -0.636809 -0.74577 114 97 79
3.4575 3.16168 0.6975 0.0697497 -0.645247 0.760783 147 95 96
3.4575 3.1725 0.706562 0.0618918 -0.507619 0.859356 89 77 80
3.4575 3.18532 0.7125 0.00169039 -0.469436 0.882965 61 71 72
3.4575 3.1875 0.713181 -0.0345188 -0.251605 0.967214 65 76 76
3.4575 3.2025 0.717427 0.0184974 -0.121876 0.992373 71 78 77
3.44901 3.2025 0.5475 0.57735 0.57735 0.57735 18 26 26
3.4425 3.20901 0.5475 0.57735 0.57735 0.57735 20 24 22
3.4425 3.2025 0.554014 0.57735 0.57735 0.57735 20 24 22
3.4575 3.21091 0.5775 0 -1 0 58 50 39
3.45091 3.2175 0.5775 -1 0 0 93 82 71
3.4575 3.2175 0.570906 -0.301511 -0.301511 -0.904534 66 58 47
3.4575 3.2175 0.584094 0 0 1 115 100 87
3.4575 3.2175 0.718148 0.0441511 -0.00523692 0.999011 72 77 76
3.4575 3.22409 0.5775 -0.301511 0.904534 0.301511 112 99 88
3.4575 3.2325 0.715692 0.0830725 -0.0208168 0.996326 76 80 80
3.4575 3.2475 0.719546 0.0658777 0.00137409 0.997827 79 85 82
3.4575 3.2625 0.71683 0.119411 0.0537174 0.991391 77 84 80
3.45432 3.2625 0.5025 -0.57735 0.57735 0.57735 19 21 16
3.4575 3.26568 0.5025 -0.57735 0.57735 0.57735 19 20 15
3.4575 3.2625 0.505677 -0.57735 0.57735 0.57735 23 23 17
3.4575 3.2775 0.716972 0.158432 0.00816336 0.987336 78 83 83
3.4575 3.2925 0.716464 0.0496868 0.0273014 0.998392 74 79 80
3.4725 3.14239 0.6675 0 -1 0 97 72 57
3.47227 3.1425 0.6675 -0.588211 -0.728773 -0.350568 97 72 57
3.4725 3.1425 0.667416 0.113835 -0.599533 -0.792213 97 73 57
3.4725 3.1425 0.667725 -0.553613 -0.695259 0.458397 97 72 57
3.4725 3.1575 0.658554 0.0733643 -0.534338 -0.842081 100 75 60
3.4725 3.1522 0.6825 0.0809911 -0.936923 0.340024 125 85 71
3.4725 3.1575 0.695212 0.0587753 -0.877383 0.476177 151 96 93
3.4725 3.16351 0.6525 0.248636 -0.651411 -0.716829 97 72 58
3.4725 3.1725 0.649608 0.330297 -0.499119 -0.801114 97 74 58
3.4725 3.1603 0.6975 0.0861587 -0.686453 0.722052 146 94 94
3.4725 3.1725 0.704534 -0.0477669 -0.544566 0.837356 89 75 75
3.4725 3.18308 0.7125 -0.0555958 -0.506609 0.860381 61 67 67
3.4725 3.1875 0.71522 0.0537008 -0.215145 0.975105 70 78 77
3.4725 3.2025 0.71766 0.032559 -0.0769637 0.996502 127 133 132
3.46409 3.2175 0.5775 0.904534 -0.301511 0.301511 89 78 66
3.4725 3.2175 0.715601 0.048084 -0.00834134 0.998808 131 133 131
3.4725 3.22605 0.5925 0 -0.490316 -0.871545 124 108 89
3.46887 3.2325 0.5925 -0.657028 -0.369632 -0.657028 136 118 98
3.4725 3.2325 0.588871 0 -0.490316 -0.871545 137 119 100
3.4725 3.2325 0.71766 0.012 0.0193148 0.999741 75 79 78
3.4725 3.2475 0.716173 0.0666598 -0.0121542 0.997702 77 83 83
3.4725 3.2625 0.71619 0.0892992 0.0978541 0.991186 77 82 80
3.4725 3.2775 0.712685 0.0490838 0.00829042 0.99876 74 80 79
3.4725 3.2925 0.715807 0.0480001 -0.126291 0.990831 75 81 80
3.47265 3.1425 0.6675 0.581299 -0.684383 0.440127 97 72 57
3.4875 3.15509 0.6675 0.428226 -0.894033 0.131638 106 74 59
3.4875 3.1575 0.660686 0.358394 -0.55881 -0.747854 101 74 58
3.4875 3.15686 0.6825 0.154698 -0.976722 0.148604 125 84 69
3.4875 3.1575 0.683889 0.202889 -0.86695 0.455229 128 85 72
3.48376 3.1725 0.6525 0.294699 -0.630152 -0.718374 81 58 42
3.4875 3.1725 0.654173 0.257331 -0.504912 -0.82392 81 57 41
3.4875 3.16462 0.6975 0.109077 -0.83111 0.545306 146 98 95
3.4875 3.1725 0.708027 0.0690711 -0.551847 0.83108 93 77 75
3.48548 3.1875 0.6375 0.354079 -0.741882 -0.56942 80 57 43
3.4725 3.18179 0.6375 0.286374 -0.757909 -0.586144 87 66 51
3.4725 3.1875 0.625796 0.367682 -0.83571 -0.407919 107 92 74
3.4875 3.17412 0.6525 -0.00952207 -0.874051 -0.48574 80 56 40
3.4875 3.1875 0.639408 -0.518006 -0.566868 -0.640571 84 60 46
3.4875 3.18467 0.7125 0.101368 -0.323873 0.940655 67 72 68
3.4875 3.1875 0.713151 0.0437997 -0.180654 0.982571 68 76 72
3.47685 3.2025 0.5325 0.707107 0 0.707107 26 36 37
3.4725 3.19815 0.5325 0.57735 -0.57735 0.57735 44 52 53
3.4725 3.2025 0.53685 0.707107 0 0.707107 21 32 33
3.4875 3.2025 0.714512 0.0538688 -0.106141 0.992891 120 126 121
3.4725 3.20685 0.5325 0.57735 0.57735 0.57735 21 31 33
3.4875 3.2175 0.716453 0.00742408 -0.0215644 0.99974 123 126 124
3.47907 3.2325 0.5925 0.433804 -0.441778 -0.785268 140 121 103
3.4875 3.2325 0.716484 0.0464624 0.0296733 0.998479 83 86 84
3.4875 3.2475 0.716057 0.0801845 0.0639763 0.994725 75 80 80
3.4875 3.26227 0.7125 0.228804 0.22789 0.946422 73 80 79
3.48728 3.2625 0.7125 0.237983 -0.184601 0.953565 73 80 79
3.4875 3.2625 0.712442 0.0249166 0.0244279 0.999391 73 80 79
3.4875 3.26277 0.7125 0.2356 -0.192502 0.952594 72 80 78
3.4875 3.2775 0.715449 0.0194747 -0.0874165 0.995981 71 78 77
3.49043 3.1575 0.6675 0.503317 -0.787767 -0.355098 105 73 58
3.5025 3.15713 0.6825 0.156119 -0.9877 -0.00869192 122 86 68
3.5025 3.1575 0.682105 0.382253 -0.827797 -0.410651 121 86 68
3.5025 3.1575 0.683766 0.0187225 -0.892159 0.451333 124 86 69
3.5025 3.16456 0.6675 0.251453 -0.875545 -0.412544 108 74 60
3.5025 3.1725 0.660278 0.234956 -0.608609 -0.757885 103 71 57
3.5025 3.16456 0.6975 0.11409 -0.833524 0.540574 143 94 87
3.5025 3.1725 0.704076 0.0959881 -0.544971 0.832943 113 90 85
3.5025 3.17257 0.6375 0.0944424 -0.865361 -0.492169 109 92 77
3.4908 3.1875 0.6375 -0.342221 -0.268131 -0.90055 79 56 42
3.5025 3.1875 0.633708 0 -0.246157 -0.96923 90 67 51
3.5025 3.17861 0.6525 0.272454 -0.961502 -0.0358087 90 63 49
3.49212 3.1875 0.7125 0.118667 -0.316629 0.941097 67 74 69
3.5025 3.1875 0.710778 0.127323 -0.39186 0.911172 69 74 69
3.5025 3.19072 0.7125 0.0539316 -0.313572 0.948032 83 90 84
3.5025 3.2025 0.716127 -0.00462169 -0.144978 0.989424 126 131 127
3.49433 3.2175 0.5175 0.707107 0 0.707107 27 37 37
3.4875 3.21067 0.5175 0.57735 -0.57735 0.57735 47 55 55
3.4875 3.2175 0.524325 0.707107 0 0.707107 19 30 30
3.4942 3.2175 0.6075 0.61933 -0.61933 -0.482557 119 98 81
3.4875 3.2108 0.6075 0.61933 -0.61933 -0.482557 121 103 85
3.4875 3.2175 0.598905 0.61933 -0.61933 -0.482557 127 108 91
3.5025 3.2175 0.716704 -0.000663103 0.00384507 0.999992 119 122 120
3.4875 3.22609 0.5175 0.616478 0.489805 0.616478 17 28 29
3.5025 3.2325 0.716759 0.0224762 0.0580885 0.998058 79 83 82
3.5025 3.2471 0.5775 -0.368266 -0.624106 -0.689109 146 127 110
3.50083 3.2475 0.5775 -0.160536 -0.662577 -0.731587 146 127 110
3.5025 3.2475 0.577134 -0.282149 -0.463532 -0.839959 146 127 110
3.5025 3.2475 0.712819 -0.0066993 0.037302 0.999282 73 79 78
3.48776 3.2625 0.7125 -0.198857 0.236036 0.95118 73 80 79
3.5025 3.2625 0.715573 0.00114552 0.093783 0.995592 73 81 79
3.5025 3.27458 0.7125 0 0.24735 0.968926 69 78 76
3.49954 3.2775 0.7125 0.235368 -0.192279 0.952697 69 77 76
3.5025 3.2775 0.711743 0.0966753 0.109977 0.989221 68 77 75
3.50358 3.1575 0.6825 0.326116 -0.859371 0.393866 122 87 69
3.5175 3.16145 0.6675 0.0474989 -0.899671 -0.433976 100 71 53
3.5175 3.1725 0.662965 0.109074 -0.583062 -0.805072 110 76 60
3.5175 3.16257 0.6825 0.138322 -0.97918 0.148573 131 89 72
3.5175 3.16623 0.6975 0.167765 -0.874471 0.455144 137 95 87
3.5175 3.1725 0.702837 0.113437 -0.543774 0.83153 114 88 84
3.51339 3.1875 0.6375 0.602288 -0.516525 -0.608648 77 54 40
3.5175 3.1825 0.6525 0.336853 -0.845732 -0.413844 96 64 52
3.5175 3.1875 0.640553 0.233719 -0.872249 -0.429601 83 58 44
3.5175 3.1875 0.710745 0.0542095 -0.438805 0.896946 66 68 67
3.5098 3.2025 0.6225 0.590559 -0.590559 -0.549982 86 61 48
3.5025 3.1952 0.6225 0.590559 -0.590559 -0.549982 105 80 67
3.5025 3.2025 0.614667 0.590559 -0.590559 -0.549982 102 82 67
3.5175 3.19175 0.7125 0.0172262 -0.32028 0.947166 75 79 78
3.5175 3.2025 0.71505 0.0514457 -0.142754 0.98842 97 103 102
3.5175 3.2175 0.71722 0.0323977 -0.0114105 0.99941 124 128 128
3.5175 3.2325 0.713669 0.0162553 0.0665213 0.997653 73 76 77
3.5175 3.23766 0.5775 0.000631682 -0.479637 -0.877467 123 109 92
3.5175 3.2475 0.572231 0.0159133 -0.47215 -0.881374 120 106 88
3.5175 3.2475 0.716171 0.0519983 0.0425693 0.997739 72 77 78
3.5175 3.2621 0.5475 -0.532106 -0.829475 -0.169807 91 78 62
3.5171 3.2625 0.5475 -0.700746 -0.700746 -0.133833 92 79 63
3.5175 3.2625 0.547097 0 -0.707107 -0.707107 90 77 61
3.5175 3.25956 0.5625 -0.551834 -0.822263 -0.139153 125 112 95
3.51456 3.2625 0.5625 -0.702098 -0.702098 -0.118817 136 122 106
3.5175 3.26165 0.7125 0.121474 0.249275 0.960784 72 78 78
3.51651 3.2625 0.7125 0.208939 0.242216 0.947458 73 79 79
3.5175 3.2625 0.712276 0.0574028 0.160062 0.985436 73 78 78
3.5169 3.2625 0.5025 -0.57735 0.57735 0.57735 16 25 24
3.5175 3.2631 0.5025 0 0.707107 0.707107 16 24 23
3.5175 3.2625 0.503104 0.691315 0.0254228 0.722106 16 25 23
3.5325 3.16525 0.6675 0.156897 -0.872425 -0.46288 104 74 53
3.5325 3.1725 0.664129 0.0291174 -0.612099 -0.790245 108 76 57
3.5325 3.16348 0.6825 0.138774 -0.972981 0.184524 125 84 66
3.5325 3.17019 0.6975 0.140328 -0.903563 0.404823 136 100 97
3.5325 3.1725 0.699408 0.0988843 -0.58207 0.807104 129 99 98
3.5325 3.18528 0.6525 0.0923438 -0.740808 -0.665339 91 60 49
3.5325 3.1875 0.650283 0.0997205 -0.760885 -0.641179 93 62 51
3.5325 3.1875 0.709164 0.0754376 -0.508681 0.857644 68 69 69
3.5325 3.19309 0.7125 0.0831721 -0.342039 0.935998 71 76 75
3.5325 3.2025 0.715771 0.0473906 -0.0976963 0.994087 86 92 91
3.5325 3.2175 0.714008 0.0822052 -0.0568365 0.994993 97 102 104
3.5325 3.2325 0.717221 0.0138375 0.0678156 0.997602 91 94 96
3.51799 3.2475 0.5025 0.707022 -0.0155197 0.707022 20 30 31
3.5175 3.24701 0.5025 0.57735 -0.57735 0.57735 20 30 31
3.5175 3.2475 0.502987 0.706838 -0.0275499 0.706838 20 30 31
3.52277 3.2475 0.5775 0.661256 -0.354233 -0.661256 119 103 85
3.5325 3.2475 0.713264 0.0263846 0.10728 0.993879 75 78 80
3.5181 3.2625 0.5025 0.706935 0.0220716 0.706935 16 25 24
3.5179 3.2625 0.5475 0.408884 -0.475397 -0.778981 91 78 62
3.5325 3.25046 0.5625 -0.0947176 -0.829728 -0.550073 119 108 91
3.5325 3.2625 0.555121 0.406699 -0.477337 -0.778939 114 100 82
3.5325 3.25973 0.7125 0.094145 0.161125 0.982434 72 76 77
3.5325 3.2625 0.712239 0.00248955 0.0938493 0.995583 71 76 76
3.5475 3.16687 0.6675 0.274537 -0.886525 -0.372428 107 74 57
3.5475 3.1725 0.664554 0.103245 -0.635969 -0.764777 113 78 60
3.5475 3.1661 0.6825 0.243809 -0.963192 0.11322 124 84 72
3.5475 3.17217 0.6975 0.203795 -0.911454 0.357377 119 92 91
3.5475 3.1725 0.697847 0.108514 -0.609956 0.784971 118 92 91
3.5475 3.18491 0.6525 0.145685 -0.695339 -0.703761 100 64 51
3.5475 3.1875 0.648599 0.212849 -0.804733 -0.554166 100 66 53
3.5475 3.1875 0.709485 0.0876881 -0.481723 0.871925 72 73 72
3.5475 3.20057 0.7125 0.0860978 -0.269709 0.959085 88 97 95
3.5475 3.2025 0.712717 0.0905114 -0.139027 0.986144 91 100 98
3.5475 3.2175 0.714479 0.0366242 -0.0266285 0.998974 107 113 114
3.5475 3.2325 0.714549 0.0677709 -0.0158926 0.997574 74 78 82
3.5475 3.2475 0.713469 0.0803439 0.155282 0.984598 69 73 75
3.5325 3.25645 0.4875 0 0 0 42 50 50
3.5325 3.2625 0.492223 0 0 0 18 28 28
3.5625 3.12891 0.5025 -0.0177154 0.999548 0.0242944 40 39 34
3.5625 3.12809 0.5175 -0.103162 0.993115 0.0554985 43 40 34
3.5625 3.12838 0.6675 -0.411038 0.877678 -0.246433 53 50 39
3.5625 3.12823 0.6975 -0.649884 0.75949 -0.0287377 60 56 48
3.5625 3.1281 0.7125 -0.686493 0.725935 -0.0417805 60 58 50
3.55747 3.1725 0.6675 0.472652 -0.686808 -0.552172 105 72 55
3.5625 3.17217 0.6825 0.357671 -0.931344 0.0683386 113 78 67
3.5625 3.1725 0.681629 0.131939 -0.928666 -0.346659 113 77 66
3.5504 3.1725 0.6975 0.110632 -0.812566 0.572274 120 92 91
3.5625 3.1725 0.685337 0.0704424 -0.989209 0.128467 116 80 71
3.55579 3.1875 0.6525 0.368062 -0.737684 -0.565996 100 64 47
3.5625 3.17825 0.6675 0.130699 -0.814966 -0.564578 98 64 48
3.5625 3.1875 0.659395 -0.167642 -0.779044 -0.604141 98 62 43
3.5625 3.17414 0.6975 0.0168862 -0.831692 0.55498 119 89 87
3.5625 3.1875 0.706764 0.0521331 -0.444113 0.894453 68 69 69
3.5625 3.19926 0.6375 0.188201 -0.781661 -0.594631 93 65 52
3.5475 3.19503 0.6375 0.237486 -0.772948 -0.588346 91 63 52
3.5625 3.2025 0.634147 0.126893 -0.712351 -0.690256 95 66 53
3.5475 3.2025 0.631937 0.14533 -0.632878 -0.76049 93 64 52
3.5625 3.19016 0.6525 0.145863 -0.819312 -0.554483 100 63 44
3.5625 3.20078 0.7125 0.0629311 -0.383952 0.921206 81 90 89
3.5625 3.2025 0.712955 0.00939226 -0.0897537 0.99592 84 93 91
3.5625 3.2175 0.71394 0.0145209 -0.0629216 0.997913 99 106 108
3.5625 3.2325 0.714438 0.0714149 0.0621685 0.995507 95 102 104
3.5625 3.24013 0.7125 0.206664 0.247947 0.946473 85 92 95
3.55259 3.2475 0.7125 0.184909 0.248826 0.950734 70 74 78
3.5625 3.2475 0.710552 0.214578 0.249686 0.944253 73 79 84
3.5775 3.12833 0.5025 8.97289e-17 -0.997204 0.0747231 47 53 49
3.57386 3.1425 0.5025 -0.998891 9.48698e-18 0.0470836 47 43 35
3.5775 3.13103 0.5175 1.39825e-16 -0.980262 0.197705 50 51 46
3.57541 3.1425 0.5175 -0.936244 0.233807 -0.262262 48 43 35
3.57505 3.1425 0.5325 -0.799987 0.597805 0.0514849 52 46 37
3.57604 3.1425 0.5475 -0.81978 0.550344 0.15837 59 52 42
3.5775 3.13742 0.5625 -0.216365 0.885329 0.411556 57 52 44
3.5775 3.1425 0.555394 0.850331 0.456415 0.26196 61 54 44
3.5775 3.13013 0.5775 -0.252448 0.96112 0.111881 52 49 44
3.5775 3.12974 0.5925 -0.462581 0.83275 -0.304215 53 51 45
3.5775 3.12917 0.6075 -0.696762 0.715338 0.0530431 54 52 47
3.5775 3.12836 0.6225 -0.713596 0.700488 0.00987901 54 53 49
3.5775 3.13387 0.6675 -0.461288 0.785736 -0.412106 53 49 39
3.5775 3.14014 0.6825 -0.623746 0.77259 -0.118515 65 58 50
3.5775 3.14066 0.6975 -0.677085 0.734661 -0.0427648 76 70 64
3.57671 3.1425 0.7125 -0.781952 0.618736 0.0756049 68 65 61
3.5775 3.1425 0.706577 -0.726879 0.675851 -0.12195 71 66 62
3.5775 3.14543 0.5025 -0.0853024 0.99539 0.0438372 47 43 35
3.5775 3.14439 0.5175 -0.0340876 0.999129 0.0240861 49 43 35
3.5775 3.14495 0.5325 -0.0316498 0.999399 0.0141425 52 46 36
3.5775 3.14396 0.5475 -0.332644 0.939046 0.0868352 59 52 42
3.5775 3.14381 0.7125 -0.808337 0.583357 -0.0792787 69 67 63
3.5775 3.17238 0.6825 -0.386676 -0.919468 -0.0711298 106 73 65
3.5775 3.1725 0.681926 0.134107 -0.652401 -0.745914 106 73 65
3.5775 3.1725 0.683792 -0.0672875 -0.739787 0.669468 106 74 67
3.5775 3.18283 0.6525 -0.117263 -0.852183 -0.509936 93 66 49
3.56711 3.1875 0.6525 -0.380302 -0.648322 -0.659583 99 65 47
3.5775 3.1875 0.647289 0 -0.607431 -0.794372 93 67 51
3.5775 3.17733 0.6675 0.345824 -0.887583 -0.304307 101 71 57
3.5775 3.17415 0.6975 0.261038 -0.889735 0.374474 106 86 83
3.5775 3.1875 0.708172 0.0200666 -0.464508 0.885341 74 75 75
3.5775 3.20244 0.6375 0.16867 -0.666918 -0.72579 93 64 48
3.5775 3.2025 0.63746 0.178173 -0.572897 -0.800027 93 64 48
3.56756 3.2025 0.7125 0.095264 -0.177164 0.97956 84 94 93
3.5775 3.2025 0.711246 0.0301491 -0.214923 0.976166 86 95 96
3.5775 3.2082 0.7125 0.203968 -0.169965 0.96411 98 108 108
3.5775 3.2175 0.713814 0.0780225 -0.0330932 0.996402 112 122 121
3.5775 3.22425 0.7125 0.242647 0.191404 0.951045 95 104 105
3.57094 3.2325 0.7125 0.229793 0.217079 0.948721 82 90 92
3.5775 3.2325 0.710805 0.134682 0.100131 0.985817 73 81 84
3.5775 3.24025 0.7125 0 0 0 70 78 82
3.58043 3.1425 0.5025 0.998647 0.029391 0.0429025 45 43 36
3.57939 3.1425 0.5175 0.995196 0.0701237 -0.0683125 48 43 36
3.57995 3.1425 0.5325 0.98134 0.191813 0.013426 51 46 37
3.57896 3.1425 0.5475 0.971432 0.223513 0.0797547 58 52 42
3.5925 3.13943 0.5775 -2.95336e-17 -0.867226 -0.497914 55 53 47
3.58796 3.1425 0.5775 -0.994926 0.0190481 -0.0987924 57 52 46
3.5925 3.1425 0.562895 -2.2217e-16 0 -1 53 46 40
3.58976 3.1425 0.5925 -0.832764 0.53149 -0.154994 58 54 49
3.59197 3.1425 0.6075 -0.700592 0.713193 0.022964 57 55 50
3.59073 3.1425 0.6225 -0.757969 0.652193 0.0112343 56 54 50
3.58973 3.1425 0.6375 -0.853716 0.519069 0.041667 58 56 51
3.59004 3.1425 0.6525 -0.876914 0.448079 -0.173914 59 55 50
3.58515 3.1425 0.6675 -0.783374 0.537499 -0.312123 53 48 40
3.57928 3.1425 0.6825 -0.795891 0.583813 -0.160375 66 58 50
3.57882 3.1425 0.6975 -0.846039 0.527684 -0.0759487 77 71 66
3.5925 3.14744 0.5775 0.173525 0.981737 -0.0779822 57 52 47
3.5925 3.14555 0.5925 -0.274355 0.952324 0.133444 58 54 48
3.5925 3.14316 0.6075 -0.158234 0.985508 0.0611227 57 55 50
3.5925 3.14458 0.6225 0.266386 0.960364 -0.0820981 56 54 50
3.5925 3.1457 0.6375 -0.0131619 0.990425 -0.137423 58 56 51
3.5925 3.14599 0.6525 -0.541019 0.734054 -0.410442 57 53 47
3.5925 3.15415 0.6675 -0.79668 0.55795 -0.232365 54 46 37
3.59025 3.1575 0.6825 -0.963853 0.25592 -0.0741067 130 116 109
3.5925 3.1575 0.678365 -0.716451 0.311802 -0.624081 112 99 92
3.58648 3.1575 0.6975 -0.869766 0.490855 -0.0506875 99 87 83
3.58751 3.1575 0.7125 -0.818502 0.572751 -0.0448557 88 86 84
3.5925 3.1725 0.682117 -0.663664 0.312198 -0.679767 100 78 71
3.5925 3.16789 0.6975 -0.902242 0.288007 0.320955 117 107 104
3.5925 3.1725 0.685547 -0.155115 0.628288 0.76236 105 85 79
3.5925 3.16403 0.7125 -0.85997 0.50552 0.0700112 74 75 75
3.582 3.1875 0.6525 0.668665 -0.650327 -0.360502 97 68 52
3.58301 3.1875 0.6675 0.70971 -0.617667 -0.338821 92 58 47
3.5925 3.17377 0.6825 -0.334129 0.560173 -0.758 100 77 71
3.58844 3.1875 0.6825 0.860701 -0.496678 -0.111819 100 72 67
3.5925 3.17685 0.6975 0.193518 -0.972432 -0.130103 112 102 100
3.5925 3.1875 0.690458 -0.141506 -0.629283 -0.764185 86 71 68
3.5925 3.1875 0.705929 -0.0533084 -0.381437 0.922857 76 76 77
3.57756 3.2025 0.6375 0.36512 -0.699878 -0.613888 93 64 48
3.5925 3.19714 0.6525 0.344346 -0.814442 -0.467023 95 61 44
3.5925 3.2025 0.646358 0.146137 -0.809985 -0.56795 92 61 44
3.5925 3.19284 0.6675 0.36035 -0.923687 -0.130192 92 61 53
3.5925 3.1924 0.6825 0.125156 -0.953271 -0.274973 84 60 56
3.5925 3.20213 0.7125 0.217391 -0.396335 0.891997 69 79 80
3.59133 3.2025 0.7125 -0.0905508 -0.127213 0.987733 70 80 82
3.5925 3.2025 0.712571 0 0 1 69 79 81
3.57893 3.2175 0.6225 0.462952 -0.626768 -0.626768 81 49 38
3.5775 3.21645 0.6225 0.462952 -0.626768 -0.626768 80 48 37
3.5775 3.2175 0.621446 0.462952 -0.626768 -0.626768 81 50 39
3.5925 3.20292 0.7125 0.232979 0.178513 0.955957 70 80 82
3.58287 3.2175 0.7125 0.258919 -6.79356e-18 0.965899 112 122 122
3.5925 3.2175 0.709793 0.0531672 -0.0151167 0.998471 99 110 111
3.5925 3.2269 0.7125 -0.203676 -0.2545 0.945381 103 112 114
3.5855 3.2325 0.7125 -0.201686 -0.259359 0.944487 86 95 97
3.5925 3.2325 0.713831 -0.181939 -0.227338 0.956669 99 108 109
3.59557 3.1425 0.5775 0.977765 -0.0358231 -0.206622 56 53 48
3.5947 3.1425 0.5925 0.963656 0.259692 0.0626699 58 55 50
3.59292 3.1425 0.6075 0.967422 0.251559 0.028518 57 55 51
3.5939 3.1425 0.6225 0.972256 0.225904 -0.0607137 57 56 52
3.5948 3.1425 0.6375 0.713622 0.512947 -0.477105 60 59 54
3.6075 3.1425 0.644947 -0.273199 0.471114 -0.838697 52 54 48
3.60386 3.1575 0.6225 -0.998556 0 -0.0537161 61 57 51
3.60483 3.1575 0.6375 -0.93188 0.113697 -0.344488 62 57 51
3.5992 3.1575 0.6525 -0.827041 0.365333 -0.427241 53 46 38
3.59644 3.1575 0.6675 -0.880585 0.341257 -0.328807 54 45 36
3.6075 3.1676 0.6525 -0.728615 0.601798 -0.327045 56 47 38
3.60158 3.1725 0.6675 -0.810034 0.422526 -0.406592 97 82 74
3.6075 3.1725 0.6584 -0.697215 0.551132 -0.458415 76 65 57
3.59412 3.1725 0.6975 -0.969097 0.205676 0.13619 120 111 108
3.59692 3.1725 0.7125 -0.811235 0.5731 0.115989 72 75 75
3.6075 3.18061 0.6675 -0.690006 0.599474 -0.405614 90 72 66
3.60619 3.1875 0.6825 -0.728818 -0.366293 -0.578492 96 79 78
3.6075 3.1867 0.7125 -0.815075 0.32314 0.480867 84 89 91
3.59286 3.2025 0.7125 0.25844 2.42472e-18 0.966027 69 79 81
3.60366 3.2175 0.7125 -0.231776 -0.271261 0.934183 107 117 119
3.5925 3.22756 0.6075 0 0 0 82 55 44
3.5925 3.2325 0.602556 0 0 0 94 67 56
3.85704 2.7375 0.3075 -0.374073 0.593487 0.71263 150 142 126
3.8475 2.73133 0.3075 -0.38138 0.58983 0.711794 179 171 152
3.8475 2.7225 0.314819 -0.344354 0.567661 0.747784 182 173 153
3.8625 2.7225 0.321003 -0.318288 0.550074 0.772082 161 152 135
3.8625 2.7375 0.310316 -0.289522 0.582358 0.759629 140 132 117
3.8625 2.7405 0.3075 0 0.684659 0.728863 137 129 113
3.8625 2.71703 0.3075 0 0 0 158 151 132
3.87281 2.7375 0.3075 0.19529 0.671477 0.714829 167 154 134
3.87463 2.7525 0.2775 -0.637791 0.705686 0.308593 188 183 163
3.8775 2.75509 0.2775 -0.637791 0.705686 0.308593 190 185 164
3.8775 2.7525 0.283426 -0.637791 0.705686 0.308593 175 170 150
3.8775 2.75003 0.2925 0 0 0 150 143 124
3.88154 2.7675 0.2625 0 0 0 159 152 134
3.8775 2.7675 0.26399 0 0 0 161 153 135
3.88818 2.7675 0.4725 0 0 0 173 166 148
3.88863 2.7975 0.2775 0.490726 -0.595157 0.636377 117 109 91
3.8775 2.78832 0.2775 0.490726 -0.595157 0.636377 120 110 91
3.8775 2.7975 0.286084 0.490726 -0.595157 0.636377 98 92 73
3.88543 2.8125 0.2925 0.56192 -0.548208 0.619447 133 125 107
3.8775 2.80437 0.2925 0.56192 -0.548208 0.619447 125 120 103
3.8775 2.8125 0.299694 0.56192 -0.548208 0.619447 134 126 109
3.8925 2.77835 0.2625 0 0 0 156 148 130
3.8925 2.7825 0.265219 0 0 0 154 144 126
3.8925 2.7975 0.275004 0 0 0 130 124 106
3.90098 2.8125 0.2775 0.213433 -0.449783 0.867261 101 94 74
3.8925 2.80848 0.2775 0.213433 -0.449783 0.867261 85 82 62
3.8925 2.8125 0.279587 0.213433 -0.449783 0.867261 77 74 53
3.8953 2.8275 0.2925 0.490793 -0.748105 0.446611 110 101 86
3.8925 2.82566 0.2925 0.490793 -0.748105 0.446611 109 100 85
3.8925 2.8275 0.295574 0.490793 -0.748105 0.446611 110 101 87
3.9225 2.83732 0.2925 -0.941753 -0.19995 0.270409 127 118 100
3.9214 2.8425 0.2925 -0.961163 0 0.275983 121 114 97
3.9225 2.8425 0.296327 -0.961163 0 0.275983 124 117 101
3.9225 2.84384 0.2925 -0.755338 0.618407 0.216883 121 113 96
3.9225 2.88723 0.4275 -0.57762 -0.814979 -0.0465175 18 19 13
3.9375 2.87244 0.4425 -0.532256 -0.846584 0 21 21 11
3.9374 2.8725 0.4425 -0.762822 -0.643079 -0.0674706 21 21 11
3.9375 2.8725 0.442265 -0.626555 -0.767897 -0.13328 21 21 11
3.9375 2.8725 0.442832 -0.556247 -0.785174 0.272198 21 21 11
3.9375 2.87125 0.4725 -0.492559 -0.870279 -0.000767413 30 29 19
3.93533 2.8725 0.4725 -0.756405 -0.652388 -0.0473481 26 26 16
3.9375 2.8725 0.467868 -0.641046 -0.706256 -0.300438 25 25 15
3.9375 2.8852 0.3825 -0.579215 -0.800382 -0.154592 18 21 14
3.9375 2.8836 0.3975 -0.620556 -0.768597 -0.155464 17 20 12
3.9375 2.87735 0.4125 -0.655123 -0.743119 -0.136337 18 20 12
3.9375 2.87981 0.4275 -0.438667 -0.886945 -0.144566 21 22 13
3.9375 2.87763 0.4575 -0.584942 -0.80884 -0.0601728 23 23 15
3.9375 2.86537 0.2775 0 0 0 87 79 65
3.9375 2.8725 0.284226 0 0 0 51 49 38
3.3825 2.6625 0.446399 0.0426373 -0.0110877 0.999029 32 52 72
3.3825 2.6775 0.446111 0.0699795 -0.0957182 0.992946 40 84 146
3.3825 2.6925 0.447949 0.0409072 -0.0502369 0.997899 34 89 170
3.3825 2.7075 0.449182 0.0532556 0.188688 0.980592 31 90 173
3.3825 2.71984 0.4425 0.0155346 0.482771 0.875609 37 101 195
3.3825 2.7225 0.441003 0.0696471 0.210185 0.975178 38 104 198
3.3825 2.7375 0.438854 0.0541581 0.106839 0.9928 37 100 192
3.3825 2.7525 0.436861 0.070108 0.0856505 0.993856 37 100 194
3.3825 2.7675 0.436446 0.0682253 0.0697664 0.995228 35 100 194
3.3825 2.7825 0.434095 0.0238412 0.102496 0.994448 34 101 195
3.3825 2.7975 0.433331 0.0148946 0.0782361 0.996824 33 101 196
3.3825 2.8125 0.432929 0.0251557 0.0779798 0.996638 32 100 195
3.3825 2.8275 0.430599 0.038996 0.0598366 0.997446 34 100 193
3.3825 2.8425 0.430446 0.0850328 0.0412327 0.995525 34 98 188
3.3825 2.8575 0.430176 0.0874923 -0.00404285 0.996157 35 97 184
3.3825 2.8725 0.430271 0.0774591 -0.0319835 0.996482 37 97 182
3.3825 2.8875 0.430691 0.0916987 -0.0206455 0.995573 37 97 182
3.3975 2.6625 0.444821 -0.014321 0.033435 0.999338 29 49 68
3.3975 2.6775 0.444844 0.0507708 -0.0810042 0.99542 49 87 144
3.3975 2.6925 0.448355 0.068357 -0.0613375 0.995774 32 87 168
3.3975 2.7075 0.44702 0.0854826 0.202547 0.975534 31 89 168
3.3975 2.71529 0.4425 0.123374 0.476609 0.870415 34 95 180
3.3975 2.7225 0.43879 0.118203 0.23414 0.96499 36 100 191
3.3975 2.737 0.2925 -0.57735 -0.57735 -0.57735 38 37 33
3.397 2.7375 0.2925 -0.57735 -0.57735 -0.57735 39 38 33
3.3975 2.7375 0.291998 -0.57735 -0.57735 -0.57735 39 38 34
3.3975 2.7375 0.437392 0.107901 0.0946192 0.989649 38 98 187
3.3975 2.7525 0.43613 0.065913 0.0699748 0.995369 36 98 188
3.3975 2.7675 0.435064 0.0386416 0.0416197 0.998386 35 98 188
3.3975 2.7825 0.434573 0.020348 0.0778127 0.99676 35 99 190
3.3975 2.7975 0.433995 0.0183364 0.0892333 0.995842 35 99 191
3.3975 2.8125 0.431324 0.0257314 0.0903053 0.995582 34 99 190
3.3975 2.8275 0.430536 0.0397374 0.076967 0.996241 33 98 187
3.3975 2.8425 0.430177 0.051326 0.0701665 0.996214 35 98 186
3.3975 2.8575 0.427767 0.0701134 0.000106089 0.997539 36 96 183
3.3975 2.8725 0.429702 0.0709285 -0.0546408 0.995984 37 96 180
3.3975 2.8875 0.429777 0.0948185 0.00982058 0.995446 38 96 180
3.4125 2.6625 0.446494 -0.0806835 0.058547 0.995019 36 47 54
3.4125 2.6775 0.445673 -0.0318096 0.00618436 0.999475 41 71 115
3.4125 2.6925 0.446218 0.0481792 -0.0374069 0.998138 35 84 159
3.4125 2.7075 0.445571 0.0664919 0.201474 0.977234 30 85 163
3.4125 2.71217 0.4425 0.0726216 0.487648 0.870014 32 89 169
3.4125 2.7225 0.437075 0.0784625 0.259326 0.962597 36 98 185
3.4125 2.7375 0.435792 0.0694484 0.0786364 0.994481 39 97 183
3.4125 2.7525 0.434655 0.0576336 0.0261664 0.997995 37 96 182
3.4125 2.7675 0.434978 0.0452692 0.0364877 0.998308 36 97 183
3.4125 2.7825 0.434756 0.0486397 0.0706605 0.996314 37 97 185
3.4125 2.7975 0.432218 0.0393428 0.0874532 0.995391 37 97 184
3.4125 2.8125 0.431415 0.0335523 0.0925339 0.995144 37 97 184
3.4125 2.8275 0.430572 0.0320507 0.0879869 0.995606 35 97 184
3.4125 2.8425 0.428244 0.0512602 0.0837421 0.995168 35 96 182
3.4125 2.8575 0.427596 0.0302657 0.0300111 0.999091 37 96 180
3.4125 2.8725 0.428805 0.0769134 -0.0227025 0.996779 38 95 178
3.4125 2.88312 0.4275 0.162067 0.118702 0.979614 39 95 177
3.40972 2.8875 0.4275 0.178788 0.000698837 0.983887 39 96 177
3.4125 2.8875 0.426994 0.0614674 0.0150298 0.997996 39 95 177
3.4275 2.6625 0.448396 -0.0426875 0.0408949 0.998251 39 48 50
3.4275 2.6775 0.445709 -0.0545892 0.0787642 0.995398 31 54 80
3.4275 2.6925 0.445681 0.00284096 -0.00214003 0.999994 41 84 147
3.4275 2.7075 0.445747 0.00675475 0.176277 0.984317 32 84 159
3.4275 2.71144 0.4425 0.0264719 0.538547 0.842179 33 87 165
3.4275 2.7225 0.435607 0.0605313 0.27992 0.958113 36 96 181
3.4275 2.7375 0.43525 0.0528208 0.0402333 0.997793 37 95 178
3.4275 2.7525 0.43437 0.042381 0.0423115 0.998205 38 94 179
3.4275 2.7675 0.434901 0.0625764 0.0373119 0.997342 37 95 180
3.4275 2.7825 0.432476 0.0541073 0.0694838 0.996115 37 95 179
3.4275 2.7975 0.432104 0.0513959 0.0766547 0.995732 38 95 179
3.4275 2.8125 0.431457 0.0403108 0.0816879 0.995842 38 96 179
3.4275 2.8275 0.42905 0.0314017 0.0908901 0.995366 37 95 179
3.4275 2.8425 0.428227 0.0195361 0.069512 0.99739 37 95 178
3.4275 2.85637 0.4275 0.0122566 0.0521787 0.998563 38 95 178
3.42173 2.8575 0.4275 0.0699401 -0.0159056 0.997424 38 96 179
3.4275 2.8575 0.427445 0.0231685 0.0522213 0.998367 38 95 178
3.42221 2.8725 0.4275 0.132527 0.0576849 0.989499 39 94 176
3.4275 2.8725 0.426785 0.0488572 0.0353984 0.998178 39 94 175
3.4275 2.8875 0.426438 0.0457265 0.00595516 0.998936 40 94 173
3.4425 2.6625 0.44715 -0.0560738 0.0494342 0.997202 39 47 50
3.4425 2.6775 0.446977 -0.059752 0.0875388 0.994367 35 45 51
3.4425 2.6925 0.446106 -0.0305901 0.02197 0.999291 39 74 117
3.4425 2.7075 0.445679 -0.0312631 0.189652 0.981353 33 80 151
3.4425 2.7115 0.4425 -0.00637079 0.577411 0.816429 33 84 159
3.4425 2.7225 0.434836 -0.00549674 0.31101 0.950391 36 94 178
3.4425 2.7375 0.434177 0.0663891 0.0432974 0.996854 38 94 175
3.4425 2.7525 0.434304 0.0779224 0.0452888 0.99593 40 93 174
3.4425 2.7675 0.432324 0.0729133 0.0399657 0.996537 39 93 176
3.4425 2.7825 0.432423 0.0727638 0.057458 0.995693 38 94 175
3.4425 2.7975 0.43196 0.0611089 0.0717547 0.995549 39 94 175
3.4425 2.8125 0.429608 0.0617202 0.0780447 0.995038 40 94 175
3.4425 2.8275 0.429136 0.0414381 0.0646869 0.997045 40 95 175
3.4425 2.8425 0.428219 0.0135258 0.0651386 0.997785 40 95 176
3.4425 2.85228 0.4275 0.0204532 0.0646186 0.9977 40 94 175
3.4425 2.8575 0.427153 0.0661768 0.0606158 0.995965 40 94 175
3.4425 2.8725 0.426264 0.0316278 0.043254 0.998563 40 93 173
3.4425 2.8875 0.425783 0.059569 0.04177 0.99735 40 93 170
3.4575 2.6625 0.448738 -0.0708691 0.0242377 0.997191 37 46 49
3.4575 2.6775 0.449109 -0.0984293 0.0816376 0.99179 37 46 48
3.4575 2.6925 0.44596 -0.0651975 0.0794453 0.994705 27 48 63
3.4575 2.7075 0.446607 -0.022547 0.183507 0.98276 41 80 135
3.4575 2.71274 0.4425 -0.0426796 0.588612 0.807289 40 85 151
3.4575 2.7225 0.435623 -0.0234375 0.346664 0.937697 37 92 176
3.4575 2.7375 0.434023 0.034143 0.107913 0.993574 36 93 171
3.4575 2.7525 0.431534 0.0738004 0.0428753 0.996351 38 93 167
3.4575 2.7675 0.432027 0.0594197 0.0237814 0.99795 40 91 171
3.4575 2.7825 0.431651 0.0399942 0.0720867 0.996596 40 92 172
3.4575 2.7975 0.42961 0.0765334 0.0686764 0.994699 40 93 172
3.4575 2.8125 0.429125 0.053433 0.058038 0.996883 41 93 172
3.4575 2.8275 0.428362 0.0338094 0.0440703 0.998456 41 94 172
3.4575 2.8425 0.427706 0.0427411 0.0620115 0.99716 42 94 173
3.4575 2.8438 0.4275 0.0785208 0.116381 0.990096 42 94 173
3.4575 2.8575 0.425322 0.0637731 0.0422971 0.997068 40 92 170
3.4575 2.8725 0.425764 0.0517724 0.0363599 0.997997 40 93 169
3.4575 2.8875 0.425266 0.0609362 0.0719235 0.995547 39 92 166
3.4725 2.6625 0.450848 -0.0517669 -0.0182091 0.998493 37 46 46
3.4725 2.6775 0.449646 -0.0684865 0.0644754 0.995566 36 46 46
3.4725 2.6925 0.447966 -0.102326 0.122418 0.98719 33 45 48
3.4725 2.7075 0.446654 -0.119834 0.191634 0.974123 38 68 105
3.4725 2.71362 0.4425 -0.145969 0.559593 0.815811 39 79 134
3.4725 2.7225 0.436778 -0.20831 0.437488 0.874763 38 91 171
3.4725 2.7375 0.432316 0.000698602 0.158503 0.987358 38 91 169
3.4725 2.7525 0.431377 0.0256347 0.0517024 0.998333 38 92 163
3.4725 2.7675 0.431369 0.0435736 0.0259401 0.998713 39 91 164
3.4725 2.7825 0.430972 0.0727164 0.0592292 0.995592 41 92 167
3.4725 2.7975 0.429197 0.0390751 0.082314 0.99584 41 92 167
3.4725 2.8125 0.428498 0.0357771 0.035485 0.99873 41 93 168
3.4725 2.8275 0.428107 0.0448675 0.0532618 0.997572 41 93 169
3.4725 2.83194 0.4275 0.12408 0.148198 0.981143 40 92 168
3.45935 2.8425 0.4275 0.123209 0.155776 0.980078 41 94 172
3.4725 2.8425 0.425821 0.0548981 0.0672447 0.996225 40 92 167
3.4725 2.8575 0.425186 -0.00275303 0.0353381 0.999372 40 91 166
3.4725 2.8725 0.425745 0.0539459 0.047956 0.997392 41 91 165
3.4725 2.8875 0.423467 0.0678728 0.0768867 0.994727 40 91 162
3.4875 2.6625 0.450434 -0.0638086 -0.0163088 0.997829 36 45 45
3.4875 2.6775 0.450234 -0.0745166 0.0417919 0.996344 35 45 44
3.4875 2.6925 0.449798 -0.0920606 0.0965217 0.991064 36 45 46
3.4875 2.7075 0.44777 -0.0896159 0.147661 0.98497 30 46 58
3.48271 2.7225 0.4425 -0.416465 0.509228 0.753156 42 80 136
3.4875 2.7225 0.444969 -0.1386 0.332511 0.932859 41 73 117
3.4875 2.72576 0.4425 -0.253957 0.592475 0.764513 43 78 130
3.4875 2.7375 0.433417 -0.0902056 0.388791 0.916899 41 91 167
3.4875 2.7525 0.431371 0.0542862 0.0790203 0.995394 38 90 161
3.4875 2.7675 0.431092 0.0830537 0.0610821 0.994671 38 90 159
3.4875 2.7825 0.429072 0.10778 0.0605518 0.992329 39 89 160
3.4875 2.7975 0.428439 0.0578675 0.0524083 0.996948 40 90 163
3.4875 2.8125 0.427988 0.0528722 0.048596 0.997418 40 91 163
3.4875 2.81623 0.4275 0.150388 0.138323 0.978903 40 91 163
3.47721 2.8275 0.4275 0.155105 0.149499 0.976521 40 92 167
3.4875 2.8275 0.425764 0.0831148 0.075845 0.99365 40 91 164
3.4875 2.8425 0.425201 0.0356351 -0.023134 0.999097 40 91 164
3.4875 2.8575 0.426366 0.0122632 0.0660401 0.997742 39 91 163
3.4875 2.8725 0.423865 0.0546782 0.0846486 0.994909 41 90 160
3.4875 2.8875 0.422534 0.0503883 0.0695993 0.996302 40 89 157
3.5025 2.6625 0.451622 -0.0738487 -0.00700424 0.997245 34 42 43
3.5025 2.6775 0.452512 -0.0993809 0.0188805 0.99487 35 44 44
3.5025 2.6925 0.451211 -0.103422 0.10636 0.988934 36 45 43
3.5025 2.7075 0.449053 -0.0737579 0.165205 0.983497 36 44 45
3.5025 2.7225 0.446529 -0.0545823 0.310351 0.949054 32 56 82
3.5025 2.72801 0.4425 -0.0414432 0.633709 0.772461 39 70 112
3.5025 2.7375 0.433847 -0.0283436 0.471067 0.881642 44 88 160
3.5025 2.7525 0.429798 0.0598738 0.151307 0.986672 39 88 159
3.5025 2.7675 0.428241 0.108743 0.0889674 0.990081 37 88 158
3.5025 2.77641 0.4275 0.0811355 0.0830192 0.99324 37 88 157
3.49881 2.7825 0.4275 0.137748 -0.0220678 0.990222 38 88 157
3.5025 2.7825 0.426987 0.0389175 0.000405536 0.999242 38 88 156
3.5025 2.79036 0.4275 0.0533492 -0.0654026 0.996432 38 89 157
3.5025 2.7975 0.42797 0.0628553 0.0123279 0.997947 38 89 158
3.5025 2.8008 0.4275 0.0875364 0.14008 0.986263 38 89 159
3.49093 2.8125 0.4275 0.142755 0.142542 0.97944 39 91 163
3.5025 2.8125 0.425838 0.0776194 0.105538 0.991381 38 90 161
3.5025 2.8275 0.42492 0.0319288 0.00307589 0.999485 39 89 161
3.5025 2.8425 0.424933 0.0221741 0.0219804 0.999512 40 90 161
3.5025 2.8575 0.425466 0.0751749 0.0414001 0.996311 40 90 161
3.5025 2.8725 0.422817 0.041177 0.104035 0.993721 41 89 159
3.5025 2.8875 0.422264 0.0257325 0.0426774 0.998757 40 88 154
3.5175 2.6625 0.452586 -0.0790523 -0.0269115 0.996507 36 42 43
3.5175 2.6775 0.45339 -0.0689014 0.0149425 0.997512 35 44 44
3.5175 2.6925 0.452702 -0.0603904 0.0880947 0.99428 36 45 43
3.5175 2.7075 0.450378 -0.112267 0.181744 0.976916 37 43 44
3.5175 2.7225 0.446651 -0.162469 0.313202 0.935686 32 44 51
3.5175 2.72782 0.4425 -0.156024 0.604077 0.781503 37 56 77
3.5175 2.7375 0.435689 -0.260658 0.515699 0.816157 48 84 138
3.5175 2.7525 0.428545 -0.0674746 0.248335 0.966321 39 87 154
3.5175 2.7675 0.428001 0.0200118 0.0721121 0.997196 36 86 154
3.5175 2.77199 0.4275 0.0130765 0.0931525 0.995566 36 86 154
3.5175 2.7825 0.426523 0.0406848 0.034871 0.998563 36 87 154
3.51702 2.7975 0.4275 0.0323472 0.0748208 0.996672 37 88 154
3.5175 2.7975 0.427483 0.0904475 0.0479309 0.994747 37 88 154
3.5175 2.8125 0.424692 0.0509939 0.092095 0.994444 39 89 157
3.5175 2.8275 0.424162 0.0421242 -0.0302629 0.998654 39 88 157
3.5175 2.8425 0.425741 0.00529406 0.049847 0.998743 40 89 158
3.5175 2.8575 0.423233 0.0565729 0.070203 0.995927 40 88 157
3.5175 2.8725 0.42256 0.043913 0.0623062 0.997091 40 88 156
3.5175 2.8875 0.422043 0.0347289 0.0465116 0.998314 40 87 153
3.5325 2.6625 0.454412 -0.00661637 -0.0581349 0.998287 37 42 41
3.5325 2.6775 0.455149 -0.0554561 0.0434428 0.997516 36 45 44
3.5325 2.6925 0.452679 -0.0322845 0.0934704 0.995098 36 45 44
3.5325 2.7075 0.45203 -0.039945 0.112303 0.992871 38 45 43
3.5325 2.7225 0.449548 -0.12035 0.214441 0.969294 37 44 43
3.5283 2.7375 0.4425 -0.4584 0.54639 0.700947 35 58 84
3.5325 2.7375 0.445271 -0.252384 0.337981 0.906681 31 49 67
3.5325 2.74012 0.4425 -0.470704 0.585604 0.659929 34 55 80
3.5325 2.7525 0.431915 -0.35133 0.473981 0.807409 46 85 147
3.5325 2.7675 0.42821 -0.0849487 0.164667 0.982684 37 86 152
3.5325 2.77377 0.4275 -0.0155124 0.102046 0.994659 36 86 152
3.5325 2.7825 0.426641 -0.00350358 0.115566 0.993294 35 85 152
3.5325 2.7975 0.424924 0.0665079 0.0611652 0.995909 37 87 151
3.5325 2.8125 0.424099 0.0433893 0.0371968 0.998366 39 88 153
3.5325 2.8275 0.423794 0.0134816 0.00243463 0.999906 40 88 154
3.5325 2.8425 0.425342 0.0716606 0.0136917 0.997335 40 88 154
3.5325 2.8575 0.422696 0.0315702 0.104789 0.993993 41 88 153
3.5325 2.8725 0.422181 0.0307718 0.036585 0.998857 40 87 152
3.5325 2.8875 0.421585 0.0159688 0.0608076 0.998022 39 86 151
3.5475 2.6625 0.452269 0.0330531 -0.0650963 0.997331 39 42 40
3.5475 2.6775 0.454631 0.0270981 -0.0137712 0.999538 38 45 43
3.5475 2.6925 0.453374 -0.0254762 0.0882292 0.995774 36 44 43
3.5475 2.7075 0.451846 -0.0522256 0.0960586 0.994005 37 44 43
3.5475 2.7225 0.450254 -0.0634616 0.143567 0.987604 37 44 42
3.5475 2.7375 0.447587 -0.132164 0.192706 0.972315 34 43 46
3.54578 2.7525 0.4425 -0.536011 0.571279 0.621556 38 58 84
3.5475 2.7525 0.444454 -0.211377 0.367106 0.905844 35 53 74
3.5475 2.75416 0.4425 -0.342134 0.65964 0.669193 37 58 84
3.5475 2.7675 0.429412 -0.202793 0.488349 0.848758 42 83 146
3.5475 2.77732 0.4275 -0.0385939 0.156192 0.986972 40 84 150
3.5475 2.7825 0.426636 -0.00675163 0.141851 0.989865 39 84 151
3.5475 2.7975 0.42478 -0.00185394 0.0997942 0.995006 38 86 149
3.5475 2.8125 0.423376 0.00874999 -0.00638248 0.999941 39 87 149
3.5475 2.8275 0.425073 -0.00912489 0.0386478 0.999211 40 87 151
3.5475 2.8425 0.422899 0.0535938 0.0529143 0.99716 39 86 149
3.5475 2.8575 0.422282 0.0462278 0.0584963 0.997217 40 87 149
3.5475 2.8725 0.421624 0.0182381 0.037747 0.999121 40 86 148
3.5475 2.8875 0.421221 0.0198632 0.0327269 0.999267 40 85 145
3.5625 2.6625 0.453273 0.305848 -0.179128 0.935078 46 47 40
3.5625 2.6775 0.455028 0.0450723 -0.0506183 0.9977 39 43 37
3.5625 2.6925 0.45332 -0.0118266 0.0606514 0.998089 39 45 42
3.5625 2.7075 0.453385 0.0212847 0.116598 0.992951 37 44 43
3.5625 2.7225 0.451577 0.0164815 0.0519198 0.998515 36 44 42
3.5625 2.7375 0.449495 -0.154753 0.125447 0.979956 37 44 42
3.5625 2.7525 0.447534 -0.19699 0.367902 0.908759 34 43 49
3.5625 2.75724 0.4425 -0.169069 0.703011 0.69079 40 56 74
3.5625 2.7675 0.432157 -0.189327 0.533024 0.824646 52 83 134
3.5625 2.78058 0.4275 -0.101438 0.268984 0.957788 44 84 146
3.5625 2.7825 0.426866 -0.0683448 0.162237 0.984382 44 84 147
3.5625 2.7975 0.42473 -0.0533191 0.0841727 0.995024 39 86 148
3.5625 2.8125 0.423938 -0.0419822 0.04775 0.997977 39 87 147
3.5625 2.8275 0.424751 0.0363764 0.0192213 0.999153 39 86 147
3.5625 2.8425 0.422529 0.008088 0.094405 0.995501 40 85 146
3.5625 2.8575 0.42179 0.00873205 0.0301532 0.999507 40 85 144
3.5625 2.8725 0.421706 0.000198296 0.0293254 0.99957 40 84 141
3.5625 2.8875 0.420941 -0.0232773 0.0166874 0.99959 41 83 140
3.5775 2.65039 0.4425 0.627147 0.111023 0.770948 75 77 68
3.57525 2.6625 0.4425 0.612309 -0.256557 0.747834 55 56 50
3.5775 2.6625 0.441221 0.458537 -0.0536804 0.887052 57 58 51
3.5775 2.6649 0.4425 0.285823 -0.572414 0.768536 55 56 50
3.5775 2.6775 0.451801 0.306835 -0.313959 0.898489 55 54 47
3.5775 2.6925 0.45391 0.0708212 -0.0314674 0.996993 42 45 40
3.5775 2.7075 0.452983 -0.0729406 0.147517 0.986366 38 44 42
3.5775 2.7225 0.447429 -0.0440898 0.0334908 0.998466 40 49 50
3.5775 2.7375 0.452122 -0.0199364 -0.0153266 0.999684 38 46 42
3.5775 2.7525 0.451354 -0.0622742 0.355698 0.932524 39 43 43
3.5775 2.76219 0.4425 -0.12756 0.699616 0.703041 42 53 64
3.5775 2.7675 0.436652 -0.207093 0.500294 0.840725 47 65 89
3.56748 2.7825 0.4275 -0.124945 0.282298 0.951155 46 83 142
3.5775 2.7825 0.428806 -0.210374 0.364987 0.906933 50 80 129
3.5775 2.78973 0.4275 -0.111487 0.182565 0.976852 47 82 137
3.5775 2.7975 0.425998 -0.082802 0.0772416 0.993568 44 84 144
3.5775 2.8125 0.426096 -0.0795517 0.101421 0.991658 38 85 145
3.5775 2.8275 0.423149 -0.0115386 0.0766416 0.996992 40 84 143
3.5775 2.8425 0.422539 -0.00378955 0.0544111 0.998511 41 82 140
3.5775 2.8575 0.422101 -0.0449525 0.0130701 0.998904 42 82 138
3.5775 2.8725 0.42165 -0.0851428 0.0149625 0.996256 44 82 134
3.5775 2.8875 0.421364 -0.10615 -0.0226242 0.994093 44 80 129
3.5925 2.6625 0.43528 0.459949 -0.283464 0.841484 86 87 77
3.5925 2.67177 0.4425 0.431291 -0.567708 0.70121 83 80 71
3.5925 2.6775 0.447132 0.343046 -0.435933 0.832035 77 73 63
3.5925 2.6925 0.451424 0.39228 -0.210139 0.895521 51 53 44
3.5925 2.7075 0.453609 0.178076 -0.0868598 0.980176 42 46 41
3.5925 2.7225 0.453047 -0.115108 0.0428677 0.992428 39 44 46
3.5925 2.7375 0.453559 -0.111817 0.0756626 0.990844 37 45 43
3.5925 2.7525 0.44917 -0.024502 0.37182 0.927981 42 50 48
3.5925 2.7612 0.4425 -0.0408924 0.581983 0.812172 45 51 52
3.5925 2.7675 0.440398 -0.176719 0.381096 0.907489 44 51 54
3.5925 2.7825 0.433039 -0.241746 0.378436 0.893501 48 68 91
3.5925 2.7974 0.4275 -0.178846 0.265106 0.947488 49 82 133
3.5925 2.7975 0.427465 -0.114883 0.0611281 0.991496 49 82 133
3.5925 2.8125 0.426565 -0.09605 0.110602 0.989213 42 83 140
3.5925 2.8275 0.423848 -0.0941059 0.115955 0.988786 45 82 132
3.5925 2.8425 0.42323 -0.103562 0.0261917 0.994278 46 81 128
3.5925 2.8575 0.422644 -0.121373 -0.0206992 0.992391 47 80 125
3.5925 2.8725 0.423983 -0.140566 -0.0348509 0.989458 46 78 122
3.5925 2.8875 0.42419 -0.189972 -0.0422144 0.980882 49 76 111
3.60144 2.6625 0.4275 0.655561 -0.046905 0.753684 93 95 87
3.6075 2.66788 0.4275 0.514645 -0.563424 0.646292 94 95 87
3.59842 2.6775 0.4425 0.552493 -0.286837 0.782608 78 75 65
3.6075 2.6775 0.436189 0.493689 -0.453784 0.741857 80 78 67
3.60432 2.6925 0.4425 0.539723 -0.268897 0.797743 61 59 49
3.6075 2.6925 0.441323 0.419828 -0.231614 0.877553 63 60 50
3.6075 2.69619 0.4425 0.478365 -0.257448 0.839576 60 60 50
3.6075 2.7075 0.446497 0.457966 -0.299134 0.83713 53 58 51
3.6075 2.7225 0.452154 0.258368 -0.205653 0.943903 43 45 43
3.6075 2.7375 0.453921 0.0480534 0.0324626 0.998317 40 45 46
3.6075 2.7525 0.450109 -0.0911053 0.361553 0.92789 42 50 48
3.6075 2.76621 0.4425 -0.118337 0.484045 0.867004 45 53 51
3.6075 2.7675 0.442051 -0.145682 0.306553 0.940639 45 52 51
3.6075 2.7825 0.436691 -0.217954 0.304921 0.927103 42 55 58
3.59263 2.7975 0.4275 -0.298569 0.229628 0.926352 49 82 133
3.6075 2.7975 0.432299 -0.278684 0.235152 0.931149 50 71 95
3.59839 2.8125 0.4275 -0.22799 0.142562 0.96317 46 81 131
3.6075 2.8125 0.429295 -0.241427 0.203721 0.948794 50 77 110
3.6075 2.82095 0.4275 -0.188023 0.193122 0.962991 51 77 106
3.6075 2.8275 0.426188 -0.175093 0.116012 0.977693 51 75 103
3.6075 2.8425 0.425249 -0.164006 0.0110548 0.986397 50 74 100
3.6075 2.8575 0.425898 -0.191472 -0.0302378 0.981032 50 74 100
3.6075 2.8725 0.426706 -0.204431 -0.0521221 0.977492 47 67 88
3.6075 2.88665 0.4275 -0.301155 -0.0553492 0.951968 45 62 76
3.60731 2.8875 0.4275 -0.218162 -0.0626197 0.973902 45 62 75
3.6525 3.09094 0.9675 -0.811825 -0.581046 0.0576799 52 65 71
3.6469 3.0975 0.9675 -0.866037 -0.422992 0.266567 54 66 66
3.6525 3.09673 0.9825 -0.917592 -0.273448 0.288532 64 85 110
3.6523 3.0975 0.9825 -0.900288 -0.288547 0.325917 64 85 109
3.6525 3.0975 0.982808 -0.890314 0 0.455346 65 85 110
3.64524 3.1125 0.9675 -0.830612 -0.0493629 0.554659 60 68 67
3.6525 3.09779 0.9825 -0.724318 0.419778 0.546946 64 85 109
3.6525 3.1125 0.9736 -0.588036 0.356558 0.726003 60 70 70
3.6675 3.0635 0.9975 -0.573446 -0.753166 -0.322336 47 82 116
3.66317 3.0675 0.9975 -0.857047 -0.504338 -0.105425 46 85 122
3.6675 3.0675 0.990063 -0.449093 -0.817675 -0.36017 48 81 115
3.6675 3.06083 1.0125 -0.816263 -0.569582 -0.0963915 51 79 118
3.66392 3.0675 1.0125 -0.946495 -0.300416 0.117885 52 82 124
3.6675 3.06433 1.0275 -0.90562 -0.365859 0.214477 55 82 122
3.6666 3.0675 1.0275 -0.965012 -0.121858 0.23217 56 83 123
3.6675 3.0675 1.0306 -0.941492 0.0213642 0.336357 57 83 124
3.6675 3.07944 0.9675 -0.345408 -0.891228 -0.293951 56 74 102
3.66075 3.0825 0.9675 -0.552125 -0.825005 -0.12052 50 66 88
3.6675 3.07197 0.9825 -0.515477 -0.73162 -0.446111 50 79 113
3.65679 3.0825 0.9825 -0.883527 -0.467901 -0.0211921 54 82 115
3.65852 3.0825 0.9975 -0.982934 -0.107943 0.148962 54 87 127
3.6621 3.0825 1.0125 -0.954395 0.0807001 0.287432 61 88 128
3.66741 3.0825 1.0275 -0.932083 0.155868 0.326995 66 88 122
3.6675 3.0825 1.0277 -0.904834 0.278261 0.322253 66 87 122
3.65997 3.0975 0.9975 -0.915353 0.220864 0.336671 63 86 119
3.66659 3.0975 1.0125 -0.8799 0.303122 0.365914 68 82 107
3.6675 3.08257 1.0275 -0.772313 0.435014 0.46292 66 87 122
3.6675 3.0975 1.01359 -0.748043 0.497012 0.439785 68 82 105
3.6591 3.1125 0.9825 -0.708431 0.456823 0.537994 66 80 89
3.6675 3.10669 0.9975 -0.709476 0.535719 0.457875 62 78 103
3.6675 3.1125 0.992661 -0.635503 0.575054 0.515218 66 77 94
3.6675 3.09792 1.0125 -0.658626 0.674049 0.33447 68 82 106
3.6675 3.12013 0.9825 -0.593597 0.593102 0.543942 67 79 84
3.6825 3.03701 1.0275 -0.63098 -0.767214 -0.115098 50 74 102
3.68165 3.0375 1.0275 -0.817824 -0.575425 0.00700723 50 74 102
3.6825 3.0375 1.02579 -0.182677 -0.815086 -0.549785 49 73 100
3.6825 3.0375 1.03191 -0.859221 -0.480092 0.17678 51 75 103
3.6825 3.0432 1.0125 -0.332896 -0.826049 -0.454777 48 70 96
3.67271 3.0525 1.0125 -0.762992 -0.593991 -0.254985 52 76 111
3.6825 3.0525 0.998741 -0.169649 -0.807481 -0.564972 53 72 101
3.67256 3.0525 1.0275 -0.883385 -0.440093 0.161085 52 78 114
3.6825 3.0418 1.0425 -0.894522 -0.405925 0.187228 55 78 109
3.67681 3.0525 1.0425 -0.882559 -0.401472 0.244763 55 81 114
3.6825 3.04912 1.0575 -0.934724 -0.316112 0.162371 56 82 113
3.68135 3.0525 1.0575 -0.924092 -0.268527 0.271931 56 83 115
3.6825 3.0525 1.06347 -0.968626 -0.183146 0.167993 57 82 115
3.6825 3.06535 0.9825 -0.15702 -0.807912 -0.568 59 85 107
3.6722 3.0675 0.9825 -0.35818 -0.755585 -0.548451 49 77 106
3.6825 3.0675 0.978855 0.00107438 -0.786419 -0.617692 64 90 113
3.6825 3.05329 0.9975 -0.416104 -0.763442 -0.493978 53 72 101
3.67196 3.0675 1.0425 -0.923393 -0.185033 0.336317 57 83 123
3.67828 3.0675 1.0575 -0.940589 -0.0174547 0.339097 58 83 120
3.6825 3.06169 1.0725 -0.95902 -0.154809 0.237307 60 84 117
3.68174 3.0675 1.0725 -0.976841 -0.0354903 0.211002 62 86 118
3.6825 3.0675 1.07562 -0.959112 0.0374283 0.28054 62 85 117
3.6825 3.07726 0.9675 -0.126468 -0.900269 -0.416559 76 96 126
3.67278 3.0825 1.0425 -0.895597 0.252902 0.365987 67 86 116
3.68024 3.0825 1.0575 -0.909706 0.244787 0.335431 67 86 116
3.6825 3.07485 1.0725 -0.9741 0.0940402 0.205636 67 88 115
3.6825 3.0825 1.06924 -0.914137 0.368497 0.169009 71 89 113
3.67562 3.0975 1.0275 -0.798632 0.493727 0.344122 67 81 96
3.68084 3.0975 1.0425 -0.81923 0.450246 0.355163 67 79 92
3.6825 3.08576 1.0575 -0.838136 0.44688 0.312773 67 85 112
3.6825 3.0975 1.04683 -0.797568 0.442036 0.410474 67 80 93
3.67126 3.1125 0.9975 -0.585616 0.650227 0.484002 65 75 95
3.6825 3.11194 1.0125 -0.660987 0.651988 0.371494 62 69 82
3.6825 3.1125 1.01192 -0.552648 0.716924 0.42497 62 69 82
3.6825 3.1061 1.0275 -0.742036 0.609269 0.279596 64 76 87
3.6825 3.09969 1.0425 -0.69933 0.616082 0.362464 68 80 92
3.6825 3.12083 0.9975 -0.616387 0.624524 0.479621 63 73 88
3.6975 3.02002 1.0425 -0.75203 -0.610314 -0.248934 54 78 101
3.69494 3.0225 1.0425 -0.797569 -0.587833 -0.135411 54 77 101
3.6975 3.0225 1.03918 -0.453873 -0.747874 -0.484442 54 76 99
3.6975 3.01665 1.0575 -0.88001 -0.473792 0.033227 56 78 103
3.69439 3.0225 1.0575 -0.860043 -0.508174 0.0456697 57 78 106
3.6975 3.02005 1.0725 -0.873182 -0.47696 0.100306 58 80 107
3.69629 3.0225 1.0725 -0.887353 -0.44817 0.108385 58 80 108
3.6975 3.0225 1.0875 -0.814293 -0.476517 0.33145 60 83 114
3.6975 3.0225 1.0875 -0.90942 -0.397793 0.121309 60 83 114
3.6975 3.0225 1.0875 -0.422084 -0.182996 0.887895 60 83 114
3.6975 3.02877 1.0275 -0.230886 -0.768512 -0.596725 53 73 97
3.6975 3.0375 1.0204 -0.0393937 -0.696549 -0.716427 64 85 107
3.68461 3.0375 1.0425 -0.825578 -0.563106 0.036509 55 77 108
3.68646 3.0375 1.0575 -0.908136 -0.395358 0.137769 57 79 108
3.68894 3.0375 1.0725 -0.918046 -0.368148 0.147167 60 83 114
3.69186 3.0375 1.0875 -0.888289 -0.277826 0.365725 59 85 118
3.6975 3.0375 1.09088 -0.420364 -0.137637 0.896856 56 79 111
3.6975 3.04304 1.0125 0.0227133 -0.83288 -0.552987 67 87 109
3.6975 3.0525 1.00004 0.149711 -0.770215 -0.619965 84 99 122
3.68407 3.0525 1.0725 -0.946288 -0.24179 0.214653 58 82 117
3.68827 3.0525 1.0875 -0.791551 -0.150972 0.59216 59 85 121
3.6975 3.0525 1.09253 -0.436475 -0.0790883 0.896234 53 78 111
3.6975 3.06663 0.9825 0.154287 -0.775699 -0.611954 68 86 102
3.6975 3.0675 0.981369 0.148573 -0.780732 -0.606947 70 88 104
3.6975 3.05421 0.9975 0.127376 -0.774156 -0.620046 85 101 125
3.68612 3.0675 1.0875 -0.795448 0.0765665 0.601166 63 84 117
3.6975 3.0675 1.09361 -0.12396 0.235957 0.963825 57 76 107
3.6975 3.07819 0.9675 0.156591 -0.833567 -0.52976 79 99 119
3.68331 3.0825 1.0725 -0.772686 0.466669 0.430321 72 90 112
3.69438 3.0825 1.0875 -0.647219 0.449818 0.615444 71 84 102
3.6975 3.0825 1.09044 0.172295 0.19447 0.965658 67 80 98
3.68856 3.0975 1.0575 -0.703645 0.634121 0.320582 68 80 96
3.69648 3.0975 1.0725 -0.65871 0.606138 0.445756 66 77 86
3.6975 3.08495 1.0875 -0.0342667 0.748962 0.661726 73 86 102
3.6975 3.0975 1.07346 -0.160212 0.622048 0.766412 66 78 86
3.68279 3.1125 1.0125 -0.673708 0.680496 0.288171 62 69 81
3.68614 3.1125 1.0275 -0.677195 0.695947 0.238882 62 72 76
3.69317 3.1125 1.0425 -0.659853 0.612237 0.435615 66 72 75
3.6975 3.10324 1.0575 -0.554552 0.71945 0.418168 71 82 96
3.6975 3.1125 1.04682 -0.550973 0.626417 0.55139 66 72 77
3.6975 3.09841 1.0725 -0.479307 0.827743 0.29173 73 84 92
3.6975 3.12736 1.0125 -0.677145 0.630447 0.379489 58 65 64
3.6975 3.12001 1.0275 -0.542837 0.783646 0.302038 71 78 79
3.6975 3.11565 1.0425 -0.441504 0.849016 0.290253 91 96 98
3.7125 2.98937 1.0575 -0.874981 -0.483916 0.0153076 58 80 100
3.71082 2.9925 1.0575 -0.867151 -0.480944 -0.12939 57 80 100
3.7125 2.9925 1.05405 -0.797431 -0.436967 -0.416128 56 79 98
3.7125 2.9925 1.07007 -0.863331 -0.491236 0.115529 58 81 102
3.7125 3.0038 1.0425 -0.765928 -0.414093 -0.491814 52 76 95
3.7104 3.0075 1.0425 -0.709262 -0.555023 -0.434624 53 77 96
3.7125 3.0075 1.04208 -0.203648 -0.343594 -0.916772 55 79 98
3.70255 3.0075 1.0575 -0.825497 -0.536604 -0.17496 55 77 100
3.7125 2.99306 1.0725 -0.871215 -0.481274 0.096749 59 81 103
3.70419 3.0075 1.0725 -0.869261 -0.482066 0.109533 58 80 106
3.7125 2.99538 1.0875 -0.714747 -0.389613 0.580808 62 84 111
3.70628 3.0075 1.0875 -0.84861 -0.470376 0.242088 60 83 112
3.7125 3.0075 1.09131 -0.414014 -0.214458 0.884647 56 77 106
3.7125 3.0225 1.0348 -0.231252 -0.577522 -0.782937 68 89 110
3.7125 3.0225 1.09474 -0.370047 -0.16441 0.914349 52 71 101
3.7125 3.02773 1.0275 -0.0649292 -0.702014 -0.709197 71 90 111
3.7125 3.0375 1.02191 0.0379511 -0.614782 -0.787783 88 108 127
3.7125 3.0375 1.09709 -0.363804 -0.146411 0.919897 49 68 99
3.7125 3.04548 1.0125 0.121179 -0.76004 -0.638479 95 115 134
3.7125 3.0525 1.00531 0.144087 -0.719088 -0.679817 87 106 126
3.7125 3.0525 1.09902 -0.24522 0.138139 0.959575 46 69 97
3.70175 3.0675 0.9825 0.166921 -0.793188 -0.585654 74 91 107
3.7125 3.05936 0.9975 0.193879 -0.776411 -0.599663 94 111 135
3.7125 3.0675 0.985539 0.186284 -0.780864 -0.59628 92 107 125
3.7125 3.06689 1.0875 0.276373 0.601355 0.74966 40 60 91
3.71131 3.0675 1.0875 0.306608 0.101548 0.946404 41 61 92
3.7125 3.0675 1.08704 -0.0415703 0.00462904 0.999125 40 59 90
3.7125 3.08158 0.9675 0.223068 -0.802712 -0.553077 89 107 120
3.7125 3.0704 0.9825 0.209428 -0.775872 -0.595116 93 108 124
3.71194 3.0825 1.0875 0.17157 0.482961 0.858669 45 58 83
3.7125 3.0825 1.08736 -0.377368 0.420243 0.825221 44 57 82
3.7125 3.0975 1.07918 -0.41084 0.483615 0.77287 60 73 88
3.70864 3.1125 1.0575 -0.581001 0.640938 0.501633 67 77 85
3.7125 3.10625 1.0725 -0.529741 0.643503 0.55252 68 81 91
3.7125 3.1125 1.06325 -0.724179 0.55893 0.403933 66 77 85
3.7125 3.12141 1.0425 -0.415063 0.846239 0.33407 97 103 103
3.7125 3.11709 1.0575 -0.574543 0.690912 0.438795 95 103 107
3.7275 2.96246 1.0575 -0.880132 -0.453809 0.139374 61 82 105
3.72748 2.9625 1.0575 -0.867829 -0.482806 -0.117354 60 81 104
3.7275 2.9625 1.05747 -0.8442 -0.447359 -0.29529 60 81 104
3.7275 2.9625 1.0576 -0.866606 -0.48034 0.135159 61 82 105
3.7275 2.97196 1.0425 -0.799031 -0.43993 -0.409892 56 78 96
3.72448 2.9775 1.0425 -0.775431 -0.364869 -0.515342 57 79 97
3.7275 2.9775 1.04138 -0.30502 -0.0477619 -0.951148 61 83 101
3.71911 2.9775 1.0575 -0.875971 -0.467491 -0.118859 58 80 101
3.7275 2.96669 1.0725 -0.869499 -0.488159 0.075314 63 84 108
3.72156 2.9775 1.0725 -0.865936 -0.490319 0.0987017 62 84 107
3.7275 2.96823 1.0875 -0.578916 -0.751187 0.317134 64 86 112
3.72216 2.9775 1.0875 -0.871697 -0.484806 0.0714726 63 85 111
3.7275 2.97205 1.1025 0.142391 -0.86464 0.481791 65 88 119
3.72413 2.9775 1.1025 -0.887587 -0.354873 0.293691 64 88 119
3.7275 2.9775 1.10424 1.53688e-17 0 1 62 85 116
3.71862 2.9925 1.0425 -0.694823 -0.336562 -0.635568 52 76 93
3.7275 2.9925 1.04095 -0.211006 -0.110219 -0.971251 61 84 101
3.71282 2.9925 1.0725 -0.867272 -0.489282 0.0918783 59 82 103
3.71416 2.9925 1.0875 -0.876173 -0.166692 0.452255 62 84 110
3.7275 2.98019 1.1025 -0.27784 0.525535 0.804126 61 83 113
3.7275 2.9925 1.09445 -0.275674 -0.00195718 0.961249 53 74 100
3.7275 3.0075 1.03971 -0.252252 -0.32932 -0.9099 67 91 109
3.7275 3.0075 1.09786 -0.338889 -0.176551 0.924112 49 67 94
3.7275 3.0225 1.03009 -0.279763 -0.531382 -0.799603 93 116 134
3.7275 3.0225 1.10018 -0.326257 -0.149644 0.933361 46 64 92
3.7275 3.02509 1.0275 -0.0979781 -0.551983 -0.828079 92 115 133
3.7275 3.0375 1.0225 -0.0823477 -0.507456 -0.857734 98 118 137
3.7275 3.0375 1.10209 -0.312022 -0.120986 0.94234 43 61 92
3.7275 3.04725 1.0125 0.0296376 -0.722787 -0.690435 108 124 142
3.7275 3.0525 1.00725 0.0289903 -0.709785 -0.703821 106 122 138
3.7275 3.04187 1.1025 -0.721073 -0.224023 0.655642 42 60 91
3.72403 3.0525 1.1025 -0.588566 0.117892 0.799807 42 60 89
3.7275 3.0525 1.10619 -0.772712 -0.103226 0.626307 43 60 88
3.7275 3.06202 0.9975 0.1369 -0.744904 -0.652975 121 137 155
3.7275 3.0675 0.992023 0.134682 -0.700664 -0.700664 120 133 149
3.71407 3.0675 1.0875 -0.718554 0.171231 0.674062 39 59 90
3.72288 3.0675 1.1025 -0.806151 0.0016966 0.591707 40 61 85
3.7275 3.0675 1.10708 -0.76602 0.071709 0.638805 42 61 82
3.71342 3.0825 0.9675 0.419628 -0.696876 -0.581615 89 107 120
3.7275 3.07537 0.9825 0.324297 -0.710316 -0.624726 116 129 144
3.7275 3.0825 0.975369 0.371247 -0.656573 -0.656573 99 115 130
3.71298 3.0825 1.0875 -0.772311 0.204777 0.601333 44 57 82
3.72512 3.0825 1.1025 -0.749674 0.290048 0.594862 48 62 82
3.7275 3.0825 1.106 -0.719546 0.157551 0.676336 49 62 79
3.72391 3.0975 1.0875 -0.651895 0.454342 0.60713 48 58 75
3.7275 3.08715 1.1025 -0.356472 0.889114 0.287061 49 61 78
3.7275 3.0975 1.09571 0 0.707966 0.706247 50 58 72
3.717 3.1125 1.0725 -0.62514 0.554026 0.549778 68 79 85
3.7275 3.10211 1.0875 -0.552301 0.46483 0.692023 52 61 76
3.7275 3.1125 1.0823 -0.292748 0.626308 0.722521 64 72 80
3.7275 3.12104 1.0725 -0.454007 0.693458 0.559459 97 104 107
3.7425 2.9314 1.0575 -0.77912 -0.620848 0.0867172 62 87 114
3.7418 2.9325 1.0575 -0.922822 -0.385182 0.0059193 62 87 113
3.7425 2.9325 1.04705 -0.791273 -0.608117 -0.0638775 60 85 109
3.7425 2.9325 1.06131 -0.880281 -0.434205 0.191236 63 88 115
3.7425 2.93336 1.0425 -0.904559 -0.322206 -0.279206 59 84 107
3.73748 2.9475 1.0425 -0.877118 -0.292786 -0.380709 60 80 100
3.7425 2.9475 1.03785 -0.772426 -0.100816 -0.627051 60 81 101
3.73522 2.9475 1.0575 -0.907612 -0.419483 -0.0165836 62 83 108
3.7425 2.93776 1.0725 -0.861347 -0.485913 0.148223 67 88 116
3.73809 2.9475 1.0725 -0.890492 -0.437678 0.124346 65 86 111
3.7425 2.94151 1.0875 -0.802355 -0.566924 0.186613 67 89 121
3.73882 2.9475 1.0875 -0.870825 -0.476476 0.120975 66 88 118
3.7425 2.9475 1.10216 -0.839652 -0.495573 0.222245 68 91 125
3.73273 2.9625 1.0425 -0.782686 -0.347712 -0.516235 57 78 95
3.7425 2.9625 1.0381 -0.589699 -0.0475219 -0.806224 62 83 101
3.72988 2.9625 1.0725 -0.875375 -0.472942 0.100225 63 84 109
3.73079 2.9625 1.0875 -0.941686 -0.22664 0.24872 65 86 114
3.7425 2.94766 1.1025 0.14195 -0.263102 0.954268 68 91 125
3.73389 2.9625 1.1025 -0.887484 -0.0651859 0.456205 66 89 120
3.7425 2.9625 1.10645 -2.01051e-17 0 1 61 84 115
3.7425 2.9775 1.0362 -0.507103 0.0684305 -0.859165 67 89 106
3.7425 2.96862 1.1025 0 0.530094 0.847939 58 78 108
3.73089 2.9775 1.1025 0.406948 0.334649 0.849943 60 82 112
3.7425 2.9775 1.09707 -0.165495 0.00663971 0.986188 51 70 97
3.7425 2.9925 1.03844 -0.288066 -0.0545161 -0.956057 70 93 109
3.7425 2.9925 1.10004 -0.306006 -0.164708 0.937674 46 64 91
3.7425 3.0075 1.03376 -0.253038 -0.40169 -0.880123 78 101 118
3.7425 3.0075 1.10231 -0.2985 -0.163972 0.940218 42 60 87
3.7425 3.01503 1.0275 -0.248471 -0.582316 -0.774061 77 100 117
3.73049 3.0225 1.0275 -0.340587 -0.443567 -0.829005 93 116 133
3.7425 3.0225 1.02307 -0.12844 -0.27499 -0.952829 80 104 117
3.7425 3.00877 1.1025 -0.781687 -0.425663 0.455825 42 60 87
3.73523 3.0225 1.1025 -0.717827 -0.278219 0.638215 43 61 89
3.7425 3.0225 1.11623 -0.837825 -0.307232 0.451285 45 63 92
3.7425 3.0375 1.02149 -0.0674386 -0.299177 -0.951812 97 116 134
3.72909 3.0375 1.1025 -0.702703 -0.237287 0.670748 42 60 91
3.7425 3.02598 1.1175 -0.690016 -0.143416 0.709443 46 64 92
3.7401 3.0375 1.1175 -0.797016 -0.224581 0.560651 46 63 91
3.7425 3.0375 1.11962 -0.669837 -0.139959 0.729198 47 64 90
3.7425 3.04618 1.0125 0.011019 -0.712692 -0.70139 115 131 148
3.7425 3.0525 1.00618 0.139753 -0.700168 -0.700168 129 147 160
3.73645 3.0525 1.1175 -0.74819 -0.164567 0.642751 46 63 87
3.7425 3.0525 1.12301 -0.56481 0.0408711 0.824208 48 63 85
3.7425 3.06294 0.9975 0.122887 -0.701747 -0.701747 143 161 174
3.7425 3.0675 0.992941 0.194251 -0.693638 -0.693638 136 152 165
3.7425 3.06521 1.0875 0.945472 0.256365 -0.200899 38 55 80
3.73906 3.0675 1.0875 0.644811 0.0712676 -0.761012 38 56 82
3.7425 3.0675 1.08684 0.180968 0.271652 0.945228 39 56 81
3.7425 3.0675 1.08994 0.944893 -0.000985303 -0.327377 39 56 81
3.7346 3.0675 1.1175 -0.733985 0.0362749 0.678196 48 63 81
3.7425 3.0675 1.12302 -0.398043 0.119309 0.909575 51 66 86
3.73995 3.0825 0.9825 0.375453 -0.655376 -0.655376 115 128 146
3.74145 3.0825 1.0875 0.792672 0.562301 0.23556 33 51 77
3.7425 3.0825 1.08821 0.473367 0.325821 -0.818391 33 51 76
3.73921 3.0825 1.1175 -0.667059 0.249476 0.701993 49 61 70
3.7425 3.0825 1.11912 0.00717149 0.506316 0.862318 58 70 80
3.72962 3.0975 1.0875 0.779178 0.468605 0.416283 42 51 70
3.7345 3.0975 1.1025 -0.627029 0.616547 0.476134 49 57 69
3.7425 3.0975 1.10049 -0.194983 0.546817 -0.814232 40 50 64
3.7425 3.08436 1.1175 -0.427728 0.550938 0.7166 53 64 74
3.7425 3.0975 1.10671 0.0475293 0.635776 0.770409 56 66 76
3.7425 3.11212 1.0875 0 -0.935625 0.352996 51 56 62
3.74152 3.1125 1.0875 -0.959401 0.199437 0.199437 52 58 64
3.7425 3.10201 1.1025 0 1 0 56 65 76
3.7425 3.1125 1.08851 0 0 1 54 59 65
3.73366 3.1125 1.0725 0.722449 0.521288 0.454231 43 51 63
3.7425 3.11352 1.0875 0 1 0 56 61 66
3.7425 3.1125 1.08712 0 0.348372 -0.937356 51 56 62
3.7575 2.90065 1.0125 -0.68813 -0.724289 0.0433775 64 88 116
3.75611 2.9025 1.0125 -0.957531 -0.184753 -0.221361 65 87 115
3.7575 2.9025 1.00649 -0.869307 -0.457199 -0.187815 66 87 114
3.7575 2.9025 1.0208 -0.815609 -0.561708 0.138802 63 87 116
3.75582 2.9175 1.0125 -0.923781 0.0171011 -0.382539 65 85 116
3.7575 2.9175 1.00512 -0.976447 0.0253283 -0.214266 61 81 110
3.7575 2.90418 1.0275 -0.79933 -0.587254 0.127296 62 87 117
3.74861 2.9175 1.0275 -0.945352 -0.250463 -0.208754 66 84 114
3.7575 2.90776 1.0425 -0.734261 -0.643841 0.215243 65 91 124
3.75018 2.9175 1.0425 -0.883116 -0.462027 0.0814696 61 85 115
3.7575 2.91353 1.0575 -0.677887 -0.686826 0.262181 65 91 125
3.75364 2.9175 1.0575 -0.781662 -0.601108 0.166354 65 89 122
3.7575 2.9175 1.06831 -0.687456 -0.678133 0.259886 65 93 126
3.75635 2.9325 1.0125 -0.809766 0.115077 -0.575357 61 83 103
3.7575 2.9325 1.01154 -0.773043 0.356841 -0.524471 64 85 105
3.74609 2.9325 1.0275 -0.944992 -0.0664295 -0.320277 60 83 102
3.74285 2.9325 1.0425 -0.946902 -0.272762 -0.170227 59 84 107
3.7575 2.91928 1.0725 -0.673982 -0.690668 0.262156 65 94 126
3.74533 2.9325 1.0725 -0.755755 -0.617558 0.217845 68 89 119
3.7575 2.92531 1.0875 -0.531923 -0.756323 0.380832 65 96 130
3.74941 2.9325 1.0875 -0.715783 -0.646732 0.263424 68 91 126
3.7575 2.93224 1.1025 -0.36718 -0.748008 0.552868 66 96 134
3.75713 2.9325 1.1025 -0.655345 -0.670704 0.347389 66 96 133
3.7575 2.9325 1.10263 -0.303227 -0.325586 0.895571 66 96 133
3.7575 2.93469 1.0125 -0.619512 0.398018 -0.676599 64 86 105
3.74964 2.9475 1.0275 -0.782493 0.154849 -0.603097 58 81 100
3.7575 2.9475 1.0216 -0.592659 0.366199 -0.717394 81 106 119
3.7426 2.9475 1.1025 -0.624823 -0.310266 0.716471 68 92 126
3.7575 2.9475 1.10807 -0.0498108 0.0848819 0.995145 63 85 124
3.75346 2.9625 1.0275 -0.643115 0.0329087 -0.765062 60 81 101
3.7575 2.9625 1.0247 -0.401632 0.141623 -0.904785 66 89 107
3.7575 2.9565 1.1025 0.0706594 0.51163 0.856296 55 76 108
3.74997 2.9625 1.1025 0.436532 0.161051 0.885157 56 77 106
3.7575 2.9625 1.09899 -0.0626628 0.0257973 0.997701 50 69 97
3.75317 2.9775 1.0275 -0.588873 0.175102 -0.78903 64 86 102
3.7575 2.9775 1.02517 -0.315415 0.0957115 -0.944115 71 95 109
3.7575 2.9775 1.10159 -0.271088 -0.170136 0.947399 45 64 91
3.7575 2.98415 1.0275 -0.448008 0.303492 -0.84094 66 90 105
3.7575 2.9925 1.03119 -0.502794 0.164783 -0.848554 70 93 110
3.7575 2.9831 1.1025 -0.706326 -0.462484 0.535922 44 62 89
3.75153 2.9925 1.1025 -0.661628 -0.399086 0.634806 43 61 87
3.7575 2.9925 1.11339 -0.76321 -0.494739 0.415625 46 64 94
3.7575 3.0075 1.03136 -0.366028 -0.174256 -0.914143 80 104 121
3.74323 3.0075 1.1025 -0.756399 -0.380001 0.53241 42 60 87
3.7575 2.99581 1.1175 -0.599464 -0.399768 0.693418 46 65 95
3.74989 3.0075 1.1175 -0.768123 -0.417152 0.485769 45 64 94
3.7575 3.0075 1.12339 -0.582535 -0.289579 0.759471 48 67 93
3.7575 3.01262 1.0275 -0.122859 -0.539517 -0.832963 81 105 121
3.7575 3.0225 1.02227 -0.139629 -0.203851 -0.968994 90 113 127
3.74336 3.0225 1.1175 -0.675391 -0.297069 0.674979 46 64 92
3.7575 3.0225 1.12803 -0.597669 -0.262273 0.757631 50 67 89
3.7575 3.0375 1.02034 -0.0497231 -0.119867 -0.991544 101 123 141
3.7575 3.03535 1.0875 0.942847 0.242255 -0.228804 38 51 75
3.75462 3.0375 1.0875 0.680895 0.484112 -0.549561 38 51 76
3.7575 3.0375 1.08689 0.201058 0.26987 0.941672 39 51 75
3.7575 3.0375 1.08945 0.852274 0.352395 -0.386583 38 51 76
3.7575 3.03381 1.1325 -0.513062 -0.240683 0.823917 51 66 85
3.75597 3.0375 1.1325 -0.661065 -0.139909 0.737169 52 66 84
3.7575 3.0375 1.13304 -0.205105 -0.0163491 0.978603 54 68 87
3.75382 3.0525 1.0125 0.367024 -0.657759 -0.657759 127 144 162
3.74543 3.0525 1.0875 0.780394 0.42738 -0.456434 34 47 74
3.7575 3.05183 1.1025 0.942547 0.238595 -0.233834 37 54 81
3.75653 3.0525 1.1025 0.674499 0.497011 -0.545923 37 54 81
3.7575 3.0525 1.10331 0.689315 0.207613 -0.694076 38 54 81
3.75359 3.0525 1.1325 -0.62154 -0.0467384 0.781987 49 62 79
3.7575 3.0525 1.13374 -0.130076 0.129986 0.982947 58 71 86
3.74706 3.0675 0.9975 0.57735 -0.57735 -0.57735 138 156 170
3.74526 3.0675 1.1025 0.826405 0.36433 -0.429324 37 52 77
3.7575 3.0675 1.1143 0.416619 0.523154 -0.743464 38 51 74
3.7575 3.05625 1.1325 0.0274841 0.576912 0.816344 60 74 89
3.7575 3.0675 1.12743 0.0136115 0.442649 0.896592 80 94 110
3.74549 3.0825 1.1025 0.948027 -0.297419 -0.113079 34 50 71
3.7575 3.07548 1.1175 0.48089 0.871802 0.0933086 40 52 69
3.74536 3.0825 1.1175 0.940165 0.340695 -0.00415361 46 57 68
3.75653 3.0975 1.1025 0.981835 0.174216 -0.0751612 35 44 55
3.74289 3.1125 1.0875 0.993181 0.0824344 0.0824344 50 56 62
3.76755 2.9025 0.9675 -0.93067 0.351882 -0.100164 82 101 112
3.7639 2.9025 0.9825 -0.941135 0.109032 -0.319963 61 81 97
3.75908 2.9025 0.9975 -0.944983 -0.30554 -0.116845 66 86 111
3.7725 2.89271 1.0275 -0.401135 -0.8793 0.256754 65 97 136
3.75882 2.9025 1.0275 -0.618617 -0.761981 0.191569 62 88 118
3.7725 2.8959 1.0425 -0.282208 -0.922784 0.262352 64 98 135
3.76237 2.9025 1.0425 -0.604684 -0.773484 0.189947 65 95 128
3.7725 2.90061 1.0575 -0.145641 -0.93409 0.325982 64 99 142
3.76872 2.9025 1.0575 -0.597911 -0.738341 0.312019 63 98 139
3.7725 2.9025 1.06224 -0.209709 -0.858957 0.467135 66 100 146
3.7725 2.90619 0.9675 -0.783919 0.620644 0.0164677 92 110 120
3.7725 2.91524 0.9825 -0.754273 0.570326 -0.325271 75 94 111
3.75928 2.9175 0.9975 -0.762553 0.365984 -0.533449 57 78 104
3.7725 2.9175 0.984095 -0.56485 0.53119 -0.631492 75 95 112
3.7725 2.90877 1.0725 -0.305953 -0.852083 0.424674 68 102 148
3.75931 2.9175 1.0725 -0.576079 -0.744727 0.336919 64 95 127
3.7725 2.91539 1.0875 -0.158435 -0.864837 0.476398 66 102 147
3.76779 2.9175 1.0875 -0.525433 -0.773756 0.353867 64 100 142
3.7725 2.9175 1.09089 -0.0571903 -0.724119 0.6873 66 101 146
3.77233 2.9325 0.9975 -0.588787 0.514524 -0.623373 63 85 108
3.7725 2.9325 0.99737 -0.51868 0.492741 -0.698697 63 85 108
3.7725 2.92495 1.1025 -0.0854122 -0.785397 0.613072 67 103 146
3.7725 2.9325 1.10719 0.0893727 -0.132943 0.987086 62 93 134
3.7725 2.93263 0.9975 -0.609213 0.456695 -0.648297 63 85 108
3.76403 2.9475 1.0125 -0.605615 0.455934 -0.652193 91 116 126
3.7725 2.9475 1.00817 -0.570614 0.436035 -0.695897 112 133 144
3.7725 2.94222 1.1025 0.448416 0.383689 0.807283 54 79 117
3.76746 2.9475 1.1025 0.423036 0.444365 0.789671 55 76 114
3.7725 2.9475 1.10003 -0.000338195 -0.00124693 0.999999 50 71 107
3.7725 2.95512 1.0125 -0.539236 0.472518 -0.697102 73 100 112
3.7725 2.9625 1.01851 -0.533184 0.33695 -0.776003 73 101 115
3.7725 2.95923 1.1025 -0.52366 -0.493267 0.694599 45 63 95
3.76987 2.9625 1.1025 -0.541443 -0.338201 0.769714 45 62 92
3.7725 2.9625 1.10616 -0.666017 -0.533187 0.521663 45 63 93
3.7725 2.9775 1.02201 -0.413425 0.197303 -0.888905 80 104 119
3.76136 2.9775 1.1025 -0.663916 -0.41624 0.621256 44 63 90
3.7725 2.97386 1.1175 -0.625715 -0.51521 0.585696 47 67 97
3.76978 2.9775 1.1175 -0.746799 -0.480255 0.460049 47 67 98
3.7725 2.9775 1.12073 -0.506294 -0.376483 0.775839 48 68 97
3.76298 2.9925 1.0275 -0.501995 0.0265775 -0.864462 70 94 109
3.7725 2.9925 1.02321 -0.237714 0.0447529 -0.970304 75 101 115
3.75974 2.9925 1.1175 -0.656881 -0.428138 0.620649 47 66 96
3.7725 2.9925 1.12699 -0.513156 -0.364765 0.776928 51 69 96
3.76191 3.0075 1.0275 -0.513251 -0.223894 -0.82852 80 104 119
3.7725 3.0075 1.0215 -0.215712 -0.105351 -0.970757 87 111 124
3.7725 3.00658 1.0875 0.678557 0.709116 -0.191614 40 54 77
3.77148 3.0075 1.0875 0.780764 0.623973 -0.0326261 40 54 77
3.7725 3.0075 1.08666 0.518291 0.577379 0.630878 40 54 77
3.7725 3.0075 1.08994 0.676088 0.708423 -0.20259 39 53 77
3.7725 3.00344 1.1325 -0.467244 -0.328594 0.820798 52 70 95
3.76975 3.0075 1.1325 -0.542096 -0.326729 0.774197 52 70 95
3.7725 3.0075 1.13334 -0.233526 -0.149702 0.960757 56 74 98
3.7725 3.0225 1.02098 -0.0702134 -0.0438121 -0.996569 99 123 138
3.76046 3.0225 1.0875 0.9527 0.298255 -0.0583608 34 47 70
3.7725 3.01083 1.1025 0.626851 0.65247 -0.425841 34 51 78
3.76018 3.0225 1.1025 0.838475 0.385795 -0.384866 35 51 79
3.7725 3.0225 1.11443 0.635144 0.387157 -0.668358 37 52 79
3.76237 3.0225 1.1325 -0.490477 -0.22123 0.842906 51 68 88
3.7725 3.0225 1.13606 -0.209947 -0.099159 0.972671 66 82 100
3.7725 3.0375 1.02004 -0.053005 -0.0951378 -0.994052 113 134 150
3.76074 3.0375 1.1025 0.920362 0.209598 -0.330155 34 49 78
3.7725 3.03687 1.1175 0.845624 0.204293 -0.493138 33 45 68
3.77164 3.0375 1.1175 0.742566 0.258803 -0.617751 33 45 68
3.7725 3.0375 1.11849 0.697508 0.383111 -0.605564 34 45 68
3.7725 3.0375 1.13632 0.0283329 0.13045 0.99105 82 97 112
3.76025 3.0525 1.1175 0.863163 0.0430044 -0.50309 40 53 75
3.7725 3.0525 1.13088 0.752267 0.45842 -0.473229 61 75 88
3.7725 3.0525 1.13541 0.0427386 0.0990668 0.994163 94 108 119
3.77225 3.0675 1.1175 0.926312 0.370345 -0.0692173 35 45 60
3.7725 3.05605 1.1325 0.0827029 0.897106 0.434005 71 85 97
3.7875 2.88821 1.0275 -0.0966486 -0.916816 0.387437 72 101 140
3.7875 2.8936 1.0425 -0.0566857 -0.945819 0.319708 69 102 137
3.7875 2.89919 1.0575 -0.0338192 -0.937088 0.34745 69 103 147
3.7875 2.9025 1.06593 -0.04824 -0.897732 0.437893 75 108 154
3.78078 2.9175 0.9675 -0.682434 0.725072 -0.0924924 130 146 153
3.77354 2.9175 0.9825 -0.518302 0.744261 -0.421235 75 95 111
3.7875 2.90609 1.0725 0.0411146 -0.896239 0.441663 77 109 156
3.7875 2.91343 1.0875 -0.0642776 -0.867184 0.493823 75 107 153
3.7875 2.9175 1.09155 -0.0511389 -0.520891 0.85209 67 99 143
3.7875 2.9221 0.9675 -0.53255 0.839508 0.10778 135 151 160
3.7875 2.92577 0.9825 -0.538161 0.752144 -0.380345 108 126 144
3.7875 2.9325 0.988066 -0.486773 0.469983 -0.736321 116 134 156
3.78016 2.9325 1.1025 0.49861 2.26717e-17 0.866826 56 87 128
3.7875 2.9325 1.09856 0.101638 -0.373148 0.922188 50 81 120
3.78354 2.9475 0.9975 -0.610188 0.485997 -0.625682 115 135 150
3.7875 2.9475 0.993537 -0.504436 0.358532 -0.785493 117 136 151
3.7875 2.94513 1.1025 -0.231235 -0.5734 0.785966 44 69 105
3.78376 2.9475 1.1025 -0.437957 -0.494121 0.751025 44 67 104
3.7875 2.9475 1.10571 -0.419668 -0.690229 0.58946 46 69 105
3.7875 2.95146 0.9975 -0.587725 0.502673 -0.633955 115 136 151
3.7779 2.9625 1.0125 -0.629957 0.235676 -0.740007 74 103 114
3.7875 2.9625 1.00633 -0.493815 0.394627 -0.774865 131 153 162
3.7875 2.95794 1.1175 -0.377671 -0.620423 0.687343 52 72 104
3.78178 2.9625 1.1175 -0.598208 -0.572929 0.560267 49 69 99
3.7875 2.9625 1.12187 -0.364465 -0.460211 0.80955 54 74 101
3.78335 2.9775 1.0125 -0.611399 0.381 -0.693563 80 107 123
3.7875 2.9775 1.00835 -0.378505 0.181529 -0.907624 78 106 119
3.7875 2.9775 1.12847 -0.39371 -0.411839 0.821816 52 74 96
3.7875 2.98165 1.0125 -0.599569 0.519623 -0.608694 80 105 121
3.7875 2.9925 1.02025 -0.360988 0.243074 -0.900335 89 114 129
3.7875 2.99247 1.0875 0.914466 0.374529 0.15323 39 53 77
3.78746 2.9925 1.0875 0.764302 0.642924 -0.0499088 39 53 77
3.7875 2.99065 1.1025 0.864527 0.285485 -0.413631 39 56 84
3.78532 2.9925 1.1025 0.821927 0.56959 -0.00155193 39 56 84
3.7875 2.9925 1.10439 0.617845 0.433886 -0.655752 39 57 85
3.7875 2.98494 1.1325 -0.291656 -0.278754 0.915004 54 74 96
3.78056 2.9925 1.1325 -0.430299 -0.354115 0.830328 54 71 96
3.7875 2.9925 1.13402 -0.203449 -0.194045 0.959664 65 82 104
3.7875 3.0075 1.0205 -0.109301 -0.034743 -0.993401 86 109 124
3.77583 3.0075 1.1025 0.701456 0.602108 -0.381347 34 51 78
3.7875 3.0075 1.11392 0.626502 0.44934 -0.636858 37 52 78
3.7875 3.0075 1.13725 0.00500788 -0.0177831 0.999829 78 94 111
3.7875 3.0225 1.02039 -0.0525383 -0.0209609 -0.998399 96 119 135
3.7875 3.01108 1.1175 0.507515 0.609113 -0.609434 38 52 76
3.77557 3.0225 1.1175 0.649779 0.474077 -0.59417 38 53 77
3.7875 3.0225 1.12967 0.496343 0.530098 -0.687488 43 57 77
3.7875 3.0225 1.13783 0.130929 0.0603902 0.989551 95 111 127
3.7875 3.03054 1.1325 0.716085 0.679906 -0.157958 49 65 82
3.7791 3.0375 1.1325 0.939812 0.306465 -0.151104 49 64 81
3.7875 3.04633 1.0125 0 -0.707107 -0.707107 145 168 183
3.77815 3.0525 1.0125 -0.422565 -0.640874 -0.640874 154 174 189
3.7875 3.0525 1.00633 0 -0.707107 -0.707107 147 170 181
3.77906 3.0525 1.1325 0.891692 0.338697 -0.300282 60 74 87
3.8025 2.89495 1.0425 0.135897 -0.917643 0.373447 75 105 135
3.8025 2.90021 1.0575 0.122135 -0.931638 0.342248 90 119 156
3.8025 2.9025 1.06253 0.144081 -0.864887 0.480844 77 106 146
3.8025 2.90933 1.0725 0.195297 -0.886411 0.419684 76 105 145
3.8025 2.9142 1.0875 0.141351 -0.90578 0.399478 92 118 156
3.8025 2.9175 1.09189 0.0646583 -0.604539 0.793947 75 102 139
3.8025 2.92995 0.9675 -0.520705 0.846451 0.111301 132 148 155
3.79233 2.9325 0.9825 -0.650512 0.531586 -0.542449 120 137 156
3.8025 2.9325 0.969937 -0.660697 0.528953 -0.532624 133 150 158
3.8025 2.9325 1.10016 0.0359725 -0.214014 0.976168 53 81 116
3.8025 2.94428 0.9825 -0.642523 0.554552 -0.528806 149 166 184
3.8025 2.9475 0.985667 -0.500149 0.38035 -0.777937 148 165 183
3.8025 2.93954 1.1025 -0.0569915 -0.906198 0.418995 49 75 110
3.8025 2.9475 1.11584 -0.0371815 -0.465568 0.884231 53 76 109
3.79635 2.9625 0.9975 -0.593214 0.542478 -0.594823 149 170 176
3.8025 2.9625 0.991349 -0.5387 0.437308 -0.720114 151 170 176
3.8025 2.9488 1.1175 0.109614 -0.516974 0.848954 53 76 109
3.8025 2.9625 1.12497 0.117972 -0.672065 0.731034 59 81 105
3.8025 2.96865 0.9975 -0.576281 0.576281 -0.579483 108 135 143
3.8025 2.9775 1.00627 -0.347722 0.295372 -0.889857 95 125 137
3.8025 2.96995 1.0875 0.582605 0.802354 0.129612 34 49 79
3.79475 2.9775 1.0875 0.808244 0.538409 0.238448 34 48 74
3.8025 2.96554 1.1025 0.415662 0.834212 -0.362375 38 55 90
3.79032 2.9775 1.1025 0.845897 0.46837 -0.255122 37 53 81
3.8025 2.9775 1.1145 0.459706 0.439265 -0.771827 42 60 83
3.8025 2.97305 1.1325 -0.139932 -0.486688 0.862295 59 81 98
3.79461 2.9775 1.1325 -0.341008 -0.471239 0.813417 54 76 95
3.8025 2.9775 1.13394 -0.15068 -0.202351 0.967652 66 87 104
3.79595 2.9925 1.0125 -0.645671 0.407697 -0.645671 89 114 131
3.8025 2.9925 1.00595 -0.483156 0.290469 -0.825947 94 124 137
3.8025 2.9919 1.1175 0.600682 0.384228 -0.701106 38 50 74
3.80184 2.9925 1.1175 0.7024 0.41921 -0.575237 38 50 74
3.8025 2.9925 1.11825 0.626394 0.636101 -0.450562 38 51 74
3.8025 2.9925 1.13679 0.0810782 0.0371362 0.996016 85 103 123
3.8025 3.0054 1.0125 -0.665563 0.337715 -0.665563 91 115 131
3.79108 3.0075 1.1175 0.759639 0.401502 -0.51161 38 52 76
3.8025 3.00255 1.1325 0.68281 0.681371 0.263637 42 56 77
3.79649 3.0075 1.1325 0.921381 0.374558 0.10375 43 57 76
3.79634 3.0225 1.1325 0.863977 0.447471 -0.230897 50 67 84
3.79367 3.0525 1.0125 0.57735 -0.57735 -0.57735 143 166 183
3.79725 3.1125 1.0575 -0.761031 0.0266286 0.648169 0 6 24
3.8025 3.1125 1.06366 -0.748912 -0.176249 0.638801 0 6 24
3.8175 2.89289 1.0275 0.245128 -0.870484 0.426812 95 115 136
3.8175 2.89781 1.0425 0.235939 -0.913121 0.33248 99 125 149
3.81523 2.9025 1.0575 0.20596 -0.83949 0.502829 79 108 139
3.8175 2.9025 1.05613 0.261686 -0.911094 0.318479 79 107 137
3.8175 2.90318 1.0575 0.277861 -0.853469 0.44089 79 107 138
3.8175 2.91243 1.0725 0.260555 -0.861682 0.435448 109 132 165
3.8175 2.91741 1.0875 0.24016 -0.921571 0.30501 82 105 137
3.8175 2.9175 1.08762 0.302084 -0.643184 0.703604 82 105 136
3.8175 2.9325 1.10063 0.253926 -0.0333582 0.966648 60 83 111
3.8175 2.94602 1.0875 0.164995 0.687363 0.707325 33 58 97
3.8163 2.9475 1.0875 0.982482 0.124588 0.138589 32 56 94
3.8175 2.9373 1.1025 0.325959 -0.944267 -0.0459382 55 79 107
3.8175 2.9475 1.09151 0.829271 0.0348749 -0.557758 34 59 97
3.8175 2.94649 1.1175 0.176888 -0.852661 0.49161 58 80 107
3.80629 2.9475 1.1175 -0.136549 -0.746372 0.65137 54 77 109
3.8175 2.9475 1.11852 0 0 1 66 88 114
3.80995 2.9625 1.0875 0.799311 0.491408 -0.345861 36 54 87
3.8175 2.96111 1.1025 0.560249 0.782843 0.270698 34 55 90
3.81644 2.9625 1.1025 0.901894 0.427736 -0.0602414 33 54 89
3.8175 2.95017 1.1175 -0.0596477 0.776888 0.626807 54 77 103
3.80902 2.9625 1.1175 0.795278 -0.365117 0.483965 46 67 93
3.81353 2.9625 0.9825 -0.57735 0.57735 -0.57735 171 190 201
3.8175 2.96647 0.9825 -0.57735 0.57735 -0.57735 171 190 201
3.8175 2.9625 0.978525 -0.57735 0.57735 -0.57735 173 190 201
3.81551 2.9775 1.1175 0.794293 0.26279 -0.547759 36 53 71
3.8175 2.97068 1.1325 0.505438 -0.829325 0.238228 84 107 122
3.8175 2.9775 1.12054 0.937533 2.82578e-17 -0.347896 43 60 78
3.8175 2.9775 1.13558 0.109274 -0.111378 0.987752 104 126 139
3.8175 2.98567 1.1325 0.790921 0.556725 0.25397 61 80 95
3.81167 2.9925 1.1325 0.731707 0.653381 -0.194161 49 67 85
3.80609 3.0075 1.0125 -0.256862 0.683382 -0.683382 97 121 137
3.8175 3.01179 1.0125 -0.256862 0.683382 -0.683382 109 136 154
3.8175 3.0075 1.00821 -0.256862 0.683382 -0.683382 111 141 153
3.80465 3.0975 1.0575 -0.651827 -0.402938 0.642466 0 6 27
3.8025 3.10215 1.0575 -0.716762 -0.350599 0.602771 0 6 27
3.8175 3.10158 1.0725 -0.569337 -0.387543 0.725028 0 5 28
3.81005 3.1125 1.0725 -0.643549 -0.386043 0.66092 0 5 23
3.8175 3.0975 1.07002 -0.578569 -0.470665 0.666132 0 5 28
3.8175 3.1125 1.0773 -0.509236 -0.346412 0.787831 1 5 21
3.8325 2.88762 1.0125 0.246875 -0.848695 0.467729 112 127 135
3.8325 2.89647 1.0275 0.236437 -0.872265 0.428078 122 138 154
3.82918 2.9025 1.0425 0.361004 -0.8681 0.340702 98 122 140
3.8325 2.9025 1.04029 0.282713 -0.860511 0.423786 101 123 139
3.8325 2.90388 1.0425 0.311894 -0.881022 0.3557 102 124 142
3.8325 2.9087 1.0575 0.32506 -0.844338 0.425945 123 146 168
3.83128 2.9175 1.0725 0.457065 -0.779844 0.427709 86 108 136
3.8325 2.9175 1.07176 0.317318 -0.805104 0.501116 86 108 135
3.81771 2.9175 1.0875 0.543093 -0.676366 0.497573 82 105 137
3.8325 2.91812 1.0725 0.351136 -0.753889 0.555297 86 108 135
3.8325 2.92945 1.0875 0.397975 -0.749147 0.529523 74 95 121
3.8325 2.9325 1.09156 0.497206 -0.2841 0.819801 60 81 105
3.8325 2.94361 1.0875 0.304582 0.505927 0.807012 38 61 96
3.8263 2.9475 1.1025 0.996768 -0.0575205 -0.0560748 45 68 98
3.81994 2.9475 1.1175 0.818841 0.411027 0.400696 66 87 113
3.82108 2.9775 1.1325 1 0 0 90 114 129
3.82998 3.0375 1.0125 -0.42673 0.639493 -0.639493 115 141 158
3.8325 3.03918 1.0125 -0.42673 0.639493 -0.639493 114 140 157
3.8325 3.0375 1.01082 -0.42673 0.639493 -0.639493 113 139 156
3.8325 3.08334 1.0725 -0.461629 -0.439902 0.770315 0 5 29
3.82054 3.0975 1.0725 -0.519757 -0.428737 0.738944 0 5 29
3.8175 3.0825 1.05895 -0.568076 -0.488595 0.662242 4 2 24
3.8325 3.0825 1.07182 -0.557703 -0.49736 0.66453 0 5 29
3.8325 3.0975 1.08042 -0.425994 -0.37644 0.822692 4 6 25
3.8475 2.89327 1.0125 0.185469 -0.889556 0.417482 136 146 150
3.8475 2.90031 1.0275 0.231067 -0.843485 0.484914 144 158 165
3.8475 2.9025 1.03204 0.267229 -0.853722 0.446931 147 162 169
3.8475 2.9085 1.0425 0.275907 -0.890259 0.362373 139 157 168
3.8475 2.91476 1.0575 0.253353 -0.885246 0.390066 135 154 175
3.8475 2.9175 1.06174 0.305735 -0.787798 0.534697 132 151 174
3.8475 2.92503 1.0725 0.397813 -0.721115 0.567219 133 149 170
3.84158 2.9325 1.0875 0.392902 -0.102575 0.913841 60 79 100
3.8475 2.9325 1.08569 0.382361 -0.794899 0.4711 65 82 100
3.84152 2.9775 0.9825 -0.57735 0.57735 -0.57735 178 203 213
3.8475 2.98348 0.9825 -0.57735 0.57735 -0.57735 183 207 216
3.8475 2.9775 0.976523 -0.57735 0.57735 -0.57735 186 207 216
3.8475 3.06455 1.0725 -0.532036 -0.413437 0.738924 0 4 28
3.84519 3.0675 1.0725 -0.643161 -0.495256 0.584008 0 4 28
3.8475 3.0675 1.07359 -0.468878 -0.333728 0.817789 0 4 28
3.83315 3.0675 1.0575 -0.666426 -0.516115 0.538054 4 3 19
3.8325 3.06825 1.0575 -0.490551 -0.6128 0.619545 4 3 19
3.83364 3.0825 1.0725 -0.566154 -0.460299 0.683809 0 5 29
3.8475 3.0825 1.08006 -0.39024 -0.343458 0.854254 3 6 25
3.8475 3.0975 1.08442 -0.360869 -0.278338 0.890113 6 6 17
3.85993 2.9775 0.9375 0.389914 0.508275 0.767869 205 216 217
3.8475 2.98704 0.9375 0.455104 0.490001 0.743491 148 160 157
3.8475 2.9775 0.943812 0.103635 0.238175 0.965677 163 175 178
3.8625 2.99566 0.9375 0.0622467 -0.329229 0.942196 182 196 199
3.8475 2.99851 0.9375 0.0503926 -0.48458 0.873294 151 165 164
3.8625 3.0075 0.943035 0.174296 -0.0877895 0.980772 170 186 185
3.8475 3.0075 0.943251 0.0936016 -0.20427 0.974429 158 174 174
3.8625 3.01449 0.9375 0.452811 0.540998 0.708719 167 179 175
3.85594 3.0225 0.9375 0.648734 -0.16025 0.743952 161 169 158
3.8475 3.0225 0.944448 0.147853 0.0880285 0.985084 156 168 163
3.8625 3.03319 0.9375 0.608366 -0.472448 0.637718 159 170 166
3.8625 3.0375 0.940696 0.261427 -0.0246806 0.964908 150 165 164
3.8475 3.0375 0.939699 0.109773 0.0310737 0.993471 162 170 163
3.8625 3.05021 0.9375 0.400445 0.219101 0.889741 154 168 166
3.86131 3.0525 0.9375 0.363985 -0.171545 0.915471 152 167 165
3.8475 3.0525 0.942914 0.140388 0.00856256 0.99006 136 154 151
3.8625 3.05481 0.9375 0.514471 -0.207934 0.831915 153 168 166
3.8625 3.0675 0.940672 0.231723 0.00346986 0.972776 145 162 158
3.8475 3.0675 0.940612 0.0534387 0.0119916 0.998499 137 153 150
3.8625 3.0746 0.9375 0.457173 0.348855 0.818103 148 162 159
3.85665 3.0825 0.9375 0.428355 0.378024 0.820737 144 156 155
3.8475 3.0825 0.942275 0.145367 0.121096 0.981939 139 153 154
3.8475 3.09159 0.9375 0.400982 0.42988 0.80896 135 146 146
3.86535 2.9775 0.9375 -0.407777 0.344176 0.845731 228 238 240
3.8775 2.9919 0.9375 -0.205828 0.62398 0.753846 212 225 224
3.8775 2.9775 0.94336 -0.483639 0.346959 0.803562 235 251 253
3.8775 2.99587 0.9375 0.045426 -0.108224 0.993088 208 221 220
3.8775 3.0075 0.938768 0.133082 -0.146075 0.980281 199 212 214
3.8775 3.00933 0.9375 0.193245 0.59352 0.781275 197 209 212
3.86759 3.0375 0.9375 0.531796 0 0.846873 162 174 173
3.8775 3.05008 0.9375 -0.052548 -0.50541 0.861278 172 185 184
3.86738 3.0525 0.9375 -0.13511 0 0.990831 160 174 172
3.8775 3.0525 0.93888 -0.0683865 0.175293 0.982138 166 180 180
3.8775 3.05481 0.9375 -0.0700198 0.512367 0.855907 170 184 182
3.86737 3.0675 0.9375 0.545821 0 0.837902 154 168 164
3.8925 2.98494 0.9375 0.403604 0.870203 0.282578 242 254 254
3.88993 2.9775 0.9525 -0.509713 0.509713 0.693098 201 220 232
3.8925 2.98007 0.9525 -0.140174 0.716315 0.683553 201 219 232
3.8907 3.0075 0.9375 0.0955617 0 0.995424 213 226 227
3.8925 3.04916 0.9375 0.0679872 -0.517255 0.853127 189 201 198
3.8925 3.0525 0.939525 0.0497277 -0.127465 0.990596 178 192 190
3.8925 3.05593 0.9375 0.0279946 0.509828 0.85982 184 198 194
3.89833 2.9925 0.9375 -0.272312 0.51328 0.813874 239 252 251
3.9075 2.99737 0.9375 -0.272312 0.51328 0.813874 238 252 251
3.9075 2.9925 0.94057 -0.272312 0.51328 0.813874 234 251 250
3.8959 3.0525 0.9375 0.511616 0 0.859214 188 201 198
3.92108 3.0075 0.9375 -0.405538 0.321393 0.855714 237 248 253
3.9225 3.00929 0.9375 -0.334702 0.606967 0.720809 237 248 253
3.9075 3.0075 0.931773 -0.0398418 0.397296 0.916825 230 240 239
3.9225 3.0225 0.925513 -0.128964 0.0992934 0.986666 242 252 245
3.9075 3.0225 0.931377 0.165337 0.111555 0.979908 215 226 220
3.9225 3.0075 0.938882 0 0.610195 0.792251 235 247 253
3.9225 3.0375 0.92815 -0.135759 0.00670013 0.990719 237 248 232
3.9075 3.0375 0.924014 -0.215325 -0.0307036 0.97606 224 230 211
3.9225 3.0525 0.931299 -0.081116 -0.255377 0.963433 208 221 207
3.9075 3.0525 0.929644 -0.102753 -0.349542 0.931269 198 209 197
3.92602 3.0075 0.9375 0.297016 0.582658 0.756499 238 249 253
3.93209 3.0075 0.9525 -0.764807 0.472725 -0.437723 215 237 249
3.9375 3.01625 0.9525 -0.764807 0.472725 -0.437723 215 238 251
3.9375 3.0075 0.943045 -0.764807 0.472725 -0.437723 231 247 252
3.9375 3.0225 0.934371 -0.285604 -0.00111165 0.958347 242 253 253
3.9375 3.0375 0.934113 -0.364024 0.0417929 0.930451 247 255 252
3.9375 3.0525 0.929296 -0.130708 0.0550376 0.989892 217 230 214
3.9525 3.0225 0.936235 -0.123236 -0.0374932 0.991669 233 250 254
3.9525 3.0375 0.936802 -0.150032 -0.0102047 0.988629 243 255 255
3.95351 3.0375 0.9375 0 0 0 242 255 255
3.95944 3.0375 0.9525 0 0 0 228 248 255
3.61194 2.6325 0.3075 0.707107 -0.707107 0 46 41 28
3.6075 2.62806 0.3075 0.707107 -0.707107 0 59 55 41
3.6075 2.6325 0.303063 0.57735 -0.57735 -0.57735 49 44 32
3.6075 2.6325 0.311937 0.57735 -0.57735 0.57735 45 40 27
3.63016 2.6475 0.4125 0.786906 -0.105285 0.608025 40 38 34
3.6225 2.64259 0.4125 0.51127 -0.797081 0.321348 56 54 49
3.6225 2.6475 0.424682 0.834993 -0.165384 0.524818 44 45 43
3.6525 2.64746 0.3975 0.291259 -0.778334 0.556205 54 47 41
3.6375 2.64189 0.3975 0.295309 -0.794963 0.52993 79 73 62
3.6525 2.6475 0.397557 0.297925 -0.794005 0.529902 54 47 41
3.6375 2.6475 0.40592 0.295354 -0.795079 0.529731 47 42 35
3.65254 2.6475 0.3975 0.640128 -0.636231 0.430634 54 47 41
3.6525 2.6475 0.397459 0.57735 -0.57735 -0.57735 54 47 41
3.7425 2.64357 0.4875 0 -1 -4.77996e-17 137 145 153
3.73819 2.6475 0.4875 -1 0 0 138 148 156
3.7425 2.6475 0.48516 0 1.92841e-17 -1 143 152 158
3.74957 2.6475 0.4875 1 0 0 111 128 146
3.6525 2.88663 0.4875 -0.895414 -0.445086 0.0115129 32 54 87
3.6525 2.88702 0.5025 -0.88571 -0.463875 0.0183522 35 59 92
3.65224 2.8875 0.5025 -0.903781 -0.427981 0.00340069 35 59 92
3.6525 2.8875 0.511723 -0.892397 -0.450506 0.0259175 35 61 94
3.6525 2.88608 0.5325 -0.888091 -0.458706 0.0297196 40 68 101
3.65178 2.8875 0.5325 -0.904749 -0.425918 0.00483115 40 68 101
3.6525 2.8875 0.520257 -0.887378 -0.457963 -0.0531956 36 63 96
3.6525 2.8875 0.539067 -0.882261 -0.460357 0.0984277 41 69 103
3.6525 2.88648 0.5625 -0.904104 -0.426759 0.0217573 44 75 112
3.65205 2.8875 0.5625 -0.913504 -0.406375 -0.0192549 44 75 112
3.6525 2.8875 0.557705 -0.900184 -0.427464 -0.0833313 43 74 110
3.6525 2.8875 0.569844 -0.890821 -0.451066 0.0545685 47 79 116
3.6675 2.81207 0.5475 -0.401917 -0.880793 -0.250333 39 49 47
3.66718 2.8125 0.5475 -0.999646 0.0233913 -0.0126458 39 49 47
3.6675 2.8125 0.547065 -0.700038 -0.00328176 -0.714098 39 49 47
3.6675 2.81224 0.5625 -0.638713 -0.769438 0.00328415 41 49 48
3.66726 2.8125 0.5625 -0.998987 -0.0186368 -0.0409698 41 50 48
3.6675 2.81189 0.5775 -0.627275 -0.77826 -0.0289401 46 53 49
3.66692 2.8125 0.5775 -0.996478 -0.0785864 -0.0292679 46 53 49
3.6675 2.81122 0.5925 -0.628101 -0.776644 -0.0480999 48 54 51
3.66638 2.8125 0.5925 -0.995144 -0.0945167 -0.0274792 49 55 51
3.6675 2.80891 0.6075 -0.635674 -0.771934 0.00606918 51 56 51
3.66627 2.8125 0.6075 -0.985173 -0.170306 -0.0207204 51 56 51
3.6675 2.8114 0.6225 -0.882877 -0.447928 -0.141029 55 59 54
3.66725 2.8125 0.6225 -0.983098 -0.180384 0.0312864 55 59 54
3.6675 2.80961 0.6375 -0.950633 -0.309605 0.0210285 57 62 58
3.66668 2.8125 0.6375 -0.993763 -0.107076 0.0311528 57 62 58
3.6675 2.81245 0.6525 -0.952352 -0.30347 0.0305116 61 66 63
3.66749 2.8125 0.6525 -0.990749 -0.130025 0.0388603 61 66 63
3.6675 2.8125 0.656604 -0.999647 -0.0263316 0.00345285 62 67 64
3.6675 2.81446 0.5475 -0.866383 0.160309 -0.47295 39 50 50
3.6675 2.82017 0.5625 -0.9926 0.0989768 -0.0703438 39 51 56
3.66638 2.8275 0.5775 -0.998557 0.0193909 -0.0500766 40 54 62
3.6675 2.8275 0.56463 -0.994681 0.0538282 -0.0878191 37 53 64
3.66577 2.8275 0.5925 -0.997216 -0.0211713 -0.0715041 42 55 60
3.66374 2.8275 0.6075 -0.999804 -0.0110824 -0.0164201 46 58 60
3.66472 2.8275 0.6225 -0.998944 0.00668232 0.0454573 49 60 58
3.6661 2.8275 0.6375 -0.999625 0.0247189 0.0117778 53 63 60
3.66483 2.8275 0.6525 -0.99901 -0.0269567 0.0353889 57 67 63
3.6675 2.81397 0.6675 -0.99742 -0.0248354 0.0673565 64 69 66
3.66716 2.8275 0.6675 -0.993555 -0.0169623 0.112075 60 70 67
3.6675 2.8275 0.670371 -0.988871 0.0999409 0.11021 60 71 68
3.6675 2.84119 0.5775 -0.993163 0.0823971 -0.0826896 54 78 106
3.66685 2.8425 0.5925 -0.998153 0.0440379 -0.0418482 55 80 105
3.6675 2.8425 0.579699 -0.996482 0.0668592 -0.0505275 55 81 109
3.6665 2.8425 0.6075 -0.995992 0.0893461 0.00416574 51 75 99
3.66646 2.8425 0.6225 -0.996783 0.0706005 0.0379346 46 68 89
3.6675 2.84231 0.6375 -0.99328 0.0940252 0.0674813 51 73 92
3.6675 2.8425 0.637279 -0.997559 0.028059 0.0639402 51 73 92
3.66668 2.8425 0.6525 -0.991666 0.126459 0.0246509 52 72 84
3.6675 2.8425 0.637751 -0.992251 0.111095 -0.0556471 51 73 92
3.6675 2.82876 0.6675 -0.954899 0.203352 0.216369 60 71 70
3.6675 2.8425 0.655983 -0.951908 0.190506 0.239957 53 74 88
3.6675 2.85524 0.5025 -0.928679 -0.370852 0.00489422 31 54 86
3.6665 2.8575 0.5025 -0.901022 -0.433756 0.00393873 31 54 87
3.6675 2.8575 0.491188 -0.924267 -0.374271 -0.0751821 29 52 82
3.6675 2.8575 0.515467 -0.889746 -0.451304 0.0683909 33 58 90
3.6675 2.85336 0.5325 -0.971452 -0.230701 -0.055306 37 63 94
3.66653 2.8575 0.5325 -0.911352 -0.407748 -0.0563886 36 63 95
3.6675 2.8575 0.519655 -0.973256 -0.219332 -0.0683077 34 59 91
3.6675 2.85014 0.5475 -0.971433 -0.236326 -0.0216452 40 66 100
3.66534 2.8575 0.5475 -0.935948 -0.351672 -0.0181249 37 66 102
3.6675 2.84977 0.5625 -0.987729 -0.154988 -0.0192223 44 72 107
3.66587 2.8575 0.5625 -0.939268 -0.342878 0.0144827 43 74 112
3.6675 2.84423 0.5775 -0.995307 -0.0868388 -0.0426921 55 81 112
3.66631 2.8575 0.5775 -0.970645 -0.240096 0.0142085 52 83 122
3.66677 2.8575 0.5925 -0.984717 -0.171497 0.0303629 51 82 123
3.66694 2.8575 0.6075 -0.986283 -0.165003 -0.0044194 53 84 123
3.66697 2.8575 0.6225 -0.982991 -0.175296 0.0547658 57 85 124
3.6675 2.8575 0.631609 -0.992208 -0.110102 0.0583183 60 90 130
3.6675 2.84755 0.6525 -0.982196 0.187855 -0.000858328 56 79 101
3.6675 2.85809 0.4875 -0.868373 -0.493408 -0.0497607 29 52 81
3.6593 2.8725 0.4875 -0.899011 -0.437089 0.0270623 30 52 85
3.66009 2.8725 0.5025 -0.902604 -0.430107 0.017743 33 56 90
3.6675 2.85779 0.5175 -0.886854 -0.45929 -0.0504177 33 59 90
3.65989 2.8725 0.5175 -0.9008 -0.4341 -0.0107549 35 60 94
3.65953 2.8725 0.5325 -0.907613 -0.419642 -0.0117809 38 64 99
3.65949 2.8725 0.5475 -0.925867 -0.377834 -0.00340276 39 68 103
3.65913 2.8725 0.5625 -0.912569 -0.408803 0.00991521 44 75 114
3.66007 2.8725 0.5775 -0.919363 -0.386393 0.073973 50 82 123
3.66191 2.8725 0.5925 -0.921822 -0.385704 0.0384217 51 83 124
3.66115 2.8725 0.6075 -0.912327 -0.409323 -0.0106917 54 87 126
3.66208 2.8725 0.6225 -0.919398 -0.378485 0.107034 56 91 129
3.6675 2.859 0.6375 -0.959599 -0.274147 0.0633557 62 93 133
3.66418 2.8725 0.6375 -0.935841 -0.344689 0.0734209 58 93 134
3.6675 2.86381 0.6525 -0.948565 -0.299392 0.102902 62 94 137
3.66438 2.8725 0.6525 -0.925588 -0.372914 0.0649714 60 95 137
3.6675 2.86951 0.6675 -0.960011 -0.248457 0.129026 63 96 139
3.66667 2.8725 0.6675 -0.908408 -0.389772 0.151237 63 97 140
3.6675 2.8725 0.672257 -0.916166 -0.368222 0.15828 64 97 140
3.65266 2.8875 0.5175 -0.895666 -0.444687 -0.00600453 35 62 95
3.65341 2.8875 0.5475 -0.912333 -0.409427 0.00426344 41 71 105
3.65298 2.8875 0.5775 -0.89849 -0.432146 0.0772343 51 82 121
3.65439 2.8875 0.5925 -0.887506 -0.460648 -0.011649 52 84 124
3.65296 2.8875 0.6075 -0.893372 -0.447951 0.0350114 55 88 129
3.65563 2.8875 0.6225 -0.902241 -0.412993 0.124093 58 91 132
3.65708 2.8875 0.6375 -0.903699 -0.4251 0.0511651 60 93 135
3.65742 2.8875 0.6525 -0.907696 -0.407795 0.0989508 62 95 138
3.65989 2.8875 0.6675 -0.902246 -0.398702 0.164285 64 97 140
3.6675 2.87662 0.6825 -0.914342 -0.36723 0.170647 65 99 142
3.66288 2.8875 0.6825 -0.898375 -0.402731 0.175299 66 99 142
3.6675 2.88413 0.6975 -0.811645 -0.292491 0.50565 66 99 142
3.66621 2.8875 0.6975 -0.902278 -0.335575 0.27071 67 99 142
3.6675 2.8875 0.698448 -0.521754 0.0513605 0.851549 66 98 142
3.6825 2.78023 0.6825 -0.200668 -0.95968 -0.196841 62 70 65
3.67895 2.7825 0.6825 -0.838222 -0.536943 -0.0952678 63 72 66
3.6825 2.7825 0.678579 0.0060623 -0.831921 -0.554861 60 69 63
3.6825 2.7822 0.6975 -0.445407 -0.892457 0.0716469 65 73 69
3.68202 2.7825 0.6975 -0.889093 -0.444187 0.110509 65 73 69
3.6825 2.7825 0.70481 -0.905321 -0.42114 0.0550963 67 75 71
3.6825 2.7892 0.6225 -0.530629 -0.834011 -0.151188 51 58 53
3.67106 2.7975 0.6225 -0.782795 -0.532107 -0.322635 53 59 55
3.6825 2.7975 0.610885 -0.465589 -0.72989 -0.500487 47 54 49
3.6825 2.78946 0.6375 -0.52306 -0.851842 0.0278017 54 61 55
3.67162 2.7975 0.6375 -0.811425 -0.584179 0.0179955 57 63 59
3.6825 2.78974 0.6525 -0.52404 -0.851341 0.0245087 57 63 57
3.67227 2.7975 0.6525 -0.846619 -0.531089 0.0343591 60 65 61
3.6825 2.79024 0.6675 -0.441613 -0.878157 -0.1839 58 65 59
3.67309 2.7975 0.6675 -0.828044 -0.558742 -0.0463611 62 68 63
3.67371 2.7975 0.6825 -0.944298 -0.31527 0.0943755 65 72 66
3.67462 2.7975 0.6975 -0.947431 -0.309078 0.0827342 66 74 69
3.6825 2.78347 0.7125 -0.76319 -0.357087 0.538544 69 77 72
3.67646 2.7975 0.7125 -0.923449 -0.302881 0.235594 68 76 71
3.6825 2.7975 0.718934 -0.684827 -0.194754 0.702198 67 75 69
3.6825 2.80977 0.5175 -0.972075 -0.2346 -0.00572649 31 40 36
3.68191 2.8125 0.5175 -0.842297 -0.538117 -0.031079 30 40 37
3.6825 2.8125 0.506279 -0.963373 -0.2615 -0.0594191 29 38 37
3.6825 2.81244 0.5325 -0.875299 -0.473434 -0.0985437 34 42 38
3.68249 2.8125 0.5325 -0.870404 -0.438627 -0.223615 34 42 38
3.6825 2.80844 0.5475 -0.600541 -0.74593 -0.287991 37 43 39
3.6825 2.79963 0.5625 -0.529573 -0.834958 -0.149657 40 45 40
3.6825 2.80002 0.5775 -0.604811 -0.796292 -0.0110554 42 48 43
3.6825 2.79936 0.5925 -0.599522 -0.800166 -0.0175292 44 51 45
3.6825 2.79959 0.6075 -0.650775 -0.739975 -0.170082 47 53 47
3.66754 2.8125 0.6675 -0.961811 -0.257875 0.0917591 64 69 66
3.6704 2.8125 0.6825 -0.979208 -0.167961 0.113755 65 71 65
3.67144 2.8125 0.6975 -0.983507 -0.149745 0.10144 69 76 68
3.67356 2.8125 0.7125 -0.857912 0.098106 0.504343 69 77 70
3.6825 2.8125 0.721832 -0.67752 0.240428 0.695098 66 74 67
3.6825 2.8127 0.5025 -0.800416 -0.515908 -0.305243 29 38 38
3.67304 2.8275 0.5025 -0.874496 -0.408757 -0.261103 31 49 67
3.6825 2.8275 0.49059 -0.680084 -0.464113 -0.567525 28 42 52
3.67135 2.8275 0.5175 -0.939763 -0.33855 -0.0472136 32 50 66
3.67084 2.8275 0.5325 -0.947469 -0.31389 -0.0614531 36 53 69
3.66989 2.8275 0.5475 -0.974065 -0.0906879 -0.2073 37 54 70
3.66769 2.8275 0.5625 -0.994755 0.0367567 -0.0954562 37 53 64
3.66887 2.8275 0.6825 -0.992617 0.0506627 0.110204 62 74 72
3.66999 2.8275 0.6975 -0.897613 0.238455 0.370717 64 76 74
3.6825 2.82295 0.7125 -0.592317 0.512968 0.621309 62 73 70
3.6825 2.8275 0.708848 -0.625181 0.305782 0.718085 61 73 70
3.6825 2.83106 0.4875 -0.740175 -0.607419 -0.288416 28 44 57
3.67297 2.8425 0.4875 -0.888577 -0.451017 -0.0837543 29 52 76
3.67249 2.8425 0.5025 -0.979815 -0.195665 -0.0409672 31 53 79
3.6718 2.8425 0.5175 -0.990824 -0.11116 -0.076886 34 57 83
3.66984 2.8425 0.5325 -0.987474 -0.137583 -0.0772429 39 62 89
3.66938 2.8425 0.5475 -0.994525 -0.0849293 -0.0608868 42 66 97
3.66874 2.8425 0.5625 -0.997762 -0.0433137 -0.0509487 44 69 102
3.66762 2.8425 0.5775 -0.997364 -0.00744801 -0.0721799 55 81 110
3.66752 2.8425 0.6375 -0.994763 0.0940745 0.0399541 51 73 92
3.67038 2.8425 0.6675 -0.979117 0.138707 0.148626 59 81 99
3.67252 2.8425 0.6825 -0.968214 0.185191 0.168127 61 82 101
3.67563 2.8425 0.6975 -0.876854 0.195304 0.439298 64 85 107
3.6825 2.8425 0.703156 -0.619613 0.129198 0.774201 62 83 101
3.66781 2.8575 0.4875 -0.939926 -0.338906 0.0410178 29 52 81
3.66764 2.8575 0.5175 -0.955035 -0.293764 -0.0401364 33 59 90
3.66784 2.8575 0.6375 -0.995274 -0.000703195 0.0971058 62 92 133
3.66954 2.8575 0.6525 -0.994899 0.0120543 0.100153 64 94 135
3.67055 2.8575 0.6675 -0.979732 -0.119842 0.160511 65 95 135
3.67457 2.8575 0.6825 -0.979891 -0.0798467 0.182861 67 97 137
3.676 2.8575 0.6975 -0.912894 -0.155675 0.377346 68 98 140
3.6825 2.8575 0.702482 -0.586166 -0.0849683 0.805723 67 96 136
3.66928 2.8725 0.6825 -0.938143 -0.306828 0.16045 65 99 141
3.67161 2.8725 0.6975 -0.819194 -0.263171 0.50957 65 99 142
3.6825 2.8725 0.705319 -0.577102 -0.0778856 0.81295 62 97 138
3.6825 2.8875 0.701735 -0.581109 -0.240475 0.777486 60 93 134
3.6975 2.67249 0.5025 -3.44991e-17 -1 0 129 129 124
3.69178 2.6775 0.5025 -1 -7.63111e-17 0 156 153 140
3.6975 2.6775 0.498327 -3.338e-17 0 -1 159 156 145
3.6975 2.6775 0.504881 1.669e-17 0 1 151 150 142
3.6975 2.67927 0.5025 1.72495e-17 1 0 161 158 146
3.6975 2.77697 0.4875 -0.77257 -0.634195 0.0305413 33 40 37
3.6933 2.7825 0.4875 -0.878074 -0.477633 0.0291944 31 38 35
3.6975 2.77749 0.5025 -0.754928 -0.655652 0.0143122 33 40 36
3.69382 2.7825 0.5025 -0.880837 -0.473106 0.0172514 32 40 35
3.6975 2.77735 0.5175 -0.737342 -0.675519 -0.000344615 36 44 39
3.69365 2.7825 0.5175 -0.870993 -0.490984 -0.0174884 35 42 37
3.6975 2.7774 0.5325 -0.736345 -0.676462 -0.013987 37 45 40
3.69371 2.7825 0.5325 -0.861976 -0.506729 -0.0149433 36 43 39
3.6975 2.77708 0.5475 -0.686155 -0.718232 0.115471 39 46 41
3.69303 2.7825 0.5475 -0.857588 -0.514125 0.0147356 38 45 40
3.6975 2.77912 0.5625 -0.621884 -0.782126 0.0392189 42 47 42
3.69484 2.7825 0.5625 -0.848638 -0.525332 0.0619672 40 46 41
3.6975 2.77947 0.5775 -0.593384 -0.804442 0.0277071 45 51 45
3.69531 2.7825 0.5775 -0.854698 -0.519125 -0.000294789 43 49 44
3.6975 2.77805 0.5925 -0.5215 -0.853008 -0.0203646 50 55 49
3.69413 2.7825 0.5925 -0.859319 -0.510725 -0.0270334 45 51 46
3.6975 2.77931 0.6075 -0.546101 -0.836853 0.0380896 51 57 51
3.69468 2.7825 0.6075 -0.848197 -0.529596 0.00945634 48 55 49
3.6975 2.77946 0.6225 -0.459768 -0.878978 0.126536 54 59 52
3.69451 2.7825 0.6225 -0.657963 -0.736033 -0.159185 51 57 51
3.6975 2.78091 0.6375 -0.343851 -0.937967 0.0445407 53 59 52
3.69542 2.7825 0.6375 -0.512901 -0.857288 0.0446065 52 58 52
3.6975 2.7825 0.649715 -0.491585 -0.867085 0.0806697 53 60 53
3.6975 2.78061 0.6675 -0.458523 -0.888304 -0.0259283 56 63 57
3.69547 2.7825 0.6675 -0.534513 -0.845159 -0.00177847 55 62 56
3.6975 2.7825 0.655154 -0.460998 -0.878933 -0.122302 54 60 54
3.69662 2.7825 0.6825 0.139045 -0.869807 -0.473395 56 64 57
3.6975 2.7825 0.68065 -0.645096 -0.757261 0.102014 55 63 57
3.6975 2.7746 0.6975 -0.210307 -0.973631 -0.0883921 62 69 62
3.6975 2.7825 0.682745 -0.439229 -0.790597 -0.426655 56 63 57
3.6975 2.77563 0.7125 -0.355448 -0.928007 0.111626 64 71 65
3.6831 2.7825 0.7125 -0.569067 -0.685022 0.454871 68 77 72
3.6975 2.7825 0.726263 -0.448828 -0.761399 0.467788 62 72 66
3.68627 2.7975 0.4875 -0.945992 -0.323738 0.0171423 29 37 33
3.68685 2.7975 0.5025 -0.937235 -0.348473 -0.0125751 31 38 34
3.68583 2.7975 0.5175 -0.925595 -0.376894 -0.0349924 33 40 35
3.6856 2.7975 0.5325 -0.932977 -0.359637 -0.0146882 35 41 36
3.68518 2.7975 0.5475 -0.927118 -0.374321 0.0183171 38 43 39
3.68596 2.7975 0.5625 -0.858618 -0.512529 0.00946211 39 45 40
3.68674 2.7975 0.5775 -0.813804 -0.580894 -0.0169019 41 48 42
3.68596 2.7975 0.5925 -0.815656 -0.578447 -0.0102398 43 50 44
3.68584 2.7975 0.6075 -0.775181 -0.626218 -0.0833328 46 52 47
3.6975 2.7827 0.6525 -0.453007 -0.891493 -0.00505116 54 60 54
3.6975 2.78264 0.6825 -0.218989 -0.941467 -0.256287 55 63 57
3.68285 2.8125 0.4875 -0.999002 -0.0446016 0.00249334 26 36 36
3.68271 2.8125 0.5025 -0.980636 -0.174562 -0.0887704 29 38 37
3.68549 2.8275 0.4875 -0.994314 -0.0775625 -0.0729618 27 41 49
3.68657 2.8275 0.7125 -0.791145 0.388408 0.47247 60 72 70
3.6937 2.8425 0.7125 -0.763071 0.30968 0.567293 60 80 97
3.6975 2.8425 0.720047 -0.872703 0.189251 0.450082 61 82 101
3.69608 2.8575 0.7125 -0.694065 0.0197184 0.719642 64 93 126
3.6975 2.8575 0.715736 -0.9152 -0.117749 0.385414 64 94 127
3.69329 2.8725 0.7125 -0.780591 -0.263571 0.566752 61 94 134
3.6975 2.8725 0.72583 -0.912043 -0.292806 0.287129 62 95 133
3.6863 2.8875 0.7125 -0.853695 -0.31366 0.41572 61 94 134
3.70644 2.6475 0.5025 -1 2.62721e-17 0 81 98 121
3.7125 2.65477 0.5025 0 1 0 77 94 116
3.7125 2.6475 0.496854 0 0 -1 107 122 140
3.7125 2.6475 0.507106 0 0 1 86 109 139
3.69927 2.6775 0.5025 1 1.90778e-17 0 156 155 146
3.7125 2.76553 0.4875 -0.177349 -0.98411 -0.00866759 40 45 39
3.70543 2.7675 0.4875 -0.596599 -0.802465 0.0109796 37 42 38
3.7125 2.76511 0.5025 -0.156842 -0.987144 0.0307793 42 47 41
3.70649 2.7675 0.5025 -0.626468 -0.778898 0.0292607 37 43 39
3.7125 2.76589 0.5175 -0.115168 -0.992918 0.0291681 43 47 40
3.70739 2.7675 0.5175 -0.617147 -0.786668 0.0168193 39 45 39
3.7125 2.76627 0.5325 -0.108012 -0.994104 0.00952844 45 49 43
3.70745 2.7675 0.5325 -0.599568 -0.800315 -0.00376388 41 47 41
3.7125 2.76637 0.5475 -0.0718244 -0.993009 0.0936691 54 57 50
3.70689 2.7675 0.5475 -0.58518 -0.808115 0.0671916 46 51 45
3.7125 2.7675 0.558713 -0.318571 -0.919659 0.22965 57 59 50
3.7125 2.76867 0.5625 -0.144055 -0.982833 0.115271 58 60 51
3.7125 2.7684 0.5775 -0.226893 -0.969604 0.0915838 65 67 56
3.7125 2.77179 0.5925 -0.144447 -0.988743 0.0390195 84 85 75
3.7125 2.77057 0.6075 -0.122772 -0.992429 -0.00342617 85 85 75
3.7125 2.77137 0.6225 -0.21893 -0.964779 0.145848 85 86 76
3.7125 2.777 0.6375 -0.225013 -0.96926 0.0995178 70 73 65
3.7125 2.77565 0.6525 -0.23459 -0.971089 -0.044199 73 76 68
3.69793 2.7825 0.6525 -0.42951 -0.899401 0.0812305 54 60 54
3.7125 2.77405 0.6675 -0.139389 -0.985679 -0.0949069 71 75 66
3.7125 2.77368 0.6825 -0.280331 -0.956738 -0.0778856 66 71 63
3.69784 2.7825 0.6825 -0.514566 -0.850967 0.10525 55 63 57
3.7125 2.77387 0.6975 -0.0930947 -0.98403 0.15172 66 71 64
3.7125 2.77607 0.7125 0.0330024 -0.994033 -0.10397 63 68 62
3.71953 2.6475 0.5025 1 0 0 85 109 140
3.7275 2.7635 0.4875 -0.0712283 -0.997333 0.0159452 56 58 49
3.7275 2.76376 0.5025 -0.0550729 -0.997795 0.0370422 56 57 48
3.7275 2.7651 0.5175 0.0308787 -0.995483 0.0897786 60 61 52
3.7275 2.76531 0.5325 0.0550976 -0.998347 0.0163717 70 69 61
3.7275 2.76529 0.5475 0.0540029 -0.996155 0.0689808 72 72 61
3.7275 2.7675 0.552791 0.172464 -0.919922 0.352136 75 75 64
3.7275 2.7675 0.722317 -0.0837222 -0.781447 -0.618329 74 77 71
3.7275 2.77357 0.5625 0.461288 -0.881474 0.101078 79 80 70
3.7275 2.77273 0.5775 0.291143 -0.95589 0.0388494 96 96 85
3.7275 2.77465 0.5925 0.211913 -0.975732 0.0551421 93 93 82
3.7275 2.77529 0.6075 0.161579 -0.986783 -0.0123155 92 92 80
3.7275 2.77455 0.6225 0.168139 -0.98572 0.00928532 88 88 78
3.7275 2.77514 0.6375 0.0481381 -0.996888 0.0624211 84 85 75
3.7275 2.77438 0.6525 -0.00727419 -0.999775 -0.0199029 85 87 76
3.7275 2.77586 0.6675 0.0490391 -0.998081 -0.0378012 74 77 67
3.7275 2.77258 0.6825 0.138687 -0.981139 -0.134655 84 86 77
3.7275 2.77047 0.6975 0.0246925 -0.991619 0.126818 83 85 77
3.7275 2.77724 0.7125 -0.0738358 -0.986621 -0.145351 65 70 64
3.7275 2.80565 0.4875 0.573191 0.819341 -0.0115258 33 40 35
3.7241 2.8125 0.4875 0.939845 0.341593 -0.0024674 31 36 32
3.7275 2.80678 0.5025 0.591617 0.805857 0.0241675 36 41 37
3.72373 2.8125 0.5025 0.969988 0.227495 -0.0858481 34 39 35
3.7275 2.8076 0.5175 0.70087 0.710524 -0.0627405 37 42 37
3.72516 2.8125 0.5175 0.989662 0.108628 -0.0936443 35 39 34
3.7275 2.81004 0.5325 0.704157 0.682981 -0.194164 37 41 38
3.72626 2.8125 0.5325 0.996072 0.0296261 -0.0834472 37 40 37
3.7275 2.8125 0.534396 0.925161 0.247974 -0.287379 37 41 38
3.7275 2.81162 0.5625 0.748228 0.662191 -0.0407182 38 45 38
3.72703 2.8125 0.5625 0.882759 0.46842 0.0363231 37 44 38
3.7275 2.8125 0.561802 0.767346 0.60558 0.210838 37 44 38
3.7275 2.81198 0.5775 0.724231 0.689476 0.0106163 39 46 39
3.72685 2.8125 0.5775 0.738917 0.673797 -9.88499e-05 39 46 39
3.7275 2.81166 0.5925 0.735855 0.677092 0.0080068 42 48 41
3.72673 2.8125 0.5925 0.710068 0.704128 0.0025308 42 48 41
3.7275 2.81143 0.6075 0.72893 0.655729 -0.196673 44 50 43
3.72696 2.8125 0.6075 0.824957 0.564895 -0.0184239 44 50 43
3.7275 2.8125 0.607948 0.869187 0.191182 -0.45603 44 50 43
3.71996 2.8275 0.4875 0.988967 -0.102122 -0.107306 32 39 38
3.72385 2.8275 0.5025 0.945019 -0.234426 -0.228001 33 40 34
3.726 2.8275 0.5175 0.990089 -0.0945778 -0.103821 35 41 35
3.72744 2.8275 0.5325 0.99575 -0.078185 -0.0486663 38 43 38
3.7275 2.82741 0.5475 0.944593 0.216649 -0.24659 40 45 41
3.72747 2.8275 0.5475 0.997063 -0.00386088 -0.0764909 40 45 41
3.72556 2.8425 0.4875 0.853087 -0.461462 -0.243506 31 41 47
3.7275 2.82837 0.5025 0.637736 -0.603502 -0.478621 32 39 33
3.7275 2.8425 0.48939 0.7758 -0.43015 -0.461633 32 42 48
3.7275 2.82818 0.5175 0.289133 -0.956915 -0.0267403 35 42 36
3.7275 2.84426 0.4875 0.669647 -0.74084 -0.0522328 33 43 51
3.7425 2.65901 0.4875 0 1 0 98 124 151
3.7425 2.6475 0.491389 0 -1.92841e-17 1 120 135 150
3.7425 2.76346 0.4875 0.0630932 -0.99793 0.0124597 73 72 60
3.7425 2.76405 0.5025 0.140642 -0.981976 0.126266 68 68 56
3.73928 2.7675 0.5175 0.663417 -0.695926 0.274892 66 66 55
3.7425 2.7675 0.515291 0.327682 -0.895615 0.300829 67 67 56
3.73597 2.7675 0.5325 0.795979 -0.583463 0.161207 75 74 65
3.73281 2.7675 0.5475 0.84549 -0.490775 0.210443 80 79 68
3.7425 2.7675 0.722117 0.161046 -0.740835 -0.652095 85 88 81
3.7425 2.77007 0.5175 0.665545 -0.476163 0.574734 67 67 57
3.73826 2.7825 0.5325 0.971649 -0.169392 0.164936 42 46 38
3.7425 2.7825 0.525389 0.742572 -0.0848404 0.664371 44 48 41
3.73865 2.7825 0.5475 0.972868 -0.227867 0.0400617 44 47 39
3.7372 2.7825 0.5625 0.945095 -0.322777 -0.0510911 52 53 44
3.7425 2.7774 0.5775 0.222424 -0.964303 -0.143694 94 90 77
3.7425 2.7825 0.570098 -0.0169599 -0.131778 -0.991134 62 61 50
3.7425 2.77916 0.5925 0.327376 -0.938364 0.110897 74 74 62
3.7425 2.77574 0.6075 0.349848 -0.934482 -0.0659586 97 95 82
3.7425 2.77606 0.6225 0.305852 -0.951758 -0.0247034 91 90 77
3.7425 2.7764 0.6375 0.263515 -0.964401 -0.0221362 90 90 77
3.7425 2.77675 0.6525 0.1705 -0.984182 -0.0481193 79 80 68
3.7425 2.77486 0.6675 0.0860586 -0.996098 -0.0195484 83 85 74
3.7425 2.77664 0.6825 0.0792465 -0.996788 -0.0115961 74 76 67
3.7425 2.77544 0.6975 0.180605 -0.983534 -0.00649137 76 78 70
3.7425 2.77744 0.7125 0.0960941 -0.954797 -0.281297 68 71 64
3.7425 2.79726 0.5025 0.810122 0.579077 0.0915009 34 40 35
3.74224 2.7975 0.5025 0.526496 0.83897 0.137588 34 40 35
3.7425 2.7975 0.502367 0.771882 0.603875 0.198832 34 40 35
3.7425 2.79569 0.5175 0.779543 0.498791 0.37884 36 43 38
3.74053 2.7975 0.5175 0.753603 0.656726 0.0281641 36 42 38
3.74113 2.7975 0.5325 0.911964 0.405154 -0.0645935 38 44 39
3.74015 2.7975 0.5475 0.98169 0.176907 0.0706252 38 44 38
3.73916 2.7975 0.5625 0.931742 0.362365 0.0233989 43 48 39
3.7425 2.79484 0.5775 0.436683 0.864975 -0.247236 50 53 45
3.74133 2.7975 0.5775 0.848249 0.515469 -0.121517 45 50 42
3.7425 2.79253 0.5925 0.853801 0.505674 0.123763 51 53 44
3.74061 2.7975 0.5925 0.776024 0.630397 0.0196709 47 50 42
3.7425 2.79513 0.6075 0.847892 0.519329 -0.106664 51 54 46
3.7406 2.7975 0.6075 0.791789 0.60345 -0.0944359 48 51 44
3.7425 2.7953 0.6225 0.75761 0.65266 0.00785237 49 53 46
3.74068 2.7975 0.6225 0.886123 0.46345 0.000343885 46 51 44
3.7425 2.79424 0.6375 0.676729 0.732683 -0.072203 53 58 48
3.73987 2.7975 0.6375 0.776738 0.629424 0.0224296 48 53 45
3.7425 2.79487 0.6525 0.653721 0.749475 -0.104573 49 56 48
3.74012 2.7975 0.6525 0.758721 0.647873 -0.0678523 47 54 47
3.7425 2.7975 0.655333 0.879728 0.348216 -0.323765 48 55 48
3.7425 2.80117 0.4875 0.4539 0.891035 -0.00559136 32 39 34
3.73091 2.8125 0.5475 0.837728 0.544432 -0.0424816 39 44 39
3.73483 2.8125 0.6225 0.820049 0.524819 -0.22822 43 47 39
3.73438 2.8425 0.5025 0.813028 -0.396011 -0.426803 30 39 41
3.7575 2.76561 0.4875 0.255393 -0.96669 -0.0168736 76 73 60
3.75051 2.7675 0.5025 0.899365 -0.27701 0.338243 67 67 55
3.7575 2.7675 0.492521 0.742736 -0.471123 0.4758 72 70 57
3.7575 2.77478 0.4875 0.843983 0.466362 0.264952 53 53 43
3.75186 2.7825 0.4875 0.957015 0.284982 -0.0539203 41 45 37
3.75317 2.7825 0.5025 0.957872 0.278549 0.0699405 45 48 40
3.75104 2.7825 0.5175 0.921879 0.107221 0.372347 48 49 41
3.7575 2.77943 0.5625 -0.0595084 -0.942952 -0.327566 95 93 79
3.75313 2.7825 0.5625 -0.507011 0.35028 -0.787556 75 74 62
3.7575 2.7825 0.556648 0 0 -1 77 77 64
3.7575 2.77821 0.5775 0.346169 -0.929931 0.124076 93 90 76
3.74567 2.7825 0.5925 0.964698 -0.0432478 0.259784 64 65 53
3.7575 2.7825 0.581627 0.697118 -0.226262 0.680317 80 79 66
3.74816 2.7825 0.6075 0.975473 -0.131858 -0.176252 76 76 64
3.75314 2.7825 0.6225 0.988114 -0.0961073 -0.119972 79 79 67
3.75372 2.7825 0.6375 0.984497 0.0307338 -0.17269 81 82 70
3.7575 2.77951 0.6525 0.339887 -0.934541 -0.105399 79 80 69
3.7575 2.7825 0.64318 0.787688 0.531025 -0.312344 79 80 69
3.7575 2.77893 0.6675 0.364871 -0.918469 -0.152592 74 74 65
3.7575 2.7759 0.6825 0.1922 -0.979469 -0.0608196 87 87 77
3.7575 2.77697 0.6975 0.0843507 -0.996377 0.010849 78 79 71
3.7575 2.7769 0.7125 0.184668 -0.970518 -0.154896 74 76 69
3.74617 2.7975 0.4875 0.868007 0.495785 -0.0275745 34 39 33
3.7575 2.78373 0.5625 0.433463 0.875682 -0.212815 79 78 65
3.7575 2.78466 0.5775 0.647387 0.730652 0.216884 69 68 56
3.7575 2.78442 0.6525 0.579252 0.813876 -0.0455283 64 66 56
3.7575 2.78416 0.6675 0.63554 0.69405 -0.338208 60 61 53
3.74564 2.7975 0.6675 0.705911 0.59586 -0.382937 46 52 44
3.7575 2.79722 0.6825 0.656333 0.717059 -0.234635 50 55 49
3.75712 2.7975 0.6825 0.645489 0.586491 -0.489256 50 55 49
3.7575 2.79644 0.6975 0.702537 0.705702 -0.0917992 53 56 52
3.75702 2.7975 0.6975 0.841126 0.54082 -0.00445275 52 56 52
3.7575 2.7975 0.697974 0.876789 0.196773 -0.438773 53 57 53
3.7725 2.67299 0.4875 0 -1 9.33243e-17 72 94 120
3.76873 2.6775 0.4875 -1 0 4.80427e-17 68 87 110
3.7725 2.6775 0.490097 -2.33413e-17 0 1 71 91 116
3.7725 2.68139 0.4875 0 1 0 80 97 119
3.75945 2.7675 0.4875 1 0 0 72 70 57
3.75873 2.7825 0.5625 0.975829 -0.205114 -0.0754103 87 85 72
3.75966 2.7825 0.5775 0.990515 0.128967 0.047415 81 81 67
3.76048 2.7825 0.6525 0.959279 -0.265293 -0.0969739 74 76 66
3.76069 2.7825 0.6675 0.924975 0.214905 -0.313428 68 69 61
3.7725 2.78243 0.6825 0.297265 -0.922593 -0.245878 80 79 72
3.7725 2.7825 0.682415 0.454157 0.815008 -0.359866 80 79 72
3.7725 2.77899 0.6975 0.143315 -0.987677 0.0628905 74 75 67
3.76957 2.7825 0.7125 0.608457 -0.704478 -0.365364 55 56 51
3.7725 2.7825 0.70812 0.826093 0.47554 0.302378 56 58 52
3.7725 2.7825 0.714043 0.252716 -0.633587 -0.731233 56 58 53
3.7725 2.78254 0.6825 0.504442 0.789173 -0.350349 80 79 72
3.7725 2.78509 0.6975 0.441811 0.897034 0.0115375 56 58 51
3.76452 2.7975 0.7125 0.795389 0.420604 -0.436403 52 58 53
3.7725 2.7975 0.720126 0.663177 0.281306 -0.693588 52 56 51
3.77737 2.6775 0.4875 1 0 0 73 94 121
3.7875 2.78197 0.4875 0 -1 5.38782e-18 66 64 50
3.78448 2.7825 0.4875 -1 0 8.42138e-17 61 60 46
3.7875 2.7825 0.489826 0 0 1 67 64 51
3.77254 2.7825 0.6825 0.517157 -0.517977 -0.681358 80 79 72
3.7875 2.77778 0.6975 0.178198 -0.978736 -0.101592 101 100 91
3.7875 2.7825 0.693827 0.617202 0.00325511 -0.786798 94 94 86
3.7875 2.7825 0.708496 0.270206 -0.58384 0.765584 77 78 70
3.7875 2.7825 0.714338 -0.110492 -0.834411 -0.539953 73 75 67
3.7875 2.78283 0.4875 0 1 4.04086e-18 63 60 47
3.7875 2.78594 0.6975 0.0992755 0.99506 0.000888513 79 80 72
3.78783 2.7825 0.4875 1 0 -5.26336e-18 65 63 49
3.79167 2.7825 0.6975 1 0 0 94 95 86
3.8025 2.77972 0.7125 0.0574813 -0.916587 -0.395681 82 83 74
3.79248 2.7825 0.7125 -0.309551 -0.246777 -0.918302 72 73 65
3.8025 2.7825 0.709204 -2.31813e-17 0 -1 78 80 72
3.8025 2.7974 0.5775 3.75939e-17 -1 0 98 96 82
3.8024 2.7975 0.5775 -1 4.45864e-17 0 98 96 82
3.8025 2.7975 0.577401 -3.81964e-17 0 -1 98 96 82
3.8025 2.7975 0.577596 -3.81964e-17 0 1 98 96 82
3.8025 2.78518 0.7125 0 0.77588 -0.630881 65 67 59
3.8025 2.7976 0.5775 3.75939e-17 1 0 98 96 82
3.80587 2.7825 0.7125 0.567873 -0.543764 -0.617932 77 80 71
3.8175 2.77826 0.7275 0.332702 -0.848761 -0.410992 106 109 100
3.8175 2.7825 0.723201 0.545116 -0.59712 -0.588469 88 93 85
3.8175 2.79438 0.4875 0 -1 0 96 92 78
3.81438 2.7975 0.4875 -1 0 0 81 78 65
3.8175 2.7975 0.490624 0 0 1 91 87 75
3.80263 2.7975 0.5775 1 0 0 98 96 82
3.8175 2.80062 0.4875 0 1 0 75 72 60
3.82206 2.7825 0.7275 0.551594 -0.594095 -0.585487 90 95 88
3.82062 2.7975 0.4875 1 0 0 97 94 81
3.84685 2.7975 0.6825 -1 0 0 95 95 85
3.8625 2.86196 0.9675 0.0352166 -0.753596 0.656394 168 176 171
3.8625 2.8725 0.976771 0.0911575 -0.682683 0.725007 184 194 188
3.8625 2.87781 0.9825 0.126403 -0.803287 0.582025 174 185 182
3.8625 2.88542 0.9975 0.206396 -0.860377 0.465996 169 177 172
3.8625 2.8875 1.00034 0.215842 -0.833952 0.507875 168 177 172
3.8775 2.86212 0.9675 0.0363788 -0.699351 0.713853 192 196 191
3.8775 2.8725 0.977708 -0.0122361 -0.654575 0.755898 187 193 184
3.8775 2.88017 0.9825 -0.0532857 -0.788384 0.612872 188 196 188
3.86983 2.8875 0.9975 0.189659 -0.864305 0.46584 183 192 185
3.8775 2.8875 0.993216 0.0851304 -0.82948 0.552011 197 206 199
3.8925 2.86506 0.9675 -0.178909 -0.715299 0.675529 206 208 202
3.8925 2.8725 0.978304 -0.0617459 -0.731539 0.678997 199 202 192
3.8925 2.87564 0.9825 -0.465185 -0.757721 0.457671 204 207 196
3.8925 2.88451 0.9975 -0.535255 -0.724631 0.434064 220 225 212
3.88796 2.8875 0.9975 -0.312041 -0.813608 0.490584 219 226 215
3.8925 2.8875 1.00337 -0.395625 -0.845282 0.359138 226 232 219
3.9075 2.85718 0.9675 -0.231385 -0.900265 0.368761 209 211 207
3.90662 2.8575 0.9675 -0.388417 -0.750479 0.534708 209 211 207
3.9075 2.8575 0.96864 -0.459998 -0.824188 0.330328 209 211 207
3.9075 2.8632 0.9825 -0.537042 -0.776606 0.329345 208 210 203
3.89605 2.8725 0.9825 -0.543854 -0.743749 0.388664 200 201 191
3.9075 2.87002 0.9975 -0.543496 -0.78214 0.304746 205 205 194
3.90433 2.8725 0.9975 -0.644539 -0.681808 0.345988 201 201 190
3.9075 2.8725 1.00379 -0.639662 -0.697691 0.322582 203 204 193
3.9075 2.87696 1.0125 -0.682123 -0.647018 0.340699 212 215 202
3.89708 2.8875 1.0125 -0.666708 -0.658467 0.349173 228 232 219
3.9075 2.88501 1.0275 -0.721433 -0.624075 0.300109 208 210 197
3.90549 2.8875 1.0275 -0.690204 -0.648092 0.321861 214 216 204
3.9075 2.8875 1.03271 -0.752359 -0.602506 0.26635 215 217 207
3.9225 2.85151 0.9675 -0.264396 -0.915242 0.304018 214 215 207
3.9225 2.85576 0.9825 -0.33643 -0.910595 0.240065 216 217 208
3.91739 2.8575 0.9825 -0.420843 -0.859204 0.290961 215 217 210
3.9225 2.8575 0.990402 -0.45049 -0.848518 0.277625 216 218 210
3.9225 2.86003 0.9975 -0.53026 -0.797527 0.287707 214 217 209
3.9225 2.8648 1.0125 -0.51045 -0.81754 0.26659 211 215 204
3.91189 2.8725 1.0125 -0.596822 -0.749788 0.285696 204 207 195
3.9225 2.86946 1.0275 -0.380825 -0.896875 0.224918 216 218 210
3.91855 2.8725 1.0275 -0.680381 -0.678582 0.276782 212 215 205
3.9225 2.8725 1.03794 -0.601251 -0.763624 0.235321 220 223 213
3.9225 2.87408 1.0425 -0.695429 -0.662073 0.279354 220 223 213
3.9108 2.8875 1.0425 -0.731836 -0.628305 0.263912 222 225 216
3.9225 2.88073 1.0575 -0.64899 -0.703536 0.289567 217 220 211
3.91629 2.8875 1.0575 -0.751521 -0.583685 0.307454 215 217 210
3.9225 2.88653 1.0725 -0.628211 -0.746785 0.218317 218 221 214
3.92165 2.8875 1.0725 -0.828274 -0.501241 0.250439 219 222 215
3.9225 2.8875 1.07581 -0.853992 -0.479956 0.20085 213 216 208
3.92629 2.8575 0.9975 -0.501372 -0.832768 0.234785 215 217 209
3.93253 2.8575 1.0125 -0.562673 -0.790235 0.242751 217 220 209
3.9375 2.86447 1.0275 -0.307773 -0.926392 0.216965 216 218 205
3.9375 2.86685 1.0425 -0.359338 -0.912758 0.194293 226 227 219
3.92442 2.8725 1.0425 -0.419203 -0.879814 0.224047 223 226 216
3.9375 2.87044 1.0575 -0.346689 -0.91791 0.192997 248 250 247
3.93203 2.8725 1.0575 -0.505506 -0.824289 0.254971 245 248 242
3.9375 2.8725 1.06939 -0.569441 -0.777164 0.267867 251 254 247
3.9375 2.87392 1.0725 -0.626501 -0.73916 0.247264 244 247 240
3.9375 2.87777 1.0875 -0.618737 -0.778427 0.105908 206 208 199
3.9253 2.8875 1.0875 -0.692198 -0.716421 0.0871943 197 198 187
3.9375 2.87851 1.1025 -0.599053 -0.800702 0.00329393 206 208 199
3.92525 2.8875 1.1025 -0.740651 -0.671651 0.0179119 192 193 181
3.9375 2.87796 1.1175 -0.638001 -0.768063 0.0550781 209 210 203
3.92524 2.8875 1.1175 -0.714584 -0.698696 0.0345493 192 193 183
3.9375 2.87896 1.1325 -0.719971 -0.692005 0.0526323 206 207 202
3.92878 2.8875 1.1325 -0.720463 -0.684221 0.113024 191 193 184
3.9375 2.87935 1.1475 -0.777 -0.621885 0.0976228 202 204 196
3.93069 2.8875 1.1475 -0.777175 -0.617532 0.121054 193 195 187
3.9375 2.8824 1.1625 -0.81329 -0.555736 0.172384 198 201 192
3.934 2.8875 1.1625 -0.777751 -0.606811 0.163962 196 198 190
3.9375 2.8875 1.17469 -0.787515 -0.574171 0.223937 192 195 190
3.9375 2.8875 1.18025 -0.688255 -0.69964 -0.191857 192 196 192
3.93827 2.8875 1.1775 -0.79455 -0.58362 0.167563 192 196 192
3.5625 3.11122 0.7425 -0.866513 -0.370717 0.334252 54 58 52
3.56216 3.1125 0.7425 -0.968681 -0.210299 0.13203 54 57 52
3.5625 3.1125 0.743362 -0.854123 0.225276 0.468748 54 57 52
3.5625 3.11337 0.7425 -0.927058 0.373718 0.0299714 54 57 52
3.5775 3.08206 0.7425 -0.641177 -0.676169 0.362889 59 67 58
3.57722 3.0825 0.7425 -0.841646 -0.467825 0.269762 59 67 58
3.5775 3.0825 0.7431 -0.767628 -0.482197 0.422176 59 67 58
3.56851 3.0975 0.7425 -0.848743 -0.41623 0.326173 56 61 56
3.5775 3.09518 0.7575 -0.805599 -0.507945 0.304962 56 62 60
3.57639 3.0975 0.7575 -0.863003 -0.395875 0.313859 56 61 59
3.5775 3.0975 0.763797 -0.894942 -0.417574 0.157196 55 61 59
3.57046 3.1125 0.7575 -0.932584 -0.184149 0.310447 52 57 57
3.5775 3.10072 0.7725 -0.885906 -0.435663 0.159277 53 61 57
3.57224 3.1125 0.7725 -0.949426 -0.293916 0.110471 50 59 55
3.5775 3.10625 0.7875 -0.866221 -0.463256 0.187231 51 62 55
3.57452 3.1125 0.7875 -0.934897 -0.325101 0.142394 49 61 53
3.5775 3.1125 0.801684 -0.90641 -0.376642 0.191213 50 60 54
3.5775 3.11296 0.8025 -0.905158 -0.39846 0.14805 50 60 54
3.5775 3.11938 0.8175 -0.872449 -0.452181 0.185378 49 59 54
3.5775 3.12501 0.8325 -0.852292 -0.485031 0.195817 49 60 54
3.5925 3.0675 0.742419 -0.637545 -0.658335 0.400164 55 67 69
3.5925 3.06756 0.7425 -0.514262 -0.743865 0.426847 55 67 69
3.5925 3.077 0.7575 -0.468448 -0.808996 0.35508 54 66 64
3.58581 3.0825 0.7575 -0.736715 -0.606109 0.299806 57 65 62
3.5925 3.08174 0.7725 -0.386618 -0.891045 0.237834 56 66 65
3.59139 3.0825 0.7725 -0.723651 -0.650048 0.231877 56 65 64
3.5925 3.0825 0.775011 -0.65824 -0.707641 0.256836 56 66 65
3.57921 3.0975 0.7725 -0.788208 -0.579114 0.208219 54 62 58
3.5925 3.08694 0.7875 -0.587354 -0.754295 0.293349 55 65 63
3.58253 3.0975 0.7875 -0.783668 -0.583695 0.21252 53 63 57
3.5925 3.09209 0.8025 -0.470145 -0.841088 0.267459 53 64 60
3.58695 3.0975 0.8025 -0.768553 -0.592046 0.242503 52 63 57
3.5925 3.09699 0.8175 -0.42546 -0.870393 0.247791 52 63 58
3.59193 3.0975 0.8175 -0.7854 -0.579795 0.216756 53 62 58
3.5925 3.0975 0.819275 -0.696443 -0.672013 0.251727 53 62 58
3.57769 3.1125 0.8025 -0.820373 -0.525553 0.225348 51 60 54
3.58089 3.1125 0.8175 -0.820331 -0.539038 0.19104 51 61 55
3.5925 3.10249 0.8325 -0.668529 -0.697661 0.257564 53 62 59
3.58469 3.1125 0.8325 -0.818987 -0.534177 0.20956 51 61 57
3.5925 3.10807 0.8475 -0.610572 -0.739067 0.284574 53 61 59
3.58865 3.1125 0.8475 -0.802732 -0.55462 0.219128 52 62 59
3.5925 3.1125 0.858139 -0.74743 -0.601872 0.281245 53 62 60
3.5925 3.11472 0.8625 -0.759748 -0.603933 0.240933 53 62 60
3.5925 3.12031 0.8775 -0.748045 -0.631865 0.202917 53 62 59
3.5925 3.12465 0.8925 -0.71335 -0.662768 0.227749 53 63 58
3.6075 3.06231 0.7425 -0.398264 -0.78875 0.468251 61 81 105
3.59259 3.0675 0.7425 -0.29292 -0.839392 0.457842 55 67 69
3.6075 3.0675 0.749877 -0.27278 -0.812431 0.515313 55 74 91
3.6075 3.07181 0.7575 -0.277801 -0.893244 0.35347 52 72 86
3.6075 3.07524 0.7725 -0.274203 -0.927905 0.252597 55 74 89
3.6075 3.07904 0.7875 -0.222275 -0.930167 0.292204 53 72 86
3.59836 3.0825 0.7875 -0.441133 -0.845279 0.301504 54 66 69
3.6075 3.0825 0.796766 -0.259797 -0.870191 0.418656 52 70 81
3.6075 3.08558 0.8025 -0.277457 -0.919146 0.279623 52 71 81
3.6075 3.08966 0.8175 -0.325883 -0.911819 0.249773 52 67 75
3.6075 3.09371 0.8325 -0.335026 -0.917836 0.21292 54 64 67
3.59909 3.0975 0.8325 -0.486657 -0.838234 0.246026 53 62 60
3.6075 3.09708 0.8475 -0.322147 -0.92918 0.181232 53 61 60
3.60667 3.0975 0.8475 -0.559824 -0.782955 0.271254 54 61 59
3.6075 3.0975 0.849157 -0.499784 -0.825064 0.263599 53 61 60
3.6075 3.10187 0.8625 -0.5696 -0.78921 0.22957 53 62 60
3.59446 3.1125 0.8625 -0.610773 -0.749698 0.254774 53 62 60
3.6075 3.10591 0.8775 -0.559498 -0.808707 0.181536 53 62 58
3.59935 3.1125 0.8775 -0.663804 -0.717243 0.21196 53 62 59
3.6075 3.10939 0.8925 -0.564231 -0.800958 0.200272 53 63 60
3.60389 3.1125 0.8925 -0.704797 -0.676775 0.21269 53 63 60
3.6075 3.1125 0.905555 -0.648567 -0.73815 0.185729 54 64 61
3.6075 3.11317 0.9075 -0.735169 -0.617781 0.279057 54 65 61
3.6075 3.12041 0.9225 -0.713074 -0.591637 0.376154 54 64 61
3.3825 2.9025 0.431289 0.0735382 0.00962178 0.997246 38 97 183
3.3825 2.9175 0.43078 0.0727315 0.0318538 0.996843 38 98 182
3.3825 2.9325 0.429815 0.0687264 0.0404074 0.996817 40 96 183
3.3825 2.9475 0.429389 0.0489634 0.0461464 0.997734 39 95 180
3.3825 2.9625 0.42882 0.0977831 0.0419303 0.994324 37 95 176
3.3825 2.9771 0.4275 0.1906 0.0886648 0.977655 41 92 161
3.38233 2.9775 0.4275 0.22369 -0.258371 0.939791 41 92 161
3.3825 2.9775 0.427461 0.0109607 -0.0526043 0.998555 41 92 161
3.3825 2.97766 0.4275 -0.0160177 -0.273855 0.961638 41 92 161
3.3825 2.9925 0.431734 0.163749 -0.252459 0.953651 47 73 110
3.3825 3.0075 0.436033 0.164117 -0.222793 0.960952 45 57 66
3.3825 3.0225 0.438033 0.091924 -0.128225 0.987476 46 57 63
3.3825 3.0375 0.441264 0.0229475 -0.0516763 0.9984 45 57 64
3.36869 3.0525 0.4425 0.167292 0.0558531 0.984324 50 58 62
3.3825 3.0525 0.440141 0.0436345 -0.0156914 0.998924 45 56 61
3.3825 3.0675 0.440336 0.049759 0.011004 0.998701 50 55 55
3.37866 3.0825 0.4425 0.55605 -0.407509 0.724393 64 63 60
3.3825 3.0825 0.441193 0.247741 0.00563564 0.96881 63 62 59
3.3809 3.0975 0.4425 0.890117 -0.132638 0.436003 63 60 57
3.3825 3.0975 0.441387 0.432286 -0.0180658 0.901555 65 63 59
3.37461 3.0975 0.4575 0.779706 -0.476149 0.40662 67 63 59
3.37185 3.0975 0.4725 0.756637 -0.536211 0.374138 100 92 84
3.3975 2.9025 0.429946 0.11702 -0.00682491 0.993106 38 97 180
3.3975 2.9175 0.429264 0.0809653 0.0233207 0.996444 38 95 178
3.3975 2.9325 0.429148 0.0619311 0.0236135 0.997801 39 96 178
3.3975 2.9475 0.42886 0.0773933 0.0592376 0.995239 40 94 177
3.3975 2.95637 0.4275 0.153602 0.151382 0.976468 40 93 176
3.39117 2.9625 0.4275 0.149788 0.108394 0.982758 39 94 176
3.3975 2.9625 0.426534 0.0651622 -0.000412838 0.997875 40 93 176
3.3975 2.97445 0.4275 0.0193868 -0.0815029 0.996485 39 92 170
3.38443 2.9775 0.4275 -0.0190312 -0.0826275 0.996399 40 92 162
3.3975 2.9775 0.427753 0.0645847 -0.163798 0.984377 39 92 168
3.3975 2.9925 0.42915 0.179123 -0.203852 0.962476 50 85 133
3.3975 3.0075 0.43395 0.179165 -0.278737 0.943507 43 56 64
3.3975 3.0225 0.43796 0.110097 -0.171481 0.979016 45 56 61
3.3975 3.0375 0.439498 0.0839082 -0.0949186 0.991942 46 57 60
3.3975 3.0525 0.439726 0.0387887 -0.0396626 0.99846 43 54 59
3.3975 3.0675 0.441185 -0.00181091 0.0623525 0.998053 47 55 56
3.3975 3.0825 0.438256 0.0735144 0.200677 0.976895 50 50 46
3.3975 3.0975 0.434005 0.203446 0.149237 0.967646 67 63 57
3.41141 2.9025 0.4275 0.173704 -0.0406287 0.983959 38 96 176
3.4125 2.9025 0.427293 0.0650528 -0.0136491 0.997788 38 96 175
3.4125 2.90561 0.4275 0.117325 -0.0643792 0.991005 38 96 176
3.4125 2.9175 0.428247 0.104333 -0.0101207 0.994491 39 95 176
3.4125 2.9325 0.428245 0.0875182 0.0232847 0.995891 38 94 173
3.4125 2.93844 0.4275 0.171482 0.127805 0.976862 39 94 172
3.40568 2.9475 0.4275 0.172003 0.145944 0.974225 40 93 174
3.4125 2.9475 0.426221 0.0767799 0.0325234 0.996517 39 93 171
3.4125 2.9625 0.425953 0.0303127 0.0129503 0.999457 40 91 173
3.40252 2.9775 0.4275 0.120704 -0.0247253 0.992381 39 92 169
3.4125 2.9775 0.426954 0.110368 -0.0164132 0.993755 39 91 169
3.40577 2.9925 0.4275 0.19769 -0.15544 0.967862 51 88 141
3.4125 2.9925 0.426091 0.143331 -0.0688931 0.987274 49 88 144
3.4125 2.99758 0.4275 0.210782 -0.263901 0.941237 47 78 121
3.4125 3.0075 0.430284 0.196245 -0.299607 0.933661 40 59 76
3.4125 3.0225 0.434953 0.150401 -0.238854 0.959337 46 57 61
3.4125 3.0375 0.437621 0.0849539 -0.15039 0.98497 46 55 59
3.4125 3.0525 0.439471 0.0381876 -0.0577224 0.997602 45 54 57
3.4125 3.0675 0.440795 0.0837718 0.0511423 0.995172 47 55 56
3.4125 3.0825 0.437917 0.0631243 0.233764 0.970242 49 51 47
3.4125 3.0975 0.432934 0.0267354 0.232984 0.972113 68 65 59
3.4125 3.1125 0.430186 0.0770644 0.185305 0.979655 69 63 56
3.3975 3.1125 0.433493 0.21519 0.0332788 0.976005 67 63 59
3.4275 2.9025 0.426638 0.074189 0.0151945 0.997128 40 95 173
3.41929 2.9175 0.4275 0.140994 0.00924663 0.989967 39 95 174
3.4275 2.9175 0.426548 0.122399 0.0141098 0.992381 39 94 171
3.41677 2.9325 0.4275 0.192198 0.0847796 0.977687 39 94 172
3.4275 2.9325 0.425324 0.104225 0.0375111 0.993846 39 92 169
3.4275 2.9475 0.425245 0.075708 -0.0315644 0.99663 39 92 167
3.4275 2.9625 0.426728 0.0603563 0.0338925 0.997601 41 91 168
3.4275 2.9775 0.424291 0.0801439 0.051383 0.995458 40 89 168
3.4275 2.9925 0.423963 0.110131 -0.0690219 0.991518 41 90 154
3.42466 3.0075 0.4275 0.212962 -0.334546 0.918001 44 68 94
3.4275 3.0075 0.426826 0.137818 -0.210678 0.967792 45 71 100
3.4275 3.00919 0.4275 0.124633 -0.371288 0.920115 44 69 93
3.4275 3.0225 0.433125 0.117702 -0.318061 0.940736 43 56 58
3.4275 3.0375 0.436849 0.0630309 -0.186417 0.980447 44 56 58
3.4275 3.0525 0.440015 0.0588948 -0.0649232 0.996151 45 55 57
3.4275 3.0675 0.438648 0.0760537 0.125786 0.989138 47 52 54
3.4275 3.0825 0.435671 0.0962749 0.160806 0.982279 48 52 50
3.4275 3.0975 0.432638 0.000410003 0.193122 0.981175 74 72 66
3.4275 3.1125 0.430782 0.078935 0.295296 0.952139 76 70 61
3.4275 3.11773 0.4275 0.194201 0.374686 0.906585 74 69 60
3.4125 3.12558 0.4275 0.102285 0.195524 0.97535 86 87 82
3.4275 3.1275 0.422229 0.359368 0.449885 0.817593 90 84 74
3.4125 3.1275 0.427179 0.253177 0.41735 0.872766 90 91 86
3.4425 2.9025 0.425628 0.0927881 0.0438021 0.994722 41 94 169
3.4425 2.9175 0.423738 0.0968261 0.0323189 0.994776 39 92 166
3.4425 2.9325 0.424068 0.0856057 -0.0104366 0.996274 38 91 165
3.4425 2.9475 0.424635 0.0648592 0.00902893 0.997854 39 91 162
3.4425 2.9625 0.424203 0.105389 0.0152873 0.994314 40 90 164
3.4425 2.9775 0.423322 0.0624441 0.0345902 0.997449 39 89 164
3.4425 2.9925 0.423206 0.0300629 -0.041108 0.998702 42 89 153
3.4425 3.0075 0.425263 0.0836822 -0.200872 0.976037 51 80 116
3.4425 3.01361 0.4275 0.114341 -0.333113 0.935928 47 69 90
3.4425 3.0225 0.431024 0.1479 -0.360635 0.920906 41 55 59
3.4425 3.0375 0.436879 0.109997 -0.19972 0.97366 44 56 56
3.4425 3.0525 0.437541 0.138099 -0.0455889 0.989369 44 54 56
3.4425 3.0675 0.437959 0.119449 0.0984066 0.987951 46 52 53
3.4425 3.0825 0.433879 0.0997881 0.175554 0.979399 47 51 49
3.4425 3.0975 0.434041 0.151277 0.227866 0.961869 58 58 52
3.4425 3.10627 0.4275 0.313686 0.557321 0.768762 79 75 67
3.43285 3.1125 0.4275 0.375459 0.471464 0.797967 79 73 64
3.4425 3.1125 0.423512 0.208059 0.457927 0.8643 86 80 70
3.4575 2.9025 0.423116 0.0795205 0.0575132 0.995173 39 92 164
3.4575 2.9175 0.423042 0.0712664 0.0111286 0.997395 39 91 162
3.4575 2.9325 0.423329 0.0621637 -0.00853081 0.99803 37 90 161
3.4575 2.9475 0.423702 0.0824398 0.00673088 0.996573 39 90 162
3.4575 2.9625 0.422696 0.0762251 0.0382483 0.996357 38 90 160
3.4575 2.9775 0.422456 0.100054 -0.00307736 0.994977 40 88 162
3.4575 2.9925 0.423766 0.0811673 -0.0635295 0.994674 42 87 154
3.4575 3.0075 0.423916 0.0513774 -0.155324 0.986527 52 84 125
3.4575 3.01929 0.4275 0.0528825 -0.301586 0.951971 44 63 82
3.4575 3.0225 0.428412 0.102837 -0.30353 0.947256 41 58 71
3.4575 3.0375 0.433824 0.163952 -0.230316 0.959205 45 56 55
3.4575 3.0525 0.435525 0.141519 -0.0193183 0.989747 43 54 54
3.4575 3.0675 0.434346 0.180976 0.0740797 0.980694 42 50 50
3.4575 3.0825 0.434074 0.173981 0.196396 0.964966 46 49 46
3.4575 3.0975 0.428754 0.234409 0.249652 0.939535 46 44 36
3.4575 3.09974 0.4275 0.162765 0.447496 0.879349 51 50 41
3.4575 3.1125 0.423464 0.206674 0.526824 0.824465 78 75 66
3.4575 3.12202 0.4125 0.298871 0.719786 0.626566 82 77 68
3.4725 2.9025 0.422741 0.0495478 0.059249 0.997013 38 90 159
3.4725 2.9175 0.422142 0.0545581 0.00898183 0.99847 38 90 158
3.4725 2.9325 0.422602 0.0683875 0.00738583 0.997631 37 89 157
3.4725 2.9475 0.421723 0.0832835 0.0184308 0.996355 38 89 159
3.4725 2.9625 0.421814 0.0793276 0.0210049 0.996627 38 90 158
3.4725 2.9775 0.421282 0.0502752 0.0351715 0.998116 38 89 159
3.4725 2.9925 0.420302 0.0823486 -0.0879644 0.992714 40 86 155
3.4725 3.0075 0.423246 0.0565591 -0.215427 0.974881 51 85 133
3.4725 3.02012 0.4275 0.0186312 -0.314202 0.949173 47 65 87
3.4725 3.0225 0.428511 0.0445121 -0.215256 0.975543 46 62 78
3.4725 3.0375 0.431662 0.0861884 -0.186691 0.978631 45 56 55
3.4725 3.0525 0.433189 0.145777 -0.00471997 0.989306 41 51 51
3.4725 3.0675 0.433238 0.192091 0.125995 0.973256 41 48 47
3.4725 3.0825 0.428924 0.234595 0.207696 0.949646 40 44 42
3.4725 3.08634 0.4275 0.193002 0.282432 0.939671 41 45 42
3.46103 3.0975 0.4275 0.2422 0.29111 0.925524 45 44 37
3.4725 3.0975 0.424562 0.268501 0.336273 0.902678 45 45 41
3.4725 3.1125 0.417595 0.190982 0.537675 0.821238 46 46 37
3.4725 3.11705 0.4125 0.202936 0.735066 0.646911 50 50 42
3.4875 2.9025 0.422084 0.0448394 0.0473628 0.997871 39 88 155
3.4875 2.9175 0.421535 0.0531563 0.0243894 0.998288 37 88 154
3.4875 2.9325 0.421076 0.0565641 0.0118667 0.998328 36 88 154
3.4875 2.9475 0.420961 0.0413477 0.0132341 0.999057 37 88 155
3.4875 2.9625 0.4205 0.0303984 0.0236858 0.999257 39 88 157
3.4875 2.9775 0.42049 0.0331205 -0.0170579 0.999306 39 89 154
3.4875 2.9925 0.420583 -0.0200648 -0.0656752 0.997639 41 87 151
3.4875 3.0075 0.42332 0.0246277 -0.227967 0.973357 50 84 133
3.4875 3.02193 0.4275 0.0782281 -0.279185 0.957045 47 65 87
3.4875 3.0225 0.427686 0.0535335 -0.184009 0.981466 47 64 85
3.4875 3.0375 0.430136 0.0695858 -0.168511 0.983241 45 55 57
3.4875 3.0525 0.432538 0.166993 0.0525803 0.984555 42 52 51
3.4875 3.0675 0.428113 0.236137 0.174819 0.955865 37 47 46
3.4875 3.07595 0.4275 0.117296 0.0605065 0.991252 37 45 43
3.48484 3.0825 0.4275 0.0976739 0.210271 0.972752 38 44 41
3.4875 3.0825 0.427204 0.187628 0.339927 0.921545 38 43 40
3.4875 3.0975 0.417656 0.10799 0.287749 0.951598 38 42 36
3.4875 3.1125 0.416131 0.080951 0.379134 0.921794 45 44 35
3.4875 3.1158 0.4125 0.0179495 0.742536 0.669566 47 48 40
3.5025 2.9025 0.421818 0.00827206 0.0561214 0.99839 38 88 152
3.5025 2.9175 0.42027 0.0234526 0.0402536 0.998914 36 88 151
3.5025 2.9325 0.420685 0.0248958 -0.0089321 0.99965 35 87 152
3.5025 2.9475 0.420303 0.0254952 0.021268 0.999449 36 86 152
3.5025 2.9625 0.421142 0.0321378 -0.0171188 0.999337 38 87 153
3.5025 2.9775 0.419859 -0.0274498 -0.0154993 0.999503 41 86 149
3.5025 2.9925 0.421761 -0.0081102 -0.0776945 0.996944 42 87 144
3.5025 3.0075 0.423005 0.0109273 -0.154867 0.987875 50 85 129
3.48909 3.0225 0.4275 0.105861 -0.23962 0.965078 46 64 84
3.5025 3.0225 0.425739 0.0732167 -0.165927 0.983416 45 62 79
3.5025 3.0284 0.4275 0.222531 -0.230028 0.9474 45 58 68
3.5025 3.0375 0.42942 0.148404 -0.0909641 0.984734 45 55 57
3.5025 3.04562 0.4275 0.362759 0.194866 0.911281 41 51 52
3.49941 3.0525 0.4275 0.272572 0.138607 0.952099 39 48 48
3.5025 3.0525 0.426243 0.0729831 0.00775519 0.997303 38 47 47
3.49221 3.0675 0.4275 0.0879662 0.0460527 0.995058 36 47 46
3.5025 3.0675 0.426737 0.142428 0.174163 0.974362 36 46 45
3.5025 3.0825 0.422863 0.183639 0.171111 0.967986 36 43 40
3.5025 3.0975 0.419092 -0.0387546 0.213725 0.976125 40 42 37
3.5025 3.1125 0.418559 -0.0962443 0.335173 0.937228 48 44 35
3.5025 3.11765 0.4125 -0.0826236 0.988462 0.12695 49 46 39
3.5175 2.9025 0.421527 0.0492131 0.026911 0.998426 39 86 151
3.5175 2.9175 0.420907 -0.0136074 0.0352992 0.999284 38 86 150
3.5175 2.9325 0.420094 -0.0203546 -0.0046603 0.999782 36 86 148
3.5175 2.9475 0.42129 -0.0227276 0.0435344 0.998793 37 86 149
3.5175 2.9625 0.418577 0.00500197 -0.0299788 0.999538 39 85 146
3.5175 2.9775 0.421468 -0.0242202 -0.0621989 0.99777 43 85 145
3.5175 2.9925 0.421635 -0.0446948 -0.0448487 0.997993 46 84 135
3.5175 3.0075 0.422264 0.0279265 -0.10286 0.994304 48 78 111
3.5175 3.0225 0.425679 0.0801235 -0.0955477 0.992195 46 63 74
3.50814 3.0375 0.4275 0.30371 0.049635 0.951471 43 54 57
3.5175 3.0375 0.424508 0.0267564 -0.0829473 0.996195 40 53 59
3.5175 3.0525 0.427078 -0.102759 -0.0421545 0.993813 38 46 46
3.5175 3.0675 0.426076 -0.16928 0.193266 0.966433 37 45 43
3.5175 3.0825 0.41908 -0.135115 0.240907 0.961097 34 42 39
3.5175 3.0975 0.421111 0.00627715 0.0712305 0.99744 38 40 33
3.5175 3.1125 0.419562 -0.00869127 0.359142 0.933242 47 43 33
3.5175 3.11809 0.4125 0.0227132 0.999055 0.0370523 46 44 36
3.5025 3.1125 0.409677 -0.0500521 0.480332 -0.875657 40 39 32
3.5175 3.1125 0.40882 0.0236624 0.248702 -0.968291 35 36 29
3.5325 2.9025 0.420011 0.0256605 0.0372371 0.998977 38 85 149
3.5325 2.9175 0.420305 0.0358262 -0.0347228 0.998755 38 85 148
3.5325 2.9325 0.42154 -0.0121192 0.00262624 0.999923 37 84 145
3.5325 2.9475 0.420777 -0.0198908 0.000812561 0.999802 39 83 143
3.5325 2.9625 0.420269 -0.083393 -0.00577194 0.9965 43 82 136
3.5325 2.9775 0.421775 -0.0798776 -0.0997374 0.991802 46 82 130
3.5325 2.9925 0.422552 -0.0890858 -0.0299781 0.995573 50 80 117
3.5325 3.0075 0.423103 -0.0751237 -0.0224251 0.996922 49 70 93
3.5325 3.0225 0.423081 -0.0923273 -0.142632 0.98546 42 61 71
3.5325 3.03496 0.4275 -0.39452 -0.385488 0.834118 39 50 48
3.52944 3.0375 0.4275 -0.270677 -0.262087 0.926307 39 49 48
3.5325 3.0375 0.42924 -0.323277 -0.220346 0.920293 38 48 46
3.5196 3.0525 0.4275 -0.349251 -0.126208 0.928491 38 46 45
3.5325 3.0525 0.433175 -0.295467 -0.082676 0.951769 37 43 41
3.5214 3.0675 0.4275 -0.33928 0.0858457 0.93676 37 45 43
3.5325 3.0675 0.431176 -0.443246 0.0335589 0.895772 36 44 41
3.52626 3.0825 0.4275 -0.487115 0.250234 0.836721 37 43 39
3.5325 3.0825 0.430406 -0.494599 0.352362 0.794489 37 43 38
3.5325 3.08851 0.4275 -0.420466 0.495614 0.759983 38 43 36
3.5325 3.0975 0.421528 -0.24658 0.261259 0.933243 38 41 34
3.5175 3.0975 0.410959 0.0014405 -0.0870266 -0.996205 31 38 32
3.5325 3.0975 0.410152 -0.62496 0.0455198 -0.779328 31 38 34
3.5325 3.1125 0.40967 -0.0329421 0.301262 -0.952972 37 37 28
3.5325 3.1125 0.417908 0.129106 0.475382 0.870255 47 43 33
3.5325 3.11652 0.4125 0.186937 0.940583 0.283474 45 42 31
3.5475 2.9025 0.420594 -0.0221057 0.0293025 0.999326 38 83 144
3.5475 2.9175 0.420316 -0.046145 -0.0236527 0.998655 40 84 143
3.5475 2.9325 0.421008 -0.0423052 -0.0243185 0.998809 40 81 137
3.5475 2.9475 0.420641 -0.0555883 -0.021291 0.998227 43 81 128
3.5475 2.9625 0.421912 -0.0731179 -0.0463074 0.996248 47 80 124
3.5475 2.9775 0.42315 -0.0652922 -0.109866 0.9918 49 76 108
3.5475 2.9925 0.424744 -0.11102 -0.0494892 0.992585 52 71 93
3.5475 3.0075 0.424631 -0.18861 -0.0871831 0.978174 43 57 70
3.5475 3.01733 0.4275 -0.439573 -0.331299 0.834875 40 51 55
3.5443 3.0225 0.4275 -0.377848 -0.307603 0.873276 39 51 53
3.5475 3.0225 0.429885 -0.442516 -0.338952 0.830235 39 49 51
3.5475 3.0375 0.434964 -0.457375 -0.166349 0.873576 34 43 42
3.5475 3.0525 0.434658 -0.339423 -0.119609 0.932998 33 40 39
3.5475 3.0675 0.438612 -0.334309 -0.144818 0.931271 31 39 36
3.54075 3.0825 0.3975 -0.751459 0.262024 -0.605519 24 34 36
3.5325 3.07662 0.3975 -0.538524 0.755895 -0.372309 28 39 42
3.5325 3.0825 0.409431 -0.777673 0.325829 -0.537644 29 37 37
3.5475 3.0825 0.441621 -0.52976 0.228357 0.816828 29 36 30
3.5475 3.08237 0.4725 -0.708836 -0.682848 0.176833 27 36 34
3.54741 3.0825 0.4725 -0.942625 -0.331924 -0.035847 28 36 34
3.5475 3.0825 0.471721 -0.769352 -0.629349 -0.109619 27 36 33
3.5475 3.0825 0.472889 -0.870972 -0.432717 0.232731 28 36 34
3.5446 3.0975 0.3975 -0.454737 0.45073 -0.768151 27 35 34
3.5475 3.09632 0.4275 -0.375098 0.585103 0.718997 40 44 36
3.5475 3.0975 0.426693 -0.080173 0.654104 0.752144 41 44 36
3.5475 3.08901 0.4425 -0.969361 -0.2324 -0.0795554 32 36 29
3.54664 3.0975 0.4425 -0.974584 0.0561974 -0.216861 37 37 30
3.5475 3.0975 0.435196 -0.974759 -0.106526 -0.196208 38 40 33
3.5475 3.08762 0.4575 -0.946868 -0.313672 -0.0710696 27 32 28
3.54455 3.0975 0.4575 -0.977267 -0.16534 -0.132708 33 34 28
3.54188 3.0975 0.4725 -0.996748 -0.0792309 -0.014724 30 35 30
3.5475 3.1004 0.3975 -0.709297 0.644581 -0.285329 27 35 32
3.5475 3.0975 0.39292 -0.665193 0.444619 -0.59986 25 34 34
3.5475 3.10636 0.4125 -0.110083 0.989602 -0.0925749 41 43 37
3.53839 3.1125 0.4125 0.560631 0.828066 0 43 42 33
3.5475 3.09904 0.4425 -0.750851 0.548156 -0.368439 38 37 30
3.5445 3.1125 0.4575 -0.968777 0.201513 -0.144443 42 37 28
3.5475 3.1125 0.452623 -0.656851 0.509472 -0.555864 42 38 29
3.54445 3.1125 0.4725 -0.963797 0.264344 0.0349028 36 36 28
3.5475 3.11524 0.4575 -0.640597 0.712852 -0.285442 41 36 28
3.5475 3.11573 0.4725 -0.668301 0.743638 0.0193985 35 36 29
3.5625 2.9025 0.420649 -0.0600145 -0.0157323 0.998074 42 82 136
3.5625 2.9175 0.421394 -0.0818451 -0.0338194 0.996071 43 80 132
3.5625 2.9325 0.422405 -0.087921 -0.0542416 0.99465 44 78 123
3.5625 2.9475 0.422712 -0.122127 -0.0195684 0.992322 47 77 114
3.5625 2.9625 0.423585 -0.10143 -0.0313454 0.994349 47 72 98
3.5625 2.9775 0.423258 -0.144672 -0.107037 0.983673 43 61 78
3.5625 2.9925 0.426059 -0.139273 -0.132894 0.981296 40 52 59
3.5625 2.99748 0.4275 -0.460265 -0.333349 0.822821 39 49 55
3.55524 3.0075 0.4275 -0.399092 -0.301354 0.865974 40 50 57
3.5625 3.0075 0.43183 -0.468107 -0.349921 0.811438 37 46 52
3.5625 3.0225 0.43822 -0.473441 -0.32462 0.818826 31 41 45
3.5625 3.0339 0.4425 -0.729465 -0.416109 0.542895 27 38 46
3.56046 3.0375 0.4425 -0.698577 -0.216626 0.681955 27 38 46
3.5625 3.0375 0.445705 -0.840684 -0.344481 0.417832 27 39 50
3.55813 3.0525 0.4425 -0.779643 -0.0302776 0.625492 30 39 42
3.5625 3.05203 0.4575 -0.887137 -0.329774 0.322857 33 47 53
3.56237 3.0525 0.4575 -0.970764 -0.120212 0.207765 33 47 53
3.5625 3.0525 0.457909 -0.914251 -0.292688 0.28014 33 47 53
3.55893 3.0675 0.4425 -0.814176 -0.217089 0.538507 26 35 34
3.56011 3.0675 0.4575 -0.902343 -0.424833 0.072756 25 36 33
3.5625 3.06642 0.4725 -0.920172 -0.363075 0.146495 27 37 33
3.56185 3.0675 0.4725 -0.823606 -0.56405 0.0593351 27 36 32
3.54931 3.0825 0.4425 -0.883781 -0.394704 0.251277 28 36 30
3.54952 3.0825 0.4575 -0.830974 -0.556187 -0.01176 25 32 28
3.55845 3.0975 0.3825 -0.635647 0.387314 -0.667788 18 25 25
3.5475 3.0852 0.3825 -0.587592 0.523137 -0.617304 14 23 24
3.54907 3.0975 0.4275 -0.816055 0.576513 0.0410722 40 44 36
3.5625 3.10982 0.3825 -0.72558 0.378879 -0.574443 16 18 16
3.55947 3.1125 0.3975 -0.787082 0.587485 -0.18805 23 21 12
3.5625 3.1125 0.384719 -0.823197 0.508117 -0.253307 16 18 14
3.55381 3.1125 0.4125 -0.67705 0.708901 0.197643 44 44 36
3.56192 3.1125 0.4275 -0.831803 0.553728 -0.0385851 48 48 41
3.5574 3.1125 0.4425 -0.790673 0.519746 -0.323575 38 37 31
3.5625 3.12415 0.3975 -0.96568 0.251409 -0.0652337 36 35 26
3.5625 3.11971 0.4125 -0.68558 0.708693 0.166535 47 46 37
3.5625 3.11323 0.4275 -0.182893 0.974462 0.130286 48 48 41
3.5775 2.9025 0.422378 -0.139092 -0.0486446 0.989084 46 80 124
3.5775 2.9175 0.423518 -0.163374 -0.0451321 0.985531 46 75 112
3.5775 2.9325 0.423341 -0.155703 -0.037319 0.987099 46 70 95
3.5775 2.9475 0.424923 -0.125478 -0.0400365 0.991288 46 66 85
3.5775 2.9625 0.424702 -0.184541 -0.0760241 0.97988 41 56 65
3.5775 2.97358 0.4275 -0.448157 -0.293574 0.844375 38 50 54
3.57471 2.9775 0.4275 -0.341795 -0.221428 0.913316 38 51 55
3.5775 2.9775 0.429096 -0.458268 -0.27662 0.844672 37 49 53
3.566 2.9925 0.4275 -0.416612 -0.246056 0.875152 38 49 54
3.5775 2.9925 0.434178 -0.473267 -0.326939 0.818003 34 44 49
3.5775 3.0075 0.440453 -0.481768 -0.349952 0.803389 29 40 48
3.5775 3.01163 0.4425 -0.684237 -0.471895 0.555999 27 40 49
3.56936 3.0225 0.4425 -0.658476 -0.48803 0.572919 27 40 48
3.5775 3.0225 0.452605 -0.68313 -0.530829 0.501552 27 44 63
3.5775 3.0258 0.4575 -0.747593 -0.595806 0.293462 27 46 68
3.56795 3.0375 0.4575 -0.826399 -0.446192 0.343477 29 46 64
3.5775 3.03013 0.4725 -0.812993 -0.568421 0.12625 27 49 75
3.57223 3.0375 0.4725 -0.860525 -0.475963 0.181541 29 49 72
3.56667 3.0525 0.4725 -0.926459 -0.313083 0.20893 30 43 50
3.5775 3.09266 0.4275 0.678096 0.726164 0.113456 36 46 43
3.5714 3.0975 0.4275 0.758051 0.387644 0.524491 37 45 41
3.5775 3.0975 0.42485 0.203018 0.160423 0.965944 41 51 49
3.5775 3.09245 0.4425 0.690914 0.722922 -0.00466153 35 44 41
3.57192 3.0975 0.4425 0.929728 0.356047 -0.0940048 35 43 39
3.5775 3.09277 0.4575 0.688416 0.725289 -0.0063092 36 44 42
3.57207 3.0975 0.4575 0.963342 0.267831 -0.0154725 36 43 42
3.5775 3.09266 0.4725 0.61846 0.69589 -0.365027 38 46 42
3.57211 3.0975 0.4725 0.942862 0.324752 -0.0744794 37 46 41
3.5775 3.0975 0.478512 0.483426 0.623498 -0.614451 37 46 43
3.56635 3.1125 0.4275 0.990397 0.11666 -0.0741864 46 47 42
3.5775 3.1125 0.424072 0.527494 0.470385 0.707452 42 47 46
3.5716 3.1125 0.4425 0.978796 -0.135066 -0.154 37 41 40
3.57218 3.1125 0.4575 0.996366 -0.0524629 0.0671052 36 45 44
3.5709 3.1125 0.4725 0.988995 0.0979858 0.110851 36 46 44
3.56463 3.1125 0.3675 -0.458465 0.888282 -0.0276504 16 25 26
3.5775 3.11941 0.3675 -0.473229 0.880865 -0.0114661 18 24 20
3.5632 3.1125 0.3825 -0.444756 0.894646 -0.0424303 15 17 14
3.5775 3.11961 0.3825 -0.458465 0.888282 -0.0276504 22 21 13
3.5925 2.9025 0.425547 -0.205441 -0.0632699 0.976622 50 71 98
3.5925 2.9175 0.425957 -0.201072 -0.0644102 0.977457 48 66 82
3.5925 2.9325 0.427407 -0.232207 -0.0174586 0.97251 45 60 69
3.5925 2.9475 0.42699 -0.213804 -0.0518663 0.975499 39 51 53
3.5925 2.94944 0.4275 -0.508191 -0.311055 0.803111 38 49 52
3.58471 2.9625 0.4275 -0.440344 -0.273935 0.855018 38 50 52
3.5925 2.9625 0.432548 -0.504134 -0.284905 0.815278 36 46 49
3.5925 2.9775 0.436777 -0.498436 -0.285682 0.818503 32 42 49
3.5925 2.991 0.4425 -0.731966 -0.392928 0.556627 28 40 53
3.59144 2.9925 0.4425 -0.578989 -0.426512 0.694881 28 40 53
3.5925 2.9925 0.443801 -0.762261 -0.476755 0.437792 28 41 55
3.58034 3.0075 0.4425 -0.653819 -0.464527 0.597274 28 40 50
3.5925 3.00475 0.4575 -0.81946 -0.504071 0.272758 27 47 71
3.59072 3.0075 0.4575 -0.771428 -0.541397 0.334346 27 47 71
3.5925 3.0075 0.469968 -0.821948 -0.557792 0.115195 26 48 77
3.58037 3.0225 0.4575 -0.771575 -0.537094 0.340884 27 46 69
3.5925 3.00798 0.4725 -0.830188 -0.546418 0.110527 25 48 78
3.58254 3.0225 0.4725 -0.816231 -0.563744 0.126333 25 48 77
3.5925 3.07922 0.4275 0.214188 0.970556 0.110204 37 48 50
3.58779 3.0825 0.4275 0.635941 0.70137 0.321962 34 44 44
3.5925 3.0825 0.42503 0.137832 0.4532 0.880688 38 48 49
3.5925 3.07948 0.4425 -0.0200643 0.999747 -0.0102034 36 48 50
3.5876 3.0825 0.4425 0.658563 0.752525 0.000747186 34 45 44
3.5925 3.07969 0.4575 -0.0115411 0.999931 -0.00232471 38 48 52
3.5878 3.0825 0.4575 0.656202 0.754498 -0.0115163 35 45 45
3.5925 3.07977 0.4725 0.017942 0.999706 0.0163126 39 47 50
3.58807 3.0825 0.4725 0.774183 0.610303 -0.167844 38 45 46
3.5925 3.0975 0.42389 0.572436 0.327991 0.751491 39 50 48
3.5925 3.09965 0.4125 0.711972 0.682572 0.164895 41 51 51
3.58084 3.1125 0.4125 0.870945 0.429156 0.239332 45 53 53
3.60244 2.9025 0.4275 -0.214096 -0.0774528 0.973737 47 61 75
3.5971 2.9175 0.4275 -0.313245 -0.104761 0.943876 48 63 73
3.59288 2.9325 0.4275 -0.350175 -0.0495992 0.93537 44 60 68
3.59393 2.9475 0.4275 -0.447659 -0.0997865 0.888619 38 49 51
3.59972 2.9775 0.4425 -0.740413 -0.405806 0.535826 29 40 53
3.59997 2.9925 0.4575 -0.822244 -0.485834 0.296444 27 47 72
3.60268 2.9925 0.4725 -0.851124 -0.517981 0.0853461 26 49 81
3.5928 3.0075 0.4725 -0.848654 -0.522341 0.0833468 25 48 78
3.59532 3.0825 0.4275 -0.520528 0.851621 0.0615727 39 50 52
3.59553 3.0825 0.4425 -0.482845 0.875321 0.0259586 38 50 52
3.59628 3.0825 0.4575 -0.428656 0.903205 0.0217773 39 49 52
3.59663 3.0825 0.4725 -0.428048 0.903755 -0.00113775 40 49 52
3.6075 3.08952 0.4125 0.527197 0.848722 0.0416489 37 48 51
3.59465 3.0975 0.4125 0.378903 0.785025 0.490069 41 51 50
3.6075 3.08878 0.4275 -0.161127 0.913019 0.374745 42 55 58
3.6075 3.08819 0.4425 -0.439036 0.897758 0.0357332 41 53 55
3.3825 2.71644 0.0075 0.156559 -0.0638054 0.985606 60 36 21
3.3793 2.7225 0.0075 -0.11483 -0.0361151 0.992728 59 36 21
3.3825 2.7225 0.00780962 4.92104e-18 0 1 58 36 20
3.3825 2.72569 0.0075 -0.0817426 0.109182 0.990655 58 35 20
3.3825 2.74991 0.0075 0.0793282 -0.103933 0.991416 57 37 22
3.3825 2.7525 0.00776147 0.119718 -0.141904 0.982614 57 37 22
3.3675 2.7525 0.00990105 0.0448911 -0.150394 0.987606 61 40 25
3.3825 2.7675 0.00990883 0.159919 -0.148771 0.975855 54 34 20
3.3675 2.7675 0.0117233 0.185569 -0.399402 0.897799 54 34 20
3.36857 2.7825 0.0225 0.385537 -0.685439 0.617685 39 25 21
3.3675 2.78129 0.0225 0.346613 -0.570466 0.744599 39 25 21
3.3825 2.7825 0.013898 0.336441 -0.528608 0.779347 50 33 22
3.3675 2.7825 0.0232604 0.388132 -0.755979 0.527114 38 25 22
3.3825 2.78972 0.0225 0.386235 -0.746552 0.54174 79 70 66
3.37816 2.7975 0.0375 0.715296 -0.580123 0.389626 124 123 125
3.3675 2.79241 0.0375 0.352257 -0.77185 0.529304 139 142 147
3.3825 2.7975 0.0342152 0.634183 -0.103158 0.766271 101 98 97
3.3675 2.7975 0.046434 0.110959 -0.557666 0.822616 176 182 187
3.3825 2.79554 0.2325 0.0150557 -0.764277 -0.644712 35 36 30
3.3675 2.79633 0.2325 -0.456422 -0.821455 -0.341893 34 37 30
3.3825 2.7975 0.230068 -0.0290229 -0.797856 -0.602149 38 40 34
3.3675 2.7975 0.231276 -0.157964 -0.736413 -0.657832 35 38 31
3.3825 2.80657 0.0225 0.48877 0.716102 0.498299 162 164 167
3.37637 2.8125 0.0225 0.983315 -0.0499361 -0.174925 116 122 125
3.3825 2.80125 0.0375 0.700852 -0.692028 0.172924 103 101 101
3.3825 2.8125 0.0290598 0.643943 -0.488079 -0.589165 161 167 169
3.37886 2.8125 0.0525 0.758341 -0.648411 0.066956 100 102 100
3.3675 2.80297 0.0525 0.118376 -0.922081 0.368447 109 113 116
3.3825 2.8125 0.0489429 0.660796 -0.432146 0.613676 127 130 127
3.3825 2.80821 0.0675 0.22005 -0.974176 -0.0505799 57 55 45
3.3675 2.80845 0.0675 -0.183169 -0.96074 0.208393 45 48 44
3.3825 2.8125 0.0553755 0.0268757 0.107939 -0.993794 117 119 114
3.3825 2.80906 0.0825 0.0834869 -0.983852 0.158322 65 63 51
3.3675 2.81131 0.0825 -0.135497 -0.978589 0.154932 16 20 16
3.3825 2.81227 0.0975 0.0307788 -0.986977 0.15789 104 100 88
3.36788 2.8125 0.0975 -0.55568 2.23686e-16 0.831397 11 13 10
3.3675 2.8125 0.097381 -0.973226 0 0.229852 9 11 8
3.3825 2.8125 0.0991267 0 0 1 107 103 91
3.3825 2.8068 0.2175 -0.203732 -0.796756 -0.568922 31 35 30
3.3675 2.81169 0.2175 -0.272721 -0.675763 -0.684812 33 37 33
3.3825 2.8125 0.202873 -0.356569 -0.84726 -0.393711 28 33 27
3.3675 2.8125 0.216457 -0.641043 -0.337428 -0.689352 33 37 33
3.3825 2.81738 0.0225 0.0869792 -0.985151 0.148028 136 141 142
3.37645 2.8275 0.0525 0.384018 0.661669 0.643991 16 18 10
3.3825 2.8275 0.0516169 -0.195442 0.269747 0.942889 16 21 13
3.3825 2.82552 0.0675 -0.561262 0.771915 -0.29855 20 23 17
3.3675 2.81651 0.0675 -0.184052 0.944751 0.27124 15 17 13
3.3675 2.8275 0.053749 -4.24301e-17 0.79512 0.606452 16 14 7
3.38092 2.8275 0.0825 -0.744301 0.600128 0.293023 16 20 15
3.3675 2.814 0.0825 -0.549958 0.819247 0.162423 6 10 7
3.3825 2.8275 0.0745724 -0.710916 0.684122 -0.16302 15 18 13
3.3825 2.81631 0.0975 -0.519952 0.733937 0.437021 80 78 69
3.3825 2.8275 0.0906169 0.219006 -0.592881 0.774938 13 17 14
3.3825 2.82035 0.1275 -1.6241e-16 -1 0 56 54 49
3.38095 2.8275 0.1275 -1 -1.91592e-17 0 13 13 10
3.3825 2.8275 0.125164 -1.46109e-17 0 -1 13 14 11
3.3825 2.8275 0.136445 0 0 1 15 14 11
3.3825 2.81377 0.2025 -0.761877 0.0215373 -0.647364 28 33 27
3.38003 2.8275 0.2025 -0.822183 -0.126983 -0.554879 28 33 30
3.3825 2.8275 0.199643 -0.576234 -0.390382 -0.718022 27 33 29
3.37103 2.8275 0.2175 -0.836738 0.0188756 -0.547278 23 29 25
3.3675 2.81561 0.2175 -0.796475 0.230944 -0.558831 31 35 31
3.3765 2.8425 0.0225 -0.519096 0.693379 0.499765 43 32 22
3.3675 2.83503 0.0225 -0.533741 0.736604 0.415374 38 29 20
3.3675 2.8425 0.0123421 -0.455009 0.564455 0.688736 50 35 24
3.3825 2.83581 0.0375 -0.306573 0.853749 0.420862 30 28 21
3.3675 2.83083 0.0375 -0.439075 0.877068 0.194846 22 18 11
3.3825 2.8425 0.0275844 -0.341989 0.780704 0.523015 41 31 22
3.3675 2.82796 0.0525 -0.249812 0.925515 0.284631 16 14 7
3.3825 2.82913 0.0825 -0.620237 0.764144 0.177174 18 21 16
3.3825 2.82818 0.1275 -1.01506e-17 1 0 14 14 12
3.37797 2.8425 0.2025 -0.839459 0.0807138 -0.537395 18 22 19
3.3825 2.8425 0.197425 -0.748244 0.0327976 -0.662613 18 23 19
3.37231 2.8425 0.2175 -0.935058 -0.0368856 -0.352571 11 16 12
3.3825 2.85646 0.0075 -0.268877 0.753343 0.60015 45 31 20
3.3825 2.84648 0.0225 -0.372187 0.729752 0.573533 41 30 21
3.3825 2.8508 0.2025 -0.713398 0.389792 -0.582345 11 16 11
3.36984 2.8575 0.2175 -0.736259 0.345854 -0.581641 16 18 13
3.3825 2.8575 0.207465 -0.531411 0.574883 -0.622184 11 15 10
3.3825 2.86215 0.2175 -0.316063 0.860927 -0.398634 15 16 13
3.38395 2.7225 0.0075 0.209795 0.0603003 0.975884 58 36 20
3.38618 2.7525 0.0075 0.0705173 -0.11355 0.991027 57 36 21
3.3975 2.75928 0.0075 0.170226 -0.113445 0.978853 52 32 18
3.3975 2.7675 0.00836997 0.111462 -0.0648056 0.991653 51 31 18
3.3975 2.7825 0.00799536 0.319334 -0.414946 0.851966 53 35 21
3.39708 2.7975 0.0225 0.627647 0 0.778498 48 36 31
3.3975 2.7975 0.0221218 0.269589 -0.527049 0.805941 46 34 28
3.38988 2.7975 0.2325 0.202367 -0.762739 -0.614228 37 38 32
3.3975 2.79798 0.0225 0.122092 -0.65809 0.742974 48 37 32
3.38889 2.8125 0.0225 -0.654264 -0.477194 0.586706 167 170 171
3.3825 2.8125 0.0121583 -0.452231 -0.0099814 0.891845 175 182 188
3.39165 2.8125 0.0375 0.706079 -0.662025 0.251346 125 126 120
3.3975 2.8125 0.0318147 -0.300397 -0.473035 0.82825 130 128 121
3.3975 2.81167 0.0675 0.204128 -0.975248 -0.0849922 172 164 146
3.3975 2.8125 0.0581926 0.438417 -0.707136 -0.554751 169 163 147
3.38899 2.8125 0.0825 0.697238 -0.45136 0.556896 100 97 82
3.3975 2.8125 0.0696949 0.56032 -0.74442 0.363152 175 168 149
3.38279 2.8125 0.0975 0.9235 0.15802 0.349537 104 101 89
3.3975 2.80904 0.2025 -0.186862 -0.777078 -0.601026 41 44 37
3.38308 2.8125 0.2025 -0.280351 -0.357427 -0.89087 29 33 27
3.3975 2.8125 0.198023 -0.415371 -0.607636 -0.676939 43 45 39
3.3975 2.82424 0.0375 0.0967778 -0.929701 0.355372 35 41 37
3.3975 2.8235 0.0525 0.105257 -0.891555 -0.440512 52 57 53
3.39157 2.8275 0.0525 -0.980325 -0.175405 0.0905291 14 21 17
3.38397 2.8275 0.0675 -0.808633 0.521402 -0.272492 15 18 12
3.3975 2.82033 0.0825 0.177536 -0.917009 0.357176 84 80 65
3.3975 2.82446 0.0975 -0.214842 -0.965908 0.144446 37 37 28
3.38528 2.8275 0.0975 -0.775221 0.524216 0.352462 10 14 11
3.3975 2.82514 0.1125 -0.208189 -0.968426 0.137143 41 39 31
3.39354 2.8275 0.1125 -0.641552 -0.71596 0.27534 20 21 15
3.38835 2.8275 0.1275 1 0 0 23 22 18
3.3975 2.8275 0.120816 -0.852014 0.353366 0.386271 32 30 24
3.3975 2.82152 0.1875 -0.414434 -0.826708 -0.380523 35 39 34
3.39065 2.8275 0.1875 -0.725818 -0.399767 -0.559799 28 32 27
3.3975 2.8275 0.178938 -0.644824 -0.536795 -0.544108 45 49 44
3.3975 2.8424 0.0375 -0.56371 0.785854 0.254293 21 22 16
3.3975 2.8425 0.0374887 -0.326239 0.806071 0.49378 21 22 16
3.3941 2.8425 0.0525 -0.836273 0.548307 0.00270165 24 22 16
3.3975 2.8425 0.0375226 -0.674013 0.72268 -0.153102 21 22 16
3.39638 2.8425 0.0675 -0.751263 0.658396 0.0460231 15 14 9
3.39595 2.8425 0.0825 -0.7107 0.690517 0.134508 14 14 9
3.3975 2.83248 0.0975 -0.61401 0.731913 0.295458 12 14 7
3.3975 2.8425 0.0841737 -0.720568 0.586637 0.369647 13 13 8
3.3975 2.83023 0.1125 -0.721221 0.68058 0.129039 23 22 16
3.38997 2.8425 0.1875 -0.83021 -0.00400683 -0.557437 25 31 27
3.3975 2.8425 0.177716 -0.78778 -0.0546475 -0.613528 28 33 29
3.38523 2.8575 0.0075 -0.302346 0.681508 0.666433 45 31 20
3.3975 2.85159 0.0225 -0.386223 0.778692 0.494439 31 24 15
3.3975 2.8575 0.0129301 -0.463251 0.628579 0.624729 43 31 21
3.3975 2.84558 0.0525 -0.383498 0.919276 0.0886617 23 21 14
3.3975 2.84347 0.0675 -0.332155 0.942177 -0.0444521 18 17 11
3.3975 2.84321 0.0825 -0.493087 0.869963 0.00540885 17 16 11
3.39157 2.8575 0.1875 -0.826837 0.397773 -0.39764 15 19 14
3.3975 2.8575 0.175813 -0.847725 0.15029 -0.5087 24 27 23
3.3975 2.86639 0.0075 -0.376202 0.591672 0.713019 42 28 19
3.3975 2.86549 0.1875 -0.730883 0.542971 -0.413511 12 16 10
3.38619 2.8575 0.2025 -0.855469 0.417235 -0.306737 9 13 8
3.3935 2.8725 0.2025 -0.810666 0.509182 -0.289056 13 17 11
3.3975 2.8725 0.19551 -0.7199 0.544885 -0.429935 13 17 11
3.3975 2.8765 0.2025 -0.707107 0.707107 0 13 17 11
3.3975 2.8725 0.211646 -0.675614 0.675614 0.295114 12 17 11
3.40092 2.7675 0.0075 0.23605 -0.00521999 0.971727 51 31 17
3.39941 2.7825 0.0075 0.226456 -0.232485 0.945869 53 35 21
3.4125 2.78858 0.0075 0.269856 -0.440103 0.856439 53 35 24
3.4125 2.7975 0.0121204 0.45041 -0.494181 0.743583 52 34 25
3.40476 2.7975 0.2475 0.639262 -0.676259 -0.366084 87 88 81
3.3975 2.79064 0.2475 0.639262 -0.676259 -0.366084 23 23 16
3.3975 2.7975 0.234831 0.639262 -0.676259 -0.366084 35 36 30
3.4125 2.8096 0.0225 0.584532 -0.603852 0.541928 47 33 24
3.4125 2.8125 0.0310616 0.401245 -0.767229 0.500361 61 50 37
3.39857 2.8125 0.0675 0.541017 -0.800473 0.257959 176 168 150
3.4125 2.80543 0.2025 -0.177654 -0.766926 -0.616656 30 31 24
3.4125 2.8125 0.193872 -0.172821 -0.761651 -0.624516 42 44 39
3.4125 2.8178 0.0375 -0.0382583 -0.861757 0.505877 113 106 89
3.4125 2.82508 0.0525 0.0998433 -0.989383 0.10561 167 164 144
3.4125 2.82154 0.0675 0.284567 -0.955034 -0.0832594 138 130 107
3.4125 2.82175 0.0825 0.120104 -0.992022 0.0383159 98 92 72
3.4125 2.82224 0.0975 0.032975 -0.995292 0.0911362 95 89 74
3.4125 2.82312 0.1125 0.0698847 -0.990303 0.120071 90 84 73
3.4125 2.82569 0.1275 0.0466437 -0.98085 0.189096 138 136 129
3.40201 2.8275 0.1275 -0.826942 -0.0614726 0.558917 74 72 65
3.4125 2.8275 0.136423 -0.179922 -0.275861 0.944208 143 143 137
3.4125 2.82116 0.1725 -0.379438 -0.852811 -0.358805 29 32 27
3.40236 2.8275 0.1725 -0.673023 -0.327294 -0.663263 48 52 47
3.4125 2.8275 0.163342 -0.615395 -0.396584 -0.681183 88 91 86
3.4125 2.81913 0.1875 -0.156086 -0.978846 -0.132279 40 44 39
3.39751 2.8425 0.0375 -0.583929 0.795985 0.159485 21 22 16
3.40408 2.8425 0.0975 -0.79514 0.588769 0.145272 17 15 7
3.4047 2.8425 0.1125 -0.80503 0.559994 0.195791 23 20 13
3.40888 2.8425 0.1275 -0.801264 0.387822 0.455599 20 20 14
3.4125 2.8425 0.134328 -0.257923 0.540827 0.800613 21 22 16
3.40121 2.8425 0.1725 -0.724631 -0.0286934 -0.68854 29 33 30
3.4125 2.8425 0.160074 -0.719403 -0.0591903 -0.692067 27 31 27
3.40567 2.8575 0.0225 -0.523408 0.724502 0.448487 41 31 22
3.4125 2.8535 0.0375 -0.518314 0.819777 0.243549 31 27 20
3.4125 2.8575 0.0300638 -0.569829 0.69846 0.432955 40 31 23
3.4125 2.84974 0.0525 -0.508635 0.83806 0.197347 28 30 26
3.4125 2.84586 0.0675 -0.468978 0.881645 0.0525461 29 30 26
3.4125 2.85126 0.0825 -0.338412 0.928802 -0.151011 39 36 26
3.4125 2.85209 0.0975 -0.487198 0.871798 0.0510457 35 31 23
3.4125 2.85171 0.1125 -0.403298 0.889102 0.216447 33 32 26
3.4125 2.84513 0.1275 -0.378225 0.859191 0.344582 27 27 22
3.40012 2.8575 0.1725 -0.772058 0.0827627 -0.63014 26 29 26
3.4125 2.8575 0.16056 -0.709251 -0.0323491 -0.704213 24 28 25
3.4125 2.87186 0.0075 -0.242825 0.767094 0.593804 43 29 21
3.4125 2.8628 0.0225 -0.510893 0.716795 0.474545 42 30 22
3.40688 2.8725 0.1725 -0.735457 0.637217 -0.230343 12 15 8
3.4125 2.8725 0.159161 -0.802302 0.264389 -0.535173 19 21 15
3.4125 2.8777 0.1725 -0.670818 0.725042 -0.155939 11 15 9
3.40378 2.8725 0.1875 -0.568882 0.813965 -0.117618 12 15 10
3.4125 2.8786 0.1875 -0.61638 0.782619 -0.0870864 11 13 9
3.42457 2.7975 0.0075 0.349687 -0.231422 0.907834 51 32 23
3.4275 2.81125 0.0075 0.268083 -0.32769 0.905953 56 40 32
3.41591 2.8125 0.0225 0.708083 -0.510209 0.488165 46 33 22
3.4275 2.8125 0.00767969 0.319976 -0.61252 0.722796 57 41 33
3.42482 2.8275 0.0225 0.72235 -0.690635 -0.0351305 53 47 29
3.4275 2.8275 0.0205518 0.227463 -0.637273 0.736304 53 45 26
3.4275 2.82291 0.0375 0.443399 -0.884511 0.145042 106 92 69
3.4275 2.8275 0.0255826 0.361494 -0.878076 -0.313536 58 49 27
3.41717 2.8275 0.0525 0.299787 -0.924452 -0.23562 173 169 147
3.4275 2.8275 0.0463034 0.331872 -0.829901 0.448469 142 132 106
3.4275 2.8221 0.0675 0.257435 -0.946629 -0.19396 128 116 91
3.4275 2.8275 0.0563468 0.490434 -0.760079 -0.426326 147 137 111
3.4275 2.8235 0.0825 0.281396 -0.956794 0.0732214 135 125 106
3.4275 2.82499 0.0975 0.284912 -0.953694 0.096403 93 83 72
3.42461 2.8275 0.1125 0.538756 -0.810625 0.22941 86 82 71
3.4275 2.8275 0.107558 0.561654 -0.761914 0.322539 88 82 71
3.41612 2.8275 0.1275 0.56206 -0.742646 0.364095 135 133 126
3.4275 2.82853 0.0225 0.0452834 -0.997925 0.0457789 39 32 12
3.4275 2.8306 0.0525 0.147515 -0.978513 0.144053 122 115 93
3.4275 2.83333 0.1125 0.658108 -0.677902 0.327632 62 60 51
3.4275 2.83534 0.1275 0.656385 -0.696765 0.289271 61 60 54
3.4275 2.8425 0.134062 0.404855 -0.149014 0.902157 38 39 37
3.41707 2.8575 0.0375 -0.649122 0.735194 0.195269 32 27 20
3.41816 2.8575 0.0525 -0.721236 0.684469 0.106403 31 28 20
3.42141 2.8575 0.0675 -0.743411 0.614695 0.26361 38 33 23
3.4275 2.85568 0.0825 -0.497433 0.867017 -0.0290102 32 32 24
3.4275 2.8575 0.0806089 -0.667533 0.658539 0.347456 27 28 20
3.42069 2.8575 0.0975 -0.628348 0.763837 0.147419 32 29 21
3.4275 2.8575 0.086896 -0.570202 0.747475 -0.340808 25 26 18
3.4275 2.85256 0.1125 -0.180244 0.911166 0.370525 29 30 24
3.4275 2.8575 0.108865 -0.130719 0.635649 0.76083 27 26 21
3.4275 2.84673 0.1275 -0.0652809 0.912005 0.404951 43 44 40
3.4275 2.8495 0.1425 -0.417443 -0.514139 -0.749268 33 36 34
3.41764 2.8575 0.1425 -0.611408 -0.142707 -0.778341 39 42 38
3.4275 2.8575 0.137008 -0.461459 -0.317838 -0.828272 37 40 37
3.4162 2.8725 0.0075 -0.529861 0.748502 0.398738 45 30 23
3.42518 2.8725 0.0225 -0.560897 0.732135 0.386487 50 38 26
3.4275 2.86564 0.0375 -0.572783 0.753151 0.323547 48 43 34
3.4275 2.8725 0.0247521 -0.487207 0.696827 0.526367 55 43 31
3.4275 2.86458 0.0525 -0.532214 0.844846 0.0546281 62 54 40
3.4275 2.86359 0.0675 -0.548673 0.816791 0.178354 50 43 31
3.4275 2.86302 0.0975 -0.44842 0.889299 -0.0898153 28 26 19
3.42066 2.8725 0.1425 -0.754669 0.469455 -0.458352 25 28 22
3.4275 2.8725 0.133672 -0.680541 0.125315 -0.721914 28 30 25
3.4275 2.88127 0.0075 -0.461069 0.705547 0.538163 47 31 21
3.4275 2.87471 0.0225 -0.45466 0.793911 0.40372 52 39 27
3.4275 2.88148 0.1425 -0.711516 0.542243 -0.446897 21 23 17
3.41362 2.8725 0.1575 -0.773284 0.520116 -0.362644 20 22 16
3.4425 2.80341 0.0075 -0.0495113 -0.394171 0.917703 49 28 14
3.4425 2.8125 0.0123736 -0.0056523 -0.593549 0.804778 47 27 9
3.4425 2.82035 0.0225 0.185969 -0.786967 0.588302 78 59 35
3.43062 2.8275 0.0225 -0.395897 -0.768777 0.502242 53 43 21
3.43777 2.8275 0.0375 0.380061 -0.918888 0.105821 139 124 97
3.4425 2.8275 0.0327259 0.106244 -0.881637 0.459813 130 114 87
3.43345 2.8275 0.0675 0.657132 -0.752266 -0.047686 123 113 91
3.43172 2.8275 0.0825 0.64026 -0.766159 0.0553808 117 109 93
3.43051 2.8275 0.0975 0.618193 -0.779117 0.103989 85 77 65
3.4425 2.82916 0.0375 0.452117 -0.84904 0.273351 143 128 102
3.4425 2.82942 0.0525 0.473415 -0.873291 0.115071 127 114 90
3.4425 2.83534 0.0675 0.584791 -0.800266 0.132646 143 135 116
3.4425 2.83635 0.0825 0.621215 -0.783493 0.0151924 124 120 109
3.4425 2.8369 0.0975 0.587937 -0.785953 0.191331 115 113 105
3.43874 2.8425 0.1125 0.743398 -0.443264 0.500875 117 117 114
3.4425 2.8425 0.111027 0.578791 -0.321207 0.749551 148 148 146
3.4325 2.8425 0.1275 0.776015 -0.541887 0.322738 62 63 59
3.42922 2.8575 0.0825 -0.473734 0.880506 0.0168746 27 28 20
3.4425 2.8575 0.108524 0.507101 0.330867 0.795849 25 27 23
3.4425 2.87007 0.0525 -0.446831 0.89253 -0.0610953 38 34 24
3.43917 2.8725 0.0675 -0.597127 0.756089 0.267895 59 51 39
3.4425 2.8725 0.058499 -0.588916 0.759091 -0.277414 45 40 29
3.4425 2.864 0.0825 -0.500112 0.864421 0.0516163 42 43 35
3.4425 2.8725 0.0708289 -0.594215 0.602531 0.53279 53 48 39
3.4425 2.86839 0.0975 0.0489276 0.911102 0.409267 41 42 38
3.4425 2.88129 0.0225 -0.371898 0.816297 0.441986 80 68 50
3.44128 2.8725 0.0375 -0.435905 0.787774 0.4352 48 42 30
3.4425 2.87318 0.0375 -0.394794 0.789334 0.470202 49 42 30
3.4425 2.8725 0.0397764 -0.468544 0.84676 0.251921 45 39 28
3.4425 2.87592 0.0675 -0.68029 0.729652 0.0693881 49 42 31
3.4575 2.71746 0.0075 0.00727265 -0.216071 0.976351 54 36 19
3.45341 2.7225 0.0075 -0.264392 -0.104583 0.958728 56 36 20
3.4575 2.7225 0.0084666 -0.0283205 -0.0311638 0.999113 55 36 20
3.4541 2.7375 0.0075 -0.252217 0.0310522 0.967172 53 35 19
3.4575 2.7375 0.00824753 0.0411629 0.0452956 0.998125 52 34 17
3.4575 2.74013 0.0075 -0.139927 0.311008 0.94005 53 35 18
3.4575 2.80362 0.0075 -0.123755 -0.251347 0.959953 53 30 10
3.4575 2.8125 0.00946942 0.0486348 -0.188341 0.980899 63 40 17
3.44665 2.8125 0.2175 0.57735 -0.57735 -0.57735 128 128 122
3.4425 2.80835 0.2175 0.57735 -0.57735 -0.57735 95 94 88
3.4425 2.8125 0.213354 0.57735 -0.57735 -0.57735 98 98 91
3.45028 2.8275 0.0225 0.51802 -0.747957 0.414989 122 103 74
3.4575 2.8275 0.0140018 0.425166 -0.553066 0.716486 100 79 50
3.4575 2.83074 0.0225 0.563702 -0.6684 0.485265 142 125 94
3.45316 2.8425 0.0375 0.73837 -0.673781 0.0288047 118 110 85
3.4575 2.8425 0.0328147 0.597422 -0.528047 0.603534 123 113 86
3.45643 2.8425 0.0525 0.695449 -0.70584 0.134686 92 84 66
3.44847 2.8425 0.0675 0.678427 -0.729946 0.0831582 142 136 122
3.45258 2.8425 0.0825 0.692658 -0.703339 0.159809 119 117 109
3.45148 2.8425 0.0975 0.863139 -0.296315 0.408886 132 132 128
3.4575 2.84636 0.0825 0.421729 -0.69769 0.579114 76 74 67
3.45244 2.8575 0.0975 0.816933 0.0482987 0.574707 97 99 96
3.4575 2.8575 0.0949841 0.339844 -0.139631 0.930059 113 115 113
3.45177 2.8725 0.0825 -0.511299 0.691626 0.510124 44 45 39
3.4575 2.8725 0.0937198 -0.865978 0.232803 0.442588 31 32 30
3.4575 2.86233 0.1125 -0.734378 -0.522337 -0.43342 66 68 67
3.45027 2.8725 0.1125 -0.734378 -0.522337 -0.43342 38 41 40
3.4575 2.8725 0.100244 -0.734378 -0.522337 -0.43342 32 34 33
3.44585 2.8725 0.0525 -0.55784 0.769174 -0.311746 39 36 25
3.4575 2.88095 0.0525 -0.580548 0.742666 -0.333783 45 43 35
3.4575 2.88123 0.0825 -0.678152 0.602713 0.420532 39 38 33
3.4706 2.7225 0.0075 0.101961 0.0131157 0.994702 58 38 19
3.46289 2.7375 0.0075 0.140096 0.193487 0.971049 53 33 15
3.4725 2.77299 0.0075 -0.184892 -0.167084 0.968451 62 40 14
3.46872 2.7825 0.0075 -0.358405 -0.145858 0.922102 62 38 14
3.4725 2.7825 0.00885743 -0.0726465 -0.0516095 0.996022 71 47 20
3.46375 2.7975 0.0075 -0.306716 -0.133151 0.942441 71 48 26
3.4725 2.7975 0.00976324 -0.0418942 -0.118737 0.992042 103 78 50
3.4725 2.8125 0.0113111 -0.0645369 0.0226816 0.997658 122 99 67
3.4725 2.8275 0.00856011 0.0588265 -0.290401 0.955095 141 119 86
3.46992 2.8425 0.0225 0.543046 -0.573717 0.613147 141 126 101
3.4725 2.8425 0.0195297 0.331746 -0.643566 0.689759 139 123 98
3.4725 2.85571 0.0825 0.506288 -0.763097 0.401689 100 98 95
3.4725 2.8575 0.0859039 0.404933 -0.711616 0.574136 105 105 102
3.4875 2.74327 0.0075 -0.122623 -0.0380002 0.991726 101 77 47
3.48107 2.7525 0.0075 -0.052692 -0.0198536 0.998413 91 67 39
3.4875 2.7525 0.00785377 -0.0461624 0.0116862 0.998866 118 94 63
3.48038 2.7675 0.0075 -0.107416 -0.0239945 0.993925 90 68 39
3.4875 2.7675 0.00825829 0.00584586 -0.0527528 0.99859 118 94 62
3.4875 2.7825 0.00940584 0.0297862 0.00335262 0.999551 132 107 75
3.4875 2.7975 0.0082725 0.061594 -0.0439824 0.997132 135 108 78
3.4875 2.8125 0.0105498 0.110414 -0.080534 0.990618 126 103 70
3.4875 2.8275 0.011251 0.0860341 -0.154699 0.984209 120 98 68
3.47816 2.8275 0.1875 0.667449 -0.667449 -0.330189 149 150 143
3.4725 2.82184 0.1875 0.667449 -0.667449 -0.330189 104 104 96
3.4725 2.8275 0.176064 0.667449 -0.667449 -0.330189 68 69 62
3.4875 2.8425 0.0176464 0.108162 -0.337266 0.935175 109 92 68
3.4875 2.83646 0.1275 0 -0.707107 -0.707107 59 60 53
3.48146 2.8425 0.1275 -0.57735 -0.57735 -0.57735 37 40 33
3.4875 2.8425 0.121462 0 -0.707107 -0.707107 34 36 30
3.47429 2.8575 0.0825 0.662689 -0.662689 0.348835 99 98 96
3.4875 2.85398 0.0975 -0.384157 -0.652849 -0.652849 44 45 42
3.48151 2.8575 0.0975 -0.384157 -0.652849 -0.652849 66 67 65
3.4875 2.8575 0.0939781 -0.384157 -0.652849 -0.652849 44 44 43
3.5025 2.70177 0.0075 -0.215503 -0.141372 0.966215 124 98 65
3.49804 2.7075 0.0075 -0.163477 -0.0936518 0.982092 109 83 52
3.5025 2.7075 0.00843058 -0.183878 -0.0829864 0.97944 131 104 71
3.49293 2.7225 0.0075 -0.223493 -0.0651042 0.972529 96 71 41
3.5025 2.7225 0.0100272 -0.124907 -0.0154619 0.992048 138 112 78
3.48894 2.7375 0.0075 -0.193988 -0.0263075 0.980651 96 71 42
3.5025 2.7375 0.00957559 -0.0691627 0.0553707 0.996068 143 117 83
3.5025 2.7525 0.00779328 -0.0330019 0.0511055 0.998148 139 113 78
3.5025 2.76146 0.0075 0.0446652 0.0312522 0.998513 135 110 74
3.49966 2.7675 0.0075 0.0623299 -0.0242256 0.997762 129 105 70
3.5025 2.77145 0.0075 0.0837502 -0.0423977 0.995584 131 107 72
3.5025 2.7825 0.00801078 0.0617257 -0.0285593 0.997684 129 106 71
3.5025 2.7975 0.00773081 0.0236956 0.00188211 0.999717 126 103 71
3.5025 2.8125 0.00850686 0.0818563 -0.0313937 0.99615 121 97 68
3.5025 2.8275 0.0083188 0.17054 -0.0557964 0.98377 112 93 67
3.5025 2.8425 0.011023 0.349593 -0.276828 0.895071 102 85 63
3.49354 2.8425 0.1275 0.57735 -0.57735 -0.57735 40 42 35
3.5025 2.8575 0.0178611 0.261275 -0.21191 0.941716 59 48 35
3.4875 2.8575 0.0140962 -0.237268 0.223736 0.945329 106 95 79
3.5175 2.68167 0.0075 -0.177871 -0.191277 0.965285 148 121 85
3.5081 2.6925 0.0075 -0.217748 -0.167098 0.961595 130 102 68
3.5175 2.6925 0.00967455 -0.140994 -0.119544 0.982767 152 124 87
3.5175 2.7075 0.01149 -0.0456878 -0.0213024 0.998729 152 125 88
3.5175 2.7225 0.011166 -0.0306407 0.00523832 0.999517 147 122 85
3.5175 2.71942 0.2175 -0.57735 -0.57735 -0.57735 47 48 44
3.51442 2.7225 0.2175 -0.57735 -0.57735 -0.57735 45 47 44
3.5175 2.7225 0.21442 -0.57735 -0.57735 -0.57735 43 45 42
3.5175 2.7375 0.00994979 -0.0393155 0.0682784 0.996891 144 119 83
3.5175 2.7525 0.00892855 -0.0460559 0.0608174 0.997086 141 116 82
3.50445 2.7675 0.0075 -0.0813251 0.0773969 0.993678 132 107 73
3.5175 2.7675 0.00855363 -0.00994638 0.0776812 0.996929 129 105 74
3.5175 2.77584 0.0075 0 0.123648 0.992326 125 103 72
3.50765 2.7825 0.0075 0.0866942 -0.072758 0.993575 127 104 71
3.5175 2.79093 0.0075 0.117408 -0.0974655 0.988289 123 102 75
3.5175 2.7975 0.00808119 0.02812 -0.0163815 0.99947 122 102 77
3.5175 2.80427 0.0075 0.123176 0.0922958 0.988084 118 98 74
3.51132 2.8125 0.0075 0.160053 0.0687936 0.984708 115 93 69
3.50602 2.8275 0.0075 0.244114 -0.0613896 0.967801 107 88 64
3.51384 2.8425 0.0075 0.303182 -0.13997 0.942597 88 71 54
3.5175 2.85165 0.0075 0.311494 -0.13271 0.940935 58 44 32
3.5175 2.8575 0.00823462 0.420124 -0.254145 0.871152 44 32 22
3.50552 2.8725 0.0525 0.754278 -0.656556 0 88 88 88
3.5025 2.86904 0.0525 0.754278 -0.656556 0 86 84 82
3.5025 2.8725 0.0450326 0.721548 -0.628066 -0.29138 98 97 95
3.5025 2.8725 0.0588295 0.709835 -0.617871 0.338186 84 84 84
3.5325 2.65916 0.2475 -0.521388 -0.603388 -0.603388 45 38 31
3.52864 2.6625 0.2475 -0.521388 -0.603388 -0.603388 45 37 31
3.5325 2.6625 0.244164 -0.521388 -0.603388 -0.603388 45 38 31
3.5325 2.66874 0.0075 -0.179229 -0.167368 0.969466 155 130 92
3.52261 2.6775 0.0075 -0.149398 -0.170379 0.973987 149 123 87
3.5325 2.6775 0.00901305 -0.105435 -0.121987 0.986916 155 129 92
3.5325 2.6925 0.0118031 0.00316188 -0.0655314 0.997845 150 125 88
3.5325 2.7075 0.0109471 -0.0204445 0.0286473 0.99938 150 126 90
3.5325 2.7225 0.00956387 0.0208198 0.0212443 0.999558 146 123 88
3.5325 2.7375 0.010576 0.0210523 0.0222209 0.999531 138 115 83
3.5325 2.7525 0.00933832 0.0437102 0.113789 0.992543 131 110 80
3.5325 2.76007 0.0075 0.16748 0.22541 0.959761 126 106 77
3.52289 2.7675 0.0075 0.173672 0.151905 0.973017 124 102 72
3.52254 2.7975 0.0075 0.145023 0.0417348 0.988548 107 88 65
3.51994 2.8575 0.0075 0.306945 0 0.951727 42 30 21
3.5325 2.86998 0.0075 0.211873 -0.316585 0.924599 33 24 13
3.53135 2.8725 0.0075 -0.392523 -0.273583 0.878111 34 25 14
3.5175 2.85861 0.0075 0.269833 0.383876 0.883079 44 32 22
3.5325 2.8725 0.00918711 0 -0.556817 0.830635 34 25 14
3.53787 2.6625 0.0075 -0.20939 -0.0828072 0.97432 153 128 90
3.5475 2.6625 0.00955645 -0.199022 -0.0529791 0.978562 149 125 87
3.5475 2.6775 0.0113077 -0.067547 0.02706 0.997349 149 126 91
3.5475 2.6925 0.0096671 0.0435655 -0.0163599 0.998917 143 122 89
3.5475 2.7075 0.0107244 0.0632876 -0.0303812 0.997533 133 113 83
3.5475 2.7225 0.0108076 -0.0242791 0.0387588 0.998954 121 102 75
3.5475 2.7375 0.00996104 0.0722333 0.101476 0.992212 107 88 62
3.5475 2.74965 0.0075 0.173823 0.202305 0.963773 77 59 36
3.54343 2.7525 0.0075 0.157402 0.224232 0.961741 86 68 44
3.5475 2.84078 0.1425 -0.57735 -0.57735 -0.57735 93 91 87
3.54578 2.8425 0.1425 -0.57735 -0.57735 -0.57735 110 109 105
3.5475 2.8425 0.14078 -0.57735 -0.57735 -0.57735 91 90 86
3.53524 2.8725 0.0075 0.283928 -0.32555 0.901888 33 24 13
3.5625 2.6625 0.0142324 -0.273924 0.0984993 0.956694 142 121 92
3.5625 2.661 0.2325 -0.57735 -0.57735 -0.57735 26 24 12
3.561 2.6625 0.2325 -0.57735 -0.57735 -0.57735 26 24 12
3.5625 2.6625 0.230998 -0.57735 -0.57735 -0.57735 26 24 12
3.5625 2.6775 0.0116763 -0.139058 0.111952 0.983936 135 116 91
3.5625 2.6925 0.0094201 -0.0530395 0.0967208 0.993897 112 94 68
3.5625 2.7075 0.00927065 0.0423841 -0.0380029 0.998378 90 73 51
3.5625 2.7225 0.0105867 0.0478951 0.0533313 0.997428 76 60 40
3.5625 2.73532 0.0075 0.120541 0.229637 0.965783 55 39 21
3.56016 2.7375 0.0075 0.196077 0.20527 0.958863 61 45 26
3.5625 2.87657 0.0075 -0.390249 -0.880091 0.270454 27 23 16
3.5475 2.88301 0.0075 -0.338867 -0.665251 0.665289 28 26 23
3.5625 2.87913 0.0225 -0.484726 -0.814558 0.318646 29 27 21
3.55495 2.8875 0.0225 -0.660055 -0.499962 0.560683 33 33 32
3.5475 2.8875 0.00992437 -0.829616 -0.265079 0.491397 29 29 29
3.55011 2.8875 0.0375 0.668862 -0.61202 -0.421966 36 37 34
3.5475 2.88465 0.0375 0.668862 -0.61202 -0.421966 35 35 32
3.5625 2.8875 0.0278888 -0.51447 -0.464337 0.72091 30 30 27
3.5475 2.8875 0.0333614 0.668862 -0.61202 -0.421966 37 38 36
3.5775 2.6625 0.0182846 -0.263564 0.129472 0.955914 142 130 115
3.5775 2.6775 0.0141486 -0.244856 0.187577 0.951242 117 105 91
3.5775 2.6925 0.0117818 -0.23341 0.147182 0.961175 80 67 52
3.5775 2.7075 0.00947543 -0.177308 0.0664457 0.98191 63 50 36
3.5775 2.7225 0.00951082 -0.0878843 0.0180365 0.995967 55 42 29
3.56722 2.7375 0.0075 -0.11592 0.154515 0.981166 48 33 17
3.5775 2.7375 0.00874646 -0.105991 0.0895976 0.990322 49 36 22
3.5775 2.73516 0.1725 -0.57735 -0.57735 -0.57735 50 50 45
3.57516 2.7375 0.1725 -0.57735 -0.57735 -0.57735 50 51 46
3.5775 2.7375 0.170155 -0.57735 -0.57735 -0.57735 47 48 43
3.57636 2.7525 0.0075 -0.100149 0.0546178 0.993472 43 30 15
3.5775 2.7525 0.00759491 -0.0670129 0.181045 0.981189 43 30 15
3.5775 2.75719 0.0075 -0.0735168 0.0262122 0.996949 43 30 15
3.5775 2.81017 0.0075 -0.237699 -0.193927 0.951783 73 63 54
3.57578 2.8125 0.0075 -0.261196 -0.0814071 0.961847 72 62 53
3.5775 2.8125 0.00799469 -0.243021 -0.0551328 0.968453 76 66 58
3.5775 2.82598 0.0075 -0.263941 0.0346237 0.963917 71 63 53
3.5775 2.8498 0.0075 -0.557241 -0.340273 0.757428 72 64 54
3.57394 2.8575 0.0075 -0.551073 -0.201809 0.809686 69 61 53
3.5775 2.8575 0.0110817 -0.377872 -0.268785 0.885984 80 73 65
3.57075 2.8725 0.0075 -0.650257 -0.359776 0.669124 48 43 35
3.5775 2.8725 0.0215027 -0.298352 -0.678485 0.671301 94 91 83
3.5775 2.87298 0.0225 0.0364173 -0.816415 0.576316 94 91 83
3.59238 2.6625 0.0225 -0.305056 0.0374525 0.951598 186 181 174
3.5925 2.6625 0.0225269 0.192093 0.0675766 0.979047 186 181 174
3.5925 2.66264 0.0225 -0.049819 0.240106 0.969468 186 181 174
3.5925 2.6775 0.0188115 -0.254766 0.136916 0.957261 154 147 141
3.5925 2.6925 0.0166259 -0.359816 0.144911 0.921701 148 144 139
3.5925 2.7075 0.014447 -0.349438 0.117015 0.929624 143 139 135
3.5925 2.7225 0.0130482 -0.263788 0.133001 0.955367 108 101 93
3.5925 2.7375 0.0115603 -0.134488 0.147293 0.979907 101 93 83
3.5925 2.74949 0.0075 0.00488549 0.31261 0.949869 103 93 82
3.57902 2.7525 0.0075 0.0661588 0.0701533 0.99534 49 36 22
3.5925 2.79064 0.0075 -0.346632 -0.164645 0.923438 79 68 58
3.58801 2.7975 0.0075 -0.228501 -0.164697 0.959512 72 61 51
3.5925 2.7975 0.00877039 -0.29876 -0.118185 0.946982 79 69 58
3.5925 2.8125 0.0115023 -0.169659 -0.0818445 0.982098 61 53 44
3.57771 2.8275 0.0075 -0.268411 0.0590593 0.961492 71 62 52
3.5925 2.8275 0.0116246 -0.291979 -0.11133 0.949923 73 68 58
3.58232 2.8425 0.0075 -0.455739 -0.0759078 0.886871 64 57 46
3.5925 2.8425 0.014758 -0.457017 -0.179331 0.871192 61 56 46
3.5925 2.8575 0.0161523 -0.405065 0.183207 0.895744 69 63 55
3.5925 2.8725 0.014124 0.244327 -0.299482 0.922288 118 113 105
3.5925 2.88689 0.0225 0.130457 -0.632236 0.763714 42 42 35
3.59261 2.6625 0.0225 0.176874 0.060272 0.982386 186 181 174
3.602 2.6775 0.0225 -0.303371 -0.115877 0.945801 163 157 151
3.60434 2.6925 0.0225 -0.362613 0.098438 0.926726 169 165 158
3.6075 2.68646 0.1875 -0.608517 -0.608517 -0.509326 49 40 33
3.60146 2.6925 0.1875 -0.608517 -0.608517 -0.509326 49 39 33
3.6075 2.6925 0.180286 -0.608517 -0.608517 -0.509326 46 36 31
3.59595 2.7525 0.0075 -0.271426 0.152461 0.950307 98 89 78
3.59517 2.7675 0.0075 -0.233116 0.00791097 0.972417 68 57 45
3.59623 2.7825 0.0075 -0.313115 -0.0679409 0.947282 70 59 49
3.59425 2.8575 0.0225 -0.597654 -0.0219229 0.801455 81 76 69
3.8625 2.89387 1.0125 0.143857 -0.835448 0.530407 173 182 181
3.85245 2.9025 1.0275 0.4634 -0.75 0.471974 158 170 176
3.8625 2.9025 1.02225 0.222473 -0.731208 0.644857 188 196 197
3.8625 2.9096 1.0275 0.135862 -0.959086 0.248384 156 168 174
3.8625 2.91081 1.0425 0.14315 -0.934729 0.325252 178 191 195
3.85897 2.9175 1.0575 0.222563 -0.808469 0.544833 162 178 190
3.8625 2.9175 1.05536 0.185647 -0.874346 0.448392 171 185 195
3.8625 2.9191 1.0575 0.465094 -0.570846 0.676625 167 181 192
3.85611 2.9325 1.0725 0.585089 -0.67444 0.450335 89 105 128
3.8625 2.9325 1.0662 0.552886 -0.482212 0.67955 88 104 124
3.8625 3.04718 1.0725 -0.570068 -0.419764 0.706273 0 7 31
3.85689 3.0525 1.0725 -0.538991 -0.4342 0.721775 0 6 29
3.8625 3.0525 1.07533 -0.516657 -0.354071 0.779551 1 7 29
3.8475 3.0525 1.06352 -0.608414 -0.47416 0.6364 1 4 22
3.8625 3.0675 1.08342 -0.476235 -0.321321 0.818506 4 7 26
3.8625 3.0825 1.08713 -0.458248 -0.283015 0.842562 5 7 19
3.8625 3.08325 1.0875 -0.385336 -0.291577 0.875499 5 7 19
3.85241 3.0975 1.0875 -0.499616 -0.355469 0.789953 7 6 15
3.8775 2.88905 0.9975 -0.0636633 -0.910164 0.409326 195 204 196
3.8775 2.89594 1.0125 -0.117186 -0.845255 0.521356 200 208 201
3.8775 2.9025 1.02007 -0.0290182 -0.752868 0.657531 211 217 210
3.8775 2.90667 1.0275 -0.243472 -0.910508 0.334211 217 223 218
3.8775 2.91213 1.0425 -0.0955755 -0.901467 0.422163 223 230 228
3.8775 2.9175 1.05062 0.215643 -0.479064 0.850879 224 233 233
3.87265 2.9325 1.0575 0.583865 -0.442076 0.680933 146 158 174
3.8775 3.02924 1.0725 -0.506902 -0.476787 0.71814 1 6 31
3.86972 3.0375 1.0725 -0.549857 -0.449524 0.703979 0 6 32
3.8775 3.0375 1.078 -0.506795 -0.476687 0.718281 3 8 31
3.8625 3.0375 1.06611 -0.593994 -0.443221 0.671361 0 5 27
3.8775 3.05184 1.0875 -0.494997 -0.461673 0.736095 6 9 26
3.87698 3.0525 1.0875 -0.598847 -0.333686 0.728036 6 9 26
3.8775 3.0525 1.08773 -0.202441 -0.120095 0.971903 6 9 26
3.87141 3.0675 1.0875 -0.449783 -0.248251 0.857943 4 8 21
3.8775 3.0675 1.08901 -0.231822 -0.109708 0.966552 4 8 19
3.86313 3.0825 1.0875 -0.300535 -0.16749 0.938949 5 7 19
3.8775 3.0825 1.09117 -0.245304 -0.141475 0.959068 9 16 26
3.8925 2.89212 1.0125 -0.426265 -0.786724 0.446502 225 230 219
3.8925 2.9019 1.0275 -0.574073 -0.714086 0.400652 238 241 231
3.892 2.9025 1.0275 -0.343958 -0.75241 0.561758 237 240 230
3.8925 2.9025 1.02945 -0.447904 -0.836307 0.316183 239 242 232
3.8925 2.90792 1.0425 -0.422808 -0.767125 0.482445 252 253 248
3.8925 2.9175 1.05057 -0.508498 -0.190855 0.839645 253 254 251
3.8925 2.9325 1.04484 -0.0956989 0.128968 0.98702 225 234 236
3.8775 2.9325 1.05395 0.510216 -0.186242 0.839639 155 166 180
3.8925 3.01485 1.0725 -0.356537 -0.498261 0.790327 1 8 31
3.88382 3.0225 1.0725 -0.458469 -0.501768 0.733508 2 7 31
3.8925 3.0225 1.07733 -0.327461 -0.525011 0.785578 4 10 29
3.8775 3.0225 1.06805 -0.506545 -0.474769 0.719727 1 5 29
3.8925 3.03636 1.0875 -0.241821 -0.487934 0.838715 9 11 26
3.89098 3.0375 1.0875 -0.493396 -0.473987 0.729313 9 11 26
3.8925 3.0375 1.08794 -0.0877194 -0.190473 0.977765 9 11 26
3.8925 3.0525 1.09055 -0.110963 -0.147503 0.982817 5 7 18
3.8925 3.0675 1.09228 -0.165629 -0.103461 0.980746 14 22 32
3.9075 2.89164 1.0425 -0.711358 -0.637533 0.29584 235 237 231
3.89652 2.9025 1.0425 -0.727269 -0.597121 0.338416 254 254 250
3.9075 2.89854 1.0575 -0.732674 -0.579606 0.356715 248 249 246
3.90469 2.9025 1.0575 -0.758155 -0.522992 0.389463 255 254 252
3.9075 2.9025 1.06306 -0.772264 -0.350578 0.529814 255 255 252
3.89696 2.9175 1.0575 -0.828045 -0.283208 0.483874 254 254 254
3.9075 2.9175 1.07083 -0.737437 -0.340591 0.583254 227 228 222
3.89852 2.9325 1.0575 -0.87599 -0.091029 0.473662 251 254 255
3.9075 2.92 1.0725 -0.801377 -0.410377 0.435185 224 224 218
3.90114 2.9325 1.0725 -0.910222 0.00699898 0.414062 222 223 220
3.9075 2.9325 1.08481 -0.889994 0 0.455973 227 228 224
3.8925 2.9372 1.0575 -0.488449 -0.625779 0.608127 198 205 212
3.9075 2.93825 1.0725 -0.688923 0.407046 0.599749 218 220 215
3.9075 2.9475 1.06077 -0.137372 0.777969 0.613101 222 226 232
3.8925 2.9475 1.0681 -0.36113 -0.181271 0.914727 124 136 145
3.9075 2.93594 1.0875 -0.971811 -0.224475 0.0720679 227 229 225
3.90584 2.9475 1.0875 -1 0 0 222 228 222
3.9075 2.9475 1.0828 -0.860547 0.465922 -0.205856 220 225 219
3.9075 2.9475 1.09853 -0.838613 0.481386 0.254942 224 227 223
3.9075 2.95105 1.0875 -0.527019 0.848021 0.0557797 214 219 214
3.89488 2.9925 1.0575 -0.405431 -0.519832 0.751931 1 9 37
3.8925 2.99481 1.0575 -0.415715 -0.533392 0.736664 0 8 35
3.9075 3.00465 1.0725 -0.242088 -0.452527 0.858262 5 13 35
3.9028 3.0075 1.0725 -0.378534 -0.528649 0.759765 2 10 33
3.9075 2.9925 1.06446 -0.360439 -0.422585 0.831568 8 16 41
3.8925 3.0075 1.06702 -0.391888 -0.551273 0.736561 0 7 31
3.9075 3.0075 1.07374 -0.0764638 -0.474282 0.877046 4 12 34
3.9075 3.0225 1.08278 -0.00881884 -0.461157 0.887275 6 14 27
3.9075 3.0338 1.0875 0.119699 -0.332037 0.935641 2 10 17
3.9075 3.0375 1.0881 0.0432484 -0.21329 0.976031 3 10 16
3.9075 3.0525 1.0912 -0.0045491 -0.186595 0.982426 35 38 49
3.9075 3.0675 1.09379 -0.071346 -0.142077 0.987281 27 36 45
3.91371 2.9025 1.0725 -0.838808 -0.430273 0.333568 240 240 237
3.9225 2.89243 1.0875 -0.900783 -0.414273 0.130262 207 208 198
3.91717 2.9025 1.0875 -0.903808 -0.373988 0.208 221 221 215
3.9225 2.896 1.1025 -0.935602 -0.350766 -0.0401508 210 211 201
3.92053 2.9025 1.1025 -0.94299 -0.323622 0.077706 223 223 216
3.9225 2.89224 1.1175 -0.871045 -0.489805 0.0370291 202 202 194
3.9178 2.9025 1.1175 -0.937631 -0.33519 -0.0921715 219 219 215
3.9225 2.89552 1.1325 -0.819104 -0.559293 0.127513 207 208 202
3.91835 2.9025 1.1325 -0.939284 -0.326564 0.105361 218 218 214
3.9225 2.89939 1.1475 -0.812098 -0.567095 0.137478 215 216 209
3.92083 2.9025 1.1475 -0.947968 -0.292288 0.126195 219 219 212
3.9225 2.90214 1.1625 -0.780966 -0.610036 0.133969 205 207 197
3.92229 2.9025 1.1625 -0.966903 -0.229511 0.111463 205 207 197
3.9225 2.9025 1.16366 -0.945101 -0.280555 0.167548 205 207 197
3.90887 2.9175 1.0725 -0.908871 -0.285001 0.304512 224 224 218
3.91242 2.9175 1.0875 -0.938786 -0.267519 0.217058 221 222 215
3.91586 2.9175 1.1025 -0.962381 -0.271177 0.0169063 224 226 219
3.91294 2.9175 1.1175 -0.982392 -0.186831 -0.000799237 217 218 211
3.91524 2.9175 1.1325 -0.978936 -0.166329 0.118405 220 221 215
3.91716 2.9175 1.1475 -0.974506 -0.18121 0.132294 214 216 211
3.91934 2.9175 1.1625 -0.982086 -0.12787 0.138407 208 210 199
3.9225 2.91093 1.1775 -0.946802 -0.274844 0.167411 210 212 202
3.92087 2.9175 1.1775 -0.98575 -0.138012 0.0961706 217 219 209
3.90882 2.9325 1.0875 -0.973812 -0.161591 0.159936 227 229 225
3.91208 2.9325 1.1025 -0.980941 -0.183798 0.0630301 225 228 223
3.91269 2.9325 1.1175 -0.994475 -0.0230863 0.102404 225 227 221
3.91267 2.9325 1.1325 -0.997288 -0.0315252 0.0665064 219 219 214
3.91523 2.9325 1.1475 -0.982988 -0.00266845 0.183652 218 219 214
3.91838 2.9325 1.1625 -0.991317 -0.00014063 0.131496 217 218 211
3.9193 2.9325 1.1775 -0.997664 0.0101797 0.0675482 221 221 214
3.91215 2.9475 1.0725 -0.949533 0.297894 -0.0982123 215 219 215
3.90896 2.9475 1.1025 -0.983694 0.173347 0.0479273 224 227 224
3.91475 2.9475 1.1175 -0.991265 0.0372086 0.126527 221 224 220
3.91376 2.9475 1.1325 -0.996391 0.0295466 0.0795791 223 225 217
3.91697 2.9475 1.1475 -0.980286 0.050636 0.190987 223 225 220
3.91925 2.9475 1.1625 -0.98198 0.12075 0.145376 225 227 223
3.92045 2.9475 1.1775 -0.986153 0.14564 0.0793164 226 228 224
3.92046 2.9625 1.0725 -0.753411 0.653968 0.0685429 162 169 169
3.9225 2.95812 1.0875 -0.555495 0.820115 0.137246 216 219 213
3.9225 2.9625 1.07816 -0.695435 0.626471 0.352 192 197 196
3.9225 2.95598 1.1025 -0.53913 0.842085 -0.0152031 222 224 220
3.91355 2.9625 1.1175 -0.891544 0.443733 -0.0908336 228 230 224
3.9225 2.9625 1.11052 -0.573358 0.731256 -0.369494 221 222 217
3.91373 2.9625 1.1325 -0.938008 0.338193 0.0759326 229 230 223
3.91713 2.9625 1.1475 -0.94592 0.203568 0.252579 225 225 221
3.9225 2.96136 1.1625 -0.947118 0.222631 0.231092 241 243 241
3.9225 2.9625 1.16176 -0.74597 0.654062 0.125426 241 243 241
3.9225 2.95419 1.1775 -0.959517 0.258858 0.110998 233 235 232
3.9225 2.96654 1.0725 -0.687773 0.52841 0.497747 139 145 146
3.9225 2.97068 1.0875 -0.758887 -0.463134 0.457819 180 186 183
3.92013 2.9775 1.0875 -1 0 0 152 160 159
3.9225 2.9775 1.08245 -0.947897 0.176353 -0.265313 111 119 118
3.9225 2.9775 1.09166 -0.726157 0.14434 0.672207 170 177 175
3.9225 2.96626 1.1175 -0.414673 0.886263 -0.206358 226 227 220
3.9225 2.96639 1.1325 -0.426877 0.895821 -0.123615 228 229 221
3.9225 2.97354 1.1475 -0.505769 0.85577 0.108882 235 236 231
3.90893 2.9775 1.0575 -0.455847 -0.394605 0.797804 7 15 35
3.9075 2.97916 1.0575 -0.454028 -0.410189 0.790951 7 15 37
3.9225 2.9775 1.06525 -0.492925 -0.177595 0.851754 17 25 32
3.9225 2.9925 1.06925 -0.233126 -0.293464 0.927109 6 14 31
3.9225 2.97939 1.0875 -0.297133 0.953898 -0.0423214 139 148 147
3.9225 3.00122 1.0725 0.0526059 -0.253059 0.96602 6 13 29
3.9225 3.0075 1.07306 0.0791679 -0.321868 0.943469 9 16 31
3.9225 3.0225 1.07941 0.110983 -0.407406 0.906478 4 14 23
3.90972 3.0375 1.0875 0.207324 -0.323135 0.923364 2 10 15
3.9225 3.0375 1.08407 0.107447 -0.27984 0.954015 3 13 19
3.9225 3.04407 1.0875 0.236686 -0.365883 0.900061 7 16 20
3.9225 3.0525 1.09001 0.135319 -0.249665 0.958831 48 55 61
3.9375 2.88825 1.1775 -0.737938 -0.644352 0.200645 194 197 193
3.92522 2.9025 1.1775 -0.799243 -0.572493 0.182927 204 205 197
3.92806 2.9625 1.0875 -0.945574 0.267013 0.185995 213 216 210
3.93091 2.9625 1.1025 -0.853018 0.479553 -0.205889 209 211 208
3.92277 2.9625 1.1625 -0.946256 0.288038 0.147086 242 244 242
3.92502 2.9625 1.1775 -0.929587 0.323589 0.176516 244 246 243
3.93108 2.9775 1.0725 -0.993691 0.062763 0.0929429 111 115 109
3.9346 2.9775 1.1025 -0.892938 0.243257 0.378798 214 215 211
3.9375 2.97138 1.1175 -0.591998 0.805939 -0.000593257 212 214 205
3.9375 2.9775 1.10803 -0.784747 0.500795 0.365207 215 215 209
3.9375 2.97682 1.1325 -0.55335 0.828556 -0.0854309 227 226 218
3.9375 2.9752 1.1475 -0.513046 0.851949 -0.104722 235 236 231
3.92742 2.9775 1.1625 -0.799296 0.591889 -0.103894 238 239 235
3.9375 2.9775 1.15086 -0.587323 0.797444 -0.138329 238 239 234
3.93119 2.9775 1.1775 -0.810905 0.548475 0.203979 243 244 243
3.92811 2.9925 1.0725 -0.635765 0.3333 0.696215 10 16 26
3.9375 2.98226 1.0875 -0.48237 0.814077 0.323417 200 205 202
3.9375 2.9925 1.07544 -0.564166 0.474668 0.675579 52 56 56
3.9375 2.9834 1.1025 -0.643414 0.750992 0.148426 204 208 204
3.9375 2.98151 1.1625 -0.340869 0.940076 0.00811728 238 240 235
3.9375 2.98094 1.1775 -0.275471 0.959723 0.0551979 241 242 240
3.9375 3.00361 1.0725 -0.536449 0.370128 0.758438 13 20 26
3.93076 3.0075 1.0725 0.0711428 -0.25375 0.96465 9 17 28
3.9375 3.0075 1.07159 -0.0876521 -0.0563474 0.994556 10 19 27
3.9375 3.00868 1.0725 -0.0979875 -0.312926 0.94471 9 18 26
3.9375 3.0225 1.07663 0.175861 -0.330499 0.927277 25 38 47
3.9375 3.0375 1.08603 0.107766 -0.363419 0.925372 3 18 21
3.93333 3.0525 1.0875 0.241272 -0.318907 0.916562 16 25 30
3.9375 3.0525 1.08614 0.0617404 -0.195117 0.978835 16 26 31
3.9375 3.05497 1.0875 0.274506 -0.463579 0.842461 15 25 30
3.9408 2.9775 1.1175 -0.846546 0.521408 0.107208 216 217 208
3.9384 2.9775 1.1325 -0.806887 0.590344 -0.0206549 226 226 217
3.94025 2.9775 1.1475 -0.79459 0.606779 0.0211283 236 237 232
3.94607 2.9925 1.0875 -0.741315 0.625685 0.242838 185 191 188
3.94478 2.9925 1.1025 -0.755949 0.625755 0.192278 202 207 202
3.95019 2.9925 1.1175 -0.812961 0.581043 0.0385136 226 226 219
3.94923 2.9925 1.1325 -0.792842 0.607502 0.0484019 233 234 229
3.95122 2.9925 1.1475 -0.765415 0.636134 0.0973357 230 232 225
3.9525 2.98878 1.1625 -0.557411 0.797523 0.230761 234 236 232
3.9525 2.9925 1.15317 -0.620528 0.759689 0.19447 231 233 227
3.9525 2.9825 1.1775 -0.338697 0.903344 0.263162 233 235 233
3.94133 3.0075 1.0725 -0.286312 0.623859 0.727204 9 17 23
3.9525 2.99772 1.0875 -0.516103 0.750406 0.41295 193 200 197
3.9525 3.0075 1.07475 -0.286068 0.396137 0.872491 35 43 45
3.9525 2.99887 1.1025 -0.700927 0.712435 -0.0337448 212 218 213
3.9525 2.99468 1.1175 -0.68353 0.708484 0.175602 225 225 219
3.9525 2.99562 1.1325 -0.521434 0.851267 0.058749 231 232 227
3.9525 2.99407 1.1475 -0.498991 0.861336 0.0954373 230 232 225
3.9525 3.0225 1.07292 0.0885918 -0.0878208 0.992189 7 21 24
3.9525 3.0375 1.0779 0.287173 -0.378593 0.879886 50 66 72
3.95525 2.9925 1.1625 -0.567664 0.717561 0.403565 234 235 231
3.9675 2.99054 1.1775 -0.507487 0.748547 0.426771 235 235 232
3.9675 2.9925 1.17489 -0.544176 0.700908 0.461085 235 235 233
3.96499 3.0075 1.0875 -0.604822 0.794295 0.0573249 184 192 185
3.95819 3.0075 1.1025 -0.670866 0.741006 0.0291372 217 226 223
3.96382 3.0075 1.1175 -0.720223 0.62725 0.296372 232 235 229
3.9675 3.00433 1.1325 -0.517729 0.830282 0.206367 229 232 225
3.9675 3.0075 1.12474 -0.68547 0.648217 0.331581 230 233 226
3.9675 3.00122 1.1475 -0.317624 0.943066 0.0986994 228 231 223
3.9675 3.00051 1.1625 -0.424752 0.882304 0.202795 234 236 231
3.9675 3.00909 1.0875 -0.579182 0.702392 0.413756 180 189 182
3.9675 3.0225 1.07471 -0.415262 0.34835 0.840363 33 45 46
3.9675 3.01037 1.1025 -0.545575 0.836346 -0.0536048 229 237 232
3.9675 3.01241 1.1175 -0.523732 0.848292 0.078138 225 232 227
3.9675 3.0375 1.07505 -0.0759954 0.0949152 0.99258 29 48 50
3.96953 2.9925 1.1775 -0.586495 0.668954 0.456644 234 234 232
3.97019 3.0075 1.1325 -0.60904 0.610895 0.505843 228 231 223
3.9825 3.00349 1.1475 -0.356959 0.901039 0.24639 236 239 230
3.9825 3.0075 1.14383 -0.597885 0.556212 0.577202 230 233 223
3.9825 3.00326 1.1625 -0.340097 0.94033 0.0106344 235 236 232
3.9825 3.00369 1.1775 -0.477611 0.85407 0.206039 234 234 230
3.9825 3.02075 1.0875 -0.586269 0.772034 0.245462 204 216 209
3.9825 3.0225 1.08374 -0.265899 0.437218 0.85915 201 213 207
3.98073 3.0225 1.1025 -0.682015 0.724598 0.099062 223 233 230
3.9825 3.0225 1.09409 -0.665984 0.727806 -0.163597 215 226 220
3.9825 3.0193 1.1175 -0.364982 0.928819 0.0639081 214 221 220
3.9825 3.0225 1.10888 -0.282917 0.880902 0.379434 219 228 225
3.9825 3.01917 1.1325 -0.493245 0.817382 0.297652 226 229 223
3.9825 3.03587 1.0725 -0.143325 0.674479 0.724249 44 60 59
3.9825 3.02427 1.1025 -0.453492 0.879273 -0.145685 221 232 229
3.98573 3.0075 1.1475 -0.757094 0.64617 0.0962983 229 232 222
3.9864 3.0075 1.1625 -0.733365 0.672073 0.10244 229 231 226
3.99077 3.0075 1.1775 -0.674957 0.711203 0.19653 233 233 226
3.9975 3.02116 1.1175 -0.13881 0.976922 0.162344 225 229 225
3.9975 3.0225 1.116 -0.300745 0.712666 0.633766 223 228 224
3.9975 3.02153 1.1325 -0.144727 0.989468 0.00258615 226 230 221
3.9975 3.02118 1.1475 -0.597132 0.751246 0.28118 227 231 220
3.9975 3.0207 1.1625 -0.761614 0.645491 0.0573108 232 232 229
3.9975 3.01793 1.1775 -0.786722 0.59364 0.169294 227 227 214
3.98475 3.0225 1.0875 -0.446553 0.828577 0.337713 206 219 211
3.9975 3.0281 1.0875 -0.379161 0.863103 0.333603 195 210 204
4.0125 3.01483 1.1775 0 0 0 199 201 177
3.99995 3.0225 1.1175 0 0 0 219 224 219
3.6225 2.8575 0.00695246 0.0946261 0.291965 0.951737 49 44 34
3.6375 2.7675 0.00697052 -4.67665e-18 0 1 50 44 35
3.6375 2.8575 0.00559972 0.221307 -0.0173073 0.975051 63 56 49
3.6525 2.6625 0.00285695 0.286752 -0.0587049 0.956204 74 60 49
3.6525 2.6775 0.00283091 0.430731 -0.0474495 0.901232 84 71 59
3.6525 2.6925 0.00542692 0.453151 -0.0441132 0.890342 99 87 74
3.6525 2.7075 0.0032297 0.325206 -0.0285008 0.945213 82 71 58
3.6525 2.7225 0.00474081 0.311787 -0.107802 0.944017 89 78 67
3.6525 2.8425 0.00427485 0.477906 0.143934 0.866539 57 47 42
3.6525 2.8575 0.00277212 0.080425 -0.0937158 0.992345 54 46 40
3.6525 2.8725 0.00710801 0.559652 0.12204 0.819693 75 67 61
3.6675 2.6625 -0.000327763 0.188018 0.0385008 0.981411 62 45 33
3.6675 2.6775 -0.00139256 0.241377 0.0418893 0.969527 65 51 38
3.6675 2.6925 -0.00222694 0.323655 -0.0476723 0.944974 68 55 40
3.6675 2.7075 -0.000798752 0.385487 -0.0476746 0.921481 73 62 49
3.6675 2.7225 0.00256546 0.375505 -0.0855462 0.922864 66 54 42
3.6675 2.7375 0.00207503 0.438949 -0.0375086 0.897729 76 64 54
3.6675 2.7525 0.00109118 0.627953 0.0884542 0.773208 72 59 46
3.6675 2.7675 7.08343e-05 0.48592 -0.230094 0.843172 66 54 40
3.6675 2.7825 0.00708714 0.213597 -0.409656 0.886881 42 32 19
3.6675 2.8275 0.000849241 0.676224 0.453662 0.580441 52 44 40
3.6675 2.83848 -0.0075 0.882805 0.283396 0.374622 68 61 58
3.66547 2.8425 -0.0075 0.698022 -0.055191 0.713947 61 53 50
3.6675 2.8425 -0.010498 0.684461 0.0382365 0.728046 55 48 46
3.6675 2.8455 -0.0075 0.805915 -0.333821 0.488942 69 60 57
3.6675 2.8575 0.00316836 0.566625 -0.0642558 0.821467 46 34 29
3.6675 2.86443 -0.0075 0.715705 0.592711 0.369404 81 71 67
3.65957 2.8725 -0.0075 0.833347 0.16254 0.528312 59 51 46
3.6675 2.8725 -0.0191407 0.53952 0.163564 0.825933 61 53 50
3.6825 2.6625 -0.00196076 0.0509706 0.112014 0.992398 63 45 32
3.6825 2.6775 -0.005241 0.127041 0.102 0.986639 56 40 25
3.6825 2.6925 -0.00530515 0.227197 0.0683669 0.971446 53 39 24
3.6825 2.70232 -0.0075 0.391167 0.182837 0.901975 50 37 23
3.68066 2.7075 -0.0075 0.445499 -0.00563368 0.895265 54 42 28
3.6825 2.7075 -0.00820989 0.210102 0.0367284 0.976989 51 38 24
3.6825 2.7215 -0.0075 0.0861023 -0.138216 0.986652 49 37 26
3.6825 2.7225 -0.00737301 0.319203 -0.109233 0.94137 49 37 26
3.6825 2.7375 -0.00628901 0.266137 0.0405002 0.963084 55 41 31
3.6825 2.73935 -0.0075 0.301562 0.275581 0.912751 55 41 30
3.67671 2.7525 -0.0075 0.552205 0.0797534 0.829885 66 54 41
3.6825 2.7525 -0.00967573 -0.0257918 0.0181072 0.999503 58 46 33
3.67699 2.7675 -0.0075 0.484928 -0.454459 0.747203 61 49 35
3.6825 2.7675 -0.00843545 0.118091 -0.0829064 0.989536 47 36 22
3.6825 2.7707 -0.0075 -0.203423 -0.732558 0.649599 47 35 21
3.6825 2.7825 0.00746328 0.103853 -0.533574 0.839353 41 31 20
3.6825 2.80617 -0.0075 0.608015 0.728492 0.315621 51 44 38
3.67047 2.8125 -0.0075 0.789616 0.465669 0.399575 66 63 58
3.6825 2.8125 -0.0122526 0.52948 0.534911 0.658424 51 44 41
3.6825 2.82464 -0.0225 0.535235 0.512352 0.671579 58 52 49
3.68038 2.8275 -0.0225 0.790179 -0.00101157 0.612875 57 52 49
3.67028 2.8275 -0.0075 0.906988 0.147508 0.394479 63 59 55
3.6825 2.83387 -0.0225 0.666434 -0.0222279 0.745232 74 68 66
3.6825 2.8275 -0.024028 0.58161 0.10394 0.8068 54 49 47
3.6825 2.8425 -0.021052 0.584917 -0.0202321 0.810841 91 83 81
3.67155 2.8575 -0.0075 0.835869 0.217352 0.504064 66 56 51
3.6825 2.8575 -0.0219104 0.627042 0.0603403 0.776645 83 75 72
3.6825 2.8725 -0.0198779 0.153284 -0.027134 0.98781 70 62 59
3.6975 2.6625 -0.00253629 0.0915552 0.0966484 0.991099 60 43 29
3.6975 2.6775 -0.00540463 0.0660273 0.169983 0.983233 57 40 26
3.6975 2.68492 -0.0075 0.170061 0.306898 0.936426 56 39 25
3.68965 2.6925 -0.0075 0.304251 0.239055 0.922108 54 38 24
3.6975 2.6925 -0.0104492 0.0335943 0.111449 0.993202 53 37 23
3.6975 2.7075 -0.0106103 0.0514197 -0.0662171 0.996479 51 37 23
3.6975 2.72055 -0.0075 0.0939201 -0.226901 0.969379 51 38 25
3.6975 2.7225 -0.00708931 0.0241297 -0.146018 0.988988 50 38 25
3.6975 2.7375 -0.00508021 -0.0167473 -0.0724441 0.997232 48 33 22
3.6935 2.7525 -0.0075 -0.324373 0.0853602 0.94207 47 33 22
3.6975 2.7525 -0.00490711 -0.0480066 -0.0792313 0.9957 46 32 21
3.68724 2.7675 -0.0075 -0.373691 -0.199933 0.905749 43 31 18
3.6975 2.7675 -0.00107648 -0.106331 -0.432641 0.895274 43 32 21
3.6975 2.77749 -0.0225 0 0.687627 -0.726064 60 49 37
3.69585 2.7825 -0.0225 0.992897 0.0361301 0.113363 64 55 43
3.6975 2.7825 -0.0177506 0.624422 0.347307 -0.699625 56 45 34
3.6975 2.7825 0.00393324 0.142872 -0.0581981 0.988029 44 35 26
3.69568 2.7975 -0.0225 0.941648 0.208334 0.264377 60 52 43
3.6975 2.7825 -0.0257654 0.891697 -0.0517941 0.44966 90 79 68
3.6975 2.7975 -0.0240376 0.767305 0.0346078 0.640348 58 50 41
3.6975 2.7975 -0.0170711 0.799233 0.56576 -0.202834 51 43 34
3.6975 2.7975 0.00661585 0.553237 0.22861 0.801041 38 28 21
3.68912 2.8125 -0.0225 0.702303 0.427955 0.56888 63 54 52
3.6975 2.8125 -0.0278043 0.538885 0.306378 0.784688 71 62 59
3.6975 2.79927 -0.0075 0.331426 0.924695 0.187338 44 36 28
3.6975 2.8275 -0.0349461 0.444904 0.0139112 0.89547 87 82 79
3.68414 2.8425 -0.0225 0.541134 -0.0467848 0.839634 88 80 78
3.6975 2.8425 -0.0317247 0.391923 -0.153444 0.907111 74 66 64
3.68328 2.8575 -0.0225 0.443306 -0.12535 0.887562 81 73 70
3.6975 2.8575 -0.029994 0.397115 -0.10362 0.9119 51 42 39
3.69066 2.8725 -0.0225 0.436785 0.0630548 0.897353 73 65 62
3.6975 2.8725 -0.0261867 0.467476 -0.10792 0.877394 71 63 60
3.7125 2.6625 -0.00470331 0.0639707 0.107857 0.992106 61 42 28
3.7125 2.6775 -0.00691272 0.0756056 0.16 0.984217 59 40 27
3.7125 2.68283 -0.0075 0.0110301 0.184003 0.982864 57 39 26
3.7125 2.6925 -0.00840935 -0.0163274 0.0538207 0.998417 54 36 24
3.7125 2.7075 -0.00921949 -0.073729 0.0552531 0.995747 50 34 22
3.6994 2.7225 -0.0075 0.186052 -0.266765 0.945633 50 37 25
3.7125 2.7225 -0.0101729 0.0914506 -0.0391044 0.995042 49 35 22
3.7125 2.73116 -0.0075 0.322835 -0.330648 0.88682 48 34 22
3.7125 2.7375 -0.0058011 0.123407 -0.0449152 0.991339 48 34 23
3.7125 2.75215 -0.0225 0.67079 0.704812 0.230828 47 34 24
3.71243 2.7525 -0.0225 0.588631 -0.79065 0.168484 47 34 24
3.7125 2.74751 -0.0075 0.523822 0.557467 0.644082 46 33 23
3.70795 2.7525 -0.0075 0.521099 -0.17608 0.835135 45 33 23
3.7125 2.75268 -0.0225 0.0437965 -0.952232 0.302218 47 34 24
3.7125 2.75536 -0.0075 -0.0728953 -0.850175 0.521429 44 33 23
3.7125 2.7675 -0.00321926 -0.12768 -0.369587 0.920382 44 33 25
3.70212 2.7825 -0.0225 -0.840742 0.37645 0.38915 57 47 36
3.70064 2.7975 -0.0225 -0.614236 0.493996 0.615372 52 44 35
3.7125 2.7975 -0.0296604 0 0.90636 -0.422506 82 71 62
3.7125 2.78576 -0.0075 0.204497 0.963306 0.173843 42 32 24
3.69927 2.7975 -0.0075 0.588679 0.768817 0.249755 44 36 28
3.7125 2.7975 -0.0191622 0.127048 0.650252 0.749021 44 35 26
3.7125 2.80084 -0.0225 -1.3132e-17 1 0 45 36 28
3.7125 2.8425 -0.0322463 0.0342852 -0.162771 0.986068 75 66 64
3.7275 2.6625 -0.00478319 0.0474151 0.138268 0.989259 60 40 25
3.7275 2.67642 -0.0075 0.0531016 0.192444 0.97987 58 37 24
3.72308 2.6775 -0.0075 0.050015 0.106023 0.993105 58 38 25
3.7275 2.6775 -0.00772025 0.0287301 0.105366 0.994018 58 37 24
3.7275 2.6925 -0.00951963 0.0293324 0.0215467 0.999337 54 36 23
3.7275 2.7075 -0.00848791 0.0111385 0.0201258 0.999735 51 34 22
3.7275 2.7225 -0.00979366 -0.0517307 0.125447 0.990751 50 34 22
3.72041 2.7375 -0.0075 0.449892 -6.16692e-18 0.893083 47 34 23
3.7275 2.7375 -0.0133574 0.144827 0.338145 0.929883 47 34 23
3.71312 2.7525 -0.0225 0.259442 0.684413 0.681372 47 34 24
3.7125 2.7525 -0.022585 -0.136706 0 0.990612 47 34 24
3.7275 2.7525 -0.0186163 -0.00803197 -0.0822644 0.996578 46 35 25
3.7275 2.7675 -0.0333897 0.338826 -0.400109 -0.851534 43 30 20
3.7275 2.75799 -0.0075 -0.04663 -0.966684 0.251691 44 33 24
3.7275 2.7825 -0.0240814 0 0 0 42 33 23
3.7275 2.7825 0.000524291 0.305103 0.420995 0.85421 31 25 19
3.7275 2.79225 -0.0225 0.272427 0.795412 0.541389 46 38 29
3.72522 2.7975 -0.0225 0.319086 0.85676 0.405151 47 39 31
3.7275 2.786 -0.0075 0.247556 0.926687 0.282785 39 32 25
3.7425 2.6625 -0.00634094 0.100748 0.105297 0.989324 59 40 27
3.7425 2.6722 -0.0075 0.0815761 0.14825 0.98558 58 38 25
3.7425 2.6775 -0.00815714 0.0636115 0.0581317 0.99628 57 38 25
3.7425 2.6925 -0.00914209 -0.0114937 0.0384637 0.999194 55 37 24
3.7425 2.7075 -0.00922383 0.0065275 0.0200277 0.999778 50 34 22
3.7425 2.7225 -0.00967743 0.0185201 0.0374523 0.999127 50 35 24
3.7425 2.7375 -0.0103807 -0.0274678 0.372524 0.927616 48 35 24
3.7425 2.75203 -0.0225 7.19893e-18 0.664662 0.747144 45 36 25
3.73715 2.7525 -0.0225 0.933322 0.294969 -0.204703 46 36 25
3.7425 2.7525 -0.0237248 0 0.933683 0.358101 45 35 25
3.7425 2.75139 -0.0075 -0.494169 -0.788229 0.366732 44 34 23
3.74098 2.7525 -0.0075 -0.113431 -0.899161 0.422661 44 34 23
3.7425 2.7525 -0.0130366 0.114513 0.305862 -0.945164 44 34 24
3.7425 2.7525 -0.00555017 -0.055833 -0.230639 0.971436 43 33 23
3.7425 2.75524 -0.0225 0.325396 -0.944062 -0.0535267 45 36 25
3.7425 2.7675 -0.0274212 0.543707 -0.383739 -0.74641 42 34 23
3.7425 2.7675 -0.00023898 0.455867 0.13039 0.880445 38 31 21
3.7425 2.77815 -0.0075 0.568963 0.636725 0.520444 40 32 24
3.7398 2.7825 -0.0075 0.417839 0.741638 0.52477 40 31 24
3.7425 2.7825 -0.0107231 0.552827 0.749505 0.364177 40 32 24
3.7425 2.78543 -0.0225 0.338574 0.896136 0.286894 40 34 24
3.7575 2.65763 -0.0075 0.0712914 0.191188 0.978961 59 41 28
3.7507 2.6625 -0.0075 0.147545 0.143178 0.978637 59 41 28
3.7575 2.6625 -0.00859113 0.0446854 0.102244 0.993755 59 41 28
3.7575 2.6775 -0.00952571 0.0419679 0.00419931 0.99911 55 38 26
3.7575 2.6925 -0.00908638 0.0162376 -0.0110667 0.999807 53 37 25
3.7575 2.7075 -0.00861816 -0.0671231 0.0092916 0.997701 50 35 24
3.7575 2.7225 -0.0103821 -0.0973495 0.0331831 0.994697 49 34 24
3.7575 2.7375 -0.0101362 -0.101023 0.173261 0.979681 47 34 24
3.74302 2.7525 -0.0225 -0.747827 0.144379 0.648004 45 36 25
3.7575 2.7417 -0.0075 -0.151154 -0.731184 0.665224 46 34 24
3.7575 2.7525 -0.00298239 0.04942 -0.204325 0.977655 43 31 22
3.7575 2.75806 -0.0225 0.0199744 0.961965 -0.272443 43 32 21
3.74379 2.7675 -0.0225 0.741964 -0.329962 -0.583622 42 36 24
3.7575 2.7675 -0.0351967 -0.160128 0.464002 0.871241 41 30 19
3.7575 2.7675 -0.0117696 0.537143 0.467605 -0.702014 38 29 19
3.7575 2.7675 -0.00320769 0.188258 0.0322037 0.981592 40 30 21
3.74969 2.7825 -0.0225 0.920339 0.386967 -0.0568583 38 32 22
3.7575 2.76957 -0.0075 0.315271 0.855802 0.410131 39 30 20
3.7725 2.65731 -0.0075 0.042241 0.16337 0.98566 59 41 27
3.7725 2.6625 -0.00846273 0.0327035 0.0961863 0.994826 59 41 28
3.7725 2.6775 -0.00974211 -0.00169087 0.00546103 0.999984 57 38 26
3.7725 2.6925 -0.00906683 -0.0115961 -0.0471106 0.998822 52 37 24
3.7725 2.7054 -0.0075 0.0848466 -0.119588 0.989191 50 35 24
3.7691 2.7075 -0.0075 -0.0891862 -0.0606835 0.994165 50 35 24
3.7725 2.7075 -0.0072933 -0.0669891 -0.0229601 0.997489 50 34 24
3.76951 2.7225 -0.0075 -0.182235 0.0124441 0.983176 48 34 24
3.7725 2.7225 -0.00687406 -0.0407339 -0.0510976 0.997863 48 34 24
3.76611 2.7375 -0.0075 -0.27071 0.159463 0.949362 45 33 23
3.7725 2.7375 -0.00582363 0.0253056 0.0288993 0.999262 44 32 22
3.7725 2.74156 -0.0075 3.10035e-17 0.505194 0.863006 44 31 21
3.76593 2.7525 -0.0075 0.538835 -0.188779 0.820987 43 29 20
3.7725 2.7525 -0.0146045 0.667175 0.502581 0.549809 42 27 18
3.7725 2.75702 -0.0225 0.240073 0.714408 0.657257 42 29 18
3.7725 2.7675 -0.0309028 -0.138921 0.14439 0.97972 41 32 22
3.7687 2.7675 -0.0075 0.76664 0.636358 -0.0855053 39 29 20
3.7725 2.7825 -0.0283998 -0.271733 -0.158396 0.949248 41 33 24
3.7725 2.87148 -0.0225 -0.742619 -0.629355 -0.228976 27 24 19
3.77164 2.8725 -0.0225 -0.955606 0 -0.294648 27 24 19
3.7725 2.8725 -0.0253045 -0.955606 0 -0.294648 29 25 20
3.7725 2.87888 -0.0225 -0.947694 0.128416 -0.292208 29 25 21
3.7875 2.6625 -0.00923462 0.0706355 0.058337 0.995795 59 38 26
3.7875 2.6775 -0.00991525 0.0434656 -0.0191468 0.998871 57 39 27
3.7875 2.6925 -0.00826397 0.0162155 -0.0312993 0.999379 53 36 23
3.77465 2.7075 -0.0075 0.090928 -0.0603329 0.994028 50 34 24
3.7875 2.7075 -0.00907844 0.0056071 -0.0533927 0.998558 50 34 22
3.78324 2.7225 -0.0075 0.456387 0.311206 0.833584 47 34 23
3.7875 2.7225 -0.00777533 0.0654716 0.201785 0.977239 47 33 23
3.7875 2.73241 -0.0225 -0.0761336 0.768465 0.635346 45 30 21
3.78122 2.7375 -0.0225 0.797646 0.361906 0.482477 45 31 21
3.7875 2.7375 -0.0286413 -0.286806 0.42341 0.85934 44 29 19
3.77711 2.7375 -0.0075 0.827192 0.362486 0.429369 44 31 21
3.77683 2.7525 -0.0225 0.802951 0.355815 0.47819 43 28 18
3.7875 2.7525 -0.0335708 0.0503713 0.00350183 0.998724 43 29 18
3.7875 2.76262 -0.0225 0.120546 -0.79419 0.595593 39 27 18
3.78242 2.7675 -0.0225 -0.641888 -0.413256 0.64591 38 27 18
3.7875 2.7675 -0.0143453 2.88259e-17 0 1 42 29 22
3.7875 2.7698 -0.0225 -0.10332 0.940671 0.323208 40 29 20
3.8025 2.6625 -0.0107544 0.111276 0.0202685 0.993583 57 38 25
3.8025 2.6775 -0.010652 0.0580986 -0.0461686 0.997243 57 39 27
3.8025 2.6925 -0.00958872 0.0372292 -0.0624842 0.997351 54 37 24
3.8025 2.70446 -0.0075 0.160074 -0.162461 0.973644 51 35 23
3.79912 2.7075 -0.0075 -0.134656 -0.12494 0.982984 50 34 22
3.8025 2.7075 -0.00706002 -0.0613682 -0.0596652 0.99633 50 35 23
3.78969 2.7225 -0.0075 -0.165742 0.29862 0.93987 47 33 23
3.8025 2.7225 -0.00632905 0.0142793 0.013883 0.999802 48 33 23
3.79458 2.7375 -0.0225 -0.619766 0.443277 0.647608 43 28 18
3.8025 2.72626 -0.0075 -0.301629 0.58443 0.7533 46 32 22
3.8025 2.7375 -0.012949 0.0766215 0.579995 0.811009 43 27 16
3.8025 2.75206 -0.0225 -0.199625 0.521175 0.829775 41 27 18
3.8025 2.7525 -0.023113 0.0260263 0.320425 0.946916 41 27 18
3.79879 2.7675 -0.0225 0.58292 -0.341221 0.737409 38 29 18
3.8025 2.7675 -0.026565 0.158636 -0.170025 0.972587 39 29 18
3.8025 2.77939 0.0075 -0.57735 -0.57735 -0.57735 46 39 33
3.79939 2.7825 0.0075 -0.57735 -0.57735 -0.57735 44 39 33
3.8025 2.7825 0.00439473 -0.57735 -0.57735 -0.57735 45 39 33
3.8025 2.8403 -0.0225 -0.691499 -0.564509 -0.450732 17 19 16
3.8007 2.8425 -0.0225 -0.691499 -0.564509 -0.450732 15 17 14
3.8025 2.8425 -0.0252543 -0.691499 -0.564509 -0.450732 15 17 13
3.8175 2.6625 -0.0123472 0.0689696 0.016453 0.997483 57 38 24
3.8175 2.6775 -0.0118862 0.100843 -0.067457 0.992613 57 39 26
3.8175 2.6925 -0.0093703 0.104354 -0.0439162 0.99357 54 38 26
3.80427 2.7075 -0.0075 0.177392 -0.107555 0.978245 50 35 23
3.8175 2.7075 -0.0105222 0.196398 -0.0176646 0.980365 51 36 24
3.8129 2.7225 -0.0075 0.134503 0.183853 0.973708 48 35 25
3.8175 2.7225 -0.00815651 0.274246 0.371099 0.887172 48 35 25
3.8175 2.73469 -0.0225 0 0.771017 0.636815 43 28 19
3.81303 2.7375 -0.0225 0.542361 0.576776 0.61088 43 27 17
3.8175 2.7375 -0.0263176 0.0244366 0.51127 0.859073 42 27 18
3.8175 2.7525 -0.032648 0.307512 0.320768 0.895848 41 29 19
3.8325 2.6625 -0.0129235 0.0383729 0.0295887 0.998825 57 39 24
3.8325 2.6775 -0.0127616 0.0803612 -0.0123412 0.996689 57 39 25
3.8325 2.6925 -0.0127016 0.159011 -0.041189 0.986417 55 39 26
3.8325 2.7075 -0.0125149 0.121577 0.0847302 0.988959 51 37 25
3.8325 2.7225 -0.0155253 0.205413 0.173216 0.963225 46 30 18
3.82385 2.7375 -0.0225 -0.348547 0.609456 0.712094 42 28 18
3.8325 2.7375 -0.0187308 0.102253 0.377884 0.920189 43 28 19
3.8325 2.74812 -0.0225 -0.124624 0.572491 0.810384 42 29 20
3.8325 2.7525 -0.0290249 -0.00624659 0.639293 0.768938 41 28 19
3.6225 3.04014 0.7275 -0.787865 -0.543771 0.289106 62 95 140
3.61378 3.0525 0.7275 -0.720142 -0.630189 0.290271 68 95 130
3.6225 3.0479 0.7425 -0.73118 -0.5228 0.438243 64 96 140
3.61928 3.0525 0.7425 -0.643709 -0.638586 0.421719 66 96 139
3.6225 3.0525 0.74667 -0.682063 -0.462114 0.566781 63 94 139
3.6225 3.06629 0.7575 -0.732708 -0.507886 0.45298 57 86 126
3.62097 3.0675 0.7575 -0.406894 -0.710844 0.573706 57 85 122
3.6225 3.0675 0.760017 -0.433883 -0.852125 0.292625 57 86 127
3.6225 3.07194 0.7725 -0.416519 -0.866279 0.275813 57 88 127
3.6225 3.07724 0.7875 -0.39139 -0.858786 0.330607 58 89 125
3.6225 3.0825 0.797865 -0.121075 -0.912674 0.390342 61 90 120
3.6225 3.08355 0.8025 -0.236307 -0.955604 0.176013 59 89 117
3.6225 3.08618 0.8175 -0.286354 -0.935946 0.204954 58 82 110
3.6225 3.08967 0.8325 -0.315687 -0.924776 0.212439 55 76 99
3.6225 3.09216 0.8475 -0.295333 -0.941257 0.163748 53 71 84
3.6225 3.09445 0.8625 -0.291816 -0.940556 0.173776 49 65 70
3.61458 3.0975 0.8625 -0.430486 -0.876686 0.214718 50 61 59
3.6225 3.0971 0.8775 -0.229757 -0.966186 0.117033 49 63 60
3.6215 3.0975 0.8775 -0.470533 -0.859884 0.197983 50 63 59
3.6225 3.0975 0.882067 -0.463411 -0.878557 0.115705 50 63 59
3.6225 3.09893 0.8925 -0.506805 -0.840563 0.191316 51 63 60
3.6225 3.10325 0.9075 -0.529341 -0.823789 0.202903 53 64 61
3.60819 3.1125 0.9075 -0.535111 -0.816724 0.21591 55 65 61
3.6225 3.10704 0.9225 -0.60824 -0.771094 0.188304 57 63 61
3.6148 3.1125 0.9225 -0.643556 -0.695882 0.318723 57 64 60
3.6225 3.11232 0.9375 -0.674015 -0.661207 0.329406 54 65 63
3.62229 3.1125 0.9375 -0.694364 -0.629583 0.348545 55 65 62
3.6225 3.1125 0.937784 -0.719516 -0.471584 0.509809 55 65 63
3.6375 3.00755 0.7275 -0.867359 -0.412355 0.278661 63 94 135
3.63182 3.0225 0.7275 -0.875003 -0.411458 0.255094 62 95 137
3.6375 3.01837 0.7425 -0.76136 -0.440117 0.476054 62 95 138
3.63527 3.0225 0.7425 -0.880826 -0.376619 0.286886 62 95 139
3.6375 3.0225 0.745433 -0.747491 -0.327638 0.57785 61 94 138
3.62402 3.0375 0.7275 -0.863155 -0.410039 0.294672 61 95 141
3.62988 3.0375 0.7425 -0.78434 -0.412584 0.463233 62 96 139
3.6375 3.0375 0.753391 -0.774999 -0.3231 0.543123 58 92 135
3.6375 3.04278 0.7575 -0.813136 -0.451196 0.367739 57 90 135
3.63175 3.0525 0.7575 -0.754079 -0.498042 0.428159 57 90 136
3.6375 3.05178 0.7725 -0.85389 -0.438366 0.280547 57 89 134
3.63716 3.0525 0.7725 -0.806204 -0.525268 0.272267 56 89 134
3.6375 3.0525 0.773555 -0.78269 -0.553678 0.284318 56 89 134
3.62705 3.0675 0.7725 -0.779468 -0.567938 0.264341 55 88 134
3.6375 3.05963 0.7875 -0.7752 -0.555384 0.301022 54 87 134
3.6316 3.0675 0.7875 -0.73868 -0.611983 0.282539 53 88 136
3.6375 3.0675 0.801269 -0.759126 -0.565729 0.321992 52 87 135
3.6375 3.06816 0.8025 -0.726136 -0.620591 0.295961 52 87 135
3.62493 3.0825 0.8025 -0.692901 -0.65427 0.303015 60 90 123
3.6375 3.07537 0.8175 -0.739276 -0.607038 0.291506 54 88 132
3.6309 3.0825 0.8175 -0.613818 -0.745972 0.258366 58 89 127
3.6375 3.0825 0.832352 -0.566584 -0.784475 0.252155 56 89 132
3.6375 3.08255 0.8325 -0.466897 -0.852078 0.236579 57 89 132
3.6375 3.08723 0.8475 -0.461148 -0.865167 0.19705 57 85 122
3.6375 3.08996 0.8625 -0.448331 -0.874289 0.186058 55 79 106
3.6375 3.09367 0.8775 -0.423169 -0.890635 0.166423 48 69 87
3.6375 3.09488 0.8925 -0.375707 -0.92335 0.079173 47 64 72
3.62692 3.0975 0.8925 -0.254482 -0.961254 0.10597 48 61 61
3.6375 3.0956 0.9075 -0.445576 -0.894233 0.0425275 52 64 61
3.63327 3.0975 0.9075 -0.391836 -0.9109 0.129328 52 63 59
3.6375 3.09658 0.9225 -0.488927 -0.871965 0.0250549 54 62 58
3.63596 3.0975 0.9225 -0.532954 -0.839635 0.104757 54 62 59
3.6375 3.09716 0.9375 -0.53826 -0.837447 0.0946561 54 66 62
3.63702 3.0975 0.9375 -0.677532 -0.692305 0.248322 54 66 62
3.6375 3.0975 0.93899 -0.777333 -0.572701 0.26032 54 66 62
3.6375 3.10398 0.9525 -0.746834 -0.480554 0.459681 56 67 63
3.6318 3.1125 0.9525 -0.713041 -0.519968 0.470325 57 69 66
3.6375 3.1125 0.95756 -0.639911 -0.170231 0.749357 60 69 66
3.6525 2.98047 0.7275 -0.861859 -0.432979 0.264059 62 95 137
3.64642 2.9925 0.7275 -0.847331 -0.446969 0.28679 63 94 137
3.6525 2.98929 0.7425 -0.811122 -0.413744 0.413396 63 95 138
3.65078 2.9925 0.7425 -0.845923 -0.439399 0.30223 63 95 138
3.6525 2.9925 0.745059 -0.755772 -0.355443 0.549971 62 94 137
3.63752 3.0075 0.7275 -0.844448 -0.455316 0.282124 63 94 135
3.64384 3.0075 0.7425 -0.780591 -0.392288 0.486609 63 95 137
3.6525 3.0075 0.7544 -0.759521 -0.344654 0.551671 60 90 133
3.6525 3.01241 0.7575 -0.818065 -0.383038 0.429011 58 89 132
3.64772 3.0225 0.7575 -0.799941 -0.406407 0.441506 57 89 133
3.6525 3.0225 0.772319 -0.860016 -0.428195 0.27753 58 89 132
3.6404 3.0375 0.7575 -0.811261 -0.394694 0.431361 57 90 134
3.6525 3.02262 0.7725 -0.848558 -0.406971 0.338118 58 89 132
3.64485 3.0375 0.7725 -0.84447 -0.443928 0.299665 58 90 133
3.6525 3.03487 0.7875 -0.874792 -0.388006 0.290155 57 88 130
3.65137 3.0375 0.7875 -0.821677 -0.457617 0.339755 57 88 130
3.6525 3.0375 0.791175 -0.869099 -0.414147 0.270459 56 87 129
3.64238 3.0525 0.7875 -0.805424 -0.499318 0.319335 56 87 131
3.6525 3.04487 0.8025 -0.871822 -0.42032 0.25151 55 86 127
3.64856 3.0525 0.8025 -0.809791 -0.511342 0.287694 55 86 128
3.6525 3.0525 0.816119 -0.833459 -0.498608 0.238191 55 86 131
3.63796 3.0675 0.8025 -0.781208 -0.548093 0.298843 52 87 135
3.6525 3.05307 0.8175 -0.809165 -0.512718 0.287008 55 86 131
3.64322 3.0675 0.8175 -0.791327 -0.548334 0.27043 52 87 133
3.6525 3.06162 0.8325 -0.812599 -0.511443 0.27948 54 87 133
3.64864 3.0675 0.8325 -0.784992 -0.557632 0.269878 53 89 135
3.6525 3.0675 0.844013 -0.774776 -0.57466 0.263606 54 88 136
3.63755 3.0825 0.8325 -0.776982 -0.572498 0.26181 56 90 133
3.6525 3.06908 0.8475 -0.758858 -0.600996 0.250877 54 88 137
3.64215 3.0825 0.8475 -0.758249 -0.606398 0.239456 55 87 133
3.6525 3.07545 0.8625 -0.743204 -0.613494 0.266968 54 87 138
3.64676 3.0825 0.8625 -0.70566 -0.673333 0.220603 56 86 134
3.6525 3.08189 0.8775 -0.727777 -0.620832 0.291391 57 86 135
3.65198 3.0825 0.8775 -0.641591 -0.735719 0.216975 57 86 134
3.6525 3.0825 0.878918 -0.583213 -0.77921 0.229554 58 86 134
3.6525 3.08646 0.8925 -0.521272 -0.841533 0.141764 59 83 110
3.6525 3.08827 0.9075 -0.441377 -0.894359 0.0728633 54 73 86
3.6525 3.08854 0.9225 -0.415141 -0.909704 0.00981105 47 62 63
3.6525 3.08818 0.9375 -0.443452 -0.896163 0.0155848 52 64 60
3.6525 3.0895 0.9525 -0.563335 -0.823681 0.0648293 54 65 63
3.64204 3.0975 0.9525 -0.767322 -0.55677 0.318158 55 66 61
3.6675 2.94722 0.7275 -0.913387 -0.323449 0.247194 63 95 135
3.6674 2.9475 0.7275 -0.860213 -0.409696 0.303615 63 95 135
3.6675 2.9475 0.727883 -0.889627 -0.403274 0.21432 63 95 135
3.66007 2.9625 0.7275 -0.875122 -0.393169 0.282097 63 95 136
3.6675 2.95522 0.7425 -0.832592 -0.389647 0.393656 64 96 137
3.66426 2.9625 0.7425 -0.880969 -0.378767 0.283601 64 96 138
3.6675 2.9625 0.747711 -0.782401 -0.335454 0.524709 62 94 137
3.65392 2.9775 0.7275 -0.885334 -0.366089 0.286641 62 95 137
3.65836 2.9775 0.7425 -0.830589 -0.357942 0.426613 63 96 139
3.6675 2.9775 0.75698 -0.801725 -0.312684 0.509377 58 90 134
3.6675 2.97845 0.7575 -0.828215 -0.335893 0.448594 58 90 134
3.66171 2.9925 0.7575 -0.806264 -0.382205 0.451506 57 90 133
3.6675 2.9925 0.770135 -0.83227 -0.40863 0.37463 60 91 133
3.65474 3.0075 0.7575 -0.832784 -0.392335 0.39057 58 89 132
3.6675 2.99426 0.7725 -0.852973 -0.451055 0.262653 60 91 133
3.65995 3.0075 0.7725 -0.844346 -0.437101 0.309876 60 89 132
3.6675 3.00242 0.7875 -0.85931 -0.419924 0.291976 59 90 131
3.66509 3.0075 0.7875 -0.854141 -0.424917 0.299814 59 89 130
3.6675 3.0075 0.79351 -0.837229 -0.427785 0.340657 57 88 129
3.65256 3.0225 0.7725 -0.859524 -0.414563 0.298924 58 89 132
3.65804 3.0225 0.7875 -0.862794 -0.4051 0.302457 57 89 130
3.6675 3.01452 0.8025 -0.839199 -0.439055 0.320898 55 86 128
3.6634 3.0225 0.8025 -0.850247 -0.425876 0.30937 55 86 128
3.6675 3.0225 0.813833 -0.846797 -0.434859 0.306321 54 86 125
3.65583 3.0375 0.8025 -0.860388 -0.424182 0.282493 55 86 127
3.6675 3.02509 0.8175 -0.860986 -0.420874 0.285603 54 86 124
3.66112 3.0375 0.8175 -0.84369 -0.445711 0.299214 54 86 126
3.6675 3.03531 0.8325 -0.876972 -0.399908 0.266446 56 87 129
3.66642 3.0375 0.8325 -0.839319 -0.456241 0.295613 56 87 128
3.6675 3.0375 0.835864 -0.865826 -0.427355 0.260218 56 88 129
3.65282 3.0525 0.8175 -0.844035 -0.455305 0.283376 55 86 131
3.65804 3.0525 0.8325 -0.822826 -0.488814 0.289859 56 86 132
3.6675 3.04445 0.8475 -0.859702 -0.4214 0.288675 55 88 132
3.66352 3.0525 0.8475 -0.819375 -0.493708 0.291337 55 88 131
3.6675 3.0525 0.858067 -0.813074 -0.495853 0.305025 55 88 133
3.65377 3.0675 0.8475 -0.804832 -0.523007 0.280553 55 87 136
3.6675 3.05504 0.8625 -0.79613 -0.527355 0.296774 55 89 133
3.65896 3.0675 0.8625 -0.780092 -0.556144 0.286638 55 89 137
3.6675 3.06337 0.8775 -0.791922 -0.516659 0.325457 54 89 136
3.66473 3.0675 0.8775 -0.740624 -0.598126 0.306141 54 89 136
3.6675 3.0675 0.883596 -0.752071 -0.557786 0.351091 54 89 137
3.6675 3.07282 0.8925 -0.695925 -0.651787 0.301435 55 88 137
3.65852 3.0825 0.8925 -0.676135 -0.682272 0.278112 62 89 128
3.6675 3.07905 0.9075 -0.666849 -0.701057 0.25265 59 90 130
3.66307 3.0825 0.9075 -0.573929 -0.796414 0.190603 60 87 120
3.6675 3.0825 0.919221 -0.510925 -0.838274 0.190402 55 80 109
3.6675 3.08188 0.9375 -0.379474 -0.90855 0.174749 47 64 71
3.66551 3.0825 0.9375 -0.388566 -0.921085 -0.0248579 47 63 68
3.6675 3.0825 0.9296 -0.64851 -0.756614 -0.0834841 50 71 88
3.6675 3.08238 0.9525 -0.183907 -0.975076 -0.124118 52 67 79
3.66708 3.0825 0.9525 -0.415328 -0.909424 -0.0212576 52 66 78
3.6675 3.08313 0.9225 -0.368268 -0.929576 -0.0163237 53 77 103
3.6825 2.90885 0.7275 -0.921185 -0.307761 0.238121 64 95 135
3.67976 2.9175 0.7275 -0.895838 -0.352953 0.269995 64 95 135
3.6825 2.9175 0.740385 -0.922924 -0.331009 0.196583 65 96 136
3.67271 2.9325 0.7275 -0.893757 -0.369173 0.254775 63 94 135
3.6825 2.91864 0.7425 -0.804716 -0.316849 0.502034 65 96 136
3.67724 2.9325 0.7425 -0.859781 -0.355629 0.366476 64 96 136
3.6825 2.9325 0.75052 -0.782376 -0.321205 0.533587 62 94 135
3.67109 2.9475 0.7425 -0.849691 -0.348647 0.395563 64 96 136
3.6825 2.94387 0.7575 -0.825063 -0.36025 0.435307 60 92 134
3.68086 2.9475 0.7575 -0.813755 -0.338657 0.47235 59 91 134
3.6825 2.9475 0.761094 -0.846811 -0.374019 0.378181 59 91 134
3.67467 2.9625 0.7575 -0.81113 -0.357641 0.462775 59 91 134
3.6825 2.95904 0.7725 -0.860871 -0.376277 0.342516 60 91 134
3.68093 2.9625 0.7725 -0.852344 -0.390823 0.347516 60 92 134
3.6825 2.9625 0.776659 -0.863125 -0.388592 0.322508 60 92 134
3.66789 2.9775 0.7575 -0.846075 -0.366122 0.387443 58 90 134
3.67364 2.9775 0.7725 -0.867717 -0.361562 0.341086 61 92 134
3.6825 2.97154 0.7875 -0.861854 -0.381301 0.334392 60 91 132
3.67968 2.9775 0.7875 -0.859811 -0.395981 0.322373 60 90 132
3.6825 2.9775 0.793979 -0.840955 -0.416732 0.345151 58 88 130
3.66843 2.9925 0.7725 -0.883399 -0.351335 0.310113 60 91 134
3.67239 2.9925 0.7875 -0.859884 -0.416463 0.295224 59 90 132
3.6825 2.98416 0.8025 -0.842949 -0.416474 0.340568 56 87 128
3.67821 2.9925 0.8025 -0.845058 -0.422709 0.327404 56 87 128
3.6825 2.9925 0.812237 -0.8217 -0.452501 0.346484 56 86 128
3.67125 3.0075 0.8025 -0.857134 -0.413211 0.307536 56 86 127
3.6825 2.99617 0.8175 -0.851554 -0.4651 0.241945 56 86 128
3.67586 3.0075 0.8175 -0.854521 -0.437015 0.280735 56 86 129
3.6825 3.00331 0.8325 -0.853939 -0.442048 0.274559 55 87 129
3.68035 3.0075 0.8325 -0.862007 -0.423915 0.277921 55 87 129
3.6825 3.0075 0.838287 -0.845889 -0.414969 0.335071 55 87 130
3.66882 3.0225 0.8175 -0.867261 -0.417479 0.271236 54 86 125
3.6733 3.0225 0.8325 -0.862876 -0.414558 0.289112 56 87 130
3.6825 3.01529 0.8475 -0.856621 -0.41472 0.306932 56 87 132
3.67908 3.0225 0.8475 -0.848157 -0.432417 0.306015 56 86 133
3.6825 3.0225 0.85811 -0.854967 -0.438268 0.277401 56 86 134
3.67093 3.0375 0.8475 -0.85654 -0.427556 0.289025 56 88 132
3.6825 3.02525 0.8625 -0.826078 -0.439 0.353377 56 86 134
3.67595 3.0375 0.8625 -0.84372 -0.433128 0.317075 56 88 136
3.6825 3.0375 0.876802 -0.813842 -0.44521 0.373429 56 89 138
3.66904 3.0525 0.8625 -0.860109 -0.410223 0.303199 55 88 133
3.6825 3.0381 0.8775 -0.806783 -0.432583 0.402459 56 90 138
3.67448 3.0525 0.8775 -0.803972 -0.473839 0.359313 55 90 137
3.6825 3.0521 0.8925 -0.831172 -0.427046 0.356067 55 90 139
3.68228 3.0525 0.8925 -0.77087 -0.504683 0.388657 55 90 139
3.6825 3.0525 0.893029 -0.810908 -0.489164 0.321165 55 90 139
3.67173 3.0675 0.8925 -0.759608 -0.535944 0.368456 54 90 139
3.6825 3.06197 0.9075 -0.817426 -0.495813 0.293231 54 90 141
3.67887 3.0675 0.9075 -0.723256 -0.627839 0.287607 53 91 141
3.6825 3.0675 0.918255 -0.785382 -0.557757 0.268483 56 91 142
3.6825 3.06919 0.9225 -0.593881 -0.77548 0.214326 57 91 141
3.66867 3.0825 0.9225 -0.686056 -0.709821 0.159629 55 79 106
3.6825 3.0754 0.9375 -0.445933 -0.840669 0.307276 55 80 110
3.6825 3.08016 0.9525 -0.060847 -0.979968 0.18963 57 74 93
3.68475 2.9025 0.7275 -0.887449 -0.369164 0.275958 64 95 135
3.69 2.9025 0.7425 -0.8251 -0.309258 0.47283 65 95 136
3.6975 2.9025 0.753573 -0.786852 -0.266337 0.556712 60 92 133
3.68297 2.9175 0.7425 -0.798943 -0.368844 0.475019 65 96 136
3.6975 2.91091 0.7575 -0.862852 -0.317323 0.393436 59 91 133
3.69505 2.9175 0.7575 -0.785534 -0.358057 0.50471 59 91 133
3.6975 2.9175 0.764003 -0.874282 -0.363449 0.321769 59 91 133
3.68744 2.9325 0.7575 -0.806199 -0.37375 0.458645 59 92 134
3.6975 2.92456 0.7725 -0.877152 -0.380312 0.293201 58 91 132
3.69404 2.9325 0.7725 -0.861589 -0.386942 0.328543 59 91 133
3.6975 2.9325 0.783223 -0.883184 -0.374901 0.281843 59 90 132
3.68751 2.9475 0.7725 -0.865119 -0.371827 0.336621 59 91 133
3.6975 2.93568 0.7875 -0.873269 -0.36539 0.322321 60 90 131
3.69255 2.9475 0.7875 -0.876829 -0.37091 0.305935 60 91 132
3.6975 2.9475 0.800325 -0.86379 -0.376 0.335396 58 88 129
3.68642 2.9625 0.7875 -0.878021 -0.364116 0.310642 60 91 132
3.6975 2.94951 0.8025 -0.869525 -0.391342 0.301295 57 88 129
3.69161 2.9625 0.8025 -0.877506 -0.365422 0.310564 57 87 128
3.6975 2.96077 0.8175 -0.872012 -0.396273 0.287337 56 87 128
3.69676 2.9625 0.8175 -0.886297 -0.363168 0.287379 56 86 128
3.6975 2.9625 0.820049 -0.883397 -0.378152 0.276786 56 87 128
3.68578 2.9775 0.8025 -0.877823 -0.365283 0.309832 56 87 128
3.69074 2.9775 0.8175 -0.889081 -0.365433 0.275671 55 86 127
3.6975 2.97174 0.8325 -0.876777 -0.377202 0.298298 56 87 129
3.69509 2.9775 0.8325 -0.882816 -0.388999 0.263278 56 87 129
3.6975 2.9775 0.839436 -0.861637 -0.402509 0.309142 56 87 130
3.68443 2.9925 0.8175 -0.87892 -0.395971 0.265909 55 86 128
3.68803 2.9925 0.8325 -0.868045 -0.418573 0.267012 56 87 128
3.6975 2.98365 0.8475 -0.85523 -0.412472 0.313764 56 88 130
3.69313 2.9925 0.8475 -0.86222 -0.400812 0.309721 57 88 130
3.6975 2.9925 0.85911 -0.859224 -0.39856 0.320755 57 88 131
3.68634 3.0075 0.8475 -0.851481 -0.418338 0.316184 56 88 131
3.6975 2.99532 0.8625 -0.862334 -0.401552 0.30844 57 88 131
3.69199 3.0075 0.8625 -0.854436 -0.417429 0.309342 57 88 132
3.6975 3.00652 0.8775 -0.834311 -0.409452 0.369154 58 88 133
3.69707 3.0075 0.8775 -0.854496 -0.412538 0.315673 57 88 133
3.6975 3.0075 0.878401 -0.823773 -0.382163 0.418748 58 88 134
3.68391 3.0225 0.8625 -0.845028 -0.426169 0.322967 56 86 134
3.69022 3.0225 0.8775 -0.831349 -0.400587 0.385214 57 89 135
3.6975 3.0225 0.892074 -0.820593 -0.397958 0.410191 57 90 135
3.68283 3.0375 0.8775 -0.830837 -0.412571 0.373491 56 90 138
3.6975 3.02293 0.8925 -0.808735 -0.413635 0.418155 57 90 135
3.69 3.0375 0.8925 -0.812266 -0.434564 0.389073 55 89 139
3.6975 3.0375 0.906909 -0.807436 -0.416897 0.417425 55 90 139
3.6975 3.03795 0.9075 -0.79063 -0.497208 0.357335 56 90 140
3.68794 3.0525 0.9075 -0.798378 -0.496547 0.340637 56 90 141
3.6975 3.04786 0.9225 -0.782669 -0.454655 0.425109 57 93 139
3.69482 3.0525 0.9225 -0.75337 -0.516466 0.407059 58 94 142
3.6975 3.0525 0.926525 -0.704167 -0.483864 0.519639 58 93 141
3.684 3.0675 0.9225 -0.755375 -0.526037 0.390761 56 91 143
3.6975 3.06433 0.9375 -0.591687 -0.419719 0.68829 56 88 136
3.6946 3.0675 0.9375 -0.418631 -0.692394 0.587654 56 87 134
3.6975 3.0675 0.938501 -0.153199 -0.223232 0.962651 57 88 134
3.68631 3.0825 0.9525 0.392041 -0.903978 -0.170668 66 83 102
3.6975 3.0825 0.944671 0.221625 -0.585816 0.779552 85 107 134
3.6975 3.0825 0.959163 0.183504 -0.86738 -0.462578 81 101 126
3.6975 3.08708 0.9525 0.158858 -0.974131 0.160724 92 109 132
3.70061 2.9025 0.7575 -0.83698 -0.343943 0.425639 58 91 133
3.70709 2.9025 0.7725 -0.890584 -0.351835 0.288221 59 91 133
3.7125 2.8971 0.7875 -0.869575 -0.380494 0.314744 61 91 131
3.71032 2.9025 0.7875 -0.899211 -0.351691 0.260257 61 91 131
3.7125 2.9025 0.79284 -0.861877 -0.345347 0.371354 61 90 131
3.70057 2.9175 0.7725 -0.890619 -0.361608 0.27575 58 91 132
3.70453 2.9175 0.7875 -0.890168 -0.341109 0.302069 60 91 131
3.7125 2.91325 0.8025 -0.866018 -0.344378 0.362514 59 89 129
3.71075 2.9175 0.8025 -0.871942 -0.340974 0.35136 59 89 129
3.7125 2.9175 0.806695 -0.861 -0.369931 0.349041 58 89 128
3.69883 2.9325 0.7875 -0.878777 -0.353651 0.320441 59 90 131
3.70489 2.9325 0.8025 -0.871156 -0.360422 0.333441 58 89 129
3.7125 2.92747 0.8175 -0.87211 -0.378903 0.309607 58 89 128
3.71031 2.9325 0.8175 -0.873582 -0.382951 0.300338 58 88 128
3.7125 2.9325 0.824292 -0.868392 -0.412893 0.274618 57 88 128
3.69834 2.9475 0.8025 -0.867094 -0.380067 0.32202 58 88 129
3.70355 2.9475 0.8175 -0.877735 -0.390895 0.277096 57 88 129
3.7125 2.93766 0.8325 -0.848498 -0.417918 0.324647 57 88 129
3.70781 2.9475 0.8325 -0.872505 -0.388232 0.296667 57 88 130
3.7125 2.9475 0.843985 -0.849453 -0.390416 0.354973 57 88 130
3.70151 2.9625 0.8325 -0.873472 -0.382733 0.300935 56 88 129
3.7125 2.95106 0.8475 -0.860028 -0.385659 0.334094 57 88 130
3.70732 2.9625 0.8475 -0.859939 -0.391073 0.327974 57 88 130
3.7125 2.9625 0.861261 -0.854876 -0.406958 0.321826 57 88 130
3.70041 2.9775 0.8475 -0.864655 -0.395255 0.310073 56 88 130
3.7125 2.96345 0.8625 -0.852906 -0.416136 0.315251 57 88 131
3.70556 2.9775 0.8625 -0.858674 -0.406019 0.312773 57 88 131
3.7125 2.97465 0.8775 -0.843961 -0.405414 0.351238 58 89 132
3.71126 2.9775 0.8775 -0.850401 -0.393874 0.348829 58 89 132
3.7125 2.9775 0.880093 -0.84613 -0.358319 0.394552 58 88 132
3.69868 2.9925 0.8625 -0.862698 -0.394384 0.316566 57 88 131
3.70441 2.9925 0.8775 -0.837389 -0.394975 0.377854 58 89 132
3.7125 2.99117 0.8925 -0.859486 -0.360664 0.362222 58 89 133
3.7119 2.9925 0.8925 -0.837366 -0.390881 0.382138 58 89 133
3.7125 2.9925 0.893941 -0.84756 -0.4157 0.329902 58 89 133
3.70481 3.0075 0.8925 -0.835394 -0.398049 0.379042 58 90 134
3.7125 3.00311 0.9075 -0.833499 -0.418818 0.360375 57 89 133
3.71033 3.0075 0.9075 -0.8562 -0.382181 0.347647 57 89 133
3.7125 3.0075 0.912608 -0.84104 -0.374418 0.390465 57 90 133
3.69772 3.0225 0.8925 -0.849413 -0.378984 0.367245 58 90 135
3.70405 3.0225 0.9075 -0.854036 -0.357958 0.377476 57 90 135
3.7125 3.01852 0.9225 -0.79538 -0.349671 0.495077 58 89 135
3.71098 3.0225 0.9225 -0.848233 -0.372718 0.376274 57 89 136
3.7125 3.0225 0.924974 -0.760915 -0.384628 0.522561 58 89 137
3.69775 3.0375 0.9075 -0.851526 -0.38189 0.359254 56 90 139
3.70345 3.0375 0.9225 -0.791935 -0.419619 0.443575 56 91 134
3.7125 3.0375 0.936142 -0.769561 -0.381329 0.512214 59 90 140
3.7125 3.03933 0.9375 -0.608088 -0.315363 0.728543 59 90 141
3.70542 3.0525 0.9375 -0.684249 -0.403915 0.60717 58 91 141
3.7125 3.0525 0.94091 -0.229603 -0.0699364 0.970768 62 92 136
3.7125 3.0675 0.941419 -0.0889701 -0.0950676 0.991487 76 103 144
3.7125 3.0825 0.944337 -0.0003294 -0.512273 0.858823 94 115 144
3.7125 3.0825 0.9649 0.326392 -0.872592 -0.36339 94 112 128
3.7125 3.08802 0.9525 0.233792 -0.971419 0.0410651 118 134 156
3.71675 2.9025 0.8025 -0.856224 -0.3639 0.366686 61 90 130
3.7275 2.89295 0.8175 -0.861099 -0.380405 0.337344 60 89 129
3.72318 2.9025 0.8175 -0.859753 -0.37753 0.343941 59 89 129
3.7275 2.9025 0.82897 -0.857309 -0.398174 0.326309 60 88 131
3.71683 2.9175 0.8175 -0.871606 -0.370215 0.321316 58 88 127
3.7275 2.90544 0.8325 -0.852039 -0.402418 0.334798 60 88 130
3.72181 2.9175 0.8325 -0.864602 -0.389146 0.317849 59 89 128
3.7275 2.9175 0.847004 -0.855118 -0.395096 0.335668 59 90 129
3.71514 2.9325 0.8325 -0.865074 -0.39222 0.312748 58 88 129
3.7275 2.91791 0.8475 -0.840468 -0.398582 0.367078 59 90 130
3.7209 2.9325 0.8475 -0.85646 -0.387727 0.3408 59 88 131
3.7275 2.93181 0.8625 -0.836574 -0.41315 0.359792 58 88 130
3.72713 2.9325 0.8625 -0.849697 -0.403985 0.338838 58 88 130
3.7275 2.9325 0.863318 -0.834445 -0.433605 0.34013 58 88 130
3.71405 2.9475 0.8475 -0.853121 -0.398819 0.336346 58 88 130
3.71975 2.9475 0.8625 -0.855607 -0.403906 0.323722 58 88 131
3.7275 2.94357 0.8775 -0.832316 -0.43336 0.345613 59 89 132
3.7254 2.9475 0.8775 -0.851406 -0.399517 0.339843 59 89 132
3.7275 2.9475 0.882529 -0.848568 -0.383487 0.364514 59 89 132
3.71297 2.9625 0.8625 -0.861862 -0.391663 0.32217 57 88 131
3.71848 2.9625 0.8775 -0.842803 -0.401142 0.358843 58 89 131
3.7275 2.9576 0.8925 -0.859748 -0.369575 0.352488 59 90 132
3.72539 2.9625 0.8925 -0.843587 -0.390566 0.368537 59 90 132
3.7275 2.9625 0.897864 -0.860306 -0.386201 0.33275 59 89 131
3.71822 2.9775 0.8925 -0.846158 -0.38547 0.368009 58 89 131
3.7275 2.97054 0.9075 -0.827289 -0.384245 0.409815 59 90 131
3.72447 2.9775 0.9075 -0.842578 -0.383447 0.378193 58 90 132
3.7275 2.9775 0.913333 -0.805777 -0.382302 0.452292 59 90 132
3.71773 2.9925 0.9075 -0.83722 -0.394242 0.378994 57 89 132
3.7275 2.98844 0.9225 -0.765943 -0.374793 0.522361 60 90 133
3.7255 2.9925 0.9225 -0.80741 -0.395572 0.437735 59 90 133
3.7275 2.9925 0.925107 -0.739163 -0.39865 0.542877 59 90 134
3.71744 3.0075 0.9225 -0.782419 -0.388711 0.486543 58 91 133
3.7275 3.0075 0.936421 -0.741342 -0.39944 0.539315 60 92 134
3.7275 3.00923 0.9375 -0.586783 -0.274973 0.761627 60 92 135
3.72153 3.0225 0.9375 -0.706218 -0.338843 0.621644 58 90 137
3.7275 3.0225 0.94044 -0.407779 -0.205018 0.889766 58 89 133
3.71344 3.0375 0.9375 -0.591334 -0.323564 0.738668 59 90 140
3.7275 3.0375 0.945067 -0.269525 -0.0354939 0.962339 63 92 131
3.7275 3.0525 0.942167 -0.089135 0.088836 0.99205 72 95 129
3.7275 3.0675 0.942577 -0.0481973 -0.0353121 0.998213 77 98 129
3.7275 3.0825 0.942915 0.0919152 -0.37709 0.921604 83 105 133
3.7275 3.09204 0.9525 0.349369 -0.918061 0.187365 119 134 150
3.7275 3.09014 0.9675 0.315261 -0.927183 -0.20234 91 109 119
3.72888 2.9025 0.8325 -0.864343 -0.374833 0.335278 60 88 131
3.73509 2.9025 0.8475 -0.861312 -0.375591 0.342158 61 88 132
3.7425 2.89822 0.8625 -0.844545 -0.373314 0.383902 60 89 130
3.7408 2.9025 0.8625 -0.866405 -0.368896 0.336539 61 89 131
3.7425 2.9025 0.866726 -0.827574 -0.422869 0.369193 60 89 130
3.7277 2.9175 0.8475 -0.847712 -0.396354 0.352545 59 90 130
3.73456 2.9175 0.8625 -0.85911 -0.384096 0.338232 58 89 131
3.7425 2.91162 0.8775 -0.80101 -0.437829 0.408276 60 90 130
3.73947 2.9175 0.8775 -0.861169 -0.380637 0.336904 60 89 131
3.7425 2.9175 0.88332 -0.803859 -0.417399 0.423778 60 90 131
3.73318 2.9325 0.8775 -0.84856 -0.40428 0.341327 59 88 132
3.7425 2.92678 0.8925 -0.8107 -0.424411 0.403287 61 90 134
3.73967 2.9325 0.8925 -0.829662 -0.408172 0.380863 62 89 135
3.7425 2.9325 0.898663 -0.822062 -0.418293 0.386322 62 90 136
3.73184 2.9475 0.8925 -0.83123 -0.415556 0.369284 60 90 133
3.7425 2.94071 0.9075 -0.778122 -0.396751 0.486944 61 90 134
3.739 2.9475 0.9075 -0.799945 -0.420168 0.428424 60 90 133
3.7425 2.9475 0.912255 -0.733192 -0.431631 0.525476 61 90 133
3.73129 2.9625 0.9075 -0.814039 -0.396894 0.424046 60 89 131
3.7425 2.9592 0.9225 -0.685574 -0.44233 0.578214 61 90 132
3.74037 2.9625 0.9225 -0.768721 -0.409145 0.491598 60 90 132
3.7425 2.9625 0.925388 -0.689209 -0.380977 0.616318 61 90 131
3.73288 2.9775 0.9225 -0.752668 -0.384553 0.534424 60 90 133
3.7425 2.9775 0.93372 -0.714524 -0.360163 0.599782 60 91 135
3.7425 2.98267 0.9375 -0.627467 -0.3851 0.676745 60 91 136
3.7366 2.9925 0.9375 -0.703398 -0.382838 0.598888 59 92 135
3.7425 2.9925 0.94223 -0.385646 -0.17783 0.905347 59 91 133
3.72835 3.0075 0.9375 -0.594415 -0.276411 0.755161 60 92 134
3.7425 3.0075 0.943463 -0.357834 -0.166561 0.91881 61 91 128
3.7425 3.0225 0.948735 -0.217985 -0.0687627 0.973527 63 90 125
3.7425 3.0375 0.948058 -0.116756 0.0603084 0.991328 71 96 124
3.7425 3.0525 0.944291 -0.105929 0.159217 0.981544 74 97 123
3.7425 3.0675 0.942555 -0.0603252 0.00809432 0.998146 78 98 127
3.7425 3.0825 0.943733 -0.00349617 -0.126799 0.991922 93 109 129
3.73641 3.0975 0.9525 0.487694 -0.835832 -0.25207 143 157 172
3.7425 3.0975 0.94742 0.190886 -0.460991 0.866631 132 148 165
3.7425 3.09278 0.9675 0.311786 -0.891849 -0.327711 111 125 130
3.7425 3.0975 0.958298 0.312509 -0.845059 -0.433835 135 150 161
3.74762 2.9025 0.8775 -0.817225 -0.402364 0.41261 59 91 130
3.7575 2.89769 0.8925 -0.883441 -0.314263 0.34752 58 91 133
3.75555 2.9025 0.8925 -0.820638 -0.396036 0.411957 58 92 132
3.7575 2.9025 0.897246 -0.872752 -0.355627 0.334415 58 91 133
3.74748 2.9175 0.8925 -0.799168 -0.435244 0.414601 60 90 130
3.7575 2.91188 0.9075 -0.849065 -0.339667 0.404616 58 91 134
3.75508 2.9175 0.9075 -0.810491 -0.42387 0.404275 59 91 134
3.7575 2.9175 0.911486 -0.787842 -0.364106 0.496721 59 92 136
3.74672 2.9325 0.9075 -0.774021 -0.413402 0.479573 61 90 135
3.7575 2.9325 0.922183 -0.742681 -0.389256 0.54489 62 93 136
3.7575 2.93292 0.9225 -0.727773 -0.409154 0.550399 62 93 136
3.7497 2.9475 0.9225 -0.735269 -0.387662 0.555966 61 91 133
3.7575 2.9475 0.93356 -0.732383 -0.371775 0.570437 64 93 135
3.7575 2.95593 0.9375 -0.596272 -0.259169 0.759796 64 93 134
3.75446 2.9625 0.9375 -0.652146 -0.389242 0.650535 63 92 133
3.7575 2.9625 0.93892 -0.377777 -0.266651 0.886669 64 92 133
3.74547 2.9775 0.9375 -0.606752 -0.361214 0.708079 60 92 135
3.7575 2.9775 0.94607 -0.294567 -0.231964 0.927051 63 91 131
3.7575 2.9925 0.945238 -0.204188 -0.09389 0.974419 63 91 127
3.7575 3.0075 0.949952 -0.134934 -0.0828023 0.987389 64 91 122
3.7575 3.0225 0.949875 -0.0229324 0.0423314 0.99884 72 97 121
3.7575 3.0375 0.945981 0.0160879 0.103252 0.994525 74 98 124
3.7575 3.0525 0.944767 -0.0519785 0.105037 0.993109 79 101 125
3.7575 3.0675 0.944076 -0.0582561 0.0530421 0.996892 83 102 123
3.7575 3.0825 0.944052 -0.0170486 -0.0694918 0.997437 101 111 126
3.7575 3.0975 0.945487 0.229265 -0.286795 0.930154 116 129 137
3.75724 3.0975 0.9675 0.274277 -0.8555 -0.439195 130 142 148
3.7575 3.10429 0.9525 0.289747 -0.687514 0.665861 122 135 141
3.7425 3.10285 0.9525 0.0792789 -0.703419 0.706341 142 156 173
3.7612 2.9025 0.9075 -0.943037 -0.198953 0.266644 57 90 133
3.7659 2.9025 0.9225 -0.989532 0.0276406 0.141638 64 94 135
3.76742 2.9025 0.9375 -0.979614 0.19271 0.0567445 61 91 121
3.76596 2.9025 0.9525 -0.92199 0.375956 0.0926882 61 81 95
3.76341 2.9175 0.9225 -0.913394 -0.184169 0.363034 60 93 140
3.77049 2.9175 0.9375 -0.938333 0.048968 0.342249 60 92 133
3.7725 2.91319 0.9525 -0.821635 0.514893 0.244541 59 81 91
3.7725 2.9175 0.942551 -0.707784 0.286003 0.645944 60 88 118
3.75772 2.9325 0.9225 -0.831174 -0.283541 0.478282 62 93 137
3.76728 2.9325 0.9375 -0.815043 -0.22492 0.533962 66 93 138
3.7725 2.9325 0.944061 -0.410579 -0.00182482 0.911823 68 92 124
3.76139 2.9475 0.9375 -0.646917 -0.219874 0.730174 67 94 136
3.7725 2.9475 0.941354 -0.291356 -0.0477567 0.955422 73 95 131
3.7725 2.9625 0.946708 -0.153554 -0.203925 0.966869 66 92 129
3.7725 2.9775 0.946352 -0.13891 -0.149826 0.978906 71 95 127
3.7725 2.9925 0.950223 -0.0551023 -0.0459313 0.997424 65 89 121
3.7725 3.0075 0.949684 0.0173534 0.0408057 0.999016 73 96 119
3.7725 3.0225 0.946724 0.0667084 0.0664879 0.995555 76 99 120
3.7725 3.0375 0.94558 0.0100646 0.065061 0.997831 78 100 120
3.7725 3.0525 0.947129 0.00295858 0.0322891 0.999474 84 104 120
3.7725 3.0675 0.945188 -0.0403367 0.0867772 0.995411 105 123 134
3.7725 3.0825 0.943568 -0.0218051 -0.0169418 0.999619 106 114 124
3.7725 3.0975 0.945836 0.18122 0.202616 0.962344 115 124 130
3.7725 3.11035 0.9375 0.570006 0.165388 0.804823 133 149 165
3.7699 3.1125 0.9375 0.626262 0.756532 0.188295 132 148 166
3.7654 3.1125 0.9525 0.752002 -0.463385 0.468793 132 146 154
3.77514 2.9175 0.9525 -0.689705 0.679679 0.249686 59 82 91
3.7875 2.92799 0.9525 -0.58414 0.733833 0.346799 95 113 118
3.7875 2.9325 0.947412 -0.353606 0.182448 0.917429 94 113 125
3.7875 2.9475 0.947645 -0.208461 0.157042 0.96534 78 96 114
3.7875 2.9625 0.943426 0.0170997 -0.100562 0.994784 86 108 138
3.7875 2.9775 0.94925 0.0917461 -0.121479 0.988345 83 106 132
3.7875 2.9925 0.948846 0.094281 0.0195441 0.995354 84 104 126
3.7875 3.0075 0.947158 0.11279 0.0406753 0.992786 83 104 123
3.7875 3.0225 0.945765 0.0460752 0.057717 0.997269 87 108 124
3.7875 3.0375 0.948039 -0.087594 0.0365684 0.995485 85 104 119
3.7875 3.0525 0.945256 0.00899529 0.031593 0.99946 105 125 142
3.7875 3.0675 0.944346 0.0643972 0.10419 0.99247 108 124 134
3.7875 3.0825 0.944313 0.138934 0.146053 0.979472 109 126 140
3.7875 3.09509 0.9375 0.299729 0.462141 0.834619 107 116 125
3.78502 3.0975 0.9375 0.486749 0.47845 0.730863 109 116 124
3.7875 3.10487 0.9375 -0.278132 -0.377117 0.883417 114 121 126
3.77923 3.1125 0.9375 -0.355727 -0.385601 0.851334 129 142 153
3.7875 3.1125 0.940955 -0.0525343 -0.192921 0.979807 125 133 136
3.7927 2.9325 0.9525 -0.533149 0.661362 0.527591 114 132 135
3.8025 2.9325 0.961767 -0.630555 0.616482 0.47154 139 155 160
3.8025 2.94147 0.9525 -0.458183 0.758913 0.46273 117 135 138
3.8025 2.9475 0.948727 -0.0428394 0.297059 0.953898 101 118 127
3.8025 2.9625 0.944765 -0.0184868 0.0950144 0.995304 107 124 142
3.8025 2.9775 0.945299 0.0851772 -0.0627016 0.994391 103 123 144
3.8025 2.9925 0.945879 0.150677 0.00423646 0.988574 108 128 145
3.8025 3.0075 0.944423 0.125048 0.0261883 0.991805 101 120 139
3.8025 3.0225 0.947437 0.035347 -0.0538763 0.997922 99 118 130
3.8025 3.0525 0.944764 0.0639859 0.0402489 0.997139 112 129 139
3.8025 3.0675 0.945448 0.0223832 0.118606 0.992689 112 130 145
3.8025 3.0825 0.939826 0.0330594 0.195734 0.9801 114 128 128
3.79776 3.0975 0.9375 -0.149851 0.393944 0.906837 109 117 120
3.8025 3.0975 0.938504 0.0352241 0.00889328 0.99934 112 122 122
3.8025 3.1125 0.938428 0.0652866 0.00506903 0.997854 121 125 127
3.80476 2.9325 0.9675 -0.708447 0.647968 0.279714 136 152 159
3.8175 2.94147 0.9525 0.0187103 0.956883 0.28987 167 185 187
3.8175 2.9475 0.947576 0.0494526 0.248107 0.96747 149 166 170
3.8175 2.94635 0.9675 -0.501845 0.846149 0.179398 153 168 177
3.8175 2.9625 0.943419 0.0411284 0.10685 0.993424 130 146 154
3.8175 2.9775 0.945902 0.0667545 -0.0230267 0.997504 121 139 154
3.8175 2.9925 0.943526 0.0721025 0.0310108 0.996915 131 149 162
3.8175 3.0075 0.945295 0.108279 -0.0459769 0.993057 116 134 149
3.8175 3.0525 0.945501 0.0776184 0.0808894 0.993696 120 142 152
3.8175 3.0675 0.942316 0.0664989 0.0859368 0.994079 127 137 136
3.8175 3.0825 0.942349 -0.0216418 0.140584 0.989832 130 142 144
3.8175 3.0975 0.938295 -0.114846 0.10582 0.987731 110 121 120
3.8175 3.1125 0.938992 0.00338826 0.0762784 0.997081 120 124 125
3.8325 2.9475 0.944925 0.174015 -0.00988481 0.984693 152 172 178
3.8325 2.9625 0.945076 -0.0437295 0.152224 0.987378 156 172 177
3.8325 2.9775 0.942706 0.0336255 -0.00536159 0.99942 146 160 166
3.8325 2.9925 0.944035 0.151801 0.0667681 0.986153 147 165 175
3.8325 3.0075 0.94187 -0.000913104 -0.01322 0.999912 144 155 149
3.8175 3.0375 0.944392 0.0809084 0.0443273 0.995735 125 143 150
3.8325 3.0375 0.94495 0.156927 0.0156532 0.987486 138 152 153
3.8325 3.0525 0.942506 0.0761742 0.0589213 0.995352 137 149 147
3.8325 3.0675 0.942883 0.0537375 0.056369 0.996963 128 144 145
3.8325 3.0825 0.940722 -0.00558241 0.0336649 0.999418 129 141 144
3.8325 3.0975 0.941603 0.0499602 0.174128 0.983455 132 143 143
3.8325 3.10391 0.9375 0.378977 0.516688 0.767731 120 128 125
3.81991 3.1125 0.9375 0.41714 0.611486 0.672368 117 121 121
3.8475 2.9625 0.946628 -0.101216 0.183574 0.977781 187 200 204
3.84225 2.9925 0.9375 0.541574 -0.277557 0.793511 143 157 161
3.8325 3.0225 0.944227 0.106164 0.0368431 0.993666 140 156 163
3.84081 3.0975 0.9375 0.389749 0.47473 0.789131 129 139 138
3.8625 2.7754 0.8925 0.430141 -0.795404 0.426978 91 94 91
3.8625 2.7825 0.899084 0.340623 -0.581122 0.739103 104 109 105
3.8557 2.7975 0.9075 0.597617 -0.623955 0.503522 84 88 84
3.8625 2.80273 0.9075 0.458139 -0.827591 0.32435 87 93 87
3.8625 2.80744 0.9225 0.399156 -0.858967 0.320703 119 126 120
3.8625 2.8125 0.928409 0.25145 -0.646324 0.720443 132 138 131
3.8625 2.82211 0.9375 0.276002 -0.676198 0.683065 137 144 139
3.8625 2.8275 0.941442 0.256257 -0.175796 0.950489 148 157 155
3.8625 2.84247 0.9375 0.284019 0.24418 0.927205 100 106 106
3.86248 2.8425 0.9375 0.587978 -0.541656 0.600742 100 106 106
3.8625 2.83928 0.9525 0.11973 -0.992806 0.000944777 174 180 179
3.8625 2.8425 0.937541 6.83513e-18 -0.977511 -0.210886 100 106 106
3.8625 2.8425 0.955869 -0.0456926 -0.363581 0.930441 170 176 176
3.8625 2.84251 0.9375 0 -0.954406 -0.298511 100 106 106
3.8625 2.8575 0.958343 0.0393457 -0.541319 0.839896 138 144 140
3.87007 2.7825 0.8925 0.323557 -0.728653 0.603636 91 95 92
3.8625 2.7825 0.885916 0.537839 -0.573225 -0.618177 69 71 68
3.8775 2.78928 0.8925 0.446581 -0.846439 0.290012 92 96 92
3.8775 2.79442 0.9075 0.145999 -0.846057 0.51271 116 121 114
3.87235 2.7975 0.9075 -0.578864 -0.167846 0.797962 108 113 106
3.8625 2.7975 0.902615 -0.0493093 -0.570724 0.81966 88 92 87
3.8775 2.7975 0.911641 0 0 1 122 127 118
3.8775 2.81175 0.9075 0 0.279131 0.960253 104 108 101
3.87728 2.8125 0.9075 0.48066 -0.857285 0.18447 103 107 100
3.87417 2.8125 0.9225 0.41154 -0.8214 0.394889 129 136 130
3.8775 2.81695 0.9225 0.204634 -0.697212 0.687037 127 134 128
3.87538 2.8275 0.9375 0.323756 -0.115353 0.939082 176 184 177
3.8775 2.8275 0.93489 0.338666 -0.497509 0.798618 172 179 173
3.8775 2.84236 0.9375 0.185903 -0.881877 0.433281 135 141 141
3.87105 2.8425 0.9375 -0.00977209 -0.976445 -0.215546 120 126 126
3.8775 2.84073 0.9525 0.104449 -0.994487 0.00932586 192 200 198
3.8775 2.8425 0.954603 0.0663129 -0.566199 0.821597 190 197 196
3.8775 2.8575 0.962898 -0.0832989 -0.535746 0.84026 193 195 192
3.8925 2.79434 0.8925 0.343288 -0.87515 0.340978 114 119 113
3.88399 2.7975 0.9075 0.546656 -0.299054 0.782134 123 128 119
3.8925 2.7975 0.899328 0.538115 -0.678522 0.50004 126 131 122
3.8925 2.81223 0.9075 0.0716042 -0.948345 0.309054 126 128 117
3.88785 2.8125 0.9075 -0.0574004 -0.998327 0.00699557 119 121 112
3.8925 2.8119 0.9225 -0.124122 -0.960953 0.24731 141 146 135
3.88968 2.8125 0.9225 -0.126097 -0.985334 0.114962 140 145 135
3.8925 2.8125 0.92292 -0.0148625 -0.410495 0.911742 144 148 137
3.8925 2.8275 0.925505 0.073057 -0.390129 0.917857 148 151 143
3.8925 2.84244 0.9375 -0.12699 -0.745312 0.65451 207 211 210
3.88117 2.8425 0.9525 0.441692 -0.772361 0.456472 193 200 198
3.8925 2.8425 0.937572 0.19553 -0.893237 0.404841 207 211 210
3.8925 2.84942 0.9525 0.100863 -0.861871 0.496996 203 208 206
3.8925 2.8575 0.963836 0.0443695 -0.644318 0.763469 209 211 207
3.89847 2.7975 0.8925 0.599677 -0.475989 0.64329 121 126 120
3.9075 2.80825 0.8925 0.162585 -0.901191 0.401773 125 127 119
3.9075 2.80582 0.9075 -0.240628 -0.965634 0.0982304 141 142 129
3.89427 2.8125 0.9225 0.183343 -0.711259 0.678598 143 147 135
3.9075 2.8125 0.915986 0.263329 -0.799369 0.540061 150 151 135
3.9075 2.81581 0.9225 0.179269 -0.71627 0.674403 159 159 143
3.9075 2.8275 0.931917 -0.184003 -0.478728 0.858465 203 203 188
3.9075 2.83919 0.9375 -0.0706853 -0.688163 0.722104 231 235 225
3.9075 2.8425 0.942178 -0.0579095 -0.845496 0.530832 235 239 232
3.9075 2.84982 0.9525 -0.092594 -0.888037 0.450351 226 230 226
3.9225 2.83993 0.9375 0.0439791 -0.887182 0.45932 213 214 198
3.9225 2.8425 0.942464 -0.0300308 -0.846007 0.532325 215 216 203
3.9225 2.84817 0.9525 -0.103291 -0.935865 0.336879 216 218 208
3.1425 2.6775 0.00783963 0.0484609 -0.0744878 0.996044 217 189 149
3.1425 2.6925 0.00969547 0.0445826 0.00301934 0.999001 197 166 131
3.1425 2.7375 0.00953333 0.0234116 -0.0159171 0.999599 111 82 53
3.1425 2.7525 0.0080351 0.00195653 0.0242191 0.999705 140 109 74
3.1425 2.7675 0.00911835 -0.0506409 -0.0510846 0.99741 160 127 84
3.1425 2.7825 0.00979548 -0.0595641 0.0716039 0.995653 188 154 111
3.1425 2.8275 0.00788502 -0.0501081 -0.0631127 0.996748 210 180 136
3.1425 2.8425 0.00935994 -0.0327226 0.0109603 0.999404 209 179 134
3.1425 2.8575 0.00781958 -0.0428979 0.0473336 0.997958 211 181 137
3.1425 2.8725 0.00792472 -0.0501789 -0.00805982 0.998708 205 175 132
3.1575 2.6925 0.00796462 0.112169 -0.0680722 0.991355 213 186 148
3.1575 2.7225 0.00856202 -0.00134066 -0.0582424 0.998302 204 182 151
3.1575 2.7375 0.00814962 -0.00294743 0.0522754 0.998628 182 164 134
3.1575 2.7675 0.00868928 -0.0338793 -0.0626339 0.997461 196 168 120
3.1575 2.7825 0.00918076 -0.00513899 0.0080923 0.999954 200 168 116
3.1575 2.7975 0.00804724 -0.00341716 0.0504087 0.998723 207 174 126
3.1575 2.8125 0.00866911 -0.0114714 -0.0426611 0.999024 208 178 132
3.1575 2.8275 0.0093705 0.0166205 -0.0375911 0.999155 203 173 130
3.1575 2.8425 0.0101517 0.0130143 0.0083647 0.99988 201 171 129
3.1575 2.8575 0.00831932 0.0305209 0.0833939 0.996049 202 174 134
3.1575 2.8725 0.0083684 0.0212035 0.0120753 0.999702 196 167 132
3.1725 2.7225 0.0077729 -0.0350678 -0.0906436 0.995266 162 150 124
3.1725 2.7375 0.00897779 -0.0604733 -0.0208356 0.997952 56 48 27
3.1725 2.7525 0.00907853 -0.0904475 -0.031331 0.995408 60 47 26
3.1725 2.7675 0.0100393 -0.0548138 -0.0336913 0.997928 157 136 102
3.1725 2.7825 0.0102027 -0.0695008 0.0597567 0.995791 189 160 119
3.1725 2.8125 0.00772224 -0.00932415 -0.00496315 0.999944 199 169 132
3.1725 2.8275 0.0082725 0.0169621 -0.0185736 0.999684 176 147 110
3.1725 2.8425 0.00812911 0.0444111 0.0460206 0.997953 128 97 64
3.1875 2.6925 0.00761891 0 0 1 217 191 150
3.1875 2.7225 0.00944469 -0.0896912 -0.145908 0.985224 82 73 55
3.1875 2.7375 0.0106468 -0.166092 -0.032276 0.985582 40 38 30
3.1875 2.7525 0.010327 -0.14855 0.0164761 0.988768 27 24 17
3.1875 2.7675 0.0104724 -0.0757194 -0.00289092 0.997125 41 29 14
3.1875 2.7825 0.0107561 -0.033487 -0.0100525 0.999389 119 96 72
3.1875 2.7975 0.0106677 -0.0986492 0.0834557 0.991617 124 96 69
3.1875 2.8125 0.00863776 -0.0512434 0.065002 0.996569 76 47 24
3.1875 2.8275 0.00871096 0.0131947 0.00512562 0.9999 64 35 9
3.1875 2.8425 0.00886799 0.00340806 0.031005 0.999513 71 43 18
3.1875 2.8575 0.0076194 0.00669771 0.0756773 0.99711 68 41 19
3.1875 2.8725 0.00783487 -0.0405007 -0.0405496 0.998356 68 39 18
3.2025 2.7225 0.00945385 -0.0451599 -0.201954 0.978353 63 51 38
3.2025 2.7375 0.0139333 -0.0907351 -0.117431 0.988927 35 34 28
3.2025 2.7525 0.0139111 -0.127539 0.0641903 0.989754 31 31 28
3.2025 2.7675 0.0126596 -0.0656935 0.0746829 0.995041 27 22 16
3.2025 2.7825 0.0111015 0.00166274 0.0371271 0.999309 38 21 9
3.2025 2.7975 0.0114527 0.0199518 0.0389041 0.999044 62 39 22
3.2025 2.8125 0.00926484 -0.0245615 0.112035 0.993401 66 39 22
3.2025 2.8425 0.00778202 0.0104479 0.0146151 0.999839 69 40 19
3.2175 2.7075 0.00945397 -0.0597262 -0.124529 0.990417 116 93 70
3.2175 2.7225 0.0107225 -0.0632926 -0.191885 0.979374 61 43 29
3.2175 2.7375 0.0142943 -0.0727897 -0.140264 0.987435 27 22 14
3.2175 2.7525 0.0148647 -0.0692145 0.081062 0.994303 23 24 20
3.2175 2.7675 0.0118951 -0.0226245 0.14618 0.988999 28 23 18
3.2175 2.7825 0.0106139 0.0311242 0.0767415 0.996565 33 19 8
3.2175 2.7975 0.00940015 0.0423774 0.0124467 0.999024 56 33 17
3.2175 2.8125 0.00965718 0.00918722 0.0735924 0.997246 62 35 17
3.2175 2.8275 0.008236 -0.0173107 0.0346048 0.999251 66 37 17
3.2175 2.8425 0.00832242 -0.00891097 -0.0132118 0.999873 68 39 19
3.2175 2.8575 0.00852642 -0.0557659 0.0371731 0.997752 65 36 17
3.2325 2.6625 0.00793348 -1.97665e-18 0 1 145 117 94
3.2325 2.7075 0.0089942 -0.0202039 -0.138464 0.990161 73 50 34
3.2325 2.7225 0.0110117 -0.0399345 -0.213853 0.976049 52 34 24
3.2325 2.7375 0.0160255 -0.101488 -0.184021 0.977669 46 36 29
3.2325 2.7525 0.0160461 -0.143276 0.110063 0.983544 27 28 21
3.2325 2.7675 0.0135292 -0.0432046 0.235681 0.97087 30 22 14
3.2325 2.7825 0.00997984 0.055398 0.120855 0.991123 42 26 13
3.2325 2.7975 0.00959718 0.0953026 0.0119114 0.995377 55 33 17
3.2325 2.8125 0.0100382 0.0369568 0.0283689 0.998914 61 33 16
3.2325 2.8275 0.00791275 -0.00599017 0.0700273 0.997527 64 36 18
3.2325 2.8425 0.00811624 0.0301219 0.00310705 0.999541 65 36 17
3.2325 2.8575 0.00852639 0.046555 -0.0117578 0.998847 65 36 17
3.2325 2.8725 0.00840716 0.0225056 0.0426978 0.998835 64 35 15
3.2475 2.6925 0.00774575 -0.0280663 -0.121677 0.992173 79 50 32
3.2475 2.7075 0.0095651 0.070677 -0.158683 0.984797 70 46 31
3.2475 2.7225 0.0124082 0.0185069 -0.240731 0.970415 58 40 28
3.2475 2.7375 0.0167961 -0.0192446 -0.262283 0.964799 50 42 38
3.2475 2.7525 0.0200958 -0.226702 -0.00682133 0.97394 91 91 87
3.2475 2.7675 0.0144464 -0.267464 0.400831 0.876241 35 30 21
3.2475 2.7825 0.0077008 -0.0182691 0.256653 0.966331 47 28 16
3.2475 2.8125 0.00771483 0.116764 -0.0452496 0.992128 62 35 18
3.2475 2.8275 0.00827069 0.0120925 0.0278948 0.999538 64 36 19
3.2625 2.6775 0.00906034 0 0 1 78 49 32
3.2625 2.7225 0.0102285 0.12046 -0.251696 0.96028 59 39 25
3.2625 2.7375 0.0160752 0.0654781 -0.357438 0.931639 49 40 34
3.2625 2.75001 0.0225 0.0640157 -0.524008 0.849304 94 95 93
3.25649 2.7525 0.0225 -0.241705 -0.224711 0.943972 102 104 102
3.2625 2.7525 0.0240507 -0.275312 -0.288758 0.916964 117 120 119
3.25978 2.7675 0.0225 -0.451597 0.195733 0.870488 174 170 166
3.2625 2.7675 0.0255717 -0.481206 0.3585 0.799949 208 204 201
3.2625 2.76967 0.0225 -0.368517 0.647212 0.667317 179 174 170
3.2625 2.7825 0.0104958 -0.272628 0.461103 0.844428 34 20 11
3.2625 2.8275 0.00806277 0.0132374 -0.0374435 0.999211 62 34 16
3.2625 2.8425 0.00864486 -0.0305665 0.0298092 0.999088 61 34 17
3.2775 2.6925 0.00785327 -0.0778955 -0.00609867 0.996943 73 44 26
3.2775 2.7225 0.00948377 0.0339679 -0.157244 0.986975 66 42 24
3.2775 2.7375 0.012843 0.178659 -0.341956 0.922576 48 35 23
3.2775 2.7518 0.0225 0.173075 -0.594839 0.784991 198 196 196
3.2775 2.7525 0.0238895 -0.0430036 -0.592746 0.80424 208 207 208
3.2775 2.7675 0.0335531 -0.386815 0.117384 0.914656 241 243 244
3.2775 2.77597 0.0225 -0.364671 0.687462 0.628022 164 157 152
3.2775 2.7825 0.0161715 -0.326074 0.589844 0.738755 99 85 77
3.2775 2.7975 0.00955353 -0.0888383 0.205898 0.974533 52 34 20
3.2775 2.8125 0.00767275 -0.0375785 0.0230924 0.999027 60 36 18
3.2775 2.8275 0.00787222 0.015766 0.0105855 0.99982 61 34 16
3.2775 2.8425 0.00828166 0.0494317 -0.0173565 0.998627 57 31 14
3.2775 2.8575 0.00813202 0.0336075 0.0452676 0.998409 59 32 15
3.2925 2.6925 0.00826866 0.0132923 -0.065274 0.997779 69 40 22
3.2925 2.7075 0.00901903 0.0118522 -0.0265506 0.999577 69 43 29
3.2925 2.7225 0.00829637 0.142328 -0.0129155 0.989735 64 38 21
3.2812 2.7525 0.0225 0.168726 -0.758328 0.629659 192 190 190
3.2925 2.7525 0.0198194 0.243421 -0.638751 0.729893 142 138 135
3.2925 2.75475 0.0225 0.17066 -0.770094 0.614679 163 161 158
3.2925 2.7675 0.0373426 0.0255594 -0.385344 0.922419 238 244 245
3.28345 2.7825 0.0225 -0.570691 0.640981 0.513279 153 143 136
3.2925 2.7825 0.0319866 -0.305685 0.432567 0.8482 194 189 185
3.2925 2.78902 0.0225 -0.492362 0.692226 0.527639 153 142 136
3.2925 2.7975 0.00831803 -0.369642 0.522784 0.768155 45 26 17
3.2925 2.8125 0.00863432 -0.00309936 0.0447723 0.998992 54 33 17
3.2925 2.8725 0.00811879 0 0 1 57 31 15
3.3075 2.7525 0.0131173 0.148431 -0.541617 0.827417 49 34 27
3.3075 2.7584 0.0225 0.243807 -0.761618 0.600413 119 111 108
3.3075 2.7675 0.0341358 0.175789 -0.481503 0.858634 218 222 225
3.3075 2.77893 0.0375 -0.0149745 -0.690122 0.723538 60 62 66
3.30529 2.7825 0.0375 -0.407764 0.237494 0.88166 37 37 40
3.3075 2.7825 0.0393499 -0.653459 0.312132 0.689613 11 13 17
3.30155 2.7975 0.0225 -0.597351 0.580471 0.553376 118 105 100
3.3075 2.78371 0.0375 -0.550875 0.498199 0.669578 14 14 18
3.3075 2.7975 0.0289221 -0.547086 0.532092 0.646201 103 93 89
3.3075 2.80305 0.0225 -0.441354 0.754005 0.486501 117 105 99
3.3075 2.8125 0.00825265 -0.302379 0.452571 0.838896 49 31 19
3.3075 2.8275 0.00799414 -0.101164 0.157599 0.982308 56 33 16
3.3225 2.7375 0.00918864 -0.0194976 -0.155414 0.987657 61 34 20
3.3225 2.7525 0.0101312 0.14073 -0.503206 0.85263 56 34 21
3.3225 2.76493 0.0225 0.271985 -0.682101 0.678795 130 122 122
3.3225 2.7675 0.0251762 0.248239 -0.678872 0.691021 137 133 135
3.3225 2.77666 0.0375 0.0404473 -0.862933 0.503698 96 100 104
3.3225 2.7825 0.0499178 -0.240684 -0.27617 0.930484 111 124 137
3.31897 2.7975 0.0375 -0.611827 0.564797 0.553779 17 15 15
3.3225 2.7975 0.0446167 -0.45186 0.551463 0.701221 8 12 14
3.3225 2.80718 0.0225 -0.34007 0.813132 0.472407 36 26 21
3.3225 2.8125 0.0138509 -0.351493 0.417097 0.838142 47 33 24
3.3225 2.7997 0.0375 -0.392706 0.813474 0.429001 16 15 15
3.3375 2.7075 0.00838501 0 0 1 62 37 20
3.3375 2.7375 0.00923689 0.0701442 -0.137404 0.988028 62 36 22
3.3375 2.7525 0.01091 0.0765286 -0.284908 0.955495 61 37 22
3.32986 2.7675 0.0225 0.205077 -0.781184 0.589657 99 91 92
3.3375 2.7675 0.0196114 0.176889 -0.598552 0.78131 51 39 38
3.3375 2.76927 0.0225 0.22608 -0.803145 0.551222 70 61 62
3.3375 2.77838 0.0375 0.226824 -0.860013 0.457086 170 172 177
3.3375 2.7825 0.0472079 0.306299 -0.601874 0.737515 215 223 235
3.3375 2.7975 0.0490044 -0.0135143 0.127578 0.991736 30 43 51
3.3295 2.8125 0.0225 -0.544629 0.589657 0.596393 35 26 19
3.3375 2.80801 0.0375 -0.337114 0.757269 0.559372 19 21 20
3.3375 2.8125 0.0301203 -0.406561 0.747887 0.52476 23 19 14
3.3375 2.81808 0.0225 -0.262588 0.787252 0.557926 31 22 16
3.3375 2.8275 0.00762834 -0.238832 0.671475 0.701484 45 28 18
3.3525 2.7525 0.00915754 0.09742 -0.227278 0.968945 63 39 24
3.3525 2.7675 0.0143021 0.200659 -0.509721 0.836612 52 32 23
3.3525 2.77553 0.0225 0.280398 -0.758759 0.58793 75 64 60
3.3505 2.7825 0.0375 0.268334 -0.612699 0.743368 112 111 117
3.3525 2.7825 0.0359507 0.358508 -0.804922 0.472835 95 93 99
3.3525 2.78526 0.0375 0.41377 -0.706483 0.574175 103 103 110
3.3525 2.79741 0.0525 0.157984 -0.757837 0.633027 99 111 121
3.35222 2.7975 0.0525 -0.176372 0.712441 0.679206 98 110 120
3.3525 2.7975 0.0527145 0 0 1 99 111 121
3.34873 2.8125 0.0375 -0.422875 0.652804 0.628509 17 18 17
3.3525 2.79787 0.0525 -0.10801 0.590593 0.799708 97 109 118
3.3525 2.8125 0.043307 -0.577423 0.391955 0.716208 13 16 17
3.3525 2.82258 0.0225 -0.304459 0.823888 0.478031 35 28 22
3.3525 2.8275 0.0153728 -0.419493 0.558571 0.715559 45 31 21
3.3525 2.81493 0.0375 -0.534961 0.758749 0.371641 20 20 19
3.3525 2.8275 0.241699 -0.759348 -0.0403827 -0.64943 18 21 17
3.3525 2.8425 0.00781958 -0.295693 0.399983 0.867514 53 35 22
3.35278 2.7975 0.0525 0.386213 6.56598e-16 0.92241 101 112 122
3.36618 2.7975 0.2325 -0.901587 -0.180541 -0.393123 33 36 29
3.35697 2.8125 0.0525 -0.93775 0.0646266 0.341244 9 13 14
3.36007 2.8125 0.0675 -0.931726 0.0542453 0.359087 12 18 14
3.36434 2.8125 0.0825 -0.764662 -0.604397 0.223599 6 11 8
3.36661 2.8125 0.2175 -0.961153 -0.049504 -0.27154 32 35 32
3.36462 2.8125 0.2325 -0.895378 -0.143035 -0.421711 20 25 19
3.35369 2.8125 0.2475 -0.767285 -0.202939 -0.608349 16 20 16
3.35992 2.8275 0.0225 -0.666698 0.7018 0.250982 37 29 20
3.36217 2.8275 0.0375 -0.737843 0.639803 0.215034 26 21 14
3.3668 2.8275 0.0525 -0.744459 0.598914 0.295098 16 14 7
3.36169 2.8275 0.2325 -0.85657 -0.056733 -0.512903 15 20 16
3.3675 2.8275 0.223615 -0.831987 0.131897 -0.538888 22 28 24
3.35802 2.8425 0.2325 -0.86167 0.246217 -0.443736 15 17 13
3.3675 2.8425 0.222992 -0.750694 0.109328 -0.651542 13 16 13
3.35622 2.8425 0.2475 -0.959749 0.112123 -0.257506 17 18 15
3.3675 2.85078 0.2325 -0.525627 0.601676 -0.601417 14 18 13
3.36055 2.8575 0.2475 -0.844028 0.443554 -0.301458 18 20 15
3.3675 2.8575 0.237999 -0.606599 0.581803 -0.541797 15 19 13
3.6525 2.9025 0.00802522 0.755145 -0.0875859 0.649681 40 40 33
3.6975 2.89535 0.0225 -0.454703 -0.693227 -0.559179 42 39 35
3.6866 2.9025 0.0225 -0.454703 -0.693227 -0.559179 90 87 82
3.6975 2.9025 0.0136334 -0.454703 -0.693227 -0.559179 45 42 39
3.6375 2.63075 0.6225 0 -1 0 131 134 136
3.62635 2.6325 0.6225 -1 0 0 106 113 123
3.6375 2.6325 0.620746 -1.31385e-17 0 -1 121 125 127
3.6375 2.6325 0.624254 -1.31385e-17 0 1 134 137 137
3.6375 2.63574 0.6225 0 1 0 121 127 131
3.63925 2.6325 0.6225 1 0 0 130 134 136
3.7125 2.64219 0.5025 2.52541e-17 -1 0 109 125 147
3.3825 2.6625 0.0058414 0.0220373 -0.0106557 0.9997 74 47 31
3.3825 2.6775 0.00452836 0.0256 -0.0195598 0.999481 71 45 29
3.3825 2.6925 0.00575904 0.0657194 -0.0579033 0.996157 69 44 29
3.3825 2.7075 0.00683829 0.0343223 -0.0473044 0.998291 61 37 21
3.3825 2.7375 0.00619883 0.0779287 -0.0317754 0.996452 57 34 20
3.3825 2.8575 0.00630466 -0.156917 0.283559 0.946029 46 31 20
3.3825 2.8725 0.00330291 -0.059977 0.104298 0.992736 51 33 23
3.3975 2.6625 0.00340929 0.0744562 -0.0205417 0.997013 75 48 31
3.3975 2.6775 0.00319447 0.0729827 -0.0279457 0.996942 73 46 30
3.3975 2.6925 0.00465194 0.0434194 -0.0334962 0.998495 71 44 28
3.3975 2.7075 0.00383082 0.0478382 -0.0252013 0.998537 65 39 24
3.3975 2.7225 0.00460831 0.0802119 -0.00252237 0.996775 57 33 18
3.3975 2.7375 0.00494365 0.0712943 -0.0580826 0.995763 58 34 20
3.3975 2.7525 0.00661618 0.113618 -0.0875501 0.989659 54 33 19
3.3975 2.8725 0.00421881 -0.116099 0.200756 0.972737 43 27 19
3.4125 2.6625 0.00354663 -0.0015557 -0.015943 0.999872 74 47 30
3.4125 2.6775 0.00273387 -0.00969436 -0.0251784 0.999636 73 45 30
3.4125 2.6925 0.00408444 0.0170848 -0.0443345 0.998871 71 44 28
3.4125 2.7075 0.00460027 0.0427197 -0.0287871 0.998672 65 39 24
3.4125 2.7225 0.00587971 0.0260096 -0.0117578 0.999593 55 33 18
3.4125 2.7375 0.00442834 0.00103658 0.00359031 0.999993 55 32 18
3.4125 2.7525 0.00478733 0.0426712 -0.00431075 0.99908 55 30 19
3.4125 2.7675 0.00467708 0.121342 -0.0144618 0.992505 51 32 17
3.4125 2.7825 0.00442761 0.151863 -0.108621 0.982415 52 35 23
3.4125 2.8725 0.0062655 -0.141514 0.218116 0.965608 44 29 22
3.4275 2.6625 0.00334417 0.0622963 -0.0460776 0.996993 75 47 30
3.4275 2.6775 0.00326758 0.0328581 -0.0356981 0.998822 74 47 31
3.4275 2.6925 0.00467368 0.00517421 -0.0254904 0.999662 70 44 28
3.4275 2.7075 0.00347802 -0.00317218 0.0191102 0.999812 65 40 25
3.4275 2.7225 0.0033029 0.0392657 -0.0248651 0.998919 58 34 20
3.4275 2.7375 0.00392789 0.0392474 -0.0311619 0.998744 54 32 19
3.4275 2.7525 0.00545417 0.0108652 0.00718844 0.999915 56 35 21
3.4275 2.7675 0.00367248 0.0130773 0.0351502 0.999296 54 33 18
3.4275 2.7825 0.00404086 0.0449996 -0.0679629 0.996673 50 32 18
3.4275 2.7975 0.00634261 0.134625 -0.17944 0.974514 51 31 22
3.4425 2.6625 0.00154713 0.0279821 -0.0364576 0.998943 67 41 25
3.4425 2.6775 0.00200426 0.0448103 -0.0476003 0.997861 73 46 29
3.4425 2.6925 0.00337463 0.0364869 -0.0809109 0.996053 69 44 28
3.4425 2.7075 0.00389809 -0.0272189 -0.0114913 0.999563 62 38 22
3.4425 2.7225 0.00440357 -0.138793 -0.0355556 0.989683 57 33 19
3.4425 2.7375 0.00446467 -0.0915203 0.0482849 0.994632 56 37 25
3.4425 2.7525 0.00442161 0.059614 0.00804201 0.998189 56 35 23
3.4425 2.7675 0.00392643 0.0493491 0.0241423 0.99849 53 32 20
3.4425 2.7825 0.00369755 0.00756389 -0.0461602 0.998905 52 32 19
3.4425 2.7975 0.00474384 0.0147298 -0.154859 0.987827 50 30 18
3.4575 2.6625 0.0024476 0.00846472 -0.0416774 0.999095 61 38 21
3.4575 2.6775 0.00231682 -0.00706495 -0.0276172 0.999594 60 37 19
3.4575 2.6925 0.00303162 -0.0119881 -0.123573 0.992263 59 38 22
3.4575 2.7075 0.0051487 -0.0891099 -0.112043 0.9897 55 35 17
3.4575 2.7525 0.00336596 -0.100041 0.109765 0.98891 58 38 22
3.4575 2.7675 0.00219108 -0.0419821 0.00982445 0.99907 55 35 18
3.4575 2.7825 0.00324479 -0.131389 -0.0947439 0.986793 54 32 16
3.4575 2.7975 0.00540055 -0.0653383 -0.189448 0.979714 52 31 13
3.4725 2.6625 0.00128438 0.0575377 -0.0769616 0.995372 61 39 22
3.4725 2.6775 0.00197147 -0.00949075 -0.0902346 0.995875 61 38 18
3.4725 2.6925 0.00283285 -0.0629185 -0.110715 0.991859 59 37 17
3.4725 2.7075 0.00700705 -0.000446077 -0.125838 0.992051 58 37 18
3.4725 2.7225 0.00735778 0.00726189 -0.0406681 0.999146 58 38 19
3.4725 2.7375 0.0061373 -0.0469698 0.0507585 0.997606 55 33 11
3.4725 2.7525 0.00706205 -0.153552 -0.00860247 0.988103 55 33 9
3.4725 2.7675 0.00603005 -0.262062 -0.0228555 0.96478 60 40 14
3.4875 2.6625 0.000939871 -0.112806 -0.0548437 0.992102 63 41 21
3.4875 2.6775 0.00143294 -0.0968342 -0.127006 0.987164 64 40 17
3.4875 2.6925 0.00662153 -0.0833471 -0.128583 0.98819 67 43 18
3.4875 2.7075 0.00588173 -0.0666348 -0.056814 0.996159 60 36 12
3.4875 2.7225 0.00613095 0.0108141 -0.0403286 0.999128 72 48 20
3.4875 2.7375 0.00727941 -0.0333371 -0.0239796 0.999156 90 66 37
3.5025 2.6625 0.00245428 -0.118481 -0.0939704 0.9885 68 44 19
3.5025 2.6775 0.0067362 -0.157496 -0.106223 0.98179 70 46 17
3.5025 2.6925 0.00626498 -0.103912 -0.0813532 0.991254 112 85 53
3.5025 2.7675 0.00732567 0.0250333 0.012362 0.99961 132 107 72
3.5175 2.6625 0.00630771 -0.120017 -0.0966397 0.988057 127 102 69
3.5175 2.6775 0.00669138 -0.0898641 -0.0970831 0.991211 143 116 81
3.5175 2.7825 0.00668457 0.0906434 0.00645534 0.995862 122 100 71
3.5175 2.8125 0.0065895 0.154127 0.0995395 0.983024 111 91 69
3.5175 2.8275 0.00507444 0.185886 0.0301218 0.98211 94 75 56
3.5175 2.8425 0.00616105 0.273627 -0.09812 0.956818 83 66 50
3.5325 2.6625 0.00646811 -0.0859827 -0.110838 0.990112 153 127 90
3.5325 2.7675 0.0058666 0.0920969 0.0956595 0.991144 116 96 70
3.5325 2.7825 0.00532109 0.103975 0.00886043 0.99454 100 81 57
3.5325 2.7975 0.00594494 0.138777 0.0268034 0.989961 78 61 41
3.5325 2.8125 0.00400051 0.105506 0.0876613 0.990547 69 53 37
3.5325 2.8275 0.00307869 0.100247 0.0736595 0.992232 53 38 24
3.5325 2.8425 0.00188311 0.151037 -0.0221584 0.98828 45 31 19
3.5325 2.8575 0.00339691 0.141653 -0.0931553 0.985523 38 27 17
3.5175 2.8725 0.00176638 -0.0542675 0.0541154 0.997059 54 48 40
3.5475 2.7525 0.00680995 0.0492953 0.0999684 0.993769 70 52 30
3.5475 2.7675 0.0052414 0.00675287 0.0828108 0.996542 61 43 23
3.5475 2.7825 0.00409933 0.0214378 0.061791 0.997859 54 39 21
3.5475 2.7975 0.00327447 0.0590489 0.0114675 0.998189 52 37 22
3.5475 2.8125 0.00305802 0.0322429 0.0661244 0.99729 42 31 18
3.5475 2.8275 0.00215317 0.0263661 0.0554985 0.998111 36 27 15
3.5475 2.8425 0.00122178 0.0229517 0.0383195 0.999002 36 24 14
3.5475 2.8575 0.00151663 0.06832 -0.105269 0.992094 34 24 15
3.5475 2.8725 0.00379857 0.138644 -0.242474 0.9602 30 23 13
3.5625 2.7375 0.00697345 -0.0186388 0.0662146 0.997631 52 37 19
3.5625 2.7525 0.00628155 -0.0447906 0.0478548 0.99785 49 33 15
3.5625 2.7675 0.00537847 -0.0355406 0.0865254 0.995615 48 33 17
3.5625 2.7825 0.00456736 -0.0256902 0.0470789 0.998561 47 33 19
3.5625 2.7975 0.0034736 -0.0545315 0.0287816 0.998097 42 28 17
3.5625 2.8125 0.00389842 -0.156058 0.00836806 0.987712 39 27 17
3.5625 2.8275 0.00211807 -0.157104 0.0877845 0.983673 36 26 16
3.5625 2.8425 0.00170806 -0.0913938 0.0493117 0.994593 34 23 14
3.5625 2.8575 0.00072453 -0.206675 -0.0854777 0.974669 31 22 14
3.5625 2.8725 0.00360687 -0.0952817 -0.28548 0.953637 28 22 14
3.5775 2.7675 0.00720531 -0.0533089 0.0740135 0.995831 43 30 16
3.5775 2.7825 0.00438067 -0.0737013 0.0669083 0.995033 57 44 32
3.5775 2.7975 0.00508928 -0.14182 -0.0706171 0.98737 53 42 32
3.5775 2.8275 0.00743139 -0.352779 0.139161 0.9253 71 62 52
3.5775 2.8425 0.00468522 -0.340633 -0.00439026 0.940186 58 50 40
3.5925 2.7525 0.00662032 -0.0077542 0.0210297 0.999749 100 90 78
3.5925 2.7675 0.00704631 -0.0423904 0.00762187 0.999072 68 56 44
3.5925 2.7825 0.00643153 -0.132097 0.0128763 0.991153 76 65 54
3.61832 2.6775 0.4275 0.525681 -0.52469 0.669597 88 86 75
3.6225 2.68158 0.4275 0.486667 -0.499698 0.716559 89 87 77
3.6225 2.6925 0.435115 0.419083 -0.347858 0.838668 76 74 62
3.61289 2.7075 0.4425 0.499053 -0.369501 0.783846 55 58 51
3.6225 2.7075 0.437317 0.308839 -0.268063 0.912557 60 61 51
3.6225 2.71791 0.4425 0.360708 -0.449657 0.817128 54 57 50
3.6225 2.7225 0.445723 0.368833 -0.369846 0.852746 54 57 51
3.6225 2.7375 0.451046 0.251679 -0.163318 0.953931 44 47 47
3.6225 2.7525 0.451696 0.0682668 0.207731 0.975801 39 46 44
3.61137 2.7675 0.4425 -0.191852 0.458885 0.867535 46 53 52
3.6225 2.7675 0.445187 -0.0995963 0.352728 0.93041 45 53 51
3.6225 2.77281 0.4425 -0.205582 0.296064 0.932782 46 54 52
3.6225 2.7825 0.440206 -0.20524 0.224103 0.952709 45 54 51
3.6225 2.7975 0.437469 -0.24616 0.225789 0.942563 43 55 55
3.6225 2.8125 0.433493 -0.25231 0.221366 0.941985 48 62 70
3.6132 2.8275 0.4275 -0.24231 0.14483 0.959328 50 70 88
3.6225 2.8275 0.429954 -0.282577 0.114678 0.952365 46 61 67
3.61839 2.8425 0.4275 -0.231064 0.0372493 0.972225 48 65 74
3.6225 2.8425 0.428714 -0.379909 -0.0133353 0.924928 47 61 65
3.6158 2.8575 0.4275 -0.230611 -0.0579751 0.971317 48 67 82
3.6225 2.8575 0.429508 -0.370032 -0.0918802 0.924465 46 61 67
3.61009 2.8725 0.4275 -0.278348 -0.0855348 0.956664 47 65 83
3.6225 2.8725 0.431459 -0.371431 -0.105376 0.922461 44 57 62
3.62968 2.6625 0.4125 0.635467 0.259861 0.727086 96 98 87
3.6225 2.6625 0.418775 0.748279 0.232488 0.621312 131 133 121
3.6375 2.67287 0.4125 0 -0.502885 0.864353 93 91 78
3.63542 2.6775 0.4125 -0.74637 -0.334686 0.575255 94 91 78
3.6225 2.66622 0.4125 0.407391 0.785339 0.466127 100 102 91
3.6375 2.6775 0.415194 0.154598 -0.184147 0.970664 108 104 91
3.63372 2.6925 0.4275 0.495214 -0.480012 0.724122 98 93 80
3.6375 2.69669 0.4275 0.572328 -0.447712 0.687019 98 92 78
3.6375 2.7075 0.434546 0.376827 -0.383989 0.842944 91 88 74
3.63036 2.7225 0.4425 0.301392 -0.434201 0.8489 53 56 49
3.6375 2.7225 0.440044 0.291787 -0.342746 0.892965 56 58 48
3.6375 2.7269 0.4425 0.409692 -0.384968 0.827014 54 55 47
3.6375 2.7375 0.446843 0.293579 -0.265809 0.918236 53 52 47
3.6375 2.7525 0.448538 0.183095 0.0568831 0.981448 45 51 49
3.6375 2.7675 0.444909 0.0451881 0.169623 0.984473 45 53 52
3.63213 2.7825 0.4425 -0.243316 0.25932 0.934639 44 53 50
3.6375 2.7825 0.443466 -0.0886262 0.129985 0.987547 42 52 49
3.6375 2.78893 0.4425 -0.194575 0.190906 0.962131 44 53 50
3.6375 2.7975 0.440607 -0.196236 0.215905 0.956492 44 54 50
3.6375 2.8125 0.436866 -0.245621 0.176698 0.953126 46 56 54
3.6375 2.8275 0.433749 -0.320846 0.0727364 0.944334 45 55 54
3.6375 2.8425 0.435343 -0.344267 -0.0514982 0.937458 45 55 54
3.6375 2.8575 0.436429 -0.416119 -0.0955011 0.904281 43 54 54
3.6375 2.8725 0.437989 -0.432886 -0.129728 0.892065 35 48 50
3.6525 2.65987 0.4125 0.249107 -0.804133 0.539737 62 60 53
3.64738 2.6625 0.4125 -0.739248 0 0.673433 69 69 61
3.6525 2.6625 0.418121 -5.53131e-17 0 1 58 57 49
3.6525 2.666 0.4125 0.356829 0.877066 0.321603 82 81 72
3.64062 2.6775 0.4125 0.653822 0 0.756648 107 104 91
3.6375 2.67924 0.4125 0.424935 0.759999 0.491764 97 93 81
3.64546 2.7075 0.4275 0.574492 -0.523865 0.628907 85 81 67
3.6525 2.71494 0.4275 0.657438 -0.640739 0.396521 80 77 64
3.6525 2.7225 0.434819 0.427875 -0.405415 0.807813 81 78 66
3.64563 2.7375 0.4425 0.459402 -0.37489 0.805237 57 54 47
3.6525 2.7375 0.438329 0.352817 -0.26563 0.897196 63 60 52
3.6525 2.74591 0.4425 0.486673 -0.388867 0.782261 56 55 46
3.6525 2.7525 0.445904 0.318514 -0.108094 0.941735 60 60 54
3.6525 2.7675 0.443906 0.0928406 0.022286 0.995432 44 52 49
3.6525 2.7825 0.445054 -0.138495 0.0375169 0.989652 40 50 46
3.64798 2.7975 0.4425 -0.154673 0.185086 0.970474 45 54 50
3.6525 2.7975 0.443206 -0.0684813 0.251901 0.965327 44 53 49
3.6525 2.80119 0.4425 0.0400192 0.210254 0.976827 44 53 50
3.6525 2.8125 0.439928 -0.182787 0.069421 0.980699 43 51 50
3.6525 2.8275 0.440935 -0.390289 0.046498 0.919517 42 52 52
3.6525 2.8425 0.440588 -0.386839 -0.0826059 0.91844 40 49 51
3.6525 2.85123 0.4425 -0.677085 -0.29512 0.674137 34 45 50
3.64953 2.8575 0.4425 -0.478899 -0.171482 0.860959 33 45 50
3.6525 2.8575 0.445143 -0.764027 -0.273014 0.584573 31 44 52
3.64551 2.8725 0.4425 -0.669281 -0.238372 0.703734 29 42 50
3.6525 2.8725 0.451918 -0.796961 -0.306083 0.520736 28 46 62
3.6525 2.87904 0.4575 -0.887405 -0.370293 0.274583 28 48 70
3.66521 2.6625 0.3975 0.88622 0.00171957 0.463261 53 53 45
3.65737 2.6625 0.4125 0.855597 0.00118524 0.517641 58 57 48
3.6675 2.66029 0.4425 -0.0824026 -0.990104 0.113598 66 63 53
3.66578 2.6625 0.4425 -1 0 0 61 59 49
3.6675 2.6625 0.438528 -0.685572 -0.548061 -0.479187 62 59 49
3.6675 2.6625 0.450049 -0.101447 0.429671 0.897269 66 65 55
3.6525 2.66855 0.3975 0.468198 0.861742 0.195425 91 94 85
3.6675 2.66585 0.4425 -0.160453 0.986994 0.00985255 90 87 75
3.66701 2.7225 0.4125 0.670446 -0.671052 0.31653 68 65 53
3.6525 2.70759 0.4125 0.678266 -0.659955 0.323133 74 68 56
3.65996 2.7225 0.4275 0.617201 -0.629172 0.472446 73 72 59
3.6675 2.72302 0.4125 0.871294 -0.45078 0.194022 67 65 53
3.6675 2.72948 0.4275 0.739707 -0.607242 0.289984 77 75 64
3.6675 2.7375 0.434592 0.449396 -0.313689 0.836446 84 79 67
3.65764 2.7525 0.4425 0.443613 -0.0933673 0.891342 56 56 49
3.6675 2.7525 0.436468 0.379778 -0.252204 0.890035 63 63 56
3.65582 2.7675 0.4425 0.307743 -0.294311 0.904807 49 56 52
3.6675 2.7675 0.439278 0.250408 -0.214666 0.944041 61 65 60
3.6675 2.77379 0.4425 0.320239 -0.520312 0.791658 53 58 52
3.6675 2.7825 0.449215 0.105787 -0.00600817 0.994371 33 41 35
3.6675 2.79201 0.4425 0.299279 0.526756 0.795588 36 44 39
3.65457 2.7975 0.4425 0.229266 0.374707 0.89835 43 53 49
3.6675 2.7975 0.439378 -0.0172505 0.0129657 0.999767 37 46 42
3.6675 2.80473 0.4425 -0.372733 -0.556686 0.742409 35 43 41
3.6572 2.8125 0.4425 -0.437355 -0.29408 0.849846 40 47 48
3.6675 2.8125 0.448215 -0.428906 -0.102428 0.897523 32 41 43
3.65436 2.8275 0.4425 -0.516922 -0.040029 0.855096 40 50 51
3.6675 2.8275 0.450393 -0.391573 -0.150628 0.907734 29 40 49
3.65673 2.8425 0.4425 -0.671972 -0.189037 0.716044 36 46 51
3.6675 2.8425 0.455218 -0.493769 -0.347007 0.797357 29 46 63
3.6675 2.84545 0.4575 -0.856578 -0.37445 0.355051 29 47 66
3.66214 2.8575 0.4575 -0.810427 -0.359328 0.4627 29 48 66
3.6675 2.85325 0.4725 -0.919046 -0.362206 0.155442 27 50 73
3.66578 2.8575 0.4725 -0.892502 -0.422899 0.156833 27 50 73
3.6675 2.8575 0.484963 -0.876629 -0.466014 0.119803 28 51 80
3.65538 2.8725 0.4575 -0.873717 -0.373725 0.311366 29 48 69
3.65865 2.8725 0.4725 -0.909095 -0.399319 0.118705 29 50 79
3.6825 2.65826 0.3975 -0.226246 -0.95117 0.209973 55 50 44
3.67132 2.6625 0.3975 -0.842425 0.231648 0.486475 49 48 41
3.6825 2.66155 0.4125 -0.106469 -0.973752 0.201175 61 54 43
3.68001 2.6625 0.4125 -0.937405 -0.318566 0.140669 57 51 39
3.6825 2.65889 0.4275 0.00367829 -0.997648 -0.0684537 62 54 46
3.67517 2.6625 0.4275 -0.860642 0.077217 -0.503322 53 46 37
3.6825 2.66116 0.4425 0.200557 -0.963507 0.17729 49 46 38
3.6825 2.6625 0.446104 0.188662 -0.799064 0.57088 42 39 32
3.6825 2.66228 0.4725 0 -1 0 57 56 49
3.68197 2.6625 0.4725 -1 0 0 57 56 49
3.6825 2.6625 0.471803 0 0 -1 55 54 47
3.6825 2.6625 0.473127 0 0 1 57 56 50
3.6825 2.66644 0.3975 -0.477707 0.860969 0.174722 54 51 45
3.6825 2.66339 0.4125 -0.2256 0.959915 0.166337 62 56 44
3.6825 2.6659 0.4275 0.0473106 0.997645 -0.0496672 60 53 45
3.6825 2.66383 0.4425 0.162076 0.957534 0.238454 53 49 41
3.6825 2.66298 0.4725 0 1 0 59 59 51
3.67477 2.7375 0.4125 0.825451 -0.55498 0.103088 61 64 53
3.67536 2.7375 0.4275 0.700652 -0.56508 0.435628 84 81 69
3.6825 2.75116 0.4275 0.734722 -0.433084 0.522131 66 61 52
3.6825 2.7525 0.428613 0.49869 -0.323719 0.804061 66 62 53
3.6825 2.7675 0.437375 0.421555 -0.318548 0.84901 91 93 84
3.68053 2.7825 0.4425 0.433137 0.117669 0.893614 35 43 36
3.6825 2.7825 0.441643 0.0842017 -0.361329 0.928629 36 43 37
3.6825 2.7975 0.442443 -0.194125 -0.167279 0.966609 32 42 37
3.6825 2.79817 0.4425 -0.667176 -0.579561 0.467958 32 41 37
3.6825 2.80975 0.4575 -0.819311 -0.430929 0.378192 27 36 36
3.68216 2.8125 0.4575 -0.605811 -0.334853 0.721711 26 36 37
3.6825 2.8125 0.462997 -0.98781 0.13993 0.0682025 26 35 37
3.6825 2.81429 0.4575 -0.737781 0.316842 0.596062 27 37 39
3.6825 2.8275 0.450602 -0.442931 -0.163398 0.88154 28 41 51
3.6825 2.82978 0.4575 -0.702584 -0.704278 0.101826 29 44 56
3.6687 2.8425 0.4575 -0.695084 -0.693026 0.191243 29 47 65
3.6825 2.83017 0.4725 -0.756257 -0.653199 0.0374903 28 43 57
3.67171 2.8425 0.4725 -0.833065 -0.543865 0.101064 28 50 72
3.69434 2.6625 0.3825 0.495674 -0.746095 -0.444578 64 60 52
3.6825 2.65491 0.3825 0.181035 -0.97452 -0.132429 79 75 67
3.6975 2.65566 0.3975 0.217081 -0.973981 0.0650915 76 69 58
3.6975 2.6625 0.386491 0.665555 -0.0881955 -0.741119 62 57 48
3.68641 2.6625 0.4125 0.55372 0.208311 0.806226 60 53 41
3.6975 2.6625 0.40942 0.521173 -0.0912969 0.848554 61 55 44
3.69084 2.6625 0.4275 0.997859 0.0633653 0.0161999 64 56 47
3.68538 2.6625 0.4425 0.608955 0.756308 0.239108 48 44 37
3.68281 2.6625 0.4725 1 0 0 55 55 48
3.6975 2.67702 0.3975 0.29331 0.89155 0.345119 101 98 87
3.6842 2.7525 0.4275 0.653447 -0.364709 0.663321 67 63 54
3.6919 2.7675 0.4275 0.486334 -0.56411 0.667277 80 81 73
3.6975 2.77597 0.4275 0.352459 -0.870448 0.343647 77 80 71
3.6975 2.7675 0.42341 0.635453 -0.423179 0.645848 87 87 79
3.6975 2.77805 0.4425 -0.169034 -0.977682 0.124757 53 58 48
3.68705 2.7825 0.4425 -0.746155 -0.570645 0.342953 34 41 34
3.6975 2.77248 0.4575 -0.6237 -0.770827 -0.129706 31 36 29
3.68979 2.7825 0.4575 -0.856096 -0.509695 0.0854984 30 36 31
3.6975 2.77637 0.4725 -0.754433 -0.65305 0.0659993 31 38 32
3.69256 2.7825 0.4725 -0.875852 -0.468734 0.114768 29 37 32
3.68263 2.7975 0.4425 -0.916444 -0.300186 0.264611 32 41 37
3.68425 2.7975 0.4575 -0.955646 -0.270131 0.117342 28 36 33
3.68612 2.7975 0.4725 -0.944046 -0.324298 0.0600751 27 35 33
3.6832 2.8125 0.4725 -0.997672 -0.061512 0.0294341 25 35 36
3.68502 2.8275 0.4575 -0.994859 0.0497621 0.0882029 28 42 52
3.68488 2.8275 0.4725 -0.999696 -0.0240681 0.00532141 27 41 52
3.705 2.6625 0.3675 0.707107 -0.707107 0 105 94 79
3.6975 2.655 0.3675 0.707107 -0.707107 0 106 96 80
3.6975 2.6625 0.360004 0.57735 -0.57735 -0.57735 87 78 63
3.6975 2.6625 0.379473 0.646577 -0.646577 0.404817 71 65 54
3.71017 2.6625 0.3975 1 -5.53356e-17 0 85 75 63
3.7125 2.65733 0.4725 -0.288366 -0.939983 0.182421 87 90 90
3.71012 2.6625 0.4725 -1 0 0 60 62 60
3.7125 2.6625 0.469863 -0.738657 -0.323263 -0.591513 62 64 63
3.7125 2.6625 0.481367 -0.364139 0.657199 0.659919 70 76 81
3.7125 2.66862 0.3825 -0.404276 -0.89615 -0.182967 84 80 69
3.70632 2.6775 0.3825 -0.776559 0.551596 -0.304463 97 94 84
3.7125 2.66511 0.3975 -0.347205 -0.935117 0.0707397 90 80 67
3.69804 2.6775 0.3975 -0.999693 -0.0237232 0.00720413 102 99 88
3.7125 2.66681 0.4125 -0.263844 -0.871383 0.413615 79 71 59
3.7075 2.6775 0.4125 -0.880494 -0.314675 0.354557 83 77 64
3.7125 2.6775 0.425198 -0.455976 0.451009 0.767253 72 69 54
3.7125 2.66425 0.4725 -0.277948 0.960046 -0.0325006 70 73 72
3.7125 2.6833 0.3825 -0.212464 0.977163 0.00330688 114 110 97
3.7125 2.68317 0.3975 -0.234954 0.971801 0.0199908 109 103 88
3.7125 2.68201 0.4125 -0.256312 0.944659 0.204754 105 98 81
3.70792 2.7075 0.3675 0.381833 -0.65353 0.65353 121 118 106
3.6975 2.70141 0.3675 0.381833 -0.65353 0.65353 124 123 113
3.6975 2.7075 0.373587 0.381833 -0.65353 0.65353 122 116 105
3.70803 2.7675 0.4125 0.6158 -0.462346 0.637986 70 69 59
3.6975 2.75426 0.4125 0.624701 -0.496493 0.602696 71 66 55
3.7125 2.7655 0.4575 -0.208409 -0.973823 -0.0907416 43 44 36
3.70359 2.7675 0.4575 -0.406598 -0.835492 -0.369636 32 35 28
3.7125 2.7675 0.454269 -0.385714 -0.71708 -0.580535 46 47 38
3.7125 2.76579 0.4725 -0.18977 -0.981821 0.00384708 41 45 38
3.70597 2.7675 0.4725 -0.529399 -0.846429 0.0574106 34 40 33
3.7125 2.77169 0.4125 0.329715 -0.882672 0.33493 68 67 57
3.7125 2.77761 0.4275 0.184498 -0.963461 0.194173 115 115 103
3.7125 2.77773 0.4425 -0.188939 -0.90957 -0.370114 51 54 45
3.70808 2.8125 0.4125 0.842395 -0.222664 -0.490706 23 30 23
3.71205 2.8275 0.4125 0.875212 -0.201212 -0.439906 30 38 35
3.7125 2.8125 0.420087 0.715101 -0.114079 -0.689649 21 28 22
3.7125 2.8275 0.414577 0.824612 -0.438277 -0.35767 30 38 36
3.7125 2.82793 0.4125 0.641434 -0.751476 -0.154421 30 38 35
3.7275 2.65484 0.4575 -0.115199 -0.928783 -0.352265 89 88 83
3.72112 2.6625 0.4575 -0.781337 0.114515 -0.613514 54 56 53
3.7275 2.6625 0.45081 0 0 -1 82 84 79
3.7275 2.65632 0.4725 0.304144 -0.919849 0.247738 108 113 116
3.7275 2.6625 0.483617 0.228052 -0.411588 0.882376 70 80 89
3.7275 2.66535 0.3825 -0.211938 -0.972717 0.0943615 110 105 88
3.7275 2.66681 0.3975 0.00276735 -0.999866 0.01612 104 97 83
3.7275 2.66959 0.4125 0.152941 -0.952048 0.264979 91 86 71
3.7275 2.6775 0.427045 0.0311017 -0.481809 0.875724 74 72 57
3.7275 2.66722 0.4575 0.0361078 0.993109 -0.111489 61 63 61
3.7275 2.66564 0.4725 0.0575029 0.981877 0.180587 76 80 82
3.7275 2.68424 0.3825 -0.0626138 0.998031 -0.00380578 107 101 87
3.7275 2.6843 0.3975 -0.0706575 0.996099 0.052864 100 93 79
3.7275 2.68198 0.4125 -0.0276283 0.976711 0.212772 100 95 79
3.7275 2.76687 0.4425 -0.0930363 -0.950458 -0.296602 70 70 58
3.72644 2.7675 0.4425 -0.46763 -0.645076 -0.604317 69 69 57
3.7275 2.7675 0.441849 -0.134866 -0.754337 -0.642485 70 70 58
3.7275 2.7627 0.4575 -0.0620953 -0.99435 -0.0860936 63 64 52
3.7275 2.76321 0.4725 -0.077192 -0.996853 0.0180159 57 59 49
3.7275 2.78024 0.4125 0.187954 -0.982176 -0.00162659 112 110 98
3.7275 2.78171 0.4275 -0.0278364 -0.975097 -0.220027 88 89 78
3.7275 2.78686 0.4275 0.492919 0.801788 -0.337886 69 72 62
3.72328 2.7975 0.4275 0.966519 0.116907 -0.228417 33 37 30
3.7275 2.7975 0.431177 0.824565 0.350079 -0.444451 32 36 29
3.72586 2.8125 0.4275 0.971576 0.036421 -0.233907 27 33 28
3.7275 2.80782 0.4425 0.797508 0.554252 -0.238297 30 37 31
3.72368 2.8125 0.4425 0.988358 0.137478 -0.065182 27 34 30
3.7275 2.8075 0.4575 0.657839 0.752563 0.0299414 29 36 31
3.72469 2.8125 0.4575 0.952875 0.297745 0.0581063 27 34 29
3.7275 2.80619 0.4725 0.607719 0.793661 -0.0279125 32 39 35
3.72422 2.8125 0.4725 0.929613 0.367353 0.0295175 30 36 32
3.7232 2.8275 0.4275 0.913853 -0.0550132 -0.402301 29 37 35
3.72413 2.8275 0.4425 0.995125 0.041148 0.0896259 27 33 34
3.71986 2.8275 0.4575 0.99098 0.0805796 0.107081 29 36 36
3.71895 2.8275 0.4725 0.999634 -0.0241169 -0.01225 31 38 37
3.7275 2.84069 0.4125 0.657939 -0.740194 0.13867 12 20 18
3.72551 2.8425 0.4275 0.962173 -0.269531 -0.0396979 29 39 44
3.7275 2.8425 0.421762 0.603802 -0.782358 0.152774 22 32 34
3.72308 2.8425 0.4425 0.972382 -0.226171 0.0576146 30 40 48
3.72419 2.8425 0.4575 0.905711 -0.423073 -0.026408 27 37 42
3.72521 2.8425 0.4725 0.899102 -0.435312 -0.0460293 30 39 45
3.72649 2.8575 0.4275 0.933617 -0.334445 -0.128473 29 42 52
3.7275 2.84451 0.4425 0.660056 -0.625778 -0.415605 30 41 50
3.7275 2.8575 0.428449 0.793385 -0.447037 -0.413156 29 42 53
3.7275 2.84448 0.4575 0.475228 -0.879796 -0.0108235 29 39 46
3.7275 2.84457 0.4725 0.612466 -0.790318 -0.0168041 31 41 48
3.7275 2.85833 0.4275 0.526575 -0.639503 -0.560138 29 42 52
3.73908 2.6625 0.4575 0.936778 -0.2831 -0.205675 86 83 73
3.73477 2.6625 0.4725 0.82578 0.456286 0.331497 80 83 84
3.7425 2.67203 0.4425 -0.602772 -0.786201 0.136214 59 56 47
3.73749 2.6775 0.4425 -1 0 0 53 51 40
3.7425 2.6775 0.430583 -0.520125 -0.333705 -0.786201 71 67 57
3.7425 2.6775 0.455577 -0.62204 0.538612 0.568299 46 40 30
3.7425 2.68117 0.4425 -0.154361 0.987837 -0.0187491 63 58 49
3.7425 2.76683 0.4425 0.116556 -0.954482 -0.274553 95 93 79
3.7425 2.7675 0.44075 0.173306 -0.800925 -0.573135 98 96 82
3.7425 2.7629 0.4575 0.0987525 -0.985741 -0.136247 73 72 59
3.7425 2.76373 0.4725 0.152963 -0.988136 0.013796 71 70 58
3.73141 2.7825 0.4125 0.631162 -0.336645 -0.698788 110 109 97
3.7425 2.77739 0.4275 0.0382709 -0.841649 -0.538667 77 76 63
3.7425 2.7825 0.423437 0.605768 0.24504 -0.756968 63 64 52
3.7275 2.78473 0.4125 0.253229 0.931935 -0.25956 96 96 84
3.7425 2.78483 0.4275 0.199611 0.972383 -0.120939 40 42 31
3.7425 2.78522 0.4425 0.477741 0.816665 -0.323761 34 39 30
3.73036 2.7975 0.4425 0.756053 0.4474 -0.477721 31 38 32
3.7425 2.7968 0.4575 0.758408 0.641812 -0.113553 28 35 32
3.7417 2.7975 0.4575 0.673832 0.689191 -0.266395 28 35 32
3.7425 2.79675 0.4725 0.839968 0.530182 -0.115591 32 39 35
3.74168 2.7975 0.4725 0.557054 0.830233 0.0201111 32 39 35
3.7425 2.7975 0.472933 0.560103 0.79727 -0.225042 32 39 35
3.72931 2.8425 0.4125 0.700461 -0.700461 0.136782 12 20 19
3.73427 2.8575 0.4425 0.815556 -0.424885 -0.392862 29 40 54
3.7575 2.66061 0.4425 -3.21728e-17 -1 0 110 106 90
3.75446 2.6625 0.4425 -0.618342 -0.762012 0.192329 93 91 77
3.7575 2.6625 0.439401 0.131568 -0.662578 -0.737346 103 101 86
3.7575 2.6625 0.450083 0.382285 -0.732736 0.562988 93 90 78
3.7575 2.6775 0.429511 -0.157939 0.509891 -0.845616 80 79 70
3.7575 2.67253 0.4575 0.13348 -0.682584 0.718514 60 55 44
3.74858 2.6775 0.4575 -0.430714 -0.684238 0.588476 46 40 29
3.7575 2.6775 0.458478 2.68619e-18 0 1 46 42 31
3.7575 2.68209 0.4425 -0.162279 0.986623 -0.0154842 68 64 57
3.7575 2.67866 0.4575 -0.0467355 0.958801 0.280209 52 46 35
3.74313 2.6925 0.3525 0.515501 0.451743 0.728139 139 136 124
3.7425 2.69322 0.3525 0.515501 0.451743 0.728139 138 136 124
3.7425 2.6925 0.352946 0.515501 0.451743 0.728139 139 137 124
3.74656 2.7375 0.3525 0.57735 -0.57735 0.57735 101 87 72
3.7425 2.73344 0.3525 0.57735 -0.57735 0.57735 107 93 78
3.7425 2.7375 0.356556 0.57735 -0.57735 0.57735 95 81 66
3.74451 2.7675 0.4425 0.799478 -0.469111 -0.375192 92 91 76
3.7575 2.76647 0.4575 0.260096 -0.961959 -0.0835813 66 66 53
3.7575 2.7675 0.454575 0.684789 0.0712095 -0.725254 66 65 52
3.7528 2.7675 0.4725 0.990078 -0.127794 0.0584386 56 57 44
3.7575 2.7675 0.46379 0.771515 -0.515451 0.372928 60 60 47
3.7575 2.7675 0.480226 0.842318 0.281083 -0.459883 63 62 49
3.75123 2.7825 0.4275 0.758246 -0.392252 -0.52077 36 38 26
3.75598 2.7825 0.4425 0.938037 0.316622 -0.140842 34 37 28
3.7575 2.77812 0.4575 0.927605 0.283537 0.24322 40 44 35
3.75583 2.7825 0.4575 0.899372 0.410057 -0.151601 33 38 31
3.75149 2.7825 0.4725 0.910746 0.41105 0.0397521 38 43 37
3.74489 2.8275 0.3975 0.707107 0 0.707107 13 19 9
3.7425 2.82511 0.3975 0.57735 -0.57735 0.57735 12 18 8
3.7425 2.8275 0.399893 0.707107 0 0.707107 13 18 9
3.7425 2.83017 0.3975 0.597608 0.534537 0.597608 12 19 9
3.75939 2.6625 0.4425 0.601685 -0.798734 3.378e-17 105 101 86
3.7725 2.67229 0.4275 -0.356035 -0.907984 -0.220917 96 94 84
3.7592 2.6775 0.4275 -0.318576 -0.323133 -0.89112 82 81 73
3.7725 2.6775 0.419541 -0.513648 0 -0.858001 107 110 103
3.7725 2.67191 0.4425 0.355319 -0.920098 0.164828 95 90 76
3.76143 2.6775 0.4575 0.249804 0.67086 0.698244 45 39 27
3.7725 2.6775 0.453764 0.298943 0.113882 0.947451 46 40 29
3.7725 2.6775 0.485897 0 0 -1 67 86 110
3.7725 2.68464 0.4125 -0.361936 -0.645389 0.672663 114 116 104
3.75849 2.6925 0.4125 -0.473828 0 0.880617 110 105 90
3.7725 2.68514 0.4275 -0.327205 0.911554 -0.249011 66 66 63
3.7725 2.6925 0.42004 -0.4503 0.377874 0.808975 75 73 65
3.7725 2.68309 0.4425 -0.00464941 0.950368 0.311092 97 90 78
3.7725 2.69762 0.4125 -0.165951 0.89303 0.418278 105 100 84
3.76771 2.7075 0.3375 -0.57735 0.57735 0.57735 137 135 121
3.7725 2.71229 0.3375 -0.0532452 0.706104 0.706104 128 125 109
3.7725 2.7075 0.34229 -0.0134375 0.707043 0.707043 130 126 111
3.75997 2.7675 0.4575 1 0 0 65 64 51
3.7638 2.8575 0.3975 0.57735 -0.57735 0.57735 11 19 17
3.7575 2.8512 0.3975 0.57735 -0.57735 0.57735 11 18 16
3.7575 2.8575 0.403798 0.57735 -0.57735 0.57735 12 20 20
3.7875 2.67145 0.4425 0.150682 -0.776509 0.611824 103 98 85
3.7875 2.6775 0.450182 0.276171 -0.33742 0.899932 57 64 67
3.7875 2.68419 0.4425 0.130486 0.808964 0.573193 64 58 45
3.7875 2.69748 0.4125 0.00917224 0.967 0.254612 93 89 75
3.78561 2.6925 0.4275 -0.369075 0.675363 0.638489 77 72 61
3.7875 2.69353 0.4275 -0.125268 0.905425 0.405604 82 76 64
3.7875 2.6925 0.42871 0 0.761553 0.648103 77 71 59
3.7875 2.70899 0.3375 0.163666 0.697572 0.697572 177 170 154
3.7875 2.7075 0.338992 0.19126 0.694053 0.694053 176 169 152
3.78705 2.7225 0.3225 -0.597528 0.534714 0.597528 141 139 123
3.7875 2.72301 0.3225 0 0.666853 0.745189 140 138 122
3.7875 2.7225 0.322954 0 0.666853 0.745189 141 139 122
3.7875 2.7825 0.486892 -1.84443e-17 0 -1 64 62 48
3.80129 2.6775 0.4425 0.486731 0 0.873552 68 83 94
3.8025 2.67589 0.4725 9.29962e-18 -1 0 76 94 117
3.79899 2.6775 0.4725 -1 0 0 72 92 115
3.8025 2.6775 0.469775 0 0 -1 71 89 111
3.8025 2.6775 0.47715 0 0 1 77 95 119
3.8025 2.6811 0.4725 0 1 0 75 93 115
3.80237 2.6925 0.4275 0.0526801 0.760495 0.647203 78 70 57
3.78988 2.7075 0.3375 0.405058 0.646501 0.646501 173 166 150
3.78853 2.7225 0.3225 0.313164 0.63331 0.707706 139 136 120
3.79472 2.7675 0.3375 0.57735 -0.57735 0.57735 106 101 84
3.7875 2.76028 0.3375 0.57735 -0.57735 0.57735 112 108 93
3.7875 2.7675 0.344724 0.57735 -0.57735 0.57735 111 107 92
3.81134 2.6775 0.4725 1 0 0 80 99 124
3.8175 2.7975 0.477659 0 0 -1 80 76 62
3.80642 2.8725 0.3675 0.57735 -0.57735 0.57735 10 18 15
3.8025 2.86858 0.3675 0.57735 -0.57735 0.57735 9 18 14
3.8025 2.8725 0.371418 0.57735 -0.57735 0.57735 10 18 15
3.82865 2.7225 0.3225 -0.158129 0.690042 0.706284 179 171 152
3.8325 2.72338 0.3225 0 0.698835 0.715283 178 171 152
3.8325 2.7225 0.323361 0 0.698835 0.715283 180 172 153
3.82229 2.7525 0.2925 0.435441 -0.354317 0.827557 136 127 114
3.8175 2.74662 0.2925 0.435441 -0.354317 0.827557 154 148 136
3.8175 2.7525 0.295019 0.435441 -0.354317 0.827557 129 119 107
3.82358 2.8725 0.3525 0.57735 -0.57735 0.57735 10 16 10
3.8175 2.86642 0.3525 0.57735 -0.57735 0.57735 10 17 9
3.8175 2.8725 0.358583 0.57735 -0.57735 0.57735 10 17 11
3.8233 2.8875 0.3675 0.57735 -0.57735 0.57735 11 18 19
3.8175 2.8817 0.3675 0.57735 -0.57735 0.57735 11 18 18
3.8175 2.8875 0.373304 0.57735 -0.57735 0.57735 13 18 19
3.84037 2.6925 0.3825 0 0 0 117 115 108
3.8475 2.6925 0.375371 0 0 0 112 109 99
3.8341 2.7225 0.3225 0.360059 0.651964 0.667309 181 172 153
3.84266 2.7375 0.2925 -0.358224 0.833867 0.41993 140 138 122
3.8475 2.73958 0.2925 -0.358224 0.833867 0.41993 121 119 103
3.8475 2.7375 0.296627 -0.358224 0.833867 0.41993 132 129 113
3.6225 2.95338 0.5025 -0.876846 -0.479972 -0.0277071 32 57 93
3.61713 2.9625 0.5025 -0.883855 -0.467212 -0.0226374 32 57 94
3.6225 2.95098 0.5175 -0.907312 -0.420329 0.0104329 36 62 99
3.61704 2.9625 0.5175 -0.897576 -0.440545 0.0166842 35 61 98
3.6225 2.95263 0.5325 -0.910415 -0.41367 0.00458903 38 65 102
3.61801 2.9625 0.5325 -0.894826 -0.446213 0.0134478 37 65 101
3.6225 2.95218 0.5475 -0.903032 -0.429531 0.00609661 38 68 106
3.61763 2.9625 0.5475 -0.901619 -0.432509 0.00445558 38 68 105
3.6225 2.95285 0.5625 -0.895992 -0.442831 0.033143 43 75 115
3.61765 2.9625 0.5625 -0.895592 -0.444824 0.00675893 45 77 117
3.6225 2.95412 0.5775 -0.910819 -0.411367 0.0344407 48 82 123
3.61844 2.9625 0.5775 -0.898536 -0.433477 0.0687757 48 81 122
3.6225 2.95526 0.5925 -0.919254 -0.388097 0.0659704 50 85 127
3.61974 2.9625 0.5925 -0.911121 -0.408284 0.0562325 50 84 126
3.6225 2.95805 0.6075 -0.8922 -0.443328 0.0862491 54 88 131
3.6203 2.9625 0.6075 -0.91192 -0.405646 0.0620774 54 88 130
3.6225 2.96097 0.6225 -0.891783 -0.447014 0.0700112 57 92 136
3.62175 2.9625 0.6225 -0.914516 -0.397263 0.076441 57 92 136
3.6225 2.9625 0.635639 -0.91989 -0.388505 0.0535406 60 94 138
3.60939 2.9775 0.5025 -0.896947 -0.442132 -0.0022021 32 58 93
3.61012 2.9775 0.5175 -0.891201 -0.453118 0.0210812 36 61 98
3.60968 2.9775 0.5325 -0.886103 -0.463414 0.00833123 37 64 103
3.6108 2.9775 0.5475 -0.900464 -0.434867 0.00746876 37 66 107
3.60982 2.9775 0.5625 -0.902686 -0.429505 0.0261284 43 75 116
3.61162 2.9775 0.5775 -0.903423 -0.42098 0.0812557 47 80 122
3.61274 2.9775 0.5925 -0.906237 -0.416796 0.0708272 49 84 126
3.61378 2.9775 0.6075 -0.918481 -0.387126 0.0807882 52 86 129
3.61531 2.9775 0.6225 -0.909009 -0.411756 0.0644918 57 91 135
3.6225 2.96279 0.6375 -0.913035 -0.386765 0.12954 60 94 138
3.6164 2.9775 0.6375 -0.918407 -0.381821 0.103636 60 94 137
3.6225 2.96828 0.6525 -0.91351 -0.371438 0.165931 62 96 139
3.61842 2.9775 0.6525 -0.913832 -0.379329 0.144988 62 96 139
3.6225 2.97599 0.6675 -0.93584 -0.330308 0.122879 64 97 141
3.62195 2.9775 0.6675 -0.909734 -0.379931 0.167441 64 97 141
3.6225 2.9775 0.674017 -0.924593 -0.372861 0.0781145 64 97 142
3.60771 2.9925 0.6075 -0.910719 -0.407098 0.0697242 53 86 129
3.6078 2.9925 0.6225 -0.907104 -0.412121 0.0855462 57 89 133
3.61088 2.9925 0.6375 -0.914631 -0.383252 0.128719 59 93 138
3.61209 2.9925 0.6525 -0.909452 -0.38223 0.163701 61 96 141
3.61575 2.9925 0.6675 -0.91061 -0.318427 0.263426 61 97 142
3.6225 2.97926 0.6825 -0.742983 -0.293106 0.601719 64 98 142
3.61707 2.9925 0.6825 -0.95857 -0.129149 0.253899 63 99 142
3.6225 2.9925 0.686697 -0.633545 0.0262773 0.773259 62 97 139
3.6225 3.00471 0.6825 -0.821466 -0.0060315 0.570225 59 93 135
3.6225 3.0075 0.68133 -0.643756 -0.228259 0.730394 59 92 134
3.6225 3.00996 0.6825 -0.834991 -0.401428 0.376359 58 91 133
3.61646 3.0225 0.6825 -0.776483 -0.427892 0.462582 58 92 133
3.6225 3.0225 0.697312 -0.825411 -0.452962 0.33693 61 94 136
3.60776 3.0375 0.6825 -0.757211 -0.444759 0.478352 66 93 126
3.6225 3.02265 0.6975 -0.851968 -0.460906 0.248428 61 94 136
3.6135 3.0375 0.6975 -0.783698 -0.545045 0.297898 63 92 132
3.6225 3.02979 0.7125 -0.873783 -0.41695 0.250312 60 94 138
3.61884 3.0375 0.7125 -0.780838 -0.548854 0.298415 60 94 138
3.6225 3.0375 0.723187 -0.854181 -0.427927 0.295386 61 94 140
3.62196 3.0975 0.5025 -0.494501 0.869177 -0.000654435 45 55 56
3.62145 3.0975 0.5175 -0.518274 0.855191 -0.00632699 50 58 60
3.62135 3.0975 0.5325 -0.583686 0.811539 -0.02674 51 59 61
3.62065 3.0975 0.5475 -0.724367 0.674757 -0.141404 56 64 66
3.61498 3.0975 0.5625 -0.783207 0.583311 -0.215254 58 64 66
3.6225 3.09803 0.5025 -0.724522 0.689113 -0.0137763 45 55 56
3.6225 3.0989 0.5175 -0.754569 0.655034 -0.0394357 50 58 60
3.6225 3.09894 0.5325 -0.811349 0.573627 -0.112538 51 59 61
3.6225 3.10425 0.5475 -0.9468 0.307053 -0.0963785 56 64 66
3.6225 3.11074 0.5625 -0.879273 0.446876 -0.164865 58 65 67
3.60965 3.0975 0.5775 -0.704689 0.64271 -0.300561 63 68 71
3.6225 3.11159 0.5775 -0.739373 0.618765 -0.265439 65 70 73
3.61789 3.1125 0.5925 -0.697556 0.697796 -0.162778 67 72 71
3.6225 3.1125 0.579839 -0.651944 0.716597 -0.247906 65 70 73
3.61561 3.1125 0.6075 -0.78194 0.586838 -0.210217 70 74 71
3.61165 3.1125 0.6225 -0.759142 0.430504 -0.488231 72 77 73
3.6225 3.11871 0.5925 -0.761994 0.587837 -0.271685 67 72 70
3.6225 3.12465 0.6075 -0.832762 0.516182 -0.20016 69 73 69
3.6375 2.92045 0.5025 -0.918287 -0.39591 0.0022711 35 61 96
3.63231 2.9325 0.5025 -0.915573 -0.401574 0.0215628 33 60 94
3.6375 2.92037 0.5175 -0.912987 -0.407939 -0.0062957 37 64 99
3.63224 2.9325 0.5175 -0.903716 -0.42686 -0.0329876 36 63 99
3.6375 2.92067 0.5325 -0.902155 -0.431031 -0.0181312 39 67 103
3.63169 2.9325 0.5325 -0.900922 -0.433833 -0.011338 38 65 103
3.6375 2.9194 0.5475 -0.904027 -0.427345 0.0105705 40 68 106
3.63124 2.9325 0.5475 -0.906932 -0.421277 -0.000113416 38 68 106
3.6375 2.92025 0.5625 -0.921081 -0.389345 0.00454959 44 75 115
3.63204 2.9325 0.5625 -0.909297 -0.41439 0.0382081 43 74 115
3.6375 2.91883 0.5775 -0.927337 -0.37231 0.0378248 51 83 124
3.63266 2.9325 0.5775 -0.920261 -0.391037 0.0145078 51 83 125
3.6375 2.9231 0.5925 -0.896788 -0.433129 0.0903883 52 84 127
3.63271 2.9325 0.5925 -0.907156 -0.418515 0.0437439 52 84 127
3.6375 2.92547 0.6075 -0.913989 -0.400732 0.0635447 54 87 130
3.63422 2.9325 0.6075 -0.903926 -0.416235 0.0983164 54 87 130
3.6375 2.92813 0.6225 -0.916016 -0.389984 0.0939549 57 91 133
3.63576 2.9325 0.6225 -0.914838 -0.395393 0.0820679 56 90 133
3.6375 2.93109 0.6375 -0.892953 -0.439936 0.0953456 61 94 138
3.6368 2.9325 0.6375 -0.915969 -0.393591 0.078016 61 94 138
3.6375 2.9325 0.64335 -0.907449 -0.407038 0.104196 62 95 138
3.62592 2.9475 0.5025 -0.898824 -0.438061 -0.0147623 32 58 93
3.62409 2.9475 0.5175 -0.888059 -0.458096 -0.0387366 37 62 99
3.62475 2.9475 0.5325 -0.910792 -0.412819 0.00612958 38 65 102
3.62459 2.9475 0.5475 -0.912509 -0.408625 0.0188067 38 68 107
3.62514 2.9475 0.5625 -0.906016 -0.421918 0.0334642 42 74 114
3.62571 2.9475 0.5775 -0.903608 -0.428196 0.0118494 49 82 124
3.62552 2.9475 0.5925 -0.910477 -0.408375 0.0652824 50 85 127
3.62772 2.9475 0.6075 -0.908201 -0.405386 0.104082 53 87 131
3.62926 2.9475 0.6225 -0.902094 -0.424956 0.0750898 57 91 135
3.63043 2.9475 0.6375 -0.901325 -0.425882 0.0789795 61 94 138
3.6375 2.9348 0.6525 -0.91105 -0.39022 0.133105 63 96 140
3.63189 2.9475 0.6525 -0.901467 -0.415497 0.121323 62 96 140
3.6375 2.94017 0.6675 -0.914636 -0.380266 0.137256 64 97 142
3.63452 2.9475 0.6675 -0.90043 -0.411759 0.140283 63 97 141
3.6375 2.9453 0.6825 -0.818506 -0.363026 0.445264 65 99 144
3.63654 2.9475 0.6825 -0.898198 -0.413209 0.149998 65 98 143
3.6375 2.9475 0.683304 -0.579317 -0.265219 0.770747 65 98 143
3.62263 2.9625 0.6375 -0.890419 -0.446713 0.0871889 60 94 139
3.62491 2.9625 0.6525 -0.898984 -0.413763 0.143625 62 96 140
3.62725 2.9625 0.6675 -0.910933 -0.390934 0.1318 63 97 142
3.62957 2.9625 0.6825 -0.832849 -0.370792 0.410945 64 98 143
3.6375 2.9625 0.688847 -0.570924 -0.262847 0.77779 62 96 139
3.62318 2.9775 0.6825 -0.773774 -0.319619 0.546916 64 98 142
3.6375 2.9775 0.693618 -0.586613 -0.26004 0.766984 60 94 136
3.6375 2.98802 0.6975 -0.71455 -0.348965 0.606335 60 92 135
3.63541 2.9925 0.6975 -0.793329 -0.228275 0.564376 61 92 135
3.6375 2.9925 0.703136 -0.855671 -0.399449 0.32904 61 92 135
3.62367 3.0075 0.6825 -0.852937 -0.176896 0.491128 58 91 133
3.62884 3.0075 0.6975 -0.874596 -0.374101 0.308433 60 93 135
3.6375 3.00033 0.7125 -0.876551 -0.40953 0.252869 62 94 136
3.63425 3.0075 0.7125 -0.872808 -0.40564 0.27141 62 94 136
3.6375 3.0075 0.727412 -0.908859 -0.367052 0.198111 63 94 135
3.62258 3.0225 0.6975 -0.872409 -0.403896 0.275263 61 94 136
3.62598 3.0225 0.7125 -0.851134 -0.44715 0.275007 61 94 137
3.63573 3.1125 0.5025 -0.837756 0.542552 -0.0616681 49 59 60
3.6341 3.1125 0.5175 -0.856501 0.501597 -0.121681 51 59 61
3.62978 3.1125 0.5325 -0.82037 0.538488 -0.192417 53 62 64
3.6375 3.12028 0.5025 -0.963435 0.257931 -0.072557 49 59 60
3.6375 3.12388 0.5175 -0.960692 0.269682 -0.0659035 50 60 62
3.6375 3.1258 0.5325 -0.890728 0.441799 -0.106851 53 63 65
3.62475 3.1125 0.5475 -0.73059 0.674753 -0.104631 56 64 67
3.6375 3.12636 0.5475 -0.773033 0.625727 -0.104331 53 63 64
3.62392 3.1125 0.5625 -0.763874 0.636378 -0.107333 58 65 67
3.6375 3.12708 0.5625 -0.733051 0.678712 -0.0445655 60 69 68
3.62338 3.1125 0.5775 -0.816329 0.555355 -0.158706 65 70 73
3.64511 2.9025 0.5025 -0.91201 -0.410152 -0.00357642 35 61 93
3.6525 2.88784 0.5175 -0.89282 -0.44934 -0.0310761 35 62 95
3.64511 2.9025 0.5175 -0.90964 -0.415386 -0.00325717 38 65 98
3.64517 2.9025 0.5325 -0.918484 -0.395261 0.0124678 39 67 102
3.6525 2.88932 0.5475 -0.88577 -0.463813 -0.0169787 41 70 105
3.64557 2.9025 0.5475 -0.907258 -0.420212 0.0174411 40 69 106
3.64618 2.9025 0.5625 -0.913289 -0.407312 -0.000921154 44 75 113
3.6525 2.88842 0.5775 -0.88752 -0.454699 0.0745536 51 82 121
3.64531 2.9025 0.5775 -0.901929 -0.431788 0.00906877 52 84 124
3.6525 2.89102 0.5925 -0.910065 -0.413701 0.0251849 52 84 124
3.64667 2.9025 0.5925 -0.898419 -0.430279 0.0877699 52 84 126
3.6525 2.88881 0.6075 -0.928617 -0.369152 0.0373749 55 88 129
3.64795 2.9025 0.6075 -0.92216 -0.385989 0.0251667 55 87 129
3.6525 2.89354 0.6225 -0.885293 -0.44826 0.123774 58 91 132
3.64777 2.9025 0.6225 -0.916324 -0.395504 0.0626615 58 91 133
3.6525 2.89755 0.6375 -0.907145 -0.41661 0.0593658 61 93 136
3.65001 2.9025 0.6375 -0.912726 -0.392352 0.113982 61 93 136
3.6525 2.89878 0.6525 -0.912362 -0.398611 0.0933038 63 95 138
3.6509 2.9025 0.6525 -0.922146 -0.377142 0.0860822 63 96 139
3.6525 2.9025 0.662406 -0.909453 -0.386784 0.152623 64 96 140
3.63877 2.9175 0.5025 -0.920325 -0.391134 0.00391301 35 61 96
3.63872 2.9175 0.5175 -0.920268 -0.391284 0.00214136 38 64 100
3.63884 2.9175 0.5325 -0.916485 -0.400065 0.00169083 40 68 103
3.63845 2.9175 0.5475 -0.902755 -0.43005 0.00953217 40 69 106
3.63888 2.9175 0.5625 -0.898071 -0.439234 -0.0232966 44 75 115
3.63799 2.9175 0.5775 -0.904926 -0.423086 0.0458954 51 83 124
3.64011 2.9175 0.5925 -0.909706 -0.405162 0.0909862 52 84 126
3.64114 2.9175 0.6075 -0.912925 -0.406583 0.0354656 55 87 130
3.64164 2.9175 0.6225 -0.922425 -0.372786 0.100808 58 91 134
3.6442 2.9175 0.6375 -0.916732 -0.389146 0.0903793 61 94 137
3.64494 2.9175 0.6525 -0.921184 -0.379114 0.0877063 63 96 140
3.6525 2.90466 0.6675 -0.916291 -0.36049 0.174521 64 97 140
3.64706 2.9175 0.6675 -0.909859 -0.38416 0.156775 64 98 141
3.6525 2.91168 0.6825 -0.802495 -0.284235 0.524606 65 98 142
3.6505 2.9175 0.6825 -0.892842 -0.390739 0.223957 65 98 142
3.6525 2.9175 0.683974 -0.586766 -0.264739 0.765258 64 97 141
3.63855 2.9325 0.6525 -0.909019 -0.404346 0.100943 63 96 140
3.64056 2.9325 0.6675 -0.904471 -0.396984 0.155996 64 97 142
3.64317 2.9325 0.6825 -0.827771 -0.379888 0.412893 66 99 144
3.6525 2.9325 0.689803 -0.577162 -0.262244 0.773377 63 96 139
3.6525 2.9475 0.694289 -0.564182 -0.253697 0.785708 61 94 136
3.6525 2.95782 0.6975 -0.845834 -0.359457 0.394152 60 93 134
3.65039 2.9625 0.6975 -0.72655 -0.352185 0.589992 60 93 134
3.6525 2.9625 0.70493 -0.881543 -0.400543 0.249896 61 93 134
3.64279 2.9775 0.6975 -0.778792 -0.374594 0.503152 60 92 134
3.6525 2.96725 0.7125 -0.864536 -0.39058 0.316267 61 93 135
3.64775 2.9775 0.7125 -0.864375 -0.402936 0.300829 61 93 135
3.6525 2.9775 0.72383 -0.843211 -0.409 0.348875 62 94 137
3.64126 2.9925 0.7125 -0.858597 -0.41937 0.294855 62 93 136
3.65341 2.9025 0.6675 -0.903003 -0.400269 0.156111 64 97 140
3.65579 2.9025 0.6825 -0.874782 -0.21619 0.433611 65 98 141
3.6675 2.8894 0.6975 -0.535229 0.38054 0.754134 66 98 141
3.6675 2.9025 0.690865 -0.588126 -0.0352851 0.807999 63 96 137
3.6675 2.9175 0.695598 -0.581797 -0.261616 0.77011 61 93 135
3.6675 2.92341 0.6975 -0.85059 -0.366143 0.377407 61 93 134
3.66347 2.9325 0.6975 -0.772631 -0.347879 0.531057 61 93 134
3.6675 2.9325 0.709375 -0.870482 -0.395682 0.292739 62 93 134
3.65679 2.9475 0.6975 -0.810586 -0.357765 0.463631 61 92 134
3.6675 2.93471 0.7125 -0.883456 -0.3646 0.294232 62 94 134
3.66158 2.9475 0.7125 -0.86566 -0.399003 0.302374 61 94 134
3.65459 2.9625 0.7125 -0.869837 -0.391534 0.300142 62 93 135
3.67698 2.9025 0.6975 -0.832909 0.0309641 0.552543 61 93 133
3.6825 2.89572 0.7125 -0.830036 -0.245483 0.500778 62 94 134
3.67984 2.9025 0.7125 -0.902544 -0.351452 0.248788 62 94 134
3.6825 2.9025 0.721334 -0.902763 -0.317491 0.290205 63 94 135
3.66997 2.9175 0.6975 -0.856919 -0.355943 0.372821 61 93 134
3.67423 2.9175 0.7125 -0.894684 -0.338148 0.291885 62 94 134
3.6685 2.9325 0.7125 -0.88794 -0.367684 0.276353 62 94 134
3 3 4 2
3 3 5 4
3 5 6 4
3 5 7 6
3 7 8 6
3 7 9 8
3 9 10 8
3 9 11 10
3 11 12 10
3 11 13 12
3 13 14 12
3 13 15 14
3 15 16 14
3 15 17 16
3 17 18 16
3 17 19 18
3 19 20 18
3 19 21 20
3 21 22 20
3 21 23 22
3 25 5 3
3 25 26 5
3 26 27 5
3 27 28 5
3 28 7 5
3 28 29 7
3 29 9 7
3 29 30 9
3 30 11 9
3 30 31 11
3 31 13 11
3 31 32 13
3 32 15 13
3 32 33 15
3 33 17 15
3 33 34 17
3 34 19 17
3 34 35 19
3 35 21 19
3 35 36 21
3 36 23 21
3 36 37 23
3 37 24 23
3 37 38 24
3 40 41 26
3 41 27 26
3 41 42 27
3 42 28 27
3 42 43 28
3 43 29 28
3 43 44 29
3 44 30 29
3 44 45 30
3 45 31 30
3 45 46 31
3 46 32 31
3 46 47 32
3 47 33 32
3 47 48 33
3 48 34 33
3 48 49 34
3 49 35 34
3 49 50 35
3 50 36 35
3 50 51 36
3 51 37 36
3 51 52 37
3 52 38 37
3 52 53 38
3 53 39 38
3 53 54 39
3 57 40 56
3 57 58 40
3 58 41 40
3 58 59 41
3 59 42 41
3 59 60 42
3 60 43 42
3 62 60 61
3 62 44 60
3 44 43 60
3 63 44 62
3 63 64 44
3 64 45 44
3 64 65 45
3 65 46 45
3 65 66 46
3 66 47 46
3 66 67 47
3 67 48 47
3 67 68 48
3 68 49 48
3 68 69 49
3 69 50 49
3 69 70 50
3 70 51 50
3 70 71 51
3 71 52 51
3 71 72 52
3 72 53 52
3 72 73 53
3 73 54 53
3 73 74 54
3 74 55 54
3 74 75 55
3 76 58 57
3 76 77 58
3 77 78 58
3 78 79 58
3 79 59 58
3 79 80 59
3 80 60 59
3 61 82 81
3 61 60 82
3 60 80 82
3 81 64 63
3 81 82 64
3 82 83 64
3 83 84 64
3 84 65 64
3 84 85 65
3 85 66 65
3 85 86 66
3 86 67 66
3 86 87 67
3 87 68 67
3 87 88 68
3 88 69 68
3 88 89 69
3 89 70 69
3 89 90 70
3 90 71 70
3 90 91 71
3 91 72 71
3 91 92 72
3 92 73 72
3 92 93 73
3 93 74 73
3 93 94 74
3 94 75 74
3 95 96 77
3 96 78 77
3 96 97 78
3 97 79 78
3 97 98 79
3 98 80 79
3 98 99 80
3 99 82 80
3 99 100 82
3 100 83 82
3 100 101 83
3 101 84 83
3 101 102 84
3 102 85 84
3 102 103 85
3 103 86 85
3 103 104 86
3 104 87 86
3 104 105 87
3 105 88 87
3 105 106 88
3 106 89 88
3 106 107 89
3 107 90 89
3 107 108 90
3 108 91 90
3 108 109 91
3 109 92 91
3 109 110 92
3 110 93 92
3 110 111 93
3 111 94 93
3 112 113 95
3 113 96 95
3 113 114 96
3 114 97 96
3 114 115 97
3 115 98 97
3 115 116 98
3 116 99 98
3 116 117 99
3 117 100 99
3 117 118 100
3 118 101 100
3 118 119 101
3 119 102 101
3 119 120 102
3 120 103 102
3 120 121 103
3 121 104 103
3 121 122 104
3 122 105 104
3 122 123 105
3 123 106 105
3 123 124 106
3 124 107 106
3 124 125 107
3 125 108 107
3 125 126 108
3 126 109 108
3 126 127 109
3 127 110 109
3 127 128 110
3 128 111 110
3 129 130 112
3 130 113 112
3 130 131 113
3 131 114 113
3 131 132 114
3 132 115 114
3 132 133 115
3 133 116 115
3 133 134 116
3 134 117 116
3 134 135 117
3 135 118 117
3 135 136 118
3 136 119 118
3 136 137 119
3 137 120 119
3 137 138 120
3 138 121 120
3 138 139 121
3 139 122 121
3 139 140 122
3 140 123 122
3 140 141 123
3 141 124 123
3 141 142 124
3 142 125 124
3 142 143 125
3 143 126 125
3 143 144 126
3 144 127 126
3 144 145 127
3 145 128 127
3 146 147 129
3 147 130 129
3 147 148 130
3 148 131 130
3 148 149 131
3 149 132 131
3 149 150 132
3 150 133 132
3 150 151 133
3 151 134 133
3 151 152 134
3 152 135 134
3 152 153 135
3 153 136 135
3 153 154 136
3 154 137 136
3 154 155 137
3 155 138 137
3 155 156 138
3 156 139 138
3 156 157 139
3 157 140 139
3 157 158 140
3 158 141 140
3 158 159 141
3 159 142 141
3 159 160 142
3 160 143 142
3 160 161 143
3 161 144 143
3 161 162 144
3 162 145 144
3 163 164 146
3 164 147 146
3 164 165 147
3 165 148 147
3 165 166 148
3 166 149 148
3 166 167 149
3 167 150 149
3 167 168 150
3 168 151 150
3 168 169 151
3 169 152 151
3 169 170 152
3 170 153 152
3 170 171 153
3 171 154 153
3 171 172 154
3 172 155 154
3 172 173 155
3 173 156 155
3 173 174 156
3 174 157 156
3 174 175 157
3 175 158 157
3 175 176 158
3 176 159 158
3 176 177 159
3 177 160 159
3 177 178 160
3 178 161 160
3 178 179 161
3 179 162 161
3 180 181 163
3 181 164 163
3 181 182 164
3 182 165 164
3 182 183 165
3 183 166 165
3 183 184 166
3 184 167 166
3 184 185 167
3 185 168 167
3 185 186 168
3 186 169 168
3 186 187 169
3 187 170 169
3 187 188 170
3 188 171 170
3 188 189 171
3 189 172 171
3 189 190 172
3 190 173 172
3 190 191 173
3 191 174 173
3 191 192 174
3 192 175 174
3 194 192 193
3 194 176 192
3 176 175 192
3 195 176 194
3 177 176 195
3 196 177 195
3 178 177 196
3 197 178 196
3 197 198 178
3 198 179 178
3 199 200 180
3 200 181 180
3 200 201 181
3 201 182 181
3 201 202 182
3 202 183 182
3 202 203 183
3 203 184 183
3 203 204 184
3 204 185 184
3 204 205 185
3 205 186 185
3 205 206 186
3 206 187 186
3 206 207 187
3 207 188 187
3 207 208 188
3 208 189 188
3 208 209 189
3 209 190 189
3 209 210 190
3 210 191 190
3 210 211 191
3 211 192 191
3 211 193 192
3 212 193 211
3 198 213 214
3 197 213 198
3 215 216 199
3 216 200 199
3 216 217 200
3 217 201 200
3 217 218 201
3 218 202 201
3 218 219 202
3 219 203 202
3 219 220 203
3 220 204 203
3 220 221 204
3 221 205 204
3 221 222 205
3 222 206 205
3 222 223 206
3 223 207 206
3 223 224 207
3 224 208 207
3 224 225 208
3 225 209 208
3 225 226 209
3 226 210 209
3 226 227 210
3 227 211 210
3 227 212 211
3 228 212 227
3 213 229 214
3 230 231 215
3 231 216 215
3 231 232 216
3 232 217 216
3 232 233 217
3 233 218 217
3 233 234 218
3 234 219 218
3 234 235 219
3 235 220 219
3 235 236 220
3 236 221 220
3 236 237 221
3 237 222 221
3 237 238 222
3 238 223 222
3 238 239 223
3 239 224 223
3 239 240 224
3 240 225 224
3 240 241 225
3 241 226 225
3 241 242 226
3 242 227 226
3 242 228 227
3 243 228 242
3 244 245 230
3 245 231 230
3 245 246 231
3 246 232 231
3 246 247 232
3 247 233 232
3 247 248 233
3 248 234 233
3 248 249 234
3 249 235 234
3 249 250 235
3 250 236 235
3 250 251 236
3 251 237 236
3 251 252 237
3 252 238 237
3 252 253 238
3 253 239 238
3 253 254 239
3 254 240 239
3 254 255 240
3 255 241 240
3 255 256 241
3 256 242 241
3 256 243 242
3 257 243 256
3 258 259 244
3 259 245 244
3 259 260 245
3 260 246 245
3 260 261 246
3 261 247 246
3 261 262 247
3 262 248 247
3 262 263 248
3 263 249 248
3 263 264 249
3 264 250 249
3 264 265 250
3 265 251 250
3 265 266 251
3 266 252 251
3 266 267 252
3 267 253 252
3 267 268 253
3 268 254 253
3 268 269 254
3 269 255 254
3 269 270 255
3 270 256 255
3 270 257 256
3 271 257 270
3 274 273 272
3 2 275 3
3 25 3 275
3 56 276 57
3 61 277 62
3 62 277 63
3 76 57 276
3 61 81 277
3 81 63 277
3 193 278 194
3 278 279 195
3 194 278 195
3 279 280 196
3 195 279 196
3 196 280 197
3 193 212 281
3 278 193 281
3 281 282 278
3 282 279 278
3 282 283 279
3 283 280 279
3 213 197 280
3 283 213 280
3 212 228 284
3 281 212 284
3 284 285 281
3 285 282 281
3 285 286 282
3 286 283 282
3 229 213 283
3 229 283 287
3 287 283 286
3 290 288 289
3 290 289 291
3 228 243 292
3 284 228 292
3 292 293 284
3 293 285 284
3 293 294 285
3 294 286 285
3 294 295 286
3 295 287 286
3 243 257 296
3 292 243 296
3 296 297 292
3 297 293 292
3 297 298 293
3 298 294 293
3 298 299 294
3 299 295 294
3 257 271 300
3 296 257 300
3 300 301 296
3 301 297 296
3 301 302 297
3 302 298 297
3 272 273 299
3 272 299 302
3 302 299 298
3 304 303 305
3 303 306 305
3 308 307 309
3 307 310 309
3 313 311 312
3 311 314 312
3 313 312 315
3 312 314 315
3 316 318 317
3 318 319 317
3 318 320 319
3 320 321 319
3 320 322 321
3 322 323 321
3 322 324 323
3 324 325 323
3 324 326 325
3 326 327 325
3 326 328 327
3 328 329 327
3 328 330 329
3 330 331 329
3 334 332 333
3 334 333 330
3 330 333 331
3 332 335 336
3 333 332 336
3 335 337 336
3 317 319 339
3 338 317 339
3 319 321 340
3 339 319 340
3 342 340 321
3 342 321 341
3 341 321 323
3 323 325 341
3 325 343 341
3 325 327 343
3 327 344 343
3 327 329 344
3 329 345 344
3 313 331 311
3 313 345 331
3 345 329 331
3 311 346 314
3 311 331 346
3 331 333 346
3 333 336 346
3 336 347 346
3 337 348 349
3 337 349 336
3 336 349 347
3 348 350 349
3 342 341 351
3 341 343 352
3 351 341 352
3 354 352 343
3 354 343 353
3 353 343 344
3 344 345 353
3 345 355 353
3 315 345 313
3 315 356 345
3 356 355 345
3 314 356 315
3 314 346 356
3 346 357 356
3 346 347 357
3 347 358 357
3 347 349 358
3 349 359 358
3 350 360 361
3 350 361 349
3 349 361 359
3 360 362 361
3 354 353 363
3 353 355 364
3 363 353 364
3 366 364 355
3 366 355 365
3 365 355 356
3 356 357 365
3 357 367 365
3 368 369 367
3 368 367 358
3 358 367 357
3 358 359 370
3 368 358 370
3 359 361 371
3 370 359 371
3 361 362 371
3 366 365 372
3 365 367 373
3 372 365 373
3 367 369 373
3 374 332 334
3 375 332 374
3 335 332 375
3 335 377 337
3 335 375 377
3 375 376 377
3 376 378 377
3 378 379 377
3 382 380 381
3 382 381 378
3 378 381 379
3 380 383 381
3 339 384 338
3 385 384 339
3 340 385 339
3 386 385 340
3 340 342 386
3 377 348 337
3 348 387 350
3 348 377 387
3 377 379 387
3 379 381 387
3 381 388 387
3 383 389 390
3 383 390 381
3 381 390 388
3 389 391 390
3 384 385 393
3 392 384 393
3 395 393 385
3 395 385 394
3 394 385 386
3 351 386 342
3 351 396 386
3 396 394 386
3 352 396 351
3 397 396 352
3 352 354 397
3 387 360 350
3 360 398 362
3 360 387 398
3 387 388 398
3 388 390 398
3 390 399 398
3 391 400 399
3 390 391 399
3 395 394 401
3 394 396 402
3 401 394 402
3 404 402 396
3 404 396 403
3 403 396 397
3 363 397 354
3 363 405 397
3 405 403 397
3 364 405 363
3 406 405 364
3 364 366 406
3 368 407 369
3 370 407 368
3 408 407 370
3 371 408 370
3 409 408 371
3 409 410 411
3 371 410 409
3 371 398 410
3 371 362 398
3 398 399 412
3 410 398 412
3 399 400 412
3 404 403 413
3 403 405 414
3 413 403 414
3 405 406 415
3 414 405 415
3 406 366 372
3 406 372 415
3 415 372 416
3 416 372 417
3 372 373 417
3 369 407 418
3 369 418 373
3 373 418 417
3 407 408 419
3 418 407 419
3 408 409 420
3 419 408 420
3 409 411 420
3 421 380 382
3 380 423 383
3 380 421 423
3 421 422 423
3 426 424 425
3 426 425 422
3 422 425 423
3 424 427 425
3 423 389 383
3 428 423 425
3 428 391 423
3 428 429 391
3 391 389 423
3 425 427 428
3 393 430 392
3 431 430 393
3 393 395 431
3 429 432 391
3 432 400 391
3 430 431 434
3 433 430 434
3 436 401 435
3 434 401 436
3 434 395 401
3 434 431 395
3 402 435 401
3 437 435 402
3 402 404 437
3 410 438 411
3 412 438 410
3 439 438 412
3 439 412 400
3 439 400 440
3 440 400 432
3 436 435 441
3 435 437 442
3 441 435 442
3 437 404 413
3 437 413 442
3 442 413 443
3 445 414 444
3 445 443 414
3 443 413 414
3 415 444 414
3 446 444 415
3 416 446 415
3 447 446 416
3 417 447 416
3 448 447 417
3 418 448 417
3 449 448 418
3 419 449 418
3 450 449 419
3 420 450 419
3 451 450 420
3 411 451 420
3 411 438 451
3 438 452 451
3 453 454 452
3 453 452 439
3 439 452 438
3 439 440 453
3 445 444 455
3 444 446 456
3 455 444 456
3 446 447 457
3 456 446 457
3 447 448 458
3 457 447 458
3 448 449 459
3 458 448 459
3 449 450 460
3 459 449 460
3 450 451 461
3 460 450 461
3 451 452 462
3 461 451 462
3 452 454 462
3 465 467 466
3 467 468 466
3 467 469 468
3 469 470 468
3 469 471 470
3 471 472 470
3 471 473 472
3 473 474 472
3 473 475 474
3 475 476 474
3 475 477 476
3 477 478 476
3 477 479 478
3 479 480 478
3 482 483 465
3 483 467 465
3 483 484 467
3 484 469 467
3 484 485 469
3 485 471 469
3 485 486 471
3 486 473 471
3 486 487 473
3 487 475 473
3 487 488 475
3 488 477 475
3 488 489 477
3 489 479 477
3 490 491 481
3 491 482 481
3 491 492 482
3 492 483 482
3 492 493 483
3 493 484 483
3 493 494 484
3 494 485 484
3 494 495 485
3 495 486 485
3 495 496 486
3 496 487 486
3 496 497 487
3 497 488 487
3 497 498 488
3 498 489 488
3 500 501 490
3 501 491 490
3 501 502 491
3 502 492 491
3 502 503 492
3 503 493 492
3 503 504 493
3 504 494 493
3 504 505 494
3 505 495 494
3 505 506 495
3 506 496 495
3 506 507 496
3 507 497 496
3 507 508 497
3 508 498 497
3 509 510 499
3 510 500 499
3 510 511 500
3 511 501 500
3 511 512 501
3 512 502 501
3 512 513 502
3 513 503 502
3 513 514 503
3 514 504 503
3 514 515 504
3 515 505 504
3 515 516 505
3 516 506 505
3 516 517 506
3 517 507 506
3 517 518 507
3 518 508 507
3 520 521 509
3 521 510 509
3 521 522 510
3 522 511 510
3 522 523 511
3 523 512 511
3 523 524 512
3 524 513 512
3 524 525 513
3 525 514 513
3 525 526 514
3 526 515 514
3 526 527 515
3 527 516 515
3 527 528 516
3 528 517 516
3 528 529 517
3 529 518 517
3 530 531 519
3 531 520 519
3 531 532 520
3 532 521 520
3 532 533 521
3 533 522 521
3 533 534 522
3 534 523 522
3 534 535 523
3 535 524 523
3 535 536 524
3 536 525 524
3 536 537 525
3 537 526 525
3 537 538 526
3 538 527 526
3 538 539 527
3 539 528 527
3 539 540 528
3 540 529 528
3 542 543 530
3 543 531 530
3 543 544 531
3 544 532 531
3 544 545 532
3 545 533 532
3 545 546 533
3 546 534 533
3 548 546 547
3 548 535 546
3 535 534 546
3 549 535 548
3 536 535 549
3 550 536 549
3 550 551 536
3 551 537 536
3 551 552 537
3 552 538 537
3 552 553 538
3 553 539 538
3 553 554 539
3 554 540 539
3 555 556 541
3 556 542 541
3 556 557 542
3 557 543 542
3 557 558 543
3 558 544 543
3 558 559 544
3 559 545 544
3 559 560 545
3 560 546 545
3 560 547 546
3 561 547 560
3 551 562 563
3 550 562 551
3 563 564 551
3 564 552 551
3 564 565 552
3 565 553 552
3 565 566 553
3 566 554 553
3 568 569 555
3 569 556 555
3 569 570 556
3 570 557 556
3 570 571 557
3 571 558 557
3 571 572 558
3 572 559 558
3 572 573 559
3 573 560 559
3 573 561 560
3 574 561 573
3 562 575 563
3 576 563 575
3 576 577 563
3 577 564 563
3 577 578 564
3 578 565 564
3 578 579 565
3 579 566 565
3 580 581 567
3 581 568 567
3 581 582 568
3 582 569 568
3 582 583 569
3 583 570 569
3 583 584 570
3 584 571 570
3 584 585 571
3 585 572 571
3 587 585 586
3 587 573 585
3 573 572 585
3 587 574 573
3 576 588 577
3 589 577 588
3 589 590 577
3 590 578 577
3 590 591 578
3 591 579 578
3 593 594 580
3 594 581 580
3 594 595 581
3 595 582 581
3 595 596 582
3 596 583 582
3 596 597 583
3 597 584 583
3 597 598 584
3 598 585 584
3 586 600 599
3 586 585 600
3 585 598 600
3 600 601 599
3 589 602 590
3 603 590 602
3 591 590 603
3 604 605 592
3 605 593 592
3 605 606 593
3 606 594 593
3 606 607 594
3 607 595 594
3 607 608 595
3 608 596 595
3 608 609 596
3 609 597 596
3 609 610 597
3 610 598 597
3 610 611 598
3 611 600 598
3 611 601 600
3 612 601 611
3 615 613 614
3 615 604 613
3 616 604 615
3 616 617 604
3 617 605 604
3 617 618 605
3 618 606 605
3 618 619 606
3 619 607 606
3 619 620 607
3 620 608 607
3 620 621 608
3 621 609 608
3 621 622 609
3 622 610 609
3 624 622 623
3 624 611 622
3 611 610 622
3 624 612 611
3 614 627 626
3 614 613 627
3 613 625 627
3 626 617 616
3 626 627 617
3 627 628 617
3 628 629 617
3 629 618 617
3 629 630 618
3 630 619 618
3 630 631 619
3 631 620 619
3 631 632 620
3 632 621 620
3 632 633 621
3 633 622 621
3 623 635 634
3 623 622 635
3 622 633 635
3 635 636 634
3 638 639 625
3 639 627 625
3 639 640 627
3 640 628 627
3 640 641 628
3 641 629 628
3 641 642 629
3 642 630 629
3 642 643 630
3 643 631 630
3 643 644 631
3 644 632 631
3 644 645 632
3 645 633 632
3 645 646 633
3 646 635 633
3 646 636 635
3 647 636 646
3 648 649 650
3 651 653 652
3 654 655 656
3 657 658 659
3 662 660 661
3 660 663 664
3 661 660 664
3 663 665 666
3 664 663 666
3 665 667 668
3 666 665 668
3 671 669 670
3 669 672 673
3 670 669 673
3 672 674 673
3 675 662 661
3 676 675 661
3 664 676 661
3 677 676 664
3 666 677 664
3 678 677 666
3 678 666 668
3 680 681 679
3 681 680 682
3 683 685 686
3 684 683 686
3 687 673 674
3 679 681 688
3 689 691 690
3 688 681 682
3 94 693 75
3 693 692 75
3 693 694 692
3 111 696 94
3 696 693 94
3 696 697 693
3 697 694 693
3 697 698 694
3 698 695 694
3 698 699 695
3 128 701 111
3 701 696 111
3 701 702 696
3 702 697 696
3 702 703 697
3 703 698 697
3 703 704 698
3 704 699 698
3 704 705 699
3 705 700 699
3 705 706 700
3 145 708 128
3 708 701 128
3 708 709 701
3 709 702 701
3 709 710 702
3 710 703 702
3 710 711 703
3 711 704 703
3 711 712 704
3 712 705 704
3 715 714 713
3 713 714 706
3 713 706 712
3 712 706 705
3 717 714 715
3 716 714 717
3 714 716 707
3 706 714 707
3 718 716 717
3 162 720 145
3 720 708 145
3 720 721 708
3 721 709 708
3 721 722 709
3 722 710 709
3 725 724 723
3 723 724 711
3 723 711 722
3 722 711 710
3 727 724 725
3 726 724 727
3 724 726 712
3 711 724 712
3 726 715 713
3 726 727 715
3 727 728 715
3 726 713 712
3 728 729 715
3 729 717 715
3 729 730 717
3 730 718 717
3 730 731 718
3 731 719 718
3 731 732 719
3 179 735 162
3 735 720 162
3 735 736 720
3 736 721 720
3 736 737 721
3 737 722 721
3 725 738 739
3 723 738 725
3 738 723 722
3 737 738 722
3 739 740 725
3 740 727 725
3 740 741 727
3 741 728 727
3 741 742 728
3 742 729 728
3 742 743 729
3 743 730 729
3 743 744 730
3 744 731 730
3 744 745 731
3 745 732 731
3 733 747 746
3 733 732 747
3 732 745 747
3 733 746 734
3 747 748 746
3 746 748 749
3 746 749 734
3 198 752 179
3 752 735 179
3 752 753 735
3 753 736 735
3 753 754 736
3 754 737 736
3 739 755 756
3 738 755 739
3 755 738 737
3 754 755 737
3 756 757 739
3 757 740 739
3 757 758 740
3 758 741 740
3 758 759 741
3 759 742 741
3 759 760 742
3 760 743 742
3 760 761 743
3 761 744 743
3 761 762 744
3 762 745 744
3 762 763 745
3 763 747 745
3 763 748 747
3 764 748 763
3 748 764 765
3 749 748 765
3 751 766 767
3 750 766 751
3 766 750 749
3 765 766 749
3 767 768 751
3 214 770 198
3 770 752 198
3 770 771 752
3 771 753 752
3 771 772 753
3 772 754 753
3 755 773 756
3 773 755 754
3 773 754 774
3 774 754 772
3 775 756 773
3 775 776 756
3 776 757 756
3 773 774 775
3 778 776 777
3 778 758 776
3 758 757 776
3 777 779 778
3 780 758 778
3 780 781 758
3 781 759 758
3 778 779 780
3 781 782 759
3 782 760 759
3 782 783 760
3 783 761 760
3 783 784 761
3 784 762 761
3 784 785 762
3 785 763 762
3 785 764 763
3 786 764 785
3 764 786 787
3 765 764 787
3 767 788 789
3 766 788 767
3 788 766 765
3 787 788 765
3 789 790 767
3 790 768 767
3 790 791 768
3 791 769 768
3 791 463 769
3 792 214 229
3 792 793 214
3 793 770 214
3 793 794 770
3 794 771 770
3 794 795 771
3 795 772 771
3 795 796 772
3 796 774 772
3 776 797 798
3 775 797 776
3 797 775 774
3 796 797 774
3 777 800 799
3 777 776 800
3 776 798 800
3 777 799 779
3 799 781 780
3 799 800 781
3 800 801 781
3 799 780 779
3 801 802 781
3 802 782 781
3 802 803 782
3 803 783 782
3 803 804 783
3 804 784 783
3 806 804 805
3 806 785 804
3 785 784 804
3 805 807 806
3 786 810 809
3 786 785 810
3 808 810 806
3 806 810 785
3 808 806 807
3 809 787 786
3 809 789 788
3 809 810 789
3 810 811 789
3 809 788 787
3 811 812 789
3 812 790 789
3 812 813 790
3 813 791 790
3 813 464 791
3 464 463 791
3 793 814 815
3 792 814 793
3 815 816 793
3 816 794 793
3 816 817 794
3 817 795 794
3 817 818 795
3 818 796 795
3 797 819 798
3 819 797 796
3 819 796 820
3 820 796 818
3 821 798 819
3 821 822 798
3 822 800 798
3 819 820 821
3 822 823 800
3 823 801 800
3 823 824 801
3 824 802 801
3 824 825 802
3 825 803 802
3 825 826 803
3 826 804 803
3 826 805 804
3 827 805 826
3 805 827 828
3 807 805 828
3 810 829 830
3 808 829 810
3 829 808 807
3 828 829 807
3 830 831 810
3 831 811 810
3 831 832 811
3 832 812 811
3 832 833 812
3 833 813 812
3 815 834 835
3 814 834 815
3 835 836 815
3 836 816 815
3 836 837 816
3 837 817 816
3 837 838 817
3 838 818 817
3 838 839 818
3 839 820 818
3 822 840 841
3 821 840 822
3 840 821 820
3 839 840 820
3 841 842 822
3 842 823 822
3 842 843 823
3 843 824 823
3 843 844 824
3 844 825 824
3 844 845 825
3 845 826 825
3 827 847 846
3 827 826 847
3 826 845 847
3 827 846 828
3 846 830 829
3 846 847 830
3 847 848 830
3 846 829 828
3 848 849 830
3 849 831 830
3 849 850 831
3 850 832 831
3 850 851 832
3 851 833 832
3 273 835 834
3 273 274 835
3 274 852 835
3 852 853 835
3 853 836 835
3 853 854 836
3 854 837 836
3 854 855 837
3 855 838 837
3 855 856 838
3 856 839 838
3 840 857 841
3 857 840 839
3 857 839 858
3 858 839 856
3 859 841 857
3 859 860 841
3 860 842 841
3 857 858 859
3 860 861 842
3 861 843 842
3 861 862 843
3 862 844 843
3 862 863 844
3 863 845 844
3 863 864 845
3 864 847 845
3 864 865 847
3 865 848 847
3 865 866 848
3 866 849 848
3 866 867 849
3 867 850 849
3 871 870 868
3 869 871 868
3 873 874 869
3 873 869 872
3 872 869 868
3 872 875 873
3 878 876 877
3 881 877 876
3 881 876 880
3 880 876 879
3 879 871 880
3 870 871 879
3 873 882 874
3 882 873 875
3 882 875 884
3 884 875 883
3 877 885 878
3 887 888 886
3 886 881 887
3 886 889 881
3 877 881 885
3 885 881 889
3 891 883 890
3 891 892 883
3 892 884 883
3 890 893 891
3 897 896 894
3 895 897 894
3 888 898 886
3 888 895 898
3 895 894 898
3 886 898 889
3 891 899 892
3 899 891 893
3 899 893 901
3 901 893 900
3 900 902 901
3 902 903 901
3 906 904 905
3 870 905 904
3 870 904 868
3 868 904 907
3 907 908 868
3 868 908 872
3 872 908 909
3 875 872 909
3 876 878 910
3 879 876 910
3 879 910 912
3 911 906 905
3 912 870 879
3 912 913 870
3 905 870 911
3 911 870 913
3 909 914 875
3 914 883 875
3 915 916 917
3 910 878 885
3 915 919 916
3 885 889 910
3 910 889 918
3 910 918 912
3 913 918 920
3 912 918 913
3 914 890 883
3 921 890 914
3 890 921 922
3 893 890 922
3 925 923 924
3 896 924 923
3 896 923 894
3 894 923 926
3 916 926 917
3 916 898 926
3 898 894 926
3 889 927 918
3 889 898 927
3 919 927 916
3 916 927 898
3 918 927 920
3 922 928 893
3 928 900 893
3 931 929 930
3 928 932 900
3 932 902 900
3 935 933 934
3 937 934 933
3 936 904 906
3 936 939 938
3 936 938 904
3 904 938 907
3 938 940 907
3 907 940 908
3 908 940 941
3 909 908 941
3 935 934 942
3 934 937 942
3 906 911 936
3 911 939 936
3 911 913 939
3 913 943 939
3 945 941 944
3 945 914 941
3 914 909 941
3 944 946 945
3 949 947 948
3 917 948 947
3 917 947 915
3 915 947 950
3 952 919 915
3 952 915 951
3 951 915 950
3 951 955 952
3 943 920 953
3 943 913 920
3 920 954 953
3 953 954 956
3 945 921 914
3 921 945 946
3 921 946 922
3 922 946 957
3 925 959 958
3 923 925 958
3 948 958 949
3 948 926 958
3 926 923 958
3 948 917 926
3 952 927 919
3 920 960 954
3 920 927 960
3 955 960 952
3 952 960 927
3 954 960 956
3 957 961 922
3 961 928 922
3 961 962 928
3 962 932 928
3 933 935 963
3 933 963 937
3 939 965 964
3 938 939 964
3 964 966 938
3 938 966 940
3 940 966 967
3 941 940 967
3 963 935 942
3 963 942 937
3 965 939 968
3 968 939 943
3 967 944 941
3 969 944 967
3 944 969 970
3 946 944 970
3 947 949 971
3 971 973 972
3 971 972 947
3 947 972 950
3 975 974 951
3 975 951 972
3 972 951 950
3 974 955 951
3 977 943 976
3 977 968 943
3 943 953 976
3 953 956 976
3 970 978 946
3 978 957 946
3 981 979 980
3 959 980 979
3 959 979 958
3 958 979 982
3 949 983 971
3 949 958 983
3 958 982 983
3 971 983 973
3 975 984 974
3 976 984 977
3 976 960 984
3 974 984 955
3 955 984 960
3 976 956 960
3 978 985 957
3 985 961 957
3 985 986 961
3 986 962 961
3 965 988 987
3 964 965 987
3 987 989 964
3 964 989 966
3 966 989 990
3 967 966 990
3 988 965 991
3 991 965 968
3 990 969 967
3 992 969 990
3 969 992 993
3 970 969 993
3 996 994 995
3 973 995 994
3 973 994 972
3 972 994 997
3 999 975 972
3 999 972 998
3 998 972 997
3 998 1002 999
3 991 977 1000
3 991 968 977
3 977 1001 1000
3 1000 1001 1003
3 993 1004 970
3 1004 978 970
3 1007 1005 1006
3 981 1006 1005
3 981 1005 979
3 979 1005 1008
3 995 973 983
3 999 984 975
3 977 1009 1001
3 977 984 1009
3 1002 1009 999
3 999 1009 984
3 1001 1009 1003
3 1004 1010 978
3 1010 985 978
3 1010 1011 985
3 1011 986 985
3 988 1013 1012
3 987 988 1012
3 1012 1014 987
3 987 1014 989
3 989 1014 1015
3 990 989 1015
3 1013 988 1016
3 1016 988 991
3 1015 992 990
3 1017 992 1015
3 992 1017 1018
3 993 992 1018
3 1021 1019 1020
3 996 1020 1019
3 996 1019 994
3 994 1019 1022
3 1022 1023 994
3 994 1023 997
3 1025 1024 998
3 1025 998 1023
3 1023 998 997
3 1000 1026 1016
3 1000 1016 991
3 998 1024 1002
3 1000 1027 1026
3 1003 1027 1000
3 1018 1028 993
3 1028 1004 993
3 1005 1007 1029
3 1025 1030 1024
3 1024 1009 1002
3 1024 1030 1009
3 1030 1031 1009
3 1031 1003 1009
3 1027 1003 1031
3 1028 1032 1004
3 1032 1010 1004
3 1032 1033 1010
3 1033 1011 1010
3 1012 1013 1034
3 1014 1012 1034
3 1035 1014 1034
3 1014 1035 1015
3 1036 1034 1013
3 1016 1036 1013
3 1037 1036 1038
3 1037 1035 1036
3 1035 1034 1036
3 1035 1017 1015
3 1035 1037 1017
3 1037 1039 1017
3 1017 1039 1040
3 1018 1017 1040
3 1043 1041 1042
3 1021 1042 1041
3 1021 1041 1019
3 1019 1041 1044
3 1044 1045 1019
3 1019 1045 1022
3 1045 1046 1022
3 1022 1046 1023
3 1048 1025 1023
3 1048 1023 1047
3 1047 1023 1046
3 1047 1049 1048
3 1016 1026 1036
3 1026 1038 1036
3 1026 1027 1038
3 1027 1050 1038
3 1040 1051 1018
3 1051 1028 1018
3 1048 1030 1025
3 1049 1030 1048
3 1049 1052 1030
3 1052 1031 1030
3 1052 1027 1031
3 1050 1027 1052
3 1051 1053 1028
3 1053 1032 1028
3 1053 1054 1032
3 1054 1033 1032
3 1057 1055 1056
3 1055 1058 1056
3 1057 1056 1059
3 1056 1058 1059
3 1038 1061 1060
3 1037 1038 1060
3 1063 1062 1039
3 1063 1039 1060
3 1060 1039 1037
3 1039 1062 1040
3 1043 1065 1064
3 1041 1043 1064
3 1064 1066 1041
3 1041 1066 1044
3 1066 1067 1044
3 1044 1067 1045
3 1067 1068 1045
3 1045 1068 1046
3 1068 1069 1046
3 1046 1069 1047
3 1047 1069 1070
3 1049 1047 1070
3 1061 1038 1071
3 1071 1038 1050
3 1063 1072 1062
3 1062 1072 1073
3 1062 1073 1040
3 1040 1073 1051
3 1076 1074 1075
3 1070 1052 1049
3 1077 1052 1070
3 1077 1050 1052
3 1071 1050 1077
3 1073 1078 1051
3 1078 1053 1051
3 1078 1079 1053
3 1079 1054 1053
3 1055 1057 1080
3 1055 1080 1058
3 1080 1057 1059
3 1080 1059 1058
3 1060 1061 1081
3 1060 1081 1063
3 1084 1082 1083
3 1065 1083 1082
3 1065 1082 1064
3 1064 1082 1085
3 1085 1086 1064
3 1064 1086 1066
3 1086 1087 1066
3 1066 1087 1067
3 1087 1088 1067
3 1067 1088 1068
3 1088 1089 1068
3 1068 1089 1069
3 1091 1070 1069
3 1091 1069 1090
3 1090 1069 1089
3 1091 1090 1092
3 1091 1092 1061
3 1091 1061 1071
3 1081 1061 1092
3 1081 1072 1063
3 1081 1092 1072
3 1092 1093 1072
3 1072 1093 1094
3 1073 1072 1094
3 1097 1095 1096
3 1091 1077 1070
3 1091 1071 1077
3 1094 1098 1073
3 1098 1078 1073
3 1098 1099 1078
3 1099 1079 1078
3 1082 1084 1100
3 1100 1102 1101
3 1100 1101 1082
3 1082 1101 1085
3 1101 1103 1085
3 1085 1103 1086
3 1103 1104 1086
3 1086 1104 1087
3 1104 1105 1087
3 1087 1105 1088
3 1105 1106 1088
3 1088 1106 1089
3 1106 1107 1089
3 1089 1107 1090
3 1107 1108 1090
3 1090 1108 1092
3 1108 1109 1092
3 1092 1109 1093
3 1093 1109 1110
3 1094 1093 1110
3 1097 1112 1111
3 1095 1097 1111
3 1110 1113 1094
3 1113 1098 1094
3 1113 1114 1098
3 1114 1099 1098
3 1117 1115 1116
3 1102 1116 1115
3 1102 1115 1101
3 1101 1115 1118
3 1118 1119 1101
3 1101 1119 1103
3 1119 1120 1103
3 1103 1120 1104
3 1120 1121 1104
3 1104 1121 1105
3 1123 1122 1106
3 1123 1106 1121
3 1121 1106 1105
3 1122 1125 1124
3 1122 1124 1106
3 1106 1124 1107
3 1124 1126 1107
3 1107 1126 1108
3 1126 1127 1108
3 1108 1127 1109
3 1109 1127 1128
3 1110 1109 1128
3 1131 1129 1130
3 1112 1130 1129
3 1112 1129 1111
3 1111 1129 1132
3 1123 1133 1122
3 1122 1133 1125
3 1128 1134 1110
3 1134 1113 1110
3 1137 1135 1136
3 1134 1138 1113
3 1138 1114 1113
3 1115 1117 1139
3 1139 1141 1140
3 1139 1140 1115
3 1115 1140 1118
3 1143 1142 1119
3 1143 1119 1140
3 1140 1119 1118
3 1142 1145 1144
3 1142 1144 1119
3 1119 1144 1120
3 1147 1146 1121
3 1147 1121 1144
3 1144 1121 1120
3 1121 1146 1123
3 1124 1125 1148
3 1126 1124 1148
3 1149 1126 1148
3 1127 1126 1149
3 1150 1127 1149
3 1127 1150 1128
3 1125 1152 1148
3 1125 1133 1152
3 1133 1151 1152
3 1148 1153 1149
3 1152 1153 1148
3 1149 1154 1150
3 1153 1154 1149
3 1150 1134 1128
3 1150 1155 1134
3 1150 1154 1155
3 1155 1156 1134
3 1155 1157 1156
3 1158 1134 1156
3 1158 1159 1134
3 1159 1138 1134
3 1156 1157 1158
3 1141 1161 1160
3 1140 1141 1160
3 1140 1160 1162
3 1143 1140 1162
3 1144 1145 1163
3 1144 1163 1147
3 1166 1164 1165
3 1164 1167 1165
3 1167 1152 1165
3 1167 1168 1152
3 1168 1153 1152
3 1168 1169 1153
3 1153 1169 1154
3 1171 1170 1155
3 1171 1155 1169
3 1169 1155 1154
3 1155 1170 1157
3 1170 1159 1158
3 1170 1171 1159
3 1171 1172 1159
3 1170 1158 1157
3 1160 1161 1173
3 1160 1173 1162
3 1164 1166 1174
3 1164 1174 1167
3 1174 1168 1167
3 1174 1175 1168
3 1175 1176 1168
3 1176 1177 1168
3 1168 1177 1169
3 1169 1177 1178
3 1171 1169 1178
3 1178 1179 1171
3 1179 1172 1171
3 1184 1182 1183
3 1184 1183 1180
3 1180 1183 1181
3 1186 1183 1182
3 1185 1186 1182
3 1175 1186 1185
3 1187 1175 1185
3 1187 1189 1188
3 1187 1188 1175
3 1175 1188 1176
3 1191 1190 1177
3 1191 1177 1188
3 1188 1177 1176
3 1177 1190 1178
3 1193 1190 1191
3 1192 1190 1193
3 1190 1192 1179
3 1178 1190 1179
3 1180 1194 1184
3 1188 1189 1195
3 1188 1195 1191
3 1195 1196 1193
3 1191 1195 1193
3 547 1197 548
3 1197 1198 549
3 548 1197 549
3 549 1198 550
3 547 561 1199
3 1197 547 1199
3 1199 1200 1197
3 1200 1198 1197
3 562 550 1198
3 1200 562 1198
3 1202 1199 561
3 1202 561 1201
3 1201 561 574
3 1201 1203 1202
3 1204 1199 1202
3 1204 1205 1199
3 1205 1200 1199
3 1202 1203 1204
3 575 562 1200
3 575 1200 1206
3 1206 1200 1205
3 575 1206 576
3 586 1207 587
3 1207 574 587
3 1207 1208 574
3 1208 1201 574
3 1201 1208 1209
3 1203 1201 1209
3 1204 1210 1205
3 1210 1204 1203
3 1210 1203 1211
3 1211 1203 1209
3 1212 1205 1210
3 1212 1213 1205
3 1213 1206 1205
3 1210 1211 1212
3 588 576 1206
3 588 1206 1214
3 1214 1206 1213
3 588 1214 589
3 586 599 1207
3 599 1208 1207
3 599 601 1208
3 601 1215 1208
3 1208 1215 1216
3 1209 1208 1216
3 1216 1217 1209
3 1217 1211 1209
3 1213 1218 1219
3 1212 1218 1213
3 1218 1212 1211
3 1217 1218 1211
3 1219 1220 1213
3 1220 1214 1213
3 602 589 1214
3 602 1214 1221
3 1221 1214 1220
3 1221 1222 603
3 602 1221 603
3 612 1223 601
3 601 1223 1215
3 1215 1223 1224
3 1216 1215 1224
3 1224 1225 1216
3 1225 1217 1216
3 1218 1226 1219
3 1226 1218 1217
3 1226 1217 1227
3 1227 1217 1225
3 1228 1219 1226
3 1228 1229 1219
3 1229 1220 1219
3 1226 1227 1228
3 1229 1230 1220
3 1230 1221 1220
3 1230 1231 1221
3 1231 1222 1221
3 614 1232 615
3 615 1232 616
3 623 1233 624
3 1233 612 624
3 1233 1234 612
3 1234 1223 612
3 1223 1234 1235
3 1224 1223 1235
3 1235 1236 1224
3 1236 1225 1224
3 1239 1238 1237
3 1237 1238 1227
3 1237 1227 1236
3 1236 1227 1225
3 1238 1229 1228
3 1238 1239 1229
3 1239 1240 1229
3 1238 1228 1227
3 1240 1241 1229
3 1241 1230 1229
3 1241 1242 1230
3 1242 1231 1230
3 1245 1243 1244
3 614 626 1232
3 626 616 1232
3 623 634 1233
3 1247 1246 1234
3 636 1247 1234
3 636 1234 1233
3 636 1233 634
3 1234 1246 1235
3 1249 1246 1247
3 1248 1246 1249
3 1246 1248 1236
3 1235 1246 1236
3 1248 1239 1237
3 1248 1249 1239
3 1249 1250 1239
3 1248 1237 1236
3 1252 1250 1251
3 1252 1240 1250
3 1240 1239 1250
3 1251 1253 1252
3 1254 1240 1252
3 1241 1240 1254
3 1253 1255 1254
3 1252 1253 1254
3 1256 1241 1254
3 1242 1241 1256
3 1255 1257 1256
3 1254 1255 1256
3 1243 1245 1258
3 636 647 1259
3 1247 636 1259
3 1259 1260 1247
3 1260 1249 1247
3 1260 1261 1249
3 1261 1250 1249
3 1251 1263 1262
3 1251 1250 1263
3 1250 1261 1263
3 1251 1262 1253
3 1265 1262 1263
3 1264 1262 1265
3 1262 1264 1255
3 1253 1262 1255
3 1267 1264 1265
3 1266 1264 1267
3 1264 1266 1257
3 1255 1264 1257
3 1270 1268 1269
3 1271 1272 1273
3 1274 1276 1275
3 1278 1275 1277
3 1275 1276 1277
3 1279 1280 1281
3 1282 1279 1281
3 1283 1285 1284
3 1286 1277 1276
3 1287 1286 1276
3 1290 1288 1289
3 1288 1291 1289
3 1292 1293 1282
3 1292 1282 1295
3 1295 1282 1294
3 1298 1296 1297
3 1293 1279 1282
3 1287 1300 1301
3 1287 1301 1286
3 1286 1301 1299
3 1295 1306 1307
3 1295 1307 1292
3 1292 1307 1305
3 1306 1308 1309
3 1307 1306 1309
3 1308 1310 1311
3 1309 1308 1311
3 1314 1311 1310
3 1314 1310 1313
3 1313 1310 1312
3 1312 1315 1313
3 1315 1316 1313
3 1314 1313 1317
3 1313 1316 1318
3 1317 1313 1318
3 1316 1319 1320
3 1318 1316 1320
3 1323 1320 1319
3 1323 1319 1322
3 1322 1319 1321
3 1323 1322 1324
3 1329 1326 1325
3 1329 1325 1328
3 1328 1325 1327
3 1327 1330 1328
3 1330 1331 1328
3 1330 1332 1331
3 1332 1333 1331
3 1317 1332 1314
3 1317 1334 1332
3 1334 1333 1332
3 1318 1334 1317
3 1335 1334 1318
3 1329 1328 1336
3 1328 1331 1337
3 1336 1328 1337
3 1331 1333 1338
3 1337 1331 1338
3 1340 1338 1333
3 1340 1333 1339
3 1339 1333 1334
3 1334 1335 1339
3 1335 1341 1339
3 1335 1342 1341
3 1342 1343 1341
3 1324 1342 1323
3 1324 1344 1342
3 1344 1343 1342
3 1345 1347 1346
3 1340 1339 1348
3 1339 1341 1349
3 1348 1339 1349
3 1341 1343 1350
3 1349 1341 1350
3 1343 1344 1351
3 1350 1343 1351
3 1356 1357 1355
3 1347 1357 1356
3 1336 1355 1329
3 1336 1358 1355
3 1358 1356 1355
3 1337 1358 1336
3 1359 1358 1337
3 1338 1359 1337
3 1360 1359 1338
3 1338 1340 1360
3 1348 1360 1340
3 1348 1362 1360
3 1362 1361 1360
3 1349 1362 1348
3 1363 1362 1349
3 1350 1363 1349
3 1364 1363 1350
3 1351 1364 1350
3 1365 1364 1351
3 1367 1374 1373
3 1366 1367 1373
3 1373 1368 1366
3 1375 1368 1373
3 1377 1369 1370
3 1376 1369 1377
3 1369 1376 1378
3 1371 1369 1378
3 1379 1367 1372
3 1379 1380 1367
3 1380 1374 1367
3 1378 1381 1371
3 1374 1385 1384
3 1373 1374 1384
3 1384 1375 1373
3 1386 1375 1384
3 1388 1376 1377
3 1387 1376 1388
3 1376 1387 1389
3 1378 1376 1389
3 1385 1374 1390
3 1390 1374 1380
3 1389 1391 1378
3 1391 1381 1378
3 1391 1382 1381
3 1392 1382 1391
3 1382 1392 1393
3 1383 1382 1393
3 1393 1394 1383
3 1385 1397 1396
3 1384 1385 1396
3 1386 1399 1398
3 1386 1384 1399
3 1384 1396 1399
3 1398 1387 1388
3 1398 1399 1387
3 1399 1400 1387
3 1387 1400 1401
3 1389 1387 1401
3 1404 1402 1403
3 1402 1390 1403
3 1402 1397 1390
3 1397 1385 1390
3 1401 1405 1389
3 1405 1391 1389
3 1405 1392 1391
3 1406 1392 1405
3 1392 1406 1407
3 1393 1392 1407
3 1407 1408 1393
3 1408 1394 1393
3 1408 1395 1394
3 1409 1395 1408
3 1397 1411 1410
3 1396 1397 1410
3 1410 1412 1396
3 1396 1412 1399
3 1412 1413 1399
3 1399 1413 1400
3 1400 1413 1414
3 1401 1400 1414
3 1404 1416 1415
3 1402 1404 1415
3 1415 1397 1402
3 1411 1397 1415
3 1414 1417 1401
3 1417 1405 1401
3 1416 1404 1418
3 1418 1404 1419
3 1417 1406 1405
3 1420 1406 1417
3 1406 1420 1421
3 1407 1406 1421
3 1421 1422 1407
3 1422 1408 1407
3 1409 1424 1423
3 1409 1408 1424
3 1408 1422 1424
3 1424 1425 1423
3 1411 1427 1426
3 1410 1411 1426
3 1426 1428 1410
3 1410 1428 1412
3 1428 1429 1412
3 1412 1429 1413
3 1413 1429 1430
3 1414 1413 1430
3 1415 1416 1431
3 1431 1411 1415
3 1431 1432 1411
3 1432 1427 1411
3 1434 1430 1433
3 1434 1417 1430
3 1417 1414 1430
3 1433 1435 1434
3 1436 1431 1416
3 1436 1416 1437
3 1437 1416 1418
3 1431 1436 1432
3 1434 1420 1417
3 1420 1434 1435
3 1420 1435 1421
3 1421 1435 1438
3 1438 1439 1421
3 1439 1422 1421
3 1439 1440 1422
3 1440 1424 1422
3 1440 1425 1424
3 1441 1425 1440
3 1427 1443 1442
3 1426 1427 1442
3 1442 1444 1426
3 1426 1444 1428
3 1444 1445 1428
3 1428 1445 1429
3 1429 1445 1446
3 1430 1429 1446
3 1449 1447 1448
3 1447 1432 1448
3 1447 1443 1432
3 1443 1427 1432
3 1433 1451 1450
3 1433 1430 1451
3 1430 1446 1451
3 1433 1450 1435
3 1448 1436 1437
3 1448 1437 1449
3 1449 1437 1452
3 1448 1432 1436
3 1451 1453 1450
3 1450 1453 1454
3 1450 1454 1435
3 1435 1454 1438
3 1454 1455 1438
3 1455 1439 1438
3 1457 1455 1456
3 1457 1440 1455
3 1440 1439 1455
3 1457 1441 1440
3 1460 1459 1458
3 1442 1443 1462
3 1444 1442 1462
3 1463 1444 1462
3 1463 1465 1464
3 1463 1464 1444
3 1444 1464 1445
3 1445 1464 1466
3 1446 1445 1466
3 1449 1468 1467
3 1447 1449 1467
3 1443 1469 1462
3 1443 1447 1469
3 1447 1467 1469
3 1462 1470 1463
3 1469 1470 1462
3 1463 1470 1465
3 1466 1471 1446
3 1471 1451 1446
3 1474 1472 1473
3 1472 1452 1473
3 1472 1468 1452
3 1468 1449 1452
3 1471 1453 1451
3 1475 1453 1471
3 1453 1475 1476
3 1454 1453 1476
3 1476 1477 1454
3 1477 1455 1454
3 1456 1479 1478
3 1456 1455 1479
3 1455 1477 1479
3 1482 1480 1481
3 1484 1478 1479
3 1483 1478 1484
3 1484 1485 1483
3 1458 1486 1460
3 1486 1461 1460
3 1492 1490 1491
3 1490 1495 1493
3 1490 1493 1491
3 1491 1493 1494
3 1497 1498 1494
3 1497 1494 1496
3 1496 1494 1493
3 1496 1499 1497
3 1502 1500 1501
3 1503 1464 1465
3 1503 1465 1505
3 1501 1500 1504
3 1464 1503 1506
3 1466 1464 1506
3 1508 1492 1491
3 1507 1508 1491
3 1509 1510 1507
3 1509 1507 1494
3 1494 1507 1491
3 1494 1498 1509
3 1468 1512 1511
3 1467 1468 1511
3 1511 1513 1467
3 1467 1513 1469
3 1513 1514 1469
3 1469 1514 1470
3 1514 1465 1470
3 1505 1465 1514
3 1506 1515 1466
3 1515 1471 1466
3 1508 1507 1516
3 1507 1510 1516
3 1472 1474 1517
3 1517 1468 1472
3 1517 1518 1468
3 1518 1512 1468
3 1515 1475 1471
3 1519 1475 1515
3 1475 1519 1520
3 1476 1475 1520
3 1520 1521 1476
3 1521 1477 1476
3 1521 1522 1477
3 1522 1479 1477
3 1480 1482 1523
3 1525 1522 1524
3 1525 1484 1522
3 1484 1479 1522
3 1525 1485 1484
3 1528 1527 1526
3 1527 1488 1487
3 1527 1528 1488
3 1528 1529 1488
3 1529 1530 1488
3 1530 1489 1488
3 1530 0 1489
3 1533 1531 1532
3 1534 1490 1492
3 1535 1534 1492
3 1535 1492 1532
3 1535 1532 1531
3 1534 1495 1490
3 1536 1538 1537
3 1498 1536 1537
3 1498 1497 1536
3 1497 1539 1536
3 1539 1497 1499
3 1540 1539 1499
3 1541 1502 1501
3 1541 1501 1504
3 1542 1543 1545
3 1505 1544 1503
3 1543 1542 1546
3 1544 1506 1503
3 1533 1532 1547
3 1532 1492 1508
3 1532 1508 1548
3 1532 1548 1547
3 1548 1508 1549
3 1537 1510 1509
3 1538 1510 1537
3 1538 1549 1510
3 1538 1548 1549
3 1537 1509 1498
3 1511 1512 1550
3 1550 1552 1551
3 1550 1551 1511
3 1511 1551 1513
3 1551 1553 1513
3 1513 1553 1514
3 1505 1554 1544
3 1505 1514 1554
3 1514 1553 1554
3 1544 1554 1555
3 1544 1555 1506
3 1506 1555 1515
3 1549 1508 1516
3 1549 1516 1510
3 1556 1550 1512
3 1556 1512 1557
3 1557 1512 1518
3 1550 1556 1552
3 1555 1519 1515
3 1558 1519 1555
3 1519 1558 1559
3 1520 1519 1559
3 1559 1560 1520
3 1560 1521 1520
3 1560 1561 1521
3 1561 1522 1521
3 1564 1562 1563
3 1524 1566 1565
3 1524 1522 1566
3 1522 1561 1566
3 1566 1567 1565
3 1570 1569 1568
3 1569 1528 1526
3 1569 1570 1528
3 1570 1571 1528
3 1571 1572 1528
3 1572 1529 1528
3 1575 1573 1574
3 1572 1576 1529
3 1576 1530 1529
3 1576 1 1530
3 1 0 1530
3 1577 1531 1533
3 1577 1533 1578
3 1578 1533 1579
3 1577 1535 1531
3 1536 1580 1538
3 1539 1580 1536
3 1581 1580 1539
3 1581 1539 1540
3 1581 1540 1583
3 1583 1540 1582
3 1586 1584 1585
3 1584 1588 1585
3 1545 1543 1587
3 1587 1543 1546
3 1547 1589 1590
3 1547 1590 1533
3 1533 1590 1579
3 1589 1591 1592
3 1589 1547 1591
3 1547 1548 1591
3 1538 1580 1593
3 1538 1593 1548
3 1548 1593 1591
3 1580 1581 1594
3 1593 1580 1594
3 1581 1583 1594
3 1597 1595 1596
3 1552 1596 1595
3 1552 1595 1551
3 1551 1595 1598
3 1585 1598 1586
3 1585 1553 1598
3 1553 1551 1598
3 1588 1553 1585
3 1588 1599 1553
3 1599 1554 1553
3 1554 1599 1600
3 1555 1554 1600
3 1590 1589 1601
3 1589 1592 1601
3 1604 1602 1603
3 1596 1556 1557
3 1597 1596 1557
3 1597 1557 1603
3 1597 1603 1602
3 1596 1552 1556
3 1558 1606 1605
3 1558 1555 1606
3 1555 1600 1606
3 1558 1605 1559
3 1603 1607 1609
3 1603 1609 1604
3 1604 1609 1608
3 1606 1610 1605
3 1605 1610 1611
3 1605 1611 1559
3 1559 1611 1560
3 1611 1612 1560
3 1612 1561 1560
3 1612 1613 1561
3 1613 1566 1561
3 1616 1614 1615
3 1613 1567 1566
3 1617 1567 1613
3 1620 1619 1618
3 1622 1619 1620
3 1621 1619 1622
3 1624 1622 1623
3 1624 1570 1622
3 1621 1622 1568
3 1568 1622 1570
3 1625 1570 1624
3 1625 1626 1570
3 1626 1571 1570
3 1626 1627 1571
3 1627 1572 1571
3 1575 1629 1628
3 1573 1575 1628
3 1627 1630 1572
3 1630 1576 1572
3 1631 1578 1632
3 1632 1578 1579
3 1635 1634 1633
3 1634 1637 1633
3 1634 1582 1637
3 1634 1583 1582
3 1636 1637 1582
3 1636 1638 1637
3 1584 1586 1639
3 1584 1639 1588
3 1642 1640 1641
3 1640 1590 1641
3 1640 1632 1590
3 1632 1579 1590
3 1591 1643 1592
3 1593 1643 1591
3 1644 1643 1593
3 1644 1635 1645
3 1644 1594 1635
3 1644 1593 1594
3 1594 1634 1635
3 1634 1594 1583
3 1597 1647 1646
3 1595 1597 1646
3 1646 1648 1595
3 1595 1648 1598
3 1586 1649 1639
3 1586 1598 1649
3 1598 1648 1649
3 1639 1599 1588
3 1639 1649 1599
3 1649 1650 1599
3 1599 1650 1651
3 1600 1599 1651
3 1653 1642 1641
3 1652 1653 1641
3 1601 1641 1590
3 1601 1654 1641
3 1654 1652 1641
3 1654 1655 1656
3 1601 1655 1654
3 1601 1643 1655
3 1601 1592 1643
3 1643 1644 1657
3 1655 1643 1657
3 1644 1645 1657
3 1604 1659 1658
3 1602 1604 1658
3 1658 1597 1602
3 1647 1597 1658
3 1651 1660 1600
3 1660 1606 1600
3 1653 1652 1661
3 1652 1654 1662
3 1661 1652 1662
3 1654 1656 1662
3 1659 1604 1663
3 1663 1604 1608
3 1660 1610 1606
3 1664 1610 1660
3 1610 1664 1665
3 1611 1610 1665
3 1665 1666 1611
3 1666 1612 1611
3 1668 1666 1667
3 1668 1613 1666
3 1613 1612 1666
3 1614 1616 1669
3 1617 1672 1671
3 1617 1613 1672
3 1670 1672 1668
3 1668 1672 1613
3 1672 1673 1671
3 1676 1675 1674
3 1675 1620 1618
3 1675 1676 1620
3 1676 1677 1620
3 1677 1678 1620
3 1678 1622 1620
3 1623 1680 1679
3 1623 1622 1680
3 1622 1678 1680
3 1679 1626 1625
3 1679 1680 1626
3 1680 1681 1626
3 1681 1682 1626
3 1682 1627 1626
3 1628 1629 1683
3 1682 1684 1627
3 1684 1630 1627
3 1687 1685 1686
3 1635 1688 1689
3 1633 1688 1635
3 1688 1633 1690
3 1633 1637 1690
3 1690 1637 1638
3 1691 1690 1638
3 1693 1689 1692
3 1693 1645 1689
3 1645 1635 1689
3 1692 1694 1693
3 1647 1696 1695
3 1646 1647 1695
3 1695 1697 1646
3 1646 1697 1648
3 1697 1698 1648
3 1648 1698 1649
3 1698 1699 1649
3 1649 1699 1650
3 1650 1699 1700
3 1651 1650 1700
3 1701 1702 1703
3 1701 1655 1702
3 1655 1657 1702
3 1645 1693 1704
3 1645 1704 1657
3 1657 1704 1702
3 1693 1694 1704
3 1658 1659 1705
3 1705 1647 1658
3 1705 1706 1647
3 1706 1696 1647
3 1700 1707 1651
3 1707 1660 1651
3 1661 1708 1710
3 1661 1710 1653
3 1653 1710 1709
3 1662 1708 1661
3 1711 1708 1662
3 1711 1712 1713
3 1662 1712 1711
3 1662 1701 1712
3 1662 1656 1701
3 1701 1703 1712
3 1714 1705 1659
3 1714 1659 1715
3 1715 1659 1663
3 1707 1664 1660
3 1716 1664 1707
3 1664 1716 1717
3 1665 1664 1717
3 1710 1708 1718
3 1708 1711 1719
3 1718 1708 1719
3 1711 1713 1719
3 1717 1720 1665
3 1720 1666 1665
3 1667 1722 1721
3 1667 1666 1722
3 1666 1720 1722
3 1723 1722 304
3 1723 1672 1722
3 1721 1722 1670
3 1670 1722 1672
3 1673 1725 1724
3 1673 1672 1725
3 306 1725 1723
3 1723 1725 1672
3 1724 1676 1674
3 1724 1725 1676
3 1725 1726 1676
3 1727 1726 308
3 1727 1677 1726
3 1677 1676 1726
3 310 1677 1727
3 310 1728 1677
3 1728 1678 1677
3 1728 1729 1678
3 1729 1680 1678
3 1729 1730 1680
3 1730 1681 1680
3 1730 1731 1681
3 1731 1682 1681
3 1739 1737 1738
3 1739 1735 1737
3 1736 1737 1734
3 1734 1737 1735
3 1738 1743 1742
3 1738 1737 1743
3 1737 1741 1743
3 1744 1745 1740
3 1745 1741 1740
3 1745 1746 1741
3 1746 1743 1741
3 1748 1749 1744
3 1749 1745 1744
3 1749 1750 1745
3 1750 1746 1745
3 1751 1752 1747
3 1752 1748 1747
3 1754 1752 1753
3 1754 1749 1752
3 1749 1748 1752
3 1755 1749 1754
3 1755 1756 1749
3 1756 1750 1749
3 1758 1759 1751
3 1759 1752 1751
3 1753 1761 1760
3 1753 1752 1761
3 1752 1759 1761
3 1760 1756 1755
3 1760 1761 1756
3 1761 1762 1756
3 1763 1764 1757
3 1764 1758 1757
3 1764 1765 1758
3 1765 1759 1758
3 1765 1766 1759
3 1766 1761 1759
3 1766 1767 1761
3 1767 1762 1761
3 1769 1770 1763
3 1770 1764 1763
3 1772 1770 1771
3 1772 1765 1770
3 1765 1764 1770
3 1773 1765 1772
3 1773 1774 1765
3 1774 1766 1765
3 1774 1775 1766
3 1775 1767 1766
3 1776 1777 1768
3 1777 1769 1768
3 1777 1778 1769
3 1778 1770 1769
3 1771 1780 1779
3 1771 1770 1780
3 1770 1778 1780
3 1779 1774 1773
3 1779 1780 1774
3 1780 1781 1774
3 1781 1782 1774
3 1782 1775 1774
3 1784 1785 1776
3 1785 1777 1776
3 1785 1786 1777
3 1786 1778 1777
3 1786 1787 1778
3 1787 1780 1778
3 1787 1788 1780
3 1788 1781 1780
3 1788 1789 1781
3 1789 1782 1781
3 1790 1791 1783
3 1791 1784 1783
3 1791 1792 1784
3 1792 1785 1784
3 1792 1793 1785
3 1793 1786 1785
3 1793 1794 1786
3 1794 1787 1786
3 1794 1795 1787
3 1795 1788 1787
3 1795 1796 1788
3 1796 1789 1788
3 468 470 1790
3 470 1791 1790
3 470 472 1791
3 472 1792 1791
3 472 474 1792
3 474 1793 1792
3 474 476 1793
3 476 1794 1793
3 476 478 1794
3 478 1795 1794
3 478 480 1795
3 480 1796 1795
3 1799 1798 1797
3 1799 1801 1802
3 1797 1801 1799
3 1800 1804 1803
3 1800 1799 1804
3 1799 1802 1804
3 1805 1803 1804
3 1808 1807 1806
3 1810 1808 1809
3 1810 1802 1808
3 1807 1808 1801
3 1801 1808 1802
3 1811 1802 1810
3 1811 1812 1802
3 1812 1804 1802
3 1812 1813 1804
3 1813 1805 1804
3 1813 1814 1805
3 1818 1817 1816
3 1818 1819 1817
3 1822 1821 1820
3 1821 1808 1806
3 1821 1822 1808
3 1822 1823 1808
3 1809 1825 1824
3 1809 1808 1825
3 1808 1823 1825
3 1824 1812 1811
3 1824 1825 1812
3 1825 1826 1812
3 1826 1827 1812
3 1827 1813 1812
3 1827 1828 1813
3 1828 1814 1813
3 1828 1829 1814
3 1829 1815 1814
3 1829 1830 1815
3 1818 1831 1832
3 1816 1831 1818
3 1832 1819 1818
3 1833 1819 1832
3 1836 1835 1834
3 1838 1836 1837
3 1838 1822 1836
3 1835 1836 1820
3 1820 1836 1822
3 1839 1822 1838
3 1823 1822 1839
3 1840 1823 1839
3 1840 1841 1823
3 1841 1825 1823
3 1841 1842 1825
3 1842 1826 1825
3 1842 1843 1826
3 1843 1827 1826
3 1843 1844 1827
3 1844 1828 1827
3 1844 1845 1828
3 1845 1829 1828
3 1845 1846 1829
3 1846 1830 1829
3 1831 1847 1832
3 1847 1833 1832
3 1836 1848 1849
3 1834 1848 1836
3 1837 1851 1850
3 1837 1836 1851
3 1836 1849 1851
3 1851 1852 1850
3 1841 1853 1854
3 1840 1853 1841
3 1854 1855 1841
3 1855 1842 1841
3 1857 1855 1856
3 1857 1843 1855
3 1843 1842 1855
3 1858 1843 1857
3 1858 1859 1843
3 1859 1844 1843
3 1859 1860 1844
3 1860 1845 1844
3 1860 1861 1845
3 1861 1846 1845
3 1864 1863 1862
3 1863 1849 1848
3 1863 1864 1849
3 1864 1865 1849
3 1867 1865 1866
3 1867 1851 1865
3 1851 1849 1865
3 1867 1852 1851
3 1854 1868 1869
3 1853 1868 1854
3 1869 1870 1854
3 1870 1855 1854
3 1856 1872 1871
3 1856 1855 1872
3 1855 1870 1872
3 1871 1859 1858
3 1871 1872 1859
3 1872 1873 1859
3 1873 1874 1859
3 1874 1860 1859
3 1874 1875 1860
3 1875 1861 1860
3 1864 1876 1877
3 1862 1876 1864
3 1877 1878 1864
3 1878 1865 1864
3 1866 1880 1879
3 1866 1865 1880
3 1865 1878 1880
3 1882 1879 1880
3 1881 1879 1882
3 1881 1869 1868
3 1881 1882 1869
3 1882 1883 1869
3 1885 1883 1884
3 1885 1870 1883
3 1870 1869 1883
3 1886 1870 1885
3 1872 1870 1886
3 1887 1872 1886
3 1887 1888 1872
3 1888 1873 1872
3 1888 1889 1873
3 1889 1874 1873
3 1889 4 1874
3 4 1875 1874
3 1890 650 649
3 1891 1892 1893
3 1368 1375 1895
3 1894 1368 1895
3 1894 1895 1377
3 1370 1894 1377
3 1375 1386 1896
3 1895 1375 1896
3 1895 1896 1388
3 1377 1895 1388
3 1896 1386 1398
3 1896 1398 1388
3 1899 1897 1898
3 1897 1900 1901
3 1898 1897 1901
3 1900 1902 1901
3 1904 1899 1898
3 1903 1904 1898
3 1898 1901 1903
3 1901 1905 1903
3 1902 1906 1905
3 1901 1902 1905
3 1495 1904 1903
3 1493 1495 1903
3 1903 1905 1493
3 1905 1496 1493
3 1906 1499 1496
3 1905 1906 1496
3 1502 1907 1500
3 1907 1504 1500
3 1908 1910 1909
3 1910 1912 1913
3 1910 1913 1909
3 1909 1913 1911
3 1912 1914 1913
3 1911 1913 1916
3 1915 1911 1916
3 1913 1914 1916
3 1919 1917 1918
3 1899 1918 1917
3 1899 1917 1897
3 1897 1917 1920
3 1920 1921 1897
3 1897 1921 1900
3 1900 1921 1922
3 1902 1900 1922
3 1924 1919 1918
3 1923 1924 1918
3 1918 1904 1923
3 1899 1904 1918
3 1926 1922 1925
3 1926 1906 1922
3 1906 1902 1922
3 1925 1927 1926
3 1535 1924 1923
3 1534 1535 1923
3 1923 1495 1534
3 1904 1495 1923
3 1928 1906 1926
3 1928 1540 1906
3 1540 1499 1906
3 1926 1927 1928
3 1907 1502 1541
3 1541 1504 1907
3 1545 1929 1542
3 1929 1546 1542
3 1908 1930 1910
3 1930 1912 1910
3 1930 1931 1912
3 1931 1932 1912
3 1912 1932 1933
3 1914 1912 1933
3 1916 1934 1915
3 1935 1934 1916
3 1935 1916 1914
3 1935 1914 1936
3 1936 1914 1933
3 1939 1937 1938
3 1937 1940 1941
3 1938 1937 1941
3 1940 1942 1943
3 1941 1940 1943
3 1919 1943 1942
3 1919 1942 1917
3 1917 1942 1944
3 1944 1945 1917
3 1917 1945 1920
3 1945 1946 1920
3 1920 1946 1921
3 1948 1922 1921
3 1948 1921 1947
3 1947 1921 1946
3 1947 1949 1948
3 1934 1935 1951
3 1950 1934 1951
3 1935 1936 1951
3 1939 1938 1952
3 1938 1941 1953
3 1952 1938 1953
3 1941 1943 1954
3 1953 1941 1954
3 1943 1955 1954
3 1943 1919 1955
3 1919 1924 1955
3 1948 1925 1922
3 1925 1948 1949
3 1925 1949 1927
3 1927 1949 1956
3 1578 1957 1577
3 1957 1535 1577
3 1957 1955 1535
3 1955 1924 1535
3 1540 1958 1582
3 1928 1958 1540
3 1958 1928 1927
3 1956 1958 1927
3 1929 1545 1587
3 1929 1587 1546
3 1961 1960 1932
3 1961 1932 1959
3 1959 1932 1931
3 1932 1960 1933
3 1963 1960 1961
3 1962 1960 1963
3 1936 1933 1960
3 1936 1960 1962
3 1966 1964 1965
3 1939 1965 1964
3 1939 1964 1937
3 1937 1964 1967
3 1967 1968 1937
3 1937 1968 1940
3 1968 1969 1940
3 1940 1969 1942
3 1971 1970 1944
3 1971 1944 1969
3 1969 1944 1942
3 1970 1973 1972
3 1970 1972 1944
3 1944 1972 1945
3 1972 1974 1945
3 1945 1974 1946
3 1976 1975 1947
3 1976 1947 1974
3 1974 1947 1946
3 1947 1975 1949
3 1962 1963 1977
3 1962 1977 1951
3 1951 1977 1950
3 1966 1965 1978
3 1962 1951 1936
3 1965 1939 1952
3 1965 1952 1978
3 1978 1952 1979
3 1979 1952 1980
3 1952 1953 1980
3 1980 1953 1981
3 1953 1954 1981
3 1983 1970 1955
3 1983 1982 1970
3 1955 1970 1954
3 1971 1981 1970
3 1954 1970 1981
3 1970 1982 1973
3 1976 1984 1975
3 1975 1984 1985
3 1975 1985 1949
3 1949 1985 1956
3 1578 1631 1986
3 1957 1578 1986
3 1986 1955 1957
3 1983 1955 1986
3 1958 1636 1582
3 1636 1958 1956
3 1636 1956 1638
3 1638 1956 1985
3 1959 1987 1961
3 1987 1988 1963
3 1961 1987 1963
3 1964 1966 1989
3 1967 1964 1989
3 1990 1967 1989
3 1968 1967 1990
3 1991 1968 1990
3 1969 1968 1991
3 1992 1969 1991
3 1969 1992 1971
3 1972 1973 1993
3 1974 1972 1993
3 1994 1974 1993
3 1974 1994 1976
3 1988 1977 1963
3 1989 1966 1978
3 1990 1989 1978
3 1979 1990 1978
3 1991 1990 1979
3 1980 1991 1979
3 1992 1991 1980
3 1981 1992 1980
3 1983 1996 1995
3 1983 1995 1982
3 1971 1992 1981
3 1973 1997 1993
3 1973 1982 1997
3 1982 1995 1997
3 1993 1998 1994
3 1997 1998 1993
3 2000 1999 1984
3 1998 2000 1984
3 1998 1984 1976
3 1998 1976 1994
3 1984 1999 1985
3 1631 2002 2001
3 1986 1631 2001
3 2001 1983 1986
3 1996 1983 2001
3 2000 2003 1999
3 1999 2003 1691
3 1999 1691 1985
3 1985 1691 1638
3 1846 2005 1830
3 2005 2004 1830
3 2005 2006 2004
3 1861 2008 1846
3 2008 2005 1846
3 2008 2009 2005
3 2009 2006 2005
3 2009 2010 2006
3 2010 2007 2006
3 2010 2011 2007
3 1875 2013 1861
3 2013 2008 1861
3 2013 2014 2008
3 2014 2009 2008
3 2014 2015 2009
3 2015 2010 2009
3 2015 2016 2010
3 2016 2011 2010
3 2016 2017 2011
3 2017 2012 2011
3 2017 2018 2012
3 4 6 1875
3 6 2013 1875
3 6 8 2013
3 8 2014 2013
3 8 10 2014
3 10 2015 2014
3 10 12 2015
3 12 2016 2015
3 12 14 2016
3 14 2017 2016
3 14 16 2017
3 16 2018 2017
3 16 18 2018
3 18 2019 2018
3 18 20 2019
3 2021 2022 2020
3 2025 2024 2023
3 2027 2024 2025
3 2026 2024 2027
3 2027 2028 2026
3 1876 2029 1877
3 2030 1877 2029
3 1878 1877 2030
3 2031 1878 2030
3 1880 1878 2031
3 2032 1880 2031
3 2032 2033 1880
3 2033 1882 1880
3 2033 2034 1882
3 2034 1883 1882
3 2034 1884 1883
3 2035 1884 2034
3 1887 2036 1888
3 2037 1888 2036
3 1889 1888 2037
3 2 1889 2037
3 4 1889 2
3 2022 2040 2039
3 2022 2021 2040
3 2021 2038 2040
3 2040 2041 2039
3 2025 2042 2043
3 2023 2042 2025
3 2045 2043 2044
3 2045 2027 2043
3 2027 2025 2043
3 2045 2028 2027
3 2048 2047 2046
3 2048 2049 2047
3 2032 2050 2033
3 2051 2033 2050
3 2034 2033 2051
3 2051 2035 2034
3 26 25 2052
3 1733 2053 1732
3 2053 2038 1732
3 2053 2054 2038
3 2054 2040 2038
3 2041 2056 2055
3 2041 2040 2056
3 2040 2054 2056
3 2055 2043 2042
3 2055 2056 2043
3 2056 2057 2043
3 2057 2044 2043
3 2058 2044 2057
3 2046 2059 2048
3 2059 2049 2048
3 2062 2061 2060
3 2062 2063 2061
3 2066 2065 2064
3 2068 2065 2066
3 2067 2065 2068
3 2067 26 2052
3 2067 2068 26
3 2068 40 26
3 1735 2069 1733
3 2069 2053 1733
3 2069 2070 2053
3 2070 2054 2053
3 2072 2070 2071
3 2072 2056 2070
3 2056 2054 2070
3 2073 2056 2072
3 2073 2074 2056
3 2074 2057 2056
3 2074 2058 2057
3 2075 2058 2074
3 2060 2076 2062
3 2076 2063 2062
3 2064 2077 2066
3 2078 2066 2077
3 2068 2066 2078
3 56 2068 2078
3 40 2068 56
3 2079 1735 1739
3 2079 2080 1735
3 2080 2069 1735
3 2080 2081 2069
3 2081 2070 2069
3 2071 2083 2082
3 2071 2070 2083
3 2070 2081 2083
3 2082 2074 2073
3 2082 2083 2074
3 2083 2084 2074
3 2084 2075 2074
3 2085 2075 2084
3 2088 2087 2086
3 2088 2089 2087
3 2092 2091 2090
3 2094 2091 2092
3 2093 2091 2094
3 77 2093 2094
3 76 2093 77
3 1742 2080 2079
3 1742 1743 2080
3 1743 2095 2080
3 2095 2096 2080
3 2096 2081 2080
3 2096 2097 2081
3 2097 2083 2081
3 2099 2097 2098
3 2099 2084 2097
3 2084 2083 2097
3 2099 2085 2084
3 2086 2100 2088
3 2100 2089 2088
3 2090 2101 2092
3 2102 2092 2101
3 2102 2103 2092
3 2103 2094 2092
3 2103 95 2094
3 95 77 2094
3 2105 1746 2104
3 2105 2095 1746
3 2095 1743 1746
3 2106 2095 2105
3 2106 2107 2095
3 2107 2096 2095
3 2107 2108 2096
3 2108 2097 2096
3 2108 2098 2097
3 2109 2098 2108
3 2102 2110 2103
3 2111 2103 2110
3 2111 112 2103
3 112 95 2103
3 2104 2113 2112
3 2104 1746 2113
3 1746 1750 2113
3 2112 2107 2106
3 2112 2113 2107
3 2113 2114 2107
3 2116 2114 2115
3 2116 2108 2114
3 2108 2107 2114
3 2116 2109 2108
3 2119 2118 2117
3 2119 2120 2118
3 2123 2122 2121
3 2125 2122 2123
3 2124 2122 2125
3 2127 2124 2125
3 2126 2124 2127
3 2126 112 2111
3 2126 2127 112
3 2127 129 112
3 1756 2128 1750
3 2128 2113 1750
3 2130 2128 2129
3 2130 2114 2128
3 2114 2113 2128
3 2115 2133 2132
3 2115 2114 2133
3 2131 2133 2130
3 2130 2133 2114
3 2135 2132 2133
3 2134 2132 2135
3 2135 2136 2134
3 2119 2137 2138
3 2117 2137 2119
3 2120 2140 2139
3 2120 2119 2140
3 2119 2138 2140
3 2140 2141 2139
3 2121 2142 2123
3 2143 2123 2142
3 2143 2144 2123
3 2144 2125 2123
3 2144 2145 2125
3 2145 2127 2125
3 2145 146 2127
3 146 129 2127
3 1762 2146 1756
3 2146 2128 1756
3 2129 2148 2147
3 2129 2128 2148
3 2128 2146 2148
3 2150 2148 2149
3 2150 2133 2148
3 2147 2148 2131
3 2131 2148 2133
3 2151 2133 2150
3 2151 2152 2133
3 2152 2135 2133
3 2152 2136 2135
3 2153 2136 2152
3 2137 2154 2138
3 2155 2138 2154
3 2140 2138 2155
3 2155 2141 2140
3 2143 2156 2144
3 2157 2144 2156
3 2157 2158 2144
3 2158 2145 2144
3 2158 163 2145
3 163 146 2145
3 1767 2159 1762
3 2159 2146 1762
3 2159 2160 2146
3 2160 2148 2146
3 2160 2149 2148
3 2161 2149 2160
3 2151 2162 2152
3 2162 2153 2152
3 2165 2164 2163
3 2165 2166 2164
3 2169 2168 2167
3 2171 2168 2169
3 2170 2168 2171
3 2173 2170 2171
3 2172 2170 2173
3 2175 2173 2174
3 2175 2158 2173
3 2172 2173 2157
3 2157 2173 2158
3 2176 2158 2175
3 2176 180 2158
3 180 163 2158
3 1775 2177 1767
3 2177 2159 1767
3 2177 2178 2159
3 2178 2160 2159
3 2161 2180 2179
3 2161 2160 2180
3 2160 2178 2180
3 2182 2179 2180
3 2181 2179 2182
3 2184 2181 2182
3 2183 2181 2184
3 2183 2165 2163
3 2183 2184 2165
3 2184 2185 2165
3 2185 2166 2165
3 2186 2166 2185
3 2167 2187 2169
3 2188 2169 2187
3 2188 2189 2169
3 2189 2171 2169
3 2189 2190 2171
3 2190 2173 2171
3 2174 2192 2191
3 2174 2173 2192
3 2173 2190 2192
3 2191 180 2176
3 2191 2192 180
3 2192 199 180
3 1782 2193 1775
3 2193 2177 1775
3 2193 2194 2177
3 2194 2178 2177
3 2194 2195 2178
3 2195 2180 2178
3 2195 2196 2180
3 2196 2182 2180
3 2196 2197 2182
3 2197 2184 2182
3 2199 2197 2198
3 2199 2185 2197
3 2185 2184 2197
3 2199 2186 2185
3 2202 2201 2200
3 2201 2189 2188
3 2201 2202 2189
3 2202 2203 2189
3 2203 2204 2189
3 2204 2190 2189
3 2204 2205 2190
3 2205 2192 2190
3 2205 215 2192
3 215 199 2192
3 1789 2206 1782
3 2206 2193 1782
3 2206 2207 2193
3 2207 2194 2193
3 2207 2208 2194
3 2208 2195 2194
3 2210 2208 2209
3 2210 2196 2208
3 2196 2195 2208
3 2211 2196 2210
3 2211 2212 2196
3 2212 2197 2196
3 2212 2198 2197
3 2213 2198 2212
3 2200 2214 2202
3 2215 2202 2214
3 2215 2216 2202
3 2216 2203 2202
3 2216 2217 2203
3 2217 2204 2203
3 2217 2218 2204
3 2218 2205 2204
3 2218 230 2205
3 230 215 2205
3 1796 2219 1789
3 2219 2206 1789
3 2219 2220 2206
3 2220 2207 2206
3 2220 2221 2207
3 2221 2208 2207
3 2209 2223 2222
3 2209 2208 2223
3 2208 2221 2223
3 2222 2212 2211
3 2222 2223 2212
3 2223 2224 2212
3 2213 2226 2225
3 2213 2212 2226
3 2212 2224 2226
3 2226 2227 2225
3 2215 2228 2216
3 2229 2216 2228
3 2229 2230 2216
3 2230 2217 2216
3 2230 2231 2217
3 2231 2218 2217
3 2231 244 2218
3 244 230 2218
3 480 2232 1796
3 2232 2219 1796
3 2232 2233 2219
3 2233 2220 2219
3 2233 2234 2220
3 2234 2221 2220
3 2234 2235 2221
3 2235 2223 2221
3 2235 2236 2223
3 2236 2224 2223
3 2236 2237 2224
3 2237 2226 2224
3 2237 2227 2226
3 2238 2227 2237
3 2230 2239 2240
3 2229 2239 2230
3 2240 2241 2230
3 2241 2231 2230
3 2241 258 2231
3 258 244 2231
3 2245 2246 2242
3 2246 2243 2242
3 2246 2247 2243
3 2249 2250 2244
3 2250 2245 2244
3 2250 2251 2245
3 2251 2246 2245
3 2251 2252 2246
3 2252 2247 2246
3 2252 2253 2247
3 2253 2248 2247
3 2253 2254 2248
3 2256 2257 2249
3 2257 2250 2249
3 2257 2258 2250
3 2258 2251 2250
3 2258 2259 2251
3 2259 2252 2251
3 2259 2260 2252
3 2260 2253 2252
3 2260 2261 2253
3 2261 2254 2253
3 1801 1797 2254
3 2261 1801 2254
3 2262 2263 2255
3 2263 2256 2255
3 2263 2264 2256
3 2264 2257 2256
3 2264 2265 2257
3 2265 2258 2257
3 2265 2266 2258
3 2266 2259 2258
3 2266 2267 2259
3 2267 2260 2259
3 1806 1807 2261
3 1806 2261 2267
3 2267 2261 2260
3 1807 1801 2261
3 1809 2268 1810
3 1810 2268 1811
3 2270 2271 2262
3 2271 2263 2262
3 1816 1817 2264
3 1816 2264 2271
3 2271 2264 2263
3 1817 1819 2272
3 1817 2272 2264
3 2264 2272 2265
3 2272 2273 2265
3 2273 2266 2265
3 1820 1821 2267
3 1820 2267 2273
3 2273 2267 2266
3 1821 1806 2267
3 1809 1824 2268
3 1824 1811 2268
3 2274 2275 2269
3 2275 2270 2269
3 2275 2276 2270
3 2276 2271 2270
3 1831 1816 2271
3 2276 1831 2271
3 1819 1833 2277
3 2272 1819 2277
3 1834 1835 2273
3 1834 2273 2277
3 2277 2273 2272
3 1835 1820 2273
3 1837 2278 1838
3 2278 2279 1839
3 1838 2278 1839
3 1839 2279 1840
3 2281 2282 2274
3 2282 2275 2274
3 2282 2283 2275
3 2283 2276 2275
3 1847 1831 2276
3 1847 2276 2284
3 2284 2276 2283
3 1833 1847 2284
3 1833 2284 2277
3 2277 2284 2285
3 1848 1834 2277
3 2285 1848 2277
3 1837 1850 2278
3 1850 1852 2286
3 1850 2286 2278
3 2278 2286 2279
3 1853 1840 2279
3 2286 1853 2279
3 1856 2287 1857
3 1857 2287 1858
3 2288 2289 2280
3 2289 2281 2280
3 2289 2290 2281
3 2290 2282 2281
3 2290 2291 2282
3 2291 2283 2282
3 2291 2292 2283
3 2292 2284 2283
3 1862 1863 2285
3 1862 2285 2292
3 2292 2285 2284
3 1863 1848 2285
3 1866 2293 1867
3 1852 1867 2293
3 1852 2293 2286
3 2286 2293 2294
3 1868 1853 2286
3 2294 1868 2286
3 1856 1871 2287
3 1871 1858 2287
3 2288 2295 2296
3 2296 2297 2288
3 2297 2289 2288
3 2297 2298 2289
3 2298 2290 2289
3 2298 2299 2290
3 2299 2291 2290
3 2299 2300 2291
3 2300 2292 2291
3 1876 1862 2292
3 2300 1876 2292
3 1866 1879 2293
3 1879 1881 2294
3 2293 1879 2294
3 1881 1868 2294
3 1884 2301 1885
3 2301 2302 1886
3 1885 2301 1886
3 1886 2302 1887
3 229 287 792
3 814 792 287
3 295 814 287
3 834 814 295
3 299 834 295
3 273 834 299
3 2303 2305 2304
3 2305 2307 2308
3 2305 2308 2304
3 2304 2308 2306
3 2307 2309 2308
3 2311 2312 2310
3 2311 2310 2308
3 2308 2310 2306
3 2308 2309 2311
3 2310 2312 2313
3 2314 2316 2317
3 2315 2314 2317
3 2316 2318 2317
3 2319 2321 2322
3 2320 2319 2322
3 2321 2323 2324
3 2322 2321 2324
3 2323 2325 2324
3 2303 2326 2305
3 2303 2320 2326
3 2320 2322 2326
3 2322 2324 2326
3 2324 2327 2326
3 2325 2328 2329
3 2325 2329 2324
3 2324 2329 2327
3 2328 2330 2329
3 2326 2307 2305
3 2307 2331 2309
3 2307 2326 2331
3 2326 2327 2331
3 2327 2329 2331
3 2329 2332 2331
3 2330 2333 2332
3 2329 2330 2332
3 2311 2334 2312
3 2309 2334 2311
3 2309 2331 2334
3 2331 2335 2334
3 2336 2337 2335
3 2336 2335 2332
3 2332 2335 2331
3 2332 2333 2336
3 2312 2338 2313
3 2312 2334 2338
3 2334 2339 2338
3 2340 2341 2339
3 2340 2339 2335
3 2335 2339 2334
3 2335 2337 2340
3 2338 2339 2342
3 2339 2343 2342
3 2341 2344 2343
3 2339 2341 2343
3 2342 2343 2345
3 2343 2346 2345
3 2344 2347 2346
3 2343 2344 2346
3 2346 2314 2345
3 2316 2314 2346
3 2316 2349 2318
3 2346 2349 2316
3 2346 2348 2349
3 2346 2347 2348
3 2348 2350 2351
3 2349 2348 2351
3 2350 2352 2351
3 2353 2355 2356
3 2354 2353 2356
3 2355 2357 2358
3 2356 2355 2358
3 2357 2359 2358
3 2356 2319 2354
3 2321 2319 2356
3 2358 2321 2356
3 2323 2321 2358
3 2323 2361 2325
3 2358 2361 2323
3 2358 2360 2361
3 2358 2359 2360
3 2360 2362 2363
3 2361 2360 2363
3 2362 2364 2365
3 2363 2362 2365
3 2364 2366 2365
3 2361 2328 2325
3 2328 2367 2330
3 2328 2361 2367
3 2361 2363 2367
3 2363 2365 2367
3 2365 2368 2367
3 2366 2369 2370
3 2366 2370 2365
3 2365 2370 2368
3 2369 2371 2370
3 2372 2330 2367
3 2333 2330 2372
3 2367 2368 2372
3 2368 2373 2372
3 2368 2370 2373
3 2370 2374 2373
3 2371 2375 2374
3 2370 2371 2374
3 2336 2376 2337
3 2333 2376 2336
3 2333 2372 2376
3 2372 2377 2376
3 2372 2373 2377
3 2373 2378 2377
3 2379 2380 2378
3 2379 2378 2374
3 2374 2378 2373
3 2374 2375 2379
3 2340 2381 2341
3 2337 2381 2340
3 2337 2376 2381
3 2376 2382 2381
3 2383 2384 2382
3 2383 2382 2377
3 2377 2382 2376
3 2377 2378 2385
3 2383 2377 2385
3 2378 2380 2385
3 2386 2341 2381
3 2344 2341 2386
3 2381 2382 2386
3 2382 2387 2386
3 2384 2388 2387
3 2382 2384 2387
3 2389 2344 2386
3 2347 2344 2389
3 2386 2387 2389
3 2387 2390 2389
3 2388 2391 2392
3 2388 2392 2387
3 2387 2392 2390
3 2391 2393 2392
3 2389 2348 2347
3 2390 2348 2389
3 2350 2348 2390
3 2350 2394 2352
3 2350 2390 2394
3 2390 2392 2394
3 2393 2395 2396
3 2393 2396 2392
3 2392 2396 2394
3 2395 2397 2396
3 2398 2399 2353
3 2353 2399 2355
3 2399 2400 2355
3 2355 2400 2357
3 2402 2359 2357
3 2402 2357 2401
3 2401 2357 2400
3 2401 2403 2404
3 2402 2401 2404
3 2403 2405 2406
3 2404 2403 2406
3 2405 2407 2408
3 2406 2405 2408
3 2407 2409 2408
3 2402 2360 2359
3 2404 2360 2402
3 2362 2360 2404
3 2406 2362 2404
3 2364 2362 2406
3 2364 2410 2366
3 2364 2406 2410
3 2406 2408 2410
3 2409 2411 2412
3 2409 2412 2408
3 2408 2412 2410
3 2411 2413 2414
3 2412 2411 2414
3 2413 2415 2414
3 2410 2369 2366
3 2369 2416 2371
3 2369 2410 2416
3 2410 2412 2416
3 2412 2414 2416
3 2414 2417 2416
3 2415 2418 2419
3 2415 2419 2414
3 2414 2419 2417
3 2418 2420 2419
3 2421 2371 2416
3 2375 2371 2421
3 2416 2417 2421
3 2417 2422 2421
3 2417 2419 2422
3 2419 2423 2422
3 2420 2424 2425
3 2420 2425 2419
3 2419 2425 2423
3 2424 2426 2425
3 2379 2427 2380
3 2375 2427 2379
3 2375 2421 2427
3 2421 2428 2427
3 2421 2422 2428
3 2422 2429 2428
3 2422 2423 2429
3 2423 2430 2429
3 2431 2432 2430
3 2431 2430 2425
3 2425 2430 2423
3 2425 2426 2431
3 2383 2433 2384
3 2385 2433 2383
3 2434 2433 2385
3 2380 2434 2385
3 2380 2427 2434
3 2427 2435 2434
3 2436 2437 2435
3 2436 2435 2428
3 2428 2435 2427
3 2428 2429 2438
3 2436 2428 2438
3 2429 2430 2439
3 2438 2429 2439
3 2430 2432 2439
3 2440 2384 2433
3 2388 2384 2440
3 2433 2434 2440
3 2434 2441 2440
3 2434 2435 2441
3 2435 2442 2441
3 2437 2443 2442
3 2435 2437 2442
3 2440 2391 2388
3 2391 2444 2393
3 2391 2440 2444
3 2440 2441 2444
3 2441 2442 2444
3 2442 2445 2444
3 2443 2446 2445
3 2442 2443 2445
3 2444 2395 2393
3 2395 2447 2397
3 2395 2444 2447
3 2444 2445 2447
3 2446 2448 2449
3 2446 2449 2445
3 2445 2449 2447
3 2448 2450 2451
3 2449 2448 2451
3 2450 2452 2451
3 2453 2455 2454
3 2453 2454 2398
3 2398 2454 2399
3 2454 2456 2399
3 2399 2456 2400
3 2456 2457 2400
3 2400 2457 2401
3 2457 2458 2401
3 2401 2458 2403
3 2458 2459 2403
3 2403 2459 2405
3 2459 2460 2405
3 2405 2460 2407
3 2462 2409 2407
3 2462 2407 2461
3 2461 2407 2460
3 2461 2463 2464
3 2462 2461 2464
3 2463 2465 2466
3 2464 2463 2466
3 2465 2467 2466
3 2453 2468 2455
3 2462 2411 2409
3 2464 2411 2462
3 2413 2411 2464
3 2413 2469 2415
3 2413 2464 2469
3 2464 2466 2469
3 2467 2470 2471
3 2467 2471 2466
3 2466 2471 2469
3 2470 2472 2473
3 2471 2470 2473
3 2472 2474 2473
3 2469 2418 2415
3 2418 2475 2420
3 2418 2469 2475
3 2469 2471 2475
3 2471 2473 2475
3 2473 2476 2475
3 2474 2477 2476
3 2473 2474 2476
3 2475 2424 2420
3 2424 2478 2426
3 2424 2475 2478
3 2475 2476 2478
3 2477 2479 2480
3 2477 2480 2476
3 2476 2480 2478
3 2479 2481 2480
3 2431 2482 2432
3 2426 2482 2431
3 2426 2478 2482
3 2478 2483 2482
3 2478 2480 2483
3 2480 2484 2483
3 2481 2485 2486
3 2481 2486 2480
3 2480 2486 2484
3 2485 2487 2486
3 2436 2488 2437
3 2438 2488 2436
3 2489 2488 2438
3 2439 2489 2438
3 2490 2489 2439
3 2432 2490 2439
3 2432 2482 2490
3 2482 2491 2490
3 2482 2483 2491
3 2483 2492 2491
3 2483 2484 2492
3 2484 2493 2492
3 2484 2486 2493
3 2486 2494 2493
3 2487 2495 2494
3 2486 2487 2494
3 2496 2437 2488
3 2443 2437 2496
3 2488 2489 2496
3 2489 2497 2496
3 2489 2490 2497
3 2490 2498 2497
3 2490 2491 2498
3 2491 2499 2498
3 2500 2501 2499
3 2500 2499 2492
3 2492 2499 2491
3 2503 2500 2492
3 2503 2492 2502
3 2502 2492 2493
3 2493 2494 2502
3 2494 2504 2502
3 2495 2505 2506
3 2495 2506 2494
3 2494 2506 2504
3 2505 2507 2506
3 2508 2443 2496
3 2446 2443 2508
3 2496 2497 2508
3 2497 2509 2508
3 2497 2498 2509
3 2498 2510 2509
3 2511 2512 2510
3 2511 2510 2499
3 2499 2510 2498
3 2499 2501 2511
3 2503 2502 2513
3 2502 2504 2514
3 2513 2502 2514
3 2504 2506 2515
3 2514 2504 2515
3 2506 2507 2515
3 2508 2448 2446
3 2509 2448 2508
3 2450 2448 2509
3 2450 2516 2452
3 2450 2509 2516
3 2509 2510 2516
3 2512 2517 2518
3 2512 2518 2510
3 2510 2518 2516
3 2517 2519 2518
3 2522 2520 2521
3 2520 2523 2524
3 2521 2520 2524
3 2523 2525 2526
3 2524 2523 2526
3 2525 2527 2528
3 2526 2525 2528
3 2527 2529 2528
3 2454 2455 2530
3 2530 2532 2531
3 2530 2531 2454
3 2454 2531 2456
3 2531 2533 2456
3 2456 2533 2457
3 2533 2534 2457
3 2457 2534 2458
3 2534 2535 2458
3 2458 2535 2459
3 2521 2535 2522
3 2521 2460 2535
3 2460 2459 2535
3 2524 2460 2521
3 2461 2460 2524
3 2526 2461 2524
3 2463 2461 2526
3 2528 2463 2526
3 2465 2463 2528
3 2465 2537 2467
3 2528 2537 2465
3 2528 2536 2537
3 2528 2529 2536
3 2536 2538 2539
3 2537 2536 2539
3 2538 2540 2539
3 2455 2542 2530
3 2455 2468 2542
3 2468 2541 2542
3 2530 2542 2532
3 2537 2470 2467
3 2539 2470 2537
3 2472 2470 2539
3 2472 2544 2474
3 2539 2544 2472
3 2539 2543 2544
3 2539 2540 2543
3 2543 2545 2544
3 2546 2474 2544
3 2477 2474 2546
3 2545 2547 2548
3 2545 2548 2544
3 2544 2548 2546
3 2547 2549 2548
3 2546 2479 2477
3 2479 2550 2481
3 2479 2546 2550
3 2546 2548 2550
3 2549 2551 2550
3 2548 2549 2550
3 2550 2485 2481
3 2485 2553 2487
3 2550 2553 2485
3 2550 2552 2553
3 2550 2551 2552
3 2552 2554 2553
3 2555 2487 2553
3 2495 2487 2555
3 2554 2556 2555
3 2553 2554 2555
3 2500 2557 2501
3 2500 2503 2557
3 2555 2505 2495
3 2505 2559 2507
3 2555 2559 2505
3 2555 2558 2559
3 2555 2556 2558
3 2558 2560 2561
3 2559 2558 2561
3 2511 2562 2512
3 2501 2562 2511
3 2501 2557 2562
3 2557 2563 2562
3 2513 2557 2503
3 2513 2564 2557
3 2564 2563 2557
3 2514 2564 2513
3 2565 2564 2514
3 2515 2565 2514
3 2566 2565 2515
3 2507 2566 2515
3 2507 2559 2566
3 2559 2567 2566
3 2559 2561 2567
3 2561 2568 2567
3 2562 2517 2512
3 2517 2569 2519
3 2517 2562 2569
3 2562 2563 2569
3 2563 2564 2569
3 2564 2570 2569
3 2564 2565 2570
3 2565 2571 2570
3 2565 2566 2571
3 2566 2572 2571
3 2566 2567 2572
3 2567 2573 2572
3 2567 2568 2573
3 2568 2574 2573
3 2522 2576 2575
3 2520 2522 2575
3 2575 2577 2520
3 2520 2577 2523
3 2577 2578 2523
3 2523 2578 2525
3 2578 2579 2525
3 2525 2579 2527
3 2581 2529 2527
3 2581 2527 2580
3 2580 2527 2579
3 2580 2582 2581
3 2531 2532 2583
3 2583 2585 2584
3 2583 2584 2531
3 2531 2584 2533
3 2584 2586 2533
3 2533 2586 2534
3 2586 2587 2534
3 2534 2587 2535
3 2587 2522 2535
3 2576 2522 2587
3 2581 2536 2529
3 2582 2536 2581
3 2582 2588 2536
3 2588 2538 2536
3 2538 2588 2589
3 2540 2538 2589
3 2590 2591 2541
3 2541 2591 2542
3 2532 2592 2583
3 2532 2542 2592
3 2542 2591 2592
3 2583 2592 2585
3 2589 2543 2540
3 2593 2543 2589
3 2543 2593 2594
3 2545 2543 2594
3 2594 2547 2545
3 2595 2547 2594
3 2547 2595 2596
3 2549 2547 2596
3 2598 2596 2597
3 2598 2551 2596
3 2551 2549 2596
3 2597 2599 2598
3 2598 2552 2551
3 2552 2598 2599
3 2552 2599 2554
3 2554 2599 2600
3 2602 2600 2601
3 2602 2556 2600
3 2556 2554 2600
3 2601 2603 2602
3 2602 2558 2556
3 2603 2558 2602
3 2603 2604 2558
3 2604 2560 2558
3 2575 2576 2605
3 2577 2575 2605
3 2606 2577 2605
3 2606 2608 2607
3 2606 2607 2577
3 2577 2607 2578
3 2607 2609 2578
3 2578 2609 2579
3 2609 2610 2579
3 2579 2610 2580
3 2580 2610 2611
3 2582 2580 2611
3 2584 2585 2612
3 2612 2614 2613
3 2612 2613 2584
3 2584 2613 2586
3 2613 2615 2586
3 2586 2615 2587
3 2576 2616 2605
3 2576 2587 2616
3 2587 2615 2616
3 2605 2617 2606
3 2616 2617 2605
3 2606 2617 2608
3 2611 2588 2582
3 2618 2588 2611
3 2620 2589 2588
3 2620 2588 2619
3 2619 2588 2618
3 2619 2621 2620
3 2622 2623 2590
3 2590 2623 2591
3 2623 2624 2591
3 2591 2624 2592
3 2620 2593 2589
3 2593 2620 2621
3 2593 2621 2594
3 2594 2621 2625
3 2625 2595 2594
3 2626 2595 2625
3 2595 2626 2627
3 2596 2595 2627
3 2627 2597 2596
3 2628 2597 2627
3 2597 2628 2629
3 2599 2597 2629
3 2629 2630 2599
3 2630 2600 2599
3 2630 2601 2600
3 2631 2601 2630
3 2601 2631 2632
3 2603 2601 2632
3 2632 2604 2603
3 2633 2604 2632
3 2607 2608 2634
3 2609 2607 2634
3 2635 2609 2634
3 2610 2609 2635
3 2636 2610 2635
3 2610 2636 2611
3 2614 2638 2637
3 2613 2614 2637
3 2637 2639 2613
3 2613 2639 2615
3 2639 2640 2615
3 2615 2640 2616
3 2640 2641 2616
3 2616 2641 2617
3 2608 2642 2634
3 2608 2617 2642
3 2617 2641 2642
3 2634 2643 2635
3 2642 2643 2634
3 2635 2644 2636
3 2643 2644 2635
3 2636 2618 2611
3 2636 2644 2618
3 2644 2645 2618
3 2645 2646 2618
3 2618 2646 2619
3 2619 2646 2647
3 2621 2619 2647
3 2647 2648 2621
3 2648 2625 2621
3 2648 2626 2625
3 2649 2626 2648
3 2626 2649 2650
3 2627 2626 2650
3 2650 2628 2627
3 2651 2628 2650
3 2628 2651 2652
3 2629 2628 2652
3 2652 2653 2629
3 2653 2630 2629
3 2653 2631 2630
3 2654 2631 2653
3 2631 2654 2655
3 2632 2631 2655
3 2655 2633 2632
3 2656 2633 2655
3 2638 2658 2657
3 2637 2638 2657
3 2660 2659 2639
3 2660 2639 2657
3 2657 2639 2637
3 2659 2662 2661
3 2659 2661 2639
3 2639 2661 2640
3 2661 2663 2640
3 2640 2663 2641
3 2664 2665 2643
3 2643 2665 2644
3 2665 2666 2644
3 2644 2666 2645
3 2668 2667 2646
3 2668 2646 2666
3 2666 2646 2645
3 2646 2667 2647
3 2668 2669 2667
3 2667 2669 2670
3 2667 2670 2647
3 2647 2670 2648
3 2649 2672 2671
3 2649 2648 2672
3 2648 2670 2672
3 2649 2671 2650
3 2672 2673 2671
3 2675 2674 2651
3 2673 2675 2651
3 2673 2651 2650
3 2673 2650 2671
3 2651 2674 2652
3 2675 2676 2674
3 2674 2676 2677
3 2674 2677 2652
3 2652 2677 2653
3 2677 2654 2653
3 2678 2654 2677
3 2654 2678 2679
3 2655 2654 2679
3 2679 2656 2655
3 2680 2656 2679
3 2657 2658 2681
3 2657 2681 2660
3 2661 2662 2682
3 2663 2661 2682
3 2683 2663 2682
3 2665 2664 2684
3 2685 2665 2684
3 2666 2665 2685
3 2686 2666 2685
3 2666 2686 2668
3 2689 2688 2669
3 2687 2689 2669
3 2687 2669 2668
3 2687 2668 2686
3 2669 2688 2670
3 2688 2690 2691
3 2688 2691 2670
3 2670 2691 2672
3 2691 2673 2672
3 2692 2673 2691
3 2673 2692 2693
3 2675 2673 2693
3 2693 2676 2675
3 2694 2676 2693
3 2676 2694 2695
3 2677 2676 2695
3 2695 2678 2677
3 2696 2678 2695
3 2678 2696 2697
3 2679 2678 2697
3 2680 2699 2698
3 2680 2679 2699
3 2679 2697 2699
3 2699 2700 2698
3 2701 2702 1267
3 2702 2703 1267
3 2705 2706 2704
3 2705 2703 2706
3 2703 2702 2706
3 2705 2704 2707
3 2706 2708 2704
3 2704 2708 2709
3 2704 2709 2707
3 2707 2709 2710
3 2714 2711 2713
3 2712 2711 2714
3 2711 2712 2710
3 2709 2711 2710
3 2713 2715 2714
3 2715 2716 2714
3 2715 2717 2716
3 2717 2718 2716
3 2717 2719 2718
3 2719 2720 2718
3 2719 2721 2720
3 2721 2722 2720
3 2721 2723 2722
3 2723 2724 2722
3 2723 2725 2724
3 2725 2726 2724
3 2725 2727 2726
3 2727 2728 2726
3 2727 2729 2728
3 2729 2730 2728
3 2732 2729 2731
3 2732 2733 2729
3 2733 2730 2729
3 2731 2734 2732
3 2738 2733 2736
3 2738 2739 2733
3 2736 2733 2735
3 2732 2737 2733
3 2735 2733 2737
3 2737 2732 2734
3 2738 2740 2739
3 2741 2743 2744
3 2741 2744 2738
3 2741 2738 2736
3 2742 2738 2744
3 2738 2742 2740
3 2746 2747 2745
3 2746 2744 2747
3 2744 2743 2747
3 2749 2746 2745
3 2748 2749 2745
3 2749 2748 2750
3 2751 2752 2753
3 2751 2753 2701
3 2701 2753 2702
3 2753 2754 2702
3 2754 2706 2702
3 2708 2756 2755
3 2708 2706 2756
3 2706 2754 2756
3 2708 2755 2709
3 2755 2713 2711
3 2755 2756 2713
3 2756 2757 2713
3 2755 2711 2709
3 2757 2758 2713
3 2758 2715 2713
3 2758 2759 2715
3 2759 2717 2715
3 2759 2760 2717
3 2760 2719 2717
3 2761 2762 2721
3 2761 2721 2760
3 2760 2721 2719
3 2762 2763 2764
3 2762 2764 2721
3 2721 2764 2723
3 2764 2765 2723
3 2765 2725 2723
3 2765 2766 2725
3 2766 2727 2725
3 2766 2767 2727
3 2767 2729 2727
3 2731 2769 2768
3 2731 2729 2769
3 2729 2767 2769
3 2731 2768 2734
3 2768 2769 2770
3 2768 2770 2737
3 2737 2770 2735
3 2768 2737 2734
3 2741 2771 2772
3 2743 2741 2772
3 2772 2773 2743
3 2773 2747 2743
3 2752 2774 2753
3 2774 2775 2754
3 2753 2774 2754
3 2775 2776 2756
3 2754 2775 2756
3 2776 2777 2757
3 2756 2776 2757
3 2777 2778 2758
3 2757 2777 2758
3 2778 2779 2780
3 2778 2780 2758
3 2758 2780 2759
3 2780 2781 2759
3 2781 2760 2759
3 2784 2782 2783
3 2785 2761 2760
3 2785 2760 2786
3 2786 2760 2781
3 2763 2785 2786
3 2763 2786 2764
3 2764 2786 2787
3 2789 2787 2788
3 2789 2765 2787
3 2765 2764 2787
3 2788 2790 2789
3 2791 2765 2789
3 2791 2792 2765
3 2792 2766 2765
3 2789 2790 2791
3 2792 2793 2766
3 2793 2767 2766
3 2794 2795 2769
3 2794 2769 2793
3 2793 2769 2767
3 2798 2796 2797
3 2795 2770 2769
3 2771 2799 2772
3 2799 2800 2773
3 2772 2799 2773
3 2779 2801 2780
3 2801 2802 2781
3 2780 2801 2781
3 2802 2803 2786
3 2781 2802 2786
3 2803 2804 2787
3 2786 2803 2787
3 2804 2788 2787
3 2804 2805 2788
3 2805 2806 2788
3 2788 2806 2807
3 2790 2788 2807
3 2792 2808 2809
3 2791 2808 2792
3 2808 2791 2790
3 2807 2808 2790
3 2810 2811 2793
3 2810 2793 2809
3 2809 2793 2792
3 2811 2794 2793
3 2814 2812 2813
3 2817 2816 2806
3 2817 2806 2815
3 2815 2806 2805
3 2806 2816 2807
3 2816 2809 2808
3 2817 2809 2816
3 2817 2819 2809
3 2817 2818 2819
3 2816 2808 2807
3 2819 2810 2809
3 2822 2820 2821
3 2815 2823 2817
3 2823 2818 2817
3 2820 2822 2824
3 2825 2827 2826
3 2826 2827 2828
3 2831 2829 2830
3 2831 2830 2832
3 2833 2835 2834
3 2836 2834 2835
3 2837 2827 2825
3 2837 2828 2827
3 2833 2838 2835
3 2838 2836 2835
3 2841 2839 2840
3 2844 2842 2843
3 2847 2845 2846
3 2845 2848 2846
3 2847 2846 2849
3 2846 2848 2849
3 2845 2847 2850
3 2850 2847 2849
3 2852 2851 2853
3 2856 2854 2855
3 2857 2859 2858
3 2860 2858 2859
3 2860 2859 2862
3 2862 2859 2861
3 2860 2862 2863
3 2865 2861 2864
3 2865 2866 2861
3 2866 2862 2861
3 2864 2867 2865
3 2868 2863 2862
3 2868 2862 2869
3 2869 2862 2866
3 2868 2869 2870
3 2865 2871 2866
3 2871 2873 2874
3 2865 2873 2871
3 2865 2872 2873
3 2865 2867 2872
3 2872 2875 2873
3 2876 2866 2871
3 2876 2877 2866
3 2877 2869 2866
3 2871 2874 2876
3 2878 2870 2869
3 2877 2878 2869
3 2879 2881 2882
3 2873 2881 2879
3 2873 2880 2881
3 2873 2875 2880
3 2880 2883 2884
3 2881 2880 2884
3 2883 2885 2884
3 2886 2887 2888
3 2876 2887 2886
3 2876 2879 2887
3 2876 2874 2879
3 2879 2882 2887
3 2877 2886 2890
3 2877 2890 2878
3 2878 2890 2889
3 2886 2888 2890
3 2891 2893 2894
3 2892 2891 2894
3 2893 2895 2894
3 2896 2898 2899
3 2897 2896 2899
3 2898 2900 2899
3 2901 2890 2888
3 2902 2901 2888
3 2903 2894 2895
3 2904 2903 2895
3 2910 2908 2909
3 2913 2911 2912
3 2916 2914 2915
3 2919 2917 2918
3 2919 2918 2920
3 2923 2921 2922
3 2923 2922 2924
3 2925 424 426
3 424 2925 2926
3 424 2926 427
3 427 2926 2927
3 428 2928 429
3 2928 428 427
3 2928 427 2929
3 2929 427 2927
3 2930 429 2928
3 432 429 2930
3 2929 2931 2930
3 2928 2929 2930
3 2932 432 2930
3 2932 2933 432
3 2933 440 432
3 2930 2931 2932
3 453 2934 454
3 2934 453 440
3 2934 440 2935
3 2935 440 2933
3 2938 2936 2937
3 461 2939 460
3 2940 2939 461
3 462 2940 461
3 2941 2940 462
3 2941 2942 2943
3 462 2942 2941
3 462 2934 2942
3 462 454 2934
3 2934 2935 2942
3 2949 2926 2948
3 2927 2926 2949
3 2950 2951 2949
3 2948 2950 2949
3 2952 2927 2949
3 2929 2927 2952
3 2951 2953 2952
3 2949 2951 2952
3 2954 2929 2952
3 2954 2955 2929
3 2955 2931 2929
3 2952 2953 2954
3 2932 2956 2933
3 2956 2932 2931
3 2956 2931 2957
3 2957 2931 2955
3 2958 2933 2956
3 2958 2959 2933
3 2959 2935 2933
3 2956 2957 2958
3 2858 2950 2857
3 2858 2960 2950
3 2960 2951 2950
3 2960 2961 2951
3 2961 2953 2951
3 2954 2962 2955
3 2962 2954 2953
3 2962 2953 2963
3 2963 2953 2961
3 2964 2955 2962
3 2964 2965 2955
3 2965 2957 2955
3 2962 2963 2964
3 2966 2958 2957
3 2965 2966 2957
3 2858 2860 2960
3 2863 2960 2860
3 2863 2967 2960
3 2967 2961 2960
3 2967 2968 2961
3 2968 2963 2961
3 2965 2969 2970
3 2964 2969 2965
3 2969 2964 2963
3 2968 2969 2963
3 2971 2966 2965
3 2863 2868 2967
3 2870 2967 2868
3 2870 2972 2967
3 2972 2968 2967
3 2973 2969 2968
3 2973 2968 2974
3 2974 2968 2972
3 2976 2977 274
3 2977 852 274
3 2977 2978 852
3 2978 853 852
3 2978 2979 853
3 2979 854 853
3 2979 2980 854
3 2980 855 854
3 2980 2981 855
3 2981 856 855
3 2984 2983 2982
3 2982 2983 858
3 2982 858 2981
3 2981 858 856
3 2983 860 859
3 2983 2984 860
3 2984 2985 860
3 2983 859 858
3 2985 2986 860
3 2986 861 860
3 2986 2987 861
3 2987 862 861
3 2989 2987 2988
3 2989 863 2987
3 863 862 2987
3 2988 2990 2989
3 2991 863 2989
3 2991 2992 863
3 2992 864 863
3 2989 2990 2991
3 2992 2993 864
3 2993 865 864
3 2993 2994 865
3 2994 866 865
3 2994 2995 866
3 2995 867 866
3 2996 2997 2976
3 2997 2977 2976
3 2997 2998 2977
3 2998 2978 2977
3 2998 2999 2978
3 2999 2979 2978
3 2999 3000 2979
3 3000 2980 2979
3 3003 3002 3001
3 3001 3002 2981
3 3001 2981 3000
3 3000 2981 2980
3 3005 3003 3004
3 3005 2984 3003
3 3002 3003 2982
3 2982 3003 2984
3 3002 2982 2981
3 3004 3006 3005
3 3007 2984 3005
3 3007 3008 2984
3 3008 2985 2984
3 3005 3006 3007
3 3008 3009 2985
3 3009 2986 2985
3 3009 3010 2986
3 3010 2987 2986
3 3010 2988 2987
3 3011 2988 3010
3 2988 3011 3012
3 2990 2988 3012
3 2992 3013 3014
3 2991 3013 2992
3 3013 2991 2990
3 3012 3013 2990
3 3014 3015 2992
3 3015 2993 2992
3 3015 3016 2993
3 3016 2994 2993
3 3017 3018 2996
3 3018 2997 2996
3 3018 3019 2997
3 3019 2998 2997
3 3019 3020 2998
3 3020 2999 2998
3 3020 3021 2999
3 3021 3000 2999
3 3003 3022 3023
3 3001 3022 3003
3 3022 3001 3000
3 3021 3022 3000
3 3004 3025 3024
3 3004 3003 3025
3 3003 3023 3025
3 3004 3024 3006
3 3024 3008 3007
3 3024 3025 3008
3 3025 3026 3008
3 3024 3007 3006
3 3026 3027 3008
3 3027 3009 3008
3 3027 3028 3009
3 3028 3010 3009
3 3011 3030 3029
3 3011 3010 3030
3 3010 3028 3030
3 3011 3029 3012
3 3029 3014 3013
3 3029 3030 3014
3 3030 3031 3014
3 3029 3013 3012
3 3031 3032 3014
3 3032 3015 3014
3 3032 3033 3015
3 3033 3016 3015
3 3034 3035 3017
3 3035 3018 3017
3 3035 3036 3018
3 3036 3019 3018
3 3036 3037 3019
3 3037 3020 3019
3 3037 3038 3020
3 3038 3021 3020
3 3023 3039 3040
3 3022 3039 3023
3 3039 3022 3021
3 3038 3039 3021
3 3040 3041 3023
3 3041 3025 3023
3 3041 3042 3025
3 3042 3026 3025
3 3042 3043 3026
3 3043 3027 3026
3 3043 3044 3027
3 3044 3028 3027
3 3044 3045 3028
3 3045 3030 3028
3 3045 3046 3030
3 3046 3031 3030
3 3046 3047 3031
3 3047 3032 3031
3 3048 3049 3034
3 3049 3035 3034
3 3049 3050 3035
3 3050 3036 3035
3 3050 3051 3036
3 3051 3037 3036
3 3054 3053 3052
3 3052 3053 3038
3 3052 3038 3051
3 3051 3038 3037
3 3053 3040 3039
3 3053 3054 3040
3 3054 3055 3040
3 3053 3039 3038
3 3055 3056 3040
3 3056 3041 3040
3 3056 3057 3041
3 3057 3042 3041
3 3057 3058 3042
3 3058 3043 3042
3 3058 3059 3043
3 3059 3044 3043
3 3059 3060 3044
3 3060 3045 3044
3 3060 3061 3045
3 3061 3046 3045
3 3061 3062 3046
3 3062 3047 3046
3 3063 3064 3048
3 3064 3049 3048
3 3064 3065 3049
3 3065 3050 3049
3 3065 3066 3050
3 3066 3051 3050
3 3052 3067 3054
3 3067 3052 3051
3 3067 3051 3068
3 3068 3051 3066
3 3069 3054 3067
3 3069 3070 3054
3 3070 3055 3054
3 3067 3068 3069
3 3070 3071 3055
3 3071 3056 3055
3 3071 3072 3056
3 3072 3057 3056
3 3072 3073 3057
3 3073 3058 3057
3 3073 3074 3058
3 3074 3059 3058
3 3074 3075 3059
3 3075 3060 3059
3 3075 3076 3060
3 3076 3061 3060
3 3077 3078 3063
3 3078 3064 3063
3 3078 3079 3064
3 3079 3065 3064
3 3079 3080 3065
3 3080 3066 3065
3 3083 3082 3081
3 3081 3082 3068
3 3081 3068 3080
3 3080 3068 3066
3 3082 3070 3069
3 3082 3083 3070
3 3083 3084 3070
3 3082 3069 3068
3 3084 3085 3070
3 3085 3071 3070
3 3085 3086 3071
3 3086 3072 3071
3 3086 3087 3072
3 3087 3073 3072
3 3087 3088 3073
3 3088 3074 3073
3 3088 3089 3074
3 3089 3075 3074
3 3089 3090 3075
3 3090 3076 3075
3 3091 3092 3077
3 3092 3078 3077
3 3092 3093 3078
3 3093 3079 3078
3 3093 3094 3079
3 3094 3080 3079
3 3081 3095 3083
3 3095 3081 3080
3 3095 3080 3096
3 3096 3080 3094
3 3097 3083 3095
3 3097 3098 3083
3 3098 3084 3083
3 3095 3096 3097
3 3098 3099 3084
3 3099 3085 3084
3 3099 3100 3085
3 3100 3086 3085
3 3100 3101 3086
3 3101 3087 3086
3 3101 3102 3087
3 3102 3088 3087
3 3102 3103 3088
3 3103 3089 3088
3 3104 3105 3091
3 3105 3092 3091
3 3105 3106 3092
3 3106 3093 3092
3 3106 3107 3093
3 3107 3094 3093
3 3107 3108 3094
3 3108 3096 3094
3 3098 3109 3110
3 3097 3109 3098
3 3109 3097 3096
3 3108 3109 3096
3 3110 3111 3098
3 3111 3099 3098
3 3111 3112 3099
3 3112 3100 3099
3 3112 3113 3100
3 3113 3101 3100
3 3113 3114 3101
3 3114 3102 3101
3 3114 3115 3102
3 3115 3103 3102
3 3116 3117 3104
3 3117 3105 3104
3 3117 3118 3105
3 3118 3106 3105
3 3118 3119 3106
3 3119 3107 3106
3 3119 3120 3107
3 3120 3108 3107
3 3110 3121 3122
3 3109 3121 3110
3 3121 3109 3108
3 3120 3121 3108
3 3122 3123 3110
3 3123 3111 3110
3 3123 3124 3111
3 3124 3112 3111
3 3124 3125 3112
3 3125 3113 3112
3 3125 3126 3113
3 3126 3114 3113
3 3127 3128 3116
3 3128 3117 3116
3 3128 3129 3117
3 3129 3118 3117
3 3129 3130 3118
3 3130 3119 3118
3 3133 3132 3131
3 3131 3132 3120
3 3131 3120 3130
3 3130 3120 3119
3 3132 3122 3121
3 3132 3133 3122
3 3133 3134 3122
3 3132 3121 3120
3 3134 3135 3122
3 3135 3123 3122
3 3135 3136 3123
3 3136 3124 3123
3 3136 3137 3124
3 3137 3125 3124
3 3137 3138 3125
3 3138 3126 3125
3 3139 3140 3127
3 3140 3128 3127
3 3143 3142 3141
3 3141 3142 3129
3 3141 3129 3140
3 3140 3129 3128
3 3143 3144 3142
3 3142 3144 3145
3 3142 3145 3129
3 3129 3145 3130
3 3133 3146 3147
3 3131 3146 3133
3 3146 3131 3130
3 3145 3146 3130
3 3147 3148 3133
3 3148 3134 3133
3 3148 3149 3134
3 3149 3135 3134
3 3149 3150 3135
3 3150 3136 3135
3 3150 3151 3136
3 3151 3137 3136
3 3152 3153 3139
3 3153 3140 3139
3 3141 3154 3143
3 3154 3141 3140
3 3154 3140 3155
3 3155 3140 3153
3 3154 3144 3143
3 3144 3154 3155
3 3144 3155 3145
3 3145 3155 3156
3 3147 3157 3158
3 3146 3157 3147
3 3157 3146 3145
3 3156 3157 3145
3 3158 3159 3147
3 3159 3148 3147
3 3159 3160 3148
3 3160 3149 3148
3 3160 3161 3149
3 3161 3150 3149
3 3161 3162 3150
3 3162 3151 3150
3 3164 3152 3163
3 3164 3165 3152
3 3165 3153 3152
3 3165 3166 3153
3 3166 3155 3153
3 3166 3167 3155
3 3167 3156 3155
3 3158 3168 3169
3 3157 3168 3158
3 3168 3157 3156
3 3167 3168 3156
3 3169 3170 3158
3 3170 3159 3158
3 3170 3171 3159
3 3171 3160 3159
3 3171 3172 3160
3 3172 3161 3160
3 3174 3166 3173
3 3167 3166 3174
3 3169 3175 3176
3 3168 3175 3169
3 3167 3174 3177
3 3167 3177 3168
3 3168 3177 3175
3 3176 3178 3169
3 3178 3170 3169
3 3178 3179 3170
3 3179 3171 3170
3 3179 3180 3171
3 3180 3172 3171
3 3183 3182 3181
3 1893 3182 3183
3 3184 3182 1893
3 3185 1893 1892
3 3185 3176 1893
3 3184 1893 3175
3 3175 1893 3176
3 3186 3176 3185
3 3178 3176 3186
3 3187 3178 3186
3 3179 3178 3187
3 3191 3190 3188
3 3189 3191 3188
3 3188 3192 3189
3 3192 3193 3189
3 3194 3195 3193
3 3192 3194 3193
3 3197 3191 3189
3 3196 3197 3189
3 3189 3193 3196
3 3193 3198 3196
3 3195 3199 3198
3 3193 3195 3198
3 3201 3197 3196
3 3200 3201 3196
3 3202 3203 3200
3 3202 3200 3198
3 3198 3200 3196
3 3198 3199 3202
3 3201 3200 3204
3 3200 3203 3204
3 3208 3207 3205
3 3206 3208 3205
3 3205 3191 3206
3 3190 3191 3205
3 3209 3210 3194
3 3210 3195 3194
3 3212 3208 3206
3 3211 3212 3206
3 3206 3197 3211
3 3191 3197 3206
3 3210 3213 3195
3 3213 3199 3195
3 3215 3212 3211
3 3214 3215 3211
3 3211 3201 3214
3 3197 3201 3211
3 3202 3216 3203
3 3216 3202 3199
3 3216 3199 3217
3 3217 3199 3213
3 3219 3215 3214
3 3218 3219 3214
3 3204 3214 3201
3 3204 3220 3214
3 3220 3218 3214
3 3203 3220 3204
3 3203 3216 3220
3 3216 3221 3220
3 3217 3222 3221
3 3216 3217 3221
3 3224 3219 3218
3 3223 3224 3218
3 3218 3220 3223
3 3220 3225 3223
3 3220 3221 3225
3 3221 3226 3225
3 3222 3227 3226
3 3221 3222 3226
3 3224 3223 3228
3 3230 3228 3223
3 3230 3223 3229
3 3229 3223 3225
3 3225 3226 3229
3 3226 3231 3229
3 3227 3232 3231
3 3226 3227 3231
3 3230 3229 3233
3 3229 3231 3234
3 3233 3229 3234
3 3231 3232 3234
3 3238 3237 3235
3 3236 3238 3235
3 3235 3208 3236
3 3207 3208 3235
3 3240 3241 3239
3 3240 3210 3241
3 3210 3209 3241
3 3239 3242 3240
3 3244 3238 3236
3 3243 3244 3236
3 3236 3212 3243
3 3208 3212 3236
3 3245 3210 3240
3 3213 3210 3245
3 3242 3246 3245
3 3240 3242 3245
3 3248 3244 3243
3 3247 3248 3243
3 3243 3215 3247
3 3212 3215 3243
3 3249 3213 3245
3 3217 3213 3249
3 3246 3250 3249
3 3245 3246 3249
3 3252 3248 3247
3 3251 3252 3247
3 3247 3219 3251
3 3215 3219 3247
3 3253 3217 3249
3 3222 3217 3253
3 3250 3254 3253
3 3249 3250 3253
3 3256 3252 3251
3 3255 3256 3251
3 3251 3224 3255
3 3219 3224 3251
3 3257 3222 3253
3 3227 3222 3257
3 3254 3258 3257
3 3253 3254 3257
3 3260 3256 3255
3 3259 3260 3255
3 3228 3255 3224
3 3228 3261 3255
3 3261 3259 3255
3 3228 3230 3261
3 3262 3227 3257
3 3232 3227 3262
3 3258 3263 3262
3 3257 3258 3262
3 3260 3259 3264
3 3266 3264 3259
3 3266 3259 3265
3 3265 3259 3261
3 3233 3261 3230
3 3233 3267 3261
3 3267 3265 3261
3 3234 3267 3233
3 3268 3267 3234
3 3268 3269 3270
3 3234 3269 3268
3 3234 3262 3269
3 3234 3232 3262
3 3262 3263 3269
3 3266 3265 3271
3 3265 3267 3272
3 3271 3265 3272
3 3267 3268 3273
3 3272 3267 3273
3 3268 3270 3273
3 3276 3274 3275
3 3239 3279 3277
3 3239 3241 3279
3 3241 3278 3279
3 3239 3277 3242
3 3279 3280 3277
3 3277 3280 3281
3 3277 3281 3242
3 3242 3281 3246
3 3284 3282 3283
3 3281 3285 3246
3 3285 3250 3246
3 3287 3284 3283
3 3286 3287 3283
3 3285 3288 3250
3 3288 3254 3250
3 3290 3287 3286
3 3289 3290 3286
3 3288 3291 3254
3 3291 3258 3254
3 3293 3290 3289
3 3292 3293 3289
3 3291 3294 3258
3 3294 3263 3258
3 3293 3292 3295
3 3297 3264 3296
3 3295 3264 3297
3 3295 3260 3264
3 3295 3292 3260
3 3264 3266 3296
3 3269 3298 3270
3 3298 3269 3263
3 3298 3263 3299
3 3299 3263 3294
3 3301 3297 3296
3 3300 3301 3296
3 3271 3296 3266
3 3271 3302 3296
3 3302 3300 3296
3 3272 3302 3271
3 3303 3302 3272
3 3273 3303 3272
3 3304 3303 3273
3 3270 3304 3273
3 3270 3298 3304
3 3298 3305 3304
3 3299 3306 3305
3 3298 3299 3305
3 3301 3300 3307
3 3300 3302 3308
3 3307 3300 3308
3 3302 3303 3309
3 3308 3302 3309
3 3303 3304 3310
3 3309 3303 3310
3 3304 3305 3311
3 3310 3304 3311
3 3305 3306 3311
3 3312 3313 3278
3 3313 3279 3278
3 3313 3280 3279
3 3314 3280 3313
3 3280 3314 3315
3 3281 3280 3315
3 3315 3316 3281
3 3316 3285 3281
3 3316 3317 3285
3 3317 3288 3285
3 3317 3318 3288
3 3318 3291 3288
3 3318 3319 3291
3 3319 3294 3291
3 3319 3320 3294
3 3320 3299 3294
3 3320 3321 3299
3 3321 3306 3299
3 3309 3322 3308
3 3323 3322 3309
3 3310 3323 3309
3 3324 3323 3310
3 3324 3325 3326
3 3324 3310 3325
3 3310 3311 3325
3 3325 3311 3306
3 3321 3325 3306
3 3329 3327 3328
3 3327 3322 3330
3 3328 3327 3330
3 3322 3323 3331
3 3330 3322 3331
3 3323 3324 3332
3 3331 3323 3332
3 3324 3326 3332
3 3333 3334 3312
3 3334 3313 3312
3 3334 3314 3313
3 3335 3314 3334
3 3314 3335 3336
3 3315 3314 3336
3 3336 3337 3315
3 3337 3316 3315
3 3337 3338 3316
3 3338 3317 3316
3 3338 3339 3317
3 3339 3318 3317
3 3339 3340 3318
3 3340 3319 3318
3 3340 3341 3319
3 3341 3320 3319
3 3341 3342 3320
3 3342 3321 3320
3 3325 3343 3326
3 3343 3325 3321
3 3343 3321 3344
3 3344 3321 3342
3 3332 3345 3331
3 3346 3345 3332
3 3346 3347 3348
3 3332 3347 3346
3 3332 3343 3347
3 3332 3326 3343
3 3343 3344 3347
3 3345 3346 3350
3 3349 3345 3350
3 3346 3348 3350
3 3351 3352 3333
3 3352 3334 3333
3 3335 3354 3353
3 3335 3334 3354
3 3334 3352 3354
3 3335 3353 3336
3 3354 3355 3353
3 3353 3355 3356
3 3353 3356 3336
3 3336 3356 3337
3 3356 3357 3337
3 3357 3338 3337
3 3357 3358 3338
3 3358 3339 3338
3 3358 3359 3339
3 3359 3340 3339
3 3359 3360 3340
3 3360 3341 3340
3 3360 3361 3341
3 3361 3342 3341
3 3361 3362 3342
3 3362 3344 3342
3 3347 3363 3348
3 3363 3347 3344
3 3363 3344 3364
3 3364 3344 3362
3 3365 3366 3367
3 3365 3349 3366
3 3349 3350 3366
3 3348 3363 3368
3 3348 3368 3350
3 3350 3368 3366
3 3363 3364 3368
3 3369 3365 3371
3 3370 3369 3371
3 3365 3367 3371
3 3372 3373 3351
3 3373 3352 3351
3 3373 3374 3352
3 3374 3354 3352
3 3355 3376 3375
3 3355 3354 3376
3 3354 3374 3376
3 3355 3375 3356
3 3376 3377 3375
3 3375 3377 3378
3 3375 3378 3356
3 3356 3378 3357
3 3378 3379 3357
3 3379 3358 3357
3 3379 3380 3358
3 3380 3359 3358
3 3380 3381 3359
3 3381 3360 3359
3 3381 3382 3360
3 3382 3361 3360
3 3382 3383 3361
3 3383 3362 3361
3 3383 3384 3362
3 3384 3364 3362
3 3366 3385 3367
3 3385 3386 3387
3 3385 3366 3386
3 3366 3368 3386
3 3386 3368 3364
3 3384 3386 3364
3 3367 3385 3389
3 3367 3389 3371
3 3371 3389 3388
3 3385 3387 3389
3 3390 3392 3391
3 3393 3394 3372
3 3394 3373 3372
3 3394 3395 3373
3 3395 3374 3373
3 3395 3396 3374
3 3396 3376 3374
3 3377 3398 3397
3 3377 3376 3398
3 3376 3396 3398
3 3377 3397 3378
3 3398 3399 3397
3 3397 3399 3400
3 3397 3400 3378
3 3378 3400 3379
3 3400 3401 3379
3 3401 3380 3379
3 3401 3402 3380
3 3402 3381 3380
3 3402 3403 3381
3 3403 3382 3381
3 3406 3404 3405
3 3403 3407 3382
3 3407 3383 3382
3 3406 3405 3408
3 3407 3409 3383
3 3409 3384 3383
3 3386 3410 3387
3 3411 3384 3409
3 3411 3410 3384
3 3411 3412 3410
3 3386 3384 3410
3 3411 3413 3412
3 3389 3414 3388
3 3415 3414 3389
3 3415 3416 3417
3 3389 3416 3415
3 3389 3410 3416
3 3389 3387 3410
3 3410 3412 3418
3 3416 3410 3418
3 3412 3413 3418
3 3414 3415 3420
3 3419 3414 3420
3 3415 3417 3420
3 3421 3422 3393
3 3422 3394 3393
3 3422 3423 3394
3 3423 3395 3394
3 3423 3424 3395
3 3424 3396 3395
3 3424 3425 3396
3 3425 3398 3396
3 3399 3427 3426
3 3399 3398 3427
3 3398 3425 3427
3 3399 3426 3400
3 3429 3426 3427
3 3428 3426 3429
3 3426 3428 3401
3 3400 3426 3401
3 3429 3430 3428
3 3428 3430 3431
3 3428 3431 3401
3 3401 3431 3402
3 3434 3433 3432
3 3432 3433 3403
3 3432 3403 3431
3 3431 3403 3402
3 3434 3435 3433
3 3433 3435 3436
3 3433 3436 3403
3 3403 3436 3407
3 3436 3437 3407
3 3437 3409 3407
3 3411 3439 3438
3 3411 3409 3439
3 3409 3437 3439
3 3411 3438 3413
3 3416 3440 3417
3 3418 3439 3416
3 3418 3438 3439
3 3416 3439 3440
3 3441 3442 3439
3 3440 3439 3442
3 3441 3443 3444
3 3441 3444 3442
3 3418 3413 3438
3 3443 3445 3444
3 3446 3419 3447
3 3419 3420 3447
3 3417 3440 3448
3 3417 3448 3420
3 3420 3448 3447
3 3440 3442 3449
3 3448 3440 3449
3 3442 3444 3450
3 3449 3442 3450
3 3444 3445 3450
3 3451 3452 3421
3 3452 3422 3421
3 3452 3453 3422
3 3453 3423 3422
3 3453 3454 3423
3 3454 3424 3423
3 3454 3455 3424
3 3455 3425 3424
3 3458 3456 3457
3 3455 3459 3425
3 3459 3427 3425
3 3458 3457 3460
3 3459 3461 3427
3 3461 3429 3427
3 3430 3463 3462
3 3430 3429 3463
3 3429 3461 3463
3 3430 3462 3431
3 3462 3434 3432
3 3462 3463 3434
3 3463 3464 3434
3 3462 3432 3431
3 3464 3435 3434
3 3465 3435 3464
3 3435 3465 3466
3 3436 3435 3466
3 3466 3467 3436
3 3467 3437 3436
3 3467 3468 3437
3 3468 3439 3437
3 3441 3470 3469
3 3441 3439 3470
3 3439 3468 3470
3 3469 3472 3471
3 3469 3471 3441
3 3441 3471 3443
3 1909 3445 3443
3 1909 3443 1908
3 1908 3443 3471
3 3448 3473 3447
3 3474 3473 3448
3 3449 3470 3448
3 3449 3469 3470
3 3448 3470 3474
3 3475 3476 3470
3 3474 3470 3476
3 3476 3472 3477
3 3476 3475 3472
3 3477 3472 3450
3 3469 3449 3472
3 3450 3472 3449
3 3445 3477 3450
3 3445 1909 3477
3 1909 1911 3477
3 3473 3474 3479
3 3478 3473 3479
3 3474 3476 3480
3 3479 3474 3480
3 3476 3477 3481
3 3480 3476 3481
3 3477 1911 1915
3 3481 3477 1915
3 3482 3483 3451
3 3483 3452 3451
3 3483 3484 3452
3 3484 3453 3452
3 3484 3485 3453
3 3485 3454 3453
3 3485 3486 3454
3 3486 3455 3454
3 3486 3487 3455
3 3487 3459 3455
3 3487 3488 3459
3 3488 3461 3459
3 3488 3489 3461
3 3489 3463 3461
3 3489 3490 3463
3 3490 3464 3463
3 3465 3492 3491
3 3465 3464 3492
3 3464 3490 3492
3 3465 3491 3466
3 3492 3493 3491
3 3491 3493 3494
3 3491 3494 3466
3 3466 3494 3467
3 3494 3495 3467
3 3495 3468 3467
3 3495 3496 3468
3 3496 3470 3468
3 3471 3472 3497
3 1908 3471 3497
3 1930 1908 3497
3 3496 3475 3470
3 3498 3475 3496
3 3472 3499 3497
3 3472 3475 3499
3 3475 3498 3499
3 3497 1931 1930
3 3499 1931 3497
3 3480 3500 3479
3 3501 3500 3480
3 3481 3501 3480
3 3502 3501 3481
3 1915 3502 3481
3 1934 3502 1915
3 3500 3501 3504
3 3503 3500 3504
3 3501 3502 3505
3 3504 3501 3505
3 3502 1934 1950
3 3505 3502 1950
3 3506 3507 3482
3 3507 3483 3482
3 3507 3508 3483
3 3508 3484 3483
3 3508 3509 3484
3 3509 3485 3484
3 3509 3510 3485
3 3510 3486 3485
3 3510 3511 3486
3 3511 3487 3486
3 3511 3512 3487
3 3512 3488 3487
3 3512 3513 3488
3 3513 3489 3488
3 3513 3514 3489
3 3514 3490 3489
3 3514 3515 3490
3 3515 3492 3490
3 3493 3517 3516
3 3493 3492 3517
3 3492 3515 3517
3 3493 3516 3494
3 3517 3518 3516
3 3516 3518 3519
3 3516 3519 3494
3 3494 3519 3495
3 3519 3520 3495
3 3520 3496 3495
3 3520 3498 3496
3 3521 3498 3520
3 3521 3522 3498
3 3498 3522 3499
3 3522 1959 3499
3 3499 1959 1931
3 3505 3523 3504
3 3524 3523 3505
3 3524 1977 3525
3 3524 3505 1977
3 3505 1950 1977
3 3523 3524 3527
3 3526 3523 3527
3 3524 3525 3527
3 3528 3529 3506
3 3529 3507 3506
3 3529 3530 3507
3 3530 3508 3507
3 3530 3531 3508
3 3531 3509 3508
3 3531 3532 3509
3 3532 3510 3509
3 3532 3533 3510
3 3533 3511 3510
3 3533 3534 3511
3 3534 3512 3511
3 3534 3535 3512
3 3535 3513 3512
3 3535 3536 3513
3 3536 3514 3513
3 3536 3537 3514
3 3537 3515 3514
3 3537 3538 3515
3 3538 3517 3515
3 3538 3518 3517
3 3539 3518 3538
3 3518 3539 3540
3 3519 3518 3540
3 3543 3542 3541
3 3541 3542 3520
3 3541 3520 3540
3 3540 3520 3519
3 3543 3544 3542
3 3546 3545 3521
3 3544 3546 3521
3 3544 3521 3520
3 3544 3520 3542
3 3522 3521 3545
3 3547 3522 3545
3 1959 3522 3547
3 1987 1959 3547
3 3545 3549 3547
3 3548 3549 3545
3 3550 3547 3549
3 3550 1988 3547
3 1988 1987 3547
3 1988 3525 1977
3 3550 3525 1988
3 3550 3552 3525
3 3550 3551 3552
3 3552 3527 3525
3 3553 3554 258
3 3554 259 258
3 3554 3555 259
3 3555 260 259
3 3555 3556 260
3 3556 261 260
3 3556 3557 261
3 3557 262 261
3 3557 3558 262
3 3558 263 262
3 3558 3559 263
3 3559 264 263
3 3559 3560 264
3 3560 265 264
3 3560 3561 265
3 3561 266 265
3 3561 3562 266
3 3562 267 266
3 3562 3563 267
3 3563 268 267
3 3563 3564 268
3 3564 269 268
3 3564 3565 269
3 3565 270 269
3 3565 271 270
3 3566 271 3565
3 274 3567 2976
3 272 3567 274
3 3568 3569 3553
3 3569 3554 3553
3 3569 3570 3554
3 3570 3555 3554
3 3570 3571 3555
3 3571 3556 3555
3 3571 3572 3556
3 3572 3557 3556
3 3572 3573 3557
3 3573 3558 3557
3 3573 3574 3558
3 3574 3559 3558
3 3574 3575 3559
3 3575 3560 3559
3 3575 3576 3560
3 3576 3561 3560
3 3576 3577 3561
3 3577 3562 3561
3 3577 3578 3562
3 3578 3563 3562
3 3578 3579 3563
3 3579 3564 3563
3 3581 3579 3580
3 3581 3565 3579
3 3565 3564 3579
3 3581 3566 3565
3 3584 3583 3582
3 3586 3583 3584
3 3585 3583 3586
3 3585 2976 3567
3 3585 3586 2976
3 3586 2996 2976
3 3587 3588 3568
3 3588 3569 3568
3 3588 3589 3569
3 3589 3570 3569
3 3589 3590 3570
3 3590 3571 3570
3 3590 3591 3571
3 3591 3572 3571
3 3591 3592 3572
3 3592 3573 3572
3 3592 3593 3573
3 3593 3574 3573
3 3593 3594 3574
3 3594 3575 3574
3 3594 3595 3575
3 3595 3576 3575
3 3595 3596 3576
3 3596 3577 3576
3 3596 3597 3577
3 3597 3578 3577
3 3597 3598 3578
3 3598 3579 3578
3 3598 3580 3579
3 3599 3580 3598
3 3584 3600 3601
3 3582 3600 3584
3 3601 3602 3584
3 3602 3586 3584
3 3602 3017 3586
3 3017 2996 3586
3 3603 3604 3587
3 3604 3588 3587
3 3604 3605 3588
3 3605 3589 3588
3 3605 3606 3589
3 3606 3590 3589
3 3606 3607 3590
3 3607 3591 3590
3 3607 3608 3591
3 3608 3592 3591
3 3608 3609 3592
3 3609 3593 3592
3 3609 3610 3593
3 3610 3594 3593
3 3610 3611 3594
3 3611 3595 3594
3 3611 3612 3595
3 3612 3596 3595
3 3612 3613 3596
3 3613 3597 3596
3 3613 3614 3597
3 3614 3598 3597
3 3614 3599 3598
3 3615 3599 3614
3 3601 3616 3617
3 3600 3616 3601
3 3617 3618 3601
3 3618 3602 3601
3 3618 3034 3602
3 3034 3017 3602
3 3620 3603 3619
3 3620 3621 3603
3 3621 3604 3603
3 3621 3622 3604
3 3622 3605 3604
3 3622 3623 3605
3 3623 3606 3605
3 3623 3624 3606
3 3624 3607 3606
3 3624 3625 3607
3 3625 3608 3607
3 3625 3626 3608
3 3626 3609 3608
3 3626 3627 3609
3 3627 3610 3609
3 3627 3628 3610
3 3628 3611 3610
3 3628 3629 3611
3 3629 3612 3611
3 3629 3630 3612
3 3630 3613 3612
3 3632 3630 3631
3 3632 3614 3630
3 3614 3613 3630
3 3632 3615 3614
3 3635 3634 3633
3 3634 3617 3616
3 3634 3635 3617
3 3635 3636 3617
3 3636 3637 3617
3 3637 3618 3617
3 3637 3048 3618
3 3048 3034 3618
3 3621 3638 3639
3 3620 3638 3621
3 3639 3640 3621
3 3640 3622 3621
3 3640 3641 3622
3 3641 3623 3622
3 3641 3642 3623
3 3642 3624 3623
3 3642 3643 3624
3 3643 3625 3624
3 3643 3644 3625
3 3644 3626 3625
3 3644 3645 3626
3 3645 3627 3626
3 3645 3646 3627
3 3646 3628 3627
3 3646 3647 3628
3 3647 3629 3628
3 3649 3647 3648
3 3649 3630 3647
3 3630 3629 3647
3 3649 3631 3630
3 3635 3650 3651
3 3633 3650 3635
3 3651 3652 3635
3 3652 3636 3635
3 3652 3653 3636
3 3653 3637 3636
3 3653 3063 3637
3 3063 3048 3637
3 3655 3639 3654
3 3655 3656 3639
3 3656 3640 3639
3 3656 3657 3640
3 3657 3641 3640
3 3657 3658 3641
3 3658 3642 3641
3 3658 3659 3642
3 3659 3643 3642
3 3659 3660 3643
3 3660 3644 3643
3 3660 3661 3644
3 3661 3645 3644
3 3663 3661 3662
3 3663 3646 3661
3 3646 3645 3661
3 3664 3646 3663
3 3647 3646 3664
3 3664 3648 3647
3 3667 3666 3665
3 3666 3651 3650
3 3666 3667 3651
3 3667 3668 3651
3 3668 3669 3651
3 3669 3652 3651
3 3669 3670 3652
3 3670 3653 3652
3 3670 3077 3653
3 3077 3063 3653
3 3655 3671 3656
3 3672 3656 3671
3 3672 3673 3656
3 3673 3657 3656
3 3673 3674 3657
3 3674 3658 3657
3 3674 3675 3658
3 3675 3659 3658
3 3675 3676 3659
3 3676 3660 3659
3 3678 3676 3677
3 3678 3661 3676
3 3661 3660 3676
3 3678 3662 3661
3 3667 3679 3680
3 3665 3679 3667
3 3680 3681 3667
3 3681 3668 3667
3 3681 3682 3668
3 3682 3669 3668
3 3682 3683 3669
3 3683 3670 3669
3 3683 3091 3670
3 3091 3077 3670
3 3672 3684 3673
3 3685 3673 3684
3 3674 3673 3685
3 3686 3674 3685
3 3675 3674 3686
3 3687 3675 3686
3 3676 3675 3687
3 3677 3690 3689
3 3677 3676 3690
3 3688 3690 3687
3 3687 3690 3676
3 3692 3689 3690
3 3691 3689 3692
3 3694 3691 3692
3 3693 3691 3694
3 3694 3695 3693
3 3698 3697 3696
3 3697 3680 3679
3 3697 3698 3680
3 3698 3699 3680
3 3699 3700 3680
3 3700 3681 3680
3 3700 3701 3681
3 3701 3682 3681
3 3701 3702 3682
3 3702 3683 3682
3 3702 3104 3683
3 3104 3091 3683
3 3705 3704 3703
3 3704 3690 3688
3 3704 3705 3690
3 3705 3706 3690
3 3706 3707 3690
3 3707 3692 3690
3 3709 3707 3708
3 3709 3694 3707
3 3694 3692 3707
3 3709 3695 3694
3 3696 3710 3698
3 3711 3698 3710
3 3699 3698 3711
3 3712 3699 3711
3 3712 3713 3699
3 3713 3700 3699
3 3716 3715 3714
3 3714 3715 3701
3 3714 3701 3713
3 3713 3701 3700
3 3718 3715 3716
3 3717 3715 3718
3 3715 3717 3702
3 3701 3715 3702
3 3718 3719 3717
3 3717 3719 3116
3 3717 3116 3702
3 3702 3116 3104
3 3705 3720 3721
3 3703 3720 3705
3 3721 3722 3705
3 3722 3706 3705
3 3724 3722 3723
3 3724 3707 3722
3 3707 3706 3722
3 3724 3708 3707
3 3727 3726 3725
3 3726 3713 3712
3 3726 3727 3713
3 3727 3728 3713
3 3714 3729 3716
3 3729 3714 3713
3 3729 3713 3730
3 3730 3713 3728
3 3731 3716 3729
3 3718 3716 3731
3 3730 3732 3731
3 3729 3730 3731
3 3731 3719 3718
3 3719 3731 3732
3 3719 3732 3116
3 3116 3732 3127
3 3720 3733 3721
3 3734 3721 3733
3 3722 3721 3734
3 3734 3723 3722
3 3737 3736 3735
3 3736 3727 3725
3 3736 3737 3727
3 3737 3738 3727
3 3738 3739 3727
3 3739 3728 3727
3 3739 3740 3728
3 3740 3730 3728
3 3740 3741 3730
3 3741 3732 3730
3 3741 3139 3732
3 3139 3127 3732
3 3737 3742 3743
3 3735 3742 3737
3 3743 3744 3737
3 3744 3738 3737
3 3744 3745 3738
3 3745 3739 3738
3 3745 3746 3739
3 3746 3740 3739
3 3748 3746 3747
3 3748 3741 3746
3 3741 3740 3746
3 3749 3741 3748
3 3749 3152 3741
3 3152 3139 3741
3 3743 3750 3751
3 3742 3750 3743
3 3751 3752 3743
3 3752 3744 3743
3 3752 3753 3744
3 3753 3745 3744
3 3753 3754 3745
3 3754 3746 3745
3 3754 3747 3746
3 3755 3747 3754
3 3749 3163 3152
3 3750 3756 3751
3 3757 3751 3756
3 3752 3751 3757
3 3758 3752 3757
3 3758 3759 3752
3 3759 3753 3752
3 3761 3759 3760
3 3761 3754 3759
3 3754 3753 3759
3 3761 3755 3754
3 3764 3763 3762
3 3764 3765 3763
3 3758 3766 3759
3 3769 3767 3768
3 3767 3770 3771
3 3768 3767 3771
3 3770 3772 3771
3 1995 1996 3773
3 1997 1995 3773
3 3774 1997 3773
3 1998 1997 3774
3 3775 1998 3774
3 1998 3775 2000
3 3769 3768 3776
3 3768 3771 3777
3 3776 3768 3777
3 3771 3772 3777
3 2002 3779 3778
3 2001 2002 3778
3 1996 3780 3773
3 1996 2001 3780
3 2001 3778 3780
3 3773 3781 3774
3 3780 3781 3773
3 3783 3774 3781
3 3783 3782 3774
3 3782 3775 3774
3 2000 3775 3782
3 2000 3782 3784
3 2000 3784 2003
3 3785 3784 3782
3 2003 3784 3786
3 1691 2003 3786
3 3767 3769 3787
3 3770 3767 3787
3 3788 3770 3787
3 3770 3788 3772
3 3787 3769 3776
3 3788 3787 3776
3 3777 3788 3776
3 3788 3777 3772
3 3778 3779 3789
3 3780 3778 3789
3 3790 3780 3789
3 3781 3780 3790
3 3791 3781 3790
3 3781 3791 3783
3 3784 3785 3792
3 3784 3792 3786
3 3793 3795 3796
3 3794 3793 3796
3 3795 3797 3798
3 3796 3795 3798
3 3797 3799 3800
3 3798 3797 3800
3 3799 3801 3800
3 3794 3796 3802
3 3796 3803 3802
3 3796 3798 3803
3 3798 3804 3803
3 3798 3800 3804
3 3800 3805 3804
3 3801 3806 3807
3 3801 3807 3800
3 3800 3807 3805
3 3806 3808 3807
3 3802 3803 3810
3 3809 3802 3810
3 3803 3804 3811
3 3810 3803 3811
3 3804 3805 3812
3 3811 3804 3812
3 3805 3807 3813
3 3812 3805 3813
3 3807 3808 3813
3 3814 3816 3815
3 3819 3817 3818
3 3817 3820 3818
3 3816 3822 3823
3 3816 3823 3815
3 3815 3823 3821
3 3822 3819 3818
3 3822 3818 3823
3 3823 3818 3824
3 3820 3825 3826
3 3820 3826 3818
3 3818 3826 3824
3 3825 3827 3828
3 3826 3825 3828
3 3827 3829 3830
3 3828 3827 3830
3 3829 3831 3832
3 3830 3829 3832
3 3831 3833 3832
3 3823 3793 3821
3 3795 3793 3823
3 3824 3795 3823
3 3797 3795 3824
3 3826 3797 3824
3 3799 3797 3826
3 3799 3834 3801
3 3799 3826 3834
3 3826 3828 3834
3 3828 3830 3834
3 3830 3835 3834
3 3830 3832 3835
3 3832 3836 3835
3 3833 3837 3838
3 3833 3838 3832
3 3832 3838 3836
3 3837 3839 3840
3 3838 3837 3840
3 3839 3841 3840
3 3844 3842 3843
3 3842 3845 3846
3 3843 3842 3846
3 3845 3847 3846
3 3834 3806 3801
3 3806 3848 3808
3 3806 3834 3848
3 3834 3835 3848
3 3835 3836 3848
3 3836 3849 3848
3 3836 3838 3849
3 3838 3850 3849
3 3838 3840 3850
3 3840 3851 3850
3 3841 3852 3853
3 3841 3853 3840
3 3840 3853 3851
3 3852 3854 3853
3 3857 3855 3856
3 3855 3844 3843
3 3855 3843 3856
3 3856 3843 3858
3 3843 3846 3858
3 3846 3859 3858
3 3847 3860 3861
3 3847 3861 3846
3 3846 3861 3859
3 3860 3862 3863
3 3861 3860 3863
3 3810 667 3809
3 3864 667 3810
3 3811 3864 3810
3 3865 3864 3811
3 3865 3866 3867
3 3865 3811 3866
3 3811 3812 3866
3 3866 3812 3868
3 3812 3813 3868
3 3808 3848 3869
3 3808 3869 3813
3 3813 3869 3868
3 3848 3849 3870
3 3869 3848 3870
3 3849 3850 3871
3 3870 3849 3871
3 3850 3851 3872
3 3871 3850 3872
3 3851 3853 3873
3 3872 3851 3873
3 3853 3854 3873
3 3875 3857 3856
3 3874 3875 3856
3 3876 3877 3874
3 3876 3874 3858
3 3858 3874 3856
3 3879 3876 3858
3 3879 3858 3878
3 3878 3858 3859
3 3859 3861 3878
3 3861 3880 3878
3 3881 3882 3880
3 3881 3880 3863
3 3863 3880 3861
3 3883 3885 3886
3 3884 3883 3886
3 3885 3887 3888
3 3886 3885 3888
3 3887 3889 3890
3 3888 3887 3890
3 3889 3891 3892
3 3890 3889 3892
3 3891 3893 3894
3 3892 3891 3894
3 3893 3895 3896
3 3894 3893 3896
3 3895 3897 3898
3 3896 3895 3898
3 3897 3899 3900
3 3898 3897 3900
3 3899 3901 3902
3 3900 3899 3902
3 3901 3903 3904
3 3902 3901 3904
3 3903 3905 3904
3 3884 3886 3906
3 3886 3907 3906
3 3886 3888 3907
3 3888 3908 3907
3 3888 3890 3908
3 3890 3909 3908
3 3890 3892 3909
3 3892 3910 3909
3 3892 3894 3910
3 3894 3911 3910
3 3894 3896 3911
3 3896 3912 3911
3 3896 3898 3912
3 3898 3913 3912
3 3898 3900 3913
3 3900 3914 3913
3 3900 3902 3914
3 3902 3915 3914
3 3902 3904 3915
3 3904 3916 3915
3 3905 3917 3918
3 3905 3918 3904
3 3904 3918 3916
3 3917 3919 3920
3 3918 3917 3920
3 3919 3921 3920
3 3814 3922 3816
3 3814 3906 3922
3 3906 3907 3922
3 3819 3908 3817
3 3819 3922 3908
3 3922 3907 3908
3 3817 3923 3820
3 3817 3908 3923
3 3908 3909 3923
3 3909 3910 3923
3 3910 3924 3923
3 3910 3911 3924
3 3911 3925 3924
3 3911 3912 3925
3 3912 3926 3925
3 3912 3913 3926
3 3913 3927 3926
3 3913 3914 3927
3 3914 3928 3927
3 3914 3915 3928
3 3915 3929 3928
3 3915 3916 3929
3 3916 3930 3929
3 3916 3918 3930
3 3918 3931 3930
3 3918 3920 3931
3 3920 3932 3931
3 3921 3933 3934
3 3921 3934 3920
3 3920 3934 3932
3 3933 3935 3936
3 3934 3933 3936
3 3935 3937 3938
3 3936 3935 3938
3 3937 3939 3938
3 3922 3822 3816
3 3922 3819 3822
3 3923 3825 3820
3 3924 3825 3923
3 3827 3825 3924
3 3925 3827 3924
3 3829 3827 3925
3 3926 3829 3925
3 3831 3829 3926
3 3831 3940 3833
3 3831 3926 3940
3 3926 3927 3940
3 3927 3928 3940
3 3928 3941 3940
3 3928 3929 3941
3 3929 3942 3941
3 3929 3930 3942
3 3930 3943 3942
3 3930 3931 3943
3 3931 3944 3943
3 3931 3932 3944
3 3932 3945 3944
3 3932 3934 3945
3 3934 3946 3945
3 3934 3936 3946
3 3936 3947 3946
3 3936 3938 3947
3 3938 3948 3947
3 3939 3949 3950
3 3939 3950 3938
3 3938 3950 3948
3 3940 3837 3833
3 3941 3837 3940
3 3839 3837 3941
3 3839 3951 3841
3 3839 3941 3951
3 3941 3942 3951
3 3942 3943 3951
3 3943 3952 3951
3 3943 3944 3952
3 3944 3953 3952
3 3944 3945 3953
3 3945 3954 3953
3 3844 3946 3842
3 3844 3954 3946
3 3954 3945 3946
3 3947 3842 3946
3 3845 3842 3947
3 3845 3955 3847
3 3845 3947 3955
3 3947 3948 3955
3 3948 3950 3955
3 3950 3956 3955
3 3957 3960 3959
3 3958 3960 3957
3 3959 3960 3961
3 3951 3852 3841
3 3852 3962 3854
3 3852 3951 3962
3 3951 3952 3962
3 3952 3953 3962
3 3953 3963 3962
3 3857 3954 3855
3 3857 3963 3954
3 3963 3953 3954
3 3954 3844 3855
3 3955 3860 3847
3 3956 3860 3955
3 3862 3860 3956
3 3958 678 3960
3 3960 678 3964
3 3961 3966 3965
3 3961 3960 3966
3 3960 3964 3966
3 3867 3965 3966
3 3867 3866 3965
3 3968 3965 3967
3 3967 3965 3866
3 3868 3967 3866
3 3969 3967 3868
3 3869 3969 3868
3 3970 3969 3869
3 3870 3970 3869
3 3971 3970 3870
3 3871 3971 3870
3 3972 3971 3871
3 3872 3972 3871
3 3973 3972 3872
3 3873 3973 3872
3 3974 3973 3873
3 3974 3975 3976
3 3873 3975 3974
3 3873 3962 3975
3 3873 3854 3962
3 3962 3963 3977
3 3975 3962 3977
3 3963 3978 3977
3 3963 3857 3978
3 3857 3875 3978
3 3876 3979 3877
3 3876 3879 3979
3 3881 316 3882
3 3980 3982 3983
3 3981 3980 3983
3 3982 3984 3985
3 3983 3982 3985
3 3984 3986 3987
3 3985 3984 3987
3 3986 3988 3989
3 3987 3986 3989
3 3988 3990 3991
3 3989 3988 3991
3 3990 3992 3993
3 3991 3990 3993
3 3992 3994 3995
3 3993 3992 3995
3 3994 3996 3997
3 3995 3994 3997
3 3996 3998 3997
3 3983 3883 3981
3 3885 3883 3983
3 3985 3885 3983
3 3887 3885 3985
3 3987 3887 3985
3 3889 3887 3987
3 3989 3889 3987
3 3891 3889 3989
3 3991 3891 3989
3 3893 3891 3991
3 3993 3893 3991
3 3895 3893 3993
3 3995 3895 3993
3 3897 3895 3995
3 3997 3897 3995
3 3899 3897 3997
3 3998 3899 3997
3 3998 3999 3899
3 3999 3901 3899
3 3999 4000 3901
3 3901 4000 3903
3 4002 3905 3903
3 4002 3903 4001
3 4001 3903 4000
3 4001 4003 4004
3 4002 4001 4004
3 4003 4005 4004
3 4002 3917 3905
3 4004 3917 4002
3 3919 3917 4004
3 3919 4007 3921
3 4004 4007 3919
3 4004 4006 4007
3 4004 4005 4006
3 4006 4008 4009
3 4007 4006 4009
3 4008 4010 4009
3 4007 3933 3921
3 4009 3933 4007
3 3935 3933 4009
3 4010 3935 4009
3 4010 4011 3935
3 4011 3937 3935
3 4013 3939 3937
3 4013 3937 4012
3 4012 3937 4011
3 4014 4015 4016
3 4013 3949 3939
3 4016 4019 4018
3 4016 4015 4019
3 4015 4017 4019
3 4018 4021 4020
3 4019 4021 4018
3 4020 4023 4022
3 4021 4023 4020
3 4022 4025 4024
3 4023 4025 4022
3 4024 4025 4026
3 4019 4017 3957
3 3959 4019 3957
3 3959 3961 4027
3 3959 4027 4019
3 4019 4027 4021
3 4021 4027 4023
3 4023 4027 4028
3 4023 4028 4025
3 4025 4028 4029
3 4026 4031 4030
3 4026 4025 4031
3 4025 4029 4031
3 4030 4031 4032
3 4027 3961 3965
3 3965 3968 4033
3 3965 4033 4027
3 4027 4033 4028
3 4028 4033 4029
3 4029 4033 4034
3 4029 4034 4031
3 4031 4034 4035
3 4032 4037 4036
3 4032 4031 4037
3 4031 4035 4037
3 4036 4037 4038
3 3975 4039 3976
3 3977 4039 3975
3 4040 4039 3977
3 3977 3978 4040
3 4041 4043 4044
3 4042 4041 4044
3 4043 4045 4046
3 4044 4043 4046
3 4045 4047 4048
3 4046 4045 4048
3 4047 4049 4050
3 4048 4047 4050
3 4049 4051 4052
3 4050 4049 4052
3 4051 4053 4054
3 4052 4051 4054
3 4053 4055 4056
3 4054 4053 4056
3 4055 4057 4056
3 4042 4044 4058
3 4044 4059 4058
3 4044 4046 4059
3 4046 4060 4059
3 4046 4048 4060
3 4048 4061 4060
3 4048 4050 4061
3 4050 4062 4061
3 4050 4052 4062
3 4052 4063 4062
3 4052 4054 4063
3 4054 4064 4063
3 4054 4056 4064
3 4056 4065 4064
3 4057 4066 4067
3 4057 4067 4056
3 4056 4067 4065
3 4066 4068 4069
3 4067 4066 4069
3 4068 4070 4071
3 4069 4068 4071
3 4070 4072 4073
3 4071 4070 4073
3 4072 4074 4075
3 4073 4072 4075
3 4074 4076 4075
3 4059 3980 4058
3 3982 3980 4059
3 4060 3982 4059
3 3984 3982 4060
3 4061 3984 4060
3 3986 3984 4061
3 4062 3986 4061
3 3988 3986 4062
3 4063 3988 4062
3 3990 3988 4063
3 4064 3990 4063
3 3992 3990 4064
3 4065 3992 4064
3 3994 3992 4065
3 4067 3994 4065
3 3996 3994 4067
3 3996 4077 3998
3 3996 4067 4077
3 4067 4069 4077
3 4069 4071 4077
3 4071 4078 4077
3 4071 4073 4078
3 4073 4079 4078
3 4073 4075 4079
3 4075 4080 4079
3 4076 4081 4080
3 4075 4076 4080
3 4077 3999 3998
3 4078 3999 4077
3 4000 3999 4078
3 4079 4000 4078
3 4001 4000 4079
3 4080 4001 4079
3 4003 4001 4080
3 4003 4080 4081
3 4003 4081 4005
3 4005 4081 4082
3 4082 4006 4005
3 4083 4006 4082
3 4083 4084 4006
3 4006 4084 4008
3 4086 4010 4008
3 4086 4008 4085
3 4085 4008 4084
3 4085 4087 4086
3 4086 4011 4010
3 4087 4011 4086
3 4087 4088 4011
3 4088 4012 4011
3 4014 4016 4089
3 4089 4016 4018
3 4089 4018 4090
3 4090 4018 4091
3 4091 4018 4092
3 4018 4020 4092
3 4092 4020 4093
3 4020 4022 4093
3 4093 4022 4094
3 4022 4024 4094
3 4096 4024 4026
3 4096 4095 4024
3 4095 4094 4024
3 4095 4098 4097
3 4096 4098 4095
3 4097 4098 4099
3 4096 4026 4030
3 4030 4032 4100
3 4030 4100 4096
3 4096 4100 4098
3 4099 4102 4101
3 4099 4098 4102
3 4098 4100 4102
3 4101 4104 4103
3 4102 4104 4101
3 4103 4106 4105
3 4104 4106 4103
3 4105 4106 4107
3 4100 4032 4036
3 4036 4038 4108
3 4036 4108 4100
3 4100 4108 4102
3 4102 4108 4104
3 4104 4108 4109
3 4104 4109 4106
3 4106 4109 4110
3 4107 4110 4111
3 4106 4110 4107
3 4114 4112 4113
3 4112 4111 4116
3 4112 4116 4113
3 4113 4116 4115
3 4118 4119 4117
3 4121 4118 4117
3 4120 4121 4117
3 4117 4119 4122
3 4120 4117 4122
3 4123 4120 4122
3 4126 4124 4125
3 4124 4127 4125
3 4131 4130 4128
3 4129 4131 4128
3 4126 4125 4132
3 4125 4127 4132
3 4129 4133 4135
3 4129 4135 4131
3 4131 4135 4134
3 4136 4133 4129
3 4137 4133 4136
3 4136 4138 4137
3 4140 4141 4139
3 4142 4141 4140
3 4146 4145 4143
3 4144 4146 4143
3 4143 4135 4144
3 4134 4135 4143
3 4149 4150 4148
3 4149 4142 4150
3 4147 4150 4140
3 4140 4150 4142
3 4147 4140 4151
3 4148 4152 4149
3 4148 4154 4152
3 4157 4155 4156
3 4160 4156 4155
3 4160 4155 4159
3 4159 4155 4158
3 4158 4161 4159
3 4161 4162 4159
3 4113 4161 4114
3 4113 4163 4161
3 4163 4162 4161
3 4115 4163 4113
3 4164 4163 4115
3 4160 4159 4165
3 4159 4162 4166
3 4165 4159 4166
3 4162 4163 4167
3 4166 4162 4167
3 4163 4164 4168
3 4167 4163 4168
3 4124 4126 4169
3 4124 4169 4127
3 4169 4126 4132
3 4169 4132 4127
3 4170 4143 4145
3 4170 4145 4171
3 4170 4134 4143
3 1296 4172 4173
3 1297 1296 4173
3 4172 4174 4175
3 4173 4172 4175
3 4178 4175 4174
3 4178 4174 4177
3 4177 4174 4176
3 4176 4179 4177
3 4179 4180 4177
3 4179 4181 4180
3 4181 4182 4180
3 4178 4177 4183
3 4177 4180 4184
3 4183 4177 4184
3 4180 4182 4185
3 4184 4180 4185
3 4188 4185 4182
3 4188 4182 4187
3 4187 4182 4186
3 4165 4186 4160
3 4165 4189 4186
3 4189 4187 4186
3 4166 4189 4165
3 4190 4189 4166
3 4167 4190 4166
3 4191 4190 4167
3 4188 4187 4192
3 4187 4189 4193
3 4192 4187 4193
3 4189 4190 4194
3 4193 4189 4194
3 4190 4191 4195
3 4194 4190 4195
3 1321 4197 1322
3 4197 4198 1322
3 4197 4199 4198
3 4199 4200 4198
3 4183 4199 4178
3 4183 4201 4199
3 4201 4200 4199
3 4184 4201 4183
3 4202 4201 4184
3 4185 4202 4184
3 4203 4202 4185
3 1322 4198 4204
3 1324 1322 4204
3 4198 4200 4205
3 4204 4198 4205
3 4200 4201 4206
3 4205 4200 4206
3 4201 4202 4207
3 4206 4201 4207
3 4209 4207 4202
3 4209 4202 4208
3 4208 4202 4203
3 4192 4203 4188
3 4192 4210 4203
3 4210 4208 4203
3 4193 4210 4192
3 4211 4210 4193
3 4194 4211 4193
3 4212 4211 4194
3 4209 4208 4213
3 4215 4213 4208
3 4215 4208 4214
3 4214 4208 4210
3 4210 4211 4214
3 4211 4216 4214
3 4211 4212 4216
3 4212 4217 4216
3 4212 4218 4217
3 4218 4219 4217
3 4215 4214 4220
3 4214 4216 4221
3 4220 4214 4221
3 4204 1344 1324
3 4222 1344 4204
3 4205 4222 4204
3 4223 4222 4205
3 4206 4223 4205
3 4224 4223 4206
3 1344 4222 4225
3 1351 1344 4225
3 4222 4223 4226
3 4225 4222 4226
3 4223 4224 4227
3 4226 4223 4227
3 4230 4227 4224
3 4230 4224 4229
3 4229 4224 4228
3 4213 4228 4209
3 4213 4231 4228
3 4231 4229 4228
3 4220 4231 4215
3 4225 1365 1351
3 4232 1365 4225
3 1736 1734 4235
3 1738 4236 1739
3 1738 1742 4236
3 1753 4237 1754
3 1754 4237 1755
3 1753 1760 4237
3 1760 1755 4237
3 1771 4238 1772
3 1772 4238 1773
3 1771 1779 4238
3 1779 1773 4238
3 4239 3765 3764
3 4242 4241 4240
3 4246 4243 4244
3 4241 4246 4244
3 4241 4244 4245
3 4241 4245 4240
3 4241 4249 4247
3 4241 4242 4249
3 4242 4248 4249
3 4241 4247 4246
3 4253 4250 4252
3 4251 4250 4253
3 4250 4251 4249
3 4248 4250 4249
3 4251 4256 4254
3 4251 4253 4256
3 4253 4255 4256
3 4251 4254 4249
3 4252 4257 4253
3 4260 4258 4259
3 4263 4261 4262
3 4266 4264 4265
3 271 3566 4270
3 300 271 4270
3 4270 4271 300
3 4271 301 300
3 4271 4272 301
3 4272 302 301
3 3567 272 302
3 4272 3567 302
3 3580 4273 3581
3 3566 3581 4273
3 3566 4273 4270
3 4270 4273 4274
3 3582 3583 4271
3 3582 4271 4274
3 4274 4271 4270
3 3583 3585 4272
3 4271 3583 4272
3 3585 3567 4272
3 4277 4275 4276
3 3580 3599 4278
3 4273 3580 4278
3 4278 4279 4273
3 4279 4274 4273
3 3600 3582 4274
3 4279 3600 4274
3 4282 4280 4281
3 4280 4283 4284
3 4281 4280 4284
3 4283 4285 4286
3 4284 4283 4286
3 3599 3615 4287
3 4278 3599 4287
3 4287 4288 4278
3 4288 4279 4278
3 3616 3600 4279
3 4288 3616 4279
3 3619 4289 3620
3 4292 4290 4291
3 4295 4293 4294
3 4298 4296 4297
3 4300 4298 4297
3 4299 4300 4297
3 3631 4301 3632
3 3615 3632 4301
3 3615 4301 4287
3 4287 4301 4302
3 3633 3634 4288
3 3633 4288 4302
3 4302 4288 4287
3 3634 3616 4288
3 3638 3620 4289
3 4303 3638 4289
3 4306 4304 4305
3 4304 4307 4305
3 4310 4308 4309
3 4308 4311 4312
3 4309 4308 4312
3 4315 4313 4314
3 4315 4314 4316
3 3648 4317 3649
3 3631 3649 4317
3 3631 4317 4301
3 4301 4317 4318
3 4318 4319 4301
3 4319 4302 4301
3 3650 3633 4302
3 4319 3650 4302
3 3654 4321 4322
3 3638 4321 3654
3 3638 4320 4321
3 3638 4303 4320
3 4320 4323 4324
3 4321 4320 4324
3 4323 4325 4326
3 4324 4323 4326
3 4325 4328 4326
3 4306 4305 4327
3 4327 4305 4307
3 3654 4322 3655
3 4331 4329 4330
3 3662 4332 3663
3 4332 4333 3664
3 3663 4332 3664
3 4336 4334 4335
3 3648 3664 4333
3 3648 4333 4317
3 4317 4333 4337
3 4336 4335 4338
3 4337 4339 4317
3 4339 4318 4317
3 3665 3666 4319
3 3665 4319 4339
3 4339 4319 4318
3 3666 3650 4319
3 3671 4341 4342
3 3655 4341 3671
3 3655 4340 4341
3 3655 4322 4340
3 4340 4343 4341
3 4346 4344 4345
3 4344 4347 4345
3 3671 4342 3672
3 4350 4348 4349
3 3677 4351 3678
3 3662 3678 4351
3 3662 4351 4332
3 4332 4351 4352
3 4352 4353 4332
3 4353 4333 4332
3 4353 4354 4333
3 4354 4337 4333
3 4354 4355 4337
3 4355 4339 4337
3 3679 3665 4339
3 4355 3679 4339
3 3684 4357 4358
3 3672 4357 3684
3 3672 4356 4357
3 3672 4342 4356
3 4356 4359 4357
3 4358 4360 3685
3 3684 4358 3685
3 4363 4361 4362
3 4361 4364 4365
3 4362 4361 4365
3 4360 4366 3686
3 3685 4360 3686
3 4366 4367 4368
3 4366 4368 3686
3 3686 4368 3687
3 4367 4369 4368
3 3687 4368 4370
3 3687 4370 3688
3 3689 4351 3677
3 4368 4369 4370
3 3689 3691 4352
3 4351 3689 4352
3 3691 3693 4353
3 4352 3691 4353
3 3693 3695 4371
3 3693 4371 4353
3 4353 4371 4354
3 3696 3697 4355
3 3696 4355 4371
3 4371 4355 4354
3 3697 3679 4355
3 4359 4372 4357
3 4359 4373 4372
3 4373 4374 4372
3 4373 4375 4374
3 4375 4376 4374
3 4377 4358 4372
3 4360 4358 4377
3 4372 4374 4377
3 4374 4378 4377
3 4379 4380 4378
3 4379 4378 4376
3 4376 4378 4374
3 4381 4360 4377
3 4381 4382 4360
3 4382 4366 4360
3 4384 4381 4377
3 4384 4377 4383
3 4383 4377 4378
3 4380 4385 4383
3 4378 4380 4383
3 3703 3704 4386
3 3703 4386 4366
3 3703 4366 4382
3 4366 4386 4367
3 4388 4384 4383
3 4388 4383 4387
3 4369 4367 4386
3 4385 4389 4387
3 4383 4385 4387
3 4392 4390 4391
3 4386 3704 3688
3 4370 4386 3688
3 4387 4393 4394
3 4387 4394 4388
3 4386 4370 4369
3 4389 4395 4393
3 4387 4389 4393
3 4398 4396 4397
3 4396 4400 4397
3 4394 4393 4399
3 4393 4395 4399
3 3708 4398 4397
3 3708 4397 3709
3 3709 4397 4401
3 4400 4402 4401
3 4397 4400 4401
3 4403 3709 4401
3 4403 4371 3709
3 4403 4404 4371
3 4371 3695 3709
3 4401 4402 4403
3 3710 3696 4371
3 3710 4371 4405
3 4405 4371 4404
3 4405 4406 3711
3 3710 4405 3711
3 3711 4406 3712
3 4409 4408 4407
3 4408 4382 4381
3 4408 4409 4382
3 4409 4410 4382
3 4381 4384 4412
3 4381 4412 4408
3 4408 4412 4411
3 4411 4412 4385
3 4380 4411 4385
3 3720 3703 4382
3 4410 3720 4382
3 4413 4412 4384
3 4388 4413 4384
3 4389 4385 4412
3 4389 4412 4413
3 4416 4414 4415
3 4414 4417 4415
3 4418 4413 4388
3 4418 4388 4419
3 4419 4388 4394
3 4415 4420 4416
3 4413 4418 4389
3 4389 4418 4421
3 4389 4421 4395
3 4415 4417 4420
3 4398 3724 3723
3 4398 3723 4396
3 4396 3723 4422
3 4419 4394 4423
3 4394 4399 4423
3 4424 4396 4422
3 4424 4400 4396
3 4423 4399 4395
3 4421 4423 4395
3 3724 4398 3708
3 4425 4427 4426
3 4425 4426 4402
3 4425 4402 4424
3 4424 4402 4400
3 4426 4404 4403
3 4426 4427 4404
3 4427 4428 4404
3 4426 4403 4402
3 4428 4429 4404
3 4429 4405 4404
3 3725 3726 4406
3 3725 4406 4429
3 4429 4406 4405
3 3726 3712 4406
3 4431 4409 4430
3 4431 4432 4409
3 4432 4410 4409
3 3733 3720 4410
3 3733 4410 4433
3 4433 4410 4432
3 4433 4434 3734
3 3733 4433 3734
3 4418 4419 4435
3 4416 4420 4436
3 4418 4435 4421
3 4436 4420 4417
3 3734 4422 3723
3 3734 4438 4422
3 3734 4434 4438
3 4437 4422 4438
3 4419 4423 4435
3 4422 4437 4424
3 4435 4423 4421
3 4437 4427 4425
3 4437 4438 4427
3 4438 4439 4427
3 4437 4425 4424
3 4439 4440 4427
3 4440 4428 4427
3 3735 3736 4429
3 3735 4429 4440
3 4440 4429 4428
3 3736 3725 4429
3 4443 4441 4442
3 4445 4432 4444
3 4433 4432 4445
3 4447 4448 4445
3 4447 4445 4446
3 4446 4445 4444
3 4449 4433 4445
3 4434 4433 4449
3 4448 4450 4449
3 4445 4448 4449
3 4451 4434 4449
3 4451 4452 4434
3 4452 4438 4434
3 4449 4450 4451
3 4454 4452 4453
3 4454 4439 4452
3 4439 4438 4452
3 4453 4455 4454
3 4456 4439 4454
3 4456 4457 4439
3 4457 4440 4439
3 4454 4455 4456
3 3742 3735 4440
3 4457 3742 4440
3 3747 4458 3748
3 3748 4458 3749
3 4451 4459 4452
3 4459 4451 4450
3 4459 4450 4461
3 4461 4450 4460
3 4464 4462 4463
3 4453 4467 4466
3 4453 4452 4467
3 4465 4467 4459
3 4459 4467 4452
3 4465 4459 4461
3 4466 4455 4453
3 4464 4463 4468
3 4470 4467 4469
3 4470 4457 4467
3 4466 4467 4456
3 4456 4467 4457
3 4466 4456 4455
3 4469 4471 4470
3 4457 4470 4472
3 4457 4472 3742
3 3742 4472 3750
3 4470 4471 4472
3 4475 4473 4474
3 4475 4474 4476
3 4475 4476 3747
3 4475 3747 3755
3 4458 3747 4476
3 4467 4477 4478
3 4465 4477 4467
3 4461 4479 4480
3 4461 4480 4465
3 4465 4480 4477
3 4478 4469 4467
3 4481 4469 4478
3 4469 4481 4482
3 4471 4469 4482
3 3756 4483 4484
3 3756 3750 4483
3 3750 4472 4483
3 4483 4472 4471
3 4482 4483 4471
3 4484 4485 3757
3 3756 4484 3757
3 4485 3758 3757
3 4486 4487 4488
3 4491 4478 3763
3 4491 4481 4478
3 3763 4478 3762
3 4489 4490 4478
3 3762 4478 4490
3 3765 4492 4484
3 3765 4484 4491
3 3765 4491 3763
3 4483 4491 4484
3 2560 4493 2561
3 4493 4494 2568
3 2561 4493 2568
3 4494 4495 4496
3 4494 4496 2568
3 2568 4496 2574
3 4495 4497 4498
3 4496 4495 4498
3 4497 4499 4500
3 4498 4497 4500
3 4499 4501 4500
3 2560 2604 4502
3 4493 2560 4502
3 4504 4502 4503
3 4504 4494 4502
3 4494 4493 4502
3 4503 4505 4504
3 4504 4495 4494
3 4505 4495 4504
3 4505 4506 4495
3 4506 4497 4495
3 4506 4507 4497
3 4497 4507 4499
3 4499 4507 4508
3 4501 4499 4508
3 2604 2633 4509
3 4502 2604 4509
3 4509 4503 4502
3 4510 4503 4509
3 4503 4510 4511
3 4505 4503 4511
3 4511 4506 4505
3 4512 4506 4511
3 4512 4513 4506
3 4506 4513 4507
3 4515 4508 4507
3 4515 4507 4514
3 4514 4507 4513
3 4514 4516 4515
3 2633 2656 4517
3 4509 2633 4517
3 4517 4510 4509
3 4518 4510 4517
3 4510 4518 4519
3 4511 4510 4519
3 4519 4512 4511
3 4520 4512 4519
3 4520 4521 4512
3 4512 4521 4513
3 4523 4522 4514
3 4523 4514 4521
3 4521 4514 4513
3 4514 4522 4516
3 2656 2680 4524
3 4517 2656 4524
3 4524 4518 4517
3 4525 4518 4524
3 4518 4525 4526
3 4519 4518 4526
3 4526 4520 4519
3 4527 4520 4526
3 4529 4528 4521
3 4529 4521 4527
3 4527 4521 4520
3 4521 4528 4523
3 2680 2698 4524
3 4531 4530 4525
3 2700 4531 4525
3 2700 4525 4524
3 2700 4524 2698
3 4525 4530 4526
3 4531 4532 4530
3 4530 4527 4526
3 4530 4532 4527
3 4532 4533 4527
3 4527 4533 4534
3 4529 4527 4534
3 4535 4536 637
3 4536 638 637
3 4536 4537 638
3 4537 639 638
3 4537 4538 639
3 4538 640 639
3 4538 4539 640
3 4539 641 640
3 4539 4540 641
3 4540 642 641
3 4540 4541 642
3 4541 643 642
3 4541 4542 643
3 4542 644 643
3 4542 4543 644
3 4543 645 644
3 4545 4543 4544
3 4545 646 4543
3 646 645 4543
3 4545 647 646
3 4547 4548 4535
3 4548 4536 4535
3 4548 4549 4536
3 4549 4537 4536
3 4549 4550 4537
3 4550 4538 4537
3 4550 4551 4538
3 4551 4539 4538
3 4551 4552 4539
3 4552 4540 4539
3 4552 4553 4540
3 4553 4541 4540
3 4553 4554 4541
3 4554 4542 4541
3 4554 4555 4542
3 4555 4543 4542
3 4544 4557 4556
3 4544 4543 4557
3 4543 4555 4557
3 4559 4556 4557
3 4558 4556 4559
3 4561 4558 4559
3 4560 4558 4561
3 4561 4562 4560
3 4564 2751 4563
3 4565 4566 4546
3 4566 4547 4546
3 4566 4567 4547
3 4567 4548 4547
3 4567 4568 4548
3 4568 4549 4548
3 4568 4569 4549
3 4569 4550 4549
3 4569 4570 4550
3 4570 4551 4550
3 4570 4571 4551
3 4571 4552 4551
3 4571 4572 4552
3 4572 4553 4552
3 4572 4573 4553
3 4573 4554 4553
3 4573 4574 4554
3 4574 4555 4554
3 4574 4575 4555
3 4575 4557 4555
3 4575 4576 4557
3 4576 4559 4557
3 4576 4577 4559
3 4577 4561 4559
3 4562 4579 4578
3 4562 4561 4579
3 4561 4577 4579
3 4581 4578 4579
3 4580 4578 4581
3 4583 4580 4581
3 4582 4580 4583
3 4582 4564 4563
3 4582 4583 4564
3 4583 4584 4564
3 4585 4586 4565
3 4586 4566 4565
3 4586 4587 4566
3 4587 4567 4566
3 4587 4588 4567
3 4588 4568 4567
3 4588 4589 4568
3 4589 4569 4568
3 4589 4590 4569
3 4590 4570 4569
3 4590 4591 4570
3 4591 4571 4570
3 4591 4592 4571
3 4592 4572 4571
3 4592 4593 4572
3 4593 4573 4572
3 4593 4594 4573
3 4594 4574 4573
3 4594 4595 4574
3 4595 4575 4574
3 4595 4596 4575
3 4596 4576 4575
3 4596 4597 4576
3 4597 4577 4576
3 4597 4598 4577
3 4598 4579 4577
3 4598 4599 4579
3 4599 4581 4579
3 4599 4600 4581
3 4600 4583 4581
3 4600 4601 4583
3 4601 4584 4583
3 4602 4603 4585
3 4603 4586 4585
3 4603 4604 4586
3 4604 4587 4586
3 4604 4605 4587
3 4605 4588 4587
3 4605 4606 4588
3 4606 4589 4588
3 4606 4607 4589
3 4607 4590 4589
3 4607 4608 4590
3 4608 4591 4590
3 4608 4609 4591
3 4609 4592 4591
3 4609 4610 4592
3 4610 4593 4592
3 4610 4611 4593
3 4611 4594 4593
3 4611 4612 4594
3 4612 4595 4594
3 4612 4613 4595
3 4613 4596 4595
3 4613 4614 4596
3 4614 4597 4596
3 4614 4615 4597
3 4615 4598 4597
3 4615 4616 4598
3 4616 4599 4598
3 4616 4617 4599
3 4617 4600 4599
3 4617 4618 4600
3 4618 4601 4600
3 4619 4620 4602
3 4620 4603 4602
3 4620 4621 4603
3 4621 4604 4603
3 4621 4622 4604
3 4622 4605 4604
3 4622 4623 4605
3 4623 4606 4605
3 4623 4624 4606
3 4624 4607 4606
3 4624 4625 4607
3 4625 4608 4607
3 4625 4626 4608
3 4626 4609 4608
3 4626 4627 4609
3 4627 4610 4609
3 4627 4628 4610
3 4628 4611 4610
3 4628 4629 4611
3 4629 4612 4611
3 4629 4630 4612
3 4630 4613 4612
3 4630 4631 4613
3 4631 4614 4613
3 4631 4632 4614
3 4632 4615 4614
3 4632 4633 4615
3 4633 4616 4615
3 4633 4634 4616
3 4634 4617 4616
3 4634 4635 4617
3 4635 4618 4617
3 4637 4620 4619
3 4637 4638 4620
3 4638 4621 4620
3 4638 4639 4621
3 4639 4622 4621
3 4639 4640 4622
3 4640 4623 4622
3 4640 4641 4623
3 4641 4624 4623
3 4641 4642 4624
3 4642 4625 4624
3 4642 4643 4625
3 4643 4626 4625
3 4643 4644 4626
3 4644 4627 4626
3 4644 4645 4627
3 4645 4628 4627
3 4645 4646 4628
3 4646 4629 4628
3 4646 4647 4629
3 4647 4630 4629
3 4647 4648 4630
3 4648 4631 4630
3 4648 4649 4631
3 4649 4632 4631
3 4649 4650 4632
3 4650 4633 4632
3 4650 4651 4633
3 4651 4634 4633
3 4651 4652 4634
3 4652 4635 4634
3 4653 4639 4638
3 4653 4654 4639
3 4654 4640 4639
3 4654 4655 4640
3 4655 4641 4640
3 4655 4656 4641
3 4656 4642 4641
3 4656 4657 4642
3 4657 4643 4642
3 4657 4658 4643
3 4658 4644 4643
3 4658 4659 4644
3 4659 4645 4644
3 4659 4660 4645
3 4660 4646 4645
3 4660 4661 4646
3 4661 4647 4646
3 4661 4662 4647
3 4662 4648 4647
3 4662 4663 4648
3 4663 4649 4648
3 4663 4664 4649
3 4664 4650 4649
3 4664 4665 4650
3 4665 4651 4650
3 4665 4666 4651
3 4666 4652 4651
3 4667 4655 4654
3 4667 4668 4655
3 4668 4656 4655
3 4668 4669 4656
3 4669 4657 4656
3 4669 4670 4657
3 4670 4658 4657
3 4670 4671 4658
3 4671 4659 4658
3 4671 4672 4659
3 4672 4660 4659
3 4672 4673 4660
3 4673 4661 4660
3 4673 4674 4661
3 4674 4662 4661
3 4674 4675 4662
3 4675 4663 4662
3 4675 4676 4663
3 4676 4664 4663
3 4676 4677 4664
3 4677 4665 4664
3 4677 4678 4665
3 4678 4666 4665
3 4679 4669 4668
3 4679 4680 4669
3 4680 4670 4669
3 4680 4681 4670
3 4681 4671 4670
3 4681 4682 4671
3 4682 4672 4671
3 4682 4683 4672
3 4683 4673 4672
3 4683 4684 4673
3 4684 4674 4673
3 4684 4685 4674
3 4685 4675 4674
3 4685 4686 4675
3 4686 4676 4675
3 4686 4687 4676
3 4687 4677 4676
3 4687 4688 4677
3 4688 4678 4677
3 4689 4681 4680
3 4689 4690 4681
3 4690 4682 4681
3 4690 4691 4682
3 4691 4683 4682
3 4691 4692 4683
3 4692 4684 4683
3 4692 4693 4684
3 4693 4685 4684
3 4693 4694 4685
3 4694 4686 4685
3 4694 4695 4686
3 4695 4687 4686
3 4695 4696 4687
3 4696 4688 4687
3 4697 4691 4690
3 4697 4698 4691
3 4698 4692 4691
3 4698 4699 4692
3 4699 4693 4692
3 4699 4700 4693
3 4700 4694 4693
3 4700 4701 4694
3 4701 4695 4694
3 4704 4703 4702
3 4702 4703 4696
3 4702 4696 4701
3 4701 4696 4695
3 4706 4707 4705
3 4705 4707 4708
3 4705 4708 4699
3 4699 4708 4700
3 4708 4709 4700
3 4709 4701 4700
3 4704 4710 4711
3 4702 4710 4704
3 4710 4702 4701
3 4709 4710 4701
3 4707 4712 4708
3 4713 4712 4714
3 4712 4713 4709
3 4708 4712 4709
3 4713 4711 4710
3 4713 4714 4711
3 4714 4715 4711
3 4713 4710 4709
3 4718 4716 4717
3 4716 4719 4720
3 4717 4716 4720
3 4719 4721 4720
3 4724 4722 4723
3 4722 4725 4726
3 4723 4722 4726
3 4725 4727 4726
3 4730 4728 4729
3 4723 4716 4718
3 4724 4723 4718
3 4724 4718 4729
3 4724 4729 4728
3 4726 4716 4723
3 4719 4716 4726
3 4719 4732 4721
3 4726 4732 4719
3 4726 4731 4732
3 4726 4727 4731
3 4731 4733 4732
3 4736 4734 4735
3 4734 4737 4738
3 4735 4734 4738
3 4737 4739 4738
3 4742 4740 4741
3 4735 4722 4724
3 4736 4735 4724
3 4736 4724 4741
3 4736 4741 4740
3 4738 4722 4735
3 4725 4722 4738
3 4725 4738 4739
3 4725 4739 4727
3 4727 4739 4743
3 4746 4744 4745
3 4741 4728 4730
3 4742 4741 4730
3 4742 4730 4745
3 4742 4745 4744
3 4741 4724 4728
3 4743 4731 4727
3 4747 4731 4743
3 4731 4747 4748
3 4733 4731 4748
3 4751 4749 4750
3 4736 4750 4749
3 4736 4749 4734
3 4734 4749 4752
3 4752 4753 4734
3 4734 4753 4737
3 4737 4753 4754
3 4739 4737 4754
3 4757 4755 4756
3 4750 4740 4742
3 4751 4750 4742
3 4751 4742 4756
3 4751 4756 4755
3 4750 4736 4740
3 4754 4758 4739
3 4758 4743 4739
3 4756 4744 4746
3 4756 4746 4757
3 4757 4746 4759
3 4756 4742 4744
3 4758 4747 4743
3 4760 4747 4758
3 4747 4760 4761
3 4748 4747 4761
3 4764 4762 4763
3 4762 4765 4763
3 4751 4767 4766
3 4749 4751 4766
3 4763 4766 4764
3 4763 4752 4766
3 4752 4749 4766
3 4765 4752 4763
3 4765 4768 4752
3 4768 4753 4752
3 4753 4768 4769
3 4754 4753 4769
3 4757 4771 4770
3 4755 4757 4770
3 4770 4751 4755
3 4767 4751 4770
3 4773 4769 4772
3 4773 4758 4769
3 4758 4754 4769
3 4772 4774 4773
3 4777 4775 4776
3 4775 4759 4776
3 4775 4771 4759
3 4771 4757 4759
3 4773 4760 4758
3 4760 4773 4774
3 4760 4774 4761
3 4761 4774 4778
3 871 869 4779
3 869 874 4779
3 881 880 4780
3 4779 4762 4764
3 871 4779 4764
3 871 4764 4780
3 871 4780 880
3 4762 4781 4765
3 4779 4781 4762
3 4779 882 4781
3 4779 874 882
3 882 884 4781
3 888 887 4782
3 4780 4766 4767
3 881 4780 4767
3 881 4767 4782
3 881 4782 887
3 4780 4764 4766
3 4781 4768 4765
3 4768 4781 884
3 4768 884 4769
3 4769 884 892
3 897 895 4783
3 4782 4770 4771
3 888 4782 4771
3 888 4771 4783
3 888 4783 895
3 4782 4767 4770
3 892 4772 4769
3 899 4772 892
3 4772 899 901
3 4774 4772 901
3 901 903 4774
3 903 4778 4774
3 4785 4786 4784
3 4785 4784 4787
3 4784 4786 4788
3 4784 4788 4787
3 4791 4789 4790
3 4789 4792 4790
3 4791 4790 4793
3 4790 4792 4793
3 4796 4794 4795
3 4794 4797 4795
3 4796 4795 4798
3 4795 4797 4798
3 4791 4800 4789
3 4789 4800 4792
3 4800 4791 4793
3 4800 4793 4792
3 4796 4805 4794
3 4805 4797 4794
3 4807 4808 4809
3 4807 4810 4808
3 4813 4811 4812
3 4811 4814 4812
3 4817 4815 4816
3 4815 4818 4816
3 4805 4796 4798
3 4805 4798 4797
3 4809 4808 4819
3 4808 4810 4819
3 4813 4812 4820
3 4812 4814 4820
3 4817 4816 4821
3 4816 4818 4821
3 4811 4813 4826
3 4826 4814 4811
3 4813 4820 4826
3 4826 4820 4814
3 4827 4829 4830
3 4828 4827 4830
3 4829 4831 4830
3 4834 4832 4833
3 4832 4835 4836
3 4833 4832 4836
3 4835 4837 4838
3 4836 4835 4838
3 4837 4839 4838
3 4828 4830 4840
3 4830 4841 4840
3 4831 4842 4843
3 4831 4843 4830
3 4830 4843 4841
3 4842 4834 4833
3 4842 4833 4843
3 4843 4833 4844
3 4845 4831 4829
3 4837 4846 4839
3 4845 4842 4831
3 4845 4834 4842
3 4849 4850 4851
3 4850 4852 4853
3 4854 4851 4850
3 4853 4854 4850
3 4856 4854 4853
3 4855 4856 4853
3 4636 4856 4855
3 4859 4857 4858
3 4857 4860 4861
3 4858 4857 4861
3 4860 4862 4861
3 3190 4859 4858
3 3188 3190 4858
3 4858 4861 3188
3 4861 3192 3188
3 4862 3194 3192
3 4861 4862 3192
3 4865 4863 4864
3 4863 4866 4867
3 4864 4863 4867
3 4866 4868 4867
3 4870 4865 4864
3 4869 4870 4864
3 4864 4867 4869
3 4867 4871 4869
3 4868 4872 4871
3 4867 4868 4871
3 4874 4870 4869
3 4873 4874 4869
3 4869 4871 4873
3 4871 4875 4873
3 4872 4876 4875
3 4871 4872 4875
3 4879 4877 4878
3 4873 4857 4859
3 4874 4873 4859
3 4874 4859 4878
3 4874 4878 4877
3 4875 4857 4873
3 4860 4857 4875
3 4860 4875 4876
3 4860 4876 4862
3 4862 4876 4880
3 3207 4879 4878
3 3205 3207 4878
3 4878 3190 3205
3 4859 3190 4878
3 4880 3209 4862
3 3209 3194 4862
3 4883 4881 4882
3 4881 4884 4882
3 4887 4885 4886
3 4885 4883 4882
3 4885 4882 4886
3 4886 4882 4888
3 4884 4889 4888
3 4882 4884 4888
3 4892 4890 4891
3 4890 4887 4886
3 4890 4886 4891
3 4891 4886 4893
3 4886 4888 4893
3 4888 4894 4893
3 4889 4895 4894
3 4888 4889 4894
3 4897 4892 4891
3 4896 4897 4891
3 4865 4893 4863
3 4865 4896 4893
3 4896 4891 4893
3 4894 4863 4893
3 4866 4863 4894
3 4866 4894 4895
3 4866 4895 4868
3 4868 4895 4898
3 4900 4897 4896
3 4899 4900 4896
3 4896 4870 4899
3 4865 4870 4896
3 4898 4901 4868
3 4901 4872 4868
3 4904 4902 4903
3 4902 4900 4899
3 4902 4899 4903
3 4903 4899 4905
3 4899 4874 4905
3 4870 4874 4899
3 4901 4906 4872
3 4906 4876 4872
3 4908 4904 4903
3 4907 4908 4903
3 4879 4905 4877
3 4879 4907 4905
3 4907 4903 4905
3 4905 4874 4877
3 4906 4909 4876
3 4909 4880 4876
3 3237 4908 4907
3 3235 3237 4907
3 4907 3207 3235
3 4879 3207 4907
3 4909 3241 4880
3 3241 3209 4880
3 4912 4910 4911
3 4910 4913 4914
3 4911 4910 4914
3 4913 4915 4914
3 4917 4912 4911
3 4916 4917 4911
3 4911 4914 4916
3 4914 4918 4916
3 4915 4919 4918
3 4914 4915 4918
3 4922 4920 4921
3 4920 4917 4916
3 4920 4916 4921
3 4921 4916 4923
3 4883 4918 4881
3 4883 4923 4918
3 4923 4916 4918
3 4881 4918 4919
3 4881 4919 4884
3 4884 4919 4924
3 4926 4922 4921
3 4925 4926 4921
3 4887 4923 4885
3 4887 4925 4923
3 4925 4921 4923
3 4923 4883 4885
3 4924 4927 4884
3 4927 4889 4884
3 4925 4890 4892
3 4925 4892 4926
3 4926 4892 4928
3 4925 4887 4890
3 4927 4929 4889
3 4929 4895 4889
3 4932 4930 4931
3 4930 4897 4931
3 4930 4928 4897
3 4928 4892 4897
3 4929 4933 4895
3 4933 4898 4895
3 4935 4932 4931
3 4934 4935 4931
3 4931 4900 4934
3 4897 4900 4931
3 4933 4936 4898
3 4936 4901 4898
3 4934 4902 4904
3 4934 4904 4935
3 4935 4904 4937
3 4934 4900 4902
3 4936 4938 4901
3 4938 4906 4901
3 4941 4939 4940
3 4943 4938 4942
3 4943 4909 4938
3 4909 4906 4938
3 4942 4944 4943
3 3276 4941 4940
3 3274 3276 4940
3 4945 4909 4943
3 4945 3278 4909
3 3278 3241 4909
3 4943 4944 4945
3 4948 4946 4947
3 4946 4949 4950
3 4947 4946 4950
3 4949 4951 4950
3 4953 4948 4947
3 4952 4953 4947
3 4954 4955 4952
3 4954 4952 4950
3 4950 4952 4947
3 4950 4951 4954
3 4958 4956 4957
3 4956 4953 4952
3 4956 4952 4957
3 4957 4952 4959
3 4955 4960 4959
3 4952 4955 4959
3 4963 4961 4962
3 4957 4910 4912
3 4958 4957 4912
3 4958 4912 4962
3 4958 4962 4961
3 4959 4910 4957
3 4913 4910 4959
3 4913 4959 4960
3 4913 4960 4915
3 4915 4960 4964
3 4966 4963 4962
3 4965 4966 4962
3 4962 4917 4965
3 4912 4917 4962
3 4964 4967 4915
3 4967 4919 4915
3 4970 4968 4969
3 4965 4920 4922
3 4966 4965 4922
3 4966 4922 4969
3 4966 4969 4968
3 4965 4917 4920
3 4972 4967 4971
3 4972 4924 4967
3 4924 4919 4967
3 4971 4973 4972
3 4975 4970 4969
3 4974 4975 4969
3 4969 4926 4974
3 4922 4926 4969
3 4976 4924 4972
3 4927 4924 4976
3 4973 4977 4976
3 4972 4973 4976
3 4979 4975 4974
3 4978 4979 4974
3 4974 4928 4978
3 4926 4928 4974
3 4980 4927 4976
3 4980 4981 4927
3 4981 4929 4927
3 4976 4977 4980
3 4978 4930 4932
3 4978 4932 4979
3 4979 4932 4982
3 4978 4928 4930
3 4981 4983 4929
3 4983 4933 4929
3 4983 4984 4933
3 4984 4936 4933
3 4984 4985 4936
3 4985 4938 4936
3 4942 4987 4986
3 4942 4938 4987
3 4938 4985 4987
3 4942 4986 4944
3 4986 3278 4945
3 4986 4987 3278
3 4987 3312 3278
3 4986 4945 4944
3 4990 4988 4989
3 4988 4991 4989
3 4994 4992 4993
3 4992 4990 4989
3 4992 4989 4993
3 4993 4989 4995
3 4991 4996 4997
3 4991 4997 4989
3 4989 4997 4995
3 4996 4998 4997
3 5000 4994 4993
3 4999 5000 4993
3 4948 4995 4946
3 4948 4999 4995
3 4999 4993 4995
3 4997 4946 4995
3 4949 4946 4997
3 4949 4997 4998
3 4949 4998 4951
3 4951 4998 5001
3 5003 5000 4999
3 5002 5003 4999
3 4999 4953 5002
3 4948 4953 4999
3 4955 5004 5005
3 4954 5004 4955
3 5004 4954 4951
3 5001 5004 4951
3 5008 5006 5007
3 5002 4956 4958
3 5003 5002 4958
3 5003 4958 5007
3 5003 5007 5006
3 5002 4953 4956
3 5005 5009 4955
3 5009 4960 4955
3 5012 5010 5011
3 5007 4961 4963
3 5008 5007 4963
3 5008 4963 5011
3 5008 5011 5010
3 5007 4958 4961
3 5014 5009 5013
3 5014 4964 5009
3 4964 4960 5009
3 5013 5015 5014
3 5017 5012 5011
3 5016 5017 5011
3 5011 4966 5016
3 4963 4966 5011
3 5018 4964 5014
3 4967 4964 5018
3 5015 5019 5018
3 5014 5015 5018
3 5022 5020 5021
3 5016 4968 4970
3 5017 5016 4970
3 5017 4970 5021
3 5017 5021 5020
3 5016 4966 4968
3 5018 4971 4967
3 4971 5018 5019
3 4971 5019 4973
3 4973 5019 5023
3 5025 5022 5021
3 5024 5025 5021
3 5021 4975 5024
3 4970 4975 5021
3 5028 5027 5026
3 5026 5027 4977
3 5026 4977 5023
3 5023 4977 4973
3 5030 5025 5024
3 5029 5030 5024
3 5032 5028 5031
3 5032 4981 5028
3 5027 5028 4980
3 4980 5028 4981
3 5027 4980 4977
3 5031 5033 5032
3 5034 4981 5032
3 4983 4981 5034
3 5033 5035 5034
3 5032 5033 5034
3 5036 4983 5034
3 5036 5037 4983
3 5037 4984 4983
3 5034 5035 5036
3 5037 5038 4984
3 5038 4985 4984
3 5038 5039 4985
3 5039 4987 4985
3 5039 3333 4987
3 3333 3312 4987
3 5042 5040 5041
3 5040 5043 5041
3 5046 5044 5045
3 5041 4988 4990
3 5042 5041 4990
3 5042 4990 5045
3 5042 5045 5044
3 4988 5048 4991
3 5041 5048 4988
3 5041 5047 5048
3 5041 5043 5047
3 5047 5049 5048
3 5052 5050 5051
3 5045 4992 4994
3 5046 5045 4994
3 5046 4994 5051
3 5046 5051 5050
3 5045 4990 4992
3 5048 4996 4991
3 4996 5048 5049
3 4996 5049 4998
3 4998 5049 5053
3 5055 5052 5051
3 5054 5055 5051
3 5051 5000 5054
3 4994 5000 5051
3 5053 5056 4998
3 5056 5001 4998
3 5058 5055 5054
3 5057 5058 5054
3 5054 5003 5057
3 5000 5003 5054
3 5005 5059 5060
3 5004 5059 5005
3 5059 5004 5001
3 5056 5059 5001
3 5063 5061 5062
3 5057 5006 5008
3 5058 5057 5008
3 5058 5008 5062
3 5058 5062 5061
3 5057 5003 5006
3 5065 5060 5064
3 5065 5009 5060
3 5009 5005 5060
3 5064 5066 5065
3 5069 5067 5068
3 5062 5010 5012
3 5063 5062 5012
3 5063 5012 5068
3 5063 5068 5067
3 5062 5008 5010
3 5065 5013 5009
3 5013 5065 5066
3 5013 5066 5015
3 5015 5066 5070
3 5072 5069 5068
3 5071 5072 5068
3 5068 5017 5071
3 5012 5017 5068
3 5070 5073 5015
3 5073 5019 5015
3 5073 5074 5019
3 5074 5023 5019
3 5077 5075 5076
3 5026 5078 5028
3 5078 5026 5023
3 5078 5023 5079
3 5079 5023 5074
3 5081 5077 5076
3 5080 5081 5076
3 5078 5031 5028
3 5031 5078 5079
3 5031 5079 5033
3 5033 5079 5082
3 5085 5084 5083
3 5083 5084 5035
3 5083 5035 5082
3 5082 5035 5033
3 5084 5037 5036
3 5084 5085 5037
3 5085 5086 5037
3 5084 5036 5035
3 5086 5087 5037
3 5087 5038 5037
3 5087 5088 5038
3 5088 5039 5038
3 5088 3351 5039
3 3351 3333 5039
3 5091 5089 5090
3 5042 5090 5089
3 5042 5089 5040
3 5040 5089 5092
3 5040 5092 5093
3 5043 5040 5093
3 5096 5094 5095
3 5090 5044 5046
3 5091 5090 5046
3 5091 5046 5095
3 5091 5095 5094
3 5090 5042 5044
3 5093 5047 5043
3 5097 5047 5093
3 5047 5097 5098
3 5049 5047 5098
3 5101 5099 5100
3 5095 5050 5052
3 5096 5095 5052
3 5096 5052 5100
3 5096 5100 5099
3 5095 5046 5050
3 5098 5102 5049
3 5102 5053 5049
3 5104 5101 5100
3 5103 5104 5100
3 5100 5055 5103
3 5052 5055 5100
3 5102 5105 5053
3 5105 5056 5053
3 5107 5104 5103
3 5106 5107 5103
3 5103 5058 5106
3 5055 5058 5103
3 5059 5108 5060
3 5108 5059 5056
3 5108 5056 5109
3 5109 5056 5105
3 5106 5061 5063
3 5106 5063 5107
3 5107 5063 5110
3 5106 5058 5061
3 5108 5064 5060
3 5064 5108 5109
3 5064 5109 5066
3 5066 5109 5111
3 5069 5113 5112
3 5067 5069 5112
3 5111 5114 5066
3 5114 5070 5066
3 5117 5115 5116
3 5114 5118 5070
3 5118 5073 5070
3 5120 5117 5116
3 5119 5120 5116
3 5118 5121 5073
3 5121 5074 5073
3 5124 5122 5123
3 5121 5125 5074
3 5125 5079 5074
3 5127 5124 5123
3 5126 5127 5123
3 5130 5129 5128
3 5128 5129 5082
3 5128 5082 5125
3 5125 5082 5079
3 5129 5085 5083
3 5129 5130 5085
3 5130 5131 5085
3 5129 5083 5082
3 5131 5132 5085
3 5132 5086 5085
3 5132 5133 5086
3 5133 5087 5086
3 5133 5134 5087
3 5134 5088 5087
3 5134 3372 5088
3 3372 3351 5088
3 5137 5135 5136
3 4717 5089 5091
3 4718 4717 5091
3 4718 5091 5136
3 4718 5136 5135
3 4720 5089 4717
3 5092 5089 4720
3 5092 5139 5093
3 4720 5139 5092
3 4720 5138 5139
3 4720 4721 5138
3 5138 5140 5139
3 5136 5094 5096
3 5136 5096 5137
3 5137 5096 5141
3 5136 5091 5094
3 5139 5097 5093
3 5097 5139 5140
3 5097 5140 5098
3 5098 5140 5142
3 5101 5144 5143
3 5099 5101 5143
3 5143 5096 5099
3 5141 5096 5143
3 5142 5145 5098
3 5145 5102 5098
3 5144 5101 5146
3 5146 5101 5104
3 5145 5147 5102
3 5147 5105 5102
3 5147 5148 5105
3 5148 5109 5105
3 5151 5149 5150
3 5148 5152 5109
3 5152 5111 5109
3 5155 5153 5154
3 5152 5156 5111
3 5156 5114 5111
3 5159 5157 5158
3 5157 5160 5158
3 5163 5161 5162
3 5156 5164 5114
3 5164 5118 5114
3 5159 5158 5165
3 5160 5165 5158
3 5166 5167 5168
3 5166 5163 5162
3 5166 5162 5167
3 5167 5162 5169
3 5164 5170 5118
3 5170 5121 5118
3 5172 5168 5167
3 5171 5172 5167
3 5124 5169 5122
3 5124 5171 5169
3 5171 5167 5169
3 5170 5173 5121
3 5173 5125 5121
3 5175 5172 5171
3 5174 5175 5171
3 5130 5176 5177
3 5128 5176 5130
3 5176 5128 5125
3 5173 5176 5125
3 5177 5178 5130
3 5178 5131 5130
3 5178 5179 5131
3 5179 5132 5131
3 5179 5180 5132
3 5180 5133 5132
3 5180 5181 5133
3 5181 5134 5133
3 5181 3393 5134
3 3393 3372 5134
3 4729 5135 5137
3 4729 5137 4730
3 4730 5137 5182
3 4729 4718 5135
3 4732 5138 4721
3 5138 4732 4733
3 5138 4733 5140
3 5140 4733 5183
3 5186 5184 5185
3 5184 5141 5185
3 5184 5182 5141
3 5182 5137 5141
3 5183 5187 5140
3 5187 5142 5140
3 5190 5188 5189
3 5187 5191 5142
3 5191 5145 5142
3 5191 5192 5145
3 5192 5147 5145
3 5192 5193 5147
3 5193 5148 5147
3 5193 5194 5148
3 5194 5152 5148
3 5197 5196 5195
3 5195 5196 5156
3 5195 5156 5194
3 5194 5156 5152
3 5157 5159 5198
3 5198 5160 5157
3 5201 5199 5200
3 5203 5196 5197
3 5202 5196 5203
3 5196 5202 5164
3 5156 5196 5164
3 5204 5205 5206
3 5198 5159 5165
3 5201 5200 5166
3 5201 5166 5168
3 5201 5168 5204
3 5205 5204 5168
3 5198 5165 5160
3 5208 5202 5203
3 5207 5202 5208
3 5202 5207 5170
3 5164 5202 5170
3 5211 5209 5210
3 5209 5213 5210
3 5206 5205 5212
3 5215 5207 5208
3 5214 5207 5215
3 5207 5214 5173
3 5170 5207 5173
3 5211 5210 5216
3 5210 5213 5216
3 5214 5177 5176
3 5214 5215 5177
3 5215 5217 5177
3 5214 5176 5173
3 5217 5218 5177
3 5218 5178 5177
3 5218 5219 5178
3 5219 5179 5178
3 5219 5220 5179
3 5220 5180 5179
3 5220 5221 5180
3 5221 5181 5180
3 5221 3421 5181
3 3421 3393 5181
3 5223 4746 4745
3 5222 5223 4745
3 4745 5182 5222
3 4730 5182 4745
3 4748 5224 4733
3 5224 5183 4733
3 5227 5225 5226
3 5224 5228 5183
3 5228 5187 5183
3 5228 5229 5187
3 5229 5191 5187
3 5229 5230 5191
3 5230 5192 5191
3 5230 5231 5192
3 5231 5193 5192
3 5231 5232 5193
3 5232 5194 5193
3 5197 5233 5234
3 5195 5233 5197
3 5233 5195 5194
3 5232 5233 5194
3 5201 5236 5235
3 5199 5201 5235
3 5234 5237 5197
3 5237 5203 5197
3 5206 5239 5238
3 5204 5206 5238
3 5237 5240 5203
3 5240 5208 5203
3 5211 5242 5241
3 5209 5211 5241
3 5206 5243 5239
3 5206 5212 5243
3 5239 5243 5241
3 5213 5209 5243
3 5241 5243 5209
3 5240 5244 5208
3 5244 5215 5208
3 5216 5245 5246
3 5216 5246 5211
3 5211 5246 5242
3 5244 5247 5215
3 5247 5217 5215
3 5246 5245 5248
3 5247 5249 5217
3 5249 5218 5217
3 5249 5250 5218
3 5250 5219 5218
3 5250 5251 5219
3 5251 5220 5219
3 5251 5252 5220
3 5252 5221 5220
3 5252 3451 5221
3 3451 3421 5221
3 5255 5253 5254
3 4761 5256 4748
3 5256 5224 4748
3 5256 5257 5224
3 5257 5228 5224
3 5260 5258 5259
3 5257 5261 5228
3 5261 5229 5228
3 5261 5262 5229
3 5262 5230 5229
3 5265 5264 5263
3 5263 5264 5231
3 5263 5231 5262
3 5262 5231 5230
3 5267 5264 5265
3 5266 5264 5267
3 5264 5266 5232
3 5231 5264 5232
3 5266 5234 5233
3 5266 5267 5234
3 5267 5268 5234
3 5266 5233 5232
3 5268 5269 5234
3 5269 5237 5234
3 5272 5270 5271
3 5270 5273 5271
3 5276 5274 5275
3 5269 5277 5237
3 5277 5240 5237
3 5272 5271 5278
3 5273 5278 5271
3 5279 5280 5281
3 5275 5241 5242
3 5276 5275 5242
3 5276 5242 5280
3 5276 5280 5279
3 5277 5282 5240
3 5282 5244 5240
3 5284 5281 5280
3 5283 5284 5280
3 5282 5285 5244
3 5285 5247 5244
3 5287 5284 5283
3 5286 5287 5283
3 5285 5288 5247
3 5288 5249 5247
3 5287 5286 5289
3 5288 5290 5249
3 5290 5250 5249
3 5293 5291 5292
3 5290 5294 5250
3 5294 5251 5250
3 5294 5295 5251
3 5295 5252 5251
3 5295 3482 5252
3 3482 3451 5252
3 4778 5296 4761
3 5296 5256 4761
3 5296 5297 5256
3 5297 5257 5256
3 5297 5298 5257
3 5298 5261 5257
3 5298 5299 5261
3 5299 5262 5261
3 5265 5300 5301
3 5263 5300 5265
3 5300 5263 5262
3 5299 5300 5262
3 5301 5302 5265
3 5302 5267 5265
3 5302 5303 5267
3 5303 5268 5267
3 5303 5304 5268
3 5304 5269 5268
3 5272 5306 5305
3 5270 5272 5305
3 5308 5273 5270
3 5308 5270 5307
3 5307 5270 5305
3 5304 5309 5269
3 5309 5277 5269
3 5278 5310 5311
3 5278 5311 5272
3 5272 5311 5306
3 5281 5308 5279
3 5281 5310 5308
3 5273 5308 5278
3 5278 5308 5310
3 5309 5312 5277
3 5312 5282 5277
3 5314 5311 5310
3 5313 5314 5310
3 5312 5315 5282
3 5315 5285 5282
3 5316 5314 5313
3 5316 5313 5317
3 5317 5313 5318
3 5315 5319 5285
3 5319 5288 5285
3 5322 5320 5317
3 5322 5317 5321
3 5321 5317 5318
3 5319 5323 5288
3 5323 5290 5288
3 5325 5322 5321
3 5324 5325 5321
3 5323 5326 5290
3 5326 5294 5290
3 5325 5324 5327
3 5326 5328 5294
3 5328 5295 5294
3 5328 3506 5295
3 3506 3482 5295
3 903 5329 4778
3 5329 5296 4778
3 5329 5330 5296
3 5330 5297 5296
3 5330 5331 5297
3 5331 5298 5297
3 5331 5332 5298
3 5332 5299 5298
3 5301 5333 5334
3 5300 5333 5301
3 5333 5300 5299
3 5332 5333 5299
3 5334 5335 5301
3 5335 5302 5301
3 5335 5336 5302
3 5336 5303 5302
3 5336 5337 5303
3 5337 5304 5303
3 5305 5306 5338
3 5307 5305 5338
3 5339 5307 5338
3 5337 5340 5304
3 5340 5309 5304
3 5342 5341 5343
3 5342 5343 5306
3 5342 5306 5311
3 5338 5306 5343
3 5340 5344 5309
3 5344 5312 5309
3 5344 5345 5312
3 5345 5315 5312
3 5345 5346 5315
3 5346 5319 5315
3 5346 5347 5319
3 5347 5323 5319
3 5347 5348 5323
3 5348 5326 5323
3 5348 5349 5326
3 5349 5328 5326
3 5349 3528 5328
3 3528 3506 5328
3 5352 5350 5351
3 5350 5353 5351
3 5355 5352 5351
3 5354 5355 5351
3 5353 5356 5357
3 5353 5357 5351
3 5351 5357 5354
3 5356 5358 5357
3 5355 5354 5359
3 5354 5357 5360
3 5359 5354 5360
3 5357 5358 5360
3 5352 5362 5361
3 5350 5352 5361
3 5364 5353 5350
3 5364 5350 5363
3 5363 5350 5361
3 5363 5365 5364
3 5362 5352 5366
3 5366 5352 5355
3 5364 5356 5353
3 5356 5364 5365
3 5356 5365 5358
3 5358 5365 5367
3 5366 5355 5359
3 5368 5366 5359
3 5370 5360 5369
3 5370 5368 5360
3 5368 5359 5360
3 5369 5360 5358
3 5369 5358 5371
3 5371 5358 5367
3 5370 5369 5372
3 5369 5371 5372
3 5362 5374 5373
3 5361 5362 5373
3 5373 5375 5361
3 5361 5375 5363
3 5363 5375 5376
3 5365 5363 5376
3 5378 5377 5374
3 5378 5374 5366
3 5366 5374 5362
3 5377 5378 5379
3 5381 5376 5380
3 5381 5367 5376
3 5367 5365 5376
3 5380 5382 5381
3 5383 5384 5385
3 5378 5366 5368
3 5368 5379 5378
3 5368 5370 5379
3 5383 5379 5384
3 5384 5379 5370
3 5386 5367 5381
3 5371 5367 5386
3 5382 5387 5386
3 5381 5382 5386
3 5385 5384 5388
3 5390 5372 5389
3 5388 5372 5390
3 5388 5370 5372
3 5388 5384 5370
3 5389 5391 5392
3 5372 5391 5389
3 5372 5386 5391
3 5372 5371 5386
3 5386 5387 5391
3 5390 5389 5393
3 5389 5392 5393
3 5374 5395 5394
3 5373 5374 5394
3 5397 5396 5375
3 5397 5375 5394
3 5394 5375 5373
3 5375 5396 5376
3 5395 5374 5377
3 5398 5395 5377
3 5400 5396 5379
3 5400 5399 5396
3 5379 5396 5377
3 5397 5398 5396
3 5377 5396 5398
3 5396 5380 5376
3 5396 5399 5380
3 5399 5401 5380
3 5380 5401 5402
3 5382 5380 5402
3 5383 5385 5403
3 5404 5400 5379
3 5404 5379 5403
3 5404 5403 5405
3 5383 5403 5379
3 5404 5405 5406
3 5402 5407 5382
3 5407 5387 5382
3 5408 5409 5410
3 5403 5385 5388
3 5403 5390 5405
3 5403 5388 5390
3 5405 5390 5411
3 5409 5408 5390
3 5411 5390 5408
3 5405 5411 5406
3 5392 5391 5412
3 5412 5391 5387
3 5412 5387 5413
3 5413 5387 5407
3 5410 5409 5414
3 5409 5390 5393
3 5409 5393 5414
3 5414 5393 5415
3 5392 5412 5416
3 5392 5416 5393
3 5393 5416 5415
3 5412 5413 5416
3 5395 5418 5417
3 5394 5395 5417
3 5394 5417 5419
3 5397 5394 5419
3 5418 5395 5398
3 5420 5418 5398
3 5422 5421 5399
3 5422 5399 5400
3 5419 5420 5397
3 5397 5420 5398
3 5424 5423 5401
3 5424 5401 5421
3 5421 5401 5399
3 5401 5423 5402
3 5422 5400 5404
3 5425 5422 5404
3 5427 5423 5406
3 5427 5426 5423
3 5406 5423 5404
3 5424 5425 5423
3 5404 5423 5425
3 5423 5426 5428
3 5423 5428 5402
3 5402 5428 5407
3 5408 5410 5429
3 5411 5408 5429
3 5430 5411 5429
3 5430 5406 5411
3 5430 5431 5406
3 5431 5427 5406
3 5428 5432 5407
3 5432 5413 5407
3 5429 5410 5414
3 5430 5429 5414
3 5430 5414 5415
3 5434 5435 5433
3 5437 5434 5433
3 5431 5430 5436
3 5436 5430 5415
3 5436 5415 5416
3 5436 5416 5413
3 5432 5436 5413
3 5435 5434 5438
3 5434 5437 5438
3 5417 5418 5439
3 5417 5439 5419
3 5439 5418 5420
3 5420 5419 5439
3 5422 5440 5421
3 5421 5440 5424
3 5440 5422 5425
3 5425 5424 5440
3 5427 5441 5426
3 5426 5441 5428
3 5442 5441 5427
3 5442 5427 5443
3 5443 5427 5431
3 5441 5442 5444
3 5441 5444 5428
3 5428 5444 5432
3 5435 5446 5445
3 5433 5435 5445
3 5431 5447 5443
3 5431 5436 5447
3 5443 5447 5445
3 5437 5433 5447
3 5445 5447 5433
3 5447 5436 5432
3 5447 5432 5448
3 5448 5432 5444
3 5446 5435 5438
3 5449 5446 5438
3 5437 5447 5450
3 5437 5450 5438
3 5438 5450 5449
3 5447 5448 5450
3 5453 5451 5452
3 5455 5452 5451
3 5454 5442 5443
3 5442 5454 5444
3 5452 5445 5446
3 5452 5446 5453
3 5453 5446 5456
3 5443 5457 5454
3 5443 5445 5457
3 5455 5457 5452
3 5452 5457 5445
3 5454 5457 5458
3 5454 5458 5444
3 5444 5458 5448
3 5456 5446 5449
3 5459 5456 5449
3 5459 5449 5460
3 5449 5450 5460
3 5460 5450 5448
3 5458 5460 5448
3 5451 5453 5461
3 5451 5461 5455
3 5462 5461 5453
3 5456 5462 5453
3 5457 5455 5461
3 5457 5461 5463
3 5463 5461 5462
3 5457 5463 5458
3 5462 5456 5459
3 5463 5462 5459
3 5460 5463 5459
3 5463 5460 5458
3 5465 5464 5466
3 5468 5467 5469
3 5471 5470 5472
3 5475 5473 5474
3 5473 5476 5474
3 5479 5477 5478
3 5477 5480 5481
3 5478 5477 5481
3 5480 5484 5482
3 5480 5482 5481
3 5481 5482 5483
3 5487 5485 5486
3 5487 5486 5482
3 5482 5486 5483
3 5485 5488 5489
3 5486 5485 5489
3 5494 5492 5493
3 5494 5493 5490
3 5490 5493 5491
3 5492 5498 5493
3 5497 5495 5496
3 5495 5499 5500
3 5496 5495 5500
3 5499 5475 5474
3 5499 5474 5500
3 5500 5474 5501
3 5476 5502 5503
3 5476 5503 5474
3 5474 5503 5501
3 5504 5506 5505
3 5509 5507 5508
3 5475 5508 5507
3 5475 5507 5473
3 5473 5507 5510
3 5513 5511 5512
3 5513 5512 5473
3 5513 5473 5510
3 5476 5473 5512
3 5479 5514 5477
3 5479 5512 5514
3 5512 5511 5514
3 5515 5477 5514
3 5480 5477 5515
3 5515 5484 5480
3 5516 5485 5487
3 5517 5485 5516
3 5488 5485 5517
3 5518 5488 5517
3 5519 5488 5518
3 5506 5520 5505
3 5506 5521 5520
3 5521 5490 5520
3 5523 5494 5490
3 5523 5490 5522
3 5522 5490 5521
3 5497 5523 5522
3 5497 5522 5495
3 5495 5522 5524
3 5508 5524 5509
3 5508 5499 5524
3 5499 5495 5524
3 5508 5475 5499
3 5512 5502 5476
3 5512 5479 5502
3 5523 5497 5525
3 5506 5504 5528
3 5527 5529 5528
3 5529 5530 5528
3 5529 5531 5530
3 5531 5532 5530
3 5509 5533 5507
3 5509 5532 5533
3 5532 5531 5533
3 5534 5507 5533
3 5510 5507 5534
3 5534 5513 5510
3 5528 5521 5506
3 5530 5521 5528
3 5522 5521 5530
3 5532 5522 5530
3 5524 5522 5532
3 5532 5509 5524
3 4544 5535 4545
3 647 4545 5535
3 647 5535 1259
3 1259 5535 5536
3 5536 5537 1259
3 5537 1260 1259
3 5537 5538 1260
3 5538 1261 1260
3 5538 5539 1261
3 5539 1263 1261
3 5539 5540 1263
3 5540 1265 1263
3 5540 2701 1265
3 2701 1267 1265
3 4544 4556 5535
3 4556 4558 5536
3 5535 4556 5536
3 4558 4560 5537
3 5536 4558 5537
3 4560 4562 5541
3 4560 5541 5537
3 5537 5541 5538
3 5541 5542 5538
3 5542 5539 5538
3 5542 5543 5539
3 5543 5540 5539
3 4563 2751 2701
3 4563 2701 5543
3 5543 2701 5540
3 4562 4578 5541
3 4578 4580 5542
3 5541 4578 5542
3 4580 4582 5543
3 5542 4580 5543
3 4582 4563 5543
3 5550 5546 5547
3 5549 5546 5550
3 5554 5548 5546
3 5554 5546 5549
3 5553 5551 5552
3 5549 5556 5555
3 5550 5556 5549
3 1395 1409 5558
3 5557 1395 5558
3 5558 5559 5557
3 1409 1423 5558
3 1423 1425 5561
3 1423 5561 5558
3 5558 5561 5559
3 5561 5562 5559
3 5562 5560 5559
3 5562 5563 5560
3 1425 1441 5565
3 5561 1425 5565
3 5565 5566 5561
3 5566 5562 5561
3 5566 5567 5562
3 5567 5563 5562
3 5567 5568 5563
3 5568 5564 5563
3 5568 5569 5564
3 1456 5571 1457
3 1441 1457 5571
3 1441 5571 5565
3 5565 5571 5572
3 5572 5573 5565
3 5573 5566 5565
3 5573 5574 5566
3 5574 5567 5566
3 5574 5575 5567
3 5575 5568 5567
3 5575 5576 5568
3 5576 5569 5568
3 5576 5577 5569
3 5577 5570 5569
3 1456 1478 5571
3 1478 1483 5572
3 5571 1478 5572
3 1483 1485 5579
3 1483 5579 5572
3 5572 5579 5573
3 5579 5580 5573
3 5580 5574 5573
3 5580 5581 5574
3 5581 5575 5574
3 5581 5582 5575
3 5582 5576 5575
3 5582 5583 5576
3 5583 5577 5576
3 1486 1458 5577
3 1486 5577 5584
3 5584 5577 5583
3 1461 1486 5584
3 1461 5584 5578
3 5578 5584 5585
3 5585 1487 5578
3 1524 5586 1525
3 1485 1525 5586
3 1485 5586 5579
3 5579 5586 5587
3 5587 5588 5579
3 5588 5580 5579
3 5588 5589 5580
3 5589 5581 5580
3 5589 5590 5581
3 5590 5582 5581
3 5590 5591 5582
3 5591 5583 5582
3 5591 5592 5583
3 5592 5584 5583
3 1526 1527 5585
3 1526 5585 5592
3 5592 5585 5584
3 1527 1487 5585
3 1524 1565 5586
3 1565 1567 5593
3 1565 5593 5586
3 5586 5593 5587
3 5593 5594 5587
3 5594 5588 5587
3 5594 5595 5588
3 5595 5589 5588
3 5595 5596 5589
3 5596 5590 5589
3 5596 5597 5590
3 5597 5591 5590
3 1568 1569 5592
3 1568 5592 5597
3 5597 5592 5591
3 1569 1526 5592
3 1567 1617 5598
3 5593 1567 5598
3 5598 5599 5593
3 5599 5594 5593
3 5599 5600 5594
3 5600 5595 5594
3 1618 1619 5596
3 1618 5596 5600
3 5600 5596 5595
3 1619 1621 5597
3 5596 1619 5597
3 1621 1568 5597
3 1623 5601 1624
3 1624 5601 1625
3 1667 5602 1668
3 1670 1668 5602
3 1671 5598 1617
3 1671 1673 5603
3 1671 5603 5598
3 5598 5603 5599
3 1674 1675 5600
3 1674 5600 5603
3 5603 5600 5599
3 1675 1618 5600
3 1623 1679 5601
3 1679 1625 5601
3 1667 1721 5602
3 1721 1670 5602
3 304 305 1723
3 306 1723 305
3 1724 5603 1673
3 1724 1674 5603
3 308 309 1727
3 1727 309 310
3 2854 2856 5604
3 4585 4854 4602
3 4851 4854 4585
3 4602 4856 4619
3 4854 4856 4602
3 4856 4636 4619
3 5606 5607 5605
3 5607 5608 5605
3 5607 5609 5608
3 5609 5610 5608
3 5612 5609 5611
3 5612 5613 5609
3 5613 5610 5609
3 5611 5614 5612
3 5615 5613 5612
3 5616 5613 5615
3 5614 5617 5618
3 5614 5618 5612
3 5612 5618 5615
3 5617 5619 5618
3 5620 5616 5615
3 5621 5616 5620
3 5615 5618 5620
3 5618 5622 5620
3 5619 5623 5624
3 5619 5624 5618
3 5618 5624 5622
3 5623 5625 5626
3 5624 5623 5626
3 5620 5627 5621
3 5627 5628 5629
3 5627 5620 5628
3 5620 5622 5628
3 5622 5624 5628
3 5624 5630 5628
3 5624 5626 5630
3 5626 5631 5630
3 5628 5632 5629
3 5630 5632 5628
3 5633 5632 5630
3 5631 5633 5630
3 4041 5633 5631
3 5638 5637 5636
3 5638 5634 5637
3 5634 5635 5637
3 4090 5636 5637
3 5639 5636 4090
3 5638 5636 5640
3 5636 5639 5641
3 5640 5636 5641
3 5643 5644 5642
3 5643 5607 5644
3 5607 5606 5644
3 5642 5645 5643
3 5646 5607 5643
3 5609 5607 5646
3 5645 5647 5648
3 5645 5648 5643
3 5643 5648 5646
3 5647 5649 5650
3 5648 5647 5650
3 5649 5651 5650
3 5646 5611 5609
3 5611 5652 5614
3 5611 5646 5652
3 5646 5648 5652
3 5648 5650 5652
3 5650 5653 5652
3 5651 5654 5655
3 5651 5655 5650
3 5650 5655 5653
3 5652 5617 5614
3 5617 5656 5619
3 5617 5652 5656
3 5652 5653 5656
3 5653 5655 5656
3 5655 5657 5656
3 5656 5623 5619
3 5657 5623 5656
3 5625 5623 5657
3 5658 5660 5659
3 5660 5661 5659
3 5664 5641 5663
3 5664 5662 5641
3 5662 5640 5641
3 5665 5666 5667
3 5669 5659 5668
3 5659 5661 5670
3 5668 5659 5670
3 5661 5671 5670
3 5664 5663 5672
3 5673 5642 5644
3 5642 5675 5645
3 5642 5673 5675
3 5673 5674 5675
3 5678 5676 5677
3 5678 5677 5674
3 5674 5677 5675
3 5676 5681 5679
3 5676 5679 5677
3 5677 5679 5680
3 5675 5647 5645
3 5677 5647 5675
3 5649 5647 5677
3 5649 5682 5651
3 5649 5677 5682
3 5677 5680 5682
3 5682 5654 5651
3 5671 5684 5685
3 5671 5685 5670
3 5670 5685 5683
3 5684 5686 5687
3 5685 5684 5687
3 1298 5672 1296
3 5687 5672 1298
3 5687 5664 5672
3 5687 5686 5664
3 5688 5676 5678
3 5688 5681 5676
3 5691 5689 5690
3 3782 1689 1688
3 3782 3783 1689
3 3783 5692 1689
3 3785 3782 1688
3 3785 1688 5693
3 5693 1688 1690
3 5693 1690 1691
3 3786 5693 1691
3 5696 5694 5695
3 5694 5697 5698
3 5695 5694 5698
3 5697 5699 5698
3 5691 5690 5700
3 1692 5702 5701
3 1692 1689 5702
3 1689 5692 5702
3 1692 5701 1694
3 1695 1696 5703
3 5703 5704 5696
3 5703 5696 1697
3 5703 1697 1695
3 1697 5696 5695
3 5698 1697 5695
3 1698 1697 5698
3 5699 1698 5698
3 5699 5705 1698
3 5705 1699 1698
3 1699 5705 5706
3 1700 1699 5706
3 5701 5702 5707
3 5701 5707 1704
3 1704 5707 1702
3 5701 1704 1694
3 5710 5708 5709
3 5709 5708 5711
3 5709 5711 1696
3 5709 1696 1706
3 5703 1696 5711
3 5703 5711 5704
3 5706 5712 1700
3 5712 1707 1700
3 5713 1712 1703
3 5714 5713 1703
3 5709 1714 1715
3 5709 1715 5710
3 5710 1715 5715
3 5712 1716 1707
3 5716 1716 5712
3 1716 5716 5717
3 1717 1716 5717
3 5718 1719 1713
3 5719 5718 1713
3 5717 5720 1717
3 5720 1720 1717
3 5721 5723 5722
3 5720 5724 1720
3 5724 1722 1720
3 304 5725 303
3 304 1722 5725
3 1722 5724 5725
3 303 1725 306
3 303 5725 1725
3 5725 5726 1725
3 5726 5727 1725
3 5727 1726 1725
3 308 5728 307
3 308 1726 5728
3 1726 5727 5728
3 307 1728 310
3 307 5728 1728
3 5728 5729 1728
3 5729 5730 1728
3 5730 1729 1728
3 5730 5731 1729
3 5731 1730 1729
3 5731 5732 1730
3 5732 1731 1730
3 5689 5691 5733
3 5736 3790 5734
3 5736 5735 3790
3 5735 3791 3790
3 3791 5735 5692
3 3783 3791 5692
3 3792 3785 5693
3 3792 5693 3786
3 5694 5696 5737
3 5697 5694 5737
3 5738 5697 5737
3 5697 5738 5699
3 5741 5739 5740
3 5735 5742 5702
3 5692 5735 5702
3 5745 5743 5744
3 5744 5743 5746
3 5744 5746 5696
3 5744 5696 5704
3 5737 5696 5746
3 5737 5747 5738
3 5746 5747 5737
3 5738 5705 5699
3 5738 5747 5705
3 5747 5748 5705
3 5705 5748 5749
3 5706 5705 5749
3 5741 5740 5750
3 5742 5707 5702
3 5710 5752 5751
3 5708 5710 5751
3 5744 5751 5745
3 5744 5711 5751
3 5711 5708 5751
3 5744 5704 5711
3 5749 5753 5706
3 5753 5712 5706
3 5754 5713 5714
3 5755 5754 5714
3 5752 5710 5756
3 5756 5710 5715
3 5753 5716 5712
3 5757 5716 5753
3 5716 5757 5758
3 5717 5716 5758
3 5758 5759 5717
3 5759 5720 5717
3 5759 5760 5720
3 5760 5724 5720
3 5760 5761 5724
3 5761 5725 5724
3 5761 5762 5725
3 5762 5726 5725
3 5762 5763 5726
3 5763 5727 5726
3 5763 5764 5727
3 5764 5728 5727
3 5764 5765 5728
3 5765 5729 5728
3 5768 5766 5767
3 5765 5769 5729
3 5769 5730 5729
3 5769 5770 5730
3 5770 5731 5730
3 5772 5773 5771
3 5734 5774 5736
3 5739 5741 5775
3 5745 5777 5776
3 5743 5745 5776
3 5776 5778 5743
3 5743 5778 5746
3 5778 5779 5746
3 5746 5779 5747
3 5779 5780 5747
3 5747 5780 5748
3 5748 5780 5781
3 5749 5748 5781
3 5751 5752 5782
3 5782 5745 5751
3 5782 5783 5745
3 5783 5777 5745
3 5781 5784 5749
3 5784 5753 5749
3 5785 5754 5755
3 5786 5782 5752
3 5786 5752 5787
3 5787 5752 5756
3 5784 5757 5753
3 5788 5757 5784
3 5757 5788 5789
3 5758 5757 5789
3 5789 5790 5758
3 5790 5759 5758
3 5790 5791 5759
3 5791 5760 5759
3 5791 5792 5760
3 5792 5761 5760
3 5792 5793 5761
3 5793 5762 5761
3 5793 5794 5762
3 5794 5763 5762
3 5794 5795 5763
3 5795 5764 5763
3 5795 5796 5764
3 5796 5765 5764
3 5796 5797 5765
3 5797 5769 5765
3 5797 5798 5769
3 5798 5770 5769
3 5800 5799 5801
3 5776 5777 5802
3 5802 5804 5803
3 5802 5803 5776
3 5776 5803 5778
3 5803 5805 5778
3 5778 5805 5779
3 5807 5806 5780
3 5807 5780 5805
3 5805 5780 5779
3 5780 5806 5781
3 5799 5808 5801
3 5811 5809 5810
3 5810 5809 5812
3 5810 5812 5777
3 5810 5777 5783
3 5802 5777 5812
3 5802 5812 5804
3 5807 5813 5806
3 5806 5813 5814
3 5806 5814 5781
3 5781 5814 5784
3 5814 5788 5784
3 5815 5788 5814
3 5788 5815 5816
3 5789 5788 5816
3 5816 5817 5789
3 5817 5790 5789
3 5817 5818 5790
3 5818 5791 5790
3 5818 5819 5791
3 5819 5792 5791
3 5819 5820 5792
3 5820 5793 5792
3 5820 5821 5793
3 5821 5794 5793
3 5821 5822 5794
3 5822 5795 5794
3 5822 5823 5795
3 5823 5796 5795
3 5823 5824 5796
3 5824 5797 5796
3 5804 5826 5825
3 5803 5804 5825
3 5825 5827 5803
3 5803 5827 5805
3 5829 5807 5805
3 5829 5805 5828
3 5828 5805 5827
3 5828 5830 5829
3 5809 5811 5831
3 5831 5833 5832
3 5831 5832 5809
3 5809 5832 5812
3 5832 5804 5812
3 5826 5804 5832
3 5829 5813 5807
3 5813 5829 5830
3 5813 5830 5814
3 5814 5830 5834
3 5834 5815 5814
3 5835 5815 5834
3 5815 5835 5836
3 5816 5815 5836
3 5837 5838 5839
3 5836 5840 5816
3 5840 5817 5816
3 5840 5841 5817
3 5841 5818 5817
3 5841 5842 5818
3 5842 5819 5818
3 5842 5843 5819
3 5843 5820 5819
3 5843 5844 5820
3 5844 5821 5820
3 5844 5845 5821
3 5845 5822 5821
3 5845 5846 5822
3 5846 5823 5822
3 5846 5847 5823
3 5847 5824 5823
3 5826 5849 5848
3 5825 5826 5848
3 5848 5850 5825
3 5825 5850 5827
3 5852 5851 5828
3 5852 5828 5850
3 5850 5828 5827
3 5828 5851 5830
3 5854 5855 5853
3 5854 5853 5856
3 5833 5858 5857
3 5832 5833 5857
3 5857 5826 5832
3 5849 5826 5857
3 5852 5859 5851
3 5851 5859 5860
3 5851 5860 5830
3 5830 5860 5834
3 5860 5835 5834
3 5861 5835 5860
3 5835 5861 5862
3 5836 5835 5862
3 5862 5863 5836
3 5863 5840 5836
3 5864 5865 5866
3 5869 5867 5868
3 5867 5870 5868
3 5863 5871 5840
3 5871 5841 5840
3 5869 5868 5872
3 5868 5870 5872
3 5871 5873 5841
3 5873 5842 5841
3 5873 5874 5842
3 5874 5843 5842
3 5874 5875 5843
3 5875 5844 5843
3 5876 5878 5877
3 5875 5879 5844
3 5879 5845 5844
3 5879 5880 5845
3 5880 5846 5845
3 5883 5881 5882
3 5881 5884 5882
3 5882 5848 5849
3 5882 5849 5883
3 5883 5849 5885
3 5884 5848 5882
3 5884 5886 5848
3 5886 5850 5848
3 5850 5886 5887
3 5852 5850 5887
3 5858 5889 5888
3 5857 5858 5888
3 5888 5849 5857
3 5885 5849 5888
3 5887 5859 5852
3 5890 5859 5887
3 5859 5890 5891
3 5860 5859 5891
3 5891 5861 5860
3 5892 5861 5891
3 5861 5892 5893
3 5862 5861 5893
3 5893 5894 5862
3 5894 5863 5862
3 5867 5869 5895
3 5867 5895 5870
3 5894 5896 5863
3 5896 5871 5863
3 5895 5872 5870
3 5897 5898 5899
3 5896 5900 5871
3 5900 5873 5871
3 5900 5901 5873
3 5901 5874 5873
3 5901 5902 5874
3 5902 5875 5874
3 5902 5903 5875
3 5903 5879 5875
3 5903 5904 5879
3 5904 5880 5879
3 5881 5883 5905
3 5881 5905 5884
3 5906 5905 5883
3 5906 5883 5907
3 5907 5883 5885
3 5905 5886 5884
3 5905 5906 5886
3 5906 5908 5886
3 5886 5908 5909
3 5887 5886 5909
3 5888 5889 5910
3 5910 5885 5888
3 5910 5911 5885
3 5911 5907 5885
3 5909 5890 5887
3 5912 5890 5909
3 5890 5912 5913
3 5891 5890 5913
3 5915 5916 5914
3 5914 5918 5917
3 5915 5914 5917
3 5915 5917 5910
3 5915 5910 5889
3 5910 5917 5911
3 5913 5892 5891
3 5919 5892 5913
3 5892 5919 5920
3 5893 5892 5920
3 5922 5921 5923
3 5920 5924 5893
3 5924 5894 5893
3 5921 5925 5923
3 5924 5926 5894
3 5926 5896 5894
3 5897 5899 5927
3 5926 5928 5896
3 5928 5900 5896
3 5928 5929 5900
3 5929 5901 5900
3 5932 5931 5930
3 5930 5931 5902
3 5930 5902 5929
3 5929 5902 5901
3 5932 5933 5931
3 5931 5933 5934
3 5931 5934 5902
3 5902 5934 5903
3 5934 5904 5903
3 5906 5907 5935
3 5935 5937 5936
3 5935 5936 5906
3 5906 5936 5908
3 5908 5936 5938
3 5909 5908 5938
3 5939 5935 5907
3 5939 5907 5940
3 5940 5907 5911
3 5935 5939 5937
3 5938 5912 5909
3 5941 5912 5938
3 5912 5941 5942
3 5913 5912 5942
3 5945 5943 5944
3 5918 5944 5943
3 5918 5943 5917
3 5917 5943 5946
3 5946 5911 5917
3 5940 5911 5946
3 5919 5948 5947
3 5919 5913 5948
3 5913 5942 5948
3 5919 5947 5920
3 5948 5949 5947
3 5947 5949 5950
3 5947 5950 5920
3 5920 5950 5924
3 5952 5951 5953
3 5955 5956 5954
3 5950 5957 5924
3 5957 5926 5924
3 5951 5958 5953
3 5957 5959 5926
3 5959 5928 5926
3 5962 5960 5961
3 5959 5963 5928
3 5963 5929 5928
3 5930 5964 5932
3 5964 5930 5929
3 5964 5929 5965
3 5965 5929 5963
3 5933 5968 5967
3 5933 5932 5968
3 5966 5968 5964
3 5964 5968 5932
3 5966 5964 5965
3 5967 5934 5933
3 5936 5937 5969
3 5936 5969 5938
3 5940 5971 5970
3 5939 5940 5970
3 5937 5972 5969
3 5937 5939 5972
3 5939 5970 5972
3 5969 5941 5938
3 5969 5972 5941
3 5972 5973 5941
3 5941 5973 5974
3 5942 5941 5974
3 5943 5945 5975
3 5975 5977 5976
3 5975 5976 5943
3 5943 5976 5946
3 5976 5940 5946
3 5971 5940 5976
3 5974 5978 5942
3 5978 5948 5942
3 5980 5981 5979
3 5978 5949 5948
3 5982 5949 5978
3 5949 5982 5983
3 5950 5949 5983
3 5983 5984 5950
3 5984 5957 5950
3 5984 5985 5957
3 5985 5959 5957
3 5962 5987 5986
3 5960 5962 5986
3 5985 5988 5959
3 5988 5963 5959
3 5991 5989 5990
3 5989 5992 5993
3 5990 5989 5993
3 5996 5995 5994
3 5994 5995 5965
3 5994 5965 5988
3 5988 5965 5963
3 5997 5999 5998
3 5995 5968 5966
3 5995 5996 5968
3 5995 5966 5965
3 5971 6001 6000
3 5970 5971 6000
3 6000 6002 5970
3 5970 6002 5972
3 6002 6003 5972
3 5972 6003 5973
3 5973 6003 6004
3 5974 5973 6004
3 5977 6006 6005
3 5976 5977 6005
3 6005 5971 5976
3 6001 5971 6005
3 6004 6007 5974
3 6007 5978 5974
3 6007 5982 5978
3 6008 5982 6007
3 5982 6008 6009
3 5983 5982 6009
3 6009 6010 5983
3 6010 5984 5983
3 6010 6011 5984
3 6011 5985 5984
3 6013 6012 6014
3 5986 5987 6015
3 6011 6016 5985
3 6016 5988 5985
3 6012 6017 5999
3 6014 6012 5999
3 5989 5991 6018
3 6018 6020 6019
3 6018 6019 5989
3 5989 6019 5992
3 5996 6021 6022
3 5994 6021 5996
3 6021 5994 5988
3 6016 6021 5988
3 6017 5998 5999
3 6001 6024 6023
3 6000 6001 6023
3 6023 6025 6000
3 6000 6025 6002
3 6025 6026 6002
3 6002 6026 6003
3 6003 6026 6027
3 6004 6003 6027
3 6006 6029 6028
3 6005 6006 6028
3 6028 6001 6005
3 6024 6001 6028
3 6027 6030 6004
3 6030 6007 6004
3 6030 6008 6007
3 6031 6008 6030
3 6008 6031 6032
3 6009 6008 6032
3 6032 6033 6009
3 6033 6010 6009
3 6033 6034 6010
3 6034 6011 6010
3 6034 6035 6011
3 6035 6016 6011
3 667 3864 6038
3 668 667 6038
3 3864 3865 6039
3 6038 3864 6039
3 3865 3867 6039
3 3875 3874 6040
3 3874 3877 6040
3 3879 3878 6041
3 3878 3880 6042
3 6041 3878 6042
3 3880 3882 6042
3 6023 6024 6043
3 6043 6045 6044
3 6043 6044 6023
3 6023 6044 6025
3 6047 6046 6026
3 6047 6026 6044
3 6044 6026 6025
3 6026 6046 6027
3 6028 6029 6048
3 6048 6050 6049
3 6028 6048 6049
3 6028 6049 6043
3 6028 6043 6024
3 6043 6049 6045
3 6047 6051 6046
3 6046 6051 6052
3 6046 6052 6027
3 6027 6052 6030
3 6056 6055 6053
3 6054 6056 6053
3 6029 6057 6048
3 6029 6054 6057
3 6054 6053 6057
3 6048 6057 6050
3 6052 6031 6030
3 6058 6031 6052
3 6031 6058 6059
3 6032 6031 6059
3 6059 6060 6032
3 6060 6033 6032
3 6060 6061 6033
3 6061 6034 6033
3 6064 6063 6062
3 6062 6063 6035
3 6062 6035 6061
3 6061 6035 6034
3 679 6065 680
3 6065 6066 680
3 668 3964 678
3 668 6038 3964
3 6065 6067 6066
3 6067 6068 6066
3 6038 3966 3964
3 6038 6039 3966
3 6039 3867 3966
3 6067 3968 6068
3 6068 3968 3967
3 6068 3967 6069
3 3967 3969 6069
3 3969 6070 6069
3 6071 6072 6070
3 6071 6070 3970
3 3970 6070 3969
3 3970 3971 6073
3 6071 3970 6073
3 3971 3972 6074
3 6073 3971 6074
3 3972 3973 6075
3 6074 3972 6075
3 3973 3974 6076
3 6075 3973 6076
3 3974 3976 6076
3 3978 3875 6040
3 6077 3978 6040
3 3877 3979 6078
3 3877 6078 6040
3 6040 6078 6077
3 3979 3879 6041
3 3979 6041 6078
3 6078 6041 6079
3 6081 6042 6080
3 6081 6079 6042
3 6079 6041 6042
3 3882 6080 6042
3 3882 316 6080
3 316 317 6080
3 680 6066 6082
3 682 680 6082
3 6066 6068 6083
3 6082 6066 6083
3 6068 6069 6084
3 6083 6068 6084
3 6069 6070 6085
3 6084 6069 6085
3 6070 6072 6085
3 6081 6080 6086
3 6080 317 338
3 6086 6080 338
3 6045 6088 6087
3 6044 6045 6087
3 6044 6087 6089
3 6047 6044 6089
3 6092 6090 6091
3 6050 6091 6090
3 6050 6090 6049
3 6049 6090 6093
3 6093 6045 6049
3 6088 6045 6093
3 6089 6051 6047
3 6094 6051 6089
3 6051 6094 6095
3 6052 6051 6095
3 6055 6097 6096
3 6053 6055 6096
3 6091 6096 6092
3 6091 6057 6096
3 6057 6053 6096
3 6091 6050 6057
3 6058 6099 6098
3 6058 6052 6099
3 6052 6095 6099
3 6058 6098 6059
3 6099 6100 6098
3 6098 6100 6101
3 6098 6101 6059
3 6059 6101 6060
3 6104 6103 6102
3 6102 6103 6061
3 6102 6061 6101
3 6101 6061 6060
3 6103 6104 6062
3 6062 6104 6064
3 6103 6062 6061
3 6065 679 688
3 6106 6065 688
3 6067 6065 6106
3 6107 6067 6106
3 3968 6067 6107
3 3968 6107 4033
3 4033 6107 6108
3 4033 6108 4034
3 4034 6108 6109
3 6072 6071 4035
3 6072 4035 6109
3 6109 4035 4034
3 4037 4035 6071
3 4037 6071 6073
3 6111 6112 6110
3 6111 4038 6113
3 6111 6110 4038
3 6113 4038 6074
3 4037 6073 4038
3 6074 4038 6073
3 6075 6113 6074
3 6114 6113 6075
3 6076 6114 6075
3 6115 6114 6076
3 3976 6115 6076
3 3976 4039 6115
3 4039 6116 6115
3 4039 4040 6116
3 4040 6117 6116
3 6077 4040 3978
3 6077 6118 4040
3 6118 6117 4040
3 6078 6118 6077
3 6119 6118 6078
3 6079 6119 6078
3 6120 6119 6079
3 6079 6081 6120
3 6106 688 682
3 6082 6106 682
3 6107 6106 6082
3 6083 6107 6082
3 6108 6107 6083
3 6084 6108 6083
3 6109 6108 6084
3 6085 6109 6084
3 6109 6085 6072
3 6112 6111 6121
3 6111 6113 6122
3 6121 6111 6122
3 6113 6114 6123
3 6122 6113 6123
3 6114 6115 6124
3 6123 6114 6124
3 6115 6116 6125
3 6124 6115 6125
3 6116 6117 6126
3 6125 6116 6126
3 6117 6118 6127
3 6126 6117 6127
3 6129 6127 6118
3 6129 6118 6128
3 6128 6118 6119
3 6119 6120 6128
3 6120 6130 6128
3 6086 6120 6081
3 6086 6131 6120
3 6131 6130 6120
3 338 6131 6086
3 384 6131 338
3 6128 6087 6088
3 6128 6088 6129
3 6129 6088 6132
3 6133 6128 6130
3 6133 6089 6128
3 6133 6134 6089
3 6089 6087 6128
3 6130 6131 6135
3 6133 6130 6135
3 6131 384 392
3 6135 6131 392
3 6090 6092 6136
3 6093 6090 6136
3 6137 6093 6136
3 6138 6132 6088
3 6138 6088 6137
3 6138 6137 6139
3 6093 6137 6088
3 6134 6139 6089
3 6134 6138 6139
3 6089 6139 6094
3 6141 6140 6139
3 6094 6139 6140
3 6094 6140 6142
3 6095 6094 6142
3 6096 6097 6143
3 6143 6145 6144
3 6096 6143 6144
3 6096 6144 6136
3 6096 6136 6092
3 6136 6146 6137
3 6144 6146 6136
3 6137 6147 6139
3 6146 6147 6137
3 6139 6147 6141
3 6149 6142 6148
3 6149 6099 6142
3 6099 6095 6142
3 6148 6150 6149
3 6152 6153 6151
3 6100 6156 6155
3 6100 6099 6156
3 6154 6156 6149
3 6149 6156 6099
3 6154 6149 6150
3 6155 6101 6100
3 6158 6156 6157
3 6158 6104 6156
3 6155 6156 6102
3 6102 6156 6104
3 6155 6102 6101
3 6157 6159 6158
3 6110 6112 6160
3 4038 6110 6160
3 4038 6160 4108
3 4108 6160 6161
3 4108 6161 4109
3 4109 6161 6162
3 4109 6162 4110
3 4110 6162 6163
3 4111 6164 4116
3 4111 4110 6164
3 4110 6163 6164
3 4116 6164 6165
3 6160 6112 6121
3 6161 6160 6121
3 6122 6161 6121
3 6162 6161 6122
3 6123 6162 6122
3 6163 6162 6123
3 6163 6123 6124
3 6166 4119 4118
3 4118 4121 6166
3 4121 6167 6166
3 6124 6164 6163
3 6124 6125 6164
3 6167 6165 6168
3 6167 4121 6165
3 6168 6165 6126
3 6164 6125 6165
3 6126 6165 6125
3 6127 6168 6126
3 6169 6168 6127
3 6127 6129 6169
3 4119 6166 4122
3 6166 6167 4123
3 4122 6166 4123
3 6167 6168 6170
3 4123 6167 6170
3 6172 6170 6168
3 6172 6168 6171
3 6171 6168 6169
3 6169 6132 6171
3 6129 6132 6169
3 6133 6173 6134
3 6135 6173 6133
3 6174 6173 6135
3 392 6174 6135
3 430 6174 392
3 6172 6171 6175
3 4138 6138 6176
3 6175 6138 4138
3 6175 6132 6138
3 6175 6171 6132
3 6141 6173 6140
3 6141 6176 6173
3 6134 6173 6138
3 6138 6173 6176
3 6177 6173 6174
3 6177 6142 6173
3 6177 4141 6142
3 6142 6140 6173
3 6174 430 433
3 6177 6174 433
3 6145 4135 4133
3 6144 6145 4133
3 4133 4137 6144
3 6144 4137 6146
3 6176 4137 4138
3 6176 6147 4137
3 6147 6146 4137
3 6176 6141 6147
3 6148 4142 6178
3 6148 6142 4142
3 6142 4141 4142
3 6148 6178 6150
3 6179 4142 4149
3 6179 6156 4142
3 6178 4142 6154
3 6154 4142 6156
3 6178 6154 6150
3 4149 4152 6179
3 4154 6179 4152
3 6182 6183 6184
3 6182 6184 6186
3 6186 6184 6185
3 6182 6186 6187
3 6189 6187 6186
3 6190 6192 6191
3 6198 6197 6199
3 6201 6200 6202
3 6207 6206 6208
3 6210 6209 6211
3 6212 6214 6213
3 6213 6214 6215
3 5484 6216 5482
3 6216 5487 5482
3 6219 6217 6218
3 6217 6220 6218
3 6223 6221 6222
3 6221 4827 4828
3 6222 6221 4828
3 5513 6224 5511
3 6224 6225 5514
3 5511 6224 5514
3 6225 6226 5515
3 5514 6225 5515
3 5484 5515 6226
3 5484 6226 6216
3 6216 6226 6227
3 6219 6218 5516
3 6219 5516 6216
3 6219 6216 6227
3 5487 6216 5516
3 6220 6228 5517
3 6220 5517 6218
3 6218 5517 5516
3 6228 6223 6222
3 6228 6222 5517
3 5517 6222 5518
3 6222 4828 5518
3 4828 4840 5518
3 902 6231 903
3 6231 5329 903
3 6231 6232 5329
3 6232 5330 5329
3 6232 6233 5330
3 6233 5331 5330
3 6233 6234 5331
3 6234 5332 5331
3 5334 6235 6236
3 5333 6235 5334
3 6235 5333 5332
3 6234 6235 5332
3 6236 6237 5334
3 6237 5335 5334
3 6237 6238 5335
3 6238 5336 5335
3 6238 6239 5336
3 6239 5337 5336
3 6239 6240 5337
3 6240 5340 5337
3 6240 6241 5340
3 6241 5344 5340
3 6241 6242 5344
3 6242 5345 5344
3 6242 6243 5345
3 6243 5346 5345
3 6243 6244 5346
3 6244 5347 5346
3 6244 6245 5347
3 6245 5348 5347
3 6245 6246 5348
3 6246 5349 5348
3 6246 6247 5349
3 6247 3528 5349
3 932 6248 902
3 6248 6231 902
3 6248 6249 6231
3 6249 6232 6231
3 6249 6250 6232
3 6250 6233 6232
3 6250 6251 6233
3 6251 6234 6233
3 6236 6252 6253
3 6235 6252 6236
3 6252 6235 6234
3 6251 6252 6234
3 6256 6254 6255
3 6253 6257 6236
3 6257 6237 6236
3 6257 6258 6237
3 6258 6238 6237
3 6258 6259 6238
3 6259 6239 6238
3 6259 6260 6239
3 6260 6240 6239
3 6260 6261 6240
3 6261 6241 6240
3 6261 6262 6241
3 6262 6242 6241
3 6262 6263 6242
3 6263 6243 6242
3 6263 6264 6243
3 6264 6244 6243
3 6264 6265 6244
3 6265 6245 6244
3 6265 6266 6245
3 6266 6246 6245
3 6266 6267 6246
3 6267 6247 6246
3 962 6268 932
3 6268 6248 932
3 6268 6269 6248
3 6269 6249 6248
3 6269 6270 6249
3 6270 6250 6249
3 6270 6271 6250
3 6271 6251 6250
3 6253 6272 6273
3 6252 6272 6253
3 6272 6252 6251
3 6271 6272 6251
3 6273 6274 6253
3 6274 6257 6253
3 6274 6275 6257
3 6275 6258 6257
3 6275 6276 6258
3 6276 6259 6258
3 6276 6277 6259
3 6277 6260 6259
3 6277 6278 6260
3 6278 6261 6260
3 6278 6279 6261
3 6279 6262 6261
3 6279 6280 6262
3 6280 6263 6262
3 6280 6281 6263
3 6281 6264 6263
3 6281 6282 6264
3 6282 6265 6264
3 6282 6283 6265
3 6283 6266 6265
3 6286 6285 6284
3 6284 6285 6267
3 6284 6267 6283
3 6283 6267 6266
3 986 6287 962
3 6287 6268 962
3 6287 6288 6268
3 6288 6269 6268
3 6288 6289 6269
3 6289 6270 6269
3 6289 6290 6270
3 6290 6271 6270
3 6273 6291 6292
3 6272 6291 6273
3 6291 6272 6271
3 6290 6291 6271
3 6292 6293 6273
3 6293 6274 6273
3 6293 6294 6274
3 6294 6275 6274
3 6294 6295 6275
3 6295 6276 6275
3 6295 6296 6276
3 6296 6277 6276
3 6296 6297 6277
3 6297 6278 6277
3 6297 6298 6278
3 6298 6279 6278
3 6298 6299 6279
3 6299 6280 6279
3 6299 6300 6280
3 6300 6281 6280
3 6303 6302 6301
3 6301 6302 6282
3 6301 6282 6300
3 6300 6282 6281
3 6305 6302 6303
3 6304 6302 6305
3 6302 6304 6283
3 6282 6302 6283
3 6304 6286 6284
3 6304 6305 6286
3 6305 6306 6286
3 6304 6284 6283
3 1011 6307 986
3 6307 6287 986
3 6307 6308 6287
3 6308 6288 6287
3 6308 6309 6288
3 6309 6289 6288
3 6309 6310 6289
3 6310 6290 6289
3 6292 6311 6312
3 6291 6311 6292
3 6311 6291 6290
3 6310 6311 6290
3 6312 6313 6292
3 6313 6293 6292
3 6313 6314 6293
3 6314 6294 6293
3 6314 6315 6294
3 6315 6295 6294
3 6315 6316 6295
3 6316 6296 6295
3 6316 6317 6296
3 6317 6297 6296
3 6317 6318 6297
3 6318 6298 6297
3 6318 6319 6298
3 6319 6299 6298
3 6319 6320 6299
3 6320 6300 6299
3 6303 6321 6322
3 6301 6321 6303
3 6321 6301 6300
3 6320 6321 6300
3 6322 6323 6303
3 6323 6305 6303
3 6323 6324 6305
3 6324 6306 6305
3 1033 6325 1011
3 6325 6307 1011
3 6325 6326 6307
3 6326 6308 6307
3 6326 6327 6308
3 6327 6309 6308
3 6327 6328 6309
3 6328 6310 6309
3 6312 6329 6330
3 6311 6329 6312
3 6329 6311 6310
3 6328 6329 6310
3 6330 6331 6312
3 6331 6313 6312
3 6331 6332 6313
3 6332 6314 6313
3 6332 6333 6314
3 6333 6315 6314
3 6333 6334 6315
3 6334 6316 6315
3 6334 6335 6316
3 6335 6317 6316
3 6335 6336 6317
3 6336 6318 6317
3 6336 6337 6318
3 6337 6319 6318
3 6337 6338 6319
3 6338 6320 6319
3 6322 6339 6340
3 6321 6339 6322
3 6339 6321 6320
3 6338 6339 6320
3 6340 6341 6322
3 6341 6323 6322
3 6341 6342 6323
3 6342 6324 6323
3 1054 6343 1033
3 6343 6325 1033
3 6343 6344 6325
3 6344 6326 6325
3 6344 6345 6326
3 6345 6327 6326
3 6345 6346 6327
3 6346 6328 6327
3 6330 6347 6348
3 6329 6347 6330
3 6347 6329 6328
3 6346 6347 6328
3 6348 6349 6330
3 6349 6331 6330
3 6349 6350 6331
3 6350 6332 6331
3 6350 6351 6332
3 6351 6333 6332
3 6351 6352 6333
3 6352 6334 6333
3 6352 6353 6334
3 6353 6335 6334
3 6353 6354 6335
3 6354 6336 6335
3 6354 6355 6336
3 6355 6337 6336
3 6358 6357 6356
3 6356 6357 6338
3 6356 6338 6355
3 6355 6338 6337
3 6357 6340 6339
3 6357 6358 6340
3 6358 6359 6340
3 6357 6339 6338
3 6359 6360 6340
3 6360 6341 6340
3 6360 6361 6341
3 6361 6342 6341
3 1079 6362 1054
3 6362 6343 1054
3 6362 6363 6343
3 6363 6344 6343
3 6363 6364 6344
3 6364 6345 6344
3 6364 6365 6345
3 6365 6346 6345
3 6347 6366 6348
3 6366 6347 6346
3 6366 6346 6367
3 6367 6346 6365
3 6368 6348 6366
3 6368 6369 6348
3 6369 6349 6348
3 6366 6367 6368
3 6369 6370 6349
3 6370 6350 6349
3 6370 6371 6350
3 6371 6351 6350
3 6371 6372 6351
3 6372 6352 6351
3 6372 6373 6352
3 6373 6353 6352
3 6373 6374 6353
3 6374 6354 6353
3 6377 6376 6375
3 6375 6376 6355
3 6375 6355 6374
3 6374 6355 6354
3 6376 6358 6356
3 6376 6377 6358
3 6377 6378 6358
3 6376 6356 6355
3 6378 6379 6358
3 6379 6359 6358
3 6379 6380 6359
3 6380 6360 6359
3 6380 6381 6360
3 6381 6361 6360
3 1099 6382 1079
3 6382 6362 1079
3 6382 6383 6362
3 6383 6363 6362
3 6383 6384 6363
3 6384 6364 6363
3 6384 6385 6364
3 6385 6365 6364
3 6385 6386 6365
3 6386 6367 6365
3 6369 6387 6388
3 6368 6387 6369
3 6387 6368 6367
3 6386 6387 6367
3 6388 6389 6369
3 6389 6370 6369
3 6389 6390 6370
3 6390 6371 6370
3 6393 6392 6391
3 6391 6392 6372
3 6391 6372 6390
3 6390 6372 6371
3 6393 6394 6392
3 6392 6394 6395
3 6392 6395 6372
3 6372 6395 6373
3 6398 6397 6396
3 6396 6397 6374
3 6396 6374 6395
3 6395 6374 6373
3 6397 6377 6375
3 6397 6398 6377
3 6398 6399 6377
3 6397 6375 6374
3 6399 6400 6377
3 6400 6378 6377
3 6400 6401 6378
3 6401 6379 6378
3 6401 6402 6379
3 6402 6380 6379
3 6402 6403 6380
3 6403 6381 6380
3 1114 6404 1099
3 6404 6382 1099
3 6404 6405 6382
3 6405 6383 6382
3 6405 6406 6383
3 6406 6384 6383
3 6406 6407 6384
3 6407 6385 6384
3 6407 6408 6385
3 6408 6386 6385
3 6388 6409 6410
3 6387 6409 6388
3 6409 6387 6386
3 6408 6409 6386
3 6410 6411 6388
3 6411 6389 6388
3 6411 6412 6389
3 6412 6390 6389
3 6393 6413 6414
3 6391 6413 6393
3 6413 6391 6390
3 6412 6413 6390
3 6394 6416 6415
3 6394 6393 6416
3 6393 6414 6416
3 6394 6415 6395
3 6415 6398 6396
3 6415 6416 6398
3 6416 6417 6398
3 6415 6396 6395
3 6417 6418 6398
3 6418 6399 6398
3 6418 6419 6399
3 6419 6400 6399
3 6419 6420 6400
3 6420 6401 6400
3 6420 6421 6401
3 6421 6402 6401
3 6421 6422 6402
3 6422 6403 6402
3 1138 6423 1114
3 6423 6404 1114
3 6423 6424 6404
3 6424 6405 6404
3 6424 6425 6405
3 6425 6406 6405
3 6425 6426 6406
3 6426 6407 6406
3 6426 6427 6407
3 6427 6408 6407
3 6409 6428 6410
3 6428 6409 6408
3 6428 6408 6429
3 6429 6408 6427
3 6430 6410 6428
3 6430 6431 6410
3 6431 6411 6410
3 6428 6429 6430
3 6431 6432 6411
3 6432 6412 6411
3 6414 6433 6434
3 6413 6433 6414
3 6433 6413 6412
3 6432 6433 6412
3 6434 6435 6414
3 6435 6416 6414
3 6435 6436 6416
3 6436 6417 6416
3 6436 6437 6417
3 6437 6418 6417
3 6437 6438 6418
3 6438 6419 6418
3 6438 6439 6419
3 6439 6420 6419
3 6439 6440 6420
3 6440 6421 6420
3 6440 6441 6421
3 6441 6422 6421
3 1159 6442 1138
3 6442 6423 1138
3 6442 6443 6423
3 6443 6424 6423
3 6443 6444 6424
3 6444 6425 6424
3 6444 6445 6425
3 6445 6426 6425
3 6445 6446 6426
3 6446 6427 6426
3 6446 6447 6427
3 6447 6429 6427
3 6430 6448 6431
3 6448 6430 6429
3 6448 6429 6449
3 6449 6429 6447
3 6450 6431 6448
3 6450 6451 6431
3 6451 6432 6431
3 6448 6449 6450
3 6434 6452 6453
3 6433 6452 6434
3 6452 6433 6432
3 6451 6452 6432
3 6453 6454 6434
3 6454 6435 6434
3 6454 6455 6435
3 6455 6436 6435
3 6455 6456 6436
3 6456 6437 6436
3 6456 6457 6437
3 6457 6438 6437
3 6457 6458 6438
3 6458 6439 6438
3 6458 6459 6439
3 6459 6440 6439
3 6459 6460 6440
3 6460 6441 6440
3 1172 6461 1159
3 6461 6442 1159
3 6461 6462 6442
3 6462 6443 6442
3 6462 6463 6443
3 6463 6444 6443
3 6463 6464 6444
3 6464 6445 6444
3 6464 6465 6445
3 6465 6446 6445
3 6465 6466 6446
3 6466 6447 6446
3 6466 6467 6447
3 6467 6449 6447
3 6451 6468 6469
3 6450 6468 6451
3 6468 6450 6449
3 6467 6468 6449
3 6453 6470 6471
3 6452 6470 6453
3 6470 6452 6451
3 6469 6470 6451
3 6471 6472 6453
3 6472 6454 6453
3 6472 6473 6454
3 6473 6455 6454
3 6473 6474 6455
3 6474 6456 6455
3 6474 6475 6456
3 6475 6457 6456
3 6475 6476 6457
3 6476 6458 6457
3 6476 6477 6458
3 6477 6459 6458
3 6477 6478 6459
3 6478 6460 6459
3 6481 6480 6479
3 6479 6480 6461
3 6479 6461 1179
3 1179 6461 1172
3 6481 6482 6480
3 6480 6482 6483
3 6480 6483 6461
3 6461 6483 6462
3 6483 6484 6462
3 6484 6463 6462
3 6484 6485 6463
3 6485 6464 6463
3 6485 6486 6464
3 6486 6465 6464
3 6486 6487 6465
3 6487 6466 6465
3 6487 6488 6466
3 6488 6467 6466
3 6469 6489 6490
3 6468 6489 6469
3 6489 6468 6467
3 6488 6489 6467
3 6470 6491 6471
3 6491 6470 6469
3 6491 6469 6492
3 6492 6469 6490
3 6493 6471 6491
3 6493 6494 6471
3 6494 6472 6471
3 6491 6492 6493
3 6494 6495 6472
3 6495 6473 6472
3 6495 6496 6473
3 6496 6474 6473
3 6496 6497 6474
3 6497 6475 6474
3 6497 6498 6475
3 6498 6476 6475
3 6498 6499 6476
3 6499 6477 6476
3 6499 6500 6477
3 6500 6478 6477
3 1192 6481 6479
3 1192 1193 6481
3 1193 6501 6481
3 1192 6479 1179
3 6501 6482 6481
3 6502 6482 6501
3 6482 6502 6503
3 6483 6482 6503
3 6503 6504 6483
3 6504 6484 6483
3 6504 6505 6484
3 6505 6485 6484
3 6505 6506 6485
3 6506 6486 6485
3 6506 6507 6486
3 6507 6487 6486
3 6507 6508 6487
3 6508 6488 6487
3 6490 6509 6510
3 6489 6509 6490
3 6509 6489 6488
3 6508 6509 6488
3 6510 6511 6490
3 6511 6492 6490
3 6494 6512 6513
3 6493 6512 6494
3 6512 6493 6492
3 6511 6512 6492
3 6513 6514 6494
3 6514 6495 6494
3 6514 6515 6495
3 6515 6496 6495
3 6515 6516 6496
3 6516 6497 6496
3 6516 6517 6497
3 6517 6498 6497
3 6517 6518 6498
3 6518 6499 6498
3 6518 6519 6499
3 6519 6500 6499
3 1196 6520 6501
3 1193 1196 6501
3 6523 6522 6502
3 6521 6523 6502
3 6521 6502 6501
3 6521 6501 6520
3 6502 6522 6503
3 6525 6522 6523
3 6524 6522 6525
3 6522 6524 6504
3 6503 6522 6504
3 6525 6526 6524
3 6524 6526 6527
3 6524 6527 6504
3 6504 6527 6505
3 6527 6528 6505
3 6528 6506 6505
3 6528 6529 6506
3 6529 6507 6506
3 6529 6530 6507
3 6530 6508 6507
3 6510 6531 6532
3 6509 6531 6510
3 6531 6509 6508
3 6530 6531 6508
3 6532 6533 6510
3 6533 6511 6510
3 6512 6534 6513
3 6534 6512 6511
3 6534 6511 6535
3 6535 6511 6533
3 6536 6513 6534
3 6514 6513 6536
3 6535 6537 6536
3 6534 6535 6536
3 6538 6514 6536
3 6538 6539 6514
3 6539 6515 6514
3 6536 6537 6538
3 6539 6540 6515
3 6540 6516 6515
3 6540 6541 6516
3 6541 6517 6516
3 6541 6542 6517
3 6542 6518 6517
3 6544 6542 6543
3 6544 6519 6542
3 6519 6518 6542
3 6543 5605 6544
3 6545 6547 6548
3 6546 6545 6548
3 6547 6549 6548
3 6551 6552 6550
3 6551 6550 6548
3 6548 6550 6546
3 6548 6549 6551
3 6552 2859 2857
3 6550 6552 2857
3 6555 6553 6554
3 6553 6556 6557
3 6554 6553 6557
3 6556 6558 6559
3 6557 6556 6559
3 6558 6560 6559
3 6561 6563 6564
3 6562 6561 6564
3 6563 6555 6554
3 6563 6554 6564
3 6564 6554 6565
3 6554 6557 6565
3 6557 6566 6565
3 6557 6559 6566
3 6559 6567 6566
3 6560 6568 6567
3 6559 6560 6567
3 6564 6545 6562
3 6547 6545 6564
3 6547 6569 6549
3 6547 6564 6569
3 6564 6565 6569
3 6565 6566 6569
3 6566 6570 6569
3 6571 6572 6570
3 6571 6570 6567
3 6567 6570 6566
3 6567 6568 6571
3 6551 6573 6552
3 6573 6574 6575
3 6551 6574 6573
3 6551 6569 6574
3 6551 6549 6569
3 6569 6570 6576
3 6574 6569 6576
3 6570 6572 6576
3 6577 6552 6573
3 6577 2861 6552
3 2861 2859 6552
3 6573 6575 6577
3 6580 6578 6579
3 6578 6581 6579
3 6584 6582 6583
3 6582 6580 6579
3 6582 6579 6583
3 6583 6579 6585
3 6581 6586 6587
3 6581 6587 6579
3 6579 6587 6585
3 6586 6588 6589
3 6587 6586 6589
3 6588 6590 6589
3 6593 6591 6592
3 6555 6592 6591
3 6555 6591 6553
3 6553 6591 6594
3 6583 6594 6584
3 6583 6556 6594
3 6556 6553 6594
3 6585 6556 6583
3 6558 6556 6585
3 6558 6595 6560
3 6558 6585 6595
3 6585 6587 6595
3 6587 6589 6595
3 6589 6596 6595
3 6590 6597 6598
3 6590 6598 6589
3 6589 6598 6596
3 6597 6599 6598
3 6592 6600 6593
3 6592 6563 6600
3 6563 6561 6600
3 6592 6555 6563
3 6601 6560 6595
3 6568 6560 6601
3 6595 6596 6601
3 6596 6602 6601
3 6603 6604 6602
3 6603 6602 6598
3 6598 6602 6596
3 6598 6599 6603
3 6571 6605 6572
3 6568 6605 6571
3 6568 6601 6605
3 6601 6606 6605
3 6607 6608 6606
3 6607 6606 6602
3 6602 6606 6601
3 6602 6604 6607
3 6574 6609 6575
3 6609 6610 6611
3 6609 6574 6610
3 6574 6576 6610
3 6572 6605 6612
3 6572 6612 6576
3 6576 6612 6610
3 6605 6606 6613
3 6612 6605 6613
3 6606 6608 6613
3 6577 2864 2861
3 2864 6614 2867
3 6577 6614 2864
3 6577 6609 6614
3 6577 6575 6609
3 6609 6611 6614
3 6617 6615 6616
3 6615 6618 6619
3 6616 6615 6619
3 6618 6620 6621
3 6619 6618 6621
3 6620 6622 6623
3 6621 6620 6623
3 6622 6624 6623
3 6580 6626 6625
3 6578 6580 6625
3 6617 6616 6627
3 6617 6627 6578
3 6617 6578 6625
3 6581 6578 6627
3 6616 6619 6627
3 6619 6628 6627
3 6619 6621 6628
3 6621 6629 6628
3 6621 6623 6629
3 6623 6630 6629
3 6624 6631 6630
3 6623 6624 6630
3 6584 6633 6632
3 6582 6584 6632
3 6632 6580 6582
3 6626 6580 6632
3 6627 6586 6581
3 6628 6586 6627
3 6588 6586 6628
3 6588 6634 6590
3 6588 6628 6634
3 6628 6629 6634
3 6629 6630 6634
3 6630 6635 6634
3 6631 6636 6635
3 6630 6631 6635
3 6593 6638 6637
3 6591 6593 6637
3 6637 6639 6591
3 6591 6639 6594
3 6639 6584 6594
3 6633 6584 6639
3 6634 6597 6590
3 6597 6640 6599
3 6597 6634 6640
3 6634 6635 6640
3 6636 6641 6640
3 6635 6636 6640
3 6642 6593 6600
3 6638 6593 6642
3 6603 6643 6604
3 6599 6643 6603
3 6599 6640 6643
3 6640 6644 6643
3 6641 6645 6644
3 6640 6641 6644
3 6607 6646 6608
3 6604 6646 6607
3 6604 6643 6646
3 6643 6647 6646
3 6648 6649 6647
3 6648 6647 6644
3 6644 6647 6643
3 6644 6645 6648
3 6610 6650 6611
3 6612 6650 6610
3 6651 6650 6612
3 6613 6651 6612
3 6652 6651 6613
3 6652 6653 6654
3 6613 6653 6652
3 6613 6646 6653
3 6613 6608 6646
3 6646 6647 6655
3 6653 6646 6655
3 6647 6649 6655
3 6614 2872 2867
3 2872 6656 2875
3 6614 6656 2872
3 6614 6650 6656
3 6614 6611 6650
3 6650 6651 6657
3 6656 6650 6657
3 6651 6652 6658
3 6657 6651 6658
3 6652 6654 6658
3 6661 6659 6660
3 6659 6662 6660
3 6665 6663 6664
3 6663 6661 6660
3 6663 6660 6664
3 6664 6660 6666
3 6662 6667 6668
3 6662 6668 6660
3 6660 6668 6666
3 6667 6669 6670
3 6668 6667 6670
3 6669 6671 6670
3 6664 6615 6617
3 6664 6617 6665
3 6665 6617 6672
3 6666 6615 6664
3 6618 6615 6666
3 6668 6618 6666
3 6620 6618 6668
3 6670 6620 6668
3 6622 6620 6670
3 6622 6670 6671
3 6622 6671 6624
3 6624 6671 6673
3 6626 6675 6674
3 6625 6626 6674
3 6674 6617 6625
3 6672 6617 6674
3 6673 6676 6624
3 6676 6631 6624
3 6633 6678 6677
3 6632 6633 6677
3 6677 6626 6632
3 6675 6626 6677
3 6676 6679 6631
3 6679 6636 6631
3 6637 6638 6680
3 6680 6682 6681
3 6680 6681 6637
3 6637 6681 6639
3 6681 6633 6639
3 6678 6633 6681
3 6685 6684 6683
3 6683 6684 6641
3 6683 6641 6679
3 6679 6641 6636
3 6638 6687 6680
3 6638 6642 6687
3 6642 6686 6687
3 6680 6687 6682
3 6689 6684 6685
3 6688 6684 6689
3 6684 6688 6645
3 6641 6684 6645
3 6688 6649 6648
3 6688 6689 6649
3 6689 6690 6649
3 6688 6648 6645
3 6653 6691 6654
3 6691 6692 6693
3 6691 6653 6692
3 6653 6655 6692
3 6692 6655 6649
3 6690 6692 6649
3 6657 2880 6656
3 2883 2880 6657
3 2883 6694 2885
3 2883 6657 6694
3 6657 6658 6694
3 6654 6691 6695
3 6654 6695 6658
3 6658 6695 6694
3 6691 6693 6695
3 6698 6696 6697
3 6696 6699 6697
3 6702 6700 6701
3 6700 6698 6697
3 6700 6697 6701
3 6701 6697 6703
3 6699 6704 6705
3 6699 6705 6697
3 6697 6705 6703
3 6704 6706 6707
3 6705 6704 6707
3 6706 6708 6709
3 6707 6706 6709
3 6708 6710 6709
3 6712 6702 6701
3 6711 6712 6701
3 6661 6703 6659
3 6661 6711 6703
3 6711 6701 6703
3 6659 6713 6662
3 6659 6703 6713
3 6703 6705 6713
3 6705 6707 6713
3 6707 6714 6713
3 6715 6716 6714
3 6715 6714 6709
3 6709 6714 6707
3 6709 6710 6715
3 6711 6663 6665
3 6711 6665 6712
3 6712 6665 6717
3 6711 6661 6663
3 6713 6667 6662
3 6714 6667 6713
3 6669 6667 6714
3 6669 6714 6716
3 6669 6716 6671
3 6671 6716 6718
3 6717 6665 6719
3 6719 6665 6672
3 6718 6720 6671
3 6720 6673 6671
3 6675 6722 6721
3 6674 6675 6721
3 6721 6672 6674
3 6719 6672 6721
3 6720 6723 6673
3 6723 6676 6673
3 6678 6725 6724
3 6677 6678 6724
3 6724 6675 6677
3 6722 6675 6724
3 6727 6723 6726
3 6727 6679 6723
3 6679 6676 6723
3 6726 6728 6727
3 6682 6730 6729
3 6681 6682 6729
3 6729 6678 6681
3 6725 6678 6729
3 6683 6731 6685
3 6679 6731 6683
3 6679 6727 6731
3 6727 6732 6731
3 6728 6733 6732
3 6727 6728 6732
3 6734 6736 6735
3 6734 6735 6686
3 6686 6735 6687
3 6737 6685 6731
3 6689 6685 6737
3 6731 6732 6737
3 6732 6738 6737
3 6733 6739 6738
3 6732 6733 6738
3 6740 6689 6737
3 6690 6689 6740
3 6741 6742 6740
3 6741 6740 6738
3 6738 6740 6737
3 6738 6739 6741
3 6692 6743 6693
3 6743 6744 6745
3 6692 6744 6743
3 6692 6740 6744
3 6692 6690 6740
3 6740 6742 6744
3 2893 6746 2895
3 6695 6746 2893
3 6695 6743 6746
3 6695 6693 6743
3 6743 6745 6746
3 6749 6747 6748
3 6747 6750 6748
3 6753 6751 6752
3 6751 6749 6748
3 6751 6748 6752
3 6752 6748 6754
3 6750 6755 6756
3 6750 6756 6748
3 6748 6756 6754
3 6755 6757 6758
3 6756 6755 6758
3 6757 6759 6758
3 6761 6753 6752
3 6760 6761 6752
3 6698 6754 6696
3 6698 6760 6754
3 6760 6752 6754
3 6696 6762 6699
3 6696 6754 6762
3 6754 6756 6762
3 6756 6758 6762
3 6758 6763 6762
3 6759 6764 6765
3 6759 6765 6758
3 6758 6765 6763
3 6764 6766 6765
3 6760 6700 6702
3 6760 6702 6761
3 6761 6702 6767
3 6760 6698 6700
3 6762 6704 6699
3 6763 6704 6762
3 6706 6704 6763
3 6765 6770 6763
3 6765 6768 6770
3 6763 6770 6706
3 6769 6708 6770
3 6706 6770 6708
3 6768 6765 6766
3 6769 6710 6708
3 6767 6702 6771
3 6771 6702 6712
3 6769 6716 6715
3 6769 6770 6716
3 6770 6772 6716
3 6769 6715 6710
3 6771 6712 6773
3 6773 6712 6717
3 6772 6774 6716
3 6774 6718 6716
3 6777 6775 6776
3 6775 6719 6776
3 6775 6773 6719
3 6773 6717 6719
3 6779 6774 6778
3 6779 6720 6774
3 6720 6718 6774
3 6778 6780 6779
3 6776 6721 6722
3 6776 6722 6777
3 6777 6722 6781
3 6776 6719 6721
3 6782 6720 6779
3 6723 6720 6782
3 6780 6783 6784
3 6780 6784 6779
3 6779 6784 6782
3 6783 6785 6784
3 6725 6787 6786
3 6724 6725 6786
3 6786 6722 6724
3 6781 6722 6786
3 6782 6726 6723
3 6726 6788 6728
3 6726 6782 6788
3 6782 6784 6788
3 6785 6789 6788
3 6784 6785 6788
3 6730 6791 6790
3 6729 6730 6790
3 6794 6793 6792
3 6792 6793 6795
3 6796 6728 6788
3 6733 6728 6796
3 6789 6797 6796
3 6788 6789 6796
3 6735 6736 6798
3 6795 6799 6800
3 6793 6799 6795
3 6801 6733 6796
3 6739 6733 6801
3 6797 6802 6801
3 6796 6797 6801
3 6803 6741 6799
3 6803 6742 6741
3 6799 6741 6800
3 6804 6805 6741
3 6800 6741 6805
3 6804 6806 6807
3 6741 6806 6804
3 6741 6801 6806
3 6741 6739 6801
3 6801 6802 6806
3 6744 6742 6803
3 6808 6811 6809
3 6804 6810 6805
3 6804 6807 6810
3 6814 6809 6813
3 6812 6746 6745
3 6809 6811 6813
3 6817 6815 6816
3 6815 6818 6816
3 6820 6817 6816
3 6819 6820 6816
3 6818 6821 6822
3 6818 6822 6816
3 6816 6822 6819
3 6821 6823 6824
3 6822 6821 6824
3 6823 6825 6826
3 6824 6823 6826
3 6825 6827 6826
3 6829 6820 6819
3 6828 6829 6819
3 6819 6822 6828
3 6822 6830 6828
3 6822 6824 6830
3 6824 6831 6830
3 6749 6826 6747
3 6749 6831 6826
3 6831 6824 6826
3 6747 6833 6750
3 6826 6833 6747
3 6826 6832 6833
3 6826 6827 6832
3 6832 6834 6835
3 6833 6832 6835
3 6834 6836 6837
3 6835 6834 6837
3 6836 6838 6837
3 6829 6828 6839
3 6841 6839 6828
3 6841 6828 6840
3 6840 6828 6830
3 6753 6831 6751
3 6753 6840 6831
3 6840 6830 6831
3 6831 6749 6751
3 6833 6755 6750
3 6835 6755 6833
3 6757 6755 6835
3 6757 6842 6759
3 6757 6835 6842
3 6835 6837 6842
3 6838 6843 6842
3 6837 6838 6842
3 6845 6841 6840
3 6844 6845 6840
3 6840 6761 6844
3 6753 6761 6840
3 6764 6848 6847
3 6764 6759 6848
3 6846 6848 6842
3 6842 6848 6759
3 6846 6842 6843
3 6847 6766 6764
3 6850 6845 6844
3 6849 6850 6844
3 6844 6767 6849
3 6761 6767 6844
3 6847 6770 6768
3 6847 6848 6770
3 6848 6851 6770
3 6847 6768 6766
3 6850 6849 6852
3 6849 6853 6852
3 6849 6767 6853
3 6767 6771 6853
3 6855 6851 6854
3 6855 6772 6851
3 6772 6770 6851
3 6854 6856 6855
3 6853 6771 6857
3 6857 6771 6773
3 6858 6772 6855
3 6774 6772 6858
3 6856 6859 6860
3 6856 6860 6855
3 6855 6860 6858
3 6859 6861 6860
3 6777 6863 6862
3 6775 6777 6862
3 6862 6773 6775
3 6857 6773 6862
3 6858 6778 6774
3 6778 6864 6780
3 6778 6858 6864
3 6858 6860 6864
3 6861 6865 6864
3 6860 6861 6864
3 6863 6777 6866
3 6866 6777 6781
3 6869 6868 6867
3 6867 6868 6870
3 6864 6783 6780
3 6783 6872 6785
3 6864 6872 6783
3 6864 6871 6872
3 6864 6865 6871
3 6871 6873 6872
3 6786 6787 6874
3 6870 6877 6876
3 6870 6868 6877
3 6868 6875 6877
3 6876 6877 6878
3 6879 6785 6872
3 6789 6785 6879
3 6873 6880 6879
3 6872 6873 6879
3 6790 6791 6881
3 6792 6795 6882
3 6792 6882 6875
3 6875 6882 6877
3 6878 6882 6883
3 6877 6882 6878
3 6884 6789 6879
3 6884 6885 6789
3 6885 6797 6789
3 6879 6880 6884
3 6886 6882 6795
3 6800 6886 6795
3 6883 6888 6887
3 6883 6882 6888
3 6882 6886 6888
3 6887 6888 6802
3 6887 6802 6885
3 6885 6802 6797
3 6889 6886 6800
3 6805 6889 6800
3 6807 6806 6888
3 6807 6888 6889
3 6889 6888 6886
3 6888 6806 6802
3 6805 6810 6889
3 6808 6890 6811
3 6889 6810 6807
3 6890 6814 6813
3 6890 6813 6811
3 2574 4496 6891
3 4496 6892 6891
3 4496 4498 6892
3 4498 6893 6892
3 6817 4500 6815
3 6817 6893 4500
3 6893 4498 4500
3 6815 6895 6818
3 4500 6895 6815
3 4500 6894 6895
3 4500 4501 6894
3 6894 6896 6897
3 6895 6894 6897
3 6896 6898 6899
3 6897 6896 6899
3 6898 6900 6899
3 6891 6892 6902
3 6901 6891 6902
3 6904 6902 6892
3 6904 6892 6903
3 6903 6892 6893
3 6893 6820 6903
3 6817 6820 6893
3 6895 6821 6818
3 6897 6821 6895
3 6823 6821 6897
3 6899 6823 6897
3 6825 6823 6899
3 6825 6906 6827
3 6899 6906 6825
3 6899 6905 6906
3 6899 6900 6905
3 6905 6907 6908
3 6906 6905 6908
3 6907 6909 6908
3 6911 6904 6903
3 6910 6911 6903
3 6903 6829 6910
3 6820 6829 6903
3 6906 6832 6827
3 6908 6832 6906
3 6834 6832 6908
3 6909 6834 6908
3 6909 6912 6834
3 6912 6836 6834
3 6836 6912 6913
3 6838 6836 6913
3 6911 6910 6914
3 6916 6839 6915
3 6914 6839 6916
3 6914 6829 6839
3 6914 6910 6829
3 6839 6841 6915
3 6919 6918 6917
3 6917 6918 6843
3 6917 6843 6913
3 6913 6843 6838
3 6916 6915 6920
3 6915 6921 6920
3 6915 6841 6921
3 6841 6845 6921
3 6923 6919 6922
3 6923 6848 6919
3 6918 6919 6846
3 6846 6919 6848
3 6918 6846 6843
3 6922 6924 6923
3 6921 6845 6925
3 6925 6845 6850
3 6926 6848 6923
3 6851 6848 6926
3 6924 6927 6928
3 6924 6928 6923
3 6923 6928 6926
3 6927 6929 6928
3 6852 6930 6931
3 6852 6931 6850
3 6850 6931 6925
3 6852 6853 6930
3 6926 6854 6851
3 6854 6932 6856
3 6854 6926 6932
3 6926 6928 6932
3 6929 6933 6932
3 6928 6929 6932
3 6935 6931 6930
3 6934 6935 6930
3 6930 6857 6934
3 6853 6857 6930
3 6938 6937 6936
3 6936 6937 6939
3 6932 6859 6856
3 6859 6941 6861
3 6932 6941 6859
3 6932 6940 6941
3 6932 6933 6940
3 6940 6942 6941
3 6934 6862 6863
3 6934 6863 6935
3 6935 6863 6943
3 6939 6946 6945
3 6939 6937 6946
3 6937 6944 6946
3 6945 6946 6947
3 6948 6861 6941
3 6865 6861 6948
3 6942 6949 6948
3 6941 6942 6948
3 6943 6863 6950
3 6950 6863 6866
3 6867 6870 6951
3 6867 6951 6944
3 6944 6951 6946
3 6947 6953 6952
3 6947 6946 6953
3 6946 6951 6953
3 6952 6953 6954
3 6865 6948 6871
3 6871 6948 6949
3 6871 6949 6873
3 6873 6949 6955
3 6951 6870 6876
3 6876 6878 6956
3 6876 6956 6951
3 6951 6956 6953
3 6954 6956 6957
3 6953 6956 6954
3 6955 6958 6873
3 6958 6880 6873
3 6959 6956 6878
3 6883 6959 6878
3 6957 6884 6960
3 6957 6959 6884
3 6957 6956 6959
3 6959 6885 6884
3 6960 6884 6880
3 6958 6960 6880
3 6959 6883 6887
3 6959 6887 6885
3 4508 6894 4501
3 6961 6894 4508
3 6961 6962 6894
3 6894 6962 6896
3 6962 6963 6896
3 6896 6963 6898
3 6898 6963 6964
3 6900 6898 6964
3 6902 6965 6901
3 6966 6965 6902
3 6902 6904 6966
3 6964 6905 6900
3 6967 6905 6964
3 6967 6968 6905
3 6905 6968 6907
3 6907 6968 6969
3 6909 6907 6969
3 6965 6966 6971
3 6970 6965 6971
3 6966 6972 6971
3 6966 6904 6972
3 6904 6911 6972
3 6912 6974 6973
3 6912 6909 6974
3 6909 6969 6974
3 6912 6973 6913
3 6914 6975 6976
3 6914 6976 6911
3 6911 6976 6972
3 6914 6916 6975
3 6978 6974 6977
3 6978 6919 6974
3 6973 6974 6917
3 6917 6974 6919
3 6973 6917 6913
3 6977 6979 6978
3 6976 6975 6980
3 6982 6920 6981
3 6980 6920 6982
3 6980 6916 6920
3 6980 6975 6916
3 6920 6921 6981
3 6978 6922 6919
3 6922 6984 6924
3 6978 6984 6922
3 6978 6983 6984
3 6978 6979 6983
3 6983 6985 6984
3 6987 6982 6981
3 6986 6987 6981
3 6981 6925 6986
3 6921 6925 6981
3 6984 6927 6924
3 6927 6984 6985
3 6927 6985 6929
3 6929 6985 6988
3 6987 6986 6989
3 6986 6990 6989
3 6986 6925 6990
3 6925 6931 6990
3 6991 6994 6993
3 6992 6994 6991
3 6993 6994 6995
3 6997 6988 6996
3 6997 6933 6988
3 6933 6929 6988
3 6996 6998 6997
3 6990 6931 6999
3 6999 6931 6935
3 6936 6939 7000
3 6936 7000 6992
3 6992 7000 6994
3 6995 7000 7001
3 6994 7000 6995
3 6997 6940 6933
3 6940 6997 6998
3 6940 6998 6942
3 6942 6998 7002
3 6999 6935 7003
3 7003 6935 6943
3 7000 6939 6945
3 6945 6947 7005
3 7000 6945 7005
3 7000 7005 7004
3 7000 7004 7001
3 7004 7005 7006
3 7002 7007 6942
3 7007 6949 6942
3 7005 6947 6952
3 6952 6954 7009
3 7005 6952 7009
3 7005 7009 7008
3 7005 7008 7006
3 7008 7009 6955
3 7008 6955 7007
3 7007 6955 6949
3 7012 7010 7011
3 7013 7009 6954
3 6957 7013 6954
3 7009 7013 6958
3 6955 7009 6958
3 7013 6957 6960
3 7013 6960 6958
3 4515 6961 4508
3 4516 6961 4515
3 4516 7014 6961
3 7014 6962 6961
3 7014 7015 6962
3 6962 7015 6963
3 6963 7015 7016
3 6964 6963 7016
3 7016 6967 6964
3 7017 6967 7016
3 7017 7018 6967
3 6967 7018 6968
3 6968 7018 7019
3 6969 6968 7019
3 7022 6971 7021
3 7022 7020 6971
3 7020 6970 6971
3 6971 6972 7021
3 7019 7023 6969
3 7023 6974 6969
3 7022 7021 7024
3 7021 7025 7024
3 7021 6972 7025
3 6972 6976 7025
3 7023 6977 6974
3 7026 6977 7023
3 6977 7026 7027
3 6979 6977 7027
3 6980 7028 7029
3 6980 7029 6976
3 6976 7029 7025
3 6980 6982 7028
3 7027 6983 6979
3 7030 6983 7027
3 6983 7030 7031
3 6985 6983 7031
3 7029 7028 7032
3 7028 7033 7032
3 7028 6982 7033
3 6982 6987 7033
3 7034 7037 7036
3 7035 7037 7034
3 7036 7037 7038
3 7040 7031 7039
3 7040 6988 7031
3 6988 6985 7031
3 7039 7041 7040
3 6989 7042 7043
3 6989 7043 6987
3 6987 7043 7033
3 7037 7035 6991
3 6993 7037 6991
3 6993 6995 7045
3 7037 6993 7045
3 7037 7045 7044
3 7037 7044 7038
3 7044 7045 7046
3 6988 7040 6996
3 6996 7040 7041
3 6996 7041 6998
3 6998 7041 7047
3 7043 7042 7048
3 7049 7045 6995
3 7001 7049 6995
3 7046 7051 7050
3 7046 7045 7051
3 7045 7049 7051
3 7050 7051 7002
3 7050 7002 7047
3 7047 7002 6998
3 7049 7001 7004
3 7004 7006 7052
3 7004 7052 7049
3 7049 7052 7051
3 7051 7052 7007
3 7002 7051 7007
3 7052 7006 7008
3 7052 7008 7007
3 7010 7012 7053
3 7054 7055 2907
3 4523 7056 4522
3 4522 7014 4516
3 4522 7056 7014
3 7056 7057 7014
3 7059 7058 7015
3 7059 7015 7057
3 7057 7015 7014
3 7015 7058 7016
3 7059 7060 7058
3 7058 7017 7016
3 7058 7060 7017
3 7060 7061 7017
3 7061 7062 7017
3 7017 7062 7018
3 7018 7062 7063
3 7019 7018 7063
3 7063 7064 7019
3 7064 7023 7019
3 7064 7066 7023
3 7064 7065 7066
3 7023 7066 7026
3 7068 7067 7066
3 7026 7066 7067
3 7070 7027 7026
3 7070 7026 7069
3 7069 7026 7067
3 7069 7071 7070
3 7068 7074 7073
3 7068 7066 7074
3 7066 7072 7074
3 7076 7027 7074
3 7076 7030 7027
3 7074 7027 7073
3 7070 7075 7027
3 7073 7027 7075
3 7075 7070 7071
3 7076 7031 7030
3 7079 7077 7078
3 7074 7072 7034
3 7036 7074 7034
3 7036 7038 7080
3 7036 7080 7074
3 7074 7080 7076
3 7031 7076 7080
3 7031 7080 7081
3 7031 7081 7039
3 7082 7081 7080
3 7039 7081 7083
3 7041 7039 7083
3 7080 7038 7044
3 7044 7046 7085
3 7080 7044 7085
3 7080 7085 7084
3 7080 7084 7082
3 7084 7085 7047
3 7084 7047 7083
3 7083 7047 7041
3 7085 7046 7050
3 7085 7050 7047
3 7088 7086 7087
3 7090 7092 7055
3 7089 7092 7090
3 7089 7091 7092
3 7089 7093 7091
3 7091 7094 7092
3 4529 7095 4528
3 4528 7056 4523
3 4528 7095 7056
3 7095 7096 7056
3 7098 7097 7057
3 7098 7057 7096
3 7096 7057 7056
3 7057 7097 7059
3 7098 7099 7097
3 7097 7060 7059
3 7097 7099 7060
3 7099 7100 7060
3 7102 7101 7061
3 7102 7061 7100
3 7100 7061 7060
3 7062 7061 7101
3 7103 7062 7101
3 7062 7103 7063
3 7102 7104 7101
3 7101 7105 7103
3 7104 7105 7101
3 7103 7105 7106
3 7103 7106 7063
3 7063 7106 7064
3 7064 7106 7107
3 7064 7107 7065
3 7068 7108 7067
3 7069 7067 7108
3 7109 7069 7108
3 7069 7109 7071
3 7108 7068 7073
3 7109 7108 7073
3 7075 7109 7073
3 7109 7075 7071
3 7081 7082 7110
3 7081 7110 7083
3 7110 7082 7084
3 7110 7084 7083
3 7113 7111 7112
3 7115 7117 7114
3 7115 7093 7117
3 7093 7116 7117
3 7114 7118 7115
3 7115 7091 7093
3 7091 7115 7118
3 7091 7118 7094
3 7119 7120 7095
3 7095 7120 7096
3 7096 7120 7121
3 7098 7096 7121
3 7121 7099 7098
3 7122 7099 7121
3 7122 7123 7099
3 7099 7123 7100
3 7100 7123 7124
3 7102 7100 7124
3 7124 7104 7102
3 7125 7104 7124
3 7127 7126 7105
3 7127 7105 7125
3 7125 7105 7104
3 7105 7126 7106
3 7126 7107 7106
3 7130 7128 7129
3 7131 7133 7132
3 7135 7136 7117
3 7135 7134 7136
3 7134 7132 7136
3 7133 7137 7136
3 7132 7133 7136
3 7136 7114 7117
3 7114 7136 7137
3 7114 7137 7118
3 7118 7137 7138
3 7139 7140 7141
3 7143 7142 7144
3 7145 7143 7144
3 7146 7147 7148
3 7146 7148 7144
3 7144 7148 7145
3 7147 7149 7150
3 7147 7150 7148
3 7148 7150 7151
3 7152 7153 7154
3 7152 7154 7150
3 7150 7154 7151
3 7153 7155 7156
3 7153 7156 7154
3 7154 7156 7157
3 7158 7159 7160
3 7158 7160 7156
3 7156 7160 7157
3 7159 7161 7160
3 7162 7164 7163
3 7142 7165 7166
3 7144 7142 7166
3 7167 7146 7144
3 7166 7167 7144
3 7149 7168 7150
3 7168 7152 7150
3 7169 7171 7170
3 7172 7170 7171
3 7173 7156 7155
3 7173 7158 7156
3 7164 7175 7176
3 7164 7176 7163
3 7163 7176 7174
3 7165 7177 7166
3 7177 7167 7166
3 7169 7178 7179
3 7171 7169 7179
3 7180 7172 7171
3 7179 7180 7171
3 7181 7183 7182
3 7178 7184 7179
3 7184 7180 7179
3 7186 7187 7185
3 7186 7188 7187
3 7188 7189 7187
3 7185 7190 7186
3 7188 7191 7189
3 7191 7192 7189
3 7191 7193 7192
3 7193 7194 7192
3 7198 7196 7197
3 7195 7186 7190
3 7199 7200 7188
3 7200 7191 7188
3 7200 7201 7191
3 7201 7193 7191
3 7202 7203 7199
3 7203 7200 7199
3 7207 7208 7206
3 7207 7206 7209
3 7211 7210 7212
3 7214 7213 7215
3 7216 7214 7215
3 7213 7218 7217
3 7213 7217 7215
3 7221 7219 7220
3 7219 7221 7222
3 7223 7224 7225
3 5679 7223 7225
3 7224 7226 7225
3 7229 7227 7228
3 7227 7230 7228
3 7233 7231 7232
3 7231 7234 7232
3 7237 7235 7236
3 7235 7238 7239
3 7236 7235 7239
3 7238 7240 7241
3 7239 7238 7241
3 7240 7242 7243
3 7241 7240 7243
3 7242 7244 7245
3 7243 7242 7245
3 7244 7246 7247
3 7245 7244 7247
3 7246 7248 7249
3 7247 7246 7249
3 7248 7250 7251
3 7249 7248 7251
3 7250 7252 7251
3 7237 7236 7253
3 7236 7239 7254
3 7253 7236 7254
3 7256 7254 7239
3 7256 7239 7255
3 7255 7239 7241
3 7241 7243 7255
3 7243 7257 7255
3 7243 7245 7257
3 7245 7258 7257
3 7245 7247 7258
3 7247 7259 7258
3 7247 7249 7259
3 7249 7260 7259
3 7249 7251 7260
3 7251 7261 7260
3 7252 7262 7263
3 7252 7263 7251
3 7251 7263 7261
3 7262 7264 7263
3 7256 7255 7265
3 7267 7265 7255
3 7267 7255 7266
3 7266 7255 7257
3 7257 7258 7266
3 7258 7268 7266
3 7258 7259 7268
3 7259 7269 7268
3 7270 7271 7269
3 7270 7269 7260
3 7260 7269 7259
3 7273 7270 7260
3 7273 7260 7272
3 7272 7260 7261
3 7274 7275 7272
3 7274 7272 7263
3 7263 7272 7261
3 7263 7264 7274
3 7278 7276 7277
3 7276 7279 7277
3 7282 7280 7281
3 7280 7283 7284
3 7281 7280 7284
3 7283 7285 7286
3 7284 7283 7286
3 7285 7287 7288
3 7286 7285 7288
3 7287 7267 7266
3 7287 7266 7288
3 7288 7266 7289
3 7266 7268 7289
3 7268 7290 7289
3 7268 7269 7290
3 7269 7291 7290
3 7271 7292 7291
3 7269 7271 7291
3 7273 7272 7293
3 7272 7275 7293
3 7294 7278 7277
3 7294 7277 7295
3 7295 7277 7296
3 7279 7297 7298
3 7279 7298 7277
3 7277 7298 7296
3 7297 7282 7281
3 7297 7281 7298
3 7298 7281 7299
3 7281 7284 7299
3 7284 7300 7299
3 7284 7286 7300
3 7286 7301 7300
3 7286 7288 7301
3 7288 7302 7301
3 7288 7289 7302
3 7289 7303 7302
3 7289 7290 7303
3 7290 7304 7303
3 7290 7291 7304
3 7291 7305 7304
3 7292 7306 7307
3 7292 7307 7291
3 7291 7307 7305
3 7306 7308 7309
3 7307 7306 7309
3 7308 7310 7311
3 7309 7308 7311
3 7310 7312 7311
3 7296 7223 7295
3 7224 7223 7296
3 7224 7313 7226
3 7224 7296 7313
3 7296 7298 7313
3 7229 7299 7227
3 7229 7313 7299
3 7313 7298 7299
3 7227 7314 7230
3 7227 7299 7314
3 7299 7300 7314
3 7233 7301 7231
3 7233 7314 7301
3 7314 7300 7301
3 7231 7315 7234
3 7231 7301 7315
3 7301 7302 7315
3 7302 7303 7315
3 7303 7316 7315
3 7303 7304 7316
3 7304 7317 7316
3 7304 7305 7317
3 7305 7318 7317
3 7305 7307 7318
3 7307 7319 7318
3 7307 7309 7319
3 7309 7320 7319
3 7309 7311 7320
3 7311 7321 7320
3 7312 7322 7323
3 7312 7323 7311
3 7311 7323 7321
3 7322 7324 7325
3 7323 7322 7325
3 7324 7326 7325
3 7329 7327 7328
3 7327 7330 7331
3 7328 7327 7331
3 7330 7332 7331
3 7335 7333 7334
3 7333 7336 7337
3 7334 7333 7337
3 7336 7338 7339
3 7337 7336 7339
3 7338 7340 7341
3 7339 7338 7341
3 7340 7329 7328
3 7340 7328 7341
3 7341 7328 7342
3 7328 7331 7342
3 7331 7343 7342
3 7332 7344 7345
3 7332 7345 7331
3 7331 7345 7343
3 7344 7346 7345
3 7349 7347 7348
3 7347 7350 7351
3 7348 7347 7351
3 7237 7351 7350
3 7237 7350 7235
3 7235 7350 7352
3 7352 7353 7235
3 7235 7353 7238
3 7353 7354 7238
3 7238 7354 7240
3 7354 7355 7240
3 7240 7355 7242
3 7355 7356 7242
3 7242 7356 7244
3 7334 7356 7335
3 7334 7246 7356
3 7246 7244 7356
3 7337 7246 7334
3 7248 7246 7337
3 7339 7248 7337
3 7250 7248 7339
3 7250 7357 7252
3 7250 7339 7357
3 7339 7341 7357
3 7341 7342 7357
3 7342 7358 7357
3 7342 7343 7358
3 7343 7359 7358
3 7343 7345 7359
3 7345 7360 7359
3 7346 7361 7360
3 7345 7346 7360
3 7364 7362 7363
3 7362 7349 7348
3 7362 7348 7363
3 7363 7348 7365
3 7348 7351 7365
3 7351 7366 7365
3 7253 7351 7237
3 7253 7367 7351
3 7367 7366 7351
3 7254 7367 7253
3 7368 7367 7254
3 7254 7256 7368
3 7357 7262 7252
3 7262 7369 7264
3 7262 7357 7369
3 7357 7358 7369
3 7358 7359 7369
3 7359 7370 7369
3 7371 7372 7370
3 7371 7370 7360
3 7360 7370 7359
3 7360 7361 7371
3 7373 7364 7363
3 7373 7363 7374
3 7374 7363 7375
3 7363 7365 7375
3 7365 7376 7375
3 7365 7366 7376
3 7366 7377 7376
3 7366 7367 7377
3 7367 7378 7377
3 7367 7368 7378
3 7368 7379 7378
3 7265 7368 7256
3 7265 7380 7368
3 7380 7379 7368
3 7265 7267 7380
3 7270 7381 7271
3 7270 7273 7381
3 7274 7382 7275
3 7264 7382 7274
3 7264 7369 7382
3 7369 7383 7382
3 7369 7370 7383
3 7370 7384 7383
3 7372 7385 7384
3 7370 7372 7384
3 7278 7375 7276
3 7278 7386 7375
3 7386 7374 7375
3 7276 7387 7279
3 7276 7375 7387
3 7375 7376 7387
3 7282 7377 7280
3 7282 7387 7377
3 7387 7376 7377
3 7378 7280 7377
3 7283 7280 7378
3 7379 7283 7378
3 7285 7283 7379
3 7380 7285 7379
3 7287 7285 7380
3 7380 7267 7287
3 7388 7271 7381
3 7292 7271 7388
3 7293 7381 7273
3 7293 7389 7381
3 7389 7388 7381
3 7275 7389 7293
3 7275 7382 7389
3 7382 7390 7389
3 7382 7383 7390
3 7383 7391 7390
3 7383 7384 7391
3 7384 7392 7391
3 7385 7393 7392
3 7384 7385 7392
3 7386 7278 7294
3 7387 7297 7279
3 7387 7282 7297
3 7388 7306 7292
3 7389 7306 7388
3 7308 7306 7389
3 7390 7308 7389
3 7310 7308 7390
3 7310 7394 7312
3 7310 7390 7394
3 7390 7391 7394
3 7391 7392 7394
3 7392 7395 7394
3 7393 7396 7395
3 7392 7393 7395
3 7394 7322 7312
3 7395 7322 7394
3 7324 7322 7395
3 7324 7395 7396
3 7324 7396 7326
3 7326 7396 7397
3 7400 7398 7399
3 7398 7401 7399
3 7400 7399 7402
3 7399 7401 7402
3 7403 7405 7406
3 7404 7403 7406
3 7405 7407 7408
3 7406 7405 7408
3 7407 7409 7410
3 7408 7407 7410
3 7409 7411 7412
3 7410 7409 7412
3 7411 7413 7414
3 7412 7411 7414
3 7413 7415 7416
3 7414 7413 7416
3 7415 7417 7418
3 7416 7415 7418
3 7417 7419 7420
3 7418 7417 7420
3 7419 7421 7422
3 7420 7419 7422
3 7421 7423 7424
3 7422 7421 7424
3 7423 7425 7424
3 7428 7426 7427
3 7430 7427 7426
3 7429 7327 7329
3 7429 7432 7431
3 7429 7431 7327
3 7327 7431 7330
3 7434 7332 7330
3 7434 7330 7433
3 7433 7330 7431
3 7433 7435 7434
3 7404 7406 7436
3 7406 7437 7436
3 7406 7408 7437
3 7408 7438 7437
3 7408 7410 7438
3 7410 7439 7438
3 7410 7412 7439
3 7412 7440 7439
3 7412 7414 7440
3 7414 7441 7440
3 7414 7416 7441
3 7416 7442 7441
3 7416 7418 7442
3 7418 7443 7442
3 7418 7420 7443
3 7420 7444 7443
3 7335 7422 7333
3 7335 7444 7422
3 7444 7420 7422
3 7424 7333 7422
3 7336 7333 7424
3 7425 7336 7424
3 7425 7445 7336
3 7445 7338 7336
3 7427 7445 7428
3 7427 7340 7445
3 7340 7338 7445
3 7329 7446 7429
3 7329 7340 7446
3 7430 7446 7427
3 7427 7446 7340
3 7429 7446 7432
3 7434 7344 7332
3 7344 2304 7346
3 7434 2304 7344
3 7434 2303 2304
3 7434 7435 2303
3 7436 7437 7447
3 7437 7448 7447
3 7349 7438 7347
3 7349 7448 7438
3 7448 7437 7438
3 7439 7347 7438
3 7350 7347 7439
3 7440 7350 7439
3 7352 7350 7440
3 7441 7352 7440
3 7353 7352 7441
3 7442 7353 7441
3 7354 7353 7442
3 7443 7354 7442
3 7355 7354 7443
3 7444 7355 7443
3 7356 7355 7444
3 7444 7335 7356
3 2306 7346 2304
3 7361 7346 2306
3 7364 7448 7362
3 7364 7449 7448
3 7449 7447 7448
3 7448 7349 7362
3 7371 7450 7372
3 7361 7450 7371
3 7361 2306 7450
3 2306 2310 7450
3 7449 7364 7373
3 7451 7372 7450
3 7385 7372 7451
3 2313 7452 7451
3 2313 7451 2310
3 2310 7451 7450
3 7453 7385 7451
3 7393 7385 7453
3 7452 7454 7453
3 7451 7452 7453
3 7455 7393 7453
3 7396 7393 7455
3 7454 7456 7455
3 7453 7454 7455
3 7457 7396 7455
3 7397 7396 7457
3 7456 2314 2315
3 7456 2315 7455
3 7455 2315 7457
3 7460 7458 7459
3 7458 7461 7459
3 7398 7400 7462
3 7398 7462 7401
3 7462 7400 7402
3 7462 7402 7401
3 7463 7465 7466
3 7464 7463 7466
3 7465 7467 7468
3 7466 7465 7468
3 7467 7469 7470
3 7468 7467 7470
3 7469 7471 7472
3 7470 7469 7472
3 7471 7473 7472
3 7466 7403 7464
3 7405 7403 7466
3 7468 7405 7466
3 7407 7405 7468
3 7470 7407 7468
3 7409 7407 7470
3 7472 7409 7470
3 7411 7409 7472
3 7473 7411 7472
3 7473 7474 7411
3 7474 7413 7411
3 7474 7475 7413
3 7413 7475 7415
3 7475 7476 7415
3 7415 7476 7417
3 7476 7477 7417
3 7417 7477 7419
3 7477 7478 7419
3 7419 7478 7421
3 7478 7479 7421
3 7421 7479 7423
3 7481 7425 7423
3 7481 7423 7480
3 7480 7423 7479
3 7428 7481 7480
3 7428 7480 7426
3 7426 7480 7482
3 7484 7430 7426
3 7484 7426 7483
3 7483 7426 7482
3 7432 7484 7483
3 7432 7483 7431
3 7431 7483 7485
3 7485 7486 7431
3 7431 7486 7433
3 2320 7435 7433
3 2320 7433 2319
3 2319 7433 7486
3 7481 7445 7425
3 7481 7428 7445
3 7484 7446 7430
3 7484 7432 7446
3 2320 2303 7435
3 2313 2338 7452
3 2342 7452 2338
3 7454 7452 2342
3 2345 7454 2342
3 7456 7454 2345
3 2345 2314 7456
3 7487 7460 7459
3 7487 7459 7461
3 7488 7489 7463
3 7463 7489 7465
3 7489 7490 7465
3 7465 7490 7467
3 7490 7491 7467
3 7467 7491 7469
3 7491 7492 7469
3 7469 7492 7471
3 7471 7492 7493
3 7473 7471 7493
3 7494 2353 2354
3 7493 7474 7473
3 7495 7474 7493
3 7495 7496 7474
3 7474 7496 7475
3 7496 7497 7475
3 7475 7497 7476
3 7497 7498 7476
3 7476 7498 7477
3 7498 7499 7477
3 7477 7499 7478
3 7499 7500 7478
3 7478 7500 7479
3 7500 7501 7479
3 7479 7501 7480
3 7501 7502 7480
3 7480 7502 7482
3 7502 7503 7482
3 7482 7503 7483
3 7503 7504 7483
3 7483 7504 7485
3 7504 7505 7485
3 7485 7505 7486
3 2354 7505 7494
3 2354 2319 7505
3 2319 7486 7505
3 7506 7509 7508
3 7507 7509 7506
3 7508 7511 7510
3 7509 7511 7508
3 7510 7513 7512
3 7511 7513 7510
3 7512 7513 7514
3 7517 7516 7515
3 7515 7519 7518
3 7516 7519 7515
3 7518 7521 7520
3 7519 7521 7518
3 7520 7523 7522
3 7521 7523 7520
3 7522 7523 7524
3 7507 7525 7509
3 7509 7525 7526
3 7509 7526 7511
3 7511 7526 7527
3 7511 7527 7513
3 7513 7527 7528
3 7514 7530 7529
3 7514 7513 7530
3 7513 7528 7530
3 7532 7531 7533
3 7532 7526 7531
3 7526 7525 7531
3 7526 7534 7527
3 7532 7534 7526
3 7531 7535 7533
3 7220 7537 7536
3 7538 7539 7488
3 7488 7539 7489
3 7541 7540 7490
3 7541 7490 7539
3 7539 7490 7489
3 7491 7490 7540
3 7542 7491 7540
3 7492 7491 7542
3 7543 7492 7542
3 7492 7543 7493
3 7494 7544 2398
3 2353 7494 2398
3 7541 7545 7540
3 7547 7540 7545
3 7547 7546 7540
3 7546 7542 7540
3 7542 7546 7543
3 7543 7546 7548
3 7495 7493 7543
3 7495 7543 7549
3 7549 7543 7548
3 7549 7551 7550
3 7549 7550 7495
3 7495 7550 7496
3 7550 7552 7496
3 7496 7552 7497
3 7552 7553 7497
3 7497 7553 7498
3 7553 7554 7498
3 7498 7554 7499
3 7554 7555 7499
3 7499 7555 7500
3 7555 7556 7500
3 7500 7556 7501
3 7556 7557 7501
3 7501 7557 7502
3 7557 7558 7502
3 7502 7558 7503
3 7558 7559 7503
3 7503 7559 7504
3 7559 7560 7504
3 7504 7560 7505
3 7560 7494 7505
3 7544 7494 7560
3 7563 7562 7561
3 7561 7565 7564
3 7562 7565 7561
3 7564 7546 7547
3 7564 7565 7546
3 7565 7566 7546
3 7546 7566 7548
3 7548 7566 7567
3 7548 7567 7549
3 7549 7567 7568
3 7551 7570 7569
3 7551 7549 7570
3 7549 7568 7570
3 7569 7572 7571
3 7570 7572 7569
3 7571 7574 7573
3 7572 7574 7571
3 7573 7576 7575
3 7574 7576 7573
3 7575 7578 7577
3 7576 7578 7575
3 7577 7580 7579
3 7578 7580 7577
3 7579 7580 7581
3 7562 7563 7582
3 7562 7582 7508
3 7508 7582 7506
3 7565 7562 7508
3 7510 7565 7508
3 7566 7565 7510
3 7512 7566 7510
3 7512 7514 7583
3 7512 7583 7566
3 7566 7583 7567
3 7517 7515 7568
3 7517 7568 7583
3 7583 7568 7567
3 7570 7568 7515
3 7518 7570 7515
3 7572 7570 7518
3 7520 7572 7518
3 7574 7572 7520
3 7522 7574 7520
3 7522 7524 7584
3 7522 7584 7574
3 7574 7584 7576
3 7583 7514 7529
3 7532 7533 7585
3 7222 7536 7537
3 7588 7587 7539
3 7588 7539 7586
3 7586 7539 7538
3 7539 7587 7541
3 2398 7544 2453
3 7589 7587 7588
3 7589 7590 7587
3 7590 7591 7587
3 7545 7541 7587
3 7545 7587 7592
3 7592 7587 7591
3 7545 7592 7547
3 7595 7593 7594
3 7551 7594 7593
3 7551 7593 7550
3 7550 7593 7596
3 7598 7597 7552
3 7598 7552 7596
3 7596 7552 7550
3 7553 7552 7597
3 7599 7553 7597
3 7554 7553 7599
3 7600 7554 7599
3 7555 7554 7600
3 7601 7555 7600
3 7601 7603 7602
3 7601 7602 7555
3 7555 7602 7556
3 7602 7604 7556
3 7556 7604 7557
3 7604 7605 7557
3 7557 7605 7558
3 7605 7606 7558
3 7558 7606 7559
3 7606 7607 7559
3 7559 7607 7560
3 7544 2468 2453
3 7544 7560 2468
3 7560 7607 2468
3 7563 7561 7591
3 7563 7591 7608
3 7608 7591 7590
3 7592 7591 7561
3 7564 7592 7561
3 7592 7564 7547
3 7595 7594 7609
3 7594 7551 7569
3 7594 7569 7609
3 7609 7569 7610
3 7597 7598 7610
3 7597 7610 7571
3 7571 7610 7569
3 7599 7597 7571
3 7573 7599 7571
3 7600 7599 7573
3 7575 7600 7573
3 7601 7600 7575
3 7577 7601 7575
3 7603 7601 7577
3 7603 7577 7611
3 7611 7577 7579
3 7613 7579 7581
3 7613 7612 7579
3 7612 7611 7579
3 7612 7615 7614
3 7613 7615 7612
3 7614 7617 7616
3 7615 7617 7614
3 7616 7617 7618
3 7608 7582 7563
3 7619 7621 7620
3 7620 7621 7622
3 7586 7623 7588
3 7623 7589 7588
3 7593 7595 7624
3 7596 7593 7624
3 7625 7596 7624
3 7596 7625 7598
3 7602 7603 7626
3 7604 7602 7626
3 7627 7604 7626
3 7627 7629 7628
3 7627 7628 7604
3 7604 7628 7605
3 7628 7630 7605
3 7605 7630 7606
3 7632 7631 7607
3 7632 7607 7630
3 7630 7607 7606
3 7631 7633 2541
3 7631 2541 7607
3 7607 2541 2468
3 7624 7595 7609
3 7625 7624 7609
3 7610 7625 7609
3 7625 7610 7598
3 7626 7603 7611
3 7627 7626 7611
3 7612 7627 7611
3 7629 7627 7612
3 7629 7612 7634
3 7634 7612 7614
3 7634 7614 7635
3 7614 7616 7635
3 7632 7636 7631
3 7632 7616 7636
3 7632 7635 7616
3 7618 7636 7616
3 7633 7636 7637
3 7631 7636 7633
3 7619 7638 7621
3 7638 7622 7621
3 7639 7641 7640
3 7628 7629 7642
3 7642 7644 7643
3 7642 7643 7628
3 7628 7643 7630
3 7630 7643 7645
3 7632 7630 7645
3 7633 7646 2590
3 2541 7633 2590
3 7640 7641 7647
3 7642 7629 7634
3 7644 7642 7634
3 7644 7634 7648
3 7648 7634 7635
3 7648 7635 7632
3 7645 7648 7632
3 7639 7649 7641
3 7643 7644 7650
3 7650 7645 7643
3 7653 7651 7652
3 7646 7652 7651
3 7646 7651 2590
3 2590 7651 2622
3 7649 7647 7641
3 7656 7654 7655
3 7654 7657 7655
3 7650 7644 7648
3 7653 7652 7658
3 7650 7648 7645
3 7656 7655 7659
3 7655 7657 7659
3 7651 7653 7660
3 7660 7662 7661
3 7660 7661 7651
3 7651 7661 2622
3 7663 7665 7664
3 7654 7656 7666
3 7654 7666 7657
3 7660 7653 7658
3 7664 7665 7667
3 7666 7656 7659
3 7666 7659 7657
3 7661 7662 7668
3 7663 7669 7665
3 7669 7667 7665
3 4786 4785 7670
3 4785 4787 7670
3 4786 7670 4788
3 7670 4787 4788
3 2700 7671 7672
3 4531 2700 7672
3 7672 4532 4531
3 7673 4532 7672
3 7673 7674 4532
3 4532 7674 4533
3 4533 7674 7675
3 4534 4533 7675
3 7671 7676 7677
3 7672 7671 7677
3 7677 7673 7672
3 7678 7673 7677
3 7680 7679 7674
3 7680 7674 7678
3 7678 7674 7673
3 7674 7679 7675
3 7676 7681 7682
3 7677 7676 7682
3 7682 7678 7677
3 7683 7678 7682
3 7685 7680 7678
3 7685 7678 7684
3 7684 7678 7683
3 7684 7686 7685
3 7687 7689 7688
3 7681 7691 7682
3 7688 7691 7681
3 7688 7690 7691
3 7688 7689 7690
3 7690 7692 7693
3 7691 7690 7693
3 7692 7694 7693
3 7691 7683 7682
3 7693 7683 7691
3 7684 7683 7693
3 7684 7696 7686
3 7693 7696 7684
3 7693 7695 7696
3 7693 7694 7695
3 7695 7697 7698
3 7696 7695 7698
3 7697 7699 7698
3 7702 7689 7687
3 7702 7687 7701
3 7701 7687 7700
3 7701 7703 7702
3 7702 7690 7689
3 7703 7690 7702
3 7703 7704 7690
3 7704 7692 7690
3 7706 7694 7692
3 7706 7692 7705
3 7705 7692 7704
3 7705 7707 7708
3 7706 7705 7708
3 7707 7709 7708
3 7706 7695 7694
3 7708 7695 7706
3 7697 7695 7708
3 7697 7711 7699
3 7708 7711 7697
3 7708 7710 7711
3 7708 7709 7710
3 7710 7712 7713
3 7711 7710 7713
3 7712 7714 7715
3 7713 7712 7715
3 7714 7716 7715
3 7717 7703 7701
3 7717 7704 7703
3 7718 7704 7717
3 7705 7704 7718
3 7719 7707 7705
3 7721 7709 7707
3 7721 7707 7720
3 7720 7707 7719
3 7720 7722 7723
3 7721 7720 7723
3 7722 7724 7723
3 7721 7710 7709
3 7723 7710 7721
3 7712 7710 7723
3 7724 7712 7723
3 7724 7725 7712
3 7725 7714 7712
3 7727 7716 7714
3 7727 7714 7726
3 7726 7714 7725
3 7726 7728 7729
3 7727 7726 7729
3 7728 7730 7731
3 7729 7728 7731
3 7730 7732 7733
3 7731 7730 7733
3 7732 7734 7735
3 7733 7732 7735
3 7734 7736 7737
3 7735 7734 7737
3 7736 7738 7737
3 7736 7740 7738
3 3862 7741 7742
3 3863 3862 7742
3 7741 7743 7742
3 3863 7742 7744
3 3881 3863 7744
3 7742 7743 7744
3 3949 7745 7746
3 3950 3949 7746
3 7745 7747 7746
3 3950 7746 3956
3 7746 7748 3956
3 7747 7749 7750
3 7747 7750 7746
3 7746 7750 7748
3 7749 7751 7750
3 7748 3862 3956
3 7741 3862 7748
3 7741 7752 7743
3 7741 7748 7752
3 7748 7750 7752
3 7751 7753 7754
3 7751 7754 7750
3 7750 7754 7752
3 7753 7755 7756
3 7754 7753 7756
3 7755 7757 7756
3 7744 316 3881
3 318 316 7744
3 7743 318 7744
3 7743 7752 318
3 7752 320 318
3 7752 7754 320
3 7754 322 320
3 7754 7756 322
3 7756 324 322
3 7757 7758 326
3 7757 326 7756
3 7756 326 324
3 7758 7759 328
3 326 7758 328
3 7759 7760 330
3 328 7759 330
3 7760 334 330
3 4012 7761 4013
3 7761 3949 4013
3 7761 7762 3949
3 7762 7745 3949
3 7764 7747 7745
3 7764 7745 7763
3 7763 7745 7762
3 7763 7765 7766
3 7764 7763 7766
3 7765 7767 7766
3 7764 7749 7747
3 7749 7768 7751
3 7749 7764 7768
3 7764 7766 7768
3 7767 7769 7770
3 7767 7770 7766
3 7766 7770 7768
3 7769 7771 7772
3 7770 7769 7772
3 7771 7773 7774
3 7772 7771 7774
3 7773 7775 7774
3 7768 7753 7751
3 7770 7753 7768
3 7755 7753 7770
3 7755 7776 7757
3 7755 7770 7776
3 7770 7772 7776
3 7772 7774 7776
3 7774 7777 7776
3 7775 7778 7779
3 7775 7779 7774
3 7774 7779 7777
3 7778 7780 7781
3 7779 7778 7781
3 7780 7782 7781
3 7776 7758 7757
3 7777 7758 7776
3 7759 7758 7777
3 7779 7759 7777
3 7760 7759 7779
3 7760 374 334
3 7760 7779 374
3 7779 7781 374
3 7782 7783 375
3 7782 375 7781
3 7781 375 374
3 7783 7784 376
3 375 7783 376
3 7784 7785 378
3 376 7784 378
3 7785 382 378
3 7787 7761 4012
3 7787 4012 7786
3 7786 4012 4088
3 7786 7788 7787
3 7787 7762 7761
3 7788 7762 7787
3 7788 7789 7762
3 7789 7763 7762
3 7789 7790 7763
3 7763 7790 7765
3 7792 7767 7765
3 7792 7765 7791
3 7791 7765 7790
3 7791 7793 7792
3 7792 7769 7767
3 7793 7769 7792
3 7793 7794 7769
3 7794 7771 7769
3 7794 7795 7771
3 7771 7795 7773
3 7797 7775 7773
3 7797 7773 7796
3 7796 7773 7795
3 7796 7798 7799
3 7797 7796 7799
3 7798 7800 7799
3 7797 7778 7775
3 7799 7778 7797
3 7780 7778 7799
3 7780 7802 7782
3 7799 7802 7780
3 7799 7801 7802
3 7799 7800 7801
3 7801 7803 7804
3 7802 7801 7804
3 7803 7805 7806
3 7804 7803 7806
3 7805 7807 7806
3 7802 7783 7782
3 7804 7783 7802
3 7784 7783 7804
3 7806 7784 7804
3 7785 7784 7806
3 7785 421 382
3 7806 421 7785
3 7806 7808 421
3 7806 7807 7808
3 7808 7809 422
3 421 7808 422
3 7809 426 422
3 6247 7810 3528
3 7810 3529 3528
3 7810 7811 3529
3 7811 3530 3529
3 7811 7812 3530
3 7812 3531 3530
3 7812 7813 3531
3 7813 3532 3531
3 7813 7814 3532
3 7814 3533 3532
3 7817 7816 7815
3 7815 7816 3534
3 7815 3534 7814
3 7814 3534 3533
3 7817 7818 7816
3 7816 7818 7819
3 7816 7819 3534
3 3534 7819 3535
3 7819 7820 3535
3 7820 3536 3535
3 7820 7821 3536
3 7821 3537 3536
3 7821 7822 3537
3 7822 3538 3537
3 3539 7824 7823
3 3539 3538 7824
3 3538 7822 7824
3 3539 7823 3540
3 7823 3543 3541
3 7823 7824 3543
3 7824 7825 3543
3 7823 3541 3540
3 3544 7827 7826
3 3544 3543 7827
3 3543 7825 7827
3 3544 7826 3546
3 7829 7826 7827
3 7828 7826 7829
3 3548 3546 7826
3 3548 7826 7830
3 7830 7826 7828
3 3549 3548 7830
3 7831 3549 7830
3 3549 7831 3550
3 7831 3551 3550
3 6267 7832 6247
3 7832 7810 6247
3 7832 7833 7810
3 7833 7811 7810
3 7833 7834 7811
3 7834 7812 7811
3 7834 7835 7812
3 7835 7813 7812
3 7838 7837 7836
3 7836 7837 7814
3 7836 7814 7835
3 7835 7814 7813
3 7840 7838 7839
3 7840 7817 7838
3 7837 7838 7815
3 7815 7838 7817
3 7837 7815 7814
3 7839 7841 7840
3 7840 7818 7817
3 7818 7840 7841
3 7818 7841 7819
3 7819 7841 7842
3 7842 7843 7819
3 7843 7820 7819
3 7843 7844 7820
3 7844 7821 7820
3 7844 7845 7821
3 7845 7822 7821
3 7845 7846 7822
3 7846 7824 7822
3 7846 7847 7824
3 7847 7825 7824
3 7847 7848 7825
3 7848 7827 7825
3 7848 7849 7827
3 7849 7829 7827
3 7851 6285 6286
3 7850 6285 7851
3 6285 7850 7832
3 6267 6285 7832
3 7851 7852 7850
3 7850 7852 7853
3 7850 7853 7832
3 7832 7853 7833
3 7853 7854 7833
3 7854 7834 7833
3 7857 7856 7855
3 7855 7856 7835
3 7855 7835 7854
3 7854 7835 7834
3 7856 7838 7836
3 7856 7857 7838
3 7857 7858 7838
3 7856 7836 7835
3 7839 7860 7859
3 7839 7838 7860
3 7838 7858 7860
3 7839 7859 7841
3 7862 7859 7860
3 7861 7859 7862
3 7859 7861 7842
3 7841 7859 7842
3 7862 7863 7861
3 7861 7863 7864
3 7861 7864 7842
3 7842 7864 7843
3 7864 7865 7843
3 7865 7844 7843
3 7865 7866 7844
3 7866 7845 7844
3 7866 7867 7845
3 7867 7846 7845
3 7867 7868 7846
3 7868 7847 7846
3 7868 7869 7847
3 7869 7848 7847
3 7869 7870 7848
3 7870 7849 7848
3 7870 7871 7849
3 7871 7872 7849
3 6306 7873 6286
3 7873 7851 6286
3 7852 7875 7874
3 7852 7851 7875
3 7851 7873 7875
3 7852 7874 7853
3 7877 7874 7875
3 7876 7874 7877
3 7874 7876 7854
3 7853 7874 7854
3 7876 7857 7855
3 7876 7877 7857
3 7877 7878 7857
3 7876 7855 7854
3 7878 7879 7857
3 7879 7858 7857
3 7879 7880 7858
3 7880 7860 7858
3 7880 7881 7860
3 7881 7862 7860
3 7863 7883 7882
3 7863 7862 7883
3 7862 7881 7883
3 7863 7882 7864
3 7883 7884 7882
3 7882 7884 7885
3 7882 7885 7864
3 7864 7885 7865
3 7885 7886 7865
3 7886 7866 7865
3 7886 7887 7866
3 7887 7867 7866
3 7887 7888 7867
3 7888 7868 7867
3 7888 7889 7868
3 7889 7869 7868
3 7889 7890 7869
3 7890 7870 7869
3 7890 7891 7870
3 7891 7871 7870
3 7895 7892 7894
3 7893 7892 7895
3 7892 7893 7871
3 7891 7892 7871
3 6324 7896 6306
3 7896 7873 6306
3 7896 7897 7873
3 7897 7875 7873
3 7897 7898 7875
3 7898 7877 7875
3 7898 7899 7877
3 7899 7878 7877
3 7899 7900 7878
3 7900 7879 7878
3 7900 7901 7879
3 7901 7880 7879
3 7901 7902 7880
3 7902 7881 7880
3 7902 7903 7881
3 7903 7883 7881
3 7903 7884 7883
3 7904 7884 7903
3 7884 7904 7905
3 7885 7884 7905
3 7905 7906 7885
3 7906 7886 7885
3 7906 7907 7886
3 7907 7887 7886
3 7907 7908 7887
3 7908 7888 7887
3 7908 7909 7888
3 7909 7889 7888
3 7909 7910 7889
3 7910 7890 7889
3 7913 7912 7911
3 7911 7912 7891
3 7911 7891 7910
3 7910 7891 7890
3 7912 7894 7892
3 7912 7913 7894
3 7913 656 7894
3 7912 7892 7891
3 6342 7914 6324
3 7914 7896 6324
3 7914 7915 7896
3 7915 7897 7896
3 7915 7916 7897
3 7916 7898 7897
3 7916 7917 7898
3 7917 7899 7898
3 7917 7918 7899
3 7918 7900 7899
3 7918 7919 7900
3 7919 7901 7900
3 7919 7920 7901
3 7920 7902 7901
3 7920 7921 7902
3 7921 7903 7902
3 7921 7904 7903
3 7922 7904 7921
3 7904 7922 7923
3 7905 7904 7923
3 7923 7924 7905
3 7924 7906 7905
3 7924 7925 7906
3 7925 7907 7906
3 7925 7926 7907
3 7926 7908 7907
3 7926 7927 7908
3 7927 7909 7908
3 7927 7928 7909
3 7928 7910 7909
3 7913 7929 7930
3 7911 7929 7913
3 7929 7911 7910
3 7928 7929 7910
3 7931 654 656
3 7931 656 7930
3 7930 656 7913
3 6361 7932 6342
3 7932 7914 6342
3 7932 7933 7914
3 7933 7915 7914
3 7933 7934 7915
3 7934 7916 7915
3 7934 7935 7916
3 7935 7917 7916
3 7935 7936 7917
3 7936 7918 7917
3 7936 7937 7918
3 7937 7919 7918
3 7937 7938 7919
3 7938 7920 7919
3 7938 7939 7920
3 7939 7921 7920
3 7939 7922 7921
3 7940 7922 7939
3 7922 7940 7941
3 7923 7922 7941
3 7941 7942 7923
3 7942 7924 7923
3 7942 7943 7924
3 7943 7925 7924
3 7943 7944 7925
3 7944 7926 7925
3 7944 7945 7926
3 7945 7927 7926
3 7948 7947 7946
3 7946 7947 7928
3 7946 7928 7945
3 7945 7928 7927
3 7947 7930 7929
3 7947 7948 7930
3 7948 7949 7930
3 7947 7929 7928
3 7950 7931 7930
3 7949 7950 7930
3 6381 7951 6361
3 7951 7932 6361
3 7951 7952 7932
3 7952 7933 7932
3 7952 7953 7933
3 7953 7934 7933
3 7953 7954 7934
3 7954 7935 7934
3 7954 7955 7935
3 7955 7936 7935
3 7955 7956 7936
3 7956 7937 7936
3 7956 7957 7937
3 7957 7938 7937
3 7957 7958 7938
3 7958 7939 7938
3 7958 7940 7939
3 7959 7940 7958
3 7940 7959 7960
3 7941 7940 7960
3 7960 7961 7941
3 7961 7942 7941
3 7961 7962 7942
3 7962 7943 7942
3 7962 7963 7943
3 7963 7944 7943
3 7966 7965 7964
3 7964 7965 7945
3 7964 7945 7963
3 7963 7945 7944
3 7965 7948 7946
3 7965 7966 7948
3 7966 7967 7948
3 7965 7946 7945
3 7967 7968 7948
3 7968 7949 7948
3 7969 7950 7949
3 7968 7969 7949
3 6403 7970 6381
3 7970 7951 6381
3 7970 7971 7951
3 7971 7952 7951
3 7971 7972 7952
3 7972 7953 7952
3 7972 7973 7953
3 7973 7954 7953
3 7973 7974 7954
3 7974 7955 7954
3 7974 7975 7955
3 7975 7956 7955
3 7975 7976 7956
3 7976 7957 7956
3 7976 7977 7957
3 7977 7958 7957
3 7959 7979 7978
3 7959 7958 7979
3 7958 7977 7979
3 7959 7978 7960
3 7979 7980 7978
3 7978 7980 7981
3 7978 7981 7960
3 7960 7981 7961
3 7984 7983 7982
3 7982 7983 7962
3 7982 7962 7981
3 7981 7962 7961
3 7986 7983 7984
3 7985 7983 7986
3 7983 7985 7963
3 7962 7983 7963
3 7985 7966 7964
3 7985 7986 7966
3 7986 7987 7966
3 7985 7964 7963
3 7987 7988 7966
3 7988 7967 7966
3 7988 7989 7967
3 7989 7968 7967
3 7990 7969 7968
3 7989 7990 7968
3 6422 7991 6403
3 7991 7970 6403
3 7991 7992 7970
3 7992 7971 7970
3 7992 7993 7971
3 7993 7972 7971
3 7993 7994 7972
3 7994 7973 7972
3 7994 7995 7973
3 7995 7974 7973
3 7995 7996 7974
3 7996 7975 7974
3 7996 7997 7975
3 7997 7976 7975
3 7997 7998 7976
3 7998 7977 7976
3 7998 7999 7977
3 7999 7979 7977
3 7980 8001 8000
3 7980 7979 8001
3 7979 7999 8001
3 7980 8000 7981
3 8000 7984 7982
3 8000 8001 7984
3 8001 8002 7984
3 8000 7982 7981
3 8002 8003 7984
3 8003 7986 7984
3 8003 8004 7986
3 8004 7987 7986
3 8004 8005 7987
3 8005 7988 7987
3 8005 8006 7988
3 8006 7989 7988
3 8009 8008 7990
3 8007 8009 7990
3 8007 7990 7989
3 8006 8007 7989
3 6441 8010 6422
3 8010 7991 6422
3 8010 8011 7991
3 8011 7992 7991
3 8011 8012 7992
3 8012 7993 7992
3 8012 8013 7993
3 8013 7994 7993
3 8013 8014 7994
3 8014 7995 7994
3 8014 8015 7995
3 8015 7996 7995
3 8015 8016 7996
3 8016 7997 7996
3 8016 8017 7997
3 8017 7998 7997
3 8017 8018 7998
3 8018 7999 7998
3 8020 8018 8019
3 8020 8001 8018
3 8001 7999 8018
3 8019 8021 8020
3 8022 8001 8020
3 8002 8001 8022
3 8021 8023 8022
3 8020 8021 8022
3 8024 8002 8022
3 8003 8002 8024
3 8023 8025 8024
3 8022 8023 8024
3 8026 8003 8024
3 8004 8003 8026
3 8025 8027 8026
3 8024 8025 8026
3 8028 8004 8026
3 8028 8029 8004
3 8029 8005 8004
3 8026 8027 8028
3 8031 8030 8032
3 8032 8030 8009
3 8029 8033 8005
3 8033 8006 8005
3 8032 8009 8007
3 8034 8032 8007
3 8034 8007 8006
3 8033 8034 8006
3 6460 8035 6441
3 8035 8010 6441
3 8035 8036 8010
3 8036 8011 8010
3 8036 8037 8011
3 8037 8012 8011
3 8037 8038 8012
3 8038 8013 8012
3 8038 8039 8013
3 8039 8014 8013
3 8039 8040 8014
3 8040 8015 8014
3 8040 8041 8015
3 8041 8016 8015
3 8041 8042 8016
3 8042 8017 8016
3 8044 8042 8043
3 8044 8018 8042
3 8018 8017 8042
3 8043 8045 8044
3 8044 8019 8018
3 8019 8044 8045
3 8019 8045 8021
3 8021 8045 8046
3 8046 8047 8021
3 8047 8023 8021
3 8047 8048 8023
3 8048 8025 8023
3 8050 8051 8049
3 8048 8052 8025
3 8052 8027 8025
3 8055 8053 8054
3 8053 8056 8054
3 8049 8031 8057
3 8051 8031 8049
3 8029 8058 8059
3 8028 8058 8029
3 8058 8028 8027
3 8058 8027 8052
3 8060 8061 8062
3 8060 8063 8064
3 8061 8060 8064
3 8063 8055 8054
3 8063 8054 8064
3 8064 8054 8065
3 8056 3793 3794
3 8056 3794 8054
3 8054 3794 8065
3 8067 8057 8066
3 8057 8031 8032
3 8057 8032 8068
3 8057 8068 8066
3 8068 8032 8069
3 8068 8069 8033
3 8068 8033 8059
3 8059 8033 8029
3 8062 8061 8070
3 8072 8070 8061
3 8072 8061 8071
3 8071 8061 8064
3 8064 8065 8071
3 8065 8073 8071
3 8065 3794 8073
3 3794 3802 8073
3 8069 8032 8034
3 8069 8034 8033
3 8072 8071 8074
3 8071 8073 8075
3 8074 8071 8075
3 8073 3802 3809
3 8075 8073 3809
3 6478 8076 6460
3 8076 8035 6460
3 8076 8077 8035
3 8077 8036 8035
3 8077 8078 8036
3 8078 8037 8036
3 8078 8079 8037
3 8079 8038 8037
3 8079 8080 8038
3 8080 8039 8038
3 8080 8081 8039
3 8081 8040 8039
3 8081 8082 8040
3 8082 8041 8040
3 8084 8082 8083
3 8084 8042 8082
3 8042 8041 8082
3 8083 8085 8084
3 8084 8043 8042
3 8043 8084 8085
3 8043 8085 8045
3 8045 8085 8086
3 8088 8086 8087
3 8088 8046 8086
3 8046 8045 8086
3 8087 8089 8088
3 8090 8046 8088
3 8047 8046 8090
3 8089 8091 8092
3 8089 8092 8088
3 8088 8092 8090
3 8091 8093 8092
3 8094 8047 8090
3 8048 8047 8094
3 8090 8092 8094
3 8092 8095 8094
3 8093 8096 8097
3 8093 8097 8092
3 8092 8097 8095
3 8096 3814 3815
3 8097 8096 3815
3 8098 8048 8094
3 8052 8048 8098
3 8094 8095 8098
3 8095 8099 8098
3 8055 8097 8053
3 8055 8099 8097
3 8099 8095 8097
3 8053 3821 8056
3 8053 8097 3821
3 8097 3815 3821
3 8101 8067 8100
3 8058 8102 8059
3 8062 8098 8060
3 8062 8102 8098
3 8052 8098 8058
3 8058 8098 8102
3 8099 8060 8098
3 8063 8060 8099
3 8099 8055 8063
3 3821 3793 8056
3 8105 8066 8104
3 8103 8066 8105
3 8103 8067 8066
3 8103 8100 8067
3 8068 8104 8066
3 8106 8104 8068
3 8059 8106 8068
3 8059 8102 8106
3 8102 8107 8106
3 8070 8102 8062
3 8070 8108 8102
3 8108 8107 8102
3 8070 8072 8108
3 8105 8104 8109
3 8104 8106 8110
3 8109 8104 8110
3 8106 8107 8111
3 8110 8106 8111
3 662 8111 8107
3 662 8107 660
3 660 8107 8108
3 8074 8108 8072
3 8074 663 8108
3 663 660 8108
3 8075 663 8074
3 665 663 8075
3 3809 665 8075
3 667 665 3809
3 6500 8112 6478
3 8112 8076 6478
3 8112 8113 8076
3 8113 8077 8076
3 8113 8114 8077
3 8114 8078 8077
3 8114 8115 8078
3 8115 8079 8078
3 8115 8116 8079
3 8116 8080 8079
3 8118 8116 8117
3 8118 8081 8116
3 8081 8080 8116
3 8117 8119 8118
3 8120 8081 8118
3 8082 8081 8120
3 8119 8121 8120
3 8118 8119 8120
3 8120 8083 8082
3 8083 8120 8121
3 8083 8121 8085
3 8085 8121 8122
3 8124 8122 8123
3 8124 8086 8122
3 8086 8085 8122
3 8123 8125 8124
3 8124 8087 8086
3 8087 8127 8089
3 8124 8127 8087
3 8124 8126 8127
3 8124 8125 8126
3 8126 8128 8129
3 8127 8126 8129
3 8128 3883 3884
3 8129 8128 3884
3 8127 8091 8089
3 8091 8130 8093
3 8091 8127 8130
3 8127 8129 8130
3 8129 3884 8130
3 3884 3906 8130
3 8130 8096 8093
3 3906 8096 8130
3 3814 8096 3906
3 8133 8132 8131
3 8131 8135 8134
3 8132 8135 8131
3 8134 8137 8136
3 8135 8137 8134
3 8136 8139 8138
3 8137 8139 8136
3 8138 8139 8140
3 8142 8132 8133
3 8141 8132 8142
3 8132 8141 8135
3 8135 8141 8143
3 8135 8143 8137
3 8137 8143 8144
3 8137 8144 8139
3 8139 8144 8145
3 8140 3958 3957
3 8140 8139 3958
3 8139 8145 3958
3 8146 8148 8149
3 8147 8146 8149
3 672 8142 674
3 672 8111 8142
3 672 8110 8111
3 8111 8141 8142
3 8111 662 675
3 8111 675 8141
3 8141 675 8143
3 8143 675 8144
3 8144 675 676
3 8144 676 8145
3 8145 676 677
3 8145 677 3958
3 3958 677 678
3 6519 8150 6500
3 8150 8112 6500
3 8150 8151 8112
3 8151 8113 8112
3 8151 8152 8113
3 8152 8114 8113
3 8152 8153 8114
3 8153 8115 8114
3 8155 8153 8154
3 8155 8116 8153
3 8116 8115 8153
3 8154 8156 8155
3 8155 8117 8116
3 8117 8155 8156
3 8117 8156 8119
3 8119 8156 8157
3 8159 8157 8158
3 8159 8121 8157
3 8121 8119 8157
3 8158 8160 8159
3 8161 8121 8159
3 8122 8121 8161
3 8160 8162 8163
3 8160 8163 8159
3 8159 8163 8161
3 8162 8164 8163
3 8161 8123 8122
3 8123 8165 8125
3 8123 8161 8165
3 8161 8163 8165
3 8164 8166 8167
3 8164 8167 8163
3 8163 8167 8165
3 8166 3980 3981
3 8167 8166 3981
3 8165 8126 8125
3 8167 8126 8165
3 8128 8126 8167
3 3981 8128 8167
3 3883 8128 3981
3 8170 8169 8168
3 8168 8172 8171
3 8169 8172 8168
3 8171 8174 8173
3 8172 8174 8171
3 8173 8176 8175
3 8174 8176 8173
3 8175 4015 4014
3 8176 4015 8175
3 8169 8133 8131
3 8169 8170 8133
3 8170 8177 8133
3 8172 8169 8131
3 8134 8172 8131
3 8174 8172 8134
3 8136 8174 8134
3 8176 8174 8136
3 8138 8176 8136
3 8138 8140 4017
3 8138 4017 8176
3 8176 4017 4015
3 8178 8179 8142
3 8178 8142 8177
3 8177 8142 8133
3 4017 8140 3957
3 8179 687 674
3 8142 8179 674
3 8180 6519 6544
3 8150 6519 8180
3 5605 5608 8180
3 6544 5605 8180
3 8181 8150 8180
3 8151 8150 8181
3 5608 5610 8181
3 8180 5608 8181
3 8182 8151 8181
3 8152 8151 8182
3 5610 5613 8182
3 8181 5610 8182
3 8183 8152 8182
3 8153 8152 8183
3 5613 5616 8183
3 8182 5613 8183
3 8183 8154 8153
3 8154 8183 5616
3 8154 5616 8156
3 8156 5616 5621
3 8184 5621 5627
3 8184 8157 5621
3 8157 8156 5621
3 5627 5629 8184
3 8184 8158 8157
3 8158 8185 8160
3 8184 8185 8158
3 8184 5632 8185
3 8184 5629 5632
3 5632 5633 8186
3 8185 5632 8186
3 5633 4041 4042
3 8186 5633 4042
3 8185 8162 8160
3 8162 8187 8164
3 8162 8185 8187
3 8185 8186 8187
3 8186 4042 8187
3 4042 4058 8187
3 8187 8166 8164
3 4058 8166 8187
3 3980 8166 4058
3 8168 8188 8170
3 8171 8188 8168
3 8189 8188 8171
3 8173 8189 8171
3 8190 8189 8173
3 8175 8190 8173
3 8191 8190 8175
3 4014 8191 8175
3 4089 8191 4014
3 8193 8194 8192
3 8193 8170 8194
3 8193 8177 8170
3 8188 8194 8170
3 8188 8189 8195
3 8194 8188 8195
3 8189 8190 5635
3 8195 8189 5635
3 8190 8191 5637
3 5635 8190 5637
3 8191 4089 4090
3 5637 8191 4090
3 8193 8178 8177
3 8196 8198 8197
3 8197 8198 8199
3 2238 8200 8201
3 8202 2238 8201
3 8201 8203 8202
3 8203 8204 8202
3 8206 8207 8205
3 8206 8204 8207
3 8204 8203 8207
3 8206 8205 8208
3 8207 8209 8205
3 8212 8210 8211
3 8209 8212 8211
3 8209 8211 8208
3 8209 8208 8205
3 8211 8210 8213
3 8217 8216 8214
3 8215 8217 8214
3 8220 8219 8221
3 8220 8210 8219
3 8218 8219 8212
3 8212 8219 8210
3 8224 8222 8223
3 8220 8224 8223
3 8220 8223 8213
3 8220 8213 8210
3 8222 8227 8225
3 8222 8225 8223
3 8223 8225 8226
3 8225 8228 8226
3 8226 8228 8229
3 8231 8232 8229
3 8231 8229 8230
3 8230 8229 8228
3 8230 8233 8231
3 8237 8236 8234
3 8235 8237 8234
3 8234 8217 8235
3 8216 8217 8234
3 8219 8238 8221
3 8240 8222 8224
3 8239 8222 8240
3 8227 8242 8241
3 8227 8239 8242
3 8227 8222 8239
3 8239 8243 8242
3 8246 8245 8244
3 8246 8241 8245
3 8241 8242 8245
3 8244 8247 8248
3 8245 8247 8244
3 8245 8231 8247
3 8245 8232 8231
3 8231 8233 8247
3 8251 8249 8250
3 8249 8252 8250
3 8255 8253 8254
3 8253 8256 8254
3 8253 8237 8256
3 8253 8236 8237
3 8237 8257 8256
3 8259 8258 8260
3 8258 8261 8263
3 8258 8259 8261
3 8259 8262 8261
3 8239 8240 8261
3 8239 8261 8264
3 8264 8261 8262
3 8239 8264 8243
3 8246 8244 8265
3 8244 8248 8265
3 8251 8250 8266
3 8250 8252 8266
3 8268 8255 8254
3 8267 8268 8254
3 8254 8256 8267
3 8256 8269 8267
3 8260 8258 8271
3 8260 8271 2239
3 2239 8271 8270
3 8258 8263 8271
3 8268 8267 8272
3 8274 8272 8267
3 8274 8267 8273
3 8273 8267 8269
3 8274 8273 8275
3 8196 8276 8198
3 8276 8199 8198
3 8200 8277 8201
3 8277 8278 8279
3 8277 8279 8201
3 8201 8279 8203
3 8279 8280 8203
3 8280 8207 8203
3 8209 8282 8281
3 8209 8207 8282
3 8207 8280 8282
3 8209 8281 8212
3 8214 8216 8283
3 8285 8282 8284
3 8285 8286 8282
3 8281 8282 8218
3 8218 8282 8286
3 8284 8288 8285
3 8218 8212 8281
3 8287 8220 8221
3 8220 8287 8224
3 8227 8290 8289
3 8225 8227 8289
3 8292 8291 8228
3 8292 8228 8289
3 8289 8228 8225
3 8230 8228 8291
3 8293 8230 8291
3 8230 8293 8233
3 8296 8294 8295
3 8285 8238 8286
3 8221 8297 8287
3 8221 8238 8297
3 8288 8297 8285
3 8285 8297 8238
3 8287 8240 8224
3 8287 8298 8240
3 8287 8297 8298
3 8298 8299 8240
3 8298 8300 8299
3 8298 8227 8300
3 8298 8290 8227
3 8227 8241 8300
3 8292 8301 8291
3 8300 8241 8246
3 8302 8248 8301
3 8302 8303 8248
3 8301 8248 8291
3 8247 8293 8248
3 8291 8248 8293
3 8302 8304 8305
3 8302 8305 8303
3 8247 8233 8293
3 8307 8305 8304
3 8306 8249 8251
3 8249 8306 8252
3 8310 8308 8309
3 8295 8253 8255
3 8296 8295 8255
3 8296 8255 8309
3 8296 8309 8308
3 8263 8311 8312
3 8261 8311 8263
3 8240 8311 8261
3 8240 8313 8311
3 8240 8299 8313
3 8313 8314 8311
3 8299 8300 8313
3 8300 8315 8313
3 8265 8300 8246
3 8265 8316 8300
3 8316 8315 8300
3 8316 8317 8318
3 8265 8317 8316
3 8265 8303 8317
3 8265 8248 8303
3 8303 8305 8319
3 8317 8303 8319
3 8305 8307 8319
3 8251 8266 8306
3 8306 8266 8252
3 8321 8310 8309
3 8320 8321 8309
3 8322 8323 8324
3 8322 8270 8323
3 8270 8271 8323
3 8323 8271 8263
3 8312 8323 8263
3 8314 8313 8325
3 8313 8315 8326
3 8325 8313 8326
3 8315 8316 8327
3 8326 8315 8327
3 8316 8318 8327
3 8329 8321 8320
3 8328 8329 8320
3 8322 8324 8330
3 8329 8328 8331
3 8334 8331 8328
3 8334 8328 8333
3 8333 8328 8332
3 8334 8333 8335
3 8333 8336 8335
3 8278 8337 8279
3 8337 8338 8280
3 8279 8337 8280
3 8338 8339 8340
3 8338 8340 8280
3 8280 8340 8282
3 8342 8343 8341
3 8340 8284 8282
3 8344 8284 8340
3 8284 8344 8345
3 8288 8284 8345
3 8289 8290 8346
3 8289 8346 8292
3 8296 8348 8347
3 8294 8296 8347
3 8345 8297 8288
3 8349 8297 8345
3 8349 8350 8297
3 8297 8350 8298
3 8290 8351 8346
3 8290 8298 8351
3 8298 8350 8351
3 8346 8301 8292
3 8346 8351 8301
3 8351 8352 8301
3 8352 8353 8301
3 8301 8353 8302
3 8353 8354 8302
3 8302 8354 8304
3 8356 8307 8304
3 8356 8304 8355
3 8355 8304 8354
3 8355 8357 8356
3 8360 8358 8359
3 8310 8359 8358
3 8310 8358 8308
3 8308 8358 8361
3 8311 8362 8312
3 8311 8314 8362
3 8317 8363 8318
3 8319 8363 8317
3 8364 8363 8319
3 8307 8364 8319
3 8307 8356 8364
3 8356 8365 8364
3 8357 8366 8365
3 8356 8357 8365
3 8368 8360 8359
3 8367 8368 8359
3 8323 8369 8324
3 8369 8370 8371
3 8323 8370 8369
3 8323 8362 8370
3 8323 8312 8362
3 8362 8314 8325
3 8362 8325 8370
3 8370 8325 8372
3 8372 8325 8373
3 8325 8326 8373
3 8373 8326 8374
3 8326 8327 8374
3 8318 8363 8375
3 8318 8375 8327
3 8327 8375 8374
3 8363 8364 8376
3 8375 8363 8376
3 8364 8365 8377
3 8376 8364 8377
3 8365 8366 8377
3 8379 8368 8367
3 8378 8379 8367
3 8324 8369 8381
3 8324 8381 8330
3 8330 8381 8380
3 8369 8371 8381
3 8383 8379 8378
3 8382 8383 8378
3 8383 8382 8384
3 8382 8385 8386
3 8384 8382 8386
3 8339 8387 8340
3 8390 8389 8344
3 8388 8390 8344
3 8388 8344 8340
3 8388 8340 8387
3 8344 8389 8345
3 8392 8389 8390
3 8391 8389 8392
3 8345 8389 8391
3 8345 8391 8393
3 8345 8393 8349
3 8394 8393 8391
3 8396 8395 8350
3 8396 8350 8393
3 8393 8350 8349
3 8395 8398 8397
3 8395 8397 8350
3 8350 8397 8351
3 8397 8399 8351
3 8351 8399 8352
3 8399 8400 8352
3 8352 8400 8353
3 8402 8401 8354
3 8402 8354 8400
3 8400 8354 8353
3 8355 8354 8401
3 8403 8355 8401
3 8355 8403 8357
3 8392 8404 8391
3 8391 8404 8394
3 8396 8405 8395
3 8395 8405 8398
3 8402 8406 8401
3 8401 8407 8403
3 8406 8407 8401
3 8403 8407 8408
3 8403 8408 8357
3 8357 8408 8366
3 8370 8409 8371
3 8372 8409 8370
3 8410 8409 8372
3 8373 8410 8372
3 8411 8410 8373
3 8411 8412 8413
3 8411 8373 8412
3 8373 8374 8412
3 8415 8375 8414
3 8415 8412 8375
3 8412 8374 8375
3 8414 8416 8417
3 8414 8375 8416
3 8375 8376 8416
3 8416 8376 8418
3 8376 8377 8418
3 8418 8377 8366
3 8418 8366 8408
3 8419 8420 8421
3 8381 8422 8380
3 8423 8422 8381
3 8423 8424 8425
3 8381 8424 8423
3 8381 8409 8424
3 8381 8371 8409
3 8409 8410 8426
3 8424 8409 8426
3 8410 8411 8427
3 8426 8410 8427
3 8411 8413 8427
3 8415 8414 8428
3 8414 8417 8428
3 8430 8421 8420
3 8429 8430 8420
3 8422 8423 8432
3 8431 8422 8432
3 8423 8425 8432
3 8430 8429 8433
3 4282 8433 8429
3 4282 8429 4280
3 4280 8429 8434
3 8388 8435 8436
3 8390 8388 8436
3 8438 8436 8437
3 8438 8392 8436
3 8392 8390 8436
3 8440 8438 8437
3 8439 8393 8394
3 8393 8439 8396
3 8397 8398 8441
3 8399 8397 8441
3 8442 8399 8441
3 8400 8399 8442
3 8443 8400 8442
3 8400 8443 8402
3 8438 8404 8392
3 8394 8444 8439
3 8394 8404 8444
3 8440 8444 8438
3 8438 8444 8404
3 8439 8405 8396
3 8439 8444 8405
3 8444 8445 8405
3 8398 8446 8441
3 8398 8405 8446
3 8405 8445 8446
3 8441 8447 8442
3 8446 8447 8441
3 8442 8448 8443
3 8447 8448 8442
3 8450 8449 8406
3 8448 8450 8406
3 8448 8406 8402
3 8448 8402 8443
3 8407 8406 8449
3 8451 8407 8449
3 8412 8452 8413
3 8412 8415 8452
3 8449 8417 8416
3 8449 8450 8417
3 8450 8453 8417
3 8456 8427 8455
3 8456 8454 8427
3 8454 8426 8427
3 8455 8457 8458
3 8427 8457 8455
3 8427 8452 8457
3 8427 8413 8452
3 8452 8415 8428
3 8452 8428 8457
3 8457 8428 8459
3 8459 8428 8417
3 8453 8459 8417
3 3619 8460 4289
3 3619 8431 8460
3 8431 8432 8460
3 8425 8461 8462
3 8425 8462 8432
3 8432 8462 8460
3 8461 8463 8462
3 8456 8455 8464
3 8455 8458 8464
3 8465 8467 8466
3 8467 8469 8468
3 8466 8467 8468
3 8468 8469 8470
3 8435 8471 8472
3 8436 8435 8472
3 8474 8475 8473
3 8437 8477 8476
3 8437 8436 8477
3 8436 8472 8477
3 8437 8476 8440
3 8477 8478 8476
3 8480 8479 8444
3 8478 8480 8444
3 8478 8444 8440
3 8478 8440 8476
3 8445 8444 8479
3 8481 8445 8479
3 8446 8445 8481
3 8482 8446 8481
3 8447 8446 8482
3 8483 8447 8482
3 8448 8447 8483
3 8484 8448 8483
3 8448 8484 8450
3 8487 8483 8485
3 8487 8486 8483
3 8486 8484 8483
3 8484 8486 8453
3 8450 8484 8453
3 8488 8487 8489
3 8488 8459 8487
3 8488 8457 8459
3 8459 8486 8487
3 8486 8459 8453
3 8490 8491 8492
3 4306 8464 4304
3 8494 8464 4306
3 8494 8456 8464
3 8494 8493 8456
3 4304 8495 4307
3 8464 8495 4304
3 8464 8488 8495
3 8464 8458 8488
3 8488 8489 8495
3 8465 8496 8467
3 8496 8497 8469
3 8467 8496 8469
3 8497 8470 8469
3 8498 8500 8499
3 8500 8502 8501
3 8499 8500 8501
3 8471 8501 8502
3 8471 8502 8472
3 8472 8502 8503
3 8503 8504 8472
3 8504 8477 8472
3 8478 8506 8505
3 8478 8477 8506
3 8477 8504 8506
3 8478 8505 8480
3 8485 8507 8508
3 8487 8485 8508
3 8509 8511 8510
3 8511 8513 8512
3 8510 8511 8512
3 8498 8512 8513
3 8498 8513 8500
3 8500 8513 8514
3 8514 8515 8500
3 8515 8502 8500
3 8515 8516 8502
3 8516 8503 8502
3 8516 8517 8503
3 8517 8504 8503
3 8519 8520 8518
3 8517 8521 8504
3 8521 8506 8504
3 8524 8522 8523
3 8525 8508 8507
3 8528 8526 8527
3 8529 8531 8530
3 8531 8533 8532
3 8530 8531 8532
3 8533 8535 8534
3 8532 8533 8534
3 8509 8534 8535
3 8509 8535 8511
3 8511 8535 8536
3 8537 8538 8513
3 8537 8513 8536
3 8536 8513 8511
3 8538 8539 8540
3 8538 8540 8513
3 8513 8540 8514
3 8540 8541 8514
3 8541 8515 8514
3 8541 8542 8515
3 8542 8516 8515
3 8542 8543 8516
3 8543 8517 8516
3 8543 8544 8517
3 8544 8521 8517
3 8522 8524 8545
3 8544 8546 8521
3 8546 8547 8521
3 8548 8550 8549
3 8529 8549 8550
3 8529 8550 8531
3 8531 8550 8551
3 8551 8552 8531
3 8552 8533 8531
3 8555 8553 8554
3 8552 8556 8533
3 8556 8535 8533
3 8556 8557 8535
3 8557 8536 8535
3 8558 8537 8536
3 8558 8536 8559
3 8559 8536 8557
3 8560 8558 8559
3 8561 8540 8539
3 8561 8562 8563
3 8561 8563 8540
3 8540 8563 8541
3 8564 8565 8542
3 8564 8542 8563
3 8563 8542 8541
3 8565 8566 8543
3 8542 8565 8543
3 8566 8567 8544
3 8543 8566 8544
3 8567 8568 8569
3 8567 8569 8544
3 8544 8569 8546
3 8571 8572 8570
3 8571 8570 8573
3 8576 8574 8575
3 8577 8579 8578
3 8548 8578 8579
3 8548 8579 8550
3 8550 8579 8580
3 8580 8581 8550
3 8581 8551 8550
3 8581 8582 8551
3 8582 8552 8551
3 8582 8583 8552
3 8583 8556 8552
3 8583 8584 8556
3 8584 8557 8556
3 8585 8586 8559
3 8585 8559 8584
3 8584 8559 8557
3 8586 8560 8559
3 8562 8587 8563
3 8587 8564 8563
3 8568 8588 8569
3 8588 8591 8569
3 8589 8592 8590
3 1222 8594 8593
3 603 1222 8593
3 8577 8593 8594
3 8577 8594 8579
3 8579 8594 8595
3 8595 8596 8579
3 8596 8580 8579
3 8596 8597 8580
3 8597 8581 8580
3 8597 8598 8581
3 8598 8582 8581
3 8598 8599 8582
3 8599 8583 8582
3 8600 8601 8584
3 8600 8584 8599
3 8599 8584 8583
3 8601 8585 8584
3 8604 8602 8603
3 8589 8605 8592
3 1231 8606 1222
3 8606 8594 1222
3 8609 8607 8608
3 8606 8610 8594
3 8610 8595 8594
3 8610 8611 8595
3 8611 8596 8595
3 8611 8612 8596
3 8612 8597 8596
3 8612 8613 8597
3 8613 8598 8597
3 8614 8615 8599
3 8614 8599 8613
3 8613 8599 8598
3 8615 8600 8599
3 8619 8620 8617
3 8619 8617 8618
3 8618 8617 8616
3 8623 8619 8618
3 8621 8622 8624
3 1242 8625 1231
3 8625 8606 1231
3 8625 8626 8606
3 8626 8610 8606
3 8626 8627 8610
3 8627 8611 8610
3 8627 8628 8611
3 8628 8612 8611
3 8628 8629 8612
3 8629 8613 8612
3 8630 8614 8613
3 8630 8613 8631
3 8631 8613 8629
3 8634 8632 8633
3 8631 8636 8635
3 8630 8631 8635
3 8635 8636 8637
3 8638 8640 8639
3 8639 8640 8641
3 8642 8644 8643
3 8644 8646 8645
3 8643 8644 8645
3 8646 8616 8645
3 8646 8647 8616
3 8647 8618 8616
3 8648 1242 1256
3 8625 1242 8648
3 1257 8649 8648
3 1256 1257 8648
3 8650 8625 8648
3 8650 8651 8625
3 8651 8626 8625
3 8648 8649 8650
3 8651 8652 8626
3 8652 8627 8626
3 8652 8653 8627
3 8653 8628 8627
3 8653 8654 8628
3 8654 8629 8628
3 8654 8655 8629
3 8655 8631 8629
3 8656 8657 8636
3 8656 8636 8655
3 8655 8636 8631
3 8657 8637 8636
3 8658 8660 8659
3 8638 8659 8660
3 8638 8660 8640
3 8640 8660 8661
3 8662 8641 8640
3 8662 8640 8663
3 8663 8640 8661
3 8663 8665 8664
3 8662 8663 8664
3 8642 8664 8665
3 8642 8665 8644
3 8644 8665 8666
3 8666 8667 8644
3 8667 8646 8644
3 8667 8647 8646
3 8668 8647 8667
3 2703 1266 1267
3 8669 1266 2703
3 1266 8669 8649
3 1257 1266 8649
3 8670 2703 2705
3 8670 8651 2703
3 8669 2703 8650
3 8650 2703 8651
3 8669 8650 8649
3 2705 2707 8670
3 8671 8651 8670
3 8652 8651 8671
3 2707 2710 8671
3 8670 2707 8671
3 8674 8672 8673
3 2712 8652 8671
3 2712 2714 8652
3 2714 8653 8652
3 8671 2710 2712
3 2714 2716 8653
3 2716 8654 8653
3 2716 2718 8654
3 2718 8655 8654
3 8675 8656 8655
3 8675 8655 2720
3 2720 8655 2718
3 2720 2722 8676
3 8675 2720 8676
3 2722 2724 8677
3 8676 2722 8677
3 8658 8677 2724
3 8658 2724 8660
3 8660 2724 2726
3 2726 2728 8660
3 2728 8661 8660
3 2728 2730 8661
3 2730 8663 8661
3 2730 2733 8663
3 2733 8665 8663
3 8678 2733 2739
3 8678 8666 2733
3 8666 8665 2733
3 2739 2740 8678
3 2742 8666 8678
3 2742 2744 8666
3 2744 8667 8666
3 8678 2740 2742
3 2744 8668 8667
3 2746 8668 2744
3 8681 8680 7120
3 8681 7120 8679
3 8679 7120 7119
3 7120 8680 7121
3 8680 7122 7121
3 8680 8682 7122
3 8682 8683 7122
3 8685 8684 7123
3 8685 7123 8683
3 8683 7123 7122
3 7123 8684 7124
3 8688 8687 7125
3 8686 8688 7125
3 8686 7125 7124
3 8686 7124 8684
3 7125 8687 7127
3 8689 8691 8690
3 8690 7131 8692
3 7131 8690 8691
3 7131 8691 7133
3 7133 8691 8693
3 8693 8694 7133
3 8694 7137 7133
3 8696 8694 8695
3 8696 7138 8694
3 7138 7137 8694
3 7679 8679 7675
3 7679 8697 8679
3 8697 8698 8679
3 8679 8698 8699
3 8681 8679 8699
3 8700 8701 8682
3 8682 8701 8683
3 8683 8701 8702
3 8685 8683 8702
3 8686 8703 8688
3 8704 8706 8705
3 8705 8689 8707
3 8689 8709 8691
3 8705 8709 8689
3 8705 8708 8709
3 8705 8706 8708
3 8708 8710 8709
3 8711 8691 8709
3 8693 8691 8711
3 8710 8712 8711
3 8709 8710 8711
3 8713 8693 8711
3 8694 8693 8713
3 8712 8714 8713
3 8711 8712 8713
3 8713 8695 8694
3 8695 8713 8714
3 7686 8697 7685
3 7686 8715 8697
3 8715 8698 8697
3 8717 8699 8698
3 8717 8698 8716
3 8716 8698 8715
3 8716 8718 8717
3 8718 8700 8717
3 8718 8719 8700
3 8719 8701 8700
3 8701 8719 8720
3 8702 8701 8720
3 8720 8721 8702
3 8721 8722 8702
3 8723 8725 8724
3 8724 8704 8726
3 8704 8728 8706
3 8724 8728 8704
3 8724 8727 8728
3 8724 8725 8727
3 8727 8729 8728
3 8728 8708 8706
3 8708 8728 8729
3 8708 8729 8710
3 8710 8729 8730
3 8730 8731 8710
3 8731 8712 8710
3 7696 8715 7686
3 7698 8715 7696
3 8716 8715 7698
3 8716 8733 8718
3 7698 8733 8716
3 7698 8732 8733
3 7698 7699 8732
3 8732 8734 8735
3 8733 8732 8735
3 8734 8736 8735
3 8733 8719 8718
3 8719 8737 8720
3 8719 8733 8737
3 8733 8735 8737
3 8736 8738 8737
3 8735 8736 8737
3 8739 8720 8737
3 8721 8720 8739
3 8738 8740 8741
3 8738 8741 8737
3 8737 8741 8739
3 8740 8742 8741
3 8744 8739 8741
3 8744 8746 8739
3 8744 8745 8746
3 8746 8743 8739
3 8742 8744 8741
3 8747 8748 8749
3 8747 8750 8748
3 8749 8748 8751
3 8748 8750 8751
3 8753 8755 8757
3 8752 8755 8753
3 8752 8754 8755
3 8752 8756 8754
3 8754 8758 8755
3 8755 8723 8757
3 8723 8755 8758
3 8723 8758 8725
3 8725 8758 8759
3 8759 8727 8725
3 8760 8727 8759
3 8727 8760 8761
3 8729 8727 8761
3 8761 8762 8729
3 8762 8730 8729
3 8762 8763 8730
3 8763 8731 8730
3 7711 8732 7699
3 7713 8732 7711
3 8734 8732 7713
3 8734 8764 8736
3 8734 7713 8764
3 7713 7715 8764
3 7716 8765 8766
3 7716 8766 7715
3 7715 8766 8764
3 8765 8767 8768
3 8766 8765 8768
3 8767 8769 8770
3 8768 8767 8770
3 8769 8771 8772
3 8770 8769 8772
3 8771 8773 8774
3 8772 8771 8774
3 8773 8775 8776
3 8774 8773 8776
3 8775 8777 8776
3 8778 8736 8764
3 8738 8736 8778
3 8764 8766 8778
3 8766 8779 8778
3 8766 8768 8779
3 8768 8780 8779
3 8768 8770 8780
3 8770 8781 8780
3 8770 8772 8781
3 8772 8782 8781
3 8772 8774 8782
3 8774 8783 8782
3 8774 8776 8783
3 8776 8784 8783
3 8777 8785 8786
3 8777 8786 8776
3 8776 8786 8784
3 8778 8740 8738
3 8740 8787 8742
3 8740 8778 8787
3 8778 8779 8787
3 8779 8780 8787
3 8780 8788 8787
3 8780 8781 8788
3 8781 8789 8788
3 8781 8782 8789
3 8782 8790 8789
3 8782 8783 8790
3 8783 8791 8790
3 8783 8784 8791
3 8784 8792 8791
3 8784 8786 8792
3 8786 8793 8792
3 8744 8794 8745
3 8749 8787 8747
3 8749 8794 8787
3 8742 8787 8744
3 8744 8787 8794
3 8747 8795 8750
3 8747 8787 8795
3 8787 8788 8795
3 8788 8789 8795
3 8789 8796 8795
3 8789 8790 8796
3 8790 8797 8796
3 8790 8791 8797
3 8791 8798 8797
3 8791 8792 8798
3 8792 8799 8798
3 8792 8793 8799
3 8793 8800 8799
3 8749 8801 8794
3 8749 8802 8801
3 8749 8751 8802
3 8803 8801 8802
3 8750 8795 8804
3 8750 8804 8751
3 8751 8804 8802
3 8806 8804 8795
3 8806 8795 8805
3 8805 8795 8796
3 8796 8797 8805
3 8797 8807 8805
3 8797 8798 8807
3 8798 8808 8807
3 8809 8810 8808
3 8809 8808 8799
3 8799 8808 8798
3 8799 8800 8811
3 8809 8799 8811
3 8803 8812 8801
3 8813 8814 8815
3 8813 8816 8814
3 8806 8805 8817
3 8805 8807 8818
3 8817 8805 8818
3 8807 8808 8819
3 8818 8807 8819
3 8808 8810 8819
3 8821 8820 8822
3 8821 8822 8756
3 8756 8822 8823
3 8815 8814 8824
3 8814 8816 8824
3 8823 8754 8756
3 8825 8754 8823
3 8754 8825 8826
3 8758 8754 8826
3 8826 8827 8758
3 8827 8759 8758
3 8760 8829 8828
3 8760 8759 8829
3 8759 8827 8829
3 8760 8828 8761
3 8829 8830 8828
3 8828 8830 8831
3 8828 8831 8761
3 8761 8831 8762
3 7727 8765 7716
3 7729 8765 7727
3 8767 8765 7729
3 7731 8767 7729
3 8769 8767 7731
3 7733 8769 7731
3 8771 8769 7733
3 7735 8771 7733
3 8773 8771 7735
3 7737 8773 7735
3 8775 8773 7737
3 8775 8833 8777
3 7737 8833 8775
3 7737 8832 8833
3 7737 7738 8832
3 8833 8785 8777
3 8802 8834 8803
3 8804 8834 8802
3 8835 8834 8804
3 8804 8806 8835
3 8809 8836 8810
3 8811 8836 8809
3 8837 8836 8811
3 8812 8838 8822
3 8815 8834 8813
3 8815 8838 8834
3 8803 8834 8812
3 8812 8834 8838
3 8813 8839 8816
3 8813 8834 8839
3 8834 8835 8839
3 8806 8839 8835
3 8806 8840 8839
3 8806 8817 8840
3 8841 8839 8840
3 8840 8817 8842
3 8817 8818 8842
3 8842 8818 8843
3 8818 8819 8843
3 8810 8843 8819
3 8810 8844 8843
3 8810 8836 8844
3 8844 8845 8843
3 8836 8837 8844
3 8837 8846 8844
3 8847 8822 8838
3 8823 8822 8847
3 8815 8847 8838
3 8815 8848 8847
3 8815 8824 8848
3 8849 8847 8848
3 8816 8839 8850
3 8816 8850 8824
3 8824 8850 8848
3 8839 8841 8850
3 8845 8844 8851
3 8844 8846 8852
3 8851 8844 8852
3 8825 8855 8854
3 8825 8823 8855
3 8853 8855 8847
3 8847 8855 8823
3 8853 8847 8849
3 8854 8826 8825
3 8855 8856 8854
3 8854 8856 8857
3 8854 8857 8826
3 8826 8857 8827
3 8857 8858 8827
3 8858 8829 8827
3 8830 8860 8859
3 8830 8829 8860
3 8829 8858 8860
3 8830 8859 8831
3 8860 8861 8859
3 7740 8832 7738
3 7740 7739 8832
3 8840 8862 8841
3 8842 8862 8840
3 8863 8862 8842
3 8843 8863 8842
3 8864 8863 8843
3 8843 8845 8864
3 8848 8865 8849
3 8850 8865 8848
3 8866 8865 8850
3 8841 8866 8850
3 8841 8862 8866
3 8862 8867 8866
3 8862 8863 8867
3 8863 8868 8867
3 8863 8864 8868
3 8864 8869 8868
3 8845 8869 8864
3 8845 8870 8869
3 8845 8851 8870
3 8871 8869 8870
3 8870 8851 8872
3 8851 8852 8872
3 8853 8873 8855
3 8873 8874 8875
3 8853 8874 8873
3 8853 8865 8874
3 8853 8849 8865
3 8865 8866 8876
3 8874 8865 8876
3 8866 8867 8877
3 8876 8866 8877
3 8867 8868 8878
3 8877 8867 8878
3 8868 8869 8879
3 8878 8868 8879
3 8869 8871 8879
3 8873 8856 8855
3 8856 8873 8875
3 8856 8875 8857
3 8857 8875 8880
3 8880 8881 8857
3 8881 8858 8857
3 8870 8882 8871
3 8882 8883 8884
3 8882 8870 8883
3 8870 8872 8883
3 8874 8885 8875
3 8876 8885 8874
3 8886 8885 8876
3 8877 8886 8876
3 8887 8886 8877
3 8887 8888 8889
3 8887 8877 8888
3 8877 8878 8888
3 8888 8878 8890
3 8878 8879 8890
3 8871 8882 8891
3 8871 8891 8879
3 8879 8891 8890
3 8882 8884 8891
3 8892 8875 8885
3 8892 8893 8875
3 8893 8880 8875
3 8885 8886 8894
3 8892 8885 8894
3 8886 8887 8895
3 8894 8886 8895
3 8887 8889 8895
3 8893 8896 8880
3 8896 8881 8880
3 8883 8897 8884
3 8888 8898 8889
3 8898 8899 8900
3 8898 8888 8899
3 8888 8890 8899
3 8899 8890 8901
3 8890 8891 8901
3 8884 8897 8902
3 8884 8902 8891
3 8891 8902 8901
3 8893 8903 8904
3 8892 8903 8893
3 8906 8894 8905
3 8906 8903 8894
3 8903 8892 8894
3 8905 8907 8908
3 8905 8894 8907
3 8894 8895 8907
3 8889 8898 8909
3 8889 8909 8895
3 8895 8909 8907
3 8898 8900 8909
3 8910 8896 8904
3 8904 8896 8893
3 8906 8905 8911
3 8905 8908 8911
3 8899 8912 8900
3 8901 8912 8899
3 8913 8912 8901
3 8902 8913 8901
3 8914 8913 8902
3 8908 8915 8916
3 8907 8915 8908
3 8915 8907 8917
3 8907 8909 8917
3 8900 8912 8918
3 8900 8918 8909
3 8909 8918 8917
3 8912 8913 8919
3 8918 8912 8919
3 8913 8914 8920
3 8919 8913 8920
3 8910 8921 8922
3 8910 8904 8921
3 8921 8906 8911
3 8921 8911 8922
3 8925 2736 2735
3 8925 2741 2736
3 4564 2752 2751
3 8926 2762 2761
3 8926 2763 2762
3 8925 2770 8927
3 2735 2770 8925
3 8927 2741 8925
3 2771 2741 8927
3 2752 8928 2774
3 2752 4564 8928
3 4564 4584 8928
3 8929 2774 8928
3 2775 2774 8929
3 8930 2775 8929
3 2776 2775 8930
3 8931 2776 8930
3 2777 2776 8931
3 8932 2777 8931
3 2778 2777 8932
3 8932 2779 2778
3 2761 2785 8926
3 2785 2763 8926
3 8933 2795 2794
3 2795 8927 2770
3 2795 8933 8927
3 8933 8934 8927
3 2771 8935 2799
3 2771 8927 8935
3 8927 8934 8935
3 4245 2799 8935
3 2800 2799 4245
3 4601 8936 4584
3 8936 8928 4584
3 8936 8937 8928
3 8937 8929 8928
3 8937 8938 8929
3 8938 8930 8929
3 8938 8939 8930
3 8939 8931 8930
3 8939 8940 8931
3 8940 8932 8931
3 2779 8941 2801
3 2779 8932 8941
3 8932 8940 8941
3 8942 2801 8941
3 2802 2801 8942
3 8943 2802 8942
3 2803 2802 8943
3 8944 2803 8943
3 2804 2803 8944
3 8944 2805 2804
3 8945 2811 2810
3 8948 8947 8946
3 2811 8933 2794
3 8945 8933 2811
3 8945 8947 8933
3 8945 8946 8947
3 8948 8949 8947
3 8947 8949 8950
3 8947 8950 8933
3 8933 8950 8934
3 8953 8952 8951
3 8951 8952 8935
3 8951 8935 8950
3 8950 8935 8934
3 4242 8952 8953
3 4240 8952 4242
3 8952 4240 4245
3 8935 8952 4245
3 4618 8954 4601
3 8954 8936 4601
3 8954 8955 8936
3 8955 8937 8936
3 8955 8956 8937
3 8956 8938 8937
3 8959 8958 8957
3 8957 8958 8939
3 8957 8939 8956
3 8956 8939 8938
3 8959 8960 8958
3 8958 8960 8961
3 8958 8961 8939
3 8939 8961 8940
3 8961 8962 8940
3 8962 8941 8940
3 8965 8964 8963
3 8963 8964 8942
3 8963 8942 8962
3 8962 8942 8941
3 8967 8964 8965
3 8966 8964 8967
3 8964 8966 8943
3 8942 8964 8943
3 8967 8968 8966
3 8966 8968 8969
3 8966 8969 8943
3 8943 8969 8944
3 8969 2805 8944
3 2815 2805 8969
3 8972 8971 8970
3 8970 2819 2818
3 8971 2819 8970
3 8973 8971 8972
3 8973 8974 8971
3 8974 8975 8971
3 8945 2810 2819
3 8945 2819 8975
3 8975 2819 8971
3 8977 8976 8974
3 8976 8978 8948
3 8976 8948 8975
3 8976 8975 8974
3 8946 8975 8948
3 8975 8946 8945
3 8949 8980 8979
3 8949 8948 8980
3 8948 8978 8980
3 8949 8979 8950
3 8979 8953 8951
3 8979 8980 8953
3 8980 8981 8953
3 8979 8951 8950
3 8981 4248 8953
3 4248 4242 8953
3 4635 8982 4618
3 8982 8954 4618
3 8982 8983 8954
3 8983 8955 8954
3 8986 8985 8984
3 8984 8985 8956
3 8984 8956 8983
3 8983 8956 8955
3 8985 8959 8957
3 8985 8986 8959
3 8986 8987 8959
3 8985 8957 8956
3 8987 8960 8959
3 8988 8960 8987
3 8960 8988 8989
3 8961 8960 8989
3 8989 8990 8961
3 8990 8962 8961
3 8963 8991 8965
3 8991 8963 8962
3 8991 8962 8992
3 8992 8962 8990
3 8993 8965 8991
3 8967 8965 8993
3 8992 8994 8993
3 8991 8992 8993
3 8995 8996 8997
3 8967 8993 8968
3 8968 8993 8994
3 8968 8994 8969
3 8969 8994 8998
3 9001 8996 9000
3 8999 8996 9001
3 8997 8999 9002
3 8996 8999 8997
3 2815 9003 2823
3 2815 8969 9003
3 8969 8998 9003
3 9005 8999 9001
3 9004 8999 9005
3 9002 8970 9006
3 9002 9004 8970
3 9002 8999 9004
3 9004 8972 8970
3 2823 9003 9006
3 2823 9006 2818
3 2818 9006 8970
3 9004 8977 8973
3 9004 9005 8977
3 9005 9007 8977
3 9004 8973 8972
3 8976 9009 9008
3 8976 8977 9009
3 8977 9007 9009
3 8976 9008 8978
3 9011 9008 9009
3 9010 9008 9011
3 9008 9010 8980
3 8978 9008 8980
3 9013 9010 9011
3 9012 9010 9013
3 9010 9012 8981
3 8980 9010 8981
3 4252 9012 9013
3 4250 9012 4252
3 9012 4250 4248
3 8981 9012 4248
3 4652 9014 4635
3 9014 8982 4635
3 9014 9015 8982
3 9015 8983 8982
3 8986 9016 9017
3 8984 9016 8986
3 9016 8984 8983
3 9015 9016 8983
3 9017 9018 8986
3 9018 8987 8986
3 8988 9020 9019
3 8988 8987 9020
3 8987 9018 9020
3 8988 9019 8989
3 9020 9021 9019
3 9019 9021 9022
3 9019 9022 8989
3 8989 9022 8990
3 9023 9026 9025
3 9024 9026 9023
3 9025 9026 8992
3 9025 8992 9022
3 9022 8992 8990
3 9024 9028 9026
3 9027 9028 9024
3 9026 9028 9029
3 9026 9029 8992
3 8992 9029 8994
3 8995 8997 9030
3 2826 9029 2825
3 2826 8998 9029
3 8998 8994 9029
3 9002 9033 8997
3 9002 9034 9033
3 8997 9033 9030
3 9035 9031 9033
3 9030 9033 9031
3 9034 2828 9033
3 9034 8998 2828
3 9034 9003 8998
3 2826 2828 8998
3 9031 9036 9032
3 9031 9035 9036
3 9002 9006 9034
3 9034 9006 9003
3 9007 9037 9009
3 9037 9011 9009
3 4666 9038 4652
3 9038 9014 4652
3 9041 9040 9039
3 9039 9040 9015
3 9039 9015 9038
3 9038 9015 9014
3 9040 9017 9016
3 9040 9041 9017
3 9041 9042 9017
3 9040 9016 9015
3 9042 9043 9017
3 9043 9018 9017
3 9043 9044 9018
3 9044 9020 9018
3 9021 9046 9045
3 9021 9020 9046
3 9020 9044 9046
3 9021 9045 9022
3 9023 9047 9048
3 9047 9046 9049
3 9047 9025 9046
3 9047 9023 9025
3 9025 9045 9046
3 9045 9025 9022
3 9048 9047 9027
3 9049 9027 9047
3 9049 9051 9027
3 9051 9028 9027
3 2834 9029 9028
3 2834 9028 2833
3 2833 9028 9051
3 2825 9053 2837
3 2825 9029 9053
3 2836 9053 2834
3 2834 9053 9029
3 9035 9054 9055
3 9035 9033 9054
3 9033 9056 9054
3 2837 9053 9056
3 2837 9056 2828
3 2828 9056 9033
3 9032 9036 9055
3 9055 9036 9035
3 4678 9057 4666
3 9057 9038 4666
3 9041 9058 9059
3 9039 9058 9041
3 9058 9039 9038
3 9057 9058 9038
3 9059 9060 9041
3 9060 9042 9041
3 9060 9061 9042
3 9061 9043 9042
3 9061 9062 9043
3 9062 9044 9043
3 9062 9063 9044
3 9063 9046 9044
3 9066 9065 9064
3 9067 9068 9069
3 9064 9065 9063
3 9063 9065 9049
3 9063 9049 9046
3 9067 9070 9068
3 9072 9065 9050
3 9072 9071 9065
3 9068 9071 9069
3 9068 9051 9071
3 9065 9071 9049
3 9049 9071 9051
3 9068 2833 9051
3 9068 9073 2833
3 9068 9070 9073
3 2838 2833 9073
3 9076 9075 9074
3 2838 9053 2836
3 9073 9053 2838
3 9073 9075 9053
3 9073 9074 9075
3 9075 9076 9077
3 9075 9077 9056
3 9056 9077 9054
3 9075 9056 9053
3 9080 9079 9078
3 9078 9079 9057
3 9078 9057 4688
3 4688 9057 4678
3 9079 9059 9058
3 9079 9080 9059
3 9080 9081 9059
3 9079 9058 9057
3 9081 9082 9059
3 9082 9060 9059
3 9082 9083 9060
3 9083 9061 9060
3 9083 9084 9061
3 9084 9062 9061
3 9084 9085 9062
3 9085 9063 9062
3 9064 9086 9066
3 9067 9086 9087
3 9067 9069 9086
3 9087 9086 9085
3 9064 9063 9086
3 9085 9086 9063
3 9067 9087 9088
3 9070 9067 9088
3 9072 9090 9071
3 9090 9069 9071
3 9090 9092 9069
3 9086 9069 9089
3 9089 9069 9092
3 9088 9093 9070
3 9093 9073 9070
3 9072 9094 9090
3 9092 9074 9095
3 9092 9094 9074
3 9092 9090 9094
3 9094 9076 9074
3 9095 9074 9073
3 9093 9095 9073
3 9094 9077 9076
3 9080 9096 9097
3 9078 9096 9080
3 9096 9078 4688
3 4696 9096 4688
3 9097 9098 9080
3 9098 9081 9080
3 9098 9099 9081
3 9099 9082 9081
3 9101 9099 9100
3 9101 9083 9099
3 9083 9082 9099
3 9100 9102 9101
3 9103 9083 9101
3 9084 9083 9103
3 9102 9104 9103
3 9101 9102 9103
3 9105 9084 9103
3 9085 9084 9105
3 9104 9106 9105
3 9103 9104 9105
3 9087 9109 9108
3 9087 9085 9109
3 9107 9109 9105
3 9105 9109 9085
3 9107 9105 9106
3 9108 9088 9087
3 9091 9110 9111
3 9089 9110 9091
3 9109 9112 9108
3 9109 9089 9112
3 9109 9110 9089
3 9092 9112 9089
3 9108 9112 9093
3 9088 9108 9093
3 9113 9091 9111
3 9112 9092 9095
3 9112 9095 9093
3 9116 9114 9115
3 9116 9115 9117
3 4703 9097 9096
3 4703 4704 9097
3 4704 9118 9097
3 4703 9096 4696
3 9118 9119 9097
3 9119 9098 9097
3 9119 9120 9098
3 9120 9099 9098
3 9100 9122 9121
3 9100 9099 9122
3 9099 9120 9122
3 9100 9121 9102
3 9124 9121 9122
3 9123 9121 9124
3 9121 9123 9104
3 9102 9121 9104
3 9127 9126 9125
3 9125 9123 9124
3 9125 9126 9123
3 9126 9128 9123
3 9123 9128 9106
3 9104 9123 9106
3 9130 9126 9127
3 9129 9126 9130
3 9109 9107 9128
3 9109 9128 9129
3 9129 9128 9126
3 9128 9107 9106
3 9132 9130 9131
3 9132 9111 9130
3 9129 9130 9110
3 9110 9130 9111
3 9129 9110 9109
3 9131 9133 9132
3 9132 9134 9111
3 9132 9133 9134
3 4711 9135 4704
3 9135 9118 4704
3 9135 9136 9118
3 9136 9119 9118
3 9136 9137 9119
3 9137 9120 9119
3 9139 9137 9138
3 9139 9122 9137
3 9122 9120 9137
3 9138 9140 9139
3 9141 9122 9139
3 9124 9122 9141
3 9140 9142 9141
3 9139 9140 9141
3 9125 9143 9127
3 9143 9144 9145
3 9125 9144 9143
3 9125 9141 9144
3 9125 9124 9141
3 9141 9142 9144
3 9146 9127 9143
3 9146 9147 9127
3 9147 9130 9127
3 9143 9145 9146
3 9131 9149 9148
3 9131 9130 9149
3 9130 9147 9149
3 9131 9148 9133
3 9148 9134 9133
3 9152 9150 9151
3 9155 9153 9154
3 4715 9156 4711
3 9156 9135 4711
3 9156 9157 9135
3 9157 9136 9135
3 9157 9158 9136
3 9158 9137 9136
3 9138 9160 9159
3 9138 9137 9160
3 9137 9158 9160
3 9138 9159 9140
3 9162 9159 9160
3 9161 9159 9162
3 9159 9161 9142
3 9140 9159 9142
3 9165 9164 9163
3 9161 9145 9144
3 9162 9145 9161
3 9162 9164 9145
3 9162 9163 9164
3 9161 9144 9142
3 9164 9147 9146
3 9164 9165 9147
3 9165 9166 9147
3 9164 9146 9145
3 9166 9149 9147
3 9167 9156 4715
3 9167 9168 9156
3 9168 9157 9156
3 9168 9169 9157
3 9169 9158 9157
3 9169 9170 9158
3 9170 9160 9158
3 9170 9171 9160
3 9171 9162 9160
3 9163 9172 9165
3 9172 9163 9162
3 9172 9162 9173
3 9173 9162 9171
3 9174 9165 9172
3 9174 9175 9165
3 9175 9166 9165
3 9172 9173 9174
3 5544 9169 9168
3 5544 5545 9169
3 5545 9170 9169
3 5545 5548 9170
3 5548 9171 9170
3 5548 5554 9171
3 5554 9173 9171
3 9175 5555 5556
3 9174 5555 9175
3 5555 9174 9173
3 5554 5555 9173
3 9176 9178 9179
3 9177 9176 9179
3 9178 9180 9179
3 9179 4088 9177
3 7786 4088 9179
3 7786 9182 7788
3 9179 9182 7786
3 9179 9181 9182
3 9179 9180 9181
3 9181 9183 9182
3 9182 7789 7788
3 9183 7789 9182
3 9183 9184 7789
3 9184 7790 7789
3 9184 9185 7790
3 7790 9185 7791
3 7791 9185 9186
3 7793 7791 9186
3 9186 7794 7793
3 9187 7794 9186
3 9187 9188 7794
3 7794 9188 7795
3 9188 9189 7795
3 7795 9189 7796
3 9189 9190 7796
3 7796 9190 7798
3 9192 7800 7798
3 9192 7798 9191
3 9191 7798 9190
3 9191 9193 9194
3 9192 9191 9194
3 9193 9195 9194
3 9192 7801 7800
3 9194 7801 9192
3 7803 7801 9194
3 9195 7803 9194
3 9195 9196 7803
3 9196 7805 7803
3 9198 7807 7805
3 9198 7805 9197
3 9197 7805 9196
3 9197 9199 9200
3 9198 9197 9200
3 9199 9201 9202
3 9200 9199 9202
3 9201 9203 9202
3 9198 7808 7807
3 9200 7808 9198
3 7809 7808 9200
3 7809 2925 426
3 7809 9200 2925
3 9200 9202 2925
3 9203 2926 2925
3 9202 9203 2925
3 9204 9206 9207
3 9205 9204 9207
3 9206 9208 9207
3 9205 9207 9209
3 9207 9210 9209
3 9208 9211 9210
3 9207 9208 9210
3 9210 9176 9209
3 9178 9176 9210
3 9178 9213 9180
3 9210 9213 9178
3 9210 9212 9213
3 9210 9211 9212
3 9212 9214 9215
3 9213 9212 9215
3 9214 9216 9215
3 9213 9181 9180
3 9181 9217 9183
3 9181 9213 9217
3 9213 9215 9217
3 9216 9218 9219
3 9216 9219 9215
3 9215 9219 9217
3 9218 9220 9219
3 9217 9184 9183
3 9219 9184 9217
3 9185 9184 9219
3 9185 9222 9186
3 9219 9222 9185
3 9219 9221 9222
3 9219 9220 9221
3 9221 9223 9224
3 9222 9221 9224
3 9223 9225 9224
3 9222 9187 9186
3 9224 9187 9222
3 9188 9187 9224
3 9225 9188 9224
3 9225 9226 9188
3 9226 9189 9188
3 9226 9227 9189
3 9189 9227 9190
3 9227 9228 9190
3 9190 9228 9191
3 9228 9229 9191
3 9191 9229 9193
3 9231 9195 9193
3 9231 9193 9230
3 9230 9193 9229
3 9230 9232 9233
3 9231 9230 9233
3 9232 9234 9235
3 9233 9232 9235
3 9234 9236 9237
3 9235 9234 9237
3 9236 9238 9237
3 9231 9196 9195
3 9233 9196 9231
3 9197 9196 9233
3 9235 9197 9233
3 9199 9197 9235
3 9237 9199 9235
3 9201 9199 9237
3 9201 9240 9203
3 9237 9240 9201
3 9237 9239 9240
3 9237 9238 9239
3 9239 9241 9240
3 2948 9203 9240
3 2926 9203 2948
3 9241 2950 2948
3 9240 9241 2948
3 9242 9244 9245
3 9243 9242 9245
3 9244 9246 9245
3 9243 9245 9247
3 9245 9248 9247
3 9246 9249 9248
3 9245 9246 9248
3 9248 9204 9247
3 9206 9204 9248
3 9206 9251 9208
3 9248 9251 9206
3 9248 9250 9251
3 9248 9249 9250
3 9250 9252 9251
3 9253 9208 9251
3 9211 9208 9253
3 9252 9254 9255
3 9252 9255 9251
3 9251 9255 9253
3 9254 9256 9257
3 9255 9254 9257
3 9256 9258 9257
3 9253 9212 9211
3 9255 9212 9253
3 9214 9212 9255
3 9214 9259 9216
3 9214 9255 9259
3 9255 9257 9259
3 9258 9260 9261
3 9258 9261 9257
3 9257 9261 9259
3 9260 9262 9261
3 9259 9218 9216
3 9218 9263 9220
3 9218 9259 9263
3 9259 9261 9263
3 9262 9264 9265
3 9262 9265 9261
3 9261 9265 9263
3 9264 9266 9267
3 9265 9264 9267
3 9266 9268 9267
3 9263 9221 9220
3 9265 9221 9263
3 9223 9221 9265
3 9223 9269 9225
3 9223 9265 9269
3 9265 9267 9269
3 9268 9270 9271
3 9268 9271 9267
3 9267 9271 9269
3 9270 9272 9273
3 9271 9270 9273
3 9272 9274 9275
3 9273 9272 9275
3 9274 9276 9275
3 9269 9226 9225
3 9271 9226 9269
3 9227 9226 9271
3 9273 9227 9271
3 9228 9227 9273
3 9275 9228 9273
3 9229 9228 9275
3 9276 9229 9275
3 9276 9277 9229
3 9277 9230 9229
3 9277 9278 9230
3 9230 9278 9232
3 9278 9279 9232
3 9232 9279 9234
3 9279 9280 9234
3 9234 9280 9236
3 9282 9238 9236
3 9282 9236 9281
3 9281 9236 9280
3 9281 6545 6546
3 9282 9281 6546
3 9282 9239 9238
3 9239 6550 9241
3 9239 9282 6550
3 9282 6546 6550
3 2857 9241 6550
3 2950 9241 2857
3 9283 9285 9284
3 9285 9287 9288
3 9285 9288 9284
3 9284 9288 9286
3 9287 9289 9288
3 9286 9288 9290
3 9288 9291 9290
3 9289 9292 9291
3 9288 9289 9291
3 9291 9242 9290
3 9244 9242 9291
3 9244 9294 9246
3 9291 9294 9244
3 9291 9293 9294
3 9291 9292 9293
3 9293 9295 9294
3 9296 9246 9294
3 9249 9246 9296
3 9295 9297 9298
3 9295 9298 9294
3 9294 9298 9296
3 9297 9299 9300
3 9298 9297 9300
3 9299 9301 9300
3 9296 9250 9249
3 9250 9302 9252
3 9250 9296 9302
3 9296 9298 9302
3 9298 9300 9302
3 9300 9303 9302
3 9301 9304 9305
3 9301 9305 9300
3 9300 9305 9303
3 9304 9306 9305
3 9302 9254 9252
3 9303 9254 9302
3 9256 9254 9303
3 9256 9307 9258
3 9256 9303 9307
3 9303 9305 9307
3 9306 9308 9309
3 9306 9309 9305
3 9305 9309 9307
3 9308 9310 9311
3 9309 9308 9311
3 9310 9312 9311
3 9307 9260 9258
3 9260 9313 9262
3 9260 9307 9313
3 9307 9309 9313
3 9309 9311 9313
3 9311 9314 9313
3 9312 9315 9316
3 9312 9316 9311
3 9311 9316 9314
3 9315 9317 9316
3 9313 9264 9262
3 9314 9264 9313
3 9266 9264 9314
3 9266 9318 9268
3 9266 9314 9318
3 9314 9316 9318
3 9317 9319 9320
3 9317 9320 9316
3 9316 9320 9318
3 9319 9321 9322
3 9320 9319 9322
3 9321 9323 9322
3 9318 9270 9268
3 9320 9270 9318
3 9272 9270 9320
3 9322 9272 9320
3 9274 9272 9322
3 9274 9325 9276
3 9322 9325 9274
3 9322 9324 9325
3 9322 9323 9324
3 9324 9326 9327
3 9325 9324 9327
3 9326 9328 9327
3 9331 9329 9330
3 9329 9332 9333
3 9330 9329 9333
3 9332 6561 6562
3 9333 9332 6562
3 9325 9277 9276
3 9327 9277 9325
3 9278 9277 9327
3 9328 9278 9327
3 9328 9334 9278
3 9334 9279 9278
3 9330 9334 9331
3 9330 9280 9334
3 9280 9279 9334
3 9333 9280 9330
3 9281 9280 9333
3 6562 9281 9333
3 6545 9281 6562
3 9335 9337 9336
3 9337 9339 9340
3 9337 9340 9336
3 9336 9340 9338
3 9339 9341 9340
3 9283 9342 9285
3 9283 9338 9342
3 9338 9340 9342
3 9341 9343 9344
3 9341 9344 9340
3 9340 9344 9342
3 9343 9345 9344
3 9342 9287 9285
3 9287 9346 9289
3 9287 9342 9346
3 9342 9344 9346
3 9345 9347 9348
3 9345 9348 9344
3 9344 9348 9346
3 9347 9349 9348
3 9350 9289 9346
3 9292 9289 9350
3 9346 9348 9350
3 9348 9351 9350
3 9349 9352 9353
3 9349 9353 9348
3 9348 9353 9351
3 9352 9354 9353
3 9350 9293 9292
3 9293 9355 9295
3 9293 9350 9355
3 9350 9351 9355
3 9351 9353 9355
3 9353 9356 9355
3 9354 9357 9358
3 9354 9358 9353
3 9353 9358 9356
3 9357 9359 9358
3 9355 9297 9295
3 9356 9297 9355
3 9299 9297 9356
3 9299 9360 9301
3 9299 9356 9360
3 9356 9358 9360
3 9359 9361 9362
3 9359 9362 9358
3 9358 9362 9360
3 9361 9363 9364
3 9362 9361 9364
3 9363 9365 9364
3 9360 9304 9301
3 9304 9366 9306
3 9304 9360 9366
3 9360 9362 9366
3 9362 9364 9366
3 9364 9367 9366
3 9365 9368 9369
3 9365 9369 9364
3 9364 9369 9367
3 9368 9370 9369
3 9366 9308 9306
3 9367 9308 9366
3 9310 9308 9367
3 9310 9371 9312
3 9310 9367 9371
3 9367 9369 9371
3 9370 9372 9373
3 9370 9373 9369
3 9369 9373 9371
3 9372 9374 9373
3 9371 9315 9312
3 9315 9375 9317
3 9315 9371 9375
3 9371 9373 9375
3 9374 9376 9377
3 9374 9377 9373
3 9373 9377 9375
3 9376 9378 9379
3 9377 9376 9379
3 9378 9380 9379
3 9375 9319 9317
3 9377 9319 9375
3 9321 9319 9377
3 9321 9381 9323
3 9321 9377 9381
3 9377 9379 9381
3 9380 9382 9383
3 9380 9383 9379
3 9379 9383 9381
3 9382 9384 9383
3 9381 9324 9323
3 9383 9324 9381
3 9326 9324 9383
3 9326 9386 9328
3 9383 9386 9326
3 9383 9385 9386
3 9383 9384 9385
3 9331 9386 9385
3 9331 9385 9329
3 9329 9385 9387
3 9387 9388 9329
3 9329 9388 9332
3 9388 6600 9332
3 9332 6600 6561
3 9386 9334 9328
3 9386 9331 9334
3 2315 2317 9389
3 2317 9390 9389
3 2318 9391 9390
3 2317 2318 9390
3 9335 9392 9337
3 9335 9389 9392
3 9389 9390 9392
3 9391 9393 9394
3 9391 9394 9390
3 9390 9394 9392
3 9393 9395 9394
3 9392 9339 9337
3 9339 9396 9341
3 9339 9392 9396
3 9392 9394 9396
3 9395 9397 9398
3 9395 9398 9394
3 9394 9398 9396
3 9397 9399 9398
3 9396 9343 9341
3 9343 9400 9345
3 9343 9396 9400
3 9396 9398 9400
3 9399 9401 9402
3 9399 9402 9398
3 9398 9402 9400
3 9401 9403 9402
3 9400 9347 9345
3 9347 9404 9349
3 9347 9400 9404
3 9400 9402 9404
3 9403 9405 9406
3 9403 9406 9402
3 9402 9406 9404
3 9405 9407 9408
3 9406 9405 9408
3 9407 9409 9408
3 9404 9352 9349
3 9352 9410 9354
3 9352 9404 9410
3 9404 9406 9410
3 9406 9408 9410
3 9408 9411 9410
3 9409 9412 9413
3 9409 9413 9408
3 9408 9413 9411
3 9412 9414 9413
3 9410 9357 9354
3 9357 9415 9359
3 9357 9410 9415
3 9410 9411 9415
3 9411 9413 9415
3 9413 9416 9415
3 9414 9417 9418
3 9414 9418 9413
3 9413 9418 9416
3 9417 9419 9418
3 9415 9361 9359
3 9416 9361 9415
3 9363 9361 9416
3 9363 9420 9365
3 9363 9416 9420
3 9416 9418 9420
3 9419 9421 9422
3 9419 9422 9418
3 9418 9422 9420
3 9421 9423 9424
3 9422 9421 9424
3 9423 9425 9424
3 9420 9368 9365
3 9368 9426 9370
3 9368 9420 9426
3 9420 9422 9426
3 9422 9424 9426
3 9424 9427 9426
3 9425 9428 9427
3 9424 9425 9427
3 9426 9372 9370
3 9372 9429 9374
3 9372 9426 9429
3 9426 9427 9429
3 9428 9430 9431
3 9428 9431 9427
3 9427 9431 9429
3 9430 9432 9431
3 9429 9376 9374
3 9431 9376 9429
3 9378 9376 9431
3 9378 9434 9380
3 9431 9434 9378
3 9431 9433 9434
3 9431 9432 9433
3 9433 9435 9436
3 9434 9433 9436
3 9435 9437 9436
3 9434 9382 9380
3 9382 9438 9384
3 9382 9434 9438
3 9434 9436 9438
3 9437 9439 9440
3 9437 9440 9436
3 9436 9440 9438
3 9439 9441 9440
3 9438 9385 9384
3 9440 9385 9438
3 9387 9385 9440
3 9440 9388 9387
3 9440 9443 9388
3 9440 9441 9443
3 9442 9388 9443
3 9442 9444 6642
3 9442 6642 9388
3 9388 6642 6600
3 9443 9445 9442
3 9442 9445 9444
3 9446 2318 2349
3 9391 2318 9446
3 2349 2351 9446
3 2351 9447 9446
3 2352 9448 9449
3 2352 9449 2351
3 2351 9449 9447
3 9448 9450 9449
3 9446 9393 9391
3 9393 9451 9395
3 9393 9446 9451
3 9446 9447 9451
3 9447 9449 9451
3 9449 9452 9451
3 9450 9453 9454
3 9450 9454 9449
3 9449 9454 9452
3 9453 9455 9454
3 9451 9397 9395
3 9397 9456 9399
3 9397 9451 9456
3 9451 9452 9456
3 9452 9454 9456
3 9454 9457 9456
3 9455 9458 9459
3 9455 9459 9454
3 9454 9459 9457
3 9458 9460 9459
3 9456 9401 9399
3 9401 9461 9403
3 9401 9456 9461
3 9456 9457 9461
3 9457 9459 9461
3 9459 9462 9461
3 9460 9463 9464
3 9460 9464 9459
3 9459 9464 9462
3 9463 9465 9464
3 9461 9405 9403
3 9462 9405 9461
3 9407 9405 9462
3 9407 9466 9409
3 9407 9462 9466
3 9462 9464 9466
3 9465 9467 9468
3 9465 9468 9464
3 9464 9468 9466
3 9467 9469 9468
3 9466 9412 9409
3 9412 9470 9414
3 9412 9466 9470
3 9466 9468 9470
3 9469 9471 9472
3 9469 9472 9468
3 9468 9472 9470
3 9471 9473 9474
3 9472 9471 9474
3 9473 9475 9474
3 9470 9417 9414
3 9417 9476 9419
3 9417 9470 9476
3 9470 9472 9476
3 9472 9474 9476
3 9474 9477 9476
3 9475 9478 9479
3 9475 9479 9474
3 9474 9479 9477
3 9478 9480 9479
3 9476 9421 9419
3 9477 9421 9476
3 9423 9421 9477
3 9423 9481 9425
3 9423 9477 9481
3 9477 9479 9481
3 9480 9482 9483
3 9480 9483 9479
3 9479 9483 9481
3 9482 9484 9483
3 9485 9425 9481
3 9428 9425 9485
3 9481 9483 9485
3 9483 9486 9485
3 9484 9487 9488
3 9484 9488 9483
3 9483 9488 9486
3 9487 9489 9488
3 9485 9430 9428
3 9430 9490 9432
3 9430 9485 9490
3 9485 9486 9490
3 9486 9488 9490
3 9488 9491 9490
3 9489 9492 9491
3 9488 9489 9491
3 9490 9433 9432
3 9491 9433 9490
3 9435 9433 9491
3 9435 9494 9437
3 9491 9494 9435
3 9491 9493 9494
3 9491 9492 9493
3 9493 9495 9494
3 9494 9439 9437
3 9439 9494 9495
3 9439 9495 9441
3 9441 9495 9496
3 9496 9497 9441
3 9497 9443 9441
3 9444 9498 6686
3 6642 9444 6686
3 9497 9445 9443
3 9499 9445 9497
3 9499 9444 9445
3 9498 9444 9499
3 2394 9448 2352
3 9448 9500 9450
3 9448 2394 9500
3 2394 2396 9500
3 2397 9501 9502
3 2397 9502 2396
3 2396 9502 9500
3 9501 9503 9502
3 9500 9453 9450
3 9453 9504 9455
3 9453 9500 9504
3 9500 9502 9504
3 9503 9505 9506
3 9503 9506 9502
3 9502 9506 9504
3 9505 9507 9506
3 9504 9458 9455
3 9458 9508 9460
3 9458 9504 9508
3 9504 9506 9508
3 9507 9509 9510
3 9507 9510 9506
3 9506 9510 9508
3 9509 9511 9512
3 9510 9509 9512
3 9511 9513 9512
3 9508 9463 9460
3 9463 9514 9465
3 9463 9508 9514
3 9508 9510 9514
3 9510 9512 9514
3 9512 9515 9514
3 9513 9516 9517
3 9513 9517 9512
3 9512 9517 9515
3 9516 9518 9517
3 9514 9467 9465
3 9467 9519 9469
3 9467 9514 9519
3 9514 9515 9519
3 9515 9517 9519
3 9517 9520 9519
3 9518 9521 9522
3 9518 9522 9517
3 9517 9522 9520
3 9521 9523 9522
3 9519 9471 9469
3 9520 9471 9519
3 9473 9471 9520
3 9473 9524 9475
3 9473 9520 9524
3 9520 9522 9524
3 9523 9525 9526
3 9523 9526 9522
3 9522 9526 9524
3 9525 9527 9526
3 9524 9478 9475
3 9478 9528 9480
3 9478 9524 9528
3 9524 9526 9528
3 9527 9529 9530
3 9527 9530 9526
3 9526 9530 9528
3 9529 9531 9530
3 9528 9482 9480
3 9482 9532 9484
3 9482 9528 9532
3 9528 9530 9532
3 9531 9533 9532
3 9530 9531 9532
3 9532 9487 9484
3 9487 9535 9489
3 9532 9535 9487
3 9532 9534 9535
3 9532 9533 9534
3 9534 9536 9535
3 9537 9489 9535
3 9492 9489 9537
3 9536 9538 9537
3 9535 9536 9537
3 9537 9493 9492
3 9493 9537 9538
3 9493 9538 9495
3 9495 9538 9539
3 9539 9540 9495
3 9540 9496 9495
3 9540 9541 9496
3 9541 9497 9496
3 6686 9498 6734
3 9541 9499 9497
3 9542 9499 9541
3 9498 9543 6734
3 9498 9499 9543
3 9499 9542 9543
3 2447 9501 2397
3 9501 9544 9503
3 9501 2447 9544
3 2447 2449 9544
3 2449 2451 9544
3 2451 9545 9544
3 2452 9546 9547
3 2452 9547 2451
3 2451 9547 9545
3 9546 9548 9547
3 9544 9505 9503
3 9505 9549 9507
3 9505 9544 9549
3 9544 9545 9549
3 9545 9547 9549
3 9547 9550 9549
3 9548 9551 9552
3 9548 9552 9547
3 9547 9552 9550
3 9551 9553 9552
3 9549 9509 9507
3 9550 9509 9549
3 9511 9509 9550
3 9511 9554 9513
3 9511 9550 9554
3 9550 9552 9554
3 9553 9555 9556
3 9553 9556 9552
3 9552 9556 9554
3 9555 9557 9556
3 9554 9516 9513
3 9516 9558 9518
3 9516 9554 9558
3 9554 9556 9558
3 9557 9559 9560
3 9557 9560 9556
3 9556 9560 9558
3 9559 9561 9560
3 9558 9521 9518
3 9521 9562 9523
3 9521 9558 9562
3 9558 9560 9562
3 9561 9563 9564
3 9561 9564 9560
3 9560 9564 9562
3 9563 9565 9564
3 9562 9525 9523
3 9525 9566 9527
3 9525 9562 9566
3 9562 9564 9566
3 9565 9567 9566
3 9564 9565 9566
3 9566 9529 9527
3 9529 9569 9531
3 9566 9569 9529
3 9566 9568 9569
3 9566 9567 9568
3 9568 9570 9569
3 9571 9531 9569
3 9533 9531 9571
3 9570 9572 9571
3 9569 9570 9571
3 9571 9534 9533
3 9534 9571 9572
3 9534 9572 9536
3 9536 9572 9573
3 9573 9574 9536
3 9574 9538 9536
3 9574 9575 9538
3 9575 9539 9538
3 9575 9576 9539
3 9576 9540 9539
3 9576 9577 9540
3 9577 9541 9540
3 9542 9579 9578
3 9542 9541 9579
3 9541 9577 9579
3 9578 9581 9580
3 9578 9580 9542
3 9542 9580 9543
3 2516 9546 2452
3 9546 9582 9548
3 9546 2516 9582
3 2516 2518 9582
3 2519 9583 9584
3 2519 9584 2518
3 2518 9584 9582
3 9583 9585 9584
3 9582 9551 9548
3 9551 9586 9553
3 9551 9582 9586
3 9582 9584 9586
3 9585 9587 9588
3 9585 9588 9584
3 9584 9588 9586
3 9587 9589 9588
3 9586 9555 9553
3 9555 9590 9557
3 9555 9586 9590
3 9586 9588 9590
3 9589 9591 9590
3 9588 9589 9590
3 9590 9559 9557
3 9559 9593 9561
3 9590 9593 9559
3 9590 9592 9593
3 9590 9591 9592
3 9592 9594 9593
3 9593 9563 9561
3 9563 9596 9565
3 9593 9596 9563
3 9593 9595 9596
3 9593 9594 9595
3 9595 9597 9596
3 9598 9565 9596
3 9567 9565 9598
3 9597 9599 9598
3 9596 9597 9598
3 9598 9568 9567
3 9568 9598 9599
3 9568 9599 9570
3 9570 9599 9600
3 9600 9601 9570
3 9601 9572 9570
3 9601 9602 9572
3 9602 9573 9572
3 9602 9603 9573
3 9603 9574 9573
3 9603 9604 9574
3 9604 9575 9574
3 9604 9605 9575
3 9605 9576 9575
3 9605 9606 9576
3 9606 9577 9576
3 9606 9607 9577
3 9607 9579 9577
3 9580 9581 9608
3 9607 9610 9579
3 9609 9610 9607
3 2569 9583 2519
3 9583 9611 9585
3 9583 2569 9611
3 2569 2570 9611
3 2570 2571 9611
3 2571 9612 9611
3 2571 2572 9612
3 2572 9613 9612
3 2572 2573 9613
3 2573 9614 9613
3 2573 2574 9614
3 2574 6891 9614
3 9611 9587 9585
3 9587 9615 9589
3 9587 9611 9615
3 9611 9612 9615
3 9612 9613 9615
3 9613 9616 9615
3 9617 9618 9616
3 9617 9616 9614
3 9614 9616 9613
3 9614 6891 6901
3 9617 9614 6901
3 9619 9589 9615
3 9591 9589 9619
3 9615 9616 9619
3 9616 9620 9619
3 9618 9621 9620
3 9616 9618 9620
3 9619 9592 9591
3 9592 9622 9594
3 9592 9619 9622
3 9619 9620 9622
3 9621 9623 9622
3 9620 9621 9622
3 9622 9595 9594
3 9595 9622 9623
3 9595 9623 9597
3 9597 9623 9624
3 9624 9625 9597
3 9625 9599 9597
3 9625 9626 9599
3 9626 9600 9599
3 9626 9627 9600
3 9627 9601 9600
3 9627 9628 9601
3 9628 9602 9601
3 9628 9629 9602
3 9629 9603 9602
3 9629 9630 9603
3 9630 9604 9603
3 9630 9631 9604
3 9631 9605 9604
3 9631 9632 9605
3 9632 9606 9605
3 9632 9633 9606
3 9633 9607 9606
3 9634 9635 9636
3 9634 9636 9607
3 9634 9607 9633
3 9607 9636 9609
3 9617 9637 9618
3 6901 9637 9617
3 6965 9637 6901
3 9638 9618 9637
3 9638 9639 9618
3 9639 9621 9618
3 9637 6965 6970
3 9638 9637 6970
3 9639 9640 9621
3 9640 9623 9621
3 9640 9641 9623
3 9641 9624 9623
3 9641 9642 9624
3 9642 9625 9624
3 9642 9643 9625
3 9643 9626 9625
3 9643 9644 9626
3 9644 9627 9626
3 9644 9645 9627
3 9645 9628 9627
3 9645 9646 9628
3 9646 9629 9628
3 9646 9647 9629
3 9647 9630 9629
3 9647 9648 9630
3 9648 9631 9630
3 9648 9649 9631
3 9649 9632 9631
3 9650 9651 9633
3 9650 9633 9649
3 9649 9633 9632
3 9651 9634 9633
3 9652 9654 9653
3 9638 9655 9639
3 9655 7020 9656
3 9655 9638 7020
3 9638 6970 7020
3 9657 9639 9655
3 9657 9658 9639
3 9658 9640 9639
3 9655 9656 9657
3 9658 9659 9640
3 9659 9641 9640
3 9659 9660 9641
3 9660 9642 9641
3 9660 9661 9642
3 9661 9643 9642
3 9661 9662 9643
3 9662 9644 9643
3 9662 9663 9644
3 9663 9645 9644
3 9664 9665 9647
3 9665 9648 9647
3 9665 9666 9648
3 9666 9649 9648
3 9667 9650 9649
3 9667 9649 9668
3 9668 9649 9666
3 9652 9667 9668
3 9652 9668 9654
3 9654 9668 9669
3 7020 9670 9656
3 9658 9671 9672
3 9657 9671 9658
3 9656 9670 9673
3 9656 9673 9657
3 9657 9673 9671
3 9672 9674 9658
3 9674 9659 9658
3 9674 9675 9659
3 9675 9660 9659
3 9675 9676 9660
3 9676 9661 9660
3 9676 9677 9661
3 9677 9662 9661
3 9678 9679 9664
3 9679 9665 9664
3 9679 9680 9665
3 9680 9666 9665
3 9680 9681 9666
3 9681 9668 9666
3 9681 9682 9668
3 9682 9669 9668
3 9683 9684 9672
3 9684 9674 9672
3 9684 9685 9674
3 9685 9675 9674
3 9685 9686 9675
3 9686 9676 9675
3 9686 9687 9676
3 9687 9677 9676
3 9689 9690 9688
3 9690 9678 9688
3 9690 9691 9678
3 9691 9679 9678
3 9691 9692 9679
3 9692 9680 9679
3 9692 9693 9680
3 9693 9681 9680
3 9694 9695 9682
3 9694 9682 9693
3 9693 9682 9681
3 9696 7141 9684
3 7141 9685 9684
3 7140 9697 9686
3 7140 9686 7141
3 7141 9686 9685
3 9697 7143 7145
3 9697 7145 9686
3 9686 7145 9687
3 7145 7148 9687
3 7148 9698 9687
3 7148 7151 9698
3 7151 9689 9698
3 7151 7154 9689
3 7154 9690 9689
3 7154 7157 9690
3 7157 9691 9690
3 7157 7160 9691
3 7160 9692 9691
3 7161 9699 9693
3 7161 9693 7160
3 7160 9693 9692
3 9699 9694 9693
3 2687 9700 9701
3 2689 2687 9701
3 2690 9702 2691
3 9702 2692 2691
3 9702 9703 2692
3 9703 9704 2692
3 2692 9704 9705
3 2693 2692 9705
3 9705 2694 2693
3 9706 2694 9705
3 2694 9706 9707
3 2695 2694 9707
3 9707 9709 2695
3 9707 9708 9709
3 2695 9709 2696
3 9711 9710 9709
3 2696 9709 9710
3 2696 9710 9712
3 2697 2696 9712
3 9709 9713 9711
3 9712 9714 2697
3 9714 2699 2697
3 9714 2700 2699
3 7671 2700 9714
3 9700 9716 9715
3 9700 9715 9701
3 9715 9720 9701
3 9715 9718 9720
3 9715 9717 9718
3 9718 9719 9720
3 9718 9721 9719
3 9723 9724 9704
3 9723 9704 9703
3 9719 9721 9722
3 9704 9724 9705
3 9727 9726 9706
3 9725 9727 9706
3 9725 9706 9705
3 9725 9705 9724
3 9706 9726 9707
3 9726 9708 9707
3 9728 9710 9729
3 9728 9730 9710
3 9710 9711 9729
3 9710 9730 9731
3 9712 9710 9731
3 9729 9711 9713
3 9731 9732 9712
3 9732 9714 9712
3 9732 7671 9714
3 7676 7671 9732
3 9735 9734 9718
3 9735 9718 9733
3 9733 9718 9717
3 9718 9734 9721
3 9736 9738 9739
3 9736 9739 9737
3 9722 9721 9734
3 9738 9740 9739
3 9725 9739 9740
3 9725 9740 9727
3 9727 9740 9741
3 9741 9728 9727
3 9742 9728 9741
3 9744 9743 9730
3 9744 9730 9742
3 9742 9730 9728
3 9730 9743 9731
3 9744 9745 9743
3 9743 9745 9746
3 9743 9746 9731
3 9731 9746 9732
3 9746 7676 9732
3 7681 7676 9746
3 9733 9747 9735
3 9747 9736 9735
3 9747 9748 9736
3 9748 9749 9736
3 9751 9750 9738
3 9751 9738 9749
3 9749 9738 9736
3 9738 9750 9740
3 9751 9752 9750
3 9750 9752 9753
3 9750 9753 9740
3 9740 9753 9741
3 9753 9742 9741
3 9754 9742 9753
3 9742 9754 9755
3 9744 9742 9755
3 9755 9745 9744
3 9756 9745 9755
3 7688 9746 9745
3 7688 9745 7687
3 7687 9745 9756
3 7688 7681 9746
3 9754 9757 9758
3 9755 9754 9758
3 9758 9756 9755
3 9759 9756 9758
3 9759 7700 9756
3 9756 7700 7687
3 2020 2022 9760
3 2020 9760 2295
3 2295 9760 2296
3 9760 9761 2296
3 9761 2297 2296
3 2023 2024 2298
3 2023 2298 9761
3 9761 2298 2297
3 2024 2026 2299
3 2298 2024 2299
3 2026 2028 9762
3 2026 9762 2299
3 2299 9762 2300
3 2029 1876 2300
3 2029 2300 9763
3 9763 2300 9762
3 9763 9764 2030
3 2029 9763 2030
3 9764 9765 2031
3 2030 9764 2031
3 2031 9765 2032
3 1884 2035 9766
3 2301 1884 9766
3 9766 9767 2301
3 9767 2302 2301
3 2036 1887 2302
3 2036 2302 9768
3 9768 2302 9767
3 9768 9769 2037
3 2036 9768 2037
3 9769 275 2
3 2037 9769 2
3 2022 2039 9760
3 2039 2041 9770
3 2039 9770 9760
3 9760 9770 9761
3 2042 2023 9761
3 9770 2042 9761
3 2044 9771 2045
3 2028 2045 9771
3 2028 9771 9762
3 9762 9771 9772
3 2046 2047 9763
3 2046 9763 9772
3 9772 9763 9762
3 2047 2049 9773
3 2047 9773 9763
3 9763 9773 9764
3 9773 9774 9764
3 9774 9765 9764
3 2050 2032 9765
3 2050 9765 9775
3 9775 9765 9774
3 9775 9776 2051
3 2050 9775 2051
3 2035 2051 9776
3 2035 9776 9766
3 9766 9776 9777
3 9777 9778 9766
3 9778 9767 9766
3 9778 9779 9767
3 9779 9768 9767
3 9779 9780 9768
3 9780 9769 9768
3 2052 25 275
3 2052 275 9780
3 9780 275 9769
3 2041 2055 9770
3 2055 2042 9770
3 2044 2058 9781
3 9771 2044 9781
3 9781 9782 9771
3 9782 9772 9771
3 2059 2046 9772
3 2059 9772 9783
3 9783 9772 9782
3 2049 2059 9783
3 2049 9783 9773
3 9773 9783 9784
3 9784 9785 9773
3 9785 9774 9773
3 2060 2061 9775
3 2060 9775 9785
3 9785 9775 9774
3 2061 2063 9786
3 2061 9786 9775
3 9775 9786 9776
3 9786 9787 9776
3 9787 9777 9776
3 9787 9788 9777
3 9788 9778 9777
3 2064 2065 9779
3 2064 9779 9788
3 9788 9779 9778
3 2065 2067 9780
3 9779 2065 9780
3 2067 2052 9780
3 2071 9789 2072
3 2072 9789 2073
3 2058 2075 9790
3 9781 2058 9790
3 9790 9791 9781
3 9791 9782 9781
3 9791 9792 9782
3 9792 9783 9782
3 9792 9793 9783
3 9793 9784 9783
3 9793 9794 9784
3 9794 9785 9784
3 2076 2060 9785
3 2076 9785 9795
3 9795 9785 9794
3 2063 2076 9795
3 2063 9795 9786
3 9786 9795 9796
3 9796 9797 9786
3 9797 9787 9786
3 9797 9798 9787
3 9798 9788 9787
3 2077 2064 9788
3 2077 9788 9799
3 9799 9788 9798
3 9799 9800 2078
3 2077 9799 2078
3 9800 276 56
3 2078 9800 56
3 1739 4236 2079
3 2071 2082 9789
3 2082 2073 9789
3 2075 2085 9801
3 9790 2075 9801
3 9801 9802 9790
3 9802 9791 9790
3 9802 9803 9791
3 9803 9792 9791
3 9803 9804 9792
3 9804 9793 9792
3 9804 9805 9793
3 9805 9794 9793
3 9805 9806 9794
3 9806 9795 9794
3 9806 9807 9795
3 9807 9796 9795
3 2086 2087 9797
3 2086 9797 9807
3 9807 9797 9796
3 2087 2089 9808
3 2087 9808 9797
3 9797 9808 9798
3 2090 2091 9799
3 2090 9799 9808
3 9808 9799 9798
3 2091 2093 9800
3 9799 2091 9800
3 2093 76 276
3 9800 2093 276
3 1742 2079 4236
3 2098 9809 2099
3 2085 2099 9809
3 2085 9809 9801
3 9801 9809 9810
3 9810 9811 9801
3 9811 9802 9801
3 9811 9812 9802
3 9812 9803 9802
3 9812 9813 9803
3 9813 9804 9803
3 9813 9814 9804
3 9814 9805 9804
3 9814 9815 9805
3 9815 9806 9805
3 9815 9816 9806
3 9816 9807 9806
3 2100 2086 9807
3 2100 9807 9817
3 9817 9807 9816
3 2089 2100 9817
3 2089 9817 9808
3 9808 9817 9818
3 2101 2090 9808
3 2101 9808 9819
3 9819 9808 9818
3 2101 9819 2102
3 2104 9820 2105
3 2105 9820 2106
3 2098 2109 9821
3 9809 2098 9821
3 9821 9822 9809
3 9822 9810 9809
3 9822 9823 9810
3 9823 9811 9810
3 9823 9824 9811
3 9824 9812 9811
3 9824 9825 9812
3 9825 9813 9812
3 9825 9826 9813
3 9826 9814 9813
3 9826 9827 9814
3 9827 9815 9814
3 9827 9828 9815
3 9828 9816 9815
3 9828 9829 9816
3 9829 9817 9816
3 9829 9830 9817
3 9830 9818 9817
3 9830 9831 9818
3 9831 9819 9818
3 2110 2102 9819
3 2110 9819 9832
3 9832 9819 9831
3 2110 9832 2111
3 2104 2112 9820
3 2112 2106 9820
3 2115 9833 2116
3 2109 2116 9833
3 2109 9833 9821
3 9821 9833 9834
3 9834 9835 9821
3 9835 9822 9821
3 9835 9836 9822
3 9836 9823 9822
3 9836 9837 9823
3 9837 9824 9823
3 9837 9838 9824
3 9838 9825 9824
3 9838 9839 9825
3 9839 9826 9825
3 2117 2118 9827
3 2117 9827 9839
3 9839 9827 9826
3 2118 2120 9840
3 2118 9840 9827
3 9827 9840 9828
3 9840 9841 9828
3 9841 9829 9828
3 2121 2122 9830
3 2121 9830 9841
3 9841 9830 9829
3 2122 2124 9831
3 9830 2122 9831
3 2124 2126 9832
3 9831 2124 9832
3 2126 2111 9832
3 2129 9842 2130
3 2131 2130 9842
3 2132 9833 2115
3 2132 2134 9834
3 9833 2132 9834
3 2134 2136 9843
3 2134 9843 9834
3 9834 9843 9835
3 9843 9844 9835
3 9844 9836 9835
3 9846 9844 9845
3 9846 9837 9844
3 9837 9836 9844
3 9845 9847 9846
3 9848 9837 9846
3 9838 9837 9848
3 9847 9849 9848
3 9846 9847 9848
3 9850 9838 9848
3 9850 9851 9838
3 9851 9839 9838
3 9848 9849 9850
3 2137 2117 9839
3 9851 2137 9839
3 2120 2139 9840
3 2139 2141 9852
3 2139 9852 9840
3 9840 9852 9841
3 2142 2121 9841
3 2142 9841 9853
3 9853 9841 9852
3 2142 9853 2143
3 2129 2147 9842
3 2147 2131 9842
3 2149 9854 2150
3 2150 9854 2151
3 2136 2153 9855
3 9843 2136 9855
3 9855 9856 9843
3 9856 9844 9843
3 9856 9845 9844
3 9857 9845 9856
3 9845 9857 9858
3 9847 9845 9858
3 9858 9859 9847
3 9859 9849 9847
3 9851 9860 9861
3 9850 9860 9851
3 9860 9850 9849
3 9859 9860 9849
3 2154 2137 9851
3 2154 9851 9862
3 9862 9851 9861
3 9862 9863 2155
3 2154 9862 2155
3 2141 2155 9863
3 2141 9863 9852
3 9852 9863 9864
3 9864 9865 9852
3 9865 9853 9852
3 2156 2143 9853
3 2156 9853 9866
3 9866 9853 9865
3 2156 9866 2157
3 2149 2161 9867
3 9854 2149 9867
3 2162 2151 9854
3 2162 9854 9868
3 9868 9854 9867
3 2153 2162 9868
3 2153 9868 9855
3 9855 9868 9869
3 2163 2164 9856
3 2163 9856 9869
3 9869 9856 9855
3 9871 9870 9857
3 2166 9871 9857
3 2166 9857 9856
3 2166 9856 2164
3 9857 9870 9858
3 9871 9872 9870
3 9870 9872 9873
3 9870 9873 9858
3 9858 9873 9859
3 9860 9874 9861
3 9874 9860 9859
3 9874 9859 9875
3 9875 9859 9873
3 9876 9861 9874
3 9876 9877 9861
3 9877 9862 9861
3 9874 9875 9876
3 9877 9878 9862
3 9878 9863 9862
3 2167 2168 9864
3 2167 9864 9878
3 9878 9864 9863
3 2168 2170 9865
3 9864 2168 9865
3 2170 2172 9866
3 9865 2170 9866
3 2172 2157 9866
3 2174 9879 2175
3 2175 9879 2176
3 2161 2179 9867
3 2179 2181 9868
3 9867 2179 9868
3 2181 2183 9869
3 9868 2181 9869
3 2183 2163 9869
3 2166 2186 9880
3 9871 2166 9880
3 9880 9872 9871
3 9881 9872 9880
3 9872 9881 9882
3 9873 9872 9882
3 9884 9882 9883
3 9884 9875 9882
3 9875 9873 9882
3 9883 9885 9884
3 9876 9886 9877
3 9886 9887 9888
3 9876 9887 9886
3 9876 9884 9887
3 9876 9875 9884
3 9884 9885 9887
3 9889 9877 9886
3 9889 9890 9877
3 9890 9878 9877
3 9886 9888 9889
3 2187 2167 9878
3 2187 9878 9891
3 9891 9878 9890
3 2187 9891 2188
3 2174 2191 9879
3 2191 2176 9879
3 2198 9892 2199
3 2186 2199 9892
3 2186 9892 9880
3 9880 9892 9893
3 9893 9881 9880
3 9894 9881 9893
3 9881 9894 9895
3 9882 9881 9895
3 9895 9883 9882
3 9896 9883 9895
3 9883 9896 9897
3 9885 9883 9897
3 9887 9898 9888
3 9898 9887 9885
3 9898 9885 9899
3 9899 9885 9897
3 9890 9900 9901
3 9889 9900 9890
3 9888 9898 9902
3 9888 9902 9889
3 9889 9902 9900
3 9898 9899 9902
3 2200 2201 9891
3 2200 9891 9901
3 9901 9891 9890
3 2201 2188 9891
3 2209 9903 2210
3 2210 9903 2211
3 2198 2213 9904
3 9892 2198 9904
3 9904 9905 9892
3 9905 9893 9892
3 9894 9907 9906
3 9894 9893 9907
3 9893 9905 9907
3 9894 9906 9895
3 9907 9908 9906
3 9906 9896 9895
3 9906 9908 9896
3 9908 9909 9896
3 9896 9909 9910
3 9897 9896 9910
3 9910 9911 9897
3 9911 9899 9897
3 9900 9912 9901
3 9912 9913 9914
3 9912 9900 9913
3 9900 9902 9913
3 9913 9902 9899
3 9911 9913 9899
3 2214 9915 9916
3 2200 9915 2214
3 2200 9912 9915
3 2200 9901 9912
3 9912 9914 9915
3 2214 9916 2215
3 2209 2222 9903
3 2222 2211 9903
3 2213 2225 9904
3 2225 2227 9917
3 2225 9917 9904
3 9904 9917 9905
3 9917 9918 9905
3 9918 9907 9905
3 9918 9908 9907
3 9919 9908 9918
3 9921 9920 9909
3 9921 9909 9919
3 9919 9909 9908
3 9909 9920 9910
3 9921 9922 9920
3 9920 9911 9910
3 9920 9923 9911
3 9920 9922 9923
3 9923 9924 9911
3 9923 9925 9924
3 9913 9926 9914
3 9926 9927 9928
3 9913 9927 9926
3 9913 9924 9927
3 9913 9911 9924
3 9924 9925 9927
3 9916 9929 9930
3 9915 9929 9916
3 9914 9926 9931
3 9914 9931 9915
3 9915 9931 9929
3 9926 9928 9931
3 9932 5316 5317
3 2228 2215 9916
3 2228 9916 9933
3 9933 9916 9930
3 9932 5317 5320
3 2228 9933 2229
3 2227 2238 8202
3 9917 2227 8202
3 8202 8204 9917
3 8204 9918 9917
3 8204 9919 9918
3 8206 9919 8204
3 9919 8206 8208
3 9921 9919 8208
3 8208 9922 9921
3 8211 9922 8208
3 8213 9934 9923
3 8213 9923 8211
3 8211 9923 9922
3 9923 9934 9925
3 8217 8215 9935
3 8215 5341 5342
3 9935 8215 5342
3 9936 8213 8223
3 9936 9928 8213
3 9934 8213 9927
3 9927 8213 9928
3 8223 8226 9937
3 8223 9937 9936
3 9927 9925 9934
3 8226 8229 9938
3 9937 8226 9938
3 8229 8232 9938
3 8237 8235 9939
3 8235 8217 9935
3 8235 9935 9939
3 9939 9935 9940
3 9935 5342 9940
3 5342 9941 9940
3 9931 9942 9929
3 9943 9942 9931
3 9928 9943 9931
3 9928 9936 9943
3 9936 9944 9943
3 8242 8243 9944
3 8242 9944 9937
3 9937 9944 9936
3 9937 9938 8245
3 8242 9937 8245
3 9938 8232 8245
3 8237 9939 8257
3 9946 8257 9939
3 9946 9939 9945
3 9945 9939 9940
3 9932 9941 5316
3 9932 9945 9941
3 9945 9940 9941
3 8259 9930 9942
3 8259 8260 9930
3 8260 9933 9930
3 9942 9943 8262
3 8259 9942 8262
3 9943 9944 8264
3 8262 9943 8264
3 9944 8243 8264
3 9948 9946 9945
3 9947 9948 9945
3 5320 9945 9932
3 5320 9949 9945
3 9949 9947 9945
3 2239 2229 9933
3 8260 2239 9933
3 9948 9947 9950
3 9952 9950 9947
3 9952 9947 9951
3 9951 9947 9949
3 4244 4243 9953
3 9956 9954 9955
3 9959 9957 9958
3 9957 9960 9958
3 9959 9958 9961
3 9958 9960 9961
3 9957 9959 9962
3 9957 9962 9960
3 9962 9959 9961
3 9962 9961 9960
3 7460 9963 7458
3 9963 7461 7458
3 9963 7460 7487
3 9963 7487 7461
3 7219 7537 7220
3 7219 7222 7537
3 479 9964 480
3 9964 2232 480
3 9964 9965 2232
3 9965 2233 2232
3 9965 9966 2233
3 9966 2234 2233
3 9966 9967 2234
3 9967 2235 2234
3 8197 9967 8196
3 8197 2236 9967
3 2236 2235 9967
3 8199 2236 8197
3 8199 9968 2236
3 9968 2237 2236
3 9968 2238 2237
3 8200 2238 9968
3 2240 8270 9969
3 2239 8270 2240
3 9969 9970 2240
3 9970 2241 2240
3 9970 3553 2241
3 3553 258 2241
3 489 9971 479
3 9971 9964 479
3 9971 9972 9964
3 9972 9965 9964
3 9972 9973 9965
3 9973 9966 9965
3 9973 9974 9966
3 9974 9967 9966
3 8196 9975 8276
3 8196 9967 9975
3 9967 9974 9975
3 8276 9968 8199
3 8276 9975 9968
3 9975 9976 9968
3 8200 9977 8277
3 8200 9968 9977
3 9968 9976 9977
3 9977 8278 8277
3 8270 8322 9969
3 8330 9969 8322
3 8330 9978 9969
3 9978 9970 9969
3 9978 3568 9970
3 3568 3553 9970
3 498 9979 489
3 9979 9971 489
3 9979 9980 9971
3 9980 9972 9971
3 9980 9981 9972
3 9981 9973 9972
3 9981 9982 9973
3 9982 9974 9973
3 9982 9983 9974
3 9983 9975 9974
3 9983 9984 9975
3 9984 9976 9975
3 9984 9985 9976
3 9985 9977 9976
3 8278 9986 8337
3 8278 9977 9986
3 9977 9985 9986
3 9987 8337 9986
3 8338 8337 9987
3 9987 8339 8338
3 9978 8380 9988
3 8330 8380 9978
3 9988 3587 9978
3 3587 3568 9978
3 508 9989 498
3 9989 9979 498
3 9989 9990 9979
3 9990 9980 9979
3 9990 9991 9980
3 9991 9981 9980
3 9991 9992 9981
3 9992 9982 9981
3 9992 9993 9982
3 9993 9983 9982
3 9993 9994 9983
3 9994 9984 9983
3 9994 9995 9984
3 9995 9985 9984
3 9995 9996 9985
3 9996 9986 9985
3 9996 9997 9986
3 9997 9987 9986
3 8339 9998 8387
3 8339 9987 9998
3 9987 9997 9998
3 9998 8388 8387
3 8380 8422 9988
3 8431 9988 8422
3 8431 3603 9988
3 3603 3587 9988
3 518 9999 508
3 9999 9989 508
3 9999 10000 9989
3 10000 9990 9989
3 10000 10001 9990
3 10001 9991 9990
3 10001 10002 9991
3 10002 9992 9991
3 10002 10003 9992
3 10003 9993 9992
3 10003 10004 9993
3 10004 9994 9993
3 10004 10005 9994
3 10005 9995 9994
3 10005 10006 9995
3 10006 9996 9995
3 10006 10007 9996
3 10007 9997 9996
3 10007 10008 9997
3 10008 9998 9997
3 10008 8388 9998
3 8435 8388 10008
3 8431 3619 3603
3 529 10009 518
3 10009 9999 518
3 10009 10010 9999
3 10010 10000 9999
3 10010 10011 10000
3 10011 10001 10000
3 10011 10012 10001
3 10012 10002 10001
3 8466 10012 8465
3 8466 10003 10012
3 10003 10002 10012
3 8468 10003 8466
3 10004 10003 8468
3 8470 10004 8468
3 8470 10013 10004
3 10013 10005 10004
3 10013 10014 10005
3 10014 10006 10005
3 10014 10015 10006
3 10015 10007 10006
3 10015 10016 10007
3 10016 10008 10007
3 10016 8435 10008
3 8471 8435 10016
3 540 10017 529
3 10017 10009 529
3 10017 10018 10009
3 10018 10010 10009
3 10018 10019 10010
3 10019 10011 10010
3 10019 10020 10011
3 10020 10012 10011
3 8465 10021 8496
3 8465 10012 10021
3 10012 10020 10021
3 10022 8496 10021
3 8497 8496 10022
3 8497 10013 8470
3 8497 10022 10013
3 10022 10023 10013
3 10023 10024 10013
3 10024 10014 10013
3 8499 10024 8498
3 8499 10015 10024
3 10015 10014 10024
3 8501 10015 8499
3 10016 10015 8501
3 8501 8471 10016
3 554 10025 540
3 10025 10017 540
3 10025 10026 10017
3 10026 10018 10017
3 10026 10027 10018
3 10027 10019 10018
3 10027 10028 10019
3 10028 10020 10019
3 10028 10029 10020
3 10029 10021 10020
3 10029 10030 10021
3 10030 10022 10021
3 8510 10030 8509
3 8510 10023 10030
3 10023 10022 10030
3 8512 10023 8510
3 10024 10023 8512
3 8512 8498 10024
3 566 10031 554
3 10031 10025 554
3 10031 10032 10025
3 10032 10026 10025
3 10032 10033 10026
3 10033 10027 10026
3 8530 10033 8529
3 8530 10028 10033
3 10028 10027 10033
3 8532 10028 8530
3 10029 10028 8532
3 8534 10029 8532
3 10030 10029 8534
3 8534 8509 10030
3 10034 8538 8537
3 10034 8539 8538
3 579 10035 566
3 10035 10031 566
3 10035 10036 10031
3 10036 10032 10031
3 8549 10036 8548
3 8549 10033 10036
3 10033 10032 10036
3 8549 8529 10033
3 8537 8558 10034
3 8539 10037 8561
3 8539 10034 10037
3 8560 10037 8558
3 8558 10037 10034
3 10037 8562 8561
3 10038 8565 8564
3 10039 8565 10038
3 8566 8565 10039
3 10040 8566 10039
3 8567 8566 10040
3 10040 8568 8567
3 591 10041 579
3 10041 10035 579
3 8578 10041 8577
3 8578 10036 10041
3 10036 10035 10041
3 8578 8548 10036
3 10042 8586 8585
3 8586 10037 8560
3 8586 10042 10037
3 10042 10043 10037
3 8562 10044 8587
3 8562 10037 10044
3 10037 10043 10044
3 8587 10038 8564
3 8587 10044 10038
3 10044 10045 10038
3 10045 10046 10038
3 10046 10039 10038
3 10046 10047 10039
3 10047 10040 10039
3 8568 10048 8588
3 8568 10040 10048
3 10040 10047 10048
3 8590 10048 8589
3 8590 10049 10048
3 8588 10048 8591
3 8591 10048 10049
3 8593 591 603
3 10041 591 8593
3 8593 8577 10041
3 10050 8601 8600
3 8601 10042 8585
3 8601 10050 10042
3 10050 10051 10042
3 10051 10052 10042
3 10052 10043 10042
3 10052 10053 10043
3 10053 10044 10043
3 10053 10054 10044
3 10054 10045 10044
3 10054 10055 10045
3 10055 10046 10045
3 10055 10056 10046
3 10056 10047 10046
3 10056 10057 10047
3 10057 10048 10047
3 8589 10058 8605
3 8589 10048 10058
3 10048 10057 10058
3 10058 8617 8605
3 10059 8615 8614
3 8615 10050 8600
3 8615 10059 10050
3 10059 10060 10050
3 10060 10061 10050
3 10061 10051 10050
3 10061 10062 10051
3 10062 10052 10051
3 10062 10063 10052
3 10063 10053 10052
3 10063 10064 10053
3 10064 10054 10053
3 10064 10065 10054
3 10065 10055 10054
3 10065 10066 10055
3 10066 10056 10055
3 10066 10067 10056
3 10067 10057 10056
3 10067 10068 10057
3 10068 10058 10057
3 10068 8617 10058
3 8616 8617 10068
3 8614 8630 10059
3 8635 10059 8630
3 10060 10059 8635
3 8637 10060 8635
3 8637 10069 10060
3 10069 10061 10060
3 10069 10070 10061
3 10070 10062 10061
3 10070 10071 10062
3 10071 10063 10062
3 8639 10071 8638
3 8639 10064 10071
3 10064 10063 10071
3 8641 10064 8639
3 8641 10072 10064
3 10072 10065 10064
3 10072 10073 10065
3 10073 10066 10065
3 8643 10073 8642
3 8643 10067 10073
3 10067 10066 10073
3 8645 10067 8643
3 10068 10067 8645
3 8645 8616 10068
3 10074 8657 8656
3 8657 10069 8637
3 8657 10074 10069
3 10074 10075 10069
3 10075 10076 10069
3 10076 10070 10069
3 8659 10076 8658
3 8659 10071 10076
3 10071 10070 10076
3 8659 8638 10071
3 8641 8662 10072
3 8664 10072 8662
3 10073 10072 8664
3 8664 8642 10073
3 8656 8675 10074
3 8676 10074 8675
3 10075 10074 8676
3 8677 10075 8676
3 10076 10075 8677
3 8677 8658 10076
3 6521 10077 6523
3 10077 10078 10079
3 10077 10079 6523
3 6523 10079 6525
3 6526 10081 10080
3 6526 6525 10081
3 6525 10079 10081
3 6526 10080 6527
3 10081 10082 10080
3 10080 10082 10083
3 10080 10083 6527
3 6527 10083 6528
3 10083 10084 6528
3 10084 6529 6528
3 10084 10085 6529
3 10085 6530 6529
3 6531 10086 6532
3 10086 6531 6530
3 10086 6530 10087
3 10087 6530 10085
3 10088 6532 10086
3 10088 10089 6532
3 10089 6533 6532
3 10086 10087 10088
3 10089 10090 6533
3 10090 6535 6533
3 10090 10091 6535
3 10091 6537 6535
3 6538 10092 6539
3 10092 6538 6537
3 10092 6537 10093
3 10093 6537 10091
3 10094 6539 10092
3 6540 6539 10094
3 10093 10095 10094
3 10092 10093 10094
3 10096 6540 10094
3 6541 6540 10096
3 10095 10097 10096
3 10094 10095 10096
3 10098 6541 10096
3 6542 6541 10098
3 10097 10099 10098
3 10096 10097 10098
3 10098 6543 6542
3 6543 10098 10099
3 6543 10099 5605
3 5605 10099 5606
3 7210 10100 10101
3 7212 7210 10101
3 10100 10104 10101
3 10102 10105 10103
3 10078 10106 10079
3 10106 10107 10108
3 10106 10108 10079
3 10079 10108 10081
3 10082 10110 10109
3 10082 10081 10110
3 10081 10108 10110
3 10082 10109 10083
3 10110 10111 10109
3 10109 10111 10112
3 10109 10112 10083
3 10083 10112 10084
3 10112 10113 10084
3 10113 10085 10084
3 10113 10114 10085
3 10114 10087 10085
3 10088 10115 10089
3 10115 10088 10087
3 10115 10087 10116
3 10116 10087 10114
3 10117 10089 10115
3 10117 10118 10089
3 10118 10090 10089
3 10115 10116 10117
3 10118 10119 10090
3 10119 10091 10090
3 10119 10120 10091
3 10120 10093 10091
3 10120 10121 10093
3 10121 10095 10093
3 10121 10122 10095
3 10122 10097 10095
3 10122 10123 10097
3 10123 10099 10097
3 10123 5644 10099
3 5644 5606 10099
3 10124 10126 10125
3 10127 10125 10126
3 10128 10105 10102
3 10128 10129 10105
3 10107 10130 10108
3 10130 10131 10132
3 10130 10132 10108
3 10108 10132 10110
3 10111 10134 10133
3 10111 10110 10134
3 10110 10132 10134
3 10111 10133 10112
3 10134 10135 10133
3 10133 10135 10136
3 10133 10136 10112
3 10112 10136 10113
3 10136 10137 10113
3 10137 10114 10113
3 10137 10138 10114
3 10138 10116 10114
3 10117 10139 10118
3 10139 10117 10116
3 10139 10116 10140
3 10140 10116 10138
3 10141 10118 10139
3 10141 10142 10118
3 10142 10119 10118
3 10139 10140 10141
3 10142 10143 10119
3 10143 10120 10119
3 10143 10144 10120
3 10144 10121 10120
3 10146 10144 10145
3 10146 10122 10144
3 10122 10121 10144
3 10145 10147 10146
3 10148 10122 10146
3 10123 10122 10148
3 10147 10149 10148
3 10146 10147 10148
3 5673 10123 10148
3 5644 10123 5673
3 10149 10150 5674
3 10149 5674 10148
3 10148 5674 5673
3 10150 5678 5674
3 5681 7223 5679
3 10124 7215 7217
3 10124 7217 10152
3 10152 7217 10151
3 10124 10152 10126
3 10155 10153 10154
3 10153 10156 10154
3 10152 10151 10157
3 10127 10152 10157
3 10152 10127 10126
3 10155 10154 10158
3 10154 10156 10158
3 10131 10160 10159
3 10161 10131 10159
3 10131 10161 10132
3 10159 10163 10161
3 10162 10163 10159
3 10161 10163 10164
3 10161 10164 10132
3 10132 10164 10134
3 10135 10166 10165
3 10135 10134 10166
3 10134 10164 10166
3 10135 10165 10136
3 10168 10165 10166
3 10167 10165 10168
3 10165 10167 10137
3 10136 10165 10137
3 10168 10169 10167
3 10167 10169 10170
3 10167 10170 10137
3 10137 10170 10138
3 10173 10172 10171
3 10171 10172 10140
3 10171 10140 10170
3 10170 10140 10138
3 10175 10173 10174
3 10175 10142 10173
3 10172 10173 10141
3 10141 10173 10142
3 10172 10141 10140
3 10174 10176 10175
3 10177 10142 10175
3 10143 10142 10177
3 10176 10178 10177
3 10175 10176 10177
3 10179 10143 10177
3 10144 10143 10179
3 10178 10180 10179
3 10177 10178 10179
3 10179 10145 10144
3 10145 10182 10147
3 10179 10182 10145
3 10179 10181 10182
3 10179 10180 10181
3 10181 10183 10184
3 10182 10181 10184
3 10183 10185 10184
3 10186 10147 10182
3 10149 10147 10186
3 10182 10184 10186
3 10184 10187 10186
3 10185 7294 7295
3 10185 7295 10184
3 10184 7295 10187
3 10186 10150 10149
3 10150 5688 5678
3 10150 10186 5688
3 10186 10187 5688
3 5681 7295 7223
3 5681 5688 7295
3 5688 10187 7295
3 10188 10190 10191
3 10189 10188 10191
3 10190 10192 10193
3 10191 10190 10193
3 10155 10193 10192
3 10155 10192 10153
3 10153 10192 10194
3 10153 10194 10195
3 10156 10153 10195
3 10198 10196 10197
3 10196 10199 10197
3 10189 10191 10201
3 10200 10189 10201
3 10191 10193 10202
3 10201 10191 10202
3 10193 10155 10158
3 10193 10158 10202
3 10202 10158 10203
3 10203 10158 10156
3 10195 10203 10156
3 10198 10197 10204
3 10197 10199 10204
3 10163 10162 10205
3 10206 10163 10205
3 10163 10206 10164
3 10206 10207 10208
3 10206 10208 10164
3 10164 10208 10166
3 10208 10209 10166
3 10209 10168 10166
3 10169 10211 10210
3 10169 10168 10211
3 10168 10209 10211
3 10169 10210 10170
3 10210 10173 10171
3 10210 10211 10173
3 10211 10212 10173
3 10210 10171 10170
3 10212 10174 10173
3 10213 10174 10212
3 10215 10176 10174
3 10215 10174 10214
3 10214 10174 10213
3 10214 10216 10215
3 10217 10176 10215
3 10217 10218 10176
3 10218 10178 10176
3 10215 10216 10217
3 10220 10218 10219
3 10220 10180 10218
3 10180 10178 10218
3 10219 10221 10222
3 10220 10219 10222
3 10221 7373 7374
3 10222 10221 7374
3 10220 10181 10180
3 10222 10181 10220
3 10183 10181 10222
3 10183 7386 10185
3 10183 10222 7386
3 10222 7374 7386
3 7386 7294 10185
3 10223 10226 10225
3 10223 10225 10224
3 10224 10225 10188
3 10228 10227 10190
3 10228 10190 10225
3 10225 10190 10188
3 10192 10190 10227
3 10229 10192 10227
3 10194 10192 10229
3 10230 10194 10229
3 10194 10230 10195
3 10196 10198 10231
3 10196 10231 10199
3 10227 10228 10232
3 10227 10232 10201
3 10201 10232 10200
3 10229 10227 10201
3 10202 10229 10201
3 10230 10229 10202
3 10203 10230 10202
3 10230 10203 10195
3 10231 10198 10204
3 10231 10204 10199
3 10207 10233 10208
3 10233 10234 10209
3 10208 10233 10209
3 10236 10235 10234
3 10234 10211 10209
3 10234 10237 10211
3 10234 10235 10237
3 10237 10238 10211
3 10237 10239 10240
3 10238 10237 10240
3 10239 10241 10242
3 10240 10239 10242
3 10241 7403 7404
3 10242 10241 7404
3 10243 10211 10238
3 10212 10211 10243
3 10238 10240 10243
3 10240 10244 10243
3 10240 10242 10244
3 10242 10245 10244
3 10242 7404 10245
3 7404 7436 10245
3 10243 10213 10212
3 10244 10213 10243
3 10214 10213 10244
3 10214 10246 10216
3 10214 10244 10246
3 10244 10245 10246
3 10245 7436 10246
3 7436 7447 10246
3 10217 10247 10218
3 10216 10247 10217
3 10216 10246 10247
3 10246 10248 10247
3 10246 7447 10248
3 7447 7449 10248
3 10247 10219 10218
3 10248 10219 10247
3 10221 10219 10248
3 7449 10221 10248
3 7373 10221 7449
3 10250 10251 10249
3 10250 10249 10252
3 10225 10226 10253
3 10225 10253 10228
3 10256 10254 10255
3 10254 10257 10255
3 10261 10259 10258
3 10261 10258 10260
3 10253 10226 10232
3 10260 10262 10263
3 10260 10263 10261
3 10232 10228 10253
3 10262 10264 10263
3 10256 10255 10265
3 10255 10257 10265
3 10259 10261 10267
3 10266 10259 10267
3 10261 10263 10268
3 10267 10261 10268
3 10263 10264 10268
3 10270 10269 10271
3 10273 10272 10236
3 10276 10274 10275
3 10274 10277 10278
3 10275 10274 10278
3 10277 7463 7464
3 10278 10277 7464
3 10272 10235 10236
3 10272 10279 10235
3 10279 10280 10235
3 10280 10281 10235
3 10235 10281 10237
3 10275 10281 10276
3 10275 10239 10281
3 10239 10237 10281
3 10278 10239 10275
3 10241 10239 10278
3 7464 10241 10278
3 7403 10241 7464
3 10284 10283 10285
3 10282 10283 10284
3 10283 10286 10285
3 10289 10287 10288
3 10256 10288 10287
3 10256 10287 10254
3 10254 10287 10290
3 10254 10290 10291
3 10257 10254 10291
3 10292 10293 10258
3 10258 10293 10260
3 10293 10294 10260
3 10260 10294 10262
3 10262 10294 10295
3 10264 10262 10295
3 10289 10288 10296
3 10288 10256 10265
3 10288 10265 10296
3 10296 10265 10297
3 10297 10265 10257
3 10291 10297 10257
3 10298 10266 10299
3 10266 10267 10299
3 10299 10267 10300
3 10267 10268 10300
3 10300 10268 10264
3 10295 10300 10264
3 10303 10301 10302
3 10276 10302 10301
3 10276 10301 10274
3 10274 10301 10304
3 10304 10305 10274
3 10274 10305 10277
3 10305 7488 10277
3 10277 7488 7463
3 10306 10307 10279
3 10279 10307 10280
3 10302 10307 10303
3 10302 10281 10307
3 10281 10280 10307
3 10302 10276 10281
3 10308 10309 10310
3 10310 10313 10312
3 10310 10309 10313
3 10309 10311 10313
3 10312 10315 10314
3 10313 10315 10312
3 10314 10317 10316
3 10315 10317 10314
3 10316 7507 7506
3 10317 7507 10316
3 10318 10311 10284
3 10285 10318 10284
3 10311 10318 10313
3 10313 10318 10319
3 10313 10319 10315
3 10315 10319 10320
3 10315 10320 10317
3 10317 10320 10321
3 10317 10321 7507
3 7507 10321 7525
3 10285 10286 10322
3 10285 10322 10323
3 10285 10323 10318
3 10323 10322 10324
3 10318 10323 10319
3 10319 10323 10325
3 10319 10325 10320
3 10320 10325 10326
3 10320 10326 10321
3 10321 10326 10327
3 10321 10327 7525
3 7525 10327 7531
3 10329 10328 10330
3 10329 10325 10328
3 10325 10323 10328
3 10325 10331 10326
3 10329 10331 10325
3 10326 10332 10327
3 10331 10332 10326
3 10327 7535 7531
3 10332 7535 10327
3 10328 10333 10330
3 10287 10289 10334
3 10290 10287 10334
3 10335 10290 10334
3 7221 7220 7536
3 10335 10291 10290
3 10338 10336 10337
3 10336 10339 10337
3 10289 10296 10334
3 10335 10334 10296
3 10297 10335 10296
3 10335 10297 10291
3 10338 10337 10340
3 10337 10339 10340
3 10303 10342 10341
3 10301 10303 10341
3 10341 10343 10301
3 10301 10343 10304
3 10343 10344 10304
3 10304 10344 10305
3 10344 7538 10305
3 10305 7538 7488
3 10345 10347 10346
3 10345 10346 10306
3 10306 10346 10307
3 10346 10303 10307
3 10342 10303 10346
3 10347 10345 10348
3 10347 10348 10349
3 10349 10348 10308
3 10351 10308 10310
3 10351 10350 10308
3 10350 10349 10308
3 10350 10353 10352
3 10351 10353 10350
3 10352 10355 10354
3 10353 10355 10352
3 10354 10355 10356
3 10351 10310 10312
3 10353 10351 10312
3 10314 10353 10312
3 10355 10353 10314
3 10316 10355 10314
3 10356 10355 10316
3 10356 10316 7582
3 7582 10316 7506
3 10322 10357 10324
3 10329 10330 10358
3 10361 10359 10360
3 10359 10362 10360
3 7222 7221 7536
3 10360 10336 10338
3 10360 10338 10361
3 10361 10338 10363
3 10336 10365 10339
3 10360 10365 10336
3 10360 10364 10365
3 10360 10362 10364
3 10364 10366 10365
3 10363 10338 10340
3 10367 10363 10340
3 10339 10365 10368
3 10339 10368 10340
3 10340 10368 10367
3 10365 10366 10368
3 10369 10370 10371
3 10373 10372 10374
3 10341 10342 10375
3 10375 10377 10376
3 10375 10376 10341
3 10341 10376 10343
3 10379 10378 10344
3 10379 10344 10376
3 10376 10344 10343
3 10378 10380 7586
3 10378 7586 10344
3 10344 7586 7538
3 10346 10347 10381
3 10342 10346 10381
3 10342 10381 10375
3 10375 10381 10382
3 10377 10384 10383
3 10377 10375 10384
3 10375 10382 10384
3 10383 10378 10379
3 10383 10384 10378
3 10384 10385 10378
3 10380 7590 7589
3 10380 10378 7590
3 10378 10385 7590
3 10381 10347 10349
3 10382 10381 10349
3 10350 10382 10349
3 10384 10382 10350
3 10352 10384 10350
3 10385 10384 10352
3 10354 10385 10352
3 10354 10356 7608
3 10354 7608 10385
3 10385 7608 7590
3 7608 10356 7582
3 10387 10386 10388
3 10386 10389 10388
3 10359 10361 10390
3 10359 10390 10362
3 10393 10391 10392
3 10392 10391 10394
3 10392 10394 10361
3 10392 10361 10363
3 10390 10361 10394
3 10396 10395 10364
3 10394 10396 10364
3 10394 10364 10362
3 10394 10362 10390
3 10364 10395 10366
3 10397 7619 7620
3 10398 10401 10399
3 10393 10392 10400
3 10392 10363 10367
3 10392 10367 10400
3 10400 10367 10402
3 10395 10396 10402
3 10395 10402 10368
3 10368 10402 10367
3 10395 10368 10366
3 10397 7620 7622
3 10399 10401 10403
3 10404 10406 10405
3 10376 10377 10407
3 10376 10407 10379
3 7586 10380 7623
3 10407 10377 10383
3 10407 10383 10379
3 7623 10380 7589
3 10409 10408 10410
3 10394 10411 10412
3 10396 10394 10412
3 7619 10397 7638
3 10413 10402 10396
3 10412 10413 10396
3 7638 10397 7622
3 10401 10415 10416
3 10401 10416 10403
3 10403 10416 10414
3 10415 10417 10416
3 10418 10405 10406
3 10419 10418 10406
3 10420 10422 10421
3 10423 7639 7640
3 10423 7640 7647
3 10411 10424 10412
3 10427 10425 10426
3 10425 10428 10426
3 10424 10413 10412
3 10427 10426 10429
3 10426 10428 10429
3 10430 10416 10417
3 10431 10418 10419
3 10432 10421 10422
3 10434 10433 10435
3 7639 10423 7649
3 7649 10423 7647
3 10425 10427 10436
3 10425 10436 10428
3 10436 10427 10429
3 10436 10429 10428
3 10437 7663 7664
3 10437 7664 7667
3 10439 10438 10440
3 10441 10443 10442
3 10445 10444 10446
3 7663 10437 7669
3 7669 10437 7667
3 10448 10447 10449
3 10451 10450 10452
3 10455 10442 10443
3 10456 10458 10457
3 5625 10459 10460
3 5626 5625 10460
3 10459 10461 10462
3 10460 10459 10462
3 10461 10463 10464
3 10462 10461 10464
3 10463 10465 10466
3 10464 10463 10466
3 10465 10467 10468
3 10466 10465 10468
3 10467 10469 10470
3 10468 10467 10470
3 10469 10471 10472
3 10470 10469 10472
3 10471 10473 10474
3 10472 10471 10474
3 10473 10475 10476
3 10474 10473 10476
3 10475 10477 10476
3 5626 10460 5631
3 10460 10478 5631
3 10460 10462 10478
3 10462 10479 10478
3 10462 10464 10479
3 10464 10480 10479
3 10464 10466 10480
3 10466 10481 10480
3 10466 10468 10481
3 10468 10482 10481
3 10468 10470 10482
3 10470 10483 10482
3 10470 10472 10483
3 10472 10484 10483
3 10472 10474 10484
3 10474 10485 10484
3 10474 10476 10485
3 10476 10486 10485
3 10477 10487 10488
3 10477 10488 10476
3 10476 10488 10486
3 10487 10489 10490
3 10488 10487 10490
3 10489 10491 10492
3 10490 10489 10492
3 10491 10493 10492
3 10478 4041 5631
3 4043 4041 10478
3 10479 4043 10478
3 4045 4043 10479
3 10480 4045 10479
3 4047 4045 10480
3 10481 4047 10480
3 4049 4047 10481
3 10482 4049 10481
3 4051 4049 10482
3 10483 4051 10482
3 4053 4051 10483
3 10484 4053 10483
3 4055 4053 10484
3 4055 10494 4057
3 4055 10484 10494
3 10484 10485 10494
3 10485 10486 10494
3 10486 10495 10494
3 10486 10488 10495
3 10488 10496 10495
3 10488 10490 10496
3 10490 10497 10496
3 10490 10492 10497
3 10492 10498 10497
3 10493 10499 10500
3 10493 10500 10492
3 10492 10500 10498
3 10499 10501 10500
3 10494 4066 4057
3 10495 4066 10494
3 4068 4066 10495
3 10496 4068 10495
3 4070 4068 10496
3 10497 4070 10496
3 4072 4070 10497
3 10498 4072 10497
3 4074 4072 10498
3 10502 10498 10500
3 10502 4076 10498
3 10502 10503 4076
3 4076 4074 10498
3 10500 10501 10502
3 10505 10503 10504
3 10505 4081 10503
3 4081 4076 10503
3 10504 10506 10505
3 10507 4081 10505
3 4082 4081 10507
3 10506 10508 10509
3 10506 10509 10505
3 10505 10509 10507
3 10508 10510 10511
3 10509 10508 10511
3 10510 10512 10511
3 10507 4083 4082
3 10509 4083 10507
3 4084 4083 10509
3 10511 4084 10509
3 4085 4084 10511
3 4085 9177 4087
3 10511 9177 4085
3 10511 9176 9177
3 10511 10512 9176
3 9177 4088 4087
3 4091 5639 4090
3 10513 5639 4091
3 4092 10513 4091
3 10514 10513 4092
3 4093 10514 4092
3 10515 10514 4093
3 4094 10515 4093
3 10516 10515 4094
3 4095 10516 4094
3 10517 10516 4095
3 5639 10513 10518
3 5641 5639 10518
3 10513 10514 10519
3 10518 10513 10519
3 10514 10515 10520
3 10519 10514 10520
3 10515 10516 10521
3 10520 10515 10521
3 10516 10517 10522
3 10521 10516 10522
3 10517 10523 10524
3 10522 10517 10524
3 10526 4101 10525
3 10524 4101 10526
3 10524 4099 4101
3 10524 10523 4099
3 4103 10525 4101
3 10527 10525 4103
3 4105 10527 4103
3 10528 10527 4105
3 4105 4107 10528
3 10526 10525 10529
3 10525 10527 10530
3 10529 10525 10530
3 4114 10530 10527
3 4114 10527 4112
3 4112 10527 10528
3 10528 4111 4112
3 4107 4111 10528
3 5654 10531 10532
3 5655 5654 10532
3 10531 10533 10534
3 10532 10531 10534
3 10533 10535 10536
3 10534 10533 10536
3 10535 10537 10538
3 10536 10535 10538
3 10537 10539 10540
3 10538 10537 10540
3 10539 10541 10542
3 10540 10539 10542
3 10541 10543 10544
3 10542 10541 10544
3 10543 10545 10546
3 10544 10543 10546
3 10545 10547 10548
3 10546 10545 10548
3 10547 10549 10550
3 10548 10547 10550
3 10549 10551 10550
3 5655 10532 5657
3 10532 10552 5657
3 10532 10534 10552
3 10534 10553 10552
3 10534 10536 10553
3 10536 10554 10553
3 10536 10538 10554
3 10538 10555 10554
3 10538 10540 10555
3 10540 10556 10555
3 10540 10542 10556
3 10542 10557 10556
3 10542 10544 10557
3 10544 10558 10557
3 10544 10546 10558
3 10546 10559 10558
3 10546 10548 10559
3 10548 10560 10559
3 10548 10550 10560
3 10550 10561 10560
3 10551 10562 10563
3 10551 10563 10550
3 10550 10563 10561
3 10562 10564 10565
3 10563 10562 10565
3 10564 10566 10567
3 10565 10564 10567
3 10566 10568 10567
3 10552 5625 5657
3 10459 5625 10552
3 10553 10459 10552
3 10461 10459 10553
3 10554 10461 10553
3 10463 10461 10554
3 10555 10463 10554
3 10465 10463 10555
3 10556 10465 10555
3 10467 10465 10556
3 10557 10467 10556
3 10469 10467 10557
3 10558 10469 10557
3 10471 10469 10558
3 10559 10471 10558
3 10473 10471 10559
3 10560 10473 10559
3 10475 10473 10560
3 10475 10569 10477
3 10475 10560 10569
3 10560 10561 10569
3 10561 10563 10569
3 10563 10570 10569
3 10563 10565 10570
3 10565 10571 10570
3 10565 10567 10571
3 10567 10572 10571
3 10568 10573 10572
3 10567 10568 10572
3 10569 10487 10477
3 10570 10487 10569
3 10489 10487 10570
3 10571 10489 10570
3 10491 10489 10571
3 10491 10574 10493
3 10491 10571 10574
3 10571 10572 10574
3 10573 10575 10574
3 10572 10573 10574
3 10574 10499 10493
3 10499 10577 10501
3 10574 10577 10499
3 10574 10576 10577
3 10574 10575 10576
3 10576 10578 10577
3 10502 10579 10503
3 10501 10579 10502
3 10501 10577 10579
3 10577 10580 10579
3 10578 10581 10582
3 10578 10582 10577
3 10577 10582 10580
3 10581 10583 10582
3 10579 10504 10503
3 10504 10584 10506
3 10504 10579 10584
3 10579 10580 10584
3 10580 10582 10584
3 10582 10585 10584
3 10583 9204 9205
3 10583 9205 10582
3 10582 9205 10585
3 10584 10508 10506
3 10585 10508 10584
3 10510 10508 10585
3 10510 9209 10512
3 10510 10585 9209
3 10585 9205 9209
3 9209 9176 10512
3 10518 5663 5641
3 10586 5663 10518
3 10519 10586 10518
3 10587 10586 10519
3 10520 10587 10519
3 10588 10587 10520
3 5663 10586 10589
3 5672 5663 10589
3 10586 10587 10590
3 10589 10586 10590
3 10587 10588 10591
3 10590 10587 10591
3 10588 10592 10593
3 10591 10588 10593
3 10592 10594 10595
3 10593 10592 10595
3 4157 10595 10594
3 4157 10594 4155
3 4155 10594 10596
3 10529 10596 10526
3 10529 4158 10596
3 4158 4155 10596
3 5679 7225 5680
3 7225 10597 5680
3 7226 10598 10599
3 7226 10599 7225
3 7225 10599 10597
3 10598 7229 7228
3 10598 7228 10599
3 10599 7228 10600
3 7230 10601 10602
3 7230 10602 7228
3 7228 10602 10600
3 10601 7233 7232
3 10601 7232 10602
3 10602 7232 10603
3 7234 10604 10605
3 7234 10605 7232
3 7232 10605 10603
3 10604 10606 10607
3 10605 10604 10607
3 10606 10608 10609
3 10607 10606 10609
3 10608 10610 10611
3 10609 10608 10611
3 10610 10612 10613
3 10611 10610 10613
3 10612 10614 10615
3 10613 10612 10615
3 10614 10616 10615
3 5680 10597 5682
3 10597 10617 5682
3 10597 10599 10617
3 10599 10618 10617
3 10599 10600 10618
3 10600 10619 10618
3 10600 10602 10619
3 10602 10620 10619
3 10602 10603 10620
3 10603 10621 10620
3 10603 10605 10621
3 10605 10622 10621
3 10605 10607 10622
3 10607 10623 10622
3 10607 10609 10623
3 10609 10624 10623
3 10609 10611 10624
3 10611 10625 10624
3 10611 10613 10625
3 10613 10626 10625
3 10613 10615 10626
3 10615 10627 10626
3 10616 10628 10629
3 10616 10629 10615
3 10615 10629 10627
3 10628 10630 10631
3 10629 10628 10631
3 10630 10632 10631
3 10617 5654 5682
3 10531 5654 10617
3 10618 10531 10617
3 10533 10531 10618
3 10619 10533 10618
3 10535 10533 10619
3 10620 10535 10619
3 10537 10535 10620
3 10621 10537 10620
3 10539 10537 10621
3 10622 10539 10621
3 10541 10539 10622
3 10623 10541 10622
3 10543 10541 10623
3 10624 10543 10623
3 10545 10543 10624
3 10625 10545 10624
3 10547 10545 10625
3 10626 10547 10625
3 10549 10547 10626
3 10549 10633 10551
3 10549 10626 10633
3 10626 10627 10633
3 10627 10629 10633
3 10629 10634 10633
3 10629 10631 10634
3 10631 10635 10634
3 10632 10636 10635
3 10631 10632 10635
3 10633 10562 10551
3 10634 10562 10633
3 10564 10562 10634
3 10635 10564 10634
3 10566 10564 10635
3 10566 10635 10636
3 10566 10636 10568
3 10568 10636 10637
3 10639 10637 10638
3 10639 10573 10637
3 10573 10568 10637
3 10638 10640 10639
3 10641 10573 10639
3 10575 10573 10641
3 10640 10642 10643
3 10640 10643 10639
3 10639 10643 10641
3 10642 10644 10643
3 10641 10576 10575
3 10576 10645 10578
3 10576 10641 10645
3 10641 10643 10645
3 10644 9242 9243
3 10644 9243 10643
3 10643 9243 10645
3 10645 10581 10578
3 10581 9247 10583
3 10581 10645 9247
3 10645 9243 9247
3 9247 9204 10583
3 7313 10598 7226
3 7313 7229 10598
3 7314 10601 7230
3 7314 7233 10601
3 7315 10604 7234
3 7316 10604 7315
3 10606 10604 7316
3 7317 10606 7316
3 10608 10606 7317
3 7318 10608 7317
3 10610 10608 7318
3 7319 10610 7318
3 10612 10610 7319
3 7320 10612 7319
3 10614 10612 7320
3 10614 10646 10616
3 10614 7320 10646
3 7320 7321 10646
3 7321 7323 10646
3 7323 10647 10646
3 10648 10649 10647
3 10648 10647 7325
3 7325 10647 7323
3 7325 7326 10648
3 10646 10628 10616
3 10647 10628 10646
3 10630 10628 10647
3 10630 10647 10649
3 10630 10649 10632
3 10632 10649 10650
3 10652 10650 10651
3 10652 10636 10650
3 10636 10632 10650
3 10651 10653 10652
3 10654 10636 10652
3 10637 10636 10654
3 10653 10655 10656
3 10653 10656 10652
3 10652 10656 10654
3 10655 9283 9284
3 10656 10655 9284
3 10654 10638 10637
3 10638 10657 10640
3 10638 10654 10657
3 10654 10656 10657
3 10656 9284 10657
3 9284 9286 10657
3 10657 10642 10640
3 10642 9290 10644
3 10642 10657 9290
3 10657 9286 9290
3 9290 9242 10644
3 10648 10658 10649
3 10659 7326 7397
3 10659 10658 7326
3 10659 10660 10658
3 10648 7326 10658
3 10659 10661 10660
3 10662 10649 10658
3 10650 10649 10662
3 10658 10660 10662
3 10660 10663 10662
3 10661 9335 9336
3 10661 9336 10660
3 10660 9336 10663
3 10662 10651 10650
3 10651 10664 10653
3 10651 10662 10664
3 10662 10663 10664
3 10663 9336 10664
3 9336 9338 10664
3 10664 10655 10653
3 9338 10655 10664
3 9283 10655 9338
3 7457 10659 7397
3 10659 9389 10661
3 10659 7457 9389
3 7457 2315 9389
3 9389 9335 10661
